{
  "calibration": [
    {
      "metrics": {
        "10": {
          "expected_excess_return": -0.004479,
          "median": -0.005471,
          "p10": -0.122591,
          "samples": 7142,
          "win_rate": 0.47
        },
        "21": {
          "expected_excess_return": -0.008046,
          "median": -0.01394,
          "p10": -0.180753,
          "samples": 7142,
          "win_rate": 0.4528
        },
        "5": {
          "expected_excess_return": -0.002185,
          "median": -0.002359,
          "p10": -0.081561,
          "samples": 7142,
          "win_rate": 0.4804
        }
      },
      "samples": 7142,
      "score_max": 18.66,
      "score_min": 10.29
    },
    {
      "metrics": {
        "10": {
          "expected_excess_return": -0.00024,
          "median": -0.003627,
          "p10": -0.111009,
          "samples": 7142,
          "win_rate": 0.4777
        },
        "21": {
          "expected_excess_return": 0.002109,
          "median": -0.005971,
          "p10": -0.168508,
          "samples": 7142,
          "win_rate": 0.4794
        },
        "5": {
          "expected_excess_return": 0.002419,
          "median": -0.000348,
          "p10": -0.074482,
          "samples": 7142,
          "win_rate": 0.4972
        }
      },
      "samples": 7142,
      "score_max": 24.79,
      "score_min": 18.66
    },
    {
      "metrics": {
        "10": {
          "expected_excess_return": -0.004263,
          "median": -0.006428,
          "p10": -0.115581,
          "samples": 7142,
          "win_rate": 0.4622
        },
        "21": {
          "expected_excess_return": -0.00402,
          "median": -0.0073,
          "p10": -0.179286,
          "samples": 7142,
          "win_rate": 0.4762
        },
        "5": {
          "expected_excess_return": 1.7e-05,
          "median": -0.002117,
          "p10": -0.078181,
          "samples": 7142,
          "win_rate": 0.4845
        }
      },
      "samples": 7142,
      "score_max": 31.6,
      "score_min": 24.79
    },
    {
      "metrics": {
        "10": {
          "expected_excess_return": 0.001452,
          "median": -0.002107,
          "p10": -0.114841,
          "samples": 7141,
          "win_rate": 0.4889
        },
        "21": {
          "expected_excess_return": 0.00346,
          "median": -0.002482,
          "p10": -0.180391,
          "samples": 7141,
          "win_rate": 0.4914
        },
        "5": {
          "expected_excess_return": 0.002092,
          "median": -0.000121,
          "p10": -0.078612,
          "samples": 7141,
          "win_rate": 0.4991
        }
      },
      "samples": 7141,
      "score_max": 37.31,
      "score_min": 31.6
    },
    {
      "metrics": {
        "10": {
          "expected_excess_return": -0.000183,
          "median": -0.005619,
          "p10": -0.118701,
          "samples": 7142,
          "win_rate": 0.4693
        },
        "21": {
          "expected_excess_return": 0.003607,
          "median": -0.005,
          "p10": -0.177407,
          "samples": 7142,
          "win_rate": 0.484
        },
        "5": {
          "expected_excess_return": 0.00098,
          "median": -0.002624,
          "p10": -0.080449,
          "samples": 7142,
          "win_rate": 0.4777
        }
      },
      "samples": 7142,
      "score_max": 42.51,
      "score_min": 37.31
    },
    {
      "metrics": {
        "10": {
          "expected_excess_return": -0.003078,
          "median": -0.007205,
          "p10": -0.107794,
          "samples": 7142,
          "win_rate": 0.4611
        },
        "21": {
          "expected_excess_return": 0.001092,
          "median": -0.002254,
          "p10": -0.168518,
          "samples": 7142,
          "win_rate": 0.4913
        },
        "5": {
          "expected_excess_return": -0.000463,
          "median": -0.003065,
          "p10": -0.072409,
          "samples": 7142,
          "win_rate": 0.474
        }
      },
      "samples": 7142,
      "score_max": 47.72,
      "score_min": 42.51
    },
    {
      "metrics": {
        "10": {
          "expected_excess_return": -0.001731,
          "median": -0.004908,
          "p10": -0.099753,
          "samples": 7141,
          "win_rate": 0.4712
        },
        "21": {
          "expected_excess_return": 0.00232,
          "median": 0.000318,
          "p10": -0.162057,
          "samples": 7141,
          "win_rate": 0.5013
        },
        "5": {
          "expected_excess_return": 0.001679,
          "median": -0.001589,
          "p10": -0.067827,
          "samples": 7141,
          "win_rate": 0.4851
        }
      },
      "samples": 7141,
      "score_max": 53.19,
      "score_min": 47.72
    },
    {
      "metrics": {
        "10": {
          "expected_excess_return": 0.002392,
          "median": -0.000996,
          "p10": -0.097081,
          "samples": 7142,
          "win_rate": 0.4944
        },
        "21": {
          "expected_excess_return": 0.008734,
          "median": 0.005464,
          "p10": -0.159847,
          "samples": 7142,
          "win_rate": 0.5223
        },
        "5": {
          "expected_excess_return": 0.001307,
          "median": -0.001103,
          "p10": -0.066773,
          "samples": 7142,
          "win_rate": 0.4889
        }
      },
      "samples": 7142,
      "score_max": 58.08,
      "score_min": 53.19
    },
    {
      "metrics": {
        "10": {
          "expected_excess_return": -0.00113,
          "median": -0.002568,
          "p10": -0.096844,
          "samples": 7142,
          "win_rate": 0.4838
        },
        "21": {
          "expected_excess_return": 0.00344,
          "median": 0.006259,
          "p10": -0.161133,
          "samples": 7142,
          "win_rate": 0.5202
        },
        "5": {
          "expected_excess_return": -0.001825,
          "median": -0.003933,
          "p10": -0.066041,
          "samples": 7142,
          "win_rate": 0.4678
        }
      },
      "samples": 7142,
      "score_max": 61.8,
      "score_min": 58.08
    },
    {
      "metrics": {
        "10": {
          "expected_excess_return": -0.005301,
          "median": -0.004386,
          "p10": -0.094549,
          "samples": 7142,
          "win_rate": 0.4719
        },
        "21": {
          "expected_excess_return": -0.007853,
          "median": 0.000659,
          "p10": -0.163578,
          "samples": 7142,
          "win_rate": 0.5029
        },
        "5": {
          "expected_excess_return": -0.005636,
          "median": -0.008486,
          "p10": -0.063614,
          "samples": 7142,
          "win_rate": 0.4227
        }
      },
      "samples": 7142,
      "score_max": 85.5,
      "score_min": 61.8
    }
  ],
  "policy_version": "1.0.0",
  "sample_count": 71418,
  "setup_stats": [
    {
      "downside_tail_p10": -0.076959,
      "horizon": 5,
      "mean_excess_return": -0.00228,
      "median_excess_return": -0.004227,
      "samples": 32608,
      "setup": "AVOID",
      "usable": true,
      "win_rate": 0.4656
    },
    {
      "downside_tail_p10": -0.115183,
      "horizon": 10,
      "mean_excess_return": -0.00629,
      "median_excess_return": -0.00922,
      "samples": 32608,
      "setup": "AVOID",
      "usable": true,
      "win_rate": 0.4495
    },
    {
      "downside_tail_p10": -0.183189,
      "horizon": 21,
      "mean_excess_return": -0.007984,
      "median_excess_return": -0.012403,
      "samples": 32608,
      "setup": "AVOID",
      "usable": true,
      "win_rate": 0.4583
    },
    {
      "downside_tail_p10": -0.082788,
      "horizon": 5,
      "mean_excess_return": -0.002205,
      "median_excess_return": -0.013028,
      "samples": 162,
      "setup": "BREAKOUT",
      "usable": true,
      "win_rate": 0.3889
    },
    {
      "downside_tail_p10": -0.10672,
      "horizon": 10,
      "mean_excess_return": 0.017326,
      "median_excess_return": 0.013264,