date,baseline_mc,candidate_mc,candidate_penalty,breadth_core,QQQ,SPY,IWM
2011-01-03,94.05573574191068,93.75278189369565,0.4259943426991931,97.5,48.39963150024414,96.67911529541016,64.57678985595703
2011-01-04,93.03154154359986,92.62965703877407,0.8206360602384805,95.55555555555557,48.36464309692383,96.62586975097656,63.61951446533203
2011-01-05,93.85125458860736,93.29629916114024,1.1481652523414634,95.13888888888889,48.77591323852539,97.12804412841797,64.3658447265625
2011-01-06,93.34208486286913,92.34981456300638,2.20168679283741,94.30555555555554,48.933414459228516,96.93785095214844,64.0656967163086
2011-01-07,92.77699125058601,91.36623195157452,2.9454614519742583,94.0625,48.88967514038086,96.74759674072266,63.70063018798828
2011-01-10,91.12658967612127,89.62299040284809,2.8182168370982366,94.75694444444446,49.07343292236328,96.62586975097656,64.0656967163086
2011-01-11,92.96071507722561,91.69616977896284,2.081851474104672,95.34722222222223,49.14342498779297,96.96825408935547,64.3252944946289
2011-01-12,94.48320132203818,93.52882710977214,1.4532521259412243,96.18055555555556,49.493473052978516,97.84336853027344,64.87694549560547
2011-01-13,94.7768078480868,94.05300297553853,1.1064003685261656,96.28472222222223,49.510963439941406,97.68354034423828,64.85262298583984
2011-01-14,95.27282483825115,94.62978708169047,1.0957349064853061,95.76388888888889,49.87848663330078,98.3912582397461,65.33938598632812
2011-01-18,95.71964531645409,94.95429892400416,1.5027285643537602,95.97222222222223,50.018497467041016,98.55868530273438,65.3880615234375
2011-01-19,93.00562251289212,90.85174292305506,5.17844761551022,89.44444444444444,49.44969940185547,97.5922622680664,63.708744049072266
2011-01-20,89.14539268948256,85.67972900410075,7.4937376966439935,88.47222222222223,49.09968185424805,97.462890625,63.043487548828125
2011-01-21,88.02161237797569,82.67569896068589,11.429160514988656,83.61111111111111,48.723411560058594,97.68354034423828,62.621681213378906
2011-01-24,87.87757449636227,81.72848353599923,11.910326785272105,85.86805555555556,49.397216796875,98.23908233642578,63.08405303955078
2011-01-25,87.10641372100966,80.39449652266283,12.715146031524945,85.3125,49.46721649169922,98.29232025146484,63.18144607543945
2011-01-26,91.51417494404026,86.09434128140434,8.67962162687358,92.70833333333334,49.72972869873047,98.67282104492188,64.1873779296875
2011-01-27,93.70565090727268,89.52001530480055,6.488248313436794,93.40277777777777,50.0359992980957,98.91632843017578,64.37396240234375
2011-01-28,84.46299474686867,74.76057682284049,22.656016517829507,65.83333333333334,48.76716613769531,97.18892669677734,62.80012512207031
2011-01-31,82.98303528599327,70.54248623675217,25.1083902033592,74.58333333333333,49.003440856933594,97.91943359375,63.23820495605469
2011-02-01,90.15453028051628,80.18304922219042,15.885358296124046,90.79861111111111,49.922237396240234,99.48704528808594,64.69847869873047
2011-02-02,90.66169527869062,82.5038945855148,13.183564564728698,84.47916666666666,49.843482971191406,99.29679870605469,64.45512390136719
2011-02-03,92.17704657437837,86.35647571015653,8.458101726808795,90.3125,49.930999755859375,99.5174560546875,64.68225860595703
2011-02-04,93.65716367294095,89.5894261469891,5.802401557848844,91.25,50.21099853515625,99.79899597167969,64.79584503173828
2011-02-07,95.23572122431365,92.46591935598333,3.856061890035538,93.22916666666666,50.44728469848633,100.42298126220703,65.43672180175781
2011-02-08,96.25125892662307,94.49373214252498,2.2752531672399923,95.17361111111111,50.77980422973633,100.87955474853516,65.899169921875
2011-02-09,96.09949371628176,94.94135677703285,1.560803666953331,94.93055555555556,50.69231033325195,100.6512680053711,65.60711669921875
2011-02-10,96.24242383135318,95.4667875589584,1.0625198890322234,95.38194444444444,50.77104568481445,100.68933868408203,65.8667221069336
2011-02-11,96.17154868452513,95.53121431314503,1.041242583405,94.34027777777779,51.13859176635742,101.29051971435547,66.58061218261719
2011-02-14,96.75440511706394,96.18296515853521,0.9763504583691697,94.51388888888889,51.261104583740234,101.53398132324219,66.92134857177734
2011-02-15,96.1121165205028,95.61930272344036,0.8245467569623616,94.30555555555556,51.19108200073242,101.21440887451172,66.54006958007812
2011-02-16,96.51098328461205,96.13586629403703,0.5750337951478459,94.86111111111111,51.52361297607422,101.85357666015625,67.07553100585938
2011-02-17,98.0221796133892,97.79171775408709,0.28751689757392296,98.19444444444446,51.506103515625,102.157958984375,67.5460433959961
2011-02-18,97.7259117229816,97.43723615347382,0.5777862265647428,96.80555555555556,51.39234924316406,102.37101745605469,67.61903381347656
2011-02-22,89.2595631669198,85.38517381239885,10.304084085504595,79.6875,49.904762268066406,100.31646728515625,65.88290405273438
2011-02-23,82.69809512971402,71.93038268382749,25.84431634830786,63.576388888888886,49.493473052978516,99.70011138916016,64.74714660644531
2011-02-24,80.23269837657134,65.64346089460916,30.0,63.4375,49.7559814453125,99.63158416748047,65.16091918945312
2011-02-25,83.55626982922749,69.2780490542378,25.677658948188082,82.60416666666667,50.44728469848633,100.69693756103516,66.66986083984375
2011-02-28,87.14931216529806,75.5856185766522,18.557145446316277,87.11805555555554,50.552303314208984,101.32093048095703,66.74285888671875
2011-03-01,84.20717812917343,70.90301656409646,25.771628278713692,69.96527777777779,49.738494873046875,99.63158416748047,65.40430450439453
2011-03-02,84.36998530231708,68.93526478062475,30.0,67.39583333333334,50.00098419189453,99.84468078613281,65.68010711669922
2011-03-03,90.37425436003161,76.74390138558542,23.142125819678423,84.23611111111111,50.98981475830078,101.56443786621094,67.1728515625
2011-03-04,89.45252923112166,75.58171975603187,25.43825040983922,76.00694444444444,50.727298736572266,100.80347442626953,66.88082885742188
2011-03-07,81.74436159555907,66.1207584371958,30.0,59.96527777777778,50.044734954833984,100.0121078491211,65.78559875488281
2011-03-08,87.50552793926045,72.8521053211263,25.760604269126475,76.66666666666667,50.24602127075195,100.88717651367188,66.85647583007812
2011-03-09,86.99675005382755,74.15092779659113,21.71276741234102,69.93055555555556,49.904762268066406,100.74258422851562,66.5887222290039
2011-03-10,74.78825895538687,59.506318202974725,30.0,41.66666666666667,49.12593078613281,98.87828826904297,64.87694549560547
2011-03-11,73.31969742957341,57.22571717876936,30.0,48.611111111111114,49.43220520019531,99.5631103515625,65.0473403930664
2011-03-14,70.05810729306222,53.69344720946087,30.0,39.6875,49.257205963134766,98.96195983886719,64.69847869873047
2011-03-15,64.8901457456772,48.43525905114342,30.0,27.604166666666664,48.557151794433594,97.82813262939453,64.12248229980469
2011-03-16,59.62020106510781,43.135238833596546,30.0,21.562499999999996,47.38456344604492,96.01708221435547,63.481597900390625
2011-03-17,59.004599487217945,42.50961207671419,30.0,21.07638888888889,47.82209777832031,97.2878646850586,63.61951446533203
2011-03-18,57.452778256279956,40.95444911944537,30.0,16.944444444444446,47.714317321777344,97.64173126220703,64.46319580078125
2011-03-21,67.12592608542666,50.62648303981513,30.0,40.798611111111114,48.63442611694336,99.1549301147461,65.95596313476562
2011-03-22,69.2368827692163,52.73706842067912,30.0,35.55555555555556,48.54679870605469,98.8110580444336,65.60711669921875
2011-03-23,73.11229425640543,56.612356140226375,30.0,42.98611111111111,48.81845474243164,99.09379577636719,65.8099136352539
2011-03-24,81.46706104843145,64.96708167637175,30.0,71.80555555555556,49.68596649169922,100.04147338867188,66.26436614990234
2011-03-25,84.77790923836604,72.0644689731322,19.673037657856195,73.54166666666667,49.80866241455078,100.34718322753906,66.84162139892578
2011-03-28,82.8213401164924,72.75675104080746,15.891206328928096,64.86111111111111,49.53700637817383,100.10260772705078,66.69522857666016
2011-03-29,83.75063189068267,75.91083879311383,12.231627470019607,70.52083333333333,50.01897430419922,100.77519226074219,67.32122039794922
2011-03-30,87.52891433393127,82.5140414133862,6.54984151278758,82.84722222222223,50.25557327270508,101.47068786621094,68.19111633300781
2011-03-31,87.33741588908819,83.91992075396954,4.761465895282683,78.09027777777777,50.325660705566406,101.33312225341797,68.42684936523438
2011-04-01,87.47450900006643,84.72636976774358,4.388111419863565,76.42361111111111,50.351966857910156,101.7610855102539,68.72761535644531
2011-04-04,88.5794659629851,86.51677389375436,3.1272154321540055,79.86111111111111,50.185462951660156,101.84515380859375,68.88211059570312
2011-04-05,89.62741458025428,88.36652772794915,1.5636077160770072,82.84722222222221,50.05402374267578,101.8298568725586,69.25607299804688
2011-04-06,89.57858263786252,88.83183972618374,0.89031080248295,82.5,50.176700592041016,102.15084838867188,69.41053009033203
2011-04-07,89.45767569410233,89.04553774308752,0.445155401241475,82.88194444444444,50.14165115356445,101.89100646972656,68.99592590332031
2011-04-08,87.01644745358968,86.7974563130238,0.2225777006207375,84.89583333333333,49.90504455566406,101.53942108154297,68.27237701416016
2011-04-11,83.45455655860395,82.63654353052377,2.031861766977034,78.75,49.738563537597656,101.23374938964844,67.66264343261719
2011-04-12,80.21077811212726,77.96620675104361,5.377910050155182,70.9375,49.39679718017578,100.4770736694336,66.77653503417969
2011-04-13,79.1637778892276,74.80774779207867,9.839562663966488,72.43055555555554,49.81740951538086,100.469482421875,66.86595153808594
2011-04-14,79.5851481852981,74.72982597007682,9.28176049864991,74.51388888888889,49.729793548583984,100.5458984375,67.1749038696289
2011-04-15,80.599679024729,76.50375754212497,6.75676566599162,78.125,49.64216995239258,100.91273498535156,67.89028930664062
2011-04-18,75.27396708231707,67.5256053132395,17.408330749662476,59.93055555555556,49.29164123535156,99.78166198730469,66.76840209960938
2011-04-19,75.73021124966124,64.25458013827135,24.253210513720123,58.99305555555556,49.59835433959961,100.35482788085938,66.78468322753906
2011-04-20,85.05636671285005,76.7847344148714,12.126605256860062,85.13888888888889,50.720001220703125,101.72285461425781,68.15044403076172
2011-04-21,88.88915927465371,83.90873754490316,6.063302628430031,86.63194444444444,51.12309646606445,102.24258422851562,68.65447235107422
2011-04-25,88.94453457303271,85.98977346827407,3.5307832586594574,85.03472222222223,51.25456619262695,102.13557434082031,68.56503295898438
2011-04-26,91.33012263545535,89.6978920031149,1.7653916293297287,88.22916666666667,51.54371643066406,103.01446533203125,69.24795532226562
2011-04-27,92.54985569329995,91.68212368380935,0.8826958146648644,89.02777777777779,51.894248962402344,103.68704223632812,69.66253662109375
2011-04-28,93.13513708295184,92.68406551376643,0.4413479073324322,92.1875,51.815391540527344,104.02327728271484,69.9796371459961
2011-04-29,93.97930495357654,93.74803398083714,0.2206739536662161,92.77777777777777,51.771583557128906,104.26785278320312,70.2315902709961
2011-05-02,92.55930535489588,91.89271300025506,1.6077328101664383,87.98611111111111,51.6751823425293,104.1073226928711,69.41053009033203
2011-05-03,88.62115734052085,86.99816142007303,3.8203594606387723,83.125,51.429805755615234,103.73287200927734,68.53250885009766
2011-05-04,81.32695985424769,77.4716296879813,9.039085980319385,69.96527777777777,51.35093688964844,103.0450439453125,67.64643859863281
2011-05-05,75.95898661808258,68.27423394775002,17.45357076793747,68.26388888888889,51.07052993774414,102.11262512207031,67.33748626708984
2011-05-06,75.73818072454604,65.80323642049852,20.109163856190953,71.49305555555556,51.237030029296875,102.56353759765625,67.69517517089844
2011-05-09,76.92013431558942,66.93388661375339,18.20345345587325,75.86805555555556,51.429805755615234,102.96095275878906,68.48374938964844
2011-05-10,82.03911884593722,73.03763867748918,15.471084366825515,80.3125,51.86795425415039,103.83985137939453,69.53246307373047
2011-05-11,79.66766924494203,69.78856501783766,18.759847738968308,73.2638888888889,51.491146087646484,102.74694061279297,68.24799346923828
2011-05-12,80.63551937794365,69.57845410102392,21.174628730595263,73.61111111111111,51.7978401184082,103.23609161376953,68.84959411621094
2011-05-13,76.53221016301825,63.100067812695144,26.58123797640874,67.1875,51.18446350097656,102.44129943847656,67.89028930664062
2011-05-16,70.58481079508016,55.107430011639124,30.0,56.284722222222214,50.29938888549805,101.79163360595703,66.89849090576172
2011-05-17,67.3634554502119,51.20432852239823,30.0,50.277777777777786,50.43958282470703,101.77633666992188,66.68710327148438
2011-05-18,72.30818885377434,55.92181321116979,30.0,65.9375,50.8602180480957,102.68584442138672,67.7114486694336
2011-05-19,73.16847035866552,58.33435178574539,25.559981887414427,63.68055555555556,51.009178161621094,102.93038940429688,67.8577651977539
2011-05-20,68.40245308251815,52.457746891544765,30.0,51.63194444444445,50.623619079589844,102.11262512207031,67.36184692382812
2011-05-23,62.48663366116415,46.17173159750635,30.0,35.9375,49.878761291503906,100.92801666259766,66.15056610107422
2011-05-24,60.27657974514214,43.838279057256216,30.0,33.15972222222222,49.57204818725586,100.84395599365234,65.83350372314453
2011-05-25,60.99912242976634,44.5196888671377,30.0,36.388888888888886,49.76485061645508,101.18021392822266,66.66273498535156
2011-05-26,62.67100377288507,46.177859252008865,30.0,40.034722222222214,50.071556091308594,101.6464614868164,67.54073333740234
2011-05-27,66.11626051688762,49.61854567659556,30.0,46.111111111111114,50.325660705566406,102.03616333007812,68.00411987304688
2011-05-31,74.38412387599959,57.88488559590223,30.0,61.909722222222214,51.14063262939453,103.0985336303711,68.97152709960938
2011-06-01,64.05904246305708,47.559296369691296,30.0,28.333333333333336,50.027740478515625,100.78278350830078,66.75213623046875
2011-06-02,57.705082203739664,41.2051668392844,30.0,27.361111111111114,50.132896423339844,100.67585754394531,66.72774505615234
2011-06-03,51.04481751068825,34.544845722536486,30.0,20.48611111111111,49.3792839050293,99.67467498779297,65.75220489501953
2011-06-06,46.880201191635535,30.38021059558494,30.0,14.166666666666666,48.97617721557617,98.61997985839844,64.67095184326172
2011-06-07,44.5260638713858,28.056622561591155,30.0,13.125,48.8885612487793,98.55883026123047,64.82545471191406
2011-06-08,42.25139834893669,27.065288282708842,30.0,9.652777777777777,48.538028717041016,98.1461410522461,64.10191345214844
2011-06-09,43.96302864917553,27.900991960432915,30.0,9.444444444444446,48.625667572021484,98.89510345458984,64.44332885742188
2011-06-10,40.14287876648657,26.151829499868654,30.0,5.902777777777778,47.88081359863281,97.5194091796875,63.4109001159668
2011-06-13,39.62327761262176,25.864224153378757,30.0,6.388888888888889,47.88081359863281,97.5958480834961,63.23202133178711
2011-06-14,45.32412350913384,29.73777235605283,30.0,7.222222222222222,48.494224548339844,98.83397674560547,64.58963012695312
2011-06-15,42.28904200658562,26.663961992595652,30.0,4.375,47.57411575317383,97.07614135742188,63.435279846191406
2011-06-16,39.60881655686356,25.488419515163205,30.0,5.208333333333333,47.390098571777344,97.29016876220703,63.581581115722656
2011-06-17,39.722398810101254,27.936896092497427,30.0,5.381944444444445,47.24164962768555,97.58050537109375,63.59786605834961
2011-06-20,41.70985058193168,30.570238564952625,30.0,10.104166666666666,47.487571716308594,98.07971954345703,64.18319702148438
2011-06-21,48.009691874700756,35.618710091263296,30.0,24.826388888888886,48.50634765625,99.4238052368164,65.57335662841797
2011-06-22,47.67345213545141,36.54590265208337,30.0,11.909722222222223,48.15504455566406,98.82469177246094,65.0693130493164
2011-06-23,45.32931234475892,35.946981035488086,30.0,11.597222222222223,48.60296630859375,98.54052734375,65.32135009765625
2011-06-24,38.315401481213705,31.663883637382682,30.0,3.2638888888888884,47.75982666015625,97.39615631103516,64.98800659179688
2011-06-27,39.79477858121322,33.5035318925288,30.0,11.631944444444445,48.523921966552734,98.26405334472656,65.4920654296875
2011-06-28,44.82520274638454,37.46237977608233,16.631761461160682,28.26388888888889,49.24410629272461,99.54667663574219,66.50828552246094
2011-06-29,48.19114230920381,42.687711717890295,8.315880730580341,33.50694444444444,49.44609069824219,100.39921569824219,66.82530212402344
2011-06-30,59.124825214179054,55.76577021646814,4.1579403652901705,61.63194444444444,50.10477828979492,101.35931396484375,67.3131103515625
2011-07-01,67.3684602565782,65.48648619037137,2.0789701826450853,69.93055555555556,50.86009979248047,102.85693359375,68.36180114746094
2011-07-05,70.173746011452,69.16527678923146,1.0394850913225426,71.00694444444444,51.114784240722656,102.77249908447266,68.5264892578125
2011-07-06,71.11254496678029,70.54603041300135,0.6282494901057133,70.65972222222223,51.281654357910156,102.89533233642578,68.80377197265625
2011-07-07,72.94770017411194,72.64368291633292,0.31412474505285665,71.875,51.984256744384766,103.96292114257812,69.83930969238281
2011-07-08,73.30941857655584,73.15048995403647,0.15706237252642832,73.26388888888889,51.84375,103.22564697265625,69.41533660888672
2011-07-11,64.60221359959269,63.629238920086024,2.5090867418187726,65.4861111111111,50.90401077270508,101.35931396484375,67.9394302368164
2011-07-12,60.453518943857404,58.710355115614334,3.869560732020498,64.89583333333333,50.51757049560547,100.9214859008789,67.55620574951172
2011-07-13,62.113210018322846,60.33336962192695,3.2694157826769144,68.99305555555556,50.72836685180664,101.25944519042969,68.15959167480469
2011-07-14,57.31313810823897,53.84471276780142,7.84130511356068,53.40277777777777,50.139923095703125,100.56049346923828,67.07511901855469
2011-07-15,61.18123092389722,57.7679274192282,6.155895612335893,66.11111111111111,50.80739974975586,101.14419555664062,67.52359008789062
2011-07-18,57.709435299719466,51.20986900997562,14.62308669505684,53.12499999999999,50.53514862060547,100.31472778320312,66.43907928466797
2011-07-19,67.78647843323984,62.93905710923146,7.31154334752842,75.41666666666667,51.685646057128906,101.94296264648438,67.9394302368164
2011-07-20,70.8237335518207,67.86747683010435,3.65577167376421,77.25694444444444,51.466087341308594,101.8815689086914,67.82530212402344
2011-07-21,77.18337414690319,75.52773043280764,1.827885836882105,87.74305555555556,51.808616638183594,103.29476928710938,68.44497680664062
2011-07-22,77.80510619711589,76.85047656028529,1.0984047239966062,87.15277777777779,52.3443603515625,103.36390686035156,68.53469848632812
2011-07-25,76.19614651014976,74.94052365865869,2.5565808342205267,81.31944444444444,52.23896026611328,102.78787994384766,67.72740173339844
2011-07-26,70.15519698486473,67.37414167772357,6.443220972665822,71.21527777777777,52.370689392089844,102.40384674072266,67.21370697021484
2011-07-27,57.42895133821975,48.42976137233211,22.01501326411069,48.298611111111114,51.018184661865234,100.30706024169922,65.20783996582031
2011-07-28,50.95336351318221,37.651271717799375,28.09735038205534,43.22916666666667,51.105995178222656,100.01519012451172,65.10184478759766
2011-07-29,45.822989328239245,30.388958729778295,30.0,33.99305555555556,50.93914031982422,99.33164978027344,65.02029418945312
2011-08-01,41.53935765918956,25.445606718961834,30.0,31.979166666666664,50.701995849609375,98.9092025756836,64.59629821777344
2011-08-02,33.523816310365454,20.32682525621547,30.0,22.67361111111111,49.41974639892578,96.38233184814453,62.582244873046875
2011-08-03,31.35119484179193,19.60867930522342,30.0,21.006944444444443,49.89400863647461,96.90460968017578,62.99809646606445
2011-08-04,23.221723014913948,14.449217836057777,30.0,13.020833333333332,47.57538986206055,92.36544036865234,59.19831848144531
2011-08-05,20.028635247676604,13.111874262131952,30.0,11.11111111111111,47.27679443359375,92.22720336914062,58.16275405883789
2011-08-08,15.40335537433827,10.795916527304868,30.0,5.902777777777779,44.43122100830078,86.22105407714844,53.099082946777344
2011-08-09,14.148575905092276,10.616466659784848,30.0,5.4861111111111125,46.57417678833008,90.23025512695312,56.637969970703125
2011-08-10,12.88845943663183,9.755534132640465,30.0,5.347222222222222,44.668357849121094,86.2441177368164,53.86555862426758
2011-08-11,13.16522030491209,10.34868964802608,30.0,4.722222222222222,46.635658264160156,90.11503601074219,56.556419372558594
2011-08-12,12.961179782106203,10.61678067425531,30.0,3.8194444444444446,47.048423767089844,90.72178649902344,56.907020568847656
2011-08-15,19.36921224819836,17.426634767803616,30.0,3.8194444444444438,47.74226760864258,92.64196014404297,58.51335906982422
2011-08-16,20.054103412374864,18.815836844835875,30.0,2.2222222222222223,47.3382682800293,91.850830078125,57.43703842163086
2011-08-17,20.381766613589782,19.174566646632343,30.0,3.1250000000000004,47.057228088378906,91.91230773925781,57.45333480834961
2011-08-18,12.634616015244124,11.74332713736942,30.0,1.875,44.74739456176758,87.94918823242188,54.183570861816406
2011-08-19,9.295463749922998,8.448367457298094,30.0,1.4583333333333335,43.93938064575195,86.51290130615234,53.22954177856445
2011-08-22,7.9130528306264925,7.080687399751524,30.0,1.4583333333333335,44.09748077392578,86.58206939697266,53.041996002197266
2011-08-23,9.73564969118734,8.908194547562351,30.0,3.4722222222222223,45.915489196777344,89.4315185546875,55.60238265991211
2011-08-24,12.607418945943488,11.353822786957378,30.0,5.763888888888889,46.27555847167969,90.69111633300781,56.4259147644043
2011-08-25,13.790651542659415,12.578341711886267,25.553891926298242,4.305555555555556,45.5202751159668,89.30860137939453,55.039737701416016
2011-08-26,17.471521517126618,16.21186268464668,19.873300129815785,9.270833333333332,46.6619873046875,90.60657501220703,56.3525505065918
2011-08-29,23.159963060605214,21.151187894223014,9.936650064907893,28.75,47.96183395385742,93.2103042602539,59.0189094543457
2011-08-30,25.490896657802075,22.99958575710823,4.968325032453946,29.583333333333332,48.278011322021484,93.45606231689453,59.36138916015625
2011-08-31,27.063679370989924,25.322382814808748,2.484162516226973,31.111111111111114,48.3570442199707,93.87081909179688,59.23905563354492
2011-09-01,26.203112607328173,25.00810710877432,1.6761090358912645,29.722222222222225,47.91792297363281,92.8877182006836,57.967041015625
2011-09-02,19.167173684098508,17.578305333556045,3.2469086846122996,23.40277777777778,46.79374694824219,90.51445007324219,55.822547912597656
2011-09-06,13.369754497004177,10.701242824601131,7.35804635619504,12.760416666666666,46.80253601074219,89.85392761230469,55.66759490966797
2011-09-07,23.82807812661867,21.589599070515227,3.67902317809752,50.41666666666667,47.98817443847656,92.38847351074219,57.77134323120117
2011-09-08,23.488638236597136,21.188723028763295,4.237515061270983,42.74305555555556,47.76861572265625,91.42840576171875,56.711334228515625
2011-09-09,19.034146313033688,14.65787551955976,9.844451975079938,25.694444444444446,46.705928802490234,89.03214263916016,55.039737701416016
2011-09-12,14.58572850700566,9.516323427699536,16.46193952920664,13.489583333333332,47.30315017700195,89.60812377929688,55.512691497802734
2011-09-13,16.785781493363007,11.240887207668372,19.005709347936655,22.34375,47.93547821044922,90.42994689941406,56.40962600708008
2011-09-14,19.794484597215895,13.52072353902139,15.204894604523886,32.170138888888886,48.62053680419922,91.6818618774414,57.42070770263672
2011-09-15,29.649791173515442,24.62774430995456,7.993072302261945,49.166666666666664,49.340702056884766,93.26406860351562,58.227970123291016
2011-09-16,33.580195244589525,30.440783034654544,3.9965361511309725,50.607638888888886,49.79297637939453,93.8160400390625,58.31767272949219
2011-09-19,33.98072798172599,32.00262955255884,2.5408027977877072,48.87152777777778,49.810550689697266,92.88190460205078,57.27397155761719
2011-09-20,32.73339597166419,31.114871074939984,2.615887510004961,46.30208333333334,49.59059143066406,92.77379608154297,56.38517761230469
2011-09-21,24.131141743378056,18.29597333846908,14.442709380002483,29.496527777777775,48.728294372558594,90.04084014892578,54.2977180480957
2011-09-22,13.26606951645991,8.479346714823583,30.0,7.187499999999999,47.14450454711914,87.13034057617188,52.78107452392578
2011-09-23,9.984714732411135,5.353955280013842,30.0,8.88888888888889,47.646026611328125,87.65532684326172,53.32133102416992
2011-09-26,11.793428036739842,5.411878589644448,27.351942405139198,17.864583333333332,48.20037841796875,89.73978424072266,54.32817840576172
2011-09-27,14.869887499177048,7.16122286866377,21.792290647014045,24.63541666666666,48.7018928527832,90.743408203125,55.498722076416016
2011-09-28,10.800738762864853,5.542294997138203,30.0,8.541666666666668,47.98039245605469,88.89055633544922,53.37043762207031
2011-09-29,12.442154760734274,8.468969801788353,30.0,7.725694444444445,47.408470153808594,89.59307861328125,54.29542922973633
2011-09-30,9.516830443737826,5.972065087052148,30.0,6.111111111111112,46.18541717529297,87.3542251586914,52.63374328613281
2011-10-03,6.4834635746278355,3.616226974251129,30.0,4.704861111111111,44.997554779052734,84.86830139160156,49.924278259277344
2011-10-04,5.925279793221085,3.1820342597621822,30.0,5.052083333333333,45.921443939208984,86.7288818359375,53.034847259521484
2011-10-05,10.0111771677465,6.183799026963904,30.0,9.409722222222221,47.10049057006836,88.33470153808594,53.76335144042969
2011-10-06,17.769897210016882,12.221419311237499,29.840289434308268,28.489583333333332,47.892417907714844,89.93278503417969,54.95846939086914
2011-10-07,21.13078500789775,13.353514597193511,22.987636036598577,24.791666666666664,47.57565689086914,89.33056640625,53.61601257324219
2011-10-10,33.05240043651503,26.245577026237214,11.493818018299288,64.54861111111111,49.221046447753906,92.31832122802734,55.96528625488281
2011-10-11,38.50499704185828,34.12885593507748,5.746909009149644,68.61111111111111,49.55538558959961,92.41094970703125,56.35002899169922
2011-10-12,40.585504823379466,38.073191136108434,2.873454504574822,69.58333333333334,49.801753997802734,93.22157287597656,57.1522216796875
2011-10-13,39.76446642689898,37.72187929095139,3.28677065506519,63.66319444444445,50.25930404663086,93.03631591796875,57.10310363769531
2011-10-14,42.5194162674967,41.235979268752224,1.643385327532595,70.45138888888889,51.191986083984375,94.62663269042969,58.232704162597656
2011-10-17,35.45303142481167,32.903727788793645,5.785885372099631,54.56597222222222,50.40009307861328,92.82015991210938,56.46462631225586
2011-10-18,40.71469605376649,38.80418252354221,2.8929426860498153,71.5798611111111,51.02480697631836,94.63436889648438,57.96258544921875
2011-10-19,38.66825929440948,37.05743606735523,2.656323773580457,67.70833333333334,50.03932189941406,93.51493835449219,56.83298873901367
2011-10-20,40.23878137929229,39.214847611784464,1.3281618867902285,73.81944444444444,49.79297637939453,93.92414855957031,56.98848342895508
2011-10-21,44.81928840022109,44.23448079847361,0.6640809433951143,81.80555555555556,50.41768264770508,95.70748138427734,58.224517822265625
2011-10-24,50.28180252970505,49.965118489500114,0.3320404716975571,86.14583333333334,51.46477127075195,96.88096618652344,60.09905242919922
2011-10-25,48.82885245908469,48.51918785920516,0.5566452358487786,84.89583333333334,50.452880859375,94.9972152709961,58.41279983520508
2011-10-26,51.53061251155353,51.32533935168807,0.2783226179243893,88.61111111111113,50.391273498535156,95.96227264404297,59.41962432861328
2011-10-27,59.87951712786855,59.760066927960594,0.13916130896219464,93.95833333333333,51.78150939941406,99.30510711669922,62.55475616455078
2011-10-28,63.81871656284323,63.753386922897505,0.06958065448109732,94.16666666666667,51.86071014404297,99.28196716308594,62.23551940917969
2011-10-31,63.33642402657722,63.30189102660711,0.03479032724054866,94.93055555555556,50.989601135253906,96.88867950439453,60.582000732421875
2011-11-01,54.16277105369863,53.04679154927005,3.0121868302869443,85.34722222222221,49.660980224609375,94.18659210205078,58.43739318847656
2011-11-02,59.766311131300924,58.61132560908693,2.1354336929212487,92.91666666666667,50.08332061767578,95.72295379638672,59.878055572509766
2011-11-03,65.64576581967205,64.86927446856518,1.0677168464606244,96.875,51.121604919433594,97.46770477294922,61.36783981323242
2011-11-04,67.47255114663604,66.92248649663819,0.7942750898969819,96.04166666666666,50.857627868652344,96.8732681274414,61.06497573852539
2011-11-07,72.53275823561742,72.14808602098887,0.5490472671707142,96.38888888888889,51.2183952331543,97.4754409790039,60.942176818847656
2011-11-08,75.87947768800217,75.48349425636691,0.7302528002520223,95.41666666666667,51.80791473388672,98.72608947753906,61.83440399169922
2011-11-09,64.49504207539547,60.07552208480418,11.693251400126014,74.61805555555556,49.98652648925781,95.08213806152344,58.8875732421875
2011-11-10,62.359973664856824,55.078758064081065,15.840115283396333,79.42708333333334,49.96013259887695,95.9776840209961,59.3214111328125
2011-11-11,69.88308517212977,63.971118327322586,9.504259030587063,92.9861111111111,50.90163040161133,97.78421783447266,60.8848991394043
2011-11-14,67.75721585568044,61.80018914069264,10.871921181960197,86.11111111111111,50.584869384765625,96.85781860351562,60.00900650024414
2011-11-15,67.83702308869104,63.233523656817226,7.139519618757879,91.4236111111111,51.14799880981445,97.33646392822266,60.77028274536133
2011-11-16,64.10157136889022,55.51307860964149,19.23816258715672,69.82638888888889,50.30329513549805,95.79241943359375,59.78801727294922
2011-11-17,56.838864209827804,42.976033290078234,30.0,61.63194444444445,49.12424850463867,94.27154541015625,58.93667984008789
2011-11-18,53.62055837627373,37.9996147363572,30.0,60.22569444444445,48.745887756347656,94.17118072509766,58.92030334472656
2011-11-21,43.34415243622588,27.13717122292037,30.0,33.78472222222223,47.813209533691406,92.38008880615234,57.51239776611328
2011-11-22,38.41665287648663,22.014325805384786,30.0,29.131944444444446,47.97159957885742,92.01724243164062,57.02940368652344
2011-11-23,34.32019282076056,17.85275046372661,30.0,25.347222222222225,46.88931655883789,89.98680877685547,55.236778259277344
2011-11-25,30.033100378505367,13.543952926160717,30.0,23.95833333333333,46.5285758972168,89.81697082519531,54.53278350830078
2011-11-28,32.61514634626917,16.11876386215429,30.0,31.49305555555555,48.1475715637207,92.41868591308594,57.127662658691406
2011-11-29,35.66282784203172,19.16403368066009,30.0,34.34027777777777,47.84840774536133,92.68118286132812,57.021270751953125
2011-11-30,56.41683338155316,39.91723532776262,30.0,80.3125,49.61698913574219,96.4949722290039,60.352840423583984
2011-12-01,66.68305885417898,52.17565030389156,24.56602508824701,91.89236111111111,49.96013259887695,96.47952270507812,59.918983459472656
2011-12-02,69.85316235794637,59.3916264361164,15.342908377456833,86.59722222222223,49.81937026977539,96.39459228515625,60.16454315185547
2011-12-05,70.3963620005125,62.23831624533172,12.73872849428397,80.17361111111111,50.364898681640625,97.44454956054688,61.1959342956543
2011-12-06,71.41123347409058,64.84856649378196,10.481777441586427,82.25694444444446,50.2241096496582,97.4754409790039,61.25322341918945
2011-12-07,69.66570503241336,63.90537617005667,9.743926915237655,78.57638888888889,50.2241096496582,97.83824920654297,61.130455017089844
2011-12-08,58.99647324522198,51.317356942291,15.706381860396599,58.31597222222223,49.3794059753418,95.69206237792969,59.23136520385742
2011-12-09,68.05603379522682,61.98422953373269,9.578451346864965,87.46527777777777,50.17131805419922,97.31330108642578,61.01585006713867
2011-12-12,58.96996274163631,52.28362006726858,12.715657965099151,66.52777777777777,49.608192443847656,95.89281463623047,60.13999557495117
2011-12-13,47.996537372447165,37.51641363183418,22.503662315882913,40.22569444444444,49.062652587890625,94.9972152709961,58.8875732421875
2011-12-14,37.241043844602146,22.747669264397818,30.0,22.15277777777778,48.297157287597656,93.98587799072266,58.150856018066406
2011-12-15,35.238706285874656,19.40758142580654,30.0,23.680555555555554,48.165184020996094,94.3255844116211,58.691097259521484
2011-12-16,38.15412898002817,21.877087360005465,30.0,32.88194444444444,48.41315460205078,94.46540832519531,59.149497985839844
2011-12-19,34.043849294570144,17.618168754562575,30.0,20.729166666666664,47.936607360839844,93.45541381835938,58.126319885253906
2011-12-20,53.462442740295906,36.98721589362672,30.0,64.5138888888889,49.3574104309082,96.2834243774414,60.459205627441406
2011-12-21,61.27167168944629,44.779929407223236,30.0,66.68402777777777,48.65141677856445,96.46986389160156,60.70479202270508
2011-12-22,66.20572367836468,51.556700148511325,24.959389370306376,72.04861111111111,49.06618881225586,97.32447814941406,61.09139633178711
2011-12-23,71.16060772215647,59.49160621422327,18.507255449042074,80.03472222222223,49.489776611328125,98.19461822509766,61.321712493896484
2011-12-27,73.17453871103086,64.71421267235837,12.46543328007659,81.61458333333334,49.67438507080078,98.2723159790039,61.502662658691406
2011-12-28,69.15523088963484,61.68054364345218,12.694305181704966,71.21527777777777,49.10026168823242,96.98263549804688,60.384010314941406
2011-12-29,71.37217398077283,65.02952309225122,10.502968563074706,78.59375,49.45357894897461,97.98486328125,60.99267578125
2011-12-30,67.77373631179724,61.95952488091153,10.090894003759576,71.97916666666666,49.312255859375,97.50318145751953,60.66362762451172
2012-01-03,73.13775151263167,68.99558947294348,6.011158807435342,84.375,50.2573356628418,99.05701446533203,61.66718673706055
2012-01-04,73.91076076668958,70.89486351839334,4.459572459273224,82.8125,50.46931838989258,99.21241760253906,61.32992935180664
2012-01-05,74.1861451042109,71.4601182696528,4.6928938685255,79.58333333333333,50.88444137573242,99.4765396118164,61.6754150390625
2012-01-06,73.77496502256065,71.10278606755234,4.8095545731516385,79.58333333333333,51.06109619140625,99.22016906738281,61.51913070678711
2012-01-09,75.17948576843966,72.8579626394702,3.902173119909154,82.6736111111111,50.89325714111328,99.46102905273438,61.831703186035156
2012-01-10,78.08368775438494,76.59444830607845,1.951086559954577,87.22222222222223,51.264244079589844,100.32339477539062,62.736507415771484
2012-01-11,79.81914283461903,78.96503048252521,0.9755432799772885,88.69791666666667,51.37022399902344,100.3777847290039,62.98326873779297
2012-01-12,80.82470366407851,80.36114994538474,0.48777163998864426,92.01388888888889,51.5733757019043,100.61859130859375,63.17247009277344
2012-01-13,80.59595627511175,80.33609921636406,0.2872885977720989,91.875,51.38788604736328,100.09809875488281,62.83522033691406
2012-01-17,81.06446537415124,80.92517677831046,0.14364429888604946,93.5763888888889,51.85601806640625,100.48653411865234,62.81053161621094
2012-01-18,83.74460847563618,83.67184415556015,0.07182214944302473,95.52083333333334,52.54497146606445,101.59751892089844,63.92922592163086
2012-01-19,84.3003983860632,84.15953293160293,0.3180291302770704,94.61805555555556,52.87177658081055,102.13359069824219,64.32404327392578
2012-01-20,85.55841109465727,85.45315060261971,0.1590145651385352,96.21527777777779,52.79227828979492,102.51428985595703,64.36515808105469
2012-01-23,86.24884827876892,86.18460877781433,0.0795072825692676,96.84027777777777,52.809940338134766,102.2501449584961,64.2829360961914
2012-01-24,84.85014895529288,84.34468607354069,1.3201355857290804,92.74305555555554,52.712791442871094,102.13359069824219,64.653076171875
2012-01-25,86.46230037351432,86.05178788887994,0.6600677928645402,97.04861111111111,53.37522506713867,102.98824310302734,65.20418548583984
2012-01-26,86.86682994183809,86.51150461317555,0.5958759103211585,96.19791666666667,53.18973159790039,102.45992279052734,65.13014221191406
2012-01-27,86.2676037635423,85.74152397320702,1.111740038493914,94.44444444444444,53.348716735839844,102.41331481933594,65.57430267333984
2012-01-30,82.85122850570059,82.0542978324205,1.6951929359136222,93.40277777777779,53.39289855957031,102.06367492675781,65.0643539428711
2012-01-31,81.22242078367142,79.66725921543835,3.5168673012901457,91.04166666666667,53.46354293823242,102.02485656738281,64.99854278564453
2012-02-01,83.94147624755576,82.35659972883414,2.9086072617561887,94.44444444444444,53.8963508605957,102.91830444335938,66.39690399169922
2012-02-02,86.23770824272404,85.0289636505319,1.8557793253225363,95.7638888888889,54.06415939331055,103.0814437866211,66.77527618408203
2012-02-03,89.59782223212756,88.85468115842104,0.9278896626612682,98.95833333333334,54.80609893798828,104.52650451660156,68.2312240600586
2012-02-06,90.77888030378206,90.19395281328089,0.9196739979973036,97.5,54.76193618774414,104.45659637451172,68.0091323852539
2012-02-07,91.91970712218946,91.48450980905623,0.6551494989986518,98.33333333333334,54.87676239013672,104.72074890136719,67.96797943115234
2012-02-08,92.72982111208985,92.39303001622902,0.522887249499326,98.33333333333334,55.168235778808594,105.0315170288086,68.11605072021484
2012-02-09,92.31298253813826,91.8979696030357,0.8256797358607746,97.15277777777779,55.565704345703125,105.16358947753906,67.77880096435547
2012-02-10,89.28694223702898,88.24925543671662,2.4527704234859367,93.43750000000001,55.177066802978516,104.38665771484375,66.84928894042969
2012-02-13,90.70630762607064,89.51287865203113,2.31145465618741,95.48611111111113,55.68935775756836,105.16358947753906,67.71299743652344
2012-02-14,89.30379591135117,87.83370972840734,2.9243905225381517,93.29861111111111,55.830684661865234,105.0315170288086,67.40863037109375
2012-02-15,87.17012935364781,85.17318690057158,4.109764705713518,92.46527777777779,55.442047119140625,104.54206848144531,66.84928894042969
2012-02-16,90.8358521531408,89.10243935699384,2.9120872139678706,96.21527777777779,56.2016716003418,105.69966125488281,68.1078109741211
2012-02-17,92.8534431518155,91.2324969712798,2.844932495872828,96.73611111111111,56.02499008178711,105.97935485839844,68.09957122802734
2012-02-21,92.46430851843165,90.78971962104677,3.0934731923808605,95.55555555555556,56.18397903442383,106.02595520019531,67.63894653320312
2012-02-22,91.72373643659023,89.68332815404398,4.042396318412653,94.65277777777779,55.9278450012207,105.68413543701172,67.10428619384766
2012-02-23,92.89303171310071,90.52488569202445,4.603663436984112,94.51388888888889,56.29880142211914,106.15022277832031,68.1078109741211
2012-02-24,92.60704773471487,90.21772905127939,4.363463662936507,94.75694444444444,56.493133544921875,106.38336181640625,67.97621154785156
2012-02-27,92.63981622006997,90.4625344781272,3.7659332203571463,93.88888888888889,56.57262420654297,106.56204986572266,67.86103057861328
2012-02-28,92.7309873350577,90.5190880714187,4.05310549906747,93.75,57.146728515625,106.87279510498047,67.6800765991211
2012-02-29,89.44039616386215,85.87922556319049,7.701465943978182,87.04861111111111,56.89059829711914,106.4532699584961,66.66832733154297
2012-03-01,89.84270143815709,85.92281794450017,7.453163527544648,89.94791666666667,57.34105682373047,107.00487518310547,67.0137939453125
2012-03-02,86.43391972033756,80.46262915443909,12.721807458216773,83.19444444444444,57.296878814697266,106.6785659790039,66.01026916503906
2012-03-05,83.00939022077391,73.93619463702356,19.316632895775058,76.80555555555556,56.705108642578125,106.24348449707031,66.08432006835938
2012-03-06,73.97833599124067,59.95393746332388,30.0,51.94444444444444,56.14865493774414,104.68962860107422,64.76822662353516
2012-03-07,73.35583545862251,57.68103594931691,30.0,59.65277777777778,56.58144760131836,105.41998291015625,65.37693786621094
2012-03-08,78.95536394082197,62.730430771053435,30.0,76.45833333333333,57.190895080566406,106.46882629394531,66.22418212890625
2012-03-09,84.78303377924195,70.34426776740204,24.62851351431928,82.79513888888889,57.42937469482422,106.8805923461914,67.12074279785156
2012-03-12,85.87196479035335,72.57318452174447,23.14324981271519,77.98611111111111,57.45588684082031,106.88833618164062,66.9891357421875
2012-03-13,90.4954618173262,80.62602953990324,14.826833239690927,90.03472222222223,58.52463150024414,108.8150634765625,68.3216552734375
2012-03-14,91.01012209486926,83.73288901493308,10.87478814762325,86.35416666666666,58.72775650024414,108.69857788085938,67.7623291015625
2012-03-15,92.00690847394362,86.68630277995618,7.89507636547829,89.40972222222223,58.895599365234375,109.32787322998047,68.32987976074219
2012-03-16,92.90425302327407,89.06660599068131,5.629395821628029,91.35416666666669,58.8539924621582,109.47929382324219,68.27232360839844
2012-03-19,92.63229666290478,89.55315760789021,4.9088819385917954,88.85416666666666,59.269832611083984,109.90841674804688,68.84813690185547
2012-03-20,89.4512208104022,86.23581693665551,5.970065969295898,83.50694444444444,59.3759880065918,109.5885009765625,68.2312240600586
2012-03-21,88.67053366319931,85.17537189794986,6.60916492909239,83.15972222222223,59.38486099243164,109.4090347290039,68.21472930908203
2012-03-22,83.12302919346286,78.67345070600905,8.957794270101754,76.66666666666666,59.26097106933594,108.62088012695312,67.55669403076172
2012-03-23,82.54997839289732,77.33775389432,10.170086371161984,79.23611111111111,59.225608825683594,108.97203826904297,68.21759796142578
2012-03-26,86.38429955086359,81.6564351564396,8.155789713358773,83.9236111111111,60.2607536315918,110.50144958496094,69.63668823242188
2012-03-27,87.17986974856039,82.55703753074772,8.309665690012736,83.9236111111111,60.3492431640625,110.15811920166016,69.14989471435547
2012-03-28,85.01906704586239,79.79033241157065,10.057610622784146,79.40972222222223,60.110355377197266,109.61188507080078,68.7456283569336
2012-03-29,85.06736186472928,79.68223327986234,9.933319200280966,82.53472222222223,59.88033676147461,109.42460632324219,68.54762268066406
2012-03-30,84.73511826853539,78.7636428127875,11.39027071125161,81.07638888888889,59.765316009521484,109.87718963623047,68.3248519897461
2012-04-02,85.19832102620646,79.44860596611659,10.252427022292474,82.8125,60.38465881347656,110.68092346191406,69.16642761230469
2012-04-03,85.2022721013283,80.23240534480398,8.327168372257349,82.30902777777779,60.36692428588867,110.22834777832031,68.70438385009766
2012-04-04,80.08202126021398,73.1230714962735,14.460893213906461,70.78125,59.54412078857422,109.1358871459961,67.60702514648438
2012-04-05,77.33777017217182,68.19739630979029,18.601974384731008,65.81597222222223,59.91572189331055,109.081298828125,67.31000518798828
2012-04-09,70.57329567001835,56.526504382557846,30.0,47.56944444444444,59.4644889831543,107.856201171875,66.20438385009766
2012-04-10,61.697624823618604,46.01536106113177,30.0,30.17361111111111,58.5089225769043,106.04581451416016,64.64498138427734
2012-04-11,61.267655949505894,45.04023469534362,30.0,36.875,58.79206848144531,106.90420532226562,65.5608139038086
2012-04-12,63.91460574609167,47.50546532803757,30.0,39.63541666666666,59.4644889831543,108.30096435546875,66.50141143798828
2012-04-13,59.87175573605695,43.40204226337225,30.0,30.295138888888886,58.56205368041992,107.01343536376953,65.62684631347656
2012-04-16,59.246031012054104,42.7561265211592,30.0,27.93402777777778,57.907310485839844,106.94319915771484,65.73405456542969
2012-04-17,69.4683671513585,52.9717323210602,30.0,48.81944444444444,59.084041595458984,108.52725219726562,66.6829605102539
2012-04-18,68.95548725730846,52.45660898054236,30.0,39.14930555555556,58.93363571166992,108.16051483154297,66.17963409423828
2012-04-19,62.51612925392877,46.0165031616734,30.0,29.079861111111107,58.270042419433594,107.4660415649414,65.80011749267578
2012-04-20,65.18333353896881,48.68345817488368,30.0,35.81597222222222,58.11080551147461,107.6455078125,66.17963409423828
2012-04-23,59.05783917505026,42.557880720355215,30.0,24.427083333333336,57.57992935180664,106.74028015136719,65.2638168334961
2012-04-24,58.86239717089831,42.36241101933329,30.0,31.12847222222222,57.270286560058594,107.14608001708984,65.7588119506836
2012-04-25,66.03235803533042,49.53236265147541,30.0,49.635416666666664,58.79206848144531,108.61309814453125,66.78192901611328
2012-04-26,71.88778808309698,58.023362975015296,22.812072673081882,60.59027777777778,59.13710021972656,109.37002563476562,67.4420394897461
2012-04-27,75.95703506295834,65.48233975908832,15.963328003207607,68.22916666666667,59.491031646728516,109.54949951171875,67.97006225585938
2012-04-30,75.63084586943236,66.66040645598022,14.942384487714914,60.53819444444444,59.06633377075195,109.14371490478516,67.21923828125
2012-05-01,77.51948489838135,70.22432690772362,11.740940507746348,68.64583333333333,59.16368103027344,109.82258605957031,67.28526306152344
2012-05-02,75.36299472380585,69.64089347642572,8.973768864984287,60.85069444444444,59.33176803588867,109.49486541748047,67.46675872802734
2012-05-03,66.46223208547644,60.52451056063965,10.991875751936586,47.829861111111114,58.703590393066406,108.65990447998047,66.51793670654297
2012-05-04,54.21817240953115,43.10009293237866,24.92410627874607,21.145833333333336,57.243743896484375,106.90420532226562,65.25553894042969
2012-05-07,50.0514542312842,35.885708775296585,28.526506264373033,20.833333333333336,57.29682922363281,106.98223114013672,65.4288330078125
2012-05-08,48.55901206864881,32.83709691665294,30.0,23.15972222222222,57.08448791503906,106.55306243896484,65.38756561279297
2012-05-09,50.00909945491118,33.76846107091256,30.0,29.253472222222225,56.90753173828125,105.9210205078125,65.01629638671875
2012-05-10,49.54676454511224,33.133218417112694,30.0,25.347222222222218,56.792510986328125,106.13948059082031,65.2638168334961
2012-05-11,48.662603459966334,32.19142141729982,30.0,18.993055555555557,56.783660888671875,105.81956481933594,65.09880065917969
2012-05-14,45.21297483739596,28.722580823173786,30.0,17.5,56.25281524658203,104.64908599853516,64.23246002197266
2012-05-15,42.03193277473138,26.553653288509167,30.0,13.88888888888889,56.0670051574707,104.04818725585938,64.116943359375
2012-05-16,39.89871231238151,25.603174705862997,30.0,11.527777777777779,55.68657302856445,103.6502456665039,63.654903411865234
2012-05-17,35.83637389164169,23.839713207987373,30.0,8.125,54.50985336303711,102.11299896240234,62.211021423339844
2012-05-18,32.71725394934986,21.690589277020646,30.0,7.083333333333334,53.80204772949219,101.2390365600586,61.62520217895508
2012-05-21,34.42328421561942,23.18522932484301,30.0,7.638888888888889,55.306129455566406,102.97918701171875,63.077354431152344
2012-05-22,35.48083989081268,23.968617890183502,30.0,8.819444444444445,55.24421310424805,103.15861511230469,62.69781494140625
2012-05-23,35.46069521814608,25.170973069788204,30.0,7.361111111111111,55.35036087036133,103.21324920654297,63.10210037231445
2012-05-24,38.36531414974171,28.982166026215005,30.0,10.069444444444445,54.98761749267578,103.41614532470703,63.23411178588867
2012-05-25,39.53589406267818,31.030400243724834,30.0,8.88888888888889,54.91682815551758,103.08061981201172,63.19285583496094
2012-05-29,42.22033572186585,33.61017111554806,30.0,12.604166666666666,55.61579895019531,104.3291244506836,64.10868835449219
2012-05-30,37.09406666246392,29.905493275172805,30.0,6.666666666666667,55.14687728881836,102.81527709960938,62.87930679321289
2012-05-31,33.46090694383146,27.438789888808493,30.0,6.458333333333334,54.907997131347656,102.58897399902344,62.796810150146484
2012-06-01,26.009297228146337,21.00748043202757,25.731284833733294,5.208333333333334,53.44814682006836,100.00614929199219,60.9073600769043
2012-06-04,23.52661762811607,18.763049066446854,20.965685819644424,5.208333333333334,53.855140686035156,99.95931243896484,60.76710510253906
2012-06-05,23.610034262939763,18.477733631272244,18.322469645933325,5.902777777777779,54.07630920410156,100.71623992919922,61.55094909667969
2012-06-06,32.47696003002577,26.875452412062522,14.619134128522218,11.788194444444446,55.314964294433594,102.97918701171875,63.069091796875
2012-06-07,35.07171379699874,29.86380385027025,10.770938592038885,14.270833333333332,55.09379196166992,103.04155731201172,62.656551361083984
2012-06-08,40.63479583848612,36.92415378103616,5.385469296019442,27.118055555555557,55.6246452331543,103.86092376708984,63.50638198852539
2012-06-11,36.8897023186531,32.85124948412177,7.640651314676388,11.284722222222223,54.68680191040039,102.54218292236328,62.10374069213867
2012-06-12,40.70558801192972,37.9586509927286,3.820325657338194,27.482638888888893,55.35036087036133,103.7204818725586,62.88755416870117
2012-06-13,36.799987134086905,34.42005953495231,3.993496162002432,20.81597222222222,54.969932556152344,103.05721282958984,62.16149139404297
2012-06-14,42.06191872969202,40.5364685669467,1.996748081001216,33.35069444444444,55.173423767089844,104.14968872070312,62.871089935302734
2012-06-15,49.310732689514,48.436178820415336,0.998374040500608,51.00694444444444,55.85891342163086,105.21478271484375,63.71265411376953
2012-06-18,54.67739095324161,54.20283775611695,0.499187020250304,59.02777777777778,56.382110595703125,105.41875457763672,63.78693389892578
2012-06-19,59.8125696437437,59.56286762432292,0.249593510125152,69.0625,56.96739959716797,106.43844604492188,64.89250183105469
2012-06-20,60.88476398569618,60.586681180607044,0.5859512689514644,67.58680555555556,57.01171112060547,106.2658462524414,64.79348754882812
2012-06-21,51.04101591258336,48.2103518166718,7.4490086205868415,46.16319444444445,55.592857360839844,103.88140869140625,63.217586517333984
2012-06-22,49.04578031237281,44.19226703097989,10.66352340751564,46.85763888888889,56.17812728881836,104.68146514892578,63.93539047241211
2012-06-25,37.88183513276472,29.806589964893,19.524470037091152,23.645833333333336,55.096256256103516,103.00289916992188,62.937068939208984
2012-06-26,37.70606742451205,27.460223486754764,20.602078768545574,34.375,55.44210433959961,103.52059936523438,63.18336868286133
2012-06-27,41.867597887492735,32.00563627752547,17.581855356495012,45.763888888888886,55.779083251953125,104.45401763916016,64.21150970458984
2012-06-28,45.20646411477293,35.966492086833824,16.2345040671364,45.24305555555555,55.158348083496094,104.15593719482422,64.10371398925781
2012-06-29,58.53207798333506,52.47576156171368,8.1172520335682,75.98958333333334,56.89645004272461,106.75220489501953,65.9693832397461
2012-07-02,63.57003670687901,60.06310169351771,4.0586260167841,76.12847222222221,57.064937591552734,107.07373809814453,66.73223876953125
2012-07-03,66.41888698712629,64.50582721292876,2.02931300839205,79.2013888888889,57.543792724609375,107.77970123291016,67.60285186767578
2012-07-05,67.06858463411204,66.01907144487804,1.1231634486404714,78.85416666666667,57.57929611206055,107.29337310791016,67.5282211303711
2012-07-06,67.17513759009232,66.61938656143023,0.5615817243202357,79.73958333333333,56.86096954345703,106.27371215820312,66.77367401123047
2012-07-09,65.35493866958012,65.06673167723405,0.28079086216011784,80.71180555555554,56.75455093383789,106.140380859375,66.51665496826172
2012-07-10,58.285640641087866,56.21046745085426,5.39755688941339,63.888888888888886,56.19587707519531,105.21478271484375,65.77864074707031
2012-07-11,54.89022684661514,51.414607182181854,7.592441639151133,65.05208333333334,55.885520935058594,105.23047637939453,65.55480194091797
2012-07-12,51.210847237705636,45.79378708840203,11.614146166797784,55.69444444444444,55.3623046875,104.72064971923828,65.33091735839844
2012-07-13,61.4126704162789,57.47772356926477,5.807073083398892,84.60069444444446,56.204750061035156,106.4776611328125,66.14349365234375
2012-07-16,62.55748979139876,59.8211485664561,3.8855243889216737,81.45833333333333,56.04512023925781,106.2266616821289,65.8781509399414
2012-07-17,65.39231640232266,63.48537677733576,2.7131615000163993,82.13541666666666,56.33777618408203,106.95611572265625,66.11033630371094
2012-07-18,69.12522638224485,67.99216689891287,1.3565807500081997,87.04861111111111,57.10041046142578,107.74827575683594,66.51665496826172
2012-07-19,72.00733215434637,71.38093918906755,0.6782903750040998,89.46180555555554,57.73002624511719,108.03071594238281,66.29276275634766
2012-07-20,66.43651191536773,64.12998139522776,5.721089631946484,75.98958333333334,56.96739959716797,107.04236602783203,65.44697570800781
2012-07-23,59.86909944664701,53.44418464629906,15.425648982639903,64.98263888888889,56.27568817138672,105.95997619628906,64.4022216796875
2012-07-24,49.05035115748639,36.93712255638641,27.19524636631995,45.503472222222214,55.83229064941406,105.05008697509766,63.556488037109375
2012-07-25,48.9229938414544,35.1967648350402,26.423144016493303,56.736111111111114,55.45983123779297,105.07362365722656,63.69740676879883
2012-07-26,56.638121473477526,45.4420292095194,18.056407077691095,73.95833333333333,56.19587707519531,106.80708312988281,64.24469757080078
2012-07-27,67.12178268362649,60.079410631397074,9.028203538845547,89.98263888888889,57.52606201171875,108.77581787109375,65.7703628540039
2012-07-30,70.51923936901348,66.30176761948198,5.100039269422774,88.10763888888889,57.48174285888672,108.77581787109375,65.54649353027344
2012-07-31,67.82133556161443,63.04958720033939,9.17979394026694,75.45138888888889,57.464019775390625,108.0150146484375,64.96609497070312
2012-08-01,63.810243654341285,55.76040379533029,17.616155650689024,67.67361111111111,57.295501708984375,107.92086029052734,63.89645004272461
2012-08-02,55.914512037560314,42.23123208455665,30.0,51.892361111111114,57.09153366088867,107.17572784423828,63.66427993774414
2012-08-03,66.17607043862141,54.314760653899626,19.90968127378336,78.19444444444446,58.17342758178711,109.30133819580078,65.18165588378906
2012-08-06,74.19163651507633,66.13022073756804,11.202670498002787,85.98958333333334,58.616817474365234,109.51313781738281,65.68746948242188
2012-08-07,79.11653475949342,74.10900784883829,6.32833177677917,87.65625,59.104557037353516,110.06221008300781,66.28445434570312
2012-08-08,82.47916001208394,79.53640045917827,3.4734106800562548,88.99305555555554,59.07794952392578,110.19552612304688,66.18496704101562
2012-08-09,84.87853655325199,83.23496392251386,1.8072348539170113,89.75694444444446,59.25531005859375,110.28966522216797,66.50004577636719
2012-08-10,85.95605164270596,85.07686770924178,0.9036174269585057,91.26736111111111,59.2907829284668,110.47007751464844,66.26789093017578
2012-08-13,86.56735838553243,85.95545824286124,0.8695604495903644,89.93055555555556,59.43266296386719,110.41514587402344,66.16008758544922
2012-08-14,86.86684206172359,86.46963793405644,0.527011127572959,90.97222222222223,59.45928192138672,110.43080139160156,66.00254821777344
2012-08-15,88.69230589156106,88.4632858089503,0.2635055637864795,92.46527777777779,59.61002731323242,110.556396484375,66.58299255371094
2012-08-16,89.8121968643443,89.61195431215025,0.3379159763376861,91.80555555555556,60.31946563720703,111.3720474243164,67.27945709228516
2012-08-17,90.36303634075695,90.11100133417851,0.5053295159466243,91.38888888888889,60.58548355102539,111.52112579345703,67.75211334228516
2012-08-20,91.35187232212344,91.17521690867375,0.25266475797331217,94.27083333333333,60.67416763305664,111.5289535522461,67.60285186767578
2012-08-21,91.03910200266694,90.74292277033305,0.6471657123199864,92.60416666666667,60.43475341796875,111.1916732788086,67.56139373779297
2012-08-22,90.73265968699195,90.23678507154791,1.0831314672711003,91.84027777777779,60.68303298950195,111.23873901367188,67.2380142211914
2012-08-23,85.98395342094832,85.06308546531912,2.0606629558577776,89.58333333333333,60.186458587646484,110.3288803100586,66.7654037475586
2012-08-24,85.85360357587085,84.96595139597606,1.583716894595554,92.5,60.55888366699219,110.99561309814453,66.94782257080078
2012-08-27,85.07439360022086,83.94309489198747,2.27840358618667,89.72222222222221,60.656429290771484,111.01910400390625,67.14680480957031
2012-08-28,84.79251357438649,82.7325157086189,4.58972262642667,87.10069444444444,60.656429290771484,110.9092788696289,67.45360565185547
2012-08-29,84.61017848989088,81.4070778540494,6.8630036743244505,86.05902777777777,60.656429290771484,110.99561309814453,67.66088104248047
2012-08-30,82.11479867403084,76.3155738301242,12.904158087162225,77.88194444444444,60.04454803466797,110.19552612304688,66.98925018310547
2012-08-31,83.23580614689644,76.63734504035523,12.72378043246999,82.7951388888889,60.44362258911133,110.72105407714844,67.26287841796875
2012-09-04,83.03422913837628,75.03669890783563,15.812845077346102,79.14930555555556,60.381526947021484,110.61911010742188,68.08377838134766
2012-09-05,81.92648631312997,72.3551832267326,18.833071844228606,75.95486111111111,60.31946563720703,110.52497100830078,68.1003646850586
2012-09-06,88.34494125289423,81.01745992302357,11.28285536655875,90.06944444444444,61.65850830078125,112.76821899414062,69.3524398803711
2012-09-07,90.93812856577955,86.0292525089906,6.726497127723816,90.79861111111111,61.569820404052734,113.20748901367188,69.86649322509766
2012-09-10,92.70181827333457,89.66921300784074,3.8081270360841266,92.84722222222223,60.78057861328125,112.56432342529297,69.55142974853516
2012-09-11,92.54412460963005,90.75950639322038,2.1102267124865053,93.61111111111111,60.68303298950195,112.87801361083984,69.70067596435547
2012-09-12,92.44156005506188,91.24894725693242,1.6302001617988062,92.43055555555556,60.86037826538086,113.25456237792969,70.05722045898438
2012-09-13,94.21709409242804,93.52068646338844,0.8151000808994031,97.15277777777779,61.68510055541992,114.98017120361328,70.97761535644531
2012-09-14,93.91588321599454,93.38312598222386,0.8198764293385898,95.83333333333334,62.234920501708984,115.49003601074219,71.64094543457031
2012-09-17,93.6131647757019,93.14004989175145,0.8059885618915181,95.88541666666667,62.26152420043945,115.09780883789062,71.30931854248047
2012-09-18,93.01225862893769,92.4422129984037,1.124565461501317,94.84375,62.31470489501953,115.00367736816406,71.0771255493164
2012-09-19,92.69853065409035,92.09744782921119,1.1210934946395514,95.36458333333333,62.430015563964844,115.06646728515625,70.95274353027344
2012-09-20,90.28747318099308,89.40812646442352,1.8517793862086684,93.02083333333333,62.36793899536133,115.07430267333984,70.63764190673828
2012-09-21,88.48841698625696,87.38235655900291,2.217122331993227,93.02083333333333,62.38572692871094,115.02618408203125,70.89469909667969
2012-09-24,87.26743529171529,86.17995690000592,1.9603406798855063,94.42708333333333,62.0211067199707,114.85270690917969,70.66327667236328
2012-09-25,84.19498383006723,81.31272197762955,6.872097423276088,85.95486111111111,61.14958572387695,113.63047790527344,69.64772033691406
2012-09-26,80.08672438147093,72.57058532435404,17.87832301719361,71.68402777777777,60.65153884887695,112.99171447753906,69.20653533935547
2012-09-27,81.81265395722644,74.08803079244274,14.234300397485695,88.68055555555556,61.48750305175781,114.05628967285156,69.95574188232422
2012-09-28,79.75677165316395,69.83377726147478,20.04032728207619,75.81597222222221,60.98060607910156,113.5279769897461,69.45629119873047
2012-10-01,80.36882451747317,69.66910926714058,20.160137599371435,80.29513888888889,60.891658782958984,113.82759094238281,69.68938446044922
2012-10-02,81.70708012568436,70.1973404985591,21.66318511913017,77.46527777777777,61.06953048706055,113.94590759277344,69.82254791259766
2012-10-03,84.59532271667952,72.96572516403798,21.25368457345398,79.58333333333333,61.460853576660156,114.41111755371094,69.62277221679688
2012-10-04,88.5614038685228,78.77917559121276,16.106442981171437,86.31944444444444,61.67425537109375,115.2312240600586,70.09725189208984
2012-10-05,87.89824573395205,78.19145486348579,17.58013121280794,79.84375,61.3452262878418,115.23910522460938,70.01400756835938
2012-10-08,86.12874478335357,75.3314735972389,20.622747898070642,76.85763888888889,60.78496551513672,114.84483337402344,69.57283020019531
2012-10-09,80.09491343970674,66.32736295515186,27.73216387959088,63.68055555555556,59.81557083129883,113.70929718017578,68.7570571899414
2012-10-10,74.21124051590495,58.62205702105332,30.0,53.4375,59.51322555541992,112.98380279541016,68.64885711669922
2012-10-11,72.0898113510138,55.893416852729935,30.0,54.513888888888886,59.32648849487305,113.04690551757812,68.89859008789062
2012-10-12,67.36403844687536,50.96524028078073,30.0,41.614583333333336,59.29981231689453,112.67633819580078,68.3408432006836
2012-10-15,68.14405319828495,51.67778714292007,30.0,49.91319444444444,59.735565185546875,113.61466979980469,68.79036712646484
2012-10-16,76.64929904191843,60.160543690130126,30.0,65.52083333333334,60.58040237426758,114.76597595214844,69.29815673828125
2012-10-17,82.27384042138021,67.18752584779051,26.154716699073468,74.63541666666666,60.544837951660156,115.28640747070312,69.92243194580078
2012-10-18,81.64868754786747,66.31255100582226,28.11099550231451,66.31944444444444,59.84227752685547,114.98675537109375,69.53955841064453
2012-10-19,74.17259306881752,58.06054755480244,30.0,46.197916666666664,58.41047668457031,113.07063293457031,68.13278198242188
2012-10-22,70.04957770058182,53.678895862576795,30.0,42.72569444444444,58.71285629272461,113.08635711669922,68.1161117553711
2012-10-23,62.66936273982936,46.21246879382768,30.0,29.25347222222222,58.15256118774414,111.51713562011719,67.77481842041016
2012-10-24,59.245120235707475,42.75948892037358,30.0,27.65625,57.94801330566406,111.20175170898438,67.59169006347656
2012-10-25,58.16535056606284,41.670140127618204,30.0,29.87847222222222,57.94801330566406,111.5250015258789,67.86637878417969
2012-10-26,56.58060231271705,40.08219883323551,30.0,26.423611111111107,58.11698532104492,111.4619369506836,67.5417251586914
2012-10-31,56.74915810807078,40.24969028157693,30.0,28.78472222222222,57.761268615722656,111.4619369506836,67.94960021972656
2012-11-01,65.80848536947161,49.30866276064033,30.0,43.888888888888886,58.57944107055664,112.62897491455078,68.6655044555664
2012-11-02,63.447425411246286,46.94748454163586,30.0,32.72569444444444,57.9569206237793,111.62751007080078,67.58338928222656
2012-11-05,62.928603299831536,46.428623009961385,30.0,30.607638888888893,58.339324951171875,111.85618591308594,68.03288269042969
2012-11-06,64.33651306212903,47.8365196321723,30.0,37.32638888888889,58.446044921875,112.73150634765625,68.5406265258789
2012-11-07,51.77073321381314,35.27073540382756,30.0,11.85763888888889,57.067604064941406,110.17658233642578,66.87581634521484
2012-11-08,42.41675000440989,26.227398882562845,30.0,8.958333333333332,56.16939926147461,108.85182189941406,65.9351806640625
2012-11-09,39.295365314044716,23.423451977132736,30.0,8.055555555555555,56.409507751464844,108.94640350341797,66.07670593261719
2012-11-12,38.658252015366884,22.749558680840664,30.0,8.14236111111111,56.400604248046875,109.033203125,65.88525390625
2012-11-13,36.75945083332776,22.060719721819023,30.0,6.111111111111111,56.00930404663086,108.65472412109375,65.51065063476562
2012-11-14,31.829082168657216,19.112375501858008,30.0,4.027777777777778,55.351234436035156,107.18795776367188,64.29532623291016
2012-11-15,28.492237738423164,17.85194662726787,30.0,1.6319444444444442,55.16444778442383,107.006591796875,63.962371826171875
2012-11-16,26.829797772595814,18.495997031840346,30.0,1.423611111111111,55.404579162597656,107.5349349975586,64.49515533447266
2012-11-19,33.861012173604934,26.346967482242004,30.0,3.0902777777777777,56.72076416015625,109.71136474609375,65.86027526855469
2012-11-20,37.6314091063532,29.881357172195194,30.0,6.440972222222222,56.738548278808594,109.75867462158203,65.9768295288086
2012-11-21,41.01537348631252,32.371837656408,30.0,10.659722222222223,56.854148864746094,109.96370697021484,66.32645416259766
2012-11-23,50.231135079237106,39.992617448631435,20.0654700562841,35.27777777777777,57.71680450439453,111.4619369506836,66.98406219482422
2012-11-26,53.632574994177475,45.64787327597164,12.468715930919828,36.09375,57.9658203125,111.22538757324219,67.20045471191406
2012-11-27,53.112170889523284,47.08647505815641,9.174896159904355,34.47916666666667,57.77015686035156,110.6575927734375,67.11724090576172
2012-11-28,57.056605571576476,53.36597599847172,4.5874480799521775,45.364583333333336,58.26818084716797,111.54866790771484,67.68325805664062
2012-11-29,61.147415182341334,59.07617317664851,2.2937240399760888,52.13541666666667,58.61503601074219,112.06909942626953,68.4573974609375
2012-11-30,61.134820550143885,60.02389047425066,1.1468620199880444,53.229166666666664,58.5172004699707,112.0927505493164,68.32421112060547
2012-12-03,56.39685083688234,54.20694394356828,4.962536912771799,39.18402777777778,58.401588439941406,111.54077911376953,68.24929809570312
2012-12-04,57.1656796124784,55.004717190884065,3.902709428608118,48.680555555555564,58.36600875854492,111.38306427001953,68.33253479003906
2012-12-05,55.6252631816936,53.282327590361774,4.425313047637392,45.3125,57.71680450439453,111.5802230834961,68.24929809570312
2012-12-06,53.16355901745089,50.041506023180844,6.384748537707584,39.87847222222222,58.09031677246094,111.9587173461914,68.35749053955078
2012-12-07,57.00260572772856,54.79138416439215,3.192374268853792,60.03472222222222,57.74349594116211,112.29779815673828,68.40746307373047
2012-12-10,59.63913725605887,58.31679478565687,1.596187134426896,64.44444444444444,57.91243362426758,112.34510803222656,68.70712280273438
2012-12-11,65.82364348311803,65.09022835167242,0.798093567213448,71.26736111111111,58.66838455200195,113.11001586914062,69.43135833740234
2012-12-12,69.0884170702549,68.6976282057839,0.399046783606724,75.08680555555556,58.54386901855469,113.16521453857422,69.04012298583984
2012-12-13,67.23859803880093,66.93173321994567,0.48164144735892006,74.18402777777777,58.081424713134766,112.47128295898438,68.59891510009766
2012-12-14,62.553782192708766,61.794254909037505,1.7924700292350182,70.12152777777777,57.53004837036133,112.05333709716797,68.55728912353516
2012-12-17,69.08546200652165,68.50366673993815,0.8962350146175091,84.8611111111111,58.29485321044922,113.37024688720703,69.52289581298828
2012-12-18,74.30533918735908,73.94709767915137,0.44811750730875455,88.8888888888889,59.184207916259766,114.63195037841797,70.47181701660156
2012-12-19,75.88876757768315,75.68719886527397,0.22405875365437727,91.66666666666666,58.92628860473633,113.7802963256836,70.62884521484375
2012-12-20,78.04764474811662,77.93937773914358,0.11202937682718864,93.54166666666666,58.92628860473633,114.43478393554688,70.98149108886719
2012-12-21,77.62971644224662,77.49351696091136,0.27302857730247826,92.84722222222223,58.30655288696289,113.39604949951172,70.68761444091797
2012-12-24,73.23410599754483,72.45433380163134,2.002833733095681,87.56944444444444,58.190303802490234,113.04664611816406,70.34339904785156
2012-12-26,66.40385317863786,63.5964767252288,6.947597422103394,74.51388888888889,57.68054962158203,112.57013702392578,69.83960723876953
2012-12-27,64.3723881258064,59.92093546348812,9.588165030496139,74.53125,57.59114074707031,112.41923522949219,69.78924560546875
2012-12-28,59.692426317663845,50.79123713065199,20.22919536247029,59.166666666666664,57.03667449951172,111.20421600341797,69.2938461303711
2012-12-31,66.56669121150651,58.91220969382744,12.783868514568475,85.0,58.243953704833984,113.0942611694336,70.79674530029297
2013-01-02,80.0060267001318,75.11082363323457,6.3919342572842375,99.02777777777779,60.09506607055664,115.9928970336914,72.87903594970703
2013-01-03,84.22562001115506,81.35041645835386,3.3912796286421187,98.40277777777779,59.78207778930664,115.73078155517578,72.71107482910156
2013-01-04,86.97150296668133,85.35953848012618,1.7824453698766174,98.75,59.5853385925293,116.23908233642578,73.24844360351562
2013-01-07,87.3090195074123,86.3892161292684,1.0431324071605275,98.54166666666669,59.60323715209961,115.92141723632812,72.97135925292969
2013-01-08,86.72198798395226,86.07295957399893,0.9338925924691521,97.70833333333334,59.48698043823242,115.58788299560547,72.92101287841797
2013-01-09,86.0985330316878,85.53591871604698,0.9443768517901341,97.5,59.710567474365234,115.88170623779297,73.27364349365234
2013-01-10,87.7522887883404,87.33591469548378,0.6240981481172858,98.54166666666669,60.068267822265625,116.8029556274414,73.44159698486328
2013-01-11,89.20168885537274,88.89277926578421,0.4639587962808617,98.54166666666669,60.14873504638672,116.79498291015625,73.33242797851562
2013-01-14,88.89778517401314,88.60631291112844,0.5140974536959888,98.125,59.880496978759766,116.715576171875,73.37439727783203
2013-01-15,90.30018765059698,89.98146421497634,0.6042709490702132,97.91666666666669,59.5853385925293,116.79498291015625,73.6934585571289
2013-01-16,90.11024773538418,89.16116339766259,2.2986632523128834,95.83333333333334,59.826812744140625,116.77909088134766,73.47514343261719
2013-01-17,91.27471220809103,90.01971273074128,2.5599219039342187,96.45833333333334,60.11299133300781,117.5335464477539,74.15522766113281
2013-01-18,91.11194110640072,89.7150296723036,2.668849840856007,96.66666666666666,59.978843688964844,117.7956314086914,74.36515045166016
2013-01-22,92.81277666509655,91.82602167920354,1.4212304759835614,98.75,60.07719039916992,118.43086242675781,74.90251922607422
2013-01-23,94.24129592540255,93.5722469169153,0.9276291268806691,98.33333333333334,60.443851470947266,118.62152862548828,74.72618103027344
2013-01-24,94.41006160476381,93.74643594719178,1.2016617856625533,97.08333333333334,59.61219024658203,118.65333557128906,74.96966552734375
2013-01-25,93.8422427571435,93.01082792354431,1.6641989483868347,97.08333333333334,59.91624069213867,119.32032775878906,75.51543426513672
2013-01-28,94.3270438820108,93.25941473212534,2.155884196415636,96.66666666666669,60.05038070678711,119.17743682861328,75.5657958984375
2013-01-29,94.31364425696657,93.17262081729152,2.141310153763376,96.875,60.059322357177734,119.64598846435547,75.6077880859375
2013-01-30,93.22677030787776,91.5546947534998,3.522912021326139,94.54861111111111,59.934120178222656,119.17743682861328,74.70098114013672
2013-01-31,92.60984936188518,90.268747482442,4.8647546217741855,92.32638888888889,59.799991607666016,118.88356018066406,75.21318817138672
2013-02-01,93.57735719470247,91.2128439153406,4.320398144220423,94.58333333333334,60.50645446777344,120.10655212402344,75.87648010253906
2013-02-04,89.71421165749342,85.8582152564509,8.366796294332435,87.77777777777777,59.45121765136719,118.75655364990234,74.96127319335938
2013-02-05,92.69732981175707,88.7481660426338,7.264995369388432,93.81944444444446,60.32761001586914,119.9556884765625,75.63297271728516
2013-02-06,94.77040623354867,91.46961406686044,5.4120115735831,95.69444444444446,60.130855560302734,120.04305267333984,75.95201873779297
2013-02-07,94.73365392970143,91.57492617824104,5.613991897902666,93.26388888888889,60.184532165527344,119.88418579101562,75.70014190673828
2013-02-08,94.50797723582642,91.51871808183523,5.280954282284664,93.95833333333334,60.80156707763672,120.55133056640625,76.23748016357422
2013-02-11,94.46562204157178,91.46659450145215,5.461657696697886,93.19444444444446,60.8194580078125,120.5274887084961,76.15354919433594
2013-02-12,94.97465179163504,92.36096948757091,4.401835792793389,95.13888888888889,60.56904983520508,120.72600555419922,76.48939514160156
2013-02-13,94.90821726387836,92.802288394493,3.3673675491744715,95.01736111111111,60.78368377685547,120.8292465209961,76.80845642089844
2013-02-14,94.89209093981131,92.90436115488976,3.5066004412539007,92.91666666666667,60.76580047607422,120.94035339355469,77.00155639648438
2013-02-15,94.14736364660376,91.8870491929556,4.35746688729362,92.5,60.58692932128906,120.79744720458984,77.02676391601562
2013-02-19,95.03801010442348,93.02418682016656,3.4374139992023633,94.72222222222223,61.02513122558594,121.70283508300781,77.70684051513672
2013-02-20,88.97702188665968,84.99796519297954,9.021224360712297,84.39236111111111,60.08613586425781,120.18596649169922,76.2626953125
2013-02-21,81.89860256623561,71.73302934110052,24.10696634702282,65.03472222222223,59.4422607421875,119.45530700683594,75.52381134033203
2013-02-22,84.3921267813378,73.77510877415341,19.714073451289188,82.91666666666667,60.04143524169922,120.62277221679688,76.43060302734375
2013-02-25,75.64665142517472,61.10764542277994,30.0,48.62847222222222,59.29918670654297,118.32768249511719,74.74298858642578
2013-02-26,74.45850013286022,58.612164798728635,30.0,53.871527777777786,59.522743225097656,119.1376724243164,75.03684997558594
2013-02-27,83.98246300724972,67.70035122920585,30.0,80.64236111111111,60.130855560302734,120.63863372802734,75.82611083984375
2013-02-28,86.45758026167584,70.58172923862935,28.49585571917781,75.26041666666666,60.005653381347656,120.40037536621094,75.96883392333984
2013-03-01,88.20530453166974,74.71313017917532,22.364247304033356,81.31944444444444,60.256046295166016,120.79744720458984,76.31305694580078
2013-03-04,90.23278669574177,79.18845164194862,17.855300735350017,83.42013888888889,60.52434158325195,121.44074249267578,76.51457977294922
2013-03-05,91.83129926895097,83.28494726435389,13.267928145452794,88.26388888888889,61.418609619140625,122.5286636352539,77.40458679199219
2013-03-06,93.29376642298367,87.57488425219236,7.82754046161529,91.875,61.266563415527344,122.69544982910156,77.60607147216797
2013-03-07,93.69977399284642,89.81734288832355,5.389464675252091,90.41666666666666,61.42755126953125,122.91783142089844,77.97551727294922
2013-03-08,94.52770244205993,91.89537447601535,3.6495934487371526,92.08333333333334,61.49907684326172,123.44197082519531,78.69760131835938
2013-03-11,94.08145636957555,91.94609056344035,3.430699502146353,90.0,61.6779670715332,123.9104995727539,78.67240142822266
2013-03-12,94.23131878985852,92.42109523279032,2.9957316955176228,91.04166666666666,61.45438766479492,123.632568359375,78.51287841796875
2013-03-13,93.78821737439729,92.06068608388152,3.065791194981035,90.0,61.3739013671875,123.80728912353516,78.80671691894531
2013-03-14,93.90996134702132,92.33441118851027,2.7264719863794102,90.90277777777777,61.5795783996582,124.4664306640625,79.5959701538086
2013-03-15,93.42878341197007,91.9362627426487,2.6381925904119283,90.64236111111111,61.40837478637695,124.30211639404297,79.55399322509766
2013-03-18,90.31792780399005,88.50124880041851,3.597742128539299,87.43055555555556,61.2739143371582,123.6160659790039,79.11740112304688
2013-03-19,88.32634630503374,86.15408252472213,4.2728293976029885,86.21527777777777,61.157386779785156,123.32893371582031,78.78157043457031
2013-03-20,89.45878210167791,86.71797985016165,5.500129976579271,86.59722222222223,61.5876579284668,124.19043731689453,79.51202392578125
2013-03-21,85.914964404263,82.7278155191625,6.2005858216229655,85.72916666666667,60.888511657714844,123.12955474853516,78.81515502929688
2013-03-22,86.934154801421,83.73637219371959,5.823817216367045,87.72569444444444,61.4800910949707,124.11864471435547,79.05863189697266
2013-03-25,85.67573678565886,82.04616035268369,6.991769719294638,84.51388888888889,61.25599670410156,123.60012817382812,79.1041030883789
2013-03-26,88.99237522484924,85.63335978939425,5.861336248536212,87.77777777777777,61.5876579284668,124.58927154541016,79.35669708251953
2013-03-27,89.5122732230979,86.82467819164052,4.276154235379222,88.88888888888889,61.66834259033203,124.58927154541016,79.40721130371094
2013-03-28,90.86520218547709,88.4732083198014,4.080351423245173,88.38541666666666,61.820701599121094,124.97216796875,79.50823974609375
2013-04-01,86.76941924701089,82.30572926002404,9.999160086622588,78.62847222222223,61.39942169189453,124.47753143310547,78.43891906738281
2013-04-02,85.46573234159624,79.47104521894204,12.291246709977967,78.09027777777777,61.883460998535156,125.09180450439453,77.9505844116211
2013-04-03,79.02931818793948,68.62281833818842,22.93164766054454,62.291666666666664,61.31876754760742,123.82350158691406,76.72969818115234
2013-04-04,77.10792087746131,63.093082976814834,28.76183077471672,61.666666666666664,61.33668899536133,124.32601928710938,77.38645935058594
2013-04-05,74.9429180702649,59.27130543671606,30.0,58.83680555555556,60.82577896118164,123.76761627197266,77.23491668701172
2013-04-08,76.93421343082903,60.71034255297943,30.0,64.93055555555556,61.148433685302734,124.60523986816406,77.87478637695312
2013-04-09,80.6840896621282,65.36313747867973,27.035441520450703,70.0173611111111,61.560752868652344,125.03598022460938,77.64746856689453
2013-04-10,87.51830766515386,76.98137402432913,14.808953399114245,87.27430555555554,62.76185989379883,126.56748962402344,79.05355834960938
2013-04-11,89.7084173698661,82.64164930623505,9.693973227334899,86.23263888888889,62.734954833984375,126.98233032226562,79.16303253173828
2013-04-12,88.19678727143685,81.68079530206695,11.346552585889683,79.11458333333331,62.69014358520508,126.67118835449219,78.84307098388672
2013-04-15,74.77093311883354,62.30493963876009,28.0745349735004,47.916666666666664,61.45319366455078,123.73575592041016,75.87089538574219
2013-04-16,76.2037369655371,61.999787356667184,27.405323042305753,62.10069444444444,62.268882751464844,125.56246185302734,77.18441772460938
2013-04-17,69.79546185091971,54.060811981296396,30.0,46.99652777777778,61.04984664916992,123.7278060913086,75.84561157226562
2013-04-18,65.46777589522789,49.22289260535346,30.0,40.90277777777777,60.2072868347168,122.95401000976562,75.42464447021484
2013-04-19,66.08925863174262,49.674297535117816,30.0,45.52083333333333,61.031898498535156,124.02287292480469,76.29186248779297
2013-04-22,71.24456769206236,54.77291399318742,30.0,54.6875,61.65936279296875,124.57332611083984,76.51082611083984
2013-04-23,76.4963373788356,62.109703921492084,24.26204243014149,66.28472222222223,62.25093460083008,125.85759735107422,77.72321319580078
2013-04-24,82.3844272744267,70.50502715098995,19.31960628451518,76.57986111111111,62.224063873291016,125.93732452392578,78.1274185180664
2013-04-25,84.58693872110521,74.66622937965036,16.25702536447981,76.75347222222223,62.55572509765625,126.44783020019531,78.6410140991211
2013-04-26,83.7095351292573,75.03104599954365,14.649780043351011,72.76041666666666,62.358489990234375,126.2244873046875,78.22001647949219
2013-04-29,84.80780800604873,78.13109501041873,10.319681688342166,77.69097222222223,62.932167053222656,127.07005310058594,78.78414916992188
2013-04-30,86.6451952612755,82.14971676338796,6.190656816393302,83.97569444444444,63.38932418823242,127.37315368652344,79.23040008544922
2013-05-01,81.82247249449925,77.33102533349427,8.162602713752205,71.05902777777777,63.093475341796875,126.2563705444336,77.31068420410156
2013-05-02,84.96397231298124,81.5844230627176,5.133818717987214,83.90624999999999,63.89125442504883,127.42899322509766,78.53994750976562
2013-05-03,88.08289817840117,86.01518166334897,2.566909358993607,87.7951388888889,64.6441879272461,128.72122192382812,79.78611755371094
2013-05-06,88.29476235576337,87.007608653449,1.6306769017190312,86.68402777777777,64.8951416015625,129.04833984375,80.29973602294922
2013-05-07,89.32279115562483,88.59478248953823,0.8153384508595156,88.69791666666667,64.85932159423828,129.70233154296875,80.9564437866211
2013-05-08,90.22935631113421,89.71586110691072,0.7386154059853158,87.63888888888889,65.1729965209961,130.2926788330078,81.19217681884766
2013-05-09,90.09728543704476,89.56989591259517,0.9715212446593231,86.77083333333334,65.08341217041016,129.92578125,80.91436004638672
2013-05-10,90.76622477531123,90.41231603897381,0.48576062232966155,88.71527777777779,65.47777557373047,130.34854125976562,81.52900695800781
2013-05-13,92.06744529547413,91.86041960260121,0.24288031116483078,91.00694444444444,65.55842590332031,130.45225524902344,81.47006225585938
2013-05-14,93.03775954293582,92.92422292159797,0.12144015558241539,92.8125,65.8990478515625,131.8002471923828,82.51409149169922
2013-05-15,93.5408272550527,93.48071768608331,0.060720077791207694,93.4375,66.03350067138672,132.51023864746094,82.68251037597656
2013-05-16,93.8131461220546,93.78197758480309,0.030360038895603847,94.375,65.9617919921875,131.88803100585938,82.47200012207031
2013-05-17,94.66734500364785,94.65138948409981,0.015180019447801923,95.0,66.59819030761719,133.16427612304688,83.39820861816406
2013-05-20,94.75022611232708,94.71029589854194,0.09439556527945898,94.72222222222221,66.4996109008789,133.15631103515625,83.53289794921875
2013-05-21,94.56489018559054,94.53427426069425,0.04719778263972949,95.06944444444444,66.57134246826172,133.34776306152344,83.54975128173828
2013-05-22,90.83366709890056,90.48856465082156,0.9133558357643068,92.22222222222223,65.98870086669922,132.35861206054688,82.32887268066406
2013-05-23,89.2186297737076,88.58603131371709,1.411539028993265,92.01388888888889,65.8363037109375,131.97579956054688,82.42994689941406
2013-05-24,87.12287659123588,86.17181913907176,2.018703542274405,90.86805555555557,65.80045318603516,131.8640899658203,82.41307067871094
2013-05-28,88.22012553041196,87.19880934138473,1.9208101044705372,92.15277777777777,66.23069763183594,132.65382385253906,83.4823989868164
2013-05-29,85.660875176804,83.22168781223459,5.723859913346381,86.31944444444444,65.91698455810547,131.79229736328125,82.70775604248047
2013-05-30,87.74019913300876,84.36987752274248,6.974343151117632,87.67361111111111,66.26654052734375,132.2788848876953,83.26347351074219
2013-05-31,83.77914045174366,76.6982508928389,16.247588242225483,74.30555555555556,65.65702819824219,130.38038635253906,82.34571838378906
2013-06-03,83.2106394098405,73.63442219857535,19.679783704446074,76.54513888888889,65.77357482910156,131.0983428955078,83.12875366210938
2013-06-04,79.70169461809499,66.6950646463026,26.766975185556376,67.81249999999999,65.4329605102539,130.46817016601562,82.24468994140625
2013-06-05,74.47844544487586,59.14290212094507,30.0,53.385416666666664,64.5814208984375,128.64146423339844,81.19217681884766
2013-06-06,75.14142625940309,59.02957848475947,30.0,60.15625,64.8951416015625,129.80609130859375,82.05101776123047
2013-06-07,82.06241986424548,65.69180393936428,30.0,71.54513888888889,65.78250122070312,131.4572296142578,82.68251037597656
2013-06-10,85.02126958437813,68.76629989972557,29.4493573900695,73.10763888888889,65.8094253540039,131.4572296142578,83.18769073486328
2013-06-11,78.3654231947927,61.947099966575195,30.0,54.58333333333333,65.15508270263672,130.10121154785156,82.2867660522461
2013-06-12,73.7158781103095,57.243103700903674,30.0,44.30555555555556,64.40213775634766,129.02432250976562,81.47006225585938
2013-06-13,79.40158899973281,62.91066419659753,30.0,60.329861111111114,65.21781921386719,130.9866485595703,82.90984344482422
2013-06-14,74.22460374065169,57.72762880627325,30.0,47.517361111111114,64.78758239746094,130.16502380371094,82.26994323730469
2013-06-17,77.19153458021724,60.69254293542443,30.0,61.232638888888886,65.41503143310547,131.1701202392578,82.80876922607422
2013-06-18,81.9879189341465,66.83159713115903,26.336339785608722,71.42361111111111,65.95284271240234,132.20701599121094,83.78548431396484
2013-06-19,76.65013964471551,60.9549971084877,29.026459823359918,47.43055555555556,65.21781921386719,130.38038635253906,82.75828552246094
2013-06-20,63.93800139230909,47.70628721356648,30.0,24.583333333333332,63.667152404785156,127.14979553222656,80.56913757324219
2013-06-21,60.465094698386594,44.0545233054724,30.0,27.447916666666664,63.32905960083008,127.55797576904297,80.8049087524414
2013-06-24,56.957826385782965,40.48763592147823,30.0,23.10763888888889,62.69967269897461,125.94615936279297,79.7439956665039
2013-06-25,56.110799000246445,39.62073551214486,30.0,24.496527777777775,63.158241271972656,127.15703582763672,80.51019287109375
2013-06-26,56.94779467449386,40.451106845126674,30.0,24.427083333333336,63.724727630615234,128.4159698486328,80.88909912109375
2013-06-27,65.41177199588623,48.912876052763835,30.0,37.72569444444444,63.99446487426758,129.1697235107422,82.14363861083984
2013-06-28,64.51385982158472,48.014227840543924,30.0,25.79861111111111,64.08436584472656,128.6405487060547,81.672119140625
2013-07-01,68.72842493346974,52.22854760645614,30.0,37.74305555555556,64.48001861572266,129.39430236816406,83.00244903564453
2013-07-02,69.1106033716847,52.610644262680175,30.0,32.777777777777786,64.50701141357422,129.27403259277344,82.94329071044922
2013-07-03,70.18730617391651,53.68731980424833,30.0,36.197916666666664,64.76774597167969,129.3301239013672,83.11239624023438
2013-07-05,78.1050279838981,65.17669393539367,20.25910525076824,68.75,65.26227569580078,130.72552490234375,84.28785705566406
2013-07-08,80.45584266129936,71.8931300135089,11.599821722606343,68.40277777777777,65.32526397705078,131.4712677001953,84.62615203857422
2013-07-09,81.90194755376645,76.70225368406219,6.396699055747618,69.51388888888889,65.72089385986328,132.41741943359375,85.41265106201172
2013-07-10,82.84694548088513,79.92905026687443,3.2309016112071394,71.31944444444446,66.09851837158203,132.4656219482422,85.64940643310547
2013-07-11,85.47305590103579,83.90809220097758,1.6154508056035697,78.75,67.4113540649414,134.26986694335938,86.6557388305664
2013-07-12,86.15398159664156,85.24863211374299,1.0464406805795616,77.98611111111111,67.70806121826172,134.32601928710938,86.83333587646484
2013-07-15,86.43188275443607,85.83480884832659,0.8053383958453344,77.84722222222223,67.86090087890625,134.83920288085938,87.59446716308594
2013-07-16,86.4958127699972,86.14914276205575,0.4026691979226672,78.88888888888889,67.7710189819336,134.3340301513672,87.1546859741211
2013-07-17,87.0504561085176,86.86107675291795,0.2013345989613336,79.2361111111111,67.94184875488281,134.6788330078125,87.49296569824219
2013-07-18,86.6506149991355,86.40535874347789,0.49671764670288554,77.96875,67.7710189819336,135.4165802001953,88.07647705078125
2013-07-19,88.59140870341554,88.41859171630081,0.24835882335144277,86.90972222222223,67.06967163085938,135.6571807861328,88.2117919921875
2013-07-22,90.57491401224962,90.47177589893028,0.12417941167572139,91.97916666666667,67.26744842529297,135.9217529296875,88.39785766601562
2013-07-23,92.46339726334244,92.40625166676213,0.06208970583786069,95.0,66.77289581298828,135.6331329345703,88.338623046875
2013-07-24,90.80770649518823,90.70764956090599,0.22093200569670712,94.39236111111111,66.98873138427734,135.1359405517578,87.6029281616211
2013-07-25,91.00951327617383,90.92173170583168,0.14844343340391158,94.87847222222221,67.4113540649414,135.46469116210938,88.40630340576172
2013-07-26,90.32307849946537,90.25267828869022,0.11219914725751381,94.87847222222221,67.7710189819336,135.6090850830078,88.0511474609375
2013-07-29,88.40398912945143,88.24855208589955,0.35991901807320337,94.02777777777777,67.64509582519531,135.19207763671875,87.43377685546875
2013-07-30,88.11382970981714,87.99603220865309,0.17995950903660168,95.08680555555554,68.00479888916016,135.19207763671875,87.50985717773438
2013-07-31,89.47220249586496,89.28058644659802,0.41550058785163124,94.04513888888889,68.13068389892578,135.28829956054688,87.66211700439453
2013-08-01,92.10554898010315,91.96550185590803,0.20775029392581562,96.52777777777777,68.82305145263672,136.85195922851562,88.85449981689453
2013-08-02,92.98333114151586,92.77920357400887,0.4293959802962382,95.48611111111111,69.20970916748047,137.08456420898438,88.93062591552734
2013-08-05,93.42592519532012,93.2632457245783,0.25810076792589587,96.38888888888889,69.25463104248047,136.884033203125,89.23503875732422
2013-08-06,91.82114173177338,91.1347443368508,1.7241024672962781,93.21180555555556,68.8410415649414,136.10614013671875,88.338623046875
2013-08-07,87.64084354022076,84.34476537985336,8.365306441981469,83.45486111111111,68.71514892578125,135.66513061523438,87.71282196044922
2013-08-08,87.69231821711062,83.99969229049526,7.074363290435168,91.0763888888889,69.05684661865234,136.16238403320312,88.07647705078125
2013-08-09,85.40438385014798,80.32427775978901,10.497902131328686,84.56597222222223,68.778076171875,135.76942443847656,87.98344421386719
2013-08-12,84.74127609819749,78.40989501992682,12.64912467677545,83.4375,68.93993377685547,135.6090850830078,88.44857788085938
2013-08-13,84.63505499569546,77.13610783210382,14.69587310227661,82.41319444444444,69.32657623291016,136.00994873046875,88.33019256591797
2013-08-14,82.09409240597256,71.578838548895,21.860740370582743,72.06597222222223,69.0658187866211,135.31231689453125,87.98344421386719
2013-08-15,73.09951133023324,58.59442671120739,30.0,49.982638888888886,67.89690399169922,133.41989135742188,86.35132598876953
2013-08-16,68.35752669551815,52.522498489176186,30.0,49.045138888888886,67.86992645263672,132.9788360595703,85.98767852783203
2013-08-19,62.45481348751433,46.17647075206702,30.0,38.923611111111114,67.75303649902344,132.12879943847656,85.11663818359375
2013-08-20,64.293402626205,47.867288381055886,30.0,47.22222222222223,68.04975128173828,132.77838134765625,86.34286499023438
2013-08-21,62.76621486733828,46.290843452288584,30.0,38.62847222222223,67.81597137451172,131.96038818359375,85.81854248046875
2013-08-22,70.60123828911277,54.109447817429526,30.0,56.52777777777778,68.48137664794922,133.16322326660156,87.0278549194336
2013-08-23,75.55596831859314,59.05870482803207,30.0,57.03125,68.93993377685547,133.6123046875,87.24771881103516
2013-08-26,76.56726721730882,60.0681793871218,30.0,56.579861111111114,68.97590637207031,133.11514282226562,87.25617218017578
2013-08-27,65.16203922837332,48.66234328497764,30.0,32.89930555555556,67.56421661376953,130.9740447998047,85.20964813232422
2013-08-28,62.60599019239095,46.10609154459239,30.0,34.791666666666664,67.82495880126953,131.4391326904297,85.37877655029297
2013-08-29,63.00132253494901,46.50135631901615,30.0,33.940972222222214,68.3015365600586,131.6476287841797,86.23291015625
2013-08-30,60.26705401191904,43.76706527327475,30.0,29.375,67.86090087890625,131.23065185546875,84.88831329345703
2013-09-03,60.864409793205105,44.36441354699034,30.0,32.53472222222222,68.24758911132812,131.8240966796875,85.46338653564453
2013-09-04,67.71452548662393,51.21452673788566,30.0,40.86805555555556,68.97590637207031,132.91464233398438,86.21600341796875
2013-09-05,69.95067516220799,53.45067557929522,30.0,41.94444444444444,69.0927963256836,133.08309936523438,86.35132598876953
2013-09-06,70.16087320221747,53.66087334124656,30.0,43.55902777777778,69.1737060546875,133.14724731445312,86.58808898925781
2013-09-09,74.1170503266651,58.96390040963318,26.32677262738617,56.09375,69.98299407958984,134.4222412109375,87.8989028930664
2013-09-10,78.70059084962911,66.72227145115323,18.892552980359753,64.0798611111111,70.32469177246094,135.4165802001953,88.76148223876953
2013-09-11,81.4895488017282,73.60345345583697,10.618151490179882,68.31597222222221,70.18978881835938,135.8416290283203,88.80376434326172
2013-09-12,79.37383108205756,73.91522499911639,7.717929911756606,60.607638888888886,70.14485168457031,135.48072814941406,88.15259552001953
2013-09-13,81.02507332364881,77.70305521032786,4.09768023365608,67.55208333333333,70.18978881835938,135.78546142578125,88.63463592529297
2013-09-16,83.35048740417923,81.49190665690197,2.04884011682804,75.22569444444446,70.0009765625,136.57127380371094,88.82913970947266
2013-09-17,85.18118098657825,84.18603338273402,1.02442005841402,77.30902777777779,70.46855163574219,137.1807861328125,89.70861053466797
2013-09-18,88.12659736589646,87.60707115390582,0.51221002920701,81.47569444444446,71.31375122070312,138.7685089111328,90.5627212524414
2013-09-19,88.73803245529884,88.30385118483623,0.7118341812701746,80.01736111111111,71.48460388183594,138.5359344482422,90.4697265625
2013-09-20,88.8089737813959,88.47207564458293,0.5241028545239802,80.9375,71.23931884765625,137.56741333007812,90.13990783691406
2013-09-23,87.43123200120604,87.22284709893898,0.2620514272619901,82.63888888888889,71.09497833251953,136.93080139160156,90.14836883544922
2013-09-24,85.64466992632794,85.52716553057422,0.13102571363099505,83.09027777777777,71.09497833251953,136.60848999023438,90.44763946533203
2013-09-25,83.50238997544264,83.31188564787757,0.4127350790377163,81.97916666666667,70.85148620605469,136.21360778808594,90.27812957763672
2013-09-26,84.43644480662903,84.29727526628376,0.20636753951885814,85.59027777777777,71.40164947509766,136.73739624023438,90.77837371826172
2013-09-27,84.1714075281356,83.91212576207168,0.5806143253149827,84.0625,71.31143951416016,136.1088409423828,90.37136840820312
2013-09-30,82.74046917604521,81.50122732679023,3.1440398015463753,76.45833333333334,71.14009094238281,135.3836669921875,90.39682006835938
2013-10-01,84.97043416979285,83.78201685827621,2.1145546229954064,83.85416666666667,71.8615951538086,136.4553985595703,91.4482421875
2013-10-02,86.14570027881985,85.13909190150588,1.6649162003865916,83.64583333333333,71.83453369140625,136.32638549804688,91.07514953613281
2013-10-03,81.35551120405107,78.56033505959776,6.708109141859966,73.40277777777777,70.99581146240234,135.0693817138672,90.14241027832031
2013-10-04,84.04165188283184,81.41859028830271,4.6127351264855365,81.5625,71.60905456542969,136.0927276611328,90.74445343017578
2013-10-07,78.4907358127958,73.09449856365265,12.332409229909429,68.07291666666667,71.01380920410156,134.91629028320312,89.68455505371094
2013-10-08,66.56603952124543,53.767293771531044,30.0,38.52430555555556,69.64298248291016,133.34495544433594,88.23460388183594
2013-10-09,59.28412744226638,44.01787885902825,30.0,29.70486111111111,69.42654418945312,133.4416961669922,87.87848663330078
2013-10-10,74.5576721103851,58.46892258263904,30.0,76.31944444444444,70.89657592773438,136.31846618652344,89.99827575683594
2013-10-11,82.93403885160986,71.81545956429147,15.697262122008224,89.42708333333333,71.45572662353516,137.19671630859375,91.30409240722656
2013-10-14,86.7682907283144,80.18426624350677,7.848631061004112,90.24305555555556,71.96080017089844,137.74464416503906,91.76194763183594
2013-10-15,84.65609690943813,79.09289122461446,9.186902336057619,78.62847222222221,71.68123626708984,136.74546813964844,90.8631591796875
2013-10-16,86.5214767475905,82.76398708640907,5.190239362473256,88.33333333333333,72.49291229248047,138.65528869628906,91.99090576171875
2013-10-17,87.88169595290054,85.56426575910885,2.904364472903293,89.25347222222223,72.90776824951172,139.58197021484375,92.7964096069336
2013-10-18,89.33510235467057,88.03015880337438,1.4521822364516466,92.13541666666667,74.08926391601562,140.524658203125,93.85631561279297
2013-10-21,89.63994152563095,88.84324082073829,0.9865077848924929,91.30208333333333,74.25160217285156,140.53271484375,93.66979217529297
2013-10-22,92.01516569372883,91.56873903153432,0.49325389244624646,96.52777777777777,74.35978698730469,141.3466339111328,93.91567993164062
2013-10-23,91.65366634235406,91.1975945306926,0.8379897934453464,94.63541666666666,73.90885162353516,140.66973876953125,93.60197448730469
2013-10-24,92.12390729930321,91.78443390226589,0.51122579950045,96.23263888888889,74.23353576660156,141.1370391845703,94.1021957397461
2013-10-25,92.23528391458255,92.00850844584689,0.3098663719724482,96.35416666666666,74.76565551757812,141.78176879882812,94.18701171875
2013-10-28,92.1636131567127,91.9218013299577,0.4533272832084473,95.57291666666666,74.78368377685547,142.00733947753906,94.14459991455078
2013-10-29,92.9587043855709,92.79499044139769,0.22666364160422364,96.66666666666666,74.909912109375,142.76483154296875,94.41596984863281
2013-10-30,91.49179035074584,91.091302055894,0.9434099458021118,94.01041666666666,74.83777618408203,142.0557098388672,93.12713623046875
2013-10-31,88.16531900580418,87.41127327162317,1.6924080979010558,92.76041666666666,74.66642761230469,141.65281677246094,92.58445739746094
2013-11-01,88.031032261194,86.96810678185179,2.213391548950528,92.29166666666666,74.6844711303711,141.99127197265625,92.18592834472656
2013-11-04,90.6996959389165,89.74265889099486,1.643805149475264,94.94791666666666,74.79269409179688,142.49087524414062,93.24584197998047
2013-11-05,89.08832457223144,87.53695836218708,3.360965074737632,92.53472222222221,74.87386322021484,142.03961181640625,92.92359161376953
2013-11-06,91.00629337592899,89.05539454915674,3.910300245702146,92.08333333333333,74.8558120727539,142.76483154296875,92.52510833740234
2013-11-07,85.79422742160595,80.17989678384019,13.53826644229551,77.91666666666667,73.44889831542969,140.95985412597656,90.96492004394531
2013-11-08,88.89390914053531,82.94503630704442,11.12026169336997,89.54861111111111,74.44096374511719,142.8615264892578,92.61837005615234
2013-11-11,89.71417341721548,84.0871409192118,9.938386055018317,89.11458333333333,74.32369232177734,142.8856964111328,92.74553680419922
2013-11-12,89.43111336129405,83.34226705279873,11.490460388620265,86.23263888888889,74.44096374511719,142.59556579589844,92.82186126708984
2013-11-13,92.06963037969064,87.07604483292661,8.0835548470879,91.59722222222223,75.34283447265625,143.73980712890625,93.71219635009766
2013-11-14,93.75098790434133,90.1827440093798,5.191951034655062,92.9861111111111,75.57735443115234,144.45704650878906,93.6189193725586
2013-11-15,94.24477374589156,91.67381392455096,3.767850517327531,92.91666666666666,75.72162628173828,145.08555603027344,93.97502136230469
2013-11-18,93.01723939677868,89.97552041472917,5.9583610225526495,89.28819444444444,74.9820785522461,144.577880859375,93.31362915039062
2013-11-19,90.37519091003735,85.74649362670101,9.858520789054106,83.59374999999999,74.76565551757812,144.26365661621094,92.7370834350586
2013-11-20,85.41302659964208,77.76585702720338,16.648010394527056,75.62499999999999,74.58528137207031,143.81240844726562,92.70313262939453
2013-11-21,88.96174960728811,82.47731131636746,10.7328593639302,88.95833333333331,75.34283447265625,144.97279357910156,94.37354278564453
2013-11-22,89.77567579502197,84.66777284243899,8.03570051529843,88.83680555555556,75.74867248535156,145.69793701171875,94.83993530273438
2013-11-25,90.49513267241474,86.25103572569347,6.93126171598255,88.22916666666666,75.92906188964844,145.5529022216797,94.9586410522461
2013-11-26,90.93402570561975,87.42900628841215,5.700873913546829,87.79513888888889,76.32588958740234,145.5931854248047,95.66240692138672
2013-11-27,90.84606412409548,86.88397469115378,7.619317165106754,85.6423611111111,76.85800170898438,145.9477996826172,96.19658660888672
2013-11-29,90.62461396729108,86.18630338205946,8.502583929775597,86.45833333333333,77.31796264648438,145.85108947753906,96.24747467041016
2013-12-02,88.58227872983777,83.64028047402394,9.443349256554459,85.625,77.09249877929688,145.47232055664062,95.28085327148438
2013-12-03,86.00103735439038,81.2518003521767,8.459738864388337,85.15625,77.02935791015625,144.84385681152344,94.82296752929688
2013-12-04,83.50960504405606,77.95062455475437,10.843367696083053,77.70833333333333,77.10147857666016,144.8277130126953,94.56857299804688
2013-12-05,81.2420905702409,74.9861434360066,12.008055375819296,73.76736111111111,77.0022964477539,144.19113159179688,94.63642120361328
2013-12-06,84.93717833822845,78.94755015976867,10.648124910131866,83.54166666666666,77.56145477294922,145.80271911621094,95.37409210205078
2013-12-09,87.98461500163171,82.68120684056538,9.018723913399272,84.99999999999999,77.87713623046875,146.1734161376953,95.3486557006836
2013-12-10,86.99116796350687,81.69601759513932,9.620039040032971,82.43055555555554,77.822998046875,145.64962768554688,94.48379516601562
2013-12-11,79.09288932116895,68.84631959891077,23.13141708946093,61.076388888888886,76.82189178466797,144.0138397216797,92.93209075927734
2013-12-12,76.0212408848341,61.605717644081366,30.0,57.552083333333336,76.62351989746094,143.53843688964844,93.13557434082031
2013-12-13,72.23763585050025,56.432461436916014,30.0,50.24305555555556,76.52432250976562,143.52227783203125,93.44084930419922
2013-12-16,74.20328602424082,57.93489455304608,30.0,59.6875,76.94818115234375,144.416748046875,94.5516357421875
2013-12-17,72.11266941548769,55.68987225842277,30.0,52.5,76.79484558105469,143.95742797851562,94.41596984863281
2013-12-18,83.07459350886627,69.16537425129063,23.004418741510918,79.93055555555557,77.68773651123047,146.41510009765625,95.7132568359375
2013-12-19,86.60079042888135,76.616988258931,14.583806592977673,79.09722222222223,77.4712905883789,146.2459716796875,95.00102996826172
2013-12-20,89.91693014296044,83.65867928731998,7.991773088155502,86.59722222222223,78.26024627685547,147.0965576171875,96.6036148071289
2013-12-23,90.17786560320903,86.09747138609296,5.439028905188863,84.30555555555554,79.08354187011719,147.88246154785156,97.6990737915039
2013-12-24,90.46114038625485,87.69604841506117,3.831710633149985,84.23611111111111,79.11968994140625,148.20657348632812,98.0735855102539
2013-12-26,90.98519494356643,89.3451029852392,1.9592580943527693,86.45833333333334,79.38211822509766,148.96002197265625,98.08208465576172
2013-12-27,91.87839831452214,90.97250367778173,0.9796290471763847,88.95833333333333,79.18305206298828,148.9519500732422,98.02252960205078
2013-12-30,92.40437351224813,91.92280997468566,0.48981452358819233,89.23611111111111,79.06544494628906,148.927734375,97.96294403076172
2013-12-31,92.05655043000866,91.80622992149665,0.24490726179409616,90.13888888888889,79.58113098144531,149.63246154785156,98.1927719116211
2014-01-02,88.7628316248177,88.51513415176254,0.4479744642303829,89.09722222222221,78.95687866210938,148.1985321044922,97.1287612915039
2014-01-03,86.75844387493923,86.37890564881194,0.8099247321151914,88.26388888888889,78.3868637084961,148.17417907714844,97.6224594116211
2014-01-06,84.26485166201678,83.69941579779027,1.197063060502042,87.60416666666666,78.09733581542969,147.74478149414062,96.83087158203125
2014-01-07,86.2697653688204,85.83795365854175,0.6636356969176906,89.93055555555554,78.82115936279297,148.65223693847656,97.63948059082031
2014-01-08,86.35890327108828,85.78296962878272,1.178172015125515,87.43055555555554,78.9930419921875,148.68458557128906,97.76719665527344
2014-01-09,87.33676405332574,86.6821155160805,1.2618290631183111,87.98611111111111,78.73065948486328,148.78187561035156,97.7927017211914
2014-01-10,89.32243986962712,88.87288836230701,0.6309145315591556,91.80555555555554,78.98402404785156,149.18687438964844,98.32894134521484
2014-01-13,84.78664662320904,81.24675056313131,9.24557879355735,76.09375,77.8168716430664,147.20193481445312,96.98407745361328
2014-01-14,87.6557340595882,83.93728527926197,6.923136619000898,86.84027777777777,79.30066680908203,148.80613708496094,98.17572021484375
2014-01-15,90.05746690875162,86.9599112499742,5.067471087278226,88.40277777777777,79.95207977294922,149.60818481445312,98.90776824951172
2014-01-16,90.90434082143572,88.46535534695336,3.835818876972439,88.36805555555556,79.96113586425781,149.41375732421875,99.02691650390625
2014-01-17,90.3662617552934,88.53572468728024,2.775114299597327,89.0625,79.50874328613281,148.78187561035156,98.67792510986328
2014-01-21,91.45727243694965,89.81712743620426,2.8089981220208866,87.43055555555554,80.11491394042969,149.21929931640625,99.2652587890625
2014-01-22,91.95612784935359,90.50452823969758,2.467867116565997,89.16666666666666,80.32302856445312,149.31654357910156,99.76746368408203
2014-01-23,86.13259817200675,82.30783446963989,9.11153772494966,77.01388888888889,80.05158996582031,148.09317016601562,99.09502410888672
2014-01-24,72.07041130836923,59.795490074246935,30.0,42.083333333333336,78.4773941040039,144.9334716796875,96.5669937133789
2014-01-27,65.22548693452995,50.13384652315585,30.0,36.78819444444444,77.71736907958984,144.22047424316406,95.15401458740234
2014-01-28,65.15114461134154,49.12059780755017,30.0,41.82291666666667,77.67213439941406,145.07923889160156,96.1584243774414
2014-01-29,63.08801995255778,46.744504351294,30.0,35.95486111111111,76.83977508544922,143.68580627441406,94.7709732055664
2014-01-30,64.44065127775285,47.99281274399826,30.0,43.21180555555556,78.26024627685547,145.20887756347656,96.18395233154297
2014-01-31,63.942589169519636,47.459976324934765,30.0,37.638888888888886,78.05209350585938,144.3582000732422,95.46895599365234
2014-02-03,56.249611631937896,39.7554073504096,30.0,28.59375,76.26073455810547,141.109375,92.48130798339844
2014-02-04,56.35724381041496,39.85917571657218,30.0,31.388888888888886,76.8216552734375,142.09783935546875,93.17927551269531
2014-02-05,53.78134689055786,37.28199085927693,30.0,28.73263888888889,76.62261962890625,141.91954040527344,92.48130798339844
2014-02-06,57.414124829932746,40.914339486172445,30.0,28.541666666666668,77.59974670410156,143.79107666015625,93.21329498291016
2014-02-07,64.15921832718021,47.659289879260115,30.0,36.80555555555556,78.98402404785156,145.57347106933594,94.26879119873047
2014-02-10,69.47251722017118,52.97254107086448,30.0,41.80555555555556,79.43636322021484,145.84085083007812,94.51564025878906
2014-02-11,74.19361685116817,57.69362480139927,30.0,53.68055555555555,80.34114074707031,147.43687438964844,95.35830688476562
2014-02-12,77.98861302446346,63.656390384655204,24.08788715423261,63.611111111111114,80.49494934082031,147.5098114013672,95.73283386230469
2014-02-13,80.15916730445078,68.27612164994243,19.37901302156075,65.69444444444444,81.0920639038086,148.27137756347656,96.95002746582031
2014-02-14,81.15583354592803,71.10763874139838,16.60139887189148,67.04861111111111,81.25489044189453,149.0897216796875,97.08624267578125
2014-02-18,81.97046303382787,73.26193677802675,14.6158036026124,68.95833333333334,81.65298461914062,149.2678680419922,98.09912872314453
2014-02-19,79.12163582609077,70.45184548775221,15.728040690195087,62.22222222222222,81.0920639038086,148.27951049804688,97.09471130371094
2014-02-20,80.03498971980802,73.17940955456682,10.815409233986433,67.56944444444444,81.4720458984375,149.15451049804688,98.14166259765625
2014-02-21,79.02740398067675,74.34959100584697,6.525326144770998,65.38194444444444,81.36348724365234,148.98435974121094,98.44811248779297
2014-02-24,82.38691243800338,79.63133165318543,3.262663072385499,75.83333333333334,81.79776000976562,149.8107147216797,99.17160034179688
2014-02-25,83.6502671089641,82.13358528408743,1.6313315361927494,78.61111111111111,81.70728302001953,149.75399780273438,99.27375030517578
2014-02-26,84.44268162891396,83.63804357231975,0.8156657680963747,79.13194444444443,81.6349105834961,149.76210021972656,99.88660430908203
2014-02-27,87.07996795037873,86.66221654069632,0.40783288404818735,83.75000000000001,82.16455841064453,150.54803466796875,100.43135833740234
2014-02-28,88.75443376123735,88.54041392926771,0.20391644202409367,85.83333333333333,82.07372283935547,150.9287567138672,100.03129577636719
2014-03-03,87.0635149574495,86.95479033242185,0.10195822101204684,85.83333333333334,81.46501922607422,149.867431640625,99.49504089355469
2014-03-04,90.97672720803872,90.92179332584396,0.05097911050602342,89.93055555555556,82.5007095336914,151.9739532470703,101.99756622314453
2014-03-05,92.86909425453143,92.84143679020707,0.02548955525301171,92.36111111111111,82.72779083251953,152.1116943359375,101.93798065185547
2014-03-06,94.00034623299196,93.98645399308747,0.012744777626505855,93.19444444444444,82.65514373779297,152.46002197265625,101.92096710205078
2014-03-07,95.22974504062697,95.22277775142727,0.006372388813252927,95.0,82.246337890625,152.52484130859375,101.88690948486328
2014-03-10,95.43260019872753,95.3813664421563,0.13339452773995683,94.58333333333334,82.31900024414062,152.44378662109375,101.5464096069336
2014-03-11,90.79651488105732,90.45459790757755,0.8859246944255363,92.37847222222221,81.9646987915039,151.69036865234375,100.490966796875
2014-03-12,89.6437457010932,89.24998550438117,0.7630578333238798,93.97569444444444,82.27361297607422,151.73089599609375,100.79737854003906
2014-03-13,86.28171152999404,83.73083329220286,6.598976833328614,79.42708333333333,81.11067962646484,150.02947998046875,99.63125610351562
2014-03-14,83.90779273222023,78.2987871038833,12.97830786110875,74.93055555555556,80.5564956665039,149.60818481445312,100.04833984375
2014-03-17,86.00491239222156,80.91043746610967,8.794926499998821,87.62152777777777,81.26512145996094,150.96119689941406,100.490966796875
2014-03-18,92.39423005666644,89.07968996833307,4.408313944443853,94.96527777777779,82.246337890625,152.03872680664062,101.95499420166016
2014-03-19,90.52724335222214,87.16997833574078,6.142959055555258,87.37847222222223,81.80115509033203,151.22853088378906,101.29106903076172
2014-03-20,93.49843296925924,90.51709669709885,5.078857999999856,90.88541666666666,82.02826690673828,152.1116943359375,101.42726135253906
2014-03-21,91.70179247123457,86.90434923792188,10.373630388888813,82.46527777777779,81.04122924804688,151.52169799804688,100.95914459228516
2014-03-24,86.2371715644856,77.39294794782583,19.7592978333333,71.47569444444444,80.33096313476562,150.89505004882812,99.80999755859375
2014-03-25,85.53229792890261,74.65088539603454,21.636376347222203,74.87847222222223,80.59505462646484,151.61119079589844,99.7861099243164
2014-03-26,80.38206227259717,65.75492476164115,30.0,60.71180555555556,79.55695343017578,150.52072143554688,97.87452697753906
2014-03-27,75.37689112790277,59.501178624250755,30.0,56.75347222222223,79.11079406738281,150.20338439941406,97.62702178955078
2014-03-28,74.9316488944861,58.6397447266021,30.0,59.0451388888889,79.265625,150.94390869140625,97.53316497802734
2014-03-31,81.28092000186574,65.7787364130051,27.46786054427082,74.32291666666667,79.83016204833984,152.1807861328125,99.28260803222656
2014-04-01,87.59410296358489,75.00775981103354,20.23349624435764,84.58333333333333,81.23243713378906,153.1898651123047,100.58828735351562
2014-04-02,89.76053432119497,80.15078735008265,14.766270691623266,83.75,81.44184875488281,153.7025604248047,101.04058074951172
2014-04-03,89.34054847743536,80.6152988764707,15.06000166525608,80.65972222222221,80.79536437988281,153.4991455078125,100.01651000976562
2014-04-04,82.22509023321919,70.10240371834144,25.129827221516933,60.55555555555556,78.64640808105469,151.68443298339844,97.703857421875
2014-04-07,71.65166301470624,56.61076750974699,30.0,44.13194444444444,77.89974212646484,150.0081024169922,96.27869415283203
2014-04-08,69.28759137527246,53.27395954028604,30.0,46.111111111111114,78.61908721923828,150.62652587890625,96.9529037475586
2014-04-09,75.0120674954612,58.67419021713239,30.0,62.56944444444445,79.96675872802734,152.2459259033203,98.3524398803711
2014-04-10,65.23070107726599,48.78474198448973,30.0,38.02083333333333,77.48995971679688,149.0478973388672,95.5447769165039
2014-04-11,57.93405384351465,41.4520674792559,30.0,30.885416666666668,76.58853149414062,147.70510864257812,94.22205352783203
2014-04-14,60.00190453207401,43.507909077321095,30.0,36.14583333333333,77.18948364257812,148.86880493164062,94.4865951538086
2014-04-15,58.79504899031227,42.29705050539463,30.0,33.020833333333336,77.44444274902344,149.89418029785156,94.85356140136719
2014-04-16,63.9974237375115,47.498090909205615,30.0,45.60763888888889,78.47337341308594,151.4646759033203,95.88616180419922
2014-04-17,70.36025235694828,53.86047474751298,30.0,50.086805555555564,78.49162292480469,151.67626953125,96.3640365600586
2014-04-21,71.99971374861238,55.49978787880062,30.0,47.58680555555555,79.07440185546875,152.2052764892578,96.81632232666016
2014-04-22,76.94897865694487,61.630032896288796,26.779010374687697,62.86458333333333,79.7026596069336,152.8969268798828,97.81480407714844
2014-04-23,76.96354844120386,63.81262063747761,21.939852409566072,57.222222222222214,79.00153350830078,152.5388641357422,97.2003402709961
2014-04-24,76.55312725817907,64.35160546518321,21.321488704783036,57.013888888888886,79.75728607177734,152.8480682373047,96.9529037475586
2014-04-25,70.62789427124488,57.493541450387895,24.72866969961374,39.56597222222222,78.48248291015625,151.59487915039062,95.2461166381836
2014-04-28,67.95881575364297,54.207156444816995,25.564204641473538,42.34375,78.73748016357422,152.07505798339844,94.69141387939453
2014-04-29,69.7686793252884,56.78003158668737,22.922076279070097,52.13541666666667,79.36577606201172,152.7830352783203,94.93038940429688
2014-04-30,71.51178199731837,59.36331564162184,21.32431938953505,52.1875,79.5751724243164,153.23875427246094,95.5618667602539
2014-05-01,70.52892733243947,59.046940351255486,20.270449625323078,49.91319444444444,79.81192779541016,153.2549285888672,95.52774810791016
2014-05-02,70.6133461478502,60.63885081077593,16.764999118217098,45.86805555555555,79.6662368774414,153.03524780273438,95.6045150756836
2014-05-05,70.73731908632044,62.015408765252175,14.719305114664106,45.08680555555555,80.08509826660156,153.3282470703125,95.48504638671875
2014-05-06,66.701791547292,57.53909119702527,17.060173390665383,47.34375,79.04704284667969,151.99362182617188,93.93190002441406
2014-05-07,67.7015231083566,60.05746012692347,12.517716903666024,53.66319444444444,78.81941986083984,152.8887939453125,93.99163055419922
2014-05-08,66.64896372105139,60.09324584351269,10.930082410166342,52.46527777777778,78.74653625488281,152.72601318359375,93.04436492919922
2014-05-09,65.36308049960972,59.775519096251514,9.279060302305389,50.65972222222223,79.0379638671875,152.9539031982422,93.89775848388672
2014-05-12,74.40482312949953,70.84114160629082,4.6395301511526945,69.18402777777777,80.34007263183594,154.4430694580078,96.03121185302734
2014-05-13,77.57475585798133,75.52633501929303,2.346891811687459,69.09722222222221,80.39471435546875,154.58139038085938,95.09249877929688
2014-05-14,73.61380750821601,71.6632442969735,3.4575170863992835,61.875,79.97586059570312,153.84901428222656,93.54788208007812
2014-05-15,65.60162649211902,61.341576826235354,9.845077987644084,46.5625,79.34754943847656,152.49815368652344,92.91639709472656
2014-05-16,65.01628290478041,60.08054256101037,9.588337604933153,54.253472222222214,79.86658477783203,153.027099609375,93.50519561767578
2014-05-19,65.49663133863051,60.730856285821275,8.510531649688795,57.29166666666667,80.4220199584961,153.58860778808594,94.51219177246094
2014-05-20,59.19799245957218,51.98699832934096,15.333824852622175,40.53819444444444,80.13066864013672,152.62025451660156,93.07002258300781
2014-05-21,61.99470119022777,54.937749030318116,12.690783954088861,53.38541666666667,80.89553833007812,153.90597534179688,93.54788208007812
2014-05-22,69.28804854489074,64.23510016481939,7.365357254822207,65.92013888888889,81.25062561035156,154.2803192138672,94.52072143554688
2014-05-23,73.29647914459322,70.26184752118536,3.6826786274111036,71.52777777777779,81.8425521850586,154.89874267578125,95.55333709716797
2014-05-27,78.41641897412367,76.72971735129568,1.8413393137055518,79.42708333333334,82.86235809326172,155.85086059570312,96.92726135253906
2014-05-28,79.57213965804124,78.67232690958588,0.9206696568527759,80.12152777777777,82.60739135742188,155.7369384765625,96.42378234863281
2014-05-29,81.62867618231004,81.15994916240193,0.46033482842638795,85.32986111111111,83.13553619384766,156.54254150390625,96.7480697631836
2014-05-30,81.2669661348441,80.64438463188544,1.2718340808798636,81.99652777777777,83.14463806152344,156.7947998046875,96.31283569335938
2014-06-02,81.27139611902211,80.48854080505978,1.569076762662155,82.34375,83.06269836425781,156.97384643554688,95.79229736328125
2014-06-03,79.6112987063407,78.62702747992077,1.9726894229977425,81.52777777777779,83.02627563476562,156.89244079589844,95.5618667602539
2014-06-04,79.9801551243358,79.0377646523314,1.6753638087210945,83.125,83.33589172363281,157.2098388671875,95.93734741210938
2014-06-05,82.36375541181563,81.74247522288198,0.8376819043605472,88.64583333333333,84.03702545166016,158.235107421875,97.95133209228516
2014-06-06,83.97078884097559,83.51463431775383,0.6792576188469388,87.8125,84.51961517333984,158.99191284179688,98.89006805419922
2014-06-09,85.20322590995484,84.92664383875898,0.3396288094234694,90.15625,84.45587158203125,159.1547088623047,99.76051330566406
2014-06-10,86.09366789591088,85.9392085904513,0.1698144047117347,90.36458333333333,84.60155487060547,159.17098999023438,99.56423950195312
2014-06-11,85.90946337271103,85.55431102123107,0.8281797718003093,87.98611111111111,84.58334350585938,158.61761474609375,99.07781982421875
2014-06-12,82.69065445757036,82.22747586604328,0.9403485664557126,88.68055555555554,83.81847381591797,157.4946746826172,98.471923828125
2014-06-13,82.83438481919012,82.50759471816421,0.4701742832278563,92.56944444444444,84.06432342529297,157.97474670410156,98.642578125
2014-06-16,83.00266531010041,82.80753665783334,0.23508714161392816,93.61111111111111,84.13715362548828,158.1049346923828,99.12047576904297
2014-06-17,85.45690695521867,85.34876476183375,0.11754357080696408,97.43055555555557,84.18270874023438,158.54441833496094,99.8202133178711
2014-06-18,89.40832083692474,89.35072378448183,0.05877178540348204,98.68055555555554,84.65618133544922,159.70803833007812,100.49443054199219
2014-06-19,91.07175509378973,91.00199536935517,0.13789283714617856,98.33333333333334,84.60155487060547,159.88711547851562,100.57978057861328
2014-06-20,91.58039984607807,91.45229449186381,0.28596030746197326,97.98611111111111,84.70108795166016,160.2117156982422,100.91259002685547
2014-06-23,92.63142957832233,92.39307257054955,0.5336051537309866,97.43055555555554,84.7193374633789,160.1626739501953,100.71627044677734
2014-06-24,90.08593948907041,89.61424403236956,1.0697539657543773,96.11111111111111,84.63714599609375,159.19784545898438,99.64104461669922
2014-06-25,91.17309094080125,90.47757899669784,1.4680367050994074,95.69444444444444,85.17583465576172,159.9173583984375,100.48589324951172
2014-06-26,90.97760438767449,90.11059691777922,1.7322822414385877,95.48611111111111,85.22151184082031,159.80287170410156,100.31520080566406
2014-06-27,91.65549775885447,90.70675162647748,1.7993008429415125,95.69444444444444,85.5958480834961,160.1136016845703,100.9893798828125
2014-06-30,92.29535110480333,91.06835673021247,2.483851810359649,93.6111111111111,85.7419204711914,160.0318145751953,101.39046478271484
2014-07-01,93.96557999789741,92.68743589298637,2.370398127402048,96.25,86.68232727050781,161.1029052734375,102.42308044433594
2014-07-02,94.86028592522507,93.6018061039347,2.2702685081454703,96.94444444444443,86.82843780517578,161.26644897460938,102.0280990600586
2014-07-03,95.88861382692687,94.69483174333676,2.1116967540727263,96.94444444444446,87.3762435913086,162.05960083007812,102.64492797851562
2014-07-07,94.04944534971636,92.16628330582856,4.050640043703033,93.54166666666666,87.1114730834961,161.49539184570312,100.88877868652344
2014-07-08,89.96092622768325,85.94482720967139,9.241031827407062,86.51041666666667,86.06146240234375,160.45703125,99.66375732421875
2014-07-09,88.64438281663517,83.1169193228288,11.423901330370201,86.51041666666666,86.70059204101562,161.176513671875,99.79226684570312
2014-07-10,84.0064609388784,75.76475902111582,17.452402054073982,78.40277777777779,86.42670440673828,160.5387725830078,98.7300033569336
2014-07-11,84.54659809073726,74.79622698231023,19.099464915925875,80.48611111111111,86.983642578125,160.75958251953125,98.60151672363281
2014-07-14,87.24701417839391,77.65461010210959,17.297128291296275,84.79166666666666,87.50408935546875,161.5690155029297,99.10694122314453
2014-07-15,87.40224546687206,77.46086526396556,18.392487756759238,80.55555555555556,87.2027587890625,161.26644897460938,98.13035583496094
2014-07-16,88.23824848895737,78.12295617517526,18.549542489490726,82.5,87.54971313476562,161.86338806152344,97.86480712890625
2014-07-17,78.94423097780061,64.57246687320657,30.0,62.361111111111114,86.39019012451172,160.023681640625,96.35704040527344
2014-07-18,82.89992884445206,67.10934080958737,30.0,73.4375,87.75969696044922,161.65896606445312,97.856201171875
2014-07-21,82.38145776296551,66.1179284180106,30.0,70.69444444444446,87.65015411376953,161.3563995361328,97.4621353149414
2014-07-22,85.82067110617369,71.31102568645271,24.786733558370948,76.73611111111111,88.20709228515625,162.05960083007812,98.28453826904297
2014-07-23,85.77216814650234,72.60178015283846,22.728653237518802,75.19097222222223,88.7731704711914,162.4193878173828,98.40449523925781
2014-07-24,87.72359308587116,76.81519850832697,17.777087035426067,77.41319444444446,88.6727294921875,162.4275665283203,98.20744323730469
2014-07-25,83.096290287883,71.11241213424384,22.76658171215749,66.51041666666666,88.3257827758789,161.66714477539062,97.31653594970703
2014-07-28,80.82607824410914,66.24011649474129,28.885460994967637,62.864583333333336,88.35315704345703,161.73257446289062,96.8282241821289
2014-07-29,76.90637793322158,61.04439068343229,30.0,56.64930555555555,88.19796752929688,161.03753662109375,97.0937728881836
2014-07-30,74.84934819996275,58.56201911669966,30.0,57.482638888888886,88.54491424560547,161.0620880126953,97.47930145263672
2014-07-31,64.15021338271828,47.72110368829725,30.0,29.895833333333332,86.75537109375,157.88136291503906,95.25196075439453
2014-08-01,58.61708299225512,42.14071309411479,30.0,25.12152777777778,86.4358139038086,157.3989715576172,94.81507110595703
2014-08-04,57.07214183403025,40.58001853465014,30.0,23.14236111111111,87.029296875,158.53555297851562,95.65460968017578
2014-08-05,56.15679234647004,39.65941791334334,30.0,22.51736111111111,86.36280059814453,156.99830627441406,95.41474151611328
2014-08-06,56.143167032858315,39.64404222181608,30.0,22.8125,86.2988510131836,157.04737854003906,95.71455383300781
2014-08-07,54.76540904196787,38.26570077162045,30.0,19.010416666666664,86.02494812011719,156.19700622558594,95.25196075439453
2014-08-08,58.708823971257054,42.20892121447458,30.0,19.56597222222222,86.64584350585938,158.00405883789062,96.17715454101562
2014-08-11,61.17794132375235,44.6779737381582,30.0,23.124999999999996,87.15711975097656,158.46189880371094,97.0937728881836
2014-08-12,60.57341913208941,44.07342993689135,30.0,16.944444444444443,87.12059020996094,158.2411346435547,96.42559051513672
2014-08-13,65.48651008106684,48.98651368266748,30.0,31.52777777777778,88.04275512695312,159.31227111816406,97.17945098876953
2014-08-14,69.4681885455408,52.968189746074344,30.0,41.23263888888889,88.49927520751953,160.0645294189453,97.32508850097656
2014-08-15,72.24263692258768,56.26613030972412,28.572291853749295,48.59375,88.92839813232422,160.0318145751953,97.1365966796875
2014-08-18,76.77763823345515,64.21663136523918,19.733194537985764,59.982638888888886,89.61312866210938,161.37277221679688,98.55011749267578
2014-08-19,80.16662015189246,70.99124197728233,13.604661505103998,65.45138888888889,90.11529541015625,162.21499633789062,98.89277648925781
2014-08-20,80.7046141247049,73.70177147806578,10.757408877552008,64.75694444444443,90.11529541015625,162.6482696533203,98.47298431396484
2014-08-21,81.567741745272,77.26126923550777,5.378704438776004,67.30902777777777,90.29792785644531,163.12258911132812,98.6871566772461
2014-08-22,81.15359910027587,78.4614684684307,3.4271994416102207,64.94791666666667,90.43485260009766,162.86915588378906,98.69573974609375
2014-08-25,82.36277377416603,80.83707699925577,1.7135997208051104,70.53819444444444,90.75440979003906,163.6949462890625,99.1583480834961
2014-08-26,83.60935051731461,82.78662497686358,0.8567998604025552,72.44791666666667,90.84571075439453,163.80120849609375,100.05783081054688
2014-08-27,83.79987609836414,83.36855427713999,0.4283999302012776,74.07986111111111,90.86397552490234,163.7357940673828,99.80941009521484
2014-08-28,82.5314401809362,82.13008979499125,0.7024812151006388,72.51736111111111,90.76356506347656,163.6458740234375,99.29537963867188
2014-08-29,84.17298006031209,83.91040837556199,0.3512406075503194,79.70486111111111,91.10137176513672,164.11192321777344,99.85223388671875
2014-09-02,84.74978964973366,84.59787164343274,0.1756203037751597,81.68402777777777,91.36614990234375,164.0301513671875,100.4004898071289
2014-09-03,84.15733729065195,84.07450089952621,0.08781015188757985,83.55902777777777,90.82746124267578,163.94024658203125,99.76654815673828
2014-09-04,83.17142724503213,83.12771658681083,0.04390507594378992,84.25347222222223,90.74528503417969,163.703125,99.38107299804688
2014-09-05,85.82751278538106,85.80489330205096,0.02195253797189496,88.05555555555554,91.2018051147461,164.43893432617188,99.69803619384766
2014-09-08,86.02583759512703,85.98244443168511,0.09778182454150106,87.77777777777777,91.3752670288086,164.01377868652344,99.85223388671875
2014-09-09,79.93685327244974,79.1485305038402,2.1105228567151926,81.45833333333333,90.61747741699219,162.97540283203125,98.67002868652344
2014-09-10,80.42339553526102,79.25647565347487,2.465851706135373,83.54166666666666,91.36614990234375,163.58865356445312,99.25257110595703
2014-09-11,83.26798369693886,82.21607242818162,1.8080126586232401,86.21527777777777,91.29310607910156,163.77670288085938,99.8950424194336
2014-09-12,78.63238345453519,76.20168796781294,5.67288653764495,72.79513888888889,90.82746124267578,162.82003784179688,98.83280181884766
2014-09-15,74.5978315218821,68.72322876986941,13.81192069937802,66.31944444444446,89.95098114013672,162.69737243652344,97.75342559814453
2014-09-16,76.97474013692366,69.99176839923717,13.703920419133455,73.99305555555554,90.73616790771484,163.92391967773438,98.02755737304688
2014-09-17,77.99296893453011,71.27702205392312,11.968062640122273,77.62152777777779,90.87313842773438,164.1446533203125,98.28453826904297
2014-09-18,80.06895260780634,74.32919268441492,9.548484445061137,80.45138888888889,91.5578842163086,165.01954650878906,98.88420867919922
2014-09-19,78.374373091491,71.82608802895118,12.640995694752784,75.46875,91.50115966796875,164.87078857421875,97.63347625732422
2014-09-22,71.57340214160811,60.333396567464234,24.701574236265277,58.50694444444444,90.6500015258789,163.59756469726562,96.26280975341797
2014-09-23,63.97724515831381,49.2305766335992,30.0,45.659722222222214,90.40290832519531,162.6610565185547,95.36333465576172
2014-09-24,65.9845446824009,50.06898850749604,30.0,58.78472222222223,91.37301635742188,163.934326171875,96.2266616821289
2014-09-25,56.94348692083178,40.63830152919682,30.0,32.69097222222222,89.45111846923828,161.28919982910156,94.60309600830078
2014-09-26,56.83764378842541,40.402581991213765,30.0,43.02083333333333,90.40290832519531,162.57064819335938,95.4535140991211
2014-09-29,55.519955336882546,39.04160140447867,30.0,39.75694444444444,90.28392028808594,162.2749786376953,95.37621307373047
2014-09-30,52.83447231077621,36.341687666641576,30.0,33.732638888888886,90.41205596923828,161.84780883789062,93.93309020996094
2014-10-01,45.730230338218,29.232635456839787,30.0,23.541666666666664,88.96604919433594,159.65444946289062,92.60159301757812
2014-10-02,44.009586552236,27.510388258443264,30.0,23.541666666666664,88.96604919433594,159.67901611328125,93.48638153076172
2014-10-03,47.50594981068997,31.006217046092395,30.0,31.52777777777778,89.84465026855469,161.43710327148438,94.19075775146484
2014-10-06,47.322046532191735,30.82213561065921,30.0,28.611111111111114,89.6524429321289,161.24815368652344,93.38331604003906
2014-10-07,41.86620237074319,25.519009841343454,30.0,20.069444444444446,88.38033294677734,158.759033203125,91.84566497802734
2014-10-08,47.5574757458356,31.108411569369032,30.0,27.586805555555557,90.10086822509766,161.53562927246094,93.60664367675781
2014-10-09,40.31860659024179,24.879566679567752,30.0,17.864583333333336,88.6457290649414,158.3319091796875,91.0811538696289
2014-10-10,35.10411388780045,21.75360058424244,30.0,15.590277777777777,86.43096923828125,156.52456665039062,89.9730224609375
2014-10-13,30.290262725736618,18.399813846772837,30.0,11.805555555555555,85.07649993896484,153.953369140625,89.61222076416016
2014-10-14,28.49948886578894,17.992024424652865,30.0,8.75,85.08561706542969,154.19163513183594,90.66024780273438
2014-10-15,26.01964364058322,17.276877715760083,30.0,6.527777777777778,84.53650665283203,153.1483917236328,91.57078552246094
2014-10-16,25.30151288663449,17.814109430211964,30.0,6.597222222222221,84.00567626953125,153.01687622070312,92.60159301757812
2014-10-17,26.99266915204077,20.407516148048074,30.0,6.736111111111111,85.11307525634766,154.82415771484375,92.32672119140625
2014-10-20,31.982200218233586,25.42788995764343,30.0,10.555555555555555,86.38520050048828,156.3274688720703,93.40906524658203
2014-10-21,39.79279700989609,32.04691581192159,30.0,27.29166666666667,88.65489959716797,159.4244384765625,94.94668579101562
2014-10-22,40.166852442728015,32.573780932292074,25.56796716654746,20.9375,88.19731140136719,158.2908172607422,93.5894775390625
2014-10-23,44.40661394353356,35.72599838313232,16.771613791607063,30.260416666666668,89.52430725097656,160.13092041015625,95.24737548828125
2014-10-24,51.00947965199468,45.04114527006631,8.385806895803531,47.62152777777778,90.25647735595703,161.36312866210938,95.41058349609375
2014-10-27,49.75100132619532,44.76998470085892,8.158832267346213,34.93055555555555,90.32052612304688,161.14134216308594,95.35905456542969
2014-10-28,59.951682406052385,56.79555761526012,4.0794161336731065,61.07638888888888,91.6841812133789,162.98963928222656,98.07354736328125
2014-10-29,63.49923705466462,61.54612686331973,2.457459802947665,59.73958333333332,91.34556579589844,162.74322509765625,97.84159851074219
2014-10-30,66.19743087007339,65.09585984241804,1.2287299014738324,64.11458333333334,91.53775024414062,163.78646850585938,98.67485046386719
2014-10-31,69.00469917891337,68.41224168775804,0.6143649507369162,67.63888888888889,92.80072784423828,165.65948486328125,100.12657165527344
2014-11-03,69.50712194852667,69.04581620124722,0.7195088642573465,66.31944444444444,93.07528686523438,165.7498016357422,99.95475769042969
2014-11-04,68.63015176062001,68.10575794196856,1.0107960987953386,65.55555555555556,92.76410675048828,165.17478942871094,99.49089813232422
2014-11-05,69.12255058687333,68.76244002921037,0.5053980493976693,67.72569444444444,92.77324676513672,166.21804809570312,99.67129516601562
2014-11-06,69.85983167710593,69.64713851549537,0.25269902469883465,68.21180555555556,93.06610870361328,166.88348388671875,100.10079956054688
2014-11-07,71.84633278125753,71.72910690619256,0.12634951234941733,72.29166666666667,92.9837646484375,167.03958129882812,100.25542449951172
2014-11-10,74.63998129745622,74.57774192850384,0.06317475617470866,77.25694444444443,93.31321716308594,167.56527709960938,100.75365447998047
2014-11-11,78.12119746952244,78.08886897457296,0.03158737808735433,84.25347222222221,93.60609436035156,167.7295684814453,100.8223648071289
2014-11-12,80.46956582317415,80.45299863887497,0.015793689043677166,86.64930555555556,93.77082824707031,167.54888916015625,101.27761840820312
2014-11-13,81.01068860772472,81.00227070330031,0.007896844521838583,86.70138888888889,94.17351531982422,167.73785400390625,100.41863250732422
2014-11-14,80.4419887951675,80.3979491925674,0.11245536670536571,86.35416666666666,94.46636962890625,167.7788543701172,100.23823547363281
2014-11-17,79.22232959838918,79.16713997381167,0.11048115557490162,86.52777777777779,94.18267059326172,167.88572692871094,99.40499114990234
2014-11-18,80.03336912538899,79.99471770534109,0.05524057778745081,87.22222222222221,94.88736724853516,168.85501098632812,99.98054504394531
2014-11-19,79.36899341216669,79.1470527680749,0.5701550111159486,85.4861111111111,94.45722198486328,168.58392333984375,98.91532897949219
2014-11-20,81.31559039664815,81.1370817632463,0.2850775055579743,89.86111111111111,94.87820434570312,168.879638671875,100.02349090576172
2014-11-21,83.24640050258643,83.13463341543351,0.14253875277898714,92.74305555555554,95.06122589111328,169.78330993652344,100.14376068115234
2014-11-24,84.42287424160288,84.20432151065353,0.49444645972282397,91.38888888888889,95.80255889892578,170.2597198486328,101.33777618408203
2014-11-25,85.14003215460836,84.74975321278718,0.8657128131947424,90.76388888888889,95.94898986816406,170.13648986816406,101.41509246826172
2014-11-26,84.72908479227686,83.90316842091744,1.8977001565973666,88.05555555555556,96.5713119506836,170.5718994140625,101.7501220703125
2014-11-28,82.15691715298117,79.75129259307778,5.8099611894097904,81.94444444444444,97.01976776123047,170.21043395996094,100.23823547363281
2014-12-01,76.30015235082615,71.5247701452073,10.83683823359378,76.85763888888889,95.92154693603516,169.02757263183594,98.67485046386719
2014-12-02,75.35018092012612,68.59671998098321,14.077273283463555,75.78125,96.30589294433594,170.1201171875,99.86024475097656
2014-12-03,78.07459734374574,71.58751766947053,11.552525530620665,82.76041666666666,96.47977447509766,170.7772674560547,100.8223648071289
2014-12-04,77.67440281828561,71.72705155643195,10.32270373753255,81.84027777777777,96.43405151367188,170.5883026123047,100.3413314819336
2014-12-05,78.91461575424336,73.07026860674449,10.532445618766275,82.70833333333333,96.44318389892578,170.86761474609375,101.09724426269531
2014-12-08,76.3672364542115,68.22710466660472,16.887316559383137,74.14930555555554,95.75675964355469,169.7257843017578,99.83448791503906
2014-12-09,75.30413057366647,66.37951090024397,16.939752029691558,78.47222222222223,96.05879974365234,169.61080932617188,101.50956726074219
2014-12-10,65.52528245848555,51.55040923401138,30.0,52.135416666666664,94.54872131347656,166.8916778564453,99.35343170166016
2014-12-11,65.08102352656192,49.422732451737204,30.0,56.97916666666667,94.99716186523438,167.73785400390625,99.74861907958984
2014-12-12,61.37040008854325,45.15096973026835,30.0,48.263888888888886,93.9630126953125,165.02694702148438,98.53739929199219
2014-12-15,54.45646025692796,38.04998347083633,30.0,34.30555555555556,92.9928970336914,163.89328002929688,97.54092407226562
2014-12-16,50.29705800085135,33.82823240548747,30.0,30.03472222222222,91.50115966796875,162.5789031982422,97.4034652709961
2014-12-17,59.23288326811328,42.74327473632532,30.0,49.96527777777778,93.16677856445312,165.76626586914062,100.40999603271484
2014-12-18,72.90476053568604,56.40822435842339,30.0,76.42361111111111,95.40900421142578,169.86541748046875,101.90470886230469
2014-12-19,78.8725431866649,65.45355432345497,21.600391283970136,80.13888888888889,95.82884979248047,170.58815002441406,102.13665771484375
2014-12-22,80.90936624740681,71.18723572427565,14.315820641985068,80.13888888888889,96.06765747070312,171.3729248046875,102.83244323730469
2014-12-23,80.95867763802448,73.55766539224646,11.346278376548096,77.91666666666666,95.727783203125,171.60423278808594,102.9613037109375
2014-12-24,81.38252217563777,75.87254877097425,8.299007243829607,79.65277777777777,95.81045532226562,171.62074279785156,103.25877380371094
2014-12-26,82.20343331780518,78.68813663034487,4.578106052470357,81.38888888888889,96.49019622802734,172.1741485595703,103.9312973022461
2014-12-29,81.41549629112025,78.92300214216205,3.6019870540129553,78.55902777777777,96.47180938720703,172.40541076660156,104.37103271484375
2014-12-30,80.50206773033116,78.52946291059087,3.1139275547842544,78.55902777777777,95.82884979248047,171.48028564453125,103.75886535644531
2014-12-31,76.27877624345066,74.1392579416416,4.041772805169904,74.80902777777777,94.84591674804688,169.77870178222656,103.13807678222656
2015-01-02,72.83245092579837,70.0852453896179,5.547362097029394,71.42361111111111,94.5611572265625,169.6878662109375,102.54312896728516
2015-01-05,62.27378975494,50.35805457621318,30.0,35.520833333333336,93.17408752441406,166.62332153320312,101.17223358154297
2015-01-06,55.56258401400693,40.590672287764654,30.0,26.336805555555557,91.92476654052734,165.05392456054688,99.42194366455078
2015-01-07,57.08362720887282,41.09298996679207,30.0,36.75347222222223,93.10977172851562,167.11065673828125,100.64624786376953
2015-01-08,68.23530529269756,51.905092878670644,30.0,68.83680555555557,94.891845703125,170.0760955810547,102.35343933105469
2015-01-09,64.76371842156094,48.320314283551966,30.0,49.84375000000001,94.26717376708984,168.7132110595703,101.37052154541016
2015-01-12,65.37965985530207,48.89852514263241,30.0,46.145833333333336,93.28428649902344,167.39158630371094,101.03426361083984
2015-01-13,64.93582465965467,48.442113088764785,30.0,41.66666666666667,93.25672149658203,166.92071533203125,101.11183166503906
2015-01-14,63.593381960562894,47.0954781035996,30.0,44.982638888888886,92.74229431152344,165.91302490234375,100.70660400390625
2015-01-15,59.876874739757376,43.377573454102944,30.0,38.14236111111111,91.53894805908203,164.39306640625,99.00804901123047
2015-01-16,62.48691334717358,45.987146251955444,30.0,47.170138888888886,92.6137466430664,166.5490264892578,100.62039184570312
2015-01-20,62.32756744161751,45.827645076544805,30.0,39.63541666666667,93.34858703613281,166.9042205810547,100.1978759765625
2015-01-21,62.01510245834564,45.51512833665473,30.0,33.40277777777778,93.8262710571289,167.74671936035156,99.87890625
2015-01-22,70.618048274627,57.13861543043375,21.762113100808016,62.86458333333333,95.56240844726562,170.2412872314453,101.91371154785156
2015-01-23,70.48312121447562,56.57545151042973,25.675978425404008,51.44097222222223,95.7737045288086,169.3079071044922,101.84474182128906
2015-01-26,71.90717713911224,59.88046694542102,20.156782615479784,57.96875,95.66345977783203,169.70431518554688,102.82768249511719
2015-01-27,65.08295706834525,51.72308073492505,25.502653460517664,37.673611111111114,93.1832504272461,167.4658966064453,102.33621215820312
2015-01-28,56.2008940612325,40.74760195009243,30.0,23.611111111111114,92.70558166503906,165.3182373046875,100.61178588867188
2015-01-29,55.79675859279111,39.64566122241107,30.0,34.25347222222222,93.59659576416016,166.84642028808594,101.99990844726562
2015-01-30,50.417931981829,34.03423285836898,30.0,19.010416666666668,92.87089538574219,164.74830627441406,99.7581558227539
2015-02-02,52.62259725946062,36.161364218307284,30.0,34.270833333333336,93.67929077148438,166.7885284423828,100.67213439941406
2015-02-03,64.55769270250912,51.99627228064998,19.29366202220368,62.23958333333334,94.57954406738281,169.2004852294922,102.47412872314453
2015-02-04,70.21880053161627,62.323409737851804,10.113410872212956,67.34375,94.4968490600586,168.55618286132812,102.09479522705078
2015-02-05,76.70419459718629,72.21827233935909,5.056705436106478,81.19791666666667,95.31439971923828,170.2577667236328,103.41399383544922
2015-02-06,77.52119117855099,74.45428984598905,4.286165218053239,75.57291666666667,94.73564147949219,169.7869873046875,103.30186462402344
2015-02-09,73.31588847553199,69.27580322747937,8.230322192359955,61.71875,94.43253326416016,169.0270538330078,102.4827651977539
2015-02-10,77.24365364580947,74.30650510795186,4.337600332291093,80.4861111111111,95.90231323242188,170.82774353027344,103.13807678222656
2015-02-11,78.5184419758298,76.67851903423501,2.347836624478886,80.62499999999999,96.25137329101562,170.9268341064453,102.9914779663086
2015-02-12,80.70846214009141,79.66471777840536,1.173918312239443,85.86805555555554,97.3720703125,172.57064819335938,104.16409301757812
2015-02-13,83.35559849114158,82.792465346669,0.5869591561197215,89.73958333333333,98.2080078125,173.28099060058594,104.78485107421875
2015-02-17,85.54769949704719,85.25237927026771,0.29347957805986075,91.8923611111111,98.29989624023438,173.55360412597656,105.11251831054688
2015-02-18,86.30988131383054,86.1576366489264,0.14673978902993037,93.07291666666666,98.43766784667969,173.57009887695312,105.2246322631836
2015-02-19,86.34866414164722,86.26106715544962,0.10049663062607236,92.98611111111111,98.92452239990234,173.44622802734375,105.23322296142578
2015-02-20,86.36992508425277,86.31235523666473,0.07737505142414335,92.98611111111111,99.58589935302734,174.48696899414062,105.51777648925781
2015-02-23,85.66497502808427,85.58584589121975,0.16347051182317884,92.67361111111111,99.68694305419922,174.4622039794922,105.62122344970703
2015-02-24,86.86702871306512,86.81068274027604,0.08173525591158942,94.02777777777777,99.76045227050781,174.9578399658203,105.7591781616211
2015-02-25,87.51308364509578,87.47931685724896,0.04086762795579471,94.02777777777777,99.51242065429688,174.80914306640625,105.8799057006836
2015-02-26,86.66825010392081,86.47444423914294,0.49786436953345536,92.49999999999999,100.01764678955078,174.60260009765625,106.26789093017578
2015-02-27,84.94960188649212,84.71415303789243,0.46594607365562046,93.33333333333331,99.57673645019531,174.00794982910156,105.69020080566406
2015-03-02,86.74431173994182,86.50083358431246,0.4499869257166986,93.33333333333333,100.47696685791016,175.10647583007812,106.45758056640625
2015-03-03,85.74208539479542,85.32976665885239,0.9031618656361217,91.875,100.00848388671875,174.38783264160156,105.82817077636719
2015-03-04,83.10847290937626,82.00774676878788,2.627145168929159,90.06944444444446,99.62265014648438,173.6527099609375,105.50050354003906
2015-03-05,82.32319467349579,80.0980512438108,5.067912862242356,87.5,99.79718017578125,173.8426971435547,105.81092071533203
2015-03-06,76.15094695905461,69.17665736978554,16.997932125565626,70.36458333333333,98.66730499267578,171.39772033691406,104.47447967529297
2015-03-09,74.47016440066866,64.06383587011416,22.04063272944947,71.68402777777779,98.95205688476562,172.1080322265625,104.93145751953125
2015-03-10,65.55579132670056,51.087015149849066,30.0,49.44444444444444,97.11485290527344,169.3161163330078,103.724365234375
2015-03-11,63.99490347581629,48.17197808353245,30.0,51.875,96.55448913574219,168.9196319580078,104.36239624023438
2015-03-12,71.2391395290301,54.96483106493548,30.0,69.93055555555556,97.18836975097656,171.06724548339844,106.095458984375
2015-03-13,71.00139122390608,54.57662173587454,30.0,57.91666666666667,96.76579284667969,170.0182647705078,105.7160873413086
2015-03-16,76.53505381754758,60.06013065487039,30.0,68.66319444444444,98.01508331298828,172.2897491455078,106.33687591552734
2015-03-17,77.65196861360297,61.16032755937725,30.0,62.86458333333333,98.17127990722656,171.7776336669922,106.62139129638672
2015-03-18,83.9099154637936,69.17394606029545,25.196606505698824,81.25,99.13581848144531,173.8426971435547,107.4749755859375
2015-03-19,82.38524242586855,68.47742800606513,24.534067141738305,71.66666666666666,99.28276824951172,173.04969787597656,107.68192291259766
2015-03-20,84.99322895677102,74.45095836862896,16.10817940420248,81.73611111111111,99.9254150390625,174.57720947265625,108.63034057617188
2015-03-23,83.32505780040516,74.85458234090217,13.517414354879019,76.54513888888889,99.73209381103516,174.23704528808594,108.5355453491211
2015-03-24,81.37826000754247,73.70732642403587,13.220295719106174,73.35069444444444,99.37300872802734,173.25794982910156,108.50965881347656
2015-03-25,68.28693055335805,57.34232845387157,22.875338831775306,46.579861111111114,97.09880828857422,170.7190704345703,105.91770935058594
2015-03-26,61.16235071622722,46.51415001639839,30.0,40.15625,96.76738739013672,170.3125457763672,105.78797912597656
2015-03-27,61.008702864449724,45.125969297840115,30.0,49.21875,97.154052734375,170.70257568359375,106.46256256103516
2015-03-30,69.88919915814134,55.401337398972515,25.0735015553608,68.29861111111111,98.26814270019531,172.78500366210938,107.9068374633789
2015-03-31,65.62781594807782,50.94799467144613,26.865092791569293,53.541666666666664,97.22771453857422,171.27503967285156,107.56092834472656
2015-04-01,66.82752714658588,50.93425338770865,30.0,50.954861111111114,96.72132110595703,170.6693572998047,107.60416412353516
2015-04-02,70.58053912590815,54.28278120628241,30.0,55.57291666666667,96.78581237792969,171.28329467773438,107.80303192138672
2015-04-06,76.11709482817054,61.81927644807985,24.17790656422394,67.34375,97.57762145996094,172.4365997314453,108.2787094116211
2015-04-07,78.13966205308677,67.56650424841177,15.837868212667523,73.14236111111111,97.41190338134766,171.980224609375,107.58684539794922
2015-04-08,82.43220216584373,75.46510838964822,9.38920320355598,77.03125000000001,98.1852798461914,172.56105041503906,108.51224517822266
2015-04-09,86.05240072194792,82.00868220923081,4.69460160177799,84.96527777777777,98.80217742919922,173.32437133789062,108.12306213378906
2015-04-10,88.0183928332419,85.80980970201023,2.347300800888995,87.70833333333333,99.20729064941406,174.27023315429688,108.6419677734375
2015-04-13,87.05983464811769,85.39995688347005,2.519136511555609,83.40277777777777,98.95867919921875,173.4820098876953,108.71116638183594
2015-04-14,87.27040784566887,85.65649607524186,2.8925977696666925,82.48263888888889,98.67327117919922,173.81390380859375,108.68521881103516
2015-04-15,88.49661743003779,87.42833724878989,1.4462988848333462,87.95138888888889,99.29014587402344,174.59384155273438,109.44628143310547
2015-04-16,88.71831692112372,87.87426780589571,1.330788331305557,86.00694444444446,99.15202331542969,174.54403686523438,109.38573455810547
2015-04-17,74.28113806197513,67.85357525310424,16.762399373986113,46.00694444444444,97.60523986816406,172.53611755371094,107.61280822753906
2015-04-20,79.6418608354732,73.14114943524842,11.88597399254861,76.73611111111111,99.06918334960938,174.11256408691406,108.66791534423828
2015-04-21,76.95700916737997,69.09194908209705,15.54042623238541,65.19097222222223,99.49268341064453,173.9051055908203,108.55549621582031
2015-04-22,79.59215120394147,72.5398976509654,12.083364157859371,75.59027777777779,100.03591918945312,174.75975036621094,108.71981811523438
2015-04-23,83.67793929020272,78.28037979267722,8.30947721781857,82.82986111111111,100.41342163085938,175.19944763183594,109.21275329589844
2015-04-24,86.40514643006757,82.53351063540345,5.65213444224262,85.43402777777777,101.77605438232422,175.60604858398438,108.84954833984375
2015-04-27,84.10032658780031,80.38900806405667,6.602108887787971,79.63541666666667,101.51824188232422,174.87591552734375,107.64739227294922
2015-04-28,85.55427552926676,82.28918289886886,5.530872152227316,81.64930555555556,101.31572723388672,175.4318084716797,108.24414825439453
2015-04-29,82.39309184308892,76.54290454393684,12.98679024278032,71.59722222222223,100.6804428100586,174.7099609375,107.0679702758789
2015-04-30,74.38132037424447,62.33586433649886,27.53289164916794,53.31597222222222,99.09678649902344,172.9593048095703,104.80204772949219
2015-05-01,77.72942160622964,66.85034738620772,18.719787838472858,72.10069444444444,100.40421295166016,174.8343963623047,105.48529052734375
2015-05-04,81.81027016503951,73.65585000418254,12.349260238680877,78.38541666666666,100.5699691772461,175.33224487304688,105.86579895019531
2015-05-05,73.84709065351339,63.91754542419179,19.667468661007106,54.982638888888886,98.93106842041016,173.32437133789062,104.51663970947266
2015-05-06,68.70663054239142,54.39678213261756,30.0,45.15625,98.24974060058594,172.61082458496094,104.87989807128906
2015-05-07,69.98197934342787,54.21202987350325,30.0,50.05208333333333,98.83900451660156,173.2995147705078,105.27771759033203
2015-05-08,78.18056718855004,62.88964304929752,27.36620267984811,73.66319444444444,100.07276916503906,175.58106994628906,106.06471252441406
2015-05-11,77.58380017396114,63.270288707997395,25.136009326035165,65.46875,99.68603515625,174.7432098388672,106.12528228759766
2015-05-12,76.6251556135426,61.32756715354083,28.708412649128693,58.97569444444444,99.23493194580078,174.22044372558594,105.93498992919922
2015-05-13,76.58523705636605,61.639498584025205,26.854206324564352,58.80208333333333,99.43746185302734,174.25364685058594,105.93498992919922
2015-05-14,80.33026420397388,69.35881864628271,16.335089273393283,76.12847222222223,100.89216613769531,176.0706787109375,107.0593032836914
2015-05-15,82.6961991791024,75.57083232549064,9.458777275585526,81.30208333333334,100.89216613769531,176.26148986816406,106.93820190429688
2015-05-18,86.37465898562672,82.2654275338988,4.729388637792763,90.98958333333334,101.3341293334961,176.80906677246094,108.14900970458984
2015-05-19,84.1355344766904,80.76881709437093,5.446291541118605,81.12847222222223,101.22361755371094,176.75100708007812,108.0019760131836
2015-05-20,83.12573371445237,79.85121729521487,5.869847159448195,80.92013888888889,101.2881088256836,176.62657165527344,108.20088195800781
2015-05-21,82.99191123815079,79.52724744324685,6.47224996861299,79.67013888888889,101.81290435791016,177.14097595214844,108.079833984375
2015-05-22,80.55656300530953,76.68731813498471,7.402791650973165,77.65625,101.71163177490234,176.71783447265625,107.61280822753906
2015-05-26,66.79610782218532,57.230416595139374,22.57075346437547,48.03819444444445,100.54228973388672,174.81777954101562,106.58363342285156
2015-05-27,73.42370260739511,64.22723105398504,16.38520312107663,74.67013888888889,102.16278839111328,176.47723388671875,107.88955688476562
2015-05-28,73.62595642468726,65.1275840499643,14.81695051887165,69.79166666666667,101.9325942993164,176.278076171875,107.79442596435547
2015-05-29,68.58096301691293,56.89277007002695,24.151096787213607,56.770833333333336,101.32494354248047,175.182861328125,107.14579010009766
2015-06-01,69.68073125669598,56.968583340263336,24.043864365829037,66.99652777777777,101.66561126708984,175.5396728515625,107.48307037353516
2015-06-02,71.28061412260237,56.04323148379149,30.0,60.625,101.34333801269531,175.36544799804688,107.69064331054688
2015-06-03,73.31853804086747,58.21149636522949,27.34885671645727,67.10069444444444,101.64717102050781,175.8300018310547,108.7630386352539
2015-06-04,67.55609689763972,51.520416339093714,30.0,52.013888888888886,100.8738021850586,174.34487915039062,107.6733169555664
2015-06-05,68.30216967672642,51.95694282387777,30.0,51.701388888888886,100.63440704345703,174.0461883544922,108.45169830322266
2015-06-08,63.22101115738551,46.77260220643596,30.0,38.263888888888886,99.61237335205078,172.97586059570312,107.95010375976562
2015-06-09,59.581849684184064,43.09904670053421,30.0,31.11111111111111,99.44666290283203,172.9509735107422,107.6214599609375
2015-06-10,68.11384204074557,51.61957437952894,30.0,55.71180555555556,100.80931854248047,175.02525329589844,108.96195983886719
2015-06-11,74.20056105001248,57.70247182960695,30.0,61.78819444444445,100.95667266845703,175.58946228027344,109.23870086669922
2015-06-12,70.91660784890021,54.41724477543171,30.0,46.02430555555556,100.12802124023438,174.24530029296875,108.91006469726562
2015-06-15,64.67792325902876,48.178135567872594,30.0,32.91666666666667,99.63079833984375,173.49856567382812,108.56413269042969
2015-06-16,67.48063952158209,50.9807102911967,30.0,43.333333333333336,100.17402648925781,174.44444274902344,109.33385467529297
2015-06-17,65.09395459833235,48.59397818820389,30.0,42.06597222222222,100.45022583007812,174.7265625,109.16951751708984
2015-06-18,71.88965153277745,57.196676408596126,25.07177178401411,63.36805555555556,101.9141845703125,176.54359436035156,110.63109588623047
2015-06-19,71.12707732986688,59.253731859552005,19.02460116978483,56.892361111111114,101.41030883789062,175.7598876953125,110.57921600341797
2015-06-22,74.64374799884453,66.12390387761235,12.441988084892417,65.29513888888889,102.15782165527344,176.66033935546875,111.34027862548828
2015-06-23,75.66319377739262,69.42820995845533,9.25918848689065,64.94791666666667,102.24085998535156,176.78533935546875,111.57378387451172
2015-06-24,72.44017840060914,67.26188031475563,8.454464035111995,57.55208333333333,101.71485137939453,175.50140380859375,110.63109588623047
2015-06-25,65.36243656345549,57.30408939691897,17.269766739778223,43.576388888888886,101.5118408203125,174.9678192138672,110.57059478759766
2015-06-26,62.239346949380526,52.806378158242346,18.400508369889113,40.9375,100.8381576538086,174.9344940185547,110.26787567138672
2015-06-29,49.189189880869066,35.52788572851,28.68267605994456,18.836805555555557,98.45724487304688,171.26605224609375,107.48307037353516
2015-06-30,46.618751087349665,31.064983036563305,30.0,22.100694444444443,98.80793762207031,171.6245574951172,107.98468017578125
2015-07-01,46.9847400648419,30.800150714579782,30.0,27.361111111111114,99.59235382080078,173.00021362304688,108.30469512939453
2015-07-02,45.24326988832419,28.848406771570147,30.0,21.666666666666664,99.62001037597656,172.84176635742188,107.50479888916016
2015-07-06,43.18115560150552,26.716201229254168,30.0,21.493055555555554,99.38929748535156,172.34991455078125,107.47005462646484
2015-07-07,47.28195829421258,30.793640170128796,30.0,24.826388888888893,99.63849639892578,173.4337158203125,107.59162139892578
2015-07-08,41.06690297197677,25.640241375059954,30.0,18.541666666666664,97.90355682373047,170.5240478515625,105.95013427734375
2015-07-09,39.59743915169422,24.341329730499723,30.0,20.069444444444443,97.84818267822266,170.83250427246094,106.33226776123047
2015-07-10,44.36470097960069,28.299701542906224,30.0,25.81597222222222,99.34317016601562,172.98358154296875,107.80876159667969
2015-07-13,53.74133657238787,37.78359880380378,28.916558062779842,43.42013888888889,101.08732604980469,174.89279174804688,109.02468872070312
2015-07-14,60.262414832214446,48.585484827010106,17.33913840638992,56.076388888888886,101.75173950195312,175.6514892578125,109.63262939453125
2015-07-15,61.138916681352,52.75880919863092,12.239447675417184,53.87152777777777,101.86251068115234,175.59315490722656,109.05073547363281
2015-07-16,63.61669068351682,57.97467741174627,7.769029393264145,60.017361111111114,103.3021469116211,177.0021209716797,109.70211029052734
2015-07-17,62.697985421839256,58.13575847952101,7.31333414107652,54.32291666666666,104.8248062133789,177.1522216796875,109.22444152832031
2015-07-20,60.560823386140186,56.07802855126267,8.07832505664937,51.145833333333336,105.18473052978516,177.24391174316406,108.63384246826172
2015-07-21,56.054739163960036,50.57094824796701,10.88052537554691,43.05555555555555,105.1201171875,176.54356384277344,108.12141418457031
2015-07-22,54.364411578499315,49.0358227436699,9.547250534995678,46.875,103.92965698242188,176.22677612304688,108.52093505859375
2015-07-23,49.429464650707054,43.12190612157026,12.358260684164508,35.74652777777777,103.54208374023438,175.23460388183594,107.32237243652344
2015-07-24,43.281898376951375,35.149953528845984,16.4438872865267,27.17013888888889,102.52694702148438,173.4170379638672,105.59406280517578
2015-07-27,39.89764284612144,28.069127959037896,24.86690892104113,25.086805555555554,101.6779556274414,172.4082794189453,104.71684265136719
2015-07-28,42.967993518265175,29.132924756027936,26.97881036329834,34.77430555555556,102.55463409423828,174.52597045898438,105.61143493652344
2015-07-29,49.38184940903325,37.73528590779392,19.186019764982504,47.82986111111111,102.94223022460938,175.72653198242188,105.9067153930664
2015-07-30,54.285147812997174,44.33126955011505,16.559155715824584,48.871527777777786,103.43131256103516,175.76821899414062,106.21068572998047
2015-07-31,55.100951680509425,46.28837968386977,14.985307024578951,46.44097222222223,103.31137084960938,175.50140380859375,106.79257202148438
2015-08-03,53.337776204396846,44.881859401473776,15.050162192845036,43.48958333333333,102.98834991455078,174.9094696044922,106.2627944946289
2015-08-04,53.3102894145803,45.37911929815842,13.943266860311407,41.26736111111111,102.79456329345703,174.567626953125,106.01091003417969
2015-08-05,55.62950789839237,49.275728425935384,10.118334819044597,49.94791666666666,103.58818817138672,175.14291381835938,106.25409698486328
2015-08-06,50.78732030247375,44.29393028695955,11.933082340077855,38.020833333333336,101.9271240234375,173.70889282226562,104.82107543945312
2015-08-07,46.277330716371,39.175931333111244,13.46437103115004,36.02430555555556,101.79792022705078,173.3753662109375,104.11756134033203
2015-08-10,54.5486935915591,49.27942635346538,7.914911210019467,56.232638888888886,102.96067810058594,175.55975341796875,105.31612396240234
2015-08-11,47.676217531509955,40.97154924419737,13.495216021676399,32.13541666666667,101.64100646972656,173.9756622314453,104.41284942626953
2015-08-12,43.730163235082344,33.59833547515228,21.537104538615978,30.260416666666664,101.99171447753906,174.1841278076172,104.21311950683594
2015-08-13,42.47765842543164,29.084566696523503,27.315861297085775,26.076388888888886,101.82559967041016,173.96730041503906,103.8656997680664
2015-08-14,45.99172396405427,32.42548513606361,24.823295231876223,33.47222222222222,101.98248291015625,174.6010284423828,104.53446197509766
2015-08-17,51.036228292191765,41.07399681396201,14.836777824271444,48.47222222222222,102.83148193359375,175.5764923095703,105.63746643066406
2015-08-18,51.75185322142748,44.02610145858631,12.013658009357947,41.52777777777777,102.30546569824219,175.06793212890625,104.7950439453125
2015-08-19,44.58773551358567,33.615319499256316,22.901360254678966,26.05902777777778,101.6318130493164,173.6839141845703,103.70933532714844
2015-08-20,34.73359544739456,23.824271590766266,30.0,15.503472222222223,98.81715393066406,170.05714416503906,101.08647155761719
2015-08-21,27.313056893891552,17.46365264538582,30.0,12.135416666666668,94.498291015625,164.93798828125,99.90525817871094
2015-08-24,20.829153630860418,12.046018881358506,30.0,9.288194444444445,90.86231994628906,157.9929962158203,96.005615234375
2015-08-25,15.238624912725225,9.326654070298662,30.0,4.444444444444444,90.5208511352539,156.1337432861328,95.26741027832031
2015-08-26,14.877736537675531,10.62559810871853,30.0,2.881944444444444,95.07966613769531,162.12831115722656,97.6905288696289
2015-08-27,16.680943188544507,12.803841490003286,30.0,3.9236111111111107,97.48829650878906,166.13851928710938,99.4362564086914
2015-08-28,20.348473066661484,16.963050278258855,30.0,3.4375,97.46980285644531,166.14688110351562,100.41767883300781
2015-08-31,22.06757758167497,18.68308480035558,30.0,3.923611111111111,96.2608642578125,164.80462646484375,100.05291748046875
2015-09-01,18.921529288173804,15.95493910180808,30.0,2.5520833333333335,93.2524642944336,159.88552856445312,97.18682861328125
2015-09-02,19.983881826280992,17.20751843082575,30.0,2.5520833333333335,95.88252258300781,162.92037963867188,98.93252563476562
2015-09-03,19.196766645566804,16.09168255078543,30.0,4.149305555555555,95.41189575195312,163.03713989257812,98.77619934082031
2015-09-04,14.252332459714395,11.404341465157641,30.0,2.34375,94.27679443359375,160.56922912597656,98.02928161621094
2015-09-08,20.09991575664132,16.75706690660388,30.0,7.291666666666667,96.93458557128906,164.6044464111328,100.2700424194336
2015-09-09,19.585483708919135,16.709163721869615,30.0,3.4201388888888893,95.84562683105469,162.40338134765625,99.11493682861328
2015-09-10,19.47096968313492,17.300159317081377,29.706372681379673,4.409722222222223,96.8884048461914,163.28721618652344,99.56655883789062
2015-09-11,21.74786085945179,19.583053700396903,26.816076965689835,10.19097222222222,97.4236831665039,164.02919006347656,100.0355224609375
2015-09-14,22.2139822868433,20.25487990049167,26.510252024511587,6.545138888888888,97.12835693359375,163.42056274414062,99.57524108886719
2015-09-15,25.24168444754434,23.071057726167872,19.298962817811347,22.187499999999996,98.27268981933594,165.4632568359375,100.69564056396484
2015-09-16,27.978669048715055,25.83938606751549,9.709160228350118,25.868055555555557,98.82637786865234,166.89724731445312,101.56412506103516
2015-09-17,28.551518143652522,26.34120159436378,4.854580114175059,26.97916666666667,98.86328125,166.5220947265625,101.91156005859375
2015-09-18,22.398561517097185,20.75021525992686,4.846994918198642,19.23611111111111,97.45716857910156,163.80088806152344,100.5045394897461
2015-09-21,22.039340409327423,20.181095360641017,4.582785653543766,20.069444444444446,97.76241302490234,164.6473388671875,100.3221664428711
2015-09-22,16.903075039761884,13.78828965316271,7.619083798994106,9.930555555555555,96.30081939697266,162.5102081298828,98.80226135253906
2015-09-23,19.118903343044025,16.343640246862044,4.737276274497054,24.010416666666668,96.3748550415039,162.25045776367188,98.50696563720703
2015-09-24,19.4799083307538,17.487390583553868,2.91117285947075,25.243055555555557,96.02332305908203,161.6637725830078,98.34196472167969
2015-09-25,17.703587248133502,15.312123252608329,4.7107947630687095,16.5625,95.209228515625,161.6219482421875,97.04763793945312
2015-09-28,10.881416070515527,9.356020664599729,11.822628284312133,1.6145833333333335,92.49872589111328,157.56558227539062,94.33009338378906
2015-09-29,8.41307446559291,7.278220441398755,20.266782892156066,1.6145833333333335,92.01769256591797,157.65780639648438,93.65940856933594
2015-09-30,9.93689370446153,8.122497918619034,22.807002557189143,6.145833333333334,94.13614654541016,160.59947204589844,95.11399841308594
2015-10-01,14.097632899605694,9.322000970991528,18.206886695261243,16.09375,94.56169128417969,161.01849365234375,94.94853210449219
2015-10-02,20.084119195125528,14.716667982196988,10.29701973651951,23.159722222222225,96.21758270263672,163.42367553710938,96.35955047607422
2015-10-05,31.027420494329412,27.350483138324662,5.148509868259755,49.0625,97.59593963623047,166.3318328857422,98.65898895263672
2015-10-06,34.89385091470673,32.53930731324641,3.0788122257965473,47.44791666666666,97.13340759277344,165.761962890625,97.97958374023438
2015-10-07,39.44579718828294,38.096500413066806,1.5394061128982737,57.43055555555554,97.7161865234375,167.11962890625,99.71290588378906
2015-10-08,44.21979433497673,43.48780428920667,0.7697030564491368,66.63194444444444,98.104736328125,168.628173828125,100.61007690429688
2015-10-09,45.71855166763325,45.29166758508311,0.49878381989123804,66.2673611111111,98.54878234863281,168.72872924804688,100.81037139892578
2015-10-12,46.569417254691885,46.33567886019512,0.24939190994561902,68.10763888888889,98.78929138183594,168.88796997070312,100.66232299804688
2015-10-13,44.486466719184605,43.98088762641788,1.1663626216394747,64.77430555555556,98.15097045898438,167.8236083984375,99.28612518310547
2015-10-14,37.369205562373764,35.33971063415095,5.075368810819735,53.73263888888889,97.99376678466797,167.01904296875,98.31060791015625
2015-10-15,40.92748546166483,39.08974476842175,3.1670246831876443,66.09375,99.60335540771484,169.5835723876953,100.66232299804688
2015-10-16,43.28855078596778,42.09534936296902,1.5835123415938221,69.47916666666667,100.01963806152344,170.35459899902344,100.53166961669922
2015-10-19,46.43799861881594,45.74995421519082,0.7917561707969111,76.04166666666667,100.59317016601562,170.43836975097656,100.72329711914062
2015-10-20,48.82349152782335,48.448988095302205,0.39587808539845554,76.97916666666666,100.07515716552734,170.22048950195312,100.58392333984375
2015-10-21,47.002148421973644,46.4804813764954,1.0822706399214466,74.14930555555556,99.46456909179688,169.1645050048828,99.05093383789062
2015-10-22,51.90561254739176,51.53330724824675,0.5411353199607233,82.01388888888889,101.49049377441406,172.02232360839844,99.92196655273438
2015-10-23,58.25870697928693,58.03539707091247,0.27056765998036164,86.54513888888887,104.3305435180664,173.90792846679688,100.90615844726562
2015-10-26,59.28057828451159,59.15653757739037,0.13528382999018082,89.73958333333334,104.39527893066406,173.48056030273438,100.21810150146484
2015-10-27,56.3252751154972,55.65438080725488,1.7169474705506484,84.46180555555556,104.60806274414062,173.14535522460938,99.12065124511719
2015-10-28,60.343137168873454,59.8047320298584,0.8584737352753242,91.19791666666667,105.47760772705078,175.11483764648438,102.01237487792969
2015-10-29,60.05705713568925,59.503368860568926,1.0205997148598898,89.30555555555554,105.31111145019531,175.0142364501953,100.92361450195312
2015-10-30,59.702416035345834,59.2432143940629,0.7490151352077261,90.43402777777777,104.83934783935547,174.25999450683594,100.46199035644531
2015-11-02,64.83259920814629,64.54221255293055,0.37450756760386306,94.65277777777777,106.02342987060547,176.32159423828125,102.5523910522461
2015-11-03,68.10944836978253,67.89625004176101,0.31746211713526196,94.23611111111111,106.3934555053711,176.83282470703125,103.08369445800781
2015-11-04,69.11237076139712,68.69212380789664,0.9523113931635868,92.11332070707071,106.40270233154297,176.2965087890625,103.03143310546875
2015-11-05,68.51737588288387,67.65510476334074,1.9696058228444189,89.87373737373737,106.11592864990234,176.1204833984375,103.10983276367188
2015-11-06,65.68542159483363,63.50785979533482,5.154922071775734,83.92676767676768,106.1899185180664,176.02833557128906,103.84149169921875
2015-11-09,60.56877782934317,56.449757338110615,9.254090612908074,81.51357323232322,105.06135559082031,174.38571166992188,102.62207794189453
2015-11-10,58.05249698596077,52.72867510568344,10.77495013599949,79.72064393939394,104.7930679321289,174.7879638671875,102.92694854736328
2015-11-11,57.043443117478816,49.96244594958276,14.471972384918937,78.39015151515152,104.66355895996094,174.10073852539062,102.0298080444336
2015-11-12,50.45940179197017,37.79432643302894,28.103844462661485,58.59059343434343,103.64596557617188,171.67034912109375,100.07874298095703
2015-11-13,43.671949246444285,28.45025746013054,30.0,46.63510101010101,101.61080169677734,169.74278259277344,99.35576629638672
2015-11-16,47.77982039134444,31.705923129239856,30.0,58.907828282828284,103.0724105834961,172.32400512695312,100.20938110351562
2015-11-17,48.77960206526468,32.42163631122982,30.0,54.341856060606055,103.13714599609375,172.19833374023438,99.82614135742188
2015-11-18,62.14385256360099,45.69119731225603,30.0,80.20675505050505,105.11683654785156,174.93040466308594,101.51592254638672
2015-11-19,67.65296018082503,52.53014275380803,26.287088208823697,75.5602904040404,105.19082641601562,174.7795867919922,101.08909606933594
2015-11-20,71.22404164145408,59.01173412842331,19.558277374613876,79.02619949494948,105.90314483642578,175.41648864746094,101.74237823486328
2015-11-23,71.81759981205883,61.84036375894344,16.10854604210492,77.95612373737373,105.59786987304688,175.21539306640625,102.24755859375
2015-11-24,73.44967993461233,65.6857836077991,12.104048115749428,81.69349747474747,105.50537109375,175.4500274658203,102.99658203125
2015-11-25,73.35750238887935,67.18291226890607,9.78170366646057,82.71780303030303,105.59786987304688,175.4248809814453,103.79791259765625
2015-11-27,72.81318059227797,67.38723578288023,9.184767552927253,80.91224747474747,105.74591064453125,175.6260528564453,104.1899185180664
2015-11-30,70.80153913558925,65.3361797195126,9.972848580756555,77.4352904040404,105.47760772705078,174.89694213867188,103.73694610595703
2015-12-01,75.06321599642456,70.38478980774178,7.790835590883329,85.26199494949495,106.53219604492188,176.5646514892578,104.42505645751953
2015-12-02,66.97426431647617,61.17686258043848,11.557980926754801,67.59311868686868,105.87540435791016,174.7628173828125,103.30145263671875
2015-12-03,57.33867007329221,44.45206170665237,29.87493033080164,46.48674242424242,104.08074951171875,172.31568908691406,101.5594253540039
2015-12-04,63.01375474173798,51.14280459822959,20.66022005807759,71.25473484848484,106.51372528076172,175.6763153076172,102.58724212646484
2015-12-07,60.053676435670624,46.97713563876101,24.87152022474586,58.87784090909091,106.0326919555664,174.6119842529297,101.0455551147461
2015-12-08,54.4191541513444,39.0603072190412,30.0,44.96054292929293,106.04191589355469,173.4386444091797,100.48809814453125
2015-12-09,50.387605312811246,34.267989668710186,30.0,38.18497474747475,104.4322738647461,172.0894012451172,99.3645248413086
2015-12-10,50.8368489368845,34.463643722184145,30.0,40.98642676767676,104.904052734375,172.53355407714844,99.69548797607422
2015-12-11,42.459468351357835,26.001733279791054,30.0,21.60195707070707,102.4896011352539,169.18966674804688,97.47444915771484
2015-12-14,40.22290374592761,23.736992055405345,30.0,27.613636363636363,103.26664733886719,170.04446411132812,96.77762603759766
2015-12-15,46.050786823874944,29.555482927034184,30.0,43.35700757575758,103.895751953125,171.82955932617188,98.1712417602539
2015-12-16,58.56489902674238,42.06646439446213,30.0,60.14835858585859,105.44062805175781,174.34378051757812,99.66934967041016
2015-12-17,52.84373157610215,36.34425336534207,30.0,40.306186868686865,103.90497589111328,171.68711853027344,98.60673522949219
2015-12-18,44.54071257962592,28.040886509372555,30.0,24.158775252525253,101.911865234375,168.62850952148438,97.09986114501953
2015-12-21,43.98262695760164,27.48268493418385,30.0,26.253156565656568,103.04389953613281,170.01954650878906,97.83153533935547
2015-12-22,47.46784414057279,30.96786346610019,30.0,28.35858585858586,103.72125244140625,171.56234741210938,98.72869110107422
2015-12-23,55.00783691409349,38.50784335593596,30.0,44.535984848484844,104.4914321899414,173.68687438964844,99.97421264648438
2015-12-24,57.84533961484762,41.34534176212844,30.0,38.66950757575758,104.47284698486328,173.40020751953125,100.16315460205078
2015-12-28,57.743863414681705,41.24386413044197,30.0,35.1104797979798,104.41718292236328,173.00401306152344,99.69953155517578
2015-12-29,63.334155274428326,48.429546698736466,25.648933129850754,55.62184343434343,106.05958557128906,174.85023498535156,100.7755126953125
2015-12-30,60.525669801557385,47.55763649418746,21.81771940583447,42.916666666666664,105.10381317138672,173.61097717285156,99.76074981689453
2015-12-31,49.36038584888577,34.03770807976247,30.0,22.12121212121212,103.7955093383789,171.87425231933594,98.51856231689453
2016-01-04,40.641610295212196,24.53405103883776,30.0,14.98895202020202,101.60560607910156,169.47154235839844,96.23536682128906
2016-01-05,38.849334227152454,22.480147808360982,30.0,19.234532828282827,101.42931365966797,169.75816345214844,96.44532775878906
2016-01-06,33.25148040509632,16.795084932165828,30.0,13.472222222222221,100.45501708984375,167.61680603027344,94.97569274902344
2016-01-07,26.49644072301708,12.816531120929135,30.0,9.387626262626263,97.30943298339844,163.59544372558594,92.43878936767578
2016-01-08,22.311195569047015,10.979466442425105,30.0,9.122474747474747,96.51142883300781,161.7997283935547,90.8466796875
2016-01-11,19.74179996229457,10.272427290457637,30.0,7.108585858585858,96.80835723876953,161.95989990234375,90.45299530029297
2016-01-12,17.735230284460627,9.679235690144614,30.0,7.3106060606060606,97.93112182617188,163.2666473388672,90.72421264648438
2016-01-13,14.298677442454856,8.108716281386558,30.0,5.037878787878787,94.5535659790039,159.1946563720703,87.8111801147461
2016-01-14,14.749126224640824,8.820065096877316,30.0,5.795454545454545,96.56710815429688,161.8081512451172,89.02711486816406
2016-01-15,11.413129114881055,7.2918679982191446,30.0,5.795454545454545,93.56996154785156,158.33477783203125,87.58370971679688
2016-01-19,10.426614623353105,6.908416473354691,30.0,5.795454545454545,93.77410888671875,158.54550170898438,86.40275573730469
2016-01-20,9.076087685046497,5.981132746158138,30.0,5.037878787878787,93.4864501953125,156.5137481689453,86.76143646240234
2016-01-21,8.305776363050953,5.574124716754833,30.0,5.037878787878787,93.57926940917969,157.3905029296875,86.56019592285156
2016-01-22,11.411723432928149,9.106728439718331,30.0,4.753787878787879,96.2887191772461,160.6194305419922,88.6772232055664
2016-01-25,10.662034099615628,8.560369101879024,30.0,4.545454545454545,94.85977935791016,158.19142150878906,86.7089614868164
2016-01-26,15.06802589607512,12.97302645238514,30.0,5.719696969696969,95.71342468261719,160.34962463378906,88.44102478027344
2016-01-27,14.227397284805363,12.579064136908702,30.0,4.962121212121212,93.32869720458984,158.60458374023438,87.22504425048828
2016-01-28,16.131007922187717,13.681563539555498,27.754688806551925,7.79040404040404,94.6463394165039,159.4307403564453,87.20758819580078
2016-01-29,20.047354070162744,17.108650387063115,15.214939100245658,17.84090909090909,96.62278747558594,163.3172607421875,90.06812286376953
2016-02-01,22.600697611803177,18.932240828547744,7.607469550122829,21.33522727272727,96.88258361816406,163.2582550048828,89.6569595336914
2016-02-02,17.542851545123565,13.97558817292731,7.669541277586667,8.964646464646465,94.78550720214844,160.31594848632812,87.72368621826172
2016-02-03,19.147667566622545,16.323728400462528,4.458685569348888,19.338699494949495,94.33085632324219,161.27700805664062,87.8374252319336
2016-02-04,20.178055181374155,18.22906759568093,2.748203264472422,19.67487373737374,94.32157897949219,161.5299835205078,88.17858123779297
2016-02-05,15.034763563407804,12.98626232293086,3.8150146688523714,13.524305555555557,91.04605865478516,158.45278930664062,85.76419830322266
2016-02-08,12.049647320658348,9.533677493339397,4.999462037709013,11.440972222222221,89.65423583984375,156.31982421875,84.35575103759766
2016-02-09,11.041396828768061,8.094765929415093,5.749020791581778,10.9375,89.37583923339844,156.3282012939453,83.78716278076172
2016-02-10,10.272938278768002,7.069206111638131,6.058696001851494,11.145833333333332,89.71916961669922,156.193359375,83.83090209960938
2016-02-11,8.742741134242353,5.224830411865728,7.241883512289382,7.855113636363636,89.58926391601562,154.16163635253906,82.92109680175781
2016-02-12,11.343862975226664,7.824667215514735,6.399705960690145,15.142045454545453,90.9532699584961,157.3399658203125,84.49569702148438
2016-02-16,19.339115709672768,16.99277103030893,3.1998529803450726,25.66287878787879,93.00393676757812,159.9955596923828,86.49897766113281
2016-02-17,28.33037040489242,26.961615798707882,1.5999264901725363,47.41161616161616,95.11029815673828,162.60906982421875,87.85491180419922
2016-02-18,31.38522703808252,30.48971380587826,1.1979864458438438,46.13794191919192,94.024658203125,161.94308471679688,87.4350357055664
2016-02-19,32.50212954126799,31.922326168702604,0.7671789868108081,46.87342171717172,94.30301666259766,161.8671417236328,87.87239074707031
2016-02-22,36.69131513424037,36.357397862469924,0.38358949340540405,58.44381313131313,95.83406066894531,164.2108612060547,88.85216522216797
2016-02-23,33.588230746049916,31.803590989076184,4.563638181046136,44.45391414141414,94.25662231445312,162.13697814941406,88.0385971069336
2016-02-24,34.105538840573445,31.659090301353366,5.049732600624078,49.586489898989896,95.15666198730469,162.87884521484375,88.88715362548828
2016-02-25,37.442628429184865,35.70136127266376,2.524866300312039,58.72316919191918,96.09387969970703,164.8515625,89.70071411132812
2016-02-26,39.99864211266296,38.95532757209872,1.2624331501560195,63.76262626262627,95.97325134277344,164.4722137451172,90.26933288574219
2016-02-29,36.82302934141852,35.56618588231295,2.479287124320434,57.84880050505051,95.11029815673828,163.182373046875,89.866943359375
2016-03-01,42.543431369611405,41.669947577117476,1.239643562160217,69.90688131313131,98.16312408447266,167.01820373535156,91.80020904541016
2016-03-02,46.08271985560691,45.564290605046224,0.6198217810801085,74.0893308080808,98.20024871826172,167.76856994628906,92.74496459960938
2016-03-03,48.195213229614886,47.90876948622998,0.3099108905400543,75.6518308080808,98.01464080810547,168.4261474609375,93.71597290039062
2016-03-04,49.851656565286234,49.69935832089226,0.15495544527002714,75.6518308080808,98.05177307128906,168.97412109375,94.23209381103516
2016-03-07,52.3001743818529,52.22099980208874,0.07747772263501357,79.16351010101009,97.44859313964844,169.10902404785156,95.25560760498047
2016-03-08,51.37701170863664,51.33641593289883,0.038738861317506784,83.88573232323233,96.64134979248047,167.2627410888672,92.95491790771484
2016-03-09,52.527291998080585,52.50665794825977,0.019369430658753392,86.15372474747474,97.26303100585938,168.08889770507812,93.42731475830078
2016-03-10,52.340228295408835,52.32979921651447,0.009684715329376696,88.99463383838385,97.11456298828125,168.2238006591797,92.6662368774414
2016-03-11,58.918607102968025,58.91335521219284,0.004842357664688348,92.93560606060606,98.8126449584961,170.9384765625,94.6520004272461
2016-03-14,60.32221753168936,60.31957913585911,0.002421178832344174,95.83333333333334,98.97966003417969,170.71922302246094,94.40705871582031
2016-03-15,62.833805906906065,62.83248255884338,0.001210589416172087,95.83333333333334,98.94253540039062,170.4410858154297,92.93740844726562
2016-03-16,64.64134342589847,64.43451717404015,0.5628685522838474,94.0340909090909,99.82404327392578,171.42745971679688,93.59352111816406
2016-03-17,65.97254834665162,65.42063938922459,1.317182382202529,92.5189393939394,99.76838684082031,172.5150146484375,95.02813720703125
2016-03-18,66.51427377752732,65.9224433734997,1.1123475042325794,94.38131313131314,99.92476654052734,173.1929168701172,95.88545989990234
2016-03-21,68.91838132141297,68.51717414429446,0.5561737521162897,96.52777777777777,100.31562042236328,173.4386444091797,95.65801239013672
2016-03-22,70.55841335887557,70.1635689267629,0.7121146538359215,95.13888888888889,100.62271118164062,173.34542846679688,95.54429626464844
2016-03-23,68.42613577222369,67.73500248794585,1.5259594733826058,92.7840909090909,99.79443359375,172.2014617919922,93.77803802490234
2016-03-24,65.70734874860744,64.7118240189132,2.0867644589135264,92.29166666666666,99.8223648071289,172.12522888183594,94.05882263183594
2016-03-28,64.08232003231028,62.66695011050029,2.955077305214332,91.6729797979798,99.68276977539062,172.2268829345703,94.17289733886719
2016-03-29,68.38522648091639,66.4486399269497,3.994899763718282,92.15277777777777,101.28349304199219,173.8199920654297,96.78758239746094
2016-03-30,70.90245776734156,68.91978525563394,3.646755437414695,93.54166666666667,101.77674865722656,174.58265686035156,96.7963638305664
2016-03-31,71.4861054000414,69.55117398261282,3.474656127798256,92.63888888888889,101.62781524658203,174.1589813232422,97.06837463378906
2016-04-01,73.17571976563876,71.50454409565882,2.7987232659193313,93.13131313131312,102.70740509033203,175.34532165527344,97.498291015625
2016-04-04,72.82595402883506,70.73402247990467,4.186017251646534,90.99589646464646,102.31651306152344,174.77755737304688,96.68230438232422
2016-04-05,68.46323357665386,64.59324929569001,8.652746630873779,86.03219696969695,101.33000183105469,173.0319366455078,95.5855484008789
2016-04-06,71.94910342407677,67.431423401799,8.802777987154052,88.67108585858587,102.99591827392578,174.92161560058594,96.66472625732422
2016-04-07,69.1072933821593,63.23835312801438,11.899218854688144,82.65940656565655,101.51615905761719,172.82850646972656,95.357421875
2016-04-08,69.84367016571255,64.07244208726773,10.40431271017235,87.28219696969697,101.44170379638672,173.2946319580078,95.73469543457031
2016-04-11,69.9420512391452,63.13631417909495,13.314530092459918,81.1205808080808,101.0694351196289,172.88784790039062,95.4363784790039
2016-04-12,75.42584047487982,69.6688105675417,9.51395696542188,89.7695707070707,101.91632080078125,174.49790954589844,96.46295166015625
2016-04-13,80.5942283635421,76.77329619150946,5.187060553418007,95.15151515151516,103.21925354003906,176.26055908203125,98.54241943359375
2016-04-14,83.27067065517625,80.88836873711281,3.023612347416071,95.15151515151516,103.22856140136719,176.26898193359375,98.41960144042969
2016-04-15,84.42345240639554,83.07502283668144,1.5118061737080355,96.5340909090909,102.9679946899414,176.07411193847656,98.66522979736328
2016-04-18,86.1890435640665,85.46240257564867,0.7559030868540177,96.59722222222223,103.51709747314453,177.31129455566406,99.41107177734375
2016-04-19,86.72364653678913,86.34285064139328,0.3779515434270089,96.73611111111111,102.88421630859375,177.87060546875,99.49003601074219
2016-04-20,85.9327077051282,85.41313392925687,1.0708413020165322,93.91414141414143,102.9679946899414,178.04010009765625,99.63916778564453
2016-04-21,84.80638626007084,83.58274359839217,2.8648674628769513,89.28188131313132,102.9772720336914,177.0824737548828,99.1390609741211
2016-04-22,84.56450832717434,82.86208750230956,3.530563466286962,90.02209595959596,101.4231185913086,177.0824737548828,100.12176513671875
2016-04-25,83.16488046944377,81.13434551502141,3.990167307638429,89.61647727272728,101.4231185913086,176.77745056152344,99.41107177734375
2016-04-26,83.66298973662482,81.47933196069475,4.109489430334362,89.97001262626264,100.9298324584961,177.04014587402344,100.38495635986328
2016-04-27,84.2381717862441,80.95674925703943,6.964190737894446,88.08869949494951,100.12015533447266,177.40455627441406,100.7359619140625
2016-04-28,80.28354240417238,74.31885490267535,13.284218159351271,80.26041666666666,98.91029357910156,175.79444885253906,99.58654022216797
2016-04-29,76.02498598094637,66.84364899382555,19.617566781695842,75.87436868686868,98.38912963867188,174.84535217285156,98.69157409667969
2016-05-02,78.78879891040029,69.10373220841947,18.067148289837828,83.45328282828282,99.31977844238281,176.235107421875,99.5689926147461
2016-05-03,74.6489523231562,62.155956953618244,25.267199460575487,70.7623106060606,98.39845275878906,174.7012939453125,97.93699645996094
2016-05-04,71.88970534686983,56.72537355702386,30.0,66.10479797979798,97.7656021118164,173.72682189941406,97.1297836303711
2016-05-05,68.64021222824616,52.585434964964165,30.0,57.3800505050505,97.7376708984375,173.69290161132812,96.74371337890625
2016-05-06,69.99974378558812,53.64815136449412,30.0,64.56597222222223,98.25884246826172,174.32839965820312,97.31405639648438
2016-05-09,70.3847080624994,53.93417725546806,30.0,63.44854797979798,98.53805541992188,174.47251892089844,97.59480285644531
2016-05-10,76.82003277783255,60.336522508822114,30.0,73.40593434343435,99.88748931884766,176.64186096191406,98.57749938964844
2016-05-11,75.87243685732635,59.37793343432287,30.0,63.00347222222222,98.98477172851562,174.98944091796875,97.35791778564453
2016-05-12,71.59620646282998,55.098038655162156,30.0,51.008522727272734,98.54735565185547,175.040283203125,96.84024047851562
2016-05-13,63.80329837384569,47.30390910462309,30.0,40.28093434343434,98.18441009521484,173.51495361328125,96.19972229003906
2016-05-16,69.31706736668806,52.81727094361386,30.0,51.9854797979798,99.41288757324219,175.22666931152344,97.4193344116211
2016-05-17,61.90137079978822,45.40143865876348,30.0,34.914772727272734,98.16578674316406,173.59121704101562,95.87507629394531
2016-05-18,58.75078905964939,42.250811679307816,30.0,30.525568181818183,98.51943969726562,173.64198303222656,96.37519073486328
2016-05-19,55.43569655922282,38.93570409910895,30.0,26.862373737373737,98.00757598876953,173.0403594970703,95.60307312011719
2016-05-20,62.03892777080961,45.538930284104985,30.0,38.53693181818181,99.0871353149414,174.13351440429688,97.20875549316406
2016-05-23,62.18081735938915,45.68081819715428,30.0,36.98705808080808,98.95684051513672,173.89625549316406,97.0947036743164
2016-05-24,71.24097637758139,54.74097665683644,30.0,61.12689393939393,100.93916320800781,176.1503448486328,99.09521484375
2016-05-25,76.81232576684587,62.53636461054779,23.934439771044822,67.54261363636364,101.6650619506836,177.34521484375,99.67428588867188
2016-05-26,77.40563676766115,65.84779727374061,18.54323393223958,62.410037878787875,101.96289825439453,177.3960418701172,99.56022644042969
2016-05-27,81.8504790512986,73.89080772130337,11.201067723695544,77.27904040404042,102.49334716796875,178.15875244140625,100.55168151855469
2016-05-31,83.05356240544899,78.21298431462492,5.965511765888179,76.11111111111111,102.68878173828125,177.8197479248047,100.90264129638672
2016-06-01,82.8015820212929,79.691456380235,4.08163530213601,73.76262626262627,102.69810485839844,178.1841278076172,101.5870361328125
2016-06-02,84.11486157645996,82.32985322404905,2.040817651068005,80.45454545454545,102.91216278076172,178.7264862060547,102.36795806884766
2016-06-03,83.626127418099,82.50795852756252,1.4268166538168312,79.1540404040404,102.4281997680664,178.192626953125,101.75373840332031
2016-06-06,85.25031210397376,84.61600608726184,0.7134083269084156,84.18718434343435,102.80046081542969,179.09933471679688,102.85052490234375
2016-06-07,86.29833190634119,85.95610504083734,0.3567041634542078,85.3677398989899,102.53988647460938,179.3789520263672,103.14885711669922
2016-06-08,87.26100106963473,87.08152968450018,0.1783520817271039,85.86016414141413,102.71671295166016,179.96363830566406,103.9122085571289
2016-06-09,86.31840262282952,86.20327533270877,0.15082771384334862,85.66287878787878,102.54918670654297,179.71792602539062,103.24533081054688
2016-06-10,81.69870084918216,80.83442391697432,2.252457733184295,78.89362373737374,101.3858413696289,178.01467895507812,101.84146881103516
2016-06-13,76.28858521502124,72.14081922959042,10.526382749167905,66.52935606060606,100.53897094726562,176.64186096191406,100.7359619140625
2016-06-14,73.09988130283139,65.86438722728478,15.962469310190013,63.86679292929293,100.53897094726562,176.29444885253906,100.44639587402344
2016-06-15,71.36329499603,61.450900687590746,20.45608077251925,59.85164141414141,100.25045013427734,176.0486602783203,100.51660919189453
2016-06-16,71.78080801227694,60.02967201089087,23.037285177926286,62.662563131313135,100.54829406738281,176.5740203857422,100.50782775878906
2016-06-17,70.12337620573764,57.12334508237802,24.771779426084347,61.30208333333334,99.36972045898438,175.91644287109375,100.07789611816406
2016-06-20,77.20796591722137,66.37638741650457,17.722458526173483,76.48516414141415,99.99490356445312,177.0493927001953,101.16588592529297
2016-06-21,79.52735851521118,69.47254712776636,17.575323328743302,71.67140151515152,100.31219482421875,177.55194091796875,100.97286987304688
2016-06-22,80.12658455901104,69.37676755107466,20.176945123967602,67.63731060606061,100.0695571899414,177.26231384277344,100.57801055908203
2016-06-23,85.60889384408105,78.03155685806004,10.892903591024194,84.47443181818183,101.49726867675781,179.5707550048828,102.4995346069336
2016-06-24,64.29243178124327,50.76665278590292,30.0,33.30492424242425,97.31681823730469,173.12254333496094,98.60384368896484
2016-06-27,50.39060248628546,34.88200948783867,30.0,29.248737373737377,95.38522338867188,170.0218963623047,95.3661880493164
2016-06-28,49.373503220541025,33.20397222105876,30.0,30.45770202020202,97.47543334960938,173.08847045898438,96.84024047851562
2016-06-29,55.68016303863243,39.29031937213834,30.0,37.162247474747474,99.20173645019531,176.03570556640625,99.04251098632812
2016-06-30,66.80623288386218,50.34295166169748,30.0,65.44507575757576,100.34950256347656,178.43783569335938,100.88509368896484
2016-07-01,74.22478215294562,61.28719044026158,20.317721741715804,69.47916666666667,100.85340881347656,178.81268310546875,101.244873046875
2016-07-05,72.94445109634707,59.28489839132301,25.49187854762558,56.639835858585855,100.237548828125,177.52639770507812,99.75325775146484
2016-07-06,73.45613238573938,60.90116740774074,21.823038389974396,64.24242424242425,101.05870056152344,178.59115600585938,100.4775619506836
2016-07-07,72.44440110075978,60.652655794468636,20.745700855340733,60.91540404040404,101.3572998046875,178.48037719726562,100.68929290771484
2016-07-08,77.02169446793593,66.86802934791531,16.972045503427953,73.91571969696969,102.92495727539062,181.13807678222656,103.0360336303711
2016-07-11,81.12327913648708,74.36152125187027,9.210553212572567,82.15593434343434,103.51283264160156,181.77691650390625,104.22703552246094
2016-07-12,85.72479902845357,81.78227831127633,4.605276606286283,91.82449494949495,104.0353775024414,183.0972900390625,105.6209716796875
2016-07-13,87.44235725190876,85.28388296836387,2.3026383031431417,93.27651515151514,103.7834701538086,183.07168579101562,105.20633697509766
2016-07-14,89.16765443750495,88.0260126540804,1.1513191515715708,95.94381313131314,104.4926528930664,184.09385681152344,105.31217956542969
2016-07-15,89.3446053512222,88.59383939377405,1.0096873535635622,94.55492424242425,104.3246841430664,183.84686279296875,105.60336303710938
2016-07-18,90.09971693525588,89.62456638832356,0.6133506212262275,95.5965909090909,105.01519012451172,184.34091186523438,105.77979278564453
2016-07-19,88.5084342037909,87.99888779647752,0.9577169772797833,93.86047979797979,104.63260650634766,184.15353393554688,105.25045776367188
2016-07-20,88.59644252704953,87.90161991766598,1.431746746215653,92.8945707070707,105.85503387451172,184.92010498046875,105.93858337402344
2016-07-21,87.04089265538943,86.10390903721463,1.92375295012803,92.07859848484848,105.61238098144531,184.2216339111328,105.43572235107422
2016-07-22,87.47545748445641,86.43446500837467,1.987267100064015,92.66256313131314,106.05097198486328,185.04788208007812,106.22090911865234
2016-07-25,86.90819121535752,85.50675725498522,2.875735822759278,89.92108585858587,106.0603256225586,184.5453643798828,106.0621109008789
2016-07-26,87.9769728293616,86.65509981441681,2.331077349510954,93.08554292929293,106.18160247802734,184.63055419921875,106.57380676269531
2016-07-27,87.41404144817105,86.10406797540873,2.370952184856476,92.68150252525254,106.91879272460938,184.4346160888672,106.87377166748047
2016-07-28,87.67526129080449,85.54452496414152,4.6202140974787484,90.44823232323232,107.29203796386719,184.64756774902344,106.60025024414062
2016-07-29,87.16048271983045,84.34379409121985,5.744845053789884,89.75378787878788,107.52531433105469,184.9456787109375,106.81201171875
2016-08-01,85.14002622647547,81.13293446541044,8.367806049622226,86.97758838383837,108.09453582763672,184.79237365722656,106.90020751953125
2016-08-02,80.80829017851207,73.57000556572632,16.097965524811105,75.83964646464648,107.27336883544922,183.60836791992188,105.40924072265625
2016-08-03,82.58936813256054,74.87975446634252,14.445960350789385,84.18402777777779,107.62796020507812,184.14498901367188,106.2649917602539
2016-08-04,83.31766816539897,75.57025484892232,14.12056934837449,82.97506313131314,107.9359130859375,184.34091186523438,106.362060546875
2016-08-05,88.05054427062123,81.94053620357516,9.620555349692296,90.20675505050505,108.97171783447266,185.84864807128906,107.89714813232422
2016-08-08,89.62513933599834,84.74541909213198,7.7537751495936185,88.22285353535355,108.85039520263672,185.73789978027344,107.8442153930664
2016-08-09,90.10581243859879,85.44222602201413,8.282762732625097,87.46527777777777,109.1023178100586,185.84864807128906,107.95889282226562
2016-08-10,88.13640717650263,81.61809553897461,13.53758954181761,79.27872474747474,108.82239532470703,185.38861083984375,107.18254089355469
2016-08-11,89.51529229115744,83.19577211172229,11.30931718252497,85.75757575757575,109.2889404296875,186.24896240234375,107.69422912597656
2016-08-12,87.40985332264171,80.50608578399671,13.083438578636212,80.78914141414143,109.36361694335938,186.08714294433594,107.80012512207031
2016-08-15,89.61153359912974,84.21069248572033,8.45341436507568,87.74305555555556,109.83016204833984,186.62376403808594,108.86758422851562
2016-08-16,87.73696742866615,83.11718232902507,7.689558350467131,82.0044191919192,109.2236557006836,185.6611785888672,107.98538208007812
2016-08-17,87.04822314962273,82.49661822900859,8.213663329273968,81.64457070707071,109.41960144042969,186.01043701171875,107.66777801513672
2016-08-18,87.93648684112004,83.78696399564102,7.179057832566275,83.2544191919192,109.44759368896484,186.42782592773438,108.46177673339844
2016-08-19,88.34545352616459,83.8713067204048,8.429925065273034,83.90151515151516,109.41960144042969,186.15525817871094,108.46177673339844
2016-08-22,85.89057205080908,80.6844688559039,10.131057071777935,81.18844696969697,109.5035629272461,186.14674377441406,108.70881652832031
2016-08-23,87.93212671053907,82.94237160602249,8.875601926040481,83.97727272727273,109.69950866699219,186.5215301513672,109.46751403808594
2016-08-24,83.533772876577,78.20647129650109,9.99286330519195,75.9753787878788,108.99037170410156,185.56753540039062,108.57647705078125
2016-08-25,81.18255392182198,73.4694015461226,16.192868679111122,70.06786616161617,108.81307220458984,185.439697265625,108.7882080078125
2016-08-26,78.98930248572518,69.23352177626612,19.594717956979807,67.10069444444444,108.97171783447266,185.0904998779297,108.567626953125
2016-08-29,81.09239375786798,70.54277058806495,19.902807999954554,72.80618686868686,109.12100219726562,186.00192260742188,109.13225555419922
2016-08-30,79.63264977114117,68.36515554649294,21.13896318558334,68.20549242424242,108.76639556884766,185.69529724121094,109.33517456054688
2016-08-31,78.1335448837363,65.62213706510771,23.878844755670464,64.63068181818181,108.6544189453125,185.1671600341797,108.7176513671875
2016-09-01,77.00528937201985,63.18015834069665,26.330895704855443,63.70422979797979,108.93436431884766,185.17564392089844,108.79702758789062
2016-09-02,82.37112339336689,70.26722973981343,20.442318117579244,74.41919191919192,109.2889404296875,186.01043701171875,109.84687805175781
2016-09-06,84.43166234324352,74.82002656541025,15.210012436314877,76.48358585858585,109.97016143798828,186.5726318359375,109.9527359008789
2016-09-07,85.1936770100374,76.70925331336117,14.401486647450369,74.98579545454545,110.03543853759766,186.5555877685547,110.64089965820312
2016-09-08,84.11123408752088,75.71023928474439,15.19869155604842,69.0625,109.39161682128906,186.12969970703125,110.42030334472656
2016-09-09,68.89918347305586,55.09885187213036,30.0,31.267361111111114,106.63885498046875,181.67471313476562,106.97079467773438
2016-09-12,66.80947025599806,51.209359722356226,30.0,38.92203282828284,108.55179595947266,184.28128051757812,108.46177673339844
2016-09-13,61.37967757472076,45.179640730173475,30.0,26.407828282828284,107.58130645751953,181.6321258544922,106.37973022460938
2016-09-14,58.730259566032885,42.33024728451713,30.0,24.37184343434344,108.09453582763672,181.56402587890625,106.3973388671875
2016-09-15,60.726646299605946,44.259975539100694,30.0,33.34595959595959,109.77417755126953,183.3783416748047,107.66777801513672
2016-09-16,61.95638435616045,45.4674941026587,30.0,30.817550505050505,109.7218017578125,182.6694793701172,107.50897216796875
2016-09-19,59.64989796405375,43.15360121288649,30.0,26.431502525252526,109.24473571777344,182.70372009277344,108.22357940673828
2016-09-20,59.783314275389195,43.28454869166677,30.0,25.823863636363633,109.45052337646484,182.7122802734375,107.76480865478516
2016-09-21,66.86058764142685,50.360999113519355,30.0,38.702651515151516,110.52632904052734,184.7670135498047,109.32635498046875
2016-09-22,71.85698039226014,55.357117549624306,30.0,52.91193181818181,111.40565490722656,185.9312744140625,110.89674377441406
2016-09-23,73.39830079066144,57.23352586950993,29.085874473471524,47.433712121212125,110.69469451904297,184.9125518798828,110.11155700683594
2016-09-26,69.04284262776706,52.665526141783815,29.970158669816573,33.01925505050505,109.7685546875,183.41424560546875,109.01811981201172
2016-09-27,68.79527815985534,53.48129201256123,26.87694723263556,38.42960858585859,110.85371398925781,184.55296325683594,109.46044158935547
2016-09-28,71.57430989166896,58.96263575732847,20.47366932338848,53.9709595959596,111.04080963134766,185.46896362304688,110.30087280273438
2016-09-29,64.08828954422609,51.35875670682469,23.251749434421516,34.83585858585858,110.23631286621094,183.7909698486328,108.69078063964844
2016-09-30,68.82046520161073,57.893496084036684,18.2285222866552,55.35511363636364,111.05955505371094,185.17787170410156,109.88507843017578
2016-10-03,67.20203523209128,56.37395793340203,19.597511616812447,42.93718434343434,110.9005126953125,184.73272705078125,109.5400390625
2016-10-04,60.76238385175101,48.62706023817972,23.25263049274966,31.933396464646464,110.73212432861328,183.7909698486328,109.00040435791016
2016-10-05,61.58266330411903,50.49661455323931,19.20256603551624,44.81849747474748,111.125,184.6043243408203,109.65503692626953
2016-10-06,62.961056118208035,53.202195006773856,16.53684962129347,43.036616161616166,111.06888580322266,184.73272705078125,109.5400390625
2016-10-07,57.75030848157239,47.95666527543126,17.838244097262898,36.08270202020202,110.82566833496094,184.09921264648438,108.66423797607422
2016-10-10,63.793158382746356,57.25826589620111,8.919122048631449,56.3794191919192,111.52725982666016,185.0580291748047,109.9646987915039
2016-10-11,53.72960143879759,45.094987181125994,17.608136624063203,26.366792929292927,109.93697357177734,182.7209014892578,107.95649719238281
2016-10-12,53.4825973171705,43.58138464649802,19.153657958496247,38.615845959595966,109.84342193603516,182.96055603027344,107.8680191040039
2016-10-13,52.200425620602104,42.527912692616596,17.378478284803677,33.125,109.45052337646484,182.3612823486328,106.97449493408203
2016-10-14,47.70511954516067,33.89634821000705,28.867091888613963,23.58270202020202,109.58148956298828,182.45541381835938,106.54100799560547
2016-10-17,44.52947804658086,29.04923945338151,30.0,19.428661616161616,109.2821273803711,181.82196044921875,106.41716003417969
2016-10-18,50.208154084986646,36.20717258334354,24.11155082884541,32.5457702020202,110.25501251220703,182.96055603027344,107.02759552001953
2016-10-19,55.93650373059678,45.14495734892742,16.7033251303318,43.16287878787878,110.24569702148438,183.4485321044922,107.47876739501953
2016-10-20,53.28188747221547,41.48281680257966,22.368786933852775,27.280618686868685,110.11467742919922,183.10609436035156,107.16028594970703
2016-10-21,52.36284109869425,40.382475701498194,21.947295929047606,29.010416666666664,110.52632904052734,183.19171142578125,107.1072006225586
2016-10-24,54.64694642509947,42.256267131634644,22.90152043927128,37.29482323232323,111.85467529296875,183.9707489013672,107.78840637207031
2016-10-25,52.25953490044816,41.04983701376015,19.307649424181097,31.237373737373737,111.49922180175781,183.3543701171875,106.98333740234375
2016-10-26,48.556358406846144,36.63758709879471,22.315105488605703,27.239583333333336,110.74146270751953,182.98623657226562,105.92173767089844
2016-10-27,45.92855323121762,32.72274438154869,25.180595673595786,22.315340909090907,110.23631286621094,182.4982452392578,104.7097396850586
2016-10-28,44.22751354745565,30.907557756480845,24.321871384777694,21.21054292929293,109.5440444946289,181.95887756347656,104.41781616210938
2016-10-31,43.60668552642356,30.771962788981973,22.894738564863598,22.03125,109.441162109375,181.96751403808594,104.83360290527344
2016-11-01,41.22757664291713,28.37016906376993,27.227731498340894,19.214015151515152,108.61795043945312,180.6490020751953,103.55082702636719
2016-11-02,38.18744217779957,25.884510021787527,30.0,16.321022727272727,107.74796295166016,179.56179809570312,102.23265838623047
2016-11-03,35.9224504305158,25.275639711845123,30.0,12.635732323232322,106.69087219238281,178.73989868164062,101.73725891113281
2016-11-04,34.23458886083827,24.97130010276286,30.0,10.20044191919192,106.31665802001953,178.54302978515625,102.39189910888672
2016-11-07,44.07452380459087,31.947762018140793,24.651815092068013,31.23579545454546,108.84246826171875,182.48114013671875,104.89553833007812
2016-11-08,50.860924312440375,41.59803524405935,14.238095835175418,37.04387626262627,109.55340576171875,183.3030242919922,105.16976928710938
2016-11-09,59.62136506344892,53.923417804206416,7.119047917587709,59.14930555555555,110.05856323242188,185.24642944335938,108.40765380859375
2016-11-10,59.966296771991395,56.027953599760224,5.560983870410014,52.74463383838384,108.28117370605469,185.7086944580078,110.14163970947266
2016-11-11,59.83923261777663,56.814301855420695,4.669499195306017,53.10448232323232,108.32796478271484,185.2806396484375,112.6717758178711
2016-11-14,60.78100683218817,58.55601698022639,3.318217085026741,56.002209595959606,107.23345184326172,185.4261932373047,114.25532531738281
2016-11-15,62.65196018985397,61.30195710694514,1.6591085425133705,60.08680555555556,108.7208480834961,186.87301635742188,114.60920715332031
2016-11-16,62.63285036631497,61.8786794392179,0.8295542712566852,60.43402777777777,109.36632537841797,186.5220184326172,114.60038757324219
2016-11-17,65.33068917934406,64.9272139205813,0.4147771356283426,64.03251262626263,110.16146850585938,187.4808349609375,115.2727279663086
2016-11-18,66.35517922139752,66.1446449936114,0.2073885678141713,65.28251262626263,109.74986267089844,187.0613555908203,115.8831558227539
2016-11-21,69.87731563272175,69.76911631936042,0.10369428390708565,74.22190656565657,110.89116668701172,188.47398376464844,116.42280578613281
2016-11-22,71.67059510989715,71.25889189598635,1.0244639348828335,71.10953282828284,111.22791290283203,188.84210205078125,117.48441314697266
2016-11-23,72.79495426222162,72.26373827507838,1.0744952250171735,72.42266414141415,110.77889251708984,188.9447784423828,118.21868133544922
2016-11-25,74.72546455205367,74.35140176508611,0.5372476125085868,76.50094696969695,111.1343765258789,189.64683532714844,118.60796356201172
2016-11-28,75.61741074294045,75.37704748545433,0.31547907771893424,76.3510101010101,110.88178253173828,188.75648498535156,117.06861877441406
2016-11-29,76.83156115673773,76.69360223999388,0.15773953885946712,79.38131313131314,111.26534271240234,189.1245880126953,117.00666046142578
2016-11-30,73.82924934180821,73.11270638928787,1.8287908552883192,73.78156565656566,109.91824340820312,188.6708526611328,116.43165588378906
2016-12-01,69.43887435972731,67.47007245949176,4.718057043805778,67.20959595959596,108.01924133300781,187.97740173339844,115.86544036865234
2016-12-02,68.52726788421887,65.794362579813,5.66355819362006,68.80681818181819,108.23439025878906,188.07156372070312,115.80352020263672
2016-12-05,71.77057919372953,69.15578249750465,4.6468043493352855,73.57323232323232,109.07630157470703,189.20166015625,117.79403686523438
2016-12-06,73.95770148208493,71.82258544337257,3.4459558362838063,75.78914141414141,109.33826446533203,189.8009033203125,119.06796264648438
2016-12-07,77.76553012365795,76.42206620743512,1.7229779181419032,80.90909090909092,110.7227554321289,192.28367614746094,120.22685241699219
2016-12-08,79.58851004121932,78.82480945081903,0.8614889590709516,81.5340909090909,110.91920471191406,192.7545166015625,122.12010192871094
2016-12-09,82.11115317872294,81.69864667275985,0.4307444795354758,86.64141414141415,111.7892074584961,193.91888427734375,122.35893249511719
2016-12-12,83.08460998213323,82.86813799223071,0.2153722397677379,87.19065656565655,111.28404235839844,193.69625854492188,121.06730651855469
2016-12-13,84.24676393343836,84.13512169284678,0.10768611988386895,89.28503787878788,112.68724822998047,194.989013671875,121.07613372802734
2016-12-14,80.94109302831782,80.54396722197525,0.9815774349419344,86.31628787878788,112.45339965820312,193.3794708251953,119.5633773803711
2016-12-15,80.06752764243589,79.33418956613791,1.638989475046724,85.61079545454545,112.6311264038086,194.17564392089844,120.45690155029297
2016-12-16,78.81207150370759,77.83745657451635,1.9913697375233619,85.53503787878788,112.213623046875,193.79591369628906,120.2357406616211
2016-12-19,79.79026120830657,78.84567548373391,1.6901293132061275,87.06281565656565,112.67335510253906,194.2178497314453,121.02307891845703
2016-12-20,80.8504574398059,80.05068062049018,1.3224952121586173,87.7572601010101,113.10494232177734,194.9670867919922,122.04927062988281
2016-12-21,81.31644035872318,80.52020891709257,1.4444704596146636,86.77872474747474,113.02049255371094,194.42459106445312,121.25312805175781
2016-12-22,79.28005924415352,78.16226407518063,2.32468551389824,84.15719696969697,112.70152282714844,194.0886993408203,120.20755004882812
2016-12-23,80.00799954603097,78.32758988854755,3.5667580031612394,84.11616161616162,112.77656555175781,194.37289428710938,120.84711456298828
2016-12-27,81.73200153217869,80.17127965827132,2.728869058398794,86.72506313131314,113.35826110839844,194.85513305664062,121.38900756835938
2016-12-28,76.00721599894172,72.3727504219328,8.493340779199396,77.87878787878788,112.47630310058594,193.24476623535156,120.1453628540039
2016-12-29,74.85732957540483,69.7249047888264,10.693462529751221,77.48579545454544,112.31680297851562,193.20167541503906,120.25200653076172
2016-12-30,73.19716956879537,65.93793021318521,15.132084800229144,71.79135101010101,111.16278076171875,192.4955291748047,119.79005432128906
2017-01-03,76.57005820643349,70.06822583748439,11.132961592033759,81.70296717171718,112.15731811523438,193.9681396484375,120.38521575927734
2017-01-04,83.65714903177413,79.44882861691823,5.566480796016879,94.13825757575756,112.76715087890625,195.12208557128906,122.3927993774414
2017-01-05,86.60659176480013,83.72792933705988,4.025151698513492,90.1641414141414,113.40518951416016,194.9670867919922,120.98040771484375
2017-01-06,87.30712149735763,85.17595678875377,3.195301543701188,90.35353535353535,114.39973449707031,195.66461181640625,120.5362319946289
2017-01-09,83.13983174491045,79.23910986921581,8.700909925891,77.78251262626262,114.77501678466797,195.0187530517578,119.74563598632812
2017-01-10,81.94825199577822,76.81904825450371,10.442626680117218,79.37973484848484,115.02835083007812,195.0187530517578,120.89156341552734
2017-01-11,82.51629443630318,77.09538414276426,10.121388308492952,82.5915404040404,115.33795928955078,195.56996154785156,121.10478210449219
2017-01-12,82.27592811176436,77.25902264578693,8.754369185812129,82.31849747474747,115.15968322753906,195.07904052734375,120.1720199584961
2017-01-13,83.36718647496522,78.98549711937015,7.3892387280070775,84.49968434343432,115.55374145507812,195.52679443359375,121.04261016845703
2017-01-17,82.92660424586383,78.68194921238269,7.592977949862124,81.66351010101009,115.20659637451172,194.83792114257812,119.39920043945312
2017-01-18,83.43740343548995,79.33435701546597,7.331349296900759,82.82670454545453,115.441162109375,195.26852416992188,119.79005432128906
2017-01-19,80.18136511822729,73.0117753061949,15.823384560066538,74.68592171717171,115.3848648071289,194.54510498046875,118.8128890991211
2017-01-20,81.98667557812963,73.91193196681036,15.50421911084134,80.00315656565657,115.63819122314453,195.25991821289062,119.42584228515625
2017-01-23,78.68903495701964,68.22264957829601,21.204011386228743,70.72285353535354,115.73201751708984,194.75184631347656,118.92839813232422
2017-01-24,83.44230458163281,74.80272484476819,14.04759439260932,83.11237373737373,116.5107650756836,196.00048828125,120.74945831298828
2017-01-25,86.98421937232878,81.01609099732147,8.422550352870317,89.66224747474746,117.68354797363281,197.69699096679688,121.88650512695312
2017-01-26,87.3986539321904,83.12892395777286,6.219146862041223,87.71306818181816,117.80551147460938,197.49026489257812,121.39791870117188
2017-01-27,86.57278363396246,83.08416083815274,5.632853102737783,86.06376262626262,118.03070831298828,197.18026733398438,120.98040771484375
2017-01-30,83.5668538039134,78.7155823378638,10.059265093035552,77.73042929292929,117.11123657226562,195.95741271972656,119.29261016845703
2017-01-31,83.75372399524386,78.94405527654118,8.707031536416764,82.3705808080808,116.87669372558594,195.94021606445312,120.1275863647461
2017-02-01,80.12990294790957,74.0956470030545,12.084635559875043,76.11268939393939,117.68354797363281,196.0177001953125,120.05653381347656
2017-02-02,79.23467303650858,73.21032033419091,10.944365601907213,74.67645202020202,117.58035278320312,196.1468963623047,119.75450897216797
2017-02-03,83.58925128152981,78.95111344633351,7.172782548428351,84.91161616161617,117.91813659667969,197.49888610839844,121.5844497680664
2017-02-06,85.54847938340556,81.8501113831653,5.869969241385888,82.35479797979798,118.05886840820312,197.14578247070312,120.66950225830078
2017-02-07,84.70786854867728,80.79590892841719,7.30682805503637,79.39236111111111,118.49044036865234,197.15443420410156,120.1364974975586
2017-02-08,84.85401173844798,79.8062878558639,10.210192752265641,79.17140151515153,118.68748474121094,197.41282653808594,119.92328643798828
2017-02-09,88.03908977140185,83.98931227123624,6.456007834466142,86.5261994949495,119.11907196044922,198.58396911621094,121.61112976074219
2017-02-10,90.49842554669624,87.96489827698892,3.228003917233071,90.26988636363636,119.51312255859375,199.36761474609375,122.5349349975586
2017-02-13,91.49947518223208,90.06316537417024,1.6140019586165355,90.53030303030303,120.18868255615234,200.45269775390625,122.85479736328125
2017-02-14,91.82242607084504,91.04775577574473,0.8070009793082678,90.61710858585859,120.59210968017578,201.2535858154297,123.26333618164062
2017-02-15,91.59926828624128,91.10628911944578,0.640242913896556,89.85953282828284,121.30516052246094,202.3041534423828,124.00071716308594
2017-02-16,91.38599346915115,90.99361212933827,0.6219680478573653,89.65119949494951,121.26762390136719,202.1319580078125,123.65425872802734
2017-02-17,91.48830253685509,91.14871854999546,0.5694278370599931,89.7900883838384,121.79306030273438,202.45057678222656,123.5743179321289
2017-02-21,92.1173129668305,91.89972320108295,0.28471391852999656,90.8080808080808,122.39353942871094,203.65623474121094,124.54253387451172
2017-02-22,91.82816156133408,91.56816209694699,0.5112805703761054,89.62752525252526,122.44044494628906,203.47535705566406,123.9917984008789
2017-02-23,89.38514476286895,88.76185432526356,1.4635198622082515,86.94286616161617,121.98066711425781,203.61322021484375,123.25446319580078
2017-02-24,89.06512401186541,88.21578466903655,1.7497523553465477,87.55050505050505,122.21530151367188,203.87149047851562,123.1656494140625
2017-02-27,89.90243190967902,88.55001379182997,2.916286373380337,87.27272727272728,122.36540222167969,204.1901092529297,124.36489868164062
2017-02-28,86.67501097326002,84.55059120533873,4.564401078104304,85.6991792929293,121.99009704589844,203.63900756835938,122.44612884521484
2017-03-01,89.75429658704627,87.95924129314227,2.9643146489006336,89.62121212121212,123.3224105834961,206.48939514160156,124.68472290039062
2017-03-02,89.21666788591777,87.19830316944763,3.8727625959149576,86.5088383838384,122.70314025878906,205.18905639648438,123.25446319580078
2017-03-03,88.11952902594567,85.48619177648231,5.346951847199901,84.77272727272728,122.92835998535156,205.31829833984375,123.1656494140625
2017-03-06,85.34884974265529,81.31866797131049,8.597461876882779,80.82070707070707,122.65625,204.70687866210938,122.32173919677734
2017-03-07,81.99776472903324,76.02297559541573,12.631077845007038,77.47632575757576,122.44982147216797,204.09539794921875,121.52224731445312
2017-03-08,78.84045861338146,71.05624044077618,15.798059440180284,75.04577020202021,122.66561889648438,203.71652221679688,120.72274780273438
2017-03-09,77.97299798897228,68.83412507342265,17.847636885494182,72.95770202020202,122.75944519042969,203.97483825683594,120.24308013916016
2017-03-10,78.1063191949773,67.96851701634237,19.340485109413763,72.51262626262626,123.27547454833984,204.6896209716797,120.77608489990234
2017-03-13,77.66498518620456,66.51470177326706,21.19368005470688,70.60290404040404,123.48185729980469,204.79296875,121.06034088134766
2017-03-14,75.25411122368436,62.581855096842254,24.424077243262545,66.13005050505049,123.18164825439453,204.00933837890625,120.48294830322266
2017-03-15,81.70014986917427,69.56732741562875,21.56928293981309,75.24305555555556,123.94159698486328,205.77468872070312,122.34842681884766
2017-03-16,82.72656510790658,71.29440100572197,20.1487907754621,73.67582070707071,123.857177734375,205.3699188232422,122.50830078125
2017-03-17,83.15212102923485,72.9109095474497,17.537700311973474,75.84911616161617,123.81394958496094,205.00924682617188,122.99687194824219
2017-03-20,81.15592586496382,70.4174239712477,19.97663109033017,67.88194444444444,123.92678833007812,204.78436279296875,122.4638671875
2017-03-21,71.14369083690619,56.56419020566747,30.0,46.31944444444444,122.04640197753906,202.15499877929688,119.00833892822266
2017-03-22,66.7042942520327,50.84446070828646,30.0,46.54987373737374,122.87376403808594,202.63072204589844,119.03498840332031
2017-03-23,65.3923887803494,49.10577759910066,30.0,46.89709595959596,122.5634994506836,202.41452026367188,119.72785186767578
2017-03-24,64.61061681341542,48.181746419665835,30.0,45.729166666666664,122.81731414794922,202.26747131347656,119.81425476074219
2017-03-27,63.23964774944555,46.763357618195684,30.0,43.404356060606055,123.01477813720703,202.05990600585938,120.03699493408203
2017-03-28,68.23867887944482,51.74658216902819,30.0,48.28440656565657,123.76692199707031,203.53024291992188,120.97238159179688
2017-03-29,72.16579700021899,55.668431430080105,30.0,56.587752525252526,124.3404769897461,203.7205810546875,121.36441802978516
2017-03-30,74.63026566673966,58.13114381002671,30.0,57.155934343434346,124.54727172851562,204.36920166015625,122.2820053100586
2017-03-31,73.85827879127011,57.35857150569913,30.0,53.54008838383838,124.46271514892578,203.89356994628906,122.47798156738281
2017-04-03,72.40827306510351,56.07435824844438,29.547306513096725,50.41508838383838,124.38745880126953,203.5389404296875,121.18621826171875
2017-04-04,72.16833007894023,58.34498856404168,22.851008843669575,50.001578282828284,124.58489227294922,203.66860961914062,121.04366302490234
2017-04-05,66.72795346065685,54.38481438990681,21.09643245213782,45.726010101010104,124.07719421386719,203.0632781982422,119.67178344726562
2017-04-06,69.23983128823241,59.01023180583121,16.677872160412345,56.23421717171717,124.14297485351562,203.63404846191406,120.78533172607422
2017-04-07,70.10330234860272,61.32191536811562,14.649601326418296,55.65498737373738,124.07719421386719,203.42649841308594,120.73188018798828
2017-04-10,73.10147957074636,65.9582807275925,11.498372317249553,62.49368686868687,124.12421417236328,203.5475311279297,120.99918365478516
2017-04-11,74.09114975590535,68.15800196437684,9.68749502857427,63.246527777777786,123.58826446533203,203.30540466308594,121.96131134033203
2017-04-12,66.26122047942675,56.23865592330826,21.940496251660875,38.86363636363636,123.09000396728516,202.41452026367188,120.30426025390625
2017-04-13,58.94924862622915,44.608393774189636,30.0,26.668244949494948,122.60107421875,201.09991455078125,119.12831115722656
2017-04-17,59.39953910436595,43.619254153686114,30.0,34.761679292929294,123.61647033691406,202.881591796875,120.52696990966797
2017-04-18,58.041692620119676,41.781597636559724,30.0,30.67708333333333,123.42845153808594,202.27615356445312,120.5537109375
2017-04-19,57.69976769664655,41.279736035459905,30.0,31.267361111111107,123.62591552734375,201.9042510986328,120.97238159179688
2017-04-20,67.8595606126869,55.834585533041995,17.868085070680067,58.16287878787878,124.66007232666016,203.5475311279297,122.51361846923828
2017-04-21,69.6117306419394,61.12117364178495,12.224269018925888,54.47601010101011,124.6319351196289,202.89886474609375,122.2374496459961
2017-04-24,74.7505852981549,69.67928364463366,6.112134509462944,69.90056818181819,126.13618469238281,205.13037109375,123.7608642578125
2017-04-25,77.69880621049607,74.88781433258745,3.056067254731472,73.84627525252526,127.0482177734375,206.323974609375,124.96356201171875
2017-04-26,78.71618456174785,77.21890827241087,1.528033627365736,74.00883838383838,126.86959075927734,206.19419860839844,125.60496520996094
2017-04-27,78.73725512327621,77.84608053079499,1.0693158982788238,73.03188131313132,127.6310806274414,206.3671875,125.5693359375
2017-04-28,77.79596214546918,77.12726229486506,1.0135681448464793,72.47632575757576,127.85673522949219,205.9174041748047,123.88562774658203
2017-05-01,76.52457997441566,75.72360659349243,1.576563901968694,70.58554292929293,128.99440002441406,206.43634033203125,124.59825897216797
2017-05-02,75.69329433490624,74.7808211800709,1.760405530529801,70.89804292929293,129.21067810058594,206.51422119140625,123.96575927734375
2017-05-03,74.55012168065899,73.71959158270934,1.4355610354669204,72.23169191919192,128.7969512939453,206.2633514404297,123.19959259033203
2017-05-04,74.5695270922062,73.9669251984244,0.8884323485415397,73.46275252525253,128.84397888183594,206.50555419921875,123.03038787841797
2017-05-05,77.73441307113944,77.3706665093129,0.44421617427076987,78.00978535353535,129.31402587890625,207.3185577392578,123.8232421875
2017-05-08,77.53634476108688,76.93453156454692,1.3106300252666956,74.52651515151516,129.59609985351562,207.28395080566406,123.3065185546875
2017-05-09,76.83492636817374,75.84788817765782,2.144819431825273,73.54482323232322,130.0474090576172,207.09368896484375,123.25306701660156
2017-05-10,78.61513538871785,77.59794771872976,1.8768407449530387,75.43560606060606,130.12254333496094,207.46556091308594,124.01924133300781
2017-05-11,78.27764613967364,77.35451492097323,1.5929145328300531,75.91540404040404,130.01922607421875,207.04177856445312,123.15506744384766
2017-05-12,74.42752346069929,72.53546101511365,4.320960107324118,69.60385101010101,130.31068420410156,206.69583129882812,122.50474548339844
2017-05-15,78.90425024447552,77.48138674293756,2.160480053662059,81.00694444444446,130.72433471679688,207.83755493164062,123.45796966552734
2017-05-16,78.49076860001037,76.86807794151152,3.1320077035987115,74.44128787878788,131.26968383789062,207.647216796875,123.50250244140625
2017-05-17,65.42739544829249,57.24451647850347,20.841769318971078,45.77809343434343,127.93199920654297,203.9627685546875,120.17062377929688
2017-05-18,63.15433383629952,50.98505674900292,25.749956629182513,52.70833333333333,129.05079650878906,204.78436279296875,120.60717010498047
2017-05-19,66.13242104307628,53.2671708333495,24.02406685625793,61.669823232323225,129.59609985351562,206.1164093017578,121.18621826171875
2017-05-22,71.92015044870219,62.518590263016364,13.944936679391596,74.82165404040404,130.68673706054688,207.1628875732422,122.00582122802734
2017-05-23,72.87372018323742,65.3082950634537,12.08610470333217,69.09406565656565,130.8184051513672,207.62130737304688,122.40673065185547
2017-05-24,74.85512894996802,68.14379339498477,11.425983222878212,69.60858585858585,131.42007446289062,208.1056671142578,122.48690032958984
2017-05-25,76.08087631665602,70.57784925376355,8.907041485176485,73.35069444444444,132.5388946533203,209.10023498535156,122.56710052490234
2017-05-26,75.7254857082456,71.26227284323983,7.169646847386227,72.3153409090909,132.77398681640625,209.05702209472656,122.53142547607422
2017-05-30,73.65655920914585,68.0509285774935,11.230617299955743,68.77367424242425,132.8867645263672,208.87538146972656,121.56930541992188
2017-05-31,71.96944229530452,65.76800838068777,11.81697373836171,67.80145202020202,132.8397674560547,208.82351684570312,121.44457244873047
2017-06-01,76.9217585428793,72.12121993458517,7.454710827514191,76.05902777777779,133.35690307617188,210.484130859375,123.78761291503906
2017-06-02,79.99336395873756,76.94149033111377,3.9591657041611397,80.26515151515152,134.87998962402344,211.1846923828125,124.58939361572266
2017-06-05,80.88945465291253,79.02225679146024,2.3179272333937013,79.92424242424244,134.85183715820312,211.029052734375,123.81431579589844
2017-06-06,80.94463303245234,79.44697659973494,2.3870649424544284,77.07702020202021,134.3158416748047,210.35438537597656,123.69850158691406
2017-06-07,82.05801740812385,81.12117002443475,1.1935324712272142,81.86237373737373,134.8424072265625,210.7436065673828,123.81431579589844
2017-06-08,82.79661186331401,82.26551511569266,0.5967662356136071,84.22348484848486,134.98345947265625,210.84742736816406,125.50701904296875
2017-06-09,82.12096658070064,81.68261746607547,0.7126823602310467,82.89772727272728,131.60812377929688,210.52740478515625,126.15730285644531
2017-06-12,82.60572623397093,82.31285623296091,0.40023717127714104,84.08301767676768,130.90298461914062,210.484130859375,125.9524154663086
2017-06-13,83.96091547866371,83.78991533025956,0.20011858563857052,86.83712121212122,131.9654541015625,211.5133819580078,126.59388732910156
2017-06-14,82.89467384642326,82.25537630394001,1.5880840718596876,82.07544191919193,131.39190673828125,211.24522399902344,125.84551239013672
2017-06-15,79.28947040672023,77.4066417502182,4.55380766092984,75.43244949494951,130.8090362548828,210.8387451171875,125.20409393310547
2017-06-16,79.71328306486635,77.49831311513965,4.329164720616438,80.26988636363636,130.24143981933594,210.88478088378906,124.89228057861328
2017-06-19,82.36360277246386,80.3357225209975,3.516973458793072,82.50946969696969,132.41920471191406,212.6404571533203,125.81874084472656
2017-06-20,80.15806961102331,78.04920895327433,3.907910656164218,79.95896464646464,131.3822021484375,211.20639038085938,124.54483795166016
2017-06-21,79.42996259761382,76.25527808677111,6.741084431617463,76.6903409090909,132.6831817626953,211.1542205810547,124.23304748535156
2017-06-22,78.60729392984435,73.69601278043358,10.50832630671782,74.1098484848485,132.64549255371094,211.05862426757812,124.70520782470703
2017-06-23,79.42907272408954,74.18648839768397,9.833156208914472,77.54103535353535,133.15455627441406,211.31069946289062,125.53369903564453
2017-06-26,79.17374814708708,73.43217699026202,10.892844676426929,75.89804292929294,132.53228759765625,211.4497528076172,125.68519592285156
2017-06-27,74.73220056081354,64.69755172989728,22.14761394174882,60.11521464646465,130.12831115722656,209.7462615966797,124.5804672241211
2017-06-28,80.51666786370552,71.57619661176467,15.260695386278453,77.7572601010101,132.00436401367188,211.62356567382812,126.48698425292969
2017-06-29,75.77272767174023,65.55069367897926,19.75057338758368,61.742424242424235,129.7135009765625,209.763671875,125.73863220214844
2017-06-30,74.94507589058009,63.43816863999164,22.08971614454942,64.01041666666666,129.7606964111328,210.1547088623047,125.54261779785156
2017-07-03,77.07579970763445,65.96374782630794,19.844771266719157,70.59343434343434,128.39361572265625,210.5111083984375,126.59388732910156
2017-07-05,77.75014030658522,67.09194272502232,18.965946239420184,68.92834595959596,129.6569366455078,210.99781799316406,126.13951873779297
2017-07-06,70.71498784630282,56.54956766364741,28.943693605821203,50.626578282828284,128.4879608154297,209.068359375,124.4923324584961
2017-07-07,72.63155318782485,57.80052358161322,27.57060785089041,59.51546717171716,129.873779296875,210.42413330078125,125.70018768310547
2017-07-10,72.16779887405609,56.3831972419149,29.566159354738133,56.9397095959596,130.72219848632812,210.65016174316406,125.1544189453125
2017-07-11,71.55231342939918,55.57752909855752,29.217955782167053,58.271780303030305,131.0898895263672,210.4937286376953,125.52122497558594
2017-07-12,77.1607879781499,65.57501010410166,17.075044810275447,74.61805555555554,132.64549255371094,212.07550048828125,126.48755645751953
2017-07-13,80.61866333278397,72.70816289797666,11.041566754885197,76.12689393939394,132.9376983642578,212.43186950683594,126.59496307373047
2017-07-14,82.49460494931184,77.36003226505453,6.812016016331483,78.37752525252526,133.98416137695312,213.42266845703125,126.8096694946289
2017-07-17,83.77741040397936,80.64123532289949,3.8854114172566496,80.97537878787878,134.05014038085938,213.3966064453125,127.10491180419922
2017-07-18,83.68055936024902,81.86714200857718,2.094615430850548,80.48926767676767,134.94573974609375,213.5095977783203,126.77389526367188
2017-07-19,86.01557365880356,85.02708837925701,1.047307715425274,86.88131313131314,135.73770141601562,214.66554260253906,128.0354766845703
2017-07-20,86.24845721286718,85.60759806630146,0.8491746910459719,85.83964646464646,135.91683959960938,214.7611083984375,128.12490844726562
2017-07-21,86.06017597331264,85.69087423109897,0.42458734552298594,86.97916666666669,135.86026000976562,214.5699005126953,127.54337310791016
2017-07-24,84.5325165702288,83.827741064108,1.586386160135239,82.5820707070707,136.48248291015625,214.51776123046875,127.72232055664062
2017-07-25,85.70141124731532,84.94308206499099,1.4274654916837877,84.94949494949495,136.13360595703125,215.0392608642578,128.88548278808594
2017-07-26,85.5777431430445,84.99562874675732,0.8981945513974563,86.38888888888889,136.57676696777344,215.04795837402344,128.16964721679688
2017-07-27,85.43113323623368,85.07242610304843,0.44909727569872815,87.09280303030303,135.71881103515625,214.8479766845703,127.35543823242188
2017-07-28,83.98470434473782,83.4977892257239,1.0018529307786548,84.6054292929293,135.60569763183594,214.5959930419922,127.01544189453125
2017-07-31,83.20256138090586,82.34732404466588,1.8898153542782203,82.64835858585857,135.03067016601562,214.47433471679688,126.61280822753906
2017-08-01,83.02055076333227,81.83815191500497,2.4472356443108274,82.28535353535354,135.3417205810547,214.9523162841797,126.85442352294922
2017-08-02,81.06408931168315,77.66089429504298,8.206532910539256,75.81439393939394,135.70933532714844,215.056640625,125.46756744384766
2017-08-03,78.58575704328833,72.41709676803163,13.72980528102721,71.06376262626262,135.18145751953125,214.6394500732422,124.84124755859375
2017-08-04,81.01440217941261,74.63838908243503,11.781253650614616,79.16982323232324,135.4265899658203,215.03054809570312,125.44969177246094
2017-08-07,81.3989505581207,75.05787144910809,11.497476572782057,75.86647727272727,136.2844696044922,215.43032836914062,125.65544891357422
2017-08-08,79.98235220624225,72.37066983063542,14.99451637982537,71.22790404040404,136.04876708984375,214.90020751953125,125.26180267333984
2017-08-09,78.35830090376425,68.83126569689028,19.06311204092279,68.23547979797979,135.8697052001953,214.89149475097656,124.1791763305664
2017-08-10,67.31521589726616,53.13953749497483,30.0,42.32165404040404,132.95654296875,211.85821533203125,121.92445373535156
2017-08-11,64.02077061895403,48.29554448485693,30.0,43.183396464646464,133.96531677246094,212.1710968017578,122.10340118408203
2017-08-14,68.85982758005538,52.61808553535636,30.0,57.96401515151515,135.69053649902344,214.2743682861328,123.95549011230469
2017-08-15,68.22953848628109,51.81562447138141,30.0,53.851010101010104,135.78485107421875,214.24830627441406,122.93547821044922
2017-08-16,70.74162225636978,54.27031758473656,30.0,57.51262626262626,136.02053833007812,214.62203979492188,122.97127532958984
2017-08-17,63.16437563782862,46.67394074728421,30.0,31.65088383838384,133.2393798828125,211.27597045898438,120.72555541992188
2017-08-18,57.80066122318543,41.30384959300396,30.0,30.443497474747478,133.14511108398438,210.9456787109375,120.7165298461914
2017-08-21,55.66018846516371,39.16125125510322,30.0,29.9447601010101,132.97540283203125,211.1107635498047,120.63606262207031
2017-08-22,60.94649379815222,44.44684806146539,30.0,41.243686868686865,135.00233459472656,213.31837463378906,121.94234466552734
2017-08-23,58.98186998658946,42.48198807436052,30.0,33.90151515151515,134.5215606689453,212.55357360839844,121.74552154541016
2017-08-24,60.77341794165777,44.273457304248126,30.0,33.416982323232325,134.12554931640625,212.0581512451172,122.12133026123047
2017-08-25,61.44185480210142,44.94186792296486,30.0,34.08143939393939,133.84275817871094,212.55357360839844,122.4702377319336
2017-08-28,62.44985227410114,45.94985664772229,30.0,35.38352272727273,134.25753784179688,212.56224060058594,122.98919677734375
2017-08-29,62.636524832107796,46.13652628998151,30.0,39.0988005050505,134.7855224609375,212.80560302734375,123.01599884033203
2017-08-30,65.75910255346355,49.25910303942145,30.0,48.84785353535353,136.3693389892578,213.81381225585938,123.80335235595703
2017-08-31,69.9721419285956,56.66547707944238,21.29090457583412,61.1205808080808,137.83055114746094,215.10003662109375,125.02019500732422
2017-09-01,72.97379478427933,63.62018655352906,13.41287258463423,67.01073232323232,137.64205932617188,215.4042510986328,125.72705078125
2017-09-05,69.16041475974295,61.59259712332843,12.136222434993885,53.85258838383838,136.40701293945312,213.85723876953125,124.51917266845703
2017-09-06,68.90873252934193,62.952023486528944,9.365735901840376,57.6830808080808,136.8218536376953,214.58731079101562,124.77864837646484
2017-09-07,68.5463872740904,64.01820900883386,6.93438704814241,59.80587121212121,137.14236450195312,214.56121826171875,124.46548461914062
2017-09-08,66.33751629675068,62.69238059209832,5.824753498818681,59.466540404040394,135.95445251464844,214.30914306640625,124.56387329101562
2017-09-11,73.20791789016269,70.92500118049514,2.9123767494093404,77.85353535353536,137.51954650878906,216.59500122070312,125.87015533447266
2017-09-12,77.88462582870744,76.58971785475988,1.4561883747046702,82.14646464646465,137.8494873046875,217.32505798339844,126.63966369628906
2017-09-13,79.41373049509103,78.5878118202645,1.0753164095745584,81.03535353535354,138.0379638671875,217.4293670654297,127.01544189453125
2017-09-14,79.81450949162968,79.12794155456179,1.1216228512519244,80.27777777777779,137.22720336914062,217.3597869873047,126.89911651611328
2017-09-15,79.80058565545906,78.98162254722541,1.6093830796663688,78.79103535353535,137.6986083984375,217.6523895263672,127.41808319091797
2017-09-18,80.03609589188704,79.44816168472217,0.8589450120554032,81.97285353535355,137.51815795898438,218.11534118652344,128.2859649658203
2017-09-19,80.19136698079737,79.83791565953226,0.4294725060277016,83.32070707070707,137.75437927246094,218.3336944580078,128.2859649658203
2017-09-20,81.01063242794255,80.708826958638,0.5017864424077867,82.40214646464648,137.32919311523438,218.41226196289062,128.69754028320312
2017-09-21,81.4418017184051,81.04123407067698,0.8180886126180326,81.50568181818183,136.4883270263672,217.82708740234375,128.56336975097656
2017-09-22,82.07858037078151,81.49306391385512,1.2327106573191202,80.68497474747474,136.35598754882812,217.87075805664062,129.1090850830078
2017-09-25,81.23351668925041,80.00867281458125,2.8081956064373372,77.08017676767678,134.91990661621094,217.42529296875,129.28805541992188
2017-09-26,80.39749377857169,77.6550768573166,6.365824444632818,74.79482323232322,135.26950073242188,217.55633544921875,129.69970703125
2017-09-27,82.53073024942287,79.91241408582185,4.647755972316404,79.83428030303031,136.4883270263672,218.40357971191406,132.2379150390625
2017-09-28,84.46613567236656,82.40472265022302,3.241748093481433,80.38352272727273,136.4410400390625,218.66563415527344,132.58767700195312
2017-09-29,86.42217148674845,85.0269618821364,1.931105265175059,82.32796717171718,137.4236602783203,219.43423461914062,132.90164184570312
2017-10-02,86.53967164036396,85.62128195271119,1.2363267803148001,82.4542297979798,137.54644775390625,220.38629150390625,134.53396606445312
2017-10-03,88.09668347608093,87.56389367047228,0.6181633901574001,85.50978535353536,137.83937072753906,220.85794067382812,134.82994079589844
2017-10-04,90.03201738764989,89.74109083091815,0.30908169507870004,87.72569444444446,137.97164916992188,221.1199493408203,134.3994903564453
2017-10-05,91.1767499036274,91.02310940728574,0.15454084753935002,88.4027777777778,139.32276916503906,222.43014526367188,134.76715087890625
2017-10-06,90.27495198807782,90.03698586169284,0.509325348012106,87.02020202020202,139.51171875,222.17684936523438,134.57884216308594
2017-10-09,88.79872136976331,88.41045588420315,0.8425730275414077,86.52146464646466,139.3511199951172,221.80996704101562,134.0227813720703
2017-10-10,90.28732631517364,90.00343276493766,0.42128651377070386,90.18939393939394,139.45506286621094,222.39520263671875,134.40841674804688
2017-10-11,89.87363739125317,89.5426268284647,0.6446710346631288,88.80050505050505,139.87069702148438,222.7445526123047,134.30975341796875
2017-10-12,88.18523603277463,87.95670948882358,0.3223355173315644,90.32828282828284,139.61563110351562,222.4126739501953,134.21112060546875
2017-10-13,87.45307531058818,87.04798434924186,0.8970421273526552,87.97348484848484,140.1541748046875,222.6834259033203,133.96893310546875
2017-10-16,86.7854948004991,86.02666069188751,1.701283058625826,86.31944444444444,140.63609313964844,222.98037719726562,133.85227966308594
2017-10-17,86.6965538223886,85.80745230645519,1.7349731265351407,87.49842171717171,140.81558227539062,223.13758850097656,133.4666748046875
2017-10-18,86.32549268827096,85.4059617509654,1.6995375418029295,87.69570707070707,140.64549255371094,223.35595703125,134.10350036621094
2017-10-19,86.2632113674708,84.99335412607543,2.627309806255016,86.52146464646464,140.12588500976562,223.4171142578125,133.897216796875
2017-10-20,88.2116007588539,87.13954085279758,1.7693840697941776,88.8699494949495,140.50379943847656,224.57003784179688,134.51608276367188
2017-10-23,86.26712449537554,84.51659071111672,3.7995831333819465,83.76104797979798,139.58731079101562,223.69659423828125,133.5115203857422
2017-10-24,84.5525936870107,81.13526706873031,7.728587336892994,80.93276515151516,139.82350158691406,224.08966064453125,133.78955078125
2017-10-25,81.22750597647831,76.10855539751003,10.85411374420407,78.38068181818183,139.2943572998047,222.98037719726562,133.14378356933594
2017-10-26,80.1621989618564,73.31962155002216,14.007983324122243,76.5988005050505,138.85032653808594,223.2686309814453,133.421875
2017-10-27,81.2666084081609,73.99068033738632,13.622915273172234,78.56060606060606,142.8941650390625,225.09408569335938,134.3456573486328
2017-10-30,80.92140313942065,72.81568894537718,15.49201319214168,74.43497474747474,143.2154083251953,224.25564575195312,132.92852783203125
2017-10-31,80.90503000270252,71.68688841992501,17.771555049353665,72.87247474747475,143.75393676757812,224.60496520996094,133.87025451660156
2017-11-01,80.66144097733182,70.70756181569115,18.766814456495013,73.20233585858587,143.7067413330078,224.90191650390625,132.9823760986328
2017-11-02,80.71589278368972,70.66488802852616,18.36285009440912,74.05776515151516,143.43270874023438,224.9893341064453,133.37696838378906
2017-11-03,80.92116459793024,71.02469200019702,17.85310276185102,75.72443181818183,144.81214904785156,225.74049377441406,133.2873077392578
2017-11-06,82.41113735755926,73.23055652929028,16.041154442794202,75.6613005050505,145.30343627929688,226.08985900878906,133.43978881835938
2017-11-07,81.72547171177901,72.96886593367708,15.535669550942554,73.60637626262627,145.38851928710938,225.93260192871094,131.8433380126953
2017-11-08,81.673389560492,73.43127148067411,14.517953146683404,73.55429292929293,145.97427368164062,226.31692504882812,132.02267456054688
2017-11-09,80.40362985349734,71.92298166435127,15.63620589783665,69.33080808080808,145.20895385742188,225.49594116210938,131.55630493164062
2017-11-10,79.47326382321967,70.76831394741943,16.03109221659509,70.57449494949495,145.19949340820312,225.4259796142578,131.4576416015625
2017-11-13,79.01120578619108,70.98989436103004,13.962713090620777,72.13699494949495,145.37901306152344,225.6356658935547,131.4935302734375
2017-11-14,76.61303660886504,67.85187463664201,16.601976810461903,65.4782196969697,144.84991455078125,225.11158752441406,131.13475036621094
2017-11-15,73.20451388645671,61.80007346426064,23.138326631241057,57.296401515151516,144.16964721679688,223.98483276367188,130.6145782470703
2017-11-16,78.82233796215223,67.91117357560009,19.39004794314578,68.95044191919192,146.01210021972656,225.8889617919922,132.53390502929688
2017-11-17,79.74330457324268,70.32086656685226,15.778317847835526,70.00946969696969,145.4546356201172,225.22509765625,133.14378356933594
2017-11-20,80.70269243350515,73.25932126112367,11.734250464321807,72.14488636363636,145.34127807617188,225.60943603515625,134.11245727539062
2017-11-21,83.60363316807076,78.84988325928089,6.198071412716457,77.50157828282829,146.9191436767578,227.08555603027344,135.5115966796875
2017-11-22,85.15310499541754,82.39115680617475,3.2109951444895435,78.20233585858585,147.0986328125,226.88470458984375,135.332275390625
2017-11-24,85.5686696786072,83.9737981978328,1.8387875028003253,77.81407828282829,147.63706970214844,227.40872192382812,135.38600158691406
2017-11-27,85.14060874808791,84.02990339287194,1.5793132589759196,76.09059343434343,147.5709686279297,227.29519653320312,134.97349548339844
2017-11-28,88.00297227629868,87.34319639374776,0.7896566294879598,86.03377525252525,147.94886779785156,229.60105895996094,137.09906005859375
2017-11-29,87.18777527055074,86.40731715216468,1.528725884188422,82.40530303030303,145.36959838867188,229.46136474609375,137.55653381347656
2017-11-30,88.01536953462804,87.47495041639814,0.764362942094211,88.01136363636365,146.58839416503906,231.4702606201172,137.80763244628906
2017-12-01,88.39022418831036,88.0156978039609,0.5301454861986281,87.53787878787878,145.96482849121094,230.9897918701172,137.24261474609375
2017-12-04,87.2651757395378,86.28467673061823,2.3336096749174975,81.39204545454547,144.28306579589844,230.7103271484375,136.73143005371094
2017-12-05,84.82391379870116,82.94620548032643,4.229659951095115,78.21022727272728,144.37757873535156,229.8805694580078,135.3680419921875
2017-12-06,81.2620537578162,77.75549776019423,7.856326976810196,73.57007575757575,145.02944946289062,229.92420959472656,134.73135375976562
2017-12-07,81.3965263367805,77.72741572284315,6.818887131081873,78.76104797979798,145.52076721191406,230.64920043945312,135.6730499267578
2017-12-08,84.78120743212548,81.75266654279989,4.924101867308618,83.16445707070707,146.16322326660156,231.90695190429688,135.7986297607422
2017-12-11,86.93384523831793,84.87581860416577,2.8595809210280505,86.73926767676768,147.29698181152344,232.6056671142578,135.7448272705078
2017-12-12,87.70728342960767,85.79841417205364,3.335073762281712,83.97411616161615,147.0986328125,233.0161590576172,135.32327270507812
2017-12-13,89.44434700178842,88.16280906183357,1.7597677839186372,87.71622474747475,147.38204956054688,232.989990234375,136.1304473876953
2017-12-14,87.5995466436938,85.98638964869411,3.234484586403783,84.24400252525251,147.27813720703125,232.0379180908203,134.62364196777344
2017-12-15,89.64374618762858,88.51303834845467,1.6172422932018915,90.95643939393939,148.9503936767578,233.9702606201172,136.54302978515625
2017-12-18,92.186762197223,91.51336516374468,0.8086211466009458,93.30650252525253,150.19921875,235.4539031982422,138.39064025878906
2017-12-19,91.84642914991609,91.20660833363905,1.1327867412297679,90.97537878787878,149.3092803955078,234.54966735839844,137.29640197753906
2017-12-20,92.14056055838955,91.50024451105324,1.1646612052108398,91.39204545454547,149.1483154296875,234.42672729492188,137.56552124023438
2017-12-21,92.72231648242615,92.24110310680318,0.730294617756938,92.83301767676767,149.16729736328125,234.90960693359375,138.16781616210938
2017-12-22,92.25579741333398,91.77993732116718,0.860333546252206,91.72190656565657,148.99684143066406,234.8480987548828,137.9157257080078
2017-12-26,90.13863280781166,89.31591921953574,1.811164247873577,88.88731060606061,148.19210815429688,234.56724548339844,137.9967498779297
2017-12-27,90.23446851169481,89.18547553682602,2.1129684875731507,89.44286616161617,148.21099853515625,234.6813507080078,137.8616943359375
2017-12-28,91.57398950389828,90.66333651177581,1.529969092271424,91.79135101010101,148.39088439941406,235.1641845703125,138.40187072753906
2017-12-29,88.34027764608058,87.20935731512333,2.2564618188629826,88.53377525252526,147.47247314453125,234.2775115966797,137.2584686279297
2018-01-02,91.11603530963629,89.9215505209516,2.2295763955425985,90.36931818181819,150.0572967529297,235.9542694091797,138.55490112304688
2018-01-03,91.46224746011447,89.92146155711083,3.116248109387467,90.10416666666666,151.51528930664062,237.44671630859375,138.698974609375
2018-01-04,91.96262625774861,90.64858830567451,2.1830254120169643,91.30681818181819,151.78036499023438,238.447509765625,139.06808471679688
2018-01-05,92.48257575594988,91.60618350425909,1.1955807299983783,92.97348484848486,153.3047332763672,240.0365753173828,139.35614013671875
2018-01-08,92.81077441023245,92.29945385916916,0.5977903649991891,93.73106060606061,153.9012451171875,240.47555541992188,139.57225036621094
2018-01-09,92.19723625122228,91.72098444274762,0.8340317039642399,92.01862373737374,153.9107208251953,241.01986694335938,139.3831787109375
2018-01-10,91.44284979417847,90.87801050858977,1.107514589355857,91.52146464646465,153.55091857910156,240.65113830566406,139.40118408203125
2018-01-11,91.35973781018072,90.71523083656554,1.2442560320516654,91.52146464646465,154.60183715820312,242.40687561035156,141.7959442138672
2018-01-12,92.51486209834306,91.92940704755817,1.010780162490478,92.48737373737374,155.73802185058594,243.9871368408203,142.39015197753906
2018-01-16,91.53929746712447,90.8897388648507,1.2392915963967528,91.38257575757576,155.2930145263672,243.15313720703125,140.57156372070312
2018-01-17,92.19222373483274,91.60599495436504,1.0082979446630216,92.48737373737374,156.96885681152344,245.4707489013672,141.9039764404297
2018-01-18,91.55245841666144,90.8553539222062,1.3682588208163549,90.96590909090911,156.9972381591797,245.0581817626953,140.9316864013672
2018-01-19,91.68751980892083,90.80065836028609,1.7849816831354481,90.75757575757576,157.4895782470703,246.17311096191406,142.7863006591797
2018-01-22,92.05261603058307,91.1823530724633,1.5672067506586234,92.2727272727273,159.17483520507812,248.17474365234375,143.55152893066406
2018-01-23,93.11703362635598,92.14031918047309,1.8726185268444497,91.98863636363639,160.4908905029297,248.70150756835938,144.01065063476562
2018-01-24,93.16973511450924,92.23808258549717,1.652948310139396,91.7282196969697,159.44943237304688,248.60487365722656,143.11941528320312
2018-01-25,93.30838813581285,92.33780892206104,1.8000773747666616,91.06849747474749,159.3926544189453,248.71026611328125,143.17343139648438
2018-01-26,93.65616304863795,92.81418206516162,1.4139670333429242,92.08648989898991,161.8353271484375,251.58982849121094,143.6865234375
2018-01-29,91.34031192530357,89.70956782655045,3.682046647984585,88.34911616161618,161.0494842529297,249.92181396484375,142.8762969970703
2018-01-30,86.05893394143115,82.65751265730889,7.794108866921583,83.03188131313132,159.7239990234375,247.35824584960938,141.50784301757812
2018-01-31,85.2292406067397,80.2070228123559,10.604756453662807,82.37689393939395,160.38673400878906,247.48110961914062,140.76963806152344
2018-02-01,83.14535292951929,76.24763343062726,14.246309729356664,78.03819444444444,159.02337646484375,247.2003173828125,141.2108154296875
2018-02-02,75.97182428830621,62.6725844553422,30.0,54.47916666666667,155.85159301757812,241.8186798095703,138.49191284179688
2018-02-05,63.35760213315761,47.92452218883628,30.0,27.43055555555556,149.70689392089844,231.7052764892578,133.17115783691406
2018-02-06,62.12359639482699,45.97923641338653,30.0,33.70896464646465,153.67401123046875,236.27032470703125,134.76467895507812
2018-02-07,60.119626722585366,43.73817339543855,30.0,30.58396464646465,151.6857452392578,234.9886016845703,134.8997344970703
2018-02-08,52.71798922165024,36.257504779267975,30.0,23.137626262626267,145.28536987304688,226.1744384765625,130.9384307861328
2018-02-09,52.37475679157605,35.88792864411529,30.0,22.58838383838384,147.79444885253906,229.5719451904297,132.13587951660156
2018-02-12,56.03331577762724,39.537706395140326,30.0,23.293876262626263,150.41705322265625,232.94308471679688,133.38723754882812
2018-02-13,56.21980471058981,39.72126824976084,30.0,23.154987373737374,151.19337463378906,233.52247619628906,133.67530822753906
2018-02-14,63.993366486766774,47.49385433315712,30.0,31.5625,154.02427673339844,236.67417907714844,136.07908630371094
2018-02-15,70.1202123444137,53.62037495987716,30.0,41.04008838383838,156.88360595703125,239.6941375732422,137.5645751953125
2018-02-16,71.98384509420026,55.483899299354746,30.0,39.94633838383839,156.1829833984375,239.7643585205078,138.05076599121094
2018-02-20,68.4987918953834,51.99880996376824,30.0,28.953598484848484,156.49542236328125,238.26327514648438,136.91636657714844
2018-02-21,65.45322619691969,48.953232219714636,30.0,28.102904040404038,156.05047607421875,237.07798767089844,137.0604248046875
2018-02-22,63.42672897740243,46.926730985000745,30.0,26.811868686868685,156.0314483642578,237.38525390625,136.8443603515625
2018-02-23,68.17822049125661,51.67822116045605,30.0,45.84122474747475,159.22216796875,241.1690673828125,138.62692260742188
2018-02-26,71.35610284037655,54.95818720155522,29.72158871423945,51.633522727272734,161.33348083496094,243.9696044921875,139.53622436523438
2018-02-27,65.1629142902988,48.96821740798853,29.260159098281342,36.95391414141414,159.33580017089844,240.92323303222656,137.52859497070312
2018-02-28,56.660788679687734,40.26255638558432,30.0,21.407828282828284,158.3132781982422,238.48265075683594,135.35887145996094
2018-03-01,49.497456808622005,33.0313793772542,30.0,14.529671717171718,155.72854614257812,235.01498413085938,134.998779296875
2018-03-02,48.075328667945655,31.58663619082305,30.0,21.26578282828283,157.15818786621094,236.22647094726562,137.15945434570312
2018-03-05,52.46927849319928,36.90826497779733,27.449407335530218,32.03125,158.90020751953125,238.95677185058594,138.3838348388672
2018-03-06,60.11421592969878,49.386465044995354,15.111126489734804,47.1969696969697,159.572509765625,239.5625457763672,139.8783721923828
2018-03-07,66.01253559470635,59.666245443353844,7.555563244867402,54.422348484848484,159.94175720214844,239.47463989257812,141.1117401123047
2018-03-08,69.34301115148902,65.84239450614582,3.777781622433701,56.84027777777777,160.82225036621094,240.6335906982422,140.82362365722656
2018-03-09,75.8523421010014,73.99287658844082,1.8888908112168505,69.6606691919192,163.94676208496094,244.8211212158203,143.07435607910156
2018-03-12,77.7785163905695,76.76736752238178,1.0672555381841822,69.26767676767678,164.8177490234375,244.51382446289062,143.3264617919922
2018-03-13,78.14853222994469,77.61581909188169,0.5336277690920911,70.3661616161616,162.5738525390625,242.93365478515625,142.66024780273438
2018-03-14,74.83063875331032,73.39728600749281,3.4248591812632148,60.260416666666664,162.54541015625,241.68699645996094,141.9849853515625
2018-03-15,71.31247949538945,68.6086779501261,6.0709562636114045,56.418876262626256,162.40342712402344,241.42364501953125,141.27378845214844
2018-03-16,69.74068940936448,66.70102295428127,5.831998018169335,61.41729797979798,161.9205322265625,241.68544006347656,142.0660858154297
2018-03-19,60.87266852313588,54.84800859820302,13.667557563377596,35.961174242424235,158.4658203125,238.4153594970703,140.69757080078125
2018-03-20,57.878841852091526,48.23469465716134,20.825256054416066,36.39520202020202,158.98736572265625,238.82090759277344,140.66152954101562
2018-03-21,59.16542329631195,47.910377056544135,21.928174113066618,43.96938131313131,158.29513549804688,238.36245727539062,141.48085021972656
2018-03-22,48.291575314226975,33.539893234304365,30.0,16.090593434343432,154.38804626464844,232.4041290283203,138.37850952148438
2018-03-23,40.54414318215624,26.364878785145,30.0,11.196338383838384,150.31964111328125,227.4505157470703,135.40066528320312
2018-03-26,41.17022210441569,26.295652490597135,30.0,17.752525252525253,155.90530395507812,233.67323303222656,138.36045837402344
2018-03-27,37.937257015689,25.086937514786516,30.0,13.330176767676768,150.86019897460938,229.69810485839844,135.68045043945312
2018-03-28,36.37780661255507,24.267051964106088,30.0,13.386994949494948,149.12474060058594,229.01937866210938,135.63531494140625
2018-03-29,40.32567025184365,26.629955739397687,30.0,21.759785353535353,151.85592651367188,231.9457550048828,137.00689697265625
2018-04-02,35.801808001196605,24.639810571122027,30.0,14.272411616161616,147.47463989257812,226.93922424316406,133.66812133789062
2018-04-03,36.39799857515892,24.785666098467402,30.0,19.09722222222222,149.13424682617188,229.84796142578125,135.5811309814453
2018-04-04,42.0492957953086,30.490555340115137,30.0,20.462436868686865,151.48606872558594,232.30709838867188,137.3046875
2018-04-05,46.53796990104409,33.80727863820183,30.0,27.018623737373737,152.34909057617188,234.14048767089844,138.44168090820312
2018-04-06,38.39869312129529,28.16948121886638,30.0,17.06597222222222,148.5367431640625,228.9224853515625,135.68045043945312
2018-04-09,37.23638823485868,28.85581760071571,30.0,14.300820707070706,149.57992553710938,230.05064392089844,135.8428497314453
2018-04-10,42.246829501986454,33.414880031346215,30.0,27.035984848484848,152.88014221191406,233.7085418701172,138.40560913085938
2018-04-11,41.54883709992089,32.97198357267044,27.15223677867524,25.30618686868687,151.99822998046875,232.48338317871094,138.70333862304688
2018-04-12,44.597310934642024,34.68974864778076,21.493672840095197,36.08112373737374,153.8284454345703,234.39610290527344,139.65086364746094
2018-04-13,44.9087028251637,36.059885766580315,19.684356148582953,32.817234848484844,153.0318603515625,233.7085418701172,138.91990661621094
2018-04-16,48.14961437546235,41.38775954119434,10.397043131109655,42.193813131313135,154.19833374023438,235.630126953125,140.20130920410156
2018-04-17,54.27723594721231,50.11715976175287,5.198521565554827,56.57039141414142,157.51747131347656,238.15097045898438,141.72628784179688
2018-04-18,59.685628240128835,57.34587389129064,2.5992607827774137,66.09532828282828,157.83990478515625,238.3271942138672,142.1053009033203
2018-04-19,56.16091313178059,53.36981398773273,5.485039166641233,52.70202020202019,156.38893127441406,237.00503540039062,141.12168884277344
2018-04-20,50.752434815092485,46.14539863745158,10.027281262613542,42.784090909090914,153.91380310058594,234.9954071044922,140.3637237548828
2018-04-23,51.309842096912085,46.95004288260819,7.7021467866098,57.49210858585858,153.5249786376953,234.96014404296875,140.1561737060547
2018-04-24,46.423225975249665,41.09171732395508,10.577024308708939,44.57228535353535,150.27223205566406,231.79586791992188,139.35308837890625
2018-04-25,41.97835887878803,34.563428158796896,15.375712280617096,33.816287878787875,150.45240783691406,232.3688201904297,139.14553833007812
2018-04-26,47.29864824217367,40.96862755628571,10.522846670611576,57.02335858585859,153.6198272705078,234.7310333251953,139.78619384765625
2018-04-27,50.62689047730751,45.65037587064014,7.817748303740131,57.91508838383838,153.71466064453125,234.9513702392578,139.5877227783203
2018-04-30,45.102534247338156,37.90598617091149,15.10284511146602,36.23421717171718,152.6240692138672,233.14451599121094,138.3514404296875
2018-05-01,46.90464984770651,37.741900702258484,18.446999418106746,43.89993686868687,154.36900329589844,233.55870056152344,139.02822875976562
2018-05-02,46.02989762752164,34.10179987090458,24.201403749457413,42.13068181818182,153.45860290527344,231.98983764648438,139.5515899658203
2018-05-03,41.24878006975682,28.495432669402987,30.0,29.82323232323232,153.4396514892578,231.4785919189453,138.79359436035156
2018-05-04,48.67238537970099,36.38303760393834,21.92245084266738,44.880050505050505,156.35104370117188,234.47540283203125,140.52615356445312
2018-05-07,59.44224683295516,50.10398916756379,14.295841109465,56.458333333333336,157.65023803710938,235.26866149902344,141.71728515625
2018-05-08,60.67638992232706,53.61641661286876,10.765147511803207,54.520202020202014,157.48902893066406,235.26866149902344,142.42112731933594
2018-05-09,65.62813600215337,61.30120118850334,5.382573755901603,66.46306818181819,159.20545959472656,237.54273986816406,143.1881561279297
2018-05-10,72.090012986942,69.66089619381002,2.6912868779508017,72.23642676767678,160.85556030273438,239.76393127441406,143.95516967773438
2018-05-11,76.34014707559821,75.03703888359657,1.3456434389754008,77.80776515151516,160.703857421875,240.4955291748047,144.23486328125
2018-05-14,78.34340095344267,77.6623302589633,0.6728217194877004,79.49810606060606,160.9788818359375,240.61001586914062,143.68446350097656
2018-05-15,76.38094507045004,75.38839059084714,2.087811585753954,73.89362373737373,159.19602966308594,238.9529571533203,143.71153259277344
2018-05-16,75.21980500160485,73.9992797755527,2.4263829077759693,75.07417929292929,160.2486572265625,239.95785522460938,145.20944213867188
2018-05-17,73.66757721548312,72.27915092185495,2.6770487771203073,74.81376262626263,159.63221740722656,239.7550811767578,145.8772430419922
2018-05-18,72.39574421192074,71.44214317157262,1.3385243885601537,79.69065656565655,158.80722045898438,239.15570068359375,146.0666961669922
2018-05-21,75.8797062510833,75.31644309973123,0.6692621942800768,83.9425505050505,159.6986541748047,240.95384216308594,147.03224182128906
2018-05-22,76.24294015068739,75.7442281493409,0.8480662297157954,82.29955808080808,159.49002075195312,240.2838897705078,145.9674835205078
2018-05-23,77.06424305073574,76.74252690817235,0.4240331148578977,86.84027777777777,160.8366241455078,240.9450225830078,146.1569061279297
2018-05-24,75.49725988918212,75.30233530069629,0.239143293540056,86.75347222222223,160.7892303466797,240.451416015625,146.2110137939453
2018-05-25,71.85915428876802,71.2233544286052,1.5567954472750756,82.24116161616162,160.9503936767578,239.87855529785156,145.9494171142578
2018-05-29,66.11620779233765,62.766214437505155,8.558345640304207,70.72127525252525,160.23916625976562,237.1195831298828,145.75088500976562
2018-05-30,72.74337565109352,69.9184305867232,4.658947125707657,85.625,161.38665771484375,240.2838897705078,148.06094360351562
2018-05-31,70.5932412760977,67.52123010335379,5.810080412601303,75.70233585858585,161.2823486328125,238.8120574951172,146.8788604736328
2018-06-01,73.80325665078188,71.19558916801995,4.319082977765297,82.3153409090909,163.81434631347656,241.15663146972656,147.8444061279297
2018-06-04,76.2681545458226,74.20924137601537,3.2446109333270856,83.36805555555557,165.29376220703125,242.30245971679688,148.62937927246094
2018-06-05,78.07865402868661,76.49115302782609,2.457808938885766,84.16666666666666,165.80584716796875,242.47869873046875,149.54989624023438
2018-06-06,80.56931565265985,79.55627488394765,1.319655732069146,86.54987373737373,166.773193359375,244.5059356689453,150.6326446533203
2018-06-07,81.97626178320985,81.39664464275977,0.659827866034573,88.1518308080808,165.41709899902344,244.4795684814453,149.8115234375
2018-06-08,82.21329938228207,81.89840184706274,0.3318867865526412,88.14551767676767,165.42652893066406,245.20223999023438,150.2627410888672
2018-06-11,82.31546006345431,82.1496483075132,0.1659433932763206,88.46433080808082,165.87225341796875,245.52842712402344,150.48834228515625
2018-06-12,82.27628130061274,81.90756547977244,0.854850642345232,85.99431818181819,166.74472045898438,245.84571838378906,151.17416381835938
2018-06-13,80.55640353118069,79.60783032730396,2.251821627990804,84.12563131313131,166.73521423339844,245.06124877929688,150.5785675048828
2018-06-14,79.49405370231275,77.95629024329627,3.331561066520657,81.40625,168.42324829101562,245.67823791503906,151.38172912597656
2018-06-15,77.3181100728616,74.5696637196977,6.097796000432045,78.29861111111111,167.83529663085938,245.36483764648438,151.4268035888672
2018-06-18,75.73448469930321,71.84186353474344,8.117651945923104,77.80618686868686,167.7383575439453,244.86013793945312,152.13966369628906
2018-06-19,73.06952137036278,66.86487181755325,13.383024994426203,71.3967803030303,167.26319885253906,243.92160034179688,152.148681640625
2018-06-20,72.90503918007703,64.7535299435883,16.590798324233297,71.66824494949496,168.45111083984375,244.3378143310547,153.37588500976562
2018-06-21,70.60886670490665,59.659078377745416,22.452596131813625,65.65656565656565,166.987548828125,242.8061065673828,151.941162109375
2018-06-22,71.21994106085296,58.761862049855615,24.022226096209835,67.8314393939394,166.616943359375,243.24884033203125,151.43582153320312
2018-06-25,66.12270747693503,50.970014473269245,30.0,51.03377525252525,162.8629913330078,239.93740844726562,148.96334838867188
2018-06-26,66.03381279941723,49.98291513152863,30.0,54.70170454545455,163.52833557128906,240.46861267089844,149.82958984375
2018-06-27,64.0179516973482,47.66765247471865,30.0,50.749684343434346,161.3043975830078,238.47659301757812,147.42929077148438
2018-06-28,62.20171562238454,45.75161588150802,30.0,47.77462121212122,162.69190979003906,239.84010314941406,147.8804473876953
2018-06-29,64.68452842923773,48.20116184894555,30.0,55.95643939393939,163.12908935546875,240.18540954589844,147.78123474121094
2018-07-02,64.46171483016045,47.96725930339639,30.0,49.80113636363636,164.22201538085938,240.6988525390625,148.8008270263672
2018-07-03,62.40482439188554,45.906672549630855,30.0,47.52683080808081,162.32130432128906,239.848876953125,149.3940887451172
2018-07-05,67.47566734604709,50.976283398628865,30.0,53.937815656565654,164.33609008789062,241.80560302734375,151.09671020507812
2018-07-06,73.21193354000934,58.402879707955975,25.38888868067442,65.69602272727273,166.8925323486328,243.85084533691406,152.37362670898438
2018-07-09,78.77443239212434,68.08011674322364,15.703539195135189,78.83522727272728,168.3941192626953,246.0465087890625,153.3335723876953
2018-07-10,79.86062729569127,72.33071871306069,10.81400918090093,76.51515151515152,168.5176544189453,246.93194580078125,152.63626098632812
2018-07-11,75.48914340292683,68.44723486582924,12.359833662420158,61.87657828282829,167.6622772216797,245.125732421875,151.3411407470703
2018-07-12,75.12277002319783,69.07720600605494,10.086166831210079,68.90625,170.55137634277344,247.3480682373047,152.07473754882812
2018-07-13,74.87135193327694,69.90641123535931,8.044780069645446,69.22979797979798,170.69395446777344,247.54290771484375,151.62191772460938
2018-07-16,70.9813353644296,66.1614831259665,8.63146910679242,64.08617424242425,170.2852783203125,247.321533203125,151.03326416015625
2018-07-17,74.24194397952407,70.30835207999479,6.34629405465884,72.33743686868686,171.32118225097656,248.32200622558594,151.7034454345703
2018-07-18,75.73813268972296,72.5765991881924,5.046371459147602,72.8409090909091,170.99807739257812,248.8443603515625,152.12911987304688
2018-07-19,75.96492990050845,73.61988720656194,3.521449618462694,75.64078282828282,170.14279174804688,247.90589904785156,153.20684814453125
2018-07-20,72.68317717982147,70.00426958095447,5.174254638776801,67.91193181818183,170.10472106933594,247.62249755859375,152.5819091796875
2018-07-23,73.31963363626825,70.11918245194424,6.2931326855500185,72.90561868686869,170.646484375,248.08297729492188,152.77210998535156
2018-07-24,72.68212033342833,68.4530987379695,8.624194183684105,68.91098484848484,171.34970092773438,249.33131408691406,151.14193725585938
2018-07-25,76.45221398729393,73.43413027411373,4.3865723128016505,78.59690656565657,173.74461364746094,251.4562530517578,151.69442749023438
2018-07-26,78.78289922838641,76.97266639997937,2.1932861564008252,79.93371212121212,171.11212158203125,250.86309814453125,152.50950622558594
2018-07-27,76.12423713011619,74.11087505632554,3.8453212663317275,71.13794191919192,168.80276489257812,249.1630401611328,149.66574096679688
2018-07-30,73.62975482355543,70.57831134457551,6.491789421044648,65.31250000000001,166.41732788085938,247.86160278320312,148.7057647705078
2018-07-31,75.12239451540697,71.71951961235177,6.506528391077877,70.91856060606061,167.6908721923828,249.08335876464844,150.21824645996094
2018-08-01,73.92124159620646,69.8008283216386,8.143968109680348,68.56218434343435,168.3275909423828,248.66734313964844,150.11859130859375
2018-08-02,75.15875170242018,71.46069490653025,6.339779193729058,74.15877525252526,170.61790466308594,250.02197265625,151.21438598632812
2018-08-03,77.32758936153024,74.2463044871055,5.041634388531194,73.9441287878788,171.14059448242188,251.09326171875,150.68914794921875
2018-08-06,79.49171640498146,77.0594552001462,3.83227158189186,75.73705808080808,172.1480255126953,252.01406860351562,151.5313720703125
2018-08-07,79.87615294307463,77.9548299736716,3.0288251848853243,76.37310606060606,172.77525329589844,252.8462677001953,151.89369201660156
2018-08-08,79.64487084634474,77.62756682496291,3.7550809952204345,75.68023989898991,172.98431396484375,252.7400665283203,151.75778198242188
2018-08-09,79.92611771351861,78.21622085263796,2.829442328418297,78.4106691919192,172.87977600097656,252.39474487304688,152.147216796875
2018-08-10,74.26565448730831,71.282245678564,6.582117786683898,67.26799242424242,171.5587921142578,250.70367431640625,151.72157287597656
2018-08-13,66.76273567142462,59.722134752062246,16.489449044857103,51.50568181818182,171.3687286376953,249.7652130126953,150.83404541015625
2018-08-14,70.6242241682878,64.2213054258321,11.061959370913401,70.91856060606061,172.442626953125,251.35877990722656,152.3283233642578
2018-08-15,64.79679690881025,54.906925714157566,21.15154076500216,49.255050505050505,170.33285522460938,249.48184204101562,150.4174346923828
2018-08-16,68.54825535042531,59.160850013346256,16.61122256053138,67.38952020202021,170.8935089111328,251.50054931640625,151.81211853027344
2018-08-17,71.24576058947143,63.45574711647728,12.711486438093974,69.88952020202021,170.9315185546875,252.38583374023438,152.46417236328125
2018-08-20,74.20733260835428,68.28901133287233,9.05904577586517,73.51010101010101,170.77955627441406,252.9259796142578,152.88986206054688
2018-08-21,77.04524723308779,73.24382434161113,4.987224908134605,78.46906565656566,171.40670776367188,253.5191650390625,154.64678955078125
2018-08-22,79.33094941439629,77.03482821278308,2.8063097394208407,78.9330808080808,172.07203674316406,253.36866760253906,155.0271759033203
2018-08-23,77.63230748409701,75.27225699938768,4.3491184113770895,73.95833333333333,171.82489013671875,253.03221130371094,154.55621337890625
2018-08-24,80.10727589537241,78.52325402505018,2.1745592056885448,79.82954545454547,173.42147827148438,254.5550994873047,155.39849853515625
2018-08-27,82.11273674626892,81.18606026845194,1.0872796028442724,83.91414141414141,175.18917846679688,256.5648498535156,155.6248779296875
2018-08-28,82.26695601980009,81.7276239425989,0.6284725034423351,83.64267676767678,175.4457550048828,256.6888427734375,155.76976013183594
2018-08-29,83.18936412781217,82.89436680978066,0.31423625172116754,87.10227272727273,177.47006225585938,258.0699768066406,156.22256469726562
2018-08-30,82.22469545001147,81.6238745589632,1.3704230501030104,83.21969696969697,177.15638732910156,257.0252685546875,156.09585571289062
2018-08-31,81.25402306246175,80.3583501136675,1.896543595758577,83.2260101010101,177.3844757080078,257.0341491699219,156.69349670410156
2018-09-04,78.42025823664781,76.87194652967916,3.4084201564651497,79.22979797979798,176.62420654296875,256.5914611816406,155.99618530273438
2018-09-05,76.20264399971418,74.11909941129862,4.274838234798228,78.87626262626264,174.34339904785156,255.9008331298828,155.57955932617188
2018-09-06,73.15287645499671,69.52548036951555,7.998766970934464,73.63952020202021,172.78475952148438,255.13052368164062,154.529052734375
2018-09-07,70.63239815736118,65.52120630456652,10.641981339002577,69.90214646464648,172.11953735351562,254.6347198486328,154.44749450683594
2018-09-10,70.3083935132662,63.90840728907307,12.807969836167954,71.48674242424244,172.69923400878906,255.0774688720703,154.63771057128906
2018-09-11,72.5744331022632,66.0042178770125,12.100599501417308,76.39362373737374,174.0297088623047,255.91848754882812,154.89126586914062
2018-09-12,73.88284975462648,66.63832493298676,13.784872036062193,72.9971590909091,173.5165557861328,255.98049926757812,154.52001953125
2018-09-13,76.44870244346136,68.5577772361182,14.934773454899782,74.23453282828284,175.36968994140625,257.49444580078125,154.55621337890625
2018-09-14,79.68298498957131,72.58648085187343,12.18053382340949,77.6199494949495,174.8565673828125,257.53875732421875,155.2082977294922
2018-09-17,77.09651126911548,69.06909257781334,15.441592669280501,70.20202020202021,172.33810424804688,256.1753234863281,153.56002807617188
2018-09-18,78.06024281361088,70.5374188993643,13.219139137670556,74.36868686868686,173.7635955810547,257.5653381347656,154.20306396484375
2018-09-19,77.4221737701235,69.549072003098,14.633164897118112,70.15151515151516,173.6305389404297,257.8398132324219,153.64149475097656
2018-09-20,82.08819933751593,76.39407708218393,8.372059089973195,83.72474747474749,175.55032348632812,259.9292907714844,155.0633544921875
2018-09-21,81.41799405526626,76.88445369717903,7.187726199027004,77.49684343434343,174.59043884277344,259.69183349609375,154.32073974609375
2018-09-24,80.53861586353992,76.37920995722628,7.222433964412494,75.49084595959596,175.07598876953125,258.8291320800781,153.75021362304688
2018-09-25,78.61105057031482,73.70012905297538,9.612144223367864,72.14646464646465,175.31399536132812,258.58905029296875,153.9856414794922
2018-09-26,72.79854295602506,64.65415315049817,17.74749809021928,59.34343434343435,175.43777465820312,257.815185546875,152.57815551757812
2018-09-27,70.52214766076864,59.98459649007131,21.33478518778642,59.04198232323232,176.9230194091797,258.53570556640625,152.58724975585938
2018-09-28,69.40652549981733,56.71281055663887,25.039630598943717,57.67676767676768,176.8849334716797,258.56231689453125,153.05035400390625
2018-10-01,69.7517045345881,56.922344128907454,23.44942388533045,59.476010101010104,177.24668884277344,259.4605712890625,151.03451538085938
2018-10-02,69.35761947613697,56.00128898971062,24.76330095781674,58.184974747474755,176.84683227539062,259.30938720703125,149.4000701904297
2018-10-03,69.46546887775729,56.052847290015436,24.43775843345383,57.64835858585859,177.0372314453125,259.4516906738281,150.70761108398438
2018-10-04,64.20591317640518,48.73503931382455,30.0,47.13383838383839,173.63832092285156,257.42388916015625,148.59190368652344
2018-10-05,59.291770687981106,43.13481273378757,30.0,40.844381313131315,171.51522827148438,255.98313903808594,147.2480010986328
2018-10-08,58.67901915081957,42.29336649942173,30.0,44.013573232323225,170.46795654296875,255.98313903808594,146.93923950195312
2018-10-09,56.69823008158956,40.236345864456936,30.0,36.22159090909091,171.02017211914062,255.60943603515625,146.36717224121094
2018-10-10,46.512806750678706,30.025512011634497,30.0,21.59090909090909,163.49884033203125,247.5161590576172,142.16299438476562
2018-10-11,36.4926760390191,20.945059274152516,30.0,14.701704545454543,161.47091674804688,242.06422424316406,139.44793701171875
2018-10-12,34.504058516425616,19.531241817025645,30.0,12.097537878787877,165.96469116210938,245.42608642578125,139.47518920898438
2018-10-15,33.0380582111665,19.144341533588737,30.0,11.687184343434343,163.9558563232422,244.0475311279297,139.9927215576172
2018-10-16,36.39903855511011,21.8502070699916,30.0,14.105113636363635,168.7257080078125,249.3837890625,144.05169677734375
2018-10-17,38.00743402904671,24.06847168215536,30.0,12.507891414141412,168.7923126220703,249.42832946777344,143.4342498779297
2018-10-18,35.63507554578602,23.525328837562974,30.0,9.45864898989899,164.87930297851562,245.82632446289062,140.74642944335938
2018-10-19,33.356938625062234,22.140263796395292,30.0,10.007891414141413,164.72698974609375,245.69290161132812,139.2572784423828
2018-10-22,31.201061817437886,21.497355393067423,30.0,9.66066919191919,165.5743408203125,244.590087890625,138.9575958251953
2018-10-23,27.712470049546333,19.175123463645065,30.0,10.418244949494948,164.9650421142578,243.3448944091797,137.71356201171875
2018-10-24,23.081942594393105,15.681993732426015,30.0,9.936868686868685,157.41510009765625,235.97193908691406,132.5286102294922
2018-10-25,22.45278546598225,15.841228437919144,30.0,7.998737373737374,162.86097717285156,240.20530700683594,135.39805603027344
2018-10-26,18.357853992718745,13.666501650031044,30.0,3.4532828282828283,158.6718292236328,235.98077392578125,133.91790771484375
2018-10-29,18.222262425674206,13.504311644778307,30.0,7.241161616161616,155.40623474121094,234.67335510253906,133.18240356445312
2018-10-30,19.76078989442331,14.79323222671727,30.0,8.75631313131313,157.96730041503906,238.15093994140625,135.9610137939453
2018-10-31,24.337937799170746,19.869122280305767,30.0,5.928030303030303,161.68040466308594,240.69461059570312,136.23341369628906
2018-11-01,29.740782886517053,24.83080734319169,25.502508409294023,14.965277777777775,163.81309509277344,243.25595092773438,139.37527465820312
2018-11-02,30.249687258206652,25.801917632653755,21.935380625101555,14.624368686868687,161.26145935058594,241.81515502929688,139.83837890625
2018-11-05,33.25140258527521,27.476220117498322,14.149409851692191,26.04008838383838,160.861572265625,243.1492919921875,139.7294464111328
2018-11-06,36.10135762851078,31.582238333108254,7.0747049258460954,30.309343434343432,162.08026123046875,244.68789672851562,140.4194793701172
2018-11-07,41.106301602153174,38.302899267280544,3.5373524629230477,37.957702020202014,167.16433715820312,249.92645263671875,142.93479919433594
2018-11-08,45.97806665974498,44.395084596584894,1.7686762314615239,50.73863636363637,166.09800720214844,249.4727783203125,142.5534210205078
2018-11-09,45.83969555772319,44.70873386877224,1.6453663669933873,48.303345959595966,163.2988739013672,247.035888671875,139.91102600097656
2018-11-12,33.30533877363176,29.5948361706808,9.0914055635472,24.278724747474747,158.35768127441406,242.41995239257812,137.14151000976562
2018-11-13,29.298814844057034,23.32954008605269,12.906656064601885,23.983585858585855,158.49098205566406,241.9663848876953,136.7056121826172
2018-11-14,24.001536637570204,18.64927838490209,17.822882956543367,14.356060606060606,157.28179931640625,240.31222534179688,135.70677185058594
2018-11-15,24.24315733194453,17.755830506981084,16.796443845695926,25.506628787878785,160.0333251953125,242.82012939453125,137.64089965820312
2018-11-16,25.96248790913203,18.50643254947033,14.437126594565136,31.414141414141415,159.47157287597656,243.45162963867188,137.96780395507812
2018-11-19,24.804585086088018,16.98127033657115,17.259894578848225,22.32323232323232,154.29237365722656,239.33370971679688,135.1710662841797
2018-11-20,21.017356265441748,13.657269867454644,24.731391418211995,14.76167929292929,151.5313720703125,234.90464782714844,132.56497192382812
2018-11-21,21.40891908882994,13.656482882093496,28.802524938903975,18.049242424242426,152.68331909179688,235.705078125,134.41738891601562
2018-11-23,22.53541256610439,12.91237827497002,30.0,23.772095959595962,151.57896423339844,234.1309051513672,134.29022216796875
2018-11-26,24.256032935241993,14.111317801160162,30.0,25.77967171717172,155.08253479003906,237.91078186035156,136.03367614746094
2018-11-27,27.395177798258793,16.1761111649299,21.374986150822593,31.084280303030305,155.60621643066406,238.71119689941406,134.90768432617188
2018-11-28,38.61179383080969,30.95335749204925,10.687493075411297,55.691287878787875,160.61404418945312,244.2076416015625,138.240234375
2018-11-29,40.62218887644999,35.65861414414888,6.574807143766254,51.75189393939394,160.09039306640625,243.67398071289062,137.86788940429688
2018-11-30,42.34601966252471,39.16131598836349,4.173214809256864,52.85669191919192,161.25193786621094,245.1593017578125,138.58526611328125
2018-12-03,48.22177861809952,46.39512134501535,2.086607404628432,65.21622474747475,164.07008361816406,248.40545654296875,139.91102600097656
2018-12-04,33.02112543096537,26.417795228826208,16.392597420748558,19.21085858585859,157.77691650390625,240.3566131591797,133.95423889160156
2018-12-06,25.42783157061905,17.53598076249859,22.142400351788424,20.588699494949495,158.89083862304688,239.99197387695312,133.66371154785156
2018-12-07,19.070478726765938,11.950509938873932,29.767439917055828,11.71875,153.6448974609375,234.4154815673828,130.77613830566406
2018-12-10,16.46511623773998,9.926515530664869,30.0,11.725063131313131,155.2539520263672,234.8601531982422,130.39474487304688
2018-12-11,15.831777897908268,9.203633217772119,30.0,12.34375,155.76803588867188,234.91355895996094,130.25856018066406
2018-12-12,16.669011987265502,9.583241538331231,30.0,17.267992424242426,157.13902282714844,236.096435546875,131.5025634765625
2018-12-13,17.093903412351693,9.185220670114346,30.0,18.9977904040404,157.1866455078125,236.01641845703125,129.6410675048828
2018-12-14,15.362616678831607,8.133333542530268,30.0,11.66193181818182,153.35928344726562,231.6583709716797,127.6797103881836
2018-12-17,12.27648100223617,6.671812549394986,30.0,7.653093434343435,149.88424682617188,227.11363220214844,124.83621978759766
2018-12-18,11.125660574468307,6.284752571669393,30.0,6.895517676767677,150.8267364501953,226.8645477294922,124.68132781982422
2018-12-19,9.557007171443956,5.476241540881355,30.0,5.380366161616161,147.12326049804688,223.46714782714844,122.08478546142578
2018-12-20,8.728129213081914,4.83963326215364,30.0,5.380366161616161,144.99061584472656,219.82949829101562,120.07125091552734
2018-12-21,7.79479548121492,4.294463497572162,30.0,4.275568181818182,140.49684143066406,215.3253631591797,116.95536041259766
2018-12-24,6.598158275222691,3.4647142806751035,30.0,4.223484848484849,137.01275634765625,209.6358184814453,114.6867904663086
2018-12-26,6.944400143932505,3.711029923527753,30.0,4.223484848484849,145.5677490234375,220.22764587402344,120.19878387451172
2018-12-27,7.983714369676861,4.939257629541943,30.0,4.223484848484849,146.13108825683594,221.91839599609375,120.6999282836914
2018-12-28,10.961920652713212,7.9804350726682385,30.0,4.223484848484849,146.05467224121094,221.63209533691406,121.04612731933594
2018-12-31,14.1742994876153,11.45824873871142,30.0,3.1818181818181817,147.286376953125,223.57339477539062,121.9936294555664
2019-01-02,14.932348015932057,12.749219988519652,30.0,2.632575757575758,147.87838745117188,223.805908203125,122.68608856201172
2019-01-03,11.296099731694987,9.29061261144641,28.928287342641465,2.4242424242424243,143.04708862304688,218.46533203125,120.49034118652344
2019-01-04,16.306687077188517,14.03633951858714,16.569671606926796,13.851010101010099,149.1672821044922,225.7829132080078,124.99112701416016
2019-01-07,20.020617097069426,16.947167910868966,8.284835803463398,25.22253787878788,150.94325256347656,227.56321716308594,127.17769622802734
2019-01-08,22.8348600904426,20.29149046440749,4.142417901731699,30.295138888888893,152.30859375,229.70123291015625,129.12741088867188
2019-01-09,25.454129900139037,23.846896742809854,2.0712089508658496,35.12626262626262,153.5498046875,230.77474975585938,130.19338989257812
2019-01-10,28.589736380702533,27.674270353934066,1.0356044754329248,41.281565656565654,153.989013671875,231.5888214111328,130.8675537109375
2019-01-11,31.08066229672645,30.58564613397426,0.5178022377164624,43.972537878787875,153.42572021484375,231.67828369140625,130.9040069580078
2019-01-14,28.702194917118675,27.661913343823628,2.3871168701208587,37.16224747474747,152.06988525390625,230.26483154296875,129.60116577148438
2019-01-15,30.671429686740247,29.887031069453073,1.1935584350604294,44.38920454545455,155.03929138183594,232.90382385253906,130.69448852539062
2019-01-16,34.8812750776481,34.40098982545796,0.5967792175302147,57.113320707070706,155.01063537597656,233.4674072265625,131.66929626464844
2019-01-17,39.77719010624324,39.507685498965984,0.29838960876510734,68.33648989898991,156.23277282714844,235.2387237548828,132.8628692626953
2019-01-18,43.15421158007817,43.00967194937881,0.14919480438255367,71.84185606060606,157.77952575683594,238.36972045898438,134.2294921875
2019-01-22,42.24017732434146,41.85974055274932,0.906155167342795,69.1808712121212,154.619140625,235.1492156982422,132.1066436767578
2019-01-23,42.31739936724506,41.836199114090384,0.9665127162471544,70.19886363636364,154.81967163085938,235.64122009277344,131.74220275878906
2019-01-24,44.75620675671987,44.41861267435634,0.4832563581235772,74.5959595959596,155.8222198486328,235.76641845703125,132.53485107421875
2019-01-25,47.73428813088857,47.53315977111141,0.2416281790617886,77.29166666666666,157.68408203125,237.761474609375,134.23854064941406
2019-01-28,49.22222584602104,49.11088455993399,0.1208140895308943,77.57575757575758,155.73626708984375,235.954345703125,133.51882934570312
2019-01-29,50.030941538823825,49.97167852704747,0.06040704476544715,78.10290404040404,154.2659454345703,235.64122009277344,133.19992065429688
2019-01-30,57.901447995032036,57.87061903289958,0.030203522382723575,88.31439393939394,158.1901092529297,239.3716583251953,134.65768432617188
2019-01-31,64.16554112600335,64.1497274928557,0.015101761191361788,94.92739898989899,160.55804443359375,241.47390747070312,135.80563354492188
2019-02-01,66.47659835335942,66.46855848609178,0.007550880595680894,96.3036616161616,159.88009643554688,241.59024047851562,135.91488647460938
2019-02-04,70.15233295719221,70.14826867332712,0.003775440297840447,97.92929292929293,161.8660430908203,243.28985595703125,137.53660583496094
2019-02-05,70.61077234217593,70.56893953720332,0.11039466459336664,97.5820707070707,163.29820251464844,244.3097686767578,137.68246459960938
2019-02-06,70.74736208052181,70.71317879035549,0.05519733229668332,97.92929292929293,162.8113250732422,243.9876708984375,137.50936889648438
2019-02-07,65.19558194339801,64.88833304871781,0.806875812612987,95.43560606060606,160.6248321533203,241.66184997558594,136.37962341308594
2019-02-08,62.142589098269184,61.36924209550784,1.8298110123670992,93.36489898989899,160.93992614746094,241.95693969726562,136.52532958984375
2019-02-11,60.542438002672164,59.59184077911404,1.8894951526481993,94.81060606060605,160.7871551513672,242.09120178222656,137.66419982910156
2019-02-12,64.16666240286273,63.50338921702451,0.9447475763240997,98.33333333333334,163.16453552246094,245.20433044433594,139.3861541748047
2019-02-13,67.94266493860266,67.5483701543305,0.47237378816204983,98.95833333333333,163.2791748046875,246.00054931640625,139.77793884277344
2019-02-14,72.47902952070851,72.21397638886215,0.36442237387900506,98.54797979797979,163.47964477539062,245.4548797607422,140.09683227539062
2019-02-15,76.79191046029588,76.63674864780262,0.18221118693950253,100.0,164.16712951660156,248.12960815429688,142.32896423339844
2019-02-19,78.94759123608259,78.82267936801631,0.1996125379141977,99.65277777777777,164.49168395996094,248.55899047851562,142.72073364257812
2019-02-20,82.5697085023073,82.4516897013713,0.20831321340154527,99.65277777777777,164.46311950683594,249.05999755859375,143.3948974609375
2019-02-21,82.02746249806466,81.88030685261053,0.29404375947854944,99.39236111111111,163.861572265625,248.17437744140625,142.84828186035156
2019-02-22,83.46085061532197,83.31810483130323,0.25552882418372114,99.65277777777777,165.07418823242188,249.71307373046875,144.08734130859375
2019-02-25,83.69141719841642,83.55720243968018,0.236271356536307,99.65277777777777,165.6756591796875,250.0528564453125,144.12380981445312
2019-02-26,82.5567649992329,82.30956681243731,0.5521634560459303,98.61111111111111,165.84754943847656,249.87403869628906,143.1306915283203
2019-02-27,81.35344787424626,80.92061422929856,0.9557297709522647,98.07922979797979,165.7425079345703,249.76666259765625,143.33119201660156
2019-02-28,79.41715575050277,78.58442289695674,1.8776044688094673,97.23958333333333,165.36061096191406,249.30145263671875,142.83914184570312
2019-03-01,81.09037622600053,79.87901672405529,2.5466778657178653,96.70138888888889,166.50634765625,250.8580322265625,144.16932678222656
2019-03-04,78.60333900165111,77.12393760062108,2.933495182858933,97.34375,166.53500366210938,249.94557189941406,142.8665313720703
2019-03-05,77.05454552418365,75.01448969031617,4.2188782732476495,95.42297979797979,166.65908813476562,249.60569763183594,142.201416015625
2019-03-06,71.32393377504138,65.33811907754571,14.470352962381403,80.04892676767676,165.7138214111328,248.09384155273438,139.41351318359375
2019-03-07,62.95051758144819,51.239811803531566,26.496638760231107,68.8778409090909,163.68014526367188,246.01841735839844,138.192626953125
2019-03-08,63.66145578404297,48.757887191404095,30.0,67.7840909090909,163.4319610595703,245.52633666992188,138.15618896484375
2019-03-11,69.80489199356374,54.21626462725554,28.965739551168884,80.1010101010101,166.8309783935547,249.08680725097656,140.57057189941406
2019-03-12,74.26042572173586,59.82624131617807,25.194478045786468,82.16698232323232,167.7476043701172,250.0260467529297,140.64346313476562
2019-03-13,80.1896644377661,68.17591249187117,19.642792211024542,87.7667297979798,169.00790405273438,251.68104553222656,141.19921875
2019-03-14,81.08684130337437,70.1160975572586,18.99861753859307,83.93623737373738,168.721435546875,251.52005004882812,140.6252899169922
2019-03-15,82.21687817949055,72.21519390056176,17.303917355155114,85.86332070707071,170.28733825683594,252.76268005371094,140.99880981445312
2019-03-18,84.89912829849662,77.14700812327895,12.04970567884018,93.06186868686869,170.6929168701172,253.6791534423828,141.90077209472656
2019-03-19,82.79889518128242,74.68977019286694,15.068413445480696,83.06818181818181,171.266845703125,253.74197387695312,141.18099975585938
2019-03-20,78.11421264176036,69.49523586348742,16.134368496730254,76.09059343434342,171.9459228515625,252.97828674316406,140.00440979003906
2019-03-21,81.28502126123489,73.55518991629891,13.245924778668154,83.08080808080808,174.63385009765625,255.83566284179688,141.84054565429688
2019-03-22,71.19721300592337,60.89849088522594,21.060304561051247,60.618686868686865,170.798095703125,250.9117889404297,136.67922973632812
2019-03-25,67.61868808004706,53.72171561102927,28.5383593512327,60.54292929292929,170.472900390625,250.7230682373047,137.28211975097656
2019-03-26,69.82499626844427,55.00657417086049,27.780267112485035,68.50536616161617,171.266845703125,252.5919189453125,138.7255096435547
2019-03-27,67.86849851581202,51.929024483284095,30.0,61.07007575757575,170.1667938232422,251.27114868164062,138.18650817871094
2019-03-28,69.42956842825099,53.116410417408346,30.0,68.13604797979798,170.5589599609375,252.2235870361328,139.41969299316406
2019-03-29,77.0990436756725,63.087172339124955,23.384050908000024,78.86837121212122,171.85032653808594,253.81402587890625,139.84912109375
2019-04-01,82.70914437372181,71.51439309044301,17.793075012080813,84.48074494949496,174.12681579589844,256.82403564453125,141.37466430664062
2019-04-02,84.75312971150015,76.88292693198869,11.287142777505057,85.41193181818181,174.786865234375,256.9498291015625,141.00924682617188
2019-04-03,86.31753353721595,81.11357454826214,7.03788562486364,88.60006313131314,175.79112243652344,257.3540954589844,141.74008178710938
2019-04-04,89.1960886854639,86.17115665792097,3.51894281243182,93.82575757575758,175.72425842285156,258.03704833984375,142.434326171875
2019-04-05,90.85046390525565,89.19701371379551,1.75947140621591,95.83333333333333,176.63299560546875,259.285888671875,143.7680206298828
2019-04-08,91.80154352397412,90.9245684940145,0.8886135440170423,95.80492424242425,177.08250427246094,259.483642578125,143.530517578125
2019-04-09,90.46444548442236,89.71352656775491,1.250710654584278,93.2528409090909,176.46080017089844,258.15374755859375,141.776611328125
2019-04-10,90.26428485844382,89.35445156482534,1.7987099674436484,92.0785984848485,177.40773010253906,259.034423828125,143.70413208007812
2019-04-11,88.93468586190552,87.38222909407543,3.406851827156162,87.80934343434345,176.98684692382812,258.96240234375,143.5214385986328
2019-04-12,89.24304343544999,87.4586072334169,3.4553198529720213,90.22727272727272,177.75210571289062,260.7145690917969,144.0420684814453
2019-04-15,88.73934781181666,86.6299840492052,4.130595532546621,88.14393939393938,177.78079223632812,260.5439147949219,143.57620239257812
2019-04-16,88.05511930427559,85.4658882904012,5.143935708192502,85.98169191919192,178.3929901123047,260.7145690917969,143.91419982910156
2019-04-17,85.99825525630735,82.54191359175468,7.072539981621507,85.01578282828282,179.01470947265625,260.07672119140625,142.59873962402344
2019-04-18,85.4792163985671,80.95509402301153,9.196386783740053,85.77335858585857,179.24427795410156,260.58880615234375,142.17857360839844
2019-04-22,82.48831624059981,75.7743059272845,14.19809869490033,80.47348484848484,179.75125122070312,260.8135070800781,141.8040008544922
2019-04-23,85.10060878053665,77.74804650795907,13.948796822197632,84.85953282828284,182.037353515625,263.15863037109375,143.9416046142578
2019-04-24,85.75432750597014,78.45941014354139,13.21108164973518,84.56439393939394,181.46340942382812,262.5744323730469,144.38919067382812
2019-04-25,84.49049974104729,77.08818170436032,13.556397043301939,82.83459595959596,182.199951171875,262.412841796875,143.1925048828125
2019-04-26,85.93706893725145,79.23371143004675,11.552504077206526,84.1824494949495,182.362548828125,263.6347961425781,144.58102416992188
2019-04-29,85.61037819793904,78.47476348971628,13.36680601587599,80.88541666666666,182.71644592285156,264.0481262207031,145.27537536621094
2019-04-30,84.37686007271368,77.22858564113625,13.008371442281426,81.86868686868686,181.3008575439453,264.1828918457031,144.59934997558594
2019-05-01,80.04829117598949,71.79686863808246,16.005448347403338,75.70549242424242,180.71731567382812,262.1970520019531,143.22909545898438
2019-05-02,78.60127086385384,69.29558775141643,17.877842544913783,74.62436868686869,179.93296813964844,261.6311340332031,143.89593505859375
2019-05-03,81.89878220714321,73.48622492068912,14.483626133567995,81.93181818181819,182.80258178710938,264.19189453125,146.64561462402344
2019-05-06,81.023752318206,73.98455483203013,11.550031974612285,82.01862373737373,181.68348693847656,263.1046142578125,146.8100128173828
2019-05-07,71.7571960612755,59.51370481035276,26.992069333265746,55.10890151515151,178.14425659179688,258.7108459472656,143.9051055908203
2019-05-08,67.06488286458647,51.98371911427889,30.0,48.66950757575758,177.69467163085938,258.35150146484375,143.20166015625
2019-05-09,66.72798993899032,50.70093535555446,30.0,52.528409090909086,176.7381591796875,257.5697937011719,142.68096923828125
2019-05-10,65.82482555043669,49.48247402262473,30.0,50.58238636363636,176.95819091796875,258.8636169433594,143.0738067626953
2019-05-13,56.545414521679874,40.09796401240922,30.0,27.93087121212121,170.8172607421875,252.35838317871094,138.51536560058594
2019-05-14,54.92150802070631,38.43902451761609,30.0,29.951073232323235,172.69203186035156,254.64053344726562,140.26016235351562
2019-05-15,55.477042567293,38.98288139959625,30.0,33.53219696969697,175.13121032714844,256.13226318359375,140.71697998046875
2019-05-16,60.12013584489486,43.62208212232928,30.0,40.3582702020202,176.89122009277344,258.5042724609375,141.59390258789062
2019-05-17,55.917330247650554,39.417979006795356,30.0,34.693813131313135,175.0833282470703,256.83294677734375,139.62069702148438
2019-05-20,54.089727370275355,37.58994362332362,30.0,31.019570707070706,172.127685546875,255.134765625,138.6524200439453
2019-05-21,57.63838800059681,41.13846008494623,30.0,35.995896464646464,173.92601013183594,257.4349670410156,140.5159454345703
2019-05-22,55.61372232001871,39.11374634813519,30.0,33.11395202020202,173.15126037597656,256.64434814453125,139.3375701904297
2019-05-23,49.565434791954075,33.065442801326235,30.0,27.93560606060606,170.5015869140625,253.508544921875,136.4691162109375
2019-05-24,46.817788564769884,30.31779123456061,30.0,24.97316919191919,170.41554260253906,254.08346557617188,137.74801635742188
2019-05-28,43.15391956915271,26.653920459082947,30.0,18.841540404040405,169.77464294433594,251.720458984375,136.65185546875
2019-05-29,38.739175616137615,22.239175912781025,30.0,12.351641414141412,168.37806701660156,250.0311737060547,135.50990295410156
2019-05-30,38.15095783588816,21.650957934769295,30.0,12.143308080808081,169.08595275878906,250.71412658691406,135.1353759765625
2019-05-31,34.512076535705816,20.2069839760736,30.0,12.773042929292929,166.38851928710938,247.33563232421875,133.24441528320312
2019-06-03,31.719255231312207,18.988854007731103,30.0,14.496527777777775,162.72503662109375,246.70669555664062,133.7103271484375
2019-06-04,41.96532654732993,26.721859472802898,30.0,19.992108585858585,167.30673217773438,252.06187438964844,137.17250061035156
2019-06-05,48.535205555385474,32.454049863876456,30.0,27.99873737373737,168.5502471923828,254.24530029296875,137.1999053955078
2019-06-06,53.41790580733648,39.80472358209047,22.50762816748093,31.9207702020202,169.88941955566406,255.89852905273438,136.8436737060547
2019-06-07,58.47547517897656,48.97530326624526,13.533939557225311,43.28598484848485,173.17030334472656,258.4593505859375,137.8119659423828
2019-06-10,62.14944996433232,56.5015037412639,6.766969778612656,50.714962121212125,175.18861389160156,259.6454162597656,138.62501525878906
2019-06-11,62.32272719026008,58.883892959732364,4.24414224410431,47.96085858585858,175.42774963378906,259.5824279785156,138.2139129638672
2019-06-12,64.44399313537029,62.51962231377527,2.122071122052155,57.03914141414141,174.41378784179688,259.1242370605469,138.36923217773438
2019-06-13,67.48521326434246,66.45470995143457,1.0610355610260775,61.16950757575757,175.4468231201172,260.1934509277344,139.830810546875
2019-06-14,65.79185135143112,64.7930342368663,1.7872254825332377,57.148042929292934,174.7007598876953,259.9058532714844,138.606689453125
2019-06-17,63.32267494996542,61.98987738581272,2.7268868889938918,55.3030303030303,175.7529296875,260.0047607421875,139.56292724609375
2019-06-18,69.14142188828802,68.19722677058823,1.3634434444969459,70.09785353535354,178.30685424804688,262.7272644042969,141.1855010986328
2019-06-19,72.11021659138174,71.5455202539907,0.6817217222484729,72.24431818181819,178.97645568847656,263.3203125,141.689697265625
2019-06-20,73.98568667524172,73.6724722470325,0.34086086112423647,73.26862373737373,180.64080810546875,265.83612060546875,142.3589324951172
2019-06-21,75.31038040689876,75.14348443962291,0.17043043056211823,76.09690656565657,180.3730010986328,265.4497375488281,141.13046264648438
2019-06-24,74.5655441607606,74.1551350533804,0.9675739589679276,73.27335858585859,180.37872314453125,265.1247253417969,139.41619873046875
2019-06-25,68.66027986699086,67.18596819103483,3.647750836807195,65.97222222222223,177.2823486328125,262.5243835449219,138.56365966796875
2019-06-26,67.56113118759806,65.58297812599437,4.054679553504609,68.95833333333333,178.1067352294922,262.2625732421875,138.24276733398438
2019-06-27,72.61400531959123,71.21126304758083,2.0273397767523047,79.86584595959596,178.78738403320312,263.19244384765625,140.8371124267578
2019-06-28,78.1497441974395,77.31048448103144,1.0136698883761524,84.95107323232324,179.01748657226562,264.5468444824219,142.5513916015625
2019-07-01,81.6953271903923,81.22973447205399,0.5068349441880762,90.00789141414141,181.4332275390625,266.9485168457031,143.10142517089844
2019-07-02,83.93055519141024,83.68243787886298,0.2534174720940381,91.36679292929293,182.15225219726562,267.6437683105469,142.2305450439453
2019-07-03,85.43274398636234,85.30357834562935,0.12670873604701904,92.52998737373738,183.52310180664062,269.7835998535156,143.2480926513672
2019-07-05,86.69744664865277,86.63116150013315,0.06335436802350952,94.82165404040404,183.14926147460938,269.4766845703125,143.63316345214844
2019-07-08,84.43942666066204,84.4049932640549,0.03365003754710502,94.81534090909092,181.86460876464844,267.995849609375,142.26724243164062
2019-07-09,83.80388296096143,83.59851897465319,0.5287805111977912,93.18339646464648,182.77536010742188,268.3298645019531,142.45970153808594
2019-07-10,84.08917310819928,83.76264253987694,0.7038433805988955,93.41540404040404,184.59678649902344,269.61199951171875,142.70729064941406
2019-07-11,83.03511157478697,82.71693496001419,0.5709084327236864,94.12089646464648,184.46258544921875,270.24407958984375,142.01052856445312
2019-07-12,84.48493618149465,84.27421076390438,0.2854542163618432,95.30145202020202,185.52667236328125,271.45391845703125,143.11058044433594
2019-07-15,84.32932216150832,84.20674708264522,0.1427271081809216,95.64867424242425,186.1210174560547,271.544189453125,142.3589324951172
2019-07-16,83.55249290905495,83.27930471848964,0.6336268116662223,93.84943181818181,185.16238403320312,270.6685485839844,142.31304931640625
2019-07-17,79.24163952069571,77.12523218753515,5.523667099014936,85.17676767676767,184.25167846679688,268.8265686035156,141.2955322265625
2019-07-18,79.75563068198275,76.71768313518389,6.361304824760003,88.33017676767676,184.46258544921875,269.8106689453125,141.8271942138672
2019-07-19,77.07584416378873,72.07758365716828,10.869849066420398,82.93244949494951,183.11083984375,268.3118591308594,141.01129150390625
2019-07-22,74.70709956974778,66.87322153962313,16.821248712503134,77.01388888888889,184.56802368164062,268.97100830078125,140.8829803466797
2019-07-23,77.77273689361962,69.5706765131377,15.247548283019249,83.47695707070707,185.7759246826172,270.8941345214844,141.8180389404297
2019-07-24,82.6061479881089,75.76037392837623,11.213874362469227,88.78787878787878,187.0796356201172,272.1671447753906,144.1648406982422
2019-07-25,82.27305101287132,75.68553871169291,11.742511676184112,85.06786616161617,185.30618286132812,270.8670349121094,142.423095703125
2019-07-26,83.98234697062041,77.90085982681607,10.59722648203145,87.9135101010101,187.21388244628906,272.6818542480469,144.10989379882812
2019-07-29,84.25560555586337,78.3578116065932,10.556267912732897,87.23642676767678,186.57159423828125,272.1852722167969,143.1472930908203
2019-07-30,84.5225755893282,78.94887478520006,9.839371330103827,87.45107323232322,185.7663116455078,271.51702880859375,144.696533203125
2019-07-31,79.52230542262589,72.03691653341599,15.347696239546861,73.72790404040404,183.19715881347656,268.5466613769531,143.52316284179688
2019-08-01,70.77286547549637,57.277735845759736,30.0,55.623421717171716,182.28643798828125,266.2081298828125,141.44216918945312
2019-08-02,61.17389061548724,45.67551407224169,30.0,41.11268939393939,179.60227966308594,264.2037353515625,139.87452697753906
2019-08-05,49.89761881297089,33.731493298555705,30.0,26.38888888888889,173.25599670410156,256.2582702636719,135.67596435546875
2019-08-06,50.05046157187155,33.661753067066485,30.0,30.48453282828283,175.6813507080078,259.8517761230469,136.92271423339844
2019-08-07,51.06750215183747,34.60459931690245,30.0,31.71085858585859,176.6304473876953,260.0053405761719,136.8860626220703
2019-08-08,59.19567790902906,42.708043630717384,30.0,44.524936868686865,180.474609375,265.10662841796875,139.837890625
2019-08-09,57.70836857127999,41.21249047850944,30.0,34.44128787878788,178.7777862548828,263.30084228515625,138.07774353027344
2019-08-12,57.868515752980315,41.3698897220568,30.0,30.252525252525256,176.72628784179688,260.0955810546875,136.2901611328125
2019-08-13,60.87390251092913,44.374360500621286,30.0,34.11616161616162,180.59922790527344,264.1405029296875,137.75689697265625
2019-08-14,50.80212825045692,34.30228091368763,30.0,24.4665404040404,175.20205688476562,256.3305358886719,133.90663146972656
2019-08-15,44.77386917675886,28.273920064502427,30.0,18.49431818181818,175.00074768066406,257.0076904296875,133.37498474121094
2019-08-16,46.48342686332384,29.983443825905024,30.0,18.517992424242422,177.80958557128906,260.79986572265625,136.25347900390625
2019-08-19,54.85545216834282,38.35545782253655,30.0,23.04135101010101,180.63755798339844,263.9418640136719,137.62860107421875
2019-08-20,51.605251819703994,35.10525370443523,30.0,20.415088383838384,179.2379608154297,261.9194030761719,136.7301483154297
2019-08-21,56.652235486728415,40.15223611497216,30.0,27.47948232323232,180.8292999267578,264.0502624511719,137.85775756835938
2019-08-22,58.52058394303341,42.020584152447995,30.0,26.242108585858585,180.2445068359375,263.968994140625,137.53689575195312
2019-08-23,48.00471992900134,31.504719998806188,30.0,15.243055555555557,174.5406036376953,257.188232421875,133.31996154785156
2019-08-26,47.501477982777985,31.00147800604626,30.0,17.100694444444443,177.1768798828125,260.03240966796875,134.78668212890625
2019-08-27,46.2795952327405,29.77959524049659,30.0,16.493055555555554,176.80300903320312,259.0121154785156,132.78823852539062
2019-08-28,47.53191560552955,31.03191560811492,30.0,19.935290404040405,177.43565368652344,260.8359375,134.33753967285156
2019-08-29,54.77763566888382,41.38364426358707,21.529067471341456,35.39457070707071,180.14865112304688,264.1676330566406,136.69349670410156
2019-08-30,58.566748139645284,49.3289890977634,13.017532473044465,37.31534090909091,179.7173309326172,264.0502624511719,136.44601440429688
2019-09-03,53.6091296064065,45.93955293072105,12.519064531976776,25.29198232323232,177.9724884033203,262.5062255859375,134.447509765625
2019-09-04,60.66177809357518,55.81009070415096,6.259532265988388,50.98642676767677,180.54168701171875,265.48590087890625,135.5292510986328
2019-09-05,68.19108722769201,65.42627718245274,3.129766132994194,65.52083333333334,183.84902954101562,268.8987121582031,138.0502471923828
2019-09-06,69.0439432485179,67.4749455650744,1.7656209137193246,64.87847222222221,183.6669158935547,269.1064147949219,137.41773986816406
2019-09-09,68.62739824106465,67.27885722767938,2.2514775970111804,61.141098484848484,183.283447265625,269.24188232421875,139.26039123535156
2019-09-10,71.50388391521344,70.64159935129963,1.1257387985055902,67.64520202020202,182.7561492919922,269.17864990234375,141.03883361816406
2019-09-11,75.3725900991437,74.87877646477973,0.5628693992527951,74.27556818181819,184.47216796875,271.0928649902344,143.926513671875
2019-09-12,75.30666339266625,74.6894737635708,1.2343229572021588,71.22632575757575,185.23907470703125,272.0318298339844,143.96316528320312
2019-09-13,76.00908879532402,75.52932332124959,0.7473698119344142,73.85890151515152,184.57760620117188,271.85125732421875,144.21070861816406
2019-09-16,77.3023506887931,77.00541106524699,0.3736849059672071,75.25410353535355,183.75318908691406,271.01153564453125,144.75155639648438
2019-09-17,78.22250991681723,78.05502114287455,0.18684245298360355,79.19349747474749,184.6351318359375,271.69769287109375,144.37570190429688
2019-09-18,77.06844398296897,76.97835994194108,0.09342122649180178,79.87531565656565,184.5584259033203,271.8602600097656,143.48646545410156
2019-09-19,76.06683080858119,76.01967557004839,0.04671061324590089,82.42739898989899,184.86517333984375,271.8421325683594,142.78973388671875
2019-09-20,75.00599101323895,74.98170898796627,0.023355306622950444,85.34406565656566,182.90957641601562,270.5577392578125,142.48724365234375
2019-09-23,75.97347847885663,75.96110266421822,0.011677653311475222,89.23295454545455,182.99024963378906,270.4942321777344,142.3772430419922
2019-09-24,73.7615087574476,73.02661845084991,1.9929955501405863,82.87405303030303,180.5600128173828,268.3717346191406,140.22821044921875
2019-09-25,74.82440895554748,73.99650657887804,1.5898334758278665,87.33428030303031,182.5867919921875,269.9591369628906,141.7645263671875
2019-09-26,72.84179280993844,71.09940651705426,3.9993240927119134,78.97885101010101,181.9143829345703,269.3967590332031,140.18223571777344
2019-09-27,67.50022084150578,62.44471570419536,12.203753744588283,65.21938131313131,179.6570587158203,267.9454650878906,139.0599365234375
2019-09-30,67.97574435181158,61.69409930240395,12.535845464465867,71.94917929292929,181.3668670654297,269.1880187988281,139.2254180908203
2019-10-01,60.818095504470705,49.72657589127533,24.53901253652587,54.97948232323232,179.8876190185547,265.9862365722656,136.49322509765625
2019-10-02,51.299528324140454,36.602355119742,30.0,37.78566919191919,176.79452514648438,261.28759765625,135.46286010742188
2019-10-03,46.57692884848603,30.677871113686535,30.0,36.65719696969697,178.73486328125,263.4283447265625,135.91366577148438
2019-10-04,49.902321871733584,33.60263596013376,30.0,45.28882575757575,181.3668670654297,266.99310302734375,137.2016143798828
2019-10-07,48.04519399959519,31.611965362395253,30.0,41.152146464646464,180.81936645507812,265.8410339355469,136.96238708496094
2019-10-08,42.12680417362233,25.649061294555683,30.0,31.142676767676765,178.11048889160156,261.71392822265625,134.7361297607422
2019-10-09,43.396349996035305,26.903769036346425,30.0,33.94728535353535,179.84912109375,264.1993713378906,135.3524627685547
2019-10-10,47.644834933136075,31.147307946573108,30.0,39.88952020202021,181.24197387695312,265.9862365722656,135.895263671875
2019-10-11,55.90633139009224,39.40715572790458,30.0,59.13983585858586,183.57618713378906,268.7436218261719,138.19515991210938
2019-10-14,57.763447017779,41.26372179704978,30.0,55.33301767676768,183.5570068359375,268.4443359375,137.6891326904297
2019-10-15,63.3219781035927,48.70069137402899,24.876486334510787,68.00978535353536,185.8912353515625,271.10205078125,139.27145385742188
2019-10-16,63.53924968706798,51.29048983347903,20.113629846548324,64.67171717171718,185.4301300048828,270.6666259765625,139.41867065429688
2019-10-17,66.90457280591225,56.63795179257097,16.864639260395368,67.44791666666669,185.92001342773438,271.4647521972656,141.06536865234375
2019-10-18,63.42582759297322,53.917701770416606,16.597960413025966,63.10290404040405,184.13336181640625,270.27667236328125,140.393798828125
2019-10-21,66.60518090723953,58.936321339739976,12.271320799947325,74.62279040404042,185.76634216308594,272.1089172363281,141.70938110351562
2019-10-22,66.30142119278791,60.17196949122365,9.744995942902957,75.78440656565657,184.2870635986328,271.22003173828125,141.8657989501953
2019-10-23,69.94909649567893,66.11936333895862,4.8724979714514784,80.31565656565657,184.64247131347656,272.0091247558594,142.04049682617188
2019-10-24,71.38033856253271,69.21046954885983,2.4362489857257392,80.78440656565657,186.43870544433594,272.4535217285156,141.83815002441406
2019-10-25,74.68667009323481,73.51673477462747,1.2181244928628696,81.71085858585859,187.9276123046875,273.5691833496094,142.592529296875
2019-10-28,76.21390686609512,75.34091231583076,1.317316665623351,79.44444444444446,189.7815704345703,275.1112365722656,143.82525634765625
2019-10-29,79.3526154200115,78.82010918122579,0.6586583328116755,82.53945707070709,188.3118438720703,275.02960205078125,144.29441833496094
2019-10-30,81.6015452073439,81.30328910006654,0.32932916640583776,85.76704545454544,189.2244110107422,275.8731689453125,143.81605529785156
2019-10-31,82.91739217349175,82.75759645722488,0.16466458320291888,88.80366161616162,189.31088256835938,275.1385192871094,143.00648498535156
2019-11-01,85.1308815662481,85.04742782057193,0.08233229160145944,89.5501893939394,191.03030395507812,277.6872863769531,145.44432067871094
2019-11-04,85.29669957932177,84.7018487532287,1.546453393275479,84.73327020202021,192.2117919921875,278.8029479980469,146.226318359375
2019-11-05,85.66948066785474,84.67552782594544,2.170006999668042,85.08049242424244,192.3174591064453,278.49462890625,146.41030883789062
2019-11-06,86.13911140106941,85.1184371797531,1.880063474581495,87.00599747474749,191.8852081298828,278.5580749511719,145.5639190673828
2019-11-07,86.0917829249356,84.85494122341615,2.4453189847654966,84.73327020202021,192.52879333496094,279.53765869140625,145.95030212402344
2019-11-08,86.25193269215026,84.75259943147381,2.964689164099924,83.97569444444444,193.29722595214844,280.2270812988281,146.3459014892578
2019-11-11,86.00986140243393,84.28079341323458,3.3526097335651177,83.5653409090909,193.0379180908203,279.69189453125,146.06991577148438
2019-11-12,85.67222652808404,83.99294416386398,3.0079810031462006,85.28882575757575,193.59503173828125,280.2815246582031,146.11593627929688
2019-11-13,84.67588527367111,82.65700071140984,3.9794284750579534,83.69791666666666,193.64308166503906,280.3721618652344,145.4903564453125
2019-11-14,84.76633044475906,82.18632584478172,5.201026579700693,84.03882575757576,193.48936462402344,280.78033447265625,145.44432067871094
2019-11-15,85.86794348158635,82.89882145031544,5.752146812577622,84.50757575757576,194.9110107421875,282.8122253417969,146.19871520996094
2019-11-18,86.36347274302037,83.7473735530686,4.435614125985784,84.64646464646465,195.0647430419922,283.0207214355469,145.8306884765625
2019-11-19,85.35933098168019,82.33729643970997,5.863640396326231,81.48200757575758,195.35292053222656,282.93914794921875,146.37350463867188
2019-11-20,84.12529046190687,79.91259186599773,8.741873859779282,78.98200757575758,194.1809844970703,281.886962890625,145.82150268554688
2019-11-21,81.7130176960565,76.07083596571984,11.558042359182574,75.64236111111111,193.74874877929688,281.4335021972656,145.1039581298828
2019-11-22,80.33304293572255,74.28364507920463,11.369101672015528,77.81881313131314,193.8735809326172,282.0592346191406,145.55474853515625
2019-11-25,84.42911195500515,79.78089316157413,7.177507748886553,84.77272727272728,196.1693572998047,284.245361328125,148.64581298828125
2019-11-26,87.1246871499849,83.92610730052684,4.49774614085742,86.64141414141415,196.5440673828125,284.88934326171875,148.74697875976562
2019-11-27,88.13478628905222,86.04598103979788,2.788941725731742,87.8219696969697,197.9176483154297,286.1592102050781,149.79571533203125
2019-11-29,88.3118479549366,86.74981753694915,2.3611690951891067,86.45675505050505,197.0147247314453,285.09796142578125,148.82057189941406
2019-12-02,84.05302339238628,81.4176079467169,5.767469017291526,78.82575757575758,194.9974822998047,282.67608642578125,147.36705017089844
2019-12-03,77.83968624864055,71.283981108951,15.483363612181119,66.07481060606061,193.47015380859375,280.78033447265625,146.8978729248047
2019-12-04,77.74677252059061,69.93591994373868,15.34259326442389,72.49053030303031,194.44996643066406,282.5128173828125,147.90982055664062
2019-12-05,77.73532989743593,70.79311512287795,11.832537951656391,76.74400252525253,194.834228515625,283.0207214355469,148.05702209472656
2019-12-06,83.40390626210828,78.92053604611861,5.916268975828196,88.40119949494951,196.91864013671875,285.60589599609375,149.7865447998047
2019-12-09,85.71165562272296,83.13254957182458,2.958134487914098,88.60321969696972,196.0253448486328,284.7079772949219,149.50132751464844
2019-12-10,85.57130944999857,83.79149776534078,2.50939000279544,85.30618686868686,195.8619842529297,284.3904113769531,149.5933380126953
2019-12-11,86.37940954730593,85.17037668662971,1.6793517248825731,87.24431818181819,196.89944458007812,285.19775390625,149.54736328125
2019-12-12,88.3247021723343,87.61381006921376,0.8396758624412866,89.36710858585859,198.36911010742188,287.6559143066406,150.83526611328125
2019-12-13,89.06951351872422,88.6786089095698,0.4198379312206433,91.29892676767676,199.0223388671875,287.8281555175781,150.25572204589844
2019-12-16,89.69265770489463,89.48014137880455,0.22422215374163212,91.25315656565657,201.02032470703125,289.8054504394531,151.3147430419922
2019-12-17,89.84620576695143,89.62756110136506,0.4031069733354569,90.36773989898991,201.13560485839844,289.869140625,152.0718994140625
2019-12-18,90.33110057551579,90.0485015497459,0.5719567379303494,90.11363636363637,201.28929138183594,289.88726806640625,152.3673858642578
2019-12-19,91.01604867668709,90.81699026614324,0.2859783689651747,92.59469696969697,202.5476531982422,291.0754699707031,153.02288818359375
2019-12-20,91.7871256531718,91.66834348201355,0.14298918448258735,93.89046717171718,203.36412048339844,292.3515625,153.24449157714844
2019-12-23,92.53619676654549,92.47038802567093,0.07149459224129368,95.44665404040404,203.9013214111328,292.79827880859375,153.5491943359375
2019-12-24,92.90162787841079,92.86658428954169,0.03574729612064684,95.67234848484847,204.00723266601562,292.80731201171875,153.90005493164062
2019-12-26,93.99018909078342,93.97195422353826,0.01787364806032342,96.86395202020202,205.80735778808594,294.3660888671875,153.90005493164062
2019-12-27,93.72943171712984,93.44030952081113,0.7719379288281374,94.4223484848485,205.63404846191406,294.2931213378906,153.14295959472656
2019-12-30,91.16406141412747,90.48725480479163,1.5829978469898212,93.03345959595961,204.286376953125,292.67059326171875,152.75514221191406
2019-12-31,91.48318040403576,90.5284513386979,1.9885278060706675,93.0334595959596,204.67141723632812,293.38153076171875,152.967529296875
2020-01-02,92.76901468013314,91.93375597029645,1.410042785611095,95.53345959595958,208.08885192871094,296.1252746582031,153.06906127929688
2020-01-03,90.64017661054943,89.53177928916776,2.263575685734838,91.87657828282829,206.1828155517578,293.88299560546875,152.46893310546875
2020-01-06,90.32008412270841,88.94697929958535,2.7371974072613545,92.1606691919192,207.5113067626953,295.004150390625,152.67202758789062
2020-01-07,89.51599605437083,86.99469830162818,5.627989486458955,88.56218434343435,207.48239135742188,294.1747131347656,152.1642303466797
2020-01-08,89.83963336492496,86.6237250461229,6.478570185148664,90.29198232323233,209.04193115234375,295.74249267578125,152.63511657714844
2020-01-09,91.20689799032854,88.25365046354318,5.130758419594531,93.24179292929293,210.81317138671875,297.7478942871094,152.81973266601562
2020-01-10,91.17359562640583,87.46504826369986,7.429449601211409,89.08143939393939,210.2741241455078,296.8909606933594,152.24729919433594
2020-01-13,93.38892581486255,90.22300543605328,5.262921612474399,93.16603535353535,212.69998168945312,298.932861328125,153.23529052734375
2020-01-14,94.23098873963431,91.56248399135538,4.399630787297814,92.11963383838383,211.8625030517578,298.4770202636719,153.79849243164062
2020-01-15,93.75633126337979,91.2672257839674,4.362556081780217,91.48832070707071,211.9491424560547,299.151611328125,154.53713989257812
2020-01-16,95.01141176792795,93.03305816674191,3.1326866583143476,94.67645202020202,213.98031616210938,301.6400146484375,156.5315399169922
2020-01-17,95.60632917516793,94.08808304806308,2.3421679819349506,94.38131313131314,215.039306640625,302.57891845703125,156.10684204101562
2020-01-21,93.12904575199202,90.6853197184912,5.284483612179595,87.93087121212122,214.9430389404297,301.9863586425781,154.81417846679688
2020-01-22,90.9468031294519,87.53037627549648,7.095958662150403,85.58712121212122,215.51095581054688,302.02276611328125,154.7126007080078
2020-01-23,91.06652696907656,86.8248536056231,8.462357487640858,85.71496212121212,216.2041015625,302.369140625,154.61105346679688
2020-01-24,85.29385074053394,78.18916832766715,15.520339886497194,76.99021464646465,214.38467407226562,299.6801452636719,152.7090301513672
2020-01-27,78.9914266778211,66.66227983415583,27.166143743753643,61.25789141414141,209.9564666748047,294.8765563964844,150.97312927246094
2020-01-28,77.7291287579269,62.619413143371816,30.0,67.01546717171718,213.1813507080078,297.966552734375,152.2288818359375
2020-01-29,76.14253786880393,60.105965997285566,30.0,62.20170454545455,213.52793884277344,297.7204895019531,151.36090087890625
2020-01-30,76.65597221889425,60.31044826172146,30.0,64.60858585858585,214.28843688964844,298.6866149902344,151.36090087890625
2020-01-31,69.53986787761802,53.09135989189376,30.0,41.74242424242424,210.89022827148438,293.26312255859375,148.2216033935547
2020-02-03,69.21333826661416,52.73050227137275,30.0,43.62847222222222,214.07659912109375,295.441650390625,149.87435913085938
2020-02-04,78.1547827892081,61.66050412412761,30.0,68.06186868686869,218.9765625,299.9446105957031,152.13653564453125
2020-02-05,85.85369864017375,71.06163571475827,25.34719101015085,84.1003787878788,219.69859313964844,303.4083557128906,154.4817657470703
2020-02-06,87.49029011911517,76.44668863933789,16.67158319446937,83.79892676767676,221.5950164794922,304.4292907714844,154.1309051513672
2020-02-07,85.97609838987341,76.68346412577641,15.303910284103367,74.68434343434345,220.6419219970703,302.8068542480469,152.23806762695312
2020-02-10,86.72608161817331,79.09701702666646,12.358690464021384,79.61489898989898,223.3085174560547,305.0673522949219,153.0967559814453
2020-02-11,88.2118925259231,82.2243639705354,9.394110067869283,84.38920454545453,223.3470001220703,305.595947265625,154.15858459472656
2020-02-12,88.87328235712589,84.08585005538728,7.6134257725710075,85.34406565656565,225.5226593017578,307.56488037109375,155.22039794921875
2020-02-13,88.93810590355375,84.82146424235472,6.874993347144094,84.85795454545453,225.23385620117188,307.2367248535156,155.62667846679688
2020-02-14,88.5172895099388,84.5064411365442,7.196275871804369,82.3532196969697,225.87884521484375,307.72894287109375,155.02651977539062
2020-02-18,84.87411333832978,80.97345282949708,6.991939230094105,77.07070707070707,225.96548461914062,306.93597412109375,154.69410705566406
2020-02-19,85.77125326765875,82.72838474845653,4.752677317067256,81.69349747474747,228.13150024414062,308.4034423828125,155.4881591796875
2020-02-20,85.85367533164386,83.79228040044745,2.855742067624536,84.18087121212122,226.01361083984375,307.136474609375,155.86672973632812
2020-02-21,80.03270659202944,76.32979856691799,8.224844676489024,73.6963383838384,221.6720428466797,303.9735107421875,154.2878875732422
2020-02-24,66.01419951840224,53.77989684336508,30.0,30.501893939393934,213.12356567382812,293.8920593261719,149.6435089111328
2020-02-25,55.38888760530738,40.31078671362833,30.0,24.61805555555555,207.32838439941406,284.986572265625,144.32518005371094
2020-02-26,49.61593284920478,33.5898992186451,30.0,22.419507575757578,208.3968963623047,283.9382629394531,142.6539306640625
2020-02-27,38.15370240958907,21.81169119940251,30.0,13.20864898989899,197.96168518066406,271.1861877441406,137.63104248046875
2020-02-28,33.066390168028896,16.84729383870745,30.0,13.000315656565654,198.11572265625,270.046630859375,135.1103973388672
2020-03-02,36.33480834472778,19.92844290162063,30.0,14.597537878787879,208.3391571044922,281.741455078125,139.4499969482422
2020-03-03,33.94482354908338,17.65844247545507,30.0,12.190656565656564,201.65829467773438,273.6745910644531,136.60614013671875
2020-03-04,42.18840019784119,25.75960650663174,30.0,19.09722222222222,210.0719757080078,285.17791748046875,140.49339294433594
2020-03-05,38.33044552836941,22.864829112781074,30.0,11.988636363636363,203.68948364257812,275.6980895996094,136.02450561523438
2020-03-06,33.93418711695974,20.575277941393256,30.0,10.252525252525253,200.25279235839844,271.1405334472656,133.32833862304688
2020-03-09,24.342378505568288,14.507927298897979,30.0,5.265151515151515,186.34237670898438,249.96592712402344,120.36488342285156
2020-03-10,22.922926266154924,14.611442530598154,30.0,3.3207070707070705,196.48886108398438,262.9004821777344,124.12274932861328
2020-03-11,18.022328780554737,12.003686053887666,30.0,2.9734848484848486,187.93072509765625,250.08444213867188,116.22834014892578
2020-03-12,14.167459761868415,10.007541815942353,30.0,1.25,170.69911193847656,226.15707397460938,103.38487243652344
2020-03-13,12.87589878203566,9.498518725986234,30.0,1.0416666666666665,185.15823364257812,245.49050903320312,110.309814453125
2020-03-16,11.602740671452965,8.669539912029082,30.0,1.0416666666666665,162.9785919189453,218.62796020507812,95.67510986328125
2020-03-17,10.149650930888363,8.277472899969291,30.0,1.0416666666666665,175.3391571044922,230.43209838867188,100.0608901977539
2020-03-18,8.674546943292755,7.683820932986398,30.0,0.0,170.00596618652344,218.76463317871094,92.3049545288086
2020-03-19,8.21348534473395,7.577687785742942,30.0,0.0,171.02639770507812,219.22952270507812,95.9059066772461
2020-03-20,7.249192084608287,6.7317040093890625,30.0,0.0,164.32627868652344,209.781982421875,93.62528991699219
2020-03-23,6.7442593143980485,6.266207733769418,30.0,0.0,164.44496154785156,204.41824340820312,92.24032592773438
2020-03-24,8.237564552610799,8.078214025734589,23.003718603143334,0.20833333333333334,177.17918395996094,222.9392547607422,100.6795425415039
2020-03-25,11.387689867705284,11.334573025413214,18.138538594500957,0.4166666666666667,175.86715698242188,226.27664184570312,101.93083190917969
2020-03-26,14.08673387793006,14.069028263832703,13.747891456341389,4.125631313131313,185.12840270996094,239.48883056640625,108.27081298828125
2020-03-27,13.946419710151769,13.940517838785983,12.906931839281803,0.4166666666666667,178.76132202148438,232.35552978515625,104.33148956298828
2020-03-30,14.926694189380651,14.924726898925389,10.199421569893428,7.110164141414142,185.26341247558594,239.90142822265625,106.63020324707031
2020-03-31,13.90401590824473,13.903360144759642,9.319151283684088,5.595012626262626,183.68130493164062,236.3256072998047,106.09262084960938
2020-04-01,8.316490151233094,8.31627156340473,8.232413394367295,0.5555555555555556,175.8767852783203,225.6898193359375,98.86279296875
2020-04-02,7.688198737279718,7.688125874670263,5.5899282880927395,5.536616161616161,179.4462127685547,230.89772033691406,99.7989730834961
2020-04-03,5.92973627942994,5.929711991893455,3.568815943288794,4.633838383838384,176.89935302734375,227.56027221679688,96.97193908691406
2020-04-06,12.432626124094929,12.432618028249435,1.784407971644397,23.003472222222225,189.5467987060547,242.84466552734375,104.3963851928711
2020-04-07,16.689577787059992,16.362433626976685,0.8922039858221985,28.41382575757576,189.4696044921875,243.09222412109375,104.66519165039062
2020-04-08,19.250611534023843,18.78702052770645,0.966935326244433,26.747159090909093,193.49246215820312,251.25244140625,109.43870544433594
2020-04-09,26.099943055342017,25.76814124342474,0.4834676631222165,46.152146464646464,193.77218627929688,255.0758819580078,114.67567443847656
2020-04-13,29.535267708420328,29.33603136620883,0.24173383156110825,50.913825757575765,195.8656005859375,252.74703979492188,111.57054901123047
2020-04-14,31.862081907951108,31.751351924761074,0.12086691578055413,52.73674242424242,204.38404846191406,260.20111083984375,113.8321762084961
2020-04-15,31.72087625199849,31.66180732304204,0.06043345789027706,53.33806818181818,202.03981018066406,254.67236328125,109.18844604492188
2020-04-16,30.73471478428146,30.703945674016094,0.03021672894513853,53.557449494949495,205.72500610351562,255.90098571777344,108.36349487304688
2020-04-17,33.190200224959874,33.174404121231476,0.015108364472569266,58.65530303030303,207.69300842285156,262.8143310546875,113.13701629638672
2020-04-20,32.47772871995029,32.28071055698011,0.5229621683473963,57.005997474747474,205.2330322265625,258.1841125488281,111.80227661132812
2020-04-21,26.269634117559516,25.418704212002062,2.1416105033656163,52.63888888888889,197.6599884033203,250.3447723388672,109.13282775878906
2020-04-22,29.225460918823607,28.274666455242986,1.8195031683494733,56.2594696969697,203.5254669189453,255.90098571777344,110.4582748413086
2020-04-23,30.72021175209244,30.06970468336816,0.9097515841747367,58.66635101010102,203.09132385253906,255.88267517089844,111.54275512695312
2020-04-24,32.62445706927731,32.240833589270515,0.45487579208736834,62.125946969696976,206.29415893554688,259.4494323730469,113.4614486694336
2020-04-27,38.2950705995886,38.08380221103698,0.22743789604368417,68.94886363636364,207.9534912109375,263.1902160644531,117.95687103271484
2020-04-28,41.293489174756125,41.181369430964246,0.11371894802184208,73.95359848484848,204.0367431640625,261.97998046875,119.67162322998047
2020-04-29,44.93234474634097,44.87412302460635,0.05685947401092104,79.88320707070707,211.27210998535156,268.8382263183594,125.55744171142578
2020-04-30,45.708218552484055,45.67838707500383,0.02842973700546052,80.77493686868686,211.18528747558594,266.3351745605469,120.7839126586914
2020-05-01,41.18665843776317,40.83476927589284,0.9325781892098022,77.83617424242424,205.2330322265625,259.2842712402344,115.99186706542969
2020-05-04,40.56066945799091,40.257932810086416,0.5057461653119729,80.64867424242424,207.62548828125,259.9995422363281,116.49237823486328
2020-05-05,42.050285376075905,41.85665302980054,0.25287308265598646,83.42013888888889,209.97935485839844,262.40167236328125,117.39147186279297
2020-05-06,39.963253744704474,39.316144413662784,1.5888142244087977,78.74053030303031,211.27210998535156,260.6230163574219,116.52945709228516
2020-05-07,42.331133335923845,41.82414761776834,0.7944071122043989,84.74589646464646,213.9925994873047,263.7679138183594,118.12371063232422
2020-05-08,49.296332309600785,48.981695766311475,0.39720355610219943,92.50315656565658,216.9253387451172,268.1322326660156,122.68405151367188
2020-05-11,48.88840966895955,47.88877006507771,2.440256607596558,85.32986111111111,218.8643798828125,268.1872253417969,122.07230377197266
2020-05-12,44.27187300306291,42.01106385657995,5.257079850515459,79.5849116161616,214.28196716308594,262.8418273925781,117.6880874633789
2020-05-13,37.851438133594755,31.172014542728157,16.161328751015315,64.54071969696969,211.60011291503906,258.1932373046875,113.74876403808594
2020-05-14,39.05904420788898,31.327522543154714,15.013764912123825,75.54608585858585,214.00222778320312,261.28314208984375,114.11952209472656
2020-05-15,39.63378399348084,32.5442847440319,12.306341894193222,77.49053030303031,215.39144897460938,262.4842224121094,115.93624877929688
2020-05-18,49.397841388376136,44.778512291291065,6.153170947096611,94.56281565656568,219.40463256835938,270.47943115234375,122.98062896728516
2020-05-19,51.77813440301959,48.52433919702352,4.674596837184673,89.4491792929293,218.85472106933594,267.70123291015625,120.55218505859375
2020-05-20,55.237488056427054,53.295880234277845,2.3372984185923364,95.08364898989902,223.22486877441406,272.2489318847656,124.20419311523438
2020-05-21,56.05644955603634,54.83697053718912,1.560753849447691,93.82891414141415,220.79379272460938,270.369384765625,124.42666625976562
2020-05-22,57.74808839800839,56.965938956827245,1.0245175497238455,94.30239898989902,221.55593872070312,270.88275146484375,125.02909088134766
2020-05-26,59.586671228383814,59.13812653054073,0.5122587748619227,96.50094696969697,220.9578399658203,274.22027587890625,128.63470458984375
2020-05-27,62.806283166104706,62.562854158099,0.25612938743096136,97.0501893939394,222.16372680664062,278.3003845214844,132.62965393066406
2020-05-28,64.82803148342373,64.69993142639281,0.12806469371548068,98.77367424242425,221.8743133544922,277.7868957519531,129.48744201660156
2020-05-29,67.12840069744445,66.87323922301222,0.5794403329688476,97.1243686868687,225.12533569335938,279.0247497558594,128.7459716796875
2020-06-01,67.83674637335528,67.64546182083357,0.2897201664844238,99.39236111111111,225.80067443847656,280.1524963378906,129.97874450683594
2020-06-02,71.2840150002969,71.16713811893419,0.1448600832422119,99.53125,227.31529235839844,282.47216796875,131.0539093017578
2020-06-03,74.2954678620085,74.18220816407096,0.20263837495443632,99.11458333333334,228.33787536621094,286.23138427734375,134.21469116210938
2020-06-04,76.57706495771367,76.40468595123357,0.3671612013661066,98.68055555555556,226.73648071289062,285.47955322265625,134.02000427246094
2020-06-05,81.2311144225715,81.00886646173507,0.44942261457194166,98.68055555555556,231.23202514648438,292.7962646484375,139.20132446289062
2020-06-08,85.55413011178382,85.37974966633348,0.27353943228597083,99.375,233.0263671875,296.3354187011719,141.89865112304688
2020-06-09,86.28849190062296,86.16231254372042,0.18559784114298541,99.375,234.71466064453125,294.125732421875,139.27554321289062
2020-06-10,85.57913832637348,85.49310579995567,0.11992565668260431,99.44444444444444,237.5316162109375,292.4844665527344,135.4937744140625
2020-06-11,71.92145986118351,66.63027225513392,14.352300265209987,76.28472222222223,225.76214599609375,275.623046875,125.15885925292969
2020-06-12,69.56296188867364,62.051115658868625,15.676682803059542,84.72695707070707,227.55645751953125,278.9238586425781,128.16204833984375
2020-06-15,70.9844214144722,63.99327758323554,12.237804785368153,92.42266414141415,230.3251495361328,281.52783203125,131.1251220703125
2020-06-16,74.31670133987684,69.10506337529527,7.857972784098211,96.74873737373738,234.28050231933594,286.946533203125,134.27792358398438
2020-06-17,73.95248221403114,69.31232929412297,7.9171098137662765,92.9419191919192,235.02334594726562,285.7546081542969,131.85055541992188
2020-06-18,77.04611436685083,72.08377005500579,9.315345468751818,90.53503787878789,235.66006469726562,285.86468505859375,131.80404663085938
2020-06-19,76.31712030788019,69.411897930494,14.321202563921362,83.64425505050505,235.62142944335938,284.2309265136719,131.1251220703125
2020-06-22,76.61038374014709,68.30436373920685,16.375306932213206,84.70959595959596,238.44720458984375,286.05426025390625,132.43643188476562
2020-06-23,77.17587709262624,68.53161942094411,16.024320921914683,86.91445707070707,240.47662353515625,287.3712158203125,132.99444580078125
2020-06-24,70.92990908431725,58.88547344372032,24.99004477282603,72.32323232323232,235.51902770996094,280.0408020019531,128.67910766601562
2020-06-25,68.07500056210405,54.770744999016614,25.33484640787766,67.36426767676768,237.76100158691406,283.04290771484375,130.62289428710938
2020-06-26,60.60168467628408,45.166932821921606,30.0,52.525252525252526,232.1463165283203,276.3203125,127.10735321044922
2020-06-29,64.10417281721006,47.95925553242256,30.0,69.29924242424242,234.67820739746094,280.3814392089844,131.2646026611328
2020-06-30,68.52882392890811,52.147184833978955,30.0,72.64835858585859,239.27825927734375,283.9730224609375,133.16184997558594
2020-07-01,71.70941623309986,55.24886986812348,30.0,72.59943181818183,242.07110595703125,285.9622497558594,131.89700317382812
2020-07-02,71.59260738714434,55.10575859881887,30.0,68.89046717171718,243.71400451660156,287.53704833984375,132.43643188476562
2020-07-06,75.95891585592238,62.19275643736715,22.556026788491145,81.1221590909091,249.70567321777344,291.975830078125,133.3943634033203
2020-07-07,72.43670719066274,57.51371407047652,28.184381765457694,65.0268308080808,247.9854278564453,288.9644470214844,131.0321044921875
2020-07-08,72.3029562002457,56.34642050549786,29.95146724005209,67.80460858585857,251.2518310546875,291.1745910644531,132.0086212158203
2020-07-09,68.0338648409575,52.15374945795793,28.803464049318972,62.411616161616166,253.3682403564453,289.5169677734375,129.33946228027344
2020-07-10,70.67616163160368,57.51209399767313,21.46553410799282,74.14457070707071,255.09808349609375,292.47308349609375,131.4226837158203
2020-07-13,72.78823634111743,62.83997438361966,15.16428930778429,82.56786616161617,249.8506317138672,289.9406433105469,129.7579803466797
2020-07-14,77.94930574422207,70.83222921631423,10.366334205659822,87.83933080808082,251.6190643310547,293.6980285644531,131.90635681152344
2020-07-15,82.0646954116146,77.58242356182993,5.7543082013147595,91.11426767676768,252.13128662109375,296.39617919921875,136.7424774169922
2020-07-16,82.80906397381635,80.01479115920263,3.545951449142233,88.97411616161615,250.41110229492188,295.4200439453125,135.93338012695312
2020-07-17,82.70688505747374,80.61285521933384,3.1707424543690967,86.64141414141415,250.70098876953125,296.27655029296875,136.33328247070312
2020-07-20,82.65364619602886,80.73323826992196,3.33381267289162,85.51925505050505,257.8135681152344,298.6708679199219,135.74732971191406
2020-07-21,84.72263901239984,83.47130404700073,1.66690633644581,91.28787878787878,255.12704467773438,299.30633544921875,137.67254638671875
2020-07-22,85.90153414189732,85.1788229917492,0.833453168222905,91.8481691919192,256.0257263183594,301.0099792480469,137.7469024658203
2020-07-23,85.20131977707888,84.78374478507754,0.48183075077812215,91.63983585858585,249.33836364746094,297.41839599609375,137.88641357421875
2020-07-24,83.06337774232784,82.56006195688845,0.9930657857425949,89.44128787878789,246.9707489013672,295.5029296875,135.85894775390625
2020-07-27,82.84853059313862,82.3925406432912,0.7860491491844289,90.92171717171718,251.3774871826172,297.6578674316406,137.2725830078125
2020-07-28,80.35983009324922,79.73946951363477,1.2773561718144377,89.01830808080808,248.17872619628906,295.7699890136719,135.90545654296875
2020-07-29,82.5302925872404,82.08932376253628,0.6386780859072189,93.27651515151516,251.039306640625,299.40765380859375,138.90013122558594
2020-07-30,82.34638156770325,81.30502956501519,2.439170166690984,87.73358585858585,252.35353088378906,298.33935546875,138.35145568847656
2020-07-31,82.40825267591485,80.89925507038474,3.1687643762747912,87.0391414141414,256.85699462890625,300.6968688964844,137.0493927001953
2020-08-03,83.61765257492408,82.11415305224516,2.728637238642447,89.61489898989899,260.32635498046875,302.787353515625,139.281494140625
2020-08-04,85.99421403992662,84.78663417750474,1.926581876896985,91.47727272727272,261.2926330566406,303.9569091796875,140.23936462402344
2020-08-05,87.2722712675144,86.39989300399822,1.2814135710242538,92.25852272727272,261.9400329589844,305.8448181152344,143.0294952392578
2020-08-06,88.26559016917555,87.66029983405646,0.8577206744010197,92.5820707070707,265.4095764160156,307.8891906738281,142.97369384765625
2020-08-07,89.16139017599674,88.73076335731687,0.6241728372005099,92.65151515151516,262.34600830078125,308.1103210449219,145.24293518066406
2020-08-10,89.83551293962117,89.57753897990779,0.31208641860025493,93.86047979797979,261.22491455078125,309.0311279296875,146.7496337890625
2020-08-11,88.15853587385045,87.69125463646188,1.03988159313851,91.03219696969697,256.2770690917969,306.4802551269531,145.90328979492188
2020-08-12,90.0586012780212,89.71219590681628,0.519940796569255,94.20770202020202,262.7228698730469,310.7532653808594,146.49847412109375
2020-08-13,89.82048667675593,89.46718995327956,0.6486225447492727,92.96401515151516,263.3220520019531,310.1914978027344,146.1916046142578
2020-08-14,90.33743299693181,90.06964796516156,0.40914397439483524,93.93623737373738,263.0127258300781,310.20068359375,146.0985565185547
2020-08-17,90.32909557935228,90.16482417345648,0.20457198719741762,95.20359848484848,266.0665588378906,311.1861877441406,146.85189819335938
2020-08-18,88.70426137476969,88.36605030107748,0.7730561956189121,93.05713383838383,268.6275329589844,311.8583679199219,145.44752502441406
2020-08-19,85.98554294457577,85.38602686748155,1.3275792341730934,92.22537878787878,266.8204040527344,310.5599060058594,145.45681762695312
2020-08-20,83.6410025156929,81.30812585956312,5.817376264813817,85.64709595959596,270.5216064453125,311.5267639160156,144.86163330078125
2020-08-21,81.98956095940045,77.038320071308,11.38258728013418,80.36931818181819,272.396484375,312.6319580078125,143.79212951660156
2020-08-24,84.41568409588602,79.25756436099726,9.566471196885269,88.33175505050505,274.09735107421875,315.7998962402344,145.29881286621094
2020-08-25,85.49004673672306,81.35872582094228,6.578039102230511,90.24621212121212,276.2522888183594,316.905029296875,145.45681762695312
2020-08-26,84.74541487213438,80.34900217822445,8.234470150862725,86.7929292929293,282.1473083496094,320.08209228515625,144.54544067382812
2020-08-27,85.68868538957821,81.37549016070932,7.766520902451557,88.24494949494951,281.26788330078125,320.7819519042969,144.8988494873047
2020-08-28,88.11064993592069,84.92371603908902,4.770551328751034,93.15025252525253,282.69818115234375,322.85406494140625,146.12649536132812
2020-08-31,86.47075840240241,82.8924976468912,6.861680336092688,88.04135101010101,284.9692687988281,321.68450927734375,144.5547332763672
2020-09-01,86.15769717189862,82.39114131214826,7.019460748854419,88.38857323232324,289.8398132324219,324.71429443359375,146.21017456054688
2020-09-02,87.84652339034665,84.52231109841766,5.641891832760544,90.3030303030303,292.5843505859375,329.4110107421875,147.37271118164062
2020-09-03,79.24370963827188,74.15876454986352,10.84602088481461,77.58522727272728,277.7502136230469,318.07464599609375,143.0202178955078
2020-09-04,74.4857908801535,67.78569812133841,13.650302898215381,74.62279040404042,274.0489501953125,315.4775695800781,142.10879516601562
2020-09-08,64.89878201395463,51.66541776101627,30.0,48.68529040404041,260.8770751953125,306.8577880859375,139.37445068359375
2020-09-09,67.61259687191375,52.20147545426763,30.0,62.23484848484849,268.54052734375,312.9173889160156,141.4856719970703
2020-09-10,64.7916578251264,48.654617352577695,30.0,49.524936868686865,263.18682861328125,307.48406982421875,139.6441650390625
2020-09-11,62.49570082689611,46.11668733604654,30.0,44.60069444444444,261.36029052734375,307.6405944824219,138.71417236328125
2020-09-14,71.40455209986177,54.944880936245255,30.0,69.90214646464646,265.9119873046875,311.6926574707031,142.36917114257812
2020-09-15,76.46815971367153,59.981602659132676,30.0,68.45012626262627,269.6808776855469,313.2673034667969,142.6388702392578
2020-09-16,78.04853375687672,61.5530147386971,30.0,68.98200757575758,265.3804931640625,312.0241394042969,143.98744201660156
2020-09-17,75.5010639109086,59.00255757151538,30.0,58.25126262626263,261.23468017578125,309.2797546386719,142.9364776611328
2020-09-18,70.33492049471872,53.835418381587644,30.0,47.47790404040404,257.9006042480469,305.7191467285156,142.56448364257812
2020-09-21,60.48443760286932,43.98460356515896,30.0,31.46306818181818,258.51910400390625,302.31671142578125,137.5701904296875
2020-09-22,58.47601711060034,41.97607243136355,30.0,33.74842171717172,263.3220520019531,305.3955383300781,138.6304473876953
2020-09-23,52.418510958072176,35.918529398326584,30.0,22.866161616161612,255.28167724609375,298.3131103515625,134.5003204345703
2020-09-24,50.25860331310861,33.758609459860075,30.0,21.755050505050505,256.4703369140625,299.10833740234375,134.5003204345703
2020-09-25,53.115072359021454,36.61507440793861,30.0,25.115214646464647,262.4329833984375,303.9439392089844,136.68484497070312
2020-09-28,62.41781362264513,45.91781430561751,30.0,40.41824494949495,267.8834228515625,308.9922180175781,140.0550537109375
2020-09-29,61.94505262374648,45.445052851403936,30.0,31.39362373737374,266.67547607421875,307.30938720703125,139.42022705078125
2020-09-30,64.99562447032024,48.495624546206045,30.0,40.939078282828284,268.50189208984375,309.6394958496094,139.8403778076172
2020-10-01,66.77732564222067,50.27732566751594,30.0,44.28977272727273,272.76373291015625,311.6274719238281,142.07159423828125
2020-10-02,66.90320653527715,50.403206543708905,30.0,44.04671717171717,265.0905456542969,308.66864013671875,142.6970977783203
2020-10-05,72.69705218239842,60.6173055929258,17.94476343349965,62.3342803030303,270.743896484375,314.14227294921875,146.6367950439453
2020-10-06,70.68455129270654,61.35619620516667,14.459380611951843,52.34375,265.9119873046875,309.67645263671875,146.21669006347656
2020-10-07,76.96144474549034,71.20110660411922,7.229690305975922,71.45359848484848,270.5120849609375,315.06689453125,149.4095001220703
2020-10-08,80.40653489994577,77.16097896339315,3.614845152987961,74.68118686868688,271.9519958496094,317.8591613769531,151.10861206054688
2020-10-09,82.614182529879,80.86960893964701,1.8074225764939804,76.12215909090911,276.10736083984375,320.6977844238281,151.89280700683594
2020-10-12,83.35890767450036,82.41618292901023,0.9850914965803295,75.86174242424242,284.630859375,325.8569641113281,152.9104461669922
2020-10-13,82.72386212260781,82.00621950714545,1.100184637179062,74.17771464646464,284.6213684082031,323.7304382324219,151.89280700683594
2020-10-14,81.72556351790043,81.02350874963383,1.2622924448521653,73.84311868686868,282.2440185546875,321.6962890625,150.38975524902344
2020-10-15,80.84532954975812,80.23865113942784,1.0163458752038683,74.8895202020202,280.34991455078125,321.2986755371094,151.9394989013672
2020-10-16,80.80890124434507,80.42034503044759,0.5081729376019342,78.47695707070707,278.8133850097656,321.10455322265625,151.56607055664062
2020-10-19,76.87760210951149,76.52977365705938,0.5953901304171262,77.38478535353536,274.2615661621094,316.2226257324219,149.75497436523438
2020-10-20,78.27247229659015,78.04737462186297,0.2976950652085631,84.62910353535355,274.8511047363281,317.4893493652344,150.08172607421875
2020-10-21,77.61946731592333,77.16759170405936,1.027753782604286,81.81660353535354,274.6384582519531,316.88836669921875,148.79336547851562
2020-10-22,81.72549508346265,81.3864483526972,0.513876891302143,88.9614898989899,274.6288146972656,318.6265869140625,151.36068725585938
2020-10-23,83.98237992159787,83.77515358127064,0.2569384456510715,89.22190656565657,275.16998291015625,319.7084045410156,152.2382049560547
2020-10-26,77.50883881742143,73.84393837088744,9.806795453886142,67.05650252525253,271.0434875488281,313.8001708984375,148.95208740234375
2020-10-27,71.16850063548956,62.32177004695097,20.79571938098347,56.27209595959596,273.159912109375,312.7184143066406,147.67300415039062
2020-10-28,61.18657292576456,47.237662729585026,30.0,33.39646464646465,262.51031494140625,302.030029296875,143.1265411376953
2020-10-29,59.70376706128761,44.05413032922776,30.0,37.730429292929294,267.1007080078125,305.0997009277344,144.83493041992188
2020-10-30,56.039982500722914,39.823436923369634,30.0,33.91098484848485,260.32635498046875,301.919189453125,142.92120361328125
2020-11-02,60.531331142059436,44.125815949608345,30.0,45.42929292929293,260.9061584472656,305.3031311035156,145.46986389160156
2020-11-03,68.1400268220178,51.671521757867446,30.0,55.768623737373744,265.4190368652344,310.69354248046875,149.59620666503906
2020-11-04,77.85006656636209,61.38159562375657,29.942643421514738,73.6947601010101,277.2671203613281,317.6372375488281,149.76426696777344
2020-11-05,85.2989076153251,74.16169337986408,15.402883421615945,88.40119949494951,284.4956970214844,323.8320617675781,153.9560546875
2020-11-06,86.18008573046382,78.4466257376435,10.966514311818077,83.9977904040404,284.7083740234375,323.7581481933594,152.751708984375
2020-11-09,88.1660127653613,83.42774471568048,5.892131051111058,87.9135101010101,278.890625,327.8263244628906,158.287841796875
2020-11-10,88.10998799908899,84.82172439167687,4.660475247777752,83.73579545454545,273.8944091796875,327.3454895019531,161.2285614013672
2020-11-11,89.43986131956166,87.45607752536873,2.4209888865151346,88.93150252525254,280.02130126953125,329.77734375,161.1632537841797
2020-11-12,88.13856139794228,86.84103318920207,1.7352734836616115,87.54261363636363,278.70709228515625,326.5781555175781,158.6892547607422
2020-11-13,89.3506904996508,88.60004762473275,0.8676367418308057,91.6919191919192,281.1519470214844,331.09942626953125,161.97543334960938
2020-11-16,91.66340356722368,91.254122539582,0.4338183709154029,94.24873737373738,283.34564208984375,335.2323913574219,165.83114624023438
2020-11-17,93.19424058301396,92.97828020579892,0.21690918545770144,97.08333333333334,282.4468994140625,333.4294128417969,166.60597229003906
2020-11-18,92.10255945525131,91.78464278440126,0.6707178503046121,95.2840909090909,280.3595275878906,329.4166564941406,164.27203369140625
2020-11-19,93.19916965006695,92.8204929038944,0.7437396069704895,95.77651515151516,282.5532531738281,330.8035888671875,165.5323944091797
2020-11-20,91.44644038840616,91.07390884136703,0.6717435408589817,96.12373737373738,280.62054443359375,328.5383605957031,165.70970153808594
2020-11-23,91.48164174563033,91.1402722289413,0.5923427300254511,96.26262626262627,280.6300964355469,330.50775146484375,168.80921936035156
2020-11-24,93.28723075022695,92.9946769200852,0.48753815794201616,96.47095959595961,284.572998046875,335.8334045410156,171.98338317871094
2020-11-25,94.12899274165815,93.78511942302524,0.6718782961427252,95.71338383838385,286.3221435546875,335.3155822753906,171.39523315429688
2020-11-27,94.80688646944161,94.56908434227114,0.3359391480713626,97.22853535353536,288.96044921875,336.2494812011719,172.12339782714844
2020-11-30,93.84934936186775,93.40829059603487,0.9867037912073984,94.60858585858587,289.5498962402344,334.7608642578125,168.99591064453125
2020-12-01,94.3895979354374,93.98211089251251,0.7103657844925876,96.53409090909092,293.26080322265625,338.42230224609375,170.5643310546875
2020-12-02,92.47481547342863,91.63945296344485,1.9078186245695292,94.67171717171718,293.6377258300781,339.1341857910156,170.74171447753906
2020-12-03,93.27885263255703,92.19345578879877,2.200752746628199,94.26136363636364,294.05328369140625,339.0417785644531,171.7032928466797
2020-12-04,94.42754683711499,93.24271636712854,2.2446314238191514,94.67171717171718,295.2515563964844,341.9635314941406,175.69903564453125
2020-12-07,95.01414860900466,93.67021829316086,2.5881458886772575,94.33080808080808,296.9234924316406,341.2608642578125,175.8670654296875
2020-12-08,94.74251081579617,93.10751169573888,3.2373336766618643,93.63636363636364,297.928466796875,342.2593994140625,178.1263427734375
2020-12-09,93.6906854234472,91.70582037604011,3.926905474694574,93.15656565656566,291.1831359863281,339.18975830078125,176.8286590576172
2020-12-10,92.75232443407837,90.485353414582,4.378225464620017,92.60732323232324,292.3524475097656,339.0787658691406,178.53707885742188
2020-12-11,90.61883036691502,87.57467693264329,6.241353893926176,90.7449494949495,291.7048645019531,338.6810607910156,177.65953063964844
2020-12-14,87.89377678897168,83.74732523125388,8.541092035346933,87.24589646464646,293.8213195800781,337.1648864746094,177.867431640625
2020-12-15,90.91850640440471,86.79101852590739,7.487283707067416,91.73453282828282,296.9621276855469,341.72314453125,182.31573486328125
2020-12-16,92.3694684647679,88.43752141823236,6.971230237372108,90.78598484848483,298.59539794921875,342.2593994140625,181.6602020263672
2020-12-17,94.5415484108149,91.69513652539594,4.188444190655756,94.97948232323232,300.54742431640625,344.17333984375,183.82350158691406
2020-12-18,94.39108011000229,92.15898672713129,3.499880239267281,93.70107323232322,299.6389465332031,342.7990417480469,182.93380737304688
2020-12-21,93.31588192218932,90.52070087569997,5.594045233270007,89.62910353535354,299.0784912109375,341.5733947753906,182.8401641845703
2020-12-22,90.49506670133584,86.34990303659174,8.763918134311782,85.88541666666666,299.8918151855469,340.9976501464844,184.919189453125
2020-12-23,91.13105758731398,86.86512961518287,7.866018410590238,89.61805555555556,298.3813781738281,341.3041687011719,186.49249267578125
2020-12-24,90.69322289947505,86.34404515386015,7.983277513375933,88.4375,299.6981201171875,342.6319274902344,186.37074279785156
2020-12-28,91.54601537726609,87.70820941794221,6.512945574869792,89.60542929292929,302.71868896484375,345.57537841796875,185.677734375
2020-12-29,90.48166842541868,86.9307049470105,6.195531341727838,87.18749999999999,302.98974609375,344.9161376953125,182.08157348632812
2020-12-30,93.65171775796784,91.20960300529279,3.432164345106341,93.90940656565657,302.9994201660156,345.40826416015625,183.93589782714844
2020-12-31,93.92199514491185,92.27708469232473,2.266015095532967,93.21969696969697,303.744873046875,347.16314697265625,183.6081085205078
2021-01-04,89.1665067991457,85.20906061688007,9.29766190382708,81.91603535353536,299.4560546875,342.4369812011719,181.21072387695312
2021-01-05,89.60112516200479,85.15958101147388,8.515623881206464,88.1534090909091,301.9247741699219,344.7954406738281,184.01077270507812
2021-01-06,91.36678919541575,87.35249285498054,6.910313518886061,88.0602904040404,297.74237060546875,346.8567810058594,191.54019165039062
2021-01-07,93.08316373853927,90.10509110261694,4.472655970301612,91.72348484848486,304.9454040527344,352.0101318359375,194.948974609375
2021-01-08,93.57565895661747,91.50780898573622,2.9322520697467613,92.75252525252526,308.86639404296875,354.0157775878906,194.52757263183594
2021-01-11,93.25585938284556,91.54451300615378,2.7874446901764083,90.75126262626263,304.4032287597656,351.62945556640625,194.3590087890625
2021-01-12,92.48680161246368,90.7302272543489,3.234887906956889,89.3465909090909,303.919189453125,351.7037658691406,197.8427276611328
2021-01-13,92.62994397183132,90.91659801164727,3.075875929488544,90.3125,305.9715881347656,352.65093994140625,196.42864990234375
2021-01-14,92.33296112192357,90.54400002960412,3.3213975607038653,91.5909090909091,304.33551025390625,351.4158935546875,200.35255432128906
2021-01-15,90.56094495309912,88.26068578851174,4.647105819493347,89.32133838383838,301.9247741699219,348.85321044921875,197.36512756347656
2021-01-19,91.78087895743036,90.102477682883,2.4863133264133386,93.38857323232324,306.329833984375,351.59234619140625,199.89366149902344
2021-01-20,93.47620207671922,92.460910875361,1.2431566632066693,94.4128787878788,313.45538330078125,356.4579162597656,200.77398681640625
2021-01-21,93.00864985048891,92.24138870298532,1.169538401047781,92.65940656565657,315.96282958984375,356.78289794921875,199.03208923339844
2021-01-22,92.2110482666613,91.50686586711615,1.222987319210759,92.37058080808082,315.0528564453125,355.52001953125,201.34519958496094
2021-01-25,91.92944033131135,90.32972884701506,3.722683684857901,88.604797979798,317.6570739746094,356.9222106933594,201.14854431152344
2021-01-26,90.37029324175026,87.89045816864976,5.308903395459254,87.06597222222223,318.12176513671875,356.3650817871094,199.75318908691406
2021-01-27,83.38681225104477,76.73953470602893,15.874543238133672,70.72758838383838,309.2536315917969,347.65533447265625,196.09152221679688
2021-01-28,82.52451822509573,73.37354185717336,18.914228689773907,74.79955808080808,311.0834655761719,350.645263671875,195.46408081054688
2021-01-29,76.9074059613173,62.85708050534318,30.0,55.91540404040404,304.53875732421875,343.62554931640625,192.5047149658203
2021-02-01,80.27786676724051,65.3019545640569,28.070373775978833,73.06344696969697,312.1484069824219,349.3452453613281,197.23403930664062
2021-02-02,85.4086155217401,72.44434622702721,21.742632437231848,81.56881313131314,317.24078369140625,354.28509521484375,200.04351806640625
2021-02-03,90.06713951734773,79.17131482413609,17.930186168110872,83.11868686868688,315.982177734375,354.563720703125,200.64285278320312
2021-02-04,92.3869842162203,84.36269862516275,11.979120072691803,88.7136994949495,319.7192687988281,358.593505859375,204.7353057861328
2021-02-05,94.2397691495145,88.86427798083517,7.365625377254993,91.19002525252526,320.8034973144531,360.00494384765625,207.57286071777344
2021-02-08,94.46493988485501,90.96141671779849,4.668253029536593,91.25946969696969,322.9528503417969,362.6048889160156,212.87338256835938
2021-02-09,95.09639410303248,92.85460770026526,2.928941855677393,92.50946969696969,322.8850402832031,362.3634338378906,213.8754425048828
2021-02-10,95.01798995353607,93.47659368740617,2.16582035965688,92.16856060606061,322.14923095703125,362.20550537109375,212.47071838378906
2021-02-11,93.9144562471383,92.5183835392505,2.4062016886668265,90.17834595959596,323.9208984375,362.7905578613281,212.2272186279297
2021-02-12,93.95700730123465,92.88015685290537,1.6677078519091748,92.92613636363636,325.7314147949219,364.58270263671875,212.82656860351562
2021-02-16,92.28760512734758,91.18815738098041,2.0195389007020657,90.61868686868686,324.8504333496094,364.266845703125,211.48739624023438
2021-02-17,91.55899968891384,90.41789909536647,2.1125945766136582,90.8838383838384,323.2916564941406,364.3505554199219,209.82980346679688
2021-02-18,88.5507271690319,87.09547896084064,2.9314945736603626,86.92550505050505,321.878173828125,362.7998046875,206.58018493652344
2021-02-19,87.10529289472782,84.60870264654855,5.485929578496842,84.38762626262627,320.4743957519531,362.1591796875,210.8880615234375
2021-02-22,84.77562793460623,79.34211898008132,12.549033286723166,76.36837121212122,312.167724609375,359.37353515625,209.520751953125
2021-02-23,83.85997362129973,75.78113397833663,17.09364543124037,74.78219696969697,311.2383117675781,359.8100280761719,207.67588806152344
2021-02-24,85.3342167963255,76.22184497516596,17.50752347319593,78.38068181818183,313.80389404296875,363.7748107910156,212.58306884765625
2021-02-25,80.37458937123654,67.71972270150484,26.22929835275958,64.5864898989899,302.8638610839844,355.0093688964844,204.72596740722656
2021-02-26,77.53657472458629,62.31828583467572,30.0,62.910353535353536,304.1321716308594,353.18017578125,204.44496154785156
2021-03-01,83.09809224826277,68.40137696489147,26.24714269109393,75.74337121212122,313.2810974121094,361.7413024902344,211.71212768554688
2021-03-02,82.32768899857919,67.92749929501412,25.912594388476258,71.30997474747474,308.2565002441406,358.9186096191406,207.63839721679688
2021-03-03,77.03645060998028,61.236387375458584,30.0,59.21875,299.3108215332031,354.16436767578125,205.3908233642578
2021-03-04,71.77894792065682,55.51226017581625,30.0,49.734848484848484,294.4120178222656,349.7816467285156,199.65017700195312
2021-03-05,76.35597885699676,59.93374960871658,30.0,61.358901515151516,298.8460388183594,356.2165222167969,203.88311767578125
2021-03-08,76.76905133037104,60.29497491427766,30.0,62.053345959595966,290.3846435546875,354.44293212890625,204.84767150878906
2021-03-09,79.69633360844018,63.55206645880961,29.053386393453017,63.85258838383838,301.8376770019531,359.5035400390625,209.155517578125
2021-03-10,81.19010783581004,65.67428857213345,27.639264219453782,64.67329545454545,300.9759826660156,361.7413024902344,212.78912353515625
2021-03-11,84.51189621463028,71.75593944344934,20.68368277260568,70.96117424242424,307.907958984375,365.40911865234375,217.47154235839844
2021-03-12,85.86684419275555,75.33912613571754,17.115633999939202,71.25,305.4100036621094,365.901123046875,218.75454711914062
2021-03-15,87.5647898150936,79.3255256646106,12.900067631282736,76.98863636363636,308.6727294921875,368.08331298828125,219.53182983398438
2021-03-16,87.32050232893693,80.3955558148926,11.395977628772682,75.05681818181819,310.3669738769531,367.6190185546875,215.8607635498047
2021-03-17,88.00102602883757,82.60084379221448,8.432363814386342,78.17550505050505,311.64501953125,368.87255859375,217.5558319091797
2021-03-18,81.75505581432634,76.37274804540706,9.769764609213373,66.61616161616162,302.0990295410156,363.5054931640625,210.93487548828125
2021-03-19,78.90467348693032,74.21810189949034,7.888551812182448,68.76893939393939,303.16400146484375,362.8330078125,212.52688598632812
2021-03-22,79.04945345187241,75.40626279882562,5.675454883363953,72.8409090909091,308.84930419921875,365.7301330566406,210.9254913330078
2021-03-23,74.01192295978609,69.24418602506117,9.69092741011632,60.151515151515156,307.5019226074219,362.8516540527344,203.27438354492188
2021-03-24,70.11195788785156,62.205569127477474,17.22857213308846,51.611426767676775,302.3157958984375,361.00701904296875,198.5731964111328
2021-03-25,70.22193416179442,59.732985042733134,21.41859872437251,54.08143939393939,301.7923278808594,363.0379333496094,203.28135681152344
2021-03-26,78.16791744787088,70.21769507028957,12.147016376075143,73.57481060606061,306.3193359375,368.8882141113281,206.9874267578125
2021-03-29,79.11606153038787,72.26239956428402,11.464330473391104,68.95675505050505,306.2320861816406,368.70196533203125,201.16087341308594
2021-03-30,80.19651545962425,73.6848781989494,11.528408923564246,67.34217171717171,304.6907653808594,367.7237548828125,204.5479736328125
2021-03-31,83.85174252694546,78.60990050777079,8.376262542590203,73.99621212121212,309.3533935546875,369.2142639160156,207.29708862304688
2021-04-01,88.13568185241616,84.85275304654974,4.188131271295101,84.08775252525254,314.6266784667969,373.20147705078125,209.9241485595703
2021-04-05,88.92460438851583,86.93515590534145,2.441287857869774,82.97664141414143,320.9081726074219,378.55804443359375,211.07818603515625
2021-04-06,89.59713243926959,88.47375436075015,1.255168865803581,83.97727272727272,320.685302734375,378.3344421386719,210.45899963378906
2021-04-07,88.52324448312355,87.48030277599753,1.823133675326038,80.26199494949495,321.46075439453125,378.77239990234375,207.06248474121094
2021-04-08,87.9513087671018,86.83032892239817,2.1090889336226213,80.25568181818181,324.81475830078125,380.5703125,208.8170166015625
2021-04-09,87.60898002674438,86.44139104253087,2.1652610072153595,80.53345959595958,326.78265380859375,383.3370361328125,208.84515380859375
2021-04-12,86.10589738265219,84.54246512455448,3.202461627345059,77.30429292929293,326.3561096191406,383.47686767578125,208.0288848876953
2021-04-13,84.32052640027801,82.24474409460255,4.239922417207889,75.64393939393939,330.16571044921875,384.6133117675781,207.48468017578125
2021-04-14,86.14648859807247,84.31500970348884,3.1078676164322316,80.92645202020202,326.2010498046875,383.2998046875,209.5301055908203
2021-04-15,87.47606017242146,86.00390779732545,2.349980209731272,81.54040404040404,331.1446838378906,387.4173889160156,210.440185546875
2021-04-16,87.50195271740648,85.99410636410892,2.7739878952696846,81.52935606060606,331.5324401855469,388.7122497558594,210.77796936035156
2021-04-19,86.08440511455638,84.14476746136145,3.9191514602611144,79.48074494949495,328.4983825683594,386.802490234375,208.0382537841797
2021-04-20,81.20606905309671,77.4133500306135,8.58047219477702,73.43907828282829,326.10406494140625,383.9705505371094,203.77862548828125
2021-04-21,83.87411897729487,80.29605199335059,6.310438117590533,78.9425505050505,328.895751953125,387.60369873046875,208.76072692871094
2021-04-22,82.53855312711177,79.7918150609054,4.238315649704358,80.62184343434345,324.9311218261719,384.0636901855469,207.89756774902344
2021-04-23,86.37682410634366,84.68422021516241,2.119157824852179,87.71622474747475,329.02191162109375,388.2278747558594,211.81942749023438
2021-04-26,88.99761981995967,88.02971528278746,1.101008836668516,87.58364898989899,331.1640930175781,389.0383605957031,214.02432250976562
2021-04-27,90.70202647197308,90.17754000619313,0.550504418334258,90.07733585858585,329.7294006347656,388.9545593261719,214.34327697753906
2021-04-28,90.61410141658362,90.33834678462902,0.275252209167129,91.25789141414141,328.6146545410156,388.84271240234375,214.70925903320312
2021-04-29,91.06345468094877,90.88906401667214,0.22492487352295454,90.97853535353536,329.7973327636719,391.3207702636719,213.91177368164062
2021-04-30,88.92119364785835,88.3807464704536,1.315409879943294,87.4084595959596,327.6355895996094,388.7495422363281,211.00315856933594
2021-05-03,88.33303256275414,87.3691903034074,2.1373450914867984,86.52304292929293,325.8907165527344,389.5879821777344,212.0352020263672
2021-05-04,84.57220614044667,82.2922385094474,5.341873303319156,77.58364898989899,320.026123046875,387.1844482421875,209.50198364257812
2021-05-05,82.3566023835159,78.07947314859281,9.592200067063626,74.02619949494948,318.95013427734375,387.3056945800781,208.6669158935547
2021-05-06,82.77092975073425,77.68904438003896,9.971388070147986,77.65940656565655,321.3541564941406,390.39849853515625,208.84515380859375
2021-05-07,85.28252372162522,80.09489252131078,9.528189300225517,82.21906565656565,323.9617004394531,393.2398681640625,211.47227478027344
2021-05-10,81.8623143045148,74.97770438455385,14.060180508698618,74.54703282828282,315.7803039550781,389.3458557128906,206.09609985351562
2021-05-11,78.86275763167978,69.09580132435731,20.378417274551317,69.31029040404042,315.3440856933594,385.8710021972656,205.43931579589844
2021-05-12,71.14235491491351,56.88670281247266,30.0,50.7717803030303,307.1820373535156,377.6730651855469,198.7683563232422
2021-05-13,70.44724147103352,54.69535743688657,30.0,58.30492424242424,309.55694580078125,382.2098693847656,202.4275360107422
2021-05-14,74.84579766206168,58.59516965067937,30.0,67.55208333333334,316.3909606933594,388.07879638671875,207.37213134765625
2021-05-17,75.48466824425626,59.067792240462154,30.0,61.98547979797981,314.4716796875,387.09136962890625,207.6536102294922
2021-05-18,73.76821903871773,57.29592703745302,30.0,58.120265151515156,312.34869384765625,383.7562561035156,206.07733154296875
2021-05-19,74.6181884861005,58.12742448567893,30.0,58.23074494949495,312.7074279785156,382.75018310546875,204.49166870117188
2021-05-20,77.34983544148241,61.04858144748539,29.4663618014268,62.730429292929294,318.7562255859375,386.8677978515625,205.8521270751953
2021-05-21,77.43927059259715,61.61872474813286,28.327621399450777,64.98737373737373,316.9920349121094,386.5511169433594,206.38694763183594
2021-05-24,80.8305565274987,68.2336526700002,19.97287793457387,73.60795454545455,322.32354736328125,390.49169921875,207.7286376953125
2021-05-25,79.9143443249026,69.61372259365716,16.64087394203441,69.9636994949495,322.7693786621094,389.625244140625,205.7207794189453
2021-05-26,81.97060635745912,73.41719230535617,13.963291295512157,72.92140151515152,323.8939208984375,390.39849853515625,209.5582275390625
2021-05-27,83.56065666460759,76.90139035880345,10.385804423008604,76.51515151515152,322.68218994140625,390.60345458984375,211.71620178222656
2021-05-28,82.92733168281534,77.41679335332904,8.974862438777027,74.42077020202021,323.70001220703125,391.30218505859375,211.5754852294922
2021-06-01,84.65410214343004,80.78756915825142,5.535509660045075,78.86521464646465,322.6240234375,390.95745849609375,213.97738647460938
2021-06-02,85.06921249898846,82.18627849449474,4.347517298456875,77.16382575757576,323.2540588378906,391.572265625,214.23072814941406
2021-06-03,83.17037723030253,80.60235005047645,4.382861395440557,75.14993686868686,319.890380859375,390.1189270019531,212.43869018554688
2021-06-04,85.3687873595958,83.64451123363781,2.368001089134413,81.65404040404042,325.3188171386719,393.6869201660156,213.35813903808594
2021-06-07,85.24616144309759,84.02387221069621,1.7659923374965016,79.79166666666667,326.2882385253906,393.304931640625,216.21981811523438
2021-06-08,84.3055807503928,82.85389963327353,2.847958289960379,75.3661616161616,326.44329833984375,393.388916015625,218.5091552734375
2021-06-09,83.13271041848112,81.32663315591157,3.605955155081202,74.67171717171718,326.5208740234375,392.80194091796875,217.05484008789062
2021-06-10,84.24554151996509,82.66956229752888,2.6562367315810076,78.92361111111111,329.92327880859375,394.6278991699219,215.44522094726562
2021-06-11,85.3109296649042,84.29862652330226,1.3281183657905038,82.78724747474746,330.7861022949219,395.280029296875,217.7191925048828
2021-06-14,84.10061291860444,83.08493901360146,1.8497441576427214,78.99305555555556,333.95587158203125,396.1649475097656,217.0802459716797
2021-06-15,82.45744336344053,80.25253038981616,5.090059105336512,74.16193181818181,331.7748718261719,395.4383544921875,216.4600372314453
2021-06-16,78.59541041407614,73.72287100587113,11.28427750090058,65.9927398989899,330.5630798339844,393.23046875,215.99961853027344
2021-06-17,76.55790635208406,69.25871404223952,15.477306837571492,63.23232323232324,334.76043701171875,393.10009765625,213.5753173828125
2021-06-18,71.28910913138509,58.98982060325251,26.90788479504837,51.54987373737374,332.13348388671875,387.7970275878906,208.72666931152344
2021-06-21,73.89468848655329,60.402901394379874,25.614611589443378,61.83238636363636,334.19775390625,393.3486022949219,213.19004821777344
2021-06-22,76.02421075417311,63.07261739964328,23.057266337650972,62.67676767676768,337.3128967285156,395.4515686035156,214.1579132080078
2021-06-23,76.55424028506107,63.821870639241034,22.950468711754777,60.45454545454545,337.4779357910156,394.9749755859375,214.8626251220703
2021-06-24,81.15031915225941,69.3417668352014,20.63026118668546,66.20738636363637,339.5644836425781,397.3115539550781,217.89773559570312
2021-06-25,84.5452663167464,74.66504763701992,16.21100338374676,73.35385101010101,339.1471862792969,398.7228088378906,218.2642059326172
2021-06-28,83.7349961796562,74.03713632346789,17.466691717125894,65.91224747474749,343.27178955078125,399.5265808105469,216.53526306152344
2021-06-29,81.62862667268001,71.1575024173849,19.74137537245183,60.86174242424242,344.5140075683594,399.7415466308594,215.5015869140625
2021-06-30,80.88075434543879,71.38270874992796,16.384556846579446,63.96780303030303,343.97052001953125,400.07806396484375,215.52980041503906
2021-07-01,82.94261676834492,75.46507662250545,11.758704401825073,71.37468434343434,344.1064453125,402.2931213378906,217.4279022216797
2021-07-02,82.11109111133382,75.80699928349718,10.395213943336774,68.3364898989899,348.0562744140625,405.3680419921875,215.3606719970703
2021-07-06,77.00028794620218,69.63755752370045,14.349181308789593,57.66729797979798,349.5605773925781,404.6297302246094,212.23158264160156
2021-07-07,76.42294951742093,68.24738333571634,15.603607384192772,59.24558080808081,350.2981872558594,406.0596618652344,210.25828552246094
2021-07-08,70.55056530966219,60.18209080736236,20.845324841086278,50.75126262626263,348.1824035644531,402.75103759765625,208.32261657714844
2021-07-09,75.68209079345642,66.64882822228697,15.210284737462326,67.46685606060606,350.35638427734375,407.05029296875,212.72023010253906
2021-07-12,78.31313800859323,70.8708839890205,12.084999534135207,69.00568181818181,351.7247619628906,408.5083923339844,212.8987274169922
2021-07-13,74.41174465606306,66.87885769559551,13.778551692572655,57.65940656565657,351.7247619628906,407.1158447265625,208.8863983154297
2021-07-14,71.07790478434426,63.69766718860565,13.279841660680262,56.88289141414142,352.3556213378906,407.72332763671875,205.6633758544922
2021-07-15,69.29470104361388,60.85234965863185,16.315287781097705,53.1802398989899,349.8808288574219,406.33074951171875,204.4982147216797
2021-07-16,64.66468824782775,53.26192345222509,23.42358454711451,47.93876262626263,347.0469970703125,403.1436767578125,201.9799041748047
2021-07-19,59.120330416998115,44.3194088184639,30.0,37.4084595959596,344.2035217285156,397.19012451171875,198.95420837402344
2021-07-20,64.89878455758462,51.586699555837725,22.850303097005895,55.03787878787879,348.20184326171875,402.8819274902344,205.1277618408203
2021-07-21,71.67674131717467,62.07920110760426,14.073214206331226,64.88005050505052,350.89007568359375,406.143798828125,208.660888671875
2021-07-22,71.50863642654876,63.89903577766086,12.028419760993895,57.380050505050505,353.2095947265625,406.9942626953125,205.34388732910156
2021-07-23,73.11470540817619,66.06574224032764,12.306626231507051,60.34248737373737,357.33416748046875,411.1814270019531,206.30235290527344
2021-07-26,75.34640011922372,69.30444151110902,10.069920596814125,63.923611111111114,357.6156005859375,412.1908264160156,206.9037322998047
2021-07-27,73.7606675936758,68.52683136488832,8.781409162043424,59.386047979797986,353.6754150390625,410.31219482421875,204.48880004882812
2021-07-28,74.14787404637678,69.80773221170261,7.0787175229409005,62.773042929292934,355.03411865234375,410.1440124511719,207.49571228027344
2021-07-29,77.54272569222661,74.79824686812938,3.5393587614704503,72.76515151515152,355.66497802734375,411.8450622558594,209.09310913085938
2021-07-30,76.79504997821695,74.96748854400757,2.489277707755424,70.46243686868688,353.811279296875,409.8449401855469,207.71185302734375
2021-08-02,71.81699477388376,69.56021464429955,4.493435413221146,62.369002525252526,353.8404235839844,408.9850158691406,206.67819213867188
2021-08-03,75.05158243304544,73.31511646455645,2.6841979780752183,71.36521464646465,355.9852294921875,412.3123779296875,207.5332794189453
2021-08-04,70.9019584541128,68.01535063159898,6.293961362774988,60.89962121212121,356.49957275390625,410.2841796875,204.94918823242188
2021-08-05,72.4976225150073,70.30792311367912,3.3477185286097173,72.1227904040404,358.7607116699219,412.88250732421875,208.63267517089844
2021-08-06,75.7675997608947,74.42395156354019,1.6738592643048587,75.91856060606061,357.1885986328125,413.5647277832031,209.91061401367188
2021-08-09,75.5697554758538,74.30519675096492,2.227298161192836,71.46938131313131,357.8485412597656,413.2283020019531,208.7548065185547
2021-08-10,76.57278886232163,75.58252185826962,1.5511293520610678,74.51862373737373,356.0142822265625,413.7424011230469,209.1683349609375
2021-08-11,79.19497002481428,78.58050730891908,0.7755646760305339,79.77746212121212,355.40289306640625,414.77044677734375,210.1925048828125
2021-08-12,80.45181660759802,80.10480884502735,0.38778233801526696,82.16066919191918,356.6839904785156,416.0135192871094,209.69451904296875
2021-08-13,80.3026678254283,79.86254142732417,0.884883119765207,79.94949494949495,357.9359130859375,416.77056884765625,207.7869873046875
2021-08-16,79.13270745696094,78.23566244674707,2.046371484125021,77.02809343434345,358.0911560058594,417.7519226074219,205.8512725830078
2021-08-17,75.43191002541214,73.18473791195495,5.313155754688773,69.8989898989899,354.9370422363281,415.013427734375,203.3424072265625
2021-08-18,68.68948942033816,62.932969524252094,13.656715977091858,53.92992424242424,351.52093505859375,410.47113037109375,201.56642150878906
2021-08-19,63.589501253423954,52.53498558115065,24.915479200667143,48.202335858585855,353.21923828125,411.10662841796875,199.1515350341797
2021-08-20,64.98677352146666,52.1057333953088,25.080549732909322,58.84311868686869,356.8780517578125,414.3778381347656,202.5155029296875
2021-08-23,71.21238410311516,61.13462237391804,15.774768237666786,71.81029040404039,362.2157287597656,418.02301025390625,206.3680877685547
2021-08-24,77.41313476837846,70.69254748035162,9.167272849893997,78.06502525252525,363.3220520019531,418.68658447265625,208.3977508544922
2021-08-25,80.93480754905545,77.00942397454742,4.5959667595429545,82.12121212121212,363.7393798828125,419.5650939941406,209.13070678710938
2021-08-26,78.63588702813634,74.4987931575693,7.714452761084609,73.49431818181817,361.4295959472656,417.0883483886719,206.9130859375
2021-08-27,81.81629735954714,79.02294972982594,3.8572263805423046,83.5037878787879,364.9427795410156,420.8174743652344,212.74839782714844
2021-08-30,83.31688026463019,81.67860621829037,1.9286131902711523,87.53630050505052,369.0382995605469,422.6681213378906,211.87452697753906
2021-08-31,84.27170419595417,83.37203376229118,0.9643065951355762,87.54261363636363,368.7374267578125,422.0418701171875,212.28793334960938
2021-09-01,83.57621621346621,82.80584439684073,1.2831318329213173,84.97948232323233,369.3488464355469,422.26617431640625,213.71624755859375
2021-09-02,85.43626399034733,84.906978497844,0.7431678735313592,87.21748737373738,369.1741943359375,423.5653076171875,215.20089721679688
2021-09-03,84.14428496647942,83.60284021762719,0.995498867321233,85.54608585858585,370.30963134765625,423.4625549316406,214.20486450195312
2021-09-07,78.73437445010595,76.89116917435001,4.534700980377788,74.62436868686868,370.8335876464844,421.9483642578125,212.7296142578125
2021-09-08,75.39723256080973,71.40318336554405,9.217220281855559,71.68402777777777,369.5429382324219,421.43438720703125,210.4086151123047
2021-09-09,71.84280647649886,64.48262116297754,16.442278859362123,65.89804292929293,368.2715759277344,419.63055419921875,210.30528259277344
2021-09-10,66.65095773933865,54.88232742496702,25.405186935994188,53.023989898989896,365.4765625,416.3218688964844,208.24740600585938
2021-09-13,67.0755349099523,52.654654248840586,28.630919699057706,60.03787878787878,365.2242431640625,417.38739013671875,209.431396484375
2021-09-14,63.96456974294381,48.15760952257324,30.0,49.090909090909086,364.18585205078125,415.1349792480469,206.7627716064453
2021-09-15,67.6892291089853,51.420242368861786,30.0,61.44886363636363,366.8934631347656,418.6024475097656,208.63267517089844
2021-09-16,69.1874978121951,52.764502232153944,30.0,60.703914141414145,367.1458435058594,417.9388427734375,208.7830352783203
2021-09-17,69.53099145163145,53.056659591617745,30.0,55.51452020202021,362.79803466796875,413.86761474609375,209.05552673339844
2021-09-20,59.54864794349012,43.05720399015222,30.0,34.68118686868687,355.30145263671875,406.96673583984375,204.08474731445312
2021-09-21,55.51272617045693,39.01557818601096,30.0,32.27430555555556,355.73870849609375,406.5823059082031,204.3948516845703
2021-09-22,56.14661819934672,39.64756887119806,30.0,35.680239898989896,359.0614013671875,410.5484313964844,207.57086181640625
2021-09-23,64.32065177385354,47.820968664470655,30.0,51.84185606060606,362.3744201660156,415.5366516113281,211.24496459960938
2021-09-24,66.93420867625142,50.43431430645711,30.0,49.27241161616162,362.7144775390625,416.2211608886719,210.22613525390625
2021-09-27,70.32651176753038,54.013027859624025,29.491415776295234,54.411300505050505,359.8191833496094,415.0304260253906,213.42117309570312
2021-09-28,62.06131594307925,45.62348797377714,30.0,31.884469696969695,349.6371765136719,406.66668701171875,208.56727600097656
2021-09-29,57.69696384125362,41.21768785148624,30.0,27.49368686868687,349.06396484375,407.3511657714844,208.1243438720703
2021-09-30,51.01277455855457,34.51968256196544,30.0,22.269570707070706,347.7815246582031,402.3724060058594,206.17332458496094
2021-10-01,51.53630008207399,35.03860274987762,30.0,25.95486111111111,349.9383544921875,407.154296875,209.50038146972656
2021-10-04,48.224690104340404,31.725457660274945,30.0,19.567550505050505,342.5932922363281,401.903564453125,207.5965118408203
2021-10-05,48.15032703692008,31.650582888898256,30.0,19.717487373737374,347.2179870605469,406.0854797363281,208.31283569335938
2021-10-06,51.24024498977522,34.74033027376795,30.0,19.05145202020202,349.4429016113281,407.77313232421875,207.22894287109375
2021-10-07,58.237618873900445,41.73764730189802,30.0,35.160984848484844,352.6490783691406,411.2985534667969,210.4239959716797
2021-10-08,56.27345023675976,39.77345971275896,30.0,28.424873737373733,350.8905334472656,410.5484313964844,208.84060668945312
2021-10-11,54.9669388118469,38.466941970513304,30.0,23.0145202020202,348.1992492675781,407.576171875,207.64364624023438
2021-10-12,55.87302091225362,39.69808577343217,29.113462341027972,31.202651515151512,346.98480224609375,406.5729675292969,208.7841033935547
2021-10-13,59.35373502855715,46.34145493040969,20.783550141473583,40.77809343434343,349.76348876953125,408.0356140136719,209.77366638183594
2021-10-14,68.46025174352579,60.31250751820647,10.391775070736792,57.39583333333333,356.2049255371094,414.8990173339844,212.88397216796875
2021-10-15,72.80324889767358,68.18217539293207,5.195887535368396,62.4352904040404,358.44927978515625,418.058837890625,212.2147979736328
2021-10-18,74.91025805006628,72.41732083366824,2.597943767684198,67.3532196969697,362.0537109375,419.2964172363281,212.09225463867188
2021-10-19,78.31823416483691,77.01096540196212,1.298971883842099,73.98832070707071,364.7935485839844,422.53143310546875,212.88397216796875
2021-10-20,80.0940410179086,79.42013991824595,0.6494859419210495,75.9090909090909,364.31756591796875,424.1908874511719,214.29769897460938
2021-10-21,81.10487394199646,80.7611678194234,0.32474297096052473,78.48958333333333,366.54241943359375,425.2973327636719,214.84437561035156
2021-10-22,80.78424249245,80.55516072173103,0.3123083541671309,78.00978535353535,363.4625244140625,424.85662841796875,214.33544921875
2021-10-25,81.9884764537123,81.85485933187532,0.15615417708356544,80.16256313131314,367.18365478515625,427.13507080078125,216.37124633789062
2021-10-26,81.52229518154046,81.44243661355542,0.0963259837438026,80.10416666666667,368.33984375,427.5194396972656,214.74069213867188
2021-10-27,78.08929199654042,77.84138134445163,0.6035212620739256,78.38541666666666,369.19476318359375,425.62548828125,210.79159545898438
2021-10-28,82.72109396517678,82.52781151643362,0.3017606310369628,86.07481060606061,373.2948913574219,429.7322998046875,214.9951934814453
2021-10-29,83.74385792105218,83.50673931087363,0.47097580162959296,85.05050505050505,375.1310729980469,430.6042785644531,214.9386444091797
2021-11-01,85.5311597110578,85.36577461069953,0.23548790081479648,87.11647727272727,376.4134826660156,431.344970703125,220.50885009765625
2021-11-02,87.7401424626085,87.64184131400637,0.11774395040739824,89.89267676767676,377.9874572753906,433.0889587402344,220.970703125
2021-11-03,89.38387745386613,89.32952401342406,0.05887197520369912,92.1322601010101,382.0000305175781,435.73309326171875,224.9197540283203
2021-11-04,89.23237834320791,89.14378851482877,0.1921964042685192,91.61142676767676,386.8966979980469,437.7864990234375,224.83497619628906
2021-11-05,91.05767830295483,90.99291235271255,0.0960982021342596,95.10574494949495,387.26593017578125,439.3054504394531,227.9075164794922
2021-11-08,91.87335068010952,91.83414402630414,0.0480491010671298,95.11205808080807,386.74127197265625,439.68048095703125,228.6144256591797
2021-11-09,91.70942497417794,91.68754708771382,0.0240245505335649,95.6613005050505,384.0792236328125,438.22711181640625,227.28543090820312
2021-11-10,88.2265002439179,87.55779356555426,1.8038564987516312,89.92739898989899,378.4343566894531,434.7016906738281,223.7039794921875
2021-11-11,87.8885893068952,86.70455470878062,2.6212701054364214,90.15940656565657,379.4836730957031,434.84234619140625,225.50413513183594
2021-11-12,87.8186290955644,86.45546515001101,2.6413247623141665,91.40309343434345,383.47674560546875,438.1239929199219,225.7303466796875
2021-11-15,88.22102451333629,86.97405309126461,2.161591200601525,92.97032828282829,383.3893737792969,438.2740478515625,224.83497619628906
2021-11-16,88.77615800276193,87.41588738270184,2.5762185800987423,90.87594696969697,386.1194763183594,440.0086669921875,225.24966430664062
2021-11-17,87.07568061371526,84.39720149141787,6.068333406210984,86.24842171717172,386.3235168457031,438.9397277832031,222.29962158203125
2021-11-18,83.96786155137312,78.71923481669086,11.879455528863065,79.48390151515152,390.3263244628906,440.4305725097656,221.35711669921875
2021-11-19,81.02093701544086,72.44758891895893,18.610379595239607,75.1104797979798,392.5026550292969,439.64300537109375,219.34014892578125
2021-11-22,79.79624668191464,68.85316696007118,22.050810062771316,74.99368686868686,387.9460754394531,438.40533447265625,218.40704345703125
2021-11-23,80.50960747983012,68.81210426937423,21.954027190476566,78.17550505050505,386.1778564453125,438.9866027832031,218.0300750732422
2021-11-24,80.69331192088615,68.70836680331348,22.052120129329197,75.07417929292929,387.4214172363281,440.1586608886719,218.26568603515625
2021-11-26,70.41496723839097,55.41998553253341,30.0,51.26578282828282,380.0763854980469,430.3417053222656,210.03756713867188
2021-11-29,67.97609053190745,51.97776329662159,30.0,52.589962121212125,388.324951171875,435.62054443359375,209.90567016601562
2021-11-30,58.55041880011764,42.217643055022364,30.0,34.083017676767675,382.621826171875,427.14447021484375,205.6266632080078
2021-12-01,52.29460510084981,35.85034651915138,30.0,28.355429292929294,376.11236572265625,422.4000244140625,200.99893188476562
2021-12-02,53.59034954267255,37.10893001543974,30.0,34.91003787878788,378.8229675292969,428.8697204589844,206.60690307617188
2021-12-03,53.619681910669655,37.125875401592054,30.0,34.22032828282828,372.23583984375,425.137939453125,202.3656005859375
2021-12-06,58.77183137912471,42.27389587609885,30.0,39.70959595959596,375.2184753417969,430.17303466796875,206.4277801513672
2021-12-07,68.69712420038677,52.197812366044815,30.0,53.89046717171718,386.5177307128906,439.0710754394531,211.21572875976562
2021-12-08,73.99782873501283,57.498058123565514,30.0,56.85290404040404,388.2472229003906,440.23370361328125,212.6577606201172
2021-12-09,71.25969711044084,54.75977357329174,30.0,48.282828282828284,382.534423828125,437.2613830566406,207.84156799316406
2021-12-10,72.27774827824184,55.77777376585881,30.0,53.08554292929293,386.69268798828125,441.37750244140625,207.26663208007812
2021-12-13,68.90417746330151,52.40418595917383,30.0,45.714962121212125,381.1062316894531,437.4677429199219,204.2376708984375
2021-12-14,61.50455812896637,45.00456096092381,30.0,33.77209595959596,377.1617126464844,434.4579162597656,202.47926330566406
2021-12-15,63.26966582062772,46.76966676461353,30.0,45.17045454545454,385.75994873046875,441.24627685546875,205.6935577392578
2021-12-16,61.09921625698185,45.13011486497447,28.55209556364358,36.67613636363636,375.84027099609375,437.35516357421875,201.533935546875
2021-12-17,56.65574855714523,40.332714759809434,30.0,26.44097222222222,373.9652099609375,432.7004089355469,203.38682556152344
2021-12-20,51.996818601419776,35.55580733564118,30.0,21.03693181818182,370.3376159667969,428.0993957519531,200.53182983398438
2021-12-21,58.07949663278545,41.599159544192574,30.0,38.366477272727266,378.6259460449219,435.7019348144531,206.2607421875
2021-12-22,63.32161462353159,46.92564043525046,29.73416861477318,48.27335858585859,383.23699951171875,440.05841064453125,208.2460479736328
2021-12-23,67.87964360918308,56.699201913806874,15.586682634406792,54.55018939393939,386.1262512207031,442.7965393066406,209.90985107421875
2021-12-27,71.60260005827988,65.01822767684656,7.793341317203396,59.87373737373737,392.5079040527344,449.0630798339844,211.87625122070312
2021-12-28,75.21395591168253,71.59038587638413,3.896670658601698,67.48106060606061,390.68865966796875,448.6960754394531,210.58111572265625
2021-12-29,75.78811156652044,73.73927383215882,2.2935846979877175,66.37626262626263,390.6303405761719,449.27008056640625,210.80801391601562
2021-12-30,76.89688060279852,75.79344416338022,1.1467923489938587,68.76578282828282,389.4629211425781,448.0279541015625,210.7512664794922
2021-12-31,77.07465559973528,76.49659818928029,0.5733961744969294,72.1685606060606,387.0309143066406,446.8988952636719,210.2974853515625
2022-01-03,78.55737678240334,78.25956834692724,0.2866980872484647,76.28787878787878,390.7568054199219,449.4864501953125,213.0106658935547
2022-01-04,78.4898747523836,78.2743865504886,0.31696015473534395,75.73232323232322,385.68841552734375,449.3359069824219,212.6892852783203
2022-01-05,69.99710421876654,67.62432691476671,6.275312463731307,56.71401515151515,373.8396911621094,440.70770263671875,205.48556518554688
2022-01-06,66.25260491642216,61.84972516201593,9.850783599289894,54.80587121212121,373.5769958496094,440.2936706542969,206.6577911376953
2022-01-07,62.82150311932405,55.54164230752252,15.851547891816669,47.93718434343433,369.5301818847656,438.5530090332031,204.26602172851562
2022-01-10,62.30074681059483,52.77747123205016,19.354514476211367,49.794823232323225,369.7732849121094,438.00726318359375,203.55699157714844
2022-01-11,63.56438931511185,52.79902940810636,20.702549220428914,54.244002525252526,375.32806396484375,441.9967041015625,205.72189331054688
2022-01-12,66.03522280593545,55.34111696133647,19.379052387992232,56.88762626262626,376.8165283203125,443.1916198730469,204.19041442871094
2022-01-13,63.710813122190785,51.38784508804439,23.886180234400154,49.81218434343434,367.3899841308594,437.0851745605469,202.3185577392578
2022-01-14,61.360229431417295,46.25257342003516,30.0,42.817234848484844,369.67608642578125,437.263916015625,202.60218811035156
2022-01-18,55.11171334201846,39.075828004891086,30.0,31.48358585858586,360.4732971191406,429.5201416015625,196.47616577148438
2022-01-19,51.41594098082264,35.070645868446846,30.0,32.82039141414141,356.5140075683594,425.0601806640625,193.2808380126953
2022-01-20,46.275564220916166,29.827132516790904,30.0,30.962752525252526,351.88348388671875,420.3556213378906,189.782958984375
2022-01-21,38.68438205958343,22.201571491541674,30.0,22.41161616161616,342.126220703125,412.1037292480469,186.2283935546875
2022-01-24,36.652365454366546,20.15809526501929,30.0,22.105429292929294,343.6924133300781,413.8538818359375,190.5203399658203
2022-01-25,33.61275502783018,17.99059089064036,30.0,20.8270202020202,335.7251281738281,408.8011169433594,187.977294921875
2022-01-26,30.945221421089045,16.91700004202577,30.0,17.93402777777778,335.1997985839844,407.7755432128906,185.26405334472656
2022-01-27,28.827635014641196,16.079338999397883,30.0,15.874368686868685,331.8241882324219,405.761962890625,181.0572052001953
2022-01-28,30.407610181673377,18.92114113955524,30.0,14.832702020202019,342.2332458496094,415.8392333984375,184.58340454101562
2022-01-31,35.85104404055768,24.57962843392571,30.0,15.006313131313131,353.17730712890625,423.3289794921875,190.24620056152344
2022-02-01,40.35712110473506,29.106464050672546,30.0,19.791666666666664,355.58013916015625,426.1893310546875,192.2503662109375
2022-02-02,43.57757132023063,31.94170415406165,30.0,30.598169191919187,358.4693298339844,430.329345703125,190.3407440185547
2022-02-03,39.19416687394655,29.53591485559393,30.0,16.035353535353536,343.9356689453125,420.21441650390625,186.73886108398438
2022-02-04,37.848465873546054,28.40636334891,30.0,15.370896464646465,348.2744140625,422.1903991699219,187.54248046875
2022-02-07,36.23074130201576,26.611151571581523,29.949760600383755,17.471590909090907,345.47259521484375,420.83544921875,188.4689178466797
2022-02-08,38.71335337947556,28.511916061923408,23.902042547666625,28.320707070707066,349.3541259765625,424.29803466796875,191.68316650390625
2022-02-09,44.748326001554084,35.13113417631634,16.954671052873717,40.87594696969697,356.75726318359375,430.50811767578125,195.32284545898438
2022-02-10,41.98626181934479,33.511982432257206,14.368769396386352,30.95959595959596,348.6829833984375,422.7737731933594,192.3260040283203
2022-02-11,35.30263005780482,27.39242399777146,13.869398902738627,21.425189393939398,337.6221008300781,414.43719482421875,190.37855529785156
2022-02-14,31.685906708032448,24.152390062797025,13.354858068793556,20.33143939393939,338.04046630859375,413.08233642578125,189.71673583984375
2022-02-15,35.45460214366101,29.422628981711135,9.602184400558393,31.516729797979803,346.4454345703125,419.7440490722656,194.80288696289062
2022-02-16,37.091893567525275,32.51426708640257,7.0008238921983885,33.83680555555555,346.3579406738281,420.21441650390625,195.2093963623047
2022-02-17,31.73191665113567,26.752237043395432,9.41946576554364,21.934974747474744,336.0558776855469,411.2380676269531,190.20835876464844
2022-02-18,29.181534060071346,23.29076021251197,11.538765395398084,19.023042929292927,332.2230529785156,408.5752868652344,188.5729217529297
2022-02-22,27.18604577769949,19.947111105560417,14.387300153507121,15.38510101010101,328.8863220214844,404.190673828125,185.91639709472656
2022-02-23,24.512235946261686,16.196942907400512,21.187593416400023,12.208017676767678,320.4618225097656,397.0207824707031,182.43746948242188
2022-02-24,24.272411022373042,15.002498527937835,26.243457377391934,15.8364898989899,331.2306823730469,402.9956359863281,187.22100830078125
2022-02-25,37.02744809395781,28.991085597457552,13.490159086423239,39.696969696969695,336.3672790527344,411.88739013671875,191.43734741210938
2022-02-28,41.06744318210353,35.7572205567777,7.176641254070208,39.49494949494949,337.3691711425781,410.83349609375,192.2125244140625
2022-03-01,34.71603392162385,29.406934858269032,9.651885967944194,21.472537878787882,332.20355224609375,404.576416015625,188.59182739257812
2022-03-02,39.36487488751061,34.043978744491454,9.685081241547858,28.42171717171717,337.7777404785156,412.0190734863281,193.082275390625
2022-03-03,39.99596912618865,33.872230749046636,11.863926353097156,26.122159090909093,332.9525451660156,409.9678955078125,190.7945098876953
2022-03-04,33.558797819459166,26.732725670214386,13.04952551872029,20.017361111111114,328.1275329589844,406.6370544433594,187.80714416503906
2022-03-07,28.35036485927619,20.95726170979958,13.95748845380459,18.057133838383837,316.0258483886719,394.64971923828125,183.13705444335938
2022-03-08,25.825479288654684,18.057012994520527,14.465723393568961,16.917613636363637,314.5569763183594,391.65753173828125,184.1485595703125
2022-03-09,26.94683250912116,19.37040585605176,13.600739695521852,20.498737373737377,325.8802795410156,402.158203125,189.338623046875
2022-03-10,27.118784205569824,19.82770429370102,12.99710280230638,19.867424242424246,322.2615051269531,400.34222412109375,188.99832153320312
2022-03-11,25.355552287683373,16.214544168912294,19.904091173880463,18.24810606060606,315.5782775878906,395.25189208984375,185.98257446289062
2022-03-14,24.734507104255893,15.053245138739609,23.081385864718005,18.589015151515152,309.5177307128906,392.36328125,182.18218994140625
2022-03-15,29.607526609713688,20.280362296009958,16.636573614177184,23.390151515151516,319.2264099121094,400.9915466308594,185.08448791503906
2022-03-16,37.805516548496485,31.646423281329426,8.318286807088592,46.488320707070706,331.0654296875,409.8831787109375,190.90792846679688
2022-03-17,43.153571228290105,39.575520891268184,4.159143403544296,50.38667929292928,335.07342529296875,415.0111389160156,193.90475463867188
2022-03-18,48.11351913855388,46.1583260688968,2.079571701772148,60.0268308080808,341.931640625,419.5567626953125,195.94674682617188
2022-03-21,51.7789476138135,50.745961778602904,1.039785850886074,63.811553030303024,340.98101806640625,419.4340515136719,194.21673583984375
2022-03-22,58.64266608518312,58.10771006745048,0.519892925443037,73.80208333333334,347.6822814941406,424.342041015625,196.1641845703125
2022-03-23,54.907401654896496,53.848179001543286,2.402465402115454,66.94602272727275,342.6855773925781,418.8771667480469,192.76089477539062
2022-03-24,56.41803920242545,55.58273782064211,1.3151649927243925,73.43750000000001,350.3022766113281,425.1913757324219,194.97740173339844
2022-03-25,57.730750352340124,57.21120297641288,0.6575824963621962,74.7616792929293,350.0100402832031,427.2679138183594,195.2426300048828
2022-03-28,58.689905507346445,58.396166257704294,0.3287912481810981,77.14488636363637,355.4255676269531,430.30706787109375,195.30892944335938
2022-03-29,62.23661541455742,62.07842393584349,0.16439562409054906,82.6010101010101,361.5423889160156,435.63031005859375,200.53762817382812
2022-03-30,62.15372898463961,62.04897706018875,0.14187663148972096,82.41003787878788,357.5489196777344,432.9404296875,196.5119171142578
2022-03-31,56.536504903364545,56.14408816416336,0.9749984483206219,79.70801767676767,353.1171875,426.27685546875,194.43746948242188
2022-04-01,56.92521497915004,56.4433144871316,0.9575315789582955,81.09690656565655,352.4450988769531,427.4849548339844,196.61607360839844
2022-04-04,58.527076888526445,58.03518846976684,0.9034225129639919,81.2421085858586,359.7015075683594,431.1470642089844,196.9381561279297
2022-04-05,54.52942074319952,53.83524714290293,1.4460294383001793,79.41919191919192,351.714599609375,425.70111083984375,192.2777557373047
2022-04-06,50.22164983177656,48.00622238974859,5.411007932533927,67.59943181818183,344.07843017578125,421.44439697265625,189.54978942871094
2022-04-07,49.50779236273509,45.629222617576026,8.563892539499285,68.64583333333334,344.89654541015625,423.56805419921875,188.93409729003906
2022-04-08,49.21284836772432,43.32205853570754,12.539817955355709,65.46875,340.0751647949219,422.4354248046875,187.42799377441406
2022-04-11,47.34992601169435,38.65648169948465,18.3541300951021,60.53819444444444,332.02996826171875,415.21502685546875,186.1681671142578
2022-04-12,47.07565118114155,35.93046174945108,22.492839984419742,61.2957702020202,330.62738037109375,413.6766052246094,186.7554473876953
2022-04-13,50.9566177326855,39.466789422663574,21.203904998523004,66.57354797979798,337.3478698730469,418.4146728515625,190.30758666992188
2022-04-14,47.44134966432539,33.668432586718495,27.11720265708978,54.73011363636364,329.6338195800781,413.2046813964844,188.46046447753906
2022-04-18,44.29838676208404,28.707414402881746,30.0,48.28914141414141,329.8871154785156,413.3745422363281,187.191162109375
2022-04-19,51.99459053980206,36.38316332349214,28.403008445206797,64.10353535353535,337.26031494140625,420.0474853515625,190.9232635498047
2022-04-20,56.57635947843441,42.48188311730245,24.247274424623598,64.93686868686869,332.3415222167969,419.736083984375,191.6526336669922
2022-04-21,49.9540661320724,34.41824875838445,29.557250690847155,47.2064393939394,325.4650573730469,413.4595031738281,187.3616943359375
2022-04-22,39.30452676181616,23.125920970586847,30.0,31.731376262626263,316.9425354003906,402.114501953125,182.51187133789062
2022-04-25,34.54877290419629,18.155904307119854,30.0,28.55587121212121,321.0138244628906,404.44580078125,183.62013244628906
2022-04-26,30.477607956484725,14.013318424125913,30.0,24.482323232323232,308.8971862792969,392.7326965332031,177.83255004882812
2022-04-27,29.142289396924852,12.654192886138578,30.0,22.735164141414142,308.52703857421875,393.8370056152344,177.09376525878906
2022-04-28,29.7857923590175,13.289760188755409,30.0,21.606691919191917,319.484619140625,403.7851257324219,180.3995819091797
2022-04-29,25.939681824336425,10.510448878693506,30.0,15.648674242424242,305.10821533203125,388.86297607421875,175.1897735595703
2022-05-02,23.082819584126355,9.75733452817131,30.0,14.745896464646467,310.2024230957031,391.20379638671875,177.02743530273438
2022-05-03,24.299291339759158,12.092648172959326,30.0,13.645833333333332,310.5335388183594,392.9969787597656,178.54298400878906
2022-05-04,32.05905415873201,18.446654584613547,30.0,26.201073232323232,321.0333251953125,404.9649658203125,183.30752563476562
2022-05-05,25.346442655913947,13.30897613120779,30.0,12.395833333333332,304.8647766113281,390.5712890625,175.87184143066406
2022-05-06,22.403472509088907,11.413668852705372,30.0,10.822285353535353,301.21221923828125,388.24005126953125,172.9449005126953
2022-05-09,17.414965085535115,8.45262312599986,30.0,6.403093434343434,289.4267578125,375.80963134765625,165.670166015625
2022-05-10,15.452824133236271,7.227413850428226,30.0,6.1947601010101,292.94287109375,376.67791748046875,165.71751403808594
2022-05-11,14.00334114232744,6.57172289990994,30.0,5.500315656565657,284.2547912597656,370.6940612792969,161.59707641601562
2022-05-12,13.220997159715576,6.576661449280113,30.0,4.3955176767676765,283.5826721191406,370.3069763183594,163.4915313720703
2022-05-13,14.138520966723679,7.636242396578525,30.0,5.70864898989899,294.09222412109375,379.16033935546875,168.67288208007812
2022-05-16,17.19976504236449,10.420764778242033,30.0,6.7503156565656575,290.68328857421875,377.6217956542969,167.8677215576172
2022-05-17,22.740321486833434,15.44315473212595,30.0,10.494002525252528,298.2122802734375,385.38958740234375,173.00172424316406
2022-05-18,18.46400636260662,12.453376703630054,30.0,6.339962121212123,283.57293701171875,369.8539733886719,166.93946838378906
2022-05-19,17.547869436271583,11.512844735131242,28.844592232933003,7.0517676767676765,282.0534973144531,367.58880615234375,167.2141571044922
2022-05-20,17.12041045290297,10.66984666363397,21.235545800809934,8.787878787878789,281.1768798828125,367.7491760253906,166.78787231445312
2022-05-23,20.058450414903987,13.061966188851358,15.070503329697896,11.952335858585858,285.8521728515625,374.6298522949219,168.8054962158203
2022-05-24,19.02347809618813,12.273117639559306,12.049633767121675,11.755050505050505,279.77423095703125,371.77008056640625,166.30482482910156
2022-05-25,22.794517008019874,17.11622181100462,9.349568304015383,15.561868686868687,283.6897888183594,375.0545959472656,169.2980499267578
2022-05-26,28.10881033922098,24.501957751146406,4.674784152007692,30.5602904040404,291.55010986328125,382.54864501953125,173.07752990722656
2022-05-27,32.23186846899206,30.172540511765803,2.337392076003846,37.803030303030305,301.066162109375,391.93988037109375,177.7378387451172
2022-05-31,34.995056537832994,33.88009200482354,1.168696038001923,44.51546717171717,300.2674560546875,389.7407531738281,175.53077697753906
2022-06-01,32.06344369292961,30.463711357366847,3.3493022487989417,35.66761363636363,298.04669189453125,386.58831787109375,174.53619384765625
2022-06-02,35.67615514710441,34.528872289637015,1.6746511243994708,46.85921717171717,306.2088623046875,393.9502868652344,178.79873657226562
2022-06-03,32.326074665366555,30.13091297433011,4.94382019603812,33.71843434343434,298.2414855957031,387.4849853515625,177.18844604492188
2022-06-06,33.13430971458201,30.900880679777686,4.09556855761502,41.6635101010101,299.2349548339844,388.6647033691406,177.95571899414062
2022-06-07,41.55187987016413,40.0565492896666,2.04778427880751,58.0602904040404,301.816162109375,392.3929138183594,180.82577514648438
2022-06-08,38.708307862435284,37.17742766921028,2.8157363628886034,52.326388888888886,299.6440734863281,388.1267395019531,178.03152465820312
2022-06-09,29.328474224651174,25.68206232010215,8.55305047311097,35.195707070707066,291.6182556152344,378.8959655761719,174.3408660888672
2022-06-10,22.36461414632754,14.811480670111225,17.28453502190902,23.497474747474747,281.3327331542969,367.90966796875,169.61122131347656
2022-06-13,13.863992099151549,7.914799458931294,30.0,8.175505050505052,268.2518005371094,353.9407958984375,161.64306640625
2022-06-14,10.738064712307523,5.486481980382254,30.0,6.92550505050505,268.7387390136719,352.874267578125,160.86428833007812
2022-06-15,9.325511648477523,4.487947034132063,30.0,6.862373737373738,275.4497375488281,357.9049377441406,163.21958923339844
2022-06-16,7.434645461965648,3.751753553480123,30.0,3.743686868686868,264.33624267578125,346.05963134765625,155.6597900390625
2022-06-17,6.880002951327961,3.3764463892401926,30.0,5.2020202020202015,267.5504455566406,346.80572509765625,156.87542724609375
2022-06-21,9.440473841980134,5.611510543506435,30.0,8.112373737373737,274.3006286621094,355.53607177734375,159.68663024902344
2022-06-22,9.9042972332093,6.497883541125474,30.0,6.156881313131313,273.90057373046875,354.8915100097656,159.38270568847656
2022-06-23,12.04025513236512,8.262191309077918,30.0,10.814393939393938,277.9797668457031,358.370361328125,161.29164123535156
2022-06-24,18.298658862636866,12.915230180800396,30.0,20.845959595959595,287.50433349609375,369.7643737792969,166.28720092773438
2022-06-27,19.692795042653284,14.381652148707795,30.0,16.07323232323232,285.3964538574219,368.3519287109375,166.90452575683594
2022-06-28,17.61515864060133,13.628111009286169,30.0,9.008838383838384,276.70135498046875,360.825439453125,163.7704315185547
2022-06-29,15.964131084437058,12.846226318443115,30.0,7.550505050505051,276.9550476074219,360.5315246582031,162.1084442138672
2022-06-30,13.530468736309974,10.396722703200883,30.0,9.610164141414142,273.5199279785156,357.6025695800781,160.8452606201172
2022-07-01,13.666631173069941,9.981308421292837,29.94063679438792,12.78566919191919,275.3253479003906,361.3846435546875,162.79220581054688
2022-07-05,12.988029964824781,9.766996454973153,28.67918440098184,14.191919191919192,280.0388488769531,362.06719970703125,164.14083862304688
2022-07-06,14.036251682213777,10.951462734485457,27.168072314127283,17.00915404040404,281.83441162109375,363.2900390625,162.92520141601562
2022-07-07,18.30469630573475,15.14124813797346,21.054739282063643,28.42013888888889,287.8654479980469,368.73114013671875,166.7810516357422
2022-07-08,19.760015988135677,16.446274006289322,12.946581288759091,27.4542297979798,288.2264709472656,368.42779541015625,166.76205444335938
2022-07-11,17.451098460714338,13.807866496696757,6.923594463823991,26.979166666666664,282.0686950683594,364.21905517578125,163.40953063964844
2022-07-12,14.359907268968735,11.472344284354403,4.563142718023109,24.89583333333333,279.336181640625,360.9960632324219,162.84918212890625
2022-07-13,11.830200928551106,8.597003652968018,6.192753492849938,15.90435606060606,278.7603759765625,359.1002502441406,162.70675659179688
2022-07-14,12.824521284449748,10.145232547603268,4.367880849960324,24.351325757575754,279.755859375,358.22821044921875,161.03524780273438
2022-07-15,19.538958115985867,17.845083714544316,2.183940424980162,44.55650252525252,284.8304443359375,365.0721435546875,164.38775634765625
2022-07-18,20.58412412075574,18.8794545710659,3.109212952389069,38.10132575757576,282.4200134277344,362.0577697753906,163.92237854003906
2022-07-19,32.24757314746517,31.109327589630553,1.5546064761945344,65.14835858585859,291.10528564453125,371.8402404785156,169.7062225341797
2022-07-20,35.81221083871226,35.14778446546506,0.7773032380972672,66.65877525252525,295.7212829589844,374.2101745605469,172.3654327392578
2022-07-21,38.65339587839868,38.289414826998446,0.3886516190486336,70.10574494949495,299.9663391113281,378.0207824707031,173.24868774414062
2022-07-22,39.062951108135444,38.55353101639868,1.058435658009161,67.34059343434345,294.70635986328125,374.513427734375,170.4849853515625
2022-07-25,40.9840279410965,40.620174706549236,0.5292178290045805,71.69665404040404,293.02783203125,374.9683837890625,171.36822509765625
2022-07-26,36.50931430648991,35.07771814252701,3.573577506674005,61.107954545454554,287.2701110839844,370.5321960449219,170.31402587890625
2022-07-27,41.99280866435916,40.86045406681463,1.7867887533370026,72.79513888888889,299.41009521484375,380.15350341796875,174.1888885498047
2022-07-28,45.279151661451614,44.57412219082498,0.8933943766685013,76.26736111111111,302.33770751953125,384.921630859375,176.58221435546875
2022-07-29,47.898434884506514,47.499636091908414,0.44669718833425065,80.13099747474747,307.85150146484375,390.5333251953125,177.83583068847656
2022-08-01,52.43810062628183,52.22327321088785,0.22334859416712532,82.64362373737373,307.66607666015625,389.37677001953125,177.7693634033203
2022-08-02,51.029063505712855,50.91650712498422,0.11167429708356266,83.29703282828282,306.7487487792969,386.8079833984375,177.59840393066406
2022-08-03,53.10846689934643,53.05047448463824,0.05583714854178133,87.83301767676767,315.102294921875,392.8652038574219,180.21014404296875
2022-08-04,51.25671709528086,51.22714947981214,0.027918574270890666,88.53377525252525,316.5758361816406,392.59979248046875,179.8302764892578
2022-08-05,55.129480685301544,55.11450640819564,0.013959287135445333,89.98579545454544,313.9897155761719,391.9361877441406,181.2073974609375
2022-08-08,59.41651108191623,59.40896045357276,0.006979643567722666,91.7092803030303,312.974853515625,391.4812316894531,183.1258087158203
2022-08-09,61.72086912474918,61.71707264731394,0.003489821783861333,92.6751893939394,309.432373046875,389.92657470703125,180.6280517578125
2022-08-10,66.25825376214168,66.25634846900289,0.0017449108919306666,95.08838383838383,318.06890869140625,398.11663818359375,185.7850341796875
2022-08-11,68.79288262255346,68.77528989302886,0.04624808675909683,94.94318181818181,316.2635803222656,398.11663818359375,186.47837829589844
2022-08-12,74.26269561723781,74.2483525581571,0.023124043379548414,96.74873737373738,322.4214172363281,404.8563232421875,190.28672790527344
2022-08-15,76.04393885630049,76.03491842865398,0.011562021689774207,96.95075757575756,325.0269775390625,406.52459716796875,190.96104431152344
2022-08-16,77.238533274651,77.23340676145904,0.0057810108448871035,97.1590909090909,324.2657470703125,407.3209228515625,190.8850860595703
2022-08-17,73.8112010750954,73.59358863537653,0.5888280054224435,95.2840909090909,320.5672302246094,404.4297790527344,187.6750030517578
2022-08-18,74.8223704251576,74.60137188499793,0.4048938006910229,96.80555555555554,321.3381652832031,405.605224609375,188.9191131591797
2022-08-19,67.74948412428803,67.18311229836736,1.343742670547536,93.50694444444443,315.072998046875,400.1546630859375,184.86378479003906
2022-08-22,60.98118260508991,56.78428425453449,10.931202932495987,78.01925505050505,306.77801513671875,391.8224792480469,181.055419921875
2022-08-23,58.6290752946763,51.1029722628854,16.710373404379308,76.92550505050505,306.5242919921875,390.8744812011719,181.3498077392578
2022-08-24,58.876360979520406,49.36203421978723,19.106252043098745,78.92203282828282,307.4123229980469,392.12579345703125,182.73643493652344
2022-08-25,61.71462153996785,53.41167717604426,13.995005756397848,88.9441287878788,312.84796142578125,397.66168212890625,185.5760955810547
2022-08-26,53.022868019201766,39.49213087959133,29.353879140825185,61.183712121212125,300.02490234375,384.2011413574219,179.47886657714844
2022-08-29,45.052724450503156,29.542478737299675,30.0,51.18055555555556,297.0679931640625,381.6607971191406,177.8263702392578
2022-08-30,38.65870854727821,22.488626642877044,30.0,43.93623737373737,293.7596740722656,377.470947265625,175.33810424804688
2022-08-31,35.339236238639984,18.949208937172926,30.0,40.00789141414142,292.0519104003906,374.5987854003906,174.27439880371094
2022-09-01,32.07178359961803,15.608441165795675,30.0,35.077335858585855,292.17889404296875,375.774169921875,172.3749542236328
2022-09-02,30.401164577347807,13.91338376607369,30.0,32.81565656565657,288.0509033203125,371.81182861328125,171.0358123779297
2022-09-06,29.098248855263535,12.602321918172162,30.0,30.189393939393938,285.9819641113281,370.40899658203125,169.34530639648438
2022-09-07,32.58979302898511,16.09115071662132,30.0,37.55997474747475,291.75921630859375,377.0633850097656,173.0302276611328
2022-09-08,38.47458923121815,21.975041793763552,30.0,42.356376262626256,293.2717590332031,379.52789306640625,174.47381591796875
2022-09-09,49.948533050827066,33.44868390500887,30.0,53.47695707070707,299.6833801269531,385.4239807128906,177.97828674316406
2022-09-12,57.46044342361827,40.96049370834554,30.0,67.92455808080808,303.24530029296875,389.56640625,180.13418579101562
2022-09-13,46.669938126040705,30.169954887616456,30.0,29.588068181818183,286.6163330078125,372.62701416015625,173.08724975585938
2022-09-14,41.537579536306964,25.03758512349888,30.0,29.23453282828283,288.89007568359375,374.0489501953125,173.76153564453125
2022-09-15,37.217369240805645,20.71737110320295,30.0,23.634785353535353,284.0790100097656,369.80224609375,172.49839782714844
2022-09-16,33.85253794936657,17.352538570165674,30.0,18.797348484848484,282.34197998046875,366.9810485839844,169.9911651611328
2022-09-19,32.096606909316975,15.59660711625001,30.0,15.759154040404042,284.5406799316406,369.8270263671875,171.4442138671875
2022-09-20,29.361451265338815,12.861451334316492,30.0,10.344065656565657,282.27252197265625,365.5818786621094,169.10789489746094
2022-09-21,25.84038060791847,9.340380630911028,30.0,4.362373737373738,277.2181091308594,359.204833984375,166.52462768554688
2022-09-22,22.4329436561425,5.932943663806681,30.0,4.362373737373738,273.80615234375,356.1875,162.773193359375
2022-09-23,17.88219764788091,3.8896050578430446,30.0,3.806818181818182,269.34820556640625,350.21966552734375,158.89834594726562
2022-09-26,15.738839903736693,2.8639942255759236,30.0,3.5984848484848486,268.2336730957031,346.7550964355469,156.7227325439453
2022-09-27,14.870730278984107,2.4666150529305173,30.0,3.2512626262626263,268.34124755859375,345.8698425292969,157.25729370117188
2022-09-28,15.485924089948831,3.460941236819857,30.0,1.10479797979798,273.6791076660156,352.67535400390625,162.2310028076172
2022-09-29,13.751002815403226,2.801008531026902,30.0,1.3131313131313131,265.78961181640625,345.308349609375,158.5938262939453
2022-09-30,11.940753169644445,3.0430698896671506,30.0,1.1805555555555556,261.2826843261719,339.96856689453125,157.43873596191406
2022-10-03,15.858206795360363,7.586756813145709,30.0,3.465909090909091,267.4124755859375,348.9441833496094,161.6104736328125
2022-10-04,25.007146788038597,13.066663460633713,30.0,17.855113636363633,275.8201599121094,359.7568664550781,168.01611328125
2022-10-05,25.372162546359945,13.610519955743504,30.0,17.028093434343432,275.67352294921875,358.9192199707031,166.77505493164062
2022-10-06,23.213354293840737,13.288177134005625,30.0,11.068497474747474,273.5031433105469,355.2167053222656,165.83950805664062
2022-10-07,17.345000508085327,10.279200714066214,30.0,5.953282828282828,263.08154296875,345.308349609375,160.9613037109375
2022-10-10,12.356981974312506,6.5702338948246535,26.258223337952558,5.4498106060606055,260.45172119140625,342.67181396484375,160.06398010253906
2022-10-11,9.405978132533438,4.834469513444895,20.928788120996483,4.2755681818181825,256.8735656738281,340.50164794921875,160.11170959472656
2022-10-12,8.909436804532072,3.9300450426136684,16.380488599639655,4.703282828282828,256.78558349609375,339.37847900390625,159.6725311279297
2022-10-13,13.320616487300558,8.471459402097526,8.698254085173362,17.171717171717173,262.80780029296875,348.3350524902344,163.62472534179688
2022-10-14,10.031980258594842,6.172076045008646,7.923937648647286,6.415719696969697,254.9084930419922,340.39697265625,159.24295043945312
2022-10-17,14.782761067227042,12.043404427112975,3.961968824323643,18.369633838383837,263.32598876953125,349.14410400390625,164.32164001464844
2022-10-18,18.52492372562549,16.885443894461467,1.9809844121618214,22.94034090909091,265.4084167480469,353.2464599609375,166.2690887451172
2022-10-19,18.101031503307517,16.821349070134286,1.9996067894142444,19.711174242424242,264.44049072265625,350.7431640625,163.4434051513672
2022-10-20,14.608683487758917,12.813647311604857,3.732205541171769,14.19665404040404,263.09130859375,347.802001953125,161.3622283935547
2022-10-21,22.796688771930945,21.514105697331438,1.8661027705858846,39.08301767676768,269.2602233886719,356.2541198730469,164.8657684326172
2022-10-24,28.921293536409852,28.1516470036026,0.9330513852929423,49.346590909090914,272.222412109375,360.6134948730469,165.57220458984375
2022-10-25,34.27402610586237,33.84641784095625,0.46652569264647115,60.17676767676769,277.8536376953125,366.3719482421875,170.087646484375
2022-10-26,36.95867189579057,36.73060609717001,0.23326284632323557,62.3705808080808,271.714111328125,363.6116943359375,170.927734375
2022-10-27,35.991188554431375,35.389184173806,1.4344975847777768,58.15340909090909,266.7672424316406,361.6700134277344,170.9658966064453
2022-10-28,40.67696459763177,40.213305246880715,0.7172487923888884,67.54261363636364,274.9305114746094,370.27435302734375,174.8512725830078
2022-10-31,42.07415353340884,41.72643669112794,0.5268101600833326,67.0044191919192,271.7336730957031,367.5997009277344,175.01358032226562
2022-11-01,40.19727651220714,39.57192011182045,1.3894112353446961,63.939393939393945,268.95709228515625,365.99114990234375,175.25225830078125
2022-11-02,30.129871095836712,27.1945436849687,7.436932574743057,45.96748737373737,259.73809814453125,356.80615234375,169.43844604492188
2022-11-03,25.658392996272447,20.81506612802096,10.540593812624055,45.71180555555556,254.66415405273438,353.1321716308594,168.302490234375
2022-11-04,30.31754465690429,25.768236846746788,8.00417869292819,58.79419191919192,258.7604064941406,358.21484375,170.5745086669922
2022-11-07,35.46808092847187,32.287995506845505,4.537225867928741,65.83017676767678,261.6053466796875,361.6414489746094,171.34779357910156
2022-11-08,39.79666665579002,37.90481343946096,2.2686129339643704,72.27588383838385,263.51165771484375,363.5926513671875,171.4145965576172
2022-11-09,37.57038728035685,35.65724837405739,3.497785002335723,64.71275252525253,257.4308166503906,356.1018371582031,166.70823669433594
2022-11-10,50.072223459349885,48.793249906821856,1.7488925011678615,86.95391414141413,276.42626953125,375.671142578125,176.97055053710938
2022-11-11,55.66626294785466,54.919308138464544,0.8744462505839308,89.7143308080808,281.51971435546875,379.30706787109375,178.42160034179688
2022-11-14,55.90499603702781,55.49569595462405,0.4372231252919654,89.97474747474747,279.0560607910156,376.0804138183594,176.4264373779297
2022-11-15,58.17331419416853,57.956723260397084,0.2186115626459827,91.07954545454545,282.917724609375,379.28802490234375,179.04212951660156
2022-11-16,57.501390186262185,57.38911442185328,0.10930578132299135,91.84343434343435,279.0560607910156,376.3945007324219,175.891845703125
2022-11-17,54.69116792114437,54.0144903101359,1.7434155169241254,86.43939393939394,278.440185546875,375.2428283691406,174.25936889648438
2022-11-18,54.51518929412593,53.588782847538866,1.9114015715933776,88.51641414141415,278.4499816894531,376.946533203125,175.38589477539062
2022-11-21,54.712832344782754,53.53458169020236,2.3712231974128524,87.31376262626263,275.58551025390625,375.575927734375,174.4694366455078
2022-11-22,59.751071247672,58.923596776619505,1.1856115987064262,92.12752525252526,279.5546569824219,380.6300964355469,176.33099365234375
2022-11-23,62.6741649709745,62.18097802086082,0.5928057993532131,93.8510101010101,282.3605041503906,383.0286560058594,176.78919982910156
2022-11-25,66.09032538729711,65.78469659071114,0.38518130876751483,93.5669191919192,280.50299072265625,382.9430236816406,177.1614990234375
2022-11-28,60.7564676254096,59.673420677810604,2.6759200420100115,87.80934343434345,276.3871154785156,376.8323669433594,173.59115600585938
2022-11-29,60.385628925357054,58.11909737956667,5.196861536156515,85.73863636363637,274.2950744628906,376.18511962890625,174.0971221923828
2022-11-30,69.51676286187063,67.80849439831181,2.5984307680782575,96.19949494949495,286.7989807128906,388.03515625,178.8702850341797
2022-12-01,72.8586288714625,71.7969127242767,1.3426181618169055,96.06060606060606,287.15093994140625,387.7496643066406,178.47894287109375
2022-12-02,75.38356215436912,74.78351010897408,0.6713090809084528,97.37373737373737,286.00701904296875,387.3022766113281,179.5194854736328
2022-12-05,69.65851855861092,67.84020218420159,4.413542798029983,86.42045454545455,281.2069396972656,380.3349914550781,174.57443237304688
2022-12-06,61.383194403672704,55.269227048304835,15.021441537903883,71.84027777777777,275.380126953125,374.8525695800781,171.90147399902344
2022-12-07,57.22660638453057,47.082400437829264,22.10786407703275,71.39520202020202,274.2559509277344,374.2148132324219,171.39549255371094
2022-12-08,56.394639677414524,44.02016979031734,24.526548831445673,74.05618686868686,277.5016784667969,377.1464538574219,172.6365509033203
2022-12-09,54.01840657202481,39.56154585167182,28.178283885419802,70.00631313131314,275.7321472167969,374.3291015625,170.51724243164062
2022-12-12,58.14477926648575,43.9558862631152,25.554380263416974,74.2471590909091,279.19293212890625,379.7259216308594,172.52197265625
2022-12-13,64.35946328231259,52.03362124678485,20.716939184738784,78.8525883838384,282.1943054199219,382.60040283203125,173.950927734375
2022-12-14,65.24827886957607,52.73326940997583,22.926533039339088,76.67771464646465,280.10211181640625,380.1541748046875,172.8096923828125
2022-12-15,53.98526284224853,38.81359302238179,30.0,47.776199494949495,270.6973571777344,370.85498046875,168.48439025878906
2022-12-16,45.783658988864914,29.726435715575988,30.0,38.97727272727272,268.1164245605469,366.47662353515625,167.22804260253906
2022-12-19,41.648071108664794,25.295663350901822,30.0,35.459280303030305,264.3484191894531,363.3690185546875,164.96470642089844
2022-12-20,41.655185243444606,25.204382657523617,30.0,35.46559343434343,264.1426086425781,363.8662109375,165.83746337890625
2022-12-21,47.33910294088231,30.855502078908646,30.0,46.11742424242425,267.97430419921875,369.30694580078125,168.69537353515625
2022-12-22,45.72057895240596,29.226045331748068,30.0,34.933712121212125,261.4183044433594,364.0382995605469,166.48960876464844
2022-12-23,48.67630446826607,32.17812659471344,30.0,37.13699494949495,262.0062255859375,366.1324462890625,167.24722290039062
2022-12-27,49.29869827539078,32.79930565087324,30.0,35.95643939393939,258.3019104003906,364.6885681152344,166.12515258789062
2022-12-28,44.55138698578704,28.051589444281195,30.0,27.376893939393938,254.89166259765625,360.15618896484375,163.5453338623047
2022-12-29,48.07732572645786,31.577393212622578,30.0,35.626578282828284,261.1046142578125,366.6391906738281,167.6884002685547
2022-12-30,47.939177081653014,31.43919957704125,30.0,26.417297979797976,260.9479064941406,365.6734313964844,167.21847534179688
2023-01-03,43.35128972734559,26.85129722580833,30.0,21.365214646464644,259.1839294433594,364.1339111328125,166.29774475097656
2023-01-04,49.25960720753373,32.75960970702131,30.0,35.77651515151515,260.4186706542969,366.94512939453125,168.36929321289062
2023-01-05,46.13307983678869,29.633080669951212,30.0,24.987373737373737,256.3420104980469,362.757080078125,166.56631469726562
2023-01-06,57.31451287961715,41.73687519348963,27.484467174131886,56.57039141414141,263.4173583984375,371.0758056640625,170.3065948486328
2023-01-09,60.41862914973866,47.25016213123493,21.75251215398514,53.21969696969697,265.1225891113281,370.8655090332031,170.5943145751953
2023-01-10,64.5793198878704,54.33826354930521,15.95881999744712,62.588383838383834,267.3666687011719,373.46630859375,173.11656188964844
2023-01-11,70.79429159949512,63.98878516071919,9.250420888875079,74.78535353535354,271.9921569824219,378.1898193359375,175.27438354492188
2023-01-12,72.21795304713356,67.48332194393299,6.725806246205222,69.95580808080807,273.462158203125,379.5667419433594,178.21864318847656
2023-01-13,73.30062205690963,70.36998957181626,3.6884239564359413,73.74368686868688,275.3437194824219,381.0392761230469,179.3887176513672
2023-01-17,73.03453380468795,70.81937927875468,3.377119175187668,69.8800505050505,275.9023132324219,380.3412780761719,179.16810607910156
2023-01-18,70.0551743833657,67.98982405834427,3.618996771937273,68.60795454545453,272.3155822753906,374.3363952636719,176.2718048095703
2023-01-19,63.178937218454266,59.90679314174011,7.046438095564596,58.027146464646464,269.64019775390625,371.6113586425781,174.58387756347656
2023-01-20,67.88699941741035,65.04274069237434,4.782392816721693,70.75599747474747,277.0193786621094,378.5340881347656,177.46102905273438
2023-01-23,73.48251548044982,71.65765722237218,2.3911964083608463,77.29324494949496,283.1736755371094,383.07598876953125,179.65724182128906
2023-01-24,75.66654210502733,74.61987001080198,1.1955982041804232,79.09248737373737,282.59552001953125,382.664794921875,179.2736053466797
2023-01-25,77.11279734267798,76.5447136405031,0.5977991020902116,79.50915404040404,281.9683532714844,382.80828857421875,179.77232360839844
2023-01-26,80.65775576832085,80.35879803221269,0.2988995510451058,82.2348484848485,287.46600341796875,387.0155334472656,180.8368377685547
2023-01-27,82.44226619076576,82.2878153610381,0.1494497755225529,83.97095959595961,290.3275451660156,387.9046630859375,181.81507873535156
2023-01-30,80.18407771218183,80.02435730314903,0.29519127033704223,83.26546717171716,284.45751953125,383.03765869140625,179.28318786621094
2023-01-31,83.84507423210329,83.73771569619723,0.14759563516852112,88.2354797979798,288.7203369140625,388.6696472167969,183.63722229003906
2023-02-01,85.82662019564751,85.76377481723127,0.07379781758426056,88.79103535353535,294.8941955566406,392.8003845214844,186.5239715576172
2023-02-02,86.05613747555293,85.71675490230152,0.868456673943644,86.1300505050505,305.47796630859375,398.518310546875,190.19711303710938
2023-02-03,85.00412116637902,84.23589984896111,1.7866194354566662,84.46338383838385,300.0488586425781,394.282470703125,188.92156982421875
2023-02-06,84.06538259776822,82.83614560935075,2.6540814980313607,83.15656565656566,297.5107421875,391.8728332519531,186.1883087158203
2023-02-07,84.64233649714598,83.44038133284923,2.1605713677025444,86.12373737373738,303.6748046875,396.9979553222656,187.56932067871094
2023-02-08,81.51214805053573,80.02058544409877,2.9752115045583394,82.72727272727273,298.27508544921875,392.65692138671875,184.8264617919922
2023-02-09,76.55049778002542,73.57136753352556,6.768934666420584,77.06281565656566,295.6390075683594,389.2528991699219,182.15074157714844
2023-02-10,76.18383863454665,72.4177058079807,7.5629711210890775,79.69539141414143,293.69866943359375,390.1612854003906,182.51516723632812
2023-02-13,78.6392109620983,75.24587805743221,5.830787170393016,82.74936868686869,298.4024658203125,394.7414245605469,184.7113800048828
2023-02-14,77.50269656451033,73.32959000856809,8.296351602873273,79.90372474747475,300.6074523925781,394.5597229003906,184.6250457763672
2023-02-15,80.70249040394546,76.30535871180834,8.19844410951744,82.31060606060606,302.910400390625,395.8409729003906,186.49520874023438
2023-02-16,77.18128045666828,71.42280826421104,11.707531713849637,75.28724747474746,297.2265625,390.39080810546875,184.7113800048828
2023-02-17,75.52426538821514,68.0067879404125,15.267236500864222,71.56565656565655,295.1294250488281,389.41546630859375,185.2196807861328
2023-02-21,66.98334536425554,54.26894864353325,27.841557013058377,53.641098484848484,288.14215087890625,381.6034240722656,179.75314331054688
2023-02-22,61.53083237350658,46.29270013326582,30.0,47.861426767676775,288.3577880859375,381.07757568359375,180.2422637939453
2023-02-23,60.93365573270394,44.85427831929035,30.0,49.77114898989899,290.8763122558594,383.1046447753906,181.52734375
2023-02-24,56.27490170112543,39.915109229987564,30.0,41.31786616161616,286.00579833984375,379.0121765136719,179.82986450195312
2023-02-27,54.72279844728578,38.269534290239825,30.0,40.680239898989896,288.05401611328125,380.30303955078125,180.4628143310547
2023-02-28,52.745475274963546,36.26105388928156,30.0,35.43876262626262,287.68157958984375,378.8974304199219,180.472412109375
2023-03-01,56.660392585765806,40.16558545720514,30.0,43.71843434343434,285.36883544921875,377.44403076171875,180.70260620117188
2023-03-02,56.949057773062876,40.450788730209325,30.0,40.31565656565657,287.7305603027344,380.3795166015625,181.13412475585938
2023-03-03,62.72630340928342,46.2268803949989,30.0,50.17518939393939,293.6790466308594,386.4799499511719,183.6564483642578
2023-03-06,63.090553689325404,46.59074601789723,30.0,44.96685606060606,294.01226806640625,386.7476806640625,180.9711456298828
2023-03-07,55.2667062324699,38.76677034199384,30.0,33.691603535353536,290.4059143066406,380.8193359375,178.8708038330078
2023-03-08,55.64605765528104,39.146079025122354,30.0,36.98863636363636,291.8562927246094,381.44091796875,178.95713806152344
2023-03-09,46.422182408550455,29.922189531830885,30.0,21.709280303030305,286.7996520996094,374.4033508300781,173.97970581054688
2023-03-10,37.60951490965918,21.10951728408599,30.0,15.142045454545453,282.7718200683594,369.00091552734375,168.9639129638672
2023-03-13,33.67666848125737,17.176669272732973,30.0,14.690656565656566,284.8690185546875,368.47503662109375,166.21148681640625
2023-03-14,36.007019515343735,19.50701977916894,30.0,16.281565656565654,291.415283203125,374.5659484863281,169.29000854492188
2023-03-15,32.551956639822066,17.75334561665269,30.0,12.559974747474747,292.9439392089844,372.22332763671875,166.49916076660156
2023-03-16,35.53322250831331,20.575352167256852,30.0,16.922348484848484,300.6662902832031,378.7539367675781,168.77207946777344
2023-03-17,33.45713554809853,19.729049138116746,30.0,12.503156565656566,299.2452697753906,374.3253173828125,164.21669006347656
2023-03-20,37.390971700373626,22.209387341490807,30.0,18.645833333333332,300.30731201171875,377.9246826171875,166.34573364257812
2023-03-21,43.619031505681434,27.55850338605383,30.0,24.37973484848485,304.5963439941406,382.8870544433594,169.4146728515625
2023-03-22,39.44948762655963,23.095978253350427,30.0,16.581439393939394,300.45452880859375,376.36016845703125,164.60987854003906
2023-03-23,37.02841503654691,21.080023023254952,29.073232975989924,16.917613636363633,304.0173034667969,377.37762451171875,163.87925720214844
2023-03-24,39.6269155731569,25.72928159951698,23.404099916025267,21.799242424242422,305.13623046875,379.85394287109375,165.36166381835938
2023-03-27,43.22183619922636,31.57628149887139,19.126391024931824,26.417297979797976,303.045654296875,380.5642395019531,167.20018005371094
2023-03-28,41.74330771179683,31.277875024237296,17.95522123847601,23.320707070707073,301.4360046386719,379.7099609375,166.95953369140625
2023-03-29,50.31699146495823,42.21981072631037,12.569190480349118,38.682133838383834,306.9322814941406,385.2291259765625,168.85581970214844
2023-03-30,54.99159903915858,49.263903350711956,8.259914842447287,43.85416666666666,309.83758544921875,387.48468017578125,168.62477111816406
2023-03-31,59.03037964981222,55.60683003254802,4.129957421223644,52.42897727272727,314.9904479980469,392.9461669921875,171.72430419921875
2023-04-03,60.14671001510301,58.248367948790616,2.064978710611822,53.17392676767677,314.2248229980469,394.4434509277344,171.80128479003906
2023-04-04,59.28338226944657,57.96313904854509,1.8748978149018736,50.47821969696969,313.1647644042969,392.2550964355469,168.78843688964844
2023-04-05,55.760482442377196,54.199037000826166,3.058266457955989,46.3873106060606,310.0731506347656,391.2279968261719,167.13278198242188
2023-04-06,55.530805076398984,53.67598656470115,3.6391000850386024,46.42203282828282,312.1636962890625,392.754150390625,167.38304138183594
2023-04-10,55.58654621274242,54.30110502658607,1.8195500425193012,57.17171717171718,311.9870300292969,393.1572265625,169.1734619140625
2023-04-11,60.01469717773414,59.25263260788682,0.9097750212596506,65.98958333333333,309.9847717285156,393.26287841796875,170.51144409179688
2023-04-12,58.881936092864066,58.187323292535865,1.201612573761138,63.60006313131313,307.2464599609375,391.659912109375,169.2600860595703
2023-04-13,64.0849577086536,63.63312447002134,0.600806286880569,72.71306818181819,313.26300048828125,396.8622741699219,171.50289916992188
2023-04-14,63.78325957805877,63.38994136212362,0.6619285537938226,71.55618686868686,312.6740417480469,395.8927917480469,169.905029296875
2023-04-17,65.77265178966458,65.52019214949065,0.3309642768969113,76.80397727272728,312.9390563964844,397.3133239746094,172.09011840820312
2023-04-18,66.72476549235918,66.57993549487011,0.16548213844845566,77.9782196969697,312.9586181640625,397.5724792480469,171.35853576660156
2023-04-19,68.90292525175181,68.82431019387325,0.08274106922422783,80.1010101010101,312.8114929199219,397.5053405761719,171.57989501953125
2023-04-20,65.54239888532405,64.98326570009934,1.453440452541409,75.58238636363636,310.42645263671875,395.3360900878906,170.69435119628906
2023-04-21,65.50862960691511,64.58577188118909,2.008581810866665,75.99905303030303,310.7503356933594,395.64324951171875,170.91575622558594
2023-04-24,64.61062696275981,63.32351193515522,2.67135214280707,74.76641414141415,310.10260009765625,396.0559997558594,170.80023193359375
2023-04-25,56.13391739623129,50.728911542792915,13.570820484282324,53.469065656565654,304.25286865234375,389.7690734863281,166.58412170410156
2023-04-26,49.622337180123715,39.3251978276925,23.16946563986843,45.636047979797986,306.09808349609375,388.1181335449219,164.9766387939453
2023-04-27,55.38123452598221,44.586789224066294,20.078360503015027,62.81723484848485,314.4211730957031,395.84478759765625,167.18093872070312
2023-04-28,59.59605380797143,50.863602939187444,14.002643004032764,69.48705808080808,316.5902404785156,399.22344970703125,168.64402770996094
2023-05-01,61.75876170287846,54.32314740652595,12.340356382066894,69.91003787878788,316.22711181640625,398.8202819824219,168.74032592773438
2023-05-02,53.14109836452221,40.306086074859095,28.244929611487997,43.72001262626262,313.4690856933594,394.3377990722656,165.27503967285156
2023-05-03,47.632974456041836,32.35463702615412,30.0,35.672348484848484,311.4177551269531,391.631103515625,165.88143920898438
2023-05-04,41.951248083313445,25.858468940017545,30.0,34.463383838383834,310.3184509277344,388.8572082519531,164.023681640625
2023-05-05,50.504055205904905,34.13979549147294,30.0,56.04955808080808,316.9141540527344,396.0559997558594,167.922119140625
2023-05-08,52.77932791914172,36.324574680997735,30.0,54.30239898989898,317.6993713378906,396.1615295410156,167.53707885742188
2023-05-09,51.53355661154897,35.298996262024424,29.317207100390572,46.55460858585858,315.687255859375,394.4241943359375,167.0365447998047
2023-05-10,52.778285850482234,38.40000288130986,24.45480777999327,48.75315656565656,319.12249755859375,396.26715087890625,167.8836212158203
2023-05-11,51.968833177898844,36.96153480119447,27.85782923721886,46.45044191919192,320.162841796875,395.5760803222656,166.59376525878906
2023-05-12,49.448697259282795,33.44626446704801,30.0,44.17613636363636,319.0145263671875,395.0577392578125,166.25685119628906
2023-05-15,51.02949932284938,34.69535505877113,30.0,49.95738636363636,320.7419738769531,396.4206848144531,168.2878875732422
2023-05-16,44.56767235079623,28.12295759610347,30.0,38.027146464646464,321.1051025390625,393.7716064453125,165.83334350585938
2023-05-17,51.0302024964207,37.55189170417712,21.809288747307242,55.84280303030303,324.9917907714844,398.5515441894531,169.5296173095703
2023-05-18,56.46046768400532,46.255279783843726,15.579320825673824,61.04008838383838,331.02801513671875,402.39093017578125,170.55958557128906
2023-05-19,56.9227994937487,48.75188394509907,13.006871587079338,58.07133838383838,330.2820739746094,401.805419921875,169.52001953125
2023-05-22,58.40749431272694,52.15704623702733,9.618571525862901,59.941603535353536,331.39117431640625,401.9686279296875,171.5895538330078
2023-05-23,54.26352490463207,47.852980025583264,11.801078692224378,47.536300505050505,327.1903076171875,397.4573669433594,170.78097534179688
2023-05-24,48.78700956649074,41.33938625628889,14.483931865051577,45.5981691919192,325.511962890625,394.5778503417969,168.97134399414062
2023-05-25,46.14114129031759,37.309636289435296,17.31535608404094,42.062815656565654,333.4326477050781,397.994873046875,167.652587890625
2023-05-26,46.96256835517788,37.66879567697627,17.31801184883865,43.18655303030303,341.95196533203125,403.149169921875,169.55848693847656
2023-05-30,45.291826943667566,35.41650332309105,18.48381653047993,39.7790404040404,343.5027770996094,403.302734375,168.9328155517578
2023-05-31,43.043185834732995,32.38864475700839,20.080272375088448,32.19223484848485,341.54962158203125,401.0662841796875,167.26756286621094
2023-06-01,46.2343532044416,34.889223893563475,21.255315322645238,40.497159090909086,345.49517822265625,404.8768310546875,169.07720947265625
2023-06-02,59.55010083021374,51.87158325076939,10.627657661322619,68.91098484848484,348.0862731933594,410.7318115234375,175.20883178710938
2023-06-05,64.45303749901869,59.92125620685032,5.378932997327974,68.70265151515152,348.3316650390625,409.94476318359375,172.86013793945312
2023-06-06,66.35296431542329,63.72240760370889,3.0544444027043935,67.74305555555554,348.27276611328125,410.83740234375,177.41314697265625
2023-06-07,69.16991451925539,67.7330808081881,1.5272222013521968,72.7572601010101,342.3642272949219,409.4168701171875,180.73265075683594
2023-06-08,71.84744567760532,71.08851037033499,0.7636111006760984,72.89614898989899,346.614013671875,411.8932189941406,180.05699157714844
2023-06-09,73.3181144542708,72.71174365931599,0.9637973432673442,71.03377525252525,347.9391174316406,412.63232421875,178.59942626953125
2023-06-12,76.42980037528307,76.0509805973658,0.4818986716336721,76.67455808080807,353.8182067871094,416.37567138671875,179.34271240234375
2023-06-13,78.7708444909124,78.55622314180712,0.24094933581683606,79.55018939393939,356.5370178222656,419.1207275390625,181.3986358642578
2023-06-14,78.35285992755524,78.14889311813891,0.3611627992215495,78.77998737373737,359.128173828125,419.619873046875,179.44886779785156
2023-06-15,82.00427150865895,81.87006939232955,0.18058139961077474,85.91382575757575,363.407470703125,424.8221435546875,180.9256591796875
2023-06-16,83.7185482691746,83.6407076404695,0.09029069980538737,87.511047979798,361.1205139160156,423.3751525878906,179.47781372070312
2023-06-20,80.60150169798146,80.02659411937469,1.4971655519228926,82.86458333333336,360.60357666015625,421.1786193847656,178.69595336914062
2023-06-21,76.79220360931583,75.71808681989066,2.4067661724260963,82.20486111111111,355.689453125,419.0206298828125,178.28089904785156
2023-06-22,74.16856596215241,72.24949490073257,4.257360358940323,77.73832070707071,359.8861083984375,420.53314208984375,176.9585418701172
2023-06-23,70.12263457813106,66.38978348259279,8.435892931995417,70.11205808080808,356.3184814453125,417.3538818359375,174.29444885253906
2023-06-26,69.88915116982636,65.55007384813297,8.440346245038114,73.99936868686869,351.5418395996094,415.6487121582031,174.4681854248047
2023-06-27,73.76957615697317,70.14449066639247,5.941981045498858,82.00126262626263,357.58624267578125,420.2055358886719,176.9874725341797
2023-06-28,75.55475845792415,72.49911242911134,5.038047814416099,80.89646464646465,358.2840881347656,420.41754150390625,177.856201171875
2023-06-29,78.33594404342209,75.91216327941561,3.8324511483696715,83.3080808080808,357.566650390625,422.07452392578125,179.90255737304688
2023-06-30,82.04804571457646,80.5375027493732,1.9162255741848357,88.16919191919192,363.0802917480469,427.0553283691406,180.76158142089844
2023-07-03,84.01715310637738,83.16233076270908,0.9581127870924179,89.78219696969697,363.9354553222656,427.5467224121094,181.12838745117188
2023-07-05,83.07520503069355,82.27697279637422,1.3998857811724674,86.83554292929294,363.925537109375,426.9108581542969,179.32337951660156
2023-07-06,77.75600301705171,75.00943005267476,6.76498787164684,76.28945707070707,361.15399169921875,423.5678405761719,176.4276123046875
2023-07-07,75.72903625629914,71.77367648476043,8.290460318399177,75.90751262626263,359.9548645019531,422.49847412109375,178.29058837890625
2023-07-10,76.74465338123902,72.91127371846405,6.858890197078377,81.09848484848484,360.0728454589844,423.5678405761719,181.34072875976562
2023-07-11,78.49854763235385,75.19831725029782,5.515737712175551,83.10606060606061,361.851806640625,426.26531982421875,183.20367431640625
2023-07-12,82.40818591112134,80.23142468005565,2.936412101037265,89.2108585858586,366.4220275878906,429.6949768066406,185.2017364501953
2023-07-13,84.3319373912492,83.0680080957038,1.4682060505186325,90.52398989898991,372.6433410644531,433.10552978515625,186.6978759765625
2023-07-14,84.83539327183054,84.14491239738699,0.7341030252593163,92.16540404040404,372.56475830078125,432.83575439453125,184.87353515625
2023-07-17,85.28667149465059,84.92192564853852,0.3670515126296581,94.53282828282829,376.0439453125,434.3385925292969,186.85227966308594
2023-07-18,84.88128948811587,84.18604902135566,1.5645232310623074,90.11363636363636,379.1202697753906,437.5660400390625,189.1592254638672
2023-07-19,86.41000895395108,85.89143287266958,0.7822616155311537,94.76957070707071,379.0318298339844,438.53900146484375,189.9604034423828
2023-07-20,86.53006190720927,86.21378858393473,0.39113080776557685,96.25,370.29437255859375,435.62957763671875,188.30015563964844
2023-07-21,86.89402736974316,86.71689561389462,0.19556540388278842,96.59722222222223,369.1838073730469,435.62957763671875,187.70172119140625
2023-07-24,86.40507983031844,86.20077108534227,0.39617679916361737,95.64236111111111,369.7734375,437.57568359375,188.16502380371094
2023-07-25,86.13654176162129,85.84932205844925,0.5975912404909004,95.31881313131314,372.27972412109375,438.77020263671875,188.14572143554688
2023-07-26,86.18444489697141,85.59394694904628,1.3493401278212116,93.23547979797979,371.04132080078125,438.8376770019531,189.63223266601562
2023-07-27,83.01771058855276,81.4898762306253,3.6300046598702123,88.8320707070707,370.15679931640625,435.9281311035156,187.1804962158203
2023-07-28,85.90847086958493,84.24504895615141,3.147664893066425,92.332702020202,376.8990783691406,440.19610595703125,189.60321044921875
2023-07-31,87.3868724447438,85.79706558116675,2.8236351611796833,93.5653409090909,377.0956115722656,441.03424072265625,191.80398559570312
2023-08-01,85.69242549504928,83.73698199245548,3.8877487674585396,89.39393939393938,376.2209167480469,439.772216796875,190.9256591796875
2023-08-02,79.80691822122563,74.83702570558623,11.776576403931298,79.95107323232322,367.965087890625,433.65460205078125,188.32913208007812
2023-08-03,76.92446444319094,67.99630906484967,19.831430563076765,74.11458333333333,367.3753356933594,432.41180419921875,187.7982177734375
2023-08-04,74.7418239681776,61.95053941938866,26.76881660729596,69.6322601010101,365.6553649902344,430.4561462402344,187.42178344726562
2023-08-07,76.7761538455143,63.43937519893227,24.74459217359747,77.94349747474749,368.7513427734375,434.2133483886719,187.5472869873047
2023-08-08,75.84174680508562,61.11275589013947,28.045630998414907,70.88068181818181,365.6160888671875,432.3251647949219,186.3696746826172
2023-08-09,72.70675456662696,56.79709092831156,30.0,60.535037878787875,361.5962829589844,429.4349060058594,184.91217041015625
2023-08-10,70.4710711702862,54.16784995751439,30.0,56.155303030303024,362.2645568847656,429.5890808105469,184.09165954589844
2023-08-11,69.7642903712047,53.32988330028076,30.0,54.182449494949495,359.9548645019531,429.33856201171875,184.35232543945312
2023-08-14,69.58389392043239,53.1057582301244,30.0,56.08585858585859,363.9943542480469,431.70855712890625,184.0337677001953
2023-08-15,63.82029091158848,47.32757901481915,30.0,39.94318181818182,360.1318054199219,426.6796569824219,181.60133361816406
2023-08-16,59.31163615698294,42.8140655247265,30.0,32.711489898989896,356.3184814453125,423.548583984375,179.38131713867188
2023-08-17,56.229469382803245,39.730279172051084,30.0,29.176136363636367,352.4263916015625,420.3211975097656,177.26739501953125
2023-08-18,55.146947214792945,38.647217144542225,30.0,27.945075757575754,351.984130859375,420.5234680175781,178.23263549804688
2023-08-21,54.58560156295473,38.08569153953782,30.0,26.695075757575754,357.6550598144531,423.259521484375,177.9720458984375
2023-08-22,53.71929393006589,37.21932392226025,30.0,25.381944444444443,357.1439208984375,422.113037109375,177.441162109375
2023-08-23,56.3610524038868,39.861062401284926,30.0,26.608270202020204,362.7755432128906,426.8144836425781,179.3330078125
2023-08-24,53.79541729778347,37.29542063024952,30.0,19.93213383838384,355.0210876464844,420.8992614746094,176.85235595703125
2023-08-25,54.465656909171905,37.96565801999392,30.0,20.967487373737377,357.7729797363281,423.866455078125,177.605224609375
2023-08-28,57.08850134486377,40.58850171513777,30.0,18.478535353535353,360.4659729003906,426.5543518066406,179.18821716308594
2023-08-29,65.1808860284778,48.680886151902456,30.0,44.270833333333336,368.3385314941406,432.72015380859375,181.68821716308594
2023-08-30,68.79919363535271,52.299193676494255,30.0,48.448547979797986,370.39263916015625,434.50238037109375,182.3735809326172
2023-08-31,69.85423871530689,55.132488100020424,25.15022898818268,48.09659090909091,371.5032653808594,433.8665466308594,182.05499267578125
2023-09-01,71.27073776228274,59.12294644407598,19.746930308485283,54.993686868686865,371.1100769042969,434.6757507324219,184.21719360351562
2023-09-05,65.03503101331972,52.931722089121095,21.965577685808295,32.185921717171716,371.58184814453125,432.79718017578125,180.33689880371094
2023-09-06,56.8872106066226,44.45816636402857,22.894385275984956,23.89993686868687,368.30902099609375,429.8876953125,179.6612091064453
2023-09-07,51.29578895354659,37.94697052810319,25.106737303396514,19.52651515151515,365.6750183105469,428.56793212890625,177.92376708984375
2023-09-08,49.57893036712587,36.58255664561463,23.309366126445738,21.666666666666664,366.18609619140625,429.2133483886719,177.5280303955078
2023-09-11,53.21357213291352,41.917091547005825,18.993698214738018,32.601010101010104,370.500732421875,432.03607177734375,177.95272827148438
2023-09-12,52.75349732006144,42.57541490576061,17.488878779086182,29.419191919191913,366.39251708984375,429.66607666015625,177.77896118164062
2023-09-13,51.48450005257243,39.33321112441747,23.88707670014915,25.4040404040404,367.78814697265625,430.1671447753906,176.6110382080078
2023-09-14,59.604349240107126,50.100945987083676,14.871746209923064,47.035984848484844,370.795654296875,433.8761901855469,179.1013946533203
2023-09-15,54.78221737038198,43.700212466999375,21.584192233749413,28.907828282828284,364.44647216796875,428.6487121582031,177.2288055419922
2023-09-18,52.053675195581064,38.41154155900687,27.131269096672682,28.851010101010104,364.826416015625,428.9001159667969,176.05116271972656
2023-09-19,50.508114167271046,36.482004488745204,25.851086726366646,23.933080808080806,364.0487976074219,428.0106201171875,175.3658447265625
2023-09-20,46.70583821886159,33.04142794701908,24.515564670001506,20.902777777777775,358.80267333984375,424.0757751464844,173.609130859375
2023-09-21,37.88575034861333,24.538354332073233,29.839853042071457,9.128787878787879,352.2278137207031,417.06646728515625,170.9160919189453
2023-09-22,33.625178879067455,21.3371579846652,30.0,8.371212121212121,352.277099609375,416.12872314453125,170.52996826171875
2023-09-25,34.08894672735086,20.729976799587146,30.0,11.205808080808081,353.9502258300781,417.87860107421875,171.29254150390625
2023-09-26,30.40706320183949,19.391110262955287,30.0,7.342171717171718,348.6352844238281,411.73944091796875,169.09017944335938
2023-09-27,29.778855618706572,19.645760194634057,30.0,8.794191919191919,349.4522399902344,411.9038391113281,170.6708984375
2023-09-28,30.753664768319773,21.48707740474004,30.0,8.863636363636365,352.37548828125,414.2917785644531,172.2128448486328
2023-09-29,29.81783882466366,21.40675414791486,30.0,7.203282828282829,352.63140869140625,413.28631591796875,171.39822387695312
2023-10-02,26.896407722245286,20.111231348514202,30.0,4.842171717171717,355.5743408203125,413.1219482421875,168.80894470214844
2023-10-03,22.85408332004169,18.23495045472392,30.0,2.9103535353535355,349.3341064453125,407.59185791015625,165.96746826171875
2023-10-04,22.910936875635326,18.647151846455326,30.0,2.9103535353535355,354.088134765625,410.5599365234375,166.0450897216797
2023-10-05,22.069887362572295,17.97732938988267,30.0,2.9103535353535355,353.0447998046875,410.4052734375,166.171142578125
2023-10-06,24.579636660096092,20.138598817347702,30.0,6.647727272727273,358.960205078125,415.2779541015625,167.77127075195312
2023-10-09,29.82329028270972,24.85405544623803,27.031356746360487,10.765467171717171,360.7908935546875,417.9366149902344,168.74102783203125
2023-10-10,33.83000173388359,28.721738269874507,23.399674585301454,15.40719696969697,362.78900146484375,420.1119079589844,170.65147399902344
2023-10-11,36.05884164212936,30.32229085783004,19.298775897448706,22.719381313131315,365.3776550292969,421.8327941894531,170.360595703125
2023-10-12,33.696692396154745,28.497471764351264,14.385716073724353,13.751578282828282,364.1079406738281,419.2611083984375,166.5105743408203
2023-10-13,30.40160496664687,26.151864756045704,12.085041591155106,13.196022727272727,359.53106689453125,417.1728515625,165.12379455566406
2023-10-16,34.69871158642488,31.066540557846054,6.042520795577553,26.83238636363636,363.5960998535156,421.5621337890625,167.79066467285156
2023-10-17,36.308874048194625,33.99035489281246,3.0212603977887764,30.211489898989896,362.40521240234375,421.542724609375,169.66233825683594
2023-10-18,28.997277135627186,26.116720233127417,5.748319592833781,16.65088383838384,357.651123046875,415.9256286621094,166.171142578125
2023-10-19,23.655953678014946,19.573545821626134,9.018118918891638,10.550820707070706,354.3045959472656,412.2711486816406,163.523681640625
2023-10-20,20.443976709488396,16.54798890550694,11.92402947207208,6.565656565656566,349.0191650390625,407.2052001953125,161.4095458984375
2023-10-23,17.53342847006497,14.452821424293376,16.525165777702707,3.5874368686868694,350.0722961425781,406.4994201660156,160.0421600341797
2023-10-24,17.799294320077212,14.525666045560751,17.485673166629134,8.052398989898988,353.47784423828125,409.56414794921875,161.4386444091797
2023-10-25,16.561076343462563,13.728663214920038,21.801647347203456,5.571338383838384,344.8262023925781,403.6860656738281,158.77174377441406
2023-10-26,15.004323761836135,12.744908274544182,22.064708616783545,4.1193181818181825,338.2513427734375,398.8520202636719,159.1790313720703
2023-10-27,13.311276632456497,11.566934432988809,23.09290118339177,2.4068813131313136,339.8754577636719,397.04412841796875,157.307373046875
2023-10-30,14.565297416231683,12.668572238631345,26.324603211645375,4.8768939393939394,343.70416259765625,401.79107666015625,158.18016052246094
2023-10-31,16.540577358908457,14.374076373782419,28.790260886125715,5.206755050505051,345.3479309082031,404.3144226074219,159.54757690429688
2023-11-01,23.49797674128616,18.651735672170076,19.35981636478003,15.487689393939394,351.34197998046875,408.6263427734375,160.45916748046875
2023-11-02,33.428965669094794,28.264252312513094,9.679908182390015,40.16887626262627,357.7200012207031,416.4573974609375,164.73587036132812
2023-11-03,42.61039914468397,39.11417819238523,4.839954091195008,55.02209595959596,361.92279052734375,420.2569274902344,169.21624755859375
2023-11-06,43.35095700353108,40.64646005641612,4.197518080951039,49.33396464646464,363.3992004394531,421.22369384765625,167.10214233398438
2023-11-07,42.7271727504173,40.11663949255647,4.661002569515924,46.822916666666664,366.83428955078125,422.4225769042969,166.5105743408203
2023-11-08,41.09402308930672,38.20776135866407,5.498410849151901,44.88478535353536,367.07049560546875,422.73193359375,164.73587036132812
2023-11-09,33.90325502006238,29.065106400929572,10.571076478868878,29.992108585858585,364.2456970214844,419.43511962890625,162.1853790283203
2023-11-10,37.256464104625216,32.770206504436466,7.836931074030398,46.85763888888889,372.43475341796875,425.9803161621094,163.99887084960938
2023-11-13,38.63619595224455,34.85132231685014,6.243966641813179,47.58049242424242,371.2733154296875,425.57427978515625,164.0570526123047
2023-11-14,49.999950623289145,47.59359886049192,3.1219833209065895,65.02525252525253,379.2654724121094,433.8307800292969,173.0662384033203
2023-11-15,54.688030417828,53.3115602607479,1.5664170076755135,65.00789141414143,379.5509338378906,434.7491760253906,173.36688232421875
2023-11-16,55.608305242594675,54.86230540549414,0.7832085038377568,65.84122474747475,379.87579345703125,435.2809753417969,170.56423950195312
2023-11-17,58.761710289935294,58.36945545186485,0.3916042519188784,70.51609848484848,379.9643249511719,435.8223876953125,172.90138244628906
2023-11-20,63.50049378423297,63.297948058691034,0.1958021259594392,78.10763888888889,384.59039306640625,439.1771545410156,173.90997314453125
2023-11-21,64.27306859042145,64.16965629214823,0.0979010629797196,80.7275883838384,382.35614013671875,438.2200012207031,171.66976928710938
2023-11-22,66.35723146077699,66.30481216647296,0.0489505314898598,81.48516414141415,383.9210510253906,439.9118957519531,172.74623107910156
2023-11-24,69.0250766645944,68.99862930238658,0.0244752657449299,86.11900252525251,383.3797302246094,440.1826171875,173.90997314453125
2023-11-27,69.50504990809758,69.49174698864172,0.01223763287246495,89.20928030303031,383.0451354980469,439.38983154296875,173.32809448242188
2023-11-28,68.2145651358223,68.2078872633104,0.006118816436232475,90.17518939393939,384.0490417480469,439.8248291015625,172.65892028808594
2023-11-29,69.72447537593013,69.61714181365359,0.28665710392518806,89.26767676767676,383.675048828125,439.5155029296875,173.57052612304688
2023-11-30,72.1025061203448,72.01417446386634,0.14332855196259403,91.1300505050505,382.7104187011719,441.24603271484375,174.22999572753906
2023-12-01,75.758423946926,75.70270316024005,0.07166427598129702,93.13762626262626,383.8029479980469,443.8564758300781,179.32130432128906
2023-12-04,77.30449343244733,77.16210430295544,0.33767872889973577,92.17171717171718,380.2398986816406,441.5264587402344,181.241455078125
2023-12-05,75.79700990890774,75.40335090433437,0.9441708038438037,90.65656565656566,381.1946716308594,441.4394226074219,178.81703186035156
2023-12-06,75.89027234547908,75.1186514558425,1.7465487857602842,89.05934343434343,378.9898986816406,439.6605529785156,178.49697875976562
2023-12-07,78.05438523470906,77.3192809015149,1.303356463587205,91.76136363636365,384.28521728515625,443.0152587890625,179.7867889404297
2023-12-08,79.48022744670983,78.98177639139486,0.6911353025006699,93.01136363636364,385.9978332519531,444.91986083984375,181.15420532226562
2023-12-11,81.02060907516399,80.63371123274868,0.6020386108462907,92.3169191919192,389.2951354980469,446.65045166015625,181.53240966796875
2023-12-12,81.77460717846378,81.25025591159613,1.078323598352436,90.65025252525253,392.39556884765625,448.6904602050781,181.34814453125
2023-12-13,85.25601384063272,84.88353742531223,0.539161799176218,93.77525252525253,397.3857421875,454.8779296875,187.48681640625
2023-12-14,87.32923525327489,87.10623011831908,0.269580899588109,95.43560606060606,397.04132080078125,456.3377685546875,192.70419311523438
2023-12-15,87.85271646489635,87.70508672720882,0.19989461646071965,95.22727272727273,398.9605712890625,455.58642578125,191.08468627929688
2023-12-18,88.46492063981394,88.3790633809003,0.09994730823035983,96.67929292929293,401.4734802246094,458.1491394042969,191.15257263183594
2023-12-19,89.62959475872586,89.58265199924575,0.049973654115179914,96.95075757575758,403.52490234375,460.9350280761719,194.85711669921875
2023-12-20,86.79248276469313,86.37994186013051,1.0824363220070838,93.5669191919192,397.5285949707031,454.54779052734375,191.04556274414062
2023-12-21,88.30759526499872,87.9644011748136,0.56094669635708,96.88762626262626,402.15399169921875,458.8577575683594,194.2964630126953
2023-12-22,90.11924050920834,89.89476845518486,0.30020188353207816,96.88762626262626,402.7555847167969,459.7799377441406,196.1068572998047
2023-12-26,91.63271821687417,91.50285718688545,0.15010094176603908,98.33964646464646,405.2212219238281,461.7213134765625,198.65699768066406
2023-12-27,92.10248856387388,91.94487749233166,0.3117928951254416,97.58207070707071,406.0460510253906,462.55621337890625,199.35780334472656
2023-12-28,92.21265612061791,91.96045127896045,0.5445485940273705,97.09595959595958,405.8487548828125,462.73089599609375,198.5985870361328
2023-12-29,91.99180288195681,91.66539490546228,0.6609264434783351,97.09595959595958,404.0923767089844,461.391357421875,195.35743713378906
2024-01-02,88.7943635869149,88.08696052455682,1.632546555072498,94.70012626262627,397.2542419433594,458.8092041015625,194.1991424560547
2024-01-03,84.72658434807002,81.3543882181133,8.553804843192811,85.1294191919192,393.05072021484375,455.0622253417969,189.02101135253906
2024-01-04,82.58946034633802,76.34468005398931,13.965586133717615,82.14330808080808,391.02783203125,453.596435546875,188.6511688232422
2024-01-05,82.84592963142128,75.14408290945683,15.327963521404262,82.6010101010101,391.4915466308594,454.2177429199219,188.09634399414062
2024-01-08,84.86834018017075,77.90709159485107,11.983544576358689,90.70233585858587,399.5828857421875,460.7021179199219,191.48355102539062
2024-01-09,84.4928142335816,77.00992007447594,14.079485356361161,84.67329545454545,400.3722839355469,460.0032043457031,189.77049255371094
2024-01-10,86.06359801052047,77.97952509585608,15.244840531715935,85.2114898989899,403.08587646484375,462.60467529296875,189.87753295898438
2024-01-11,84.70342147855912,75.22078752063419,18.51257178100948,80.53661616161617,403.9246520996094,462.4009094238281,188.3883819580078
2024-01-12,84.398192204819,74.15121309602932,19.32573033494918,81.60669191919192,404.1318054199219,462.7211608886719,188.076904296875
2024-01-16,79.2331824228026,65.79805433439128,27.325822869494786,69.45707070707071,404.0923767089844,461.0224304199219,185.7506103515625
2024-01-17,73.60458399964816,58.1262079701777,30.0,58.55113636363636,401.8129577636719,458.4597473144531,184.4268798828125
2024-01-18,73.50194284446532,57.342484167975165,30.0,64.53914141414141,407.516357421875,462.5367736816406,185.5170135498047
2024-01-19,76.17739386949259,59.790907643995865,30.0,68.4090909090909,415.5978088378906,468.30279541015625,187.2982177734375
2024-01-22,78.51938013419826,63.27179447070398,26.68751887726009,72.96401515151516,416.1405334472656,469.29296875,191.29859924316406
2024-01-23,81.20696938057979,66.72923337219513,25.62329305605428,74.87373737373738,417.8673400878906,470.6616516113281,190.7438201904297
2024-01-24,79.86194329141918,64.49948803621805,28.736027052017036,66.02746212121212,420.1861267089844,471.1761474609375,189.1767578125
2024-01-25,81.0227967957288,66.35527793168086,26.036455760857002,72.72727272727273,420.6992492675781,473.73883056640625,190.7438201904297
2024-01-26,81.18920276911581,67.36760841105382,24.361149281943646,70.66761363636364,418.1929626464844,473.13702392578125,190.75355529785156
2024-01-29,84.06017311358367,72.24298535735481,19.663608100567785,77.37847222222221,422.4754638671875,476.8839416503906,194.09205627441406
2024-01-30,84.72550935743611,75.23103962720018,15.151110394980865,77.67834595959596,419.6632080078125,476.5151062011719,192.43740844726562
2024-01-31,77.51537938425673,68.32379296195012,16.43662685153084,62.34690656565657,411.4436340332031,468.7396240234375,187.7362060546875
2024-02-01,79.71301840311139,71.78609295993223,13.262899915664413,74.5596590909091,416.28851318359375,474.8746032714844,190.2279510498047
2024-02-02,81.21561104061367,74.25176078103401,11.78602303232716,74.20770202020202,423.32403564453125,479.8738098144531,189.2254180908203
2024-02-05,77.63474482162822,69.86836614908243,14.850259780052468,67.50157828282829,422.771484375,478.12646484375,186.8212890625
2024-02-06,78.29645675513437,71.39621288146134,11.758502680430274,73.10921717171718,421.9228820800781,479.5146179199219,188.505126953125
2024-02-07,80.2330449831608,74.30425642969091,9.896474351578775,72.35637626262626,426.2644958496094,483.51397705078125,188.06715393066406
2024-02-08,81.66770691357885,77.14539193592907,6.943778526799491,75.22095959595958,427.053955078125,483.7275390625,190.9189910888672
2024-02-09,82.25253530115928,78.80999770601093,5.277543461632068,75.82859848484848,431.2574462890625,486.523193359375,194.02392578125
2024-02-12,84.9286228781642,82.81356071181555,2.638771730816034,80.67708333333333,429.570068359375,486.30963134765625,197.5474090576172
2024-02-13,78.59300850081273,75.44855613267654,6.6529953982363,70.64393939393939,422.8701171875,479.6116638183594,189.42007446289062
2024-02-14,80.90664618895562,78.14290284045579,4.6788887976029985,76.34943181818181,427.47821044921875,483.97021484375,193.8195343017578
2024-02-15,85.08239216399531,83.30334810160149,2.3394443988014992,85.72127525252526,428.7511291503906,487.3094482421875,198.9879608154297
2024-02-16,85.24934957655063,83.99468935347241,1.8044878244007494,83.69002525252526,424.86334228515625,484.8826599121094,196.28207397460938
2024-02-20,82.5195331043615,80.93046566728789,3.1932200801296693,78.39015151515152,421.65643310546875,482.2132263183594,193.57620239257812
2024-02-21,82.80610038684885,80.74155179591165,4.185980305216349,77.43529040404042,419.9690856933594,482.6499938964844,192.66128540039062
2024-02-22,84.35523211548161,82.335925952824,3.6303362700324127,80.8017676767677,432.263916015625,492.638671875,194.12127685546875
2024-02-23,85.14597804522788,83.4179552558546,2.877056550420246,82.32323232323233,430.99102783203125,492.97845458984375,194.55926513671875
2024-02-26,83.99099941574937,82.02435870865901,3.7926357562707285,78.18813131313132,430.7640380859375,491.1729431152344,195.78565979003906
2024-02-27,85.78361596686597,84.1349009466862,2.708640321317181,83.12184343434345,431.8002014160156,492.0854187011719,198.55966186523438
2024-02-28,85.66443281582484,84.20034450250492,2.4941362907090965,82.07386363636364,429.5010986328125,491.4350280761719,196.9244842529297
2024-02-29,86.41747928877663,85.47219153104,1.2470681453545482,85.98484848484848,433.1816101074219,493.20172119140625,198.296875
2024-03-01,87.8116345104003,87.26790943117308,0.6235340726772741,88.31755050505052,439.7039794921875,497.8320007324219,200.39927673339844
2024-03-04,88.34032598158124,87.84981889832949,0.8434510641164183,86.61616161616162,438.13507080078125,497.2981262207031,200.2143096923828
2024-03-05,86.02807433747813,85.28965571649138,1.5679534360986158,84.64962121212122,430.270751953125,492.32806396484375,198.296875
2024-03-06,87.4752672034018,86.66461513497333,1.5395796220897147,85.89962121212122,432.9743957519531,494.82275390625,199.77633666992188
2024-03-07,89.84689041460196,89.29441679440934,0.7697898110448573,92.89457070707071,439.5461730957031,499.734619140625,201.44073486328125
2024-03-08,89.21125303382355,88.74346124136409,0.773547051987074,91.65088383838385,433.2013244628906,496.7351379394531,201.314208984375
2024-03-11,88.90716010218361,88.48481040396246,0.7265975474581823,91.80713383838385,431.5929870605469,496.3079528808594,199.71795654296875
2024-03-12,89.84518973103091,89.28202594097876,1.1519469744866646,90.37089646464648,437.77984619140625,501.64697265625,199.44541931152344
2024-03-13,89.40492014603389,88.63455316421246,1.589033777647372,89.65277777777779,434.41510009765625,500.8606262207031,200.2240753173828
2024-03-14,85.63834038537831,83.81056996738766,4.284494792864092,83.85574494949495,433.3197937011719,499.87054443359375,196.6421661376953
2024-03-15,81.67368080186012,77.00564045976408,11.0694096439068,76.32260101010101,428.1689758300781,496.4380798339844,197.01206970214844
2024-03-18,80.57653838176482,73.9590874487573,13.803920415387744,76.52462121212122,432.2525329589844,499.3885192871094,195.88302612304688
2024-03-19,82.45846733937617,76.54607803092294,10.108833629411047,83.64109848484848,433.32952880859375,502.1636657714844,196.71035766601562
2024-03-20,87.81927867541496,83.92358149053854,5.249729314705523,92.26957070707071,438.4674377441406,506.8083801269531,200.60365295410156
2024-03-21,90.68942285813496,88.42840675548014,2.6248646573527616,94.4854797979798,440.5423583984375,508.4831848144531,202.9085235595703
2024-03-22,90.5792183937891,89.04737383442654,2.1222887049390065,91.8939393939394,441.0462646484375,507.5192565917969,200.10797119140625
2024-03-25,89.48074114809806,87.45600386342358,4.129424813328093,88.23705808080808,439.4455871582031,506.1170349121094,200.56658935546875
2024-03-26,88.33238509650408,85.85241521407652,4.922883966007476,87.85511363636365,438.0227966308594,505.1822204589844,200.20555114746094
2024-03-27,91.45035732173034,89.7211719671531,2.461441983003738,96.49305555555556,439.5147705078125,509.4276428222656,204.5673828125
2024-03-28,91.95479082441517,90.79258273156097,1.597671749077626,95.31881313131314,438.70458984375,509.3303527832031,205.21141052246094
2024-04-01,91.10315418052897,90.03113492613556,1.8671360639327532,93.07449494949495,439.6333312988281,508.4442138671875,203.27932739257812
2024-04-02,83.5742416291999,80.14021859934775,8.390954395602739,74.57702020202021,435.8391418457031,505.2115478515625,199.54200744628906
2024-04-03,83.0619105093966,77.75356900608539,11.355455890983187,78.61111111111111,436.8173522949219,505.7664794921875,200.8495635986328
2024-04-04,77.90852620069657,66.93050934180147,25.11428097579463,63.28282828282828,430.13812255859375,499.5930480957031,198.83941650390625
2024-04-05,78.1030104170672,64.37099830835464,27.470926788402366,71.6272095959596,435.2068786621094,504.8122253417969,199.50294494628906
2024-04-08,79.12798158683385,64.6503030097596,27.00093056591836,72.96875,435.3352966308594,505.0946350097656,200.5958709716797
2024-04-09,84.26181036059445,72.44201859920689,19.07426973371676,83.44696969696969,436.9458312988281,505.6788330078125,201.38629150390625
2024-04-10,75.36699157840837,60.427060991279184,30.0,54.030934343434346,433.1319885253906,500.6154479980469,196.06814575195312
2024-04-11,74.3179802669326,58.338003404556204,30.0,55.93434343434343,440.04833984375,504.3935546875,197.39523315429688
2024-04-12,67.07158690245333,50.74492794832787,30.0,39.21401515151515,433.03314208984375,497.4313049316406,193.88232421875
2024-04-15,62.22380459817637,45.78158494680122,30.0,32.994002525252526,425.9093017578125,491.19952392578125,191.04273986816406
2024-04-16,59.43283691271371,42.952097028922,30.0,30.5239898989899,425.94879150390625,490.3036193847656,190.3401641845703
2024-04-17,58.27849049783781,41.7849105365739,30.0,29.269255050505055,420.75164794921875,487.40185546875,188.33004760742188
2024-04-18,57.34823121751634,40.850371230428365,30.0,28.51167929292929,418.3507385253906,486.3989562988281,188.17388916015625
2024-04-19,56.711417694017385,40.212131031654735,30.0,27.064393939393938,409.6953430175781,482.1534729003906,188.4666290283203
2024-04-22,56.81525579035757,40.315493569570016,30.0,27.46843434343434,413.8155517578125,486.59368896484375,190.57437133789062
2024-04-23,62.47004373585473,45.970122995592206,30.0,30.574494949494948,419.9908752441406,492.367919921875,193.7652587890625
2024-04-24,65.0175460458635,48.517572465775984,30.0,30.707070707070702,421.41363525390625,492.13427734375,192.8967742919922
2024-04-25,64.66436863307737,48.16437743971487,30.0,28.8510101010101,419.3782958984375,490.26470947265625,191.72579956054688
2024-04-26,65.20470373338608,48.70470666893192,30.0,25.1010101010101,425.85003662109375,494.9093933105469,193.56031799316406
2024-04-29,65.87892218207435,49.378923160589636,30.0,34.422348484848484,427.5790710449219,496.6620788574219,195.12161254882812
2024-04-30,55.18874056655561,38.68874089272737,30.0,13.61111111111111,419.5166015625,488.79437255859375,191.15982055664062
2024-05-01,53.14179407167184,36.64179418039575,30.0,16.73611111111111,416.4832763671875,487.2071533203125,191.55990600585938
2024-05-02,57.76597798343982,41.26597801968112,30.0,28.2907196969697,421.79901123046875,491.7641906738281,195.0825958251953
2024-05-03,64.98815046114662,48.488150473227044,30.0,44.58491161616162,430.27655029296875,497.8597717285156,197.0146484375
2024-05-06,71.1252589079243,56.52332984357085,24.823442913764353,56.96022727272728,434.989501953125,503.0010986328125,199.56149291992188
2024-05-07,72.23548192553706,62.29420423100689,13.838094562942784,52.395833333333336,435.05865478515625,503.5561218261719,200.01039123535156
2024-05-08,71.47277006945512,64.91799761020185,8.839126984754222,50.81597222222223,434.8017578125,503.6047668457031,198.84915161132812
2024-05-09,77.39870955177125,73.59327878481521,4.419563492377111,71.49305555555557,435.7502746582031,506.5064697265625,200.87884521484375
2024-05-10,76.76105974958033,73.95316285365917,4.198418109824922,65.1294191919192,436.7778625488281,507.1589660644531,199.36636352539062
2024-05-13,78.26084146534832,76.55516584657336,2.099209054912461,72.08964646464648,437.7856140136719,507.2270202636719,199.78594970703125
2024-05-14,81.45908520225416,80.50567166926189,1.0496045274562305,75.82702020202021,440.6015930175781,509.55426025390625,201.85467529296875
2024-05-15,83.09877755900055,82.58854555130281,0.5248022637281152,77.34848484848484,447.4883117675781,515.8641357421875,204.3722381591797
2024-05-16,82.92501339508773,82.64154204463463,0.3092564033287029,77.19854797979798,446.5793762207031,514.8026733398438,202.89877319335938
2024-05-17,85.25177214179692,85.10058468436895,0.15462820166435146,82.02809343434345,446.3619689941406,515.5427856445312,203.04513549804688
2024-05-20,86.25458903043062,86.1758447076495,0.07731410083217573,84.15877525252526,449.4742736816406,516.1367797851562,203.49398803710938
2024-05-21,86.52526705054758,86.48484469113465,0.038657050416087864,85.45612373737373,450.35369873046875,517.4026489257812,203.29881286621094
2024-05-22,82.84550147476166,82.39597610867736,1.1892306716726893,81.71243686868686,450.2647399902344,515.912841796875,201.58143615722656
2024-05-23,77.77544429027573,75.4329313344595,5.9800122739676596,69.85795454545455,448.2392272949219,512.1444702148438,198.27345275878906
2024-05-24,79.19690735601785,76.85098412051835,4.2684152278929215,81.36521464646464,452.4779357910156,515.5330200195312,200.46902465820312
2024-05-28,76.59955834426185,72.7840645781483,8.273234602582827,68.95044191919192,454.1872863769531,515.8933715820312,200.19578552246094
2024-05-29,71.32885716912261,62.56207613244458,20.44077213083687,54.55492424242424,450.986083984375,512.2807006835938,197.23910522460938
2024-05-30,71.49319023982582,59.95565263092787,23.496210718196203,60.16098484848485,446.1544494628906,508.8824157714844,199.11265563964844
2024-05-31,78.86725869947057,70.07249815650195,13.497040018189011,79.85953282828282,445.3244934082031,513.5173950195312,200.79104614257812
2024-06-03,76.89024304423387,68.2767335821319,15.496152584852075,69.74589646464648,447.715576171875,513.9361572265625,199.6591033935547
2024-06-04,73.43540651812296,61.972407334643854,23.432261898486644,59.712752525252526,448.94073486328125,514.5105590820312,197.0829620361328
2024-06-05,78.00244131562474,65.47254947585358,23.75152394166756,66.19949494949495,457.9913024902344,520.6256103515625,200.09820556640625
2024-06-06,76.94823157305804,63.91194657049527,24.1626937890156,63.92518939393939,457.8332214355469,520.615966796875,198.66375732421875
2024-06-07,72.39597895770358,58.84153506080757,25.115496989204765,56.80239898989899,457.4280700683594,519.9830322265625,196.33160400390625
2024-06-10,71.88548499322262,56.723332718458636,29.029102661269043,57.056502525252526,459.2757873535156,521.5896606445312,197.00491333007812
2024-06-11,68.86917650512461,52.9719285691558,29.572355939220376,53.11079545454545,462.4276428222656,522.8457641601562,196.33168029785156
2024-06-12,69.9851730617653,56.300262950270465,22.870438544105134,59.586489898989896,468.4844055175781,527.1400146484375,199.3455352783203
2024-06-13,67.02244504686638,53.95420103355993,23.199838116749536,53.985164141414145,471.0237121582031,528.2012939453125,197.603759765625
2024-06-14,61.124168831536565,45.76808749376774,30.0,45.89646464646465,473.46417236328125,528.5226440429688,194.4626922607422
2024-06-17,63.49265930953628,47.37396553028,30.0,50.41508838383838,479.2640686035156,532.7291870117188,196.09681701660156
2024-06-18,64.67918454424688,48.95548963932896,28.22944630499773,54.84059343434343,479.4122619628906,534.08251953125,196.43931579589844
2024-06-20,63.28596290356728,48.29232901777098,26.59746068406452,53.98358585858586,475.7169494628906,532.6317138671875,195.60757446289062
2024-06-21,64.4694366978882,50.93686513369241,23.276437097082756,56.68087121212122,474.4422912597656,531.9176025390625,196.0479278564453
2024-06-24,67.89391876306773,57.090613500722476,17.161222020763592,63.69160353535354,469.041015625,530.1886596679688,196.89923095703125
2024-06-25,66.44533182778257,57.59224793467564,14.323587651795936,61.48200757575758,474.40478515625,532.2303466796875,196.25341796875
2024-06-26,63.51498366389038,54.80934773187733,15.694385366302013,52.83301767676767,475.38446044921875,532.8945922851562,195.73477172851562
2024-06-27,64.04861180221103,55.22779867669946,16.142548585928786,56.45044191919192,476.61163330078125,533.7346801757812,197.72120666503906
2024-06-28,65.986977341619,58.47229403588004,12.475669810641161,65.76546717171716,474.1375427246094,531.6343383789062,198.5333709716797
2024-07-01,63.67736457369354,56.90754409908893,11.63161647097715,52.48579545454545,476.91839599609375,532.7285766601562,196.869873046875
2024-07-02,65.32816146823096,59.29756239914657,10.292706120589587,51.87342171717171,481.9259033203125,536.3135986328125,197.54507446289062
2024-07-03,67.28673085890293,61.92523383182227,9.139901829234189,54.13036616161616,485.9437561035156,538.7069702148438,197.4961395263672
2024-07-05,66.93838918165905,61.803663668291065,9.129708648202948,52.578914141414145,491.0105895996094,541.8134765625,196.55674743652344
2024-07-08,67.04963296389093,61.37695148504216,10.803017202889356,51.24210858585858,492.1783752441406,542.4385986328125,197.9364776611328
2024-07-09,67.32938991037108,60.07578147189176,14.625585305990134,49.97001262626262,492.6038818359375,542.9661254882812,197.07537841796875
2024-07-10,73.76084882534255,68.66162203975125,7.312792652995067,68.4090909090909,497.74005126953125,548.3389892578125,199.00308227539062
2024-07-11,81.15883513033305,78.11841421542019,3.6563963264975334,81.29892676767678,486.824462890625,543.61083984375,206.1560821533203
2024-07-12,84.68564706364637,83.00183409881754,1.8281981632487667,82.34059343434343,489.6845397949219,547.0396728515625,208.5632781982422
2024-07-15,85.96285036801682,85.06315450814493,0.9229769225334751,82.31218434343434,491.0007629394531,548.5441284179688,212.5263214111328
2024-07-16,88.65773463445679,88.1886235787017,0.46148846126673754,87.73358585858585,491.1887512207031,551.7969970703125,219.77719116210938
2024-07-17,87.59319268960007,86.7098550086717,1.9826381700273046,82.12752525252526,476.7698974609375,544.0601806640625,217.4776611328125
2024-07-18,85.49697332077578,83.85850267466503,3.665522052185369,79.17613636363636,474.513671875,539.8790893554688,213.2699737548828
2024-07-19,83.78834295877712,81.39395842272845,5.040620874577533,77.46843434343434,470.3077087402344,536.2940063476562,212.183837890625
2024-07-22,85.2254493364274,83.04639309462752,3.7661674448645233,83.74684343434343,477.3142395019531,541.8232421875,215.5597381591797
2024-07-23,83.65259085625021,81.58346716307325,3.662104397937309,82.0407196969697,475.6318664550781,540.9733276367188,217.8494873046875
2024-07-24,76.7365735878382,72.23890580974995,10.385345128261587,64.38446969696969,458.57086181640625,528.7135009765625,213.17214965820312
2024-07-25,77.21638302127495,70.49051700460127,14.254482065393418,70.01736111111111,453.51385498046875,525.9586791992188,215.83375549316406
2024-07-26,81.2370266636573,73.86927131416618,13.979454574363375,74.07354797979798,458.1650390625,531.8492431640625,219.4053497314453
2024-07-29,81.57429508317196,73.82200585257868,14.444647583898846,73.09501262626264,459.08544921875,532.161865234375,216.9688262939453
2024-07-30,81.43124650920548,72.81354804195959,16.455278337403964,72.96085858585859,452.7815246582031,529.4656982421875,217.790771484375
2024-07-31,86.67249462764762,79.8886685313379,10.667072565166627,81.02746212121212,466.1810302734375,538.072021484375,219.05308532714844
2024-08-01,82.12176588598355,75.17663427711828,12.774153391169174,71.54987373737373,454.8894348144531,530.452392578125,211.92942810058594
2024-08-02,72.4059112764392,60.94555386843642,24.941764195584582,52.913510101010104,444.0926818847656,520.5761108398438,204.4338836669922
2024-08-05,60.965908183804615,46.14578904780368,30.0,36.60353535353535,430.85150146484375,505.4150390625,197.85816955566406
2024-08-06,57.84683251043411,41.9067927984338,30.0,38.46590909090909,434.9683837890625,510.0748291015625,200.0109405517578
2024-08-07,53.58903990297719,37.27569333231042,30.0,33.131313131313135,430.2577209472656,506.66552734375,197.64292907714844
2024-08-08,59.16489443931124,42.72711224908898,30.0,45.217803030303024,443.419677734375,518.3781127929688,202.4474639892578
2024-08-09,60.03062639290672,43.55136566283263,30.0,39.26294191919192,445.7354736328125,520.6641235351562,202.02671813964844
2024-08-12,60.60274139097308,44.10965448094838,30.0,32.37847222222222,446.6953430175781,520.9376220703125,200.2066650390625
2024-08-13,65.26466041441473,48.76696477773984,30.0,41.64772727272727,457.7790832519531,529.5048217773438,203.50428771972656
2024-08-14,67.1827607517416,50.68352887284996,30.0,44.48863636363637,457.9275207519531,531.17529296875,202.24197387695312
2024-08-15,72.69888321354351,56.19913925391296,30.0,61.46306818181819,469.49627685546875,540.2797241210938,207.4868927001953
2024-08-16,76.91259070081081,63.189640813477496,22.42645972942671,67.25536616161617,470.0999450683594,541.4910888671875,208.0348663330078
2024-08-19,80.84586356693694,71.66795032770871,12.555263482137597,77.74621212121212,476.27508544921875,546.66845703125,210.5790557861328
2024-08-20,79.3692019970598,72.66550668633256,9.939247902684961,69.3102904040404,475.275634765625,545.779541015625,208.12294006347656
2024-08-21,80.36494443673038,75.55170963664386,7.032735535938441,74.42550505050505,477.4923400878906,547.6552124023438,210.83348083496094
2024-08-22,80.31251514894379,76.63842292519661,5.644583519231846,74.21717171717172,469.9217834472656,543.35693359375,208.97425842285156
2024-08-23,83.14205050419339,80.8825127844185,2.822291759615923,81.92392676767678,475.0182800292969,549.1301879882812,215.6478271484375
2024-08-26,83.21393265964696,81.68345913184795,2.119893512383723,79.65593434343434,470.4067077636719,547.8212280273438,215.71630859375
2024-08-27,83.59715263739075,82.5869471878911,1.3637662006363076,80.95170454545455,471.8119812011719,548.573486328125,214.0430450439453
2024-08-28,78.99846165354103,77.32771832525782,3.638204123045429,72.4636994949495,466.4580993652344,545.3887329101562,212.59481811523438
2024-08-29,78.64675152761133,76.26524474331045,4.976160931472212,71.82133838383838,465.7752685546875,545.4375610351562,214.1115264892578
2024-08-30,81.08599630044957,79.3798645349127,2.488080465736106,83.41698232323232,471.3269958496094,550.6444091796875,215.35427856445312
2024-09-03,76.23608402575066,73.31796001620526,6.407491148272097,72.32007575757575,457.01708984375,539.3125610351562,208.76878356933594
2024-09-04,74.83437603786595,71.57187162509352,6.244899298883518,73.68529040404042,455.82952880859375,538.2088012695312,208.41651916503906
2024-09-05,72.02416735771548,66.65320431394048,11.682167925956911,65.22569444444444,456.2550964355469,536.8997192382812,207.3792724609375
2024-09-06,66.46886546887063,56.584665230353515,22.074216065251182,52.84406565656566,444.0332946777344,527.8636474609375,203.43580627441406
2024-09-09,66.03684994747987,53.22281002452995,25.96174502757509,58.79103535353535,449.7433776855469,533.7737426757812,204.0033416748047
2024-09-10,66.3043434265111,51.74111696797236,28.06876313878754,57.395833333333336,453.8998107910156,536.0987548828125,203.83700561523438
2024-09-11,69.97924478231917,55.76086943365817,25.538090534040236,63.778409090909086,463.7564392089844,541.5984497070312,204.4338836669922
2024-09-12,75.27083483105174,64.37803895025736,16.7818293579292,71.51988636363637,468.3086853027344,546.1605224609375,207.06613159179688
2024-09-13,80.99701228375126,74.28941160786611,8.3909146789646,83.78787878787878,470.4067077636719,549.0130004882812,212.17405700683594
2024-09-16,83.0272869228666,79.24910708513174,4.206308033926742,83.75315656565657,468.32843017578125,549.82373046875,212.9373016357422
2024-09-17,84.2372942941542,82.20674454202268,2.103154016963371,84.5864898989899,468.5758972167969,550.0484619140625,214.69863891601562
2024-09-18,83.1410088724622,81.58071468854914,2.409393454188753,80.24147727272728,466.54718017578125,548.4171142578125,214.73776245117188
2024-09-19,85.97019319317764,85.00837299860535,1.2046967270943765,89.63226010101012,478.34344482421875,557.7755126953125,219.16075134277344
2024-09-20,84.95151220917369,83.72048277907119,2.4829709961229494,83.61426767676768,477.4330139160156,556.8114013671875,216.81227111816406
2024-09-23,86.87693504615554,86.01138055349884,1.2414854980614747,90.5160984848485,478.6985168457031,558.2026977539062,216.01963806152344
2024-09-24,86.12051033525049,85.13039199407218,1.913455028071144,86.3794191919192,481.0075988769531,559.7999267578125,216.38169860839844
2024-09-25,82.85805731713738,80.95940817511675,4.278026440803254,79.88794191919192,481.45355224609375,558.5653686523438,213.74244689941406
2024-09-26,83.24548880268216,81.22843834999098,3.775002014593547,85.28093434343435,485.0707092285156,560.7798461914062,214.88140869140625
2024-09-27,84.70405182311629,83.02946895334003,2.7333619605796065,87.80934343434343,482.3751525878906,559.9664916992188,216.33457946777344
2024-09-30,85.86679673565156,84.57690882934209,1.995528044683748,88.50378787878788,483.68328857421875,562.21044921875,216.88441467285156
2024-10-01,82.6078295516145,80.9336563927082,3.3933014276449014,83.71843434343435,476.94439697265625,557.1739501953125,213.93881225585938
2024-10-02,82.92096001888834,81.24112255835134,3.0593992933679095,86.15530303030303,477.6183166503906,557.4090576171875,213.64427185058594
2024-10-03,80.50399845747455,77.82753487332624,5.772321174461745,83.28598484848484,477.2615661621094,556.3900756835938,212.2107391357422
2024-10-04,84.5354237282491,82.53292698488167,3.0282060417763312,90.06155303030303,482.9400329589844,561.4461059570312,215.17596435546875
2024-10-07,82.19876077136924,79.95323195295813,4.303717919878079,86.05271464646464,477.7669982910156,556.370361328125,213.48716735839844
2024-10-08,81.81120308540591,79.11464351571715,5.312863536959247,83.39015151515152,484.9022521972656,561.6322631835938,213.6344451904297
2024-10-09,84.2712427793104,81.87481860069383,4.084284514691747,85.9469696969697,488.7176513671875,565.5223999023438,214.10574340820312
2024-10-10,83.49517015202602,80.62939806803442,5.637174612143858,82.14646464646465,488.1626892089844,564.53271484375,212.91770935058594
2024-10-11,85.89544392272921,83.66961687556119,3.465190052284053,88.4469696969697,488.9257507324219,567.9132690429688,217.24771118164062
2024-10-14,88.30879275538784,86.82106932498718,2.0339484036672815,89.55176767676768,493.0285339355469,572.557861328125,218.84817504882812
2024-10-15,88.2664831070148,86.93978545065335,2.265790489712434,86.51988636363636,486.4383239746094,568.1092529296875,219.02490234375
2024-10-16,88.66904655755712,87.65372232306343,1.5629773155632933,89.13983585858585,486.4977722167969,570.5785522460938,222.62835693359375
2024-10-17,88.53955592322612,87.53624112424532,1.813291056771547,87.21433080808082,486.834716796875,570.62744140625,222.01959228515625
2024-10-18,89.02635870841544,88.0310693964952,1.802321033436284,88.85574494949495,490.0257873535156,572.822509765625,221.55809020996094
2024-10-21,84.8847542496065,82.3005459469105,6.143032360152477,79.6701388888889,490.96722412109375,571.8817749023438,218.07247924804688
2024-10-22,82.84386589464998,78.78176859485299,8.729166906086338,77.67361111111111,491.50238037109375,571.5779418945312,217.24771118164062
2024-10-23,76.759655634917,68.15875539155402,19.76418493662903,63.36489898989899,483.9706726074219,566.355224609375,215.2643585205078
2024-10-24,76.09156029581408,65.58079650640369,20.84671920442563,68.56060606060606,487.8951110839844,567.5801391601562,215.7356414794922
2024-10-25,74.42833154641615,61.48128114904206,25.754897638828975,64.7238005050505,490.8681945800781,567.3840942382812,214.9207000732422
2024-10-28,77.4826761720377,65.0509834053314,22.134570820677112,74.99526515151516,490.9474182128906,569.13818359375,218.42596435546875
2024-10-29,76.13471360616745,62.638757547363426,25.505614008823407,65.18939393939394,495.6646728515625,570.0592651367188,217.71902465820312
2024-10-30,76.03316211114674,61.13293108807592,28.367942736734932,64.61647727272728,491.9186706542969,568.3346557617188,217.4244384765625
2024-10-31,69.85808646440991,53.891342790052974,30.0,44.9447601010101,479.50128173828125,557.193603515625,213.81117248535156
2024-11-01,71.46919609938487,55.14694820793257,30.0,53.69949494949495,483.04901123046875,559.545166015625,215.00906372070312
2024-11-04,69.83505693273548,53.39430763558471,30.0,46.442550505050505,481.6418151855469,558.3399047851562,216.0989227294922
2024-11-05,77.38954759710712,60.90929783139019,30.0,67.20959595959596,487.7861328125,565.0912475585938,220.16387939453125
2024-11-06,81.66701249869901,68.5890476875067,20.685131516236357,76.02114898989899,501.03594970703125,579.142578125,232.91830444335938
2024-11-07,83.94262369485253,74.47266860481176,13.9380913263,78.04608585858585,508.9243469238281,583.6205444335938,232.09352111816406
2024-11-08,85.6137870228633,78.68147714784286,10.297249577291414,78.90151515151516,509.51904296875,586.148681640625,233.80197143554688
2024-11-11,85.48632968102179,79.93302143212266,8.843286246979037,77.3169191919192,509.22174072265625,586.7072143554688,237.31707763671875
2024-11-12,83.3307546748187,78.07018833546174,9.298537062883454,73.53377525252526,508.3000183105469,584.8846435546875,233.1539306640625
2024-11-13,81.96033573335708,76.6728355869502,9.638121908966978,72.89141414141415,507.6460266113281,585.1688232421875,230.84657287597656
2024-11-14,79.24136611987323,73.56904574655663,10.663146339584497,70.15467171717172,504.1180419921875,581.4060668945312,227.7340545654297
2024-11-15,73.73348744126972,68.00991030272183,10.453100947570029,63.28125,492.10693359375,573.9590454101562,224.33680725097656
2024-11-18,72.78962167951667,67.49907028368695,9.225524589946632,66.10479797979798,495.52587890625,576.310791015625,224.77862548828125
2024-11-19,73.53922744130445,69.23782912296359,6.92149414472079,71.51357323232324,498.9349670410156,578.4173583984375,226.4477996826172
2024-11-20,73.8692236720486,69.74522351208802,7.336911055946251,71.2594696969697,498.6475830078125,578.613525390625,226.7423553466797
2024-11-21,77.99260317687815,74.43877938367152,5.943155654235746,74.83428030303031,500.44134521484375,581.7196044921875,230.188720703125
2024-11-22,81.8489653687237,79.30278816030419,3.713370756410806,77.71464646464646,501.2440490722656,583.5225830078125,234.44020080566406
2024-11-25,85.07793795119073,83.54842757637559,1.856685378205403,82.13383838383838,502.036865234375,585.5020141601562,238.00437927246094
2024-11-26,85.586753727838,84.65767623726565,1.1433837244562353,81.44570707070707,504.73236083984375,588.5591430664062,236.25665283203125
2024-11-27,85.66006269042411,85.14074984408302,0.5716918622281176,82.28535353535355,500.7584228515625,586.7756958007812,236.58067321777344
2024-11-29,86.61800069478784,86.34008623793233,0.2858459311140588,85.25252525252526,505.1585388183594,590.4208374023438,237.48399353027344
2024-12-02,86.91168204977777,86.76663881012169,0.1429229655570294,86.4330808080808,510.6585998535156,591.4791259765625,237.36618041992188
2024-12-03,84.28836371356229,83.81143350434334,1.1688612618189125,82.92140151515153,512.2244262695312,591.7535400390625,235.67735290527344
2024-12-04,83.02208925132211,82.00917284608232,2.3289263695458144,80.85069444444446,518.5570678710938,595.427978515625,236.52175903320312
2024-12-05,79.9342149356259,77.69861382261072,5.176260848914317,73.59532828282829,517.1200561523438,594.4481811523438,233.76271057128906
2024-12-06,76.91725514689215,72.69540434941946,9.481773890366249,69.60385101010101,521.748046875,595.5750122070312,234.59727478027344
2024-12-09,76.23512882000782,70.29148760020904,12.371884419930604,69.86426767676767,517.6849365234375,592.5079956054688,233.41905212402344
2024-12-10,71.27060446913906,60.933610645737375,22.78849113673298,57.71938131313131,515.9210205078125,590.6658325195312,232.40773010253906
2024-12-11,68.67519898966611,54.42765707161264,29.459665391598804,55.03472222222223,525.1570434570312,595.2320556640625,233.45834350585938
2024-12-12,67.04664140937824,51.29746077002708,30.0,55.58396464646465,521.7679443359375,592.1651000976562,230.42434692382812
2024-12-13,65.41700136863929,49.16727448885557,30.0,53.22916666666667,525.76171875,592.0475463867188,228.84356689453125
2024-12-16,65.21412391300312,48.79754828640854,30.0,52.818813131313135,533.3330078125,594.575439453125,230.188720703125
2024-12-17,64.58448819608147,48.112296320549945,30.0,53.6758207070707,530.9843139648438,592.1257934570312,227.55345153808594
2024-12-18,54.1726437915018,37.681913166324634,30.0,29.790088383838384,511.8280334472656,574.4784545898438,217.4791259765625
2024-12-19,49.581423934037716,33.08451372564533,30.0,27.129103535353536,509.5486755371094,574.3019409179688,216.5140380859375
2024-12-20,50.28656556054255,33.78759549107842,30.0,31.254734848484848,513.9984130859375,581.199951171875,218.54270935058594
2024-12-23,50.667958612678845,34.16830192285747,30.0,32.18592171717171,519.0060424804688,584.680419921875,218.04046630859375
2024-12-24,53.394065059842916,36.894179496569116,30.0,35.76704545454545,526.0437622070312,591.1791381835938,219.9903106689453
2024-12-26,57.08059686699127,40.580635012566674,30.0,34.92266414141414,525.686279296875,591.2184448242188,222.24546813964844
2024-12-27,54.52686538891547,38.02687810410727,30.0,26.84027777777778,518.6983642578125,584.994873046875,219.0055389404297
2024-12-30,49.25457610005016,32.75458033844742,30.0,23.17708333333333,511.79974365234375,578.3192138671875,217.3215789794922
2024-12-31,46.339818665244636,29.839820078043722,30.0,19.862689393939394,507.4521484375,576.2152099609375,217.59732055664062
2025-01-02,44.113653663421665,27.613654134354697,30.0,14.892676767676768,506.45953369140625,574.799560546875,217.77456665039062
2025-01-03,46.71488250757631,30.21488266455399,30.0,21.360479797979796,514.747802734375,581.9864501953125,221.0144805908203
2025-01-06,48.743967962856836,32.24396801518273,30.0,23.819444444444443,520.6637573242188,585.339111328125,221.10313415527344
2025-01-07,46.54006510272711,30.04006512016907,30.0,19.19191919191919,511.37286376953125,578.722412109375,219.3305206298828
2025-01-08,46.68972811504188,30.18972812085586,30.0,18.428030303030305,511.46234130859375,579.5678100585938,218.3358917236328
2025-01-10,40.180993243047894,26.10321546720811,30.0,11.32260101010101,503.4419860839844,570.7192993164062,213.53016662597656
2025-01-13,40.30250978874115,25.484454233831592,30.0,14.237689393939391,501.8240051269531,571.604248046875,213.94375610351562
2025-01-14,41.47144667805583,27.458946678271158,30.0,17.200126262626263,501.3475341796875,572.3907470703125,216.3761749267578
2025-01-15,49.263120434403085,35.977635893481995,23.4945032936169,32.937184343434346,512.8817138671875,582.8026123046875,220.6304168701172
2025-01-16,52.42479313881182,41.45445301208244,17.841396217515516,34.17455808080808,509.2884521484375,581.6817626953125,221.07359313964844
2025-01-17,57.629772225007855,50.70206954288689,8.920698108757758,47.00126262626263,517.8844604492188,587.5217895507812,222.02883911132812
2025-01-21,64.60442724731224,60.65973169999967,4.460349054378879,57.937184343434346,520.9218139648438,592.8995971679688,226.29290771484375
2025-01-22,68.55570889199858,66.42307971625826,2.2301745271894395,65.19255050505049,527.5822143554688,596.2326049804688,224.81573486328125
2025-01-23,70.61037019118223,69.49062846928406,1.1150872635947198,68.5195707070707,528.7039794921875,599.4869384765625,225.83990478515625
2025-01-24,71.35751099286472,70.77983108723963,0.5575436317973599,69.48547979797979,525.7161254882812,597.7367553710938,225.2096710205078
2025-01-27,68.16844348101048,67.01501555960223,2.6205489623633254,61.99179292929293,510.41009521484375,589.2815551757812,223.05299377441406
2025-01-28,65.41935314038815,63.478054301263235,4.24588054178772,60.09154040404041,517.9539184570312,594.3449096679688,223.29917907714844
2025-01-29,62.83877725605572,60.06705671961227,5.794420700186789,57.73674242424242,516.9812622070312,591.6805419921875,222.787109375
2025-01-30,67.71364602984421,65.72742872266214,2.8972103500933946,71.7013888888889,519.1847534179688,594.8560791015625,225.05209350585938
2025-01-31,66.21873400100418,64.60721206359302,2.589407731864885,68.0508207070707,518.4303588867188,591.6903076171875,223.03329467773438
2025-02-03,61.90971297228131,59.028058744617184,6.394037041437497,55.38352272727273,514.28125,587.70849609375,220.42361450195312
2025-02-04,65.15353925314014,62.414193900210776,4.851256210112689,66.40782828282829,520.59423828125,591.6510620117188,223.47645568847656
2025-02-05,71.51223804363312,69.70972595413599,2.4256281050563446,75.31723484848484,522.9566650390625,594.0498657226562,225.9088592529297
2025-02-06,71.01302543318499,69.70363686418486,1.9324123795483712,73.01452020202021,525.686279296875,596.1146240234375,225.17027282714844
2025-02-07,68.05953801344587,66.41756257502864,3.287761587501461,68.68686868686868,519.0557250976562,590.6580200195312,222.56060791015625
2025-02-10,70.28554258801455,69.13546115083354,1.6438807937507305,77.83301767676768,525.3389282226562,594.6693115234375,223.56509399414062
2025-02-11,69.04995734760637,68.04819760033988,1.6865434587440546,75.06628787878788,524.0883178710938,595.12158203125,222.26516723632812
2025-02-12,65.37067489942936,63.82984122920041,3.291582966745769,69.99842171717171,524.3959350585938,593.204345703125,220.21681213378906
2025-02-13,67.82447278501195,66.37989455705076,2.5390009215041993,74.97474747474747,531.9397583007812,599.46728515625,222.69847106933594
2025-02-14,68.179771580699,66.53668995382505,3.16787877514604,71.75820707070707,534.1731567382812,599.4376831054688,222.5310516357422
2025-02-18,73.58160282816273,72.45313117709465,1.58393938757302,86.1947601010101,535.3840942382812,601.197509765625,223.75218200683594
2025-02-19,74.14797464784806,73.1067178949555,1.8139078250996414,82.92455808080808,535.5330810546875,602.6133422851562,222.9840545654297
2025-02-20,71.59389865547375,68.56725809490794,7.307877208004362,70.51452020202021,533.2599487304688,600.1062622070312,220.84706115722656
2025-02-21,60.87629634982437,51.127284218816456,23.836723484052683,47.31218434343435,522.1923828125,589.8419799804688,214.4853973388672
2025-02-24,55.51118886440483,41.26151815406886,30.0,43.972537878787875,516.0282592773438,587.157958984375,212.9392852783203
2025-02-25,51.50349755917277,35.75360732239411,30.0,39.97001262626263,509.5267028808594,584.2379150390625,212.13177490234375
2025-02-26,50.60028365235182,34.350320240092266,30.0,42.37689393939394,510.7574768066406,584.5328979492188,212.39764404296875
2025-02-27,45.38217752961694,28.965523058863752,30.0,34.362373737373744,496.57305908203125,575.20263671875,209.15771484375
2025-02-28,47.41857326907119,30.94635511215346,30.0,39.810606060606055,504.41473388671875,584.178955078125,211.38331604003906
2025-03-03,41.73873226904682,25.574381772296462,30.0,29.299242424242422,493.3768615722656,573.9441528320312,205.60267639160156
2025-03-04,37.93832216291439,22.558538663997602,30.0,26.974431818181813,491.8879699707031,567.1505126953125,203.27859497070312
2025-03-05,37.55814122878453,22.48571339581226,30.0,28.28282828282828,498.3002624511719,573.24609375,205.29739379882812
2025-03-06,35.89949632886887,21.37442779195219,30.0,25.250946969696972,484.59228515625,563.0703125,202.1559295654297
2025-03-07,34.950933325855885,21.774521591328096,30.0,23.2717803030303,488.15576171875,566.226318359375,202.81573486328125
2025-03-10,30.640156779375104,19.116538053051027,30.0,18.61426767676768,469.2366638183594,551.14453125,197.71456909179688
2025-03-11,27.26038772667556,17.154829632715682,30.0,14.767992424242426,468.1149597167969,546.5629272460938,197.6948699951172
2025-03-12,24.542337662952928,16.443262742744075,30.0,8.2260101010101,473.3956604003906,549.4631958007812,198.03955078125
2025-03-13,22.50151690666324,15.232380822149178,30.0,8.642676767676766,464.8790588378906,542.1386108398438,195.08518981933594
2025-03-14,25.119310588528094,17.115709671467854,30.0,12.141729797979798,476.1154479980469,553.3369140625,199.8022918701172
2025-03-17,32.028706755352864,23.037228671888343,30.0,16.827651515151516,479.202392578125,557.6039428710938,202.32333374023438
2025-03-18,32.73731575206402,23.577656390909183,30.0,14.681186868686869,471.03326416015625,551.5771484375,200.56649780273438
2025-03-19,36.53612602673657,26.799572906351624,30.0,17.435290404040405,477.3363342285156,557.5842895507812,203.68539428710938
2025-03-20,36.54095208862586,26.632471418867922,30.0,15.01104797979798,475.7183837890625,555.971923828125,202.39244079589844
2025-03-21,34.58140453547174,25.28228134925613,30.0,12.391098484848484,477.28668212890625,556.1552734375,201.1389617919922
2025-03-24,41.40964352121866,31.243406607673172,19.27235232220078,31.362058080808083,487.76043701171875,566.1151733398438,206.14300537109375
2025-03-25,42.55749314247165,33.954529497867824,14.22059456387817,27.706755050505052,490.5438537597656,567.4760131835938,204.9980926513672
2025-03-26,39.522740737037395,32.097564859069564,12.429603626636052,22.788825757575758,481.51751708984375,560.7012939453125,202.91555786132812
2025-03-27,37.04944757286761,30.074671974124684,12.271955380237216,20.427714646464644,478.77386474609375,559.2122802734375,201.94827270507812
2025-03-28,29.44442195554503,22.688467841346494,12.084624312593357,12.32638888888889,466.16876220703125,547.95068359375,197.84239196777344
2025-03-31,28.713841214797053,22.383096971736904,11.123889649983546,15.964330808080808,466.1488952636719,551.6289672851562,196.89491271972656
2025-04-01,28.794656105662114,22.960277098071007,10.156720708830157,16.65877525252525,469.9065856933594,553.18701171875,196.9146270751953
2025-04-02,33.860624231986364,30.013256506911198,5.188840152394878,31.008522727272727,473.33612060546875,556.6878662109375,200.02366638183594
2025-04-03,24.958676343872977,19.435364208501454,11.565971528217641,8.832070707070706,447.9967956542969,529.2537841796875,187.18289184570312
2025-04-04,16.564586263947213,11.893389626230778,18.244515120169428,1.9381313131313131,420.1722106933594,498.2696838378906,178.8329620361328
2025-04-07,12.650476989074463,9.092948480206022,27.859434012104916,1.3825757575757573,421.1861877441406,497.38214111328125,177.21429443359375
2025-04-08,11.178090331316731,7.991784532064289,30.0,1.3825757575757576,413.60125732421875,489.5918273925781,172.5458221435547
2025-04-09,14.452776464813264,10.73187823543282,30.0,2.8172348484848486,463.2461242675781,541.0084228515625,187.21249389648438
2025-04-10,12.805251857737481,9.204767262758814,29.91792680517473,2.765151515151515,443.5432434082031,517.3019409179688,179.34619140625
2025-04-11,16.6771068294231,12.757037890356134,25.98672145182979,4.199810606060606,451.7147216796875,526.531982421875,181.96173095703125
2025-04-14,20.302788227564314,16.35258006269014,24.847251193086613,4.696969696969697,454.7764892578125,531.6401977539062,184.1034698486328
2025-04-15,21.038948310943603,17.37730484857814,24.364321619270576,4.905303030303031,455.2834777832031,530.1510620117188,184.3304901123047
2025-04-16,16.415203448651617,13.396044516752017,29.684330948524178,3.1818181818181817,441.5550842285156,518.3668823242188,182.56378173828125
2025-04-17,17.508013156214716,14.557182401137071,23.173032740676227,6.767676767676767,441.4755859375,519.1065063476562,184.0541229248047
2025-04-21,12.75118023190429,10.26756998021174,20.156098914530034,3.9393939393939394,430.55047607421875,506.7503356933594,180.36279296875
2025-04-22,14.05426988560616,11.50417757948642,17.653313819638754,6.767676767676767,441.8533630371094,519.9349365234375,185.03125
2025-04-23,17.649247576395382,14.632550141022136,13.512677269667863,16.013257575757574,451.8737487792969,527.991455078125,187.7751007080078
2025-04-24,22.73461006120577,19.13969239756284,7.60170637473292,28.303345959595962,464.5881652832031,539.105224609375,191.5355224609375
2025-04-25,24.286952990168047,21.4427222877527,4.488885857821005,28.806818181818183,469.76739501953125,543.0003662109375,191.59474182128906
2025-04-28,25.33244161416558,23.402620477389583,2.677484279920602,29.62279040404041,469.6182861328125,543.2073974609375,192.40408325195312
2025-04-29,28.33212492343458,27.197979093190476,1.338742139960301,36.99810606060606,472.7198181152344,546.6292724609375,193.53912353515625
2025-04-30,29.385631506662236,28.705723226477033,0.8232536457377262,36.50568181818182,472.66015625,546.8462524414062,192.3251190185547
2025-05-01,29.67333110797952,29.295765179532538,0.4116268228688631,39.845328282828284,478.8334655761719,550.7216796875,193.51937866210938
2025-05-02,36.05603283155813,35.85471260454984,0.20581341143443155,54.56439393939394,485.9411926269531,558.8966674804688,197.87200927734375
2025-05-05,40.73885759697912,40.63401839588005,0.10290670571721577,65.62184343434343,483.0583801269531,555.6917724609375,196.35203552246094
2025-05-06,41.19074612774095,40.99894883364125,0.42777516472729293,64.41761363636364,478.5650939941406,551.0470581054688,194.21026611328125
2025-05-07,41.65599309768024,41.513635219446996,0.21388758236364647,66.19949494949495,480.4438781738281,553.3645629882812,194.85183715820312
2025-05-08,44.4866475505676,44.39998220105652,0.10694379118182323,72.48895202020203,485.4044189453125,557.2202758789062,198.5629119873047
2025-05-09,44.20235464468665,43.90863413868851,0.7222692440757603,70.34880050505052,485.0863342285156,556.51025390625,198.19772338867188
2025-05-12,49.364024630616406,49.13370176720313,0.36113462203788016,74.43339646464646,504.84881591796875,574.9015502929688,205.16587829589844
2025-05-13,51.42682970558559,51.28384740374089,0.18056731101894008,74.57228535353536,512.5431518554688,578.6981811523438,205.916015625
2025-05-14,52.211236776410715,52.13047200210901,0.09028365550947004,75.40561868686869,515.6148071289062,579.4378051757812,204.09007263183594
2025-05-15,56.56371024320956,56.520236648265595,0.04514182775473502,85.23516414141415,516.1814575195312,582.2678833007812,205.42250061035156
2025-05-16,60.175687521726275,60.15292032165659,0.02257091387736751,88.8510101010101,518.4281005859375,585.9559326171875,207.12013244628906
2025-05-19,60.959883730949535,60.94815666338212,0.011285456938683755,90.94065656565658,518.9251708984375,586.5969848632812,206.25157165527344
2025-05-20,61.475084738022545,61.46910671506133,0.0056427284693418775,92.80934343434345,517.1954345703125,584.6246948242188,206.36013793945312
2025-05-21,54.55011460349094,53.719179442840044,2.2607522354467946,85.58396464646465,510.0081481933594,574.7733764648438,200.56649780273438
2025-05-22,50.68980173749321,48.82503034818507,4.330344552066836,82.56944444444444,510.9624938964844,575.0001831054688,200.55662536621094
2025-05-23,48.878162381416985,46.24956777821312,5.473647654821303,82.22222222222221,506.2306213378906,571.0753784179688,199.92494201660156
2025-05-27,55.50124966818834,53.14628898040315,4.0329886001379265,88.66161616161617,518.1397705078125,582.9483642578125,204.9980926513672
2025-05-28,54.574111314447094,52.04279873071563,4.762706421281087,84.02146464646465,515.8433837890625,579.5758056640625,202.83657836914062
2025-05-29,59.75501267940322,57.38378209925786,4.165799233367818,87.09911616161617,516.857421875,581.8635864257812,203.43862915039062
2025-05-30,61.25102685935411,58.56642529031784,5.165976479057655,84.0893308080808,516.0422973632812,581.2128295898438,202.40231323242188
2025-06-02,64.4954131022143,61.42696006267127,5.927961408720748,85.4782196969697,520.1181030273438,584.4866943359375,203.0339813232422
2025-06-03,69.06602310247047,66.38024062269065,4.535358545269466,89.36079545454547,524.183837890625,587.81982421875,206.310791015625
2025-06-04,70.86685759813379,68.2572295336115,4.6755470125337295,88.95675505050505,525.6452026367188,587.6619873046875,205.7284698486328
2025-06-05,71.44708462842803,69.28002932823387,3.5377616691456537,88.96938131313132,521.6886596679688,584.8218994140625,205.8173065185547
2025-06-06,75.45748088504746,74.08653947897268,1.7688808345728269,94.61489898989899,526.788330078125,590.8274536132812,209.14344787597656
2025-06-09,77.38533244305145,76.60405715468818,0.8844404172864134,94.61489898989899,527.5638427734375,591.3599853515625,210.58448791503906
2025-06-10,80.18658664969595,79.76401414373902,0.4422202086432067,97.72727272727272,531.0530395507812,594.7127685546875,211.71949768066406
2025-06-11,79.31067968069536,78.71946317286586,1.228251834119579,94.5044191919192,529.263671875,593.0167236328125,210.85096740722656
2025-06-12,78.75050862252911,77.56382552671957,2.6989388905446337,91.05587121212122,530.5062866210938,595.3734741210938,210.01202392578125
2025-06-13,71.79301438483895,68.34025639658039,8.337809880878371,79.72695707070707,523.8458862304688,588.7171630859375,206.172607421875
2025-06-16,73.86605087159707,70.03292339966467,7.315113115944234,87.65940656565657,531.132568359375,594.3182983398438,208.60336303710938
2025-06-17,66.04616279462375,57.89439962392689,18.74742003650747,69.40025252525253,525.953369140625,589.2398681640625,206.40618896484375
2025-06-18,63.196189776888176,51.70282417857396,23.93484874931434,70.04419191919192,525.8638916015625,589.1510620117188,207.494873046875
2025-06-20,62.10878181061463,48.68434537056153,26.163585201677368,70.6344696969697,523.7166748046875,587.767333984375,207.05941772460938
2025-06-23,73.03226728196557,63.05911960756629,14.995460530131608,93.10921717171718,529.1017456054688,593.5730590820312,209.5930938720703
2025-06-24,78.99375499871161,72.83990953783217,7.716717007490042,97.02651515151516,537.19287109375,600.13037109375,212.26535034179688
2025-06-25,78.17231736242105,73.01757434538436,8.46398508202784,90.35827020202021,538.5661010742188,600.4666748046875,209.79103088378906
2025-06-26,80.63908389804354,76.6659806273262,6.149606177377553,93.04766414141415,543.6018676757812,605.1646118164062,213.1956787109375
2025-06-27,82.70215696395852,79.86986372268167,4.112524048284732,94.40656565656566,545.4629516601562,608.1712646484375,213.2649383544922
2025-06-30,83.57794132531151,81.53048847492259,3.0091502817181186,94.67803030303031,548.9959106445312,611.0790405273438,213.57174682617188
2025-07-01,86.2824198357099,85.03162026911711,1.5499507721721908,97.5820707070707,544.3682250976562,610.8812866210938,215.76893615722656
2025-07-02,88.27313826173496,87.548175903528,0.8400795527527561,97.5189393939394,548.159912109375,613.6505737304688,218.75790405273438
2025-07-03,88.97374810744701,88.57807940337335,0.42003977637637807,97.92929292929293,553.553955078125,618.4869995117188,220.7868194580078
2025-07-07,89.63510458800422,89.39365564431066,0.29879829727909735,97.64520202020202,549.3840942382812,613.8780517578125,217.47125244140625
2025-07-08,90.01919311182633,89.85933553535322,0.21647616884156853,97.71464646464646,549.692626953125,613.5418090820312,218.9756317138672
2025-07-09,89.09945325949768,88.31999283453383,1.9804760894712858,94.48232323232324,553.5838623046875,617.2210083007812,221.3509521484375
2025-07-10,91.03096253431067,90.40805510958633,0.9902380447356429,98.27020202020202,552.7877197265625,618.9617919921875,222.48915100097656
2025-07-11,88.08670973365912,87.28665065425318,1.6156998304486259,94.68434343434345,551.5436401367188,616.7858276367188,219.42100524902344
2025-07-14,89.59182411997394,88.72944695792305,1.6246112788606708,95.65656565656568,553.5440673828125,617.9627075195312,220.89569091796875
2025-07-15,84.39373935312264,81.95875318501825,5.8568921293293315,88.40277777777777,554.051513671875,615.322021484375,216.57061767578125
2025-07-16,83.33991648471091,79.95203138089168,7.026062857593947,91.36994949494951,554.6188354492188,617.3792114257812,218.74801635742188
2025-07-17,84.99684926594742,81.27229571670804,7.077977767180823,92.19065656565655,559.107177734375,621.1573486328125,221.61817932128906
2025-07-18,86.09023763410369,81.92782663815186,7.966072216923742,91.01641414141415,558.56982421875,620.7024536132812,220.0445556640625
2025-07-21,85.56480143359012,81.1739157785035,8.191132699370963,91.22474747474747,561.4658813476562,621.87939453125,219.1537628173828
2025-07-22,90.23245906372196,86.76075710973434,5.476563824432951,95.78282828282829,558.5598754882812,621.9684448242188,220.97486877441406
2025-07-23,93.4129240650117,91.25165337920312,2.7382819122164754,98.88888888888889,561.1076049804688,627.2598266601562,224.3498077392578
2025-07-24,94.09260768497025,92.7819134576462,1.6098290874213692,98.19444444444444,562.3018188476562,627.4674682617188,221.25201416015625
2025-07-25,94.39787259532679,93.58626742759893,1.021928432599573,98.19444444444444,563.6552734375,630.1181030273438,222.07347106933594
2025-07-28,93.26578918160726,92.49901747786951,1.3533726758957467,96.19318181818181,565.4169311523438,629.9598999023438,221.81613159179688
2025-07-29,91.17049875077146,90.06023603950021,2.3309240273418137,93.59532828282828,564.5410766601562,628.2982788085938,220.4008331298828
2025-07-30,86.18111742870833,83.21029968938304,7.092900460640604,85.64551767676768,565.2974243164062,627.5070190429688,219.28244018554688
2025-07-31,78.71474608276556,69.87969290928044,21.39485616466373,66.98232323232324,562.3018188476562,625.1531982421875,217.13475036621094
2025-08-01,70.14895810015402,56.20394037565897,30.0,50.943813131313135,551.2252197265625,614.9065551757812,212.71070861816406
2025-08-04,72.27170657210522,56.62336733060687,30.0,60.69917929292929,561.3961791992188,624.2530517578125,217.47125244140625
2025-08-05,73.76959394609496,57.5534808655955,30.0,61.369949494949495,557.5845947265625,621.0880737304688,218.57974243164062
2025-08-06,75.73880977582226,59.33343874898911,30.0,65.76073232323233,564.6007690429688,625.8455200195312,218.29273986816406
2025-08-07,76.11394577947867,59.645488770534286,30.0,62.815656565656575,566.5115356445312,625.3212280273438,217.58010864257812
2025-08-08,77.55839438440535,61.068908714757214,30.0,62.589962121212125,571.796142578125,630.1972045898438,218.05520629882812
2025-08-11,76.34630067034828,59.84980544713224,30.0,61.79135101010101,570.1041870117188,628.9510498046875,218.00570678710938
2025-08-12,82.98757160392083,66.48873986284879,30.0,80.88068181818181,577.2697143554688,635.6469116210938,224.47848510742188
2025-08-13,88.54105922150896,75.94917107940898,19.342575168388997,87.89141414141415,577.5584106445312,637.8228149414062,228.84315490722656
2025-08-14,88.68292041390367,79.25383020372124,14.268529534952073,84.17771464646465,577.1105346679688,637.882080078125,225.89378356933594
2025-08-15,89.18715192247969,81.8487253497147,11.44199046192048,85.10416666666667,574.5728149414062,636.388671875,224.7952117919922
2025-08-18,88.5964748832508,82.26046140856965,10.608739864798618,83.24810606060608,574.3438720703125,636.2501220703125,225.61666870117188
2025-08-19,87.8971414594001,82.13989750651552,9.94156216724779,84.04987373737374,566.5513916015625,632.79833984375,223.8846435546875
2025-08-20,86.19875254033876,80.55980756843736,10.14508269347238,81.63667929292929,563.1876220703125,631.1170043945312,223.09286499023438
2025-08-21,81.85968519021394,74.8876831641102,13.88823736946346,69.98421717171718,560.5802001953125,628.5850830078125,223.6471405029297
2025-08-22,89.03100617451577,83.52389288419066,8.68121622261051,90.63446969696972,569.2284545898438,638.2381591796875,232.41604614257812
2025-08-25,88.8622293308992,84.35351604701593,7.290024146658789,84.15719696969697,567.5864868164062,635.42919921875,229.97142028808594
2025-08-26,90.23151752107415,86.99388818011451,4.731067944541523,87.1590909090909,569.8653564453125,638.0897827148438,231.87168884277344
2025-08-27,91.56673479658701,89.45848721254563,2.806466737422284,89.22348484848484,570.7412109375,639.543701171875,233.51463317871094
2025-08-28,92.45355806350881,91.20265281418982,1.4949710581050912,90.34090909090908,574.31396484375,641.8085327148438,233.791748046875
2025-08-29,90.86217086965445,90.05719213422887,1.058209960870729,89.64015151515153,567.666015625,637.9810180664062,232.75254821777344
2025-09-02,89.29239870739323,88.24286388840656,2.1305688377586,85.50978535353536,562.9089965820312,633.2533569335938,231.49560546875
2025-09-03,87.16510091593243,85.71555880740335,2.999174096909607,84.44602272727273,567.3375854492188,636.6853637695312,231.2679443359375
2025-09-04,90.32687707298759,89.21572278571114,1.712655230272987,89.95265151515153,572.4728393554688,642.00634765625,234.15792846679688
2025-09-05,90.40504488291506,89.52337153429139,1.3944234169041798,88.91256313131312,573.2988891601562,640.14697265625,235.32582092285156
2025-09-08,91.94789374885048,91.39835833954349,0.6972117084520899,91.66035353535354,576.0953979492188,641.7195434570312,235.80088806152344
2025-09-09,91.9209309129165,91.35674742622759,1.0391045915997819,89.45075757575758,577.7275390625,643.203125,234.415283203125
2025-09-10,92.1653103043055,91.69451573083813,0.7710911215574645,90.8554292929293,577.9166870117188,645.0625610351562,233.99960327148438
2025-09-11,94.825052929718,94.52675469961001,0.38554556077873225,95.79545454545455,581.2804565429688,650.4231567382812,238.3246612548828
2025-09-12,94.13945367017537,93.85269260871883,0.5108954129651186,94.77746212121214,583.8480834960938,650.2055053710938,235.88995361328125
2025-09-15,92.99088691362749,92.45893463456133,1.1900870688562963,92.80460858585859,588.843994140625,653.6671752929688,236.88958740234375
2025-09-16,92.41451280959299,91.42710737200287,2.2093309397311804,90.62973484848484,588.3463745117188,652.7671508789062,236.49949645996094
2025-09-17,91.66998911834919,89.99396968909065,3.6733207728958925,87.57575757575758,587.1720581054688,651.9561157226562,237.10494995117188
2025-09-18,91.60636842665512,89.79229422983433,3.4238210556398623,90.71654040404042,592.4666137695312,655.0023803710938,243.01046752929688
2025-09-19,91.50620530046754,89.405576974197,4.079827983628011,88.5653409090909,596.4771728515625,658.2465209960938,241.16439819335938
2025-09-22,91.619282238203,89.11099148522545,4.93113084787462,89.10195707070706,600.0083618164062,661.3606567382812,242.5638427734375
2025-09-23,91.21295098175791,88.46695403365504,5.208818264846402,88.23390151515152,596.02294921875,657.7606201171875,242.0179443359375
2025-09-24,89.62906446866677,85.93188688278101,7.58685073595856,85.35353535353535,593.9305419921875,655.6677856445312,239.79469299316406
2025-09-25,83.61919994073405,75.5748778327353,18.577989761918673,72.14015151515152,591.3699340820312,652.6429443359375,237.50193786621094
2025-09-26,86.0597248960696,77.41860846621826,16.253661074141164,84.14299242424242,593.801025390625,656.3819580078125,239.53663635253906
2025-09-29,87.04200425828583,78.99592185557617,14.088300707525132,84.76167929292929,596.5509643554688,658.2266845703125,239.81454467773438
2025-09-30,88.79262094804814,81.76757486696901,11.84459621866155,85.53188131313132,598.18505859375,660.7061157226562,240.1520233154297
2025-10-01,89.98074738672312,83.9632881131273,10.024847036098457,85.12152777777777,601.0545043945312,662.95751953125,240.6780548095703
2025-10-02,91.15372555988415,85.93776602132675,8.75492667461488,87.26799242424244,603.5254516601562,663.7210693359375,242.1966094970703
2025-10-03,91.7350802371331,87.55060919273089,6.670412358772082,88.5116792929293,600.9848022460938,663.7112426757812,243.99310302734375
2025-10-06,91.35508566826998,87.51032035760176,6.681658988729467,87.09438131313132,605.498291015625,666.0914916992188,244.96575927734375
2025-10-07,89.12324404430548,83.98955082290826,10.505740321384941,80.5508207070707,602.3099365234375,663.6219482421875,242.3355712890625
2025-10-08,89.2800544120749,84.00612453398489,9.71645128442984,83.43276515151516,609.2147216796875,667.5791625976562,244.87644958496094
2025-10-09,85.24865450099468,79.47932991957846,10.940039878326031,75.31565656565658,608.4774169921875,665.6452026367188,243.29832458496094
2025-10-10,72.69165046256416,59.76854226875874,30.0,47.56628787878788,587.3546142578125,647.6542358398438,236.01316833496094
2025-10-13,74.45108887472678,59.143386143458315,30.0,59.98895202020203,599.8190307617188,657.5919189453125,242.58370971679688
2025-10-14,77.9475430929224,61.97806946353927,29.637016506255407,66.9949494949495,595.8236694335938,656.78857421875,246.047607421875
2025-10-15,79.97077194006505,65.41732220643867,25.17352324681457,71.3510101010101,600.0282592773438,659.7044067382812,248.45947265625
2025-10-16,75.08790041099812,59.23675049978932,30.0,57.19223484848486,597.806396484375,655.2117309570312,243.2288360595703
2025-10-17,77.7755122582115,61.491795621141904,30.0,60.14835858585859,601.7320556640625,658.9308471679688,241.5911865234375
2025-10-20,84.39242664499307,70.33740924100012,23.528486886281122,77.2695707070707,609.3143310546875,665.7840576171875,246.30567932128906
2025-10-21,84.40311527897074,73.40911084015491,17.206359920413284,75.82386363636364,609.1549682617188,665.7741088867188,245.14443969726562
2025-10-22,81.80495256773771,70.25849922309371,21.495777813742,65.34406565656566,603.286376953125,662.3128051757812,241.52169799804688
2025-10-23,85.23237476163648,76.41040164942098,13.563150901820498,79.5028409090909,608.3578491210938,666.2402954101562,244.57867431640625
2025-10-24,87.3430727319933,80.9875604528655,9.313239750152672,80.41035353535355,614.8540649414062,671.6851806640625,247.56617736816406
2025-10-27,88.51848215645569,83.89014192171842,6.845007659167244,81.5088383838384,625.8041381835938,679.6094970703125,248.4296875
2025-10-28,86.72379539895324,82.3643206294898,7.681894612411909,74.88162878787878,630.6165771484375,681.41455078125,247.09971618652344
2025-10-29,81.91609678281607,75.67514239599717,13.057625809993835,65.1846590909091,633.4562377929688,681.7418823242188,244.9955291748047
2025-10-30,77.0105423619488,69.00749948960288,16.152885663835303,57.714646464646464,623.7715454101562,674.2439575195312,243.02041625976562
2025-10-31,76.55170435633983,67.97651664061398,16.111382068028767,61.38257575757575,626.7806396484375,676.4556274414062,244.3900909423828
2025-11-03,73.50305128376311,61.617949163734416,24.61828967669115,53.851010101010104,629.7796020507812,677.7251586914062,243.6060028076172
2025-11-04,68.0224348770622,53.060734170385956,30.0,44.796401515151516,616.9962768554688,669.6917114257812,239.39767456054688
2025-11-05,69.20495303982881,53.21771947093674,30.0,51.32260101010101,621.01171875,672.0125122070312,242.85166931152344
2025-11-06,66.12801309638927,49.798935240091915,30.0,38.611111111111114,609.4439086914062,664.8021850585938,238.55404663085938
2025-11-07,68.4245007642572,51.9814748121581,30.0,44.921085858585855,607.5209350585938,665.4567260742188,239.80462646484375
2025-11-10,77.41469049044265,61.598756649147745,28.18615961071417,71.0748106060606,620.9618530273438,675.8407592773438,242.20654296875
2025-11-11,81.64163925438997,69.75164170967926,18.049144357124757,71.86553030303031,619.307861328125,677.3878784179688,242.41497802734375
2025-11-12,81.5937198188034,72.95798774814918,12.742907879319958,69.61016414141415,618.8196411132812,677.7647705078125,241.81944274902344
2025-11-13,73.26813236854866,62.408462293973784,21.766616502791294,44.979482323232325,606.1858520507812,666.5179443359375,235.02064514160156
2025-11-14,70.18291259158244,57.00860178658279,26.057511218567363,47.166982323232325,606.6441040039062,666.408935546875,235.7054901123047
2025-11-17,61.85380675557475,46.46236982057488,30.0,32.78251262626262,601.4630737304688,660.2002563476562,231.02073669433594
2025-11-18,57.14275745001281,41.012278471679515,30.0,27.580492424242422,594.1397094726562,654.65625,231.72544860839844
2025-11-19,55.078749024671026,38.701922698559926,30.0,25.572916666666664,597.6868286132812,657.185302734375,231.6857452392578
2025-11-20,50.95220657682641,34.49326446812271,30.0,21.07638888888889,583.5384521484375,647.1683349609375,227.3980255126953
2025-11-21,52.09930021353709,35.612986177302524,30.0,23.993055555555557,587.9224853515625,653.6148681640625,233.8395233154297
2025-11-24,55.94555434747146,39.45011633539326,30.0,26.491477272727273,602.9575805664062,663.2351684570312,238.10739135742188
2025-11-25,65.07789522020093,48.579415882841516,30.0,48.82891414141414,606.674072265625,669.4734497070312,243.29832458496094
2025-11-26,71.69334722828248,56.40764661639879,26.68965681662872,60.78125,612.034423828125,674.09521484375,245.45211791992188
2025-11-28,78.06310227474737,68.07476498773754,13.34482840831436,73.27651515151516,616.9962768554688,677.7747192382812,246.89126586914062
2025-12-01,78.00213678518514,71.44271900910202,8.80901458294506,66.43939393939394,614.923828125,674.6803588867188,243.78466796875
2025-12-02,77.35193280044892,72.82004162052942,6.396596148795761,66.90183080808082,619.7362670898438,675.9300537109375,243.3380126953125
2025-12-03,78.60889342506547,75.708901538739,3.789167708236263,71.38573232323233,621.250732421875,678.2706298828125,247.7646942138672
2025-12-04,80.32985841441577,78.66851370579697,1.8945838541181315,75.89962121212122,620.6729125976562,678.7665405273438,249.9383544921875
2025-12-05,80.20789051524298,79.1781878432817,1.2979666429681576,74.77746212121212,623.20361328125,680.0557861328125,248.89617919921875
2025-12-08,79.72977663639415,78.92252572693695,1.265500051282059,73.92676767676768,622.0079956054688,678.0127563476562,248.9954376220703
2025-12-09,78.14161746465663,77.02728040441734,2.3052366102369897,70.54766414141415,622.775146484375,677.4275512695312,249.51153564453125
2025-12-10,81.13457955892595,80.34050716030274,1.1526183051184948,78.42171717171718,625.3258666992188,681.92041015625,252.90599060058594
2025-12-11,82.15138342199889,81.58586103735276,0.8204497775592474,77.64046717171718,623.3032836914062,683.5072021484375,255.87364196777344
2025-12-12,79.89246450766967,79.11390728366102,1.6092266248907352,74.58491161616162,611.3867797851562,676.1580810546875,251.9531707763672
2025-12-15,80.49407907831413,79.35468269185907,2.3996653957787024,73.3175505050505,608.3179931640625,675.1365356445312,250.04750061035156
2025-12-16,78.14874184765354,76.49440514859057,3.476012464303495,71.13794191919192,609.5235595703125,673.2918701171875,248.8644256591797
2025-12-17,76.0627961041,73.24683910910485,6.175940259929524,67.80303030303031,598.224853515625,665.8832397460938,246.21546936035156
2025-12-18,77.74037647914446,75.20397364149233,4.357501379964762,75.1294191919192,606.8931884765625,670.9114990234375,247.6793670654297
2025-12-19,82.3404790284017,80.69613616285746,2.178750689982381,84.05145202020202,614.8043212890625,676.9923095703125,249.75074768066406
2025-12-22,85.42864452461876,84.48109260960723,1.0893753449911905,85.77493686868686,617.7513427734375,681.2098388671875,252.52919006347656
2025-12-23,86.61060036342512,85.96843947665437,0.8899370411824638,84.67013888888889,620.6444702148438,684.3233032226562,251.035400390625
2025-12-24,88.49364288208449,88.11643412894412,0.4449685205912319,87.5741792929293,622.4602661132812,686.7305297851562,251.66281127929688
2025-12-26,88.02317557348945,87.54604115848242,0.9583586289824844,85.21938131313132,622.4202880859375,686.660888671875,250.3781280517578
2025-12-29,87.07510734604531,86.3047080771184,1.6673303561579118,83.77209595959596,619.4074096679688,684.2138671875,248.8445281982422
2025-12-30,85.52697180895115,84.34311171882803,2.5283463649476454,82.1511994949495,617.9707641601562,683.3782958984375,247.00218200683594
2025-12-31,79.0813390878322,75.29711828903224,9.244365732978874,66.58775252525253,612.8628540039062,678.3152465820312,245.1399383544922
2026-01-02,78.79647329863768,74.37108195354712,8.62904839679247,74.7522095959596,611.6757202148438,679.55859375,247.74908447265625
2026-01-05,81.94141702547182,78.00195206778893,6.720912298143713,79.87373737373737,616.5341796875,684.0845947265625,251.6826934814453
2026-01-06,87.02508513643673,84.42062661116054,3.521736925587012,87.0580808080808,621.951416015625,688.1529541015625,255.01881408691406
2026-01-07,86.18731794110181,83.5765081213188,4.752700849157139,81.88762626262627,622.550048828125,685.9347534179688,254.4213104248047
2026-01-08,87.9445941958555,86.10552036182308,2.6421924384674575,86.72348484848486,619.0083618164062,685.8651123046875,257.1997375488281
2026-01-09,90.37799604508317,89.28056948668666,1.3210962192337288,91.14267676767678,625.173828125,690.4010009765625,259.1516418457031
2026-01-12,92.0233050790008,91.41529525267578,0.6605481096168644,92.04545454545455,625.6925659179688,691.4852294921875,260.4163818359375
2026-01-13,91.14434243374103,90.53483705116588,1.109551201273082,89.55176767676767,624.7647705078125,690.1026000976562,260.2669982910156
2026-01-14,91.38923367319988,90.9217027583118,0.7209885109900791,91.51357323232322,618.0905151367188,686.7105712890625,262.099365234375
2026-01-15,91.7804179584067,91.49239309309583,0.36049425549503955,92.9419191919192,620.3153076171875,688.5806884765625,264.4097595214844
2026-01-16,91.04065278748239,90.79174832998244,0.41698955198994186,92.18434343434345,619.7965087890625,688.0037231445312,264.6587219238281
2026-01-20,85.04890446451434,82.82062248674211,5.850855887106082,77.3800505050505,606.6276245117188,673.9981689453125,261.49188232421875
2026-01-21,86.74273246460243,83.82922461493115,5.920219610219702,85.20833333333334,614.8282470703125,681.77685546875,266.6802978515625
2026-01-22,89.00788893601226,86.73071527054454,3.5618301333926796,91.01641414141415,619.2976684570312,685.3379516601562,268.6719970703125
2026-01-23,88.01378284399064,86.23460760234236,2.7821382358882603,89.73800505050505,621.2530517578125,685.5865478515625,263.712646484375
2026-01-26,89.34045286718882,88.12466939941172,1.698341056075445,91.95864898989899,623.9866333007812,689.068115234375,262.8861083984375
2026-01-27,90.18848428906296,88.7936922034123,2.698720717431663,89.53440656565657,629.6432495117188,691.8134765625,263.63299560546875
2026-01-28,87.27095099197723,85.12889082726824,4.573989462251186,86.08743686868686,631.7283325195312,691.7438354492188,262.2088928222656
2026-01-29,86.62377659328534,83.94362380595112,5.362180179357916,87.3074494949495,627.947265625,690.3711547851562,262.27862548828125
2026-01-30,84.28389354456313,79.11136363349537,11.67039722351734,78.55902777777779,620.4050903320312,688.3121337890625,258.57403564453125
2026-02-02,86.03107899296887,80.42470800385698,10.587802778425338,84.95896464646465,624.6650390625,691.73388671875,261.0935363769531
2026-02-03,84.85337313233643,79.80397463121746,8.674385922040953,82.12436868686869,615.0676879882812,685.885009765625,261.6910400390625
2026-02-04,84.02309407441518,77.63189095129765,12.840191698394214,75.47032828282829,604.3230590820312,682.5626831054688,259.4403991699219
2026-02-05,79.41628388339093,68.42360116986836,24.16985910677287,63.57954545454545,595.6236572265625,674.0379638671875,254.7698516845703
2026-02-06,83.58552055372292,72.88236858149222,19.197066548335933,79.96054292929293,608.2138671875,686.96923828125,263.9217529296875
2026-02-09,86.02240415763829,76.29723996868127,16.793036904218475,80.93907828282828,612.8728637695312,690.2816162109375,265.7740783691406
2026-02-10,85.67118859126663,75.56113872778535,18.731804910442573,74.70170454545455,610.029541015625,688.4613037109375,265.05706787109375
2026-02-11,84.97688609607877,74.79795842420758,18.569757411029364,74.7885101010101,611.6657104492188,688.3021850585938,263.8520812988281
2026-02-12,81.9614872845515,69.69349741949831,24.204583566625804,66.25315656565655,599.22509765625,677.668701171875,258.4644775390625
2026-02-13,80.2233998019212,67.72358108885541,22.937696612858364,68.03503787878788,600.5020751953125,678.1461181640625,261.87030029296875
2026-02-17,79.90939926057308,67.00033076191599,23.8430788935504,68.66003787878788,599.8834838867188,679.2402954101562,261.9499816894531
2026-02-18,81.00359604982066,68.56252351006182,22.194681018744895,70.60448232323233,604.3629150390625,682.662109375,262.8960266113281
2026-02-19,81.68726770684259,70.82491514339381,18.314531955079513,72.16698232323233,602.0484008789062,680.8616943359375,263.5035400390625
2026-02-20,84.56844108746606,75.61860237223708,14.53378507476198,74.75378787878788,607.3758544921875,685.7855834960938,263.5134582519531
2026-02-23,79.1435207665291,67.84431057459825,22.679810782330485,61.29892676767677,599.9932250976562,678.7827758789062,259.4105224609375
2026-02-24,82.00440591207536,70.28518766763412,21.689495037629886,68.67739898989899,606.4380493164062,683.7164916992188,262.23876953125
2026-02-25,84.71561005149987,75.69275025015769,13.953964690532114,77.35795454545455,615.227294921875,689.4859008789062,263.48358154296875
2026-02-26,84.65027910807572,76.97361055510484,12.73376896142767,71.83712121212122,607.8048095703125,685.6561889648438,264.88775634765625
2026-02-27,79.0204634063956,70.83494888469913,15.345340920107775,61.2405303030303,605.859375,682.3637084960938,260.3267517089844
2026-03-02,77.83884975499382,68.78882205361228,17.2405168931347,61.18844696969696,606.6575317382812,682.7516479492188,262.7167663574219
2026-03-03,70.23816035604172,57.83803060619168,25.591237771062303,48.23863636363636,600.1629028320312,676.7337036132812,258.1657409667969
2026-03-04,70.59197096043141,56.96760529967554,25.88451566583419,54.829545454545446,609.311279296875,681.50830078125,260.67529296875
2026-03-05,66.2502193238902,50.70876410363825,30.0,41.57986111111111,607.4755249023438,677.7084350585938,255.6959991455078
2026-03-06,59.1419450613246,42.96145998790728,30.0,31.70296717171717,598.337158203125,668.8256225585938,249.850341796875
2026-03-09,59.9817872897634,43.58829226529096,30.0,40.79387626262626,606.3283081054688,674.6845092773438,252.5690155029297
2026-03-10,58.10010172427796,41.63560338278715,30.0,32.334280303030305,606.3383178710938,673.6002807617188,252.31008911132812
2026-03-11,56.98218156421497,40.4940154503847,30.0,31.98705808080808,606.2584838867188,672.7548217773438,251.80221557617188
2026-03-12,51.74574679547867,35.24969142420191,30.0,19.7332702020202,595.8530883789062,662.5390625,246.384765625
2026-03-13,49.00584814022843,32.50716301646951,30.0,20.901199494949495,592.3213500976562,658.7890014648438,245.56814575195312
2026-03-16,49.22202889330332,32.72246718538368,30.0,22.68308080808081,598.9656982421875,665.493408203125,247.8885040283203
2026-03-17,50.25151024517409,33.751656342534204,30.0,24.44286616161616,601.8887939453125,667.2440185546875,249.45677185058594
2026-03-18,47.0400763698908,30.54012506901084,30.0,18.645833333333332,593.4986572265625,657.9335327148438,245.43634033203125
2026-03-19,45.72149019291952,29.221506425959532,30.0,16.631944444444443,591.623046875,656.3121337890625,247.04251098632812
2026-03-20,40.31231262016635,25.12250321636487,30.0,11.592487373737374,580.6888427734375,646.9034423828125,241.64535522460938
2026-03-23,40.588177193689674,25.12212961464473,30.0,12.356376262626263,587.3545532226562,653.6959228515625,246.86293029785156
2026-03-24,40.19145272580189,25.2036961253795,30.0,10.89804292929293,583.3389282226562,651.5015869140625,248.18978881835938
2026-03-25,43.61112361479464,28.875852896135324,30.0,11.83080808080808,587.1747436523438,655.1322021484375,251.2225799560547
2026-03-26,39.56158354561527,26.535011824580682,30.0,9.33080808080808,573.1600952148438,643.432373046875,246.85296630859375
2026-03-27,35.8873423470382,24.496077699285927,30.0,7.5315656565656575,561.9624633789062,632.4606323242188,242.5232696533203
2026-03-30,32.75497842815885,22.30927910113031,30.0,7.73989898989899,557.6671752929688,630.3460693359375,239.04153442382812
2026-03-31,38.130078549408665,27.437993588547307,30.0,12.727272727272728,576.54638671875,648.6688842773438,247.41163635253906
2026-04-01,43.50384871546008,30.85474623399822,24.77747498502202,22.269570707070706,583.6685791015625,653.5562744140625,248.96792602539062
2026-04-02,46.331417378575566,35.40146969074165,18.309764165490808,21.846590909090907,584.3378295898438,654.144775390625,250.69381713867188
2026-04-06,49.0172520602827,40.727179342794386,12.672973149664596,29.535984848484848,587.85400390625,657.23681640625,251.76129150390625
2026-04-07,50.147258316063215,45.060522332795266,6.336486574832298,33.69002525252525,587.9439086914062,657.5260009765625,252.3099822998047
2026-04-08,59.7738989493551,56.91663108287986,3.168243287416149,56.84501262626262,605.4246826171875,674.27294921875,259.85205078125
2026-04-09,64.00159761848118,62.46833039362982,1.5841216437080745,60.3677398989899,609.5202026367188,678.162841796875,261.3385009765625
2026-04-10,64.41247208566695,63.35108657742556,1.5008084544297986,58.09974747474747,610.3992309570312,677.7140502929688,260.6800537109375
2026-04-13,66.88017460726657,66.2512312212073,0.7504042272148993,65.18781565656565,616.7122802734375,684.3369750976562,264.4411315917969
2026-04-14,68.80858513844913,68.33350588523626,0.7239039759811866,64.07196969696969,627.909912109375,692.675537109375,268.0824890136719
2026-04-15,69.2231058205605,68.93203034055965,0.3619519879905933,66.01641414141415,636.7003173828125,698.1414184570312,268.75091552734375
2026-04-16,68.67293763042252,68.30067873790173,0.7506374523286314,64.19349747474747,639.7669067382812,699.8569946289062,269.3095703125
2026-04-17,71.47894217310382,71.21723900933662,0.3753187261643157,69.20928030303031,648.1376953125,708.3152465820312,275.125732421875
2026-04-20,72.22938644827366,72.02632395129521,0.31589484288014236,68.79892676767676,646.0799560546875,706.8988037109375,276.6920166015625
2026-04-21,72.41135272181513,72.2857511682943,0.15794742144007118,70.07260101010101,643.6226806640625,702.2708129882812,273.8587646484375
2026-04-22,74.03383474565555,73.96301053388459,0.07897371072003559,75.5871212121212,654.390869140625,709.3825073242188,275.8240661621094
2026-04-23,75.38455265932627,75.34646607510393,0.039486855360017795,78.98832070707073,650.7048950195312,706.6295776367188,274.8663330078125
2026-04-24,75.58075155984277,75.56081677495266,0.019743427680008897,81.37784090909092,663.1512451171875,712.10546875,275.99365234375
2026-04-27,75.83916466136174,75.82890010465702,0.009871713840004449,83.45486111111111,663.5008544921875,713.332275390625,276.4825134277344
2026-04-28,77.28712896119464,77.28189762808908,0.004935856920002224,85.98800505050505,656.8281860351562,709.8612060546875,273.2601623535156
2026-04-29,74.4548232963123,73.66875447261955,2.1390683072478818,79.15088383838383,660.84375,709.7515258789062,271.4344787597656
2026-04-30,78.429764331094,77.53161908677507,1.7348790084219166,83.85890151515153,667.0069580078125,716.8132934570312,277.310546875
2026-05-01,80.615687436964,79.92735333360997,1.0607791506756035,85.36931818181819,673.4099731445312,718.7982177734375,278.617431640625
2026-05-04,77.79755929979848,76.87920844420475,1.8788349667519455,81.67297979797979,672.141357421875,716.1649780273438,277.22076416015625
2026-05-05,80.42161909319881,79.69292406409637,1.1524856651941562,85.30618686868686,680.8617553710938,721.9102172851562,281.8896484375
2026-05-06,82.18271141490466,81.557806440659,1.0418362669405123,84.49810606060606,695.0062255859375,731.9443359375,286.11956787109375
2026-05-07,80.19991895648337,79.01466201520313,2.664423499631874,79.12878787878788,694.1771240234375,729.7001342773438,281.5903625488281
2026-05-08,79.21794436596585,77.1688356490325,4.510972008654333,78.59690656565655,710.44921875,735.724609375,283.495849609375
2026-05-11,79.21174744858796,76.90109926959761,4.4389416545796925,81.22790404040404,712.5069580078125,737.4002685546875,284.6530456542969
2026-05-12,79.0725185097987,75.99724937364748,6.286508390421162,79.48074494949495,706.463623046875,736.2831420898438,281.8996276855469
2026-05-13,77.71638664131338,75.04759562250057,4.482821745715633,81.70138888888889,713.9254760742188,740.4025268554688,281.9993896484375
2026-05-14,78.97776861107752,76.02156545374021,5.636198593817419,79.49179292929293,718.9998168945312,746.2474975585938,283.7751770019531
2026-05-15,72.3707574903915,65.5759393577829,15.84386476408043,64.83743686868686,708.1517944335938,737.2706298828125,276.94140625
2026-05-18,70.54989930321653,61.14016168652485,19.485813379514966,65.32828282828282,705.1051025390625,736.751953125,275.3152770996094
2026-05-19,65.98957014338148,52.99586959601761,26.883058204909,58.222853535353536,700.7599487304688,731.8446044921875,272.3523254394531
2026-05-20,72.60708735419114,60.80678390824394,20.370190718616115,74.15719696969697,712.3671875,739.3452758789062,279.2060241699219
2026-05-21,76.26633551537012,67.65688748034513,12.752764235570687,78.45012626262626,713.7256469726562,740.8114624023438,281.8197937011719
2026-05-22,80.37808826943314,74.65449580531093,7.783026688492411,81.48674242424244,716.7523193359375,743.7239990234375,284.4435729980469
2026-05-26,83.20107151068648,79.86631912975545,3.8915133442462055,86.04640151515152,729.4783935546875,748.6613159179688,289.82080078125
2026-05-27,83.71845481332647,81.68726337879322,2.5080199296988597,84.2471590909091,728.6492919921875,748.5316162109375,289.6811218261719
2026-05-28,83.47159773238829,82.12929045228427,1.814300368889832,84.25347222222223,734.79248046875,752.6609497070312,291.3371887207031
2026-05-29,83.91368072561092,82.89979076600198,1.544875089747948,84.00568181818181,737.49951171875,754.5361328125,289.740966796875
2026-06-01,80.27846596577604,78.07397838176743,5.090520720379022,72.22853535353536,741.9246826171875,756.5908203125,288.29443359375
2026-06-02,79.17358798185802,76.04011037039677,6.5417684094319375,73.25757575757575,745.3408813476562,757.6182250976562,290.9680480957031
2026-06-03,76.91695356971026,73.08893543527176,7.591433447140212,72.22064393939394,743.39306640625,752.3018798828125,286.9875183105469
2026-06-04,80.72669496094719,77.57191078184384,5.123940366246879,81.79608585858584,739.7969970703125,755.1445922851562,291.3172302246094
2026-06-05,74.60876922293217,67.92359416784504,15.364309987416362,61.76452020202021,704.2860107421875,735.65478515625,280.9817810058594
2026-06-08,73.45843202937843,64.75168333971195,17.668246376283946,67.78882575757575,715.283935546875,737.3204345703125,283.4359436035156
2026-06-09,73.91893822017454,63.40214846481885,20.766927796727828,66.95391414141415,707.052978515625,735.1560668945312,284.3437805175781
2026-06-10,70.14126396810097,55.865144972100836,29.374152029677045,54.761679292929294,692.9285278320312,723.56591796875,281.3808288574219
2026-06-11,75.44639365232044,62.22770099913886,23.072689966858725,71.73295454545455,716.332763671875,735.8642578125,289.72100830078125
2026-06-12,79.71996791777686,68.22549011121815,19.331582514995016,72.55366161616162,720.5481567382812,739.843994140625,292.2550048828125
2026-06-15,83.99184115777747,75.9519817496014,11.477364016335896,80.24936868686868,743.1832885742188,752.890380859375,294.6400146484375
2026-06-16,85.56912382026925,80.14316870482676,7.4890963074103745,80.44507575757575,729.0587768554688,748.4019775390625,292.0799865722656
2026-06-17,81.82933093256139,76.37120254327755,9.95311822946277,69.1998106060606,721.7168579101562,739.0560302734375,289.8800048828125
2026-06-18,81.00830104603952,74.3236411459693,13.268955737206126,70.6534090909091,739.8070068359375,746.739990234375,295.5899963378906
2026-06-22,80.53396410455785,74.02577152354667,11.672652584512155,69.92424242424242,737.9500122070312,744.3900146484375,298.17999267578125
2026-06-23,77.13249042034965,70.51588725748167,12.128742643266177,66.84974747474747,713.6500244140625,733.5800170898438,295.32000732421875
2026-06-24,77.66188232866875,71.56788690552138,10.604893733249256,69.72380050505049,710.6199951171875,733.239990234375,296.69000244140625
2026-06-25,78.11296751022967,72.38574141160335,10.079711702483218,68.96622474747474,716.3800048828125,734.2999877929688,298.9100036621094
2026-06-26,78.28247906906645,72.11913421943947,11.60255313659514,67.36900252525253,706.52001953125,728.989990234375,299.8299865722656
2026-06-29,79.653376861406,73.60945298000641,10.880387995065243,69.04829545454545,724.0800170898438,741.0,298.9700012207031
2026-06-30,79.88214413898719,72.93258854146242,13.458857191977053,68.19286616161617,736.4000244140625,746.77001953125,300.45001220703125
2026-07-01,80.01674533076289,72.87455205379959,13.160931121241049,70.83017676767676,725.1699829101562,745.760009765625,299.32000732421875
2026-07-02,79.47410029543948,73.39400115959457,10.089185573246784,70.56818181818181,712.5999755859375,744.780029296875,297.5799865722656
2026-07-06,81.21350481228454,76.55876459709285,7.167383190663799,73.65214646464645,722.8200073242188,751.280029296875,298.8999938964844
2026-07-07,79.53681601832471,75.33983548663912,7.214728527150078,69.375,709.4299926757812,747.7100219726562,296.19000244140625
2026-07-08,76.19894334182419,72.00481036517371,7.623107634787159,67.59469696969697,711.4400024414062,745.4000244140625,293.4800109863281
2026-07-09,77.86600712653707,74.38354410960926,5.6847782492117584,74.45075757575758,723.280029296875,751.7100219726562,297.239990234375
2026-07-10,79.08730463819089,76.39545050213725,4.175544901121026,76.17897727272728,725.510009765625,754.9500122070312,295.989990234375
2026-07-13,76.69822369774619,73.89772710802279,5.190577848287784,70.51609848484848,711.739990234375,749.1699829101562,293.4800109863281
2026-07-14,76.87438837907514,73.71378444503682,6.0739229203560114,69.31344696969697,719.6900024414062,751.8300170898438,294.510009765625
2026-07-15,77.44012254290539,73.31321910125327,8.381914900834571,65.76704545454545,717.739990234375,754.8099975585938,295.7699890136719
2026-07-16,76.0566891010927,71.95929354381491,7.4229847547102175,68.33333333333333,705.9400024414062,750.719970703125,295.5899963378906
2026-07-17,70.65044220463587,64.24953716338345,13.73210869679955,57.34059343434344,695.3300170898438,743.2899780273438,294.0400085449219
2026-07-20,67.61989619620957,58.286090733878865,19.636828496127045,54.48232323232323,696.0599975585938,742.0900268554688,292.30999755859375
2026-07-21,67.58660041524557,56.94422095119721,20.539393572558478,55.623421717171716,708.969970703125,748.280029296875,296.5400085449219
2026-07-22,67.48262416126585,55.98105995115104,21.69301196936005,53.60953282828282,705.3499755859375,747.4099731445312,293.7900085449219
2026-07-23,65.19454345738755,51.33672535731846,27.33808190008407,48.92834595959596,691.9600219726562,738.1799926757812,292.0899963378906
2026-07-24,67.48288642602331,53.14062220635523,26.51724959903193,55.62184343434345,684.22998046875,738.9299926757812,291.1700134277344
2026-07-27,69.53759555638206,56.31461589000351,23.02424979951596,57.72253787878789,682.1199951171875,739.0900268554688,292.9100036621094
2026-07-28,70.89953662139037,59.60330188509366,18.78702231137414,61.10637626262627,675.489990234375,740.8599853515625,293.3699951171875
2026-07-29,66.21049109284887,53.63819805097951,24.018767626646667,47.57260101010101,661.72998046875,729.4600219726562,288.57000732421875
2026-07-30,67.87815924146597,54.56227447512428,24.88669205195969,51.652462121212125,683.5499877929688,741.6900024414062,292.5899963378906
2026-07-31,68.01968673329166,56.49028646276294,19.33846913204046,55.72758838383838,687.989990234375,747.030029296875,291.20001220703125
2026-08-03,72.01127022165446,63.58343510773376,12.503731882939423,67.10858585858585,700.0700073242188,757.6699829101562,296.2200012207031
2026-08-04,78.77648401327878,73.6748547967663,6.2518659414697115,81.20738636363636,723.8499755859375,771.3300170898438,301.7099914550781
2026-08-05,81.00167312227138,77.85619884046073,3.9407214808358635,78.60006313131314,717.2999877929688,769.7899780273438,299.7699890136719
2026-08-06,81.4589869337988,79.55764072346793,2.3259675901654058,80.06944444444444,714.6500244140625,768.5599975585938,298.25
2026-08-07,82.88296197456593,81.8227525129253,1.1629837950827029,81.67140151515152,723.030029296875,773.260009765625,301.55999755859375
2026-08-10,82.31889978276777,81.4692606530298,1.3533708432484186,79.2013888888889,720.8699951171875,773.030029296875,299.9800109863281
2026-08-11,81.55406928785861,81.02273825668374,0.6766854216242093,82.0028409090909,718.4500122070312,770.5599975585938,300.989990234375
2026-08-12,81.8966426245724,81.51662490725337,0.5533837461656428,81.31470959595958,723.7000122070312,772.489990234375,302.7099914550781
2026-08-13,84.29248356846014,84.06435730922345,0.2766918730828214,85.62973484848486,732.0700073242188,777.8800048828125,303.5
2026-08-14,83.93461573494127,83.72230716392681,0.3716358670969643,84.88320707070709,731.0700073242188,776.3400268554688,305.0899963378906
2026-08-17,81.49339884767403,80.62334012105329,2.179879644407068,79.24873737373738,729.8699951171875,772.6699829101562,304.05999755859375
2026-08-18,77.47997936839415,75.34283255249039,5.037619746445956,77.10227272727273,717.510009765625,767.4500122070312,300.2300109863281
2026-08-19,77.44442073222567,74.78019069655747,5.323221173728026,77.62784090909092,716.0800170898438,769.0599975585938,301.7200012207031
2026-08-20,73.00518851378953,67.5005991223648,12.590489216914523,66.96338383838383,710.9299926757812,762.5999755859375,297.6700134277344
2026-08-21,73.73912348497862,67.44648142862492,12.15757888876029,74.27083333333334,713.4400024414062,765.719970703125,299.9599914550781
2026-08-24,73.17757632974876,65.3733111003396,15.563776028976104,67.23958333333334,706.3200073242188,763.469970703125,297.9700012207031
