date,mc_alpha_0.0,mc_alpha_0.75,mc_alpha_1.0,mc_alpha_1.25,QQQ,nqsar_proxy,vix_context
2011-01-03,94.05573574191068,93.87396343296275,93.81337266331346,93.75278189369565,48.39962387084961,Blue,NORMAL
2011-01-04,93.03154154359986,92.79041084069807,92.71003393973083,92.62965703877407,48.36463165283203,Blue,NORMAL
2011-01-05,93.85125458860736,93.51828133212497,93.40729024663085,93.29629916114024,48.775917053222656,Blue,NORMAL
2011-01-06,93.34208486286913,92.74672268295076,92.54826862297799,92.34981456300638,48.93341827392578,Blue,NORMAL
2011-01-07,92.77699125058601,91.93053567117889,91.6483838113765,91.36623195157452,48.8896598815918,Blue,NORMAL
2011-01-10,91.12658967612127,90.22443011215728,89.9237102575026,89.62299040284809,49.07343673706055,Blue,NORMAL
2011-01-11,92.96071507722561,92.20198789826792,91.94907883861535,91.69616977896284,49.143436431884766,Blue,NORMAL
2011-01-12,94.48320132203818,93.91057679467853,93.71970195222534,93.52882710977214,49.493465423583984,Blue,NORMAL
2011-01-13,94.7768078480868,94.34252492455784,94.19776395004817,94.05300297553853,49.51095962524414,Blue,NORMAL
2011-01-14,95.27282483825115,94.88700218431474,94.75839463300261,94.62978708169047,49.87849807739258,Blue,NORMAL
2011-01-18,95.71964531645409,95.26043748098412,95.10736820249414,94.95429892400416,50.01850128173828,Blue,NORMAL
2011-01-19,93.00562251289212,91.71329475898987,91.28251884102247,90.85174292305506,49.44971466064453,Blue,NORMAL
2011-01-20,89.14539268948256,87.06599447825347,86.3728617411771,85.67972900410075,49.09968185424805,Blue,NORMAL
2011-01-21,88.02161237797569,84.81406432760181,83.74488164414386,82.67569896068589,48.723411560058594,Yellow,NORMAL
2011-01-24,87.87757449636227,84.18811992014446,82.95830172807183,81.72848353599923,49.39720916748047,Yellow,NORMAL
2011-01-25,87.10641372100966,83.07926340200157,81.7368799623322,80.39449652266283,49.467220306396484,Yellow,NORMAL
2011-01-26,91.51417494404026,88.26227474645873,87.17830801393154,86.09434128140434,49.729732513427734,Yellow,NORMAL
2011-01-27,93.70565090727268,91.19426954578941,90.357142425295,89.52001530480055,50.0359992980957,Yellow,NORMAL
2011-01-28,84.46299474686867,78.64154399245176,76.70106040764614,74.76057682284049,48.76716232299805,Yellow,ELEVATED
2011-01-31,82.98303528599327,75.5187058564486,73.0305960466004,70.54248623675217,49.00342559814453,Yellow,NORMAL
2011-02-01,90.15453028051628,84.17164164552076,82.1773454338556,80.18304922219042,49.9222412109375,Yellow,NORMAL
2011-02-02,90.66169527869062,85.76701486278513,84.13545472414998,82.5038945855148,49.84349060058594,Yellow,NORMAL
2011-02-03,92.17704657437837,88.68470405584526,87.5205898830009,86.35647571015653,49.93098068237305,Yellow,NORMAL
2011-02-04,93.65716367294095,91.21652115736984,90.40297365217945,89.5894261469891,50.21100616455078,Green,NORMAL
2011-02-07,95.23572122431365,93.57384010331546,93.0198797296494,92.46591935598333,50.44728088378906,Green,NORMAL
2011-02-08,96.25125892662307,95.1967428561642,94.84523749934459,94.49373214252498,50.77980041503906,Green,NORMAL
2011-02-09,96.09949371628176,95.40461155273242,95.17298416488264,94.94135677703285,50.6922721862793,Blue,NORMAL
2011-02-10,96.24242383135318,95.77704206791631,95.62191481343734,95.4667875589584,50.771053314208984,Blue,NORMAL
2011-02-11,96.17154868452513,95.78734806169707,95.65928118742104,95.53121431314503,51.13856887817383,Blue,NORMAL
2011-02-14,96.75440511706394,96.41154114194669,96.29725315024096,96.18296515853521,51.26109313964844,Blue,NORMAL
2011-02-15,96.1121165205028,95.81642824226533,95.71786548285283,95.61930272344036,51.19108581542969,Blue,NORMAL
2011-02-16,96.51098328461205,96.28591309026703,96.21088969215202,96.13586629403703,51.52360534667969,Blue,NORMAL
2011-02-17,98.0221796133892,97.88390249780792,97.83781012594751,97.79171775408709,51.5061149597168,Blue,NORMAL
2011-02-18,97.7259117229816,97.55270638127692,97.49497126737538,97.43723615347382,51.39234161376953,Blue,NORMAL
2011-02-22,89.2595631669198,86.93492955420723,86.16005168330304,85.38517381239885,49.90473937988281,Yellow,ELEVATED
2011-02-23,82.69809512971402,76.2374676621821,74.08392517300479,71.93038268382749,49.493465423583984,Yellow,ELEVATED
2011-02-24,80.23269837657134,70.68159358908018,67.49789199324978,65.64346089460916,49.755977630615234,Red,ELEVATED
2011-02-25,83.55626982922749,74.72348326479573,71.7792210766518,69.2780490542378,50.44728088378906,Yellow,NORMAL
2011-02-28,87.14931216529806,80.12247797896457,77.78019991685339,75.5856185766522,50.552303314208984,Yellow,NORMAL
2011-03-01,84.20717812917343,76.19514184574525,73.52446308460253,70.90301656409646,49.73849105834961,Yellow,ELEVATED
2011-03-02,84.36998530231708,74.89697951384917,71.7393109176932,68.93526478062475,50.00099563598633,Yellow,ELEVATED
2011-03-03,90.42055065632792,82.1716143798427,79.42196895434762,76.79019768188172,50.98981475830078,Green,NORMAL
2011-03-04,89.46796132988709,81.12190081422739,78.33988064234083,75.59715185479732,50.7273063659668,Green,NORMAL
2011-03-07,81.74950562848088,71.00825360595644,67.42783626511498,66.12590247011762,50.044761657714844,Green,ELEVATED
2011-03-08,87.50724261690104,78.25949233685174,75.17690891016863,72.85381999876691,50.24601364135742,Green,NORMAL
2011-03-09,86.9973216130411,79.13792935564297,76.51813193651024,74.15149935580466,49.90473937988281,Green,ELEVATED
2011-03-10,74.7884481922205,64.39721684384138,60.93347306104834,59.506507439808345,49.12594985961914,Yellow,ELEVATED
2011-03-11,73.31976050851796,60.2244230249906,57.7014354647939,57.2257802577139,49.43220520019531,Yellow,ELEVATED
2011-03-14,70.05812914947583,54.69301665496672,53.85202080156782,53.69346906587448,49.25718688964844,Red,ELEVATED
2011-03-15,64.89015484809055,48.76845068325418,48.488118732121215,48.43526815355677,48.5571403503418,Red,ELEVATED
2011-03-16,59.62020576646542,43.24630437818662,43.15286039447564,43.13524353495416,47.38455581665039,Red,ELEVATED
2011-03-17,59.0045986957557,42.54663156632943,42.515483571759106,42.50961128525194,47.82209014892578,Red,ELEVATED
2011-03-18,57.45277689490613,40.96678785176404,40.95640518690726,40.95444775807154,47.714324951171875,Red,ELEVATED
2011-03-21,67.12592563163538,50.63059595058802,50.62713506230242,50.62648258602385,48.634422302246094,Red,ELEVATED
2011-03-22,69.23688261795255,52.73843939093675,52.73728576150822,52.73706826941536,48.54678726196289,Red,ELEVATED
2011-03-23,73.11229420598418,56.61281313031225,56.612428587169404,56.61235608980512,48.818450927734375,Red,NORMAL
2011-03-24,81.46706103162435,69.17785090916588,66.91459502904009,64.96708165956467,49.68598175048828,Green,NORMAL
2011-03-25,84.77790923276368,76.35343757388247,74.1563295189311,72.06446896752983,49.80866622924805,Green,NORMAL
2011-03-28,82.82134011462495,76.51711750263368,74.61939302019516,72.75675103894001,49.53701400756836,Green,NORMAL
2011-03-29,83.75063189006019,78.95826630932545,77.42870546737782,75.91083879249135,50.01897048950195,Green,NORMAL
2011-03-30,87.52891433372378,84.49049400733226,83.50031868241194,82.5140414131787,50.25556945800781,Blue,NORMAL
2011-03-31,87.33741588901904,85.27708661659301,84.59785400929884,83.91992075390036,50.3256721496582,Blue,NORMAL
2011-04-01,87.47450900004338,85.8223480635314,85.27414235697668,84.72636976772051,50.351966857910156,Blue,NORMAL
2011-04-04,88.57946596297742,87.34075825573288,86.92869388852334,86.51677389374666,50.18546676635742,Blue,NORMAL
2011-04-05,89.62741458025172,88.87051831363328,88.61849895871778,88.36652772794658,50.05403137207031,Blue,NORMAL
2011-04-06,89.57858263786167,89.13041550577596,88.9811195952887,88.83183972618289,50.176700592041016,Blue,NORMAL
2011-04-07,89.45767569410205,89.21035246180034,89.12794242888022,89.04553774308724,50.14165115356445,Blue,NORMAL
2011-04-08,87.01644745358958,86.88503928201911,86.84124690633354,86.7974563130237,49.90507125854492,Blue,NORMAL
2011-04-11,83.45455655860393,82.96374424601215,82.80014359120533,82.63654353052374,49.73853302001953,Green,NORMAL
2011-04-12,80.21077811212724,78.86403379689585,78.41512017494885,77.96620675104361,49.396785736083984,Green,NORMAL
2011-04-13,79.1637778892276,76.55015933141118,75.67895352873796,74.80774779207867,49.81743240356445,Green,NORMAL
2011-04-14,79.5851481852981,76.6719546896563,75.70089031886423,74.72982597007682,49.729801177978516,Green,NORMAL
2011-04-15,80.599679024729,78.14212607966357,77.32294180722683,76.50375754212497,49.642154693603516,Green,NORMAL
2011-04-18,75.27396708231707,70.62495000236953,69.07527765658203,67.5256053132395,49.29164505004883,Yellow,NORMAL
2011-04-19,75.73021124966124,68.84483257666031,66.54970635705834,64.25458013827135,49.59833908081055,Yellow,NORMAL
2011-04-20,85.05636671285005,80.09338733200718,78.43906087330345,76.7847344148714,50.72002029418945,Green,NORMAL
2011-04-21,88.88915927465371,85.90090623611816,84.90482189046537,83.90873754490316,51.123104095458984,Green,NORMAL
2011-04-25,88.94453457303271,87.17167790994912,86.58072568909648,85.98977346827407,51.254554748535156,Blue,NORMAL
2011-04-26,91.33012263545535,90.35078425597496,90.0243381295399,89.6978920031149,51.54372024536133,Blue,NORMAL
2011-04-27,92.54985569329995,92.0292164875802,91.8556700856931,91.68212368380935,51.894248962402344,Blue,NORMAL
2011-04-28,93.13513708295184,92.86449414143212,92.7742798275987,92.68406551376643,51.81538391113281,Blue,NORMAL
2011-04-29,93.97930495357654,93.84054236993008,93.7942881753834,93.74803398083714,51.77156448364258,Blue,NORMAL
2011-05-02,92.55930535489588,92.15934994211045,92.0260314711827,91.89271300025506,51.67518615722656,Blue,NORMAL
2011-05-03,88.62115734052085,87.64735978825185,87.32276060416243,86.99816142007303,51.429805755615234,Blue,NORMAL
2011-05-04,81.32695985424769,79.01376175448777,78.24269572123453,77.4716296879813,51.3509407043457,Blue,NORMAL
2011-05-05,75.95898661808258,71.34813501588302,69.81118448181653,68.27423394775002,51.07052230834961,Blue,NORMAL
2011-05-06,75.73818072454604,69.77721414211751,67.79022528130801,65.80323642049852,51.23701858520508,Blue,NORMAL
2011-05-09,76.92013431558942,70.92838569448779,68.9311361541206,66.93388661375339,51.429805755615234,Blue,NORMAL
2011-05-10,82.03911884593722,76.6382307448684,74.8379347111788,73.03763867748918,51.86794662475586,Blue,NORMAL
2011-05-11,79.66766924494203,73.7402067086794,71.76438586325854,69.78856501783766,51.49112319946289,Blue,NORMAL
2011-05-12,80.63551937794365,74.00128021179181,71.78986715640787,69.57845410102392,51.797855377197266,Blue,NORMAL
2011-05-13,76.53221016301825,68.47292475282438,65.78649628275977,63.100067812695144,51.18446350097656,Green,NORMAL
2011-05-16,70.686662646932,60.435672999462426,57.0186764503059,55.20928186349097,50.29939651489258,Yellow,NORMAL
2011-05-17,67.39740606749585,55.01800740185908,51.84141066862048,51.23827913968218,50.43959045410156,Yellow,NORMAL
2011-05-18,72.31950572620232,61.589659626638834,58.32966742299778,55.933130083597774,50.8602180480957,Yellow,NORMAL
2011-05-19,73.17224264947484,63.978399149666956,61.01932570402437,58.348070546462125,51.009185791015625,Yellow,NORMAL
2011-05-20,68.40371051278792,58.33625451565303,55.015616201372524,52.46231981178367,50.62363052368164,Yellow,NORMAL
2011-05-23,62.48705088140383,48.976816675426065,47.02435277759869,46.17325398106908,49.878753662109375,Yellow,NORMAL
2011-05-24,60.2767213197182,44.77330991772561,44.12248861844982,43.838789019606615,49.57207107543945,Red,NORMAL
2011-05-25,60.99916845392532,44.83136465326113,44.614424220169205,44.51985768722147,49.76485061645508,Red,NORMAL
2011-05-26,62.6710191142714,46.281751180716675,46.20943770301936,46.17791552537012,50.07154083251953,Red,NORMAL
2011-05-27,66.11626563068307,50.20285152010652,49.62907182693239,49.61856443438264,50.3256721496582,Red,NORMAL
2011-05-31,74.38412558059808,62.395941463487844,59.97677731679045,57.88489184849793,51.140628814697266,Green,NORMAL
2011-06-01,64.05904069606152,51.63887468634353,48.2565912747923,47.559296118694796,50.02772521972656,Green,NORMAL
2011-06-02,57.705082414447645,43.060440036978804,41.43759927402458,41.2051675553254,50.132904052734375,Green,NORMAL
2011-06-03,51.07259385591401,35.19104639675773,34.65009947577299,34.5726222362066,49.3792610168457,Yellow,NORMAL
2011-06-06,46.8894602798332,30.5956111267811,30.415295486452855,30.389469739930725,48.97616958618164,Yellow,NORMAL
2011-06-07,44.52915058008588,28.12842308462406,28.068317871181314,28.059709289007273,48.8885383605957,Red,NORMAL
2011-06-08,42.252427704749856,27.08922224329962,27.069187172152038,27.06631764476069,48.538021087646484,Red,NORMAL
2011-06-09,43.96337258957103,27.908970769087617,27.902292412038427,27.901335902907974,48.62565612792969,Red,NORMAL
2011-06-10,40.142995428702925,26.154491118171414,26.152264999155022,26.151946162778202,47.88079833984375,Red,NORMAL
2011-06-13,39.623315691653175,25.865110551105637,25.864368511433504,25.86426223264123,47.88079833984375,Red,NORMAL
2011-06-14,45.32413626358233,29.738067883399815,29.737820536842435,29.737785110578344,48.49424743652344,Red,NORMAL
2011-06-15,42.289047325679,26.664061569321863,26.663979120469403,26.663967311714707,47.574119567871094,Red,ELEVATED
2011-06-16,39.60881945789652,25.488453835407107,25.488426352456287,25.48842241620472,47.39009094238281,Red,ELEVATED
2011-06-17,39.72239809249239,27.936905847958883,27.936896686975274,27.93689537489142,47.24165344238281,Red,ELEVATED
2011-06-20,41.7098523588868,30.570243832931187,30.570240779269984,30.5702403419087,47.48757553100586,Red,NORMAL
2011-06-21,48.00969173390594,37.08118252677291,35.61871009625588,35.618709950468784,48.506351470947266,Red,NORMAL
2011-06-22,47.673453936884115,37.03339531228421,36.545904502111874,36.54590445351617,48.15504837036133,Red,NORMAL
2011-06-23,45.32931095977183,36.109476603423715,35.946979666699605,35.946979650501035,48.60299301147461,Red,NORMAL
2011-06-24,38.31540399059098,31.7180517977342,31.6638861521595,31.663886146759975,47.75984191894531,Green,ELEVATED
2011-06-27,39.79478183450119,33.52159036280818,33.50353514761662,33.50353514581677,48.523929595947266,Green,ELEVATED
2011-06-28,44.825205916712086,39.07504289216744,37.84932475355459,37.462382946409875,49.244102478027344,Green,NORMAL
2011-06-29,48.19114368977985,44.44487308127481,43.42645050162937,42.6876200324733,49.44611740112305,Blue,NORMAL
2011-06-30,59.12482567437107,56.96129400470764,56.31689487810523,55.76569312166597,50.10478973388672,Blue,NORMAL
2011-07-01,67.36846040997554,66.18989578667353,65.82263361111242,65.48643722560571,50.86009216308594,Blue,NORMAL
2011-07-05,70.17374606258444,69.55219748811001,69.35354552957615,69.16524883439376,51.11479949951172,Blue,NORMAL
2011-07-06,71.11254498382445,70.76714374786832,70.65485363575769,70.54601527809757,51.281639099121094,Blue,NORMAL
2011-07-07,72.94770017979333,72.76345724557564,72.70299081190575,72.64367496305272,51.984256744384766,Blue,NORMAL
2011-07-08,73.30941857844964,73.21344967259424,73.18177599655444,73.15048584878693,51.8437385559082,Blue,NORMAL
2011-07-11,64.60221360022395,64.01822444549185,63.823666713662924,63.62923682459143,50.90399169921875,Blue,NORMAL
2011-07-12,60.45352175170221,59.407555120956914,59.05893468395796,58.71035686121149,50.517578125,Blue,NORMAL
2011-07-13,62.11321095427111,61.045283829438716,60.68931982335552,60.33337002202315,50.728355407714844,Blue,NORMAL
2011-07-14,57.313139020032125,55.23207613224046,54.538392403708,53.84471341009247,50.13990783691406,Blue,ELEVATED
2011-07-15,61.18123378385512,59.133249092611905,58.45058882910798,57.7679301439097,50.807395935058594,Blue,NORMAL
2011-07-18,57.70943647292195,53.809695822628996,52.50978270594594,51.20987011536478,50.53512954711914,Blue,ELEVATED
2011-07-19,67.78647882430732,64.87802573093707,63.90854151095184,62.93905746633392,51.68566131591797,Blue,NORMAL
2011-07-20,70.82373368217652,69.04997954608346,68.45872821554295,67.86747694345821,51.46609115600586,Blue,NORMAL
2011-07-21,77.18337419035514,76.1899879258393,75.85885918705308,75.52773046775212,51.808616638183594,Blue,NORMAL
2011-07-22,77.80510621159988,77.23232841662997,77.04140249032413,76.85047657051337,52.3443489074707,Blue,NORMAL
2011-07-25,76.19614651497776,75.44277279936657,75.19164822927978,74.940523661358,52.23895263671875,Blue,NORMAL
2011-07-26,70.15519698647407,68.48656380040418,67.93035273897542,67.37414167826833,52.370697021484375,Blue,ELEVATED
2011-07-27,57.42894973000651,52.02943574977236,50.22959775655916,48.4297597635865,51.018184661865234,Green,ELEVATED
2011-07-28,50.953363262945345,42.97210818542854,40.31168982632233,37.6512714672963,51.10601806640625,Yellow,ELEVATED
2011-07-29,45.82298810124737,34.16843238057794,31.27576362237302,30.38895750269768,50.93913269042969,Yellow,ELEVATED
2011-08-01,41.53935758165957,27.869893591243404,25.741208681294047,25.445606641402268,50.7020149230957,Yellow,ELEVATED
2011-08-02,33.523816660877465,21.13492125666467,20.42535962001488,20.32682560671762,49.41975402832031,Yellow,ELEVATED
2011-08-03,31.351195453647478,19.878045133724697,19.641524588174768,19.60867991707568,49.89400863647461,Red,ELEVATED
2011-08-04,23.22172576598245,14.539008992674855,14.460168810824879,14.449220587125183,47.57538604736328,Red,ELEVATED
2011-08-05,20.028636541118715,13.14180502409026,13.1155249634736,13.111875555573704,47.276790618896484,Red,ELEVATED
2011-08-08,15.403357922327595,10.805895564799592,10.797135544594038,10.795919075294073,44.43122100830078,Red,EXTREME
2011-08-09,14.14857778874473,10.6197940399391,10.616874033203915,10.61646854343726,46.57417297363281,Red,REVERSAL
2011-08-10,12.888461316326858,9.756644511169423,9.75567117559103,9.755536012335478,44.66835021972656,Red,EXTREME
2011-08-11,13.165222547867145,10.349061390592444,10.348736945399647,10.34869189098113,46.635650634765625,Red,EXTREME
2011-08-12,12.961182191872435,10.616906250558646,10.616798102161047,10.616783084021542,47.048431396484375,Red,REVERSAL
2011-08-15,19.369213360954443,17.42667693607207,17.4266408866062,17.4266358805597,47.74226379394531,Red,REVERSAL
2011-08-16,20.05410527415401,18.81585239178581,18.815840375297185,18.81583870661502,47.33826446533203,Red,REVERSAL
2011-08-17,20.381768663602003,19.17457325836816,19.17456925287195,19.17456869664456,47.057228088378906,Green,REVERSAL
2011-08-18,12.634617822051636,11.743330464751466,11.743329129586062,11.743328944176932,44.74739074707031,Green,EXTREME
2011-08-19,9.295465539020512,8.448369753253786,8.448369308198652,8.44836924639561,43.939388275146484,Green,EXTREME
2011-08-22,7.913054404993709,7.080689143071465,7.080688994719754,7.08068897411874,44.09746551513672,Green,EXTREME
2011-08-23,9.735652450996158,8.908197363688744,8.908197314238175,8.90819730737117,45.91548538208008,Green,EXTREME
2011-08-24,12.60742077414374,11.35382463393016,11.353824617446636,11.353824615157635,46.27558517456055,Green,EXTREME
2011-08-25,13.790653765404677,12.578343940889038,12.578343935394528,12.57834393463153,45.520263671875,Green,EXTREME
2011-08-26,17.47152494439777,16.211866114003666,16.21186611217216,16.21186611191783,46.66200256347656,Green,EXTREME
2011-08-29,23.159964143028354,21.151188977341427,21.15118897673093,21.15118897664615,47.961849212646484,Green,REVERSAL
2011-08-30,25.490898719746838,23.72827549071133,23.36393165479454,22.99958781905299,48.278011322021484,Blue,REVERSAL
2011-08-31,27.06368166087048,25.929624830955376,25.626004967793136,25.32238510468931,48.357051849365234,Blue,REVERSAL
2011-09-01,26.203114685406675,25.456351754205564,25.232230470519454,25.00810918685282,47.91792678833008,Blue,REVERSAL
2011-09-02,19.167175921136042,18.2039350334543,17.8911213020207,17.578307570593587,46.79375457763672,Green,REVERSAL
2011-09-06,13.36975527034043,11.429904776083607,10.80551484174643,10.701243597937392,46.80252456665039,Green,EXTREME
2011-09-07,23.828078462775807,22.37207653217541,21.89415152100253,21.589599406672367,47.98816680908203,Green,EXTREME
2011-09-08,23.488640541458206,22.071053251111792,21.600993809560958,21.18872533362436,47.768619537353516,Green,EXTREME
2011-09-09,19.03414538567645,16.395836854376725,15.517223895687252,14.657874592202523,46.705936431884766,Green,EXTREME
2011-09-12,14.58572953441925,10.095645209171195,9.802774222941371,9.516324455113129,47.30313491821289,Yellow,EXTREME
2011-09-13,16.785783555195223,11.433996187519949,11.336372525443341,11.240889269500594,47.93547439575195,Yellow,EXTREME
2011-09-14,19.79448568146899,14.665479745915313,13.552552375255402,13.520724623274488,48.62053680419922,Green,EXTREME
2011-09-15,29.64978953765255,26.181644985970358,25.22451056025118,24.627742674091667,49.34070587158203,Green,ELEVATED
2011-09-16,33.580197371887806,31.544911234744934,30.932787108422268,30.440785161952824,49.792972564697266,Blue,ELEVATED
2011-09-19,33.98072957100942,32.74332424311517,32.352957329169854,32.00263114184227,49.81055450439453,Blue,ELEVATED
2011-09-20,32.733396394212505,31.745432699380004,31.423478643997868,31.11487149748831,49.590606689453125,Blue,ELEVATED
2011-09-21,24.13114337372373,20.62442607851235,19.457976038851456,18.295974968814754,48.72829055786133,Blue,EXTREME
2011-09-22,13.266069403304924,9.255496971567796,8.866680291680831,8.479346601668597,47.144500732421875,Yellow,EXTREME
2011-09-23,9.984715612634655,5.612672950203762,5.48306739024144,5.353956160237362,47.64603042602539,Yellow,EXTREME
2011-09-26,11.793428774434489,5.498118257327894,5.45491640400712,5.411879327339094,48.20037078857422,Yellow,EXTREME
2011-09-27,14.869889341792282,7.977148560413662,7.17557040350168,7.161224711279004,48.701908111572266,Yellow,EXTREME
2011-09-28,10.800739031364767,5.814269882016337,5.547077163045676,5.542295265638117,47.98040008544922,Yellow,EXTREME
2011-09-29,12.442156679850179,8.559629926363666,8.47056568670678,8.46897172090426,47.40846252441406,Yellow,EXTREME
2011-09-30,9.51683154986042,6.002285594994545,5.972597515108916,5.972066193174743,46.18541717529297,Yellow,EXTREME
2011-10-03,6.483464539967882,3.6263010735311076,3.616405046902565,3.6162279395911736,44.997554779052734,Yellow,EXTREME
2011-10-04,5.925282830588168,3.185395008442577,3.182096332899729,3.1820372971292654,45.92144775390625,Red,EXTREME
2011-10-05,10.011177828482902,6.184918924804741,6.183819366290459,6.183799687700304,47.100486755371094,Red,EXTREME
2011-10-06,17.76989846257611,12.221793642831535,12.221427123326775,12.221420563796723,47.89239501953125,Yellow,REVERSAL
2011-10-07,21.130787267215098,14.22413906591522,13.353519043020878,13.35351685651086,47.575645446777344,Green,REVERSAL
2011-10-10,33.052403564023315,28.22154753289751,27.08846087059078,26.245580153745497,49.221046447753906,Green,REVERSAL
2011-10-11,38.50500010009608,35.630394774374565,34.83125922626801,34.128858993315276,49.555397033691406,Blue,REVERSAL
2011-10-12,40.585507944875246,38.99514617862828,38.51804766559061,38.07319425760421,49.8017578125,Blue,REVERSAL
2011-10-13,39.76446944036241,38.51125930749909,38.111196621781744,37.721882304414834,50.259315490722656,Blue,REVERSAL
2011-10-14,42.51941910283955,41.74013761982794,41.48626846723643,41.23598210409507,51.191986083984375,Blue,REVERSAL
2011-10-17,35.45303311813303,33.920377841933906,33.41145653044943,32.903729482115004,50.40010452270508,Blue,EXTREME
2011-10-18,40.71470007702325,39.56736759402592,39.185578026554104,38.804186546798974,51.02480697631836,Blue,ELEVATED
2011-10-19,38.6682637823413,37.70142839115449,37.37936812526799,37.05744055528704,50.03933334350586,Blue,EXTREME
2011-10-20,40.238783960743106,39.624309881920325,39.419557921593544,39.21485019323528,49.792972564697266,Blue,EXTREME
2011-10-21,44.819291122566845,44.46836862207899,44.35141869945443,44.23448352081936,50.41768264770508,Blue,ELEVATED
2011-10-24,50.28180538683524,50.09178231623248,50.02844937409981,49.9651213466303,51.46476364135742,Blue,ELEVATED
2011-10-25,48.828854635413705,48.64305165999272,48.58112002865292,48.51919003553417,50.452880859375,Blue,ELEVATED
2011-10-26,51.5306149105433,51.407449609459604,51.366395407031874,51.32534175067785,50.39128875732422,Blue,ELEVATED
2011-10-27,59.87951946530909,59.80784887697617,59.783958980176365,59.76006926540114,51.78152084350586,Blue,REVERSAL
2011-10-28,63.81871908270845,63.77952114261163,63.76645526234975,63.753389442762725,51.860687255859375,Blue,REVERSAL
2011-10-31,63.33642643699953,63.31570658497435,63.308800000889406,63.30189343702942,50.98961639404297,Blue,ELEVATED
2011-11-01,54.16277362823857,53.49318590823371,53.26999001265102,53.04679412380998,49.66096878051758,Yellow,EXTREME
2011-11-02,59.76631311489616,59.073321795785205,58.84232469311008,58.61132759268217,50.08332061767578,Yellow,ELEVATED
2011-11-03,65.64576660652568,65.17987179393403,65.02457352430187,64.8692752554188,51.12160110473633,Yellow,ELEVATED
2011-11-04,67.47255076101972,67.1425119703785,67.03249904057533,66.92248611102185,50.857635498046875,Yellow,ELEVATED
2011-11-07,72.53275839758535,72.30195506859405,72.2250206257338,72.1480861829568,51.218387603759766,Yellow,ELEVATED
2011-11-08,75.87947963073893,75.64188957168639,75.56269288538115,75.48349619910368,51.80791473388672,Green,REVERSAL
2011-11-09,64.49504548797431,61.84333349359574,60.95942949548475,60.075525497383026,49.986541748046875,Green,EXTREME
2011-11-10,62.35997624053772,57.99124688006434,56.53500375991161,55.07876063976197,49.960140228271484,Green,ELEVATED
2011-11-11,69.88308830743293,66.33590820054596,65.15351483158534,63.97112146262573,50.9016227722168,Green,ELEVATED
2011-11-14,67.75721847081299,64.18300244181943,62.991597098822126,61.80019175582518,50.584861755371094,Blue,ELEVATED
2011-11-15,67.83702580167886,65.07492614255428,64.1542262561796,63.233526369805034,51.14799499511719,Blue,ELEVATED
2011-11-16,64.10157372801177,58.94847807246243,57.230779520612714,55.513080968763035,50.30329132080078,Green,EXTREME
2011-11-17,56.83886572018512,48.15904914485922,45.265776953083936,42.97603480043554,49.12424850463867,Yellow,EXTREME
2011-11-18,53.62056009609374,42.26424104535815,38.762863840393344,37.99961645617721,48.745887756347656,Yellow,ELEVATED
2011-11-21,43.344155427755155,28.558715744176617,27.39159000918835,27.137174214449637,47.813201904296875,Yellow,ELEVATED
2011-11-22,38.4166550714815,22.48817517695532,22.099133265292565,22.01432800037966,47.97159194946289,Red,ELEVATED
2011-11-23,34.32019463227008,18.010701334094684,17.88102069687377,17.85275227523613,46.88932418823242,Red,EXTREME
2011-11-25,30.033100793688362,13.596603027629897,13.553376148556259,13.543953341343713,46.528560638427734,Red,EXTREME
2011-11-28,32.615145355842564,16.13631276715641,16.1219038074652,16.118762871727682,48.14756774902344,Red,ELEVATED
2011-11-29,35.66282613772147,19.169881941492743,19.165078954929005,19.164031976349833,47.848419189453125,Red,ELEVATED
2011-11-30,56.41683430223863,40.79524804522259,39.917585241307805,39.917236248448084,49.61699676513672,Yellow,ELEVATED
2011-12-01,66.68306115778485,56.07134021936516,53.977277444922116,52.17565260749743,49.960140228271484,Green,REVERSAL
2011-12-02,69.85316525610017,62.940485100253085,61.117317561091916,59.39162933427018,49.819366455078125,Green,REVERSAL
2011-12-05,70.3963651197017,65.28961813234353,63.74772219637565,62.23831936452092,50.364891052246094,Blue,ELEVATED
2011-12-06,71.41123413179213,67.40299409885706,66.12036510781809,64.84856715148351,50.22411346435547,Blue,ELEVATED
2011-12-07,69.66570671158269,66.18596277925204,65.04386514178829,63.905377849226,50.22411346435547,Blue,ELEVATED
2011-12-08,58.996473260122215,54.381154606724735,52.84865405780775,51.31735695719123,49.37941360473633,Green,ELEVATED
2011-12-09,68.05603409917455,64.41033525173175,63.19708196998933,61.98422983768039,50.17131805419922,Green,ELEVATED
2011-12-12,58.96996234107205,54.95728463960264,53.62038529491457,52.28361966670431,49.608184814453125,Green,ELEVATED
2011-12-13,47.9965376081551,41.70817266483772,39.61227098011028,37.51641386754212,49.062660217285156,Green,ELEVATED
2011-12-14,37.24104491468705,24.144923266914592,23.446289372005445,22.747670334482727,48.29715347290039,Green,ELEVATED
2011-12-15,35.23870500559572,19.873331123004895,19.64045315803518,19.407580145527607,48.1651611328125,Green,ELEVATED
2011-12-16,38.15412975108936,22.03233845689242,21.95471246856918,21.877088131066657,48.413150787353516,Green,ELEVATED
2011-12-19,34.043850284217626,17.669919852818644,17.644044523377566,17.618169744210057,47.936607360839844,Yellow,ELEVATED
2011-12-20,53.462440693754694,37.004463883288366,36.995838773474674,36.9872138470855,49.357425689697266,Yellow,ELEVATED
2011-12-21,61.27166973968255,47.532061771592296,44.78280243292254,44.77992745745948,48.651424407958984,Yellow,ELEVATED
2011-12-22,66.20572311073903,56.13478812657488,53.38801312652916,51.55669958088567,49.06618881225586,Yellow,ELEVATED
2011-12-23,71.16060828539057,63.7320337585466,61.45924335893494,59.49160677745735,49.48978042602539,Yellow,ELEVATED
2011-12-27,73.17453893848769,67.95595210792284,66.28422353418,64.7142128998152,49.67438507080078,Yellow,ELEVATED
2011-12-28,69.15523136294988,64.62295527945317,63.134796708213855,61.680544116767216,49.10026931762695,Yellow,ELEVATED
2011-12-29,71.3721737774749,67.55076199909956,66.28449144739432,65.0295228889533,49.453575134277344,Yellow,ELEVATED
2011-12-30,67.77373445519777,64.27993384824555,63.11784477073476,61.95952302431206,49.31224822998047,Yellow,ELEVATED
2012-01-03,73.13775115184387,70.65069601189069,69.82251467350851,68.9955891121557,50.2573356628418,Green,ELEVATED
2012-01-04,73.9107580901262,72.1006337691017,71.49753800929426,70.89486084182995,50.469303131103516,Green,ELEVATED
2012-01-05,74.18614517831959,72.55033375356916,72.00515628327481,71.46011834376151,50.884437561035156,Blue,ELEVATED
2012-01-06,73.77496516073643,72.17159267972627,71.63716618759705,71.10278620572814,51.061092376708984,Blue,ELEVATED
2012-01-09,75.17948660598736,73.7865510259373,73.32224949976757,72.85796347701792,50.89326858520508,Blue,ELEVATED
2012-01-10,78.08368808569858,77.19013718249188,76.89229032603862,76.59444863739208,51.264251708984375,Blue,ELEVATED
2012-01-11,79.8191448255584,79.30667500289448,79.13585287687839,78.96503247346455,51.370235443115234,Blue,ELEVATED
2012-01-12,80.82470635818409,80.54657332316528,80.45386269422741,80.3611526394903,51.573360443115234,Blue,ELEVATED
2012-01-13,80.59595756553787,80.44004306235507,80.38807168887249,80.33610050679017,51.38788604736328,Blue,ELEVATED
2012-01-17,81.06446736982525,80.98089412300939,80.95303641659687,80.92517877398446,51.85602569580078,Blue,ELEVATED
2012-01-18,83.74461035626129,83.7009517344452,83.68639887468188,83.67184603618526,52.544979095458984,Blue,ELEVATED
2012-01-19,84.30040230647944,84.21588302387978,84.187709934405,84.15953685201916,52.87177276611328,Blue,NORMAL
2012-01-20,85.55841442766784,85.49525812913748,85.4742060312024,85.4531539356303,52.79228973388672,Blue,NORMAL
2012-01-23,86.24885011885203,86.21030641717667,86.19745851714323,86.18461061789745,52.80995178222656,Blue,NORMAL
2012-01-24,84.8501526785819,84.54687494916305,84.44578237286511,84.34468979682973,52.7127799987793,Blue,NORMAL
2012-01-25,86.46230146859119,86.21599397768804,86.13389148077866,86.0517889839568,53.3752326965332,Blue,NORMAL
2012-01-26,86.86682991225372,86.65363471501536,86.58256964928867,86.51150458359116,53.18973159790039,Blue,NORMAL
2012-01-27,86.26760489214035,85.9519570179256,85.84674105986048,85.74152510180508,53.34872817993164,Blue,NORMAL
2012-01-30,82.8512295135089,82.37307110953631,82.21368497488093,82.0542988402288,53.39290237426758,Blue,NORMAL
2012-01-31,81.22242377736599,80.28932683642464,79.97829452277823,79.66726220913291,53.46355056762695,Blue,NORMAL
2012-02-01,83.9414775201422,82.99055160890873,82.67357630516447,82.35660100142059,53.89635467529297,Blue,NORMAL
2012-02-02,86.23770987214044,85.51246311682499,85.27071419838657,85.0289652799483,54.064170837402344,Blue,NORMAL
2012-02-03,89.59782344973382,89.15193880550986,89.00331059076855,88.85468237602731,54.806114196777344,Blue,NORMAL
2012-02-06,90.77887927976928,90.42792278546855,90.3109372873683,90.1939517892681,54.76194381713867,Blue,NORMAL
2012-02-07,91.91970974010104,91.6585913522211,91.57155188959445,91.4845124269678,54.876766204833984,Blue,NORMAL
2012-02-08,92.72982077865055,92.52774612113407,92.4603879019619,92.39302968278972,55.16824722290039,Blue,NORMAL
2012-02-09,92.31298168907894,92.06397392801739,91.98097134099689,91.89796875397639,55.56570053100586,Blue,NORMAL
2012-02-10,89.286943022733,88.66433094254558,88.4567935824831,88.24925622242066,55.17707443237305,Blue,ELEVATED
2012-02-13,90.7063069856182,89.9902496011945,89.7515638063866,89.5128780115787,55.689353942871094,Blue,NORMAL
2012-02-14,89.30379707732394,88.42174536755765,88.12772813096888,87.83371089438012,55.8306884765625,Blue,NORMAL
2012-02-15,87.17012932793884,85.9719638560931,85.57257536547785,85.17318687486261,55.44203567504883,Blue,ELEVATED
2012-02-16,90.83585139094079,89.79580371325261,89.4491211540232,89.10243859479382,56.20165252685547,Blue,NORMAL
2012-02-17,92.8534432991157,91.88087559079429,91.55668635468714,91.23249711858001,56.02500915527344,Blue,NORMAL
2012-02-21,92.4643101997764,91.45955686134548,91.12463908186851,90.78972130239153,56.183990478515625,Blue,NORMAL
2012-02-22,91.72373872988419,90.49949376035643,90.09141210384718,89.68333044733791,55.92783737182617,Blue,NORMAL
2012-02-23,92.89303443683085,91.47214682418507,90.99851761996983,90.52488841575456,56.298805236816406,Blue,NORMAL
2012-02-24,92.60704931786819,91.1734581078069,90.6955943711198,90.21773063443271,56.49311065673828,Blue,NORMAL
2012-02-27,92.63981692167117,91.3334478765055,90.89799152811695,90.4625351797284,56.57261657714844,Blue,NORMAL
2012-02-28,92.73098599813406,91.40384643995066,90.96146658722284,90.51908673449505,57.146732330322266,Blue,NORMAL
2012-02-29,89.44039607447591,87.30369371407292,86.59145959393858,85.87922547380424,56.890586853027344,Blue,NORMAL
2012-03-01,89.84270261175446,87.49077251556031,86.70679581682893,85.92281911809754,57.34104537963867,Blue,NORMAL
2012-03-02,86.43392116852712,82.85114682898805,81.65688871580836,80.46263060262866,57.296905517578125,Blue,NORMAL
2012-03-05,83.00938918684733,77.56547183659713,75.75083271984707,73.936193603097,56.70509719848633,Blue,NORMAL
2012-03-06,73.97833634782539,63.85136761254007,60.558817525491975,59.95393781990862,56.14866638183594,Yellow,ELEVATED
2012-03-07,73.35583581992935,60.75847657112217,57.88266287915154,57.68103631062375,56.58146286010742,Yellow,NORMAL
2012-03-08,78.95536486295262,67.4813311114942,64.09775521355196,62.73043169318409,57.190895080566406,Yellow,NORMAL
2012-03-09,84.78303464546478,75.54008375516173,72.60613413146424,70.34426863362486,57.429386138916016,Green,NORMAL
2012-03-12,85.87196670458486,77.6994681156865,75.02431325485489,72.57318643597597,57.45587921142578,Green,NORMAL
2012-03-13,90.49546279700455,84.5093932879731,82.53037389678522,80.62603051958158,58.524593353271484,Green,NORMAL
2012-03-14,91.01012047263595,86.62231057714834,85.16515298259336,83.73288739269978,58.72775650024414,Blue,NORMAL
2012-03-15,92.0069077305954,88.8073876316943,87.74269616670756,86.68630203660797,58.895599365234375,Blue,NORMAL
2012-03-16,92.90425185973493,90.59927807934307,89.83155856409476,89.06660482714219,58.85397720336914,Blue,NORMAL
2012-03-19,92.63229356190496,90.78401494195082,90.1681237613713,89.5531545068904,59.269866943359375,Blue,NORMAL
2012-03-20,89.45122139975679,87.52171401319364,86.87861211525211,86.23581752601011,59.37602233886719,Blue,NORMAL
2012-03-21,88.67053223228639,86.57334681903167,85.87430742491773,85.17537046703696,59.38486862182617,Blue,NORMAL
2012-03-22,83.12303067423596,80.45325413039535,79.56333608588324,78.67345218678219,59.261009216308594,Blue,NORMAL
2012-03-23,82.54997954317332,79.42263502690415,78.38018934484822,77.337755044596,59.225624084472656,Blue,NORMAL
2012-03-26,86.38429824160023,83.54757633257157,82.60200319290662,81.65643384717623,60.26077651977539,Blue,NORMAL
2012-03-27,87.17987058098092,84.40617015950188,83.48160362901264,82.55703836316825,60.34922790527344,Blue,NORMAL
2012-03-28,85.01906559967443,81.88182445550223,80.8360774996683,79.79033096538268,60.1103515625,Blue,NORMAL
2012-03-29,85.06736220339563,81.83628493127641,80.7592592046445,79.6822336185287,59.88032913208008,Blue,NORMAL
2012-03-30,84.7351191222761,81.15223380842768,79.95793871405859,78.76364366652821,59.76530075073242,Blue,NORMAL
2012-04-02,85.1983213330659,81.74849228354542,80.59854927045427,79.44860627297604,60.384620666503906,Blue,NORMAL
2012-04-03,85.20227458107438,82.22035452267093,81.22638117100833,80.23240782455005,60.36695098876953,Blue,NORMAL
2012-04-04,80.08202258807134,75.90665272821076,74.51486277530341,73.12307282413086,59.54410934448242,Blue,NORMAL
2012-04-05,77.33777041125504,71.85354609332737,70.0254713208113,68.19739654887351,59.91569137573242,Blue,NORMAL
2012-04-09,70.57329558506524,61.511720643991154,58.49119566367529,56.52650429760473,59.4644775390625,Yellow,NORMAL
2012-04-10,61.69762251582678,47.67709753546876,46.67025587536347,46.01535875333995,58.508941650390625,Yellow,ELEVATED
2012-04-11,61.26765687720047,45.594148550414474,45.25853466371271,45.0402356230382,58.79207229614258,Yellow,ELEVATED
2012-04-12,63.9146063554502,47.69010357985488,47.57823228428762,47.50546593739612,59.4644775390625,Yellow,NORMAL
2012-04-13,59.871755751534046,43.46358815966894,43.426297727813186,43.40204227884935,58.5620231628418,Yellow,NORMAL
2012-04-16,59.24603110855351,42.77664191126514,42.76421176731322,42.75612661765861,57.90730667114258,Yellow,NORMAL
2012-04-17,69.46837022180902,52.97857382271289,52.97443044139558,52.97173539151071,59.08405685424805,Yellow,NORMAL
2012-04-18,68.95549242442812,52.458893624729406,52.45751249762364,52.45661414766201,58.933631896972656,Yellow,NORMAL
2012-04-19,62.516132181301835,46.0172659147356,46.016805539033676,46.016506089046466,58.27005386352539,Red,NORMAL
2012-04-20,65.18333506075173,48.68371297189631,48.683559513329,48.6834596966666,58.11079788208008,Red,NORMAL
2012-04-23,59.05784034942428,42.55796631980581,42.55791516695004,42.557881894729235,57.5799560546875,Red,NORMAL
2012-04-24,58.862395668032136,43.960773775291685,42.362420607207376,42.36240951646711,57.27028274536133,Red,NORMAL
2012-04-25,66.03235908901718,54.083395370836556,51.22335884127497,49.532363705162176,58.79207229614258,Yellow,NORMAL
2012-04-26,71.88778684596406,62.88614295182583,60.25991211261264,58.02336173788238,59.13713073730469,Green,NORMAL
2012-04-27,75.95703197223844,69.44455184682,67.39849751351372,65.48233666836842,59.49103546142578,Green,NORMAL
2012-04-30,75.63084588087825,70.17269458510816,68.39490161157364,66.66040646742611,59.06635284423828,Blue,NORMAL
2012-05-01,77.51948773413835,73.11709705717746,71.66349709543123,70.22432974348064,59.16368103027344,Blue,NORMAL
2012-05-02,75.36299299381247,71.92130028452895,70.7786905805147,69.64089174643233,59.3317756652832,Blue,NORMAL
2012-05-03,66.46223251186295,62.8967889433424,61.70984815352896,60.524510987026154,58.7036018371582,Green,NORMAL
2012-05-04,54.218172889059645,47.54638831822866,45.32297359451613,43.10009341190715,57.24375534057617,Yellow,NORMAL
2012-05-07,50.05145327692884,41.551693708489765,38.71861167453157,35.88570782094122,57.296844482421875,Yellow,NORMAL
2012-05-08,48.55900923765001,38.9128186577004,35.69747884955768,32.83709408565413,57.08448791503906,Red,NORMAL
2012-05-09,50.0090962391508,39.2777471769882,35.70064984021415,33.76845785515217,56.90754318237305,Red,ELEVATED
2012-05-10,49.5467622993181,36.81193026084087,33.77728016633921,33.13321617131855,56.79253387451172,Red,NORMAL
2012-05-11,48.66259728585087,33.417653273025124,32.406103241524576,32.19141524318435,56.78367614746094,Red,NORMAL
2012-05-14,45.21297055200394,29.131322547728686,28.79413920389517,28.722576537781762,56.2528190612793,Red,ELEVATED
2012-05-15,42.03192891031573,26.68989809407582,26.577503646131312,26.55364942409351,56.067012786865234,Red,ELEVATED
2012-05-16,39.89871191680199,25.648590533610907,25.611125717629406,25.60317431028347,55.686580657958984,Red,ELEVATED
2012-05-17,35.83637315279135,23.854851210246178,23.842362938252343,23.839712469137034,54.50984573364258,Red,ELEVATED
2012-05-18,32.7172558960886,21.695637470795766,21.69147471346449,21.690591223759387,53.802040100097656,Red,ELEVATED
2012-05-21,34.42328503948351,23.186912231052567,23.185524645275475,23.185230148707106,55.30613708496094,Red,ELEVATED
2012-05-22,35.48083900659682,23.969177700082795,23.96871517149043,23.96861700596764,55.24418640136719,Red,ELEVATED
2012-05-23,35.46069283545765,25.17115758513816,25.171003408940706,25.17097068709978,55.35035705566406,Red,ELEVATED
2012-05-24,38.365315284952224,28.982229460771656,28.982178068705835,28.98216716142553,54.98762512207031,Red,ELEVATED
2012-05-25,39.53589285837529,31.030419805870665,31.030402675182053,31.03039903942195,54.916831970214844,Red,ELEVATED
2012-05-29,42.22033422089793,33.61017653672972,33.61017082650018,33.610169614580144,55.61579895019531,Red,ELEVATED
2012-05-30,37.09406706523228,29.905495985324357,29.90549408191451,29.905493677941166,55.14686584472656,Red,ELEVATED
2012-05-31,33.46090769133747,27.43879140544223,27.438790770972282,27.4387906363145,54.90797424316406,Red,ELEVATED
2012-06-01,26.009297967174344,21.007481427431486,21.007481215941503,21.007481171055577,53.44812774658203,Red,ELEVATED
2012-06-04,23.526620196510013,18.76305172029943,18.76305164980277,18.763051634840792,53.855140686035156,Red,ELEVATED
2012-06-05,23.610037036350302,18.477736433168996,18.477736409670108,18.477736404682783,54.07630157470703,Red,ELEVATED
2012-06-06,32.476961074293996,27.549984698292,26.87545345799319,26.875453456330746,55.314979553222656,Green,ELEVATED
2012-06-07,35.07171312742992,31.059781178514033,30.045068601664916,29.86380318070143,55.09378433227539,Green,ELEVATED
2012-06-08,40.6347955692537,38.11268167449078,37.37950973383299,36.92415351180374,55.62462615966797,Green,ELEVATED
2012-06-11,36.88970404075265,34.3680561199362,33.563351043307335,32.85125120622132,54.686798095703125,Green,ELEVATED
2012-06-12,40.705591262968895,39.02457031141568,38.47617807100126,37.95865424376778,55.35035705566406,Green,ELEVATED
2012-06-13,36.79998965832497,35.36108018550003,34.88542638681504,34.42006205919037,54.96992874145508,Green,ELEVATED
2012-06-14,42.06192124088781,41.143000172125895,40.83802071329081,40.5364710781425,55.17341613769531,Green,ELEVATED
2012-06-15,49.31073464203157,48.7847853302008,48.60991141428572,48.436180772932914,55.85890579223633,Green,ELEVATED
2012-06-18,54.67739456397908,54.39225698224709,54.29735862879037,54.202841366854415,56.382110595703125,Green,NORMAL
2012-06-19,59.81257277333925,59.66261634053438,59.612680031972964,59.56287075391846,56.96739196777344,Green,NORMAL
2012-06-20,60.884768191314436,60.70587343454349,60.64625823863324,60.5866853862253,57.01173400878906,Blue,NORMAL
2012-06-21,51.04101752823056,49.342604046111134,48.77647168196469,48.21035343231901,55.592857360839844,Green,ELEVATED
2012-06-22,49.045784046181126,46.13367106915455,45.16296856455459,44.19227076478822,56.17816162109375,Green,NORMAL
2012-06-25,37.881837721487656,32.61574998765208,30.860388016732074,29.806592553615953,55.09626007080078,Yellow,ELEVATED
2012-06-26,37.706068613680046,31.41824870665483,29.322308939988147,27.460224675922767,55.442108154296875,Yellow,NORMAL
2012-06-27,41.8675995745602,35.903651427122895,33.9156687787577,32.005637964592935,55.779109954833984,Yellow,NORMAL
2012-06-28,45.20646501342033,39.646891402837895,37.793700221792825,35.96649298548124,55.158348083496094,Yellow,NORMAL
2012-06-29,58.53208000845326,54.893093357540785,53.68009781473076,52.47576358683189,56.896453857421875,Yellow,NORMAL
2012-07-02,63.570035004647764,61.46414173065111,60.76217730848359,60.06309999128648,57.06492614746094,Green,NORMAL
2012-07-03,66.41888618055893,65.27047289404713,64.88766846604254,64.50582640636142,57.543800354003906,Green,NORMAL
2012-07-05,67.06858408129996,66.43868369376179,66.22871689819328,66.01907089206594,57.57926559448242,Blue,NORMAL
2012-07-06,67.17513615801951,66.84162138282299,66.73044979118333,66.61938512935743,56.8609733581543,Blue,NORMAL
2012-07-09,65.3549366407413,65.18199105933391,65.12434253222894,65.06672964839522,56.75457000732422,Blue,NORMAL
2012-07-10,58.28564055740737,57.04052951460063,56.62549250034199,56.21046736717378,56.19587707519531,Green,NORMAL
2012-07-11,54.89022454805168,52.804850373169515,52.10972564821222,51.414604883618395,55.885498046875,Green,NORMAL
2012-07-12,51.21084777303819,47.96061089138196,46.87719859749769,45.79378762373457,55.36228942871094,Yellow,NORMAL
2012-07-13,61.41267028456754,59.05170191233438,58.26471245492371,57.477723437553415,56.20475769042969,Yellow,NORMAL
2012-07-16,62.5574883547292,60.91568353175538,60.368415257430904,59.821147129786546,56.045127868652344,Yellow,NORMAL
2012-07-17,65.3923170760932,64.24815327176499,63.86676533698896,63.4853774511063,56.33776092529297,Yellow,NORMAL
2012-07-18,69.12522372040186,68.445388020624,68.21877612069804,67.9921642370699,57.10041809082031,Yellow,NORMAL
2012-07-19,72.00733270252223,71.63149692009537,71.5062183259531,71.38093973724341,57.730045318603516,Green,NORMAL
2012-07-20,66.4365149554482,65.05259664227769,64.59129053788752,64.12998443530822,56.96739196777344,Green,NORMAL
2012-07-23,59.86910137984441,56.01415249927346,54.72916953908314,53.444186579496446,56.27568817138672,Green,NORMAL
2012-07-24,49.050353076543246,41.78241591576254,39.35977019550231,36.93712447544328,55.832298278808594,Green,ELEVATED
2012-07-25,48.92299625984259,40.68725885595383,37.94201305465758,35.19676725342839,55.45984649658203,Yellow,NORMAL
2012-07-26,56.63812264239832,49.92046728401002,47.68124883121393,45.44203037844018,56.19587707519531,Yellow,NORMAL
2012-07-27,67.12178584804809,62.89636261670596,61.48788820625859,60.07941379581867,57.526084899902344,Yellow,NORMAL
2012-07-30,70.51924050971148,67.98875745999109,67.1452631100843,66.30176876018,57.481719970703125,Green,NORMAL
2012-07-31,67.82133708269734,64.95828806593182,64.00393839367665,63.04958872142231,57.463985443115234,Green,NORMAL
2012-08-01,63.81024478446283,58.98034086905608,57.370372897253816,55.760404925451844,57.29550552368164,Blue,NORMAL
2012-08-02,55.91451455684097,47.16516356068516,44.24871322863321,42.23123460383731,57.09153366088867,Blue,NORMAL
2012-08-03,66.17607211970376,58.87949190741949,56.447298503324724,54.31476233498199,58.17341995239258,Blue,NORMAL
2012-08-06,74.19163945517954,69.29485854152416,67.66259823697237,66.13022367767127,58.6168212890625,Blue,NORMAL
2012-08-07,79.11653585947047,76.09204256402725,75.08387813221286,74.10900894881536,59.10456085205078,Blue,NORMAL
2012-08-08,82.47916019319808,80.7068454117713,80.11607381796239,79.53640064029243,59.07794189453125,Blue,NORMAL
2012-08-09,84.87853870343396,83.8901754417633,83.5607210212064,83.23496607269584,59.25532913208008,Blue,NORMAL
2012-08-10,85.95605118490414,85.4278009304164,85.25171751225379,85.07686725144,59.290767669677734,Blue,NORMAL
2012-08-13,86.5673575506836,86.19997083361115,86.07750859458697,85.95545740801242,59.432655334472656,Blue,NORMAL
2012-08-14,86.86684264828767,86.62843796119748,86.54896973216741,86.46963852062055,59.45927047729492,Blue,NORMAL
2012-08-15,88.69230655528229,88.55486710221919,88.50905395119815,88.46328647267153,59.610015869140625,Blue,NORMAL
2012-08-16,89.81219814705204,89.69204348123674,89.65199192596496,89.61195559485799,60.31947326660156,Blue,NORMAL
2012-08-17,90.36303700673648,90.21181295795645,90.16140494169645,90.11100200015802,60.58548355102539,Blue,NORMAL
2012-08-20,91.35187374317762,91.24587948016348,91.21054805915877,91.17521832972793,60.67417907714844,Blue,NORMAL
2012-08-21,91.03910164169848,90.86139376398337,90.80215780474501,90.7429224093646,60.43474197387695,Blue,NORMAL
2012-08-22,90.73265835928513,90.43513347724712,90.33595851656779,90.2367837438411,60.683048248291016,Blue,NORMAL
2012-08-23,85.98395539319709,85.43143458222904,85.24726097857304,85.0630874375679,60.186439514160156,Blue,NORMAL
2012-08-24,85.85360634825334,85.3210150277863,85.14348458763061,84.96595416835856,60.55889129638672,Blue,NORMAL
2012-08-27,85.07439364395597,84.39561441483923,84.1693546718003,83.9430949357226,60.65641403198242,Blue,NORMAL
2012-08-28,84.79251219650281,83.55651347565004,83.14451390203243,82.73251433073523,60.65641403198242,Blue,NORMAL
2012-08-29,84.6101775820581,82.68831720008913,82.04769707276614,81.40707694621662,60.65641403198242,Blue,NORMAL
2012-08-30,82.11480098781676,78.63526608131808,77.4754211124852,76.3155761439101,60.04454040527344,Blue,NORMAL
2012-08-31,83.42099198715133,79.46191532317503,78.14222310184961,76.82253088061012,60.443599700927734,Blue,NORMAL
2012-09-04,83.09595715007077,78.29743901172921,76.69793296561534,75.09842691953013,60.38154983520508,Blue,NORMAL
2012-09-05,81.94706191003043,76.20428005818627,74.29001944090489,72.37575882363305,60.31947326660156,Blue,NORMAL
2012-09-06,88.3518003214969,83.95531152357258,82.48981525759781,81.02431899162623,61.65852737426758,Blue,NORMAL
2012-09-07,90.94041492198045,87.99508928790644,87.01331407654843,86.0315388651915,61.569801330566406,Blue,NORMAL
2012-09-10,92.70258262087553,90.88301946157901,90.27649840848017,89.6699773553817,60.780574798583984,Blue,NORMAL
2012-09-11,92.5443793921437,91.47360846229782,91.11668481901586,90.75976117573403,60.683048248291016,Blue,NORMAL
2012-09-12,92.44164498256643,91.72607730368873,91.48755474406283,91.24903218443697,60.86040115356445,Blue,NORMAL
2012-09-13,94.21712240159621,93.79927782417246,93.65999629836455,93.52071477255663,61.68510055541992,Blue,NORMAL
2012-09-14,93.91589265238393,93.59623831212153,93.4896868653674,93.38313541861325,62.23491287231445,Blue,NORMAL
2012-09-17,93.61316792116503,93.32929899079475,93.23467601400468,93.14005303721457,62.26150131225586,Blue,NORMAL
2012-09-18,93.01225967742539,92.67023229910501,92.55622317299822,92.44221404689142,62.314735412597656,Blue,NORMAL
2012-09-19,92.69853100358625,92.33788130865877,92.21766474368293,92.0974481787071,62.43001937866211,Blue,NORMAL
2012-09-20,90.28747329749172,89.75986526754997,89.58399592423606,89.40812658092216,62.36792755126953,Blue,NORMAL
2012-09-21,88.48841702508984,87.82478076873741,87.60356868328661,87.38235659783581,62.385719299316406,Blue,NORMAL
2012-09-24,87.26743530465959,86.61494826963396,86.39745259129208,86.17995691295022,62.0211181640625,Blue,NORMAL
2012-09-25,84.19498262187267,82.46562551041006,81.88917313992252,81.31272076943499,61.149574279785156,Yellow,NORMAL
2012-09-26,80.08672455628881,75.57704112201867,74.07381331059531,72.57058549917193,60.65155792236328,Yellow,NORMAL
2012-09-27,81.81265361969763,77.1778797208274,75.63295508787066,74.0880304549139,61.48750686645508,Yellow,NORMAL
2012-09-28,79.75676988521133,73.80297325019782,71.81837437185999,69.83377549352215,60.98062515258789,Yellow,NORMAL
2012-10-01,80.36882445968571,73.94899530948616,71.80905225941964,69.66910920935311,60.89168930053711,Yellow,NORMAL
2012-10-02,81.70707895250695,74.8012351762318,72.49928725080673,70.19733932538169,61.06953048706055,Yellow,NORMAL
2012-10-03,84.59532160324414,77.61756307165922,75.29164356113091,72.9657240506026,61.460838317871094,Yellow,NORMAL
2012-10-04,88.56140349737767,82.69206653099165,80.73562087552963,78.77917522006764,61.674278259277344,Yellow,NORMAL
2012-10-05,87.898245610237,82.07417108795724,80.132812913864,78.19145473977075,61.345218658447266,Yellow,NORMAL
2012-10-08,86.12874342600439,79.6503807143356,77.49092647711268,75.33147223988973,60.78496170043945,Yellow,NORMAL
2012-10-09,80.09491338282538,71.83438309209247,69.0808729951815,66.32736289827051,59.81560134887695,Yellow,NORMAL
2012-10-10,74.21123938528339,64.14731712967297,60.792676377802835,58.62205589043177,59.51323318481445,Red,NORMAL
2012-10-11,72.08981026886465,59.88671256958925,56.616955933037815,55.89341577058079,59.32647705078125,Red,NORMAL
2012-10-12,67.36404081420343,52.78964782963121,51.20642270226115,50.96524264810881,59.2998161315918,Red,NORMAL
2012-10-15,68.14405535879031,52.819035821526015,51.75818265480954,51.67778930342543,59.73554611206055,Red,NORMAL
2012-10-16,76.64930279258894,63.4345803075752,60.378835038916705,60.160547440800656,60.580421447753906,Red,NORMAL
2012-10-17,82.27384167160372,72.11489650280298,69.17830218865143,67.18752709801402,60.54484558105469,Red,NORMAL
2012-10-18,81.64868796460864,72.07795389783254,69.03761612294564,66.31255142256343,59.8422966003418,Red,NORMAL
2012-10-19,74.1725956089922,62.261235164812234,58.96890499510452,58.060550094977124,58.410465240478516,Red,NORMAL
2012-10-22,70.04957944754906,56.212600206583986,53.981682576253164,53.67889760954402,58.712852478027344,Red,NORMAL
2012-10-23,62.66936397011501,47.057037556459974,46.3133983463497,46.212470024113316,58.152587890625,Red,NORMAL
2012-10-24,59.24512017997375,43.04101137542207,42.79313163871865,42.759488864639856,57.948020935058594,Red,NORMAL
2012-10-25,58.16535132423657,41.76398172271935,41.68135514381821,41.67014088579194,57.948020935058594,Red,NORMAL
2012-10-26,56.60838146919674,40.276851927814995,40.113716075723964,40.109977989715205,58.11698532104492,Red,NORMAL
2012-10-31,56.75842087887372,40.474279909919574,40.260199081049464,40.25895305237988,57.76128387451172,Red,NORMAL
2012-11-01,65.81157400639532,50.55908124749716,49.312166740453904,49.311751397564045,58.579437255859375,Red,NORMAL
2012-11-02,63.448452677538505,47.36428842457245,46.948650255558036,46.948511807928085,57.95691680908203,Red,NORMAL
2012-11-05,62.92894667298029,46.56755858865828,46.429012532320144,46.42896638311016,58.33932876586914,Red,NORMAL
2012-11-06,64.33662938857054,49.76553610284902,47.836651341683826,47.836635958613826,58.44602966308594,Red,NORMAL
2012-11-07,51.77077202552836,35.916941259814095,35.27077934323279,35.27077421554279,57.067604064941406,Red,NORMAL
2012-11-08,42.41676374765396,26.442801640564024,26.227414335036922,26.22741262580692,56.169376373291016,Red,NORMAL
2012-11-09,39.295373290799326,23.49525629213972,23.423460523630688,23.423459953887352,56.40949630737305,Red,NORMAL
2012-11-12,38.6582562396427,22.773495017867276,22.74956309503093,22.749562905116484,56.400604248046875,Red,NORMAL
2012-11-13,36.759451430849566,22.068697690257753,22.060720382645638,22.060720319340824,56.009315490722656,Red,NORMAL
2012-11-14,31.829082817227466,19.115035274067235,19.112376171529863,19.11237615042826,55.351226806640625,Red,NORMAL
2012-11-15,28.49223711806181,17.852832381452842,17.851946013940385,17.851946006906516,55.164459228515625,Red,NORMAL
2012-11-16,26.829798856975593,18.496293574402234,18.49599811856475,18.495998116220125,55.40458679199219,Red,NORMAL
2012-11-19,33.8610155379926,26.34706933269037,26.346970847411207,26.346970846629667,56.720760345458984,Red,NORMAL
2012-11-20,37.63141240180071,29.881393296329602,29.881360467903214,29.8813604676427,56.73855209350586,Red,NORMAL
2012-11-21,41.015376168424346,32.37185128141546,32.37184033860666,32.371840338519824,56.85417556762695,Red,NORMAL
2012-11-23,50.23113716546298,42.93555879074418,41.46408733901375,39.99261953485731,57.716796875,Green,NORMAL
2012-11-26,53.632575170481516,48.457598207439545,47.052735221928614,45.64787345227568,57.9658203125,Green,NORMAL
2012-11-27,53.11217057129813,49.36870109510518,48.22758771487522,47.086474739931255,57.77015686035156,Green,NORMAL
2012-11-28,57.056607524012506,54.79954578769204,54.08276180175223,53.36597795090775,58.26818084716797,Green,NORMAL
2012-11-29,61.14741785138938,59.89044465048782,59.4833102255763,59.07617584569656,58.61503219604492,Green,NORMAL
2012-11-30,61.13482225038645,60.46352153902188,60.24370684925226,60.02389217449323,58.51719665527344,Blue,NORMAL
2012-12-03,56.39685199438592,55.08132696978794,54.64413603292814,54.20694510107186,58.401588439941406,Blue,NORMAL
2012-12-04,57.165681867794035,55.868577451967596,55.43664844824973,55.0047194461997,58.366004943847656,Blue,NORMAL
2012-12-05,55.62526380322835,54.219326794139306,53.75082750273994,53.28232821189653,57.716796875,Green,NORMAL
2012-12-06,53.163563049084885,51.290272701092874,50.66589137786119,50.041510054814836,58.0903205871582,Green,NORMAL
2012-12-07,57.00260920836737,55.675856753222206,55.233622199095706,54.791387645030966,57.743473052978516,Green,NORMAL
2012-12-10,59.63913636899004,58.845724381034394,58.58125913980092,58.31679389858804,57.91244888305664,Green,NORMAL
2012-12-11,65.82364441609613,65.38359316865728,65.23691122665048,65.09022928465052,58.668373107910156,Green,NORMAL
2012-12-12,69.0884190471788,68.85394500563905,68.77578759417229,68.6976301827078,58.54386520385742,Blue,NORMAL
2012-12-13,67.30804236511732,67.12392323285175,67.06255038955652,67.00117754626204,58.0814094543457,Blue,NORMAL
2012-12-14,62.57693054045203,62.1212140899318,61.96930867335615,61.817403256780764,57.530025482177734,Yellow,NORMAL
2012-12-17,69.09318087061459,68.74410368389199,68.62774464396149,68.51138560403109,58.29486083984375,Yellow,NORMAL
2012-12-18,74.30791214205672,74.09296722820793,74.02131893102845,73.94967063384901,59.18417739868164,Green,NORMAL
2012-12-19,75.88962628626393,75.7686850558437,75.72837131484923,75.68805757385476,58.926273345947266,Green,NORMAL
2012-12-20,78.04793098431021,77.98297077793481,77.96131737663599,77.93966397533717,58.926273345947266,Blue,NORMAL
2012-12-21,77.6298113017149,77.54809161258322,77.52085171648142,77.49361182037964,58.306522369384766,Green,NORMAL
2012-12-24,73.23413776893682,72.76627445127855,72.61032001215094,72.45436557302332,58.190277099609375,Green,NORMAL
2012-12-26,66.4038638411813,64.71943796909913,64.15796267843568,63.59648738777223,57.68056106567383,Yellow,NORMAL
2012-12-27,64.37239270443061,61.7015211070274,60.811230574569876,59.920940042112335,57.59113311767578,Yellow,NORMAL
2012-12-28,59.69242670535289,54.35171319314169,52.571475355741356,50.79123751834102,57.03667449951172,Yellow,ELEVATED
2012-12-31,66.56669218119305,61.974003270584255,60.443106967049125,58.91221066351399,58.243934631347656,Yellow,NORMAL
2013-01-02,80.00602702336064,77.06890518322186,76.08986456984263,75.11082395646342,60.0950927734375,Green,NORMAL
2013-01-03,84.22562011889801,82.50049798721713,81.92545727665697,81.35041656609681,59.78209686279297,Green,NORMAL
2013-01-04,86.97150300259565,86.0043243106625,85.68193141335149,85.35953851604049,59.585357666015625,Blue,NORMAL
2013-01-07,87.30901951938375,86.75713749249738,86.57317681686862,86.38921614123984,59.60322570800781,Blue,NORMAL
2013-01-08,86.72198798794275,86.33257094197074,86.20276525998007,86.07295957798942,59.486968994140625,Blue,NORMAL
2013-01-09,86.09853303301796,85.76096444363347,85.64844158050529,85.53591871737714,59.710548400878906,Blue,NORMAL
2013-01-10,87.75228878878377,87.50246433306981,87.41918951449848,87.33591469592716,60.06825637817383,Blue,NORMAL
2013-01-11,89.20168885552053,89.01634310176742,88.9545611838497,88.892779265932,60.148765563964844,Blue,NORMAL
2013-01-14,88.8977851740624,88.72290181633159,88.66460736375463,88.6063129111777,59.88048553466797,Blue,NORMAL
2013-01-15,90.3001876506134,90.10895358924101,90.04520890211687,89.98146421499276,59.585357666015625,Blue,NORMAL
2013-01-16,90.11024773538966,89.5407971327567,89.35098026521237,89.16116339766805,59.82679748535156,Blue,NORMAL
2013-01-17,91.27471220809286,90.52171252168301,90.27071262621305,90.0197127307431,60.11298370361328,Blue,NORMAL
2013-01-18,91.11194110640133,90.27379424594307,89.99441195912362,89.71502967230421,59.97882843017578,Blue,NORMAL
2013-01-22,92.81277666509675,92.22072367356094,92.02337267638234,91.82602167920373,60.07719039916992,Blue,NORMAL
2013-01-23,94.24129592540262,93.83986652031028,93.70605671861283,93.57224691691538,60.443851470947266,Blue,NORMAL
2013-01-24,94.41006160476384,94.01188621022062,93.87916107870622,93.74643594719181,59.61216735839844,Blue,NORMAL
2013-01-25,93.84224275714351,93.343393856984,93.17711089026416,93.01082792354433,59.91622543334961,Blue,NORMAL
2013-01-28,94.3270438820108,93.68646639207952,93.47294056210242,93.25941473212534,60.05036544799805,Blue,NORMAL
2013-01-29,94.31364425696657,93.62903019316153,93.40082550522652,93.17262081729152,60.059303283691406,Blue,NORMAL
2013-01-30,93.22677030787776,92.223524975251,91.8891098643754,91.5546947534998,59.93411636352539,Blue,NORMAL
2013-01-31,92.60984936188518,91.20518823421926,90.73696785833064,90.268747482442,59.799991607666016,Blue,NORMAL
2013-02-01,93.57735719470247,92.15864922708535,91.68574657121297,91.2128439153406,60.5064582824707,Blue,NORMAL
2013-02-04,89.71421165749342,87.4006138168679,86.6294145366594,85.8582152564509,59.45120620727539,Yellow,NORMAL
2013-02-05,92.69732981175707,90.3278315502831,89.53799879645845,88.7481660426338,60.32759094238281,Yellow,NORMAL
2013-02-06,94.77040623354867,92.78993093353571,92.12977250019809,91.46961406686044,60.13087463378906,Yellow,NORMAL
2013-02-07,94.73365392970143,92.83841727882518,92.20667172853311,91.57492617824104,60.18452453613281,Yellow,NORMAL
2013-02-08,94.50797723582642,92.7144217434317,92.11656991263348,91.51871808183523,60.801570892333984,Green,NORMAL
2013-02-11,94.46562204157178,92.6662055175,92.06640000947607,91.46659450145215,60.81946563720703,Green,NORMAL
2013-02-12,94.97465179163504,93.40644240919657,92.88370594838375,92.36096948757091,60.569053649902344,Blue,NORMAL
2013-02-13,94.90821726387836,93.64465994224715,93.22347416837007,92.802288394493,60.78367614746094,Blue,NORMAL
2013-02-14,94.89209093981131,93.69945306885838,93.30190711187407,92.90436115488976,60.76578903198242,Blue,NORMAL
2013-02-15,94.14736364660376,92.79117497441487,92.33911208368522,91.8870491929556,60.58693313598633,Blue,NORMAL
2013-02-19,95.03801010442348,93.82971613386933,93.42695147701795,93.02418682016656,61.02512741088867,Blue,NORMAL
2013-02-20,88.97702188665968,86.5895878704516,85.79377653171558,84.99796519297954,60.086158752441406,Yellow,NORMAL
2013-02-21,81.89860259869491,75.79925866361384,73.76614401858683,71.73302937355982,59.4422721862793,Yellow,NORMAL
2013-02-22,84.39212679215757,78.02191598784692,75.89851238641005,73.77510878497318,60.041446685791016,Yellow,NORMAL
2013-02-25,75.64664974827565,64.92132133108584,61.815444946359804,61.10764374588085,59.299198150634766,Yellow,NORMAL
2013-02-26,74.45849604566665,60.922484929282476,58.84809444502804,58.612160711535054,59.522769927978516,Red,NORMAL
2013-02-27,83.98246164485187,72.45854010350779,69.42977066346208,67.70034986680798,60.13087463378906,Yellow,NORMAL
2013-02-28,86.45757980754323,76.34718436887607,73.24789846945447,70.58172878449673,60.00563049316406,Yellow,NORMAL
2013-03-01,88.2053043802922,79.91503816051579,77.24189805841281,74.71313002779779,60.25606918334961,Yellow,NORMAL
2013-03-04,90.23278664528259,83.54119841024678,81.34076298895346,79.18845159148944,60.52436828613281,Green,NORMAL
2013-03-05,91.83129925213123,86.68182564845301,84.97536577735538,83.28494724753416,61.418609619140625,Green,NORMAL
2013-03-06,93.29376641737709,89.85521631459565,88.71237672371132,87.57488424658578,61.266578674316406,Blue,NORMAL
2013-03-07,93.69977399097755,91.36790839482828,90.59173445501503,89.8173428864547,61.42753219604492,Blue,NORMAL
2013-03-08,94.52770244143697,92.94750335066504,92.42114185115324,91.8953744753924,61.499122619628906,Blue,NORMAL
2013-03-11,94.08145636936788,92.79996944863836,92.37293098531038,91.9460905632327,61.677947998046875,Blue,NORMAL
2013-03-12,94.2313187897893,93.14509550986558,92.7830623644183,92.4210952327211,61.45438766479492,Blue,NORMAL
2013-03-13,93.78821737437421,92.75166888483716,92.40616648205612,92.06068608385844,61.3738899230957,Blue,NORMAL
2013-03-14,93.90996134701362,92.96462134683114,92.6495126002363,92.33441118850259,61.57958221435547,Blue,NORMAL
2013-03-15,93.42878341196752,92.53326770868273,92.23476400318756,91.93626274264612,61.40837860107422,Blue,NORMAL
2013-03-18,90.31792780398919,89.22791930128227,88.86458364335768,88.50124880041764,61.273902893066406,Yellow,NORMAL
2013-03-19,88.32634630503345,87.02298766999182,86.58853496152607,86.15408252472184,61.157413482666016,Yellow,NORMAL
2013-03-20,89.45878210167783,87.81430062848318,87.26614019404545,86.71797985016156,61.58766174316406,Yellow,NORMAL
2013-03-21,85.91496440426297,84.00267503244103,83.36524526070946,82.72781551916248,60.88848114013672,Yellow,NORMAL
2013-03-22,86.93415480142099,85.01548522321292,84.3759287034355,83.73637219371957,61.48008346557617,Yellow,NORMAL
2013-03-25,85.67573678565886,83.49799092134468,82.77207563533727,82.04616035268369,61.256004333496094,Yellow,NORMAL
2013-03-26,88.99237522484924,86.97696596206656,86.30516287517142,85.63335978939425,61.58766174316406,Yellow,NORMAL
2013-03-27,89.5122732230979,87.89971620372025,87.36219719749405,86.82467819164052,61.66834259033203,Yellow,NORMAL
2013-03-28,90.86520218547709,89.43000586590392,88.95160709279057,88.4732083198014,61.8206787109375,Yellow,NORMAL
2013-04-01,86.76941924701089,84.09120525476285,83.19846725737276,82.30572926002404,61.39942169189453,Green,NORMAL
2013-04-02,85.46573234159624,81.86892006798506,80.66998264345665,79.47104521894204,61.88344192504883,Green,NORMAL
2013-04-03,79.02931818793948,72.78541827808263,70.70411830813323,68.62281833818842,61.318748474121094,Green,NORMAL
2013-04-04,77.10792087746131,68.69901813707135,65.89605055694233,63.093082976814834,61.33668518066406,Green,NORMAL
2013-04-05,74.9429180702649,64.84160049380495,61.47449463498529,59.27130543671606,60.825775146484375,Yellow,NORMAL
2013-04-08,76.93421343082903,66.55562788634407,63.096099371515876,60.71034255297943,61.1484375,Yellow,NORMAL
2013-04-09,80.6840896621282,71.27676401280073,68.14098879635827,65.36313747867973,61.560768127441406,Yellow,NORMAL
2013-04-10,87.51830766515386,81.12456270090622,78.99331437949036,76.98137402432913,62.76185989379883,Green,NORMAL
2013-04-11,89.7084173698661,85.44449493843655,84.02318746129336,82.64164930623505,62.73495864868164,Green,NORMAL
2013-04-12,88.19678727143685,84.27923822539793,82.97338854338497,81.68079530206695,62.69012451171875,Blue,NORMAL
2013-04-15,74.7709344506695,67.28868707448643,64.79460461575874,62.30494097059605,61.453189849853516,Green,NORMAL
2013-04-16,76.20373740948243,67.68048388144747,64.83939937210249,61.9997878006125,62.26884841918945,Green,NORMAL
2013-04-17,69.79546076355285,60.008150094554225,56.74571320488802,54.06081089392954,61.049827575683594,Green,NORMAL
2013-04-18,65.46777410762033,54.00566163812731,50.18495748162964,49.2228908177459,60.20726776123047,Yellow,NORMAL
2013-04-19,66.08925803587344,54.271689179740136,50.33249956102904,49.674296939248634,61.031925201416016,Yellow,NORMAL
2013-04-22,71.24456749343929,60.25138996935482,56.58699746132666,54.77291379456436,61.65935516357422,Yellow,NORMAL
2013-04-23,76.49633731262792,67.49429546996863,64.49361485574887,62.109703855284394,62.250938415527344,Yellow,NORMAL
2013-04-24,82.38442725235747,75.13343325554436,72.71643525660666,70.50502712892072,62.22405242919922,Yellow,NORMAL
2013-04-25,84.5869387137488,78.59339513462552,76.59554727491778,74.66622937229394,62.55569839477539,Green,NORMAL
2013-04-26,83.70953512680516,78.4887356575602,76.74846916781186,75.03104599709151,62.35850143432617,Green,NORMAL
2013-04-29,84.80780800523135,80.79721154404776,79.46034605698657,78.13109500960135,62.932151794433594,Green,NORMAL
2013-04-30,86.64519526100304,83.94638527433533,83.04678194544609,82.14971676311549,63.38930130004883,Blue,NORMAL
2013-05-01,81.82247249440843,79.1270965684937,78.22863792652213,77.33102533340345,63.09349060058594,Blue,NORMAL
2013-05-02,84.96397231295097,82.9360735530222,82.26010729971262,81.58442306268734,63.891258239746094,Blue,NORMAL
2013-05-03,88.08289817839108,86.8422118661029,86.42864976200684,86.01518166333888,64.6441879272461,Blue,NORMAL
2013-05-06,88.29476235576,87.52245133328576,87.26501432579434,87.00760865344563,64.8951416015625,Blue,NORMAL
2013-05-07,89.32279115562372,88.88597968894321,88.74037586671636,88.5947824895371,64.85930633544922,Blue,NORMAL
2013-05-08,90.22935631113384,89.92125709959024,89.81855736240902,89.71586110691035,65.17301177978516,Blue,NORMAL
2013-05-09,90.09728543704463,89.78085102603838,89.67537288903628,89.56989591259504,65.08338165283203,Blue,NORMAL
2013-05-10,90.76622477531119,90.55387930139658,90.48309747675837,90.41231603897378,65.477783203125,Blue,NORMAL
2013-05-13,92.0674452954741,91.94322980237963,91.90182463801482,91.86041960260121,65.55845642089844,Blue,NORMAL
2013-05-14,93.03775954293582,92.96963754434287,92.94693021147856,92.92422292159797,65.89904022216797,Blue,NORMAL
2013-05-15,93.5408272550527,93.50476150507433,93.49273958841485,93.48071768608331,66.03350067138672,Blue,NORMAL
2013-05-16,93.8131461220546,93.79444499683811,93.78821128843262,93.78197758480309,65.96178436279297,Blue,NORMAL
2013-05-17,94.66734500364785,94.65777169096383,94.65458058673583,94.65138948409981,66.59822082519531,Blue,NORMAL
2013-05-20,94.86133722343817,94.8373790948487,94.82939305198553,94.82140700965304,66.49959564208984,Blue,NORMAL
2013-05-21,94.60192722262757,94.58355766758365,94.57743448256902,94.57131129773127,66.5712661743164,Blue,NORMAL
2013-05-22,90.8460127779129,90.63895130903012,90.56993081940253,90.50091032983389,65.98868560791016,Blue,NORMAL
2013-05-23,89.22274500004505,88.84318592403895,88.71666623203691,88.59014654005452,65.8363037109375,Blue,NORMAL
2013-05-24,87.12424833334836,86.55361386204595,86.36340237161183,86.17319088118424,65.80045318603516,Blue,NORMAL
2013-05-28,88.2205827777828,87.60779306436514,87.40352982655926,87.19926658875556,66.2306900024414,Blue,NORMAL
2013-05-29,85.66102759259428,84.19751517385218,83.70967770093816,83.22184022802486,65.91700744628906,Blue,NORMAL
2013-05-30,87.74024993827219,85.71805697211227,85.04399265005897,84.36992832800591,66.26654815673828,Blue,NORMAL
2013-05-31,83.77915738683147,79.53062365148857,78.11444573970759,76.69826782792671,65.65702819824219,Blue,NORMAL
2013-06-03,83.21064505486976,77.46491472811066,75.54967128585761,73.63442784360461,65.77356719970703,Yellow,NORMAL
2013-06-04,79.7016964997714,71.89771851669596,69.2963925223375,66.69506652797901,65.43297576904297,Yellow,NORMAL
2013-06-05,74.4784448171061,63.20119773289197,60.01001015796146,59.1429014931753,64.58143615722656,Yellow,NORMAL
2013-06-06,75.14142605014649,62.43956543548062,59.31861449709827,59.029578275502885,64.8951416015625,Yellow,NORMAL
2013-06-07,82.06241979449328,70.3325545601963,66.79360034871051,65.69180386961207,65.78251647949219,Yellow,NORMAL
2013-06-10,85.02126956112741,74.63245585721312,71.29318491144609,68.76629987647483,65.80940246582031,Yellow,NORMAL
2013-06-11,78.36542318704247,66.29673652838562,62.789394970482036,61.94709995882495,65.15510559082031,Yellow,NORMAL
2013-06-12,73.71587922063776,59.01163706685387,57.52386981511762,57.243104811231916,64.40216827392578,Yellow,NORMAL
2013-06-13,79.40158936984223,64.89127285146512,63.00425290133551,62.91066456670694,65.21782684326172,Yellow,NORMAL
2013-06-14,74.22460386402149,59.472486360449,57.758825041185915,57.72762892964306,64.7875747680664,Yellow,NORMAL
2013-06-17,77.19153462134051,63.93747469781516,60.70294168039531,60.69254297654769,65.41504669189453,Yellow,NORMAL
2013-06-18,81.98791894785425,71.77590422051189,68.76639496376063,66.83159714486678,65.95281982421875,Green,NORMAL
2013-06-19,76.65013964928475,66.86031357903144,63.72853677306796,60.954997113056955,65.21782684326172,Green,NORMAL
2013-06-20,63.937999797577675,50.390776533868085,48.63079883883874,47.70628561883507,63.66716384887695,Yellow,ELEVATED
2013-06-21,60.46509444208694,44.94935335418374,44.3626941225073,44.054523049172744,63.32908248901367,Yellow,NORMAL
2013-06-24,56.95782382591189,40.785910129944156,40.59035705271867,40.48763336160715,62.69963455200195,Yellow,ELEVATED
2013-06-25,56.11079667514933,39.72015877649342,39.65497441741826,39.62073318704775,63.158199310302734,Red,NORMAL
2013-06-26,56.94779383527597,40.48424786905733,40.46251974936561,40.45110600590877,63.724754333496094,Red,NORMAL
2013-06-27,65.41177091746248,49.42872754664784,48.91667955549236,48.91287497434008,63.994468688964844,Red,NORMAL
2013-06-28,64.51385644656477,48.956590118033475,48.01549265924142,48.01422446552398,64.08436584472656,Red,NORMAL
2013-07-01,68.72842283578127,54.38165083214095,52.22896824000681,52.22854550876767,64.48001098632812,Red,NORMAL
2013-07-02,69.11060129531097,54.31825668731036,52.61078309671948,52.610642186306436,64.50699615478516,Red,NORMAL
2013-07-03,70.18730362703283,56.94169112791681,53.68736422750232,53.68731725736464,64.76774597167969,Yellow,NORMAL
2013-07-05,78.10502713493688,69.23281981339585,66.66237646153468,65.17669308643244,65.26231384277344,Green,NORMAL
2013-07-08,80.45584237831228,74.94647915882523,73.2390111152137,71.89312973052182,65.32527160644531,Green,NORMAL
2013-07-09,81.90194745943742,78.65821926067727,77.61997198205194,76.70225358973316,65.72089385986328,Blue,NORMAL
2013-07-10,82.84694544944212,81.0549043620565,80.47188915102619,79.92905023543142,66.09854888916016,Blue,NORMAL
2013-07-11,85.47305589055479,84.52030968419348,84.20750488810577,83.90809219049657,67.41133117675781,Blue,NORMAL
2013-07-12,86.15398159314789,85.6061825746333,85.42517532602821,85.24863211024932,67.70806884765625,Blue,NORMAL
2013-07-15,86.43188275327151,86.07210863334734,85.95271473478365,85.83480884716204,67.86091613769531,Blue,NORMAL
2013-07-16,86.49581276960902,86.28730083942466,86.21797379872241,86.14914276166756,67.7710189819336,Blue,NORMAL
2013-07-17,87.0504561083882,86.93665851988858,86.898784969064,86.86107675278856,67.94184875488281,Blue,NORMAL
2013-07-18,86.65061499909237,86.50340458731787,86.45435410961812,86.40535874343476,67.7710189819336,Blue,NORMAL
2013-07-19,88.59140870340116,88.48769962500569,88.45313648539332,88.41859171628644,67.06961822509766,Blue,NORMAL
2013-07-22,90.57491401224482,90.51302484887769,90.49239731215067,90.4717758989255,67.2674789428711,Blue,NORMAL
2013-07-23,92.46339726334085,92.42910780693416,92.41767871626371,92.40625166676054,66.77291870117188,Blue,NORMAL
2013-07-24,90.8077064951877,90.74767163513218,90.72766025782428,90.70764956090547,66.98871612548828,Blue,NORMAL
2013-07-25,91.00951327617366,90.95684410080632,90.93928778992074,90.9217317058315,67.41133117675781,Blue,NORMAL
2013-07-26,90.32307849946531,90.28083829527952,90.26675825418545,90.25267828869016,67.7710189819336,Blue,NORMAL
2013-07-29,88.40398912945142,88.31072687741337,88.27963946905666,88.24855208589952,67.6451416015625,Blue,NORMAL
2013-07-30,88.11382970981714,88.04315120048308,88.01959170036815,87.99603220865308,68.0047836303711,Blue,NORMAL
2013-07-31,89.47220249586496,89.35723286342625,89.31890965361217,89.28058644659802,68.13067626953125,Blue,NORMAL
2013-08-01,92.10554898010315,92.02152070462657,91.99351127980064,91.96550185590803,68.82305908203125,Blue,NORMAL
2013-08-02,92.98333114151586,92.86085460069184,92.8200290871948,92.77920357400887,69.209716796875,Blue,NORMAL
2013-08-05,93.42592519532012,93.32831751276841,93.2957816186215,93.2632457245783,69.25463104248047,Blue,NORMAL
2013-08-06,91.82114173177338,91.40930329478428,91.27202381580025,91.1347443368508,68.84101867675781,Blue,NORMAL
2013-08-07,87.64084354022076,85.66319664398847,85.00398101191514,84.34476537985336,68.71514129638672,Blue,NORMAL
2013-08-08,87.69231821711062,85.47674266113746,84.73821747581444,83.99969229049526,69.05683135986328,Blue,NORMAL
2013-08-09,85.40438385014798,82.35632019593129,81.34029897785952,80.32427775978901,68.77810668945312,Blue,NORMAL
2013-08-12,84.74127609819749,80.94244745123466,79.67617123558051,78.40989501992682,68.93995666503906,Blue,NORMAL
2013-08-13,84.63505499569546,80.13568669754034,78.63589726482199,77.13610783210382,69.32658386230469,Blue,NORMAL
2013-08-14,82.09409240597256,75.78494009172599,73.68188932031046,71.578838548895,69.06581115722656,Blue,NORMAL
2013-08-15,73.09950930777205,62.191820498370205,59.29544161255135,58.5944246887462,67.89688873291016,Yellow,NORMAL
2013-08-16,68.35752791061914,53.862064357936475,52.75617201221225,52.522499704277195,67.86991119384766,Yellow,NORMAL
2013-08-19,62.45481230024665,46.6229911160191,46.25436033411103,46.17646956479934,67.7530288696289,Yellow,NORMAL
2013-08-20,64.29340085558907,48.01612712751322,47.89325020021053,47.86728661043997,68.04975891113281,Yellow,NORMAL
2013-08-21,62.766216056470306,46.3404581471117,46.29949917134413,46.29084464142061,67.81597900390625,Yellow,NORMAL
2013-08-22,70.60123868549012,54.12598604903724,54.11233305711471,54.10944821380687,68.4813461303711,Yellow,NORMAL
2013-08-23,75.55596845071892,59.47486965767931,59.0596665745938,59.058704960157854,68.93995666503906,Yellow,NORMAL
2013-08-26,76.56726726135075,61.31934509544877,60.068499969309045,60.06817943116373,68.97590637207031,Green,NORMAL
2013-08-27,65.16203829725853,49.079397575291196,48.66244919991129,48.662342353862854,67.56419372558594,Yellow,NORMAL
2013-08-28,62.60598961787092,46.24510937721514,46.10612658542183,46.10609097007236,67.82493591308594,Yellow,NORMAL
2013-08-29,63.00132375338444,46.54769700649918,46.50136940923475,46.50135753745159,68.30150604248047,Yellow,NORMAL
2013-08-30,60.267054279304034,43.78251203034228,43.7670694979208,43.76706554065975,67.86091613769531,Yellow,NORMAL
2013-09-03,60.8644101386778,44.78395849062458,44.36441521155005,44.364413892463034,68.24759674072266,Yellow,NORMAL
2013-09-04,67.71452560178149,53.17290106156408,51.2145272927389,51.214526853043225,68.97590637207031,Yellow,NORMAL
2013-09-05,69.95067520059384,57.134908844532646,53.825931529594676,53.45067561768107,69.0927963256836,Yellow,NORMAL
2013-09-06,70.16087321501276,58.193843015275775,54.52581454994649,53.66087335404184,69.17374420166016,Green,NORMAL
2013-09-09,74.11705033093018,64.33615028632624,61.18284413854148,58.96390041389827,69.98298645019531,Green,NORMAL
2013-09-10,78.7005908510508,71.28392918050368,68.8473732460157,66.72227145257492,70.32467651367188,Blue,NORMAL
2013-09-11,81.48954880220211,76.68133491751351,75.09048516340431,73.60345345631086,70.18978881835938,Blue,NORMAL
2013-09-12,79.37383108221553,76.0731485400662,74.97688376183432,73.91522499927436,70.14485168457031,Blue,NORMAL
2013-09-13,81.02507332370146,79.02335615824735,78.35743801503529,77.70305521038051,70.18978881835938,Blue,NORMAL
2013-09-16,83.3504874041968,82.23250352334325,81.86028253370517,81.49190665691953,70.0009536743164,Blue,NORMAL
2013-09-17,85.18118098658411,84.58314728011518,84.38394947928548,84.18603338273988,70.46852111816406,Blue,NORMAL
2013-09-18,88.12659736589842,87.8145665906499,87.71060525489816,87.60707115390777,71.31377410888672,Blue,NORMAL
2013-09-19,88.73803245529949,88.47741867700388,88.39056372512681,88.30385118483687,71.48460388183594,Blue,NORMAL
2013-09-20,88.80897378139612,88.606799893969,88.53941403401154,88.47207564458313,71.23930358886719,Blue,NORMAL
2013-09-23,87.43123200120611,87.30618939139944,87.26451033341439,87.22284709893906,71.0949935913086,Blue,NORMAL
2013-09-24,85.64466992632795,85.57416339939357,85.55066182773231,85.52716553057425,71.0949935913086,Blue,NORMAL
2013-09-25,83.50238997544265,83.38808608240956,83.34998498605971,83.31188564787759,70.85150146484375,Blue,NORMAL
2013-09-26,84.43644480662903,84.35294265025718,84.32510866524252,84.29727526628376,71.40164947509766,Blue,NORMAL
2013-09-27,84.1714075281356,84.01583832444237,83.96398194558104,83.91212576207168,71.31145477294922,Blue,NORMAL
2013-09-30,82.55528399086,81.81173883328874,81.56389045488822,81.31604214160504,71.14008331298828,Blue,NORMAL
2013-10-01,84.90870577473112,84.19565537181504,83.95797190666187,83.72028846321447,71.8615951538086,Blue,NORMAL
2013-10-02,86.12512414713261,85.52115911540886,85.31983743899612,85.11851576981863,71.83455657958984,Blue,NORMAL
2013-10-03,81.34865249348866,79.6715468050382,79.1125115758309,78.55347634903535,70.99580383300781,Blue,NORMAL
2013-10-04,84.0393656459777,82.4655286886674,81.94091636965604,81.41630405144858,71.60910034179688,Blue,NORMAL
2013-10-07,78.48997373384444,75.25223138416091,74.17298393429711,73.09373648470127,71.01383972167969,Blue,NORMAL
2013-10-08,66.56578667306653,57.830278027326415,54.91844181208995,53.76704092335213,69.6429672241211,Yellow,ELEVATED
2013-10-09,59.284040527374756,45.37220431212806,44.40159224038257,44.01779194413663,69.42652893066406,Yellow,NORMAL
2013-10-10,74.55764313875456,63.013569066655364,60.387766598178985,58.4688936110085,70.8965835571289,Yellow,NORMAL
2013-10-11,82.93402919439967,75.63260683685813,73.60620679175206,71.81544990708129,71.45575714111328,Yellow,NORMAL
2013-10-14,86.76828750924435,82.60778122330959,81.35674826380058,80.1842630244367,71.9607925415039,Green,NORMAL
2013-10-15,84.65609583641478,81.24814189383717,80.15742473602329,79.0928901515911,71.68123626708984,Green,NORMAL
2013-10-16,86.52147638991605,84.24363908264607,83.49944914346005,82.76398672873462,72.49290466308594,Blue,NORMAL
2013-10-17,87.88169583367572,86.48345654721368,86.02240650613876,85.56426563988404,72.90777587890625,Blue,NORMAL
2013-10-18,89.33510231492895,88.54954246075559,88.28936574972415,88.03015876363278,74.0892333984375,Blue,NORMAL
2013-10-21,89.63994151238373,89.16105651498293,89.00198704041367,88.8432408074911,74.25157165527344,Blue,NORMAL
2013-10-22,92.0151656893131,91.74702150050798,91.65782639020549,91.5687390271186,74.35979461669922,Blue,NORMAL
2013-10-23,91.65366634088214,91.3799271900558,91.28874290176898,91.19759452922068,73.90885925292969,Blue,NORMAL
2013-10-24,92.12390729881257,91.9201912393137,91.85230658458805,91.78443390177526,74.2335205078125,Blue,NORMAL
2013-10-25,92.235283914419,92.09920795941878,92.05385620723224,92.00850844568335,74.76564025878906,Blue,NORMAL
2013-10-28,92.16361315665819,92.01852250268558,91.97016125118812,91.92180132990319,74.78366088867188,Blue,NORMAL
2013-10-29,92.95870438555272,92.86047483307559,92.82773241552547,92.79499044137953,74.90992736816406,Blue,NORMAL
2013-10-30,91.49179035073979,91.25149697850429,91.17139944329543,91.09130205588795,74.83780670166016,Blue,NORMAL
2013-10-31,88.16531900580216,87.71289143351876,87.5620823279364,87.41127327162116,74.66644287109375,Blue,NORMAL
2013-11-01,88.03103226119333,87.39327692966306,87.18069184754592,86.9681067818511,74.68447875976562,Blue,NORMAL
2013-11-04,90.69969593891629,90.12547369552163,89.93406629052107,89.74265889099463,74.79269409179688,Blue,NORMAL
2013-11-05,89.08832457223136,88.1575048413242,87.84723160084324,87.53695836218701,74.87384796142578,Blue,NORMAL
2013-11-06,91.00629337592896,89.83575407823878,89.44557431339364,89.05539454915673,74.85582733154297,Blue,NORMAL
2013-11-07,85.79422742160594,82.4256290384042,81.30276291102082,80.17989678384018,73.44890594482422,Yellow,NORMAL
2013-11-08,88.89390914053531,85.32458544026001,84.13481087361842,82.94503630704442,74.44096374511719,Yellow,NORMAL
2013-11-11,89.71417341721548,86.33795391835301,85.21254741877114,84.0871409192118,74.32373809814453,Yellow,NORMAL
2013-11-12,89.43111336129405,85.77780557617677,84.560036314484,83.34226705279873,74.44096374511719,Yellow,NORMAL
2013-11-13,92.06963037969064,89.07347905162553,88.07476194227482,87.07604483292661,75.34284973144531,Green,NORMAL
2013-11-14,93.75098790434133,91.61004156736217,90.89639278837058,90.1827440093798,75.57732391357422,Green,NORMAL
2013-11-15,94.24477374589156,92.70219785308646,92.18800588881857,91.67381392455096,75.7216567993164,Blue,NORMAL
2013-11-18,93.01723939677868,91.19220800754874,90.58386421113889,89.97552041472917,74.98209381103516,Blue,NORMAL
2013-11-19,90.37519091003735,87.59797254003547,86.67223308336821,85.74649362670101,74.76564025878906,Blue,NORMAL
2013-11-20,85.41302659964208,80.82472485617885,79.2952909416911,77.76585702720338,74.58526611328125,Blue,NORMAL
2013-11-21,88.85063849617698,84.95997552162459,83.66308786344047,82.36620020525633,75.34284973144531,Blue,NORMAL
2013-11-22,89.73863875798493,86.67389698643515,85.65231639591855,84.63073580540194,75.7486801147461,Blue,NORMAL
2013-11-25,90.48278699340239,87.93632882536963,87.08750943602537,86.23869004668111,75.92906188964844,Blue,NORMAL
2013-11-26,90.92991047928228,88.82689882895772,88.12589494551621,87.42489106207469,76.3259048461914,Blue,NORMAL
2013-11-27,90.844692381983,88.46743872221796,87.67502083562965,86.8826029490413,76.85795593261719,Blue,NORMAL
2013-11-29,90.62415671992025,87.96117036878127,87.07350825173496,86.18584613468865,77.31795501708984,Blue,NORMAL
2013-12-02,88.58212631404749,85.61692736055919,84.62852770939642,83.64012805823367,77.09248352050781,Blue,NORMAL
2013-12-03,86.00098654912694,83.15144434779873,82.20159694735601,81.25174954691329,77.02936553955078,Blue,NORMAL
2013-12-04,83.50958810896825,80.17419981538724,79.0624037175269,77.95060761966657,77.10149383544922,Blue,NORMAL
2013-12-05,81.24208492521163,77.48851664467107,76.2373272178242,74.98613779097734,77.0022964477539,Blue,NORMAL
2013-12-06,84.93717645655202,81.34339954947615,80.1454739137842,78.94754827809224,77.56147766113281,Blue,NORMAL
2013-12-09,87.98461437440623,84.80256947776644,83.74188784555318,82.6812062133399,77.87712097167969,Blue,NORMAL
2013-12-10,86.80598256924651,83.43792012600377,82.31523264492287,81.19254516384194,77.822998046875,Blue,NORMAL
2013-12-11,79.03116085641551,72.72407550454207,70.62171372058427,68.51935193662645,76.82193756103516,Blue,NORMAL
2013-12-12,76.00066472991628,66.93880800361777,63.9181890948516,61.49672842331992,76.62351989746094,Blue,NORMAL
2013-12-13,72.23077713219432,60.30679964114668,57.203285253839425,56.396131696662195,76.52429962158203,Yellow,NORMAL
2013-12-16,74.20099978480552,61.95641046192668,58.19183582535388,57.922784639628134,76.94820404052734,Yellow,NORMAL
2013-12-17,72.11190733567591,59.14378487761816,55.77551934919203,55.685835620616785,76.79485321044922,Yellow,NORMAL
2013-12-18,83.07433948226235,73.68767593213848,70.87693540129489,69.15905547040158,77.68775177001953,Yellow,NORMAL
2013-12-19,86.60070575334672,80.26188848236421,78.25499849843595,76.61239538115778,77.47127532958984,Green,NORMAL
2013-12-20,89.91690191778224,86.04502676281747,84.78975141329563,83.65590501932382,78.26020812988281,Green,NORMAL
2013-12-23,90.1778561948163,87.69027179139829,86.87286022430332,86.09592497572504,79.08352661132812,Green,NORMAL
2013-12-24,90.46113725012395,88.78877961338085,88.23525481248129,87.69522211775393,79.11969757080078,Blue,NORMAL
2013-12-26,90.98519389818946,89.99661132369545,89.66839304709124,89.34467213921113,79.38211059570312,Blue,NORMAL
2013-12-27,91.87839796606315,91.33330542677531,91.15204432975509,90.97228235564288,79.18306732177734,Blue,NORMAL
2013-12-30,92.40437339609512,92.11489337577093,92.01854550768812,91.9226973472413,79.06544494628906,Blue,NORMAL
2013-12-31,92.05655039129098,91.90616579756878,91.85608609033648,91.80617295231616,79.58113098144531,Blue,NORMAL
2014-01-02,88.7628316119118,88.61414320386402,88.56459656473979,88.5151054486862,78.9568862915039,Blue,NORMAL
2014-01-03,86.75844387063727,86.53069471288447,86.45478371481967,86.37889122444506,78.38687133789062,Blue,NORMAL
2014-01-06,84.26485166058279,83.92557994435232,83.81249116822642,83.6994085613306,78.09734344482422,Green,NORMAL
2014-01-07,86.31606166463871,86.05697051073878,85.97060739142245,85.88424632851613,78.82117462158203,Green,NORMAL
2014-01-08,86.37433536969439,86.02877344414952,85.91358633518466,85.79839991168981,78.99304962158203,Blue,NORMAL
2014-01-09,87.34190808619444,86.94911820166814,86.81818830667608,86.68725864017402,78.7306900024414,Blue,NORMAL
2014-01-10,89.32415454725,89.05442329773558,88.964512903403,88.87460258523376,78.9840316772461,Blue,NORMAL
2014-01-13,84.78721818241667,82.66328038579792,81.9553011276491,81.24732189488802,77.81686401367188,Yellow,NORMAL
2014-01-14,87.65592457932408,85.42485523483865,84.68116545580708,83.9374756852381,79.3006591796875,Yellow,NORMAL
2014-01-15,90.05753041533025,88.19899698325105,87.57948584004586,86.95997469966152,79.95207977294922,Green,NORMAL
2014-01-16,90.90436199029526,89.44097068764353,88.95317358703333,88.46537648736344,79.96112060546875,Green,NORMAL
2014-01-17,90.36626881157991,89.26794656193888,88.9018391454831,88.53573172934077,79.50875091552734,Blue,NORMAL
2014-01-21,91.45727478904516,90.4731877842307,90.14515878265628,89.81712978118635,80.11493682861328,Blue,NORMAL
2014-01-22,91.92835085560765,91.02874525431355,90.72887672055899,90.42900818683924,80.32301330566406,Blue,NORMAL
2014-01-23,86.12333917409144,83.80460942381544,83.03169950706013,82.25878959031645,80.0516128540039,Blue,NORMAL
2014-01-24,72.06732429167411,63.71076501665979,60.9252452583228,59.77914109708245,78.47735595703125,Green,NORMAL
2014-01-27,65.22445664366384,51.43893688532573,50.510430299213404,50.12839557879995,77.71736907958984,Yellow,NORMAL
2014-01-28,65.15080444263462,49.555631189855255,49.24612899448448,49.11878408768,77.6721420288086,Yellow,NORMAL
2014-01-29,63.08790442377695,46.889513339517165,46.78634594106024,46.74389763879208,76.83975982666016,Yellow,NORMAL
2014-01-30,64.44061136230297,48.04114766754971,48.006758534730736,47.992609100641346,78.26020812988281,Red,NORMAL
2014-01-31,63.94257616572159,47.4760882674705,47.464625223197515,47.45990874516771,78.05211639404297,Red,NORMAL
2014-02-03,56.2496073018629,39.76077800244586,39.7569569876882,39.75538482834493,76.26072692871094,Red,ELEVATED
2014-02-04,56.35724272336215,39.86096629022314,39.85969261863725,39.85916856552283,76.8216781616211,Red,NORMAL
2014-02-05,53.78134649729195,37.282587686245606,37.28216312905031,37.28198844467884,76.62263488769531,Red,NORMAL
2014-02-06,57.414125254902636,40.91453898455386,40.91439746548876,40.914339237364935,77.59974670410156,Red,NORMAL
2014-02-07,64.15921946352088,47.659357373404625,47.659310200382926,47.65929079100832,78.9840316772461,Green,NORMAL
2014-02-10,69.47251759895141,54.69128925485427,52.972547844572084,52.97254137478055,79.4363784790039,Green,NORMAL
2014-02-11,74.19361697742825,62.19339502514444,59.26276594252212,57.69362490270463,80.34113311767578,Green,NORMAL
2014-02-12,77.98861306655016,68.70218317755207,65.96318818171014,63.6780225334698,80.49491882324219,Blue,NORMAL
2014-02-13,80.15916731847967,72.81395891691747,70.48438332767142,68.30608418762591,81.09203338623047,Blue,NORMAL
2014-02-14,81.15583355060434,75.0691100030244,73.07981122425599,71.14093792855442,81.2549057006836,Blue,NORMAL
2014-02-18,81.97046303538664,76.74739481266373,75.01957509523105,73.308563872154,81.65300750732422,Blue,NORMAL
2014-02-19,79.12163582661036,73.94542526004903,72.22442274568692,70.50902306277666,81.09203338623047,Blue,NORMAL
2014-02-20,80.03498971998123,75.94268672941172,74.58005273516355,73.21928635139932,81.47205352783203,Blue,NORMAL
2014-02-21,79.02740398073448,76.23397651357567,75.30332302539217,74.37329207403667,81.36347961425781,Blue,NORMAL
2014-02-24,82.38691243802262,80.74110671381852,80.1926678060403,79.64443641053809,81.79776763916016,Blue,NORMAL
2014-02-25,83.65026710897051,82.74433358332689,82.44241007487564,82.14055573718304,81.707275390625,Blue,NORMAL
2014-02-26,84.4426816289161,83.96203797824711,83.80184153916744,83.6416681570073,81.63489532470703,Blue,NORMAL
2014-02-27,87.07996795037946,86.83042049576255,86.74724404793804,86.66407528575334,82.16458129882812,Blue,NORMAL
2014-02-28,88.75443376123759,88.62658482416836,88.58397052416119,88.54135878603398,82.07369232177734,Blue,NORMAL
2014-03-03,87.06351495744957,86.99856541899469,86.97691624362614,86.95526792221759,81.46503448486328,Blue,NORMAL
2014-03-04,90.97672720803875,90.94391074883788,90.93297215269861,90.92203384121268,82.50070190429688,Blue,NORMAL
2014-03-05,92.86909425453143,92.85257212827321,92.84706482738524,92.84155762138172,82.72783660888672,Blue,NORMAL
2014-03-06,94.00034623299196,93.99204720431024,93.98928088626016,93.98651459983822,82.6551513671875,Blue,NORMAL
2014-03-07,95.22974504062697,95.2255828711019,95.2241954895415,95.2228081185238,82.246337890625,Blue,NORMAL
2014-03-10,95.43260019872753,95.40186906223693,95.39162535283381,95.38138164694496,82.31900024414062,Blue,NORMAL
2014-03-11,90.79651488105732,90.59136926084713,90.52298738836386,90.454605517052,81.96470642089844,Blue,NORMAL
2014-03-12,89.6437457010932,89.40749186672201,89.32874058890499,89.24998931147844,82.27360534667969,Blue,NORMAL
2014-03-13,86.28171152999404,84.75118572971974,84.24101046306389,83.73083519653818,81.1107177734375,Yellow,NORMAL
2014-03-14,83.90779273222023,80.54238992660908,79.42058899143944,78.29878805631319,80.55651092529297,Yellow,NORMAL
2014-03-17,86.00491239222156,82.94822772231353,81.92933283235556,80.91043794241203,81.26512908935547,Yellow,NORMAL
2014-03-18,92.39423005666644,90.40550614656718,89.74259817653788,89.07969020651339,82.246337890625,Yellow,NORMAL
2014-03-19,90.52724335222214,88.51288441379077,87.8414314343149,87.16997845484065,81.80113983154297,Yellow,NORMAL
2014-03-20,93.49843296925924,91.70963124169408,91.11336399917278,90.51709675665202,82.02830505371094,Yellow,NORMAL
2014-03-21,91.70179247123457,88.82332654911328,87.86383790840631,86.90434926769953,81.04120635986328,Green,NORMAL
2014-03-24,86.2371715644856,80.93063740342316,79.16179268306905,77.39294796271501,80.33097076416016,Yellow,NORMAL
2014-03-25,85.53229792890261,79.00345041364857,76.8271679085639,74.65088540347925,80.59502410888672,Yellow,NORMAL
2014-03-26,80.38206227259717,71.18157264089588,68.11474276366212,65.75492476412272,79.55699157714844,Yellow,NORMAL
2014-03-27,75.37689112790277,64.6096981387496,61.020633809031864,59.50117862507795,79.11080932617188,Red,NORMAL
2014-03-28,74.9316488944861,63.92838391158646,60.26062891728657,58.63974472687784,79.26560974121094,Red,NORMAL
2014-03-31,81.28092000186574,71.57023568791932,68.33334091660387,65.77873641325212,79.83016204833984,Red,NORMAL
2014-04-01,87.59410296358489,79.90583901855726,77.34308437021474,75.00775981119342,81.232421875,Yellow,NORMAL
2014-04-02,89.76053432119497,83.94920012071857,82.01208872055977,80.15078735017471,81.44189453125,Yellow,NORMAL
2014-04-03,89.34054847743536,84.09023671093186,82.34013278876402,80.61529887652077,80.79536437988281,Green,NORMAL
2014-04-04,82.22509023321919,74.94642432232345,72.52020235202487,70.10240371836781,78.64640808105469,Yellow,NORMAL
2014-04-07,71.65166677140702,61.08648932757781,57.564763512968085,56.61077126645655,77.89971923828125,Yellow,NORMAL
2014-04-08,69.28759262750604,56.359909041408784,53.5919582080264,53.27396079252256,78.61907958984375,Red,NORMAL
2014-04-09,75.0120679128724,63.772647623429535,60.53993320316526,58.67419063454456,79.96674346923828,Red,NORMAL
2014-04-10,65.23070426343925,52.816335140753075,49.406659360203534,48.7847451706633,77.48998260498047,Red,NORMAL
2014-04-11,57.93405732626543,43.12051508476743,41.659375691853526,41.452070962006786,76.5885009765625,Red,NORMAL
2014-04-14,60.001906300234936,44.06405888640227,43.57701242209764,43.50791084548206,77.18948364257812,Red,NORMAL
2014-04-15,58.795051980867825,42.48243617625694,42.320087354822064,42.2970534959502,77.44445037841797,Red,NORMAL
2014-04-16,63.99742473436335,47.559886132826385,47.50576985901476,47.498091906057475,78.47340393066406,Red,NORMAL
2014-04-17,70.36025268923223,54.15842597010586,53.86303439744937,53.86047507979694,78.49158477783203,Red,NORMAL
2014-04-21,71.9997138593737,57.80266851313567,55.500641095446085,55.49978798956194,79.07434844970703,Red,NORMAL
2014-04-22,76.94897869386531,66.32524796268801,63.59411139598106,61.630032933209236,79.70267486572266,Green,NORMAL
2014-04-23,76.96354845351067,68.59553734634703,66.07623598074319,63.81262064978442,79.00154113769531,Green,NORMAL
2014-04-24,76.55312726228134,69.07306271150786,66.66971975128916,64.35160546928547,79.75728607177734,Green,NORMAL
2014-04-25,70.62789427261231,62.69423208843945,60.07968199039489,57.49354145175531,78.48247528076172,Green,NORMAL
2014-04-28,67.95881573425969,59.69013665174455,56.94391161202165,54.20715642543373,78.73745727539062,Green,NORMAL
2014-04-29,69.76867931882731,61.96959617659351,59.37323556955407,56.78003158022628,79.36575317382812,Green,NORMAL
2014-04-30,71.51178199516467,64.22073734872237,61.7915003911433,59.36331563946814,79.57518768310547,Green,NORMAL
2014-05-01,70.52892733172156,63.63908019866972,61.34283490695301,59.0469403505376,79.81195068359375,Blue,NORMAL
2014-05-02,70.6133461476109,64.62843063058585,62.633582264677685,60.63885081053663,79.66625213623047,Blue,NORMAL
2014-05-05,70.73731908624067,65.50410012200622,63.7597349582948,62.01540876517241,80.08509826660156,Blue,NORMAL
2014-05-06,66.70179154726542,61.20414707990755,59.371612643354936,57.53909119699868,79.04706573486328,Green,NORMAL
2014-05-07,67.70152310834773,63.11507723375526,61.5862665153022,60.057460126914606,78.81942749023438,Yellow,NORMAL
2014-05-08,66.64896604190785,62.71553262014044,61.40438967057722,60.09324816436916,78.74658203125,Yellow,NORMAL
2014-05-09,65.36308127322854,62.01054353279889,60.893031460775426,59.77551986987034,79.03794860839844,Yellow,NORMAL
2014-05-12,74.40482338737249,72.26661417397567,71.55387793888332,70.84114186416376,80.34005737304688,Green,NORMAL
2014-05-13,77.57475594393898,76.34570334090213,75.9360191963476,75.52633510525067,80.39471435546875,Green,NORMAL
2014-05-14,73.61380753686856,72.44346957684843,72.05335694232764,71.66324432562605,79.97584533691406,Blue,NORMAL
2014-05-15,65.6016288599898,63.04559904936805,62.193589118767235,61.34157919410613,79.3475570678711,Green,NORMAL
2014-05-16,65.01628369407068,62.054839484111454,61.06769141621609,60.08054335030063,79.86658477783203,Green,NORMAL
2014-05-19,65.49663160172727,62.63716656880932,61.6840115585337,60.73085654891803,80.42202758789062,Green,NORMAL
2014-05-20,59.19799178622446,54.87139530767493,53.4291964817241,51.98699765599325,80.13062286376953,Blue,NORMAL
2014-05-21,61.994700965778534,57.7605296696958,56.349139237745675,54.93774880586888,80.89555358886719,Blue,NORMAL
2014-05-22,69.28804847007433,66.25627944198587,65.24568976598219,64.23510009000297,81.25064849853516,Blue,NORMAL
2014-05-23,73.29647911965442,71.47570014559449,70.86877382091643,70.26184749624656,81.84251403808594,Blue,NORMAL
2014-05-27,78.41641896581075,77.40439799210888,77.06705766754445,76.72971734298275,82.86238098144531,Blue,NORMAL
2014-05-28,79.57213965527026,79.03225200619536,78.85228945650466,78.6723269068149,82.60739135742188,Blue,NORMAL
2014-05-29,81.62867618138638,81.34743996944096,81.25369456545945,81.15994916147827,83.13554382324219,Blue,NORMAL
2014-05-30,81.2669661345362,80.89341723276084,80.76890093216915,80.64438463157757,83.14466094970703,Blue,NORMAL
2014-06-02,81.27139611891948,80.80168293054203,80.64511186774958,80.48854080495715,83.0627212524414,Blue,NORMAL
2014-06-03,79.61129870630648,79.02073597045451,78.82388172517054,78.62702747988655,83.02625274658203,Blue,NORMAL
2014-06-04,79.9801551243244,79.41472084112175,79.22624274672089,79.03776465231999,83.33587646484375,Blue,NORMAL
2014-06-05,82.36375541181184,81.99098729845163,81.8667312606649,81.74247522287817,84.03700256347656,Blue,NORMAL
2014-06-06,83.97078884097432,83.69709612704125,83.6058652223969,83.51463431775255,84.5196304321289,Blue,NORMAL
2014-06-09,85.20322590995441,85.0372766672369,84.98196025299772,84.92664383875855,84.45587921142578,Blue,NORMAL
2014-06-10,86.09366789591074,86.00099231263499,85.97010045154306,85.93920859045116,84.6015853881836,Blue,NORMAL
2014-06-11,85.90946337271099,85.69637196182302,85.62534149152701,85.55431102123103,84.58333587646484,Blue,NORMAL
2014-06-12,82.69065445757033,82.4127473026541,82.32011158434867,82.22747586604326,83.81847381591797,Blue,NORMAL
2014-06-13,82.8343848191901,82.63831075857456,82.57295273836938,82.5075947181642,84.0643081665039,Blue,NORMAL
2014-06-16,83.00266531010041,82.88558811874016,82.84656238828674,82.80753665783334,84.13716888427734,Blue,NORMAL
2014-06-17,85.45690695521867,85.3920216391877,85.37039320051072,85.34876476183375,84.18267059326172,Blue,NORMAL
2014-06-18,89.40832083692474,89.37376260545899,89.3622431949704,89.35072378448183,84.65619659423828,Blue,NORMAL
2014-06-19,91.07175509378973,91.029899259129,91.01594731424208,91.00199536935517,84.6015853881836,Blue,NORMAL
2014-06-20,91.58039984607807,91.50353663354952,91.47791556270667,91.45229449186381,84.70108032226562,Blue,NORMAL
2014-06-23,92.63142957832233,92.48841537365865,92.44074397210412,92.39307257054955,84.7193374633789,Blue,NORMAL
2014-06-24,90.08593948907041,89.80292221504988,89.70858312370973,89.61424403236956,84.63715362548828,Blue,NORMAL
2014-06-25,91.17309094080125,90.7557837743392,90.61668138551853,90.47757899669784,85.17587280273438,Blue,NORMAL
2014-06-26,90.97760438767449,90.45739990573733,90.28399841175828,90.11059691777922,85.22151184082031,Blue,NORMAL
2014-06-27,91.65549775885447,91.08625007942828,90.89650085295288,90.70675162647748,85.59586334228516,Blue,NORMAL
2014-06-30,92.26062888258113,91.5244322578266,91.27903338290842,91.03363450799024,85.741943359375,Blue,NORMAL
2014-07-01,93.95400592382333,93.18711946087672,92.9314906398945,92.6758618189123,86.68232727050781,Blue,NORMAL
2014-07-02,94.85642790053372,94.1013400077595,93.84964404350143,93.59794807924335,86.82843017578125,Blue,NORMAL
2014-07-03,95.88732781869643,95.17105856854236,94.93230215182433,94.69354573510631,87.37622833251953,Blue,NORMAL
2014-07-07,94.04901668030622,92.91911945397354,92.54248704519597,92.1658546364184,87.1114730834961,Blue,NORMAL
2014-07-08,89.96078333787986,87.55112392707274,86.74790412347036,85.944684319868,86.06149291992188,Blue,NORMAL
2014-07-09,88.64433518670072,85.32785709041688,84.2223643916556,83.11687169289434,86.70060729980469,Blue,NORMAL
2014-07-10,84.00644506223358,79.06142391157603,77.4130835280235,75.764743144471,86.42669677734375,Blue,NORMAL
2014-07-11,84.54659279852231,78.6963701334661,76.74629591178069,74.7962216900953,86.98361206054688,Blue,NORMAL
2014-07-14,87.24701241432226,81.49156996855167,79.57308915329482,77.65460833803795,87.50408172607422,Blue,NORMAL
2014-07-15,87.40224487884818,81.43741675710427,79.44914071652298,77.46086467594168,87.20276641845703,Blue,NORMAL
2014-07-16,88.23824829294941,82.16907290468014,80.14601444192373,78.1229559791673,87.54971313476562,Blue,NORMAL
2014-07-17,78.94423091246463,70.03002833141977,67.0586274710715,64.57246680787058,86.3901596069336,Blue,NORMAL
2014-07-18,82.89992882267339,73.17913645873645,69.93887233742413,67.10934078780872,87.75971984863281,Yellow,NORMAL
2014-07-21,82.38145775570595,72.35764371593264,69.01637236934155,66.11792841075106,87.65013885498047,Yellow,NORMAL
2014-07-22,85.82067110375384,77.02631837432112,74.09486746451023,71.31102568403286,88.20710754394531,Green,NORMAL
2014-07-23,85.77216814569573,77.84041352363069,75.19649531627567,72.60178015203184,88.77318572998047,Green,NORMAL
2014-07-24,87.72359308560229,81.16871573045353,78.98375661207064,76.8151985080581,88.67276000976562,Blue,NORMAL
2014-07-25,83.09629028779337,75.9026831927358,73.50481416104995,71.11241213415423,88.32577514648438,Blue,NORMAL
2014-07-28,80.82607824407927,72.07340779350052,69.15585097664096,66.24011649471142,88.3531723022461,Blue,NORMAL
2014-07-29,76.90637793321162,66.39757492079448,62.89464058332211,61.044390683422336,88.19795989990234,Blue,NORMAL
2014-07-30,74.84934819995942,63.11784805637494,59.20734800851345,58.562019116696334,88.544921875,Blue,NORMAL
2014-07-31,64.15021461399773,49.28385180196908,47.93621455018241,47.72110491957671,86.75537109375,Yellow,NORMAL
2014-08-01,58.61708247039053,42.661628199714315,42.212415782452084,42.14071257225019,86.43584442138672,Yellow,NORMAL
2014-08-04,57.072140567178224,40.753655810286155,40.60391833786541,40.58001726779811,87.029296875,Yellow,NORMAL
2014-08-05,56.15679154938212,39.7172966304181,39.66738413961118,39.65941711625541,86.36276245117188,Yellow,NORMAL
2014-08-06,56.143168115773506,39.663336476118836,39.6466989791832,39.64404330473128,86.29886627197266,Red,NORMAL
2014-08-07,54.76541062134285,38.27213340812462,38.26658757581274,38.26570235099543,86.02497100830078,Red,NORMAL
2014-08-08,58.70882729401556,42.21106822294282,42.20921961217219,42.20892453723309,86.64583587646484,Red,NORMAL
2014-08-11,61.17794243133852,44.67868940764761,44.678073204057405,44.67797484574437,87.15713500976562,Yellow,NORMAL
2014-08-12,60.573420476945216,44.07366946904825,44.07346406785151,44.07343128174717,87.1205825805664,Yellow,NORMAL
2014-08-13,65.48651052935212,48.98659352671978,48.9865250596542,48.986514130952756,88.04273986816406,Green,NORMAL
2014-08-14,69.46818869496923,55.35908155621986,52.968193538403256,52.968189895502775,88.4992446899414,Green,NORMAL
2014-08-15,72.24263697239715,61.25369705165585,58.36143297644204,56.26613035953359,88.9283676147461,Blue,NORMAL
2014-08-18,76.7776382500583,68.773355478121,66.36216652026411,64.21663138184235,89.6131591796875,Blue,NORMAL
2014-08-19,80.16662015742685,74.50550036899153,72.7040955393316,70.99124198281672,90.11529541015625,Blue,NORMAL
2014-08-20,80.7046141265497,76.4509442440098,75.06159931643603,73.70177147991058,90.11529541015625,Blue,NORMAL
2014-08-21,81.56774174588693,78.96653680850957,78.10898350714142,77.2612692361227,90.29789733886719,Blue,NORMAL
2014-08-22,81.15359910048085,79.53254691086747,78.99536785135999,78.46146846863567,90.43486022949219,Blue,NORMAL
2014-08-25,82.36277377423436,81.44543110578611,81.1407074397579,80.8370769993241,90.75445556640625,Blue,NORMAL
2014-08-26,83.60935051733739,83.11507365856608,82.95066711346047,82.78662497688634,90.8457260131836,Blue,NORMAL
2014-08-27,83.79987609837173,83.54086916080368,83.45465098422038,83.36855427714758,90.86395263671875,Blue,NORMAL
2014-08-28,82.53144018093873,82.29055866776058,82.21030398645877,82.13008979499378,90.76354217529297,Blue,NORMAL
2014-08-29,84.17298006031292,84.0154132889258,83.96290408393816,83.91040837556282,91.10138702392578,Blue,NORMAL
2014-09-02,84.74978964973394,84.65863092577436,84.6282490351683,84.59787164343301,91.36614227294922,Blue,NORMAL
2014-09-03,84.04622617954095,83.99652170480583,83.97995499679871,83.9633897884152,90.82745361328125,Blue,NORMAL
2014-09-04,83.13439020799514,83.10816293304245,83.09942099147088,83.09067954977382,90.74529266357422,Blue,NORMAL
2014-09-05,85.81516710636873,85.8015951230307,85.79707128972225,85.79254762303862,91.2018051147461,Blue,NORMAL
2014-09-08,86.02172236878958,85.99568637294445,85.98700776137524,85.97832920534765,91.3752670288086,Blue,NORMAL
2014-09-09,79.93548153033726,79.46248783657822,79.30482328989604,79.14715876172772,90.61747741699219,Blue,NORMAL
2014-09-10,80.42293828789019,79.72278634795406,79.4894023739434,79.25601840610405,91.36614227294922,Blue,NORMAL
2014-09-11,83.26783128114857,82.63668451627277,82.42630226330351,82.21592001239135,91.29312896728516,Blue,NORMAL
2014-09-12,78.63233264927176,77.17391535603126,76.68777625894755,76.20163716254953,90.82745361328125,Blue,NORMAL
2014-09-15,74.5978145867943,71.0730529351843,69.89813238486867,68.72321183478161,89.9509506225586,Yellow,NORMAL
2014-09-16,76.9747344918944,72.78495144914837,71.38835710164004,69.9917627542079,90.73616027832031,Yellow,NORMAL
2014-09-17,77.99296705285369,73.96339892444479,72.62020954833304,71.2770201722467,90.87310791015625,Yellow,NORMAL
2014-09-18,80.06895198058086,76.62509602653111,75.47714404185604,74.32919205718946,91.5578842163086,Green,NORMAL
2014-09-19,78.37437288241584,74.44540184488697,73.13574483238008,71.82608781987602,91.50114440917969,Green,NORMAL
2014-09-22,71.57340207191639,64.82939872742841,62.5813976126,60.333396497772526,90.65000915527344,Green,NORMAL
2014-09-23,63.97724513508324,53.63620279870918,50.1891886865848,49.23057661036863,90.40288543701172,Green,NORMAL
2014-09-24,65.98454467465737,54.776600229538104,51.040618747831786,50.068988499752514,91.37299346923828,Green,NORMAL
2014-09-25,56.94348760689905,42.20750612519262,40.96217896462385,40.63830221526409,89.45106506347656,Yellow,NORMAL
2014-09-26,56.8376440171145,41.0992413913526,40.5105411363561,40.402582219902854,90.40288543701172,Yellow,NORMAL
2014-09-29,55.51995541311224,39.71391541637284,39.07758778619278,39.041601480708366,90.2839126586914,Yellow,NORMAL
2014-09-30,52.83447395801939,36.56579395910626,36.35368474904624,36.341689313884764,90.41206359863281,Yellow,NORMAL
2014-10-01,45.73023222621707,29.30733889324602,29.236635823226017,29.232637344838857,88.96604919433594,Yellow,NORMAL
2014-10-02,44.00958983939979,27.535292061742773,27.511724371736104,27.51039154560705,88.96604919433594,Red,NORMAL
2014-10-03,47.50595143809308,31.01451884554075,31.006662948871856,31.006218673495503,89.84463500976562,Red,NORMAL
2014-10-06,47.32204653509322,30.82490233757577,30.82228370535281,30.82213561356069,89.65245819091797,Red,NORMAL
2014-10-07,41.86620337804441,25.51993308998304,25.519060212575386,25.51901084864468,88.38032531738281,Red,NORMAL
2014-10-08,47.55747598568934,31.10871922300222,31.10842826386633,31.108411809222762,90.10088348388672,Yellow,NORMAL
2014-10-09,40.31860874304404,24.87967130362982,24.87957431725119,24.879568832369998,88.6457290649414,Green,NORMAL
2014-10-10,35.10411682997934,21.75363768350794,21.753605354715063,21.75360352642133,86.43096160888672,Yellow,ELEVATED
2014-10-13,30.290264341941246,18.399826848673,18.399816072408708,18.399815462977465,85.07646179199219,Yellow,ELEVATED
2014-10-14,28.499491179599325,17.992030533695097,17.992026941606998,17.992026738463252,85.08562469482422,Red,ELEVATED
2014-10-15,26.019646233198035,17.27688157345218,17.27688037608948,17.2768803083749,84.53652954101562,Red,ELEVATED
2014-10-16,25.30151330670401,17.81411027197391,17.81410987285301,17.814109850281483,84.00566864013672,Red,ELEVATED
2014-10-17,26.992669890038115,20.40751702660956,20.407516893569262,20.40751688604542,85.11306762695312,Red,ELEVATED
2014-10-20,31.982202476502284,25.427892262766846,25.427892218420077,25.42789221591213,86.38522338867188,Red,NORMAL
2014-10-21,39.79280011042263,32.04691892806637,32.04691891328412,32.046918912448135,88.65489196777344,Green,NORMAL
2014-10-22,40.16685487464164,32.57378336941178,32.57378336448436,32.5737833642057,88.197265625,Green,NORMAL
2014-10-23,44.406615805913674,38.1858369366835,36.95591859032317,35.72600024551243,89.52432250976562,Green,NORMAL
2014-10-24,51.00948211461592,47.091011641129086,46.06607968665005,45.04114773268755,90.2564697265625,Blue,NORMAL
2014-10-27,49.75100494647823,46.649905023166454,45.70994667206805,44.769988321141824,90.32054138183594,Blue,NORMAL
2014-10-28,59.95168644500015,58.02051492115481,57.408038287652644,56.79556165420787,91.68419647216797,Blue,NORMAL
2014-10-29,63.4992408096042,62.31487581167394,61.93050321495706,61.5461306182593,91.34553527832031,Blue,NORMAL
2014-10-30,66.19743212171993,65.53232321075225,65.31409215240522,65.09586109406456,91.53775024414062,Blue,NORMAL
2014-10-31,69.00469959612887,68.64783633664419,68.53003922080781,68.41224210497356,92.80071258544922,Blue,NORMAL
2014-11-03,69.5071220875985,69.22987571763367,69.137846028976,69.04581634031905,93.07527923583984,Blue,NORMAL
2014-11-04,68.63015180697728,68.31536120858736,68.21055959845648,68.10575798832585,92.76411437988281,Blue,NORMAL
2014-11-05,69.12255060232576,68.90643283199496,68.83443643832884,68.7624400446628,92.77326202392578,Blue,NORMAL
2014-11-06,69.85983168225674,69.73219864004606,69.68966858034611,69.64713852064618,93.06613159179688,Blue,NORMAL
2014-11-07,71.84633278297447,71.77599154285404,71.75254922538176,71.7291069079095,92.9837417602539,Blue,NORMAL
2014-11-10,74.63998129802853,74.60263577162995,74.59018885035304,74.57774192907615,93.3132095336914,Blue,NORMAL
2014-11-11,78.12119746971322,78.10179973773447,78.0953343562491,78.08886897476373,93.6060791015625,Blue,NORMAL
2014-11-12,80.46956582323773,80.45962530098853,80.45631196996355,80.45299863893855,93.77082824707031,Blue,NORMAL
2014-11-13,81.01068860774592,81.0056377945347,81.00395424892811,81.0022707033215,94.17352294921875,Blue,NORMAL
2014-11-14,80.44198879517457,80.41556501009566,80.40675710133506,80.39794919257446,94.46636962890625,Blue,NORMAL
2014-11-17,79.22232959839152,79.1892158158054,79.17817789480972,79.16713997381403,94.18265533447266,Blue,NORMAL
2014-11-18,80.03336912538977,80.01017827074782,80.00244798804485,79.99471770534187,94.88738250732422,Blue,NORMAL
2014-11-19,79.36899341216696,79.2358290248408,79.19144089645798,79.14705276807516,94.45720672607422,Blue,NORMAL
2014-11-20,81.31559039664823,81.20848521631677,81.17278348978158,81.13708176324639,94.8781967163086,Blue,NORMAL
2014-11-21,83.24640050258645,83.17934025019792,83.15698683281573,83.13463341543354,95.06122589111328,Blue,NORMAL
2014-11-24,84.4228742416029,84.29174260300103,84.24803205682728,84.20432151065354,95.80253601074219,Blue,NORMAL
2014-11-25,85.14003215460838,84.9058647895049,84.82780900114605,84.74975321278718,95.9489974975586,Blue,NORMAL
2014-11-26,84.72908479227688,84.23353496945762,84.06835169518753,83.90316842091744,96.57131958007812,Blue,NORMAL
2014-11-28,82.15691715298118,80.71354241703794,80.23241750505787,79.75129259307778,97.019775390625,Blue,NORMAL
2014-12-01,76.30015232477697,73.43492300140525,72.47984656028169,71.52477011915812,95.92150115966797,Blue,NORMAL
2014-12-02,75.35018127621413,71.29810471272825,69.94741252489973,68.5967203370712,96.30591583251953,Blue,NORMAL
2014-12-03,78.07459746244174,74.18234965787659,72.88493372302156,71.58751778816654,96.47982025146484,Blue,NORMAL
2014-12-04,77.67440285785095,74.10599210073873,72.916521848368,71.72705159599728,96.43401336669922,Blue,NORMAL
2014-12-05,78.9146157674318,75.40800747893248,74.23913804943271,73.07026861993293,96.44319152832031,Blue,NORMAL
2014-12-08,76.36723752447062,71.48315845190658,69.85513209438521,68.22710573686388,95.75678253173828,Blue,NORMAL
2014-12-09,75.30413182776906,69.94936002371556,68.16443608903106,66.37951215434656,96.05879974365234,Yellow,NORMAL
2014-12-10,65.525281765768,56.42950246892854,53.397576036648715,51.550408541293834,94.54873657226562,Yellow,NORMAL
2014-12-11,65.08102564877107,53.79840243819156,50.038457072397975,49.42273457394635,94.99717712402344,Yellow,ELEVATED
2014-12-12,61.37039973436958,48.11069603891545,45.35621020891188,45.15096937609467,93.96302795410156,Yellow,ELEVATED
2014-12-15,54.45646031121578,39.03655907939773,38.11839713606321,38.04998352512414,92.992919921875,Yellow,ELEVATED
2014-12-16,50.29705666780315,34.15708959053047,33.85103560941896,33.82823107243927,91.50114440917969,Yellow,ELEVATED
2014-12-17,59.2328795015525,42.852890475794936,42.7508724820911,42.74327096976454,93.16681671142578,Red,NORMAL
2014-12-18,72.90475871928014,60.02696174019187,57.5203555299009,56.408222542017484,95.40904235839844,Yellow,NORMAL
2014-12-19,78.87253972857756,69.82785465307471,67.40829055548657,65.45355086536763,95.82884216308594,Green,NORMAL
2014-12-22,80.90936509471103,74.7449895283067,72.88864131536509,71.18723457157986,96.06769561767578,Green,NORMAL
2014-12-23,80.95867725379256,76.40770415548387,74.95686100355647,73.55766500801454,95.7278060913086,Blue,NORMAL
2014-12-24,81.38252204756047,78.0397494211484,76.9475411726251,75.87254864289694,95.8104476928711,Blue,NORMAL
2014-12-26,82.20343327511274,80.0819924014319,79.38219520807633,78.68813658765244,96.49024200439453,Blue,NORMAL
2014-12-29,81.41549627688943,79.91591216711296,79.41850071870016,78.92300212793124,96.47183990478516,Blue,NORMAL
2014-12-30,80.50206901381102,79.31714358183301,78.92298507834455,78.52946419407074,95.82884216308594,Blue,NORMAL
2014-12-31,76.27877442102117,74.99460925989112,74.5668264196825,74.1392561192121,94.84590911865234,Green,NORMAL
2015-01-02,72.83244842176029,71.18397370670382,70.63457287285212,70.08524288557983,94.56114959716797,Green,NORMAL
2015-01-05,62.27378957210408,55.057881572523144,52.65260915194075,50.35805439337726,93.17406463623047,Yellow,NORMAL
2015-01-06,55.562583608379654,42.34034876957161,41.3555234683252,40.59067188213737,91.92475891113281,Yellow,ELEVATED
2015-01-07,57.08362800152947,41.67621638859346,41.34794128817799,41.09299075944871,93.10974884033203,Red,NORMAL
2015-01-08,68.23530402006531,55.88235477962749,53.367214623002624,51.90509160603839,94.8918685913086,Yellow,NORMAL
2015-01-09,64.76371943903987,52.819398049164356,49.37212744926843,48.3203153010309,94.26720428466797,Yellow,NORMAL
2015-01-12,65.37965951591733,52.638963092205145,49.24912885266018,48.89852480324767,93.28428649902344,Yellow,NORMAL
2015-01-13,64.93582383362494,51.04204444134404,48.55898027920588,48.44211226273505,93.25670623779297,Red,ELEVATED
2015-01-14,63.5933795480909,49.32737303486441,47.13443169661789,47.09547569112761,92.74230194091797,Red,ELEVATED
2015-01-15,59.87687553235758,44.81013455199343,43.390559581866576,43.37757424670315,91.5389404296875,Red,ELEVATED
2015-01-16,62.48691274305379,48.288997733843644,45.99147409289014,45.98714564783566,92.61370086669922,Red,ELEVATED
2015-01-20,62.32756560201573,50.13654204245686,46.88457242108719,45.827643236943025,93.34859466552734,Red,NORMAL
2015-01-21,62.01510162864286,50.92318935832327,47.496453567711164,45.515127506951956,93.8262710571289,Red,NORMAL
2015-01-22,70.6180463899584,62.1330774176741,59.39494386007746,57.138613545765146,95.56244659423828,Green,NORMAL
2015-01-23,70.48311563371979,62.00607738936948,59.21046111897431,56.57544592967392,95.77369689941406,Green,NORMAL
2015-01-26,71.907175680983,64.64700409079401,62.23696794219378,59.880465487291794,95.66345977783203,Blue,NORMAL
2015-01-27,65.0829531924967,57.052312234453154,54.37877226448178,51.7230768590765,93.18324279785156,Green,NORMAL
2015-01-28,56.20089292138799,45.699732006105414,42.20045848413672,40.74760081024792,92.70556640625,Green,ELEVATED
2015-01-29,55.79675709705016,44.85840517454416,41.212659016972886,39.64565972667014,93.59659576416016,Green,NORMAL
2015-01-30,50.41792843404123,38.13410035255555,34.55656240734881,34.034229310581225,92.87091064453125,Green,ELEVATED
2015-02-02,52.62259508087533,40.94589248616603,37.2260154263591,36.16136203972199,93.67929077148438,Yellow,NORMAL
2015-02-03,64.55769059194036,56.42085074881913,53.76602318058854,51.99627017008124,94.57953643798828,Yellow,NORMAL
2015-02-04,70.21880059185376,65.28157025225983,63.65497759888734,62.3234097980893,94.49686431884766,Yellow,NORMAL
2015-02-05,76.70419138353189,73.94597274105715,73.03295012461852,72.2182691257047,95.31441497802734,Yellow,NORMAL
2015-02-06,77.52119120880889,75.65882864667893,75.04016899187548,74.45428987624696,94.73568725585938,Yellow,NORMAL
2015-02-09,73.31588842329896,70.88443002026979,70.07465317456224,69.27580317524634,94.43257141113281,Yellow,NORMAL
2015-02-10,77.24365245740854,75.47889424996146,74.89087794369092,74.30650391955095,95.90230560302734,Green,NORMAL
2015-02-11,78.51844021913546,77.4136634259344,77.04548330471577,76.67851727754066,96.2513656616211,Green,NORMAL
2015-02-12,80.70846155452662,80.08194059476693,79.87312654479649,79.66471719284057,97.37208557128906,Green,NORMAL
2015-02-13,83.35559829595331,83.01762696168709,82.90497860691482,82.79246515148074,98.20801544189453,Blue,NORMAL
2015-02-17,85.54769943198444,85.37047681338919,85.31140552607405,85.25237920520496,98.29987335205078,Blue,NORMAL
2015-02-18,86.30988129214296,86.21852433235796,86.18807298539072,86.15763662723882,98.43766021728516,Blue,NORMAL
2015-02-19,86.34866413441803,86.29610255575196,86.2785823538503,86.26106714822043,98.92452239990234,Blue,NORMAL
2015-02-20,86.36992508184304,86.3353820443077,86.32386780656938,86.312355234255,99.5859375,Blue,NORMAL
2015-02-23,85.66497502728103,85.6174971688348,85.601671252055,85.58584589041651,99.68696594238281,Blue,NORMAL
2015-02-24,86.86702871279738,86.83322100368142,86.8219517793213,86.81068274000829,99.76042938232422,Blue,NORMAL
2015-02-25,87.51308364500653,87.49282353048426,87.48607016298081,87.47931685715972,99.5124282836914,Blue,NORMAL
2015-02-26,86.66825010389107,86.55196657108628,86.51320539481934,86.4744442391132,100.01766204833984,Blue,NORMAL
2015-02-27,84.9496018864822,84.80833257267638,84.76124280185266,84.71415303788251,99.57670593261719,Blue,NORMAL
2015-03-02,86.74431173993851,86.59822484501224,86.54952921351844,86.50083358430916,100.47696685791016,Blue,NORMAL
2015-03-03,85.74208539479432,85.49469415271227,85.41223040540103,85.3297666588513,100.00846862792969,Blue,NORMAL
2015-03-04,83.10847290937589,82.4480372248508,82.22789199669225,82.00774676878753,99.62266540527344,Blue,NORMAL
2015-03-05,82.32319467349566,80.98810861562733,80.5430799296767,80.09805124381069,99.79719543457031,Blue,NORMAL
2015-03-06,76.15094747619455,71.96637372261398,70.57151580475563,69.17665788692548,98.66732025146484,Blue,NORMAL
2015-03-09,74.4701633080801,68.22636618974104,66.14510048362861,64.06383477752561,98.95208740234375,Blue,NORMAL
2015-03-10,65.55578790893469,54.919844269248905,51.78076696745087,51.08701173208321,97.1148681640625,Yellow,NORMAL
2015-03-11,63.994900006527715,50.37623954873496,48.40322635936644,48.17197461424389,96.55450439453125,Yellow,NORMAL
2015-03-12,71.23913556519743,58.45457579031776,55.04856929754534,54.96482710110281,97.18834686279297,Red,NORMAL
2015-03-13,71.00138749881081,57.69982970715433,54.604532076260114,54.57661801077927,96.76580810546875,Red,NORMAL
2015-03-16,76.53505011087813,64.14129142753323,60.4562235218598,60.06012694820095,98.01510620117188,Yellow,NORMAL
2015-03-17,77.65196483605574,65.40382313465551,61.4698375637804,61.160323781830016,98.17125701904297,Yellow,NORMAL
2015-03-18,83.90991420461118,74.2839468728907,71.1248672055144,69.17394480111304,99.13579559326172,Green,NORMAL
2015-03-19,82.38524057333399,73.7790900249114,70.92689854539184,68.47742615353056,99.28279113769531,Green,NORMAL
2015-03-20,84.99322833925949,78.58071202086074,76.44871503804603,74.45095775111744,99.92545318603516,Green,NORMAL
2015-03-23,83.32505759456798,78.21372099702836,76.51177828339898,74.854582135065,99.73206329345703,Blue,NORMAL
2015-03-24,81.37825993893007,76.76601601488017,75.22921342426926,73.70732635542348,99.37300872802734,Blue,NORMAL
2015-03-25,68.28692901408618,61.71693982974564,59.5271474518785,57.34232691459971,97.09883117675781,Yellow,NORMAL
2015-03-26,61.162347948839766,50.753156296453184,47.28349375129534,46.51414724901093,96.76741027832031,Yellow,NORMAL
2015-03-27,61.008699903829495,49.798512349230776,46.06180583291043,45.12596633721989,97.15408325195312,Red,NORMAL
2015-03-30,69.88919735388873,60.63629782684312,57.55200554067653,55.4013355947199,98.26815032958984,Yellow,NORMAL
2015-03-31,65.62781425893883,56.63319400244504,53.63498976900775,50.94799298230713,97.22770690917969,Yellow,NORMAL
2015-04-01,66.82752337128294,56.27888731482349,52.762676135579454,50.93424961240571,96.7213134765625,Red,NORMAL
2015-04-02,70.58053934227641,60.38394774075363,56.98508415343795,54.28278142265067,96.78580474853516,Red,NORMAL
2015-04-06,76.11709394288293,67.3990906315794,64.49308962109777,61.81927556279224,97.57760620117188,Red,NORMAL
2015-04-07,78.13965925586312,71.74932714530841,69.61921647288558,67.56650145118813,97.41188049316406,Red,NORMAL
2015-04-08,82.43220123343586,78.23646582513531,76.83788736606694,75.46510745724034,98.18531036376953,Yellow,NORMAL
2015-04-09,86.05240041114529,83.62100958932061,82.81054598550077,82.00868189842818,98.80215454101562,Green,NORMAL
2015-04-10,88.01839272964102,86.69152294617055,86.24923301949875,85.80980959840936,99.20728302001953,Green,NORMAL
2015-04-13,87.05983461358406,86.06333465321833,85.73116800014698,85.39995684893644,98.95868682861328,Blue,NORMAL
2015-04-14,87.27040783415765,86.30186967137575,85.97902361724306,85.65649606373066,98.6732406616211,Blue,NORMAL
2015-04-15,88.49661742620071,87.85558561727673,87.64190834767805,87.42833724495281,99.2901382446289,Blue,NORMAL
2015-04-16,88.71831691984468,88.21186621731614,88.0430493164875,87.8742678046167,99.15205383300781,Blue,NORMAL
2015-04-17,74.28113877390628,70.42459401078649,69.13907908975129,67.85357596503538,97.60523223876953,Green,NORMAL
2015-04-20,79.64186107278358,75.74143187338296,74.44128880691767,73.1411496725588,99.06916809082031,Green,NORMAL
2015-04-21,76.95700924648344,72.23797240889176,70.66496012969506,69.09194916120052,99.4926986694336,Blue,NORMAL
2015-04-22,79.5921512303093,75.36079883638301,73.95034803840775,72.53989767733323,100.03592681884766,Blue,NORMAL
2015-04-23,83.67793929899199,80.43940351309648,79.35989158446469,78.2803798014665,100.41341400146484,Blue,NORMAL
2015-04-24,86.40514643299733,84.08216492707211,83.3078377584304,82.53351063833321,101.77607727050781,Blue,NORMAL
2015-04-27,84.1003265887769,81.8735354648218,81.13127175683678,80.38900806503327,101.51827239990234,Blue,NORMAL
2015-04-28,85.5542755295923,83.59521994811726,82.94220142095892,82.2891828991944,101.31574249267578,Blue,NORMAL
2015-04-29,82.39309184319744,78.8829794626274,77.71294200243742,76.54290454404536,100.680419921875,Blue,NORMAL
2015-04-30,74.38131588147453,67.15404225846757,64.74495105079859,62.335859843728926,99.0967788696289,Yellow,NORMAL
2015-05-01,77.72942010863966,71.20197557650664,69.0261607324623,66.85034588861774,100.40420532226562,Yellow,NORMAL
2015-05-04,81.81026966584285,76.91761756928871,75.286733537104,73.65584950498588,100.56993103027344,Yellow,NORMAL
2015-05-05,73.8470869615016,67.88935982389532,65.90345077802655,63.91754173218001,98.9310531616211,Yellow,NORMAL
2015-05-06,68.7066285737481,59.52279276683523,56.46151416453094,54.39678016397424,98.24974060058594,Yellow,NORMAL
2015-05-07,69.98197536347514,58.46268390148212,54.900270560402745,54.21202589355052,98.83897399902344,Yellow,NORMAL
2015-05-08,78.18056586189913,68.3202374516682,65.12591147478622,62.889641722646616,100.0727310180664,Yellow,NORMAL
2015-05-11,77.58379973174416,68.76710154327279,65.85901886706954,63.27028826578042,99.68605041503906,Yellow,NORMAL
2015-05-12,76.62515546613695,67.37040528717151,64.29576080083433,61.327567006135176,99.23491668701172,Yellow,NORMAL
2015-05-13,76.72412589611973,67.87451294506042,64.92806604136888,62.01710270155665,99.43744659423828,Yellow,NORMAL
2015-05-14,80.37656048389178,73.90458444339215,71.74840045655725,69.60404432434876,100.89219665527344,Green,NORMAL
2015-05-15,82.71163127240837,78.50918221661301,77.108746318014,75.71225303762378,100.89219665527344,Green,NORMAL
2015-05-18,86.37980301672872,83.95642481031587,83.1487588926225,82.34240718099872,101.33411407470703,Blue,NORMAL
2015-05-19,84.13724915372438,82.14022410212402,81.47459135751642,80.80939668159867,101.22368621826172,Blue,NORMAL
2015-05-20,83.12630527346369,81.17373979264329,80.52289872323401,79.87220367672133,101.28810119628906,Blue,NORMAL
2015-05-21,82.99210175782123,80.91958956018206,80.22875685792374,79.53797282996427,101.81290435791016,Blue,NORMAL
2015-05-22,80.55662651186634,78.23829392730377,77.46551796476783,76.69275822699817,101.71161651611328,Blue,NORMAL
2015-05-26,66.79612703302138,61.05834323160354,59.14574915301479,57.233160482681456,100.54231262207031,Blue,NORMAL
2015-05-27,73.42370901100713,67.90664946836381,66.06762979477732,64.22861192394264,102.16277313232422,Blue,NORMAL
2015-05-28,73.6259585592246,68.52734946975814,66.82781316458974,65.12827746033861,101.9325942993164,Blue,NORMAL
2015-05-29,68.58096200111807,61.56825428089211,59.23068506014583,56.89311603970529,101.32493591308594,Blue,NORMAL
2015-06-01,69.79184091357965,62.1646564810802,59.62226167669006,57.07986693906851,101.66558074951172,Blue,NORMAL
2015-06-02,71.31765067489692,61.95531805951838,58.83454052320654,56.080326016726545,101.34334564208984,Blue,NORMAL
2015-06-03,73.33088355829898,64.19336628423343,61.14752719359414,58.22387577956546,101.64716339111328,Blue,NORMAL
2015-06-04,67.56021060840688,56.83911796869312,53.26542042236049,51.52454134882903,100.87377166748047,Blue,NORMAL
2015-06-05,68.303539734696,56.26830048338991,52.53860967268055,51.95831664817006,100.63436889648438,Yellow,NORMAL
2015-06-08,63.22146721048232,48.64583362156843,46.96649052314383,46.77305951497367,99.61238861083984,Yellow,NORMAL
2015-06-09,59.58200015431966,44.16113009433131,43.1636745918735,43.09919758915011,99.44666290283203,Red,NORMAL
2015-06-10,68.11389109765142,53.96370567359122,51.64111591016937,51.61962357592824,100.80934143066406,Yellow,NORMAL
2015-06-11,74.20057435672601,62.42106397861834,59.292606756337406,57.70248518281828,100.9566421508789,Yellow,NORMAL
2015-06-12,70.91661195263333,59.628530909609196,56.13185264096393,54.4172488946641,100.12799072265625,Yellow,NORMAL
2015-06-15,64.67792330355516,50.89893735849744,48.74967019966536,48.17813561756542,99.63078308105469,Red,NORMAL
2015-06-16,67.48063675961858,54.09227743063006,51.17121905832198,50.98070753095533,100.17401123046875,Red,NORMAL
2015-06-17,65.09395082303676,51.84112126194484,48.6574782559379,48.59397441348235,100.45022583007812,Red,NORMAL
2015-06-18,71.88965027434558,61.95625063243375,59.05643970102658,57.19667515746988,101.91417694091797,Green,NORMAL
2015-06-19,71.12707813348993,63.630532664300944,61.26879160209242,59.25373266916739,101.4103012084961,Green,NORMAL
2015-06-22,74.64374826671889,69.40766239938002,67.70800291944079,66.1239041492627,102.15784454345703,Blue,NORMAL
2015-06-23,75.66319386668408,71.88081044432208,70.63525012881487,69.42821004989473,102.2408676147461,Blue,NORMAL
2015-06-24,72.44018010005134,69.31940353847281,68.28422273748444,67.26188201535845,101.71488189697266,Blue,NORMAL
2015-06-25,65.36243680637838,60.52282926990106,58.91131944203232,57.30408964045105,101.51184844970703,Blue,NORMAL
2015-06-26,62.239346989843625,56.57803263637561,54.691492079983064,52.80637819901967,100.838134765625,Green,NORMAL
2015-06-29,49.18919099093047,40.99189747328667,38.25965437677101,35.527886838731725,98.45724487304688,Yellow,NORMAL
2015-06-30,46.6187534288795,36.17773396614323,32.697456837241894,31.064985378146584,98.80792999267578,Yellow,NORMAL
2015-07-01,46.98474165576002,36.03118407864265,32.380019116940446,30.800152305515716,99.59232330322266,Red,NORMAL
2015-07-02,45.243271835027016,31.989049146496363,29.375030988753828,28.848408718278918,99.62002563476562,Red,NORMAL
2015-07-06,43.18115877494512,28.516470644578032,26.891745159520724,26.716204402695755,99.38932037353516,Red,NORMAL
2015-07-07,47.281960966667114,31.70597151444965,30.85215642819232,30.793642842584,99.63847351074219,Red,NORMAL
2015-07-08,41.06690655242738,25.944354512799336,25.65974948404689,25.64024495551078,97.90354919433594,Red,NORMAL
2015-07-09,39.59743766531034,24.442698096545428,24.34782975362795,24.341328244115907,97.84817504882812,Red,NORMAL
2015-07-10,44.36470218804208,29.597649284164106,28.30186992118498,28.299702751347635,99.34317016601562,Red,NORMAL
2015-07-13,53.74133739673842,42.4573436549676,39.90486960937073,37.78359962815445,101.08731842041016,Green,NORMAL
2015-07-14,60.26241763511484,52.68647593845215,50.56411444011794,48.5854876299106,101.75174713134766,Green,NORMAL
2015-07-15,61.13891565541985,55.92092326794052,54.315909938965206,52.758808172698835,101.86251831054688,Blue,NORMAL
2015-07-16,63.61669301444719,60.16817575210264,59.06344248693817,57.974679742676685,103.3021240234375,Blue,NORMAL
2015-07-17,62.697986493775,59.93954722862331,59.034991636556214,58.13575955145677,104.8248062133789,Blue,NORMAL
2015-07-20,60.56082154660557,57.864110279092145,56.97018124424882,56.07802671172806,105.18473815917969,Blue,NORMAL
2015-07-21,56.0547375535888,52.76211821513068,51.66623667597612,50.57094663759577,105.12013244628906,Blue,NORMAL
2015-07-22,54.36440987232494,51.16647497513985,50.10104942285531,49.035821037495516,103.92965698242188,Blue,NORMAL
2015-07-23,49.42946344483917,45.644667795261284,44.383253494327704,43.12190491570237,103.54206848144531,Blue,NORMAL
2015-07-24,43.28189995174736,38.402646198852196,36.77628969752904,35.14995510364197,102.52692413330078,Blue,NORMAL
2015-07-27,39.89764350394691,32.800505623686135,30.434813469035397,28.06912861686336,101.67794799804688,Green,NORMAL
2015-07-28,42.96799452335015,34.66694361667093,31.899933471812133,29.132925761112908,102.55461883544922,Yellow,NORMAL
2015-07-29,49.38184777040666,42.39390645321744,40.06459495549912,37.73528426916733,102.94222259521484,Yellow,NORMAL
2015-07-30,54.28514666681994,48.31281863694212,46.32204338520887,44.33126840393781,103.43132781982422,Yellow,NORMAL
2015-07-31,55.10095233575984,49.8134087803932,48.05089451467967,46.288380339120195,103.31136322021484,Yellow,NORMAL
2015-08-03,53.33777621540936,48.26422601452791,46.57304269848142,44.8818594124863,102.98835754394531,Yellow,NORMAL
2015-08-04,53.31028889730044,48.5515867877381,46.96535277929977,45.37911878087856,102.79459381103516,Yellow,NORMAL
2015-08-05,55.62950792354701,51.81724022683642,50.5464843372937,49.27572845109002,103.58821868896484,Yellow,NORMAL
2015-08-06,50.787320287456076,46.89128627373542,45.592608272282135,44.29393027194186,101.92709350585938,Yellow,NORMAL
2015-08-07,46.27733039648986,42.016490765063295,40.5962108889612,39.175931013230105,101.79790496826172,Yellow,NORMAL
2015-08-10,54.54869390062346,51.38713355727698,50.333280109841525,49.27942666252974,102.9606704711914,Yellow,NORMAL
2015-08-11,47.67621965616878,43.653418683617815,42.3124850262164,40.9715513688562,101.64105987548828,Yellow,NORMAL
2015-08-12,43.73016300839462,37.65106635238212,35.62470080041647,33.598335248464565,101.99170684814453,Yellow,NORMAL
2015-08-13,42.477655997435434,34.4418009600724,31.763182614297556,29.0845642685273,101.82557678222656,Yellow,NORMAL
2015-08-14,45.9917233238764,37.85198002707595,35.13873226148007,32.42548449588573,101.98247528076172,Yellow,NORMAL
2015-08-17,51.0362291472863,45.05889026034643,43.066443964701236,41.07399766905655,102.83146667480469,Yellow,NORMAL
2015-08-18,51.751854435633504,47.11640337792814,45.571253025360164,44.02610267279235,102.30546569824219,Yellow,NORMAL
2015-08-19,44.58773575087818,38.00428614228036,35.80980293941457,33.61531973654884,101.63179016113281,Yellow,NORMAL
2015-08-20,34.73359427631929,25.67176266071644,24.55576482064624,23.824270419690997,98.8171615600586,Yellow,NORMAL
2015-08-21,27.313056667639337,18.07948316614209,17.707483886118688,17.46365241913361,94.49828338623047,Yellow,ELEVATED
2015-08-24,20.829151676997462,12.251293843165044,12.127294083157244,12.04601692749555,90.86231231689453,Yellow,EXTREME
2015-08-25,15.238619909798008,9.395074705927941,9.353741452592008,9.326649067371443,90.5208511352539,Red,EXTREME
2015-08-26,14.877734252907382,10.648404370135879,10.634626619023901,10.62559582395038,95.07967376708984,Red,REVERSAL
2015-08-27,16.680941911633102,12.811443061820377,12.806850478116385,12.803840213091878,97.48827362060547,Red,REVERSAL
2015-08-28,20.348470947670187,16.96558244217706,16.964051580942392,16.963048159267558,97.46978759765625,Red,REVERSAL
2015-08-31,22.067578711598546,18.683930691248985,18.683420404170764,18.68308593027915,96.26090240478516,Red,REVERSAL
2015-09-01,18.921528355632876,15.955219756257097,15.955049660564356,15.954938169267152,93.2524642944336,Red,REVERSAL
2015-09-02,19.983880264627864,17.207610731502605,17.207554032938358,17.207516869172622,95.88252258300781,Red,REVERSAL
2015-09-03,19.196765122765832,16.091712315427785,16.09169341590637,16.091681027984457,95.41188049316406,Green,REVERSAL
2015-09-04,14.252331985084325,11.404351419675347,11.404345119834876,11.404340990527569,94.27679443359375,Green,REVERSAL
2015-09-08,20.099913933212733,16.757068559557887,16.757066459611064,16.757065083175295,96.9345703125,Green,REVERSAL
2015-09-09,19.58548128335775,16.70916245510243,16.709161755120157,16.70916129630823,95.84561157226562,Green,ELEVATED
2015-09-10,19.470967069582223,17.30015708979341,17.300156856465986,17.30015670352868,96.88843536376953,Green,ELEVATED
2015-09-11,21.74786073405922,19.583053703759248,19.58305362598344,19.583053575004335,97.42363739013672,Green,ELEVATED
2015-09-14,22.21398275975867,20.254880416325346,20.254880390400075,20.25488037340704,97.12835693359375,Green,ELEVATED
2015-09-15,25.24168244668394,23.07105573961357,23.071055730971814,23.07105572530747,98.27269744873047,Green,ELEVATED
2015-09-16,27.978667186271743,25.83938420984088,25.839384206960297,25.83938420507218,98.82637023925781,Blue,ELEVATED
2015-09-17,28.551517028819447,26.770415078223984,26.414412535557616,26.341200479530706,98.86329650878906,Blue,ELEVATED
2015-09-18,22.39855883339861,20.893284109126043,20.774616594903925,20.750212576228286,97.45716094970703,Green,ELEVATED
2015-09-21,22.039336944337837,20.529365859134025,20.189226568543315,20.181091895651434,97.7624282836914,Green,ELEVATED
2015-09-22,16.903071949425865,14.723549818579226,14.051437243122754,13.788286562826695,96.30084991455078,Green,ELEVATED
2015-09-23,19.118901881878035,17.350193724539807,16.778755939257863,16.343638785696058,96.37480926513672,Green,ELEVATED
2015-09-24,19.479907458685332,18.249880043822355,17.845914772367188,17.487389711485395,96.02330780029297,Yellow,ELEVATED
2015-09-25,17.703583908435682,16.25719992227291,15.777086549162814,15.31211991291051,95.2092514038086,Yellow,ELEVATED
2015-09-28,10.881415955460609,9.671047219332277,9.51100942829558,9.356020549544812,92.49876403808594,Yellow,ELEVATED
2015-09-29,8.413074853137601,7.383229718872602,7.329883788527036,7.278220828943447,92.01773071289062,Red,ELEVATED
2015-09-30,9.936890951217993,8.157498128685214,8.139716151903357,8.122495165375495,94.13613891601562,Red,ELEVATED
2015-10-01,14.097631096351487,9.498985082549751,9.327739496579941,9.321999167737319,94.56170654296875,Red,ELEVATED
2015-10-02,20.084116062673736,16.285889716038866,15.473693073370832,14.716664849745193,96.2175521850586,Red,ELEVATED
2015-10-05,31.027416556364017,28.62866893646858,27.98037933190685,27.350479200359256,97.59596252441406,Yellow,NORMAL
2015-10-06,34.89384723424619,33.416926004605806,32.97504990652682,32.539303632785874,97.13341522216797,Yellow,NORMAL
2015-10-07,39.44579450849467,38.61481808711026,38.35463627280472,38.09649773327853,97.71619415283203,Green,NORMAL
2015-10-08,44.21979331060719,43.773466497726915,43.63029433548546,43.487803264837126,98.10475158691406,Green,NORMAL
2015-10-09,45.718548890476214,45.460040845806724,45.37573931160088,45.291664807926075,98.54877471923828,Blue,NORMAL
2015-10-12,46.569416200945575,46.42838063253437,46.381991381069746,46.3356778064488,98.78929138183594,Blue,NORMAL
2015-10-13,44.4864670752349,44.18285544233714,44.08185909959538,43.98088798246816,98.15100860595703,Blue,NORMAL
2015-10-14,37.25809354072985,36.04030852471692,35.634449364342885,35.22859861250703,97.99370574951172,Blue,NORMAL
2015-10-15,40.890447870862054,39.787774101889795,39.42023923833135,39.05270717761898,99.60335540771484,Blue,NORMAL
2015-10-16,43.27620276982102,42.56027213167963,42.321636272109934,42.08300134682226,100.0196533203125,Blue,NORMAL
2015-10-19,46.43387883061767,46.02104892699523,45.88344152128022,45.74583442699256,100.59318542480469,Blue,NORMAL
2015-10-20,48.822114379078876,48.59741123241707,48.522511037582845,48.44761094655773,100.07512664794922,Blue,NORMAL
2015-10-21,47.00168729034893,46.68868670067894,46.5843534554733,46.48002024487069,99.46461486816406,Blue,NORMAL
2015-10-22,51.9054556851855,51.68207238490415,51.60761137970515,51.53315038604048,101.49050903320312,Blue,NORMAL
2015-10-23,58.25865624616753,58.12467026087806,58.08000829741317,58.03534633779306,104.33052062988281,Blue,NORMAL
2015-10-26,59.28056022382739,59.20613578613306,59.18132765077881,59.15651951670616,104.39527130126953,Blue,NORMAL
2015-10-27,56.325264354251374,55.92272776483212,55.78854890520699,55.654370046009056,104.6080322265625,Blue,NORMAL
2015-10-28,60.34312881945801,60.02008573455769,59.912404707429125,59.804723680442955,105.47762298583984,Blue,NORMAL
2015-10-29,60.057052993885506,59.72484002831623,59.61410237351697,59.503364718765184,105.31108856201172,Blue,NORMAL
2015-10-30,59.702411275838955,59.426890290903486,59.33504996272184,59.24320963455601,104.83930969238281,Blue,NORMAL
2015-11-02,64.83259698834183,64.65836499515716,64.60028766413899,64.5422103331261,106.02339172363281,Blue,NORMAL
2015-11-03,68.10944571159789,67.98152671476656,67.93888704917059,67.89624738357637,106.3934555053711,Blue,NORMAL
2015-11-04,69.1123662391103,68.86021806700387,68.77616867630655,68.69211928560982,106.4027099609375,Blue,NORMAL
2015-11-05,68.51737102541722,68.00000835368931,67.82755412978162,67.65509990587412,106.11593627929688,Blue,NORMAL
2015-11-06,65.68541829164168,64.37888121194172,63.94336885204228,63.50785649214289,106.18993377685547,Blue,NORMAL
2015-11-09,60.568774698001505,58.09736240326174,57.27355830501533,56.449754206768944,105.06131744384766,Blue,NORMAL
2015-11-10,58.05249470442631,54.85820157625983,53.793437200204394,52.72867282414897,104.79305267333984,Blue,NORMAL
2015-11-11,57.04343992546668,52.79484162472902,51.37864219114982,49.96244275757063,104.66358947753906,Blue,NORMAL
2015-11-12,50.45940077774473,42.86035556237998,40.327340490591745,37.79432541880351,103.64595794677734,Green,NORMAL
2015-11-13,43.67194632256137,31.735116866824796,29.29459289351037,28.450254536247627,101.61075592041016,Yellow,ELEVATED
2015-11-16,47.77981645993254,34.184035560490635,31.98736531691554,31.70591919782796,103.0723876953125,Yellow,NORMAL
2015-11-17,48.77959811662623,33.92514637360296,32.51544773562056,32.42163236259137,103.13716125488281,Yellow,NORMAL
2015-11-18,62.14385307122802,50.219366317226715,47.42513249134585,45.691197819883065,105.1168441772461,Yellow,NORMAL
2015-11-19,67.65296028575304,57.894971961811386,55.035840884537365,52.53014285873603,105.19081115722656,Yellow,NORMAL
2015-11-20,71.22403933936594,63.66855554230368,61.281238175740654,59.011731826335186,105.90316772460938,Green,NORMAL
2015-11-23,71.81759704495036,65.75522231666653,63.77815648472449,61.84036099183497,105.597900390625,Green,NORMAL
2015-11-24,73.44967859509397,68.7659964335345,67.21934429439887,65.68578226828072,105.5053939819336,Blue,NORMAL
2015-11-25,73.35750100309832,69.6442988092905,68.41142316070486,67.18291088312503,105.597900390625,Blue,NORMAL
2015-11-27,72.81318083852604,69.55479791227944,68.4702897422029,67.38723602912827,105.74591064453125,Blue,NORMAL
2015-11-30,70.8015377611487,67.52138343130004,66.42853847868572,65.33617834507204,105.47762298583984,Blue,NORMAL
2015-12-01,75.063215738349,72.25584713173845,71.32023753753556,70.38478954966622,106.53221130371094,Blue,NORMAL
2015-12-02,66.97426460208898,63.49571926266608,62.33626412996975,61.17686286605129,105.87538146972656,Blue,NORMAL
2015-12-03,57.33867056415002,49.60667077823268,47.0293575097418,44.45206219751019,104.08075714111328,Green,NORMAL
2015-12-04,63.013753659935105,55.89117198518559,53.51698475809628,51.14280351642672,106.51372528076172,Green,NORMAL
2015-12-07,60.05367684375369,52.20774850272643,49.5924412772153,46.97713604684408,106.0326919555664,Blue,NORMAL
2015-12-08,54.41915415780262,44.028806479127056,40.565357993401186,39.06030722549943,106.04191589355469,Blue,NORMAL
2015-12-09,50.38760264004751,36.808878221600196,34.769670585247034,34.26798699594645,104.43226623535156,Yellow,NORMAL
2015-12-10,50.83684479153814,35.33998829205574,34.63086743993797,34.46363957683778,104.90408325195312,Yellow,NORMAL
2015-12-11,42.45946495677386,26.29384612361307,26.05747250624048,26.00172988520708,102.48959350585938,Yellow,ELEVATED
2015-12-14,40.22290080395049,23.83436119289689,23.75556998710603,23.736989113428226,103.26665496826172,Red,ELEVATED
2015-12-15,46.050788518559166,29.58794198154129,29.561678246277673,29.555484621718403,103.89572143554688,Red,ELEVATED
2015-12-16,58.564903035167276,44.368349344078,42.06853294440678,42.06646840288703,105.44062805175781,Yellow,NORMAL
2015-12-17,52.84373169323099,40.24145304015957,36.85148287714416,36.344253482470904,103.90497589111328,Green,NORMAL
2015-12-18,44.54071097702026,29.339951425996453,28.209961371657982,28.040884906766898,101.91185760498047,Green,ELEVATED
2015-12-21,43.982626229948224,27.91570637960696,27.539043028160798,27.482684206530436,103.04389953613281,Green,NORMAL
2015-12-22,47.46784285056916,31.112202900455408,30.98664844997336,30.967862176096567,103.72126770019531,Green,NORMAL
2015-12-23,55.00783577866194,41.23262688953115,38.51410431179667,38.50784222050441,104.4914321899414,Green,NORMAL
2015-12-24,57.845338738466936,45.72941628782135,42.315180043820305,41.34534088574776,104.4728775024414,Green,NORMAL
2015-12-28,57.743860918044675,46.49521035736182,42.95379502809447,41.24386163380495,104.41718292236328,Green,NORMAL
2015-12-29,63.33415274503015,53.9418372695687,50.88044373029052,48.42954416933829,106.0595703125,Green,NORMAL
2015-12-30,60.525667241839585,52.59499714740219,49.974566544548274,47.55763393446966,105.10382843017578,Blue,NORMAL
2015-12-31,49.36038575438149,38.32458391464945,34.84335218861772,34.03770798525818,103.79547882080078,Green,NORMAL
2016-01-04,40.6416084206578,27.158052771342888,24.80259723206988,24.534049164283367,101.60563659667969,Yellow,ELEVATED
2016-01-05,38.849330179349145,26.30096692404206,22.831200175772576,22.48014376055767,101.42932891845703,Yellow,NORMAL
2016-01-06,33.25147822480592,20.95409450915806,17.092640271775288,16.795082751875434,100.45503234863281,Red,ELEVATED
2016-01-07,26.49643963347677,14.202867283816369,12.915715871355445,12.816530031388826,97.30943298339844,Red,ELEVATED
2016-01-08,22.31119392061373,11.441577211467667,11.01252674064736,10.97946479399182,96.51142120361328,Red,ELEVATED
2016-01-11,19.741797323186205,10.426462123841219,10.283445300234451,10.27242465134927,96.8083724975586,Red,ELEVATED
2016-01-12,17.73522766210192,9.730578891949893,9.682906617414304,9.679233067785908,97.93113708496094,Red,ELEVATED
2016-01-13,14.298677119221171,8.1258312328742,8.10994047469567,8.108715958152871,94.55355072021484,Red,ELEVATED
2016-01-14,14.749125626999177,8.825769590809447,8.820472671416603,8.82006449923567,96.56712341308594,Red,ELEVATED
2016-01-15,11.413130154575805,7.293770735105154,7.292005095307539,7.291869037913895,93.56999206542969,Red,ELEVATED
2016-01-19,10.426615633820456,6.909051382885794,6.908462836286589,6.908417483822042,93.77409362792969,Red,ELEVATED
2016-01-20,9.07608635384916,5.981342714648719,5.981146532448983,5.981131414960801,93.48649597167969,Red,ELEVATED
2016-01-21,8.30577358279059,5.574192369723776,5.574126975657197,5.57412193649447,93.57923889160156,Red,ELEVATED
2016-01-22,11.411721520268543,9.106750004801828,9.106728206779636,9.106726527058726,96.2887191772461,Red,ELEVATED
2016-01-25,10.662033412033999,8.560376240211761,8.560368974204364,8.560368414297393,94.8597640991211,Red,ELEVATED
2016-01-26,15.068026181860454,12.973029346808595,12.97302692480613,12.973026738170473,95.71344757080078,Red,ELEVATED
2016-01-27,14.227398000998662,12.579065722648043,12.579064915313886,12.579064853102,93.32870483398438,Red,ELEVATED
2016-01-28,16.131007787729494,13.681563694945957,13.681563425834572,13.681563405097277,94.64635467529297,Red,ELEVATED
2016-01-29,20.047354902293954,17.10865131581055,17.10865122610676,17.108651219194325,96.62277221679688,Green,ELEVATED
2016-02-01,22.60069972516218,19.947488561974023,19.38960743173042,18.93224294190675,96.88262176513672,Green,NORMAL
2016-02-02,17.5428520447041,14.971149242572316,14.222755838801422,13.975588672507847,94.78550720214844,Green,ELEVATED
2016-02-03,19.14766655558499,17.309521462950975,16.733086719941756,16.32372738942498,94.33085632324219,Green,ELEVATED
2016-02-04,20.178054396447667,18.960734647385728,18.567054826988013,18.22906681075444,94.32157897949219,Green,ELEVATED
2016-02-05,15.034764644555738,13.7896881677209,13.378693818539155,12.986263404078791,91.04609680175781,Yellow,ELEVATED
2016-02-08,12.049645319085354,10.534738178511091,10.031112846018516,9.533675491766399,89.65420532226562,Yellow,ELEVATED
2016-02-09,11.041395707121964,9.271642086115886,8.682172117235696,8.094764807768994,89.37586975097656,Red,ELEVATED
2016-02-10,10.272937385532746,8.350106391456723,7.709312028360884,7.069205218402875,89.71916961669922,Red,ELEVATED
2016-02-11,8.742740030999425,6.5085819936037534,5.763912415003919,5.224829308622801,89.58927917480469,Red,ELEVATED
2016-02-12,11.343862783353313,9.191208126202923,8.4736731628857,7.824667023641384,90.9532699584961,Red,ELEVATED
2016-02-16,19.366893262838396,17.945374054779016,17.471539848447968,17.020548583474557,93.00396728515625,Red,ELEVATED
2016-02-17,28.339628147196194,27.513804583338448,27.238531905282116,26.970873541011656,95.11029052734375,Green,ELEVATED
2016-02-18,31.38831060650687,30.849479067135306,30.669869168421314,30.49279737430261,94.0246353149414,Green,ELEVATED
2016-02-19,32.503157613585856,32.15476772336362,32.0386379647595,31.92335424102047,94.30303192138672,Green,ELEVATED
2016-02-22,36.691657075688354,36.49113742373176,36.42429760801398,36.35773980391791,95.83404541015625,Green,NORMAL
2016-02-23,33.588344994706944,32.51750471089127,32.16055797237529,31.803705237733215,94.25664520263672,Green,ELEVATED
2016-02-24,34.10557644929456,32.63768851588537,32.14839254566761,31.65912791007448,95.15670013427734,Green,ELEVATED
2016-02-25,37.44264109035832,36.3978745264866,36.04961900772447,35.70137393383721,96.0938720703125,Blue,NORMAL
2016-02-26,39.99864584854025,39.37265503421535,39.163991430283204,38.95533130797601,95.9732666015625,Blue,NORMAL
2016-02-29,36.82302990563291,36.06892313350744,35.81755420974656,35.56618644652733,95.11029052734375,Blue,ELEVATED
2016-03-01,42.5434314539776,42.019340946260535,41.844644110448485,41.66994766148366,98.1630859375,Blue,NORMAL
2016-03-02,46.08272042416928,45.77166279642597,45.66797692054274,45.564291173608595,98.20024108886719,Blue,NORMAL
2016-03-03,48.195214566358885,48.02334829452563,47.966059537258296,47.90877082297398,98.0146255493164,Blue,NORMAL
2016-03-04,49.85165465644163,49.76027570120448,49.72981604946223,49.69935641204765,98.0517349243164,Blue,NORMAL
2016-03-07,52.300171942115355,52.252667191389946,52.23683227448263,52.2209973623512,97.44862365722656,Blue,NORMAL
2016-03-08,51.37701200382466,51.35265453742633,51.34453538196061,51.33641622808686,96.64132690429688,Blue,NORMAL
2016-03-09,52.5272909851272,52.51491055491617,52.51078374484595,52.506656935306395,97.2630386352539,Blue,NORMAL
2016-03-10,52.34022778378193,52.333970336339114,52.331884520524895,52.32979870488755,97.11457061767578,Blue,NORMAL
2016-03-11,58.91860564638214,58.915454511881634,58.91440413371481,58.91335375560696,98.81262969970703,Blue,NORMAL
2016-03-14,60.32221899859856,60.32063596108861,60.320108281918635,60.31958060276831,98.97966003417969,Blue,NORMAL
2016-03-15,62.833805196352785,62.833011187511254,62.832746517897405,62.8324818482901,98.9425277709961,Blue,NORMAL
2016-03-16,64.6413448545442,64.51724910342791,64.47588385305582,64.4345186026859,99.82405090332031,Blue,NORMAL
2016-03-17,65.97254656737528,65.64140119291861,65.53101940143306,65.42063760994823,99.76835632324219,Blue,NORMAL
2016-03-18,66.51427233838419,66.15917409596746,66.04080801516187,65.92244193435656,99.92472076416016,Blue,NORMAL
2016-03-21,68.91837902671762,68.67765472044647,68.59741328502275,68.51717184959911,100.31558990478516,Blue,NORMAL
2016-03-22,70.55841506154624,70.32150840227862,70.24253951585608,70.16357062943356,100.62274932861328,Blue,NORMAL
2016-03-23,68.42613584001938,68.01145586945269,67.87322921259711,67.73500255574156,99.79443359375,Blue,NORMAL
2016-03-24,65.70735028558717,65.11003544777063,64.91093050183177,64.71182555589294,99.82237243652344,Blue,NORMAL
2016-03-28,64.0823202344389,63.23309828135291,62.950024296990904,62.666950312628906,99.68275451660156,Blue,NORMAL
2016-03-29,68.3852271175989,67.22327518521888,66.83595787442555,66.44864056363221,101.28350067138672,Blue,NORMAL
2016-03-30,70.90245778707285,69.71285428004828,69.31631977770675,68.91978527536523,101.77674102783203,Blue,NORMAL
2016-03-31,71.48610559386351,70.32514674340636,69.93816045992065,69.55117417643494,101.62781524658203,Blue,NORMAL
2016-04-01,73.17571927830687,72.17301387631889,71.83877874232292,71.50454360832691,102.70735931396484,Blue,NORMAL
2016-04-04,72.82595344141457,71.57079451205632,71.15240820227025,70.73402189248418,102.3165054321289,Blue,NORMAL
2016-04-05,68.46323408641875,66.14124351784044,65.36724666164767,64.59324980545489,101.33000946044922,Blue,NORMAL
2016-04-06,71.94910297037292,69.23849495700627,68.33495895255072,67.43142294809515,102.99589538574219,Blue,NORMAL
2016-04-07,69.10729373081656,65.58592957832963,64.41214152750064,63.23835347667166,101.51616668701172,Blue,NORMAL
2016-04-08,69.8436703610895,66.38093351402259,65.22668789833362,64.07244228264466,101.44171142578125,Blue,NORMAL
2016-04-11,69.94204993741927,65.85860770138912,64.49746028937906,63.13631287736901,101.06941986083984,Blue,NORMAL
2016-04-12,75.42583960517702,71.97162166077415,70.82021567930653,69.6688096978389,101.91632843017578,Yellow,NORMAL
2016-04-13,80.59422631163736,78.30166700841777,77.53748057401124,76.7732941396047,103.21923828125,Green,NORMAL
2016-04-14,83.27067026661918,81.84128911578111,81.36482873216842,80.88836834855573,103.22855377197266,Green,NORMAL
2016-04-15,84.42345157929734,83.61439383746888,83.34470792352606,83.07502200958324,102.96798706054688,Blue,NORMAL
2016-04-18,86.18904211808518,85.7530575250345,85.60772932735092,85.46240112966737,103.51705932617188,Blue,NORMAL
2016-04-19,86.72364394100035,86.49516640376287,86.41900722468368,86.34284804560451,102.88422393798828,Blue,NORMAL
2016-04-20,85.93270540067118,85.62096113514839,85.51704637997412,85.41313162479986,102.96798706054688,Blue,NORMAL
2016-04-21,84.80638662258588,84.07220102557869,83.82747249324296,83.58274396090722,102.97731018066406,Blue,NORMAL
2016-04-22,84.56450871263435,83.54305621771549,83.20257205274252,82.86208788776958,101.42308044433594,Yellow,NORMAL
2016-04-25,83.1648778798726,81.94655690721919,81.54044991633472,81.13434292545026,101.42308044433594,Yellow,NORMAL
2016-04-26,83.66298493701456,82.35279027145651,81.91605871627051,81.4793271610845,100.92984008789062,Yellow,NORMAL
2016-04-27,84.23816742365341,82.2693139061306,81.61302940028968,80.95674489444875,100.12017059326172,Yellow,NORMAL
2016-04-28,80.28353816330377,76.70472566240556,75.51178816210616,74.31885066180676,98.91033172607422,Yellow,NORMAL
2016-04-29,76.02498376097039,70.5161815686979,68.67991417127372,66.84364677384956,98.3891372680664,Yellow,NORMAL
2016-05-02,78.78879757773642,72.97775755654794,71.04074421615177,69.10373087575559,99.3198013305664,Red,NORMAL
2016-05-03,74.64895207833489,67.15315485661212,64.65455578270452,62.15595670879693,98.3984375,Red,NORMAL
2016-05-04,71.88970457263893,62.59391841917915,59.49532303469256,56.725372782792945,97.76558685302734,Red,NORMAL
2016-05-05,68.64020989352852,57.244040934543605,53.508749380879735,52.58543263024653,97.73768615722656,Red,NORMAL
2016-05-06,69.99974097412237,58.09042564498935,54.14179767949982,53.64814855302837,98.25883483886719,Red,NORMAL
2016-05-09,70.38470581808457,58.27207276613787,54.24157635245169,53.93417501105324,98.53804016113281,Red,NORMAL
2016-05-10,76.82003120869275,65.96832618553711,62.35344049013948,60.33652093968231,99.88751220703125,Red,NORMAL
2016-05-11,75.87243214576299,64.80438850317996,61.115823726425916,59.377928722759506,98.98475646972656,Red,NORMAL
2016-05-12,71.59620295284572,59.02661134483024,55.67733347973336,55.09803514517789,98.54737854003906,Red,NORMAL
2016-05-13,63.803295238448825,48.844967491644226,47.497005414078046,47.30390596922622,98.18440246582031,Red,NORMAL
2016-05-16,69.31706406354631,53.70670551476728,52.88163412208939,52.81726764047211,99.41287994384766,Red,NORMAL
2016-05-17,61.901369526305146,45.69791667671214,45.42289287915284,45.40143738528042,98.16580200195312,Green,NORMAL
2016-05-18,58.75078864635189,42.34963769648756,42.25796309730113,42.25081126601032,98.51945495605469,Green,NORMAL
2016-05-19,55.43569452108208,38.96864420446063,38.93808600473182,38.93570206096822,98.00756072998047,Green,NORMAL
2016-05-20,62.03892812466839,45.549911352461244,45.53972528588497,45.53893063796377,99.08715057373047,Green,NORMAL
2016-05-23,62.18081766874445,45.68447874467541,45.68108338914998,45.68081850650958,98.95684051513672,Green,NORMAL
2016-05-24,71.2409791027631,57.39876297603593,54.74106767623162,54.74097938201815,100.93914794921875,Green,NORMAL
2016-05-25,76.81232778081649,66.93267898894423,64.29158830579951,62.53636662451841,101.66505432128906,Blue,NORMAL
2016-05-26,77.40563660299156,70.03290887394144,67.7927081578623,65.84779710907102,101.9628677368164,Blue,NORMAL
2016-05-27,81.85047759473925,76.92866678584286,75.36052158074546,73.89080626474404,102.49332427978516,Blue,NORMAL
2016-05-31,83.05356253489565,80.10054634343479,79.14036041223719,78.21298444407158,102.68877410888672,Blue,NORMAL
2016-06-01,82.80158326734082,80.91928477038394,80.29990287116144,79.69145762628293,102.6981201171875,Blue,NORMAL
2016-06-02,84.11486135333936,83.03844863778545,82.68232804363295,82.32985300092845,102.91212463378906,Blue,NORMAL
2016-06-03,83.6261282503051,82.95342434794742,82.73008426195003,82.50795935976862,102.42821502685547,Blue,NORMAL
2016-06-06,85.25031268942016,84.86912822338107,84.74236491740865,84.61600667270824,102.80046081542969,Blue,NORMAL
2016-06-07,86.2983315680371,86.09279516339748,86.02438242275338,85.95610470253325,102.53987884521484,Blue,NORMAL
2016-06-08,87.26100138457878,87.15325179171894,87.1173683921776,87.08152999944423,102.71672058105469,Blue,NORMAL
2016-06-09,86.3184022561791,86.24930362818029,86.22628179598465,86.20327496605834,102.54917907714844,Blue,NORMAL
2016-06-10,81.69869945197976,81.18012587467959,81.00727169684755,80.83442251977192,101.38585662841797,Blue,NORMAL
2016-06-13,76.28858511657467,73.79992305265768,72.97037025844133,72.14081913114381,100.53898620605469,Yellow,ELEVATED
2016-06-14,73.09987897037873,68.75858170083126,67.31148302001188,65.86438489483211,100.53898620605469,Yellow,ELEVATED
2016-06-15,71.36329346257148,65.41585660276807,63.43337778584354,61.450899154132216,100.25044250488281,Red,ELEVATED
2016-06-16,71.78080721365758,64.73012552124598,62.37989833588988,60.02967121227151,100.54825592041016,Red,NORMAL
2016-06-17,70.12337561929775,62.32335691475532,59.72335069505711,57.12334449593813,99.36970520019531,Red,NORMAL
2016-06-20,77.20796579699987,70.70901868639426,68.54270298790878,66.37638729628307,99.99491882324219,Red,NORMAL
2016-06-21,79.52735728800076,73.49447045214202,71.48350817520569,69.47254590055593,100.31217956542969,Red,NORMAL
2016-06-22,80.12658542567439,73.67669521978195,71.52673181837888,69.376768417738,100.06956481933594,Red,ELEVATED
2016-06-23,85.60889309878911,81.06249090679965,79.54702350965685,78.03155611276811,101.49726867675781,Yellow,NORMAL
2016-06-24,64.29243100160238,54.83134837592657,51.677654167430305,50.76665200626205,97.31684875488281,Yellow,ELEVATED
2016-06-27,50.39060177118832,36.80902182345672,35.18567615979762,34.88200877274154,95.38524627685547,Yellow,ELEVATED
2016-06-28,49.37350258933634,33.8463092734258,33.305194052206105,33.20397158985408,97.47545623779297,Red,NORMAL
2016-06-29,55.680162562890516,39.93668528321042,39.32405971718043,39.29031889639642,99.20176696777344,Red,NORMAL
2016-06-30,66.80623218993489,54.87099601646436,52.43765068992864,50.3429509677702,100.34950256347656,Yellow,NORMAL
2016-07-01,74.22478285113846,65.77647201013747,63.47539064023307,61.28719113845443,100.8534164428711,Yellow,NORMAL
2016-07-05,72.94445064788204,64.52013375373741,61.88370220361007,59.28489794285798,100.23754119873047,Yellow,NORMAL
2016-07-06,73.45612947667829,65.84695539950239,63.36778873419516,60.90116449867967,101.0586929321289,Yellow,NORMAL
2016-07-07,72.44440005550031,65.3439545082667,62.996214223772654,60.65265474920916,101.35730743408203,Green,NORMAL
2016-07-08,77.02169391744224,70.9210287242769,68.89383195919416,66.86802879742162,102.9249496459961,Green,NORMAL
2016-07-11,81.12327694777545,77.06340017662103,75.71222735267146,74.36151906315864,103.5128402709961,Blue,NORMAL
2016-07-12,85.72479822983499,83.35834511940052,82.570233893623,81.78227751265774,104.035400390625,Blue,NORMAL
2016-07-13,87.44235698570256,86.14695885553293,85.7153949713766,85.28388270215768,103.78343963623047,Blue,NORMAL
2016-07-14,89.16765434876955,88.48256475870059,88.25428005953323,88.02601256534501,104.4926528930664,Blue,NORMAL
2016-07-15,89.34460532164373,88.8941109071701,88.74397226818631,88.59383936419559,104.32469940185547,Blue,NORMAL
2016-07-18,90.0997169253964,89.81461498390209,89.7195897253509,89.62456637846407,105.01518249511719,Blue,NORMAL
2016-07-19,88.50843307893686,88.2027013634372,88.10079369891963,87.9988866716235,104.6325912475586,Blue,NORMAL
2016-07-20,88.59644217911816,88.1795473231175,88.0405833402225,87.90161956973463,105.85501098632812,Blue,NORMAL
2016-07-21,87.04089007181267,86.4786994707843,86.2913029268099,86.10390645363789,105.61238861083984,Blue,NORMAL
2016-07-22,87.47545662326417,86.8508609942406,86.64266255891113,86.43446414718242,106.05097961425781,Blue,NORMAL
2016-07-25,86.90819092829344,86.06733050427854,85.78704373216637,85.50675696792112,106.06031036376953,Blue,NORMAL
2016-07-26,87.97697273367358,87.18384890877621,86.91947431244134,86.65509971872878,106.18161010742188,Blue,NORMAL
2016-07-27,87.41404141627504,86.62805732730749,86.36606263497306,86.10406794351272,106.91876983642578,Blue,NORMAL
2016-07-28,87.67526128017249,86.39681948240465,85.9706722178114,85.54452495350951,107.29204559326172,Blue,NORMAL
2016-07-29,87.22992716073091,85.53991398297451,84.97657625749883,84.41323853212029,107.52534484863281,Blue,NORMAL
2016-08-01,85.1631743734423,82.75891931660661,81.95750096447576,81.15608261237726,108.09455108642578,Blue,NORMAL
2016-08-02,80.8160081841961,76.47303741645908,75.0253804939293,73.57772357141033,107.27337646484375,Blue,NORMAL
2016-08-03,82.59194206908242,77.96617386932975,76.42425113609528,74.8823284028644,107.62797546386719,Blue,NORMAL
2016-08-04,83.3185261442396,78.67007815434631,77.12059549105403,75.57111282776295,107.93590545654297,Blue,NORMAL
2016-08-05,88.0508302635681,84.38482542333803,83.16282380992983,81.94082219652203,108.97168731689453,Blue,NORMAL
2016-08-08,89.62523466698062,86.69740252065999,85.72145847188708,84.74551442311426,108.8503646850586,Blue,NORMAL
2016-08-09,90.10584421559288,87.30769236564181,86.374975082325,85.44225779900822,109.10232543945312,Blue,NORMAL
2016-08-10,88.136417768834,84.2254307863171,82.92176845881154,81.61810613130598,108.8223876953125,Blue,NORMAL
2016-08-11,89.51529582193456,85.72358371427345,84.45967967838644,83.19577564249941,109.2889633178711,Blue,NORMAL
2016-08-12,87.40985449956742,83.26759397638041,81.88684046865143,80.50608696092242,109.36360168457031,Blue,NORMAL
2016-08-15,89.61153399143831,86.37102932339266,85.29086110071079,84.2106928780289,109.83018493652344,Blue,NORMAL
2016-08-16,87.73696755943567,84.96509649965103,84.0411394797228,83.11718245979459,109.22364044189453,Blue,NORMAL
2016-08-17,87.04822319321256,84.31726024084409,83.40693925672124,82.49661827259843,109.41959381103516,Blue,NORMAL
2016-08-18,87.93648685564999,85.44677314836258,84.61686857926676,83.78696401017096,109.44760131835938,Blue,NORMAL
2016-08-19,88.3454535310079,85.66096544755203,84.76613608640008,83.87130672524812,109.41959381103516,Blue,NORMAL
2016-08-22,85.89057205242352,82.76691013548042,81.72568949649937,80.68446885751834,109.50357055664062,Blue,NORMAL
2016-08-23,87.93212671107722,84.93827364836726,83.94032262746396,82.94237160656064,109.69953918457031,Blue,NORMAL
2016-08-24,83.53377287675639,80.33739192871084,79.27193161269567,78.20647129668049,108.99034881591797,Blue,NORMAL
2016-08-25,81.18255392188178,76.55466249646213,75.01203202132226,73.4694015461824,108.81304931640625,Blue,NORMAL
2016-08-26,78.98930248574511,73.13583406006966,71.18467791817785,69.23352177628605,108.97168731689453,Yellow,NORMAL
2016-08-29,81.09239375787463,74.76261985599281,72.65269522203221,70.5427705880716,109.12096405029297,Yellow,NORMAL
2016-08-30,79.63264977114339,72.87215323635445,70.61865439142481,68.36515554649516,108.76639556884766,Yellow,NORMAL
2016-08-31,78.13354328968212,70.62669859850497,68.12441703477924,65.62213547105353,108.65443420410156,Yellow,NORMAL
2016-09-01,77.00528884066846,68.71021022187453,65.9451840156099,63.18015780934526,108.93437194824219,Yellow,NORMAL
2016-09-02,82.37112321624976,75.10878702411769,72.688008293407,70.2672295626963,109.2889633178711,Yellow,NORMAL
2016-09-06,84.43166228420446,78.6646808175045,76.74235366193786,74.82002650637119,109.97016906738281,Green,NORMAL
2016-09-07,85.3325658792466,80.24191166124088,78.54502692190563,76.84814218257038,110.03546142578125,Green,NORMAL
2016-09-08,84.15753037725729,79.1169334955914,77.4367345350361,75.7565355744808,109.3916015625,Blue,NORMAL
2016-09-09,68.91461326794793,59.01231952094952,55.71155493861672,55.114281667022425,106.63883209228516,Yellow,NORMAL
2016-09-12,66.8146117053258,54.109071431160324,51.41359226221539,51.21450117168396,108.55178833007812,Yellow,NORMAL
2016-09-13,61.381390144783026,46.14621005339453,45.24771699707955,45.18135330023574,107.581298828125,Yellow,NORMAL
2016-09-14,58.73083122732496,42.652437863528796,42.35294017809047,42.3308189458092,108.09455108642578,Red,NORMAL
2016-09-15,60.72683743805358,44.36737298345486,44.26754042164208,44.26016667754833,109.77418518066406,Green,NORMAL
2016-09-16,61.95644718785374,45.503292369654154,45.470014849049896,45.467556934351975,109.7218017578125,Green,NORMAL
2016-09-19,59.649921035228864,43.165536095829005,43.154443588960916,43.153624284061614,109.24467468261719,Blue,NORMAL
2016-09-20,59.783321137784405,43.28852615798445,43.28482865569509,43.28455555406199,109.45051574707031,Blue,NORMAL
2016-09-21,66.86058818090461,50.362323187637955,50.36109068687484,50.36099965299714,110.52630615234375,Blue,NORMAL
2016-09-22,71.85698057208606,57.55413177822525,55.357148074076136,55.35711772945023,111.40565490722656,Blue,NORMAL
2016-09-23,73.39830143349255,62.231792784708546,59.36650075527093,57.23352651234105,110.69470977783203,Blue,NORMAL
2016-09-26,69.0428402062432,58.72723574928888,55.574326770356464,52.665523720259955,109.76856994628906,Blue,NORMAL
2016-09-27,68.79527836966743,59.44381515950285,56.421869369465426,53.48129222237333,110.8537368774414,Blue,NORMAL
2016-09-28,71.57430996160632,63.95294830707265,61.44423062667836,58.962635827265835,111.04081726074219,Blue,NORMAL
2016-09-29,64.08828853812415,56.43244977770685,53.89108225905118,51.35875570072277,110.23631286621094,Blue,NORMAL
2016-09-30,68.82046486624341,62.25824370970683,60.07436290246689,57.89349574866938,111.05952453613281,Blue,NORMAL
2016-10-03,67.202037855743,60.70317824786541,58.53806712688585,56.37396055705376,110.90047454833984,Blue,NORMAL
2016-10-04,60.76238556521574,53.48052032085161,51.05362371105679,48.62706195164445,110.73214721679688,Blue,NORMAL
2016-10-05,61.58266387527394,54.930810932672316,52.713657220136184,50.49661512439421,111.125,Blue,NORMAL
2016-10-06,62.961056308593,57.1056650777079,55.15391153463433,53.20219519715882,111.06888580322266,Blue,NORMAL
2016-10-07,57.75030777976666,51.874097001407115,49.91537458658331,47.95666457362553,110.8256607055664,Blue,NORMAL
2016-10-10,63.79315814881111,59.87221437199234,58.56523795015143,57.25826566226586,111.52725982666016,,NORMAL
2016-10-11,53.72960467374743,48.548833357513935,46.82191119780233,45.09499041607584,109.93694305419922,Yellow,NORMAL
2016-10-12,53.48260170132485,47.54187317837785,45.56163087485092,43.58138903065237,109.8434066772461,Yellow,NORMAL
2016-10-13,52.200429570477056,46.39692150683791,44.46241899811001,42.527916642491554,109.45051574707031,Red,NORMAL
2016-10-14,47.70512180752976,39.41985890415497,36.658104662747306,33.896350472376135,109.58148956298828,Red,NORMAL
2016-10-17,44.529478941508565,34.43576901180276,31.07119905513992,29.049240348309205,109.28213500976562,Red,NORMAL
2016-10-18,50.20815735772889,41.539046198814304,38.64934248581136,36.20717585608578,110.25504302978516,Yellow,NORMAL
2016-10-19,55.93650304000434,49.37206779169315,47.18392271113449,45.144956658334976,110.24565887451172,Yellow,NORMAL
2016-10-20,53.28188684837349,46.17260864015549,43.80284923815339,41.482816178737686,110.11470031738281,Yellow,NORMAL
2016-10-21,52.362840317209084,45.16467581007929,42.76528764128176,40.38247492001304,110.52630615234375,Yellow,NORMAL
2016-10-24,54.64694532130825,47.20922265562531,44.72998176714624,42.256266027843445,111.85468292236328,Green,NORMAL
2016-10-25,52.25953800237917,45.532614240498354,43.29030631989872,41.04984011569117,111.49920654296875,Green,NORMAL
2016-10-26,48.556361120376984,41.40472999225678,39.020852949559156,36.63758981232555,110.741455078125,Blue,NORMAL
2016-10-27,45.92855435016133,38.00494625926352,35.36374356230062,32.7227455004924,110.23631286621094,Green,NORMAL
2016-10-28,44.2275155534822,36.23550115186517,33.57149635132717,30.907559762507404,109.5440444946289,Green,NORMAL
2016-10-31,43.60668682724655,35.90583954243755,33.338890447501555,30.771964089804968,109.441162109375,Green,NORMAL
2016-11-01,41.22757597291253,32.670525948341194,29.818175940150866,28.370168393765333,108.61795806884766,Yellow,NORMAL
2016-11-02,38.18744100388362,27.74064816976456,26.367178030000098,25.884508847871587,107.74796295166016,Yellow,NORMAL
2016-11-03,35.92245205439509,25.894354443022067,25.436531063100578,25.27564133572441,106.69087219238281,Yellow,ELEVATED
2016-11-04,34.23459149833812,25.177540442695264,25.0249326493881,24.97130274026271,106.31668853759766,Red,ELEVATED
2016-11-07,44.074522427987546,35.632106089184965,33.773437051330916,31.94776064153747,108.84245300292969,Red,NORMAL
2016-11-08,50.86092458814687,44.91440472480741,43.25072135094321,41.59803551976585,109.55342864990234,Yellow,NORMAL
2016-11-09,59.621365999094834,56.07300216944572,54.99637753086789,53.923418739852345,110.05858612060547,Yellow,NORMAL
2016-11-10,59.96629708387337,57.560092689166794,56.79341232581078,56.0279539116422,108.28118133544922,Green,NORMAL
2016-11-11,59.83923350180491,58.009875547268734,57.411885485160965,56.81430273944899,108.32794189453125,,NORMAL
2016-11-14,60.78100712686427,59.44121338331299,58.99854744304178,58.55601727490249,107.23343658447266,Green,NORMAL
2016-11-15,62.65196028807934,61.84035849420931,61.571135221001256,61.30195720517051,108.72084045410156,Green,NORMAL
2016-11-16,62.63285039905675,62.179814528090276,62.02923945712877,61.878679471959686,109.36634063720703,Green,NORMAL
2016-11-17,65.33068919025798,65.08842626343092,65.00781758316434,64.92721393149523,110.1614990234375,Green,NORMAL
2016-11-18,66.3551792250355,66.22879943117402,66.18672137611212,66.14464499724937,109.74988555908203,Blue,NORMAL
2016-11-21,69.8773156339344,69.81237629352101,69.79074602768051,69.76911632057308,110.89115905761719,Blue,NORMAL
2016-11-22,71.67059511030138,71.42356659782268,71.34122915398444,71.25889189639057,111.2279281616211,Blue,NORMAL
2016-11-23,72.79495426235637,72.47622247535968,72.36998034424568,72.26373827521313,110.77885437011719,Blue,NORMAL
2016-11-25,74.72546455209859,74.5010261483478,74.42621394639251,74.35140176513102,111.13439178466797,Blue,NORMAL
2016-11-28,75.61741074295543,75.473192544607,75.42512001158917,75.37704748546929,110.88179016113281,Blue,NORMAL
2016-11-29,76.83156115674272,76.74878572541083,76.72119398155519,76.69360223999888,111.26535034179688,Blue,NORMAL
2016-11-30,73.82924934180987,73.39932354320248,73.25601496586279,73.11270638928954,109.91825866699219,Green,NORMAL
2016-12-01,69.43887435972786,68.2575932105548,67.86383283489582,67.47007245949231,108.01925659179688,Green,NORMAL
2016-12-02,68.52726788421906,66.88752469856496,66.34094363914649,65.79436257981317,108.2343978881836,Green,NORMAL
2016-12-05,71.77057919372959,70.20170117499111,69.67874183623371,69.1557824975047,109.07632446289062,Green,NORMAL
2016-12-06,73.95770148208496,72.67663185852302,72.24960865094309,71.82258544337259,109.33826446533203,Green,NORMAL
2016-12-07,77.76553012365795,76.95945177381276,76.69075899062237,76.42206620743512,110.72277069091797,Green,NORMAL
2016-12-08,79.58851004121932,79.13028968694198,78.97754956887998,78.82480945081903,110.91920471191406,Blue,NORMAL
2016-12-09,82.11115317872294,81.86364927513269,81.78114797394609,81.69864667275985,111.78921508789062,Blue,NORMAL
2016-12-12,83.08460998213323,82.95472678818757,82.91143239020909,82.86813799223071,111.28406524658203,Blue,NORMAL
2016-12-13,84.24676393343836,84.17977858908202,84.15745014096439,84.13512169284678,112.6872787475586,Blue,NORMAL
2016-12-14,80.94109302831782,80.70281754451183,80.62339238324354,80.54396722197525,112.4533920288086,Blue,NORMAL
2016-12-15,80.06752764243589,79.62752479665696,79.48085718139744,79.33418956613791,112.63115692138672,Blue,NORMAL
2016-12-16,78.81207150370759,78.22730254619279,78.03237956035457,77.83745657451635,112.21360778808594,Blue,NORMAL
2016-12-19,79.79026120830657,79.22350977356295,79.03459262864843,78.84567548373391,112.67335510253906,Blue,NORMAL
2016-12-20,80.8504574398059,80.37059134821646,80.2106359843533,80.05068062049018,113.10493469238281,Blue,NORMAL
2016-12-21,81.31644035872318,80.83870149374482,80.67945520541868,80.52020891709257,113.02051544189453,Blue,NORMAL
2016-12-22,79.28005924415352,78.60938214276979,78.3858231089752,78.16226407518063,112.70149230957031,Blue,NORMAL
2016-12-23,80.00799954603097,78.99975375154092,78.66367182004423,78.32758988854755,112.77654266357422,Blue,NORMAL
2016-12-27,81.73200153217869,80.79556840783427,80.48342403305278,80.17127965827132,113.3582763671875,Blue,NORMAL
2016-12-28,76.00721599894172,73.82653665273638,73.0996435373346,72.3727504219328,112.47631072998047,Blue,NORMAL
2016-12-29,74.85732957540483,71.77787470345777,70.75138974614208,69.7249047888264,112.31684112548828,Blue,NORMAL
2016-12-30,73.19716796241613,68.84162434905002,67.389776477928,65.93792860680597,111.16280364990234,Yellow,NORMAL
2017-01-03,76.57005767097374,72.66895824960426,71.36859177581444,70.06822530202464,112.15731048583984,Yellow,NORMAL
2017-01-04,83.65714885328754,81.132156604374,80.29049252140283,79.44882843843166,112.76718139648438,Yellow,NORMAL
2017-01-05,86.6065917053046,84.87939424866045,84.3036617631124,83.72792927756436,113.40518951416016,Yellow,NORMAL
2017-01-06,87.30712147752578,86.02842265236346,85.60218971064269,85.17595676892192,114.39973449707031,Green,NORMAL
2017-01-09,83.13983173829985,80.79939861288304,80.01925423774412,79.23910986260519,114.77501678466797,Green,NORMAL
2017-01-10,81.94825199357469,78.87072974880999,77.84488900055506,76.81904825230018,115.02835845947266,Blue,NORMAL
2017-01-11,82.51629443556867,79.26374825944531,78.17956620073753,77.09538414202974,115.33795166015625,Blue,NORMAL
2017-01-12,82.27592811151952,79.26578483193306,78.26240373873759,77.2590226455421,115.15967559814453,Blue,NORMAL
2017-01-13,83.36718647488361,80.73817286152656,79.86183499040756,78.98549711928854,115.55374145507812,Blue,NORMAL
2017-01-17,82.92660424583661,80.37981122574794,79.53088021905171,78.68194921235549,115.20657348632812,Blue,NORMAL
2017-01-18,83.43740343548089,80.97557558346648,80.1549662994617,79.3343570154569,115.44115447998047,Blue,NORMAL
2017-01-19,80.18136511822426,75.87961123100483,74.44569326859836,73.01177530619188,115.38487243652344,Blue,NORMAL
2017-01-20,81.98667557812863,77.14182941133706,75.5268806890732,73.91193196680933,115.63819122314453,Blue,NORMAL
2017-01-23,78.68903495701932,72.40920372978512,70.3159266540404,68.22264957829567,115.73201751708984,Blue,NORMAL
2017-01-24,83.44230458163271,78.25855673951392,76.530640792141,74.80272484476808,116.51074981689453,Blue,NORMAL
2017-01-25,86.98421937232874,83.40334234732434,82.20971667232288,81.01609099732143,117.6835708618164,Blue,NORMAL
2017-01-26,87.39865393219038,84.83681594753986,83.98286995265633,83.12892395777283,117.8055191040039,Blue,NORMAL
2017-01-27,86.57278363396244,84.47960995647662,83.78188539731468,83.08416083815274,118.03071594238281,Blue,NORMAL
2017-01-30,83.5668538039134,80.65609092428365,79.68583663107373,78.7155823378638,117.11122131347656,Blue,NORMAL
2017-01-31,83.75372399524386,80.86792276402225,79.90598902028171,78.94405527654118,116.8766860961914,Blue,NORMAL
2017-02-01,80.12990294790957,76.50934938099653,75.30249819202551,74.0956470030545,117.6835708618164,Blue,NORMAL
2017-02-02,79.23467303650858,75.62006141511797,74.41519087465443,73.21032033419091,117.58036804199219,Blue,NORMAL
2017-02-03,83.58925128152981,80.80636858041203,79.87874101337276,78.95111344633351,117.91809844970703,Blue,NORMAL
2017-02-06,85.54847938340556,83.32945858326141,82.58978498321335,81.8501113831653,118.05885314941406,Blue,NORMAL
2017-02-07,84.70786854867728,82.36069277652122,81.5783008524692,80.79590892841719,118.49044036865234,Blue,NORMAL
2017-02-08,84.85401173844798,81.82537740889752,80.8158326323807,79.8062878558639,118.6874771118164,Blue,NORMAL
2017-02-09,88.03908977140185,85.60922327130248,84.79926777126936,83.98931227123624,119.11906433105469,Blue,NORMAL
2017-02-10,90.49842554669624,88.97830918487185,88.47160373093038,87.96489827698892,119.51311492919922,Blue,NORMAL
2017-02-13,91.49947518223208,90.63768929739497,90.35042733578261,90.06316537417024,120.18862915039062,Blue,NORMAL
2017-02-14,91.82242607084504,91.35762389378485,91.2026898347648,91.04775577574473,120.59210205078125,Blue,NORMAL
2017-02-15,91.59926828624128,91.30348078616399,91.20488495280489,91.10628911944578,121.30516815185547,Blue,NORMAL
2017-02-16,91.38599346915115,91.15056466526343,91.07208839730086,90.99361212933827,121.26762390136719,Blue,NORMAL
2017-02-17,91.48830253685509,91.28455214473932,91.2166353473674,91.14871854999546,121.79306030273438,Blue,NORMAL
2017-02-21,92.1173129668305,91.98675910738196,91.94324115423245,91.89972320108295,122.39350891113281,Blue,NORMAL
2017-02-22,91.82816156133408,91.67216188270181,91.62016198982441,91.56816209694699,122.44041442871094,Blue,NORMAL
2017-02-23,89.38514476286895,89.0111705003057,88.88651241278463,88.76185432526356,121.98067474365234,Blue,NORMAL
2017-02-24,89.03734623408764,88.52774262839031,88.35787475982454,88.18800689125877,122.21524810791016,Blue,NORMAL
2017-02-27,89.89317265041977,89.08172177971034,88.81123815614052,88.5407545325707,122.36534881591797,Blue,NORMAL
2017-02-28,86.67192455350693,85.39727269275417,84.97238873916992,84.54750478558564,121.9900894165039,Blue,NORMAL
2017-03-01,89.75326778046191,88.67623460411951,88.31722354533872,87.95821248655791,123.32238006591797,Blue,NORMAL
2017-03-02,89.21632495038966,88.00530612050757,87.60163317721354,87.1979602339195,122.7031478881836,Blue,NORMAL
2017-03-03,88.11941471410296,86.53941236442495,86.01274491453228,85.4860774646396,122.9283218383789,Blue,NORMAL
2017-03-06,85.34881163870773,82.93070257590085,82.12466622163188,81.31862986736292,122.6562271118164,Blue,NORMAL
2017-03-07,81.99775202771738,78.41287854754688,77.21792072082339,76.02296289409986,122.44983673095703,Blue,NORMAL
2017-03-08,78.84045437960951,74.16992347604634,72.61307984152529,71.05623620700422,122.66561126708984,Blue,NORMAL
2017-03-09,77.97299657771497,72.48967282838518,70.66189824527527,68.83412366216533,122.7594223022461,Blue,NORMAL
2017-03-10,78.1063187245582,72.02363741737724,69.99607698165025,67.96851654592326,123.27544403076172,Blue,NORMAL
2017-03-13,77.6649850293982,70.97481498163569,68.74475829904819,66.51470161646068,123.48189544677734,Blue,NORMAL
2017-03-14,75.25411117141556,67.6507574953103,65.11630626994189,62.58185504457346,123.18164825439453,Blue,NORMAL
2017-03-15,81.70014985175133,74.42045637962403,71.99389188891493,69.56732739820582,123.94160461425781,Blue,NORMAL
2017-03-16,82.72656510209893,75.86726664078817,73.58083382035124,71.29440099991433,123.85719299316406,Blue,NORMAL
2017-03-17,83.15212102729896,77.00739413822788,74.95915184187086,72.91090954551383,123.81395721435547,Blue,NORMAL
2017-03-20,81.15592586431852,74.71282472808885,72.56512434934564,70.41742397060241,123.92674255371094,Blue,NORMAL
2017-03-21,71.14369064840751,61.679094703894634,58.52422938905701,56.5641900171688,122.04637908935547,Yellow,NORMAL
2017-03-22,66.70429418919981,54.97073369564403,51.49780710274965,50.84446064545357,122.87377166748047,Yellow,NORMAL
2017-03-23,65.39239019941,52.46290612608787,49.32356117059328,49.10577901816125,122.56351470947266,Yellow,NORMAL
2017-03-24,64.61061764074574,50.93270002301438,48.25434129780683,48.18174724699615,122.81733703613281,Yellow,NORMAL
2017-03-27,63.23965115951697,48.94899146251674,46.787559045204,46.763361028267106,123.01475524902344,Yellow,NORMAL
2017-03-28,68.23868001613529,54.54065646881254,51.7546493113643,51.746583305718666,123.76692962646484,Yellow,NORMAL
2017-03-29,72.16579737911582,59.79292763640244,56.26197128605111,55.66843180897693,124.34043884277344,Green,NORMAL
2017-03-30,74.6302657930386,63.56814823060905,60.078553564428006,58.13114393632565,124.54728698730469,Green,NORMAL
2017-03-31,73.85827883336977,63.292704294019586,59.83677206577912,57.35857154779879,124.462646484375,Blue,NORMAL
2017-04-03,72.40827307913673,62.38600746647205,59.067227579431474,56.0743582624776,124.38745880126953,Blue,NORMAL
2017-04-04,72.16833008361797,63.8003529337891,61.01835232290647,58.344988568719415,124.58489227294922,Blue,NORMAL
2017-04-05,66.72795346221609,59.29741260613615,56.82300735601851,54.38481439146605,124.07718658447266,Blue,NORMAL
2017-04-06,69.23983128875216,63.09385246143479,61.046006752965354,59.01023180635096,124.14297485351562,Blue,NORMAL
2017-04-07,70.10330234877597,64.83173044785815,63.074811114431,61.32191536828887,124.07718658447266,Blue,NORMAL
2017-04-10,73.1014795708041,68.81464702736994,67.38579327962924,65.95828072765023,124.12421417236328,Blue,NORMAL
2017-04-11,74.0911497559246,70.53095666849353,69.34425578381786,68.15800196439608,123.58831787109375,Yellow,NORMAL
2017-04-12,66.26122354844709,60.247583343938004,58.24304665725765,56.23865899232859,123.09000396728516,Yellow,NORMAL
2017-04-13,58.949249142952056,49.05403427876634,45.755632673423094,44.60839429091256,122.6010971069336,Red,NORMAL
2017-04-17,59.399539276606916,48.587766403036994,44.9838432283088,43.61925432592709,123.61649322509766,Yellow,NORMAL
2017-04-18,58.04169714844321,47.08495174505479,43.43270364941257,41.78160216488327,123.42845916748047,Yellow,NORMAL
2017-04-19,57.699769912948284,46.88456575016402,43.2794978199539,41.27973825176163,123.62591552734375,Yellow,NORMAL
2017-04-20,67.85956135145415,60.32351458164311,57.81149903305652,55.834586271809236,124.66008758544922,Yellow,NORMAL
2017-04-21,69.61173088819515,64.41037611409445,62.67659120317769,61.1211738880407,124.63187408447266,Yellow,NORMAL
2017-04-24,74.75058538024015,71.67213086345805,70.64597936245852,69.67928372671891,126.13622283935547,Green,NORMAL
2017-04-25,77.69880623785782,76.00031993622287,75.43415783720938,74.8878143599492,127.04822540283203,Green,NORMAL
2017-04-26,78.71618457086844,77.81385507230299,77.51307857329166,77.21890828153145,126.86959075927734,Blue,NORMAL
2017-04-27,78.73725512631641,78.20122912917326,78.02255379696237,77.84608053383519,127.6310806274414,Blue,NORMAL
2017-04-28,77.79596214648258,77.39430182223529,77.26041504754293,77.12726229587847,127.85673522949219,Blue,NORMAL
2017-05-01,76.52457997475346,76.04384914157124,75.88360553052942,75.72360659383023,128.99441528320312,Blue,NORMAL
2017-05-02,75.69329433501885,75.14576150724153,74.96325056465541,74.78082118018351,129.21067810058594,Blue,NORMAL
2017-05-03,74.55012168069652,74.05178731030136,73.88567585350508,73.71959158274687,128.79696655273438,Blue,NORMAL
2017-05-04,74.5695270922187,74.20796051874117,74.0874383275827,73.96692519843693,128.84400939941406,Blue,NORMAL
2017-05-05,77.7344130711436,77.51616332164487,77.4434134051455,77.37066650931706,129.31405639648438,Blue,NORMAL
2017-05-08,77.53634476108827,77.17525623903003,77.054893398344,76.93453156454831,129.59608459472656,Blue,NORMAL
2017-05-09,76.83492636817421,76.24270325248656,76.04529554725738,75.84788817765829,130.04742431640625,Blue,NORMAL
2017-05-10,78.615135388718,78.00482271959912,77.80138516322617,77.59794771872991,130.12265014648438,Blue,NORMAL
2017-05-11,78.27764613967368,77.7237673860781,77.53914113487957,77.35451492097329,130.01918029785156,Blue,NORMAL
2017-05-12,74.4275234606993,73.29228598588948,72.9138734942862,72.53546101511367,130.3107147216797,Blue,NORMAL
2017-05-15,78.90425024447552,78.0505321410666,77.76595943993028,77.48138674293756,130.72433471679688,Blue,NORMAL
2017-05-16,78.49076860001037,77.51715420408235,77.19261607210633,76.86807794151152,131.26968383789062,Blue,NORMAL
2017-05-17,65.4273956353328,60.51766825318315,58.88109245913327,57.244516665543784,127.93202209472656,Yellow,NORMAL
2017-05-18,63.15433389864629,55.852767646176254,53.41891222868624,50.98505681134969,129.05076599121094,Yellow,NORMAL
2017-05-19,66.13242106385853,58.413270937991776,55.84022089603619,53.26717085413176,129.59608459472656,Yellow,NORMAL
2017-05-22,71.92015045562961,66.27921434420787,64.3989023070673,62.51859026994378,130.686767578125,Yellow,NORMAL
2017-05-23,72.87372018554657,68.33446511367292,66.82138008971503,65.30829506576283,130.81838989257812,Green,NORMAL
2017-05-24,74.80883265444146,70.7342882658948,69.37610680304593,68.01792534019893,131.42007446289062,Green,NORMAL
2017-05-25,76.06544421814716,72.72384210078167,71.6099747283265,70.49610735587197,132.53895568847656,Green,NORMAL
2017-05-26,75.72034167540932,73.0172162326403,72.11617441838396,71.21513260412782,132.77395629882812,Blue,NORMAL
2017-05-30,73.65484453153375,70.27709902934271,69.1511838619457,68.02526869454874,132.8867645263672,Blue,NORMAL
2017-05-31,71.96887073610048,68.24023740529168,66.99735962835541,65.75448185141916,132.83978271484375,Blue,NORMAL
2017-06-01,76.92156802314462,74.03716189366911,73.07569318384395,72.11422447401878,133.35687255859375,Blue,NORMAL
2017-06-02,79.99330045215933,78.16006930217566,77.54899225218111,76.93791520218655,134.88003540039062,Blue,NORMAL
2017-06-05,80.88943348405311,79.76803945009043,79.39424143876954,79.02044342744863,134.8517608642578,Blue,NORMAL
2017-06-06,80.94462597616587,80.04548718119423,79.74577424953702,79.44606131787981,134.31590270996094,Blue,NORMAL
2017-06-07,82.05801505602835,81.49563173254577,81.30817062471826,81.12070951689071,134.8423614501953,Blue,NORMAL
2017-06-08,82.79661107928219,82.47781477554199,82.3715493409619,82.26528390638182,134.98342895507812,Blue,NORMAL
2017-06-09,82.07467002306039,81.78771962941286,81.69206949819703,81.5964193669812,131.60812377929688,Yellow,NORMAL
2017-06-12,82.59029404809084,82.39464431928572,82.32942774301735,82.26421116674898,130.90298461914062,Yellow,NORMAL
2017-06-13,83.95577141670368,83.84055504164067,83.80214958328634,83.763744124932,131.9654083251953,Yellow,NORMAL
2017-06-14,82.89295915910326,82.50218834996272,82.37193141358253,82.24167447720235,131.3919219970703,Yellow,NORMAL
2017-06-15,79.28889884428023,78.15531079500694,77.77744811191585,77.39958542882475,130.80902099609375,Red,NORMAL
2017-06-16,79.71309254405301,78.38206690868203,77.93839169689171,77.49471648510138,130.24147033691406,Red,NORMAL
2017-06-19,82.36353926552609,81.14575653592915,80.73982895939685,80.33390138286454,132.41921997070312,Yellow,NORMAL
2017-06-20,80.15804844204405,78.89219384271955,78.4702423096114,78.04829077650322,131.38218688964844,Yellow,NORMAL
2017-06-21,79.4299555412874,77.52487209400536,76.8898442782447,76.25481646248402,132.68316650390625,Yellow,NORMAL
2017-06-22,78.60729157773554,75.66038530488794,74.67808321393872,73.69578112298952,132.6454315185547,Green,NORMAL
2017-06-23,79.42907194005328,76.30732367611616,75.26674092147044,74.22615816682473,133.154541015625,Green,NORMAL
2017-06-26,79.17374788574168,75.74866339876867,74.60696856977766,73.46527374078667,132.5323486328125,Blue,NORMAL
2017-06-27,74.73220047369841,68.72399262576599,66.72125667645517,64.71852072714437,130.12831115722656,Green,NORMAL
2017-06-28,80.51666783466715,75.15955992449675,73.37385728777326,71.58815465104979,132.00436401367188,Yellow,NORMAL
2017-06-29,75.77272766206077,69.6433893921297,67.60027663548603,65.55716387884235,129.7134246826172,Yellow,NORMAL
2017-06-30,74.9450758873536,68.04297083493945,65.7422691508014,63.44156746666336,129.7606201171875,Red,NORMAL
2017-07-03,77.07579970655894,70.4096209717579,68.18756139349087,65.96550181522386,128.3936309814453,Red,NORMAL
2017-07-05,77.75014030622671,71.35575886929487,69.22429839031759,67.0928379113403,129.65692138671875,Red,NORMAL
2017-07-06,70.71498784618332,62.21600793092917,59.38301462584446,56.55002132075974,128.48788452148438,Red,NORMAL
2017-07-07,72.63155318778502,63.7330727340063,60.76691258274673,57.80075243148717,129.8737335205078,Red,NORMAL
2017-07-10,72.1677988740428,62.69710695399181,59.54020964730814,56.38331234062447,130.72219848632812,Red,NORMAL
2017-07-11,71.55231342939474,61.9674774952598,58.77253218388149,55.577586872503176,131.08993530273438,Yellow,NORMAL
2017-07-12,77.16078797814842,70.20933863082226,67.89218884838019,65.57503906593813,132.6454315185547,Green,NORMAL
2017-07-13,80.61866333278348,75.87237177542305,74.29027458963624,72.70817740384942,132.93768310546875,Green,NORMAL
2017-07-14,82.49460494931168,79.41386569551011,78.38695261090959,77.3600395263091,133.98416137695312,Green,NORMAL
2017-07-17,83.77741040397932,81.89570753537141,81.26847324583545,80.6412389562995,134.0502166748047,Blue,NORMAL
2017-07-18,83.680559360249,82.59251003982045,82.22982693301095,81.86714382620143,134.9457244873047,Blue,NORMAL
2017-07-19,86.01557365880355,85.42248303654773,85.22478616246248,85.0270892883772,135.73770141601562,Blue,NORMAL
2017-07-20,86.24845721286718,85.86394199772543,85.73577025934485,85.60759852096427,135.9168243408203,Blue,NORMAL
2017-07-21,85.99906486220152,85.76988846718159,85.69349633550829,85.61710420383497,135.86021423339844,Blue,NORMAL
2017-07-24,84.51214619985842,84.08967882319877,83.94885636431223,83.80803390542567,136.4824676513672,Blue,NORMAL
2017-07-25,85.69462112385852,85.24794854247881,85.0990576820189,84.95016682155901,136.13363647460938,Blue,NORMAL
2017-07-26,85.5291834722626,85.19351338388945,85.08162335443173,84.96973332497402,136.57676696777344,Blue,NORMAL
2017-07-27,85.41494667930638,85.20966703589205,85.14124048808728,85.07281394028247,135.7188262939453,Blue,NORMAL
2017-07-28,83.97930882576206,83.69318052653452,83.59780442679201,83.50242832704949,135.60568237304688,Blue,NORMAL
2017-07-31,83.20076287458062,82.69098034357117,82.5210528332347,82.3511253228982,135.0306396484375,Blue,NORMAL
2017-08-01,83.01995126122385,82.31230838247612,82.07642742289356,81.84054646331097,135.3417510986328,Blue,NORMAL
2017-08-02,81.063889477647,79.02290951441435,78.34258286000347,77.6622562055926,135.70936584472656,Blue,NORMAL
2017-08-03,78.58569043194294,74.88497573404035,73.65140416807282,72.4178326021053,135.18148803710938,Blue,NORMAL
2017-08-04,81.01437997563082,77.20334008236188,75.93299345127222,74.66264682018259,135.4265899658203,Blue,NORMAL
2017-08-07,81.39894315686011,77.6063554176753,76.3421595046137,75.07796359155212,136.2845001220703,Blue,NORMAL
2017-08-08,79.9823497391554,75.42296209149066,73.90316620893576,72.38337032638084,136.04881286621094,Blue,NORMAL
2017-08-09,78.45931018241207,72.74743058533336,70.84347071964046,68.93951085394757,135.8696746826172,Yellow,NORMAL
2017-08-10,67.34888850322763,57.19285379416172,53.810275348970436,53.17562206040613,132.9566192626953,Yellow,NORMAL
2017-08-11,64.0319948209412,50.65407603789939,48.51912376952213,48.30757267333403,133.96533203125,Yellow,NORMAL
2017-08-14,68.86356898071777,55.70832300191614,52.69261196357809,52.622094931515385,135.69053649902344,Yellow,NORMAL
2017-08-15,68.23078561983522,55.25749939300749,51.840466614121986,51.81696093676776,135.7848663330078,Yellow,NORMAL
2017-08-16,70.7420379675545,58.83162342777611,55.16395056898011,54.27076307319867,136.02049255371094,Green,NORMAL
2017-08-17,63.1645157046559,48.88011726486742,46.971819905131106,46.67409073987062,133.23941040039062,Green,NORMAL
2017-08-18,57.80070679626213,42.03924064966597,41.40314152975387,41.30389847466704,133.14511108398438,Green,NORMAL
2017-08-21,55.660205580538786,39.4063835316734,39.1943504917027,39.161269473340425,132.9754180908203,Yellow,NORMAL
2017-08-22,60.946499503277245,44.52855882032212,44.45788114033188,44.44685413421112,135.00234985351562,Yellow,NORMAL
2017-08-23,58.9818718882978,42.50922499397943,42.48566576731602,42.4819900986091,134.5215606689453,Yellow,NORMAL
2017-08-24,60.773418575560555,45.17820609572261,44.27468320189996,44.273457978997655,134.12554931640625,Yellow,NORMAL
2017-08-25,61.441855013402346,47.2265505195349,44.94227655551548,44.94186814788137,133.84275817871094,Red,NORMAL
2017-08-28,62.44985234453478,48.42605762406268,45.9499928585725,45.94985672269446,134.25759887695312,Red,NORMAL
2017-08-29,62.63652485558568,49.550149448614604,46.13657169359825,46.13652631497224,134.78553771972656,Yellow,NORMAL
2017-08-30,65.75910256128951,54.51075030055897,51.07748200719567,49.25910304775169,136.36935424804688,Green,NORMAL
2017-08-31,69.97214193120425,61.53869219842397,58.83293644090173,56.66547712801926,137.83056640625,Green,NORMAL
2017-09-01,72.9737947851489,67.21181291934263,65.3262836818754,63.62018659262142,137.64207458496094,Blue,NORMAL
2017-09-05,69.1604147600328,64.56978520926874,63.05128582050345,61.59259714780925,136.4070281982422,Blue,NORMAL
2017-09-06,68.90873252943854,65.318060784214,64.1250736896356,62.95202350041424,136.8218536376953,Blue,NORMAL
2017-09-07,68.54638727412261,65.82393154350727,64.91774746235653,64.01820901632482,137.14242553710938,Blue,NORMAL
2017-09-08,66.33751629676141,64.1485852843416,63.41937533433091,62.69238059602655,135.95455932617188,Blue,NORMAL
2017-09-11,73.20791789016627,71.83755133491898,71.38090705676852,70.92500118252019,137.5194854736328,Blue,NORMAL
2017-09-12,77.88462582870864,77.1074755347392,76.84847362794892,76.5897178557927,137.84942626953125,Blue,NORMAL
2017-09-13,79.41373049509143,78.91811078710256,78.75292028150612,78.58781182078769,138.0380096435547,Blue,NORMAL
2017-09-14,79.8145094916298,79.40254589507843,79.26523005080571,79.12794155482565,137.22718811035156,Blue,NORMAL
2017-09-15,79.8005856554591,79.30920017910887,79.14540680518472,78.98162254735811,137.69859313964844,Blue,NORMAL
2017-09-18,80.03609589188704,79.68333283046486,79.56574573827723,79.44816168478876,137.5181884765625,Blue,NORMAL
2017-09-19,80.19136698079737,79.97929534233725,79.90860499450159,79.83791565956562,137.75437927246094,Blue,NORMAL
2017-09-20,81.01063242794255,80.82954886446284,80.76918774274215,80.70882695865471,137.3291778564453,Blue,NORMAL
2017-09-21,81.4418017184051,81.20146103580424,81.12134749697258,81.04123407068533,136.48828125,Green,NORMAL
2017-09-22,82.07858037078151,81.72727046530518,81.61016717082484,81.4930639138593,136.35604858398438,Yellow,NORMAL
2017-09-25,81.23351668925041,80.49861035400916,80.25364157804378,80.00867281458333,134.919921875,Yellow,NORMAL
2017-09-26,80.39749377857169,78.75204362233893,78.20356023774413,77.65507685731765,135.2694549560547,Red,NORMAL
2017-09-27,82.53073024942287,80.95974055010245,80.43607731726769,79.91241408582236,136.48828125,Yellow,NORMAL
2017-09-28,84.46613567236656,83.22928785869388,82.81700525422701,82.40472265022328,136.44105529785156,Yellow,NORMAL
2017-09-29,86.42217148674845,85.5850457238524,85.30600380291727,85.02696188213655,137.4236297607422,Yellow,NORMAL
2017-10-02,86.53967164036396,85.98863782772936,85.80495989019458,85.62128195271126,137.54652404785156,Green,NORMAL
2017-10-03,88.09668347608093,87.77700959270143,87.6704516315783,87.56389367047232,137.8394317626953,Green,NORMAL
2017-10-04,90.03201738764989,89.85746145360608,89.79927614225926,89.74109083091815,137.9716339111328,Blue,NORMAL
2017-10-05,91.1767499036274,91.08456560582081,91.05383750655233,91.02310940728574,139.32272338867188,Blue,NORMAL
2017-10-06,90.27495198807782,90.1321723122463,90.08457908696926,90.03698586169284,139.51173400878906,Blue,NORMAL
2017-10-09,88.79872136976331,88.56576207842704,88.48810898131498,88.41045588420315,139.3511199951172,Blue,NORMAL
2017-10-10,90.28732631517364,90.116990185032,90.06021147498478,90.00343276493766,139.455078125,Blue,NORMAL
2017-10-11,89.87363739125317,89.67503105358007,89.60882894102237,89.5426268284647,139.87075805664062,Blue,NORMAL
2017-10-12,88.18523603277463,88.04812010640399,88.00241479761377,87.95670948882358,139.6156768798828,Blue,NORMAL
2017-10-13,87.45307531058818,87.21002073378037,87.12900254151111,87.04798434924186,140.1542205810547,Blue,NORMAL
2017-10-16,86.7854948004991,86.33019433533214,86.17842751360983,86.02666069188751,140.6360321044922,Blue,NORMAL
2017-10-17,86.6965538223886,86.16309291282855,85.98527260964187,85.80745230645519,140.81553649902344,Blue,NORMAL
2017-10-18,86.32549268827096,85.77377412588763,85.58986793842652,85.4059617509654,140.64549255371094,Blue,NORMAL
2017-10-19,86.2632113674708,85.50129702263358,85.2473255743545,84.99335412607543,140.12583923339844,Blue,NORMAL
2017-10-20,88.2116007588539,87.56836481522012,87.35395283400885,87.13954085279758,140.50381469726562,Blue,NORMAL
2017-10-23,86.26712449537554,85.21680422482025,84.86669746796849,84.51659071111672,139.58731079101562,Blue,NORMAL
2017-10-24,84.5525936870107,82.50219771604247,81.81873239238641,81.13526706873031,139.82350158691406,Blue,NORMAL
2017-10-25,81.22750597647831,78.15613562909734,77.1323455133037,76.10855539751003,139.29437255859375,Yellow,NORMAL
2017-10-26,80.1621989618564,76.05665251475585,74.68813703238902,73.31962155002216,138.8503875732422,Yellow,NORMAL
2017-10-27,81.2666084081609,76.90105156569615,75.44586595154125,73.99068033738632,142.89418029785156,Green,NORMAL
2017-10-30,80.92140313942065,76.05797462299456,74.43683178418587,72.81568894537718,143.21543884277344,Green,NORMAL
2017-10-31,80.90503000270252,75.37414505303602,73.53051673648051,71.68688841992501,143.75389099121094,Blue,NORMAL
2017-11-01,80.66144097733182,74.68911348034743,72.69833764801929,70.70756181569115,143.70672607421875,Blue,NORMAL
2017-11-02,80.71589278368972,74.68528993059161,72.67508897955888,70.66488802852616,143.4326934814453,Blue,NORMAL
2017-11-03,80.92116459793024,74.9832810392903,73.00398651974366,71.02469200019702,144.8122100830078,Blue,NORMAL
2017-11-06,82.41113735755926,76.90278886059788,75.06667269494407,73.23055652929028,145.30340576171875,Blue,NORMAL
2017-11-07,81.72547171177901,76.47150824491786,74.72018708929747,72.96886593367708,145.38851928710938,Blue,NORMAL
2017-11-08,81.673389560492,76.72811871260127,75.07969509663769,73.43127148067411,145.97427368164062,Blue,NORMAL
2017-11-09,80.40362985349734,75.3152409400097,73.61911130218047,71.92298166435127,145.20899963378906,Blue,NORMAL
2017-11-10,79.47326382321967,74.25029389773952,72.50930392257948,70.76831394741943,145.19952392578125,Blue,NORMAL
2017-11-13,79.01120578619108,74.19841893109447,72.59415664606225,70.98989436103004,145.3790740966797,Blue,NORMAL
2017-11-14,76.61303660886504,71.35633942553123,69.60410703108661,67.85187463664201,144.8498992919922,Blue,NORMAL
2017-11-15,73.20451388645671,66.36184963313907,64.08096154869986,61.80007346426064,144.16970825195312,Blue,NORMAL
2017-11-16,78.82233796215223,72.27563933022095,70.09340645291051,67.91117357560009,146.01205444335938,Blue,NORMAL
2017-11-17,79.74330457324268,74.08984176940842,72.20535416813034,70.32086656685226,145.4546356201172,Blue,NORMAL
2017-11-20,80.70269243350515,76.23666973007626,74.74799549559995,73.25932126112367,145.34124755859375,Blue,NORMAL
2017-11-21,83.60363316807076,80.75138322279683,79.80063324103884,78.84988325928089,146.9190216064453,Blue,NORMAL
2017-11-22,85.15310499541754,83.49593608187186,82.9435464440233,82.39115680617475,147.09860229492188,Blue,NORMAL
2017-11-24,85.5686696786072,84.61174679014255,84.29277249398768,83.9737981978328,147.63714599609375,Blue,NORMAL
2017-11-27,85.14060874808791,84.47418553495834,84.25204446391514,84.02990339287194,147.571044921875,Blue,NORMAL
2017-11-28,88.00297227629868,87.60710674676812,87.47515157025794,87.34319639374776,147.94894409179688,Blue,NORMAL
2017-11-29,87.23407156684704,86.7657966958154,86.60970507213818,86.45361344846097,145.36956787109375,Yellow,NORMAL
2017-11-30,88.03080163339347,87.70655016245554,87.59846633880954,87.49038251516357,146.58840942382812,Yellow,NORMAL
2017-12-01,88.39536822123218,88.17065239062251,88.09574711375261,88.02084183688271,145.96484375,Yellow,NORMAL
2017-12-04,87.26689041717842,86.67859101182667,86.48249121004275,86.28639140825884,144.2830352783203,Yellow,NORMAL
2017-12-05,84.8244853579147,83.69786036688986,83.3223187032149,82.94677703953997,144.3775177001953,Yellow,NORMAL
2017-12-06,81.26224427755406,79.15831067898085,78.45699947945646,77.75568827993207,145.02944946289062,Yellow,NORMAL
2017-12-07,81.39658984335978,79.19512347499737,78.46130135220989,77.72747922942243,145.52078247070312,Yellow,NORMAL
2017-12-08,84.78122860098526,82.96410406738988,82.35839588952476,81.75268771165963,146.16319274902344,Yellow,NORMAL
2017-12-11,86.93385229460452,85.69903631411321,85.28743098728279,84.87582566045235,147.2969970703125,Green,NORMAL
2017-12-12,87.7072857817032,86.56196422717079,86.18019037565998,85.79841652414918,147.09860229492188,Green,NORMAL
2017-12-13,89.44434778582027,88.67542502184736,88.4191174338564,88.16280984586541,147.38206481933594,Blue,NORMAL
2017-12-14,87.59954690503776,86.63165270803793,86.309021309038,85.98638991003806,147.27809143066406,Blue,NORMAL
2017-12-15,89.64374627474324,88.96532157123886,88.7391800034041,88.51303843556931,148.950439453125,Blue,NORMAL
2017-12-18,92.18676222626121,91.78272400617422,91.64804459947857,91.5133651927829,150.19924926757812,Blue,NORMAL
2017-12-19,91.84642915959549,91.46253666982926,91.33457250657389,91.20660834331846,149.30931091308594,Blue,NORMAL
2017-12-20,92.14056056161601,91.75637093321421,91.62830772374697,91.5002445142797,149.14833068847656,Blue,NORMAL
2017-12-21,92.72231648350163,92.43358845812786,92.33734578300326,92.24110310787867,149.1672821044922,Blue,NORMAL
2017-12-22,92.25579741369248,91.97028135839238,91.87510933995904,91.77993732152568,148.9967803955078,Blue,NORMAL
2017-12-26,90.13863280793117,89.64500465496562,89.48046193731044,89.31591921965526,148.19210815429688,Blue,NORMAL
2017-12-27,90.23446851173465,89.60507272681338,89.3952741318396,89.18547553686585,148.2109832763672,Blue,NORMAL
2017-12-28,91.57398950391155,91.02759770863808,90.84546711021358,90.66333651178908,148.39085388183594,Blue,NORMAL
2017-12-29,88.4412877470951,87.76273554852077,87.53655148232932,87.31036741613786,147.47251892089844,Yellow,NORMAL
2018-01-02,91.1497053433078,90.43301447009699,90.19411751236004,89.95522055462311,150.05723571777344,Yellow,NORMAL
2018-01-03,91.47347080467163,90.54899926286947,90.24084208226873,89.93268490166801,151.51527404785156,Green,NORMAL
2018-01-04,91.96636737260098,91.17794460135653,90.9151370109417,90.6523294205269,151.78042602539062,Green,NORMAL
2018-01-05,92.483822794234,91.95798744321954,91.78270899288138,91.60743054254323,153.30470275878906,Green,NORMAL
2018-01-08,92.8111900896605,92.50439775902252,92.40213364880987,92.2998695385972,153.90122985839844,Blue,NORMAL
2018-01-09,92.19737481103164,91.91162372594684,91.81637336425192,91.72112300255696,153.91065979003906,Blue,NORMAL
2018-01-10,91.4428959807816,91.10399240942836,90.99102455231062,90.87805669519288,153.55088806152344,Blue,NORMAL
2018-01-11,91.3597532057151,90.97304902154596,90.84414762682295,90.7152462320999,154.60186767578125,Blue,NORMAL
2018-01-12,92.51486723018786,92.16359419971693,92.04650318955994,91.92941217940296,155.73802185058594,Blue,NORMAL
2018-01-16,91.5392991777394,91.14956401637514,91.01965229592037,90.88974057546562,155.2930145263672,Blue,NORMAL
2018-01-17,92.19222430503771,91.8404870367571,91.72324128066356,91.60599552457002,156.96881103515625,Blue,NORMAL
2018-01-18,91.55245860672976,91.1341959100566,90.99477501116557,90.85535411227453,156.99722290039062,Blue,NORMAL
2018-01-19,91.68751987227694,91.15540300309608,90.97803071336912,90.80065842364219,157.4895477294922,Blue,NORMAL
2018-01-22,92.05261605170176,91.5304582768299,91.35640568520594,91.18235309358201,159.1748809814453,Blue,NORMAL
2018-01-23,93.11703363339554,92.5310049658658,92.33566207668923,92.14031918751266,160.4908905029297,Blue,NORMAL
2018-01-24,93.16973511685575,92.61074359944851,92.42441309364611,92.23808258784369,159.44944763183594,Blue,NORMAL
2018-01-25,93.30838813659503,92.72604060834394,92.53192476559357,92.33780892284322,159.39260864257812,Blue,NORMAL
2018-01-26,93.65616304889868,93.15097445881288,92.98257826211761,92.81418206542234,161.8353729248047,Blue,NORMAL
2018-01-29,91.34031192539047,90.3618654661386,90.03571664638798,89.70956782663735,161.04954528808594,Blue,NORMAL
2018-01-30,86.05893394146011,84.01808117098676,83.3377969141623,82.65751265733785,159.72401428222656,Blue,NORMAL
2018-01-31,85.22924060674934,82.21590993011907,81.21146637124231,80.20702281236555,160.38674926757812,Blue,NORMAL
2018-02-01,83.14535292952252,79.00672123018728,77.62717733040888,76.24763343063049,159.02334594726562,Blue,NORMAL
2018-02-02,75.97182542548816,67.83247912214719,65.11936368770019,62.67258559252414,155.85159301757812,Yellow,NORMAL
2018-02-05,63.35760408174829,49.6444886473013,48.74011683581897,47.92452413742696,149.70693969726562,Yellow,EXTREME
2018-02-06,62.12359693200095,46.55255845385196,46.25110118335785,45.979236950560505,153.67398071289062,Red,ELEVATED
2018-02-07,60.119625027834616,43.92927886845162,43.82879311162025,43.7381717006878,151.68569946289062,Red,REVERSAL
2018-02-08,52.71798818650281,36.32120613337514,36.28771088109802,36.25750374412054,145.28543090820312,Red,EXTREME
2018-02-09,52.37475457231754,35.90916055460832,35.89799547051595,35.887926424856786,147.79440307617188,Red,REVERSAL
2018-02-12,56.033314935649756,39.54478359641335,39.54106190171589,39.53770555316284,150.41702270507812,Red,REVERSAL
2018-02-13,56.21980437447602,39.72362726139722,39.72238669649806,39.72126791364705,151.19337463378906,Red,REVERSAL
2018-02-14,63.9933673431718,47.4946416388122,47.49422811717915,47.49385518956214,154.0242919921875,Yellow,REVERSAL
2018-02-15,70.12021355260725,53.62063831782071,53.620500477276366,53.62037616807069,156.88363647460938,Green,REVERSAL
2018-02-16,71.98384599181847,55.48398758022296,55.48394163337485,55.483900196972954,156.18301391601562,Green,REVERSAL
2018-02-20,68.49879061023856,52.75731775447278,51.99882249075736,51.99880867862339,156.49539184570312,Blue,REVERSAL
2018-02-21,65.45322508892212,50.301019249938776,48.95323571576172,48.953231111717066,156.05043029785156,Blue,REVERSAL
2018-02-22,63.4267298808395,48.67650868542545,46.926733423119366,46.926731888437814,156.03150939941406,Blue,REVERSAL
2018-02-23,68.1782198884535,55.23237455293901,51.972747819822594,51.67822055765293,159.22219848632812,Blue,NORMAL
2018-02-26,71.35610284228767,60.50207154665016,57.23594612990047,54.95818720346635,161.33358764648438,Blue,NORMAL
2018-02-27,65.16291259020242,55.10766715670137,51.87321368391083,48.96821570789217,159.33578491210938,Blue,NORMAL
2018-02-28,56.66078744705527,45.77868101702175,42.19041054202496,40.26255515295186,158.31326293945312,Blue,NORMAL
2018-03-01,49.497455957810445,36.5676902897549,33.67399698946701,33.03137852644264,155.72853088378906,Green,ELEVATED
2018-03-02,48.07532752394407,35.4713035597367,31.80084120116291,31.586635046821456,157.15821838378906,Blue,NORMAL
2018-03-05,52.469277782709966,42.229066847490856,38.99262285669405,36.90826426730801,158.9002685546875,Blue,NORMAL
2018-03-06,60.114216777884096,53.37636530506939,51.18940136555658,49.38646589318067,159.57252502441406,Blue,NORMAL
2018-03-07,66.01253791669473,62.104363511885666,60.82130089409112,59.666247765342206,159.94174194335938,Blue,NORMAL
2018-03-08,69.34301267956644,67.20917592102802,66.5044510627847,65.84239603422324,160.82228088378906,Blue,NORMAL
2018-03-09,75.85234261036054,74.72550771238002,74.35208076680968,73.99287709779995,163.94671630859375,Blue,NORMAL
2018-03-12,77.77851656035587,77.16810870929517,76.96536765463821,76.76736769216815,164.81777954101562,Blue,NORMAL
2018-03-13,78.14853197888314,77.82766458599598,77.72095153137691,77.61581884082013,162.57386779785156,Blue,NORMAL
2018-03-14,74.83063817402721,73.97021335652026,73.6834859983546,73.3972854282097,162.5454559326172,Blue,NORMAL
2018-03-15,71.3124783613942,69.69005971089737,69.14928046551063,68.60867681613084,162.40342712402344,Blue,NORMAL
2018-03-16,69.74068889662222,67.91684311579269,67.30890351266467,66.701022441539,161.92056274414062,Blue,NORMAL
2018-03-19,60.87266555238459,57.257854294831674,56.05292020580798,54.84800562745173,158.46580505371094,Yellow,NORMAL
2018-03-20,57.878837506707264,52.092344088884765,50.16351394855302,48.234690311777086,158.98736572265625,Yellow,NORMAL
2018-03-21,59.16542126226449,52.41239181811568,50.1613823363802,47.91037502249668,158.2950897216797,Yellow,NORMAL
2018-03-22,48.2915761167421,37.095481038477395,34.290229808114006,33.5398940368195,154.38800048828125,Yellow,ELEVATED
2018-03-23,40.54414307551337,27.550074345721427,26.614990602266964,26.36487867850213,150.31961059570312,Yellow,ELEVATED
2018-03-26,41.1702228508745,26.690718459462378,26.37902387831089,26.295653237055944,155.90525817871094,Red,ELEVATED
2018-03-27,37.93725729712697,25.2186262036933,25.11472800997614,25.08693779622449,150.86021423339844,Red,ELEVATED
2018-03-28,36.37780591862906,24.310947406003024,24.276314674763967,24.267051270180083,149.12474060058594,Red,ELEVATED
2018-03-29,40.3256698906997,26.64458742352806,26.63304317978171,26.629955378253747,151.85595703125,Red,NORMAL
2018-04-02,35.80180900745034,24.64468892580053,24.640840844551747,24.63981157737576,147.4746551513672,Red,ELEVATED
2018-04-03,36.39799714527087,24.7872904513876,24.786007757638007,24.785664668579344,149.13424682617188,Red,ELEVATED
2018-04-04,42.04929551682538,30.491096989234666,30.49066942465147,30.490555061631916,151.4861602783203,Red,ELEVATED
2018-04-05,46.53797099464347,33.80746037433546,33.807317852807735,33.807279731801216,152.34906005859375,Red,NORMAL
2018-04-06,38.398692806064716,28.169541117813893,28.169493610637986,28.169480903635815,148.53680419921875,Red,ELEVATED
2018-04-09,37.23639098501144,28.855840422261164,28.85582458653586,28.85582035086847,149.57992553710938,Red,ELEVATED
2018-04-10,42.24683071699501,33.41488793681899,33.41488265824389,33.41488124635476,152.88018798828125,Red,ELEVATED
2018-04-11,41.54883976750159,32.97198847040588,32.97198671088085,32.97198624025114,151.9982452392578,Green,ELEVATED
2018-04-12,44.59731276616074,37.00975430897456,35.433551047525896,34.68975047929948,153.82847595214844,Green,NORMAL
2018-04-13,44.90870535027814,38.04896084519449,36.30782181443689,36.05988829169475,153.03187561035156,Green,NORMAL
2018-04-16,48.14961432268019,43.57568333214152,42.23285382560761,41.387759488412186,154.1983184814453,Green,NORMAL
2018-04-17,54.27723366586936,51.608915257934406,50.78008050761575,50.11715748040993,157.5174560546875,Green,NORMAL
2018-04-18,59.68562691690457,58.22435007538189,57.757459367872,57.345872568066376,157.8399200439453,Blue,NORMAL
2018-04-19,56.16091410927972,54.46711321211109,53.90924677072077,53.36981496523187,156.38893127441406,Blue,NORMAL
2018-04-20,50.75243436277846,47.98183218594727,47.06054274622551,46.14539818513754,153.91383361816406,Green,NORMAL
2018-04-23,51.30984191236002,48.69183556036213,47.81991498277016,46.950042698056116,153.52500915527344,Green,NORMAL
2018-04-24,46.42322818689689,43.22361405498164,42.15732541314566,41.091719535602316,150.27224731445312,Yellow,NORMAL
2018-04-25,41.9783598552459,37.529165109538376,36.0461833283478,34.563429135254765,150.45242309570312,Yellow,NORMAL
2018-04-26,47.2986498580255,43.50055867525511,42.234555992346735,40.96862917213754,153.61984252929688,Yellow,NORMAL
2018-04-27,50.626890572113155,47.64095555103353,46.645653114456465,45.65037596544579,153.71473693847656,Yellow,NORMAL
2018-04-30,45.102534591567775,40.78459699335204,39.345287539652176,37.905986515141116,152.62411499023438,Yellow,NORMAL
2018-05-01,46.904651740710364,41.4069993359883,39.57444956076051,37.74190259526233,154.3690643310547,Yellow,NORMAL
2018-05-02,46.02989900162608,38.87303937517143,36.48741984180195,34.101801245009014,153.45860290527344,Yellow,NORMAL
2018-05-03,41.24878153487445,32.13438398306037,29.29064033345159,28.495434134520615,153.43968200683594,Yellow,NORMAL
2018-05-04,48.67238864988332,40.81131694722514,38.255756002226605,36.383040874120674,156.35101318359375,Green,NORMAL
2018-05-07,59.44224823017714,53.67680595187545,51.77659062218184,50.10399056478577,157.65020751953125,Green,NORMAL
2018-05-08,60.67639052239356,56.38624397702962,54.96339471626619,53.61641721293526,157.489013671875,Blue,NORMAL
2018-05-09,65.62814001231217,63.01392493755918,62.14491977520525,61.301205198662146,159.20553588867188,Blue,NORMAL
2018-05-10,72.0900145777324,70.62652643966555,70.13949701449785,69.66089778460042,160.85562133789062,Blue,NORMAL
2018-05-11,76.34014774299135,75.55627680706115,75.29525314648038,75.0370395509897,160.703857421875,Blue,NORMAL
2018-05-14,78.34340354326271,77.93409245299867,77.79774430670932,77.66233284878334,160.97886657714844,Blue,NORMAL
2018-05-15,76.38094661345401,75.78519103450013,75.5866354694484,75.38839213385111,159.19606018066406,Blue,NORMAL
2018-05-16,75.21980396181297,74.48741452911761,74.24329459419681,73.9992787357608,160.2486572265625,Blue,NORMAL
2018-05-17,73.66757970930176,72.83449916743685,72.55680894547443,72.27915341567359,159.6322784423828,Blue,NORMAL
2018-05-18,72.39574585858489,71.82357697914668,71.6328551166648,71.44214481823677,158.80722045898438,Blue,NORMAL
2018-05-21,75.87970576417312,75.54174512161876,75.42909193987761,75.31644261282105,159.69863891601562,Blue,NORMAL
2018-05-22,76.24294134817212,75.94371323011653,75.84397064602365,75.74422934682563,159.489990234375,Blue,NORMAL
2018-05-23,77.06424339631786,76.87121340503059,76.80687011524338,76.74252725375447,160.83660888671875,Blue,NORMAL
2018-05-24,75.49726024066624,75.38030538565833,75.34132044753633,75.30233565218042,160.78916931152344,Blue,NORMAL
2018-05-25,71.85915422011394,71.4776742700441,71.35051429120328,71.22335435995113,160.9503936767578,Blue,NORMAL
2018-05-29,66.11620704900297,64.10621102477943,63.4362123515435,62.766213694170474,160.2391357421875,Blue,NORMAL
2018-05-30,72.7433751015024,71.04840805910553,70.483419045475,69.91843003713208,161.3865966796875,Blue,NORMAL
2018-05-31,70.59323780964488,68.75003110474029,68.13562886993935,67.52122663690095,161.2823486328125,Blue,NORMAL
2018-06-01,73.80325296221152,72.23865247213496,71.71711897549852,71.1955854794496,163.81434631347656,Blue,NORMAL
2018-06-04,76.30287458792574,75.0675266859016,74.65574405191212,74.2439614181185,165.29376220703125,Blue,NORMAL
2018-06-05,78.09023067968255,77.13773007911962,76.82022987893818,76.50272967882202,165.8058624267578,Blue,NORMAL
2018-06-06,80.57317453632517,79.96535007508231,79.76274192133677,79.56013376761297,166.7731475830078,Blue,NORMAL
2018-06-07,81.97754807776496,81.62977779348974,81.51385436539869,81.39793093731487,165.41702270507812,Blue,NORMAL
2018-06-08,82.21372814713378,82.02478962600046,81.96181011895624,81.89883061191445,165.426513671875,Blue,NORMAL
2018-06-11,82.31560298507154,82.2161159315063,82.18295358031797,82.14979122913044,165.8722381591797,Blue,NORMAL
2018-06-12,82.2763289411518,82.05509944864744,81.98135628447935,81.90761312031152,166.7446746826172,Blue,NORMAL
2018-06-13,80.55641941136038,79.98727548903427,79.79756084825891,79.60784620748365,166.7352294921875,Blue,NORMAL
2018-06-14,79.49405899570598,78.57140092029607,78.26384822849278,77.9562955366895,168.42327880859375,Blue,NORMAL
2018-06-15,77.31811201669609,75.66904420479774,75.11935493416496,74.56966566353219,167.83526611328125,Blue,NORMAL
2018-06-18,75.73448573967758,73.39891304094172,72.62038880802976,71.84186457511781,167.7383270263672,Blue,NORMAL
2018-06-19,73.06952138866444,69.34673165697872,68.10580174641682,66.8648718358549,167.26316833496094,Blue,NORMAL
2018-06-20,72.90503873386685,68.0141331919736,66.38383134467587,64.75352949737812,168.4510955810547,Blue,NORMAL
2018-06-21,70.60886549200984,64.03899249571309,61.84903483028084,59.6590771648486,166.9875946044922,Blue,NORMAL
2018-06-22,71.2199382789215,63.745090872323104,61.25347507012363,58.761859267924166,166.6168975830078,Blue,NORMAL
2018-06-25,66.1227073776298,55.84194531595835,52.41502462873454,50.97001437396401,162.8629913330078,Yellow,NORMAL
2018-06-26,66.03381165626219,54.239770096246836,50.464584073297104,49.982913988373596,163.52830505371094,Yellow,NORMAL
2018-06-27,64.01795402917065,51.01556810749199,47.828211501515625,47.66765480654112,161.30441284179688,Yellow,NORMAL
2018-06-28,62.20171603693697,48.22247601498508,45.8051351943853,45.75161629606046,162.6919708251953,Red,NORMAL
2018-06-29,64.68452698066622,51.43128277570831,48.219000033148994,48.20116040037405,163.1291046142578,Red,NORMAL
2018-07-02,64.46171278729445,51.163774113210394,47.97320380478871,47.967257260530396,164.22203063964844,Yellow,NORMAL
2018-07-03,62.404821322338954,49.07656764198413,45.90865166150371,45.906669480084275,162.32130432128906,Yellow,NORMAL
2018-07-05,67.47566626347523,54.99244637830465,51.2563181653493,50.976282316056995,164.3360595703125,Yellow,NORMAL
2018-07-06,73.21193267000811,63.465303865202884,60.35807595763498,58.40287883795476,166.8925323486328,Green,NORMAL
2018-07-09,78.77443210212392,72.07077721092577,69.88344170075987,68.08011645322323,168.3940887451172,Green,NORMAL
2018-07-10,79.86062719902446,75.2469935488269,73.72485437217217,72.3307186163939,168.5176544189453,Blue,NORMAL
2018-07-11,75.4891423815228,71.23210109239118,69.81833356492879,68.44723384442523,167.66238403320312,Blue,NORMAL
2018-07-12,75.12276968272982,71.48479921681974,70.27389114004353,69.07720566558693,170.55142211914062,Blue,NORMAL
2018-07-13,74.87135044944439,71.88884201215237,70.89525544811963,69.90640975152677,170.69395446777344,Blue,NORMAL
2018-07-16,70.98133382383983,68.08824114124816,67.12407121873913,66.16148158537675,170.28530883789062,Blue,NORMAL
2018-07-17,74.24194154268018,71.88139262312467,71.09460775161335,70.3083496431509,171.32118225097656,Blue,NORMAL
2018-07-18,75.73812916625614,73.84107780539183,73.20874894121724,72.5765956647256,170.99806213378906,Blue,NORMAL
2018-07-19,75.96492667674696,74.55785730706373,74.08884138031827,73.61988398280045,170.14276123046875,Blue,NORMAL
2018-07-20,72.68317444961873,71.07581530586009,70.54003132343463,70.00426685075173,170.10476684570312,Blue,NORMAL
2018-07-23,73.31963068870681,71.39935511663292,70.7592640588841,70.1191795043828,170.6464080810547,Blue,NORMAL
2018-07-24,72.68211800707304,70.14470342930458,69.29889883658481,68.45309641161421,171.34971618652344,Blue,NORMAL
2018-07-25,76.4522124265238,74.6413616584513,74.03774482460591,73.4341287133436,173.74462890625,Blue,NORMAL
2018-07-26,78.78289801716237,77.69675814006335,77.33471154397883,76.97266518875534,171.11215209960938,Blue,NORMAL
2018-07-27,76.12423765824477,74.91622035395211,74.51354792905961,74.11087558445412,168.80274963378906,Yellow,NORMAL
2018-07-30,73.62975398638622,71.79888787899218,71.18859917981807,70.5783105074063,166.41738891601562,Yellow,NORMAL
2018-07-31,75.12239567102175,73.08067072251994,72.40009574078286,71.71952076796656,167.69082641601562,Yellow,NORMAL
2018-08-01,73.92124460621119,71.44899663924757,70.62491398395865,69.80083133164332,168.3275604248047,Yellow,NORMAL
2018-08-02,75.1587518466318,72.93991776835688,72.20030640905377,71.46069505074186,170.617919921875,Yellow,NORMAL
2018-08-03,77.32759230768191,75.47882138278007,74.86256440785343,74.24630743325716,171.14065551757812,Yellow,NORMAL
2018-08-06,79.49171697128445,78.03236024830096,77.54590800732001,77.05945576644918,172.1479949951172,Yellow,NORMAL
2018-08-07,79.8761531318423,78.72335935017301,78.33909475628779,77.95483016243925,172.77525329589844,Green,NORMAL
2018-08-08,79.6448709092673,78.43448849642903,78.03102769215113,77.62756688788545,172.9842987060547,Green,NORMAL
2018-08-09,79.92611715235901,78.90017903582756,78.55819966365092,78.21622029147835,172.87985229492188,Blue,NORMAL
2018-08-10,74.26565277016223,72.47560748491462,71.8789257231656,71.28224396141792,171.55880737304688,Blue,NORMAL
2018-08-13,66.76273506520221,62.53837451358444,61.13025432971191,59.72213414583983,171.36874389648438,Blue,NORMAL
2018-08-14,70.62422311890626,66.78247187343273,65.50188812494157,64.22130437645056,172.44261169433594,Blue,NORMAL
2018-08-15,64.7967965897391,58.86287387294746,56.884899634016904,54.90692539508642,170.3328094482422,Green,NORMAL
2018-08-16,68.54825728668519,62.91581408443773,61.03833301702191,59.16085194960612,170.8935546875,Blue,NORMAL
2018-08-17,71.24576097881764,66.57175289502115,65.01375020042232,63.455747505823496,170.93154907226562,Blue,NORMAL
2018-08-20,74.2073329984762,70.65634023318702,69.47267597809063,68.28901172299425,170.7794952392578,Blue,NORMAL
2018-08-21,77.04524736312844,74.76439362824243,74.0041090499471,73.24382447165176,171.40672302246094,Blue,NORMAL
2018-08-22,79.33094945774316,77.95327673677522,77.4940524964526,77.03482825612996,172.072021484375,Blue,NORMAL
2018-08-23,77.63230835801257,76.21627806718695,75.74426797024509,75.27225787330323,171.82492065429688,Blue,NORMAL
2018-08-24,80.1072761866776,79.15686306448424,78.8400586904198,78.52325431635536,173.42152404785156,Blue,NORMAL
2018-08-27,82.11273684337066,81.55673095668047,81.37139566111708,81.18606036555367,175.1891632080078,Blue,NORMAL
2018-08-28,82.26695605216733,81.94335680584662,81.83549039040638,81.72762397496615,175.4457550048828,Blue,NORMAL
2018-08-29,83.18936413860125,83.01236574778235,82.95336628417604,82.89436682056976,177.47006225585938,Blue,NORMAL
2018-08-30,82.22469545360784,81.86420291897886,81.74403874076921,81.62387456255956,177.1564178466797,Blue,NORMAL
2018-08-31,81.25402306366054,80.716619294384,80.53748470462514,80.35835011486628,177.38449096679688,Blue,NORMAL
2018-09-04,78.4202610510834,77.49127402690222,77.18161168550847,76.87194934411475,176.624267578125,Blue,NORMAL
2018-09-05,76.20264531953319,74.95251856648386,74.53580964880074,74.11910073111763,174.34335327148438,Blue,NORMAL
2018-09-06,73.15287841616295,70.97644076487425,70.25096154777802,69.5254823306818,172.78472900390625,Yellow,NORMAL
2018-09-07,70.63240038273761,67.56568527106081,66.54344690050188,65.52120852994295,172.1195068359375,Yellow,NORMAL
2018-09-10,70.30839585047383,66.46840411595795,65.18840687111933,63.90840962628069,172.69927978515625,Yellow,NORMAL
2018-09-11,72.57443307903684,68.6323039438864,67.31826089883626,66.00421785378612,174.02969360351562,Yellow,NORMAL
2018-09-12,73.88284974688435,69.53613485390052,68.08722988957257,66.63832492524463,173.5165252685547,Yellow,NORMAL
2018-09-13,76.44870244088065,71.71414731647475,70.13596227500611,68.5577772335375,175.3696746826172,Yellow,NORMAL
2018-09-14,79.68298498871107,75.42508250609234,74.00578167855276,72.58648085101319,174.85653686523438,Yellow,NORMAL
2018-09-17,77.09651143220684,72.28006021742556,70.67457647916513,69.0690927409047,172.3380584716797,Yellow,NORMAL
2018-09-18,78.16125296898477,73.64755862043683,72.1429938375875,70.63842905473818,173.76364135742188,Yellow,NORMAL
2018-09-19,77.4558427774124,72.7319817171971,71.15736136379199,69.58274101038688,173.63050842285156,Yellow,NORMAL
2018-09-20,82.09942233994556,78.68294898674635,77.54412453567996,76.40530008461356,175.55035400390625,Yellow,NORMAL
2018-09-21,81.42173505607614,78.7016108412238,77.79490276960635,76.88819469798891,174.5904541015625,Green,NORMAL
2018-09-24,80.53986286380989,78.0442193200217,77.21233813875895,76.38045695749624,175.0760040283203,Green,NORMAL
2018-09-25,78.61146254752379,75.66490963712013,74.68272533365224,73.70054103018435,175.31399536132812,Blue,NORMAL
2018-09-26,72.79867734029312,67.912043456977,66.28316549587163,64.65428753476625,175.43780517578125,Blue,NORMAL
2018-09-27,70.52219038907317,64.1996596866548,62.092149452515336,59.984639218375875,176.92298889160156,Blue,NORMAL
2018-09-28,69.40653736456005,61.79030839865298,59.251565410017285,56.71282242138159,176.8848876953125,Blue,NORMAL
2018-10-01,69.75170727746037,62.05409103405198,59.488218952915844,56.92234687177972,177.24671936035156,Blue,NORMAL
2018-10-02,69.35761678916379,61.343818497307964,58.672552400022695,56.00128630273743,176.8468017578125,Blue,NORMAL
2018-10-03,69.46546630807966,61.41789335543454,58.735369037886166,56.0528447203378,177.0372772216797,Blue,NORMAL
2018-10-04,64.20591028628894,53.803982541060655,50.33667329265122,48.73503642370833,173.6383514404297,Yellow,NORMAL
2018-10-05,59.29177096674094,46.49687806004711,43.668691968861694,43.1348130125474,171.5152587890625,Yellow,NORMAL
2018-10-08,58.67901876092742,44.856056900387266,42.47132576163433,42.293366109529565,170.4679718017578,Red,NORMAL
2018-10-09,56.69822810826345,41.575898292262295,40.29566377516575,40.23634389113083,171.0201873779297,Red,NORMAL
2018-10-10,46.51280703646954,30.47203043113582,30.04528559210364,30.025512297425333,163.49880981445312,Red,ELEVATED
2018-10-11,36.49267750114631,21.093900114183214,20.95165183450582,20.94506073627972,161.47093200683594,Red,ELEVATED
2018-10-12,34.50405867300288,19.580855099570737,19.53343900634494,19.531241973602906,165.9646759033203,Red,ELEVATED
2018-10-15,33.03805749031139,19.160878521389563,19.145073156980963,19.144340812733617,163.95584106445312,Red,ELEVATED
2018-10-16,36.39903677202796,21.855717856461425,21.850449401658558,21.850205286909443,168.72573852539062,Red,NORMAL
2018-10-17,38.00743385060399,24.070309026896616,24.068552875295662,24.068471503712622,168.79234313964844,Red,NORMAL
2018-10-18,35.6350734437466,23.525939243251546,23.52535385938456,23.52532673552355,164.87933349609375,Red,ELEVATED
2018-10-19,33.356936601487746,22.140465942063464,22.140270814107804,22.1402617728208,164.72702026367188,Red,NORMAL
2018-10-22,31.201059955100988,21.497421587144746,21.49735654449286,21.497353530730525,165.5743865966797,Red,NORMAL
2018-10-23,27.712468338067623,19.175144437637762,19.1751227567538,19.175121752166355,164.96502685546875,Red,ELEVATED
2018-10-24,23.081943737080607,15.682002436937317,15.681995209975994,15.681994875113514,157.4151153564453,Red,ELEVATED
2018-10-25,22.452784807679947,15.84123030022478,15.841227891237672,15.841227779616844,162.86094665527344,Red,ELEVATED
2018-10-26,18.357853084133154,13.666501581648095,13.666500778652395,13.66650074144545,158.67184448242188,Red,ELEVATED
2018-10-29,18.222264011036472,13.50431351020812,13.504313242542887,13.504313230140571,155.40626525878906,Red,ELEVATED
2018-10-30,19.760790145683135,14.793232571332943,14.793232482111197,14.793232477977092,157.96731567382812,Red,ELEVATED
2018-10-31,24.337936248327736,19.869120760581374,19.86912073084079,19.869120729462757,161.6803741455078,Red,ELEVATED
2018-11-01,29.740780298591986,24.830804765639495,24.830804755725968,24.830804755266623,163.81301879882812,Green,NORMAL
2018-11-02,30.249685111600606,25.801915489505326,25.80191548620082,25.801915486047704,161.2614288330078,Green,NORMAL
2018-11-05,33.25140092027224,28.655940878868197,27.618317488642603,27.476218452495345,160.86160278320312,Green,NORMAL
2018-11-06,36.101356084460846,33.01310098697336,32.14841482900279,31.58223678905832,162.0802459716797,Green,NORMAL
2018-11-07,41.106299550006206,39.29866364233398,38.75102907572943,38.302897215133584,167.1642608642578,Green,NORMAL
2018-11-08,45.97806628103936,44.98641220756041,44.67416442838505,44.39508421787926,166.09799194335938,Green,NORMAL
2018-11-09,45.83969251823427,45.14716055966941,44.922417766364774,44.708730829283326,163.2989044189453,Green,NORMAL
2018-11-12,33.30533923209563,31.074386021926962,30.33276868283196,29.59483662914468,158.35768127441406,Green,ELEVATED
2018-11-13,29.298817624051992,25.715702219783353,24.522008328680883,23.329542866047653,158.49093627929688,Yellow,ELEVATED
2018-11-14,24.001536715136055,19.444664913713176,19.046766950012355,18.649278462467944,157.28184509277344,Yellow,ELEVATED
2018-11-15,24.243154856622777,19.02897994342871,17.88832419417414,17.755828031659334,160.0332794189453,Red,NORMAL
2018-11-16,25.962487726875167,21.04826157167281,19.609320371653176,18.506432367213467,159.47152709960938,Red,NORMAL
2018-11-19,24.8045844802774,19.369332287863337,17.623959618741257,16.981269730760538,154.29229736328125,Red,ELEVATED
2018-11-20,21.01735673847609,14.453291192856588,13.871500303149228,13.657270340488989,151.53134155273438,Red,ELEVATED
2018-11-21,21.40891936886503,13.921823446251118,13.727893149681996,13.656483162128584,152.683349609375,Red,ELEVATED
2018-11-23,22.535413446028883,13.163537756322585,12.93618248407898,12.91237915489451,151.5789337158203,Red,ELEVATED
2018-11-26,24.25603376073031,14.429555249466272,14.119253069709972,14.111318626648481,155.08255004882812,Red,NORMAL
2018-11-27,27.39518078026476,19.417190989995778,17.746257945683354,16.176114146935866,155.606201171875,Red,NORMAL
2018-11-28,38.611793959108184,33.60121555242804,32.26048837879374,30.95335762034775,160.61407470703125,Green,NORMAL
2018-11-29,40.6221901877933,37.50553981393801,36.57647823218371,35.658615455492196,160.0904083251953,Green,NORMAL
2018-11-30,42.34601916257919,40.38902844659091,39.77330549999398,39.16131548841797,161.25192260742188,Blue,NORMAL
2018-12-03,48.22177871631513,47.110394848634115,46.75213599009572,46.39512144323096,164.07003784179688,Blue,NORMAL
2018-12-04,33.021124036879065,29.044291315087378,27.722747884719684,26.4177938347399,157.77688598632812,Green,ELEVATED
2018-12-06,25.427830034499628,19.230891049842278,17.97096390970576,17.535979226379162,158.8907928466797,Green,ELEVATED
2018-12-07,19.070479493605895,12.515481313534927,12.095505600156088,11.950510705713889,153.64492797851562,Yellow,ELEVATED
2018-12-10,16.465115033747175,10.11483786261241,9.974845958152796,9.926514326672063,155.25393676757812,Yellow,ELEVATED
2018-12-11,15.831775894175177,9.266405726019144,9.21974175786594,9.203631214039028,155.76805114746094,Red,ELEVATED
2018-12-12,16.66900736194529,9.604161750337722,9.588607094286653,9.583236913011016,157.13897705078125,Red,ELEVATED
2018-12-13,17.194908918592063,9.293201122130284,9.288016236779928,9.286226176354715,157.18663024902344,Red,ELEVATED
2018-12-14,15.396284184896519,8.16932603052037,8.167597735403586,8.16700104859518,153.35931396484375,Red,ELEVATED
2018-12-17,12.287700659506413,6.683807200640287,6.683231102268026,6.683032206665224,149.88421630859375,Red,ELEVATED
2018-12-18,11.129399431545144,6.28874976007125,6.288557727280496,6.288491428746228,150.82676696777344,Red,ELEVATED
2018-12-19,9.558249976960006,5.477570456839079,5.477506445908826,5.477484346397404,147.1232147216797,Red,ELEVATED
2018-12-20,8.728541475726793,4.840074228279076,4.840052891302325,4.8400455247985175,144.9906005859375,Red,ELEVATED
2018-12-21,7.794930924261976,4.29460850844607,4.294601396120487,4.294598940619218,140.4969024658203,Red,ELEVATED
2018-12-24,6.5982047444219525,3.464763939149984,3.464761568374789,3.464760749874366,137.01280212402344,Red,EXTREME
2018-12-26,6.944414147540102,3.711044990227223,3.711044199968825,3.711043927135351,145.5677490234375,Red,ELEVATED
2018-12-27,7.983717617945583,4.939261232174622,4.939260968755155,4.939260877810664,146.13108825683594,Red,ELEVATED
2018-12-28,10.961921929856365,7.98043646793271,7.980436380126222,7.9804363498113915,146.05467224121094,Red,REVERSAL
2018-12-31,14.174297928333528,11.458247218803422,11.45824718953459,11.458247179429648,147.28636169433594,Red,REVERSAL
2019-01-02,14.932347358533583,12.74921934424577,12.749219334489492,12.749219331121179,147.8783721923828,Red,REVERSAL
2019-01-03,11.296100010839389,9.290612894965673,9.290612891713582,9.290612890590811,143.047119140625,Red,REVERSAL
2019-01-04,16.306687085521038,14.036339528377948,14.036339527293919,14.036339526919662,149.16732788085938,Green,REVERSAL
2019-01-07,20.020618355108894,17.441171959299247,16.947169169033184,16.947169168908435,150.94320678710938,Green,REVERSAL
2019-01-08,22.834859704156088,21.063712300505234,20.595267390956224,20.29149007812098,152.30860900878906,Green,REVERSAL
2019-01-09,25.4541308931581,24.408082456083996,24.100045496504165,23.846897735828918,153.54981994628906,Blue,NORMAL
2019-01-10,28.58973898480754,28.013223187854265,27.834599873129235,27.674272958039072,153.98899841308594,Blue,NORMAL
2019-01-11,31.08066440914054,30.77457598452516,30.677062715517614,30.585648246388345,153.42568969726562,Blue,NORMAL
2019-01-14,28.70219677017605,28.075001583877672,27.867441923732958,27.661915196881004,152.0699005126953,Blue,NORMAL
2019-01-15,30.67142953867132,30.199781620858566,30.043067448905898,29.88703092138415,155.03929138183594,Blue,NORMAL
2019-01-16,34.88127494658436,34.59276754612346,34.49676567952035,34.40098969439422,155.0106658935547,Blue,NORMAL
2019-01-17,39.777191508651356,39.61537666123607,39.561494134392255,39.5076869013741,156.2327880859375,Blue,NORMAL
2019-01-18,43.15421299783259,43.067451858396666,43.038550063794005,43.00967336713324,157.77957153320312,Blue,NORMAL
2019-01-22,42.2401790055348,42.01190448890741,41.93581917843471,41.859742233942654,154.61920166015625,Blue,ELEVATED
2019-01-23,42.31739980381533,42.02867550069848,41.93243613134946,41.83619955066065,154.81968688964844,Blue,NORMAL
2019-01-24,44.75621008325693,44.553652250097464,44.486133660718735,44.4186160008934,155.8222198486328,Blue,NORMAL
2019-01-25,47.73428879023197,47.61361131311855,47.57338571686111,47.53316043045479,157.68409729003906,Blue,NORMAL
2019-01-28,49.22222732225264,49.155422396851364,49.133154164866625,49.11088603616559,155.73626708984375,Blue,NORMAL
2019-01-29,50.03094240821408,49.99538454989859,49.983531955954206,49.97167939643772,154.2659149169922,Blue,NORMAL
2019-01-30,57.901447916486255,57.88295052212355,57.8767847325007,57.8706189543538,158.19007873535156,Blue,NORMAL
2019-01-31,64.1655397573665,64.1560515717835,64.15288884608852,64.14972612421884,160.55799865722656,Blue,NORMAL
2019-02-01,66.47659858856275,66.47177466630403,66.47016669316201,66.46855872129511,159.8800811767578,Blue,NORMAL
2019-02-04,70.15233492060084,70.14989634964907,70.1490834929799,70.14827063673576,161.86602783203125,Blue,NORMAL
2019-02-05,70.61077530080766,70.58567561761319,70.57730905665329,70.56894249583506,163.29824829101562,Blue,NORMAL
2019-02-06,70.7473641213831,70.72685414721302,70.72001748919129,70.71318083121679,162.81130981445312,Blue,NORMAL
2019-02-07,65.19558426656619,65.01123492973463,64.94978515080244,64.88833537188599,160.6248016357422,Blue,NORMAL
2019-02-08,62.14259168549485,61.678583483830224,61.523914083279244,61.36924468273351,160.93991088867188,Blue,NORMAL
2019-02-11,60.542440681407506,59.97208234727002,59.781962902558824,59.59184345784938,160.78713989257812,Blue,NORMAL
2019-02-12,64.16666409228799,63.76870018078419,63.636045543616675,63.503390906449766,163.16456604003906,Blue,NORMAL
2019-02-13,67.9426673316361,67.70609046107252,67.62723150421814,67.54837254736395,163.2791290283203,Blue,NORMAL
2019-02-14,72.47903143280945,72.31999955370155,72.26698892733229,72.2139783009631,163.4796600341797,Blue,NORMAL
2019-02-15,76.79191239796778,76.69881531047179,76.66778294797315,76.63675058547452,164.16708374023438,Blue,NORMAL
2019-02-19,78.94759243998661,78.87264531914681,78.84766294553356,78.82268057192032,164.49172973632812,Blue,NORMAL
2019-02-20,82.5697098777833,82.4988985972217,82.47529483703448,82.4516910768473,164.46311950683594,Blue,NORMAL
2019-02-21,82.02746420054093,81.93917081326845,81.90973968417762,81.8803085550868,163.861572265625,Blue,NORMAL
2019-02-22,83.46085172946195,83.37520425905072,83.34665510224697,83.31810594544322,165.07420349121094,Blue,NORMAL
2019-02-25,83.69141941847778,83.61089056323607,83.58404761148881,83.55720465974157,165.6756591796875,Blue,NORMAL
2019-02-26,82.55676856201191,82.40844964993457,82.35901001257544,82.30957037521634,165.84754943847656,Blue,NORMAL
2019-02-27,81.35345040690846,81.09375021993985,81.0071834909503,80.92061676196077,165.7425079345703,Blue,NORMAL
2019-02-28,79.41715958590984,78.91751987378223,78.75097330307301,78.58442673236381,165.36061096191406,Blue,NORMAL
2019-03-01,81.09038018305968,80.36356448189255,80.1212925815035,79.87902068111444,166.50636291503906,Blue,NORMAL
2019-03-04,78.60334026855496,77.71569942793695,77.41981914773095,77.12393886752494,166.53494262695312,Blue,NORMAL
2019-03-05,77.05454578581649,75.830512285496,75.42250111872251,75.014489951949,166.65914916992188,Blue,NORMAL
2019-03-06,71.32393451631785,67.73244569782042,66.5352827583213,65.33811981882216,165.71388244628906,Blue,NORMAL
2019-03-07,62.95051710542752,55.92409363867753,53.58195248309421,51.23981132751088,163.6801300048828,Yellow,NORMAL
2019-03-08,63.661453799496684,53.99886640806571,50.77800394425538,48.7578852068578,163.4319305419922,Yellow,NORMAL
2019-03-11,69.80488960372217,60.2115644386547,57.0137893836322,54.21626223741396,166.8309783935547,Yellow,NORMAL
2019-03-12,74.26042125774131,65.51986103264579,62.60634095761395,59.82623685218353,167.74755859375,Green,NORMAL
2019-03-13,80.18966275829072,72.95472839683347,70.54308360968108,68.17591081239578,169.0078582763672,Green,NORMAL
2019-03-14,81.08683851002111,74.49549786437822,72.2983843158306,70.11609476390535,168.72146606445312,Blue,NORMAL
2019-03-15,82.21687765039414,76.21290228371241,74.21157716148514,72.21519337146536,170.287353515625,Blue,NORMAL
2019-03-18,84.8991287846479,80.24686841307582,78.69611495588511,77.14700860943023,170.69288635253906,Blue,NORMAL
2019-03-19,82.79889541966114,77.9330910044647,76.31115619939919,74.68977043124565,171.266845703125,Blue,NORMAL
2019-03-20,78.11421398404535,72.94271810969921,71.21888615158383,69.49523720577241,171.94595336914062,Blue,NORMAL
2019-03-21,81.285022603052,76.64708719362963,75.10110872382216,73.55519125811603,174.6337890625,Blue,NORMAL
2019-03-22,71.19721285568075,65.01796738244201,62.958218891362435,60.8984907349833,170.798095703125,Blue,NORMAL
2019-03-25,67.61868755819339,59.28050000984262,56.50110416039236,53.72171508917559,170.47288513183594,Blue,NORMAL
2019-03-26,69.82499708178645,60.93394246758949,57.97025759619049,55.00657498420268,171.266845703125,Blue,NORMAL
2019-03-27,67.86849881897679,57.51977449576,54.0701997213544,51.929024786448856,170.16685485839844,Blue,NORMAL
2019-03-28,69.42956937017337,59.193182335136655,55.78105332345774,53.116411359330726,170.5590057373047,Blue,NORMAL
2019-03-29,77.09904533334098,68.54242512190208,65.69021838475578,63.08717399679344,171.85035705566406,Blue,NORMAL
2019-04-01,82.70914573406961,75.94246249426553,73.68690141433083,71.51439445079079,174.12689208984375,Blue,NORMAL
2019-04-02,84.75313191365896,80.01439942267315,78.43482192567788,76.8829291341475,174.78684997558594,Blue,NORMAL
2019-04-03,86.31753797271377,83.1896256382485,82.14698819342674,81.11357898375995,175.7911834716797,Blue,NORMAL
2019-04-04,89.19608941362159,87.37928455006482,86.77368292887924,86.17115738607865,175.7242431640625,Blue,NORMAL
2019-04-05,90.85046414797488,89.8577788174218,89.52688370723743,89.19701395651472,176.63294982910156,Blue,NORMAL
2019-04-08,91.80154360488052,91.2751535150124,91.09969015172304,90.9245685749209,177.0825653076172,Blue,NORMAL
2019-04-09,90.46444551139115,90.01382580409324,89.86361923499393,89.7135265947237,176.4607696533203,Blue,NORMAL
2019-04-10,90.26428486743342,89.71836210549651,89.53638785151753,89.35445157381494,177.4077606201172,Blue,NORMAL
2019-04-11,88.93468586490206,88.00320420894874,87.69271032363096,87.38222909707196,176.9868621826172,Blue,NORMAL
2019-04-12,89.24304343644884,88.17237918347723,87.81549109915335,87.45860723441574,177.75210571289062,Blue,NORMAL
2019-04-15,88.73934781214962,87.47372871066548,87.05185567683745,86.62998404953815,177.78077697753906,Blue,NORMAL
2019-04-16,88.05511930438658,86.50158041475619,85.98373411821272,85.46588829051217,178.39295959472656,Blue,NORMAL
2019-04-17,85.99825525634435,83.92445016384416,83.23318179967742,82.54191359179165,179.01470947265625,Blue,NORMAL
2019-04-18,85.47921639857944,82.7647429419899,81.85991845646005,80.95509402302385,179.24424743652344,Blue,NORMAL
2019-04-22,82.48831624060392,78.459910042196,77.11710797606003,75.77430592728861,179.75125122070312,Blue,NORMAL
2019-04-23,85.10060878053801,80.68907141351856,79.21855895784542,77.74804650796045,182.0373077392578,Blue,NORMAL
2019-04-24,85.7543275059706,81.37737708735571,79.91839361448407,78.45941014354185,181.46340942382812,Blue,NORMAL
2019-04-25,84.49049974104744,80.04910891864938,78.56864531118336,77.08818170436048,182.19998168945312,Blue,NORMAL
2019-04-26,85.93706893725151,81.91505443280005,80.57438293131624,79.2337114300468,182.36257934570312,Blue,NORMAL
2019-04-29,85.61037819793907,81.32900937296252,79.90188643130368,78.4747634897163,182.71646118164062,Blue,NORMAL
2019-04-30,84.3768600727137,80.08789541375293,78.6582405274327,77.22858564113625,181.30081176757812,Blue,NORMAL
2019-05-01,80.04829297340984,75.09743945066086,73.44715494307786,71.79687043550281,180.7173614501953,Blue,NORMAL
2019-05-02,78.60127213037595,73.0178622629119,71.1567256404239,69.29558901793854,179.93299865722656,Yellow,NORMAL
2019-05-03,81.89878262931724,76.85124825744427,75.16873680015328,73.48622534286316,182.8025360107422,Yellow,NORMAL
2019-05-06,81.02375245893067,76.80023396722497,75.39239446998975,73.98455497275481,181.6833953857422,Yellow,NORMAL
2019-05-07,71.75719701694155,64.41110226638786,61.962404016203294,59.513705766018816,178.144287109375,Yellow,NORMAL
2019-05-08,67.0648851254882,56.19491081114441,52.799954125242124,51.98372137518063,177.69476318359375,Yellow,NORMAL
2019-05-09,66.72799086393755,54.21868083818778,50.97301386385553,50.70093628050169,176.73822021484375,Yellow,NORMAL
2019-05-10,65.82482663337443,52.17647371986247,49.57316763334708,49.48247510556247,176.95819091796875,Red,NORMAL
2019-05-13,56.54541656693226,40.99596559576161,40.128196900256484,40.09796605766161,170.81729125976562,Red,ELEVATED
2019-05-14,54.92150917172191,38.738358847998356,38.449102616163316,38.43902566863169,172.6920166015625,Red,NORMAL
2019-05-15,55.477039990521774,39.08265654928059,38.98623780533558,38.982878822825036,175.13121032714844,Red,NORMAL
2019-05-16,60.12013337270501,43.65533889229128,43.623199310976275,43.622079650139426,176.89122009277344,Red,NORMAL
2019-05-17,55.91732822732203,39.42906340051745,39.418350206745785,39.41797698646683,175.08340454101562,Red,NORMAL
2019-05-20,54.08972745195895,37.59363917635743,37.59006811176687,37.58994370500722,172.12771606445312,Red,NORMAL
2019-05-21,57.63838812993308,41.13969203806591,41.138501683202385,41.1384602142825,173.92599487304688,Red,NORMAL
2019-05-22,55.613721951155696,39.80922468376275,39.11375980224547,39.113745979272174,173.1511993408203,Red,NORMAL
2019-05-23,49.565434625828274,33.58707722386757,33.0654472428582,33.06544263520043,170.50157165527344,Red,NORMAL
2019-05-24,46.81778810975554,30.491668975768636,30.31779231543218,30.317790779546257,170.41551208496094,Red,NORMAL
2019-05-28,43.15391999475353,27.2247620593838,26.653921396645742,26.65392088468377,169.77467346191406,Red,NORMAL
2019-05-29,38.73917474707129,22.429455435281383,22.239175214368696,22.239175043714706,168.37811279296875,Red,NORMAL
2019-05-30,38.150958118583475,21.7143850146535,21.650958274349275,21.650958217464613,169.08595275878906,Red,NORMAL
2019-05-31,34.51207502051523,20.228124726612645,20.20698247984457,20.206982460883015,166.38851928710938,Red,NORMAL
2019-06-03,31.71925586538689,18.995902063715654,18.9888546481263,18.98885464180578,162.7249755859375,Red,NORMAL
2019-06-04,41.96532692262888,28.385161131910806,26.72185985020868,26.721859848101843,167.30679321289062,Red,NORMAL
2019-06-05,48.535203509547756,37.102738032839014,34.24638975678184,32.45404781803874,168.55027770996094,Red,NORMAL
2019-06-06,53.41790493498557,44.65540491257019,42.05272942160253,39.80472270973956,169.88943481445312,Red,NORMAL
2019-06-07,58.475476945597435,52.577176902202744,50.717129504350325,48.97530503286615,173.1703338623047,Green,NORMAL
2019-06-10,62.14945140755074,58.69461804179105,57.57835779207532,56.50150518448234,175.18858337402344,Green,NORMAL
2019-06-11,62.32272616462426,60.237403749001416,59.55407990119519,58.88389193409655,175.4276580810547,Blue,NORMAL
2019-06-12,64.44399334435258,63.282030225626826,62.89863706074093,62.51962252275756,174.41384887695312,Blue,NORMAL
2019-06-13,67.48521442015785,66.86446555715685,66.65885856105297,66.45471110724993,175.44686889648438,Blue,NORMAL
2019-06-14,65.79185295722391,65.1917470633996,64.9921481959792,64.7930358426591,174.70077514648438,Blue,NORMAL
2019-06-17,63.3226770507121,62.52272663719201,62.25622197619232,61.9898794865594,175.75294494628906,Blue,NORMAL
2019-06-18,69.14142256884341,68.57481487321405,68.38599413361771,68.19722745114362,178.306884765625,Blue,NORMAL
2019-06-19,72.11021600998339,71.77136799921229,71.65843482638195,71.54551967259238,178.97647094726562,Blue,NORMAL
2019-06-20,73.98568648144227,73.79774775507124,73.73510690097869,73.67247205323305,180.6407928466797,Blue,NORMAL
2019-06-21,75.31038034229894,75.2102394054516,75.17686088917952,75.14348437502309,180.37301635742188,Blue,NORMAL
2019-06-24,74.56554414451584,74.31929756126046,74.23721596551212,74.15513503713565,180.3787078857422,Blue,NORMAL
2019-06-25,68.66027922559047,67.77569184707443,67.4808295871258,67.18596754963443,177.28231811523438,Blue,NORMAL
2019-06-26,67.53335270279524,66.3464607415189,65.950830154279,65.55519964119155,178.10678100585938,Blue,NORMAL
2019-06-27,72.60474687578174,71.76310147113745,71.48255302509564,71.20200460377133,178.7873992919922,Blue,NORMAL
2019-06-28,78.146658049503,77.64310220584548,77.47525026535064,77.30739833309494,179.01747131347656,Blue,NORMAL
2019-07-01,81.69429847441347,81.41494283880625,81.3218242960675,81.22870575607516,181.43325805664062,Blue,NORMAL
2019-07-02,83.93021228608396,83.78134189702087,83.73171843482105,83.6820949735367,182.15223693847656,Blue,NORMAL
2019-07-03,85.43262968458691,85.35513029963555,85.32929717159216,85.30346404385392,183.52313232421875,Blue,NORMAL
2019-07-05,86.69740854806096,86.65763745877867,86.64438042910915,86.63112339954134,183.1492156982422,Blue,NORMAL
2019-07-08,84.43941396046476,84.41875392244364,84.41186724313368,84.40498056385763,181.86465454101562,Blue,NORMAL
2019-07-09,83.80387872756233,83.68066033575845,83.63958753850062,83.5985147412541,182.77537536621094,Blue,NORMAL
2019-07-10,84.08917169706625,83.89325335606652,83.82794724240333,83.76264112874391,184.59674072265625,Blue,NORMAL
2019-07-11,83.0351111044093,82.8442051355435,82.78056981258936,82.7169344896365,184.4625701904297,Blue,NORMAL
2019-07-12,84.4849360247021,84.35850077414723,84.31635569062931,84.27421060711181,185.52664184570312,Blue,NORMAL
2019-07-15,84.32932210924413,84.25577706192604,84.23126204615346,84.20674703038102,186.12106323242188,Blue,NORMAL
2019-07-16,83.55249289163356,83.3885799772943,83.33394233918125,83.27930470106824,185.16233825683594,Blue,NORMAL
2019-07-17,79.24164027102968,77.97179587113331,77.5485144045012,77.1252329378691,184.25167846679688,Blue,NORMAL
2019-07-18,79.75563093209408,77.93286240401476,77.32527289465499,76.7176833852952,184.4625701904297,Blue,NORMAL
2019-07-19,77.0758453969347,74.07688909296243,73.07723699163836,72.07758489031426,183.11087036132812,Blue,NORMAL
2019-07-22,74.70709998079643,70.00677316272164,68.43999755669672,66.87322195067179,184.56802368164062,Blue,NORMAL
2019-07-23,77.77273703063585,72.85150080234669,71.2110887262503,69.57067665015391,185.7759246826172,Blue,NORMAL
2019-07-24,82.60614803378098,78.49868359794137,77.12952878599482,75.76037397404829,187.07965087890625,Blue,NORMAL
2019-07-25,82.27305102809535,78.3205436473883,77.00304118715262,75.68553872691693,185.30616760253906,Blue,NORMAL
2019-07-26,83.9823469756951,80.33345468941249,79.11715726065161,77.90085983189076,187.21388244628906,Blue,NORMAL
2019-07-29,84.15459545654483,80.61591908698273,79.43636029712869,78.25680150727466,186.57156372070312,Blue,NORMAL
2019-07-30,84.48890555622201,81.14468507374514,80.02994491291952,78.91520475209389,185.766357421875,Blue,NORMAL
2019-07-31,79.51108117451666,75.01984784099074,73.52277006314877,72.02569228530677,183.1971435546875,Yellow,NORMAL
2019-08-01,70.76912553826067,62.5834756532352,59.85492569156004,57.27399590852403,182.2864532470703,Yellow,NORMAL
2019-08-02,61.172640743265035,48.47534726272036,46.534574127698164,45.67426420001949,179.60227966308594,Yellow,NORMAL
2019-08-05,49.89720195756604,34.66477079738448,34.01784641904375,33.731076443150855,173.25599670410156,Yellow,ELEVATED
2019-08-06,50.05032234928715,33.9728452958933,33.757203836446386,33.66161384448209,175.681396484375,Red,ELEVATED
2019-08-07,51.0674526264777,34.70829360867975,34.63641312219745,34.60454979154269,176.6304473876953,Red,NORMAL
2019-08-08,59.195659271648296,42.74260626571564,42.71864610355487,42.708024993336615,180.47459411621094,Red,NORMAL
2019-08-09,57.708361609972386,41.224010607994835,41.216023887274574,41.212483517201825,178.77781677246094,Red,NORMAL
2019-08-12,57.868511489460005,41.37372782213416,41.37106558189407,41.36988545853649,176.726318359375,Red,ELEVATED
2019-08-13,60.87390027400998,44.37563905156803,44.37475163815467,44.37435826370214,180.59922790527344,Green,NORMAL
2019-08-14,50.802129099002826,34.30270869152218,34.30241288705106,34.30228176223355,175.20205688476562,Green,ELEVATED
2019-08-15,44.77386910775867,28.274062305265126,28.273963703774754,28.273919995502254,175.00074768066406,Green,ELEVATED
2019-08-16,46.48342612053222,29.983490519701036,29.98345765253758,29.983443083113414,177.80958557128906,Green,NORMAL
2019-08-19,54.85545077078143,38.35547223717104,38.35546128144989,38.355456424975166,180.6376190185547,Green,NORMAL
2019-08-20,51.60525161123055,35.105258766693744,35.105255114786694,35.10525349596179,179.2379608154297,Green,NORMAL
2019-08-21,56.65223559939264,41.07960861305935,40.15223676724469,40.15223622763639,180.82928466796875,Green,NORMAL
2019-08-22,58.52058530604958,42.79654165958353,42.02058569533361,42.02058551546418,180.24456787109375,Green,NORMAL
2019-08-23,48.004721767751306,31.76337388559595,31.504721897512642,31.504721837556165,174.54058837890625,Green,NORMAL
2019-08-26,47.50147689127539,31.087694263890263,31.001476934529165,31.001476914543673,177.17689514160156,Green,NORMAL
2019-08-27,46.279594386736946,29.90376976116142,29.77959440115487,29.77959439449304,176.80299377441406,Green,ELEVATED
2019-08-28,47.53191700276,33.85594445406681,31.075431220675288,31.03191700534537,177.43569946289062,Green,NORMAL
2019-08-29,54.777634470326475,45.4825821104003,42.97694608470475,41.38364306502974,180.14866638183594,Green,NORMAL
2019-08-30,58.5667464052772,52.60453847456536,50.81470741797692,49.32898736339531,179.71725463867188,Green,NORMAL
2019-09-03,53.609132646059706,48.867535805454196,47.3528607209131,45.93955597037426,177.97250366210938,Green,NORMAL
2019-09-04,60.66177711681482,57.70414773809553,56.74022367707601,55.81008972739058,180.54171752929688,Green,NORMAL
2019-09-05,68.19108466019324,66.51665965136142,65.96583544793533,65.42627461495395,183.84901428222656,Green,NORMAL
2019-09-06,69.04394281883819,68.09736454820933,67.78427761339454,67.47494513539466,183.66690063476562,Blue,NORMAL
2019-09-09,68.62740062519083,67.81654946363875,67.54707879491967,67.27885961180556,183.283447265625,Blue,NORMAL
2019-09-10,71.50388386166591,70.98593760547732,70.81355987068055,70.64159929775211,182.75616455078125,Blue,NORMAL
2019-09-11,75.37258882197735,75.07610880207888,74.97737246786808,74.8787751876134,184.47215270996094,Blue,NORMAL
2019-09-12,75.3066608158949,74.93628309201094,74.81285396374584,74.68947118679947,185.2390594482422,Blue,NORMAL
2019-09-13,76.0090867591247,75.72120615920447,75.62525599690758,75.52932128505027,184.57760620117188,Blue,NORMAL
2019-09-16,77.30234761356792,77.12417673428172,77.0647897870785,77.0054079900218,183.75314331054688,Blue,NORMAL
2019-09-17,78.22250923723453,78.12201360448273,78.08851617552953,78.05502046329184,184.6351318359375,Blue,NORMAL
2019-09-18,77.06844400850235,77.01439279442356,76.99637609482977,76.97835996747446,184.55841064453125,Blue,NORMAL
2019-09-19,76.06683073968091,76.03853733340722,76.02910632190459,76.01967550114811,184.86520385742188,Blue,NORMAL
2019-09-20,75.00599122728072,74.9914219243991,74.98656553141255,74.98170920200803,182.90957641601562,Blue,NORMAL
2019-09-23,75.97347914419252,75.96605362617014,75.96357846726511,75.9611033295541,182.99026489257812,Blue,NORMAL
2019-09-24,73.7615087000525,73.32057450634744,73.17359644636879,73.02661839345481,180.5599822998047,Yellow,NORMAL
2019-09-25,74.82440742059076,74.32766599134027,74.16208551645335,73.9965050439213,182.58676147460938,Yellow,NORMAL
2019-09-26,72.84179378815969,71.79636201134625,71.44788475291841,71.09940749527551,181.91441345214844,Yellow,NORMAL
2019-09-27,67.50022074084725,64.46691765810003,63.45581663068761,62.444715603536835,179.6570281982422,Yellow,NORMAL
2019-09-30,67.97574231690014,64.20675528713524,62.95042627727025,61.69409726749251,181.36685180664062,Yellow,NORMAL
2019-10-01,60.81809198920316,54.16318022124584,51.94487629861228,49.726572376007795,179.88754272460938,Yellow,NORMAL
2019-10-02,51.29952555986553,39.95126619569524,37.34178699633523,36.602352355467076,176.79454040527344,Yellow,ELEVATED
2019-10-03,46.57692801227311,31.794174890883006,30.92434849109634,30.677870277473623,178.7349090576172,Red,NORMAL
2019-10-04,49.90232079049562,33.974736416698924,33.6847942834367,33.6026348788958,181.36685180664062,Yellow,NORMAL
2019-10-07,48.04519421228375,31.735999421018185,31.63935204326411,31.611965575083808,180.8193359375,Yellow,NORMAL
2019-10-08,42.12680388842399,25.690405624668806,25.658189832084112,25.649061009357347,178.11050415039062,Yellow,ELEVATED
2019-10-09,43.39634887801997,26.917549456768242,26.90681085924001,26.90376791833109,179.84913635253906,Yellow,NORMAL
2019-10-10,47.64483389889335,31.15190075847611,31.148321225966697,31.147306912330393,181.24200439453125,Green,NORMAL
2019-10-11,55.90632849404591,41.299711208981776,39.40749093640369,39.407152831858255,183.57615661621094,Green,NORMAL
2019-10-14,57.763445119819465,44.867104468168904,41.56054163621092,41.26371989909025,183.55699157714844,Blue,NORMAL
2019-10-15,63.32197677154688,53.55036956073765,50.6239062855542,48.70069004198319,185.89117431640625,Blue,NORMAL
2019-10-16,63.53924886726645,55.857047897422746,53.40656061694805,51.29048901367751,185.4301300048828,Blue,NORMAL
2019-10-17,66.90457243881487,60.633618144913314,58.58004883899275,56.637951425473574,185.92007446289062,Blue,NORMAL
2019-10-18,63.42582690411047,57.68395751527758,55.782250649682155,53.91770108155386,184.13330078125,Blue,NORMAL
2019-10-21,66.60518068558376,61.99153364665105,60.457734499456436,58.93632111808421,185.76634216308594,Blue,NORMAL
2019-10-22,66.25512344306009,62.54947046153275,61.31561386739574,60.08588586186619,184.28701782226562,Blue,NORMAL
2019-10-23,69.79477372023194,67.47567074211462,66.7030901048662,65.93188566382028,184.6424560546875,Blue,NORMAL
2019-10-24,71.32889763738372,70.01392065254049,69.575746220523,69.13803052057298,186.43873596191406,Blue,NORMAL
2019-10-25,74.66952311818514,73.96022612716868,73.7238442066955,73.48761519691149,187.92764282226562,Blue,NORMAL
2019-10-28,76.20819120774523,75.68045724048315,75.50456272135102,75.32871917244859,189.78150939941406,Blue,NORMAL
2019-10-29,79.35071020056154,79.02914805967923,78.92196628048131,78.81480149135996,188.3118438720703,Blue,NORMAL
2019-10-30,81.60091013419391,81.420897344669,81.3608949485261,81.30089821574204,189.22439575195312,Blue,NORMAL
2019-10-31,82.91718048244175,82.82076351465138,82.78862514773193,82.75648866859879,189.31088256835938,Blue,NORMAL
2019-11-01,85.13081100256477,85.08046566099361,85.06368408791789,85.04690314410428,191.03028869628906,Blue,NORMAL
2019-11-04,85.29667605809398,84.93962790697198,84.8206119257473,84.70159615427667,192.21180725097656,Blue,NORMAL
2019-11-05,85.66947282744547,85.07303192510565,84.87421831404215,84.67540477289668,192.31747436523438,Blue,NORMAL
2019-11-06,86.13910878759967,85.52666953305904,85.32252312256209,85.11837673537116,191.88519287109375,Blue,NORMAL
2019-11-07,86.09178205377901,85.34965963094068,85.10228549255567,84.85491136193932,192.52880859375,Blue,NORMAL
2019-11-08,86.25193240176473,85.35232373071179,85.05245417454783,84.75258462097344,193.29730224609375,Blue,NORMAL
2019-11-11,86.00986130563875,84.97241615023435,84.62660109871746,84.28078604806373,193.0379180908203,Blue,NORMAL
2019-11-12,85.6444487180412,84.63687711704635,84.3010199168096,83.96516271686056,193.59503173828125,Blue,NORMAL
2019-11-13,84.66662600365683,83.45529417456186,83.05151689822848,82.64773962199102,193.64309692382812,Blue,NORMAL
2019-11-14,84.76324402142097,83.21524071539652,82.69923961339892,82.18323851143327,193.48931884765625,Blue,NORMAL
2019-11-15,85.86691467380699,84.08544118196912,83.49161668469333,82.89779218742822,194.9110565185547,Blue,NORMAL
2019-11-18,86.36312980709391,84.79347015656643,84.27025027305842,83.747030389554,195.06472778320312,Blue,NORMAL
2019-11-19,85.35921666970471,83.54599587623812,82.94158894508297,82.33718201392901,195.35289001464844,Blue,NORMAL
2019-11-20,84.12525235791504,81.59763316622524,80.7550934356621,79.91255370509936,194.18096923828125,Blue,NORMAL
2019-11-21,81.71300499472589,78.32769593945105,77.19925958769281,76.07082323593468,193.74874877929688,Blue,NORMAL
2019-11-22,80.33303870194567,76.70339997949827,75.49352040534916,74.28364083120006,193.87356567382812,Blue,NORMAL
2019-11-25,84.42911054374619,81.64017926341917,80.71053550331018,79.78089174320118,196.16937255859375,Blue,NORMAL
2019-11-26,87.12468667956524,85.20553876775617,84.56582279715316,83.92610682655014,196.5439910888672,Blue,NORMAL
2019-11-27,88.13478613224567,86.88150298162594,86.46374193141938,86.04598088121278,197.91761779785156,Blue,NORMAL
2019-11-29,88.31184790266775,87.37462965134172,87.06222356756638,86.74981748379102,197.01470947265625,Blue,NORMAL
2019-12-02,84.05302337496333,82.47177410729492,81.94469101807212,81.4176079288493,194.9974822998047,Blue,NORMAL
2019-12-03,77.8396862428329,73.90626315888579,72.5951221309034,71.28398110292103,193.4701385498047,Yellow,NORMAL
2019-12-04,77.74677251865474,73.06026097247688,71.49809045708426,69.93591994169165,194.44993591308594,Yellow,NORMAL
2019-12-05,77.73532989679065,73.5700010320225,72.18155807709978,70.79311512217708,194.83413696289062,Yellow,NORMAL
2019-12-06,83.40390626189318,80.71388413228271,79.81721008907921,78.92053604587572,196.9185791015625,Yellow,NORMAL
2019-12-09,85.71165562265126,84.1641919921039,83.64837078192144,83.13254957173898,196.02529907226562,Yellow,NORMAL
2019-12-10,85.57130944997466,84.50342243917584,84.14746010224289,83.79149776530993,195.86204528808594,Yellow,NORMAL
2019-12-11,86.37940954729797,85.65398983089017,85.41218325875423,85.17037668661828,196.89939880371094,Yellow,NORMAL
2019-12-12,88.32470217233165,87.89816691045829,87.75598848983383,87.61381006920936,198.3690643310547,Green,NORMAL
2019-12-13,89.06951351872334,88.83497075323017,88.7567898313991,88.67860890956806,199.02230834960938,Green,NORMAL
2019-12-16,89.69265770489433,89.56514790924001,89.52264464402192,89.48014137880381,201.02032470703125,Green,NORMAL
2019-12-17,89.84620576695133,89.71501896759938,89.67129003448206,89.62756110136473,201.1355743408203,Blue,NORMAL
2019-12-18,90.33110057551576,90.16154116005376,90.10502135489975,90.04850154974575,201.28927612304688,Blue,NORMAL
2019-12-19,91.01604867668709,90.89661363036072,90.85680194825194,90.81699026614316,202.54762268066406,Blue,NORMAL
2019-12-20,91.7871256531718,91.71585635047683,91.69209991624517,91.66834348201354,203.36412048339844,Blue,NORMAL
2019-12-23,92.53619676654549,92.49671152202075,92.48354977384582,92.47038802567093,203.90127563476562,Blue,NORMAL
2019-12-24,92.90162787841079,92.88060172508935,92.87359300731552,92.86658428954169,204.0071563720703,Blue,NORMAL
2019-12-26,93.99018909078342,93.97924817043634,93.97560119698728,93.97195422353826,205.80738830566406,Blue,NORMAL
2019-12-27,93.72943171712984,93.5559583993386,93.49813396007487,93.44030952081113,205.6340789794922,Blue,NORMAL
2019-12-30,91.16406141412747,90.75797744852596,90.6226161266588,90.48725480479163,204.28639221191406,Blue,NORMAL
2019-12-31,91.48318040403576,90.91034296483305,90.71939715176546,90.5284513386979,204.67140197753906,Blue,NORMAL
2020-01-02,92.76901468013314,92.26785945423111,92.10080771226379,91.93375597029645,208.08888244628906,Blue,NORMAL
2020-01-03,90.64017661054943,89.97513821772043,89.75345875344411,89.53177928916776,206.18280029296875,Blue,NORMAL
2020-01-06,90.32008412270841,89.49622122883457,89.22160026420997,88.94697929958535,207.51129150390625,Blue,NORMAL
2020-01-07,89.51599605437083,88.00321740272524,87.49895785217672,86.99469830162818,207.48240661621094,Blue,NORMAL
2020-01-08,89.83963336492496,87.91008837364373,87.26690670988333,86.6237250461229,209.04188537597656,Blue,NORMAL
2020-01-09,91.20689799032854,89.43494947425734,88.84429996890024,88.25365046354318,210.8131866455078,Blue,NORMAL
2020-01-10,91.17359562640583,88.94846720878223,88.20675773624103,87.46504826369986,210.2741241455078,Blue,NORMAL
2020-01-13,93.38892581486255,91.48937358757699,90.85618951181513,90.22300543605328,212.7000274658203,Blue,NORMAL
2020-01-14,94.23098873963431,92.62988589066694,92.09618494101116,91.56248399135538,211.86251831054688,Blue,NORMAL
2020-01-15,93.75633126337979,92.26286797573235,91.76504687984989,91.2672257839674,211.9490966796875,Blue,NORMAL
2020-01-16,95.01141176792795,93.82439960721631,93.4287288869791,93.03305816674191,213.98036193847656,Blue,NORMAL
2020-01-17,95.60632917516793,94.69538149890502,94.39173227348405,94.08808304806308,215.039306640625,Blue,NORMAL
2020-01-21,93.12904575199202,91.66281013189155,91.17406492519137,90.6853197184912,214.94302368164062,Blue,NORMAL
2020-01-22,90.9468031294519,88.89694701707866,88.21366164628756,87.53037627549648,215.51097106933594,Blue,NORMAL
2020-01-23,91.06652696907656,88.5215229510045,87.6731882783138,86.8248536056231,216.2041015625,Blue,NORMAL
2020-01-24,85.29385074053394,81.03104129281388,79.61010481024051,78.18916832766715,214.38467407226562,Blue,NORMAL
2020-01-27,78.9914266778211,71.59393857162195,69.12810920288888,66.66227983415583,209.95645141601562,Yellow,NORMAL
2020-01-28,77.7291287579269,68.51656003571428,65.44570379497675,62.619413143371816,213.1813507080078,Yellow,NORMAL
2020-01-29,76.14253786880393,65.34989615271549,61.752348914019336,60.105965997285566,213.5279083251953,Yellow,NORMAL
2020-01-30,76.65597221889425,65.22346540224487,61.41262979669507,60.31044826172146,214.28842163085938,Yellow,NORMAL
2020-01-31,69.53986947612259,54.72903387057279,53.458755335389526,53.09136149039831,210.89022827148438,Yellow,NORMAL
2020-02-03,69.21334203620864,53.27639683435871,52.852970655964285,52.730506040967214,214.0766143798828,Yellow,NORMAL
2020-02-04,78.1547840457396,63.34834208676769,61.70132691899146,61.6605053806591,218.97653198242188,Green,NORMAL
2020-02-05,85.85369905901759,75.34183638379376,72.93403732045729,71.06163613360211,219.69857788085938,Green,NORMAL
2020-02-06,87.49029025872977,80.31858773087191,78.29340527549867,76.4466887789525,221.5950164794922,Blue,NORMAL
2020-02-07,85.9760984364116,80.21867066462292,78.42132309199759,76.68346417231461,220.6419677734375,Blue,NORMAL
2020-02-10,86.72608163368604,82.0880271410051,80.58260731610176,79.0970170421792,223.30857849121094,Blue,NORMAL
2020-02-11,88.21189253109401,84.59917015193578,83.4084621386576,82.22436397570632,223.3470458984375,Blue,NORMAL
2020-02-12,88.87328235884952,85.99408789583116,85.03886733474988,84.08585005711093,225.52268981933594,Blue,NORMAL
2020-02-13,88.93810590412829,86.46587588008381,85.64330284759947,84.82146424292927,225.23385620117188,Blue,NORMAL
2020-02-14,88.51728951013033,86.11003214365186,85.3081142355581,84.5064411367357,225.8788299560547,Blue,NORMAL
2020-02-18,84.87411333839361,82.53346758561344,81.75341940604196,80.97345282956091,225.9654541015625,Blue,NORMAL
2020-02-19,85.77125326768004,83.94544900699852,83.33690327722309,82.72838474847782,228.13150024414062,Blue,NORMAL
2020-02-20,85.85367533165095,84.61681065654636,84.20454099499543,83.79228040045454,226.0136260986328,Blue,NORMAL
2020-02-21,80.0327065920318,77.81095253816936,77.07037404137652,76.32979856692036,221.67208862304688,Blue,NORMAL
2020-02-24,66.01419820697431,57.56093789960637,54.743186526426385,53.77989553193717,213.12362670898438,Yellow,ELEVATED
2020-02-25,55.38888711655488,41.57113368076557,40.63188322303891,40.31078622487584,207.328369140625,Yellow,ELEVATED
2020-02-26,49.615930902582605,34.01001309065283,33.69692960474395,33.589897272022924,208.3969268798828,Red,ELEVATED
2020-02-27,38.15370215647267,21.951729552496076,21.847368390526448,21.811690946286106,197.961669921875,Red,EXTREME
2020-02-28,33.066387210075575,16.89397041615745,16.859183362167578,16.84729088075413,198.11573791503906,Red,EXTREME
2020-03-02,36.33480619756417,19.94400059959146,19.93240491492817,19.92844075445702,208.3391571044922,Red,EXTREME
2020-03-03,33.944821961777514,17.663627503194014,17.65976227497292,17.6584408881492,201.65826416015625,Red,EXTREME
2020-03-04,42.18839921343251,25.761334393904672,25.76004598449764,25.75960552222307,210.0719451904297,Red,REVERSAL
2020-03-05,38.330444793184654,22.865404668156856,22.864975198354514,22.864828377596325,203.6894989013672,Red,EXTREME
2020-03-06,33.934186091776645,20.575469013063675,20.575325856462893,20.575276916210164,200.25279235839844,Red,EXTREME
2020-03-09,24.342376549576926,14.507989375191123,14.507941656324196,14.507925342906619,186.3423614501953,Red,EXTREME
2020-03-10,22.9229257642417,14.611463372779763,14.611447466490787,14.61144202868493,196.48880004882812,Red,EXTREME
2020-03-11,18.02232848813336,12.003692876164568,12.003687574068243,12.00368576146629,187.93072509765625,Red,EXTREME
2020-03-12,14.167459664394624,10.007544090034655,10.007542322669213,10.007541718468563,170.69911193847656,Red,EXTREME
2020-03-13,12.875898337895684,9.498519072368289,9.498518483246475,9.498518281846257,185.1582794189453,Red,REVERSAL
2020-03-16,11.602740523406307,8.669540027489768,8.669539831115829,8.669539763982424,162.97862243652344,Red,EXTREME
2020-03-17,10.149650881539479,8.277472938456187,8.277472872998207,8.277472850620406,175.33917236328125,Red,EXTREME
2020-03-18,8.674546926843128,7.683820945815364,7.683820923996037,7.68382091653677,170.00599670410156,Red,EXTREME
2020-03-19,8.21348533925074,7.577687790019263,7.577687782746155,7.5776877802597316,171.0264129638672,Red,EXTREME
2020-03-20,7.24919208278055,6.731704010814503,6.731704008390134,6.7317040075613255,164.32630920410156,Red,REVERSAL
2020-03-23,6.7442593137888025,6.266207734244565,6.266207733436442,6.266207733160172,164.44496154785156,Red,REVERSAL
2020-03-24,8.237564552407717,8.07821402589297,8.078214025623597,8.078214025531507,177.17913818359375,Red,REVERSAL
2020-03-25,11.38768986763759,11.334573025466007,11.334573025376216,11.33457302534552,175.86712646484375,Green,REVERSAL
2020-03-26,14.086731904562413,14.069026290505219,14.06902629047529,14.069026290465057,185.1283721923828,Green,REVERSAL
2020-03-27,13.946419052362554,13.940517181010156,13.940517181000178,13.940517180996768,178.76129150390625,Green,REVERSAL
2020-03-30,14.926695842524207,14.924728552073407,14.924728552070082,14.924728552068945,185.26339721679688,Green,REVERSAL
2020-03-31,13.904016459292581,13.903360695808981,13.903360695807873,13.903360695807493,183.68133544921875,Green,REVERSAL
2020-04-01,8.31649033491571,8.316271747087843,8.316271747087473,8.316271747087347,175.87680053710938,Green,REVERSAL
2020-04-02,7.688198798507257,7.6881259358979674,7.688125935897844,7.688125935897802,179.44618225097656,Green,REVERSAL
2020-04-03,5.929736299839119,5.929712012302689,5.929712012302648,5.929712012302634,176.89938354492188,Green,REVERSAL
2020-04-06,12.36318027760305,12.363172181757573,12.363172181757559,12.363172181757555,189.54676818847656,Green,REVERSAL
2020-04-07,16.666428164734253,16.470140589238213,16.40471229694458,16.33928400465095,189.46963500976562,Green,REVERSAL
2020-04-08,19.242893942722603,18.964738979116817,18.872020957761013,18.779302936405212,193.49244689941406,Blue,REVERSAL
2020-04-09,26.09737222139667,25.89829101430785,25.831930711893627,25.76557040947939,193.7721710205078,Blue,REVERSAL
2020-04-13,29.534410268655925,29.41486842334954,29.375021174896986,29.33517392644442,195.86561584472656,Blue,REVERSAL
2020-04-14,31.861794183447653,31.795356180207136,31.773210190232383,31.75106420025762,204.38401794433594,Blue,REVERSAL
2020-04-15,31.720779739247178,31.685338377431147,31.673524593860947,31.661710810290735,202.03977966308594,Blue,REVERSAL
2020-04-16,30.73468142409331,30.716219956453365,30.710066135140657,30.703912313827942,205.72503662109375,Blue,REVERSAL
2020-04-17,33.19019069560909,33.18071303287847,33.177553812379585,33.174394591880684,207.69302368164062,Blue,EXTREME
2020-04-20,32.4777258690189,32.359514971072265,32.320111338560494,32.280707706048716,205.23304748535156,Blue,EXTREME
2020-04-21,26.269633215915356,25.75907527252604,25.588889291441973,25.4187033103579,197.65997314453125,Blue,EXTREME
2020-04-22,29.22546006046948,28.654983382302827,28.46482448959584,28.27466559688886,203.5254669189453,Blue,EXTREME
2020-04-23,30.720211366963397,30.32990712572274,30.19980571198093,30.069704298239117,203.09136962890625,Blue,EXTREME
2020-04-24,32.624457675161736,32.39428358715563,32.31755889115528,32.240834195154946,206.294189453125,Blue,REVERSAL
2020-04-27,38.29507126364223,38.168310230510585,38.12605655280059,38.08380287509061,207.9535369873047,Blue,REVERSAL
2020-04-28,41.29348914829396,41.22621730201861,41.20379335326035,41.181369404502085,204.03677368164062,Blue,REVERSAL
2020-04-29,44.93234309593025,44.89741006288939,44.88576571854251,44.87412137419562,211.27212524414062,Blue,REVERSAL
2020-04-30,45.708217371342656,45.6903184848545,45.68435218935848,45.67838589386244,211.18527221679688,Blue,REVERSAL
2020-05-01,41.18665755142529,40.97552405430309,40.90514622192903,40.83476838955497,205.23304748535156,Blue,EXTREME
2020-05-04,40.56066945981955,40.37902747107685,40.318480141495954,40.257932811915055,207.62548828125,Blue,REVERSAL
2020-05-05,42.050284551754174,41.93410514398896,41.895378674733884,41.85665220547881,209.97938537597656,Blue,EXTREME
2020-05-06,39.96325088965044,39.57498529102544,39.4455634248171,39.31614155860876,211.27212524414062,Blue,EXTREME
2020-05-07,42.3311333938219,42.026941962928596,41.9255448192975,41.824147675666396,213.9925537109375,Blue,ELEVATED
2020-05-08,49.29633123911385,49.10754931314026,49.0446220044824,48.981694695824544,216.92529296875,Blue,REVERSAL
2020-05-11,48.88840819734676,48.28862443501765,48.088696514241285,47.88876859346492,218.86439514160156,Blue,REVERSAL
2020-05-12,44.27187290059861,42.91538741270884,42.46322558341225,42.01106375411566,214.28199768066406,Blue,EXTREME
2020-05-13,37.85143749651796,33.84378334199799,32.50789862382468,31.172013905651358,211.60009765625,Blue,EXTREME
2020-05-14,39.05904237177951,34.420129372938945,32.8738250399921,31.327520707045245,214.0022430419922,Blue,ELEVATED
2020-05-15,39.63378108908951,35.380081539420146,33.96218168953036,32.544281839640576,215.39144897460938,Blue,ELEVATED
2020-05-18,49.39784003063862,46.626242572387575,45.702376752970565,44.778510933553555,219.40460205078125,Blue,ELEVATED
2020-05-19,51.77813293927895,49.82585581568131,49.17509677448209,48.524337733282884,218.85479736328125,Blue,ELEVATED
2020-05-20,55.23748774817152,54.072523054882,53.68420149045215,53.29587992602231,223.22488403320312,Blue,REVERSAL
2020-05-21,56.05644810709778,55.32476069578945,55.08086489202,54.836969088250555,220.79379272460938,Blue,ELEVATED
2020-05-22,57.74808635059354,57.278796685884856,57.122366797648624,56.96593690941239,221.55596923828125,Blue,REVERSAL
2020-05-26,59.58667067670622,59.31754385800038,59.22783491843175,59.13812597886314,220.95779418945312,Blue,REVERSAL
2020-05-27,62.8062822887251,62.66022488392167,62.61153908232053,62.562853280719395,222.1636962890625,Blue,REVERSAL
2020-05-28,64.82803117382406,64.7511711396055,64.72555112819933,64.69993111679312,221.87429809570312,Blue,ELEVATED
2020-05-29,67.12839910303707,66.97530221837773,66.9242699234913,66.87323762860484,225.1253662109375,Blue,ELEVATED
2020-06-01,67.836744732487,67.72197400097397,67.68371709046963,67.64546017996528,225.8007049560547,Blue,ELEVATED
2020-06-02,71.28401391618496,71.21388778736733,71.19051241109479,71.16713703482225,227.31527709960938,Blue,ELEVATED
2020-06-03,74.29546785169181,74.2275120329293,74.2048600933418,74.18220815375429,228.33790588378906,Blue,ELEVATED
2020-06-04,76.57706501937541,76.47363761548736,76.43916181419135,76.40468601289533,226.73646545410156,Blue,ELEVATED
2020-06-05,81.2311125023576,81.09776372585577,81.05331413368847,81.0088645415212,231.23202514648438,Blue,ELEVATED
2020-06-08,85.55412769884589,85.44949943157569,85.41462334248561,85.37974725339555,233.0263671875,Blue,ELEVATED
2020-06-09,86.28849185915287,86.21278424501136,86.18754837363085,86.16231250225033,234.71463012695312,Blue,ELEVATED
2020-06-10,85.57913806918243,85.52751855333176,85.5103120480482,85.49310554276462,237.5316162109375,Blue,ELEVATED
2020-06-11,71.92146008206137,68.74674751843162,67.6885099972217,66.63027247601178,225.76210021972656,Blue,EXTREME
2020-06-12,69.56296114908157,65.05585341119856,63.553484165237556,62.05111491927654,227.55642700195312,Yellow,EXTREME
2020-06-15,70.98442145498785,66.78973515624585,65.39150638999853,63.99327762375119,230.3251953125,Yellow,EXTREME
2020-06-16,74.3167003965399,71.18971761779095,70.14739002487464,69.10506243195832,234.28050231933594,Yellow,EXTREME
2020-06-17,73.95247934042365,71.16838758847877,70.24035700449713,69.31232642051549,235.02334594726562,Yellow,EXTREME
2020-06-18,77.04611244008468,74.06870585297766,73.07623699060863,72.08376812823964,235.6600341796875,Yellow,ELEVATED
2020-06-19,76.31711921718124,72.17398579074954,70.7929413152723,69.41189683979506,235.62144470214844,Green,EXTREME
2020-06-22,76.61038163210279,71.62676963153865,69.96556563135059,68.30436163116255,238.44720458984375,Green,REVERSAL
2020-06-23,77.17587776246992,71.98932315946064,70.26047162512421,68.5316200907878,240.47659301757812,Blue,REVERSAL
2020-06-24,70.92990860384434,63.70324721948619,61.294360091366805,58.88547296324741,235.51902770996094,Blue,EXTREME
2020-06-25,68.07500041473432,60.092447076881854,57.43159596426436,54.770744851646874,237.76100158691406,Blue,ELEVATED
2020-06-26,60.60168360180734,49.70846987043441,46.07739862664344,45.166931747444856,232.14627075195312,Blue,EXTREME
2020-06-29,64.10417190692878,52.6887335898712,48.88358748418534,47.95925462214129,234.67825317382812,Blue,ELEVATED
2020-06-30,68.52882287509195,57.33236128832833,53.600207426073794,52.147183780162784,239.27828979492188,Blue,ELEVATED
2020-07-01,71.70941371699239,61.037461489198975,57.48014407993451,55.248867352016006,242.07115173339844,Blue,ELEVATED
2020-07-02,71.59260499637557,60.97673823073054,57.438115975515544,55.1057562080501,243.71400451660156,Blue,REVERSAL
2020-07-06,75.95891394948565,67.45796580080257,64.62431641790823,62.19275453093039,249.70565795898438,Blue,ELEVATED
2020-07-07,72.4367051711801,63.402491799885034,60.391087342786705,57.513712050993846,247.98544311523438,Blue,ELEVATED
2020-07-08,72.30295434089714,62.70222709098733,59.50198467435074,56.34641864614929,251.2518310546875,Blue,ELEVATED
2020-07-09,68.03386439796068,58.49685989047392,55.31785838797833,52.15374901496112,253.3682861328125,Blue,ELEVATED
2020-07-10,70.6761607994302,62.774741793176204,60.1409354577582,57.51209316549966,255.09812927246094,Blue,REVERSAL
2020-07-13,72.7882365902276,66.81828660709704,64.82830327938686,62.839974632729835,249.85060119628906,Blue,ELEVATED
2020-07-14,77.949306170667,73.67872931771164,72.25520370005987,70.83222964275913,251.6190185546875,Blue,ELEVATED
2020-07-15,82.06469623096572,79.3752228090247,78.47873166837769,77.58242438118104,252.13121032714844,Blue,ELEVATED
2020-07-16,82.80906339832133,81.13246293886303,80.57359611904359,80.01479058370761,250.41107177734375,Blue,ELEVATED
2020-07-17,82.70688417251907,81.45045401273843,81.03164395947823,80.61285433437916,250.70095825195312,Blue,ELEVATED
2020-07-20,82.65364535837541,81.50139651707904,81.11731356998027,80.73323743226851,257.81365966796875,Blue,ELEVATED
2020-07-21,84.72263855683246,83.9718362157156,83.72156876867665,83.47130359143335,255.1270751953125,Blue,ELEVATED
2020-07-22,85.90153279186036,85.46790564781237,85.32336326646303,85.17882164171226,256.0258483886719,Blue,ELEVATED
2020-07-23,85.20131704368038,84.95077189715985,84.86725684831967,84.78374205167904,249.3384246826172,Yellow,ELEVATED
2020-07-24,82.96236492578058,82.66037540407702,82.55971223017585,82.45904914034116,246.9707489013672,Yellow,ELEVATED
2020-07-27,82.81485906526642,82.54126507854465,82.45006708297073,82.35886911541898,251.3774871826172,Yellow,ELEVATED
2020-07-28,80.3486038429166,79.97638748954351,79.85231537175248,79.72824326330216,248.17869567871094,Yellow,ELEVATED
2020-07-29,82.52654850362082,82.2619672069302,82.17377344136666,82.0855796789167,251.03921508789062,Yellow,ELEVATED
2020-07-30,82.34513157379271,81.72032037155716,81.51204997081197,81.30377957110464,252.35357666015625,Yellow,ELEVATED
2020-07-31,82.40783600521306,81.50243744168742,81.2006379205122,80.89883839968293,256.85693359375,Green,ELEVATED
2020-08-03,83.61751335337661,82.71541363970007,82.4147137351412,82.11401383069767,260.32623291015625,Green,ELEVATED
2020-08-04,85.99416809808916,85.26962018061297,85.02810420812091,84.78658823566728,261.2926330566406,Blue,ELEVATED
2020-08-05,87.27225501528656,86.74882805716916,86.57435240446335,86.39987675177036,261.9400329589844,Blue,ELEVATED
2020-08-06,88.26558485092241,87.90241064984838,87.7813525828237,87.6602945158033,265.4095153808594,Blue,ELEVATED
2020-08-07,89.16138750037773,88.90301140916895,88.81688604543267,88.73076068169784,262.345947265625,Blue,ELEVATED
2020-08-10,89.8355111834692,89.68072680764087,89.6291320156981,89.57753722375581,261.2249755859375,Blue,ELEVATED
2020-08-11,88.15853276656293,87.87816402412969,87.78470777665194,87.69125152917435,256.27703857421875,Blue,ELEVATED
2020-08-12,90.05859936978096,89.85075614705796,89.78147507281697,89.71219399857604,262.72296142578125,Blue,ELEVATED
2020-08-13,89.82048646883067,89.60850843474483,89.53784909004955,89.46718974535429,263.3220520019531,Blue,ELEVATED
2020-08-14,90.3374310906683,90.17676007160615,90.12320306525211,90.06964605889806,263.0128173828125,Blue,ELEVATED
2020-08-17,90.32909244540829,90.23052960187081,90.19767532069166,90.16482103951249,266.06658935546875,Blue,ELEVATED
2020-08-18,88.70425704571963,88.5013304015043,88.43368818676586,88.36604597202742,268.6274719238281,Blue,ELEVATED
2020-08-19,85.9855412044796,85.62583155822307,85.50592834280425,85.38602512738541,266.8204345703125,Blue,ELEVATED
2020-08-20,83.64099970196021,82.24127370828234,81.77469837705638,81.30812304583041,270.52166748046875,Blue,ELEVATED
2020-08-21,81.98955877854453,79.01881424568906,78.02856606807057,77.03831789045208,272.39642333984375,Blue,ELEVATED
2020-08-24,84.41568372476775,81.3208118838345,80.28918793685675,79.25756398987899,274.0972900390625,Blue,ELEVATED
2020-08-25,85.49004809622858,83.01125554676013,82.18499136360397,81.35872718044781,276.25238037109375,Blue,ELEVATED
2020-08-26,84.7454139041912,82.10756628784526,81.22828374906327,80.34900121028127,282.1473083496094,Blue,ELEVATED
2020-08-27,85.6886844067923,83.10076726947099,82.2381282236972,81.37548917792343,281.2679443359375,Blue,ELEVATED
2020-08-28,88.11064907508688,86.19848873698791,85.56110195762156,84.92371517825522,282.69818115234375,Blue,ELEVATED
2020-08-31,86.47075932869538,84.32380287538867,83.60815072428642,82.89249857318417,284.9692077636719,Blue,ELEVATED
2020-09-01,86.15769589865629,83.89776238280606,83.14445121085599,82.39114003890592,289.8397216796875,Blue,ELEVATED
2020-09-02,87.84652165455569,85.8519942793983,85.18715182101249,84.5223093626267,292.58428955078125,Blue,ELEVATED
2020-09-03,79.24370838685292,76.1927413338079,75.17575231612622,74.15876329844455,277.7502746582031,Blue,EXTREME
2020-09-04,74.4857913743714,70.46573571908235,69.12571716731932,67.7856986155563,274.04901123046875,Yellow,ELEVATED
2020-09-08,64.89878281687277,56.13340282130606,53.211609489450495,51.66541856393441,260.8771057128906,Yellow,ELEVATED
2020-09-09,67.6125981575269,56.78574129126949,53.17678900251701,52.20147673988078,268.5406188964844,Yellow,ELEVATED
2020-09-10,64.79165959215112,51.527593070919934,48.97972320714781,48.6546191196024,263.18682861328125,Yellow,ELEVATED
2020-09-11,62.495701521648,47.07434601457095,46.22505605998024,46.116688030798436,261.3603515625,Red,REVERSAL
2020-09-14,71.40455279990186,57.27279419428428,54.981004312679275,54.94488163628534,265.91204833984375,Red,REVERSAL
2020-09-15,76.46816155541961,64.21689158664003,60.93940037046934,59.98160450088078,269.6809387207031,Yellow,REVERSAL
2020-09-16,78.0485358326809,67.19866906380084,63.85080195420388,61.55301681450129,265.38055419921875,Yellow,REVERSAL
2020-09-17,75.50106493315239,63.8985230372156,60.12059412080214,59.002558593759176,261.23468017578125,Yellow,REVERSAL
2020-09-18,70.33492046407602,57.26459424838647,54.20809685995927,53.83541835094495,257.9006042480469,Red,ELEVATED
2020-09-21,60.48444067444612,45.127665269216266,44.10883280640719,43.98460663673576,258.5191650390625,Red,ELEVATED
2020-09-22,58.47601840616811,42.35709327109149,42.017482450155136,41.976073726931325,263.3220520019531,Red,ELEVATED
2020-09-23,52.418511929804296,36.04553688477876,35.93233327779998,35.918530370058704,255.2816619873047,Red,ELEVATED
2020-09-24,50.25860409006329,33.80094574172144,33.76321120606185,33.758610236814754,256.4703063964844,Red,ELEVATED
2020-09-25,53.115075232061436,36.62918911594748,36.616610937394285,36.61507728097859,262.43304443359375,Red,ELEVATED
2020-09-28,62.41781604450364,45.92252067246566,45.91832794628126,45.91781672747602,267.88348388671875,Green,ELEVATED
2020-09-29,61.94505440694296,45.44662261626364,45.445225040868834,45.445054634600424,266.6754150390625,Green,ELEVATED
2020-09-30,64.9956263730655,48.49614910950572,48.49568325104079,48.49562644895131,268.5018615722656,Blue,ELEVATED
2020-10-01,66.7773261597661,52.24327004209981,50.277345119091194,50.27732618506137,272.7636413574219,Blue,ELEVATED
2020-10-02,66.90320767244373,55.20340798637068,52.26306157419526,50.40320768087548,265.0905456542969,Green,ELEVATED
2020-10-05,72.69705370969605,64.84927252563512,62.55320773645333,60.61730712022344,270.74395751953125,Green,ELEVATED
2020-10-06,70.68455197392385,64.8875611779408,63.061851670003726,61.35619688638397,265.91204833984375,Green,ELEVATED
2020-10-07,76.96144416331407,73.43858203067168,72.29983490558776,71.20110602194295,270.5120544433594,Green,ELEVATED
2020-10-08,80.40653382289563,78.43698051169082,77.79230949211038,77.160977886343,271.9519348144531,Blue,ELEVATED
2020-10-09,82.61417995880792,81.56002922157765,81.21259455944127,80.86960636857592,276.107421875,Blue,ELEVATED
2020-10-12,83.35890703159312,82.79080332326869,82.60275172614067,82.416182286103,284.6308898925781,Blue,ELEVATED
2020-10-13,82.72386327304685,82.29245475009265,82.14909067765684,82.00622065758448,284.621337890625,Blue,ELEVATED
2020-10-14,81.72556511235213,81.30405793349992,81.16370179673217,81.02351034408555,282.24395751953125,Blue,ELEVATED
2020-10-15,80.8453291613017,80.48123067580613,80.35991326603525,80.23865075097143,280.34991455078125,Blue,ELEVATED
2020-10-16,80.80890032283492,80.57573611473065,80.4980309627162,80.42034410893744,278.81329345703125,Blue,ELEVATED
2020-10-19,76.87760106876829,76.6688938373751,76.59933017713969,76.52977261631617,274.2615661621094,Blue,ELEVATED
2020-10-20,78.27247034620837,78.13740835473142,78.09238949653765,78.04737267148118,274.8511047363281,Blue,ELEVATED
2020-10-21,77.61946700663574,77.34834051063714,77.25796561384824,77.16759139477176,274.6384582519531,Yellow,ELEVATED
2020-10-22,81.72549490521949,81.52206649046681,81.45425721950836,81.38644817445405,274.6288757324219,Yellow,ELEVATED
2020-10-23,83.98238097287695,83.85804504324949,83.81659980024894,83.77515463254974,275.1700439453125,Yellow,ELEVATED
2020-10-26,77.5088384339524,75.30989812422163,74.5769180432698,73.84393798741841,271.0435791015625,Yellow,ELEVATED
2020-10-27,71.1685009323319,65.86046256527194,64.09111645034922,62.321770343793304,273.1599426269531,Yellow,EXTREME
2020-10-28,61.186573055297885,50.51099120381416,47.82744489463698,47.237662859118345,262.51031494140625,Yellow,EXTREME
2020-10-29,59.703767985360464,45.59739627446734,44.25072526514017,44.054131253300625,267.1005859375,Red,EXTREME
2020-10-30,56.03998251802878,40.337858614397746,39.88896827795535,39.823436940675506,260.32623291015625,Red,EXTREME
2020-11-02,60.53133189729883,44.29729059608849,44.14766048394102,44.125816704847736,260.9061279296875,Red,EXTREME
2020-11-03,68.14002696110093,52.805652866342115,51.678803156648335,51.67152189695057,265.4190673828125,Red,EXTREME
2020-11-04,77.85006531713918,66.15122573281967,63.57981531201065,61.38159437453365,277.2671203613281,Green,REVERSAL
2020-11-05,85.29890766101953,78.01066011349084,76.02397852230267,74.1616934255585,284.4956970214844,Green,REVERSAL
2020-11-06,86.1800823672888,81.3380333695126,79.87159512291655,78.4466223744685,284.7082824707031,Blue,REVERSAL
2020-11-09,88.16601104553719,85.25572588170067,84.33482352242052,83.42774299585636,278.8905944824219,Blue,REVERSAL
2020-11-10,88.10998762336726,86.11458801424399,85.46585237631356,84.82172401595514,273.8943786621094,Blue,REVERSAL
2020-11-11,89.43986119432108,88.24211043624666,87.84832603859208,87.45607740012815,280.0212707519531,Blue,REVERSAL
2020-11-12,88.13856055981412,87.35755014071711,87.09903528603039,86.84103235107389,278.7070007324219,Blue,REVERSAL
2020-11-13,89.35069022027474,88.8994733307063,88.74967501807646,88.6000473453567,281.15203857421875,Blue,REVERSAL
2020-11-16,91.66340347409833,91.41755780264079,91.33581168456371,91.25412244645665,283.345703125,Blue,REVERSAL
2020-11-17,93.19424055197219,93.06457197401897,93.02141659439306,92.97828017475715,282.44696044921875,Blue,ELEVATED
2020-11-18,92.10255735267586,91.91177656629111,91.84820546406013,91.78464068182582,280.3594665527344,Blue,ELEVATED
2020-11-19,93.19916894920847,92.97195264021337,92.89622136829189,92.82049220303594,282.5532531738281,Blue,ELEVATED
2020-11-20,91.44644015478667,91.22291780613267,91.14841285582916,91.07390860774754,280.62042236328125,Blue,ELEVATED
2020-11-23,91.48164166775717,91.27681881760024,91.2085453672972,91.14027215106813,280.6302185058594,Blue,ELEVATED
2020-11-24,93.28723072426924,93.11169804613635,93.05318743111958,92.99467689412748,284.572998046875,Blue,ELEVATED
2020-11-25,94.12899273300557,93.92266861514322,93.85389400175383,93.78511941437267,286.32220458984375,Blue,ELEVATED
2020-11-27,94.80688646655742,94.6642051480276,94.61664473937256,94.56908433938695,288.9604187011719,Blue,ELEVATED
2020-11-30,93.84934936090636,93.58471408733078,93.49650233975723,93.40829059507348,289.5499267578125,Blue,ELEVATED
2020-12-01,94.38959793511694,94.14510570467004,94.0636082979494,93.98211089219204,293.2607727050781,Blue,ELEVATED
2020-12-02,92.47481547332183,91.97359796576755,91.80652546439225,91.63945296333802,293.63775634765625,Blue,ELEVATED
2020-12-03,93.27885263252142,92.62761452574513,92.41053515720063,92.19345578876316,294.05328369140625,Blue,ELEVATED
2020-12-04,94.42754683710311,93.71664855493746,93.47968246100923,93.24271636711666,295.2516174316406,Blue,ELEVATED
2020-12-07,95.0141486090007,94.20779041943649,93.93900435629075,93.67021829315689,296.9234619140625,Blue,ELEVATED
2020-12-08,94.74251081579484,93.76151134374118,93.43451151973738,93.10751169573756,297.9284973144531,Blue,ELEVATED
2020-12-09,93.69068542344677,92.49976639499607,92.1027933855172,91.70582037603967,291.1831359863281,Blue,ELEVATED
2020-12-10,92.75232443407822,91.39214182237825,90.93874761847982,90.48535341458185,292.3524169921875,Blue,ELEVATED
2020-12-11,90.61883036691498,88.79233830635121,88.18350761949715,87.57467693264324,291.7049560546875,Blue,ELEVATED
2020-12-14,87.89377678897166,85.40590585434076,84.57661554279728,83.74732523125388,293.8212890625,Blue,ELEVATED
2020-12-15,90.9185064044047,88.44201367730624,87.6165161016068,86.79101852590739,296.9621276855469,Blue,ELEVATED
2020-12-16,92.3694684647679,90.01030023684655,89.22391082753947,88.43752141823236,298.5953369140625,Blue,ELEVATED
2020-12-17,94.5415484108149,92.83370127956351,92.26441890247973,91.69513652539594,300.54742431640625,Blue,ELEVATED
2020-12-18,94.39108011000229,93.05182408027969,92.60540540370548,92.15898672713129,299.6390075683594,Blue,ELEVATED
2020-12-21,93.31588192218932,91.6387732942957,91.07973708499784,90.52070087569997,299.0783996582031,Blue,ELEVATED
2020-12-22,90.49506670133584,88.00796850248938,87.17893576954056,86.34990303659174,299.8917541503906,Blue,ELEVATED
2020-12-23,91.13105758731398,88.57150080403531,87.71831520960907,86.86512961518287,298.38140869140625,Blue,ELEVATED
2020-12-24,90.69322289947505,88.08371625210611,87.21388070298313,86.34404515386015,299.69805908203125,Blue,ELEVATED
2020-12-28,91.54601537726609,89.24333180167177,88.47577060980699,87.70820941794221,302.7187194824219,Blue,ELEVATED
2020-12-29,90.48166842541868,88.35109033837378,87.64089764269214,86.9307049470105,302.9897766113281,Blue,ELEVATED
2020-12-30,93.65171775796784,92.18644890636281,91.6980259558278,91.20960300529279,302.9994201660156,Blue,ELEVATED
2020-12-31,93.92199514491185,92.93504887335959,92.60606678284216,92.27708469232473,303.7449951171875,Blue,ELEVATED
2021-01-04,89.1665067991457,86.79203908978633,86.00054985333318,85.20906061688007,299.4560241699219,Yellow,ELEVATED
2021-01-05,89.60112516200479,86.93619867168624,86.04788984158006,85.15958101147388,301.92486572265625,Yellow,ELEVATED
2021-01-06,91.36678919541575,88.95821139115462,88.15535212306759,87.35249285498054,297.7424621582031,Yellow,ELEVATED
2021-01-07,93.08316373853927,91.29632015698587,90.7007056298014,90.10509110261694,304.9454650878906,Green,ELEVATED
2021-01-08,93.57565895661747,92.33494897408872,91.92137897991248,91.50780898573622,308.8663024902344,Green,ELEVATED
2021-01-11,93.25585938284556,92.22905155683048,91.88678228149215,91.54451300615378,304.4032287597656,Blue,ELEVATED
2021-01-12,92.48680161246368,91.4328569975948,91.08154212597185,90.7302272543489,303.9191589355469,Blue,ELEVATED
2021-01-13,92.62994397183132,91.60193639572088,91.25926720368406,90.91659801164727,305.9715881347656,Blue,ELEVATED
2021-01-14,92.33296112192357,91.2595844665319,90.901792248068,90.54400002960412,304.33544921875,Blue,ELEVATED
2021-01-15,90.56094495309912,89.1807894543467,88.7207376214292,88.26068578851174,301.92486572265625,Blue,ELEVATED
2021-01-19,91.78087895743036,90.77383819270194,90.43815793779247,90.102477682883,306.3298645019531,Blue,ELEVATED
2021-01-20,93.47620207671922,92.86702735590427,92.66396911563263,92.460910875361,313.455322265625,Blue,ELEVATED
2021-01-21,93.00864985048891,92.54829316198675,92.39484093248603,92.24138870298532,315.9627990722656,Blue,ELEVATED
2021-01-22,92.2110482666613,91.78853882693421,91.64770234702519,91.50686586711615,315.0528259277344,Blue,ELEVATED
2021-01-25,91.92944033131135,90.96961344073358,90.64967114387433,90.32972884701506,317.65704345703125,Blue,ELEVATED
2021-01-26,90.37029324175026,88.88239219788996,88.38642518326986,87.89045816864976,318.121826171875,Blue,ELEVATED
2021-01-27,83.38681158595907,79.39844505894956,78.0689895499464,76.73953404094323,309.2536315917969,Yellow,EXTREME
2021-01-28,82.52451800340049,77.03393218264708,75.2037369090626,73.37354163547812,311.0834655761719,Yellow,ELEVATED
2021-01-29,76.90740682629067,67.89725403571995,64.89386977219638,62.85708137031654,304.5387878417969,Yellow,EXTREME
2021-02-01,80.27786664220427,71.09900014796536,68.03937798321905,65.30195443902066,312.1483459472656,Yellow,ELEVATED
2021-02-02,85.40861548006136,77.56561417912404,74.95128041214494,72.44434618534848,317.2408447265625,Green,REVERSAL
2021-02-03,90.0671395034548,83.5081647794913,81.32183987150346,79.17131481024317,315.9822692871094,Green,REVERSAL
2021-02-04,92.38698421158932,87.56525288760928,85.95800911294927,84.36269862053179,319.71923828125,Green,REVERSAL
2021-02-05,94.23976914797085,91.01208779031475,89.93619400442937,88.86427797929151,320.8034973144531,Blue,REVERSAL
2021-02-08,94.46493988434047,92.36203043195705,91.6610606144959,90.96141671728392,322.95281982421875,Blue,REVERSAL
2021-02-09,95.09639410286096,93.7510570771508,93.30261140191408,92.85460770009374,322.8850402832031,Blue,REVERSAL
2021-02-10,95.01798995347889,94.09306379911769,93.78475508099726,93.47659368734898,322.14923095703125,Blue,REVERSAL
2021-02-11,93.91445624711923,93.07678315749212,92.79755879428309,92.51838353923144,323.92095947265625,Blue,REVERSAL
2021-02-12,93.95700730122829,93.31088721059925,93.09551384705622,92.880156852899,325.7314453125,Blue,NORMAL
2021-02-16,92.28760512734546,91.62793320564799,91.40804256508216,91.18815738097828,324.8504333496094,Blue,ELEVATED
2021-02-17,91.55899968891313,90.87433824149232,90.6461177590187,90.41789909536575,323.29168701171875,Blue,ELEVATED
2021-02-18,88.55072716903166,87.67757788035277,87.38652811745982,87.09547896084041,321.8782043457031,Blue,ELEVATED
2021-02-19,87.10529289472774,85.60733862456546,85.10802053451138,84.60870264654847,320.4743957519531,Blue,ELEVATED
2021-02-22,84.7756279346062,81.51552252147302,80.4288207170953,79.3421189800813,312.1677551269531,Yellow,ELEVATED
2021-02-23,83.85997362129973,79.0126698220491,77.39690188896557,75.78113397833661,311.23828125,Yellow,ELEVATED
2021-02-24,85.3342167963255,79.86679369913887,78.04431933340997,76.22184497516596,313.8039245605469,Yellow,ELEVATED
2021-02-25,80.37458855246632,72.78166854913033,70.250695214685,67.71972188273463,302.86383056640625,Yellow,ELEVATED
2021-02-26,77.53657547833518,68.18211977647519,65.0639678758552,62.31828658842463,304.1322021484375,Red,ELEVATED
2021-03-01,83.0980924995124,74.20556920685175,71.24139477596486,68.40137721614111,313.2811279296875,Red,ELEVATED
2021-03-02,82.32768908232907,73.6627438859774,70.77442882052685,67.927499378764,308.25640869140625,Red,ELEVATED
2021-03-03,77.03645129095993,66.80339320388809,63.392373841530805,61.23638805643823,299.3108215332031,Red,ELEVATED
2021-03-04,71.77894957458598,59.16930002086251,56.2309237581096,55.51226182974541,294.4119567871094,Red,ELEVATED
2021-03-05,76.35597782838917,63.79997399257604,60.17330255623038,59.93374858010899,298.8460693359375,Red,ELEVATED
2021-03-08,76.769050611449,65.30066001416975,61.664084206940686,60.29497419535561,290.3845520019531,Red,ELEVATED
2021-03-09,79.6963333687995,69.48179149648007,66.13901789188384,63.55206621916893,301.8376770019531,Red,ELEVATED
2021-03-10,81.1901077559298,71.70462233687682,68.56348509258481,65.67428849225323,300.97601318359375,Red,ELEVATED
2021-03-11,84.51189618800353,76.79965750501263,74.23580835359087,71.7559394168226,307.9078674316406,Green,ELEVATED
2021-03-12,85.86684418387998,79.53065847622972,77.42089559909358,75.33912612684195,305.4100646972656,Green,ELEVATED
2021-03-15,87.56478981213507,82.61471303070279,80.96545377869668,79.32552566165207,308.6727294921875,Green,ELEVATED
2021-03-16,87.32050232795075,83.16336165581001,81.77790354569797,80.39555581390643,310.366943359375,Blue,NORMAL
2021-03-17,88.00102602850885,84.76019243196359,83.67999971553792,82.60084379188575,311.6448669433594,Blue,NORMAL
2021-03-18,81.75505581421676,78.52542973467473,77.44891609119053,76.3727480452975,302.09912109375,Green,ELEVATED
2021-03-19,78.9046734868938,76.09265006169966,75.1553183809782,74.21810189945381,303.16400146484375,Green,ELEVATED
2021-03-22,79.04945345186023,76.86351223578878,76.13486831743492,75.40626279881344,308.8492736816406,Green,NORMAL
2021-03-23,74.01192184677376,71.15127074452434,70.19772142833119,69.24418491204884,307.50201416015625,Green,ELEVATED
2021-03-24,70.11195556714007,65.36811933044415,63.7868409352866,62.205566806766,302.3158264160156,Green,ELEVATED
2021-03-25,70.22193450852784,63.92856404360057,61.8307740054274,59.73298538946655,301.7923278808594,Green,NORMAL
2021-03-26,78.16791756344868,73.3977838057364,71.80773925876647,70.21769518586737,306.3193054199219,Green,NORMAL
2021-03-29,79.11605981114633,75.00386252109618,73.63313010405754,72.26239784504249,306.2320251464844,Green,ELEVATED
2021-03-30,80.19651488654374,76.28953249334288,74.98720503326862,73.68487762586889,304.6908264160156,Green,NORMAL
2021-03-31,83.85174233591863,80.7066371121485,79.65826870566713,78.60990031674395,309.3533935546875,Green,NORMAL
2021-04-01,88.13568178874056,86.16592450113225,85.50933873907682,84.85275298287412,314.6267395019531,Green,NORMAL
2021-04-05,88.92460436729064,87.73093527602319,87.33304557909426,86.93515588411624,320.9082336425781,Green,NORMAL
2021-04-06,89.59713243219453,88.92310558462859,88.69842996882669,88.47375435367509,320.68524169921875,Blue,NORMAL
2021-04-07,88.52324448076519,87.89747945633815,87.68889111488026,87.48030277363917,321.4607238769531,Blue,NORMAL
2021-04-08,87.95130876631568,87.27872085944303,87.0545248904914,86.83032892161205,324.814697265625,Blue,NORMAL
2021-04-09,87.60898002648233,86.9084266359374,86.67490883909106,86.44139104226883,326.7825622558594,Blue,NORMAL
2021-04-12,86.10589738256483,85.16783802770061,84.85515157607985,84.54246512446714,326.3560791015625,Blue,NORMAL
2021-04-13,84.3205264002489,83.07505701684175,82.65990055570624,82.24474409457343,330.1656494140625,Blue,NORMAL
2021-04-14,86.14648859806277,85.04760126131197,84.68130548239509,84.31500970347912,326.2010192871094,Blue,NORMAL
2021-04-15,87.47606017241823,86.59276874736042,86.29833827234117,86.00390779732221,331.14471435546875,Blue,NORMAL
2021-04-16,87.5019527174054,86.5972449054268,86.29567563476729,85.99410636410784,331.532470703125,Blue,NORMAL
2021-04-19,86.084405114556,84.92062252263902,84.53269499200006,84.14476746136108,328.4983215332031,Blue,NORMAL
2021-04-20,81.20607111715196,78.93043970366202,78.17189589916538,77.41335209466874,326.10406494140625,Blue,NORMAL
2021-04-21,83.87411966531329,81.72727947494671,81.01166607815786,80.29605268136899,328.8958435058594,Blue,NORMAL
2021-04-22,82.53855335645125,80.89051051672742,80.34116290348615,79.79181529024487,324.9311218261719,Blue,NORMAL
2021-04-23,86.37682418279014,85.3612618480814,85.02274106984515,84.68422029160891,329.0217590332031,Blue,NORMAL
2021-04-26,88.99761984544183,88.4168771231385,88.22329621570407,88.02971530826963,331.1641540527344,Blue,NORMAL
2021-04-27,90.60101637945704,90.28632449998906,90.18142720683306,90.07652991367708,329.7295227050781,Blue,NORMAL
2021-04-28,90.58043138574493,90.41497860657218,90.35982768018125,90.30467675379035,328.6146545410156,Blue,NORMAL
2021-04-29,91.05223133733587,90.94759693876989,90.91271880591457,90.87784067305925,329.7973327636719,Blue,NORMAL
2021-04-30,88.91745253332071,88.59318422687787,88.48509479139692,88.37700535591597,327.6356506347656,Blue,NORMAL
2021-05-03,88.33178552457493,87.75348016896687,87.56071171709753,87.36794326522818,325.8907775878906,Blue,NORMAL
2021-05-04,84.5717904610536,83.20380988245404,82.74781635625418,82.29182283005433,320.0261535644531,Yellow,NORMAL
2021-05-05,82.3564638237182,79.79018628276435,78.93476043577974,78.07933458879512,318.95001220703125,Yellow,NORMAL
2021-05-06,82.77088356413502,79.72175234171785,78.7053752675788,77.68899819343973,321.3541564941406,Yellow,NORMAL
2021-05-07,85.28250832609214,82.16992960590349,81.1324033658406,80.0948771257777,323.96173095703125,Yellow,NORMAL
2021-05-10,81.86230917267044,77.73154322069385,76.35462123670166,74.97769925270947,315.7802734375,Yellow,NORMAL
2021-05-11,78.8627574997733,73.05466704871316,71.11863689835977,69.18260674800638,315.3440856933594,Red,ELEVATED
2021-05-12,71.14235720506566,61.423902543400516,58.18441765617881,56.915640287810014,307.1820983886719,Red,ELEVATED
2021-05-13,70.44724346027672,58.80471906045469,55.127930277314434,54.705004487858176,309.5569763183594,Red,ELEVATED
2021-05-14,74.84579832514275,63.76853692862413,60.144134024273626,58.59838533433657,316.3910217285156,Red,NORMAL
2021-05-17,75.48466846528328,64.49460227093255,60.85391939320087,59.06886413501455,314.4716491699219,Red,NORMAL
2021-05-18,73.76822026269346,62.83972255570985,59.204447493510386,57.29628548593722,312.3487548828125,Red,ELEVATED
2021-05-19,74.61819113587111,63.986233592998786,60.44476691430638,58.12754621028571,312.7073974609375,Red,ELEVATED
2021-05-20,77.34983735801217,67.32365881511583,63.982439023794285,61.04930122402999,318.7561950683594,Yellow,ELEVATED
2021-05-21,77.43927189832415,67.86533912666704,64.6743081104404,61.61930442473286,316.9920349121094,Green,ELEVATED
2021-05-24,80.83055696274104,73.2453146185095,70.71699380631868,68.23401543763423,322.3235168457031,Green,NORMAL
2021-05-25,79.91434444042326,73.72498892106205,71.66190151545933,69.61392825769207,322.7693176269531,Blue,NORMAL
2021-05-26,81.970606395966,76.8355892358147,75.12392721604795,73.41730324555965,323.8938903808594,Blue,NORMAL
2021-05-27,83.5606566774432,79.56412003332177,78.23194460759808,76.90144853163386,322.6821594238281,Blue,NORMAL
2021-05-28,82.92733168709387,79.6206894270179,78.51847649220926,77.4168233406538,323.6999816894531,Blue,NORMAL
2021-06-01,84.65410214485621,82.33407911186869,81.56073848483396,80.78758445221698,322.6239929199219,Blue,NORMAL
2021-06-02,85.06921249946386,83.3394192722647,82.76282165785202,82.18628624157859,323.25408935546875,Blue,NORMAL
2021-06-03,83.17037723046101,81.62955077579296,81.11594200023264,80.60235395738539,319.8904113769531,Green,NORMAL
2021-06-04,85.36878735964862,84.33421869918067,83.98936249324547,83.64451319821463,325.3188781738281,Green,NORMAL
2021-06-07,85.2461614431152,84.51278710739213,84.26832900022471,84.02387319669207,326.2882080078125,Blue,NORMAL
2021-06-08,84.30558075039866,83.43457191404077,83.14423563683489,82.85390012750727,326.44329833984375,Blue,NORMAL
2021-06-09,83.13271041848307,82.04906405524977,81.68784860136537,81.3266334034404,326.5207824707031,Blue,NORMAL
2021-06-10,84.28026374218797,83.33467623166433,83.01948039499867,82.70428464365281,329.9233703613281,Blue,NORMAL
2021-06-11,85.3225037389785,84.715121874081,84.51266125250702,84.31020065937297,330.7861328125,Blue,NORMAL
2021-06-14,84.10447094329587,83.4950666131908,83.2919318365086,83.08879706930638,333.95599365234375,Blue,NORMAL
2021-06-15,82.45872937167101,81.1357815948997,80.69479900264909,80.25381641355847,331.77484130859375,Blue,NORMAL
2021-06-16,78.59583908348631,75.67231544258327,74.69780756228442,73.72329968303892,330.5631408691406,Blue,NORMAL
2021-06-17,76.55805010888143,72.1785347250908,70.71869626382797,69.25885780291625,334.76043701171875,Blue,NORMAL
2021-06-18,71.28915593649555,63.90958282070942,61.449725115447606,58.98986741030285,332.13348388671875,Blue,ELEVATED
2021-06-21,73.89470446657648,65.79963221183093,63.10127479358248,60.40291737537305,334.19769287109375,Blue,NORMAL
2021-06-22,76.02421766210676,68.25326164967204,65.66294297886049,63.07262430806195,337.31298828125,Blue,NORMAL
2021-06-23,76.55424258770562,68.9148208003565,66.36834687124013,63.82187294212811,337.4779052734375,Blue,NORMAL
2021-06-24,81.1503199198076,74.06518852964467,71.70347806625703,69.34176760287085,339.5645446777344,Blue,NORMAL
2021-06-25,84.5452665725958,78.617135364796,76.64109162886272,74.66504789292995,339.14715576171875,Blue,NORMAL
2021-06-28,83.73499626493935,77.91628035124444,75.97670838001281,74.03713640878134,343.271728515625,Blue,NORMAL
2021-06-29,81.62862670110772,75.34595214793971,73.25172729688371,71.15750244582777,344.5139465332031,Blue,NORMAL
2021-06-30,80.8807543549147,75.18192699761272,73.28231787851207,71.38270875941144,343.970458984375,Blue,NORMAL
2021-07-01,82.94261677150357,78.45609268400213,76.960584654835,75.46507662566786,344.1063537597656,Blue,NORMAL
2021-07-02,82.1110911123867,78.32863601568586,77.0678176501189,75.80699928455196,348.05633544921875,Blue,NORMAL
2021-07-06,77.00028794655314,72.58264969305267,71.11010360855252,69.63755752405237,349.560546875,Blue,NORMAL
2021-07-07,76.42294951753792,71.51760980851545,69.88249657217462,68.2473833358338,350.2981262207031,Blue,NORMAL
2021-07-08,70.5505665097788,64.32948180839905,62.25578690793913,60.18209200747921,348.18243408203125,Blue,NORMAL
2021-07-09,75.6820911934953,70.26213365079369,68.45548113655981,66.64882862232595,350.3564147949219,Blue,NORMAL
2021-07-12,78.31313814193952,73.84778573019591,72.35933492628138,70.87088412236685,351.7247009277344,Blue,NORMAL
2021-07-13,74.41174470051183,69.8920125242313,68.3854351321378,66.87885774004431,351.7247009277344,Blue,NORMAL
2021-07-14,71.07790479916052,66.64976224171735,65.17371472256963,63.697667203421915,352.35552978515625,Blue,NORMAL
2021-07-15,69.29470216563777,64.22929133464856,62.54082105765215,60.852350780655755,349.880859375,Blue,NORMAL
2021-07-16,64.66469098331794,57.82303210595636,55.54247914683582,53.2619261877153,347.04693603515625,Blue,NORMAL
2021-07-19,59.12033244855144,49.66563744619276,46.51407244540653,44.31941085001722,344.20343017578125,Yellow,ELEVATED
2021-07-20,64.8987861291575,56.720154447029984,53.99394388632081,51.586701127410606,348.2018737792969,Yellow,NORMAL
2021-07-21,71.67674184103231,65.85442415493026,63.913651592896244,62.079201631461885,350.89007568359375,Yellow,NORMAL
2021-07-22,71.50863713560267,66.92161222614999,65.39260392299911,63.89903648671476,353.2095642089844,Green,NORMAL
2021-07-23,73.11470564452749,68.87823957044503,67.46608421241757,66.06574247667893,357.33416748046875,Green,NORMAL
2021-07-26,75.34640019800747,71.71886230868088,70.5096830122387,69.30444158989279,357.6156311035156,Blue,NORMAL
2021-07-27,73.76066826473594,70.61957895264419,69.57254918194695,68.52683203594846,353.6753234863281,Blue,NORMAL
2021-07-28,74.1478742700635,71.54352664431924,70.67541076907118,69.80773243538934,355.0340576171875,Blue,NORMAL
2021-07-29,77.54272576678883,75.89595096401726,75.34702602976007,74.79824694269163,355.66497802734375,Blue,NORMAL
2021-07-30,76.79505000307103,75.69848397310764,75.33296196311986,74.96748856886164,353.811279296875,Blue,NORMAL
2021-08-02,71.81699478216846,70.462916981272,70.01155771430653,69.56021465258425,353.8403625488281,Blue,NORMAL
2021-08-03,75.051582435807,74.00969961366496,73.66240533961764,73.31511646731802,355.98516845703125,Blue,NORMAL
2021-08-04,70.90195845503332,69.16999268117547,68.5926707565562,68.0153506325195,356.4995422363281,Blue,NORMAL
2021-08-05,72.49762251531413,71.18380251440071,70.74586251409625,70.30792311398596,358.7608337402344,Blue,NORMAL
2021-08-06,75.76759976099697,74.96141072254542,74.69268104306158,74.42395156364246,357.1885986328125,Blue,NORMAL
2021-08-09,75.56975547588789,74.81102020094161,74.5581084426262,74.30519675099902,357.8486022949219,Blue,NORMAL
2021-08-10,76.572788862333,75.97862864656413,75.78057524130786,75.58252185828098,356.0143127441406,Blue,NORMAL
2021-08-11,79.19497002481808,78.82629239083508,78.70339984617408,78.58050730892288,355.4029235839844,Blue,NORMAL
2021-08-12,80.45181660759928,80.24361194857492,80.1742103955668,80.10480884502861,356.6839294433594,Blue,NORMAL
2021-08-13,80.30266782542873,80.03859198607225,79.95056670628676,79.86254142732459,357.9358825683594,Blue,NORMAL
2021-08-16,79.13270745696109,78.5944804506681,78.41507144857043,78.23566244674721,358.09112548828125,Yellow,NORMAL
2021-08-17,75.43190874005866,74.08360547192946,73.63417104921973,73.18473662660148,354.93707275390625,Yellow,NORMAL
2021-08-18,68.68948643643444,65.23557449876449,64.08427051954118,62.93296654034837,351.5209045410156,Yellow,ELEVATED
2021-08-19,63.5895005721622,56.956791168792115,54.74588803433542,52.5349848998889,353.21929931640625,Yellow,ELEVATED
2021-08-20,64.98677274953872,57.258148673841966,54.68194064860971,52.10573262338086,356.8780517578125,Yellow,NORMAL
2021-08-23,71.21238384580585,65.16572680828689,63.15017446244724,61.134622116608725,362.2158508300781,Green,NORMAL
2021-08-24,77.41313468260869,73.38078230979235,72.03666485218692,70.69254739458185,363.3219909667969,Green,NORMAL
2021-08-25,80.93480752046553,78.57957737576064,77.79450066085901,77.0094239459575,363.7394104003906,Blue,NORMAL
2021-08-26,78.63588701860635,76.15363069626612,75.32621192215271,74.49879314803933,361.4296875,Blue,NORMAL
2021-08-27,81.81629735637048,80.14028877853775,79.5816192525935,79.02294972664929,364.94287109375,Blue,NORMAL
2021-08-30,83.3168802635713,82.33391583576741,82.00626102649943,81.67860621723148,369.0382995605469,Blue,NORMAL
2021-08-31,84.27170419560122,83.73190193540341,83.55196784867081,83.37203376193821,368.7374267578125,Blue,NORMAL
2021-09-01,83.57621621334854,83.11399312337326,82.95991876004815,82.80584439672307,369.3488464355469,Blue,NORMAL
2021-09-02,85.4362639903081,85.1186926948061,85.01283559630545,84.90697849780477,369.1741638183594,Blue,NORMAL
2021-09-03,84.14428496646634,83.81941811715501,83.71112916738456,83.60284021761412,370.3096008300781,Blue,NORMAL
2021-09-07,78.73437445010158,77.62845128464804,77.25981022949684,76.89116917434565,370.83367919921875,Blue,NORMAL
2021-09-08,75.39723256080828,73.00080304364886,72.20199320459572,71.40318336554259,369.5428466796875,Blue,NORMAL
2021-09-09,71.84280647649838,67.42669528838559,65.95465822568131,64.48262116297704,368.2715759277344,Blue,NORMAL
2021-09-10,66.65095604292716,59.58977785430419,57.23605179142986,54.88232572855553,365.47662353515625,Blue,ELEVATED
2021-09-13,67.07553304542618,58.42300464875916,55.53882851653683,52.65465238431449,365.2242736816406,Blue,NORMAL
2021-09-14,63.96456617484365,52.644313528502735,49.1189979985472,48.157605954473084,364.18585205078125,Green,NORMAL
2021-09-15,67.68922871751833,56.10988228667874,52.332800816007136,51.42024197739481,366.8934631347656,Yellow,NORMAL
2021-09-16,69.1874954115591,57.910642924138486,54.179258985978805,52.764499831517924,367.1457824707031,Yellow,NORMAL
2021-09-17,69.53098893144904,57.68199251373848,53.741516004828455,53.056657071435325,362.7980041503906,Yellow,ELEVATED
2021-09-20,59.54864405987753,44.59897858730734,43.28548641767067,43.057200106539625,355.3014831542969,Yellow,ELEVATED
2021-09-21,55.51272375571339,39.52950193152333,39.0916712083111,39.01557577126742,355.7386169433594,Red,ELEVATED
2021-09-22,56.14661875944846,39.8188781513851,39.67293457698102,39.6475694312998,359.0613708496094,Red,ELEVATED
2021-09-23,64.32065063209114,49.3620394768191,47.82942257126866,47.82096752270825,362.37445068359375,Red,NORMAL
2021-09-24,66.93420680588318,54.30099021533372,51.241113622775075,50.434312436088895,362.7145080566406,Yellow,NORMAL
2021-09-27,70.32650937433654,59.62732570670178,56.44466301892058,54.01302546643021,359.8192138671875,Yellow,NORMAL
2021-09-28,62.06131342643719,50.2414230309998,46.434031307965206,45.62348545713508,349.6371154785156,Yellow,ELEVATED
2021-09-29,57.69696171949573,43.18982064707036,41.48786768000507,41.21768572972836,349.0639343261719,Red,ELEVATED
2021-09-30,51.01277277483673,35.17705908402828,34.609741428339845,34.51968077824761,347.78155517578125,Red,ELEVATED
2021-10-01,51.53629768085359,35.257726450584116,35.068620565354635,35.038600348657226,349.9383544921875,Red,ELEVATED
2021-10-04,48.224690974118595,31.811940385688267,31.735465268952275,31.72545853005314,342.59332275390625,Red,ELEVATED
2021-10-05,48.150328401365755,32.750150546607614,31.65391983297698,31.650584253343936,347.21795654296875,Red,ELEVATED
2021-10-06,51.240244695799646,36.77828928990625,34.74144183967005,34.74032997979237,349.44287109375,Red,ELEVATED
2021-10-07,58.23762013006993,45.79858537178512,42.580175236266285,41.737648558067505,352.6490478515625,Red,NORMAL
2021-10-08,56.273451258362584,44.614247326051924,41.03715760991818,39.77346073436177,350.89056396484375,Red,NORMAL
2021-10-11,54.96693930112792,42.52321872697207,38.88817475164646,38.46694245979432,348.19927978515625,Red,ELEVATED
2021-10-12,55.87302061760812,45.320152044530005,41.97348348107942,39.69808547878666,346.98486328125,Red,NORMAL
2021-10-13,59.35373336332091,51.26372947450402,48.62404627631243,46.34145326517344,349.7635803222656,Red,NORMAL
2021-10-14,68.46025118844703,63.47739270994598,61.835434805361416,60.31250696312772,356.20501708984375,Green,NORMAL
2021-10-15,72.80324871264733,69.99920062869927,69.0708495745774,68.18217520790581,358.4493103027344,Green,NORMAL
2021-10-18,74.91025798839085,73.40402766485099,72.90406143718019,72.41732077199282,362.0538330078125,Green,NORMAL
2021-10-19,78.31823414427843,77.53038355531989,77.26847020794786,77.01096538140365,364.79364013671875,Blue,NORMAL
2021-10-20,80.09404101105577,79.68853724084696,79.55360382264874,79.42013991139314,364.31756591796875,Blue,NORMAL
2021-10-21,81.10487393971219,80.89826256269794,80.82947027209477,80.76116781713912,366.5425109863281,Blue,NORMAL
2021-10-22,80.78424249168857,80.64666419476706,80.60083081859375,80.5551607209696,363.4625549316406,Blue,NORMAL
2021-10-25,81.98847645345847,81.90826310219293,81.88153400381569,81.85485933162151,367.18359375,Blue,NORMAL
2021-10-26,81.52229518145586,81.47436568127705,81.45839207634342,81.44243661347082,368.3398132324219,Blue,NORMAL
2021-10-27,78.08929199651223,77.94054081879635,77.89095805793306,77.84138134442344,369.1947937011719,Blue,NORMAL
2021-10-28,82.72109396516738,82.60512290043395,82.56646620053682,82.52781151642422,373.2948303222656,Blue,NORMAL
2021-10-29,83.74385792104906,83.60158622311275,83.55416243102754,83.5067393108705,375.13104248046875,Blue,NORMAL
2021-11-01,85.53115971105676,85.43192847356539,85.3988514301439,85.36577461069848,376.41351318359375,Blue,NORMAL
2021-11-02,87.74014246260815,87.68116171435473,87.66150147685103,87.64184131400602,377.9874267578125,Blue,NORMAL
2021-11-03,89.38387745386602,89.35126536990339,89.34039467922057,89.32952401342395,382.0000305175781,Blue,NORMAL
2021-11-04,89.23237834320787,89.17922443961459,89.16150647307396,89.14378851482873,386.8966979980469,Blue,NORMAL
2021-11-05,91.05767830295483,91.01881873062086,91.00586554028413,90.99291235271254,387.2658996582031,Blue,NORMAL
2021-11-08,91.87335068010952,91.84982668709677,91.8419853562396,91.83414402630413,386.74127197265625,Blue,NORMAL
2021-11-09,91.70942497417794,91.69629824205629,91.69192266473144,91.68754708771382,384.0791931152344,Blue,NORMAL
2021-11-10,88.2265002439179,87.82527623681867,87.69153490113527,87.55779356555426,378.43438720703125,Blue,NORMAL
2021-11-11,87.8885893068952,87.17816854799943,86.94136162837297,86.70455470878062,379.48370361328125,Blue,NORMAL
2021-11-12,87.8186290955644,87.00073072822336,86.7280979391115,86.45546515001101,383.476806640625,Blue,NORMAL
2021-11-15,88.22102451333629,87.47284166009027,87.22344737567553,86.97405309126461,383.38934326171875,Blue,NORMAL
2021-11-16,88.77615800276193,87.95999563072488,87.68794150671272,87.41588738270184,386.1194763183594,Blue,NORMAL
2021-11-17,87.07568061371526,85.46859314033648,84.93289731587696,84.39720149141787,386.3235168457031,Blue,NORMAL
2021-11-18,83.96786155137312,80.81868551056363,79.76896016362717,78.71923481669086,390.32635498046875,Blue,NORMAL
2021-11-19,81.02093701544086,75.87692815755167,74.16225853825529,72.44758891895893,392.5026550292969,Blue,NORMAL
2021-11-22,79.79624668191464,73.23039884880855,71.04178290443986,68.85316696007118,387.9460754394531,Blue,NORMAL
2021-11-23,80.50960747983012,73.49110555355658,71.15160491146541,68.81210426937423,386.177734375,Blue,NORMAL
2021-11-24,80.69331192088615,73.50234485034254,71.105355826828,68.70836680331348,387.4214172363281,Yellow,NORMAL
2021-11-26,70.41496708226595,59.86611637230298,56.34983280231533,55.4199853764084,380.0763854980469,Yellow,ELEVATED
2021-11-29,67.97608882218235,54.7543171173038,52.28771072886546,51.97776158689649,388.3249206542969,Yellow,ELEVATED
2021-11-30,58.550416980817985,43.14315974585847,42.32095761637903,42.21764123572271,382.6217956542969,Yellow,ELEVATED
2021-12-01,52.294602919994816,36.158850508341644,35.8847831318485,35.850344338296395,376.11236572265625,Yellow,ELEVATED
2021-12-02,53.590348373322016,37.211764236104294,37.120408443939915,37.10892884608921,378.82305908203125,Yellow,ELEVATED
2021-12-03,53.61968028646535,37.160152240726106,37.12970031000465,37.12587377738775,372.23577880859375,Yellow,ELEVATED
2021-12-06,58.99405219913113,42.50754285055138,42.497392206977565,42.49611669610526,375.21856689453125,Red,ELEVATED
2021-12-07,68.77119580293169,52.27569268673843,52.272309138880495,52.27188396858973,386.51776123046875,Yellow,ELEVATED
2021-12-08,74.02251769284693,58.98685660412539,57.522888804829876,57.522747081399615,388.24713134765625,Green,NORMAL
2021-12-09,71.26792463880639,56.57328657729287,54.76804834280071,54.76800110165729,382.5343322753906,Green,ELEVATED
2021-12-10,72.28049107587748,59.79882387968091,56.669259631841726,55.780516563494444,386.6927185058594,Green,NORMAL
2021-12-13,68.90509032349404,57.2313446633047,53.6837599379837,52.40509881936636,381.10614013671875,Green,ELEVATED
2021-12-14,61.504860296998004,49.909751154539656,46.15926938307868,45.00486312895544,377.16162109375,Green,ELEVATED
2021-12-15,63.269765919884364,52.7286890014784,49.25318156512924,46.769766863870174,385.7599792480469,Green,NORMAL
2021-12-16,61.099248950804224,51.30450252170897,48.05231533527261,45.13082572719962,375.8403015136719,Green,ELEVATED
2021-12-17,56.65575834926503,46.158735950308866,42.66397124729973,40.33295060806349,373.9652099609375,Yellow,ELEVATED
2021-12-20,51.996821359884834,39.61765452949281,36.3328923258964,35.555885446150995,370.33758544921875,Yellow,ELEVATED
2021-12-21,58.07949786462427,45.70888427384584,41.865888656875555,41.59918589337966,378.6258850097656,Yellow,ELEVATED
2021-12-22,63.32161579156322,52.64356543070208,49.17772939262255,46.90399097236781,383.2370300292969,Yellow,NORMAL
2021-12-23,67.87964327981979,60.884725278954136,58.58425730606808,56.681155205790304,386.126220703125,Green,NORMAL
2021-12-27,71.60259994849213,67.55317667458093,66.21375937018915,65.00679735666678,392.5078430175781,Green,NORMAL
2021-12-28,75.21395587508661,73.00525614697155,72.27248638879274,71.58386839423707,390.688720703125,Blue,NORMAL
2021-12-29,75.7881115543218,74.54647746543334,74.13375393064594,73.73574765039956,390.6302795410156,Blue,NORMAL
2021-12-30,76.89688146288519,76.230303010164,76.00849502420428,75.79159278975825,389.46295166015625,Blue,NORMAL
2021-12-31,77.07465506880814,76.72611203968853,76.61005930718669,76.4956418251894,387.0309143066406,Blue,NORMAL
2022-01-03,78.55737660542763,78.37802048994816,78.31827787718991,78.25908034793316,390.7567443847656,Blue,NORMAL
2022-01-04,78.4898746933917,78.3603073242343,78.31713245420458,78.27413927867536,385.68841552734375,Blue,NORMAL
2022-01-05,69.99710575411369,68.57332250739577,68.09873284283071,67.62420374309917,373.8397216796875,Yellow,NORMAL
2022-01-06,66.2526063235262,63.61082682528749,62.730235242877114,61.849663848744584,373.5770263671875,Yellow,NORMAL
2022-01-07,62.82150383138235,58.453563783691976,56.997584295684916,55.541611537103805,369.5301513671875,Red,NORMAL
2022-01-10,62.300747189655766,56.58677081628691,54.6821122011272,52.77745582910947,369.7734069824219,Red,NORMAL
2022-01-11,63.56439036172331,57.10516915575322,54.952095479084264,52.79902255012931,375.3280944824219,Red,NORMAL
2022-01-12,66.03522348397911,59.61875743012106,57.47993543171984,55.341113682556625,376.8164978027344,Red,NORMAL
2022-01-13,63.71081410289038,56.317032036781455,53.8524380212623,51.38784408882249,367.3900146484375,Red,ELEVATED
2022-01-14,61.360230884558405,51.949146421777314,48.81211826968934,46.25257421320245,369.6761169433594,Red,NORMAL
2022-01-18,55.11171468971068,42.340851037300155,39.92901048475433,39.075829132592034,360.4733581542969,Red,ELEVATED
2022-01-19,51.41593988487533,36.4034825155523,35.35503848322322,35.070644699169115,356.51409912109375,Red,ELEVATED
2022-01-20,46.27556375437105,31.00715815255917,29.92192995382035,29.827132025802314,351.8834533691406,Red,ELEVATED
2022-01-21,38.68438173447961,22.59491320054232,22.233170467629378,22.201571158290033,342.1261291503906,Red,ELEVATED
2022-01-24,36.65236475073918,20.28920857276008,20.168627661789102,20.158094558675987,343.6924133300781,Red,ELEVATED
2022-01-25,33.612754655317055,18.034295188583275,17.994101551592948,17.99059051722191,335.7251281738281,Red,ELEVATED
2022-01-26,30.945221787226224,16.931568631648297,16.91817075265152,16.917000407861174,335.1998596191406,Red,ELEVATED
2022-01-27,28.827634574677575,16.08419463392938,16.079728674263784,16.07933855933367,331.8241271972656,Red,ELEVATED
2022-01-28,30.407609092290624,18.922758741670854,18.92127008844899,18.921140050138952,342.2331237792969,Red,ELEVATED
2022-01-31,35.85104395835491,24.58016791555572,24.579671697815098,24.579628351711754,353.17730712890625,Red,ELEVATED
2022-02-01,40.35712050069681,29.106643301245228,29.106477895331686,29.10646344663057,355.5801086425781,Green,ELEVATED
2022-02-02,43.57757173214363,32.36626803671374,31.941709382207115,31.94170456597341,358.4693908691406,Green,ELEVATED
2022-02-03,39.19416665473869,29.677435793299093,29.535916241796883,29.535914636385648,343.9356384277344,Green,ELEVATED
2022-02-04,37.84846583115694,28.45353702549189,28.40636384165782,28.406363306520745,348.2743835449219,Green,ELEVATED
2022-02-07,36.23074093986398,26.626875782420072,26.61115138780871,26.611151209429686,345.47271728515625,Green,ELEVATED
2022-02-08,38.713351596953615,30.253613850649295,28.511914338861118,28.511914279401445,349.35418701171875,Green,ELEVATED
2022-02-09,44.74832544849101,38.19838523475583,36.374476186948534,35.13113362325073,356.7571716308594,Green,NORMAL
2022-02-10,41.9862626601383,36.64181998835415,34.98014055001647,33.511983273048614,348.6828918457031,Green,ELEVATED
2022-02-11,35.30263065048287,30.469882001285278,28.898899602305086,27.39242459044818,337.6221008300781,Green,ELEVATED
2022-02-14,31.68590649183512,27.136921500301142,25.633904442262825,24.152389846598936,338.0404052734375,Yellow,ELEVATED
2022-02-15,35.454603966456155,31.825795067821886,30.620629192434805,29.422630804505857,346.4454650878906,Yellow,ELEVATED
2022-02-16,37.09189470840176,34.34211048590664,33.42699477534972,32.51426822727884,346.3580017089844,Red,ELEVATED
2022-02-17,31.731917573608555,28.743040364357224,27.747240971365045,26.75223796586821,336.0559997558594,Red,ELEVATED
2022-02-18,29.18153428968356,25.646713499612197,24.46860423961894,23.29076044212413,332.22308349609375,Red,ELEVATED
2022-02-22,27.186045136036107,22.842565505574086,21.394793740985808,19.947110463897012,328.88629150390625,Red,ELEVATED
2022-02-23,24.512234247671408,18.403137152576058,16.67950230117316,16.196941208810223,320.4618225097656,Red,ELEVATED
2022-02-24,24.272411159761344,16.46248483837,15.163352362780447,15.002498665326135,331.230712890625,Red,ELEVATED
2022-02-25,37.02744839005471,31.456304617244474,30.033982125710253,28.991085893554445,336.3671875,Red,ELEVATED
2022-02-28,41.06744407803161,37.63153507786609,36.63114055538953,35.75722145270578,337.36920166015625,Red,ELEVATED
2022-03-01,34.71603518490369,31.447317271900793,30.4060474600927,29.406936121548874,332.20361328125,Red,EXTREME
2022-03-02,39.36487707810571,36.14458656729755,35.087257338981345,34.04398093508656,337.7778015136719,Red,ELEVATED
2022-03-03,39.99596930319916,36.31247533524839,35.09001099324921,33.872230926057156,332.9526672363281,Green,ELEVATED
2022-03-04,33.55879864165674,29.460071704888023,28.09561838618214,26.73272649241197,328.12750244140625,Green,ELEVATED
2022-03-07,28.350367384926777,23.91347761283353,22.435110686652564,20.957264235450168,316.0257568359375,Green,EXTREME
2022-03-08,25.825479706324714,21.164057302375127,19.610448611453084,18.057013412190564,314.556884765625,Yellow,EXTREME
2022-03-09,26.845822018419213,22.29985181742121,20.784594676108924,19.269395365349816,325.8803405761719,Yellow,ELEVATED
2022-03-10,27.085114552018325,22.710428535178252,21.252221949238354,19.794034640149516,322.2615051269531,Red,ELEVATED
2022-03-11,25.344330756246656,19.507202025712928,17.56149981098173,16.20332263747557,315.5783386230469,Red,ELEVATED
2022-03-14,24.73076721101742,17.707152743934884,15.502230970003186,15.04950524550113,309.51776123046875,Red,ELEVATED
2022-03-15,29.60627900644967,23.605027988969844,21.650038665952955,20.279114692745942,319.226318359375,Red,ELEVATED
2022-03-16,37.805101406583624,33.97466130319752,32.71299049633873,31.646008139416566,331.0653991699219,Red,REVERSAL
2022-03-17,43.15343295643409,40.96160803985897,40.23604725464613,39.57538261941216,335.0733337402344,Green,REVERSAL
2022-03-18,48.113474310233045,46.925360230318134,46.53100471045056,46.158281240575946,341.9316101074219,Green,REVERSAL
2022-03-21,51.77893243103029,51.15414151719706,50.946438714842884,50.745946595819696,340.98101806640625,Green,REVERSAL
2022-03-22,58.64266040277652,58.32002032123464,58.2126605725841,58.107704385043874,347.68212890625,Green,ELEVATED
2022-03-23,54.90739865797448,54.27130957566179,54.05934219662315,53.84817600462127,342.685546875,Blue,ELEVATED
2022-03-24,56.418037233503455,55.91667124099986,55.74957001518719,55.582735851720116,350.3022766113281,Blue,ELEVATED
2022-03-25,57.730749236967334,57.418959090266455,57.31503596526233,57.21120186104008,350.0101013183594,Blue,ELEVATED
2022-03-28,58.68990704669413,58.513642923194,58.454890523326014,58.39616779705198,355.42559814453125,Blue,NORMAL
2022-03-29,62.2366139342229,62.14169218908961,62.11005237670031,62.078422455508985,361.5423278808594,Blue,NORMAL
2022-03-30,62.153730483010676,62.090877042371844,62.06992615193283,62.04897855855981,357.5489501953125,Blue,NORMAL
2022-03-31,56.53650643006512,56.30105562455496,56.22257210819845,56.144089690863936,353.1171875,Blue,ELEVATED
2022-04-01,56.925216607203645,56.63607605799611,56.53969590342033,56.44331611518521,352.44512939453125,Blue,NORMAL
2022-04-04,58.527079608378585,58.231946472457324,58.133568769981366,58.03519118961897,359.701416015625,Blue,NORMAL
2022-04-05,54.52942058355191,54.112916395152126,53.974081668851454,53.8352469832553,351.7145080566406,Blue,ELEVATED
2022-04-06,50.221650031387576,48.89239355676352,48.44930806627747,48.0062225893596,344.07843017578125,Green,ELEVATED
2022-04-07,49.50779076208771,47.18064891185652,46.404934962131215,45.62922101692865,344.8965759277344,Yellow,ELEVATED
2022-04-08,49.21284668440187,45.678372784146546,44.50021481751203,43.32205685238509,340.07525634765625,Yellow,ELEVATED
2022-04-11,47.34992477444881,42.13385818677457,40.395169324255576,38.65648046223911,332.0299072265625,Yellow,ELEVATED
2022-04-12,47.07564973357682,40.38853607444639,38.159498188082615,35.93046030188634,330.6273498535156,Red,ELEVATED
2022-04-13,50.956616726431136,44.062719740379265,41.76475407836632,39.466788416409216,337.3480224609375,Red,ELEVATED
2022-04-14,47.441349105668934,39.1775988590919,36.423015443567664,33.66843202806204,329.6337890625,Red,ELEVATED
2022-04-18,44.29838624097063,33.94643570677619,30.49578552871186,28.70741388176834,329.8871154785156,Red,ELEVATED
2022-04-19,51.9945900071707,42.295277971160395,39.062173959157114,36.38316279086078,337.26025390625,Red,ELEVATED
2022-04-20,56.57635710180956,48.00885271638893,45.15301792124876,42.481880740677596,332.341552734375,Red,ELEVATED
2022-04-21,49.95406372325013,40.59563377612355,37.476157127081365,34.41824634956218,325.4650573730469,Red,ELEVATED
2022-04-22,39.304525632121184,26.898595157085808,24.145223433398264,23.12591984089187,316.94244384765625,Red,ELEVATED
2022-04-25,34.5487726729602,19.516871886340702,18.495671940052564,18.155904075883765,321.01385498046875,Red,ELEVATED
2022-04-26,30.477609564016486,14.466975968476653,14.126575986380608,14.013320031657674,308.897216796875,Red,EXTREME
2022-04-27,29.14228811290951,12.805410247729565,12.691943587030885,12.654191602123241,308.5270080566406,Red,ELEVATED
2022-04-28,29.78579183214529,13.340165877085306,13.302343656852413,13.289759661883199,319.4847106933594,Red,ELEVATED
2022-04-29,25.93968085150773,10.527249977598853,10.514642570854555,10.510447905864815,305.1083068847656,Red,EXTREME
2022-05-02,23.082819325758678,9.762934960381646,9.75873249146688,9.757334269803632,310.2023620605469,Red,ELEVATED
2022-05-03,24.299291708388996,12.0945154384485,12.09311461547691,12.092648541589162,310.53350830078125,Red,ELEVATED
2022-05-04,32.05905383786661,18.447276562701255,18.446809621710727,18.446654263748144,321.0333557128906,Red,REVERSAL
2022-05-05,25.34644330678777,13.309184215065981,13.309028568069138,13.308976782081611,304.86474609375,Red,ELEVATED
2022-05-06,22.403472941281784,11.41373842922637,11.41368654689409,11.413669284898248,301.2122497558594,Red,ELEVATED
2022-05-09,17.414966484811128,8.45264757338525,8.452630279274489,8.452624525275876,289.4267272949219,Red,EXTREME
2022-05-10,15.452825549765125,7.227422949660203,7.227417184956616,7.227415266957078,292.94293212890625,Red,ELEVATED
2022-05-11,14.003340582281684,6.571724900765229,6.571722979197367,6.571722339864188,284.2547607421875,Red,ELEVATED
2022-05-12,13.220999330092123,6.576664473290343,6.576663832767722,6.576663619656662,283.5827331542969,Red,ELEVATED
2022-05-13,14.13852080099485,7.63624251539426,7.636242301886719,7.6362422308496996,294.0922546386719,Red,ELEVATED
2022-05-16,17.199765359323308,10.420765190049035,10.420765118879855,10.420765095200847,290.6831359863281,Red,REVERSAL
2022-05-17,22.74032134675649,15.44315462366507,15.443154599942009,15.443154592049005,298.2123107910156,Red,REVERSAL
2022-05-18,18.46400766645742,12.453378018019539,12.453378010111852,12.45337800748085,283.57293701171875,Red,ELEVATED
2022-05-19,17.54787071711023,11.512846019482787,11.512846016846892,11.512846015969892,282.0534362792969,Red,ELEVATED
2022-05-20,17.1204109280148,10.669847139916762,10.669847139038131,10.669847138745798,281.1768798828125,Red,ELEVATED
2022-05-23,20.058450735703715,14.592752073804169,13.487581829333445,13.06196650965109,285.8521423339844,Red,ELEVATED
2022-05-24,19.023478840278997,14.550659857545714,13.29862996646655,12.273118383650175,279.7742919921875,Red,ELEVATED
2022-05-25,22.79451821315915,19.24667352536467,18.143695219377154,17.1162230161439,283.6898193359375,Red,ELEVATED
2022-05-26,28.10881158797529,25.897744178602107,25.187267238792366,24.501958999900715,291.5500793457031,Green,ELEVATED
2022-05-27,32.45409197171672,31.202843245204818,30.794608846361285,30.394764014490463,301.066162109375,Green,ELEVATED
2022-05-31,35.069131670765735,34.39493563356801,34.173153124500026,33.95416713775628,300.2674255371094,Green,ELEVATED
2022-06-01,32.08813510210172,31.126556594966708,30.807013593698795,30.488402766538954,298.0467224121094,Green,ELEVATED
2022-06-02,35.68438546670942,34.99543605029654,34.76611396741794,34.53710260924203,306.2088928222656,Green,ELEVATED
2022-06-03,32.32881875169462,31.011528503095278,30.57254099442628,30.13365706065818,298.2415466308594,Green,ELEVATED
2022-06-06,33.135226474828535,31.795104642620117,31.348433778838682,30.901797440024215,299.23504638671875,Green,ELEVATED
2022-06-07,41.55218577224898,40.65496595350853,40.35590481846883,40.05685519175145,301.8161315917969,Green,ELEVATED
2022-06-08,38.70841017103514,37.78987489828616,37.48370051999443,37.17752997781014,299.6441650390625,Green,ELEVATED
2022-06-09,29.328508945193917,27.14065941685984,26.411377589401127,25.682097040644894,291.6182861328125,Green,ELEVATED
2022-06-10,22.364625300488484,17.832744419557145,16.322117908797576,14.81149182427217,281.3327331542969,Yellow,ELEVATED
2022-06-13,13.863996712017467,8.92188827022554,8.41834609997235,7.9148040717972155,268.2518310546875,Yellow,EXTREME
2022-06-14,10.738067060437611,5.822179061321783,5.654331671237387,5.486484328512342,268.73883056640625,Red,ELEVATED
2022-06-15,9.325512407288633,4.599846037212986,4.543896907184854,4.487947792943172,275.44976806640625,Red,ELEVATED
2022-06-16,7.4346471008849555,3.789054607156035,3.7704048971466575,3.751755192399431,264.3362731933594,Red,ELEVATED
2022-06-17,6.88000186374823,3.388878439912664,3.3826618699095383,3.3764453016604627,267.5503845214844,Red,ELEVATED
2022-06-21,9.440473597634986,5.615654678578685,5.613582488577643,5.611510299161285,274.3006591796875,Red,ELEVATED
2022-06-22,9.904296519851988,6.499264287573961,6.498573557573614,6.497882827768161,273.9006042480469,Red,ELEVATED
2022-06-23,12.040254227315504,8.262650890630237,8.26242064729679,8.262190404028305,277.9797058105469,Red,ELEVATED
2022-06-24,18.298657920194934,12.91538273389244,12.915305986114625,12.915229238358464,287.5043640136719,Green,ELEVATED
2022-06-27,19.692794652367116,14.381702923599619,14.381677341007013,14.381651758421626,285.39642333984375,Green,REVERSAL
2022-06-28,17.61515900263554,13.628128426379709,13.62811989884884,13.628111371320378,276.7013854980469,Green,ELEVATED
2022-06-29,15.964131554657198,12.846232473683031,12.846229631172744,12.846226788663255,276.9549865722656,Green,ELEVATED
2022-06-30,13.53046697499071,10.396722836888209,10.396721889384782,10.396720941881618,273.5200500488281,Green,ELEVATED
2022-07-01,13.666631608517694,9.981309488409455,9.981309172574978,9.98130885674059,275.3254089355469,Green,ELEVATED
2022-07-05,12.988030539473348,9.766997240178009,9.76699713489985,9.76699702962172,280.0388488769531,Green,ELEVATED
2022-07-06,14.036251509881922,10.951462632339027,10.951462597246309,10.951462562153598,281.83441162109375,Green,ELEVATED
2022-07-07,18.304695469559924,15.141247325193774,15.141247313496201,15.141247301798632,287.8654479980469,Green,ELEVATED
2022-07-08,19.7600156355418,16.446273661493823,16.446273657594634,16.446273653695442,288.2265319824219,Blue,ELEVATED
2022-07-11,17.451098215065166,14.8233267750079,14.31559651302774,13.807866251047585,282.0687255859375,Green,ELEVATED
2022-07-12,14.359906810800311,12.480091599482805,11.97621771283439,11.472343826185977,279.3362121582031,Green,ELEVATED
2022-07-13,11.830200806500294,9.84118996763414,9.219096749275671,8.597003530917206,278.7604064941406,Yellow,ELEVATED
2022-07-14,12.824522797688434,11.20058539774178,10.672909729291867,10.145234060841954,279.75579833984375,Yellow,ELEVATED
2022-07-15,19.538959822574693,18.517180462430172,18.181132941781655,17.845085421133142,284.8304443359375,Yellow,ELEVATED
2022-07-18,20.584124713490155,19.559504743916385,19.219479953858347,18.879455163800312,282.4200439453125,Yellow,ELEVATED
2022-07-19,32.24757340222447,31.564019987603746,31.336673915996794,31.10932784438985,291.1053771972656,Green,ELEVATED
2022-07-20,35.812209675171246,35.413351824582946,35.28056756325349,35.14778330192404,295.72125244140625,Green,ELEVATED
2022-07-21,38.653393847083116,38.43493787402965,38.36217533485627,38.289412795682885,299.96630859375,Blue,ELEVATED
2022-07-22,39.06294895232952,38.75727444988301,38.65540165523788,38.55352886059275,294.7064514160156,Blue,ELEVATED
2022-07-25,40.98402714750431,40.765707724307795,40.69294081863242,40.620173912957036,293.0278015136719,Blue,ELEVATED
2022-07-26,36.509313238028895,35.65035304549511,35.36403505978056,35.077717074066,287.2701110839844,Blue,ELEVATED
2022-07-27,41.99280763148081,41.313394041568735,41.086923537752504,40.86045303393628,299.41009521484375,Blue,ELEVATED
2022-07-28,45.279151642467845,44.85613368296342,44.715127927402314,44.57412217184122,302.3377380371094,Blue,ELEVATED
2022-07-29,47.898434219164486,47.659154851229474,47.57939513889792,47.499635426566385,307.8514404296875,Blue,ELEVATED
2022-08-01,52.43810036452247,52.30920388449403,52.266238416811255,52.223272949128486,307.666015625,Blue,ELEVATED
2022-08-02,51.029062278087764,50.961528439386555,50.93901716837284,50.91650589735913,306.74871826171875,Blue,ELEVATED
2022-08-03,53.10846634134204,53.07367088909578,53.062072407864804,53.05047392663384,315.1022644042969,Blue,ELEVATED
2022-08-04,51.256716101286585,51.238975530864906,51.23306200834138,51.227148485817864,316.5758361816406,Blue,ELEVATED
2022-08-05,55.12947902685958,55.12049446021589,55.117499604984786,55.11450474975367,313.98974609375,Blue,ELEVATED
2022-08-08,59.4165091735306,59.411978796397804,59.41046867079247,59.40895854518713,312.9748229980469,Blue,ELEVATED
2022-08-09,61.72086967603349,61.71859178953011,61.71783249406418,61.71707319859825,309.432373046875,Blue,ELEVATED
2022-08-10,66.2582536169013,66.25711044100396,66.25672938238324,66.25634832376252,318.0689392089844,Blue,NORMAL
2022-08-11,68.79288202050496,68.78232638278551,68.77880783688295,68.77528929098037,316.2635498046875,Blue,ELEVATED
2022-08-12,74.26269521888204,74.25408938343206,74.2512207716167,74.24835215980134,322.4213562011719,Blue,NORMAL
2022-08-15,76.043937168962,76.03852491237359,76.03672082684454,76.03491674131551,325.0270080566406,Blue,NORMAL
2022-08-16,77.23853233898133,77.23545643106597,77.23443112842767,77.23340582578936,324.2657470703125,Blue,NORMAL
2022-08-17,73.8111997772219,73.6806323133905,73.63710982544677,73.59358733750301,320.56719970703125,Blue,NORMAL
2022-08-18,74.82236967115952,74.6897705470637,74.64557083903179,74.60137113099985,321.33819580078125,Blue,NORMAL
2022-08-19,67.7494822558635,67.4096591603111,67.29638479512697,67.18311042994283,315.072998046875,Blue,ELEVATED
2022-08-22,60.98118328400539,58.46304427367214,57.62366460356107,56.78428493344998,306.7779846191406,Yellow,ELEVATED
2022-08-23,58.629077824356536,54.113416005282005,52.60819539892383,51.10297479256565,306.52423095703125,Yellow,ELEVATED
2022-08-24,58.87636285113575,53.16776679529585,51.26490144334922,49.36203609140257,307.412353515625,Yellow,ELEVATED
2022-08-25,61.71462279738992,56.732856179035764,55.07226730625105,53.41167843346632,312.84796142578125,Yellow,ELEVATED
2022-08-26,53.02287028417061,44.90442800040435,42.19828057248226,39.49213314456017,300.02484130859375,Yellow,ELEVATED
2022-08-29,45.052725154541726,32.80992532668442,30.444528583978947,29.54247944133825,297.0679626464844,Red,ELEVATED
2022-08-30,38.65871028910443,23.577777013151987,22.789311432250166,22.48862838470327,293.759765625,Red,ELEVATED
2022-08-31,35.33923856448523,19.31226080583442,19.04943894553381,18.949211263018178,292.0519714355469,Red,ELEVATED
2022-09-01,32.07178518062684,15.729459261076569,15.641851974309699,15.608442746804489,292.1788635253906,Red,ELEVATED
2022-09-02,30.401166677893954,13.953724704710535,13.924522275788245,13.91338586661984,288.0509338378906,Red,ELEVATED
2022-09-06,29.09825016634759,12.615769508619787,12.60603536564569,12.602323229256221,285.98193359375,Red,ELEVATED
2022-09-07,32.58979307575855,16.09563285651594,16.092388142191243,16.091150763394754,291.7591552734375,Red,ELEVATED
2022-09-08,38.47458986778439,21.97653646137019,21.975454889928624,21.975042430329793,293.2718200683594,Red,ELEVATED
2022-09-09,49.94853508311119,33.44918394763979,33.448823423825935,33.44868593729299,299.6833190917969,Red,ELEVATED
2022-09-12,57.460444888294376,43.806652144005426,41.08852895857909,40.96049517302164,303.2452697753906,Green,ELEVATED
2022-09-13,46.66993919350843,31.91167910973509,30.212633883603328,30.169955955084177,286.6163024902344,Green,ELEVATED
2022-09-14,41.53758049426935,25.858412548506404,25.051812057634322,25.03758608146127,288.8901062011719,Green,ELEVATED
2022-09-15,37.21737207388793,20.990982758633606,20.722115928342912,20.717373936285227,284.0790100097656,Yellow,ELEVATED
2022-09-16,33.85253949555946,17.443743057141354,17.35412078037779,17.35254011635856,282.3419494628906,Yellow,ELEVATED
2022-09-19,32.09660707610012,15.627008263294083,15.597134171039563,15.596607283033153,284.5406799316406,Red,ELEVATED
2022-09-20,29.361453156042185,12.871586885106836,12.86162885435533,12.861453225019858,282.2725830078125,Red,ELEVATED
2022-09-21,25.84038235425278,9.343760263941,9.340440920357164,9.34038237724534,277.2181091308594,Red,ELEVATED
2022-09-22,22.432944209595185,5.934070179491254,5.932963731629975,5.932944217259368,273.8061828613281,Red,ELEVATED
2022-09-23,17.882199167519026,3.889981898225121,3.8896130822713615,3.889606577481159,269.34820556640625,Red,ELEVATED
2022-09-26,15.738841436249448,2.86412086500333,2.863997926352077,2.8639957580886763,268.2336730957031,Red,ELEVATED
2022-09-27,14.870732065947589,2.4666585421988816,2.466617562648464,2.466616839893997,268.34124755859375,Red,ELEVATED
2022-09-28,15.485924645661141,3.460955693300461,3.460942033450322,3.460941792532166,273.6791076660156,Red,ELEVATED
2022-09-29,13.751004000606052,2.801014349819159,2.801009796535779,2.8010097162297276,265.78961181640625,Red,ELEVATED
2022-09-30,11.940755704012679,3.043073968565194,3.0430724508040674,3.0430724240353837,261.28271484375,Red,ELEVATED
2022-10-03,15.858209813410776,7.586760346039392,7.586759840119016,7.5867598311961215,267.41241455078125,Red,ELEVATED
2022-10-04,25.007148172131483,13.09101747785913,13.066664847700896,13.066664844726597,275.8200988769531,Red,ELEVATED
2022-10-05,25.372163091936027,13.618638045697093,13.610520502311015,13.610520501319584,275.67352294921875,Red,ELEVATED
2022-10-06,23.21335603583468,13.290884724125405,13.288178876330043,13.288178875999566,273.503173828125,Red,ELEVATED
2022-10-07,17.345002079145175,10.280104234501344,10.279202285236224,10.279202285126065,263.08154296875,Red,ELEVATED
2022-10-10,12.356982977072864,6.570535547376774,6.5702348976217335,6.570234897585014,260.45172119140625,Red,ELEVATED
2022-10-11,9.405979686874216,4.8345712843829265,4.834471067797914,4.834471067785674,256.87347412109375,Red,EXTREME
2022-10-12,8.909438166548348,3.9300798101623617,3.930046404634024,3.930046404629944,256.78558349609375,Red,EXTREME
2022-10-13,13.320618327327963,9.747216309794496,9.109333208372336,8.471461242124931,262.80780029296875,Red,ELEVATED
2022-10-14,10.031982136120725,7.0975818475738315,6.3847019112836625,6.172077922534528,254.90846252441406,Red,ELEVATED
2022-10-17,14.782762895302776,12.932996324435944,12.404825298555489,12.043406255188708,263.32598876953125,Red,ELEVATED
2022-10-18,18.524925855435974,17.472520427804763,17.151191228952744,16.88544602427195,265.4083251953125,Green,ELEVATED
2022-10-19,18.10103378093685,17.310318478055308,17.056570913880925,16.821351347763617,264.4404602050781,Green,ELEVATED
2022-10-20,14.608685553936194,13.524028567251227,13.165750972840502,12.813649377782138,263.09130859375,Green,ELEVATED
2022-10-21,22.796690608944914,22.02459567052103,21.76832226920782,21.514107534345406,269.26019287109375,Green,ELEVATED
2022-10-24,28.92129458588655,28.458658301647475,28.304810066288255,28.1516480530793,272.222412109375,Green,ELEVATED
2022-10-25,34.27402774486815,34.01717999773956,33.93168536849242,33.84641947996202,277.8536682128906,Green,ELEVATED
2022-10-26,36.958673041335686,36.82173929943505,36.7761351476223,36.73060724271513,271.714111328125,Green,ELEVATED
2022-10-27,35.991190084590244,35.62995603530559,35.50955816181764,35.38918570396488,266.76727294921875,Green,ELEVATED
2022-10-28,40.676965146378045,40.398759062290935,40.30602819301977,40.213305795626994,274.93048095703125,Green,ELEVATED
2022-10-31,42.074154616301314,41.86552101972061,41.79597798489078,41.72643777402041,271.73370361328125,Green,ELEVATED
2022-11-01,40.197278338976126,39.822063335006725,39.69699216613817,39.57192193858943,268.9571228027344,Green,ELEVATED
2022-11-02,30.129873338605336,28.36867650417207,27.781611059068062,27.194545927737323,259.73797607421875,Yellow,ELEVATED
2022-11-03,25.658394475348597,22.75239822509355,21.783732863799784,20.815067607097106,254.66407775878906,Yellow,ELEVATED
2022-11-04,30.317545997797083,27.58796126860119,26.67809971068854,25.768238187639575,258.7604064941406,Red,ELEVATED
2022-11-07,35.468079758610784,33.56002849126783,32.92401140831551,32.28799433698441,261.60528564453125,Red,ELEVATED
2022-11-08,39.79666549071622,38.66155355612973,38.28318291332157,37.904812274387155,263.5116882324219,Red,ELEVATED
2022-11-09,37.57038597790318,36.422502632527156,36.03987485141982,35.65724707160372,257.4307861328125,Red,ELEVATED
2022-11-10,50.072222375045115,49.30483824299617,49.04904353254142,48.79324882251708,276.42626953125,Green,ELEVATED
2022-11-11,55.66626293499934,55.21809004918789,55.06869908732681,54.91930812560921,281.5196838378906,Green,ELEVATED
2022-11-14,55.904996215252524,55.659416165751146,55.577556149276035,55.495696132848764,279.05615234375,Blue,ELEVATED
2022-11-15,58.17331475661376,58.04336019633118,58.00004200957876,57.95672382284231,282.9178161621094,Blue,ELEVATED
2022-11-16,57.50138885005937,57.43402339140745,57.4115682385263,57.389113085650465,279.05615234375,Blue,ELEVATED
2022-11-17,54.69116629871518,54.2851597321079,54.14982420990643,54.0144886877067,278.4401550292969,Blue,ELEVATED
2022-11-18,54.51518856862745,53.95934470067448,53.77406341135715,53.588782122040385,278.449951171875,Blue,ELEVATED
2022-11-21,54.71283074591608,54.0058803531676,53.77023022225154,53.534580091335684,275.58551025390625,Blue,ELEVATED
2022-11-22,59.75106970590772,59.254585023276135,59.08909012906564,58.92359523485521,279.5547180175781,Blue,ELEVATED
2022-11-23,62.67416401081054,62.378251840742315,62.279614450719585,62.180977060696875,282.3605651855469,Blue,ELEVATED
2022-11-25,66.09032363907691,65.90694636112534,65.84582060180813,65.78469484249095,280.50299072265625,Blue,ELEVATED
2022-11-28,60.75646655035078,60.106638381791385,59.89002899227158,59.67341960275179,276.38714599609375,Blue,ELEVATED
2022-11-29,60.38562832214415,59.02570939466992,58.57240308551184,58.11909677635377,274.29498291015625,Yellow,ELEVATED
2022-11-30,69.5167614564683,68.491800378333,68.15014668562124,67.80849299290948,286.7989196777344,Yellow,ELEVATED
2022-12-01,72.85862591400581,72.22159622569433,72.00925299625716,71.79690976682001,287.1509094238281,Green,NORMAL
2022-12-02,75.38355932623462,75.02352809899762,74.9035176899186,74.78350728083959,286.007080078125,Green,NORMAL
2022-12-05,69.65851513788898,68.5675253132434,68.20386203836152,67.84019876347965,281.2069091796875,Blue,ELEVATED
2022-12-06,61.383192790062296,57.71481237684158,56.492018905768006,55.26922543469442,275.3801574707031,Yellow,ELEVATED
2022-12-07,57.22660515110255,51.140081583081766,49.1112403937415,47.08239920440124,274.25592041015625,Yellow,ELEVATED
2022-12-08,56.39463894508229,48.96995701282398,46.49506303540455,44.020169057985115,277.5016174316406,Yellow,ELEVATED
2022-12-09,54.01840707810191,45.34429064589011,42.45291850181952,39.561546357748924,275.7321472167969,Yellow,ELEVATED
2022-12-12,58.14477851996608,49.63144271794374,46.793664117269635,43.95588551659552,279.1930236816406,Yellow,ELEVATED
2022-12-13,64.35946142619972,56.96395620488306,54.498787797777524,52.03361939067197,282.1943054199219,Green,ELEVATED
2022-12-14,65.24827717708348,57.73927150132332,55.23626960940327,52.73326771748323,280.1021728515625,Green,ELEVATED
2022-12-15,53.98526191902492,42.23095771222202,39.64792606313153,38.813592099158186,270.6973571777344,Yellow,ELEVATED
2022-12-16,45.78365856906724,30.865557166799604,30.004546617102775,29.726435295778327,268.11639404296875,Yellow,ELEVATED
2022-12-19,41.6480707481584,25.675370280735855,25.388366764170243,25.295662990395428,264.348388671875,Red,ELEVATED
2022-12-20,41.65518562195905,25.33095213281819,25.235284293962987,25.20438303603805,264.1425476074219,Red,ELEVATED
2022-12-21,47.33910295490754,30.897691791860584,30.865802512242183,30.855502092933868,267.97430419921875,Red,ELEVATED
2022-12-22,45.720580154521244,29.240109766838927,29.229480006966124,29.226046533863354,261.4182434082031,Red,ELEVATED
2022-12-23,48.676306016320886,32.18281588709345,32.17927263380251,32.17812814276826,262.0062561035156,Red,ELEVATED
2022-12-27,49.29869943723314,32.80086939415732,32.79968830972701,32.79930681271559,258.3019714355469,Red,ELEVATED
2022-12-28,44.55138796143875,28.052111280413484,28.051717585603377,28.051590419932907,254.89161682128906,Red,ELEVATED
2022-12-29,48.07732593225124,31.577567038576152,31.577435806972783,31.57739341841596,261.1046142578125,Red,ELEVATED
2022-12-30,47.93917902061169,31.439259389386653,31.439215645518864,31.43920151599992,260.9478454589844,Red,ELEVATED
2023-01-03,43.35129162426682,26.85131841385848,26.851303832569215,26.851299122729564,259.1839599609375,Red,ELEVATED
2023-01-04,49.25960871472165,34.548112920238374,32.759612784155784,32.75961121420924,260.4186706542969,Red,ELEVATED
2023-01-05,46.13308112920623,32.19988572442711,29.633082485684277,29.633081962368756,256.34197998046875,Red,ELEVATED
2023-01-06,57.31451542458153,46.623534178012804,43.75240550566219,41.73687773845401,263.4173583984375,Red,ELEVATED
2023-01-09,60.41863210456701,52.06941901516737,49.51719189975825,47.25016508606328,265.1225280761719,Green,ELEVATED
2023-01-10,64.57932162515445,58.285310195916196,56.2642543576337,54.338265286589255,267.36669921875,Green,ELEVATED
2023-01-11,70.79429252565959,66.661196120361,65.30914664241598,63.988786086883664,271.9922180175781,Green,ELEVATED
2023-01-12,72.21795365112837,69.36057747519703,68.41666852449364,67.48332254792781,273.462158203125,Blue,NORMAL
2023-01-13,73.30062181638029,71.53670982065393,70.95158908028085,70.36998933128693,275.3436584472656,Blue,NORMAL
2023-01-17,73.03453363128915,71.70359674750574,71.26090109453429,70.81937910535589,275.90234375,Blue,NORMAL
2023-01-18,70.05517351390955,68.81534859615554,68.40239028188964,67.98982318888811,272.3155212402344,Blue,ELEVATED
2023-01-19,63.17893638318915,61.215445029580266,60.561053464483564,59.90679230647498,269.6402282714844,Blue,ELEVATED
2023-01-20,67.88699762614239,66.180374088594,65.6115347603355,65.04273890110639,277.0194396972656,Blue,NORMAL
2023-01-23,73.48251384056114,72.38757611820563,72.02260860550633,71.6576555824835,283.1737060546875,Blue,NORMAL
2023-01-24,75.66654222221129,75.03853137650643,74.82919833730011,74.61987012798593,282.5954895019531,Blue,NORMAL
2023-01-25,77.11279913188046,76.77194638085233,76.65833010029694,76.54471542970559,281.96832275390625,Blue,NORMAL
2023-01-26,80.65775718574585,80.47838170083988,80.41859030691144,80.35879944963767,287.4660339355469,Blue,NORMAL
2023-01-27,82.44226853912002,82.34959776020307,82.31870764535526,82.28781770939236,290.3275146484375,Blue,NORMAL
2023-01-30,80.18407904787968,80.08824670876655,80.05630264399257,80.02435863884688,284.4574890136719,Blue,NORMAL
2023-01-31,83.84507392396154,83.78065877118676,83.75918706968307,83.73771538805549,288.7203674316406,Blue,NORMAL
2023-02-01,85.82661950015243,85.78891226269229,85.77634318890155,85.76377412173619,294.8942565917969,Blue,NORMAL
2023-02-02,86.05613844451014,85.85250889708917,85.78463238306972,85.71675587125873,305.4779357910156,Blue,NORMAL
2023-02-03,85.00412209830932,84.54318930670185,84.38954504342856,84.2359007808914,300.0487976074219,Blue,NORMAL
2023-02-06,84.065382337719,83.32784014428296,83.08199274666956,82.83614534930155,297.5107421875,Blue,NORMAL
2023-02-07,84.64233612430709,83.92116302560052,83.68077199276453,83.44038096001034,303.6748352050781,Blue,NORMAL
2023-02-08,81.51214842151896,80.61721085761394,80.31889833633433,80.02058581508197,298.2750549316406,Blue,NORMAL
2023-02-09,76.55049793481058,74.76301978689638,74.167193737599,73.57136768831072,295.63897705078125,Blue,ELEVATED
2023-02-10,76.18383971594224,73.9241600199979,73.17093345468558,72.41770688937629,293.6986083984375,Blue,ELEVATED
2023-02-13,78.63921182880213,76.6032120860009,75.92454550506797,75.24587892413605,298.4024963378906,Blue,ELEVATED
2023-02-14,77.50269961910865,74.99883568554279,74.16421437435443,73.32959306316643,300.6075134277344,Blue,NORMAL
2023-02-15,80.70249238216135,78.0642133668789,77.18478702845151,76.30536069002423,302.910400390625,Blue,NORMAL
2023-02-16,77.18128212311936,73.72619880764495,72.57450436915352,71.42280993066213,297.2265625,Blue,ELEVATED
2023-02-17,75.52426610445839,71.0137796357768,69.51028414621629,68.00678865665577,295.12939453125,Yellow,ELEVATED
2023-02-21,66.98334704925414,59.35470901682076,56.81182967267632,54.26895032853186,288.1421813964844,Yellow,ELEVATED
2023-02-22,61.53083474551021,50.480939685484884,47.140328953317606,46.29270250526945,288.3577880859375,Yellow,ELEVATED
2023-02-23,60.933658603209864,48.04850169748322,45.136823339145664,44.85428118979628,290.8763122558594,Yellow,ELEVATED
2023-02-24,56.27490307418982,41.657675836366266,40.00929131950174,39.91511060305195,286.0058898925781,Yellow,ELEVATED
2023-02-27,54.72279851410501,38.85038943483049,38.30092792920898,38.26953435705905,288.05401611328125,Yellow,ELEVATED
2023-02-28,52.745475753968975,36.454672727544136,36.27151889233697,36.26105436828699,287.68157958984375,Yellow,ELEVATED
2023-03-01,56.66039243154245,40.230124756067504,40.169073477665115,40.16558530298179,285.36883544921875,Red,ELEVATED
2023-03-02,56.94905798627663,40.47230209445165,40.45195166831752,40.45078894342308,287.7305908203125,Red,NORMAL
2023-03-03,62.72630287268179,47.059059168121266,46.22726743336208,46.22687985839727,293.67901611328125,Yellow,NORMAL
2023-03-06,63.09055231312897,48.122438749632686,46.59087383335573,46.590744641700795,294.0122375488281,Green,NORMAL
2023-03-07,55.26670529056363,40.428247625910146,38.76681246397254,38.76676940008756,290.4059143066406,Green,NORMAL
2023-03-08,55.646057636190406,41.88180715539521,39.14609336066004,39.14607900603171,291.8562316894531,Green,NORMAL
2023-03-09,46.422182500237724,31.299290495072867,29.922194408394265,29.922189623518157,286.79962158203125,Green,ELEVATED
2023-03-10,37.609515239925415,21.568551238203796,21.109519209310925,21.109517614352225,282.7718811035156,Yellow,ELEVATED
2023-03-13,33.676667612867476,17.329679612293603,17.176668935995977,17.176668404343076,284.8690490722656,Yellow,ELEVATED
2023-03-14,36.00701956973987,19.55802356954858,19.507020010782703,19.50701983356507,291.4153137207031,Yellow,ELEVATED
2023-03-15,32.5519562519378,17.770346474096264,17.753345287840972,17.753345228768428,292.94403076171875,Yellow,ELEVATED
2023-03-16,35.5332236065043,20.581020347223788,20.575353285138693,20.575353265447845,300.666259765625,Green,ELEVATED
2023-03-17,33.45713673975187,19.73093935702873,19.7290503363337,19.729050329770082,299.2452392578125,Green,ELEVATED
2023-03-20,37.39097247020506,22.251283999332852,22.20938811351011,22.209388111322237,300.3072814941406,Blue,ELEVATED
2023-03-21,43.619032526278986,30.876696558783784,28.297473548885826,27.55850440665138,304.5963439941406,Blue,ELEVATED
2023-03-22,39.44948819272953,27.641591194128903,24.261699632128842,23.095978819520337,300.4544982910156,Blue,ELEVATED
2023-03-23,37.02841469645225,26.69633777553426,23.437670169961642,21.080022683160298,304.017333984375,Blue,ELEVATED
2023-03-24,39.626914494187965,31.033986872356408,28.231463676657015,25.72928052054805,305.1362609863281,Blue,ELEVATED
2023-03-27,43.22183584265969,36.1497206098975,33.812944202836036,31.576281142304715,303.045654296875,Blue,ELEVATED
2023-03-28,41.74330721487084,35.43578679815205,33.340145104976656,31.277874527311308,301.4359436035156,Blue,NORMAL
2023-03-29,50.31699119469098,45.44926248344124,43.82897461715717,42.21981045604312,306.9323425292969,Blue,NORMAL
2023-03-30,54.991599268689356,51.5518417662677,50.40601872239354,49.263903580242726,309.8375549316406,Blue,NORMAL
2023-03-31,59.03037979257384,56.975203325764085,56.2903987669163,55.60683017530963,314.9904479980469,Blue,NORMAL
2023-04-03,60.1467101160084,59.007355977403876,58.627656019009756,58.248368049696,314.22479248046875,Blue,NORMAL
2023-04-04,59.283382416978796,58.49112018483221,58.22706102560804,57.96313919607732,313.16485595703125,Blue,NORMAL
2023-04-05,55.76048076561764,54.8235747341518,54.511282140826964,54.199035324066614,310.0731201171875,Blue,NORMAL
2023-04-06,55.53080377894438,54.41789974974727,54.0469348790695,53.675985267246546,312.1637268066406,Blue,NORMAL
2023-04-10,55.58654680203476,54.815277782948144,54.558189156270814,54.30110561587841,311.987060546875,Blue,NORMAL
2023-04-11,60.01469716301207,59.557456985306075,59.40504394152126,59.25263259316475,309.9847106933594,Blue,NORMAL
2023-04-12,58.881936759191916,58.4651686003958,58.32624599705838,58.18732395886372,307.2464599609375,Blue,NORMAL
2023-04-13,64.08495820549764,63.81385810278522,63.723491440634845,63.63312496686537,313.2630310058594,Blue,NORMAL
2023-04-14,63.78325947340348,63.5472684906647,63.4686048426697,63.38994125746832,312.674072265625,Blue,NORMAL
2023-04-17,65.7726527791708,65.62117697734055,65.57068504770311,65.52019313899687,312.9390563964844,Blue,NORMAL
2023-04-18,66.72476903986403,66.63787103546194,66.60890503542993,66.57993904237495,312.9586486816406,Blue,NORMAL
2023-04-19,68.90292805963439,68.8557590229377,68.84003601118391,68.82431300175581,312.81146240234375,Blue,NORMAL
2023-04-20,65.54240028556113,65.20692037376979,65.09509373666549,64.98326710033642,310.4264831542969,Blue,NORMAL
2023-04-21,65.50863086621248,64.95491623055804,64.77034468539306,64.58577314048648,310.7503356933594,Yellow,NORMAL
2023-04-24,64.61062678995359,63.838357773317874,63.58093476779035,63.32351176234898,310.1025695800781,Yellow,NORMAL
2023-04-25,56.133917267831876,52.89091375574452,51.80991258505465,50.728911414393494,304.2528991699219,Yellow,NORMAL
2023-04-26,49.622337418638416,43.44405380717158,41.3846259366846,39.32519806620719,306.09808349609375,Yellow,NORMAL
2023-04-27,55.381233993820146,48.90456681266789,46.74567775228446,44.586788691904225,314.4211730957031,Green,NORMAL
2023-04-28,59.59605355264119,54.356583031369894,52.610092857613026,50.863602683857195,316.5902099609375,Green,NORMAL
2023-05-01,61.758760982533374,57.29739240472156,55.810269545451035,54.323146686180856,316.2270812988281,Blue,NORMAL
2023-05-02,53.14109885978196,45.44009148598399,42.87308902805136,40.30608657011885,313.4691467285156,Blue,NORMAL
2023-05-03,47.632973286552726,35.85008759913416,33.21030334264252,32.35463585666502,311.41778564453125,Blue,NORMAL
2023-05-04,41.951246658127864,27.45115825174539,26.14369001015779,25.858467514831958,310.3184509277344,Green,ELEVATED
2023-05-05,50.504053605997484,37.35939577774852,34.23486805667413,34.13979389156552,316.9141540527344,Green,NORMAL
2023-05-08,52.77932687329444,41.06157119526182,37.57466093203159,36.32457363515045,317.6993103027344,Blue,NORMAL
2023-05-09,51.53355576348956,41.17785164205942,37.86561970028737,35.29899541396502,315.68731689453125,Blue,NORMAL
2023-05-10,52.77828530583905,43.946326220430485,41.04889633597362,38.40000233666666,319.1225280761719,Blue,NORMAL
2023-05-11,51.96883116568546,42.896122371694446,39.88740493281278,36.96153278898107,320.16290283203125,Blue,NORMAL
2023-05-12,49.44869690947438,39.15013849121662,35.722458627058046,33.44626411723958,319.0145568847656,Blue,NORMAL
2023-05-15,51.02949897867948,40.51536617218541,37.01237955066317,34.69535471460121,320.7419738769531,Blue,NORMAL
2023-05-16,44.56767157546011,34.23835796614689,30.795828201034418,28.12295682076735,321.1051025390625,Blue,NORMAL
2023-05-17,51.0302009797386,42.78905291889327,40.04219515571991,37.55189018749502,324.9917907714844,Blue,NORMAL
2023-05-18,56.4604657632685,50.28596582800516,48.22786304639796,46.25527786310691,331.0279846191406,Blue,NORMAL
2023-05-19,56.92279835464782,52.00311996040258,50.3632484501477,48.75188280599819,330.2820739746094,Blue,NORMAL
2023-05-22,58.40749240427368,54.6515138705021,53.39952812185387,52.15704432857409,331.3911437988281,Blue,NORMAL
2023-05-23,54.26352320667145,50.41529304979156,49.13255202947903,47.85297832762265,327.1903991699219,Blue,NORMAL
2023-05-24,48.78700828480636,44.317799888868386,42.828064545327095,41.33938497460452,325.511962890625,Blue,ELEVATED
2023-05-25,46.141139352781224,40.84202488231289,39.07565365496946,37.30963435189893,333.43267822265625,Blue,NORMAL
2023-05-26,46.96256699042836,41.38623289352774,39.52745494883176,37.66879431222675,341.9519958496094,Blue,NORMAL
2023-05-30,45.29182491299157,39.36660724398578,37.39153471685192,35.416501292415056,343.5027770996094,Blue,NORMAL
2023-05-31,43.04318313597587,36.65045065712115,34.51953984057005,32.38864205825127,341.5495910644531,Blue,NORMAL
2023-06-01,46.23435144511076,39.427271247843905,37.15824451866622,34.88922213423264,345.4952392578125,Blue,NORMAL
2023-06-02,59.550099122791394,54.942987704878135,53.407283899988585,51.871581543347055,348.0862731933594,Blue,NORMAL
2023-06-05,64.45303474942332,61.73396568404007,60.827609329272846,59.92125345725495,348.3316955566406,Blue,NORMAL
2023-06-06,66.35296383396991,64.77462971024718,64.24851833579312,63.722407122255504,348.27276611328125,Blue,NORMAL
2023-06-07,69.16991461704669,68.30781435817495,68.02044760525777,67.73308090597942,342.3642272949219,Blue,NORMAL
2023-06-08,71.84744566133756,71.39208446623158,71.24029740120959,71.08851035406724,346.61407470703125,Blue,NORMAL
2023-06-09,73.31811386594927,72.95429138539514,72.83301722521486,72.71174307099446,347.93914794921875,Blue,NORMAL
2023-06-12,76.4297995048928,76.20250763694867,76.12674368096877,76.0509797269755,353.8182678222656,Blue,NORMAL
2023-06-13,78.77084364154607,78.64207083168499,78.5991465617318,78.55622229244081,356.5370178222656,Blue,NORMAL
2023-06-14,78.35285828994873,78.2304782041663,78.18968484223899,78.14889148053241,359.1280822753906,Blue,NORMAL
2023-06-15,82.00427103512176,81.92374976527991,81.89690934199935,81.87006891879237,363.407470703125,Blue,NORMAL
2023-06-16,83.7185486735278,83.67184429629,83.65627617054409,83.6407080448227,361.12054443359375,Blue,NORMAL
2023-06-20,80.6015022110625,80.25655766389352,80.14157614817053,80.02659463245573,360.60357666015625,Blue,NORMAL
2023-06-21,76.79220358393337,76.14773351027662,75.93291015239106,75.7180867945082,355.68939208984375,Blue,NORMAL
2023-06-22,74.16856539211851,73.01712275526606,72.63330854298191,72.24949433069867,359.8861389160156,Blue,NORMAL
2023-06-23,70.12263502433757,67.88292436701443,67.13635414790672,66.3897839287993,356.31842041015625,Blue,NORMAL
2023-06-26,69.88915162489575,67.28570523187965,66.41788976754094,65.55007430320234,351.54180908203125,Blue,NORMAL
2023-06-27,73.7695765891587,71.59452529481025,70.8695081966941,70.14449109857799,357.5862731933594,Blue,NORMAL
2023-06-28,75.55475812004337,73.72137050275569,73.11024129699312,72.49911209123057,358.2840576171875,Blue,NORMAL
2023-06-29,78.33594443524215,76.88167597683827,76.39691982403697,75.91216367123567,357.5666198730469,Blue,NORMAL
2023-06-30,82.04804592490146,81.1417201457795,80.83961155273886,80.5375029596982,363.0803527832031,Blue,NORMAL
2023-07-03,84.01715296989411,83.50425956369313,83.33329509495948,83.16233062622581,363.9353942871094,Blue,NORMAL
2023-07-05,83.07520447338752,82.5962651327959,82.43661868593203,82.27697223906817,363.9255676269531,Blue,NORMAL
2023-07-06,77.75600209597238,76.1080583173462,75.55874372447082,75.00942913159543,361.15399169921875,Blue,NORMAL
2023-07-07,75.72903465945627,73.35581879653306,72.56474684222532,71.77367488791757,359.95489501953125,Blue,NORMAL
2023-07-10,76.74465180833585,74.44462401067086,73.67794807811586,72.91127214556087,360.0727844238281,Yellow,NORMAL
2023-07-11,78.49854662312084,76.51840839388723,75.85836231747601,75.19831624106483,361.851806640625,Yellow,NORMAL
2023-07-12,82.40818557471033,81.10212883607092,80.66677658985779,80.23142434364466,366.4219970703125,Green,NORMAL
2023-07-13,84.3319372791122,83.57357970178496,83.3207938426759,83.06800798356682,372.64337158203125,Green,NORMAL
2023-07-14,84.83539323445154,84.42110470978541,84.28300853489671,84.144912360008,372.564697265625,Blue,NORMAL
2023-07-17,85.28667148219093,85.06782397452368,84.99487480530128,84.92192563607887,376.0439758300781,Blue,NORMAL
2023-07-18,84.88128948396263,84.46414520390651,84.32509711055448,84.18604901720244,379.1202697753906,Blue,NORMAL
2023-07-19,86.41000895256667,86.09886330379777,85.9951480875415,85.89143287128519,379.0318298339844,Blue,NORMAL
2023-07-20,86.5300619067478,86.34029791278309,86.27704324812818,86.21378858347327,370.29443359375,Blue,NORMAL
2023-07-21,86.89402736958934,86.78774831608021,86.75232196491052,86.7168956137408,369.18377685546875,Blue,NORMAL
2023-07-24,86.40507983026717,86.28249458328146,86.24163283428624,86.200771085291,369.77349853515625,Blue,NORMAL
2023-07-25,86.1365417616042,85.96420993970098,85.90676599906658,85.84932205843216,372.27972412109375,Blue,NORMAL
2023-07-26,86.18444489696572,85.83014612821063,85.71204653862561,85.5939469490406,371.0412902832031,Blue,NORMAL
2023-07-27,83.01771058855086,82.10100997379438,81.7954431022089,81.4898762306234,370.15679931640625,Yellow,NORMAL
2023-07-28,85.862174573288,84.82788010578345,84.48311528328195,84.13835046078043,376.8990173339844,Yellow,NORMAL
2023-07-31,87.37144034597816,86.38735512829489,86.05932672240047,85.73129831650604,377.0956115722656,Yellow,NORMAL
2023-08-01,85.7882915631375,84.59589809854108,84.19843361034229,83.80096912214348,376.22088623046875,Yellow,NORMAL
2023-08-02,79.83887259082421,76.84603112882996,75.84841730816522,74.85080348750047,367.9650573730469,Yellow,NORMAL
2023-08-03,76.93511509936383,71.5723214723569,69.78472359668794,67.99712572101896,367.3753356933594,Yellow,NORMAL
2023-08-04,74.74537394434888,67.06750387384217,64.50821385033993,61.948923826837685,365.65545654296875,Red,NORMAL
2023-08-07,76.77733672689726,68.77367015458728,66.1057812971506,63.437892439713934,368.75128173828125,Yellow,NORMAL
2023-08-08,75.84213994620048,67.00392913380438,64.05785886300568,61.11178859220698,365.6160888671875,Yellow,NORMAL
2023-08-09,72.70688604204176,61.94822423820777,58.362003636929785,56.796768924043924,361.5962829589844,Yellow,NORMAL
2023-08-10,70.47111477249386,57.951688682476004,54.689487304123205,54.16774239982792,362.2645568847656,Red,NORMAL
2023-08-11,69.76430493819326,55.60958620548405,53.50376244873638,53.32984748063795,359.95489501953125,Red,NORMAL
2023-08-14,69.58389848329338,54.512999894649795,53.16371765347442,53.105745997441616,363.994384765625,Red,NORMAL
2023-08-15,63.82029192709689,47.796659064215696,47.34689831715724,47.32757443181297,360.1318359375,Red,NORMAL
2023-08-16,59.31163474021949,42.97042378592576,42.82050353690627,42.81406224179152,356.31842041015625,Red,NORMAL
2023-08-17,56.22946720333631,39.7823968852384,39.73242346889857,39.73027637052698,352.4263610839844,Red,NORMAL
2023-08-18,55.14694604686885,38.66458927416955,38.64793146872294,38.64721576926574,351.9840393066406,Red,NORMAL
2023-08-21,54.58560024045913,38.09148131622602,38.085928714410485,38.08569014792475,357.65496826171875,Red,NORMAL
2023-08-22,53.71929335201135,37.221253710600315,37.21940284332847,37.219323321166556,357.1440124511719,Red,NORMAL
2023-08-23,56.36105209611823,39.86170554898122,39.86108859322393,39.86106208583663,362.775634765625,Green,NORMAL
2023-08-24,53.79541789176511,37.295635709386104,37.29543005746701,37.29542122167124,355.0211181640625,Green,NORMAL
2023-08-25,54.46565589948878,37.96572850536245,37.965659954722746,37.96565700945749,357.77294921875,Green,NORMAL
2023-08-28,57.088501744229575,40.58852594618746,40.588503095974225,40.58850211421914,360.46600341796875,Green,NORMAL
2023-08-29,65.18088661421645,49.812153852415214,48.680887064798,48.6808867375463,368.3385314941406,Green,NORMAL
2023-08-30,68.7991947469763,56.71413563403783,54.01633064071942,52.29919478808624,370.3927001953125,Blue,NORMAL
2023-08-31,69.8542371019191,60.29283514171504,57.54921716975626,55.13248891135924,371.5032653808594,Blue,NORMAL
2023-09-01,71.27073905986182,63.73928113268151,61.37663382854671,59.122949762265826,371.1101379394531,Blue,NORMAL
2023-09-05,65.03502911761993,57.6921164147259,55.29375840429188,52.9317214731425,371.58184814453125,Blue,NORMAL
2023-09-06,56.88720812216909,49.402805975676344,46.92443177924453,44.45816460924094,368.3089904785156,Blue,NORMAL
2023-09-07,51.39679675188863,43.48268058723812,40.85011737204321,38.22158983232437,365.675048828125,Green,NORMAL
2023-09-08,49.6125994306055,41.89858354003442,39.329070078629144,36.760901842382566,366.18609619140625,Green,NORMAL
2023-09-11,53.22479455663465,46.5008840086005,44.26018888218414,42.019942164154024,370.5008239746094,Green,NORMAL
2023-09-12,52.75723744549255,46.6814014427815,44.65632557174282,42.631399170166226,366.3924865722656,Green,NORMAL
2023-09-13,51.48574600064323,44.21182088138972,41.78724677381577,39.36272248939585,367.7881164550781,Yellow,NORMAL
2023-09-14,59.60476352533524,53.91159286390915,52.01389184304841,50.11620742990569,370.79559326171875,Yellow,NORMAL
2023-09-15,54.78235668489404,48.13773844524788,45.92287320968181,43.70801351002176,364.446533203125,Yellow,NORMAL
2023-09-18,52.05372071637943,43.87078257135643,41.143139026676316,38.4154973272982,364.8263854980469,Yellow,NORMAL
2023-09-19,50.50812964340032,42.09365141665552,39.28882617562754,36.484001549700224,364.048828125,Yellow,NORMAL
2023-09-20,46.70584355303207,38.507796700748564,35.7751146948386,33.04243289396219,358.8027038574219,Yellow,NORMAL
2023-09-21,37.88574990868625,28.5363183473519,25.449581030029165,24.53868709640369,352.2278747558594,Yellow,NORMAL
2023-09-22,33.62517804717734,23.080968582557084,21.640899532069426,21.337268220860935,352.2770690917969,Red,NORMAL
2023-09-25,34.0889476733828,22.379008240866085,20.83122520538386,20.730014768314362,353.95025634765625,Red,NORMAL
2023-09-26,30.407064849157827,19.940788742022626,19.424861063528553,19.39112425117205,348.6353454589844,Red,NORMAL
2023-09-27,29.778855825194654,19.82898601170514,19.657010118873785,19.64576451475495,349.4522399902344,Red,NORMAL
2023-09-28,30.753665213303663,21.548153053251596,21.490827755641142,21.487079220934866,352.37548828125,Red,NORMAL
2023-09-29,29.817838988210795,21.427112712637882,21.408004280101064,21.406754768532306,352.6313781738281,Red,NORMAL
2023-10-02,26.896407740931817,20.118017500926026,20.111648023413753,20.1112315195575,355.5743713378906,Red,NORMAL
2023-10-03,22.854082569800884,18.23721174905821,18.235088589887454,18.234949755268705,349.3341064453125,Red,NORMAL
2023-10-04,22.910935691565335,18.6479046772437,18.647196957520116,18.647150679313867,354.088134765625,Red,NORMAL
2023-10-05,22.069885495120907,17.9775788607174,17.977342954142873,17.977327528074124,353.0447998046875,Red,NORMAL
2023-10-06,24.579635902926086,20.138681839606402,20.13860320408156,20.13859806205864,358.960205078125,Green,NORMAL
2023-10-09,29.823288004383166,24.854081094387716,24.8540548825461,24.85405316853846,360.7908935546875,Green,NORMAL
2023-10-10,33.83000027936717,28.721746124183504,28.721737386902966,28.721736815567084,362.7889709472656,Blue,NORMAL
2023-10-11,36.05883944930418,30.322291767946663,30.322288855519815,30.322288665074524,365.3775634765625,Blue,NORMAL
2023-10-12,33.69669042957316,28.619648746548513,28.497469861274666,28.497469797792903,364.10791015625,Blue,NORMAL
2023-10-13,30.401604405275947,26.192590510934394,26.151864215843112,26.151864194682524,359.5310974121094,Blue,NORMAL
2023-10-16,34.69871183438286,31.96635223132042,31.50965847575158,31.06654014482629,363.5960998535156,Blue,NORMAL
2023-10-17,36.30887424985792,34.73341022969615,34.35961981590399,33.990354543659684,362.4051513671875,Blue,NORMAL
2023-10-18,28.997276726019415,27.20749164306168,26.66135136860747,26.116719474669203,357.651123046875,Green,NORMAL
2023-10-19,23.65595511932989,21.075373879947627,20.231998384552995,19.573547146657596,354.3046569824219,Yellow,ELEVATED
2023-10-20,20.4439758673152,17.04859693566926,16.767471770537718,16.547988024572582,349.0191345214844,Yellow,ELEVATED
2023-10-23,17.533427413034513,14.619689991374754,14.525981602997573,14.452820354342528,350.0723571777344,Red,ELEVATED
2023-10-24,17.799293811272022,14.581288744792843,14.550052615333783,14.52566553244877,353.4778747558594,Red,NORMAL
2023-10-25,16.5610757225852,13.747203663388436,13.736791620235417,13.72866259260708,344.826171875,Red,ELEVATED
2023-10-26,15.004322626124818,12.75108749528145,12.747616814230444,12.744907138354332,338.2514343261719,Red,ELEVATED
2023-10-27,13.311275753843464,11.568993673191972,11.567836779508305,11.566933554216266,339.8753662109375,Red,ELEVATED
2023-10-30,14.56529614656477,12.669257675236492,12.668872044008603,12.668570968911258,343.7041931152344,Red,NORMAL
2023-10-31,16.54057559855074,14.374303515515386,14.374174971772756,14.374074613406975,345.3478698730469,Red,NORMAL
2023-11-01,23.49797689276903,18.651812124349842,18.651769276435633,18.65173582364704,351.34197998046875,Red,NORMAL
2023-11-02,33.42896578616314,29.6839977298492,28.974123513819727,28.264252429498786,357.72003173828125,Green,NORMAL
2023-11-03,42.61039862972489,40.29728604419981,39.70573133882761,39.114177677358256,361.9227600097656,Green,NORMAL
2023-11-06,43.35095639025562,41.656464883925935,41.15146198952809,40.64645944309786,363.3992004394531,Blue,NORMAL
2023-11-07,42.72717150206173,41.13692043465228,40.626779281419815,40.11663824417655,366.83428955078125,Blue,NORMAL
2023-11-08,41.09402211177705,39.354288035824126,38.78102418914115,38.20776038112125,367.0705261230469,Blue,NORMAL
2023-11-09,33.903254212007276,30.99770602800364,30.031405803991756,29.065105592867567,364.2456970214844,Blue,NORMAL
2023-11-10,37.25646192420501,34.56382102658303,33.66701267314991,32.7702043240127,372.4347229003906,Blue,NORMAL
2023-11-13,38.636194565718334,36.36497493864506,35.6081479337676,34.8513209303221,371.27325439453125,Blue,NORMAL
2023-11-14,49.99994910028865,48.55603956066459,48.07481844883889,47.59359733749051,379.2655334472656,Blue,NORMAL
2023-11-15,54.68803118205531,53.862116260491916,53.586838642653774,53.31156102497474,379.5509338378906,Blue,NORMAL
2023-11-16,55.60830460593783,55.16069376123902,55.011499265011516,54.86230476883706,379.8757629394531,Blue,NORMAL
2023-11-17,58.761708001807776,58.52635145148599,58.44790230760276,58.36945316373722,379.96435546875,Blue,NORMAL
2023-11-20,63.500491207598465,63.37896255644678,63.33845401924867,63.29794548205646,384.5903625488281,Blue,NORMAL
2023-11-21,64.27306699162975,64.21101920739031,64.19033695037243,64.16965469335652,382.3561096191406,Blue,NORMAL
2023-11-22,66.35722922186935,66.3257775101951,66.31529371887987,66.30480992756532,383.9210205078125,Blue,NORMAL
2023-11-24,69.02507685699504,69.00920839463974,69.00391894471336,68.99862949478722,383.3797302246094,Blue,NORMAL
2023-11-27,69.5050488187342,69.49706705205048,69.49440647566438,69.49174589927834,383.0450439453125,Blue,NORMAL
2023-11-28,68.21456488207734,68.2105581535668,68.2092225815661,68.20788700956544,384.049072265625,Blue,NORMAL
2023-11-29,69.7244753215198,69.66007518248608,69.63860847086467,69.61714175924328,383.6750183105469,Blue,NORMAL
2023-11-30,72.10250560726656,72.04950661282356,72.03184028180583,72.0141739507881,382.71038818359375,Blue,NORMAL
2023-12-01,75.75842395809346,75.7249914858966,75.71384732865204,75.7027031714075,383.8030090332031,Blue,NORMAL
2023-12-04,77.30449244635845,77.21905896860154,77.19058114273406,77.16210331686655,380.23992919921875,Blue,NORMAL
2023-12-05,75.79701043578189,75.56081503301728,75.4820832321129,75.40335143120852,381.1946716308594,Blue,NORMAL
2023-12-06,75.8902734092957,75.4273008755069,75.27297669758303,75.11865251965914,378.9898986816406,Blue,NORMAL
2023-12-07,78.05438436971674,77.61332176979796,77.46630090316029,77.31928003652258,384.28521728515625,Blue,NORMAL
2023-12-08,79.48022605947358,79.18115542628384,79.08146521522121,78.9817750041586,385.9978942871094,Blue,NORMAL
2023-12-11,81.02060850956826,80.78846980411882,80.7110902356359,80.63371066715297,389.2951354980469,Blue,NORMAL
2023-12-12,81.77460645638187,81.45999569626119,81.3551254428877,81.2502551895142,392.3955993652344,Blue,NORMAL
2023-12-13,85.25601359993874,85.03252775074642,84.95803246768233,84.88353718461825,397.3857727050781,Blue,NORMAL
2023-12-14,87.32923517304357,87.19543209207008,87.15083106507892,87.10623003808776,397.0412902832031,Blue,NORMAL
2023-12-15,87.85271643815258,87.76413859554006,87.73461264800255,87.70508670046505,398.96063232421875,Blue,NORMAL
2023-12-18,88.46492063089936,88.41340627555117,88.39623482376842,88.37906337198571,401.4734802246094,Blue,NORMAL
2023-12-19,89.62959475575434,89.60142910006627,89.59204054817025,89.58265199627422,403.5248718261719,Blue,NORMAL
2023-12-20,86.79248276370262,86.54495822096504,86.46245004005252,86.37994185913999,397.5285949707031,Blue,NORMAL
2023-12-21,88.30759526466856,88.10167881055749,88.03303999252046,87.96440117448343,402.154052734375,Blue,NORMAL
2023-12-22,90.11924050909828,89.9845572766842,89.9396628658795,89.8947684550748,402.7556457519531,Blue,NORMAL
2023-12-26,91.63271821683747,91.55480159884426,91.52882939284652,91.50285718684876,405.2211608886719,Blue,NORMAL
2023-12-27,92.10248856386164,92.00792192093633,91.97639970662789,91.94487749231942,406.04608154296875,Blue,NORMAL
2023-12-28,92.21265612061383,92.06133321561936,92.01089224728787,91.96045127895638,405.8487243652344,Blue,NORMAL
2023-12-29,91.99180288195546,91.79595809605873,91.73067650075981,91.66539490546093,404.0923156738281,Blue,NORMAL
2024-01-02,88.79436358691444,88.36992174949958,88.22844113702797,88.08696052455636,397.2541809082031,Blue,NORMAL
2024-01-03,84.7265830629434,82.70326538496937,82.02882615897802,81.3543869329867,393.0506591796875,Yellow,NORMAL
2024-01-04,82.58945813056806,78.84258995515884,77.59363389668911,76.34467783821937,391.02777099609375,Yellow,NORMAL
2024-01-05,82.84592713428995,78.22481910111127,76.68444975671838,75.14408041232548,391.4915771484375,Yellow,NORMAL
2024-01-08,84.86833934779364,80.69159019660182,79.2993404795379,77.90709076247396,399.5828857421875,Yellow,NORMAL
2024-01-09,84.49281247326097,80.00307597779758,78.50649714597644,77.00991831415531,400.3722839355469,Yellow,NORMAL
2024-01-10,86.06359742374693,81.2131536749483,79.5963390920154,77.97952450908252,403.0858154296875,Yellow,NORMAL
2024-01-11,84.70342206277158,79.01384168801661,77.11731489643162,75.22078810484663,403.924560546875,Green,NORMAL
2024-01-12,84.39819234900006,78.25000488372623,76.20060906196831,74.15121324021037,404.1318054199219,Green,NORMAL
2024-01-16,79.23318178739802,71.17210493435124,68.48507931666899,65.7980536989867,404.0923156738281,Blue,NORMAL
2024-01-17,73.60458523533798,62.69101597701128,59.05315955756906,58.126209205867525,401.8129577636719,Blue,NORMAL
2024-01-18,73.50194509130952,62.01145053210065,58.18128567903102,57.34248641481938,407.516357421875,Blue,NORMAL
2024-01-19,76.1773963059712,65.41895925801825,61.83281357536726,59.79091008047449,415.5977783203125,Blue,NORMAL
2024-01-22,78.51938008926913,69.06198025362092,65.90951364173819,63.27179442577486,416.1405334472656,Blue,NORMAL
2024-01-23,81.20696847911535,72.41737739490065,69.48751370016242,66.72923247073068,417.86737060546875,Blue,NORMAL
2024-01-24,79.86194274327639,70.61015309709441,67.52622321503377,64.49948748807526,420.1861267089844,Blue,NORMAL
2024-01-25,81.02279682233664,72.21084667288746,69.27352995640439,66.35527795828871,420.69927978515625,Blue,NORMAL
2024-01-26,81.18920285428052,72.89243329576986,70.12684344293297,67.36760849621854,418.1929931640625,Blue,NORMAL
2024-01-29,84.06017282460539,76.96858918964358,74.60472797798964,72.24298506837651,422.4754333496094,Blue,NORMAL
2024-01-30,84.72550870326783,79.0284032047181,77.12936803853486,75.2310389730319,419.66314697265625,Blue,NORMAL
2024-01-31,77.51537986755076,72.00028679403073,70.16192243619074,68.32379344524414,411.4436340332031,Blue,NORMAL
2024-02-01,79.71301793171705,74.95681559243087,73.37141481266882,71.78609248853789,416.2885437011719,Blue,NORMAL
2024-02-02,81.21561022022388,77.03728437334986,75.64450909105851,74.25175996064422,423.3240661621094,Blue,NORMAL
2024-02-05,77.63474539020095,72.97491295629806,71.42163547833043,69.86836671765516,422.7714538574219,Blue,NORMAL
2024-02-06,78.29645718280156,74.15630911513927,72.77625975925184,71.39621330912854,421.9228820800781,Blue,NORMAL
2024-02-07,80.23304487257386,76.67577115933909,75.4900132549275,74.30425631910397,426.2646179199219,Blue,NORMAL
2024-02-08,81.66770687671654,78.95431769640905,78.04985463630656,77.14539189906675,427.05389404296875,Blue,NORMAL
2024-02-09,82.25253528887184,80.1870126672103,79.49850512665644,78.80999769372349,431.2574462890625,Blue,NORMAL
2024-02-12,84.9286228740684,83.65958555273502,83.23657311229056,82.81356070771974,429.5700988769531,Blue,NORMAL
2024-02-13,78.59300889926163,76.70633747120519,76.07744699518638,75.44855653112543,422.8700866699219,Blue,NORMAL
2024-02-14,80.9066476689514,79.24840165745991,78.69565298696276,78.14290432045156,427.4782409667969,Blue,NORMAL
2024-02-15,85.08239265732723,84.01496621909374,83.65915740634925,83.30334859493341,428.75115966796875,Blue,NORMAL
2024-02-16,85.2493497409946,84.49655360688195,84.24562156217772,83.99468951791638,424.8633728027344,Blue,NORMAL
2024-02-20,82.5195340018029,81.56609353947015,81.24828005202589,80.93046656472929,421.6564636230469,Yellow,NORMAL
2024-02-21,82.80610051542874,81.5673713608369,81.15446164263962,80.74155192449155,419.9691162109375,Yellow,NORMAL
2024-02-22,84.35523215834156,83.14364846073717,82.73978722820235,82.33592599568397,432.26397705078125,Green,NORMAL
2024-02-23,85.14597805951453,84.10916438588728,83.76355982801152,83.41795527014125,430.99102783203125,Green,NORMAL
2024-02-26,83.99099942051159,82.81101499625628,82.41768685483783,82.02435871342122,430.7641296386719,Blue,NORMAL
2024-02-27,85.78361596845336,84.79438695634514,84.46464395230907,84.13490094827361,431.8001403808594,Blue,NORMAL
2024-02-28,85.66443520592867,84.7859822179366,84.49316455527259,84.20034689260875,429.5010681152344,Blue,NORMAL
2024-02-29,86.41748008547792,85.85030743083588,85.66124987928856,85.47219232774127,433.181640625,Blue,NORMAL
2024-03-01,87.81163477596739,87.48539972843105,87.3766547125856,87.26790969674018,439.7039489746094,Blue,NORMAL
2024-03-04,88.3403260701036,88.04602182015256,87.9479204035022,87.84981898685184,438.1351013183594,Blue,NORMAL
2024-03-05,86.02807504457692,85.58502387198487,85.43734014778752,85.28965642359017,430.270751953125,Blue,NORMAL
2024-03-06,87.4752674391014,86.98887619804432,86.82674578435862,86.66461537067292,432.9744873046875,Blue,NORMAL
2024-03-07,89.8468904931685,89.51540632105294,89.4049115970144,89.29441687297587,439.5461730957031,Blue,NORMAL
2024-03-08,89.21125306001241,88.93057798453671,88.83701962604482,88.74346126755293,433.2013244628906,Blue,NORMAL
2024-03-11,88.90716011091322,88.65375029198053,88.5692803523363,88.48481041269207,431.59295654296875,Blue,NORMAL
2024-03-12,89.84518973394079,89.50729145990948,89.39465870189906,89.28202594388863,437.7798767089844,Blue,NORMAL
2024-03-13,89.40492014700385,88.94269995791099,88.78862656154669,88.63455316518241,434.4150695800781,Blue,NORMAL
2024-03-14,85.63834038570164,84.54167813490724,84.1761240513091,83.81056996771098,433.3197937011719,Yellow,NORMAL
2024-03-15,81.67368080196789,78.87285659671028,77.93924852829105,77.00564045987184,428.1689758300781,Yellow,NORMAL
2024-03-18,80.57653838180075,76.60606782199623,75.28257763539473,73.95908744879323,432.25262451171875,Yellow,NORMAL
2024-03-19,82.45846733938814,78.91103375431621,77.72855589262556,76.54607803093492,433.32958984375,Yellow,NORMAL
2024-03-20,87.81927867541896,85.4818603644931,84.70272092751782,83.92358149054253,438.4673767089844,Green,NORMAL
2024-03-21,90.68942285813628,89.33281319654341,88.88060997601244,88.42840675548148,440.5423278808594,Green,NORMAL
2024-03-22,90.57921839378955,89.66011165817201,89.35374274629949,89.04737383442698,441.0462951660156,Blue,NORMAL
2024-03-25,89.48074114809822,88.26589877729353,87.86095132035862,87.45600386342372,439.4455871582031,Blue,NORMAL
2024-03-26,88.33238509650414,86.84440316704759,86.34840919056207,85.85241521407656,438.0227966308594,Blue,NORMAL
2024-03-27,91.45035732173035,90.41284610898401,90.06700903806856,89.72117196715311,439.51470947265625,Blue,NORMAL
2024-03-28,91.95479082441517,91.25746596870266,91.0250243501318,90.79258273156097,438.7045593261719,Blue,NORMAL
2024-04-01,91.10315418052897,90.45994262789293,90.24553877701423,90.03113492613556,439.63330078125,Blue,NORMAL
2024-04-02,83.5742416291999,81.51382781128862,80.82702320531817,80.14021859934775,435.8392028808594,Blue,NORMAL
2024-04-03,83.0619105093966,79.87690560740988,78.81523730674762,77.75356900608539,436.8173828125,Blue,NORMAL
2024-04-04,77.90852505274445,71.32171493740739,69.12611156562836,66.93050819384935,430.13812255859375,Yellow,NORMAL
2024-04-05,78.1030100344165,69.86380276918896,67.11740034744645,64.37099792570393,435.2068176269531,Yellow,NORMAL
2024-04-08,79.12798145928362,70.44137431303906,67.54583859762421,64.65030288220936,435.3352966308594,Yellow,NORMAL
2024-04-09,84.2618103180777,77.16993526124517,74.80597690896765,72.44201855669014,436.94580078125,Yellow,NORMAL
2024-04-10,75.36699129432596,65.66018011161738,62.424576384047846,60.42706070719677,433.1319580078125,Yellow,NORMAL
2024-04-11,74.31798054298278,61.834127483531056,59.00384223955675,58.33800368060639,440.0483093261719,Yellow,NORMAL
2024-04-12,67.07158608773784,51.910301734587264,50.966873319929164,50.74492713361238,433.03314208984375,Yellow,NORMAL
2024-04-15,62.22380374654953,46.170042295499336,45.855566157279966,45.781584095174374,425.9093322753906,Yellow,NORMAL
2024-04-16,59.43283669161082,43.081582874594076,42.97675749518761,42.95209680781909,425.9488220214844,Red,NORMAL
2024-04-17,58.27848899763492,41.82807105862935,41.79312926549386,41.78490903637102,420.7516784667969,Red,NORMAL
2024-04-18,57.34822937414967,40.86475672781448,40.853109463435985,40.850369387061704,418.3507080078125,Red,NORMAL
2024-04-19,56.711416976187465,40.21692609407573,40.21304367261623,40.2121303138248,409.6953430175781,Red,NORMAL
2024-04-22,56.81525512378889,40.3170914964183,40.3157973559318,40.31549290300133,413.8155517578125,Red,NORMAL
2024-04-23,62.47004326842888,45.97065539263869,45.97022401247652,45.970122528166364,419.99090576171875,Red,NORMAL
2024-04-24,65.01754599410947,48.51775003551273,48.51760624212534,48.517572414021956,421.4136657714844,Red,NORMAL
2024-04-25,64.66436765197105,48.16443566577213,48.164387734643,48.164376458608544,419.3782653808594,Red,NORMAL
2024-04-26,65.2047031473844,48.70472581865142,48.70470984160838,48.70470608293022,425.8500061035156,Red,NORMAL
2024-04-29,65.87892062191533,50.81850464943655,49.37892285332332,49.3789216004306,427.5791320800781,Green,NORMAL
2024-04-30,55.18873990722162,39.424413790500346,38.688740651024276,38.68874023339336,419.5166015625,Green,NORMAL
2024-05-01,53.14179353618388,37.06689926071818,36.64179378411811,36.6417936449078,416.48333740234375,Green,NORMAL
2024-05-02,57.76597684866876,43.19043614551199,41.26597693131349,41.26597688491006,421.79901123046875,Green,NORMAL
2024-05-03,64.98815008954209,52.84924872310018,49.780966385459685,48.48815010162252,430.2764892578125,Green,NORMAL
2024-05-06,71.12525878405613,61.61780088754733,58.77465429465778,56.52332971970267,434.9894714355469,Green,NORMAL
2024-05-07,72.23548188424766,66.02194844823066,64.059439315985,62.2942041897175,435.05865478515625,Blue,NORMAL
2024-05-08,71.47277005569198,67.45698430704039,66.1546119507432,64.91799759643872,434.8017578125,Blue,NORMAL
2024-05-09,77.39870954718353,75.08781032931003,74.32958488776997,73.59327878022751,435.7502746582031,Blue,NORMAL
2024-05-10,76.76105974805108,75.06710802459843,74.50648221603124,73.95316285212994,436.7778625488281,Blue,NORMAL
2024-05-13,78.26084146483858,77.23436489827361,76.89354763139097,76.55516584606362,437.78564453125,Blue,NORMAL
2024-05-14,81.45908520208424,80.88601335052222,80.69543659621456,80.50567166909198,440.60162353515625,Blue,NORMAL
2024-05-15,83.09877755894391,82.79229711040304,82.69028602629376,82.58854555124618,447.4883117675781,Blue,NORMAL
2024-05-16,82.92501339506885,82.75481683682293,82.69813433920905,82.64154204461575,446.579345703125,Blue,NORMAL
2024-05-17,85.25177214179064,85.1610217513425,85.13078818401581,85.10058468436267,446.3619384765625,Blue,NORMAL
2024-05-20,86.25458903042853,86.20732979809608,86.19158224159281,86.17584470764741,449.47430419921875,Blue,NORMAL
2024-05-21,86.52526705054689,86.50100942201121,86.49292538614628,86.48484469113396,450.3536376953125,Blue,NORMAL
2024-05-22,82.84550147476143,82.57578485081488,82.48587992293724,82.39597610867713,450.2647705078125,Blue,NORMAL
2024-05-23,77.77544275628725,76.36993451469885,75.90143197198202,75.43292980047102,448.2392578125,Blue,NORMAL
2024-05-24,79.19690684468834,77.78935274735576,77.32016811640469,76.85098360918886,452.47802734375,Blue,NORMAL
2024-05-28,76.59955817381868,74.31026186213958,73.54716311429982,72.78406440770515,454.18731689453125,Blue,NORMAL
2024-05-29,71.3288569382974,66.0687882989536,64.31543209341231,62.56207590161937,450.9860534667969,Blue,NORMAL
2024-05-30,71.49318993187042,64.57066736075265,62.26315983957117,59.95565232297247,446.1544494628906,Blue,NORMAL
2024-05-31,78.86725859681877,73.59040226911127,71.83145016071691,70.07249805385014,445.3244934082031,Yellow,NORMAL
2024-06-03,76.89024241467163,71.72213673676833,69.9994348444144,68.27673295256966,447.715576171875,Yellow,NORMAL
2024-06-04,73.43540614528007,66.55760663497858,64.26500679830491,61.97240696180097,448.9407653808594,Yellow,NORMAL
2024-06-05,78.00244081923044,70.48450571529642,67.97852734734957,65.4725489794593,457.99127197265625,Green,NORMAL
2024-06-06,76.94823166907398,69.12646066751253,66.51920366700243,63.9119466665112,457.8332214355469,Green,NORMAL
2024-06-07,72.39597918067547,64.26331284252993,61.55242406315154,58.84153528377945,457.4281005859375,Blue,NORMAL
2024-06-10,71.885483774784,62.78819240992297,59.75576195497044,56.72333150002002,459.2757568359375,Blue,NORMAL
2024-06-11,68.86917473830124,59.330825976719076,56.1513763895254,52.97192680233243,462.42767333984375,Blue,NORMAL
2024-06-12,69.98517165346937,61.77422558657217,59.03724356427324,56.300261541974535,468.4844055175781,Blue,NORMAL
2024-06-13,67.02244482175512,59.18149841377115,56.56784961110987,53.954200808448675,471.023681640625,Blue,NORMAL
2024-06-14,61.12416908825796,50.90385059275418,47.49707776091961,45.768087750489144,473.4641418457031,Blue,NORMAL
2024-06-17,63.49265986758195,52.544487953215025,48.89509731509272,47.37396608832569,479.2640075683594,Blue,NORMAL
2024-06-18,64.6791848330123,54.81931600779049,51.53269306604989,48.95548992809438,479.4122314453125,Blue,NORMAL
2024-06-20,63.28596272420789,54.14789843197309,51.10187700122816,48.29232883841159,475.7169494628906,Blue,NORMAL
2024-06-21,64.46943649218063,56.302598900077484,53.58031970270978,50.93686492798485,474.4423828125,Blue,NORMAL
2024-06-24,67.89391942441378,61.39617138247809,59.23025536849951,57.09061416206854,469.041015625,Blue,NORMAL
2024-06-25,66.44533042936152,61.12822513198785,59.35585669952995,57.59224653625459,474.40472412109375,Blue,NORMAL
2024-06-26,63.51498288087781,58.28984966783348,56.5481385968187,54.809346948864764,475.38446044921875,Blue,NORMAL
2024-06-27,64.04861066629547,58.755538906376366,56.99118165306999,55.22779754078391,476.6116027832031,Blue,NORMAL
2024-06-28,65.98697555357465,61.47797094192721,59.9749694047114,58.472292247835696,474.1376037597656,Blue,NORMAL
2024-07-01,63.67736295792356,59.61540579709278,58.26142007681585,56.90754248331896,476.91839599609375,Blue,NORMAL
2024-07-02,65.32816179275483,61.70978072594819,60.50365370367932,59.29756272367045,481.9258728027344,Blue,NORMAL
2024-07-03,67.28673042200445,64.06982499730405,62.99752318907059,61.9252333949238,485.9437561035156,Blue,NORMAL
2024-07-05,66.93838901441254,63.85755130357441,62.83060539996171,61.803663501044554,491.0105895996094,Blue,NORMAL
2024-07-08,67.04963198718673,63.64602229893836,62.51148573618891,61.37695050833797,492.1783447265625,Blue,NORMAL
2024-07-09,67.3293897231512,62.977224393083915,61.52650261639482,60.0757812846719,492.6038818359375,Blue,NORMAL
2024-07-10,73.76084876293592,70.7013126025879,69.68146721580524,68.66162197734464,497.739990234375,Blue,NORMAL
2024-07-11,81.15883510953084,79.33458253091871,78.726498338048,78.11841419461798,486.8244934082031,Blue,NORMAL
2024-07-12,84.6856470567123,83.67535926792686,83.33859667166506,83.00183409188347,489.6844787597656,Blue,NORMAL
2024-07-15,85.96285036570546,85.42303284648628,85.24309367341321,85.06315450583358,491.0007019042969,Blue,NORMAL
2024-07-16,88.65773463368635,88.37626799913458,88.28244578761735,88.18862357793125,491.1887512207031,Blue,NORMAL
2024-07-17,87.59319268934325,87.06319008042,86.88652254411225,86.70985500841489,476.77001953125,Yellow,NORMAL
2024-07-18,85.49697332069017,84.51389093290165,84.18619680363881,83.85850267457943,474.51361083984375,Yellow,NORMAL
2024-07-19,83.78834295874859,82.35171223707869,81.87283532985538,81.39395842269991,470.3077392578125,Yellow,NORMAL
2024-07-22,85.2254493364179,83.91801559132439,83.48220434295989,83.04639309461801,477.31427001953125,Yellow,NORMAL
2024-07-23,83.65259085624706,82.41111664033633,81.99729190169944,81.58346716307008,475.63189697265625,Yellow,NORMAL
2024-07-24,76.73657102198189,74.03797035512743,73.13843679950928,72.23890324389363,458.5708312988281,Yellow,NORMAL
2024-07-25,77.21638123791477,73.18086162791006,71.83568842457517,70.4905152212411,453.5138244628906,Red,NORMAL
2024-07-26,81.23702606920392,76.81637285950907,75.3428217896108,73.86927071971279,458.1650390625,Red,NORMAL
2024-07-29,81.57429488502083,76.92292134666481,75.37246350054613,73.82200565442756,459.0854187011719,Red,NORMAL
2024-07-30,81.4312464431551,76.26062736280755,74.53708766935837,72.81354797590922,452.7815246582031,Red,NORMAL
2024-07-31,86.67249460563083,82.602198947845,81.24543372858304,79.8886685093211,466.1809997558594,Red,NORMAL
2024-08-01,82.12176587864462,77.95468691332546,76.56566059155242,75.17663426977936,454.8894348144531,Red,NORMAL
2024-08-02,72.40591125023926,65.52969680543758,63.23762532383704,60.94555384223648,444.0926208496094,Red,ELEVATED
2024-08-05,60.965907106402554,49.17394816050991,46.90981179760181,46.14578797040163,430.85150146484375,Red,EXTREME
2024-08-06,57.84683008971595,42.916177107751736,42.16146498678236,41.90679037771564,434.9683837890625,Red,REVERSAL
2024-08-07,53.589037714125126,37.612153386803726,37.36058267981393,37.27569114345836,430.2577209472656,Red,REVERSAL
2024-08-08,59.16489376299991,43.476839399675704,42.75540875156284,42.72711157277765,443.4197082519531,Red,REVERSAL
2024-08-09,60.03062544813301,43.894474929083074,43.56079711098732,43.55136471805893,445.73541259765625,Red,REVERSAL
2024-08-12,60.60274088405181,44.2240240443685,44.11279810500325,44.10965397402711,446.69537353515625,Red,REVERSAL
2024-08-13,65.26465926196353,48.805086982069085,48.76801166894734,48.766963625288625,457.779052734375,Green,REVERSAL
2024-08-14,67.18275928778456,50.947061743702015,50.68387675677916,50.68352740889293,457.9275817871094,Green,REVERSAL
2024-08-15,72.69888272555782,59.68691938824922,57.065836340625694,56.19913876592729,469.496337890625,Green,REVERSAL
2024-08-16,76.91259053814892,67.64144828523884,65.12314688920637,63.189640650815605,470.0999755859375,Blue,REVERSAL
2024-08-19,80.8458635127163,74.993324795676,73.2331716749751,71.66795027348809,476.2751159667969,Blue,NORMAL
2024-08-20,79.36920197898625,75.23172120138211,73.91612531495159,72.66550666825903,475.275634765625,Blue,NORMAL
2024-08-21,80.36494443070586,77.43858235359804,76.48431645215237,75.55170963061936,477.49237060546875,Blue,NORMAL
2024-08-22,80.31251514693562,78.09525274700201,77.36322798844313,76.63842292318844,469.9217834472656,Blue,NORMAL
2024-08-23,83.142050503524,81.78205884976396,81.33108253453916,80.8825127837491,475.018310546875,Blue,NORMAL
2024-08-26,83.21393265942383,82.29422553544606,81.98844123946299,81.68345913162483,470.40667724609375,Blue,NORMAL
2024-08-27,83.59715263731637,82.99055503185045,82.78861741180943,82.58694718781672,471.8119201660156,Blue,NORMAL
2024-08-28,78.99846165351623,77.99585754462427,77.6617433689206,77.32771832523304,466.4580383300781,Green,NORMAL
2024-08-29,78.64675152760306,77.21779475304852,76.74150489283933,76.26524474330219,465.7752380371094,Green,NORMAL
2024-08-30,81.08599630044681,80.06229967313335,79.72107715224297,79.37986453490994,471.3269958496094,Green,NORMAL
2024-09-03,76.23608305829337,74.48520279656904,73.90157927206562,73.31795904874798,457.0171203613281,Yellow,ELEVATED
2024-09-04,74.83437563360118,72.87687103393868,72.2243705771861,71.57187122082875,455.8295593261719,Yellow,ELEVATED
2024-09-05,72.02416641560328,68.80158793867193,67.72739547185088,66.65320337182827,456.2550964355469,Red,NORMAL
2024-09-06,66.46886442264865,60.5383440626496,58.5615040622575,56.58466418413154,444.03326416015625,Red,ELEVATED
2024-09-09,66.03684884255676,58.34842481649055,55.78561684767101,53.222808919606855,449.743408203125,Red,NORMAL
2024-09-10,66.30434185520811,57.566405955986106,54.65376066953516,51.74111539666936,453.89984130859375,Red,NORMAL
2024-09-11,69.97924400179085,61.448218784561334,58.6045437165814,55.76086865312985,463.75640869140625,Yellow,NORMAL
2024-09-12,75.27083300543374,68.73515547427948,66.55659629870469,64.37803712463936,468.3087158203125,Yellow,NORMAL
2024-09-13,80.99701167521192,76.9724512687883,75.63093113380596,74.28941099932678,470.40667724609375,Green,NORMAL
2024-09-16,83.02728672002016,80.76037881708173,80.00474284959965,79.24910688228529,468.3284912109375,Green,NORMAL
2024-09-17,84.23729422653871,83.01896437516064,82.61285442475595,82.20674447440719,468.5758972167969,Blue,NORMAL
2024-09-18,83.1410088499237,82.2048323395428,81.8927735027674,81.58071466601064,466.54718017578125,Blue,NORMAL
2024-09-19,85.97019318566481,85.39310106891041,85.20073702999835,85.00837299109253,478.3434753417969,Blue,NORMAL
2024-09-20,84.9515122066694,84.21289454860424,83.96668866258453,83.72048277656691,477.4329833984375,Blue,NORMAL
2024-09-23,86.87693504532078,86.35760234972554,86.18449145119446,86.01138055266408,478.69854736328125,Blue,NORMAL
2024-09-24,86.12051033497224,85.52643933026485,85.32841566202927,85.13039199379392,481.0075378417969,Blue,NORMAL
2024-09-25,82.85805731704463,81.71886783183211,81.33913800342802,80.959408175024,481.4535217285156,Blue,NORMAL
2024-09-26,83.24548880265124,82.0352585310365,81.63184844049826,81.22843834996007,485.0707092285156,Blue,NORMAL
2024-09-27,84.70405182310597,83.69930210124022,83.36438552728495,83.02946895332974,482.37518310546875,Blue,NORMAL
2024-09-30,85.86679673564812,85.09286399186244,84.83488641060055,84.57690882933866,483.683349609375,Blue,NORMAL
2024-10-01,82.60782955161335,81.60332565626958,81.26849102448833,80.93365639270706,476.9443664550781,Blue,NORMAL
2024-10-02,82.92096001888794,81.91305754256575,81.57709005045837,81.24112255835095,477.6183166503906,Blue,NORMAL
2024-10-03,80.50399845747442,78.89812030698545,78.36282759015579,77.82753487332612,477.2615661621094,Blue,ELEVATED
2024-10-04,84.53542372824904,83.3339256822286,82.93342633355512,82.53292698488163,482.9400634765625,Blue,NORMAL
2024-10-07,82.19876077136922,80.85144348032256,80.40233771664035,79.9532319529581,477.7669677734375,Blue,ELEVATED
2024-10-08,81.8112030854059,80.19326734359265,79.6539554296549,79.11464351571713,484.9022521972656,Blue,ELEVATED
2024-10-09,84.27124277931038,82.83338827214045,82.35410343641715,81.87481860069383,488.7176513671875,Blue,ELEVATED
2024-10-10,83.49517015202602,81.77570690163107,81.20255248483275,80.62939806803442,488.1627197265625,Blue,ELEVATED
2024-10-11,85.89544392272921,84.5599476944284,84.11478228499482,83.66961687556119,488.9257507324219,Blue,ELEVATED
2024-10-14,88.30879275538784,87.41615869714744,87.11861401106731,86.82106932498718,493.0285339355469,Blue,NORMAL
2024-10-15,88.2664831070148,87.47046451319794,87.20512498192564,86.93978545065335,486.43829345703125,Blue,ELEVATED
2024-10-16,88.66904655755712,88.05985201686092,87.85678716996217,87.65372232306343,486.4977722167969,Blue,NORMAL
2024-10-17,88.53955592322612,87.93756704383763,87.73690408404147,87.53624112424532,486.834716796875,Blue,NORMAL
2024-10-18,89.02635870841544,88.42918512126329,88.23012725887925,88.0310693964952,490.02581787109375,Blue,NORMAL
2024-10-21,84.8847542496065,83.3342292679889,82.8173876074497,82.3005459469105,490.96728515625,Blue,NORMAL
2024-10-22,82.84386589464998,80.40660751477179,79.59418805481239,78.78176859485299,491.5024108886719,Blue,NORMAL
2024-10-23,76.759655634917,71.5991154888992,69.87893544022661,68.15875539155402,483.9706726074219,Yellow,NORMAL
2024-10-24,76.09156029581408,69.78510202216783,67.68294926428575,65.58079650640369,487.8951110839844,Yellow,NORMAL
2024-10-25,74.42833154641615,66.66010130799168,64.07069122851686,61.48128114904206,490.8681640625,Green,ELEVATED
2024-10-28,77.5836862730478,70.12467061302402,67.63833205968275,65.1519935063415,490.94744873046875,Green,NORMAL
2024-10-29,76.16838363983749,68.07081000455507,65.37161879279427,62.67242758103346,495.6646728515625,Green,NORMAL
2024-10-30,76.0443854557034,67.10424684186091,64.12420063724676,61.14415443263259,491.91864013671875,Blue,ELEVATED
2024-10-31,69.86182638032057,57.75349397466557,54.88843144083502,53.89508270596363,479.50128173828125,Yellow,ELEVATED
2024-11-01,71.47044330323274,57.98835346332733,55.479311656737565,55.148195411780435,483.0490417480469,Yellow,ELEVATED
2024-11-04,69.83547311937949,55.3702982717897,53.5050959038811,53.39472382222873,481.641845703125,Red,ELEVATED
2024-11-05,77.38968632598845,65.32696357909231,62.291563523889586,60.90943656027153,487.7861022949219,Yellow,ELEVATED
2024-11-06,81.66705874165945,73.09542222578874,70.56671256286383,68.58909393046714,501.0359191894531,Green,NORMAL
2024-11-07,83.94263910917267,78.01904684542978,76.1540169271928,74.4726840191319,508.92431640625,Green,NORMAL
2024-11-08,85.61379216097001,81.37386649938493,79.99705822430457,78.68148228594957,509.51904296875,Blue,NORMAL
2024-11-11,85.48633139372402,82.12749986552694,81.02005611572169,79.93302314482489,509.22174072265625,Blue,NORMAL
2024-11-12,83.33075524571946,80.16546658248608,79.11442594793954,78.07018890636247,508.3000183105469,Blue,NORMAL
2024-11-13,81.96033592365734,78.7848528826068,77.72771039776704,76.67283577725044,507.64599609375,Blue,NORMAL
2024-11-14,79.24136618330665,75.83697964158121,74.70263474839844,73.56904580999004,504.1180114746094,Blue,NORMAL
2024-11-15,73.73348787945686,70.29901015708296,69.15433445653358,68.00991074090898,492.1069030761719,Yellow,NORMAL
2024-11-18,72.78962163657451,69.61518031932829,68.55708328254907,67.49907024074479,495.5259094238281,Yellow,NORMAL
2024-11-19,73.53922700479008,70.95835118720277,70.0980759376635,69.2378286864492,498.93499755859375,Yellow,NORMAL
2024-11-20,73.86922330106543,71.39481092956149,70.57001236894567,69.74522314110484,498.6476135253906,Yellow,NORMAL
2024-11-21,77.9926030532171,75.86030468545059,75.14954041726801,74.43877926001045,500.44134521484375,Yellow,NORMAL
2024-11-22,81.84896532750335,80.32125763850414,79.81202236030647,79.30278811908383,501.2440185546875,Yellow,NORMAL
2024-11-25,85.07793793745063,84.16023125791236,83.85432923744474,83.54842756263547,502.0368347167969,Yellow,NORMAL
2024-11-26,85.58675372325797,85.02930707736482,84.8434915974155,84.65767623268562,504.732421875,Yellow,NORMAL
2024-11-27,85.66006268889744,85.3484749305762,85.24461236736303,85.14074984255633,500.7584533691406,Yellow,NORMAL
2024-11-29,86.61800069427895,86.45125200332677,86.39566911397402,86.34008623742342,505.15850830078125,Yellow,NORMAL
2024-12-02,86.91168204960815,86.82465610020154,86.7956474529431,86.76663880995204,510.6585998535156,Green,NORMAL
2024-12-03,84.28836371350576,84.00220558610339,83.90681954448385,83.81143350428678,512.224365234375,Green,NORMAL
2024-12-04,83.02208925130327,82.41433940753572,82.21175612656252,82.00917284606348,518.5570678710938,Green,NORMAL
2024-12-05,79.93421493561962,78.59285426760262,78.1457340450245,77.69861382260444,517.1201171875,Blue,NORMAL
2024-12-06,76.91725514689004,74.38414466833714,73.53977450885091,72.69540434941737,521.748046875,Blue,NORMAL
2024-12-09,76.23512882000712,72.66894408810475,71.48021584414776,70.29148760020834,517.6848754882812,Blue,NORMAL
2024-12-10,71.27060443129807,65.06840813724935,63.00100937256994,60.93361060789638,515.9208984375,Blue,NORMAL
2024-12-11,68.67519948199146,60.126674331156806,57.27716594754642,54.427657563937984,525.1571044921875,Blue,NORMAL
2024-12-12,67.04664200365256,56.999973204742915,53.65108360510676,51.2974613643014,521.7678833007812,Blue,NORMAL
2024-12-13,65.41700118475501,53.98515637746941,50.17454144170769,49.167274304971286,525.7616577148438,Blue,NORMAL
2024-12-16,65.21412397526322,52.74006963012128,49.13330406091412,48.797548348668656,533.3330688476562,Blue,NORMAL
2024-12-17,64.58448847197076,51.832055339733394,48.22421516718772,48.112296596439236,530.9842529296875,Blue,NORMAL
2024-12-18,54.172644406535596,38.92183336245647,37.71921997160791,37.68191378135842,511.8280334472656,Yellow,ELEVATED
2024-12-19,49.58142440785022,33.49782072649052,33.096949596207665,33.08451419945783,509.5487365722656,Yellow,ELEVATED
2024-12-20,50.28656660935698,33.92536538223708,33.7917416721428,33.78759653989285,513.9984130859375,Red,NORMAL
2024-12-23,50.66795926200412,34.214225519630816,34.16968428293272,34.16830257218274,519.006103515625,Yellow,NORMAL
2024-12-24,53.39406579604619,36.909487881921756,36.89464080302239,36.8941802327724,526.0437622070312,Green,NORMAL
2024-12-26,57.080597395293765,40.9615516743014,40.580789064285824,40.58063554086917,525.6864013671875,Green,NORMAL
2024-12-27,54.52686553341829,38.153850293087494,38.02692942308231,38.02687824861009,518.6983642578125,Blue,NORMAL
2024-12-30,49.25457645453837,32.796904707761435,32.75459775109304,32.75458069293563,511.7997131347656,Green,NORMAL
2024-12-31,46.339819386844496,29.853928804585514,29.83982648569605,29.839820799643583,507.4521179199219,Green,NORMAL
2025-01-02,44.11365433759806,27.618357476845055,27.6136567038819,27.61365480853108,506.4595031738281,Green,NORMAL
2025-01-03,46.7148833966628,30.281594264270964,30.214884185424076,30.21488355364047,514.7477416992188,Green,NORMAL
2025-01-06,48.743968593260135,34.40565646667022,32.24396885618056,32.24396864558602,520.6636962890625,Green,NORMAL
2025-01-07,46.54006549075825,33.017311039276414,30.04006557839839,30.040065508200215,511.3728332519531,Green,NORMAL
2025-01-08,46.68972806697898,34.16334929517576,30.498002823335554,30.189728072792967,511.4622497558594,Green,NORMAL
2025-01-10,40.18099425310686,27.427756884728012,26.205974727447938,26.103216477267075,503.4419860839844,Yellow,NORMAL
2025-01-13,40.30250964350806,27.420321441776686,25.518706838658787,25.4844540885985,501.823974609375,Yellow,NORMAL
2025-01-14,41.471446624170966,29.691364941069068,27.470364207739728,27.4589466243863,501.3475646972656,Red,NORMAL
2025-01-15,49.263120951417996,40.167636332454975,37.70437251314663,35.977636410496906,512.8816528320312,Yellow,NORMAL
2025-01-16,52.42479348940955,45.467858115235124,43.33840111951454,41.45445336268016,509.2884521484375,Yellow,NORMAL
2025-01-17,57.62977278019453,53.348240738209675,51.984237211660584,50.70207009807355,517.8843994140625,Yellow,NORMAL
2025-01-21,64.60442676313963,62.19597262384798,61.41421251767717,60.65973121582704,520.921875,Yellow,NORMAL
2025-01-22,68.55570948940144,67.26225304698923,66.83812021293838,66.42308031366112,527.582275390625,Green,NORMAL
2025-01-23,70.61037126049928,69.9338999150377,69.71074923769048,69.49062953860111,528.703857421875,Green,NORMAL
2025-01-24,71.35751119441558,71.00936114693296,70.89409105481874,70.77983128879049,525.7161254882812,Blue,NORMAL
2025-01-27,68.16844354018352,67.47587275263605,67.24527579802468,67.01501561877527,510.41009521484375,Yellow,NORMAL
2025-01-28,65.41935286688093,64.25440221850513,63.86617199390358,63.478054027756016,517.9539184570312,Yellow,NORMAL
2025-01-29,62.838776416105965,61.17568697927294,60.621352719725394,60.067055879662504,516.981201171875,Yellow,NORMAL
2025-01-30,67.71364525623625,66.52189583360467,66.12465565474865,65.72742794905417,519.1846923828125,Yellow,NORMAL
2025-01-31,66.21873350280808,65.25181399425395,64.92951070096518,64.60721156539692,518.4303588867188,Yellow,NORMAL
2025-02-03,61.90971180215034,60.180717150182716,59.60438666938105,59.02805757448621,514.28125,Yellow,NORMAL
2025-02-04,65.15353889078398,63.509930973903316,62.96206202489449,62.41419353785461,520.5942993164062,Yellow,NORMAL
2025-02-05,71.51223809045581,70.43073060171652,70.07022822434278,69.70972600095868,522.9566650390625,Yellow,NORMAL
2025-02-06,71.01302629379312,70.22739307404603,69.96551537375458,69.703637724793,525.6864013671875,Yellow,NORMAL
2025-02-07,68.0595378714882,67.07435258232219,66.74595749914158,66.41756243307096,519.0557250976562,Green,NORMAL
2025-02-10,70.285542455047,69.59549358403316,69.36547729809791,69.13546101786598,525.3389282226562,Green,NORMAL
2025-02-11,69.04995734164147,68.44890149037984,68.24854954142685,68.04819759437498,524.0882568359375,Blue,NORMAL
2025-02-12,65.37067392967626,64.44617372657163,64.13800699269262,63.82984025944731,524.3958740234375,Blue,NORMAL
2025-02-13,67.82447310435614,66.95772616725701,66.66881052172036,66.37989487639494,531.9398803710938,Blue,NORMAL
2025-02-14,68.17977074664145,67.19392177040962,66.86530544505337,66.53668911976752,534.1731567382812,Blue,NORMAL
2025-02-18,73.58160223800529,72.90451924732862,72.67882491712119,72.4531305869372,535.3840942382812,Blue,NORMAL
2025-02-19,74.14797492764114,73.52322087589366,73.31496952531721,73.10671817474858,535.5330200195312,Blue,NORMAL
2025-02-20,71.59389878217188,69.77791444582842,69.17258633371594,68.56725822160607,533.2598876953125,Blue,NORMAL
2025-02-21,60.87629703433612,55.02688975573005,53.077087329528695,51.12728490332821,522.1923217773438,Green,NORMAL
2025-02-24,55.511189305650944,46.337459275369795,43.27954926527629,41.26151859531497,516.0282592773438,Green,NORMAL
2025-02-25,51.50349763557888,39.05259083733449,36.42628428878733,35.75360739880023,509.5267028808594,Yellow,NORMAL
2025-02-26,50.600284244251796,36.49360945215055,34.57454646198794,34.35032083199224,510.7575988769531,Yellow,NORMAL
2025-02-27,45.3821777684169,29.688311713595485,29.04026517432895,28.965523297663715,496.57305908203125,Yellow,ELEVATED
2025-02-28,47.4185731978645,31.18728451292403,30.971268999835182,30.94635504094677,504.41473388671875,Red,NORMAL
2025-03-03,41.73873172896013,25.65469105620221,25.582685885172594,25.574381232209788,493.3768615722656,Red,ELEVATED
2025-03-04,37.938322048929,22.585308491343028,22.561306767666487,22.558538550012216,491.8879699707031,Red,ELEVATED
2025-03-05,37.558141263376534,22.49463674418121,22.486636169622365,22.485713430404275,498.3002624511719,Red,ELEVATED
2025-03-06,35.89949732154105,21.377403222550008,21.374736364363727,21.374428784624364,484.5923156738281,Red,ELEVATED
2025-03-07,34.9509330618957,21.775512806676467,21.77462385394771,21.77452132736792,488.1557922363281,Red,ELEVATED
2025-03-10,30.64015712795086,19.116868894729635,19.11657257715338,19.116538401626784,469.2366027832031,Red,ELEVATED
2025-03-11,27.26038748773317,17.154939558140914,17.154840785615495,17.154829393773298,468.1149597167969,Red,ELEVATED
2025-03-12,24.542338528798172,16.443300330045197,16.44326740587006,16.443263608589326,473.39569091796875,Red,ELEVATED
2025-03-13,22.50151733875942,15.232393494730648,15.232382520005604,15.232381254245357,464.8790588378906,Red,ELEVATED
2025-03-14,25.119312213900493,17.115715377002015,17.115711718760334,17.115711296840253,476.11541748046875,Red,ELEVATED
2025-03-17,32.02870810383138,23.037231380420774,23.03723016100688,23.037230020366856,479.2024230957031,Red,ELEVATED
2025-03-18,32.737316907648534,23.577657999845,23.5776575933737,23.577657546493693,471.03326416015625,Red,ELEVATED
2025-03-19,36.536127815540254,26.799574846272407,26.79957471078197,26.799574695155304,477.3363342285156,Red,NORMAL
2025-03-20,36.54095305947568,26.632472440090112,26.63247239492663,26.63247238971774,475.7183837890625,Red,NORMAL
2025-03-21,34.58140578742249,25.282282617997673,25.282282602943177,25.28228260120688,477.28668212890625,Red,NORMAL
2025-03-24,41.409644632405474,34.0700193983797,32.656713556400135,31.24340771885998,487.7604064941406,Green,NORMAL
2025-03-25,42.55749406296697,36.98242151423851,35.46847596556093,33.95453041836314,490.54388427734375,Green,NORMAL
2025-03-26,39.52274175296394,34.929871438861184,33.51371865668201,32.09756587499611,481.51751708984375,Green,NORMAL
2025-03-27,37.04944807899816,32.81866112397839,31.446666802034596,30.074672480255238,478.7738342285156,Green,NORMAL
2025-03-28,29.444422408137623,25.37554274102716,24.03200551745572,22.68846829393909,466.16876220703125,Yellow,ELEVATED
2025-03-31,28.71384180847207,24.910292863105532,23.64669521424959,22.38309756541192,466.14892578125,Yellow,ELEVATED
2025-04-01,28.794656140672494,25.29232793627435,24.12630253467482,22.960277133081387,469.9065856933594,Red,ELEVATED
2025-04-02,33.86062485775333,31.551637289427077,30.78244721105161,30.01325713267817,473.336181640625,Red,ELEVATED
2025-04-03,24.958676648123138,21.644500389139843,20.539932450945393,19.43536451275162,447.9967956542969,Red,ELEVATED
2025-04-04,16.564586130540945,12.629768118287256,12.261578805555772,11.893389492824515,420.1722106933594,Red,EXTREME
2025-04-07,12.650476662847527,9.3384076958,9.215677924889505,9.092948153979087,421.1861572265625,Red,EXTREME
2025-04-08,11.178089975340555,8.07360402336175,8.032694099724917,7.991784176088112,413.60125732421875,Red,EXTREME
2025-04-09,14.45277676751792,10.759151820562021,10.745515179349743,10.731878538137476,463.2461242675781,Red,REVERSAL
2025-04-10,12.805252018079173,9.21385851724202,9.209312970171261,9.204767423100504,443.54327392578125,Red,REVERSAL
2025-04-11,16.677107476584442,12.760068902231316,12.758553719874396,12.757038537517477,451.71466064453125,Red,REVERSAL
2025-04-14,20.302788283030647,16.353590239727755,16.353085178942116,16.352580118156474,454.7764892578125,Red,REVERSAL
2025-04-15,21.03894809731843,17.37764134214339,17.377472988548178,17.377304634952964,455.2834777832031,Red,REVERSAL
2025-04-16,16.415203436922837,13.396156740753383,13.396100622888312,13.39604450502324,441.5550537109375,Red,REVERSAL
2025-04-17,17.508013983837905,14.557220640670309,14.557201934715284,14.557183228760262,441.4755859375,Red,REVERSAL
2025-04-21,12.751180447915713,10.267582666859848,10.267576431541507,10.267570196223165,430.5505065917969,Red,REVERSAL
2025-04-22,14.054270176081182,11.50418202684034,11.504179948400893,11.504177869961445,441.85333251953125,Red,REVERSAL
2025-04-23,17.64924770170941,14.632551651962462,14.632550959149313,14.632550266336164,451.873779296875,Green,REVERSAL
2025-04-24,22.73460964862818,20.05666889627129,19.49921019785316,19.139691984985248,464.58819580078125,Green,REVERSAL
2025-04-25,24.286952799655474,22.406750993482554,21.891746464436306,21.44272209724013,469.7673645019531,Blue,REVERSAL
2025-04-28,25.332442420882067,24.11666194390856,23.748644920365635,23.40262128410607,469.61822509765625,Blue,REVERSAL
2025-04-29,28.332126048221664,27.632342618439232,27.41149585366117,27.19798021797756,472.7198486328125,Blue,REVERSAL
2025-04-30,29.38563180683819,28.971254861515085,28.837267339234966,28.705723526652996,472.6601867675781,Blue,REVERSAL
2025-05-01,29.67333137331328,29.444647823841102,29.369799349404012,29.295765444866305,478.8334655761719,Blue,REVERSAL
2025-05-02,36.056033692073456,35.934526891733825,35.894484416749606,35.854713465065174,485.9411926269531,Blue,REVERSAL
2025-05-05,40.73885794268183,40.67571620064417,40.65482221723017,40.63401874158276,483.0583190917969,Blue,ELEVATED
2025-05-06,41.19074680834409,41.07558902475819,41.03725418487352,40.99894951424438,478.5650634765625,Blue,ELEVATED
2025-05-07,41.65599360625579,41.57055241027382,41.542089040938926,41.51363572802254,480.44390869140625,Blue,ELEVATED
2025-05-08,44.48664801561898,44.43463998289832,44.41730964843336,44.399982666107896,485.4044494628906,Blue,ELEVATED
2025-05-09,44.20235501555205,44.02611977094849,43.96737658156128,43.908634509553906,485.0863037109375,Blue,ELEVATED
2025-05-12,49.36402651219096,49.22583181380811,49.17976754506292,49.13370364877768,504.8488464355469,Blue,NORMAL
2025-05-13,51.426830304090444,51.34104059620533,51.31244423714888,51.28384800224575,512.5431518554688,Blue,NORMAL
2025-05-14,52.21123715945014,52.162778185943026,52.14662526485351,52.13047238514844,515.6148681640625,Blue,NORMAL
2025-05-15,56.563710039771806,56.537625846496724,56.52893113876487,56.52023644482783,516.1815185546875,Blue,NORMAL
2025-05-16,60.17568863055742,60.16202829841271,60.157474862151076,60.15292143048772,518.4281005859375,Blue,NORMAL
2025-05-19,60.95988499511361,60.95284875053886,60.95050333827615,60.94815792754619,518.9252319335938,Blue,NORMAL
2025-05-20,61.475086248025164,61.47149943290367,61.47030382872834,61.469108225063934,517.1954345703125,Blue,NORMAL
2025-05-21,54.55011551847411,54.051554421635316,53.8853673896441,53.719180357823205,510.00811767578125,Blue,ELEVATED
2025-05-22,50.689801939119604,49.57093910538531,49.19798482757,48.825030549811466,510.9624938964844,Blue,ELEVATED
2025-05-23,48.87816247852926,47.30100571655714,46.77528679593181,46.2495678753254,506.2306213378906,Blue,ELEVATED
2025-05-27,55.50124948758656,54.08827307489885,53.617280937346955,53.14628879980137,518.1397705078125,Blue,NORMAL
2025-05-28,54.57411158731495,53.055324037070534,52.549061520325964,52.04279900358349,515.8434448242188,Blue,NORMAL
2025-05-29,59.755012222416724,58.33227387432767,57.85802775829917,57.38378164227137,516.8574829101562,Blue,NORMAL
2025-05-30,61.251026914990305,59.640265973567935,59.103345659760876,58.566425345954045,516.042236328125,Blue,NORMAL
2025-06-02,64.49541298073848,62.65434115701245,62.040650549103916,61.42695994119545,520.1180419921875,Blue,NORMAL
2025-06-03,69.06602324905884,67.45455376119087,66.91739726523494,66.38024076927903,524.183837890625,Blue,NORMAL
2025-06-04,70.86685798075212,69.3010811420387,68.77915552913426,68.2572299162298,525.645263671875,Blue,NORMAL
2025-06-05,71.44708478932479,70.14685160920828,69.71344054916946,69.28002948913063,521.688720703125,Blue,NORMAL
2025-06-06,75.45748099820348,74.63491615455861,74.36072787334366,74.08653959212872,526.7883911132812,Blue,NORMAL
2025-06-09,77.38533179051858,76.9165666175006,76.76031155982795,76.6040565021553,527.5638427734375,Blue,NORMAL
2025-06-10,80.18658681004656,79.9330433064724,79.848528805281,79.76401430408964,531.0531005859375,Blue,NORMAL
2025-06-11,79.31067987544034,78.95594997074265,78.83770666917675,78.71946336761087,529.263671875,Blue,NORMAL
2025-06-12,78.75050895326238,78.03849909577667,77.80116247661478,77.56382585745285,530.5062255859375,Blue,NORMAL
2025-06-13,71.79301532177499,69.72136052881984,69.03080893116814,68.34025733351642,523.845947265625,Blue,ELEVATED
2025-06-16,73.86605091101582,71.56617442785637,70.79954893346991,70.0329234390834,531.1325073242188,Blue,NORMAL
2025-06-17,66.04616375883504,61.1551058564169,59.52475322227754,57.894400588138154,525.9534301757812,Blue,ELEVATED
2025-06-18,63.19619022964842,56.30017087065988,54.00149775099705,51.70282463133421,525.8638305664062,Blue,ELEVATED
2025-06-20,62.10878189051472,54.054120026482856,51.36923273847224,48.68434545046162,523.7166748046875,Yellow,ELEVATED
2025-06-23,73.03226778190549,67.0483791772659,65.05374964238605,63.059120107506196,529.1017456054688,Green,NORMAL
2025-06-24,78.99375567348523,75.30144839695757,74.07067930478168,72.83991021260579,537.1928100585938,Green,NORMAL
2025-06-25,78.17231856348413,75.07947275326211,74.04852414985479,73.01757554644745,538.566162109375,Blue,NORMAL
2025-06-26,80.63908463365343,78.25522267122301,77.46060201707957,76.6659813629361,543.6018676757812,Blue,NORMAL
2025-06-27,82.70215801510493,81.0027820703388,80.43632342208345,79.86986477382807,545.4629516601562,Blue,NORMAL
2025-06-30,83.5779419805763,82.34947027034295,81.93997970026517,81.53048913018738,548.9959716796875,Blue,NORMAL
2025-07-01,86.28242005413149,85.53194031417583,85.28178040085727,85.0316204875387,544.3682250976562,Blue,NORMAL
2025-07-02,88.27313833454215,87.83816091961799,87.6931684479766,87.54817597633522,548.1599731445312,Blue,NORMAL
2025-07-03,88.97374813171608,88.73634690927187,88.65721316845716,88.57807942764242,553.5538940429688,Blue,NORMAL
2025-07-07,89.63510459609391,89.49023522987778,89.44194544113907,89.39365565240035,549.3841552734375,Blue,NORMAL
2025-07-08,90.01919311452289,89.92327856863903,89.89130705334442,89.85933553804979,549.6925659179688,Blue,NORMAL
2025-07-09,89.09945326039653,88.63177700541823,88.47588492042546,88.31999283543269,553.5838623046875,Blue,NORMAL
2025-07-10,91.0309625346103,90.65721807977567,90.53263659483082,90.40805510988595,552.7876586914062,Blue,NORMAL
2025-07-11,88.086709733759,87.6066742861154,87.44666247023423,87.28665065435305,551.5436401367188,Blue,NORMAL
2025-07-14,89.59182412000723,89.07439782277667,88.90192239036651,88.72944695795633,553.5440063476562,Blue,NORMAL
2025-07-15,84.39373935313374,82.93274765227109,82.44575041865022,81.95875318502934,554.051513671875,Blue,NORMAL
2025-07-16,83.33991648471462,81.30718542242306,80.62960840165923,79.95203138089538,554.6187744140625,Blue,NORMAL
2025-07-17,84.99684926594864,82.76211713640501,82.01720642655715,81.27229571670927,559.1072387695312,Blue,NORMAL
2025-07-18,86.0902376341041,83.59279103653301,82.76030883734265,81.92782663815227,558.5698852539062,Blue,NORMAL
2025-07-21,85.56480143359026,82.93027004053829,82.05209290952097,81.17391577850363,561.4658203125,Blue,NORMAL
2025-07-22,90.23245906372202,88.14943789132943,87.4550975005319,86.76075710973439,558.5598754882812,Blue,NORMAL
2025-07-23,93.41292406501171,92.11616165352655,91.68390751636485,91.25165337920313,561.1075439453125,Blue,NORMAL
2025-07-24,94.09260768497026,93.30619114857582,93.04405230311102,92.7819134576462,562.3018798828125,Blue,NORMAL
2025-07-25,94.3978725953268,93.91090949469009,93.74858846114451,93.58626742759893,563.6553955078125,Blue,NORMAL
2025-07-28,93.26578918160726,92.80572615936462,92.65237181861707,92.49901747786951,565.4168701171875,Blue,NORMAL
2025-07-29,91.17049875077146,90.5043411240087,90.28228858175446,90.06023603950021,564.5410766601562,Blue,NORMAL
2025-07-30,86.18111742870833,84.39862678511315,83.80446323724809,83.21029968938304,565.2974853515625,Blue,NORMAL
2025-07-31,78.71474723752492,73.41371533343383,71.6467046987368,69.87969406403978,562.3018798828125,Blue,NORMAL
2025-08-01,70.14895844525843,59.97729835467061,56.792944265662385,56.203940720763384,551.2252197265625,Yellow,ELEVATED
2025-08-04,72.27170668714002,59.95465324844313,56.819701960608,56.62336744564168,561.3961181640625,Yellow,NORMAL
2025-08-05,73.76959337746669,60.25534636031725,57.618925135289345,57.55348029696724,557.5845336914062,Yellow,NORMAL
2025-08-06,75.73881000434251,61.97465820205636,59.35525392361673,59.33343897750936,564.600830078125,Yellow,NORMAL
2025-08-07,76.11394558626455,61.98386719832877,59.65276022602262,59.645488577320165,566.511474609375,Yellow,NORMAL
2025-08-08,77.55839432000064,63.13399492210185,61.071332533253326,61.06890865035251,571.796142578125,Green,NORMAL
2025-08-11,76.34630068582511,61.76539932167654,59.85061342357601,59.84980546260907,570.104248046875,Green,NORMAL
2025-08-12,82.98757160907977,71.12869085805018,68.15756879324555,66.48873986800774,577.269775390625,Green,NORMAL
2025-08-13,88.54105922322861,80.33273243583983,77.92390290188976,75.94917108112864,577.558349609375,Blue,NORMAL
2025-08-14,88.68292041447688,82.80773498765784,80.95843297711133,79.25383020429446,577.1105346679688,Blue,NORMAL
2025-08-15,89.18715192267075,84.71151887877524,83.2560055747189,81.84872534990576,574.57275390625,Blue,NORMAL
2025-08-18,88.5964748833145,84.7706744317603,83.50752907365629,82.26046140863335,574.34375,Blue,NORMAL
2025-08-19,87.89714145942133,84.43473096544209,83.28463462047591,82.13989750653676,566.5514526367188,Green,NORMAL
2025-08-20,86.19875254034584,82.81269751645549,81.6853593372788,80.55980756844444,563.1876220703125,Yellow,NORMAL
2025-08-21,81.8596851902163,77.67558796097089,76.28133782748466,74.88768316411256,560.5801391601562,Yellow,NORMAL
2025-08-22,89.03100617451655,85.7264395291271,84.62506696164026,83.52389288419144,569.2284545898438,Yellow,NORMAL
2025-08-25,88.86222933089945,86.15690180350471,85.25517584358744,84.35351604701619,567.58642578125,Yellow,NORMAL
2025-08-26,90.23151752107424,88.2889067308102,87.64138642823806,86.9938881801146,569.8654174804688,Yellow,NORMAL
2025-08-27,91.56673479658704,90.30177518426612,89.88012752266444,89.45848721254566,570.7412109375,Yellow,NORMAL
2025-08-28,92.45355806350881,91.70301122661871,91.45283079515713,91.20265281418983,574.3140258789062,Yellow,NORMAL
2025-08-29,90.86217086965445,90.37918239929954,90.21818685834847,90.05719213422887,567.666015625,Yellow,NORMAL
2025-09-02,89.29239870739323,88.66267740630138,88.45277051121539,88.24286388840656,562.9088745117188,Yellow,NORMAL
2025-09-03,87.16510091593243,86.29537551424836,86.00546711544634,85.71555880740335,567.3375854492188,Yellow,NORMAL
2025-09-04,90.32687707298759,89.66018445509951,89.4379536052788,89.21572278571114,572.4728393554688,Yellow,NORMAL
2025-09-05,90.40504488291506,89.87604085856678,89.69970619138691,89.52337153429139,573.298828125,Green,NORMAL
2025-09-08,91.94789374885048,91.61817249820825,91.50826541719515,91.39835833954349,576.0953979492188,Green,NORMAL
2025-09-09,91.9209309129165,91.58242081921713,91.46958412216212,91.35674742622759,577.7275390625,Blue,NORMAL
2025-09-10,92.1653103043055,91.88283355966308,91.78867464506386,91.69451573083813,577.9166870117188,Blue,NORMAL
2025-09-11,94.825052929718,94.64607399146587,94.58641434547569,94.52675469961001,581.2804565429688,Blue,NORMAL
2025-09-12,94.13945367017537,93.967397033239,93.91004482095816,93.85269260871883,583.8480224609375,Blue,NORMAL
2025-09-15,92.99088691362749,92.67171554616698,92.56532509035725,92.45893463456133,588.843994140625,Blue,NORMAL
2025-09-16,92.41451280959299,91.82206954703197,91.62458845951511,91.42710737200287,588.3463745117188,Blue,NORMAL
2025-09-17,91.66998911834919,90.66437746079174,90.32917357494044,89.99396968909065,587.1720581054688,Blue,NORMAL
2025-09-18,91.60636842665512,90.51792390856187,90.15510906919785,89.79229422983433,592.4666137695312,Blue,NORMAL
2025-09-19,91.50620530046754,90.24582830470496,89.8257026394509,89.405576974197,596.4772338867188,Blue,NORMAL
2025-09-22,91.619282238203,90.11430778641639,89.6126496358209,89.11099148522545,600.0083618164062,Blue,NORMAL
2025-09-23,91.21295098175791,89.56535281289615,89.0161534232756,88.46695403365504,596.0228881835938,Blue,NORMAL
2025-09-24,89.62906446866677,87.4107579171353,86.67132239995817,85.93188688278101,593.9305419921875,Blue,NORMAL
2025-09-25,83.61919994073405,78.79260667593479,77.18374225433504,75.5748778327353,591.3699340820312,Blue,NORMAL
2025-09-26,86.0597248960696,80.87505503815879,79.14683175218852,77.41860846621826,593.8009643554688,Blue,NORMAL
2025-09-29,87.04200425828583,82.21435481666003,80.6051383361181,78.99592185557617,596.5509643554688,Blue,NORMAL
2025-09-30,88.79262094804814,84.57759329940068,83.17258408318483,81.76757486696901,598.1849975585938,Blue,NORMAL
2025-10-01,89.98074738672312,86.37027182256564,85.16677996784648,83.9632881131273,601.0545043945312,Blue,NORMAL
2025-10-02,91.15372555988415,88.02414983674971,86.98095792903823,85.93776602132675,603.5255126953125,Blue,NORMAL
2025-10-03,91.7350802371331,89.22439761049176,88.38750340161133,87.55060919273089,600.9848022460938,Blue,NORMAL
2025-10-06,91.35508566826998,89.04822648186904,88.2792734197354,87.51032035760176,605.498291015625,Blue,NORMAL
2025-10-07,89.12324404430548,86.04302811146715,85.01628946718772,83.98955082290826,602.3099975585938,Blue,NORMAL
2025-10-08,89.2800544120749,86.1156964852209,85.06091050960289,84.00612453398489,609.2147216796875,Blue,NORMAL
2025-10-09,85.24865450099468,81.78705975214494,80.6331948358617,79.47932991957846,608.4774169921875,Blue,NORMAL
2025-10-10,72.69165014696082,64.7095978579506,62.04891376161387,59.76854195315542,587.3545532226562,Yellow,ELEVATED
2025-10-13,74.45108876952567,64.56066428543656,61.26385612407351,59.143386038257205,599.8190307617188,Yellow,NORMAL
2025-10-14,77.94754305785537,68.13059126511615,64.85827400086973,61.978069428472224,595.8236694335938,Yellow,ELEVATED
2025-10-15,79.97077192837605,71.16027954983043,68.22344875698188,65.41732219474964,600.0282592773438,Yellow,ELEVATED
2025-10-16,75.08790040710178,65.12048032099253,61.798006958956115,59.23675049589298,597.806396484375,Yellow,ELEVATED
2025-10-17,77.77551225691273,66.99720605380149,63.4044373194311,61.49179561984312,601.7320556640625,Yellow,ELEVATED
2025-10-20,84.39242664456015,75.62339079520788,72.70037884542381,70.3374092405672,609.3143310546875,Green,NORMAL
2025-10-21,84.40311527882645,77.69470414655143,75.45856710245978,73.4091108400106,609.1549072265625,Green,NORMAL
2025-10-22,81.80495256768961,74.83974440457472,72.51800835020309,70.25849922304562,603.286376953125,Blue,NORMAL
2025-10-23,85.23237476162045,79.92674550884831,78.15820242459094,76.41040164940495,608.35791015625,Blue,NORMAL
2025-10-24,87.34307273198796,83.525616902697,82.25313162626668,80.98756045286015,614.8540649414062,Blue,NORMAL
2025-10-27,88.5184821564539,85.74009519500679,84.81396620785776,83.89014192171663,625.80419921875,Blue,NORMAL
2025-10-28,86.72379539895265,84.10764959707299,83.23560099644646,82.3643206294892,630.6165161132812,Blue,NORMAL
2025-10-29,81.91609678281587,78.17137050399069,76.92312841104896,75.67514239599697,633.4561767578125,Blue,NORMAL
2025-10-30,77.01054236194872,72.20866542296324,70.60803977663474,69.00749948960281,623.7715454101562,Blue,NORMAL
2025-10-31,76.55170435633981,71.40657465504499,69.69153142128005,67.97651664061397,626.7805786132812,Blue,NORMAL
2025-11-03,73.50305128376311,66.37198432112612,63.994962000247114,61.61794916373441,629.7796630859375,Blue,NORMAL
2025-11-04,68.02243474667576,58.14801254052741,54.856538471811284,53.06073403999953,616.996337890625,Blue,NORMAL
2025-11-05,69.20495299636667,59.125499471126986,55.76568162938042,53.2177194274746,621.0116577148438,Blue,NORMAL
2025-11-06,66.12801277013085,53.613680026511396,50.6482556478021,49.79893491383349,609.44384765625,Yellow,NORMAL
2025-11-07,68.42450048306236,54.72050364536386,52.2645814422861,51.98147453096323,607.5209350585938,Yellow,NORMAL
2025-11-10,77.41469039671104,66.64573633645442,63.76011056397611,61.59875655541613,620.9617919921875,Yellow,NORMAL
2025-11-11,81.6416392231461,74.08117611115979,71.79569693414454,69.75164167843539,619.307861328125,Yellow,NORMAL
2025-11-12,81.59371980838877,76.27012570427627,74.57381940078773,72.95798773773456,618.8196411132812,Yellow,NORMAL
2025-11-13,73.26813297708857,66.70494597843698,64.54329200040277,62.40846290251369,606.1858520507812,Yellow,ELEVATED
2025-11-14,70.18291252202752,62.26253105439216,59.631095572352486,57.00860171702786,606.64404296875,Red,NORMAL
2025-11-17,61.85380697699601,51.54895948985292,48.11690755208481,46.462370041996124,601.4630126953125,Red,ELEVATED
2025-11-18,57.14275789737958,44.984281034644,41.56379142240918,41.01227891904628,594.1397705078125,Red,ELEVATED
2025-11-19,55.07875002915893,41.04827514140313,38.8857612041688,38.70192370304783,597.6868286132812,Red,ELEVATED
2025-11-20,50.952206457198585,35.9263138056358,34.554543515535215,34.49326434849489,583.5385131835938,Red,ELEVATED
2025-11-21,52.09930010049024,36.52312321936943,35.63341245326911,35.612986064255665,587.9224853515625,Red,ELEVATED
2025-11-24,55.945554293452076,39.753495333078476,39.4569250777117,39.45011628137389,602.9575805664062,Red,ELEVATED
2025-11-25,65.07789520219447,50.67515745219774,48.581685463614335,48.579415864835056,606.674072265625,Yellow,NORMAL
2025-11-26,71.69334722228032,61.02071013928975,58.36564464320918,56.40764661039664,612.034423828125,Green,NORMAL
2025-11-28,78.06310227274665,71.56969432858729,69.70605174661739,68.07476498573682,616.996337890625,Green,NORMAL
2025-12-01,78.00213678451824,73.89968426155055,72.63247566481128,71.44271900843512,614.923828125,Blue,NORMAL
2025-12-02,77.35193280022662,74.577197473169,73.68571089001088,72.82004162030714,619.7362670898438,Blue,NORMAL
2025-12-03,78.60889342499138,76.85036475349352,76.27533026050348,75.7089015386649,621.2507934570312,Blue,NORMAL
2025-12-04,80.32985841439107,79.32687374265247,78.99625942902045,78.66851370577227,620.6728515625,Blue,NORMAL
2025-12-05,80.20789051523474,79.58800962986888,79.38262063817388,79.17818784327348,623.2036743164062,Blue,NORMAL
2025-12-08,79.72977663639139,79.24473966332071,79.08347332899504,78.92252572693421,622.0079956054688,Blue,NORMAL
2025-12-09,78.14161746465571,77.47278641938001,77.24998028985408,77.02728040441643,622.7752075195312,Blue,NORMAL
2025-12-10,81.13457955892564,80.65805985004101,80.49926579782367,80.34050716030244,625.3258666992188,Blue,NORMAL
2025-12-11,82.15138342199879,81.81204456797421,81.69894690021408,81.58586103735266,623.3033447265625,Blue,NORMAL
2025-12-12,79.89246450766964,79.42532169885214,79.26961252377345,79.11390728366099,611.3867797851562,Green,NORMAL
2025-12-15,80.49407907831412,79.81043842163699,79.58255990092032,79.35468269185905,608.3179931640625,Green,NORMAL
2025-12-16,78.14874184765354,77.1561388866144,76.82527179899324,76.49440514859057,609.5235595703125,Yellow,NORMAL
2025-12-17,76.0627961041,74.3732215932358,73.81003027830057,73.24683910910485,598.2247924804688,Yellow,NORMAL
2025-12-18,77.74037647914446,76.2185346719308,75.71125413242164,75.20397364149233,606.8931884765625,Red,NORMAL
2025-12-19,82.3404790284017,81.35387327420102,81.0250047104326,80.69613616285746,614.8042602539062,Red,NORMAL
2025-12-22,85.42864452461876,84.86011336398714,84.6706029840983,84.48109260960723,617.7513427734375,Green,NORMAL
2025-12-23,86.61060036342512,86.22530382748776,86.09687165117144,85.96843947665437,620.6444702148438,Green,NORMAL
2025-12-24,88.49364288208449,88.26731762890861,88.19187587862649,88.11643412894412,622.460205078125,Blue,NORMAL
2025-12-26,88.02317557348945,87.7368949240547,87.6414680411686,87.54604115848242,622.4203491210938,Blue,NORMAL
2025-12-29,87.07510734604531,86.61286778454566,86.4587879307987,86.3047080771184,619.4074096679688,Blue,NORMAL
2025-12-30,85.52697180895115,84.81665575482944,84.57988373681764,84.34311171882803,617.9707641601562,Blue,NORMAL
2025-12-31,79.0813390878322,76.81080660853628,76.05396244878057,75.29711828903224,612.8628540039062,Green,NORMAL
2026-01-02,78.79647329863768,76.14123849157804,75.25616022256133,74.37108195354712,611.6756591796875,Green,NORMAL
2026-01-05,81.94141702547182,79.57773805086032,78.78984505932421,78.00195206778893,616.5341796875,Green,NORMAL
2026-01-06,87.02508513643673,85.46241002127043,84.94151831621534,84.42062661116054,621.951416015625,Green,NORMAL
2026-01-07,86.18731794110181,84.62083204923181,84.09867008527524,83.5765081213188,622.550048828125,Blue,NORMAL
2026-01-08,87.9445941958555,86.84114989543598,86.47333512862951,86.10552036182308,619.0083618164062,Blue,NORMAL
2026-01-09,90.37799604508317,89.71954011004523,89.50005479836592,89.28056948668666,625.173828125,Blue,NORMAL
2026-01-12,92.0233050790008,91.65849918320578,91.53689721794078,91.41529525267578,625.6925659179688,Blue,NORMAL
2026-01-13,91.14434243374103,90.77863920419594,90.6567381276809,90.53483705116588,624.7647705078125,Blue,NORMAL
2026-01-14,91.38923367319988,91.10871512426704,91.0152089412894,90.9217027583118,618.0905151367188,Yellow,NORMAL
2026-01-15,91.7804179584067,91.60760303922018,91.549998066158,91.49239309309583,620.3153076171875,Yellow,NORMAL
2026-01-16,91.04065278748239,90.89131011298242,90.84152922148243,90.79174832998244,619.7965087890625,Yellow,NORMAL
2026-01-20,85.04890446451434,83.71193527785101,83.26627888229655,82.82062248674211,606.6276245117188,Yellow,ELEVATED
2026-01-21,86.74273246460243,84.99462775479967,84.4119261848654,83.82922461493115,614.8282470703125,Yellow,NORMAL
2026-01-22,89.00788893601226,87.64158473673163,87.18615000363806,86.73071527054454,619.2976684570312,Yellow,NORMAL
2026-01-23,88.01378284399064,86.94627769900168,86.590442650672,86.23460760234236,621.2530517578125,Yellow,NORMAL
2026-01-26,89.34045286718882,88.61098278652256,88.36782609296714,88.12466939941172,623.9866333007812,Green,NORMAL
2026-01-27,90.18848428906296,89.35160903767257,89.07265062054243,88.7936922034123,629.6432495117188,Green,NORMAL
2026-01-28,87.27095099197723,85.98571489315184,85.55730286021003,85.12889082726824,631.728271484375,Blue,NORMAL
2026-01-29,86.62377659328534,85.01568492088481,84.47965436341795,83.94362380595112,627.9472045898438,Blue,NORMAL
2026-01-30,84.28389354456313,81.18037559792248,80.14586961570893,79.11136363349537,620.405029296875,Green,NORMAL
2026-02-02,86.03107899296887,82.66725639950174,81.54598220167938,80.42470800385698,624.6650390625,Yellow,NORMAL
2026-02-03,84.85337313233643,81.82373403166504,80.81385433144126,79.80397463121746,615.0676879882812,Yellow,NORMAL
2026-02-04,84.02309407441518,80.18837220054465,78.91013157592116,77.63189095129765,604.322998046875,Yellow,NORMAL
2026-02-05,79.41628388339093,72.82067425527737,70.62213771257287,68.42360116986836,595.6235961914062,Yellow,ELEVATED
2026-02-06,83.58552055372292,77.16362937038448,75.02299897593835,72.88236858149222,608.2138671875,Red,ELEVATED
2026-02-09,86.02240415763829,80.18730564426409,78.24227280647267,76.29723996868127,612.8728637695312,Red,NORMAL
2026-02-10,85.67118859126663,79.60515867317787,77.5831487004816,75.56113872778535,610.029541015625,Red,NORMAL
2026-02-11,84.97688609607877,78.86952949295606,76.8337439585818,74.79795842420758,611.6657104492188,Red,NORMAL
2026-02-12,81.9614872845515,74.60069336551959,72.14709539250896,69.69349741949831,599.22509765625,Red,ELEVATED
2026-02-13,80.2233998019212,72.72350857408173,70.22354483146857,67.72358108885541,600.5020141601562,Red,ELEVATED
2026-02-17,79.90939926057308,72.16395816137882,69.5821444616474,67.00033076191599,599.8834838867188,Red,ELEVATED
2026-02-18,81.00359604982066,73.53895252596536,71.05073801801359,68.56252351006182,604.3629760742188,Red,NORMAL
2026-02-19,81.68726770684259,75.16985616877332,72.99738565608357,70.82491514339381,602.04833984375,Red,ELEVATED
2026-02-20,84.56844108746606,79.19853785832866,77.40857011528286,75.61860237223708,607.3757934570312,Red,NORMAL
2026-02-23,79.1435207665291,72.36399465137059,70.10415261298441,67.84431057459825,599.9932250976562,Red,ELEVATED
2026-02-24,82.00440591207536,74.97287496541061,72.62903131652236,70.28518766763412,606.4380493164062,Red,NORMAL
2026-02-25,84.71561005149987,79.30189417069455,77.49732221042612,75.69275025015769,615.227294921875,Green,NORMAL
2026-02-26,84.65027910807572,80.04427797629319,78.50894426569901,76.97361055510484,607.8048095703125,Green,NORMAL
2026-02-27,79.0204634063956,74.10915469337773,72.47205178903843,70.83494888469913,605.8594360351562,Green,NORMAL
2026-03-02,77.83884975499382,72.40883313416491,70.5988275938886,68.78882205361228,606.6575317382812,Green,ELEVATED
2026-03-03,70.23816035604172,62.798082506131706,60.31805655616169,57.83803060619168,600.162841796875,Green,ELEVATED
2026-03-04,70.59197096043141,62.41735156397789,59.69247843182671,56.96760529967554,609.3112182617188,Green,ELEVATED
2026-03-05,66.25021938518387,55.86923876590204,52.40891189280809,50.708764164931914,607.4755859375,Green,ELEVATED
2026-03-06,59.141945210911175,45.508838031751914,43.528176046785916,42.96146013749386,598.337158203125,Green,ELEVATED
2026-03-09,59.981787579654636,46.181323505791106,43.77719785827955,43.5882925551822,606.3283081054688,Yellow,ELEVATED
2026-03-10,58.10010208849591,43.27793287624728,41.69857218137087,41.63560374700509,606.3383178710938,Yellow,ELEVATED
2026-03-11,56.98218166466074,41.0414585939112,40.5150050289524,40.49401555083047,606.2584228515625,Yellow,ELEVATED
2026-03-12,51.745746826468164,35.43217246955165,35.25668794789872,35.24969145519141,595.85302734375,Yellow,ELEVATED
2026-03-13,49.00584852717067,32.567990408198504,32.50949556764753,32.50716340341175,592.3213500976562,Red,ELEVATED
2026-03-16,49.2220295081959,32.74274346853852,32.72324518835486,32.72246780027626,598.9656982421875,Red,ELEVATED
2026-03-17,50.251509848367924,33.758414501815466,33.751915075087574,33.75165594572805,601.8887939453125,Red,ELEVATED
2026-03-18,47.040076473038326,30.542378024187514,30.54021154861155,30.540125172158373,593.4986572265625,Red,ELEVATED
2026-03-19,45.72148969918147,29.222256882897863,29.22153472437254,29.221505932221483,591.623046875,Red,ELEVATED
2026-03-20,40.31231258170432,25.12275349479497,25.12251277528653,25.122503177902843,580.6888427734375,Red,ELEVATED
2026-03-23,40.58817699199747,25.122212851916572,25.122132612080428,25.122129412952532,587.3545532226562,Red,ELEVATED
2026-03-24,40.191452030100905,25.20372324266652,25.203696496054476,25.20369542967851,583.3389282226562,Red,ELEVATED
2026-03-25,43.61112274769452,28.87586130003121,28.87585238449386,28.875852029035208,587.1747436523438,Red,ELEVATED
2026-03-26,39.561583024665715,26.53501439396313,26.53501142211735,26.53501130363113,573.1600952148438,Red,ELEVATED
2026-03-27,35.88734160065187,24.496077983010267,24.496076992395007,24.4960769528996,561.9624633789062,Red,ELEVATED
2026-03-30,32.75497791762396,22.309278933965647,22.30927860376056,22.309278590595426,557.6671752929688,Red,ELEVATED
2026-03-31,38.13007836915111,27.43799352274648,27.43799341267812,27.437993408289742,576.54638671875,Red,ELEVATED
2026-04-01,43.50384864591866,34.48877586707894,32.67176099815454,30.8547461644568,583.6685791015625,Red,ELEVATED
2026-04-02,46.33141711987047,39.298244743849246,37.34985708207179,35.40146943203655,584.3378295898438,Red,ELEVATED
2026-04-06,49.01725173752017,43.88480685258688,42.30599293435233,40.72717902003184,587.85400390625,Green,ELEVATED
2026-04-07,50.14725757921046,47.04241557110292,46.05146858287038,45.060521595942504,587.9439086914062,Green,ELEVATED
2026-04-08,59.77389805909097,58.04193719982356,57.4792836960022,56.91663019261572,605.4246826171875,Green,ELEVATED
2026-04-09,64.00159749566522,63.07577044762698,62.77205035914794,62.46833027081385,609.5202026367188,Blue,NORMAL
2026-04-10,64.41247242723281,63.77368555124551,63.56238623509432,63.35108691899143,610.3992309570312,Blue,NORMAL
2026-04-13,66.88017447268174,66.50215658403204,66.37669383531922,66.2512310866225,616.7122802734375,Blue,NORMAL
2026-04-14,68.80858509358751,68.52332025598842,68.42841304817887,68.33350584037467,627.909912109375,Blue,NORMAL
2026-04-15,69.22310580560662,69.04838808904898,68.9902092073265,68.9320303256058,636.7003173828125,Blue,NORMAL
2026-04-16,68.6729376254379,68.44955814707306,68.3751184399948,68.30067873291712,639.7669067382812,Blue,NORMAL
2026-04-17,71.47894217144227,71.32191222556452,71.2695756166197,71.21723900767509,648.1376953125,Blue,NORMAL
2026-04-20,72.2293864477198,72.1075462669936,72.06693510886744,72.02632395074137,646.0799560546875,Blue,NORMAL
2026-04-21,72.41135272163052,72.3359908953383,72.31087103172398,72.28575116810968,643.6226806640625,Blue,NORMAL
2026-04-22,74.03383474559402,73.99133992047153,73.97717522714728,73.96301053382305,654.390869140625,Blue,NORMAL
2026-04-23,75.38455265930575,75.36170060941906,75.35408334225124,75.34646607508343,650.7048950195312,Blue,NORMAL
2026-04-24,75.58075155983593,75.5687906557841,75.56480371536495,75.56081677494582,663.1512451171875,Blue,NORMAL
2026-04-27,75.83916466135946,75.83300591629737,75.83095301047605,75.82890010465475,663.5008544921875,Blue,NORMAL
2026-04-28,77.28712896119389,77.28399015765079,77.28294389286955,77.28189762808833,656.8281860351562,Blue,NORMAL
2026-04-29,74.45482329631204,73.98318200086982,73.82596823674456,73.66875447261931,660.84375,Blue,NORMAL
2026-04-30,78.42976433109392,77.89087718409368,77.71124813543432,77.53161908677498,667.0069580078125,Blue,NORMAL
2026-05-01,80.61568743696397,80.20268697481525,80.06502015421259,79.92735333360994,673.4099731445312,Blue,NORMAL
2026-05-04,77.79755929979846,77.2465487863968,77.06287861530076,76.87920844420474,672.141357421875,Blue,NORMAL
2026-05-05,80.42161909319881,79.9844020757222,79.83866306990929,79.69292406409637,680.8617553710938,Blue,NORMAL
2026-05-06,82.18271141490466,81.80776843035221,81.68278743550559,81.557806440659,695.0062255859375,Blue,NORMAL
2026-05-07,80.19991895648337,79.48876479171355,79.25171340345835,79.01466201520313,694.1771240234375,Blue,NORMAL
2026-05-08,79.21794436596585,77.98847913580528,77.5786573924189,77.1688356490325,710.44921875,Blue,NORMAL
2026-05-11,79.21174744858796,77.82535854119355,77.36322890539559,76.90109926959761,712.5069580078125,Blue,NORMAL
2026-05-12,79.0725185097987,77.2273570281079,76.61230320087769,75.99724937364748,706.463623046875,Blue,NORMAL
2026-05-13,77.71638664131338,76.11511203002567,75.58135382626313,75.04759562250057,713.9254760742188,Blue,NORMAL
2026-05-14,78.97776861107752,77.20404671667512,76.61280608520767,76.02156545374021,718.9998168945312,Blue,NORMAL
2026-05-15,72.3707574903915,68.29386661082634,66.93490298430461,65.5759393577829,708.1517944335938,Blue,NORMAL
2026-05-18,70.54989930321653,64.90405673320151,63.02210920986318,61.14016168652485,705.1051025390625,Blue,NORMAL
2026-05-19,65.98957014338148,58.19334981496316,55.594609705490384,52.99586959601761,700.7599487304688,Blue,NORMAL
2026-05-20,72.60708735419114,65.52690528662282,63.16684459743338,60.80678390824394,712.3671875,Blue,NORMAL
2026-05-21,76.26633551537012,71.10066669435513,69.37877708735013,67.65688748034513,713.7256469726562,Blue,NORMAL
2026-05-22,80.37808826943314,76.94393279095982,75.79921429813537,74.65449580531093,716.7523193359375,Blue,NORMAL
2026-05-26,83.20107151068648,81.20022008212787,80.53326960594165,79.86631912975545,729.4783935546875,Blue,NORMAL
2026-05-27,83.71845481332647,82.49973995260652,82.09350166569988,81.68726337879322,728.6492919921875,Blue,NORMAL
2026-05-28,83.47159773238829,82.66621336432587,82.39775190830507,82.12929045228427,734.79248046875,Blue,NORMAL
2026-05-29,83.91368072561092,83.30534674984557,83.10256875792378,82.89979076600198,737.49951171875,Blue,NORMAL
2026-06-01,80.27846596577604,78.95577341537086,78.51487589856914,78.07397838176743,741.9246826171875,Blue,NORMAL
2026-06-02,79.17358798185802,77.29350141498126,76.66680589268901,76.04011037039677,745.3408813476562,Blue,NORMAL
2026-06-03,76.91695356971026,74.62014268904716,73.85453906215946,73.08893543527176,743.39306640625,Blue,NORMAL
2026-06-04,80.72669496094719,78.83382445348516,78.20286761766451,77.57191078184384,739.7969970703125,Blue,NORMAL
2026-06-05,74.60876922293217,70.5976641898799,69.26062917886247,67.92359416784504,704.2860107421875,Yellow,ELEVATED
2026-06-08,73.45843202937843,68.23438281557854,66.49303307764524,64.75168333971195,715.283935546875,Yellow,NORMAL
2026-06-09,73.91893861172055,67.60886475850714,65.50550680743599,63.402148856364846,707.052978515625,Yellow,NORMAL
2026-06-10,70.14126448549085,61.575593087890766,58.72036928869074,55.8651454894907,692.9285278320312,Yellow,ELEVATED
2026-06-11,75.44639382104042,67.51517822913146,64.87143969849515,62.22770116785884,716.332763671875,Yellow,NORMAL
2026-06-12,79.71996797401684,72.82328129008164,70.52438572876989,68.22549016745815,720.5481567382812,Yellow,NORMAL
2026-06-15,83.99184117652413,79.16792553161851,77.5599536499833,75.95198176834808,743.1832885742188,Green,NORMAL
2026-06-16,85.56912382651815,82.31355075725266,81.22835973416417,80.14316871107566,729.0587768554688,Green,NORMAL
2026-06-17,81.82933093464436,78.55445390107404,77.46282822321729,76.3712025453605,721.7168579101562,Blue,NORMAL
2026-06-18,81.00830104673383,76.9975051066917,75.66057312667768,74.32364114666363,739.8070068359375,Blue,NORMAL
2026-06-22,80.53396410478929,76.62904855618258,75.32741003998035,74.0257715237781,737.9500122070312,Blue,NORMAL
2026-06-23,77.13249042042679,73.162528522706,71.8392078901324,70.5158872575588,713.6500244140625,Green,NORMAL
2026-06-24,77.66188232869446,74.00548507480603,72.78668599017657,71.56788690554708,710.6199951171875,Green,NORMAL
2026-06-25,78.11296751023824,74.67663185106244,73.53118663133719,72.38574141161192,716.3800048828125,Green,NORMAL
2026-06-26,78.28247906906931,74.58447215929311,73.35180318936771,72.11913421944232,706.52001953125,Green,NORMAL
2026-06-29,79.65337686140695,76.02702253256719,74.81823775628729,73.60945298000736,724.0800170898438,Green,NORMAL
2026-06-30,79.88214413898751,75.71241078047264,74.3224996609677,72.93258854146274,736.4000244140625,Green,NORMAL
2026-07-01,80.01674559108727,75.73142962490928,74.30299096951663,72.87455231412397,725.1699829101562,Blue,NORMAL
2026-07-02,79.47410038221427,75.82604090070731,74.61002107353833,73.39400124636936,712.5999755859375,Yellow,NORMAL
2026-07-06,81.21350484120947,78.42066071209445,77.4897126690561,76.55876462601776,722.8200073242188,Yellow,NORMAL
2026-07-07,79.53681602796635,77.018627708955,76.17923160261788,75.33983549628076,709.4299926757812,Yellow,NORMAL
2026-07-08,76.19894334503807,73.68246355904778,72.84363696371767,72.00481036838758,711.4400024414062,Yellow,NORMAL
2026-07-09,77.86600712760836,75.77652931745168,75.08003671406611,74.38354411068056,723.280029296875,Yellow,NORMAL
2026-07-10,79.08730463854799,77.4721921569158,76.93382132970507,76.39545050249436,725.510009765625,Yellow,NORMAL
2026-07-13,76.69822369786522,75.01792574403117,74.45782642608651,73.89772710814182,711.739990234375,Yellow,NORMAL
2026-07-14,76.87438837911482,74.97802601869182,74.34590523188415,73.7137844450765,719.6900024414062,Yellow,NORMAL
2026-07-15,77.44012254291862,74.96398047792735,74.13859978959692,73.3132191012665,717.739990234375,Yellow,NORMAL
2026-07-16,76.0566891010971,73.59825176673044,72.77877265527488,71.95929354381933,705.9400024414062,Yellow,NORMAL
2026-07-17,70.65044220463733,66.80989917988589,65.5297181716354,64.24953716338493,695.3300170898438,Yellow,NORMAL
2026-07-20,67.61989619621005,62.01961291881163,60.1528518263455,58.28609073387935,696.0599975585938,Red,NORMAL
2026-07-21,67.58660041524573,61.201172736816716,59.07269684400704,56.944220951197366,708.969970703125,Red,NORMAL
2026-07-22,67.4826241612659,60.58168563519702,58.28137279317405,55.981059951151096,705.3499755859375,Red,NORMAL
2026-07-23,65.19454345738757,56.879852597346115,54.10828897733229,51.33672535731847,691.9600219726562,Red,NORMAL
2026-07-24,67.48288642602331,58.87752789422247,56.00907505028886,53.140622206355246,684.22998046875,Red,NORMAL
2026-07-27,69.53759555638206,61.60380775655493,58.95921182327922,56.314615890003516,682.1199951171875,Red,NORMAL
2026-07-28,70.89953662139037,64.12179577961234,61.862548832353,59.60330188509366,675.489990234375,Red,NORMAL
2026-07-29,66.21049109284887,58.667115267727254,56.15265665935338,53.63819805097951,661.72998046875,Red,ELEVATED
2026-07-30,67.87815924146597,59.88862838166095,57.22545142839262,54.56227447512428,683.5499877929688,Red,NORMAL
2026-07-31,68.01968673329166,61.10204657097442,58.79616651686868,56.49028646276294,687.989990234375,Red,NORMAL
2026-08-03,72.01127022165446,66.95456915330203,65.26900213051789,63.58343510773376,700.0700073242188,Green,NORMAL
2026-08-04,78.77648401327878,75.71550648337129,74.6951806400688,73.6748547967663,723.8499755859375,Green,NORMAL
2026-08-05,81.00167312227138,79.114388553185,78.48529369682286,77.85619884046073,717.2999877929688,Blue,NORMAL
2026-08-06,81.4589869337988,80.31817920760027,79.93790996553409,79.55764072346793,714.6500244140625,Blue,NORMAL
2026-08-07,82.88296197456593,82.24683629758155,82.03479440525344,81.8227525129253,723.030029296875,Blue,NORMAL
2026-08-10,82.31889978276777,81.80911630492498,81.6391884789774,81.4692606530298,720.8699951171875,Blue,NORMAL
2026-08-11,81.55406928785861,81.23527066915369,81.12900446291873,81.02273825668374,718.4500122070312,Blue,NORMAL
2026-08-12,81.8966426245724,81.66863199418098,81.59262845071719,81.51662490725337,723.7000122070312,Blue,NORMAL
2026-08-13,84.29248356846014,84.15560781291813,84.1099825610708,84.06435730922345,732.0700073242188,Blue,NORMAL
2026-08-14,83.93461573494127,83.80723059233262,83.76476887812971,83.72230716392681,731.0700073242188,Blue,NORMAL
2026-08-17,81.49339884767403,80.97136361170159,80.79735186637744,80.62334012105329,729.8699951171875,Blue,NORMAL
2026-08-18,77.47997936839415,76.1976912788519,75.77026191567114,75.34283255249039,717.510009765625,Blue,NORMAL
2026-08-19,77.44442073222567,75.84588271082475,75.31303670369113,74.78019069655747,716.0800170898438,Blue,NORMAL
2026-08-20,73.00518851378953,69.70243487893471,68.60151700064976,67.5005991223648,710.9299926757812,Green,NORMAL
2026-08-21,73.73912348497862,69.9635382511664,68.70500983989567,67.44648142862492,713.4400024414062,Green,NORMAL
2026-08-24,73.17757632974876,68.49501719210326,66.93416414622143,65.3733111003396,706.3200073242188,Yellow,NORMAL
