date,ticker,signal,score,direction,direction_score,direction_confidence,expected_move_pct,spot,atr14,call_wall,put_wall,gamma_flip,net_gex,regime,confidence,source,time_quality
2026-09-04,A,BREAKOUT WATCH,91,RANGE,56,53,0.042921,150.86,5.175,155.0,145.0,139.05740374575313,2777182.02,POSITIVE_GAMMA,MEDIUM,SCAN,VERIFIED
2026-09-04,AA,SUPPORTIVE,93,RANGE,65,73,0.072944,49.97,2.2229,55.0,47.0,45.24625208505684,1382048.24,POSITIVE_GAMMA,HIGH,SCAN,VERIFIED
2026-09-04,AAL,HEADWIND,32,DOWN,24,80,0.067403,13.13,0.3771,14.0,12.0,13.829603859166388,-2017043.05,NEGATIVE_GAMMA,MEDIUM,SCAN,VERIFIED
2026-09-04,AAOI,NEUTRAL,68,RANGE,39,68,0.133611,105.53,10.1374,110.0,100.0,,-1409472.84,UNKNOWN,HIGH,SCAN,VERIFIED
2026-09-04,AAON,HEADWIND,32,VOLATILE,50,45,0.100126,79.4,3.6143,100.0,70.0,85.20405923280846,-129504.43,NEGATIVE_GAMMA,MEDIUM,SCAN,VERIFIED
2026-09-04,AAP,SUPPORTIVE,93,UP,75,87,0.066206,44.18,2.7257,50.0,42.5,41.41801070136706,631804.62,POSITIVE_GAMMA,HIGH,SCAN,VERIFIED
2026-09-04,AAPL,BREAKOUT WATCH,81,RANGE,45,60,0.040082,319.97,7.4314,320.0,300.0,298.5938986358751,276619686.42,POSITIVE_GAMMA,HIGH,SCAN,VERIFIED
2026-09-04,ABBV,SUPPORTIVE,93,UP,70,80,0.035834,256.46,5.7714,270.0,250.0,233.74195355004264,29490621.93,POSITIVE_GAMMA,HIGH,SCAN,VERIFIED
2026-09-04,ABCL,DATA LOW,0,UNKNOWN,50,0,0.131234,11.43,0.7746,13.0,10.0,11.21,28257.50433496238,NEAR_FLIP,LOW,DETAIL,VERIFIED
2026-09-04,ABG,NEUTRAL,73,RANGE,40,58,0.053622,217.26,5.7986,220.0,210.0,,1903989.39,UNKNOWN,MEDIUM,SCAN,VERIFIED
2026-09-04,ABNB,NEUTRAL,63,DOWN,28,83,0.042734,181.94,4.8579,185.0,170.0,,8042844.35,UNKNOWN,HIGH,SCAN,VERIFIED
2026-09-04,ABT,BREAKOUT WATCH,91,RANGE,38,69,0.030924,108.33,2.7893,110.0,105.0,100.58851136931652,10639547.07,POSITIVE_GAMMA,HIGH,SCAN,VERIFIED
2026-09-04,ACGL,HEADWIND,40,DOWN,30,72,0.037971,98.1,1.785,100.0,95.0,100.75420066396418,-522891.7,NEGATIVE_GAMMA,MEDIUM,SCAN,VERIFIED
2026-09-04,ACI,HEADWIND,42,VOLATILE,36,64,0.074974,12.55,0.3151,13.0,12.0,13.0125210537575,-23874.61,NEGATIVE_GAMMA,MEDIUM,SCAN,VERIFIED
2026-09-04,ACLS,HEADWIND,32,VOLATILE,49,46,0.09211,115.08,6.1957,135.0,100.0,122.57387797393167,-56260.74,NEGATIVE_GAMMA,MEDIUM,SCAN,VERIFIED
2026-09-04,ACM,NEUTRAL,71,UP,70,72,0.052193,66.58,2.3086,70.0,65.0,65.54007505821771,30629.9,NEAR_FLIP,MEDIUM,SCAN,VERIFIED
2026-09-04,ACN,BREAKOUT WATCH,69,VOLATILE,35,73,0.064267,186.72,6.5614,190.0,180.0,185.33140854724567,479038.04,NEAR_FLIP,HIGH,SCAN,VERIFIED
2026-09-04,ADBE,NEUTRAL,71,VOLATILE,65,73,0.097839,266.51,10.48,300.0,260.0,256.87241224644384,3243189.99,NEAR_FLIP,HIGH,SCAN,VERIFIED
2026-09-04,ADI,NEUTRAL,71,VOLATILE,58,64,0.052174,362.25,10.99,380.0,350.0,354.474755503135,1737593.76,NEAR_FLIP,HIGH,SCAN,VERIFIED
2026-09-04,ADM,ACCELERATION,99,RANGE,62,61,0.049344,84.61,2.8807,85.0,77.5,75.67488972983881,3000386.22,POSITIVE_GAMMA,MEDIUM,SCAN,VERIFIED
2026-09-04,ADP,BREAKOUT WATCH,69,VOLATILE,45,60,0.037371,277.62,5.4936,280.0,270.0,274.2465189037668,535376.91,NEAR_FLIP,HIGH,SCAN,VERIFIED
2026-09-04,ADSK,HEADWIND,40,VOLATILE,33,76,0.071363,217.9,11.0807,230.0,215.0,242.86893359945554,-1544788.74,NEGATIVE_GAMMA,HIGH,SCAN,VERIFIED
2026-09-04,AEE,SUPPORTIVE,93,UP,70,72,0.028177,106.47,1.6364,115.0,105.0,91.66705414433112,476132.25,POSITIVE_GAMMA,MEDIUM,SCAN,VERIFIED
2026-09-04,AEHR,NEUTRAL,71,UP,75,87,0.174473,86.26,9.1879,100.0,80.0,80.27814305193007,81311.45,NEAR_FLIP,HIGH,SCAN,VERIFIED
2026-09-04,AEIS,NEUTRAL,66,VOLATILE,55,52,0.087398,280.9,15.67,330.0,250.0,293.89129167605694,-196123.31,NEAR_FLIP,MEDIUM,SCAN,VERIFIED
2026-09-04,AEM,SUPPORTIVE,93,UP,70,80,0.069604,204.73,9.2679,220.0,200.0,191.0972652931767,2595055.26,POSITIVE_GAMMA,HIGH,SCAN,VERIFIED
2026-09-04,AEO,NEUTRAL,63,RANGE,45,60,0.161587,17.39,0.6743,17.5,15.0,,632262.44,UNKNOWN,HIGH,SCAN,VERIFIED
2026-09-04,AEP,NEUTRAL,66,VOLATILE,54,50,0.0249,124.5,2.085,130.0,120.0,124.7042498186834,-217518.32,NEAR_FLIP,MEDIUM,SCAN,VERIFIED
2026-09-04,AER,NEUTRAL,66,VOLATILE,50,45,0.035763,145.4,2.7143,150.0,145.0,147.71762089845103,-101077.52,NEAR_FLIP,MEDIUM,SCAN,VERIFIED
2026-09-04,AES,SUPPORTIVE,83,RANGE,50,45,0.016641,14.79,0.05,15.0,14.0,13.329240000949676,279020.23,POSITIVE_GAMMA,MEDIUM,SCAN,VERIFIED
2026-09-04,AFL,SUPPORTIVE,93,RANGE,64,72,0.023249,117.21,1.9557,120.0,115.0,113.08851935320672,1851710.76,POSITIVE_GAMMA,HIGH,SCAN,VERIFIED
2026-09-04,AFRM,NEUTRAL,66,VOLATILE,45,60,0.07595,72.35,4.2541,80.0,65.0,72.76005835943924,-109421.74,NEAR_FLIP,HIGH,SCAN,VERIFIED
2026-09-04,AG,NEUTRAL,73,RANGE,40,66,0.094182,20.97,1.1571,21.0,19.0,,771724.75,UNKNOWN,HIGH,SCAN,VERIFIED
2026-09-04,AGCO,ACCELERATION,91,RANGE,57,54,0.03467,133.4,4.73,135.0,125.0,,159304.73,UNKNOWN,MEDIUM,SCAN,VERIFIED
2026-09-04,AGI,BREAKOUT WATCH,59,VOLATILE,40,66,0.057479,36.97,1.5993,38.0,33.0,36.95167684744606,5675.67,NEAR_FLIP,HIGH,SCAN,VERIFIED
2026-09-04,AGL,SUPPORTIVE,93,UP,75,79,0.122034,88.5,5.1976,110.0,85.0,79.8423702687836,29095.26,POSITIVE_GAMMA,MEDIUM,SCAN,VERIFIED
2026-09-04,AGNC,HEADWIND,32,DOWN,30,72,0.034272,10.65,0.1529,11.0,10.0,11.047375064569504,-3595116.79,NEGATIVE_GAMMA,MEDIUM,SCAN,VERIFIED
2026-09-04,AGX,SUPPORTIVE,93,UP,70,80,0.104069,417.99,27.8779,480.0,380.0,330.573406174169,3083490.3,POSITIVE_GAMMA,HIGH,SCAN,VERIFIED
2026-09-04,AI,NEUTRAL,71,VOLATILE,65,65,0.086998,10.46,0.5146,12.5,10.0,9.969047352144866,72004.57,NEAR_FLIP,MEDIUM,SCAN,VERIFIED
2026-09-04,AIG,SUPPORTIVE,83,RANGE,60,66,0.024275,76.21,1.2293,80.0,72.5,74.72070269910405,292095.75,POSITIVE_GAMMA,HIGH,SCAN,VERIFIED
2026-09-04,AIZ,NEUTRAL,63,RANGE,40,58,0.031935,285.74,5.0507,290.0,220.0,,569422.78,UNKNOWN,MEDIUM,SCAN,VERIFIED
2026-09-04,AJG,BREAKOUT WATCH,91,UP,70,72,0.043587,262.69,7.3186,270.0,260.0,245.0676382144828,1302710.61,POSITIVE_GAMMA,MEDIUM,SCAN,VERIFIED
2026-09-04,AKAM,HEADWIND,42,VOLATILE,50,53,0.070329,105.22,4.2186,115.0,100.0,112.7968028475166,-1483614.69,NEGATIVE_GAMMA,HIGH,SCAN,VERIFIED
2026-09-04,ALAB,BREAKOUT WATCH,91,RANGE,55,60,0.124758,310.4,19.1233,330.0,280.0,247.6230752325955,5552422.55,POSITIVE_GAMMA,HIGH,SCAN,VERIFIED
2026-09-04,ALB,HEADWIND,40,DOWN,13,95,0.075428,126.28,5.8486,130.0,115.0,138.91582532685595,-1410043.91,NEGATIVE_GAMMA,HIGH,SCAN,VERIFIED
2026-09-04,ALC,SUPPORTIVE,88,RANGE,53,49,0.037234,70.5,1.2864,75.0,70.0,58.782790985116726,-167462.81,POSITIVE_GAMMA,MEDIUM,SCAN,VERIFIED
2026-09-04,ALGM,NEUTRAL,70,RANGE,65,65,0.100382,36.61,1.9871,40.0,35.0,,-109684.68,UNKNOWN,MEDIUM,SCAN,VERIFIED
2026-09-04,ALGN,BREAKOUT WATCH,69,VOLATILE,60,58,0.055,158.635,5.4071,165.0,155.0,157.05397349821064,69191.19,NEAR_FLIP,MEDIUM,SCAN,VERIFIED
2026-09-04,ALGT,HEADWIND,42,VOLATILE,55,52,0.086681,78.16,3.7086,85.0,75.0,87.96785150915646,-83115.27,NEGATIVE_GAMMA,MEDIUM,SCAN,VERIFIED
2026-09-04,ALKS,NEUTRAL,68,RANGE,46,50,0.074837,46.1,1.3421,47.0,45.0,,-328411.04,UNKNOWN,MEDIUM,SCAN,VERIFIED
2026-09-04,ALL,HEADWIND,40,DOWN,30,72,0.036021,259.57,5.0707,260.0,250.0,266.8208482250523,-3790336.42,NEGATIVE_GAMMA,MEDIUM,SCAN,VERIFIED
2026-09-04,ALLE,BREAKOUT WATCH,91,RANGE,52,48,0.038506,157.12,3.86,160.0,155.0,126.91278005402269,962808.9,POSITIVE_GAMMA,MEDIUM,SCAN,VERIFIED
2026-09-04,ALLY,SUPPORTIVE,93,RANGE,56,53,0.041162,43.73,0.8617,45.0,42.0,39.10349187563428,5823570.74,POSITIVE_GAMMA,MEDIUM,SCAN,VERIFIED
2026-09-04,ALNY,ACCELERATION,100,UP,68,69,0.072151,266.11,11.1307,280.0,250.0,187.5840887268131,3755308.05,POSITIVE_GAMMA,MEDIUM,SCAN,VERIFIED
2026-09-04,ALRM,HEADWIND,30,DOWN,30,72,0.138614,56.48,1.246,57.5,45.0,59.49020169985811,-7828.28,NEGATIVE_GAMMA,MEDIUM,SCAN,VERIFIED
2026-09-04,ALSN,BREAKOUT WATCH,81,RANGE,55,52,0.056766,131.24,4.3029,135.0,120.0,110.13721306977051,263836.45,POSITIVE_GAMMA,MEDIUM,SCAN,VERIFIED
2026-09-04,ALV,SUPPORTIVE,83,RANGE,50,45,0.079073,125.2,2.4736,130.0,115.0,98.88688896533466,651820.09,POSITIVE_GAMMA,MEDIUM,SCAN,VERIFIED
2026-09-04,AM,BREAKOUT WATCH,91,RANGE,50,45,0.040929,22.6,0.4963,23.0,22.0,21.19312865403057,246426.55,POSITIVE_GAMMA,MEDIUM,SCAN,VERIFIED
2026-09-04,AMAT,HEADWIND,42,VOLATILE,55,60,0.077412,454.71,18.1014,500.0,430.0,484.67702786972615,-7453204.25,NEGATIVE_GAMMA,HIGH,SCAN,VERIFIED
2026-09-04,AMBA,HEADWIND,42,VOLATILE,50,53,0.197567,62.89,3.5193,73.0,60.0,78.71657938082197,-53641.92,NEGATIVE_GAMMA,HIGH,SCAN,VERIFIED
2026-09-04,AMCR,SUPPORTIVE,93,RANGE,58,56,0.035991,45.15,1.0593,49.0,45.0,42.287545470895296,382478.4,POSITIVE_GAMMA,MEDIUM,SCAN,VERIFIED
2026-09-04,AMD,NEUTRAL,71,VOLATILE,55,60,0.074492,477.57,18.4786,500.0,440.0,462.53330626924964,26277355.73,NEAR_FLIP,HIGH,SCAN,VERIFIED
2026-09-04,AME,BREAKOUT WATCH,91,RANGE,38,61,0.03786,237.72,5.1729,240.0,230.0,178.45831780744936,297981.96,POSITIVE_GAMMA,MEDIUM,SCAN,VERIFIED
2026-09-04,AMG,HEADWIND,42,VOLATILE,50,45,0.054022,370.22,11.0757,410.0,370.0,383.6980933689246,-66129.2,NEGATIVE_GAMMA,MEDIUM,SCAN,VERIFIED
2026-09-04,AMGN,BREAKOUT WATCH,91,RANGE,50,53,0.053233,437.23,9.2886,440.0,420.0,406.41696491950137,14399822.13,POSITIVE_GAMMA,HIGH,SCAN,VERIFIED
2026-09-04,AMKR,HEADWIND,40,DOWN,30,80,0.091585,47.77,2.8714,48.0,46.0,56.17647330793387,-583359.21,NEGATIVE_GAMMA,HIGH,SCAN,VERIFIED
2026-09-04,AMLX,BREAKOUT WATCH,91,RANGE,50,45,0.08871,34.1,2.9991,35.0,30.0,26.626126753770237,565945.65,POSITIVE_GAMMA,MEDIUM,SCAN,VERIFIED
2026-09-04,AMP,BREAKOUT WATCH,91,RANGE,50,45,0.040495,560.56,12.2979,570.0,540.0,495.0230670308885,811138.16,POSITIVE_GAMMA,MEDIUM,SCAN,VERIFIED
2026-09-04,AMPX,NEUTRAL,68,RANGE,45,52,0.10364,9.89,0.5021,10.0,9.0,,-198112.86,UNKNOWN,MEDIUM,SCAN,VERIFIED
2026-09-04,AMR,BREAKOUT WATCH,91,RANGE,65,65,0.094494,225.41,13.2936,240.0,210.0,162.99437730041217,257608.17,POSITIVE_GAMMA,MEDIUM,SCAN,VERIFIED
2026-09-04,AMRZ,HEADWIND,42,VOLATILE,38,61,0.05534,43.82,1.1847,50.0,42.5,45.164868650531844,-52597.12,NEGATIVE_GAMMA,MEDIUM,SCAN,VERIFIED
2026-09-04,AMSC,BREAKOUT WATCH,69,VOLATILE,50,45,0.089679,29.55,1.2586,30.0,28.0,28.792754871812434,23046.45,NEAR_FLIP,MEDIUM,SCAN,VERIFIED
2026-09-04,AMT,BREAKOUT WATCH,69,UP,70,72,0.03739,175.85,3.7057,180.0,175.0,174.19781761006186,539533.17,NEAR_FLIP,MEDIUM,SCAN,VERIFIED
2026-09-04,AMZN,BREAKOUT WATCH,91,RANGE,38,69,0.044389,258.51,5.8643,260.0,250.0,243.73101786540323,151479462.17,POSITIVE_GAMMA,HIGH,SCAN,VERIFIED
2026-09-04,ANDE,SUPPORTIVE,83,RANGE,50,45,0.05663,69.31,2.5579,75.0,60.0,64.66557791144548,48905.51,POSITIVE_GAMMA,MEDIUM,SCAN,VERIFIED
2026-09-04,ANET,BREAKOUT WATCH,91,RANGE,50,53,0.072634,193.78,7.4793,195.0,190.0,170.56570587403,13530390.34,POSITIVE_GAMMA,HIGH,SCAN,VERIFIED
2026-09-04,ANF,ACCELERATION,82,VOLATILE,57,62,0.074497,149.67,8.7779,160.0,140.0,157.29642211441958,-1049661.98,NEAR_FLIP,HIGH,SCAN,VERIFIED
2026-09-04,AON,BREAKOUT WATCH,69,VOLATILE,58,56,0.023213,323.09,10.0821,330.0,320.0,319.19069358994847,136716.38,NEAR_FLIP,MEDIUM,SCAN,VERIFIED
2026-09-04,APA,SUPPORTIVE,93,RANGE,57,62,0.061258,42.77,1.5007,45.0,40.0,36.61018480673911,1333209.42,POSITIVE_GAMMA,HIGH,SCAN,VERIFIED
2026-09-04,APAM,NEUTRAL,61,VOLATILE,40,58,0.012242,41.57,1.0471,44.43,29.43,41.53383625040786,381.28,NEAR_FLIP,MEDIUM,SCAN,VERIFIED
2026-09-04,APD,SUPPORTIVE,93,UP,70,72,0.036346,301.27,5.9757,310.0,300.0,284.81349357680847,3139098.89,POSITIVE_GAMMA,MEDIUM,SCAN,VERIFIED
2026-09-04,APH,BREAKOUT WATCH,81,RANGE,38,61,0.062817,82.78,2.7764,85.0,70.0,78.34449560533966,3489183.09,POSITIVE_GAMMA,MEDIUM,SCAN,VERIFIED
2026-09-04,APLD,ACCELERATION,84,VOLATILE,62,69,0.112249,26.37,1.7436,30.0,25.0,27.202712130523487,-205897.35,NEAR_FLIP,HIGH,SCAN,VERIFIED
2026-09-04,APO,SUPPORTIVE,93,UP,70,80,0.054238,133.67,3.64,145.0,130.0,128.46711503276632,2458529.5,POSITIVE_GAMMA,HIGH,SCAN,VERIFIED
2026-09-04,APP,NEUTRAL,66,VOLATILE,65,73,0.080172,320.56,12.9531,350.0,300.0,322.0927059724061,-452389.1,NEAR_FLIP,HIGH,SCAN,VERIFIED
2026-09-04,APPN,NEUTRAL,73,RANGE,35,65,0.10099,38.37,2.0429,40.0,35.0,,63328.2,UNKNOWN,MEDIUM,SCAN,VERIFIED
2026-09-04,APTV,SUPPORTIVE,93,UP,75,79,0.06048,47.95,1.4743,52.5,47.5,46.13991449956659,244333.88,POSITIVE_GAMMA,MEDIUM,SCAN,VERIFIED
2026-09-04,AR,ACCELERATION,99,RANGE,62,69,0.043771,39.41,0.9779,40.0,36.0,37.08834409403305,1459211.36,POSITIVE_GAMMA,HIGH,SCAN,VERIFIED
2026-09-04,ARCB,SUPPORTIVE,93,UP,69,71,0.078302,141.12,5.9579,155.0,130.0,133.03122984421594,66223.86,POSITIVE_GAMMA,MEDIUM,SCAN,VERIFIED
2026-09-04,ARCC,SUPPORTIVE,83,RANGE,50,45,0.02994,20.04,0.2079,21.0,17.0,19.165399628927567,3214433.06,POSITIVE_GAMMA,MEDIUM,SCAN,VERIFIED
2026-09-04,ARE,NEUTRAL,71,VOLATILE,60,58,0.05793,52.65,2.0236,57.5,52.5,52.1903327943233,48305.85,NEAR_FLIP,MEDIUM,SCAN,VERIFIED
2026-09-04,ARES,NEUTRAL,56,VOLATILE,40,66,0.059579,140.15,4.115,150.0,120.0,140.91819659751636,-113374.44,NEAR_FLIP,HIGH,SCAN,VERIFIED
2026-09-04,ARR,HEADWIND,42,VOLATILE,50,45,0.035168,16.35,0.2143,17.0,16.0,16.641887304413732,-62111.08,NEGATIVE_GAMMA,MEDIUM,SCAN,VERIFIED
2026-09-04,ARW,SUPPORTIVE,93,UP,75,79,0.056258,215.97,7.1843,230.0,210.0,201.65589918453284,436222.02,POSITIVE_GAMMA,MEDIUM,SCAN,VERIFIED
2026-09-04,ARWR,SUPPORTIVE,93,UP,70,72,0.064281,86.34,2.9537,90.0,85.0,75.63453799571295,1786589.82,POSITIVE_GAMMA,MEDIUM,SCAN,VERIFIED
2026-09-04,AS,BREAKOUT WATCH,91,RANGE,43,62,0.070268,29.53,1.1744,30.0,28.0,26.778166574194994,2533800.36,POSITIVE_GAMMA,HIGH,SCAN,VERIFIED
2026-09-04,ASH,HEADWIND,30,DOWN,30,72,0.06376,72.93,1.8829,75.0,65.0,79.47532192259767,-108527.32,NEGATIVE_GAMMA,MEDIUM,SCAN,VERIFIED
2026-09-04,ASND,ACCELERATION,100,UP,82,88,0.140449,270.56,8.1062,300.0,260.0,240.10940852215853,895763.33,POSITIVE_GAMMA,MEDIUM,SCAN,VERIFIED
2026-09-04,ASO,HEADWIND,32,VOLATILE,49,54,0.091233,44.94,1.5925,50.0,41.0,56.40138068834912,-348455.47,NEGATIVE_GAMMA,HIGH,SCAN,VERIFIED
2026-09-04,ASST,NEUTRAL,73,RANGE,40,58,0.127303,27.14,2.2022,28.0,25.0,,2636938.98,UNKNOWN,MEDIUM,SCAN,VERIFIED
2026-09-04,ASTS,NEUTRAL,66,VOLATILE,50,53,0.109533,62.31,3.9747,70.0,60.0,63.924735303082855,-473036.35,NEAR_FLIP,HIGH,SCAN,VERIFIED
2026-09-04,ATEX,NEUTRAL,73,RANGE,47,49,0.09534,86.27,5.1264,90.0,85.0,,149773.7462624728,UNKNOWN,MEDIUM,DETAIL,VERIFIED
2026-09-04,ATI,SUPPORTIVE,93,UP,75,79,0.066461,210.65,7.4929,250.0,210.0,152.52410668024456,1281525.95,POSITIVE_GAMMA,MEDIUM,SCAN,VERIFIED
2026-09-04,ATKR,SUPPORTIVE,83,RANGE,50,45,0.066296,93.76,0.2571,95.0,90.0,67.51748977709052,123863.8,POSITIVE_GAMMA,MEDIUM,SCAN,VERIFIED
2026-09-04,ATO,BREAKOUT WATCH,91,RANGE,60,58,0.026408,167.56,2.4657,170.0,165.0,151.61850246050926,870782.67,POSITIVE_GAMMA,MEDIUM,SCAN,VERIFIED
2026-09-04,ATRO,BREAKOUT WATCH,91,RANGE,55,52,0.080645,76.26,3.7436,80.0,70.0,66.98270361246685,110403.23,POSITIVE_GAMMA,MEDIUM,SCAN,VERIFIED
2026-09-04,AU,NEUTRAL,66,VOLATILE,37,63,0.080224,109.07,5.1714,120.0,100.0,110.18640321102714,-181139.72,NEAR_FLIP,MEDIUM,SCAN,VERIFIED
2026-09-04,AUGO,BREAKOUT WATCH,64,VOLATILE,35,65,0.111294,84.91,5.0413,90.0,80.0,86.90284455862054,-10109.64,NEAR_FLIP,MEDIUM,SCAN,VERIFIED
2026-09-04,AUPH,NEUTRAL,75,RANGE,60,58,0.052861,16.08,0.4944,18.0,15.0,,39189.64,UNKNOWN,MEDIUM,SCAN,VERIFIED
2026-09-04,AUR,NEUTRAL,71,UP,70,72,0.070978,6.34,0.3854,8.0,5.5,5.999035451388047,70750.54,NEAR_FLIP,MEDIUM,SCAN,VERIFIED
2026-09-04,AVAV,HEADWIND,42,VOLATILE,50,53,0.151054,144.65,7.5486,160.0,140.0,167.27057801707528,-421951.06,NEGATIVE_GAMMA,HIGH,SCAN,VERIFIED
2026-09-04,AVGO,NEUTRAL,66,VOLATILE,50,53,0.055603,357.895,11.5457,380.0,350.0,365.7734657812704,-30965435.35,NEAR_FLIP,HIGH,SCAN,VERIFIED
2026-09-04,AVT,SUPPORTIVE,93,RANGE,60,58,0.057843,92.06,3.4943,100.0,85.0,84.45064442842278,454881.19,POSITIVE_GAMMA,MEDIUM,SCAN,VERIFIED
2026-09-04,AVY,SUPPORTIVE,88,UP,70,72,0.037701,175.06,4.705,190.0,170.0,128.3599039850946,-77058.79,POSITIVE_GAMMA,MEDIUM,SCAN,VERIFIED
2026-09-04,AWK,ACCELERATION,100,UP,68,69,0.032161,140.7,2.8864,145.0,135.0,129.6321117549446,3390947.18,POSITIVE_GAMMA,MEDIUM,SCAN,VERIFIED
2026-09-04,AXON,BREAKOUT WATCH,69,VOLATILE,53,57,0.083775,515.67,30.4071,550.0,500.0,503.45410346152687,390171.77,NEAR_FLIP,HIGH,SCAN,VERIFIED
2026-09-04,AXP,SUPPORTIVE,93,RANGE,58,64,0.033343,326.16,5.6371,340.0,320.0,319.4930004762478,12657740.87,POSITIVE_GAMMA,HIGH,SCAN,VERIFIED
2026-09-04,AXS,HEADWIND,65,VOLATILE,62,61,0.02892,101.14,1.765,105.0,100.0,116.62363347930497,75715.21,NEGATIVE_GAMMA,MEDIUM,SCAN,VERIFIED
2026-09-04,AXSM,SUPPORTIVE,93,UP,70,72,0.059391,206.68,6.2124,240.0,200.0,157.64766778590348,320080.31,POSITIVE_GAMMA,MEDIUM,SCAN,VERIFIED
2026-09-04,AXTI,SUPPORTIVE,93,RANGE,65,73,0.162232,61.64,7.1286,75.0,50.0,48.399547289373544,246456.12,POSITIVE_GAMMA,HIGH,SCAN,VERIFIED
2026-09-04,AZN,BREAKOUT WATCH,69,VOLATILE,56,53,0.055009,162.7,3.5614,165.0,160.0,160.81347509520384,721651.97,NEAR_FLIP,MEDIUM,SCAN,VERIFIED
2026-09-04,AZO,NEUTRAL,66,VOLATILE,50,45,0.047548,2983.29,72.4421,3300.0,2900.0,3040.0864485988923,-4233352.51,NEAR_FLIP,MEDIUM,SCAN,VERIFIED
2026-09-04,AZZ,HEADWIND,40,VOLATILE,40,58,0.042851,140.02,4.235,145.0,135.0,152.9792620467102,-164561.04,NEGATIVE_GAMMA,MEDIUM,SCAN,VERIFIED
2026-09-04,B,BREAKOUT WATCH,81,RANGE,45,60,0.05933,44.75,1.7093,45.0,40.0,42.21290021218475,2899675.94,POSITIVE_GAMMA,HIGH,SCAN,VERIFIED
2026-09-04,BA,NEUTRAL,66,VOLATILE,50,53,0.044405,212.25,4.0336,220.0,210.0,216.02821855636995,-9452593.29,NEAR_FLIP,HIGH,SCAN,VERIFIED
2026-09-04,BAC,SUPPORTIVE,93,UP,70,80,0.032865,62.68,1.095,65.0,62.5,60.31676665511959,26151091.63,POSITIVE_GAMMA,HIGH,SCAN,VERIFIED
2026-09-04,BAH,NEUTRAL,71,VOLATILE,58,56,0.057692,72.8,2.3221,80.0,70.0,71.85941234281772,92485.47,NEAR_FLIP,MEDIUM,SCAN,VERIFIED
2026-09-04,BALL,SUPPORTIVE,83,RANGE,50,45,0.033509,62.67,1.1129,67.5,55.0,60.696065135501875,398062.74,POSITIVE_GAMMA,MEDIUM,SCAN,VERIFIED
2026-09-04,BAM,HEADWIND,42,VOLATILE,50,45,0.046443,50.6,1.1789,52.5,50.0,57.82460828821551,-612504.21,NEGATIVE_GAMMA,MEDIUM,SCAN,VERIFIED
2026-09-04,BAX,SUPPORTIVE,93,UP,70,72,0.056136,25.83,0.7157,27.5,25.5,20.948770902429526,38465.23,POSITIVE_GAMMA,MEDIUM,SCAN,VERIFIED
2026-09-04,BBIO,NEUTRAL,63,DOWN,28,75,0.065473,74.84,2.1284,75.0,70.0,,121291.12,UNKNOWN,MEDIUM,SCAN,VERIFIED
2026-09-04,BBWI,SUPPORTIVE,93,UP,75,87,0.075602,19.51,1.0643,22.5,17.5,17.418434043177218,243556.81,POSITIVE_GAMMA,HIGH,SCAN,VERIFIED
2026-09-04,BBY,SUPPORTIVE,83,RANGE,55,60,0.056774,90.27,3.82,95.0,80.0,85.93113718244234,1734656.96,POSITIVE_GAMMA,HIGH,SCAN,VERIFIED
2026-09-04,BCE,NEUTRAL,58,RANGE,40,58,0.040135,23.67,0.3414,24.0,20.0,,-360886.1,UNKNOWN,MEDIUM,SCAN,VERIFIED
2026-09-04,BDX,SUPPORTIVE,93,RANGE,60,66,0.039515,184.74,4.1729,190.0,180.0,133.59239316653398,3232444.07,POSITIVE_GAMMA,HIGH,SCAN,VERIFIED
2026-09-04,BE,ACCELERATION,100,RANGE,67,76,0.148891,252.87,15.857,260.0,230.0,185.79308617387372,21537014.63,POSITIVE_GAMMA,HIGH,SCAN,VERIFIED
2026-09-04,BEAM,BREAKOUT WATCH,91,RANGE,50,45,0.149191,29.66,1.6748,30.0,28.0,24.98761731386713,117985.69,POSITIVE_GAMMA,MEDIUM,SCAN,VERIFIED
2026-09-04,BEN,SUPPORTIVE,93,UP,75,79,0.04319,34.73,0.7414,36.0,34.0,29.012570889219525,618593.93,POSITIVE_GAMMA,MEDIUM,SCAN,VERIFIED
2026-09-04,BFAM,NEUTRAL,60,RANGE,50,45,0.147555,70.25,2.0614,80.0,60.0,,-212962.36,UNKNOWN,MEDIUM,SCAN,VERIFIED
2026-09-04,BFH,HEADWIND,30,DOWN,30,72,0.051637,110.87,3.6336,115.0,100.0,130.57497855060848,-76648.96,NEGATIVE_GAMMA,MEDIUM,SCAN,VERIFIED
2026-09-04,BG,BREAKOUT WATCH,64,VOLATILE,40,58,0.052228,118.71,4.4807,120.0,110.0,119.11793461680307,-48588.92,NEAR_FLIP,MEDIUM,SCAN,VERIFIED
2026-09-04,BHVN,BREAKOUT WATCH,91,UP,70,72,0.111536,15.69,1.33,17.0,15.0,11.313715719292246,83249.53,POSITIVE_GAMMA,MEDIUM,SCAN,VERIFIED
2026-09-04,BIIB,SUPPORTIVE,93,UP,70,80,0.048454,220.83,5.6436,230.0,220.0,196.52981075867564,2102305.11,POSITIVE_GAMMA,HIGH,SCAN,VERIFIED
2026-09-04,BILL,BREAKOUT WATCH,91,RANGE,45,60,0.073739,49.16,2.0244,50.0,47.5,41.83170468962864,1449690.73,POSITIVE_GAMMA,HIGH,SCAN,VERIFIED
2026-09-04,BJ,HEADWIND,40,DOWN,30,72,0.043728,93.19,2.8738,95.0,90.0,97.39600076569786,-572814.74,NEGATIVE_GAMMA,MEDIUM,SCAN,VERIFIED
2026-09-04,BJRI,HEADWIND,42,VOLATILE,50,45,0.069294,59.89,2.6414,77.5,57.5,73.2744021703156,-51055.22,NEGATIVE_GAMMA,MEDIUM,SCAN,VERIFIED
2026-09-04,BKE,SUPPORTIVE,93,UP,70,72,0.050406,43.15,1.2757,45.0,42.5,38.98849480629189,125389.47,POSITIVE_GAMMA,MEDIUM,SCAN,VERIFIED
2026-09-04,BKKT,BREAKOUT WATCH,91,RANGE,50,45,0.144058,8.33,0.7511,9.0,7.0,6.112601469246339,26442.58,POSITIVE_GAMMA,MEDIUM,SCAN,VERIFIED
2026-09-04,BKNG,NEUTRAL,71,VOLATILE,44,61,0.049408,193.29,6.0829,204.0,180.0,187.8439731204778,3130064.33,NEAR_FLIP,HIGH,SCAN,VERIFIED
2026-09-04,BKR,BREAKOUT WATCH,59,VOLATILE,50,45,0.050394,63.5,1.5257,65.0,60.0,61.99364519917223,1006148.86,NEAR_FLIP,MEDIUM,SCAN,VERIFIED
2026-09-04,BL,SUPPORTIVE,93,RANGE,56,53,0.100122,32.71,1.4336,35.0,30.0,23.500298517943182,40820.24,POSITIVE_GAMMA,MEDIUM,SCAN,VERIFIED
2026-09-04,BLDR,HEADWIND,42,VOLATILE,55,52,0.085879,65.79,2.9021,70.0,65.0,72.76903737363669,-629772.95,NEGATIVE_GAMMA,MEDIUM,SCAN,VERIFIED
2026-09-04,BLK,BREAKOUT WATCH,91,UP,70,80,0.040141,1122.29,22.025,1140.0,1120.0,1032.3194926098315,10442179.96,POSITIVE_GAMMA,HIGH,SCAN,VERIFIED
2026-09-04,BLSH,NEUTRAL,75,RANGE,60,66,0.093889,36.0,2.1479,40.0,35.0,,577074.73,UNKNOWN,HIGH,SCAN,VERIFIED
2026-09-04,BMNR,NEUTRAL,73,RANGE,35,73,0.113136,24.97,1.8735,25.0,21.0,,4039238.85,UNKNOWN,HIGH,SCAN,VERIFIED
2026-09-04,BMO,BREAKOUT WATCH,91,RANGE,56,53,0.030217,175.4,3.9293,180.0,170.0,170.14559722748825,744798.24,POSITIVE_GAMMA,MEDIUM,SCAN,VERIFIED
2026-09-04,BMRN,SUPPORTIVE,93,UP,70,72,0.060123,66.53,1.68,70.0,65.0,52.38855859284329,1003865.51,POSITIVE_GAMMA,MEDIUM,SCAN,VERIFIED
2026-09-04,BMY,SUPPORTIVE,83,RANGE,62,69,0.035917,66.82,1.5079,70.0,62.5,61.50536529411899,15795507.43,POSITIVE_GAMMA,HIGH,SCAN,VERIFIED
2026-09-04,BN,HEADWIND,42,VOLATILE,50,45,0.039692,40.31,0.7593,44.0,40.0,43.0521551177474,-700806.46,NEGATIVE_GAMMA,MEDIUM,SCAN,VERIFIED
2026-09-04,BNS,ACCELERATION,100,UP,72,75,0.029578,93.82,2.2807,95.0,92.5,68.85096031788812,427576.48,POSITIVE_GAMMA,MEDIUM,SCAN,VERIFIED
2026-09-04,BNY,SUPPORTIVE,93,RANGE,66,67,0.030636,164.84,2.9179,170.0,160.0,132.87087470728844,9688476.62,POSITIVE_GAMMA,MEDIUM,SCAN,VERIFIED
2026-09-04,BR,NEUTRAL,71,VOLATILE,55,52,0.050324,172.88,4.785,190.0,170.0,171.85538759678002,140545.16,NEAR_FLIP,MEDIUM,SCAN,VERIFIED
2026-09-04,BRKR,ACCELERATION,93,UP,72,75,0.07735,58.5,2.615,75.0,55.0,,635475.76,UNKNOWN,MEDIUM,SCAN,VERIFIED
2026-09-04,BRO,SUPPORTIVE,93,UP,70,72,0.045505,71.42,1.8036,75.0,70.0,65.42869109333152,549137.38,POSITIVE_GAMMA,MEDIUM,SCAN,VERIFIED
2026-09-04,BROS,HEADWIND,42,VOLATILE,50,53,0.052061,46.58,2.0021,50.0,45.0,51.0502728119437,-816383.0,NEGATIVE_GAMMA,HIGH,SCAN,VERIFIED
2026-09-04,BRUN,NEUTRAL,71,UP,75,79,0.161565,17.64,1.8738,22.5,15.0,16.494661933997747,93645.06,NEAR_FLIP,MEDIUM,SCAN,VERIFIED
2026-09-04,BRZE,SUPPORTIVE,83,RANGE,45,52,0.172872,31.96,1.5587,35.0,27.5,23.508007250992385,64209.97,POSITIVE_GAMMA,MEDIUM,SCAN,VERIFIED
2026-09-04,BSX,BREAKOUT WATCH,69,VOLATILE,44,61,0.069038,47.8,1.9457,50.0,45.0,46.401904013137276,2412009.73,NEAR_FLIP,HIGH,SCAN,VERIFIED
2026-09-04,BTDR,SUPPORTIVE,83,RANGE,65,65,0.147415,12.38,1.042,15.0,10.0,10.07438206812214,488238.83,POSITIVE_GAMMA,MEDIUM,SCAN,VERIFIED
2026-09-04,BTU,NEUTRAL,63,RANGE,45,60,0.078683,28.85,1.3527,30.0,25.0,,734664.0,UNKNOWN,HIGH,SCAN,VERIFIED
2026-09-04,BURL,NEUTRAL,68,RANGE,33,76,0.065202,265.33,12.1671,270.0,250.0,,-9800380.06,UNKNOWN,HIGH,SCAN,VERIFIED
2026-09-04,BW,NEUTRAL,70,RANGE,60,58,0.116197,7.1,0.5596,9.0,7.0,,-85728.39,UNKNOWN,MEDIUM,SCAN,VERIFIED
2026-09-04,BWA,HEADWIND,32,VOLATILE,35,65,0.051081,67.54,1.9579,70.0,62.5,76.30629190287962,-1067432.63,NEGATIVE_GAMMA,MEDIUM,SCAN,VERIFIED
2026-09-04,BWXT,BREAKOUT WATCH,64,VOLATILE,50,45,0.056793,157.59,6.0214,160.0,155.0,157.97314759568346,-28314.81,NEAR_FLIP,MEDIUM,SCAN,VERIFIED
2026-09-04,BX,HEADWIND,30,DOWN,18,95,0.055454,136.15,3.8429,140.0,125.0,140.2224541388714,-3527676.66,NEGATIVE_GAMMA,HIGH,SCAN,VERIFIED
2026-09-04,BXMT,NEUTRAL,66,VOLATILE,60,58,0.035211,14.2,0.28,15.0,14.0,14.266315055876582,-2472.68,NEAR_FLIP,MEDIUM,SCAN,VERIFIED
2026-09-04,BXP,SUPPORTIVE,93,UP,70,72,0.040626,67.69,1.6114,70.0,67.5,47.77639129351264,51541.47,POSITIVE_GAMMA,MEDIUM,SCAN,VERIFIED
2026-09-04,BXSL,BREAKOUT WATCH,91,RANGE,50,45,0.021238,24.72,0.3706,25.0,24.0,19.82494004609241,164966.26,POSITIVE_GAMMA,MEDIUM,SCAN,VERIFIED
2026-09-04,BYD,HEADWIND,32,DOWN,30,72,0.101702,78.02,1.4943,80.0,70.0,81.03803986620571,-161794.22,NEGATIVE_GAMMA,MEDIUM,SCAN,VERIFIED
2026-09-04,BYND,BREAKOUT WATCH,64,VOLATILE,35,65,0.148855,11.79,1.0322,12.0,10.0,12.28122053171242,-3001.51,NEAR_FLIP,MEDIUM,SCAN,VERIFIED
2026-09-04,C,BREAKOUT WATCH,91,RANGE,56,61,0.040481,137.72,2.7864,140.0,135.0,128.97709662108744,21139451.03,POSITIVE_GAMMA,HIGH,SCAN,VERIFIED
2026-09-04,CACI,SUPPORTIVE,83,RANGE,60,58,0.050031,623.61,17.2993,680.0,570.0,589.3982322498651,920564.49,POSITIVE_GAMMA,MEDIUM,SCAN,VERIFIED
2026-09-04,CADL,NEUTRAL,75,RANGE,66,67,0.435875,12.78,0.7909,14.0,12.0,,20113.79,UNKNOWN,MEDIUM,SCAN,VERIFIED
2026-09-04,CAG,SUPPORTIVE,93,RANGE,60,58,0.04199,15.48,0.415,16.0,15.0,13.716369198534023,1451413.74,POSITIVE_GAMMA,MEDIUM,SCAN,VERIFIED
2026-09-04,CAH,ACCELERATION,99,RANGE,62,69,0.038838,247.18,4.6479,250.0,230.0,226.56845110646955,5444901.41,POSITIVE_GAMMA,HIGH,SCAN,VERIFIED
2026-09-04,CAKE,NEUTRAL,71,VOLATILE,50,45,0.067392,107.58,3.8736,115.0,100.0,106.86363967640338,93444.62,NEAR_FLIP,MEDIUM,SCAN,VERIFIED
2026-09-04,CALM,HEADWIND,42,VOLATILE,50,45,0.056948,74.63,2.6014,90.0,70.0,77.68736697629093,-189082.37,NEGATIVE_GAMMA,MEDIUM,SCAN,VERIFIED
2026-09-04,CAMT,ACCELERATION,84,VOLATILE,67,68,0.107398,145.72,8.3471,175.0,135.0,149.91548926490967,-42281.58,NEAR_FLIP,MEDIUM,SCAN,VERIFIED
2026-09-04,CAPR,NEUTRAL,73,RANGE,40,58,0.319149,9.4,1.2293,10.0,8.0,,190552.05,UNKNOWN,MEDIUM,SCAN,VERIFIED
2026-09-04,CARR,BREAKOUT WATCH,59,VOLATILE,40,66,0.048987,59.71,1.4529,60.0,52.5,59.233890857850255,252474.98,NEAR_FLIP,HIGH,SCAN,VERIFIED
2026-09-04,CART,SUPPORTIVE,93,UP,70,80,0.044057,51.07,1.5064,55.0,49.0,38.91113312951163,1690238.43,POSITIVE_GAMMA,HIGH,SCAN,VERIFIED
2026-09-04,CASY,HEADWIND,42,VOLATILE,38,61,0.089672,756.09,25.9421,900.0,730.0,784.161631945303,-560063.28,NEGATIVE_GAMMA,MEDIUM,SCAN,VERIFIED
2026-09-04,CAT,NEUTRAL,66,VOLATILE,50,53,0.052614,813.94,24.6057,850.0,790.0,824.3913418930165,-6679874.61,NEAR_FLIP,HIGH,SCAN,VERIFIED
2026-09-04,CAVA,NEUTRAL,70,RANGE,48,56,0.081386,60.76,2.7164,70.0,60.0,,-976520.64,UNKNOWN,HIGH,SCAN,VERIFIED
2026-09-04,CB,NEUTRAL,71,VOLATILE,64,72,0.026201,341.59,5.6271,350.0,335.0,337.86900148239727,3000317.24,NEAR_FLIP,HIGH,SCAN,VERIFIED
2026-09-04,CBRE,BREAKOUT WATCH,91,RANGE,50,45,0.052756,147.85,4.6336,150.0,140.0,128.07604861458907,11900182.92,POSITIVE_GAMMA,MEDIUM,SCAN,VERIFIED
2026-09-04,CBRL,NEUTRAL,63,RANGE,40,58,0.113366,54.69,2.26,55.0,45.0,,773885.22,UNKNOWN,MEDIUM,SCAN,VERIFIED
2026-09-04,CBRS,SUPPORTIVE,93,UP,75,87,0.115925,210.05,14.665,260.0,200.0,184.74400813766024,6319408.11,POSITIVE_GAMMA,HIGH,SCAN,VERIFIED
2026-09-04,CC,NEUTRAL,75,RANGE,60,58,0.099673,15.3,0.6121,17.0,15.0,,1323529.45,UNKNOWN,MEDIUM,SCAN,VERIFIED
2026-09-04,CCI,BREAKOUT WATCH,91,UP,70,72,0.047145,75.83,1.6993,77.5,75.0,69.17504193106376,2397195.36,POSITIVE_GAMMA,MEDIUM,SCAN,VERIFIED
2026-09-04,CCJ,NEUTRAL,71,UP,70,80,0.070727,100.74,4.2729,110.0,95.0,97.80871810955794,3942521.46,NEAR_FLIP,HIGH,SCAN,VERIFIED
2026-09-04,CCK,SUPPORTIVE,93,UP,70,72,0.038859,115.16,2.2614,120.0,115.0,98.73683443311106,413051.67,POSITIVE_GAMMA,MEDIUM,SCAN,VERIFIED
2026-09-04,CCL,HEADWIND,42,VOLATILE,38,69,0.056572,23.51,0.7736,25.0,23.0,30.27472386530223,-9365685.55,NEGATIVE_GAMMA,HIGH,SCAN,VERIFIED
2026-09-04,CDE,BREAKOUT WATCH,91,RANGE,60,66,0.097693,21.24,1.1586,22.5,20.0,16.60486281744894,1417658.6,POSITIVE_GAMMA,HIGH,SCAN,VERIFIED
2026-09-04,CDNS,NEUTRAL,66,VOLATILE,39,68,0.067304,292.7,11.7714,320.0,270.0,304.0540240600751,-3125987.37,NEAR_FLIP,HIGH,SCAN,VERIFIED
2026-09-04,CDW,ACCELERATION,91,RANGE,62,61,0.058243,152.38,6.6043,155.0,150.0,,695506.31,UNKNOWN,MEDIUM,SCAN,VERIFIED
2026-09-04,CECO,HEADWIND,40,DOWN,30,72,0.09143,74.1,3.9557,75.0,70.0,81.2018867502458,-177432.47,NEGATIVE_GAMMA,MEDIUM,SCAN,VERIFIED
2026-09-04,CEG,SUPPORTIVE,93,RANGE,65,73,0.066564,298.96,9.605,320.0,280.0,284.0147484893695,6670434.61,POSITIVE_GAMMA,HIGH,SCAN,VERIFIED
2026-09-04,CELH,BREAKOUT WATCH,69,VOLATILE,65,73,0.08741,30.66,1.5343,32.5,30.0,30.093721555787837,214780.57,NEAR_FLIP,HIGH,SCAN,VERIFIED
2026-09-04,CF,ACCELERATION,100,RANGE,63,71,0.067492,133.35,5.7514,140.0,125.0,123.11096381332713,1897542.55,POSITIVE_GAMMA,HIGH,SCAN,VERIFIED
2026-09-04,CFG,BREAKOUT WATCH,91,UP,70,72,0.039206,70.78,1.527,72.5,70.0,49.98930740467693,1390263.37,POSITIVE_GAMMA,MEDIUM,SCAN,VERIFIED
2026-09-04,CG,SUPPORTIVE,83,RANGE,56,53,0.061209,46.97,1.4021,52.5,40.0,45.05323424567024,6792730.38,POSITIVE_GAMMA,MEDIUM,SCAN,VERIFIED
2026-09-04,CGNX,NEUTRAL,71,UP,75,79,0.076707,62.25,2.1043,70.0,60.0,60.373765209869354,152156.41,NEAR_FLIP,MEDIUM,SCAN,VERIFIED
2026-09-04,CGON,NEUTRAL,75,RANGE,38,61,0.141958,74.67,2.9221,80.0,70.0,,153485.85,UNKNOWN,MEDIUM,SCAN,VERIFIED
2026-09-04,CHDN,HEADWIND,32,DOWN,25,79,0.067762,87.07,2.8229,95.0,75.0,101.45056169304793,-4001798.06,NEGATIVE_GAMMA,MEDIUM,SCAN,VERIFIED
2026-09-04,CHKP,BREAKOUT WATCH,91,UP,70,72,0.05363,137.05,4.43,140.0,135.0,124.82889921807501,2436150.58,POSITIVE_GAMMA,MEDIUM,SCAN,VERIFIED
2026-09-04,CHRD,BREAKOUT WATCH,91,RANGE,50,45,0.053282,146.39,4.3929,150.0,140.0,139.93062970719637,228688.48,POSITIVE_GAMMA,MEDIUM,SCAN,VERIFIED
2026-09-04,CHRW,BREAKOUT WATCH,91,RANGE,60,58,0.052662,147.64,3.7314,150.0,145.0,140.31293730742686,1427822.24,POSITIVE_GAMMA,MEDIUM,SCAN,VERIFIED
2026-09-04,CHTR,BREAKOUT WATCH,64,VOLATILE,60,66,0.077966,151.99,7.7657,160.0,150.0,153.00587015432035,-191431.2,NEAR_FLIP,HIGH,SCAN,VERIFIED
2026-09-04,CHWY,SUPPORTIVE,93,RANGE,64,72,0.113271,23.66,1.0086,25.0,22.5,17.28489474572121,832651.2,POSITIVE_GAMMA,HIGH,SCAN,VERIFIED
2026-09-04,CHYM,NEUTRAL,63,RANGE,40,58,0.076274,33.76,1.3315,35.0,30.0,,808706.09,UNKNOWN,MEDIUM,SCAN,VERIFIED
2026-09-04,CI,SUPPORTIVE,83,RANGE,50,53,0.037696,282.52,5.3121,290.0,270.0,261.4170506552117,8984559.53,POSITIVE_GAMMA,HIGH,SCAN,VERIFIED
2026-09-04,CIEN,NEUTRAL,70,RANGE,48,56,0.096729,321.0,24.2257,380.0,310.0,,-1680193.36,UNKNOWN,HIGH,SCAN,VERIFIED
2026-09-04,CIFR,ACCELERATION,100,UP,73,84,0.151917,17.74,1.4635,20.0,15.0,14.85426652948446,1733866.84,POSITIVE_GAMMA,HIGH,SCAN,VERIFIED
2026-09-04,CINF,SUPPORTIVE,93,RANGE,65,65,0.031707,171.1,2.7029,190.0,170.0,123.8150314759228,1807571.62,POSITIVE_GAMMA,MEDIUM,SCAN,VERIFIED
2026-09-04,CL,BREAKOUT WATCH,69,VOLATILE,48,56,0.040554,88.77,1.5821,90.0,87.5,87.67397185363482,739451.36,NEAR_FLIP,HIGH,SCAN,VERIFIED
2026-09-04,CLF,NEUTRAL,73,RANGE,50,45,0.0676,12.5,0.685,13.0,12.0,,1369975.35,UNKNOWN,MEDIUM,SCAN,VERIFIED
2026-09-04,CLH,HEADWIND,32,DOWN,30,72,0.029959,317.1,6.3907,330.0,290.0,370.7836389762872,-3197651.57,NEGATIVE_GAMMA,MEDIUM,SCAN,VERIFIED
2026-09-04,CLMT,BREAKOUT WATCH,96,UP,69,71,0.05223,53.13,2.4157,55.0,50.0,38.6,1346571.8722776829,POSITIVE_GAMMA,MEDIUM,DETAIL,VERIFIED
2026-09-04,CLS,BREAKOUT WATCH,69,UP,70,80,0.093805,312.35,16.705,330.0,300.0,303.99915235918,1337345.79,NEAR_FLIP,HIGH,SCAN,VERIFIED
2026-09-04,CLSK,SUPPORTIVE,93,RANGE,64,64,0.124507,12.69,0.9536,15.0,11.0,10.709980890030458,805258.86,POSITIVE_GAMMA,MEDIUM,SCAN,VERIFIED
2026-09-04,CLX,HEADWIND,42,VOLATILE,38,61,0.047013,93.06,2.8507,100.0,90.0,103.0892164475625,-4261646.13,NEGATIVE_GAMMA,MEDIUM,SCAN,VERIFIED
2026-09-04,CM,ACCELERATION,99,RANGE,62,61,0.038511,117.5,2.9993,120.0,95.0,110.01243097738154,1804524.83,POSITIVE_GAMMA,MEDIUM,SCAN,VERIFIED
2026-09-04,CMC,ACCELERATION,99,RANGE,67,68,0.053358,70.28,2.6543,72.5,62.5,65.10996818024597,162126.69,POSITIVE_GAMMA,MEDIUM,SCAN,VERIFIED
2026-09-04,CMCSA,SUPPORTIVE,93,UP,70,80,0.045678,26.49,0.595,30.0,26.0,23.39411594116197,4952185.8,POSITIVE_GAMMA,HIGH,SCAN,VERIFIED
2026-09-04,CME,ACCELERATION,100,UP,68,77,0.036084,281.29,6.1536,290.0,270.0,264.6330510275371,4206359.71,POSITIVE_GAMMA,HIGH,SCAN,VERIFIED
2026-09-04,CMG,SUPPORTIVE,93,UP,70,80,0.048431,36.96,1.1843,40.0,35.0,35.30857916117018,5002829.52,POSITIVE_GAMMA,HIGH,SCAN,VERIFIED
2026-09-04,CMI,HEADWIND,42,VOLATILE,55,60,0.05136,560.75,15.7057,580.0,550.0,581.9492643223213,-1998913.34,NEGATIVE_GAMMA,HIGH,SCAN,VERIFIED
2026-09-04,CNC,SUPPORTIVE,93,UP,70,80,0.056832,67.04,1.7379,75.0,65.0,64.04690413770459,1179566.61,POSITIVE_GAMMA,HIGH,SCAN,VERIFIED
2026-09-04,CNI,NEUTRAL,66,VOLATILE,50,45,0.03222,123.37,2.3243,130.0,120.0,125.00300197684501,-97405.95,NEAR_FLIP,MEDIUM,SCAN,VERIFIED
2026-09-04,CNK,NEUTRAL,73,RANGE,60,58,0.052797,35.04,1.1429,36.0,35.0,,28882.37,UNKNOWN,MEDIUM,SCAN,VERIFIED
2026-09-04,CNM,NEUTRAL,61,VOLATILE,64,64,0.108303,44.32,1.2238,50.0,40.0,43.56975023003791,168660.86,NEAR_FLIP,MEDIUM,SCAN,VERIFIED
2026-09-04,CNP,NEUTRAL,73,RANGE,40,58,0.03088,39.67,0.7643,40.0,39.0,,1721407.01,UNKNOWN,MEDIUM,SCAN,VERIFIED
2026-09-04,CNQ,SUPPORTIVE,93,UP,70,80,0.042608,50.46,1.2086,52.5,50.0,44.37913233503147,6750137.75,POSITIVE_GAMMA,HIGH,SCAN,VERIFIED
2026-09-04,CNS,SUPPORTIVE,83,RANGE,50,45,0.053498,79.91,2.4879,90.0,60.0,64.8925721956663,239084.35,POSITIVE_GAMMA,MEDIUM,SCAN,VERIFIED
2026-09-04,CNX,HEADWIND,30,DOWN,30,72,0.04868,37.49,0.785,38.0,35.0,39.4048889278095,-21374.72,NEGATIVE_GAMMA,MEDIUM,SCAN,VERIFIED
2026-09-04,COF,SUPPORTIVE,93,RANGE,60,66,0.043716,219.6,4.915,230.0,210.0,205.61242974544072,19818271.19,POSITIVE_GAMMA,HIGH,SCAN,VERIFIED
2026-09-04,COGT,NEUTRAL,75,RANGE,60,58,0.111479,34.76,1.3636,40.0,34.0,,120074.52,UNKNOWN,MEDIUM,SCAN,VERIFIED
2026-09-04,COHR,HEADWIND,40,VOLATILE,55,60,0.107678,281.86,18.3971,300.0,270.0,312.4250392137214,-3500019.01,NEGATIVE_GAMMA,HIGH,SCAN,VERIFIED
2026-09-04,COIN,BREAKOUT WATCH,91,RANGE,45,60,0.099383,184.64,13.2521,200.0,160.0,154.26544331272143,12401936.6,POSITIVE_GAMMA,HIGH,SCAN,VERIFIED
2026-09-04,COKE,SUPPORTIVE,83,RANGE,51,46,0.046612,189.33,6.2486,200.0,175.0,177.4481642260297,350484.71,POSITIVE_GAMMA,MEDIUM,SCAN,VERIFIED
2026-09-04,COO,SUPPORTIVE,83,RANGE,58,56,0.083705,69.59,1.5107,80.0,65.0,51.88132708897269,209559.05,POSITIVE_GAMMA,MEDIUM,SCAN,VERIFIED
2026-09-04,COP,SUPPORTIVE,93,RANGE,64,72,0.043163,134.26,2.8671,140.0,130.0,114.60809771334746,13571866.76,POSITIVE_GAMMA,HIGH,SCAN,VERIFIED
2026-09-04,COR,ACCELERATION,100,RANGE,62,61,0.034748,330.95,6.6979,340.0,310.0,297.4553936754318,2915680.65,POSITIVE_GAMMA,MEDIUM,SCAN,VERIFIED
2026-09-04,CORT,HEADWIND,42,VOLATILE,50,45,0.061145,111.62,4.4279,120.0,110.0,116.67738971566843,-102511.25,NEGATIVE_GAMMA,MEDIUM,SCAN,VERIFIED
2026-09-04,CORZ,NEUTRAL,66,VOLATILE,60,58,0.107323,17.89,1.0721,21.0,16.0,18.031625588903726,-175676.78,NEAR_FLIP,MEDIUM,SCAN,VERIFIED
2026-09-04,COST,HEADWIND,42,VOLATILE,38,69,0.029757,915.74,18.0171,940.0,910.0,938.8747503620551,-70788685.97,NEGATIVE_GAMMA,HIGH,SCAN,VERIFIED
2026-09-04,CP,NEUTRAL,73,RANGE,40,58,0.045927,91.6,1.9671,92.5,87.5,,5415409.47,UNKNOWN,MEDIUM,SCAN,VERIFIED
2026-09-04,CPA,HEADWIND,30,VOLATILE,35,65,0.054229,132.31,3.3021,135.0,120.0,147.67286118854003,-307657.12,NEGATIVE_GAMMA,MEDIUM,SCAN,VERIFIED
2026-09-04,CPB,HEADWIND,40,VOLATILE,45,60,0.05145,21.38,0.8057,22.0,21.0,22.45949355352595,-971503.49,NEGATIVE_GAMMA,HIGH,SCAN,VERIFIED
2026-09-04,CPNG,NEUTRAL,66,VOLATILE,48,48,0.062786,15.29,0.5038,16.0,15.0,15.352077168597319,-33880.64,NEAR_FLIP,MEDIUM,SCAN,VERIFIED
2026-09-04,CPRT,BREAKOUT WATCH,91,RANGE,60,58,0.078588,33.72,1.165,35.0,32.5,31.56317246645234,372952.21,POSITIVE_GAMMA,MEDIUM,SCAN,VERIFIED
2026-09-04,CPT,HEADWIND,42,VOLATILE,50,45,0.028385,105.69,1.4579,115.0,105.0,107.83145091868894,-78607.73,NEGATIVE_GAMMA,MEDIUM,SCAN,VERIFIED
2026-09-04,CR,SUPPORTIVE,88,UP,70,72,0.050809,204.69,6.3664,220.0,200.0,159.5982128623273,-466464.54,POSITIVE_GAMMA,MEDIUM,SCAN,VERIFIED
2026-09-04,CRBG,HEADWIND,48,VOLATILE,42,56,0.044241,34.47,0.7536,35.0,29.0,41.402923170460646,-279963.82,NEGATIVE_GAMMA,MEDIUM,SCAN,VERIFIED
2026-09-04,CRCL,ACCELERATION,91,RANGE,52,56,0.121999,102.05,7.5094,105.0,90.0,,4509810.83,UNKNOWN,HIGH,SCAN,VERIFIED
2026-09-04,CRDO,BREAKOUT WATCH,64,VOLATILE,47,57,0.115495,170.57,17.9097,185.0,160.0,176.36788189249808,-607906.11,NEAR_FLIP,HIGH,SCAN,VERIFIED
2026-09-04,CRH,HEADWIND,42,VOLATILE,55,60,0.060736,94.26,2.595,105.0,90.0,101.43972611819366,-789705.97,NEGATIVE_GAMMA,HIGH,SCAN,VERIFIED
2026-09-04,CRI,BREAKOUT WATCH,91,RANGE,64,64,0.07377,33.55,1.335,35.0,32.5,28.203828672175725,458641.37,POSITIVE_GAMMA,MEDIUM,SCAN,VERIFIED
2026-09-04,CRL,BREAKOUT WATCH,81,RANGE,38,61,0.067071,288.5,9.7057,290.0,230.0,250.1874863506383,767898.14,POSITIVE_GAMMA,MEDIUM,SCAN,VERIFIED
2026-09-04,CRM,ACCELERATION,91,RANGE,52,56,0.059792,259.23,11.4621,260.0,250.0,,26179714.8,UNKNOWN,HIGH,SCAN,VERIFIED
2026-09-04,CRML,BREAKOUT WATCH,91,RANGE,50,45,0.154533,7.28,0.7056,7.5,6.5,5.616613025161625,63548.48,POSITIVE_GAMMA,MEDIUM,SCAN,VERIFIED
2026-09-04,CROX,NEUTRAL,66,VOLATILE,60,58,0.071684,117.53,3.8079,135.0,115.0,118.04463030314812,-59553.2,NEAR_FLIP,MEDIUM,SCAN,VERIFIED
2026-09-04,CRS,HEADWIND,42,VOLATILE,44,53,0.066375,475.33,17.7079,520.0,440.0,528.7123927214255,-1455530.37,NEGATIVE_GAMMA,MEDIUM,SCAN,VERIFIED
2026-09-04,CRSP,NEUTRAL,71,UP,70,80,0.077523,55.79,3.0633,60.0,55.0,52.80473785897328,252281.99,NEAR_FLIP,HIGH,SCAN,VERIFIED
2026-09-04,CRUS,NEUTRAL,66,VOLATILE,50,45,0.054986,113.21,3.1214,120.0,110.0,116.00933160919492,-27644.69,NEAR_FLIP,MEDIUM,SCAN,VERIFIED
2026-09-04,CRVS,SUPPORTIVE,93,UP,70,72,0.120684,14.39,0.6772,16.0,14.0,12.748038845358735,38493.9,POSITIVE_GAMMA,MEDIUM,SCAN,VERIFIED
2026-09-04,CRWD,ACCELERATION,100,RANGE,62,69,0.075199,213.1,13.9846,230.0,187.5,193.75956644579873,17469603.48,POSITIVE_GAMMA,HIGH,SCAN,VERIFIED
2026-09-04,CRWV,NEUTRAL,61,UP,75,87,0.111907,89.36,5.0343,110.0,75.0,84.9511287506879,6096988.95,NEAR_FLIP,HIGH,SCAN,VERIFIED
2026-09-04,CSCO,SUPPORTIVE,93,RANGE,64,72,0.042857,109.2,2.045,115.0,105.0,92.4263483994775,6563836.38,POSITIVE_GAMMA,HIGH,SCAN,VERIFIED
2026-09-04,CSIQ,HEADWIND,42,VOLATILE,45,52,0.1059,13.22,0.835,16.0,13.0,14.79444968582499,-81808.58,NEGATIVE_GAMMA,MEDIUM,SCAN,VERIFIED
2026-09-04,CSL,NEUTRAL,71,UP,75,79,0.055944,352.14,11.0557,380.0,350.0,342.26549654168184,63911.94,NEAR_FLIP,MEDIUM,SCAN,VERIFIED
2026-09-04,CSTM,BREAKOUT WATCH,91,UP,75,79,0.065402,27.14,1.1043,28.0,27.0,23.61456885907576,175832.48,POSITIVE_GAMMA,MEDIUM,SCAN,VERIFIED
2026-09-04,CSX,SUPPORTIVE,93,RANGE,58,64,0.079086,49.41,1.045,52.5,47.5,46.448724702570075,5986723.14,POSITIVE_GAMMA,HIGH,SCAN,VERIFIED
2026-09-04,CTAS,NEUTRAL,71,VOLATILE,48,56,0.035791,200.47,3.325,220.0,195.0,200.4282731122725,7321.39,NEAR_FLIP,HIGH,SCAN,VERIFIED
2026-09-04,CTSH,SUPPORTIVE,83,RANGE,45,52,0.064596,62.31,2.0614,65.0,57.5,46.25691430977627,257258.41,POSITIVE_GAMMA,MEDIUM,SCAN,VERIFIED
2026-09-04,CTVA,BREAKOUT WATCH,91,RANGE,56,53,0.045242,87.86,2.4343,90.0,85.0,70.54990492705703,4577507.57,POSITIVE_GAMMA,MEDIUM,SCAN,VERIFIED
2026-09-04,CVE,NEUTRAL,75,RANGE,60,58,0.049428,32.37,0.92,35.0,32.0,,1547122.98,UNKNOWN,MEDIUM,SCAN,VERIFIED
2026-09-04,CVNA,SUPPORTIVE,93,UP,70,80,0.083858,74.59,3.4849,80.0,72.0,70.90653181268948,3152544.25,POSITIVE_GAMMA,HIGH,SCAN,VERIFIED
2026-09-04,CVS,SUPPORTIVE,93,UP,70,80,0.03835,96.74,1.8007,100.0,95.0,94.55467487677944,2389834.8,POSITIVE_GAMMA,HIGH,SCAN,VERIFIED
2026-09-04,CVX,BREAKOUT WATCH,81,RANGE,50,53,0.037392,208.6,3.6521,210.0,200.0,192.56738604279585,36904502.78,POSITIVE_GAMMA,HIGH,SCAN,VERIFIED
2026-09-04,CW,HEADWIND,42,VOLATILE,38,61,0.070754,566.75,20.7543,670.0,540.0,611.3723390912513,-209596.52,NEGATIVE_GAMMA,MEDIUM,SCAN,VERIFIED
2026-09-04,CWST,HEADWIND,42,VOLATILE,45,52,0.1247,93.53,2.6707,100.0,90.0,101.89012318994827,-48288.44,NEGATIVE_GAMMA,MEDIUM,SCAN,VERIFIED
2026-09-04,CXW,NEUTRAL,73,RANGE,45,52,0.062662,34.71,1.2686,35.0,33.0,,1809765.76,UNKNOWN,MEDIUM,SCAN,VERIFIED
2026-09-04,CYTK,NEUTRAL,71,VOLATILE,60,58,0.072539,72.72,2.4636,80.0,70.0,72.44760051306748,16549.59,NEAR_FLIP,MEDIUM,SCAN,VERIFIED
2026-09-04,CZR,SUPPORTIVE,83,RANGE,50,45,0.015015,29.68,0.0982,30.0,29.0,24.715913312943734,38240839.51,POSITIVE_GAMMA,MEDIUM,SCAN,VERIFIED
2026-09-04,D,NEUTRAL,61,VOLATILE,54,50,0.029997,65.84,1.0857,70.0,62.5,65.61662430823633,244398.73,NEAR_FLIP,MEDIUM,SCAN,VERIFIED
2026-09-04,DAC,SUPPORTIVE,83,RANGE,50,45,0.022221,155.26,3.0193,160.0,140.0,129.01221825728672,825277.65,POSITIVE_GAMMA,MEDIUM,SCAN,VERIFIED
2026-09-04,DAL,HEADWIND,30,DOWN,18,95,0.051266,80.17,2.2386,82.5,75.0,83.76556969693338,-5093379.77,NEGATIVE_GAMMA,HIGH,SCAN,VERIFIED
2026-09-04,DAR,BREAKOUT WATCH,91,RANGE,50,45,0.065961,65.19,3.2964,67.5,60.0,46.19095606800487,1103894.56,POSITIVE_GAMMA,MEDIUM,SCAN,VERIFIED
2026-09-04,DASH,BREAKOUT WATCH,91,RANGE,65,73,0.061163,211.73,7.9551,220.0,210.0,161.97972486253545,7877812.56,POSITIVE_GAMMA,HIGH,SCAN,VERIFIED
2026-09-04,DB,ACCELERATION,100,RANGE,62,61,0.042947,41.33,0.6743,42.0,40.0,34.61202594790244,934963.32,POSITIVE_GAMMA,MEDIUM,SCAN,VERIFIED
2026-09-04,DBX,HEADWIND,42,DOWN,13,95,0.05168,34.83,0.9744,36.0,33.0,37.29684908772512,-100642.75,NEGATIVE_GAMMA,HIGH,SCAN,VERIFIED
2026-09-04,DCI,SUPPORTIVE,88,UP,70,72,0.071125,91.03,2.3321,100.0,90.0,71.3737522381938,-239238.7,POSITIVE_GAMMA,MEDIUM,SCAN,VERIFIED
2026-09-04,DCO,NEUTRAL,75,RANGE,60,58,0.079016,168.32,7.0436,180.0,165.0,,124106.33,UNKNOWN,MEDIUM,SCAN,VERIFIED
2026-09-04,DD,SUPPORTIVE,93,RANGE,58,56,0.046356,131.59,3.0086,140.0,130.0,109.90007882413305,366568.5,POSITIVE_GAMMA,MEDIUM,SCAN,VERIFIED
2026-09-04,DDOG,BREAKOUT WATCH,64,VOLATILE,38,69,0.086061,212.93,11.7889,220.0,210.0,222.86188849499598,-1258936.41,NEAR_FLIP,HIGH,SCAN,VERIFIED
2026-09-04,DE,ACCELERATION,100,UP,88,95,0.042608,693.53,23.325,700.0,690.0,626.3397484012762,19208056.98,POSITIVE_GAMMA,HIGH,SCAN,VERIFIED
2026-09-04,DECK,HEADWIND,42,VOLATILE,38,69,0.052733,85.81,2.4857,95.0,85.0,94.74829066813408,-806126.18,NEGATIVE_GAMMA,HIGH,SCAN,VERIFIED
2026-09-04,DELL,ACCELERATION,100,UP,100,95,0.092151,524.14,29.9779,600.0,460.0,422.51,31072012.731249686,POSITIVE_GAMMA,HIGH,DETAIL,VERIFIED
2026-09-04,DG,ACCELERATION,79,VOLATILE,62,69,0.044216,133.21,4.1636,140.0,120.0,129.6532861661141,1496195.54,NEAR_FLIP,HIGH,SCAN,VERIFIED
2026-09-04,DGX,BREAKOUT WATCH,91,RANGE,38,61,0.037741,237.14,4.9257,240.0,230.0,228.33503902864823,608873.44,POSITIVE_GAMMA,MEDIUM,SCAN,VERIFIED
2026-09-04,DHI,HEADWIND,42,DOWN,28,83,0.054641,142.75,3.7686,150.0,135.0,150.86348168035462,-1657198.06,NEGATIVE_GAMMA,HIGH,SCAN,VERIFIED
2026-09-04,DHR,BREAKOUT WATCH,91,RANGE,50,53,0.041655,207.66,6.5479,210.0,200.0,188.6936577322121,6773161.91,POSITIVE_GAMMA,HIGH,SCAN,VERIFIED
2026-09-04,DHT,BREAKOUT WATCH,81,RANGE,55,52,0.064686,20.87,0.6821,21.0,19.0,16.423071121469,2335648.07,POSITIVE_GAMMA,MEDIUM,SCAN,VERIFIED
2026-09-04,DINO,ACCELERATION,83,RANGE,52,48,0.074471,105.41,3.7986,110.0,92.5,,7615125.16,UNKNOWN,MEDIUM,SCAN,VERIFIED
2026-09-04,DIOD,SUPPORTIVE,83,RANGE,55,52,0.095054,91.79,4.7814,100.0,80.0,78.6237197881843,215518.92,POSITIVE_GAMMA,MEDIUM,SCAN,VERIFIED
2026-09-04,DIS,NEUTRAL,66,VOLATILE,50,53,0.03352,105.31,2.2714,110.0,105.0,106.11976405798832,-2797990.49,NEAR_FLIP,HIGH,SCAN,VERIFIED
2026-09-04,DJT,SUPPORTIVE,93,RANGE,55,52,0.092018,9.02,0.4864,10.0,8.0,8.2502992268231,223241.29,POSITIVE_GAMMA,MEDIUM,SCAN,VERIFIED
2026-09-04,DKNG,BREAKOUT WATCH,91,RANGE,38,69,0.076426,24.01,1.2003,25.0,22.5,22.545931173228265,760825.03,POSITIVE_GAMMA,HIGH,SCAN,VERIFIED
2026-09-04,DKS,BREAKOUT WATCH,91,RANGE,38,69,0.060187,139.15,10.275,145.0,130.0,128.30514023913474,10469924.09,POSITIVE_GAMMA,HIGH,SCAN,VERIFIED
2026-09-04,DLO,SUPPORTIVE,93,UP,70,72,0.061211,15.52,0.5083,17.0,15.0,12.584766925308713,226036.22,POSITIVE_GAMMA,MEDIUM,SCAN,VERIFIED
2026-09-04,DLR,HEADWIND,42,VOLATILE,50,53,0.048171,188.39,5.3986,195.0,185.0,197.33137626020542,-2401183.45,NEGATIVE_GAMMA,HIGH,SCAN,VERIFIED
2026-09-04,DLTR,SUPPORTIVE,93,RANGE,64,72,0.05452,131.42,5.2557,145.0,120.0,125.6849085191501,3065247.31,POSITIVE_GAMMA,HIGH,SCAN,VERIFIED
2026-09-04,DOCN,NEUTRAL,71,UP,75,87,0.101805,112.47,7.3959,140.0,105.0,107.10868676419557,420848.17,NEAR_FLIP,HIGH,SCAN,VERIFIED
2026-09-04,DOCU,NEUTRAL,63,RANGE,45,60,0.068192,68.41,2.6146,70.0,60.0,,2045196.33,UNKNOWN,HIGH,SCAN,VERIFIED
2026-09-04,DOV,SUPPORTIVE,93,RANGE,58,56,0.035514,192.88,3.9671,200.0,190.0,181.85824914312386,821096.97,POSITIVE_GAMMA,MEDIUM,SCAN,VERIFIED
2026-09-04,DOW,BREAKOUT WATCH,64,DOWN,13,95,0.055876,29.44,1.0492,30.0,27.5,29.93759998070513,-666696.39,NEAR_FLIP,HIGH,SCAN,VERIFIED
2026-09-04,DPZ,BREAKOUT WATCH,91,RANGE,50,53,0.047936,341.08,11.325,350.0,320.0,327.5115991527538,1822369.35,POSITIVE_GAMMA,HIGH,SCAN,VERIFIED
2026-09-04,DRI,NEUTRAL,71,UP,70,72,0.040921,216.88,5.785,230.0,210.0,211.2072704992949,393090.45,NEAR_FLIP,MEDIUM,SCAN,VERIFIED
2026-09-04,DRS,NEUTRAL,71,VOLATILE,58,56,0.047814,36.6,1.3136,39.0,36.0,35.97094233177788,2226.59,NEAR_FLIP,MEDIUM,SCAN,VERIFIED
2026-09-04,DSGX,HEADWIND,30,DOWN,25,79,0.081708,78.94,2.5343,80.0,70.0,83.21647298546854,-12508.6,NEGATIVE_GAMMA,MEDIUM,SCAN,VERIFIED
2026-09-04,DT,SUPPORTIVE,83,RANGE,56,53,0.06262,51.9,1.7571,55.0,47.5,48.959677929803746,598437.65,POSITIVE_GAMMA,MEDIUM,SCAN,VERIFIED
2026-09-04,DTE,SUPPORTIVE,93,UP,70,72,0.031415,136.08,2.0471,155.0,135.0,104.37412255049871,592804.88,POSITIVE_GAMMA,MEDIUM,SCAN,VERIFIED
2026-09-04,DTM,BREAKOUT WATCH,81,RANGE,50,45,0.029918,129.52,3.7561,130.0,120.0,117.97645804971823,359120.15,POSITIVE_GAMMA,MEDIUM,SCAN,VERIFIED
2026-09-04,DUK,SUPPORTIVE,93,UP,70,72,0.024954,120.22,1.7743,125.0,120.0,118.24879373064076,2406139.29,POSITIVE_GAMMA,MEDIUM,SCAN,VERIFIED
2026-09-04,DUOL,BREAKOUT WATCH,81,RANGE,45,60,0.092257,154.46,7.4168,155.0,110.0,136.28681829883917,1379628.01,POSITIVE_GAMMA,HIGH,SCAN,VERIFIED
2026-09-04,DVA,BREAKOUT WATCH,91,RANGE,50,45,0.043481,183.99,4.2586,185.0,180.0,166.73773463965966,5453199.62,POSITIVE_GAMMA,MEDIUM,SCAN,VERIFIED
2026-09-04,DVN,SUPPORTIVE,93,UP,70,80,0.048689,48.06,1.1514,50.0,47.5,40.87690159370342,20396410.87,POSITIVE_GAMMA,HIGH,SCAN,VERIFIED
2026-09-04,DXCM,BREAKOUT WATCH,81,RANGE,45,60,0.063993,87.9,2.3421,90.0,80.0,83.34154241409189,692664.95,POSITIVE_GAMMA,HIGH,SCAN,VERIFIED
2026-09-04,DY,BREAKOUT WATCH,64,DOWN,28,75,0.068448,300.23,18.2136,310.0,290.0,306.7977739083187,-213812.14,NEAR_FLIP,MEDIUM,SCAN,VERIFIED
2026-09-04,EAT,BREAKOUT WATCH,69,UP,70,72,0.073408,230.22,8.8693,240.0,230.0,223.7585624372683,170976.27,NEAR_FLIP,MEDIUM,SCAN,VERIFIED
2026-09-04,EBAY,NEUTRAL,71,VOLATILE,33,76,0.04574,103.41,3.0679,110.0,97.5,102.41596755783806,215462.68,NEAR_FLIP,HIGH,SCAN,VERIFIED
2026-09-04,ECHO,NEUTRAL,71,VOLATILE,60,66,0.059577,89.8,2.4421,100.0,85.0,89.55578584104413,143718.55,NEAR_FLIP,HIGH,SCAN,VERIFIED
2026-09-04,ECL,HEADWIND,40,DOWN,30,72,0.033479,279.28,5.8114,280.0,270.0,289.1828258205366,-2373829.61,NEGATIVE_GAMMA,MEDIUM,SCAN,VERIFIED
2026-09-04,ECO,DATA LOW,0,UNKNOWN,50,0,0.067199,71.43,2.1454,75.0,65.0,62.59,199281.7192743659,POSITIVE_GAMMA,LOW,DETAIL,VERIFIED
2026-09-04,ECPG,NEUTRAL,73,RANGE,54,50,0.123601,97.3,3.6214,100.0,95.0,,59489.47,UNKNOWN,MEDIUM,SCAN,VERIFIED
2026-09-04,ED,SUPPORTIVE,93,RANGE,64,64,0.03635,107.29,1.6114,110.0,105.0,83.10311698836529,933490.4,POSITIVE_GAMMA,MEDIUM,SCAN,VERIFIED
2026-09-04,EFX,HEADWIND,42,VOLATILE,45,52,0.060717,177.05,7.1614,200.0,165.0,186.76131328230483,-686126.31,NEGATIVE_GAMMA,MEDIUM,SCAN,VERIFIED
2026-09-04,EG,ACCELERATION,100,UP,82,88,0.031244,380.87,7.1493,400.0,370.0,298.74332221640674,2770605.88,POSITIVE_GAMMA,MEDIUM,SCAN,VERIFIED
2026-09-04,EGO,BREAKOUT WATCH,91,RANGE,50,45,0.074384,43.02,2.1514,45.0,40.0,36.14232744018914,41448.09,POSITIVE_GAMMA,MEDIUM,SCAN,VERIFIED
2026-09-04,EL,BREAKOUT WATCH,91,RANGE,55,60,0.049105,103.86,4.2321,105.0,100.0,95.96104230589378,2587538.25,POSITIVE_GAMMA,HIGH,SCAN,VERIFIED
2026-09-04,ELAN,BREAKOUT WATCH,91,RANGE,60,58,0.063265,24.5,0.7629,25.0,24.0,23.375255953027025,14118.16,POSITIVE_GAMMA,MEDIUM,SCAN,VERIFIED
2026-09-04,ELF,SUPPORTIVE,83,RANGE,55,60,0.072034,109.67,4.3149,115.0,100.0,76.86035307793726,1365721.98,POSITIVE_GAMMA,HIGH,SCAN,VERIFIED
2026-09-04,ELV,SUPPORTIVE,83,RANGE,50,53,0.040491,407.5,8.6879,420.0,360.0,379.9216657947172,7281593.93,POSITIVE_GAMMA,HIGH,SCAN,VERIFIED
2026-09-04,EME,HEADWIND,42,VOLATILE,50,45,0.052111,754.16,25.5621,800.0,750.0,827.7826996402484,-918678.75,NEGATIVE_GAMMA,MEDIUM,SCAN,VERIFIED
2026-09-04,EMN,SUPPORTIVE,93,UP,70,72,0.048462,71.19,1.8536,75.0,70.0,65.68795871819232,2075823.31,POSITIVE_GAMMA,MEDIUM,SCAN,VERIFIED
2026-09-04,EMR,BREAKOUT WATCH,81,RANGE,38,69,0.049568,152.82,3.6343,155.0,130.0,137.9171556201293,8642284.05,POSITIVE_GAMMA,HIGH,SCAN,VERIFIED
2026-09-04,ENB,NEUTRAL,71,UP,70,72,0.028449,50.09,0.9486,52.5,50.0,49.35380752348047,257125.24,NEAR_FLIP,MEDIUM,SCAN,VERIFIED
2026-09-04,ENS,NEUTRAL,66,VOLATILE,50,45,0.061569,181.91,6.1029,200.0,175.0,186.10406994703527,-65634.03,NEAR_FLIP,MEDIUM,SCAN,VERIFIED
2026-09-04,ENSG,BREAKOUT WATCH,91,RANGE,58,56,0.04084,170.79,4.07,175.0,170.0,141.11857479980495,222280.39,POSITIVE_GAMMA,MEDIUM,SCAN,VERIFIED
2026-09-04,ENTG,BREAKOUT WATCH,81,RANGE,55,52,0.094061,138.74,7.1336,145.0,105.0,126.09163116918579,2265807.87,POSITIVE_GAMMA,MEDIUM,SCAN,VERIFIED
2026-09-04,ENVA,BREAKOUT WATCH,91,RANGE,60,58,0.061584,230.58,8.8832,240.0,220.0,170.9505209435954,18696.35,POSITIVE_GAMMA,MEDIUM,SCAN,VERIFIED
2026-09-04,EOG,SUPPORTIVE,83,RANGE,60,66,0.045802,145.19,3.1993,160.0,130.0,108.2918826868385,10188687.94,POSITIVE_GAMMA,HIGH,SCAN,VERIFIED
2026-09-04,EPAM,BREAKOUT WATCH,91,RANGE,45,52,0.071343,117.04,4.83,120.0,110.0,107.79260383394578,105548.34,POSITIVE_GAMMA,MEDIUM,SCAN,VERIFIED
2026-09-04,EPD,SUPPORTIVE,83,RANGE,50,53,0.023369,38.94,0.5364,40.0,37.0,35.9537907556361,13913812.17,POSITIVE_GAMMA,HIGH,SCAN,VERIFIED
2026-09-04,EQH,ACCELERATION,100,UP,76,80,0.037292,52.96,1.1974,60.0,47.5,49.33594163854847,47012.73,POSITIVE_GAMMA,MEDIUM,SCAN,VERIFIED
2026-09-04,EQIX,BREAKOUT WATCH,54,VOLATILE,40,66,0.043582,1035.98,32.6536,1060.0,800.0,1041.0139689720977,-536955.85,NEAR_FLIP,HIGH,SCAN,VERIFIED
2026-09-04,EQT,NEUTRAL,56,VOLATILE,50,53,0.042868,55.17,1.3479,60.0,50.0,55.292196681615216,-189893.66,NEAR_FLIP,HIGH,SCAN,VERIFIED
2026-09-04,ERIE,BREAKOUT WATCH,91,RANGE,65,65,0.0536,252.8,8.5707,260.0,250.0,196.3172156743362,1005706.73,POSITIVE_GAMMA,MEDIUM,SCAN,VERIFIED
2026-09-04,ESI,NEUTRAL,73,RANGE,45,52,0.068037,36.01,1.435,37.0,34.0,,865510.96,UNKNOWN,MEDIUM,SCAN,VERIFIED
2026-09-04,ESLT,HEADWIND,32,DOWN,30,72,0.048132,703.28,17.165,740.0,640.0,737.834893165329,-371148.07,NEGATIVE_GAMMA,MEDIUM,SCAN,VERIFIED
2026-09-04,ESS,HEADWIND,42,DOWN,32,69,0.048581,278.61,4.765,290.0,270.0,284.03284540387244,-269715.24,NEGATIVE_GAMMA,MEDIUM,SCAN,VERIFIED
2026-09-04,ESTC,SUPPORTIVE,93,RANGE,59,57,0.078695,91.81,5.7443,100.0,85.0,82.9985725963358,1618533.55,POSITIVE_GAMMA,MEDIUM,SCAN,VERIFIED
2026-09-04,ET,SUPPORTIVE,93,RANGE,60,58,0.028837,21.5,0.3329,22.0,21.0,18.148977367383733,10875784.87,POSITIVE_GAMMA,MEDIUM,SCAN,VERIFIED
2026-09-04,ETN,SUPPORTIVE,93,UP,69,79,0.056225,410.85,13.4936,440.0,390.0,396.5991991279553,6300810.37,POSITIVE_GAMMA,HIGH,SCAN,VERIFIED
2026-09-04,ETON,DATA LOW,0,UNKNOWN,50,0,0.103935,58.45,3.075,60.0,55.0,,57842.2712680353,UNKNOWN,LOW,DETAIL,VERIFIED
2026-09-04,ETR,SUPPORTIVE,83,UP,70,72,0.068065,107.27,1.9114,125.0,100.0,93.2263190779502,1424697.96,POSITIVE_GAMMA,MEDIUM,SCAN,VERIFIED
2026-09-04,ETSY,NEUTRAL,71,VOLATILE,53,57,0.062541,76.51,3.37,85.0,75.0,75.2925733563797,356954.63,NEAR_FLIP,HIGH,SCAN,VERIFIED
2026-09-04,EVR,BREAKOUT WATCH,91,RANGE,50,45,0.054041,297.92,8.57,300.0,280.0,250.39915338967828,2302125.34,POSITIVE_GAMMA,MEDIUM,SCAN,VERIFIED
2026-09-04,EVRG,SUPPORTIVE,93,UP,70,72,0.064503,81.54,1.3393,87.5,80.0,76.65229605345499,543111.47,POSITIVE_GAMMA,MEDIUM,SCAN,VERIFIED
2026-09-04,EW,SUPPORTIVE,83,RANGE,50,45,0.035039,89.9,1.8671,92.5,82.5,81.89946061803543,2319353.76,POSITIVE_GAMMA,MEDIUM,SCAN,VERIFIED
2026-09-04,EWBC,SUPPORTIVE,83,RANGE,56,53,0.038044,130.77,2.4843,135.0,125.0,128.2003284223209,49680.83,POSITIVE_GAMMA,MEDIUM,SCAN,VERIFIED
2026-09-04,EXC,SUPPORTIVE,93,UP,70,72,0.028071,43.64,0.8343,46.0,42.0,40.987006275446205,1507195.87,POSITIVE_GAMMA,MEDIUM,SCAN,VERIFIED
2026-09-04,EXE,BREAKOUT WATCH,81,RANGE,50,45,0.044939,97.91,2.1773,100.0,85.0,93.74360912011788,6907508.5,POSITIVE_GAMMA,MEDIUM,SCAN,VERIFIED
2026-09-04,EXPD,BREAKOUT WATCH,91,RANGE,50,45,0.029926,188.8,3.3307,190.0,185.0,152.48986042808014,1616264.45,POSITIVE_GAMMA,MEDIUM,SCAN,VERIFIED
2026-09-04,EXPE,BREAKOUT WATCH,86,RANGE,38,69,0.064589,298.04,11.6421,300.0,280.0,284.47254501623695,-1493224.98,POSITIVE_GAMMA,HIGH,SCAN,VERIFIED
2026-09-04,EXR,SUPPORTIVE,83,RANGE,44,53,0.036445,139.25,2.3786,160.0,115.0,135.93019039418394,184691.4,POSITIVE_GAMMA,MEDIUM,SCAN,VERIFIED
2026-09-04,EXTR,SUPPORTIVE,83,RANGE,56,53,0.077189,21.7,0.7643,23.0,20.0,18.302346615208556,57088.99,POSITIVE_GAMMA,MEDIUM,SCAN,VERIFIED
2026-09-04,EZPW,BREAKOUT WATCH,91,RANGE,50,45,0.081783,33.32,1.5807,35.0,30.0,28.832335747991745,365063.16,POSITIVE_GAMMA,MEDIUM,SCAN,VERIFIED
2026-09-04,F,ACCELERATION,100,RANGE,62,61,0.047538,14.62,0.3893,15.0,14.0,13.814334096494239,5211974.9,POSITIVE_GAMMA,MEDIUM,SCAN,VERIFIED
2026-09-04,FANG,BREAKOUT WATCH,59,VOLATILE,50,45,0.051953,199.22,5.4579,200.0,180.0,195.27199141136725,1378575.46,NEAR_FLIP,MEDIUM,SCAN,VERIFIED
2026-09-04,FAST,BREAKOUT WATCH,91,RANGE,38,61,0.043347,49.6,1.0436,50.0,47.5,43.281722604678784,3187570.33,POSITIVE_GAMMA,MEDIUM,SCAN,VERIFIED
2026-09-04,FCEL,BREAKOUT WATCH,91,UP,70,72,0.138796,14.95,1.7371,17.0,14.0,10.881540309668717,88065.91,POSITIVE_GAMMA,MEDIUM,SCAN,VERIFIED
2026-09-04,FCFS,SUPPORTIVE,83,RANGE,50,45,0.057508,225.62,9.1179,240.0,200.0,159.48581232385138,510379.85,POSITIVE_GAMMA,MEDIUM,SCAN,VERIFIED
2026-09-04,FCN,HEADWIND,32,DOWN,30,72,0.101351,151.7,3.75,170.0,125.0,159.5399153658305,-76122.8,NEGATIVE_GAMMA,MEDIUM,SCAN,VERIFIED
2026-09-04,FCX,SUPPORTIVE,93,UP,70,80,0.06971,72.73,3.0786,80.0,70.0,64.32448337628854,11817778.85,POSITIVE_GAMMA,HIGH,SCAN,VERIFIED
2026-09-04,FDMT,BREAKOUT WATCH,91,RANGE,50,45,0.262501,14.97,1.0964,15.0,14.0,13.840307902591752,92.38,POSITIVE_GAMMA,MEDIUM,SCAN,VERIFIED
2026-09-04,FDS,ACCELERATION,100,UP,77,81,0.064413,301.96,11.4636,320.0,290.0,277.80132505272155,818282.1,POSITIVE_GAMMA,MEDIUM,SCAN,VERIFIED
2026-09-04,FDX,SUPPORTIVE,93,UP,70,80,0.040695,322.52,7.8329,340.0,320.0,295.30963519815316,19086648.61,POSITIVE_GAMMA,HIGH,SCAN,VERIFIED
2026-09-04,FDXF,HEADWIND,42,VOLATILE,40,58,0.070684,129.45,5.34,140.0,120.0,151.13666674454353,-1835066.8,NEGATIVE_GAMMA,MEDIUM,SCAN,VERIFIED
2026-09-04,FE,BREAKOUT WATCH,81,RANGE,50,45,0.032072,46.77,0.7736,47.0,45.0,38.75661251162856,2580813.24,POSITIVE_GAMMA,MEDIUM,SCAN,VERIFIED
2026-09-04,FERG,SUPPORTIVE,93,RANGE,57,54,0.041373,228.41,6.0193,240.0,220.0,218.32388211943584,322117.57,POSITIVE_GAMMA,MEDIUM,SCAN,VERIFIED
2026-09-04,FFIV,NEUTRAL,66,VOLATILE,60,58,0.052245,390.47,12.14,420.0,370.0,390.8984861729775,-17205.63,NEAR_FLIP,MEDIUM,SCAN,VERIFIED
2026-09-04,FHN,SUPPORTIVE,93,RANGE,60,58,0.033079,24.94,0.4557,26.0,24.0,19.219331420491184,257058.36,POSITIVE_GAMMA,MEDIUM,SCAN,VERIFIED
2026-09-04,FICO,NEUTRAL,70,RANGE,43,54,0.088816,932.26,56.0143,1100.0,900.0,,-3035797.28,UNKNOWN,MEDIUM,SCAN,VERIFIED
2026-09-04,FIG,BREAKOUT WATCH,91,RANGE,33,76,0.100332,24.12,1.6693,25.0,22.5,21.855105870477775,663671.16,POSITIVE_GAMMA,HIGH,SCAN,VERIFIED
2026-09-04,FIGR,BREAKOUT WATCH,91,UP,70,80,0.115406,35.96,2.6297,37.5,35.0,29.69548857196553,446740.37,POSITIVE_GAMMA,HIGH,SCAN,VERIFIED
2026-09-04,FIS,BREAKOUT WATCH,91,RANGE,50,53,0.062067,41.89,1.1514,42.5,40.0,40.58114030733604,136506.19,POSITIVE_GAMMA,HIGH,SCAN,VERIFIED
2026-09-04,FISV,NEUTRAL,66,VOLATILE,40,66,0.051415,53.0,1.4471,55.0,50.0,53.41029068144687,-3883066.94,NEAR_FLIP,HIGH,SCAN,VERIFIED
2026-09-04,FITB,BREAKOUT WATCH,81,RANGE,50,45,0.036905,54.87,1.0657,55.0,50.0,39.42688447863879,145261.11,POSITIVE_GAMMA,MEDIUM,SCAN,VERIFIED
2026-09-04,FIVE,BREAKOUT WATCH,91,UP,75,79,0.054718,252.2,11.1829,260.0,250.0,228.1942920928772,1702788.42,POSITIVE_GAMMA,MEDIUM,SCAN,VERIFIED
2026-09-04,FIVN,BREAKOUT WATCH,64,VOLATILE,55,52,0.084911,33.27,1.5394,35.0,32.5,33.30793438186507,-1414.64,NEAR_FLIP,MEDIUM,SCAN,VERIFIED
2026-09-04,FIX,HEADWIND,40,DOWN,30,72,0.082157,1610.34,76.6707,1670.0,1520.0,1710.9612060197574,-4063143.31,NEGATIVE_GAMMA,MEDIUM,SCAN,VERIFIED
2026-09-04,FLEX,HEADWIND,40,VOLATILE,44,53,0.08949,109.51,5.0143,115.0,105.0,128.14369959755442,-2637359.82,NEGATIVE_GAMMA,MEDIUM,SCAN,VERIFIED
2026-09-04,FLNG,SUPPORTIVE,93,UP,70,72,0.04205,31.51,0.909,33.0,31.0,29.455511390076424,294187.9,POSITIVE_GAMMA,MEDIUM,SCAN,VERIFIED
2026-09-04,FLR,SUPPORTIVE,93,RANGE,65,65,0.068554,56.16,1.9979,60.0,55.0,48.040705533010694,4311040.37,POSITIVE_GAMMA,MEDIUM,SCAN,VERIFIED
2026-09-04,FLUT,HEADWIND,42,VOLATILE,45,52,0.071671,100.11,4.4721,115.0,100.0,117.3530271579566,-7592154.74,NEGATIVE_GAMMA,MEDIUM,SCAN,VERIFIED
2026-09-04,FLY,NEUTRAL,66,VOLATILE,49,54,0.10383,21.67,1.253,25.0,19.0,22.53401873609317,-92176.52,NEAR_FLIP,HIGH,SCAN,VERIFIED
2026-09-04,FN,BREAKOUT WATCH,64,VOLATILE,45,60,0.087138,407.4,28.1479,420.0,380.0,415.8004810626537,-213342.45,NEAR_FLIP,HIGH,SCAN,VERIFIED
2026-09-04,FND,HEADWIND,42,VOLATILE,50,45,0.080131,50.23,1.9301,55.0,50.0,63.10094247357776,-202642.62,NEGATIVE_GAMMA,MEDIUM,SCAN,VERIFIED
2026-09-04,FNV,SUPPORTIVE,93,UP,70,72,0.064242,266.18,9.01,280.0,260.0,250.57550222406323,588992.31,POSITIVE_GAMMA,MEDIUM,SCAN,VERIFIED
2026-09-04,FORM,NEUTRAL,61,VOLATILE,45,52,0.099134,103.9,7.435,120.0,75.0,103.23733126294688,25877.15,NEAR_FLIP,MEDIUM,SCAN,VERIFIED
2026-09-04,FPS,SUPPORTIVE,93,UP,75,79,0.185805,31.35,1.8171,35.0,30.0,22.665457519025342,532475.86,POSITIVE_GAMMA,MEDIUM,SCAN,VERIFIED
2026-09-04,FRHC,NEUTRAL,56,DOWN,30,72,0.060927,164.54,9.2261,180.0,125.0,167.81223671957193,-37641.51,NEAR_FLIP,MEDIUM,SCAN,VERIFIED
2026-09-04,FRO,BREAKOUT WATCH,86,UP,75,79,0.099198,46.12,1.6336,48.0,40.0,38.91,2426242.342828648,POSITIVE_GAMMA,MEDIUM,DETAIL,VERIFIED
2026-09-04,FROG,SUPPORTIVE,93,RANGE,65,65,0.10274,87.6,5.9848,100.0,87.5,64.30212236233315,708380.6,POSITIVE_GAMMA,MEDIUM,SCAN,VERIFIED
2026-09-04,FRPT,BREAKOUT WATCH,81,RANGE,50,45,0.077591,70.24,2.3781,72.5,65.0,60.35210752283263,220048.64,POSITIVE_GAMMA,MEDIUM,SCAN,VERIFIED
2026-09-04,FRT,SUPPORTIVE,83,RANGE,56,53,0.077843,117.09,1.4286,130.0,100.0,100.91366979496863,782161.37,POSITIVE_GAMMA,MEDIUM,SCAN,VERIFIED
2026-09-04,FSLR,HEADWIND,42,VOLATILE,38,69,0.066642,204.45,6.7457,220.0,195.0,214.88442853215716,-4916703.03,NEGATIVE_GAMMA,HIGH,SCAN,VERIFIED
2026-09-04,FSLY,NEUTRAL,75,RANGE,55,60,0.10442,20.59,1.7726,25.0,20.0,,216494.0,UNKNOWN,HIGH,SCAN,VERIFIED
2026-09-04,FSS,SUPPORTIVE,93,UP,70,72,0.053026,119.28,3.5329,135.0,115.0,114.67897515713277,24492.2,POSITIVE_GAMMA,MEDIUM,SCAN,VERIFIED
2026-09-04,FTAI,HEADWIND,42,VOLATILE,50,53,0.075912,196.28,10.0113,220.0,185.0,208.07126751164748,-624346.22,NEGATIVE_GAMMA,HIGH,SCAN,VERIFIED
2026-09-04,FTI,BREAKOUT WATCH,91,RANGE,50,45,0.049161,79.84,2.2343,80.0,75.0,65.34283634205603,544079.8,POSITIVE_GAMMA,MEDIUM,SCAN,VERIFIED
2026-09-04,FTK,BREAKOUT WATCH,81,RANGE,50,45,0.104078,23.54,1.5021,25.0,20.0,17.605962501038142,5310.87,POSITIVE_GAMMA,MEDIUM,SCAN,VERIFIED
2026-09-04,FTNT,ACCELERATION,82,VOLATILE,62,69,0.065903,156.29,7.0943,160.0,155.0,159.91167995030926,-1439695.29,NEAR_FLIP,HIGH,SCAN,VERIFIED
2026-09-04,FUBO,BREAKOUT WATCH,91,RANGE,45,52,0.110222,11.25,0.7594,12.0,10.0,9.232810236415688,30864.1,POSITIVE_GAMMA,MEDIUM,SCAN,VERIFIED
2026-09-04,FWONK,NEUTRAL,66,VOLATILE,50,45,0.044241,95.5,2.2507,100.0,95.0,97.44316765049788,-1027541.46,NEAR_FLIP,MEDIUM,SCAN,VERIFIED
2026-09-04,GAP,SUPPORTIVE,93,UP,70,80,0.051939,22.43,1.0171,24.0,22.0,19.927599854516185,1417176.91,POSITIVE_GAMMA,HIGH,SCAN,VERIFIED
2026-09-04,GBX,SUPPORTIVE,93,UP,70,72,0.047388,43.26,1.1886,45.0,42.5,37.97298106426717,183981.74,POSITIVE_GAMMA,MEDIUM,SCAN,VERIFIED
2026-09-04,GD,SUPPORTIVE,83,RANGE,44,61,0.029216,359.39,6.97,380.0,330.0,343.3402101807179,2854734.63,POSITIVE_GAMMA,HIGH,SCAN,VERIFIED
2026-09-04,GDDY,BREAKOUT WATCH,91,RANGE,45,52,0.06638,101.31,3.6721,105.0,95.0,97.31087826996196,157158.54,POSITIVE_GAMMA,MEDIUM,SCAN,VERIFIED
2026-09-04,GE,BREAKOUT WATCH,91,RANGE,38,69,0.041602,337.12,8.7093,340.0,330.0,326.18165786022684,7217498.48,POSITIVE_GAMMA,HIGH,SCAN,VERIFIED
2026-09-04,GEHC,BREAKOUT WATCH,81,RANGE,38,69,0.05228,68.86,1.5609,70.0,65.0,66.08414437970536,497419.42,POSITIVE_GAMMA,HIGH,SCAN,VERIFIED
2026-09-04,GEN,ACCELERATION,81,RANGE,47,49,0.109113,30.65,0.9107,31.0,28.0,,431147.11,UNKNOWN,MEDIUM,SCAN,VERIFIED
2026-09-04,GEO,NEUTRAL,65,RANGE,59,57,0.062166,31.77,1.1107,35.0,29.0,,6364725.55,UNKNOWN,MEDIUM,SCAN,VERIFIED
2026-09-04,GEV,HEADWIND,42,VOLATILE,44,61,0.066033,941.95,40.0961,1000.0,900.0,982.2605887707124,-9362701.79,NEGATIVE_GAMMA,HIGH,SCAN,VERIFIED
2026-09-04,GH,HEADWIND,40,VOLATILE,36,64,0.087665,161.41,8.1707,170.0,150.0,186.85416946155377,-2409938.37,NEGATIVE_GAMMA,MEDIUM,SCAN,VERIFIED
2026-09-04,GIL,SUPPORTIVE,93,UP,70,72,0.061798,53.4,1.5793,60.0,52.5,50.62867394661516,56951.35,POSITIVE_GAMMA,MEDIUM,SCAN,VERIFIED
2026-09-04,GILD,SUPPORTIVE,83,RANGE,62,69,0.038975,150.995,3.6957,160.0,140.0,127.64426410906208,13242027.99,POSITIVE_GAMMA,HIGH,SCAN,VERIFIED
2026-09-04,GIS,NEUTRAL,71,VOLATILE,65,65,0.045704,38.29,1.18,40.0,37.5,37.604910758721125,989573.02,NEAR_FLIP,MEDIUM,SCAN,VERIFIED
2026-09-04,GKOS,HEADWIND,42,VOLATILE,44,53,0.068744,177.47,5.9143,195.0,170.0,196.03316698441677,-671945.91,NEGATIVE_GAMMA,MEDIUM,SCAN,VERIFIED
2026-09-04,GL,NEUTRAL,73,RANGE,40,58,0.034286,174.27,3.5921,175.0,170.0,,434430.73,UNKNOWN,MEDIUM,SCAN,VERIFIED
2026-09-04,GLNG,SUPPORTIVE,93,RANGE,64,64,0.061876,52.12,1.3793,55.0,50.0,40.945531235317695,8813059.81,POSITIVE_GAMMA,MEDIUM,SCAN,VERIFIED
2026-09-04,GLW,HEADWIND,40,VOLATILE,49,54,0.086034,154.3,7.0436,160.0,150.0,163.71054028128006,-6008650.73,NEGATIVE_GAMMA,HIGH,SCAN,VERIFIED
2026-09-04,GLXY,ACCELERATION,100,RANGE,62,69,0.1109,26.33,1.81,30.0,20.0,22.316490340870477,787824.39,POSITIVE_GAMMA,HIGH,SCAN,VERIFIED
2026-09-04,GM,BREAKOUT WATCH,91,RANGE,56,61,0.046547,87.76,2.0614,90.0,85.0,80.41445580276131,12770363.63,POSITIVE_GAMMA,HIGH,SCAN,VERIFIED
2026-09-04,GME,SUPPORTIVE,83,RANGE,56,53,0.088987,19.16,0.4407,20.0,18.0,13.917444462277182,322274.27,POSITIVE_GAMMA,MEDIUM,SCAN,VERIFIED
2026-09-04,GMED,NEUTRAL,66,VOLATILE,38,61,0.044706,78.29,2.4,90.0,77.5,80.20045630003015,-73683.48,NEAR_FLIP,MEDIUM,SCAN,VERIFIED
2026-09-04,GNRC,HEADWIND,42,VOLATILE,43,62,0.069656,187.35,8.2257,200.0,185.0,201.01669428794983,-1049099.39,NEGATIVE_GAMMA,HIGH,SCAN,VERIFIED
2026-09-04,GO,NEUTRAL,75,RANGE,60,58,0.094911,12.38,0.5016,13.0,12.0,,100781.57,UNKNOWN,MEDIUM,SCAN,VERIFIED
2026-09-04,GOOGL,NEUTRAL,66,VOLATILE,42,64,0.041512,338.46,6.6007,350.0,330.0,338.4877183857687,-263709.68,NEAR_FLIP,HIGH,SCAN,VERIFIED
2026-09-04,GPC,BREAKOUT WATCH,81,RANGE,50,45,0.025529,138.08,2.9979,140.0,120.0,118.7879970211511,940433.85,POSITIVE_GAMMA,MEDIUM,SCAN,VERIFIED
2026-09-04,GPI,HEADWIND,40,VOLATILE,41,57,0.051536,300.76,9.8679,310.0,290.0,341.8802560600091,-139965.87,NEGATIVE_GAMMA,MEDIUM,SCAN,VERIFIED
2026-09-04,GPN,BREAKOUT WATCH,91,RANGE,60,58,0.058893,92.54,2.5479,95.0,90.0,77.19342443424914,4463718.02,POSITIVE_GAMMA,MEDIUM,SCAN,VERIFIED
2026-09-04,GPOR,SUPPORTIVE,93,UP,70,72,0.044175,179.4,4.0689,190.0,175.0,157.13177242456985,20623.49,POSITIVE_GAMMA,MEDIUM,SCAN,VERIFIED
2026-09-04,GPRE,NEUTRAL,73,RANGE,59,57,0.085761,15.45,0.8143,16.0,15.0,,347444.08,UNKNOWN,MEDIUM,SCAN,VERIFIED
2026-09-04,GRAL,SUPPORTIVE,93,UP,70,72,0.117625,80.34,5.0533,90.0,80.0,63.36814517055881,188110.9,POSITIVE_GAMMA,MEDIUM,SCAN,VERIFIED
2026-09-04,GRMN,NEUTRAL,66,VOLATILE,38,61,0.040068,277.03,6.8029,310.0,270.0,280.77119616101993,-60474.11,NEAR_FLIP,MEDIUM,SCAN,VERIFIED
2026-09-04,GRPN,SUPPORTIVE,93,RANGE,64,64,0.099364,18.87,0.8564,20.0,18.0,14.195268552974891,381178.42,POSITIVE_GAMMA,MEDIUM,SCAN,VERIFIED
2026-09-04,GRRR,BREAKOUT WATCH,91,RANGE,60,58,0.14322,13.79,1.1344,15.0,12.5,10.790831108754812,18690.95,POSITIVE_GAMMA,MEDIUM,SCAN,VERIFIED
2026-09-04,GS,NEUTRAL,71,VOLATILE,60,66,0.048093,1038.61,24.8829,1100.0,1000.0,1034.7006811176159,3957785.13,NEAR_FLIP,HIGH,SCAN,VERIFIED
2026-09-04,GSAT,NEUTRAL,60,RANGE,50,45,0.09202,82.34,0.675,85.0,80.0,,-1438510.45,UNKNOWN,MEDIUM,SCAN,VERIFIED
2026-09-04,GSL,BREAKOUT WATCH,81,RANGE,50,45,0.033944,46.4,0.9757,47.0,44.0,40.82912674805497,498467.85,POSITIVE_GAMMA,MEDIUM,SCAN,VERIFIED
2026-09-04,GTES,HEADWIND,32,VOLATILE,55,52,0.05106,25.95,0.8057,30.0,24.0,32.30039455711052,-54556.45,NEGATIVE_GAMMA,MEDIUM,SCAN,VERIFIED
2026-09-04,GTLB,NEUTRAL,63,RANGE,46,58,0.085792,49.83,2.4823,50.0,37.0,,1438202.28,UNKNOWN,HIGH,SCAN,VERIFIED
2026-09-04,GTX,SUPPORTIVE,88,UP,75,79,0.074187,27.97,0.8738,35.0,27.0,20.705397950930916,-1183.63,POSITIVE_GAMMA,MEDIUM,SCAN,VERIFIED
2026-09-04,GVA,HEADWIND,42,VOLATILE,50,45,0.051551,119.3,3.1721,150.0,115.0,125.50374283742678,-27625.34,NEGATIVE_GAMMA,MEDIUM,SCAN,VERIFIED
2026-09-04,GWRE,HEADWIND,42,VOLATILE,33,68,0.079424,162.42,10.8207,200.0,160.0,181.48820326256998,-192371.26,NEGATIVE_GAMMA,MEDIUM,SCAN,VERIFIED
2026-09-04,GWW,SUPPORTIVE,93,UP,70,72,0.031786,1324.49,25.1857,1360.0,1320.0,1268.8110102502078,1976249.59,POSITIVE_GAMMA,MEDIUM,SCAN,VERIFIED
2026-09-04,GXO,SUPPORTIVE,83,RANGE,55,52,0.053291,48.32,1.28,50.0,40.0,45.89757323480845,232064.25,POSITIVE_GAMMA,MEDIUM,SCAN,VERIFIED
2026-09-04,H,HEADWIND,42,VOLATILE,38,61,0.039041,165.85,4.3179,185.0,160.0,180.6365991441573,-78938.96,NEGATIVE_GAMMA,MEDIUM,SCAN,VERIFIED
2026-09-04,HAL,SUPPORTIVE,93,UP,70,80,0.048557,37.07,1.0586,40.0,35.0,33.07308845729215,6001062.42,POSITIVE_GAMMA,HIGH,SCAN,VERIFIED
2026-09-04,HALO,NEUTRAL,70,RANGE,59,57,0.0422,110.19,2.5536,115.0,95.0,,1229437.905948621,UNKNOWN,MEDIUM,DETAIL,VERIFIED
2026-09-04,HAS,SUPPORTIVE,83,RANGE,50,45,0.045931,92.53,1.9793,95.0,87.5,84.36657267037069,1256699.55,POSITIVE_GAMMA,MEDIUM,SCAN,VERIFIED
2026-09-04,HBAN,NEUTRAL,66,VOLATILE,60,58,0.039636,17.03,0.3529,18.0,17.0,17.097606880089423,-32782.84,NEAR_FLIP,MEDIUM,SCAN,VERIFIED
2026-09-04,HCA,SUPPORTIVE,83,RANGE,50,53,0.045309,405.0,12.0021,425.0,360.0,386.29855141509756,6175523.7,POSITIVE_GAMMA,HIGH,SCAN,VERIFIED
2026-09-04,HCC,BREAKOUT WATCH,81,RANGE,50,45,0.067018,104.45,4.8254,110.0,90.0,92.99741133835384,167954.03,POSITIVE_GAMMA,MEDIUM,SCAN,VERIFIED
2026-09-04,HD,HEADWIND,42,VOLATILE,50,53,0.038468,321.05,7.3407,340.0,320.0,331.4005944480222,-15450625.88,NEGATIVE_GAMMA,HIGH,SCAN,VERIFIED
2026-09-04,HESM,BREAKOUT WATCH,81,RANGE,50,45,0.030068,39.91,0.7589,40.0,38.0,31.06531995666482,242131.17,POSITIVE_GAMMA,MEDIUM,SCAN,VERIFIED
2026-09-04,HIG,BREAKOUT WATCH,91,RANGE,50,45,0.026559,138.37,2.2871,140.0,135.0,134.81397403013577,811304.11,POSITIVE_GAMMA,MEDIUM,SCAN,VERIFIED
2026-09-04,HII,HEADWIND,42,VOLATILE,50,45,0.047214,285.93,7.4036,300.0,280.0,295.1481931018015,-228684.95,NEGATIVE_GAMMA,MEDIUM,SCAN,VERIFIED
2026-09-04,HIMS,BREAKOUT WATCH,64,VOLATILE,50,53,0.09004,27.71,2.108,30.0,27.0,29.05977181979403,-267877.69,NEAR_FLIP,HIGH,SCAN,VERIFIED
2026-09-04,HL,BREAKOUT WATCH,91,RANGE,65,73,0.096228,20.68,1.1764,22.0,20.0,15.05495722250885,3438683.64,POSITIVE_GAMMA,HIGH,SCAN,VERIFIED
2026-09-04,HLT,NEUTRAL,66,VOLATILE,34,75,0.038884,311.18,6.5343,320.0,300.0,311.46584922205506,-95589.81,NEAR_FLIP,HIGH,SCAN,VERIFIED
2026-09-04,HNGE,BREAKOUT WATCH,64,DOWN,30,72,0.073888,92.37,4.6486,95.0,85.0,96.43579398823391,-945421.18,NEAR_FLIP,MEDIUM,SCAN,VERIFIED
2026-09-04,HNRG,HEADWIND,30,VOLATILE,35,65,0.103916,16.6,0.7089,17.0,15.0,18.196120699786643,-21959.09,NEGATIVE_GAMMA,MEDIUM,SCAN,VERIFIED
2026-09-04,HOG,BREAKOUT WATCH,81,RANGE,55,52,0.053887,28.3,0.8664,28.5,25.0,27.317398673817674,18728.81,POSITIVE_GAMMA,MEDIUM,SCAN,VERIFIED
2026-09-04,HON,NEUTRAL,71,UP,70,80,0.04246,209.61,4.4643,230.0,207.5,207.1132961584158,568201.87,NEAR_FLIP,HIGH,SCAN,VERIFIED
2026-09-04,HOOD,ACCELERATION,91,RANGE,47,57,0.087216,122.11,7.3804,130.0,110.0,,18069244.86,UNKNOWN,HIGH,SCAN,VERIFIED
2026-09-04,HPE,BREAKOUT WATCH,91,RANGE,65,73,0.088365,52.0,2.9839,55.0,50.0,48.84265338514287,3050511.05,POSITIVE_GAMMA,HIGH,SCAN,VERIFIED
2026-09-04,HPQ,ACCELERATION,87,VOLATILE,67,76,0.077359,32.64,1.4086,33.0,30.0,31.992593262740556,408243.9,NEAR_FLIP,HIGH,SCAN,VERIFIED
2026-09-04,HQY,BREAKOUT WATCH,91,RANGE,65,65,0.047361,96.07,3.5884,100.0,95.0,72.51938684014557,171256.99,POSITIVE_GAMMA,MEDIUM,SCAN,VERIFIED
2026-09-04,HRL,SUPPORTIVE,93,UP,70,72,0.033658,21.54,0.5786,24.0,21.0,17.994154886552668,409009.29,POSITIVE_GAMMA,MEDIUM,SCAN,VERIFIED
2026-09-04,HROW,HEADWIND,42,VOLATILE,50,45,0.116762,38.54,1.7814,44.0,37.0,44.96769484920279,-77839.6,NEGATIVE_GAMMA,MEDIUM,SCAN,VERIFIED
2026-09-04,HSY,HEADWIND,42,VOLATILE,38,69,0.030609,173.15,3.9957,185.0,170.0,182.01003900214113,-1281395.18,NEGATIVE_GAMMA,HIGH,SCAN,VERIFIED
2026-09-04,HUBB,HEADWIND,32,VOLATILE,40,66,0.049054,460.72,12.2443,500.0,420.0,523.5955990124779,-9037418.07,NEGATIVE_GAMMA,HIGH,SCAN,VERIFIED
2026-09-04,HUBS,NEUTRAL,71,VOLATILE,65,65,0.108239,247.6,12.546,270.0,240.0,241.70940889548936,279312.95,NEAR_FLIP,MEDIUM,SCAN,VERIFIED
2026-09-04,HUM,SUPPORTIVE,93,UP,70,80,0.066992,401.54,12.1479,450.0,380.0,340.06445638990016,8127273.45,POSITIVE_GAMMA,HIGH,SCAN,VERIFIED
2026-09-04,HUT,NEUTRAL,73,RANGE,45,60,0.151264,93.545,7.2147,95.0,90.0,,3494270.26,UNKNOWN,HIGH,SCAN,VERIFIED
2026-09-04,HWM,BREAKOUT WATCH,54,VOLATILE,40,66,0.050334,259.27,9.4357,260.0,230.0,260.8244487412425,-323141.57,NEAR_FLIP,HIGH,SCAN,VERIFIED
2026-09-04,HXL,NEUTRAL,66,VOLATILE,50,45,0.059252,91.98,2.6293,105.0,90.0,92.92859214534403,-1944.21,NEAR_FLIP,MEDIUM,SCAN,VERIFIED
2026-09-04,HYMC,HEADWIND,42,VOLATILE,45,52,0.131115,22.69,2.0053,27.0,21.0,25.624150852207766,-156935.62,NEGATIVE_GAMMA,MEDIUM,SCAN,VERIFIED
2026-09-04,IAG,NEUTRAL,75,RANGE,55,52,0.084229,20.48,0.9886,24.0,20.0,,293731.58,UNKNOWN,MEDIUM,SCAN,VERIFIED
2026-09-04,IBKR,SUPPORTIVE,93,UP,70,80,0.054794,92.62,3.4136,105.0,90.0,87.59897508505401,1685156.68,POSITIVE_GAMMA,HIGH,SCAN,VERIFIED
2026-09-04,IBM,NEUTRAL,71,UP,70,80,0.044915,234.89,5.4793,250.0,230.0,229.98660937210275,7367564.5,NEAR_FLIP,HIGH,SCAN,VERIFIED
2026-09-04,IBRX,NEUTRAL,65,RANGE,46,50,0.105198,8.08,0.3979,9.0,7.0,,205893.07,UNKNOWN,MEDIUM,SCAN,VERIFIED
2026-09-04,ICE,BREAKOUT WATCH,91,RANGE,45,60,0.037362,161.26,3.5671,165.0,155.0,113.29093588911401,13452370.46,POSITIVE_GAMMA,HIGH,SCAN,VERIFIED
2026-09-04,ICHR,HEADWIND,42,VOLATILE,49,46,0.118836,56.38,3.7464,65.0,50.0,69.53740533980772,-70397.83,NEGATIVE_GAMMA,MEDIUM,SCAN,VERIFIED
2026-09-04,ICLR,HEADWIND,42,VOLATILE,50,45,0.064907,164.85,6.28,210.0,160.0,187.7360802482384,-1549218.25,NEGATIVE_GAMMA,MEDIUM,SCAN,VERIFIED
2026-09-04,IDCC,NEUTRAL,73,RANGE,40,58,0.052376,337.94,10.7693,350.0,320.0,,49651.3,UNKNOWN,MEDIUM,SCAN,VERIFIED
2026-09-04,IDXX,NEUTRAL,66,VOLATILE,50,45,0.044174,535.38,14.9264,560.0,530.0,544.6603175394862,-135639.74,NEAR_FLIP,MEDIUM,SCAN,VERIFIED
2026-09-04,IESC,BREAKOUT WATCH,64,VOLATILE,65,65,0.093623,322.57,19.5079,340.0,320.0,327.4405334434303,-49291.07,NEAR_FLIP,MEDIUM,SCAN,VERIFIED
2026-09-04,IEX,SUPPORTIVE,93,RANGE,58,56,0.024247,223.74,5.0964,240.0,220.0,215.894364452884,108796.09,POSITIVE_GAMMA,MEDIUM,SCAN,VERIFIED
2026-09-04,IFF,SUPPORTIVE,83,RANGE,50,45,0.058193,86.35,1.9479,90.0,80.0,75.92894729055058,393856.0,POSITIVE_GAMMA,MEDIUM,SCAN,VERIFIED
2026-09-04,ILMN,BREAKOUT WATCH,81,RANGE,50,45,0.072404,218.22,10.2736,230.0,190.0,193.6990453219997,1170551.44,POSITIVE_GAMMA,MEDIUM,SCAN,VERIFIED
2026-09-04,IMAX,NEUTRAL,75,UP,69,71,0.07407,51.64,1.8143,55.0,48.0,,-4486897.400620604,UNKNOWN,MEDIUM,DETAIL,VERIFIED
2026-09-04,IMNM,NEUTRAL,75,RANGE,60,58,0.228744,26.76,1.2716,30.0,26.0,,19245.36,UNKNOWN,MEDIUM,SCAN,VERIFIED
2026-09-04,IMVT,NEUTRAL,63,RANGE,40,66,0.107643,39.25,1.4908,41.0,35.0,,36453.7,UNKNOWN,HIGH,SCAN,VERIFIED
2026-09-04,INBX,NEUTRAL,75,RANGE,54,50,0.235207,121.17,8.1849,140.0,105.0,,93529.85,UNKNOWN,MEDIUM,SCAN,VERIFIED
2026-09-04,INCY,BREAKOUT WATCH,59,VOLATILE,50,45,0.052465,126.75,3.2071,130.0,100.0,125.1802578290332,222814.94,NEAR_FLIP,MEDIUM,SCAN,VERIFIED
2026-09-04,INFQ,SUPPORTIVE,93,UP,70,72,0.126459,12.85,0.9329,15.0,12.5,10.35313263454679,274501.26,POSITIVE_GAMMA,MEDIUM,SCAN,VERIFIED
2026-09-04,INGR,NEUTRAL,66,VOLATILE,50,45,0.017282,101.26,1.8,105.0,100.0,102.32828586610589,-26739.96,NEAR_FLIP,MEDIUM,SCAN,VERIFIED
2026-09-04,INOD,HEADWIND,42,VOLATILE,50,45,0.107797,55.66,3.0236,60.0,55.0,64.0461451686129,-221239.7,NEGATIVE_GAMMA,MEDIUM,SCAN,VERIFIED
2026-09-04,INSM,BREAKOUT WATCH,91,UP,70,72,0.05622,126.29,3.8957,130.0,125.0,104.4196166639065,177597.6,POSITIVE_GAMMA,MEDIUM,SCAN,VERIFIED
2026-09-04,INTC,ACCELERATION,100,UP,87,95,0.09499,95.8,4.25,100.0,95.0,89.59405008326463,20880497.4,POSITIVE_GAMMA,HIGH,SCAN,VERIFIED
2026-09-04,INTU,NEUTRAL,71,VOLATILE,53,57,0.066727,332.7,15.8193,390.0,300.0,323.07106889063357,2634079.41,NEAR_FLIP,HIGH,SCAN,VERIFIED
2026-09-04,IONQ,SUPPORTIVE,93,RANGE,52,56,0.112854,39.52,2.5136,45.0,35.0,36.68854313205691,1124245.78,POSITIVE_GAMMA,HIGH,SCAN,VERIFIED
2026-09-04,IONS,SUPPORTIVE,93,RANGE,58,56,0.095111,58.09,1.9114,65.0,55.0,54.742134439048286,435892.25,POSITIVE_GAMMA,MEDIUM,SCAN,VERIFIED
2026-09-04,IOT,SUPPORTIVE,93,RANGE,65,73,0.085821,40.2,2.287,43.0,37.0,31.955288832493945,1702024.2,POSITIVE_GAMMA,HIGH,SCAN,VERIFIED
2026-09-04,IOVA,NEUTRAL,80,UP,79,84,0.167804,8.79,0.5714,10.0,8.0,,154852.90769511345,UNKNOWN,MEDIUM,DETAIL,VERIFIED
2026-09-04,IP,HEADWIND,42,VOLATILE,49,46,0.044307,37.24,1.3,40.0,35.0,38.562115894875355,-173457.56,NEGATIVE_GAMMA,MEDIUM,SCAN,VERIFIED
2026-09-04,IPGP,BREAKOUT WATCH,54,VOLATILE,35,65,0.102885,78.0,3.8,80.0,65.0,80.42670787806817,-5605.97,NEAR_FLIP,MEDIUM,SCAN,VERIFIED
2026-09-04,IQV,SUPPORTIVE,83,RANGE,50,45,0.036505,267.77,7.4764,280.0,250.0,196.3592526603823,1528471.55,POSITIVE_GAMMA,MEDIUM,SCAN,VERIFIED
2026-09-04,IR,NEUTRAL,66,VOLATILE,50,45,0.048782,76.36,1.9415,80.0,75.0,78.20880715050737,-77258.09,NEAR_FLIP,MEDIUM,SCAN,VERIFIED
2026-09-04,IREN,SUPPORTIVE,93,RANGE,65,73,0.127798,44.68,3.2218,50.0,40.0,37.72517943285531,4748396.27,POSITIVE_GAMMA,HIGH,SCAN,VERIFIED
2026-09-04,IRM,HEADWIND,40,VOLATILE,50,53,0.044926,116.86,4.1007,120.0,115.0,129.59038963356645,-2861275.7,NEGATIVE_GAMMA,HIGH,SCAN,VERIFIED
2026-09-04,IRON,NEUTRAL,65,RANGE,40,58,0.092137,79.23,2.6486,85.0,65.0,,574384.56,UNKNOWN,MEDIUM,SCAN,VERIFIED
2026-09-04,IRTC,NEUTRAL,71,VOLATILE,56,53,0.044284,123.07,5.1036,130.0,115.0,121.24312318712111,38898.07,NEAR_FLIP,MEDIUM,SCAN,VERIFIED
2026-09-04,ISRG,HEADWIND,42,VOLATILE,50,53,0.054677,366.7,11.5164,400.0,350.0,383.7012701363724,-6780352.41,NEGATIVE_GAMMA,HIGH,SCAN,VERIFIED
2026-09-04,IT,HEADWIND,40,DOWN,25,79,0.078586,186.42,8.0557,190.0,180.0,220.7313157406603,-1690092.38,NEGATIVE_GAMMA,MEDIUM,SCAN,VERIFIED
2026-09-04,ITT,HEADWIND,32,VOLATILE,40,58,0.047962,204.33,5.91,220.0,190.0,257.9105410965432,-3736397.63,NEGATIVE_GAMMA,MEDIUM,SCAN,VERIFIED
2026-09-04,ITW,SUPPORTIVE,93,RANGE,58,56,0.029154,270.12,5.0643,280.0,270.0,248.4345111897439,4985400.53,POSITIVE_GAMMA,MEDIUM,SCAN,VERIFIED
2026-09-04,IVZ,SUPPORTIVE,93,UP,70,72,0.049894,33.07,0.9271,36.0,33.0,23.466706905798947,398440.56,POSITIVE_GAMMA,MEDIUM,SCAN,VERIFIED
2026-09-04,IWM,HEADWIND,42,DOWN,21,92,0.024222,296.01,3.1221,300.0,290.0,302.38,-1201847130.7707582,NEGATIVE_GAMMA,HIGH,DETAIL,VERIFIED
2026-09-04,J,SUPPORTIVE,83,RANGE,56,53,0.041373,146.23,3.1336,155.0,135.0,107.62761756509248,301015.65,POSITIVE_GAMMA,MEDIUM,SCAN,VERIFIED
2026-09-04,JAZZ,BREAKOUT WATCH,91,RANGE,50,45,0.04072,246.81,7.8343,250.0,230.0,180.90077980184253,153936.9,POSITIVE_GAMMA,MEDIUM,SCAN,VERIFIED
2026-09-04,JBHT,NEUTRAL,66,VOLATILE,65,65,0.049494,273.77,8.6136,300.0,270.0,275.37041527641054,-81620.96,NEAR_FLIP,MEDIUM,SCAN,VERIFIED
2026-09-04,JBL,HEADWIND,58,VOLATILE,42,64,0.069067,310.57,12.8786,315.0,300.0,327.15284363269353,-768397.75,NEGATIVE_GAMMA,HIGH,SCAN,VERIFIED
2026-09-04,JBTM,NEUTRAL,60,RANGE,50,45,0.052243,117.72,3.4621,125.0,110.0,,-543915.71,UNKNOWN,MEDIUM,SCAN,VERIFIED
2026-09-04,JCI,BREAKOUT WATCH,91,RANGE,50,45,0.045536,144.94,3.4114,145.0,140.0,139.43771030347753,2187325.56,POSITIVE_GAMMA,MEDIUM,SCAN,VERIFIED
2026-09-04,JEF,HEADWIND,32,DOWN,30,72,0.050244,55.23,1.5514,57.5,50.0,59.98639803940445,-1107922.27,NEGATIVE_GAMMA,MEDIUM,SCAN,VERIFIED
2026-09-04,JKHY,HEADWIND,40,VOLATILE,50,45,0.055995,165.64,5.2329,170.0,165.0,202.5859187232625,-556336.23,NEGATIVE_GAMMA,MEDIUM,SCAN,VERIFIED
2026-09-04,JLL,SUPPORTIVE,83,RANGE,56,53,0.044569,362.36,11.9043,390.0,330.0,325.75346225209387,764664.96,POSITIVE_GAMMA,MEDIUM,SCAN,VERIFIED
2026-09-04,JNJ,BREAKOUT WATCH,91,RANGE,66,75,0.028122,275.23,5.5779,280.0,270.0,249.28994363621632,74063782.86,POSITIVE_GAMMA,HIGH,SCAN,VERIFIED
2026-09-04,JOBY,HEADWIND,42,VOLATILE,50,45,0.087537,6.74,0.2786,8.0,6.5,8.093320014235879,-175095.59,NEGATIVE_GAMMA,MEDIUM,SCAN,VERIFIED
2026-09-04,JOE,NEUTRAL,75,RANGE,60,58,0.050295,66.11,1.3686,70.0,65.0,,294349.71,UNKNOWN,MEDIUM,SCAN,VERIFIED
2026-09-04,JPM,BREAKOUT WATCH,91,RANGE,50,53,0.031787,358.64,5.7264,360.0,355.0,340.6562909395055,60576133.99,POSITIVE_GAMMA,HIGH,SCAN,VERIFIED
2026-09-04,JXN,ACCELERATION,78,RANGE,58,56,0.256524,140.63,3.3436,145.0,125.0,,-758975.0,UNKNOWN,MEDIUM,SCAN,VERIFIED
2026-09-04,KALU,NEUTRAL,75,RANGE,65,65,0.066234,164.19,8.12,200.0,155.0,,95181.67,UNKNOWN,MEDIUM,SCAN,VERIFIED
2026-09-04,KD,NEUTRAL,66,VOLATILE,36,64,0.074144,13.15,0.5651,14.0,12.0,13.367240218959012,-20341.39,NEAR_FLIP,MEDIUM,SCAN,VERIFIED
2026-09-04,KDP,SUPPORTIVE,93,UP,70,72,0.053936,32.59,0.6879,34.0,32.0,26.10181242168347,4653686.44,POSITIVE_GAMMA,MEDIUM,SCAN,VERIFIED
2026-09-04,KEX,SUPPORTIVE,83,RANGE,60,58,0.060205,140.77,3.1164,170.0,115.0,121.52361314784184,117283.89,POSITIVE_GAMMA,MEDIUM,SCAN,VERIFIED
2026-09-04,KEY,SUPPORTIVE,93,UP,70,72,0.040577,22.18,0.4257,23.0,22.0,20.686707645505187,819540.89,POSITIVE_GAMMA,MEDIUM,SCAN,VERIFIED
2026-09-04,KEYS,BREAKOUT WATCH,91,UP,70,80,0.053941,327.21,12.1263,340.0,320.0,303.87340803609663,2816597.78,POSITIVE_GAMMA,HIGH,SCAN,VERIFIED
2026-09-04,KGC,BREAKOUT WATCH,91,RANGE,33,76,0.069971,30.87,1.4093,31.0,30.0,24.04633277126886,232098.02,POSITIVE_GAMMA,HIGH,SCAN,VERIFIED
2026-09-04,KGS,HEADWIND,32,DOWN,30,72,0.094264,62.59,2.8456,67.5,55.0,68.07852037840604,-348763.05,NEGATIVE_GAMMA,MEDIUM,SCAN,VERIFIED
2026-09-04,KHC,BREAKOUT WATCH,59,VOLATILE,35,73,0.039638,24.85,0.6486,25.0,22.5,24.70211708588658,197775.82,NEAR_FLIP,HIGH,SCAN,VERIFIED
2026-09-04,KKR,BREAKOUT WATCH,81,RANGE,50,53,0.055463,107.73,3.2257,110.0,100.0,103.4580921718882,3939865.12,POSITIVE_GAMMA,HIGH,SCAN,VERIFIED
2026-09-04,KLAC,HEADWIND,42,VOLATILE,55,60,0.087823,185.6,7.66,200.0,180.0,205.81433317923336,-8811738.55,NEGATIVE_GAMMA,HIGH,SCAN,VERIFIED
2026-09-04,KLAR,NEUTRAL,68,RANGE,60,58,0.071131,14.41,0.9286,15.0,14.0,,-284623.15,UNKNOWN,MEDIUM,SCAN,VERIFIED
2026-09-04,KLIC,NEUTRAL,71,VOLATILE,65,65,0.075966,81.615,4.0857,95.0,75.0,81.54839530310122,230.42,NEAR_FLIP,MEDIUM,SCAN,VERIFIED
2026-09-04,KMB,NEUTRAL,56,VOLATILE,35,73,0.044541,104.96,2.1707,110.0,100.0,106.07190228818718,-841548.81,NEAR_FLIP,HIGH,SCAN,VERIFIED
2026-09-04,KMI,BREAKOUT WATCH,69,UP,70,80,0.034554,31.4,0.8186,32.0,31.0,30.799394198618877,1993866.71,NEAR_FLIP,HIGH,SCAN,VERIFIED
2026-09-04,KMX,NEUTRAL,65,RANGE,46,50,0.060831,63.29,1.8164,67.5,57.5,,2033292.71,UNKNOWN,MEDIUM,SCAN,VERIFIED
2026-09-04,KNSA,NEUTRAL,75,RANGE,55,52,0.073161,77.91,2.2089,85.0,75.0,,782783.16,UNKNOWN,MEDIUM,SCAN,VERIFIED
2026-09-04,KNX,ACCELERATION,100,UP,87,95,0.059036,71.99,2.4257,80.0,67.5,59.7387195720366,1097724.77,POSITIVE_GAMMA,MEDIUM,SCAN,VERIFIED
2026-09-04,KO,SUPPORTIVE,93,RANGE,38,69,0.025378,88.07,1.4414,90.0,85.0,80.92743781692934,31040512.7,POSITIVE_GAMMA,HIGH,SCAN,VERIFIED
2026-09-04,KOD,HEADWIND,42,VOLATILE,45,52,0.152008,35.36,2.0679,40.0,35.0,40.181073312944484,-74711.98,NEGATIVE_GAMMA,MEDIUM,SCAN,VERIFIED
2026-09-04,KR,BREAKOUT WATCH,54,DOWN,30,80,0.067332,58.59,1.3243,60.0,55.0,59.48450402588452,-302607.32,NEAR_FLIP,HIGH,SCAN,VERIFIED
2026-09-04,KRYS,SUPPORTIVE,83,RANGE,51,46,0.062388,358.24,11.3311,400.0,310.0,266.75366193430784,2459388.7,POSITIVE_GAMMA,MEDIUM,SCAN,VERIFIED
2026-09-04,KSS,BREAKOUT WATCH,91,RANGE,64,72,0.07999,19.44,1.0786,20.0,19.0,16.635265181192118,515382.58,POSITIVE_GAMMA,HIGH,SCAN,VERIFIED
2026-09-04,KTOS,NEUTRAL,56,VOLATILE,38,69,0.077896,47.82,2.645,60.0,40.0,49.76624511890651,-187833.92,NEAR_FLIP,HIGH,SCAN,VERIFIED
2026-09-04,KURA,NEUTRAL,73,RANGE,40,58,0.125083,13.25,0.7554,14.0,12.0,,169321.59,UNKNOWN,MEDIUM,SCAN,VERIFIED
2026-09-04,KVUE,BREAKOUT WATCH,81,RANGE,50,45,0.031217,18.74,0.3229,19.0,18.0,14.497705826951258,1652864.43,POSITIVE_GAMMA,MEDIUM,SCAN,VERIFIED
2026-09-04,L,BREAKOUT WATCH,81,RANGE,38,61,0.029048,109.3,1.6586,110.0,105.0,101.77942667633332,244131.42,POSITIVE_GAMMA,MEDIUM,SCAN,VERIFIED
2026-09-04,LAD,ACCELERATION,99,RANGE,67,68,0.053902,386.81,10.4586,390.0,340.0,316.3006679359502,333845.8,POSITIVE_GAMMA,MEDIUM,SCAN,VERIFIED
2026-09-04,LAMR,SUPPORTIVE,93,UP,70,72,0.058132,150.76,2.5164,155.0,150.0,133.40725505823903,328642.33,POSITIVE_GAMMA,MEDIUM,SCAN,VERIFIED
2026-09-04,LASR,NEUTRAL,70,RANGE,55,52,0.122941,40.06,2.7068,50.0,40.0,,-142265.06,UNKNOWN,MEDIUM,SCAN,VERIFIED
2026-09-04,LB,SUPPORTIVE,93,UP,70,72,0.072229,86.53,3.6078,95.0,85.0,72.66137592837686,95294.27,POSITIVE_GAMMA,MEDIUM,SCAN,VERIFIED
2026-09-04,LBRT,SUPPORTIVE,83,UP,70,72,0.092278,20.59,0.9184,25.0,18.0,17.640496228975017,516857.52,POSITIVE_GAMMA,MEDIUM,SCAN,VERIFIED
2026-09-04,LDOS,SUPPORTIVE,93,RANGE,58,56,0.047163,133.05,4.1436,140.0,130.0,114.22495348677134,298121.58,POSITIVE_GAMMA,MEDIUM,SCAN,VERIFIED
2026-09-04,LEA,SUPPORTIVE,83,RANGE,65,65,0.038239,134.68,3.0786,145.0,125.0,101.69578751467417,198647.73,POSITIVE_GAMMA,MEDIUM,SCAN,VERIFIED
2026-09-04,LEN,HEADWIND,42,VOLATILE,50,53,0.065506,83.58,2.3243,90.0,79.0,89.8349705250532,-1559780.91,NEGATIVE_GAMMA,HIGH,SCAN,VERIFIED
2026-09-04,LEU,NEUTRAL,66,VOLATILE,55,52,0.103514,173.89,12.2014,200.0,170.0,180.40868072958594,-276877.98,NEAR_FLIP,MEDIUM,SCAN,VERIFIED
2026-09-04,LEVI,NEUTRAL,71,UP,70,72,0.043922,21.06,0.5754,23.0,21.0,20.595822579147395,14916.44,NEAR_FLIP,MEDIUM,SCAN,VERIFIED
2026-09-04,LFUS,HEADWIND,42,VOLATILE,50,45,0.0729,419.07,15.8236,450.0,410.0,449.24725221311087,-219927.87,NEGATIVE_GAMMA,MEDIUM,SCAN,VERIFIED
2026-09-04,LH,HEADWIND,40,DOWN,30,72,0.034109,326.89,7.1636,330.0,320.0,340.63367359659793,-489421.8,NEGATIVE_GAMMA,MEDIUM,SCAN,VERIFIED
2026-09-04,LHX,HEADWIND,42,VOLATILE,45,52,0.034705,256.45,5.5121,275.0,250.0,265.7141054296488,-1152499.99,NEGATIVE_GAMMA,MEDIUM,SCAN,VERIFIED
2026-09-04,LIN,HEADWIND,32,VOLATILE,50,53,0.033817,477.57,7.5879,510.0,460.0,492.0724957059427,-7183251.87,NEGATIVE_GAMMA,HIGH,SCAN,VERIFIED
2026-09-04,LITE,BREAKOUT WATCH,64,VOLATILE,35,73,0.105248,881.255,62.1911,900.0,850.0,914.208598295251,-3628742.23,NEAR_FLIP,HIGH,SCAN,VERIFIED
2026-09-04,LLY,NEUTRAL,71,VOLATILE,48,56,0.046743,1149.36,35.1728,1200.0,1100.0,1125.421959928482,22544655.63,NEAR_FLIP,HIGH,SCAN,VERIFIED
2026-09-04,LMND,HEADWIND,40,DOWN,25,87,0.076765,53.41,2.0558,55.0,50.0,57.229380375079025,-376905.33,NEGATIVE_GAMMA,HIGH,SCAN,VERIFIED
2026-09-04,LMT,HEADWIND,40,DOWN,18,95,0.034458,525.28,13.2236,535.0,500.0,546.5780584517601,-8616729.01,NEGATIVE_GAMMA,HIGH,SCAN,VERIFIED
2026-09-04,LNC,ACCELERATION,100,RANGE,62,61,0.045085,45.47,1.2721,47.5,42.5,32.27098725476764,881461.59,POSITIVE_GAMMA,MEDIUM,SCAN,VERIFIED
2026-09-04,LNG,BREAKOUT WATCH,81,RANGE,50,53,0.064897,292.0,7.23,300.0,270.0,233.45453084610344,21453669.9,POSITIVE_GAMMA,HIGH,SCAN,VERIFIED
2026-09-04,LOGI,HEADWIND,32,DOWN,30,72,0.049976,102.05,2.4543,105.0,95.0,104.54308002487686,-301079.53,NEGATIVE_GAMMA,MEDIUM,SCAN,VERIFIED
2026-09-04,LOPE,HEADWIND,42,VOLATILE,50,45,0.040119,152.67,4.1371,165.0,150.0,166.8197006213299,-238433.85,NEGATIVE_GAMMA,MEDIUM,SCAN,VERIFIED
2026-09-04,LOW,HEADWIND,42,VOLATILE,38,69,0.047933,204.45,5.2064,220.0,200.0,215.09256109027257,-10110573.68,NEGATIVE_GAMMA,HIGH,SCAN,VERIFIED
2026-09-04,LPG,NEUTRAL,59,RANGE,55,52,0.100543,55.2,1.7855,,48.0,,190834.24,UNKNOWN,MEDIUM,SCAN,VERIFIED
2026-09-04,LPLA,SUPPORTIVE,93,UP,70,72,0.048006,359.33,10.8357,420.0,350.0,348.06836604103415,525145.86,POSITIVE_GAMMA,MEDIUM,SCAN,VERIFIED
2026-09-04,LQDA,HEADWIND,32,VOLATILE,44,61,0.162394,68.66,3.1179,80.0,60.0,72.43950657916344,-140874.86,NEGATIVE_GAMMA,HIGH,SCAN,VERIFIED
2026-09-04,LRCX,NEUTRAL,66,VOLATILE,39,68,0.087925,307.65,14.1143,330.0,280.0,308.68129084819066,-388575.58,NEAR_FLIP,HIGH,SCAN,VERIFIED
2026-09-04,LRN,NEUTRAL,71,VOLATILE,50,45,0.055208,84.68,2.1579,90.0,80.0,84.08251051604736,27813.62,NEAR_FLIP,MEDIUM,SCAN,VERIFIED
2026-09-04,LSCC,SUPPORTIVE,93,UP,70,72,0.090595,115.9,5.0664,130.0,115.0,100.76939936921515,1436669.4,POSITIVE_GAMMA,MEDIUM,SCAN,VERIFIED
2026-09-04,LULU,HEADWIND,42,VOLATILE,33,76,0.064954,100.61,6.0971,120.0,100.0,121.7352264484531,-5066290.33,NEGATIVE_GAMMA,HIGH,SCAN,VERIFIED
2026-09-04,LUNR,HEADWIND,40,DOWN,30,72,0.115125,14.81,0.9402,15.0,14.0,16.35771234710415,-114011.7,NEGATIVE_GAMMA,MEDIUM,SCAN,VERIFIED
2026-09-04,LUV,BREAKOUT WATCH,64,VOLATILE,33,76,0.047703,39.62,1.1079,40.0,37.5,39.79708922513233,-126834.21,NEAR_FLIP,HIGH,SCAN,VERIFIED
2026-09-04,LVS,HEADWIND,40,DOWN,18,95,0.048907,44.37,1.2486,45.0,42.5,47.472352622593824,-1229010.07,NEGATIVE_GAMMA,HIGH,SCAN,VERIFIED
2026-09-04,LW,BREAKOUT WATCH,91,RANGE,38,61,0.044115,49.87,1.4838,50.0,47.5,41.35473017180019,124473.1,POSITIVE_GAMMA,MEDIUM,SCAN,VERIFIED
2026-09-04,LYB,HEADWIND,42,VOLATILE,50,45,0.059824,63.52,2.2136,70.0,60.0,67.53945154821615,-2593471.56,NEGATIVE_GAMMA,MEDIUM,SCAN,VERIFIED
2026-09-04,LYFT,NEUTRAL,71,VOLATILE,53,49,0.051734,16.72,0.6671,18.0,16.0,16.176428280863806,241322.5,NEAR_FLIP,MEDIUM,SCAN,VERIFIED
2026-09-04,LYV,SUPPORTIVE,83,RANGE,45,60,0.041931,173.5,4.2957,180.0,145.0,153.19700181755414,3025629.25,POSITIVE_GAMMA,HIGH,SCAN,VERIFIED
2026-09-04,M,HEADWIND,42,VOLATILE,45,60,0.107158,23.05,0.6693,24.0,22.0,24.685843377241646,-452592.13,NEGATIVE_GAMMA,HIGH,SCAN,VERIFIED
2026-09-04,MA,SUPPORTIVE,93,RANGE,58,64,0.029264,579.21,9.8579,600.0,570.0,547.6945201436663,23507372.18,POSITIVE_GAMMA,HIGH,SCAN,VERIFIED
2026-09-04,MAA,HEADWIND,42,VOLATILE,38,61,0.026107,128.32,1.9243,135.0,125.0,132.68878985805836,-524087.84,NEGATIVE_GAMMA,MEDIUM,SCAN,VERIFIED
2026-09-04,MAC,NEUTRAL,75,RANGE,60,58,0.037651,23.24,0.5614,24.0,23.0,,262247.58,UNKNOWN,MEDIUM,SCAN,VERIFIED
2026-09-04,MAIN,HEADWIND,32,DOWN,30,72,0.036408,57.68,0.8586,59.4,54.4,58.82949947156212,-917429.71,NEGATIVE_GAMMA,MEDIUM,SCAN,VERIFIED
2026-09-04,MAR,SUPPORTIVE,93,RANGE,58,64,0.032837,336.51,6.5693,380.0,330.0,296.2442685061681,11140813.8,POSITIVE_GAMMA,HIGH,SCAN,VERIFIED
2026-09-04,MARA,BREAKOUT WATCH,69,VOLATILE,45,52,0.128647,11.31,0.9921,12.0,10.0,10.473541320764113,754334.42,NEAR_FLIP,MEDIUM,SCAN,VERIFIED
2026-09-04,MAS,SUPPORTIVE,93,UP,70,72,0.056052,72.7,1.8043,80.0,70.0,69.9918316703945,163278.31,POSITIVE_GAMMA,MEDIUM,SCAN,VERIFIED
2026-09-04,MAT,BREAKOUT WATCH,91,RANGE,60,58,0.053338,14.53,0.42,15.0,14.0,11.806095940141368,1761972.24,POSITIVE_GAMMA,MEDIUM,SCAN,VERIFIED
2026-09-04,MATX,NEUTRAL,63,RANGE,46,50,0.062835,225.59,5.0307,230.0,190.0,,358514.96,UNKNOWN,MEDIUM,SCAN,VERIFIED
2026-09-04,MBLY,SUPPORTIVE,93,RANGE,61,60,0.081192,8.56,0.3379,9.0,8.0,7.687956990226113,80133.12,POSITIVE_GAMMA,MEDIUM,SCAN,VERIFIED
2026-09-04,MCD,HEADWIND,42,VOLATILE,38,69,0.029039,255.69,4.3029,270.0,255.0,265.7505913176146,-21423525.12,NEGATIVE_GAMMA,HIGH,SCAN,VERIFIED
2026-09-04,MCHP,BREAKOUT WATCH,81,RANGE,50,53,0.070446,74.17,2.4186,75.0,67.5,63.18896703001504,16057214.84,POSITIVE_GAMMA,HIGH,SCAN,VERIFIED
2026-09-04,MCK,ACCELERATION,99,RANGE,62,61,0.036674,907.99,21.3336,920.0,860.0,831.8939374290188,5182518.13,POSITIVE_GAMMA,MEDIUM,SCAN,VERIFIED
2026-09-04,MCO,BREAKOUT WATCH,69,VOLATILE,45,60,0.039104,493.55,12.3557,500.0,470.0,487.74752532700865,1441868.34,NEAR_FLIP,HIGH,SCAN,VERIFIED
2026-09-04,MCRI,SUPPORTIVE,93,UP,70,72,0.093621,121.52,2.5964,130.0,120.0,98.04549074107429,346508.32,POSITIVE_GAMMA,MEDIUM,SCAN,VERIFIED
2026-09-04,MCY,SUPPORTIVE,88,UP,70,72,0.044007,104.53,2.8321,115.0,100.0,88.56063392009327,-1019790.63,POSITIVE_GAMMA,MEDIUM,SCAN,VERIFIED
2026-09-04,MDB,BREAKOUT WATCH,91,RANGE,45,60,0.079528,368.74,24.0931,370.0,330.0,339.736605201885,3955815.19,POSITIVE_GAMMA,HIGH,SCAN,VERIFIED
2026-09-04,MDGL,SUPPORTIVE,93,UP,70,72,0.063115,541.08,17.6036,630.0,530.0,495.7545315713136,701093.28,POSITIVE_GAMMA,MEDIUM,SCAN,VERIFIED
2026-09-04,MDLN,ACCELERATION,100,RANGE,62,61,0.062859,36.59,1.2434,37.5,35.0,33.337292978734794,612615.06,POSITIVE_GAMMA,MEDIUM,SCAN,VERIFIED
2026-09-04,MDLZ,BREAKOUT WATCH,91,RANGE,60,66,0.029781,61.28,1.2064,62.5,60.0,58.73396278255385,2603526.41,POSITIVE_GAMMA,HIGH,SCAN,VERIFIED
2026-09-04,MDT,BREAKOUT WATCH,91,RANGE,50,53,0.035999,94.17,2.3064,95.0,92.5,82.21998751457076,29612604.81,POSITIVE_GAMMA,HIGH,SCAN,VERIFIED
2026-09-04,MEDP,SUPPORTIVE,88,UP,70,72,0.061222,591.29,16.6702,640.0,590.0,472.98811792385106,-95598.7,POSITIVE_GAMMA,MEDIUM,SCAN,VERIFIED
2026-09-04,MELI,ACCELERATION,100,RANGE,62,69,0.050977,1978.36,64.6371,2100.0,1800.0,1902.7420668953973,9513051.65,POSITIVE_GAMMA,HIGH,SCAN,VERIFIED
2026-09-04,MET,SUPPORTIVE,93,UP,70,72,0.032268,97.62,1.9107,100.0,97.5,89.86819218858007,2434650.64,POSITIVE_GAMMA,MEDIUM,SCAN,VERIFIED
2026-09-04,META,ACCELERATION,100,UP,82,95,0.052937,616.77,18.6979,650.0,600.0,581.294045186807,168374353.0,POSITIVE_GAMMA,HIGH,SCAN,VERIFIED
2026-09-04,METC,SUPPORTIVE,93,UP,75,79,0.136364,13.2,1.1736,16.0,13.0,10.866948723763514,67579.66,POSITIVE_GAMMA,MEDIUM,SCAN,VERIFIED
2026-09-04,MFC,ACCELERATION,100,RANGE,62,61,0.029883,44.34,0.7693,45.0,43.0,40.16343412420424,223747.37,POSITIVE_GAMMA,MEDIUM,SCAN,VERIFIED
2026-09-04,MGA,BREAKOUT WATCH,91,RANGE,61,60,0.044286,68.87,2.1271,70.0,67.5,56.08423223003381,144446.52,POSITIVE_GAMMA,MEDIUM,SCAN,VERIFIED
2026-09-04,MGM,HEADWIND,40,VOLATILE,38,69,0.06065,41.22,0.8357,42.0,41.0,43.17934315729847,-633750.87,NEGATIVE_GAMMA,HIGH,SCAN,VERIFIED
2026-09-04,MGNI,NEUTRAL,73,RANGE,40,58,0.088028,24.14,1.0014,25.0,22.0,,1003941.17,UNKNOWN,MEDIUM,SCAN,VERIFIED
2026-09-04,MHK,ACCELERATION,100,UP,82,88,0.056873,133.63,3.8307,140.0,130.0,108.983994195155,95516.98,POSITIVE_GAMMA,MEDIUM,SCAN,VERIFIED
2026-09-04,MKSI,HEADWIND,42,VOLATILE,55,52,0.086627,260.31,12.8814,290.0,250.0,300.765227866865,-963672.69,NEGATIVE_GAMMA,MEDIUM,SCAN,VERIFIED
2026-09-04,MKTX,SUPPORTIVE,83,UP,70,72,0.032982,163.38,0.37,170.0,160.0,160.26012238946777,1916107.47,POSITIVE_GAMMA,MEDIUM,SCAN,VERIFIED
2026-09-04,MLI,SUPPORTIVE,93,UP,70,72,0.054518,63.74,2.0071,67.5,62.5,54.89859822692659,265577.34,POSITIVE_GAMMA,MEDIUM,SCAN,VERIFIED
2026-09-04,MLM,SUPPORTIVE,93,UP,70,72,0.058958,514.77,13.1136,560.0,500.0,494.67302828808664,174273.8,POSITIVE_GAMMA,MEDIUM,SCAN,VERIFIED
2026-09-04,MMM,NEUTRAL,61,VOLATILE,48,56,0.026637,168.56,3.13,190.0,160.0,168.08272757658196,277181.77,NEAR_FLIP,HIGH,SCAN,VERIFIED
2026-09-04,MNDY,SUPPORTIVE,93,RANGE,65,65,0.087845,91.07,5.0597,100.0,85.0,81.23410431912738,487299.3,POSITIVE_GAMMA,MEDIUM,SCAN,VERIFIED
2026-09-04,MNST,BREAKOUT WATCH,81,RANGE,38,61,0.038795,43.82,1.0686,45.0,38.75,42.72328773439124,615580.43,POSITIVE_GAMMA,MEDIUM,SCAN,VERIFIED
2026-09-04,MO,BREAKOUT WATCH,69,VOLATILE,56,61,0.039344,68.88,1.4421,70.0,67.5,67.95488155794669,6589526.48,NEAR_FLIP,HIGH,SCAN,VERIFIED
2026-09-04,MOD,BREAKOUT WATCH,81,RANGE,55,52,0.104028,194.66,10.7907,200.0,160.0,162.70727052804858,2699220.68,POSITIVE_GAMMA,MEDIUM,SCAN,VERIFIED
2026-09-04,MOH,HEADWIND,42,VOLATILE,50,45,0.057022,200.8,5.8486,210.0,195.0,207.57571409169796,-351228.1,NEGATIVE_GAMMA,MEDIUM,SCAN,VERIFIED
2026-09-04,MOS,ACCELERATION,100,RANGE,62,69,0.072534,25.85,1.1493,26.0,25.0,22.9803501695222,2241040.59,POSITIVE_GAMMA,HIGH,SCAN,VERIFIED
2026-09-04,MP,NEUTRAL,66,VOLATILE,44,61,0.100128,54.53,3.3788,60.0,50.0,56.39920837836181,-706140.29,NEAR_FLIP,HIGH,SCAN,VERIFIED
2026-09-04,MPC,BREAKOUT WATCH,81,RANGE,50,53,0.066084,388.9,10.465,400.0,360.0,349.38757508241486,5499321.75,POSITIVE_GAMMA,HIGH,SCAN,VERIFIED
2026-09-04,MPWR,HEADWIND,42,VOLATILE,38,61,0.072762,1223.86,47.1007,1380.0,1140.0,1284.483826335677,-1903511.56,NEGATIVE_GAMMA,MEDIUM,SCAN,VERIFIED
2026-09-04,MQ,SUPPORTIVE,83,RANGE,65,65,0.135028,16.58,0.4833,20.0,15.0,11.735144423149665,26752.6,POSITIVE_GAMMA,MEDIUM,SCAN,VERIFIED
2026-09-04,MRK,SUPPORTIVE,93,UP,76,88,0.043072,150.33,4.8821,165.0,145.0,121.01432894463281,36617926.79,POSITIVE_GAMMA,HIGH,SCAN,VERIFIED
2026-09-04,MRNA,BREAKOUT WATCH,69,VOLATILE,58,64,0.107008,145.55,22.7965,170.0,120.0,141.67,2221432.186142998,NEAR_FLIP,HIGH,DETAIL,VERIFIED
2026-09-04,MRSH,HEADWIND,40,VOLATILE,50,45,0.035668,185.74,3.8036,190.0,185.0,192.30437980480195,-1095629.52,NEGATIVE_GAMMA,MEDIUM,SCAN,VERIFIED
2026-09-04,MRVL,NEUTRAL,71,VOLATILE,65,73,0.090696,223.55,16.0586,250.0,200.0,217.14240129441896,5967394.38,NEAR_FLIP,HIGH,SCAN,VERIFIED
2026-09-04,MRX,BREAKOUT WATCH,81,RANGE,55,52,0.039606,78.27,3.2969,80.0,65.0,56.819729911463355,153527.11,POSITIVE_GAMMA,MEDIUM,SCAN,VERIFIED
2026-09-04,MS,SUPPORTIVE,93,UP,70,80,0.044093,217.72,4.6957,235.0,210.0,208.56925036244468,13842719.97,POSITIVE_GAMMA,HIGH,SCAN,VERIFIED
2026-09-04,MSCI,BREAKOUT WATCH,91,RANGE,50,53,0.041971,573.01,11.52,580.0,550.0,541.2528674055117,7082715.26,POSITIVE_GAMMA,HIGH,SCAN,VERIFIED
2026-09-04,MSFT,SUPPORTIVE,93,RANGE,59,65,0.035371,499.7,10.0943,525.0,480.0,435.2434313625147,371442473.89,POSITIVE_GAMMA,HIGH,SCAN,VERIFIED
2026-09-04,MSGS,HEADWIND,42,VOLATILE,50,45,0.037708,391.16,9.5291,430.0,390.0,417.3263155088004,-3866965.78,NEGATIVE_GAMMA,MEDIUM,SCAN,VERIFIED
2026-09-04,MSI,SUPPORTIVE,93,RANGE,64,64,0.032368,468.05,9.9607,490.0,450.0,450.42684539006456,1795090.25,POSITIVE_GAMMA,MEDIUM,SCAN,VERIFIED
2026-09-04,MSM,SUPPORTIVE,93,UP,75,79,0.041389,121.41,3.0536,130.0,120.0,103.77624904749433,631494.94,POSITIVE_GAMMA,MEDIUM,SCAN,VERIFIED
2026-09-04,MSTR,ACCELERATION,91,UP,72,83,0.116422,142.8,10.0757,150.0,140.0,,13820977.76,UNKNOWN,HIGH,SCAN,VERIFIED
2026-09-04,MTB,SUPPORTIVE,83,RANGE,60,58,0.031479,239.84,4.45,250.0,230.0,226.25754243300096,1824988.37,POSITIVE_GAMMA,MEDIUM,SCAN,VERIFIED
2026-09-04,MTCH,NEUTRAL,65,RANGE,46,50,0.059723,41.86,1.2324,45.0,37.5,,1406488.5,UNKNOWN,MEDIUM,SCAN,VERIFIED
2026-09-04,MTDR,BREAKOUT WATCH,81,RANGE,50,45,0.061708,59.15,1.6693,60.0,55.0,43.21420470729434,1265820.26,POSITIVE_GAMMA,MEDIUM,SCAN,VERIFIED
2026-09-04,MTSI,ACCELERATION,100,UP,87,95,0.090723,268.95,14.6157,340.0,220.0,240.3933917661002,747153.59,POSITIVE_GAMMA,MEDIUM,SCAN,VERIFIED
2026-09-04,MTZ,BREAKOUT WATCH,91,RANGE,63,63,0.109195,237.19,12.3264,250.0,230.0,217.45033900330648,1623206.85,POSITIVE_GAMMA,MEDIUM,SCAN,VERIFIED
2026-09-04,MU,ACCELERATION,100,UP,100,95,0.088457,1016.59,46.6779,1100.0,1000.0,893.8,131612585.78603207,POSITIVE_GAMMA,HIGH,DETAIL,VERIFIED
2026-09-04,MUSA,HEADWIND,42,VOLATILE,33,68,0.057497,511.33,17.7821,600.0,500.0,566.6125382315352,-595193.88,NEGATIVE_GAMMA,MEDIUM,SCAN,VERIFIED
2026-09-04,MUX,BREAKOUT WATCH,91,RANGE,51,46,0.087195,20.07,0.985,21.0,19.0,14.533086036849927,213726.35,POSITIVE_GAMMA,MEDIUM,SCAN,VERIFIED
2026-09-04,MXL,NEUTRAL,70,RANGE,65,65,0.129503,62.74,4.9821,75.0,60.0,,-459061.75,UNKNOWN,MEDIUM,SCAN,VERIFIED
2026-09-04,MZTI,NEUTRAL,75,RANGE,60,58,0.034396,105.39,3.6864,115.0,105.0,,121304.54,UNKNOWN,MEDIUM,SCAN,VERIFIED
2026-09-04,NBIS,HEADWIND,42,VOLATILE,55,60,0.129423,226.39,15.4789,250.0,210.0,254.98388042004444,-6592659.68,NEGATIVE_GAMMA,HIGH,SCAN,VERIFIED
2026-09-04,NBIX,ACCELERATION,100,UP,82,88,0.044012,155.64,3.6529,160.0,155.0,111.48887092579443,-969735.81,POSITIVE_GAMMA,MEDIUM,SCAN,VERIFIED
2026-09-04,NCLH,HEADWIND,40,VOLATILE,36,64,0.064226,15.57,0.5771,16.0,15.0,18.421889056389023,-1517471.99,NEGATIVE_GAMMA,MEDIUM,SCAN,VERIFIED
2026-09-04,NDAQ,SUPPORTIVE,83,RANGE,50,53,0.041546,96.88,2.0279,100.0,90.0,89.86426456126567,2235742.26,POSITIVE_GAMMA,HIGH,SCAN,VERIFIED
2026-09-04,NDSN,SUPPORTIVE,93,RANGE,64,64,0.027328,318.36,8.3029,330.0,310.0,276.9067148047624,925523.3,POSITIVE_GAMMA,MEDIUM,SCAN,VERIFIED
2026-09-04,NE,SUPPORTIVE,93,RANGE,65,65,0.057005,45.61,1.5014,47.5,45.0,36.431116119829454,438876.43,POSITIVE_GAMMA,MEDIUM,SCAN,VERIFIED
2026-09-04,NEE,NEUTRAL,56,DOWN,30,80,0.028886,83.43,1.2986,85.0,80.0,84.02292302300546,-3923372.63,NEAR_FLIP,HIGH,SCAN,VERIFIED
2026-09-04,NEM,SUPPORTIVE,93,UP,76,88,0.063237,128.09,4.9729,135.0,125.0,115.12830969190064,14663345.67,POSITIVE_GAMMA,HIGH,SCAN,VERIFIED
2026-09-04,NEO,NEUTRAL,75,RANGE,60,58,0.087745,17.38,0.8879,20.0,16.0,,34593.26,UNKNOWN,MEDIUM,SCAN,VERIFIED
2026-09-04,NESR,DATA LOW,0,UNKNOWN,50,0,0.069065,34.75,1.4516,35.0,30.0,31.61,-60683.61304169067,POSITIVE_GAMMA,LOW,DETAIL,VERIFIED
2026-09-04,NET,SUPPORTIVE,93,UP,70,80,0.080399,278.92,15.3455,310.0,260.0,260.98650426615905,4313352.42,POSITIVE_GAMMA,HIGH,SCAN,VERIFIED
2026-09-04,NEU,SUPPORTIVE,83,RANGE,52,48,0.372825,885.0,22.5421,970.0,820.0,741.1922872557976,2292435.69,POSITIVE_GAMMA,MEDIUM,SCAN,VERIFIED
2026-09-04,NEXA,NEUTRAL,71,VOLATILE,56,53,0.122214,13.8,0.8782,14.87,12.37,13.271071681578233,23017.28,NEAR_FLIP,MEDIUM,SCAN,VERIFIED
2026-09-04,NFLX,BREAKOUT WATCH,69,VOLATILE,53,57,0.048754,78.25,2.3293,80.0,78.0,76.24519168525589,13402372.11,NEAR_FLIP,HIGH,SCAN,VERIFIED
2026-09-04,NKE,HEADWIND,42,VOLATILE,38,69,0.046484,38.4,1.0564,40.0,37.5,40.219695441515434,-7594086.33,NEGATIVE_GAMMA,HIGH,SCAN,VERIFIED
2026-09-04,NKTR,SUPPORTIVE,93,RANGE,65,65,0.115919,74.19,3.1114,85.0,70.0,64.33787372914502,680344.79,POSITIVE_GAMMA,MEDIUM,SCAN,VERIFIED
2026-09-04,NLY,BREAKOUT WATCH,54,VOLATILE,40,58,0.024551,22.81,0.3164,23.0,22.0,22.82112341322867,-24811.51,NEAR_FLIP,MEDIUM,SCAN,VERIFIED
2026-09-04,NMM,BREAKOUT WATCH,91,RANGE,50,45,0.045844,92.16,2.7086,92.5,90.0,85.35045419731063,165956.6,POSITIVE_GAMMA,MEDIUM,SCAN,VERIFIED
2026-09-04,NN,NEUTRAL,75,RANGE,55,52,0.217391,15.18,0.9936,18.0,15.0,,790212.73,UNKNOWN,MEDIUM,SCAN,VERIFIED
2026-09-04,NNE,HEADWIND,42,VOLATILE,50,53,0.095937,17.72,1.1314,20.0,17.0,19.08472627278385,-35793.82,NEGATIVE_GAMMA,HIGH,SCAN,VERIFIED
2026-09-04,NOC,BREAKOUT WATCH,64,DOWN,13,95,0.038642,514.98,13.2457,525.0,500.0,524.414207034444,-1492601.71,NEAR_FLIP,HIGH,SCAN,VERIFIED
2026-09-04,NOG,NEUTRAL,73,RANGE,40,58,0.056906,25.92,0.8286,26.0,25.0,,426814.95,UNKNOWN,MEDIUM,SCAN,VERIFIED
2026-09-04,NOV,SUPPORTIVE,83,RANGE,50,45,0.045582,21.39,0.6907,23.0,19.0,18.398490093154525,72679.32,POSITIVE_GAMMA,MEDIUM,SCAN,VERIFIED
2026-09-04,NOW,ACCELERATION,100,UP,77,89,0.077163,141.26,6.72,150.0,140.0,115.43715646630157,16705751.97,POSITIVE_GAMMA,HIGH,SCAN,VERIFIED
2026-09-04,NPO,NEUTRAL,75,RANGE,60,58,0.074699,296.95,11.26,340.0,280.0,,156066.93,UNKNOWN,MEDIUM,SCAN,VERIFIED
2026-09-04,NRG,BREAKOUT WATCH,91,RANGE,55,60,0.071417,119.02,4.5507,120.0,110.0,107.30973392849027,2278686.25,POSITIVE_GAMMA,HIGH,SCAN,VERIFIED
2026-09-04,NRIX,SUPPORTIVE,93,UP,94,95,0.173106,26.14,1.0236,29.0,25.0,21.91,-7167.256052993335,POSITIVE_GAMMA,MEDIUM,DETAIL,VERIFIED
2026-09-04,NSC,HEADWIND,42,VOLATILE,40,58,0.032326,329.46,6.78,340.0,320.0,337.95724384339405,-1249739.03,NEGATIVE_GAMMA,MEDIUM,SCAN,VERIFIED
2026-09-04,NTAP,SUPPORTIVE,93,RANGE,60,58,0.068969,185.59,8.5436,200.0,170.0,173.74824417368268,2744852.01,POSITIVE_GAMMA,MEDIUM,SCAN,VERIFIED
2026-09-04,NTLA,BREAKOUT WATCH,64,DOWN,30,72,0.111852,12.74,0.74,13.0,12.0,13.068350433670458,-22988.25,NEAR_FLIP,MEDIUM,SCAN,VERIFIED
2026-09-04,NTNX,NEUTRAL,73,RANGE,60,58,0.058037,68.06,2.4716,70.0,67.5,,645683.55,UNKNOWN,MEDIUM,SCAN,VERIFIED
2026-09-04,NTR,ACCELERATION,100,RANGE,62,69,0.054423,79.47,2.3626,80.0,75.0,68.11948479794319,2238187.64,POSITIVE_GAMMA,HIGH,SCAN,VERIFIED
2026-09-04,NTRA,NEUTRAL,66,VOLATILE,44,61,0.066427,328.18,10.5375,350.0,310.0,332.3814412668922,-421408.58,NEAR_FLIP,HIGH,SCAN,VERIFIED
2026-09-04,NTRS,BREAKOUT WATCH,91,RANGE,50,45,0.034426,186.63,3.7236,190.0,180.0,150.1099352147394,449976.96,POSITIVE_GAMMA,MEDIUM,SCAN,VERIFIED
2026-09-04,NU,ACCELERATION,100,UP,82,88,0.056604,15.37,0.6176,16.0,15.0,13.172772492184052,10050685.82,POSITIVE_GAMMA,MEDIUM,SCAN,VERIFIED
2026-09-04,NUE,ACCELERATION,100,UP,82,88,0.055541,261.07,9.7714,270.0,260.0,196.29596202851843,3410362.12,POSITIVE_GAMMA,MEDIUM,SCAN,VERIFIED
2026-09-04,NVAX,NEUTRAL,73,RANGE,40,58,0.11546,10.22,0.6571,10.5,9.0,,247338.47,UNKNOWN,MEDIUM,SCAN,VERIFIED
2026-09-04,NVCR,NEUTRAL,65,RANGE,46,50,0.151667,17.94,0.7985,20.0,15.0,,120849.01,UNKNOWN,MEDIUM,SCAN,VERIFIED
2026-09-04,NVDA,ACCELERATION,100,RANGE,62,69,0.050464,230.36,7.6193,240.0,210.0,199.5699380745808,446375952.54,POSITIVE_GAMMA,HIGH,SCAN,VERIFIED
2026-09-04,NVMI,HEADWIND,42,VOLATILE,55,52,0.081295,372.1,17.5836,400.0,370.0,397.2192983069749,-349992.35,NEGATIVE_GAMMA,MEDIUM,SCAN,VERIFIED
2026-09-04,NVT,BREAKOUT WATCH,91,RANGE,55,52,0.077229,156.03,7.2774,160.0,150.0,135.745357850342,1477112.31,POSITIVE_GAMMA,MEDIUM,SCAN,VERIFIED
2026-09-04,NVTS,NEUTRAL,66,VOLATILE,55,52,0.120763,11.8,0.8212,15.0,11.0,12.098778444164072,-48517.74,NEAR_FLIP,MEDIUM,SCAN,VERIFIED
2026-09-04,NXPI,NEUTRAL,66,VOLATILE,50,45,0.059912,227.835,5.6107,250.0,220.0,233.32519583139748,-1156121.51,NEAR_FLIP,MEDIUM,SCAN,VERIFIED
2026-09-04,NXT,HEADWIND,42,VOLATILE,50,45,0.085799,84.5,3.9611,95.0,80.0,103.91620469706282,-956497.43,NEGATIVE_GAMMA,MEDIUM,SCAN,VERIFIED
2026-09-04,NYT,BREAKOUT WATCH,81,RANGE,50,45,0.038644,67.28,1.4257,67.5,55.0,59.294540679073364,2541603.27,POSITIVE_GAMMA,MEDIUM,SCAN,VERIFIED
2026-09-04,O,HEADWIND,42,DOWN,28,75,0.030612,61.25,0.7314,62.5,60.0,62.58805682335132,-3044552.02,NEGATIVE_GAMMA,MEDIUM,SCAN,VERIFIED
2026-09-04,OC,SUPPORTIVE,83,RANGE,49,46,0.059833,138.72,4.4479,150.0,125.0,120.76697420491566,437486.96,POSITIVE_GAMMA,MEDIUM,SCAN,VERIFIED
2026-09-04,ODD,HEADWIND,32,DOWN,25,79,0.205455,13.75,0.8721,15.0,10.0,16.61342113534294,-9704.38,NEGATIVE_GAMMA,MEDIUM,SCAN,VERIFIED
2026-09-04,ODFL,HEADWIND,42,VOLATILE,38,61,0.052053,185.87,6.525,210.0,180.0,199.87580900751965,-377349.43,NEGATIVE_GAMMA,MEDIUM,SCAN,VERIFIED
2026-09-04,OHI,HEADWIND,42,VOLATILE,50,45,0.033959,46.38,0.7421,50.0,45.0,48.08021189655951,-922844.73,NEGATIVE_GAMMA,MEDIUM,SCAN,VERIFIED
2026-09-04,OKE,ACCELERATION,100,UP,68,69,0.03982,95.43,2.47,100.0,90.0,89.10353251579724,4538017.84,POSITIVE_GAMMA,MEDIUM,SCAN,VERIFIED
2026-09-04,OKLO,NEUTRAL,56,VOLATILE,59,65,0.108432,41.27,2.7121,50.0,35.0,42.02775041381799,-170577.79,NEAR_FLIP,HIGH,SCAN,VERIFIED
2026-09-04,OKTA,ACCELERATION,100,RANGE,62,69,0.076055,170.6,9.8243,175.0,160.0,131.3626942403566,3113953.56,POSITIVE_GAMMA,HIGH,SCAN,VERIFIED
2026-09-04,OLED,SUPPORTIVE,93,UP,70,72,0.076213,82.335,3.0193,90.0,80.0,71.13170970525604,1595259.62,POSITIVE_GAMMA,MEDIUM,SCAN,VERIFIED
2026-09-04,OMC,NEUTRAL,56,VOLATILE,35,65,0.05023,82.62,2.3136,90.0,75.0,84.0152339311266,-212744.0,NEAR_FLIP,MEDIUM,SCAN,VERIFIED
2026-09-04,OMER,NEUTRAL,65,RANGE,54,50,0.092348,18.95,0.8864,23.0,16.0,,280201.21,UNKNOWN,MEDIUM,SCAN,VERIFIED
2026-09-04,OMF,ACCELERATION,100,UP,76,80,0.037908,64.63,1.5679,67.5,62.5,60.38766680667064,402670.52,POSITIVE_GAMMA,MEDIUM,SCAN,VERIFIED
2026-09-04,ON,SUPPORTIVE,93,RANGE,64,72,0.086314,74.38,2.7564,80.0,70.0,70.6966666826601,1601084.67,POSITIVE_GAMMA,HIGH,SCAN,VERIFIED
2026-09-04,ONDS,NEUTRAL,66,VOLATILE,50,45,0.102362,7.62,0.5054,9.0,7.0,8.011600863341727,-125480.31,NEAR_FLIP,MEDIUM,SCAN,VERIFIED
2026-09-04,ONON,SUPPORTIVE,88,RANGE,58,64,0.060021,27.99,0.7795,30.0,27.5,21.341839724708827,-1194124.42,POSITIVE_GAMMA,HIGH,SCAN,VERIFIED
2026-09-04,ONTO,SUPPORTIVE,93,RANGE,63,63,0.098504,268.01,17.1685,310.0,260.0,245.1518379884537,242059.94,POSITIVE_GAMMA,MEDIUM,SCAN,VERIFIED
2026-09-04,ORA,ACCELERATION,84,VOLATILE,62,61,0.052157,105.45,3.0529,115.0,105.0,107.32081629346207,-64389.42,NEAR_FLIP,MEDIUM,SCAN,VERIFIED
2026-09-04,ORCL,ACCELERATION,100,RANGE,67,76,0.131629,158.78,6.2164,160.0,150.0,135.4598942609674,28997682.61,POSITIVE_GAMMA,HIGH,SCAN,VERIFIED
2026-09-04,ORKA,HEADWIND,42,VOLATILE,50,45,0.139985,92.51,5.4614,100.0,90.0,113.76080851401693,-17334.44,NEGATIVE_GAMMA,MEDIUM,SCAN,VERIFIED
2026-09-04,ORLY,NEUTRAL,66,VOLATILE,38,69,0.040107,87.89,1.8479,94.67,85.33,89.16950744956286,-434390.11,NEAR_FLIP,HIGH,SCAN,VERIFIED
2026-09-04,OSCR,ACCELERATION,100,UP,87,95,0.10031,32.25,1.6641,34.0,28.0,26.12,2529529.6762115685,POSITIVE_GAMMA,HIGH,DETAIL,VERIFIED
2026-09-04,OSK,BREAKOUT WATCH,81,RANGE,50,45,0.055386,157.08,5.03,160.0,145.0,136.16799870488816,240137.82,POSITIVE_GAMMA,MEDIUM,SCAN,VERIFIED
2026-09-04,OTIS,BREAKOUT WATCH,69,VOLATILE,60,58,0.026331,71.21,1.1771,72.5,70.0,70.1774503807937,281123.12,NEAR_FLIP,MEDIUM,SCAN,VERIFIED
2026-09-04,OUST,NEUTRAL,56,DOWN,30,80,0.122152,36.43,2.3593,40.0,30.0,37.79041549412312,-38714.92,NEAR_FLIP,HIGH,SCAN,VERIFIED
2026-09-04,OWL,BREAKOUT WATCH,86,RANGE,50,45,0.06383,11.75,0.385,12.0,11.0,8.664262158490558,-3747311.82,POSITIVE_GAMMA,MEDIUM,SCAN,VERIFIED
2026-09-04,OXY,SUPPORTIVE,93,UP,70,80,0.046469,60.04,1.3079,62.5,60.0,54.111161153293764,10442090.17,POSITIVE_GAMMA,HIGH,SCAN,VERIFIED
2026-09-04,OZK,HEADWIND,32,VOLATILE,36,64,0.034206,50.43,0.8736,52.5,47.5,51.370174490042984,-93793.06,NEGATIVE_GAMMA,MEDIUM,SCAN,VERIFIED
2026-09-04,P,BREAKOUT WATCH,91,RANGE,44,53,0.093458,99.51,6.258,100.0,95.0,90.93159586603826,427754.02,POSITIVE_GAMMA,MEDIUM,SCAN,VERIFIED
2026-09-04,PAA,ACCELERATION,99,RANGE,62,61,0.034047,25.7,0.4936,26.0,23.0,23.085204658162663,702206.85,POSITIVE_GAMMA,MEDIUM,SCAN,VERIFIED
2026-09-04,PAAS,NEUTRAL,71,VOLATILE,55,60,0.071095,51.34,2.26,55.0,48.0,50.49122125184038,261038.69,NEAR_FLIP,HIGH,SCAN,VERIFIED
2026-09-04,PAGP,BREAKOUT WATCH,76,RANGE,50,45,0.025099,27.89,0.565,28.0,26.0,22.58124712840721,-3815954.01,POSITIVE_GAMMA,MEDIUM,SCAN,VERIFIED
2026-09-04,PANW,NEUTRAL,71,VOLATILE,48,56,0.069315,333.26,20.4643,360.0,320.0,331.9405068016318,596370.02,NEAR_FLIP,HIGH,SCAN,VERIFIED
2026-09-04,PAR,NEUTRAL,63,RANGE,45,52,0.088518,19.77,0.8821,20.0,17.0,,210417.36,UNKNOWN,MEDIUM,SCAN,VERIFIED
2026-09-04,PARR,NEUTRAL,75,UP,73,76,0.090076,81.32,4.6057,90.0,80.0,,174828.3254506727,UNKNOWN,MEDIUM,DETAIL,VERIFIED
2026-09-04,PATH,HEADWIND,45,VOLATILE,33,68,0.080645,15.19,0.9589,16.0,15.0,16.714271353281124,435943.22,NEGATIVE_GAMMA,MEDIUM,SCAN,VERIFIED
2026-09-04,PAYC,SUPPORTIVE,93,UP,84,91,0.05892,231.67,7.1069,260.0,220.0,172.07,-1453663.3949336153,POSITIVE_GAMMA,MEDIUM,DETAIL,VERIFIED
2026-09-04,PAYX,SUPPORTIVE,93,RANGE,65,65,0.043546,121.71,2.7657,130.0,120.0,101.7129890588088,3627008.33,POSITIVE_GAMMA,MEDIUM,SCAN,VERIFIED
2026-09-04,PBF,SUPPORTIVE,93,RANGE,64,64,0.110977,74.34,4.0736,80.0,70.0,53.03192382192403,3596060.35,POSITIVE_GAMMA,MEDIUM,SCAN,VERIFIED
2026-09-04,PBI,NEUTRAL,65,RANGE,40,58,0.121736,17.4,0.4293,18.0,16.0,,95461.38,UNKNOWN,MEDIUM,SCAN,VERIFIED
2026-09-04,PCAR,SUPPORTIVE,88,RANGE,60,66,0.042702,124.7,2.6993,130.0,120.0,101.07235575547908,-1881141.09,POSITIVE_GAMMA,HIGH,SCAN,VERIFIED
2026-09-04,PCG,NEUTRAL,66,VOLATILE,43,54,0.107343,14.3,1.0786,18.0,14.0,14.698446878284082,-438162.66,NEAR_FLIP,MEDIUM,SCAN,VERIFIED
2026-09-04,PCOR,HEADWIND,32,VOLATILE,39,60,0.084037,58.01,2.4088,65.0,52.5,61.0593124214812,-38172.31,NEGATIVE_GAMMA,MEDIUM,SCAN,VERIFIED
2026-09-04,PEG,HEADWIND,32,DOWN,30,72,0.030868,73.7,1.0729,75.0,70.0,74.98435290361279,-396856.04,NEGATIVE_GAMMA,MEDIUM,SCAN,VERIFIED
2026-09-04,PENN,NEUTRAL,75,RANGE,60,58,0.060047,17.07,0.5871,18.0,17.0,,336690.66,UNKNOWN,MEDIUM,SCAN,VERIFIED
2026-09-04,PEP,NEUTRAL,66,VOLATILE,50,53,0.02979,137.63,2.2693,145.0,135.0,138.73982097309857,-6033280.41,NEAR_FLIP,HIGH,SCAN,VERIFIED
2026-09-04,PFE,ACCELERATION,100,UP,76,88,0.033392,28.45,0.6243,29.0,28.0,27.61730093896263,13726649.46,POSITIVE_GAMMA,HIGH,SCAN,VERIFIED
2026-09-04,PFGC,HEADWIND,32,DOWN,24,80,0.04157,98.63,2.1218,105.0,90.0,101.62728949912855,-278564.09,NEGATIVE_GAMMA,MEDIUM,SCAN,VERIFIED
2026-09-04,PG,SUPPORTIVE,93,UP,70,80,0.026598,146.44,2.2243,150.0,145.0,142.19110950774936,26004321.41,POSITIVE_GAMMA,HIGH,SCAN,VERIFIED
2026-09-04,PGR,NEUTRAL,71,VOLATILE,59,65,0.03631,218.95,4.5529,230.0,210.0,215.4458514978837,1409790.71,NEAR_FLIP,HIGH,SCAN,VERIFIED
2026-09-04,PGY,SUPPORTIVE,83,RANGE,50,45,0.092472,22.98,1.1988,25.0,20.0,17.507436835720224,1170282.88,POSITIVE_GAMMA,MEDIUM,SCAN,VERIFIED
2026-09-04,PH,NEUTRAL,66,VOLATILE,38,61,0.037763,962.59,24.2414,1030.0,930.0,978.7208817406927,-814196.83,NEAR_FLIP,MEDIUM,SCAN,VERIFIED
2026-09-04,PHM,BREAKOUT WATCH,91,RANGE,50,53,0.048212,124.45,3.2914,125.0,120.0,120.24478876126673,499976.85,POSITIVE_GAMMA,HIGH,SCAN,VERIFIED
2026-09-04,PI,BREAKOUT WATCH,81,RANGE,50,45,0.09909,172.57,8.5471,175.0,145.0,156.53205249686556,155664.48,POSITIVE_GAMMA,MEDIUM,SCAN,VERIFIED
2026-09-04,PII,BREAKOUT WATCH,69,VOLATILE,55,52,0.070777,62.52,2.3736,65.0,60.0,61.70086312645396,16706.59,NEAR_FLIP,MEDIUM,SCAN,VERIFIED
2026-09-04,PINS,NEUTRAL,71,VOLATILE,53,57,0.069608,20.4,0.7839,21.5,20.0,19.956589905021584,199007.61,NEAR_FLIP,HIGH,SCAN,VERIFIED
2026-09-04,PIPR,NEUTRAL,65,RANGE,40,58,0.120923,77.04,1.9686,80.0,65.0,,539022.76,UNKNOWN,MEDIUM,SCAN,VERIFIED
2026-09-04,PKG,BREAKOUT WATCH,91,RANGE,50,45,0.043519,237.25,5.9571,240.0,230.0,224.05520967671615,234662.67,POSITIVE_GAMMA,MEDIUM,SCAN,VERIFIED
2026-09-04,PL,NEUTRAL,70,RANGE,50,45,0.103477,18.12,1.2089,20.0,16.0,,-133959.35,UNKNOWN,MEDIUM,SCAN,VERIFIED
2026-09-04,PLD,NEUTRAL,71,VOLATILE,60,58,0.039683,137.34,1.815,140.0,135.0,136.1514434037555,1211389.82,NEAR_FLIP,MEDIUM,SCAN,VERIFIED
2026-09-04,PLNT,SUPPORTIVE,93,UP,70,72,0.058482,50.87,1.8076,57.5,50.0,39.41101235942498,1787114.93,POSITIVE_GAMMA,MEDIUM,SCAN,VERIFIED
2026-09-04,PLTR,BREAKOUT WATCH,91,RANGE,59,65,0.068978,174.33,8.2406,180.0,170.0,147.50820784280188,34117038.84,POSITIVE_GAMMA,HIGH,SCAN,VERIFIED
2026-09-04,PLXS,NEUTRAL,75,RANGE,60,58,0.059151,245.98,8.4229,280.0,240.0,,302389.17,UNKNOWN,MEDIUM,SCAN,VERIFIED
2026-09-04,PM,BREAKOUT WATCH,64,DOWN,18,95,0.03246,182.53,4.2143,185.0,175.0,185.1841308962726,-2927323.4,NEAR_FLIP,HIGH,SCAN,VERIFIED
2026-09-04,PNC,BREAKOUT WATCH,69,VOLATILE,46,58,0.033388,245.6,4.8521,250.0,240.0,245.2827712442926,64322.67,NEAR_FLIP,HIGH,SCAN,VERIFIED
2026-09-04,PNFP,SUPPORTIVE,93,UP,70,72,0.081692,101.01,2.4436,105.0,100.0,87.5922173639894,139808.29,POSITIVE_GAMMA,MEDIUM,SCAN,VERIFIED
2026-09-04,PNR,SUPPORTIVE,83,RANGE,48,48,0.057299,60.21,1.7921,65.0,55.0,54.43092510650999,373899.08,POSITIVE_GAMMA,MEDIUM,SCAN,VERIFIED
2026-09-04,PODD,NEUTRAL,71,VOLATILE,55,52,0.066111,147.48,5.485,160.0,140.0,146.87689175051025,21417.51,NEAR_FLIP,MEDIUM,SCAN,VERIFIED
2026-09-04,POET,NEUTRAL,73,RANGE,45,52,0.124369,7.92,0.4571,8.0,7.0,,177711.86,UNKNOWN,MEDIUM,SCAN,VERIFIED
2026-09-04,POOL,HEADWIND,42,VOLATILE,50,45,0.057904,185.22,5.0214,200.0,180.0,192.1352680329545,-201609.75,NEGATIVE_GAMMA,MEDIUM,SCAN,VERIFIED
2026-09-04,POST,NEUTRAL,58,RANGE,40,58,0.050803,84.64,2.4879,85.0,75.0,,-249840.24,UNKNOWN,MEDIUM,SCAN,VERIFIED
2026-09-04,POWL,HEADWIND,40,VOLATILE,55,52,0.088867,181.17,8.4564,190.0,180.0,204.65446899784155,-521023.37,NEGATIVE_GAMMA,MEDIUM,SCAN,VERIFIED
2026-09-04,PPC,NEUTRAL,71,VOLATILE,60,58,0.055774,30.48,1.2743,33.0,28.0,29.91888368921922,32650.32,NEAR_FLIP,MEDIUM,SCAN,VERIFIED
2026-09-04,PPG,BREAKOUT WATCH,81,RANGE,50,45,0.028659,112.53,2.5929,115.0,105.0,104.40138987742243,1032922.84,POSITIVE_GAMMA,MEDIUM,SCAN,VERIFIED
2026-09-04,PPL,SUPPORTIVE,93,UP,70,72,0.02777,35.11,0.605,37.0,35.0,33.139791241157255,409895.3,POSITIVE_GAMMA,MEDIUM,SCAN,VERIFIED
2026-09-04,PPLI,BREAKOUT WATCH,91,RANGE,50,45,0.067966,38.99,0.9899,40.0,37.5,28.66087128921979,74331.88,POSITIVE_GAMMA,MEDIUM,SCAN,VERIFIED
2026-09-04,PR,NEUTRAL,71,UP,70,72,0.056721,23.36,0.6479,25.0,22.0,22.789797759676837,98680.44,NEAR_FLIP,MEDIUM,SCAN,VERIFIED
2026-09-04,PRAX,HEADWIND,42,VOLATILE,50,45,0.077599,351.81,17.6988,410.0,320.0,390.72106092232707,-356433.28,NEGATIVE_GAMMA,MEDIUM,SCAN,VERIFIED
2026-09-04,PRGS,SUPPORTIVE,83,RANGE,50,45,0.064132,44.05,1.6336,50.0,32.5,39.895526625876585,79548.06,POSITIVE_GAMMA,MEDIUM,SCAN,VERIFIED
2026-09-04,PRIM,HEADWIND,32,VOLATILE,50,45,0.084307,74.43,3.0636,95.0,65.0,79.99136060047992,-23074.41,NEGATIVE_GAMMA,MEDIUM,SCAN,VERIFIED
2026-09-04,PRMB,NEUTRAL,65,RANGE,50,45,0.054545,22.0,0.7693,25.0,19.0,,1654707.86,UNKNOWN,MEDIUM,SCAN,VERIFIED
2026-09-04,PRU,BREAKOUT WATCH,91,UP,70,72,0.038109,122.02,2.5679,125.0,120.0,116.30219522887394,1715302.41,POSITIVE_GAMMA,MEDIUM,SCAN,VERIFIED
2026-09-04,PSA,NEUTRAL,71,UP,70,72,0.035098,302.01,6.0793,310.0,300.0,298.7653374302214,360488.65,NEAR_FLIP,MEDIUM,SCAN,VERIFIED
2026-09-04,PSKY,SUPPORTIVE,93,RANGE,64,64,0.069521,10.86,0.4107,12.0,10.0,10.002409005882141,927769.69,POSITIVE_GAMMA,MEDIUM,SCAN,VERIFIED
2026-09-04,PSX,ACCELERATION,99,RANGE,62,69,0.068407,255.09,6.7579,260.0,240.0,197.83728897018486,4061302.23,POSITIVE_GAMMA,HIGH,SCAN,VERIFIED
2026-09-04,PTC,NEUTRAL,56,VOLATILE,45,52,0.077649,141.02,4.8921,165.0,130.0,145.88371071778127,-81980.38,NEAR_FLIP,MEDIUM,SCAN,VERIFIED
2026-09-04,PTCT,NEUTRAL,68,DOWN,23,81,0.078283,69.3,2.1279,70.0,65.0,,-2279.33,UNKNOWN,MEDIUM,SCAN,VERIFIED
2026-09-04,PURR,NEUTRAL,73,RANGE,35,65,0.151888,12.18,1.4489,12.5,11.0,,778987.66,UNKNOWN,MEDIUM,SCAN,VERIFIED
2026-09-04,PVH,NEUTRAL,66,VOLATILE,49,46,0.059195,74.33,2.985,80.0,70.0,76.07439534508039,-141488.56,NEAR_FLIP,MEDIUM,SCAN,VERIFIED
2026-09-04,PWR,HEADWIND,32,DOWN,30,80,0.058775,624.41,23.5636,660.0,560.0,680.3947868374577,-16545266.73,NEGATIVE_GAMMA,HIGH,SCAN,VERIFIED
2026-09-04,PYPL,BREAKOUT WATCH,81,RANGE,33,76,0.054858,54.96,2.1025,55.0,50.0,52.667289780265726,5996358.36,POSITIVE_GAMMA,HIGH,SCAN,VERIFIED
2026-09-04,Q,HEADWIND,40,DOWN,24,80,0.079688,120.47,5.6504,125.0,115.0,138.9422950592873,-4094297.44,NEGATIVE_GAMMA,MEDIUM,SCAN,VERIFIED
2026-09-04,QBTS,NEUTRAL,71,UP,70,72,0.088661,16.58,1.0436,18.0,16.0,16.066984922464844,91358.51,NEAR_FLIP,MEDIUM,SCAN,VERIFIED
2026-09-04,QCOM,BREAKOUT WATCH,91,RANGE,50,53,0.06267,168.74,5.1229,170.0,165.0,162.17441275887975,7145617.46,POSITIVE_GAMMA,HIGH,SCAN,VERIFIED
2026-09-04,QLYS,SUPPORTIVE,88,UP,70,72,0.071949,171.65,7.7207,200.0,160.0,129.25778218315105,-99470.3,POSITIVE_GAMMA,MEDIUM,SCAN,VERIFIED
2026-09-04,QMCO,DATA LOW,0,UNKNOWN,50,0,0.156692,24.73,2.02,30.0,20.0,18.34,60884.9296546263,POSITIVE_GAMMA,LOW,DETAIL,VERIFIED
2026-09-04,QQQ,NEUTRAL,61,VOLATILE,47,57,0.024765,718.96,8.2571,730.0,700.0,718.2,99897959.3797741,NEAR_FLIP,HIGH,DETAIL,VERIFIED
2026-09-04,QSR,SUPPORTIVE,93,RANGE,60,58,0.033367,80.17,1.7857,82.5,77.5,71.15477127400536,1296245.51,POSITIVE_GAMMA,MEDIUM,SCAN,VERIFIED
2026-09-04,QUBT,NEUTRAL,66,VOLATILE,50,45,0.093633,8.01,0.4317,10.0,8.0,8.378422251528907,-69734.72,NEAR_FLIP,MEDIUM,SCAN,VERIFIED
2026-09-04,QURE,NEUTRAL,66,VOLATILE,54,50,0.159551,44.5,2.1331,50.0,40.0,45.05496008944483,-17073.1,NEAR_FLIP,MEDIUM,SCAN,VERIFIED
2026-09-04,QXO,HEADWIND,42,VOLATILE,50,45,0.08427,13.35,0.5507,15.0,13.0,14.029780651696026,-285553.81,NEGATIVE_GAMMA,MEDIUM,SCAN,VERIFIED
2026-09-04,RACE,SUPPORTIVE,93,UP,70,80,0.039883,409.95,8.4257,430.0,400.0,349.03105367003076,847430.16,POSITIVE_GAMMA,HIGH,SCAN,VERIFIED
2026-09-04,RBA,BREAKOUT WATCH,91,RANGE,50,45,0.030824,83.54,2.4836,85.0,80.0,59.58132314816317,25264.32,POSITIVE_GAMMA,MEDIUM,SCAN,VERIFIED
2026-09-04,RBLX,ACCELERATION,100,UP,81,95,0.081159,43.31,1.9193,47.5,40.0,36.71095503550497,812918.75,POSITIVE_GAMMA,HIGH,SCAN,VERIFIED
2026-09-04,RBRK,NEUTRAL,73,RANGE,60,66,0.085406,93.67,6.2988,100.0,90.0,,6122632.68,UNKNOWN,HIGH,SCAN,VERIFIED
2026-09-04,RCAT,NEUTRAL,71,UP,70,72,0.14994,8.37,0.5809,10.0,8.0,7.821254853389154,38905.49,NEAR_FLIP,MEDIUM,SCAN,VERIFIED
2026-09-04,RCL,HEADWIND,42,VOLATILE,38,69,0.048644,265.19,7.4371,290.0,260.0,305.92470606308217,-21611685.59,NEGATIVE_GAMMA,HIGH,SCAN,VERIFIED
2026-09-04,RDDT,BREAKOUT WATCH,69,VOLATILE,64,72,0.08643,154.46,7.5146,160.0,150.0,148.5240237657594,2634609.94,NEAR_FLIP,HIGH,SCAN,VERIFIED
2026-09-04,RDNT,NEUTRAL,63,RANGE,40,58,0.056302,73.71,2.4611,75.0,65.0,,85459.08,UNKNOWN,MEDIUM,SCAN,VERIFIED
2026-09-04,RDW,BREAKOUT WATCH,81,RANGE,50,45,0.104463,10.53,0.6234,11.0,9.0,8.843778195549973,169080.1,POSITIVE_GAMMA,MEDIUM,SCAN,VERIFIED
2026-09-04,REGN,BREAKOUT WATCH,81,RANGE,50,53,0.04156,827.72,20.3229,850.0,760.0,655.2264311386997,7089204.34,POSITIVE_GAMMA,HIGH,SCAN,VERIFIED
2026-09-04,RELY,NEUTRAL,75,RANGE,55,52,0.070692,26.17,1.1191,28.0,26.0,,109413.34,UNKNOWN,MEDIUM,SCAN,VERIFIED
2026-09-04,REPL,NEUTRAL,68,RANGE,60,58,0.094747,15.04,0.8608,16.0,15.0,,-96107.61,UNKNOWN,MEDIUM,SCAN,VERIFIED
2026-09-04,RF,SUPPORTIVE,93,UP,70,72,0.03616,30.42,0.5936,32.0,30.0,27.550357964906716,835799.68,POSITIVE_GAMMA,MEDIUM,SCAN,VERIFIED
2026-09-04,RGEN,NEUTRAL,56,VOLATILE,54,50,0.072792,167.6,7.9479,190.0,150.0,168.52112885992062,-19220.17,NEAR_FLIP,MEDIUM,SCAN,VERIFIED
2026-09-04,RGLD,BREAKOUT WATCH,81,RANGE,50,45,0.060662,262.11,8.4514,270.0,230.0,238.64746674081655,2080746.01,POSITIVE_GAMMA,MEDIUM,SCAN,VERIFIED
2026-09-04,RH,NEUTRAL,68,RANGE,40,66,0.165214,147.99,7.745,150.0,145.0,,-818381.0,UNKNOWN,HIGH,SCAN,VERIFIED
2026-09-04,RIGL,NEUTRAL,63,RANGE,40,58,0.080645,48.67,1.8879,50.0,40.0,,52951.07,UNKNOWN,MEDIUM,SCAN,VERIFIED
2026-09-04,RIOT,ACCELERATION,100,UP,87,95,0.126606,21.8,1.6236,25.0,20.0,16.378015035346685,2987026.08,POSITIVE_GAMMA,HIGH,SCAN,VERIFIED
2026-09-04,RIVN,BREAKOUT WATCH,91,RANGE,38,61,0.078145,15.74,0.6644,16.0,15.0,14.653405920430696,2585701.96,POSITIVE_GAMMA,MEDIUM,SCAN,VERIFIED
2026-09-04,RJF,BREAKOUT WATCH,91,RANGE,50,45,0.030007,178.29,4.1843,180.0,170.0,152.14657326269602,727506.45,POSITIVE_GAMMA,MEDIUM,SCAN,VERIFIED
2026-09-04,RKLB,HEADWIND,40,DOWN,30,80,0.09516,64.26,3.1481,65.0,60.0,67.49439804807271,-695825.56,NEGATIVE_GAMMA,HIGH,SCAN,VERIFIED
2026-09-04,RKT,SUPPORTIVE,93,UP,70,72,0.082148,14.06,0.6254,15.0,14.0,12.745771143678239,2928809.38,POSITIVE_GAMMA,MEDIUM,SCAN,VERIFIED
2026-09-04,RL,SUPPORTIVE,88,RANGE,63,63,0.04328,351.2,9.65,380.0,350.0,255.31120430724442,-975675.58,POSITIVE_GAMMA,MEDIUM,SCAN,VERIFIED
2026-09-04,RLAY,BREAKOUT WATCH,86,RANGE,60,58,0.111607,19.04,0.9244,20.0,18.0,14.341259294629104,-127730.68,POSITIVE_GAMMA,MEDIUM,SCAN,VERIFIED
2026-09-04,RLI,HEADWIND,30,DOWN,13,95,0.043269,62.4,1.37,63.0,53.0,71.47423404814221,-120810.07,NEGATIVE_GAMMA,MEDIUM,SCAN,VERIFIED
2026-09-04,RMBS,HEADWIND,42,VOLATILE,50,45,0.100632,85.46,4.0121,95.0,80.0,89.66997127650002,-320629.56,NEGATIVE_GAMMA,MEDIUM,SCAN,VERIFIED
2026-09-04,RMD,NEUTRAL,61,VOLATILE,56,53,0.041274,228.35,6.2229,250.0,200.0,223.3517032509457,368887.39,NEAR_FLIP,MEDIUM,SCAN,VERIFIED
2026-09-04,RNG,BREAKOUT WATCH,86,RANGE,64,64,0.091293,73.39,2.8836,75.0,55.0,64.61,76429.61400218238,POSITIVE_GAMMA,MEDIUM,DETAIL,VERIFIED
2026-09-04,ROAD,NEUTRAL,71,VOLATILE,60,58,0.068303,104.68,4.6632,130.0,100.0,104.620610275774,540.3,NEAR_FLIP,MEDIUM,SCAN,VERIFIED
2026-09-04,ROIV,NEUTRAL,75,RANGE,60,58,0.098053,34.93,1.2108,40.0,34.0,,653249.11,UNKNOWN,MEDIUM,SCAN,VERIFIED
2026-09-04,ROK,HEADWIND,32,DOWN,30,80,0.042069,433.81,8.8286,460.0,390.0,516.1264626420683,-8693885.78,NEGATIVE_GAMMA,HIGH,SCAN,VERIFIED
2026-09-04,ROKU,NEUTRAL,65,RANGE,40,66,0.026801,155.59,1.9925,160.0,145.0,,2997887.6,UNKNOWN,HIGH,SCAN,VERIFIED
2026-09-04,ROL,HEADWIND,42,VOLATILE,50,45,0.047407,35.86,0.8443,37.5,35.0,40.39516888170383,-636624.57,NEGATIVE_GAMMA,MEDIUM,SCAN,VERIFIED
2026-09-04,ROP,BREAKOUT WATCH,91,RANGE,45,52,0.039285,407.28,10.1421,410.0,390.0,380.7773555463678,565633.16,POSITIVE_GAMMA,MEDIUM,SCAN,VERIFIED
2026-09-04,ROST,HEADWIND,42,VOLATILE,40,66,0.039013,230.69,6.2314,240.0,220.0,244.1080460487411,-9559038.54,NEGATIVE_GAMMA,HIGH,SCAN,VERIFIED
2026-09-04,RRC,SUPPORTIVE,83,RANGE,56,53,0.048214,42.0,1.0021,45.0,38.0,39.2000190458276,1816756.36,POSITIVE_GAMMA,MEDIUM,SCAN,VERIFIED
2026-09-04,RRX,HEADWIND,32,VOLATILE,50,45,0.070306,162.86,5.4207,185.0,150.0,175.6420077891142,-375306.62,NEGATIVE_GAMMA,MEDIUM,SCAN,VERIFIED
2026-09-04,RSG,SUPPORTIVE,93,UP,70,72,0.031319,222.71,3.7386,230.0,220.0,212.28033551500573,889565.97,POSITIVE_GAMMA,MEDIUM,SCAN,VERIFIED
2026-09-04,RTX,SUPPORTIVE,93,RANGE,58,64,0.034862,200.79,4.4057,210.0,195.0,196.20288920375586,2626966.87,POSITIVE_GAMMA,HIGH,SCAN,VERIFIED
2026-09-04,RUM,NEUTRAL,73,RANGE,35,65,0.090116,8.6,0.706,9.0,8.0,,724016.72,UNKNOWN,MEDIUM,SCAN,VERIFIED
2026-09-04,RUN,SUPPORTIVE,93,RANGE,50,45,0.095613,8.89,0.4184,9.5,8.0,8.32712137712617,222718.9,POSITIVE_GAMMA,MEDIUM,SCAN,VERIFIED
2026-09-04,RVMD,NEUTRAL,73,RANGE,53,49,0.069517,210.02,8.3215,220.0,195.0,,6783046.650799945,UNKNOWN,MEDIUM,DETAIL,VERIFIED
2026-09-04,RVTY,NEUTRAL,73,RANGE,60,58,0.054523,130.22,4.1321,135.0,130.0,,129705.07,UNKNOWN,MEDIUM,SCAN,VERIFIED
2026-09-04,RY,ACCELERATION,84,VOLATILE,62,61,0.028017,210.59,4.0164,220.0,210.0,213.53472314413963,-988004.46,NEAR_FLIP,MEDIUM,SCAN,VERIFIED
2026-09-04,S,NEUTRAL,65,DOWN,28,83,0.075453,19.88,1.164,22.0,15.0,,2647072.94,UNKNOWN,HIGH,SCAN,VERIFIED
2026-09-04,SA,BREAKOUT WATCH,91,RANGE,59,57,0.09268,31.83,2.0707,34.0,30.0,25.720840279801457,956514.04,POSITIVE_GAMMA,MEDIUM,SCAN,VERIFIED
2026-09-04,SAIA,NEUTRAL,71,UP,69,71,0.062022,357.94,15.5243,380.0,340.0,351.2091316979781,143600.24,NEAR_FLIP,MEDIUM,SCAN,VERIFIED
2026-09-04,SAIC,HEADWIND,40,DOWN,30,72,0.050493,126.75,5.0629,130.0,120.0,145.98455819514473,-1144032.51,NEGATIVE_GAMMA,MEDIUM,SCAN,VERIFIED
2026-09-04,SAM,NEUTRAL,71,UP,70,72,0.061471,168.78,6.2129,180.0,165.0,166.42295987903998,16834.75,NEAR_FLIP,MEDIUM,SCAN,VERIFIED
2026-09-04,SANM,SUPPORTIVE,93,RANGE,50,45,0.089686,198.47,9.4021,210.0,180.0,187.6285025030757,405381.96,POSITIVE_GAMMA,MEDIUM,SCAN,VERIFIED
2026-09-04,SBAC,HEADWIND,32,DOWN,30,72,0.045925,189.44,4.4843,195.0,175.0,195.43381824119095,-381817.24,NEGATIVE_GAMMA,MEDIUM,SCAN,VERIFIED
2026-09-04,SBET,NEUTRAL,73,RANGE,35,65,0.120392,8.68,0.6029,9.0,8.0,,211754.59,UNKNOWN,MEDIUM,SCAN,VERIFIED
2026-09-04,SBLK,BREAKOUT WATCH,81,RANGE,50,45,0.043954,32.42,0.8893,33.0,29.0,26.268259301141725,302469.48,POSITIVE_GAMMA,MEDIUM,SCAN,VERIFIED
2026-09-04,SBUX,SUPPORTIVE,93,RANGE,52,56,0.038959,104.47,2.485,110.0,100.0,101.96326816609286,3989121.25,POSITIVE_GAMMA,HIGH,SCAN,VERIFIED
2026-09-04,SCCO,BREAKOUT WATCH,91,RANGE,50,53,0.067921,198.76,8.9886,200.0,195.0,187.42320988793406,516413.71,POSITIVE_GAMMA,HIGH,SCAN,VERIFIED
2026-09-04,SCHW,BREAKOUT WATCH,91,RANGE,38,69,0.033489,109.29,2.2993,110.0,105.0,96.45396205674031,12681269.88,POSITIVE_GAMMA,HIGH,SCAN,VERIFIED
2026-09-04,SCI,SUPPORTIVE,83,RANGE,50,45,0.027369,82.21,1.5157,85.0,77.5,78.32022395837438,1153133.7,POSITIVE_GAMMA,MEDIUM,SCAN,VERIFIED
2026-09-04,SEDG,NEUTRAL,56,VOLATILE,54,58,0.119006,34.2,1.8723,40.0,29.5,34.471774330527985,-28124.56,NEAR_FLIP,HIGH,SCAN,VERIFIED
2026-09-04,SEI,NEUTRAL,71,UP,75,79,0.100909,55.0,3.5141,70.0,50.0,52.77800999645221,223461.89,NEAR_FLIP,MEDIUM,SCAN,VERIFIED
2026-09-04,SEIC,NEUTRAL,75,RANGE,60,58,0.036009,110.39,1.7164,115.0,110.0,,297164.7,UNKNOWN,MEDIUM,SCAN,VERIFIED
2026-09-04,SEZL,BREAKOUT WATCH,91,UP,70,72,0.097446,120.58,5.4734,125.0,120.0,103.96517134887873,676257.58,POSITIVE_GAMMA,MEDIUM,SCAN,VERIFIED
2026-09-04,SFM,BREAKOUT WATCH,69,VOLATILE,65,65,0.065111,81.4,3.5729,85.0,80.0,81.19454080002066,45391.66,NEAR_FLIP,MEDIUM,SCAN,VERIFIED
2026-09-04,SG,NEUTRAL,63,RANGE,45,52,0.113304,6.84,0.3778,7.0,6.0,,153110.02,UNKNOWN,MEDIUM,SCAN,VERIFIED
2026-09-04,SGHC,HEADWIND,30,DOWN,30,72,0.057184,13.99,0.4132,14.0,13.0,15.868881454449545,-155118.9,NEGATIVE_GAMMA,MEDIUM,SCAN,VERIFIED
2026-09-04,SGI,NEUTRAL,75,RANGE,50,45,0.057965,69.87,2.4121,75.0,65.0,,3842866.88,UNKNOWN,MEDIUM,SCAN,VERIFIED
2026-09-04,SGML,BREAKOUT WATCH,91,RANGE,45,52,0.115012,12.39,0.7101,13.0,11.0,9.382973270321454,179470.99,POSITIVE_GAMMA,MEDIUM,SCAN,VERIFIED
2026-09-04,SHAK,BREAKOUT WATCH,59,VOLATILE,50,53,0.06268,69.4,2.5067,70.0,60.0,67.39743278514948,229411.0,NEAR_FLIP,HIGH,SCAN,VERIFIED
2026-09-04,SHOP,SUPPORTIVE,93,RANGE,58,64,0.077538,145.09,4.9485,160.0,135.0,109.04043067416129,67621607.47,POSITIVE_GAMMA,HIGH,SCAN,VERIFIED
2026-09-04,SHW,NEUTRAL,71,UP,70,80,0.038357,333.71,7.2264,350.0,330.0,330.8105812877203,765320.18,NEAR_FLIP,HIGH,SCAN,VERIFIED
2026-09-04,SIG,NEUTRAL,66,VOLATILE,55,52,0.114302,85.3,2.8707,100.0,85.0,88.008694130438,-7471.94,NEAR_FLIP,MEDIUM,SCAN,VERIFIED
2026-09-04,SII,HEADWIND,40,DOWN,30,72,0.057915,129.5,5.1386,130.0,125.0,135.0509421467187,-38851.73,NEGATIVE_GAMMA,MEDIUM,SCAN,VERIFIED
2026-09-04,SIRI,SUPPORTIVE,83,RANGE,65,73,0.048982,28.99,0.7271,33.0,27.0,26.297267093760812,6573988.03,POSITIVE_GAMMA,HIGH,SCAN,VERIFIED
2026-09-04,SITM,ACCELERATION,89,UP,77,81,0.104887,612.09,37.7803,720.0,590.0,606.3535134971568,32991.01,NEAR_FLIP,MEDIUM,SCAN,VERIFIED
2026-09-04,SJM,BREAKOUT WATCH,91,UP,70,72,0.041244,126.08,3.6743,130.0,125.0,106.84855842335237,1357780.86,POSITIVE_GAMMA,MEDIUM,SCAN,VERIFIED
2026-09-04,SKT,SUPPORTIVE,93,UP,70,72,0.058335,37.33,0.6,40.0,37.0,28.729518093267924,143586.88,POSITIVE_GAMMA,MEDIUM,SCAN,VERIFIED
2026-09-04,SLB,ACCELERATION,100,UP,82,95,0.050426,57.51,1.9364,60.0,57.5,51.87203291913029,13321906.85,POSITIVE_GAMMA,HIGH,SCAN,VERIFIED
2026-09-04,SLG,BREAKOUT WATCH,91,RANGE,50,45,0.045896,55.56,1.6857,57.5,52.5,47.18003653543851,209355.25,POSITIVE_GAMMA,MEDIUM,SCAN,VERIFIED
2026-09-04,SLS,NEUTRAL,73,RANGE,40,58,0.176768,13.86,1.285,15.0,12.0,,674541.66,UNKNOWN,MEDIUM,SCAN,VERIFIED
2026-09-04,SM,BREAKOUT WATCH,69,VOLATILE,57,54,0.078897,36.44,1.3579,37.5,35.0,35.27523594278679,115882.25,NEAR_FLIP,MEDIUM,SCAN,VERIFIED
2026-09-04,SMCI,ACCELERATION,100,RANGE,67,76,0.107982,39.59,2.23,40.0,35.0,29.095281554601232,10632275.41,POSITIVE_GAMMA,HIGH,SCAN,VERIFIED
2026-09-04,SMG,BREAKOUT WATCH,54,VOLATILE,40,58,0.057172,59.47,1.97,60.0,55.0,59.952926121565646,-21058.67,NEAR_FLIP,MEDIUM,SCAN,VERIFIED
2026-09-04,SMMT,ACCELERATION,81,RANGE,57,54,0.160466,17.605,0.9879,18.0,13.0,,198051.85,UNKNOWN,MEDIUM,SCAN,VERIFIED
2026-09-04,SMR,BREAKOUT WATCH,91,RANGE,50,45,0.112371,9.7,0.6236,10.0,9.0,7.917560361432214,380560.09,POSITIVE_GAMMA,MEDIUM,SCAN,VERIFIED
2026-09-04,SMTC,ACCELERATION,91,RANGE,57,54,0.115968,147.885,11.0443,155.0,135.0,,6383802.76,UNKNOWN,MEDIUM,SCAN,VERIFIED
2026-09-04,SN,HEADWIND,42,VOLATILE,50,45,0.057388,173.38,5.5374,195.0,170.0,196.37680482374506,-4611578.71,NEGATIVE_GAMMA,MEDIUM,SCAN,VERIFIED
2026-09-04,SNA,SUPPORTIVE,83,RANGE,50,45,0.0297,383.0,5.7421,390.0,370.0,359.25096445944973,361291.31,POSITIVE_GAMMA,MEDIUM,SCAN,VERIFIED
2026-09-04,SNDK,BREAKOUT WATCH,86,UP,74,85,0.115833,1740.0,109.8264,1800.0,1450.0,1548.68,38826483.03968827,POSITIVE_GAMMA,HIGH,DETAIL,VERIFIED
2026-09-04,SNDX,HEADWIND,42,VOLATILE,50,45,0.099263,20.56,0.7532,22.0,20.0,22.868638374684075,-56584.28,NEGATIVE_GAMMA,MEDIUM,SCAN,VERIFIED
2026-09-04,SNEX,SUPPORTIVE,93,RANGE,64,64,0.064426,69.46,2.3386,75.0,65.0,59.38352521797368,218625.59,POSITIVE_GAMMA,MEDIUM,SCAN,VERIFIED
2026-09-04,SNOW,BREAKOUT WATCH,91,RANGE,45,60,0.06584,337.18,18.0475,340.0,330.0,284.82885221027686,14310796.86,POSITIVE_GAMMA,HIGH,SCAN,VERIFIED
2026-09-04,SNPS,HEADWIND,32,DOWN,31,79,0.062589,393.84,17.3943,440.0,330.0,460.9288182752966,-16217940.53,NEGATIVE_GAMMA,HIGH,SCAN,VERIFIED
2026-09-04,SNX,NEUTRAL,65,RANGE,40,58,0.053115,262.64,7.2286,280.0,230.0,,1013712.12,UNKNOWN,MEDIUM,SCAN,VERIFIED
2026-09-04,SO,NEUTRAL,71,VOLATILE,48,56,0.023266,88.11,1.3621,90.0,87.5,87.77047159065192,427363.41,NEAR_FLIP,HIGH,SCAN,VERIFIED
2026-09-04,SOFI,SUPPORTIVE,93,UP,70,80,0.073271,18.22,0.9079,22.0,18.0,16.978968304945838,4933742.59,POSITIVE_GAMMA,HIGH,SCAN,VERIFIED
2026-09-04,SOLS,SUPPORTIVE,93,UP,75,79,0.069041,63.73,2.9568,70.0,60.0,59.14351809998698,2109480.13,POSITIVE_GAMMA,MEDIUM,SCAN,VERIFIED
2026-09-04,SOLV,SUPPORTIVE,93,UP,70,72,0.04826,91.69,2.0047,95.0,90.0,68.2654334280328,1317241.71,POSITIVE_GAMMA,MEDIUM,SCAN,VERIFIED
2026-09-04,SOUN,NEUTRAL,56,VOLATILE,50,45,0.088279,6.74,0.3229,8.0,6.0,6.997482328508162,-56311.46,NEAR_FLIP,MEDIUM,SCAN,VERIFIED
2026-09-04,SOXL,ACCELERATION,87,VOLATILE,51,54,0.16904,117.28,11.0564,130.0,100.0,120.77,-433392.75269123376,NEAR_FLIP,HIGH,DETAIL,VERIFIED
2026-09-04,SPB,NEUTRAL,63,RANGE,40,58,0.052825,88.5,2.3014,90.0,80.0,,118088.87,UNKNOWN,MEDIUM,SCAN,VERIFIED
2026-09-04,SPG,BREAKOUT WATCH,59,DOWN,28,75,0.031035,209.44,2.9593,210.0,190.0,208.79961241067286,154454.76,NEAR_FLIP,MEDIUM,SCAN,VERIFIED
2026-09-04,SPGI,SUPPORTIVE,93,UP,70,72,0.040585,443.51,11.8714,460.0,440.0,423.3779350268698,1517692.51,POSITIVE_GAMMA,MEDIUM,SCAN,VERIFIED
2026-09-04,SPOT,SUPPORTIVE,83,RANGE,51,54,0.055168,542.43,20.1954,580.0,490.0,509.3425016073653,11180857.91,POSITIVE_GAMMA,HIGH,SCAN,VERIFIED
2026-09-04,SPXC,SUPPORTIVE,93,RANGE,58,56,0.054489,196.37,6.8379,210.0,195.0,179.88027165547473,210532.71,POSITIVE_GAMMA,MEDIUM,SCAN,VERIFIED
2026-09-04,SPY,NEUTRAL,76,VOLATILE,65,73,0.017424,770.19,5.5029,779.0,760.0,770.11,23113917.873573303,NEAR_FLIP,HIGH,DETAIL,VERIFIED
2026-09-04,SRE,NEUTRAL,71,UP,70,72,0.046406,84.04,2.3364,90.0,80.0,83.035869612269,275466.81,NEAR_FLIP,MEDIUM,SCAN,VERIFIED
2026-09-04,SRPT,NEUTRAL,73,RANGE,35,65,0.11,22.5,1.4307,24.0,20.0,,168128.48,UNKNOWN,MEDIUM,SCAN,VERIFIED
2026-09-04,SSB,BREAKOUT WATCH,81,RANGE,50,45,0.094243,107.98,1.8707,110.0,95.0,88.52930402967607,300529.52,POSITIVE_GAMMA,MEDIUM,SCAN,VERIFIED
2026-09-04,SSRM,NEUTRAL,65,RANGE,55,60,0.080081,37.15,1.8307,42.0,33.0,,541332.32,UNKNOWN,HIGH,SCAN,VERIFIED
2026-09-04,ST,NEUTRAL,75,RANGE,65,65,0.049327,43.08,1.3036,50.0,42.5,,267679.35,UNKNOWN,MEDIUM,SCAN,VERIFIED
2026-09-04,STE,BREAKOUT WATCH,81,RANGE,50,45,0.091166,224.59,5.0857,230.0,210.0,212.5494936917633,216448.83,POSITIVE_GAMMA,MEDIUM,SCAN,VERIFIED
2026-09-04,STLD,ACCELERATION,91,RANGE,52,48,0.066719,242.06,10.2293,250.0,230.0,,1489860.58,UNKNOWN,MEDIUM,SCAN,VERIFIED
2026-09-04,STNG,NEUTRAL,71,VOLATILE,65,65,0.055859,82.35,2.1286,85.0,80.0,81.34481023540732,78827.34,NEAR_FLIP,MEDIUM,SCAN,VERIFIED
2026-09-04,STRL,HEADWIND,40,VOLATILE,35,65,0.093733,486.49,27.9007,500.0,450.0,595.3559542032142,-1299707.39,NEGATIVE_GAMMA,MEDIUM,SCAN,VERIFIED
2026-09-04,STT,SUPPORTIVE,83,RANGE,50,45,0.038865,194.26,4.1764,200.0,180.0,163.42162275992703,756558.77,POSITIVE_GAMMA,MEDIUM,SCAN,VERIFIED
2026-09-04,STWD,HEADWIND,42,VOLATILE,50,45,0.024876,16.08,0.2721,17.0,16.0,16.570120182956003,-383439.58,NEGATIVE_GAMMA,MEDIUM,SCAN,VERIFIED
2026-09-04,STX,ACCELERATION,82,VOLATILE,57,62,0.103028,849.28,49.4321,850.0,780.0,853.1830883599238,-426611.96,NEAR_FLIP,HIGH,SCAN,VERIFIED
2026-09-04,STZ,HEADWIND,42,VOLATILE,50,53,0.033352,128.18,2.605,140.0,125.0,133.30742064081977,-2171026.7,NEGATIVE_GAMMA,HIGH,SCAN,VERIFIED
2026-09-04,SU,SUPPORTIVE,93,RANGE,60,66,0.043443,67.33,1.5964,70.0,65.0,65.06944568569676,1273312.85,POSITIVE_GAMMA,HIGH,SCAN,VERIFIED
2026-09-04,SUI,HEADWIND,42,DOWN,32,69,0.030559,119.44,2.3671,125.0,115.0,122.66841299711253,-402870.67,NEGATIVE_GAMMA,MEDIUM,SCAN,VERIFIED
2026-09-04,SUN,BREAKOUT WATCH,64,VOLATILE,45,52,0.040675,75.6,1.8864,77.5,72.5,75.75805854272188,-7972.46,NEAR_FLIP,MEDIUM,SCAN,VERIFIED
2026-09-04,SWK,BREAKOUT WATCH,91,RANGE,60,58,0.050842,97.36,2.6536,100.0,95.0,93.3368244182098,646865.42,POSITIVE_GAMMA,MEDIUM,SCAN,VERIFIED
2026-09-04,SWKS,ACCELERATION,100,UP,73,76,0.070251,74.02,3.0736,77.5,70.0,64.1328829276309,1161186.56,POSITIVE_GAMMA,MEDIUM,SCAN,VERIFIED
2026-09-04,SYF,BREAKOUT WATCH,81,RANGE,50,45,0.044107,79.92,2.1757,80.0,75.0,74.74510555042855,1635370.22,POSITIVE_GAMMA,MEDIUM,SCAN,VERIFIED
2026-09-04,SYK,NEUTRAL,66,VOLATILE,48,48,0.043381,303.13,9.7757,340.0,300.0,303.42106234150367,-57345.27,NEAR_FLIP,MEDIUM,SCAN,VERIFIED
2026-09-04,SYM,SUPPORTIVE,93,RANGE,65,73,0.071612,42.94,1.7074,46.0,40.0,40.24287623240131,161408.87,POSITIVE_GAMMA,HIGH,SCAN,VERIFIED
2026-09-04,SYNA,SUPPORTIVE,83,RANGE,56,53,0.07324,98.99,3.5243,110.0,85.0,78.63779688624639,361011.46,POSITIVE_GAMMA,MEDIUM,SCAN,VERIFIED
2026-09-04,SYRE,NEUTRAL,68,RANGE,60,58,0.115194,88.98,5.3861,95.0,85.0,,-232029.5,UNKNOWN,MEDIUM,SCAN,VERIFIED
2026-09-04,SYY,SUPPORTIVE,93,RANGE,58,56,0.030294,80.05,1.3407,82.5,80.0,75.76649489640761,2752835.02,POSITIVE_GAMMA,MEDIUM,SCAN,VERIFIED
2026-09-04,T,BREAKOUT WATCH,91,RANGE,50,53,0.034268,25.68,0.4721,26.0,25.0,25.05316786851842,3864261.29,POSITIVE_GAMMA,HIGH,SCAN,VERIFIED
2026-09-04,TAP,NEUTRAL,66,VOLATILE,60,58,0.046914,40.5,1.0557,42.5,40.0,40.750042575399725,-32519.25,NEAR_FLIP,MEDIUM,SCAN,VERIFIED
2026-09-04,TD,ACCELERATION,100,UP,82,88,0.032476,121.63,2.4114,125.0,120.0,116.1689533933305,2100901.32,POSITIVE_GAMMA,MEDIUM,SCAN,VERIFIED
2026-09-04,TDG,HEADWIND,42,VOLATILE,50,45,0.193709,1162.05,23.8293,1200.0,1150.0,1235.3888883084362,-5639440.81,NEGATIVE_GAMMA,MEDIUM,SCAN,VERIFIED
2026-09-04,TDW,BREAKOUT WATCH,86,UP,69,71,0.068428,94.26,3.7114,95.0,70.0,82.47,122771.63722595651,POSITIVE_GAMMA,MEDIUM,DETAIL,VERIFIED
2026-09-04,TEAM,ACCELERATION,81,RANGE,47,57,0.084661,189.58,9.5766,200.0,160.0,,4266483.91,UNKNOWN,HIGH,SCAN,VERIFIED
2026-09-04,TECH,SUPPORTIVE,83,RANGE,60,58,0.077317,72.43,0.1829,75.0,70.0,57.25954094985588,3400116.77,POSITIVE_GAMMA,MEDIUM,SCAN,VERIFIED
2026-09-04,TECK,BREAKOUT WATCH,81,RANGE,50,53,0.071635,69.1,2.0629,70.0,60.0,50.62285503387983,5392077.58,POSITIVE_GAMMA,HIGH,SCAN,VERIFIED
2026-09-04,TEL,NEUTRAL,71,VOLATILE,64,64,0.049365,208.65,5.925,220.0,200.0,202.9178367489773,872202.27,NEAR_FLIP,MEDIUM,SCAN,VERIFIED
2026-09-04,TEM,BREAKOUT WATCH,91,RANGE,38,69,0.114516,64.62,5.7714,65.0,60.0,54.84541353142665,2367522.47,POSITIVE_GAMMA,HIGH,SCAN,VERIFIED
2026-09-04,TENB,BREAKOUT WATCH,64,DOWN,30,80,0.083942,34.25,2.0986,35.0,30.0,35.62909277053832,-78034.2,NEAR_FLIP,HIGH,SCAN,VERIFIED
2026-09-04,TER,HEADWIND,42,VOLATILE,55,60,0.099431,357.03,20.6971,400.0,330.0,405.0512383943386,-2203402.5,NEGATIVE_GAMMA,HIGH,SCAN,VERIFIED
2026-09-04,TEX,ACCELERATION,93,UP,72,75,0.06682,63.23,2.5757,75.0,60.0,,2461302.61,UNKNOWN,MEDIUM,SCAN,VERIFIED
2026-09-04,TFC,BREAKOUT WATCH,91,RANGE,50,45,0.035818,51.65,0.96,52.5,50.0,48.1184922936613,5768928.38,POSITIVE_GAMMA,MEDIUM,SCAN,VERIFIED
2026-09-04,TGT,BREAKOUT WATCH,91,RANGE,64,72,0.041505,164.44,5.3086,170.0,160.0,148.05727814724165,13331319.06,POSITIVE_GAMMA,HIGH,SCAN,VERIFIED
2026-09-04,TGTX,SUPPORTIVE,93,RANGE,50,45,0.103599,55.985,2.7375,60.0,50.0,40.11745455390213,659705.17,POSITIVE_GAMMA,MEDIUM,SCAN,VERIFIED
2026-09-04,TH,HEADWIND,30,VOLATILE,35,65,0.130725,19.52,1.0392,20.0,15.0,21.330060726972423,-20851.33,NEGATIVE_GAMMA,MEDIUM,SCAN,VERIFIED
2026-09-04,THC,SUPPORTIVE,93,RANGE,58,56,0.058857,265.05,8.5307,280.0,260.0,250.50921997833314,926977.31,POSITIVE_GAMMA,MEDIUM,SCAN,VERIFIED
2026-09-04,THO,SUPPORTIVE,83,RANGE,50,45,0.057187,76.94,2.3164,80.0,70.0,69.85131970478841,305455.94,POSITIVE_GAMMA,MEDIUM,SCAN,VERIFIED
2026-09-04,TIGO,BREAKOUT WATCH,81,RANGE,50,45,0.057471,94.83,3.0693,95.0,85.0,79.29013467452354,417906.44,POSITIVE_GAMMA,MEDIUM,SCAN,VERIFIED
2026-09-04,TJX,BREAKOUT WATCH,86,RANGE,58,64,0.031042,132.08,2.9629,135.0,130.0,95.88164288296532,-9618527.96,POSITIVE_GAMMA,HIGH,SCAN,VERIFIED
2026-09-04,TKO,NEUTRAL,71,VOLATILE,54,50,0.049997,186.01,5.1379,200.0,175.0,185.69395071366722,4340.77,NEAR_FLIP,MEDIUM,SCAN,VERIFIED
2026-09-04,TKR,NEUTRAL,66,VOLATILE,50,45,0.060693,123.16,3.4793,135.0,120.0,125.58325214991108,-58266.69,NEAR_FLIP,MEDIUM,SCAN,VERIFIED
2026-09-04,TLN,HEADWIND,40,VOLATILE,41,65,0.087855,317.0,14.7217,330.0,300.0,358.09587025832656,-3365802.36,NEGATIVE_GAMMA,HIGH,SCAN,VERIFIED
2026-09-04,TMDX,BREAKOUT WATCH,59,VOLATILE,45,52,0.084741,89.98,4.1489,90.0,80.0,89.95911498690442,5434.74,NEAR_FLIP,MEDIUM,SCAN,VERIFIED
2026-09-04,TMO,BREAKOUT WATCH,91,RANGE,64,72,0.036332,613.78,17.1393,630.0,600.0,531.9448630842625,15214199.48,POSITIVE_GAMMA,HIGH,SCAN,VERIFIED
2026-09-04,TMUS,SUPPORTIVE,93,RANGE,65,73,0.036635,181.52,4.0971,190.0,180.0,175.17959867857405,2581694.13,POSITIVE_GAMMA,HIGH,SCAN,VERIFIED
2026-09-04,TNDM,NEUTRAL,75,RANGE,55,52,0.106784,19.9,1.1192,25.0,19.0,,31466.55,UNKNOWN,MEDIUM,SCAN,VERIFIED
2026-09-04,TNGX,NEUTRAL,70,RANGE,50,45,0.148757,22.52,1.4123,25.0,20.0,,-341961.38,UNKNOWN,MEDIUM,SCAN,VERIFIED
2026-09-04,TNK,BREAKOUT WATCH,69,VOLATILE,53,49,0.058102,93.37,3.3257,95.0,90.0,92.38,19687.292760165357,NEAR_FLIP,MEDIUM,DETAIL,VERIFIED
2026-09-04,TNL,NEUTRAL,56,VOLATILE,44,53,0.043721,66.33,2.0007,80.0,55.0,67.05390283081242,-21434.72,NEAR_FLIP,MEDIUM,SCAN,VERIFIED
2026-09-04,TOL,NEUTRAL,66,VOLATILE,60,58,0.046744,141.73,4.2386,150.0,140.0,143.1347035325813,-343550.62,NEAR_FLIP,MEDIUM,SCAN,VERIFIED
2026-09-04,TOST,BREAKOUT WATCH,91,RANGE,38,69,0.063918,33.95,1.1924,35.0,32.0,25.396985786874755,1208475.75,POSITIVE_GAMMA,HIGH,SCAN,VERIFIED
2026-09-04,TPB,NEUTRAL,70,RANGE,55,52,0.050186,75.22,3.2423,85.0,75.0,,-166508.09,UNKNOWN,MEDIUM,SCAN,VERIFIED
2026-09-04,TPG,SUPPORTIVE,83,RANGE,50,45,0.047483,52.65,1.625,55.0,47.5,39.059858429484116,593182.71,POSITIVE_GAMMA,MEDIUM,SCAN,VERIFIED
2026-09-04,TPL,NEUTRAL,71,VOLATILE,60,58,0.063048,362.42,13.5586,380.0,360.0,360.6748034872579,62084.85,NEAR_FLIP,MEDIUM,SCAN,VERIFIED
2026-09-04,TPR,HEADWIND,32,DOWN,18,95,0.048101,122.14,3.4171,130.0,110.0,137.85620898330518,-1050368.76,NEGATIVE_GAMMA,HIGH,SCAN,VERIFIED
2026-09-04,TQQQ,SUPPORTIVE,98,UP,79,92,0.072198,72.37,2.4821,80.0,70.0,68.8,7978322.0491100475,POSITIVE_GAMMA,HIGH,DETAIL,VERIFIED
2026-09-04,TRGP,SUPPORTIVE,93,UP,70,72,0.047233,290.05,9.0243,320.0,290.0,203.06466454187924,4272291.43,POSITIVE_GAMMA,MEDIUM,SCAN,VERIFIED
2026-09-04,TRI,HEADWIND,32,VOLATILE,35,65,0.070259,105.68,4.105,115.0,95.0,129.0525982431171,-506720.38,NEGATIVE_GAMMA,MEDIUM,SCAN,VERIFIED
2026-09-04,TRIP,HEADWIND,42,VOLATILE,50,45,0.101877,9.325,0.3386,11.0,9.0,10.257786855408382,-141595.0,NEGATIVE_GAMMA,MEDIUM,SCAN,VERIFIED
2026-09-04,TRMD,SUPPORTIVE,83,RANGE,55,52,0.085986,35.18,1.0167,37.5,30.0,33.055821950825994,56935.31,POSITIVE_GAMMA,MEDIUM,SCAN,VERIFIED
2026-09-04,TROW,BREAKOUT WATCH,54,DOWN,30,72,0.04213,109.78,2.1257,110.0,105.0,111.70534805855975,-596394.28,NEAR_FLIP,MEDIUM,SCAN,VERIFIED
2026-09-04,TRP,NEUTRAL,71,VOLATILE,60,58,0.031544,62.61,1.3636,67.5,60.0,62.457215218921085,6512.31,NEAR_FLIP,MEDIUM,SCAN,VERIFIED
2026-09-04,TRU,SUPPORTIVE,93,RANGE,65,65,0.065724,79.88,2.9265,90.0,75.0,66.95066880998691,156021.33,POSITIVE_GAMMA,MEDIUM,SCAN,VERIFIED
2026-09-04,TRV,NEUTRAL,71,VOLATILE,60,58,0.031271,369.35,6.2271,380.0,360.0,364.16387976904116,764822.61,NEAR_FLIP,MEDIUM,SCAN,VERIFIED
2026-09-04,TSCO,BREAKOUT WATCH,81,RANGE,50,53,0.051443,34.99,0.9757,35.0,30.0,30.690906400623838,2314770.36,POSITIVE_GAMMA,HIGH,SCAN,VERIFIED
2026-09-04,TSEM,HEADWIND,42,VOLATILE,55,60,0.112443,222.335,12.4471,255.0,200.0,253.1990722556,-3252820.13,NEGATIVE_GAMMA,HIGH,SCAN,VERIFIED
2026-09-04,TSLA,BREAKOUT WATCH,64,VOLATILE,35,73,0.060156,354.08,15.3371,370.0,340.0,363.44449832729305,-37373039.3,NEAR_FLIP,HIGH,SCAN,VERIFIED
2026-09-04,TSN,HEADWIND,42,VOLATILE,38,61,0.041326,51.42,1.3986,60.0,50.0,56.13155212684391,-748104.18,NEGATIVE_GAMMA,MEDIUM,SCAN,VERIFIED
2026-09-04,TT,BREAKOUT WATCH,69,VOLATILE,40,58,0.041304,447.9,9.4886,450.0,430.0,446.4733192896514,141516.4,NEAR_FLIP,MEDIUM,SCAN,VERIFIED
2026-09-04,TTAN,SUPPORTIVE,93,RANGE,53,49,0.135919,87.92,4.5811,105.0,85.0,69.67366234853262,1210927.65,POSITIVE_GAMMA,MEDIUM,SCAN,VERIFIED
2026-09-04,TTC,SUPPORTIVE,93,UP,70,72,0.042323,93.33,2.6686,100.0,90.0,86.90256586152799,116449.6,POSITIVE_GAMMA,MEDIUM,SCAN,VERIFIED
2026-09-04,TTD,HEADWIND,30,DOWN,25,79,0.085239,14.43,0.5714,15.0,12.5,15.372605790790534,-298313.28,NEGATIVE_GAMMA,MEDIUM,SCAN,VERIFIED
2026-09-04,TTE,SUPPORTIVE,83,RANGE,60,58,0.031888,88.59,1.6729,95.0,82.5,85.71258923865092,1381739.96,POSITIVE_GAMMA,MEDIUM,SCAN,VERIFIED
2026-09-04,TTMI,BREAKOUT WATCH,91,RANGE,65,65,0.107882,125.6,8.1429,135.0,115.0,114.6730155351013,984649.23,POSITIVE_GAMMA,MEDIUM,SCAN,VERIFIED
2026-09-04,TTWO,HEADWIND,42,DOWN,28,83,0.050538,214.69,8.6193,230.0,200.0,231.3717330226955,-21933147.97,NEGATIVE_GAMMA,HIGH,SCAN,VERIFIED
2026-09-04,TVTX,SUPPORTIVE,88,UP,70,72,0.057828,65.28,2.0054,70.0,65.0,59.89000059082892,-6342.53,POSITIVE_GAMMA,MEDIUM,SCAN,VERIFIED
2026-09-04,TWLO,SUPPORTIVE,93,RANGE,59,65,0.072968,232.98,9.6681,250.0,220.0,167.26760948584874,2995353.83,POSITIVE_GAMMA,HIGH,SCAN,VERIFIED
2026-09-04,TWST,SUPPORTIVE,93,RANGE,56,53,0.109044,124.72,10.4171,145.0,120.0,109.36,-84058.32191617554,POSITIVE_GAMMA,MEDIUM,DETAIL,VERIFIED
2026-09-04,TXG,DATA LOW,0,UNKNOWN,50,0,0.109338,62.65,3.7826,70.0,60.0,69.74,-126846.86668183737,NEGATIVE_GAMMA,LOW,DETAIL,VERIFIED
2026-09-04,TXN,BREAKOUT WATCH,69,VOLATILE,50,53,0.049044,258.44,7.9093,260.0,250.0,253.38619752899538,2605166.67,NEAR_FLIP,HIGH,SCAN,VERIFIED
2026-09-04,TXRH,SUPPORTIVE,93,RANGE,58,56,0.035082,189.555,4.1821,200.0,185.0,171.99153360303538,770793.0,POSITIVE_GAMMA,MEDIUM,SCAN,VERIFIED
2026-09-04,TXT,HEADWIND,42,VOLATILE,38,61,0.033515,79.07,1.6429,87.5,77.5,84.73699587852283,-1062244.08,NEGATIVE_GAMMA,MEDIUM,SCAN,VERIFIED
2026-09-04,TYL,BREAKOUT WATCH,91,RANGE,65,65,0.065242,364.03,14.2343,380.0,360.0,318.1958596095159,668598.42,POSITIVE_GAMMA,MEDIUM,SCAN,VERIFIED
2026-09-04,U,NEUTRAL,71,VOLATILE,58,64,0.077892,41.66,1.6316,45.0,40.0,40.756020765543305,281669.06,NEAR_FLIP,HIGH,SCAN,VERIFIED
2026-09-04,UAL,BREAKOUT WATCH,64,VOLATILE,65,73,0.068908,111.38,3.7107,115.0,110.0,111.9966841441394,-365495.07,NEAR_FLIP,HIGH,SCAN,VERIFIED
2026-09-04,UBER,NEUTRAL,71,VOLATILE,58,64,0.052006,75.76,2.5864,80.0,75.0,73.9965067668543,8373787.94,NEAR_FLIP,HIGH,SCAN,VERIFIED
2026-09-04,UBS,ACCELERATION,100,UP,82,88,0.036566,55.38,0.8539,57.5,55.0,53.61514270142688,410664.37,POSITIVE_GAMMA,MEDIUM,SCAN,VERIFIED
2026-09-04,UCTT,SUPPORTIVE,83,RANGE,65,65,0.121151,72.43,4.885,90.0,55.0,53.594198914787086,1246326.8,POSITIVE_GAMMA,MEDIUM,SCAN,VERIFIED
2026-09-04,UEC,NEUTRAL,71,VOLATILE,60,58,0.097054,11.54,0.7621,14.0,11.0,11.28021335339539,44654.58,NEAR_FLIP,MEDIUM,SCAN,VERIFIED
2026-09-04,UHS,HEADWIND,40,DOWN,30,72,0.044356,169.65,4.6957,175.0,160.0,174.5087338429006,-281090.14,NEGATIVE_GAMMA,MEDIUM,SCAN,VERIFIED
2026-09-04,ULS,BREAKOUT WATCH,81,RANGE,50,45,0.043004,73.83,1.7366,75.0,70.0,54.57751461365794,1018275.13,POSITIVE_GAMMA,MEDIUM,SCAN,VERIFIED
2026-09-04,ULTA,BREAKOUT WATCH,91,RANGE,50,53,0.054598,564.12,20.7293,570.0,540.0,519.7810894571556,5341532.18,POSITIVE_GAMMA,HIGH,SCAN,VERIFIED
2026-09-04,UMAC,HEADWIND,42,VOLATILE,45,60,0.15888,23.76,2.2969,30.0,20.0,27.670487184480432,-95851.05,NEGATIVE_GAMMA,HIGH,SCAN,VERIFIED
2026-09-04,UMBF,NEUTRAL,65,RANGE,40,58,0.05133,143.76,3.0243,150.0,115.0,,581411.99,UNKNOWN,MEDIUM,SCAN,VERIFIED
2026-09-04,UNFI,SUPPORTIVE,93,UP,70,72,0.131459,43.93,1.5479,49.0,43.0,40.42139508778254,35905.22,POSITIVE_GAMMA,MEDIUM,SCAN,VERIFIED
2026-09-04,UNH,BREAKOUT WATCH,91,RANGE,50,53,0.04331,397.14,7.6129,400.0,390.0,387.851450616553,16718639.09,POSITIVE_GAMMA,HIGH,SCAN,VERIFIED
2026-09-04,UNM,SUPPORTIVE,83,RANGE,56,53,0.049296,95.85,2.21,100.0,87.5,78.21255894907638,6714587.83,POSITIVE_GAMMA,MEDIUM,SCAN,VERIFIED
2026-09-04,UNP,SUPPORTIVE,83,RANGE,38,69,0.038499,289.62,6.1536,300.0,270.0,264.63831561945324,35338755.61,POSITIVE_GAMMA,HIGH,SCAN,VERIFIED
2026-09-04,UPS,NEUTRAL,66,VOLATILE,44,61,0.035194,102.29,1.8871,105.0,100.0,103.4376766264902,-2045236.24,NEAR_FLIP,HIGH,SCAN,VERIFIED
2026-09-04,UPST,NEUTRAL,71,UP,70,80,0.087879,28.05,1.5497,30.0,27.5,27.461696746798072,139934.87,NEAR_FLIP,HIGH,SCAN,VERIFIED
2026-09-04,URBN,HEADWIND,42,DOWN,30,80,0.058664,80.97,3.3236,85.0,75.0,99.96209742861515,-1498804.3,NEGATIVE_GAMMA,HIGH,SCAN,VERIFIED
2026-09-04,URGN,NEUTRAL,75,RANGE,60,58,0.14289,44.09,1.9478,50.0,40.0,,60223.6,UNKNOWN,MEDIUM,SCAN,VERIFIED
2026-09-04,URI,HEADWIND,40,DOWN,18,95,0.052037,1009.86,30.2043,1030.0,960.0,1099.4224795912917,-3326934.69,NEGATIVE_GAMMA,HIGH,SCAN,VERIFIED
2026-09-04,USAR,NEUTRAL,71,VOLATILE,50,53,0.116127,17.61,1.3161,20.0,15.0,17.20736361811817,145673.37,NEAR_FLIP,HIGH,SCAN,VERIFIED
2026-09-04,USB,SUPPORTIVE,93,UP,70,80,0.032823,63.37,1.1371,65.0,62.5,55.685519396687575,6846726.39,POSITIVE_GAMMA,HIGH,SCAN,VERIFIED
2026-09-04,USFD,SUPPORTIVE,93,UP,70,72,0.037726,104.04,2.3818,115.0,100.0,84.4622492060064,279807.47,POSITIVE_GAMMA,MEDIUM,SCAN,VERIFIED
2026-09-04,UTHR,HEADWIND,42,VOLATILE,50,53,0.055885,487.61,13.8014,570.0,480.0,509.753129170483,-19338675.17,NEGATIVE_GAMMA,HIGH,SCAN,VERIFIED
2026-09-04,UUUU,BREAKOUT WATCH,91,RANGE,60,58,0.101244,14.47,0.9186,15.0,14.0,11.623699936862206,222964.29,POSITIVE_GAMMA,MEDIUM,SCAN,VERIFIED
2026-09-04,V,SUPPORTIVE,93,UP,70,80,0.027728,375.07,6.2857,385.0,370.0,352.580461253425,66936297.39,POSITIVE_GAMMA,HIGH,SCAN,VERIFIED
2026-09-04,VAL,NEUTRAL,73,RANGE,55,52,0.074072,86.74,3.3764,90.0,85.0,,57042.98,UNKNOWN,MEDIUM,SCAN,VERIFIED
2026-09-04,VEEV,ACCELERATION,91,RANGE,47,49,0.062889,275.09,11.7993,280.0,260.0,,2409518.84,UNKNOWN,MEDIUM,SCAN,VERIFIED
2026-09-04,VFC,NEUTRAL,60,RANGE,45,52,0.068773,13.45,0.4121,15.0,10.0,,-3696301.83,UNKNOWN,MEDIUM,SCAN,VERIFIED
2026-09-04,VG,BREAKOUT WATCH,81,RANGE,50,45,0.083218,14.42,0.6007,15.0,12.5,11.13529620790364,2220740.13,POSITIVE_GAMMA,MEDIUM,SCAN,VERIFIED
2026-09-04,VIAV,HEADWIND,42,VOLATILE,43,62,0.096099,34.86,2.2207,40.0,33.0,41.20807576716824,-552568.51,NEGATIVE_GAMMA,HIGH,SCAN,VERIFIED
2026-09-04,VICR,HEADWIND,42,VOLATILE,55,52,0.120923,188.55,13.68,210.0,185.0,211.8565414365271,-1017501.46,NEGATIVE_GAMMA,MEDIUM,SCAN,VERIFIED
2026-09-04,VIK,NEUTRAL,66,VOLATILE,60,58,0.050985,85.81,3.0429,90.0,85.0,86.32576037908764,-77749.66,NEAR_FLIP,MEDIUM,SCAN,VERIFIED
2026-09-04,VIRT,NEUTRAL,63,RANGE,46,50,0.067515,64.43,3.3208,65.0,55.0,,799251.61,UNKNOWN,MEDIUM,SCAN,VERIFIED
2026-09-04,VKTX,NEUTRAL,75,RANGE,65,73,0.154861,34.87,1.5285,40.0,32.5,,790557.47,UNKNOWN,HIGH,SCAN,VERIFIED
2026-09-04,VLO,NEUTRAL,63,RANGE,40,66,0.066088,370.72,9.9079,380.0,330.0,,12918763.56,UNKNOWN,HIGH,SCAN,VERIFIED
2026-09-04,VLY,NEUTRAL,56,VOLATILE,40,58,0.049911,14.025,0.3164,15.0,12.0,14.04539131977689,-1918.9,NEAR_FLIP,MEDIUM,SCAN,VERIFIED
2026-09-04,VMC,HEADWIND,32,VOLATILE,50,45,0.036934,262.63,7.2336,300.0,240.0,279.15108694634563,-1037570.48,NEGATIVE_GAMMA,MEDIUM,SCAN,VERIFIED
2026-09-04,VNO,NEUTRAL,75,RANGE,50,53,0.153006,36.59,1.0264,38.0,35.0,,452287.54,UNKNOWN,HIGH,SCAN,VERIFIED
2026-09-04,VNOM,SUPPORTIVE,93,RANGE,64,64,0.045055,44.39,0.8496,46.0,43.0,40.66007957636232,709122.34,POSITIVE_GAMMA,MEDIUM,SCAN,VERIFIED
2026-09-04,VOYA,BREAKOUT WATCH,81,RANGE,56,53,0.020175,104.09,2.13,105.0,95.0,94.13472852243046,475051.38,POSITIVE_GAMMA,MEDIUM,SCAN,VERIFIED
2026-09-04,VOYG,SUPPORTIVE,93,UP,75,87,0.111226,33.94,2.0603,43.0,30.0,26.152125630571152,147730.82,POSITIVE_GAMMA,HIGH,SCAN,VERIFIED
2026-09-04,VPG,HEADWIND,32,DOWN,30,72,0.110697,63.01,4.0971,70.0,50.0,81.44371801753924,-88871.55,NEGATIVE_GAMMA,MEDIUM,SCAN,VERIFIED
2026-09-04,VRDN,NEUTRAL,70,RANGE,54,50,0.105803,22.92,0.7511,24.0,22.0,,-123314.89,UNKNOWN,MEDIUM,SCAN,VERIFIED
2026-09-04,VRSK,SUPPORTIVE,83,RANGE,45,52,0.047904,185.79,5.8379,200.0,160.0,179.5629986688104,385857.56,POSITIVE_GAMMA,MEDIUM,SCAN,VERIFIED
2026-09-04,VRSN,SUPPORTIVE,93,UP,70,72,0.045364,292.08,7.235,320.0,280.0,263.5604604635823,5798318.71,POSITIVE_GAMMA,MEDIUM,SCAN,VERIFIED
2026-09-04,VRT,ACCELERATION,79,VOLATILE,67,76,0.082255,280.53,12.8979,300.0,240.0,274.14102500596823,1886659.51,NEAR_FLIP,HIGH,SCAN,VERIFIED
2026-09-04,VRTX,BREAKOUT WATCH,81,RANGE,45,60,0.04358,546.12,12.465,555.0,510.0,498.42604999955967,5214482.41,POSITIVE_GAMMA,HIGH,SCAN,VERIFIED
2026-09-04,VSAT,SUPPORTIVE,93,RANGE,65,65,0.098911,75.32,3.6564,80.0,70.0,54.78989737206797,5933627.25,POSITIVE_GAMMA,MEDIUM,SCAN,VERIFIED
2026-09-04,VST,ACCELERATION,87,VOLATILE,57,62,0.068654,149.3,4.8774,150.0,145.0,149.12230458415104,212135.49,NEAR_FLIP,HIGH,SCAN,VERIFIED
2026-09-04,VSXY,SUPPORTIVE,93,RANGE,63,63,0.083377,75.56,4.3762,85.0,75.0,59.857202257928606,1865253.02,POSITIVE_GAMMA,MEDIUM,SCAN,VERIFIED
2026-09-04,VTR,SUPPORTIVE,93,UP,70,72,0.032126,90.27,1.7879,95.0,90.0,80.21238291414791,1041205.24,POSITIVE_GAMMA,MEDIUM,SCAN,VERIFIED
2026-09-04,VTRS,SUPPORTIVE,93,RANGE,64,64,0.032583,16.88,0.4157,18.0,16.0,16.16878513776991,167099.06,POSITIVE_GAMMA,MEDIUM,SCAN,VERIFIED
2026-09-04,VZ,SUPPORTIVE,93,UP,70,80,0.033506,50.14,0.7621,52.5,50.0,45.539580710962895,35102040.9,POSITIVE_GAMMA,HIGH,SCAN,VERIFIED
2026-09-04,W,BREAKOUT WATCH,91,RANGE,55,60,0.088756,99.43,4.5229,100.0,95.0,92.628174330127,1533449.22,POSITIVE_GAMMA,HIGH,SCAN,VERIFIED
2026-09-04,WAL,HEADWIND,32,DOWN,30,72,0.046016,80.95,1.8029,85.0,75.0,87.83080942461599,-493753.6,NEGATIVE_GAMMA,MEDIUM,SCAN,VERIFIED
2026-09-04,WAT,BREAKOUT WATCH,91,RANGE,60,58,0.045923,409.38,12.8686,420.0,400.0,362.8108858829902,409976.41,POSITIVE_GAMMA,MEDIUM,SCAN,VERIFIED
2026-09-04,WBD,SUPPORTIVE,93,UP,70,72,0.035929,28.25,0.3243,29.0,28.0,26.793923995658606,24277674.47,POSITIVE_GAMMA,MEDIUM,SCAN,VERIFIED
2026-09-04,WCC,ACCELERATION,100,UP,87,95,0.054345,351.46,12.0814,370.0,350.0,291.1858492040853,1718122.09,POSITIVE_GAMMA,MEDIUM,SCAN,VERIFIED
2026-09-04,WCN,HEADWIND,42,VOLATILE,50,45,0.031843,164.87,2.8464,180.0,160.0,168.51567349522404,-323866.8,NEGATIVE_GAMMA,MEDIUM,SCAN,VERIFIED
2026-09-04,WDAY,SUPPORTIVE,93,RANGE,59,65,0.070994,195.79,8.735,210.0,185.0,146.89270763161585,3943854.56,POSITIVE_GAMMA,HIGH,SCAN,VERIFIED
2026-09-04,WDC,HEADWIND,40,VOLATILE,55,60,0.103859,467.46,27.285,500.0,450.0,515.915388609655,-3028781.47,NEGATIVE_GAMMA,HIGH,SCAN,VERIFIED
2026-09-04,WEC,NEUTRAL,71,UP,70,72,0.027846,105.94,1.635,110.0,105.0,104.52717334242311,188251.88,NEAR_FLIP,MEDIUM,SCAN,VERIFIED
2026-09-04,WELL,BREAKOUT WATCH,91,RANGE,33,68,0.037791,236.17,4.4257,240.0,230.0,226.9808201891539,2751745.07,POSITIVE_GAMMA,MEDIUM,SCAN,VERIFIED
2026-09-04,WEN,SUPPORTIVE,93,UP,70,72,0.059153,8.03,0.4114,9.0,8.0,6.917131234645098,577113.55,POSITIVE_GAMMA,MEDIUM,SCAN,VERIFIED
2026-09-04,WES,ACCELERATION,99,RANGE,62,61,0.033811,49.54,0.9736,50.0,47.0,45.24486611418307,1284246.61,POSITIVE_GAMMA,MEDIUM,SCAN,VERIFIED
2026-09-04,WFC,ACCELERATION,99,RANGE,62,69,0.036234,89.97,1.735,90.0,85.0,86.48245680018354,13721310.7,POSITIVE_GAMMA,HIGH,SCAN,VERIFIED
2026-09-04,WFRD,ACCELERATION,91,UP,72,75,0.057363,95.88,3.5395,100.0,95.0,,110631.99,UNKNOWN,MEDIUM,SCAN,VERIFIED
2026-09-04,WGO,SUPPORTIVE,83,RANGE,55,52,0.066065,31.03,1.1,32.5,27.5,28.617833776969047,128480.28,POSITIVE_GAMMA,MEDIUM,SCAN,VERIFIED
2026-09-04,WGS,NEUTRAL,73,RANGE,60,58,0.100593,85.99,4.3201,87.5,85.0,,500500.24,UNKNOWN,MEDIUM,SCAN,VERIFIED
2026-09-04,WHR,HEADWIND,42,VOLATILE,55,52,0.071883,39.3,1.7693,42.5,37.5,42.03684924916517,-831715.9,NEGATIVE_GAMMA,MEDIUM,SCAN,VERIFIED
2026-09-04,WING,NEUTRAL,70,RANGE,60,58,0.079667,109.205,5.7086,120.0,105.0,,-865034.99,UNKNOWN,MEDIUM,SCAN,VERIFIED
2026-09-04,WIX,SUPPORTIVE,93,RANGE,65,65,0.112846,76.21,5.0746,85.0,70.0,62.315635417028545,571234.59,POSITIVE_GAMMA,MEDIUM,SCAN,VERIFIED
2026-09-04,WLDN,NEUTRAL,75,RANGE,60,58,0.062369,85.78,2.8657,95.0,80.0,,554366.58,UNKNOWN,MEDIUM,SCAN,VERIFIED
2026-09-04,WM,HEADWIND,30,DOWN,18,88,0.028768,218.99,3.6457,220.0,210.0,233.20285528396522,-17387288.48,NEGATIVE_GAMMA,MEDIUM,SCAN,VERIFIED
2026-09-04,WMB,BREAKOUT WATCH,54,VOLATILE,40,66,0.038773,74.15,2.1729,75.0,65.0,74.36092165628031,-263218.19,NEAR_FLIP,HIGH,SCAN,VERIFIED
2026-09-04,WMG,NEUTRAL,65,RANGE,35,65,0.15468,28.78,0.7558,30.0,26.0,,43285.53,UNKNOWN,MEDIUM,SCAN,VERIFIED
2026-09-04,WMS,BREAKOUT WATCH,81,RANGE,38,61,0.053587,135.76,4.0664,140.0,105.0,122.49507951999628,307643.39,POSITIVE_GAMMA,MEDIUM,SCAN,VERIFIED
2026-09-04,WMT,BREAKOUT WATCH,69,VOLATILE,64,72,0.032994,107.14,2.8207,110.0,105.0,105.31487870117748,11571072.73,NEAR_FLIP,HIGH,SCAN,VERIFIED
2026-09-04,WOLF,NEUTRAL,70,RANGE,65,73,0.128571,28.35,2.4287,35.0,27.5,,-3174138.15,UNKNOWN,HIGH,SCAN,VERIFIED
2026-09-04,WPM,BREAKOUT WATCH,91,RANGE,66,75,0.071622,154.98,7.0386,160.0,150.0,133.20621533287564,1964769.35,POSITIVE_GAMMA,HIGH,SCAN,VERIFIED
2026-09-04,WRB,SUPPORTIVE,93,UP,70,72,0.040136,69.14,1.1621,72.5,67.5,64.58946044520866,218522.83,POSITIVE_GAMMA,MEDIUM,SCAN,VERIFIED
2026-09-04,WRBY,BREAKOUT WATCH,69,VOLATILE,45,60,0.099589,24.35,1.3368,25.0,22.5,23.904130294996044,54382.88,NEAR_FLIP,HIGH,SCAN,VERIFIED
2026-09-04,WSM,BREAKOUT WATCH,69,VOLATILE,33,68,0.053645,227.42,8.8336,230.0,220.0,227.15605368574057,16391.05,NEAR_FLIP,MEDIUM,SCAN,VERIFIED
2026-09-04,WSO,SUPPORTIVE,83,RANGE,50,45,0.048393,315.13,9.4671,330.0,290.0,222.4699034936861,738617.21,POSITIVE_GAMMA,MEDIUM,SCAN,VERIFIED
2026-09-04,WST,SUPPORTIVE,93,RANGE,60,58,0.03618,339.97,7.2,350.0,330.0,269.0770936052081,564332.25,POSITIVE_GAMMA,MEDIUM,SCAN,VERIFIED
2026-09-04,WTS,NEUTRAL,73,RANGE,65,65,0.032495,363.13,8.6429,370.0,360.0,,4886323.99,UNKNOWN,MEDIUM,SCAN,VERIFIED
2026-09-04,WULF,NEUTRAL,66,VOLATILE,50,45,0.122956,16.51,1.1664,18.0,15.0,16.7479275221574,-330113.57,NEAR_FLIP,MEDIUM,SCAN,VERIFIED
2026-09-04,WWD,SUPPORTIVE,93,UP,70,72,0.04578,346.22,9.2536,410.0,340.0,332.2655393446174,159001.51,POSITIVE_GAMMA,MEDIUM,SCAN,VERIFIED
2026-09-04,WY,HEADWIND,42,VOLATILE,38,61,0.036924,23.02,0.5293,26.0,23.0,25.30194753548793,-564048.26,NEGATIVE_GAMMA,MEDIUM,SCAN,VERIFIED
2026-09-04,WYNN,HEADWIND,42,VOLATILE,38,69,0.043806,91.54,2.6071,100.0,90.0,97.00732985825051,-1229192.07,NEGATIVE_GAMMA,HIGH,SCAN,VERIFIED
2026-09-04,XE,NEUTRAL,71,VOLATILE,60,58,0.13834,17.71,1.51,20.0,17.5,17.688285478040957,2428.03,NEAR_FLIP,MEDIUM,SCAN,VERIFIED
2026-09-04,XEL,HEADWIND,42,VOLATILE,50,45,0.034667,75.72,1.3529,80.0,75.0,78.4487714461027,-1301145.66,NEGATIVE_GAMMA,MEDIUM,SCAN,VERIFIED
2026-09-04,XENE,HEADWIND,40,DOWN,30,72,0.07364,59.75,2.1406,60.0,57.5,75.39592467119242,-413712.41,NEGATIVE_GAMMA,MEDIUM,SCAN,VERIFIED
2026-09-04,XMTR,NEUTRAL,65,RANGE,54,50,0.097266,92.53,4.2458,110.0,80.0,,144505.44,UNKNOWN,MEDIUM,SCAN,VERIFIED
2026-09-04,XNDU,HEADWIND,32,VOLATILE,39,60,0.159465,9.72,0.6214,12.5,7.5,11.825051879989253,-7795.21,NEGATIVE_GAMMA,MEDIUM,SCAN,VERIFIED
2026-09-04,XOM,BREAKOUT WATCH,91,RANGE,50,53,0.040258,159.47,3.3286,160.0,155.0,150.9327774579773,34937164.49,POSITIVE_GAMMA,HIGH,SCAN,VERIFIED
2026-09-04,XP,ACCELERATION,93,RANGE,66,67,0.059164,19.86,0.8168,21.0,19.0,,542175.5,UNKNOWN,MEDIUM,SCAN,VERIFIED
2026-09-04,XPO,HEADWIND,30,VOLATILE,35,65,0.055153,193.1,7.17,195.0,170.0,210.90470600301703,-1377976.39,NEGATIVE_GAMMA,MEDIUM,SCAN,VERIFIED
2026-09-04,XYL,HEADWIND,42,VOLATILE,33,68,0.045889,105.69,2.7386,110.0,105.0,109.94062145409403,-3905583.78,NEGATIVE_GAMMA,MEDIUM,SCAN,VERIFIED
2026-09-04,XYZ,SUPPORTIVE,93,UP,70,80,0.058845,82.76,2.942,90.0,80.0,73.39370688833947,8500039.11,POSITIVE_GAMMA,HIGH,SCAN,VERIFIED
2026-09-04,YELP,NEUTRAL,70,RANGE,55,52,0.088873,21.66,0.89,26.0,21.0,,-170290.37,UNKNOWN,MEDIUM,SCAN,VERIFIED
2026-09-04,YETI,SUPPORTIVE,93,UP,70,72,0.065532,40.82,1.2079,42.5,40.0,30.34244806287984,119180.75,POSITIVE_GAMMA,MEDIUM,SCAN,VERIFIED
2026-09-04,YUM,SUPPORTIVE,93,UP,70,72,0.03384,150.71,3.465,160.0,145.0,144.4343716568069,1287020.9,POSITIVE_GAMMA,MEDIUM,SCAN,VERIFIED
2026-09-04,YUMC,BREAKOUT WATCH,69,VOLATILE,42,56,0.040711,43.6,1.1773,45.0,42.5,43.24567862263264,20768.58,NEAR_FLIP,MEDIUM,SCAN,VERIFIED
2026-09-04,Z,BREAKOUT WATCH,91,RANGE,45,52,0.072275,34.59,1.5729,35.0,32.5,32.87494594377589,108962.62,POSITIVE_GAMMA,MEDIUM,SCAN,VERIFIED
2026-09-04,ZBH,BREAKOUT WATCH,91,RANGE,50,45,0.041042,98.07,2.4979,100.0,95.0,81.57314893792704,851641.48,POSITIVE_GAMMA,MEDIUM,SCAN,VERIFIED
2026-09-04,ZBRA,NEUTRAL,56,VOLATILE,40,58,0.054033,362.74,11.2,390.0,320.0,363.4783074976693,-15409.7,NEAR_FLIP,MEDIUM,SCAN,VERIFIED
2026-09-04,ZETA,NEUTRAL,75,RANGE,55,60,0.077352,31.35,1.4534,35.0,30.0,,2021678.04,UNKNOWN,HIGH,SCAN,VERIFIED
2026-09-04,ZIM,SUPPORTIVE,93,RANGE,65,73,0.107057,28.58,0.8914,30.0,27.0,23.39295726858548,643304.6,POSITIVE_GAMMA,HIGH,SCAN,VERIFIED
2026-09-04,ZION,HEADWIND,40,DOWN,30,72,0.036759,69.37,1.4286,70.0,67.5,71.65568257700383,-376279.26,NEGATIVE_GAMMA,MEDIUM,SCAN,VERIFIED
2026-09-04,ZM,SUPPORTIVE,93,UP,75,87,0.066417,101.33,4.0507,110.0,100.0,88.3592863758312,7176534.3,POSITIVE_GAMMA,HIGH,SCAN,VERIFIED
2026-09-04,ZS,BREAKOUT WATCH,69,VOLATILE,55,60,0.075972,169.8,9.4657,180.0,160.0,162.18730861487234,1780220.48,NEAR_FLIP,HIGH,SCAN,VERIFIED
2026-09-04,ZTS,NEUTRAL,66,VOLATILE,60,58,0.050455,75.81,2.2843,80.0,75.0,76.02680856655057,-142031.53,NEAR_FLIP,MEDIUM,SCAN,VERIFIED
