date,ticker,expiry,spot,atr14,call_wall,put_wall,gamma_flip,net_gex,call_wall_pct,put_wall_pct,flip_pct,total_oi,n_strikes,regime,confidence
2026-08-18,SCCO,2026-08-21,192.04,nan,200.0,190.0,192.03816461421377,4966.59,0.04145,-0.01062,-1e-05,8719,32,POSITIVE_GAMMA,OK
2026-08-18,MNST,2026-08-21,45.52,5.2779,46.25,43.75,45.51433555800458,61653.49,0.01604,-0.03888,-0.00012,33971,11,NEAR_FLIP,OK
2026-08-18,HUBB,2026-08-21,504.3,15.752,510.0,,504.3013952232286,-918.68,0.0113,,0.0,1671,28,NEAR_FLIP,OK
2026-08-18,NVDA,2026-08-19,219.05,6.8778,225.0,,223.25403731878316,-84239289.19,0.02716,,0.01919,156860,41,NEAR_FLIP,OK
2026-08-18,AAPL,2026-08-19,310.83,8.4743,,307.5,303.60186484868456,148822013.53,,-0.01071,-0.02325,53200,41,NEAR_FLIP,OK
2026-08-18,GOOG,2026-08-21,340.8518,10.7186,350.0,,344.98838280002957,-32057593.05,0.02684,,0.01214,240384,71,NEAR_FLIP,OK
2026-08-18,GOOGL,2026-08-19,342.93,11.1793,350.0,342.5,341.7383675840597,10632071.49,0.02062,-0.00125,-0.00347,28234,57,NEAR_FLIP,OK
2026-08-18,MSFT,2026-08-19,481.76,17.4478,485.0,477.5,481.97252824314734,-2436673.49,0.00673,-0.00884,0.00044,35877,68,NEAR_FLIP,OK
2026-08-18,AMZN,2026-08-19,260.97,9.8193,265.0,257.5,238.13717588685986,27960368.21,0.01544,-0.0133,-0.08749,49875,46,POSITIVE_GAMMA,OK
2026-08-18,SPCX,2026-08-21,141.4454,10.3486,150.0,140.0,139.368980423568,16259219.5,0.06048,-0.01022,-0.01468,803546,64,NEAR_FLIP,OK
2026-08-18,AVGO,2026-08-19,377.58,16.9614,380.0,375.0,393.24134163629674,-25190269.39,0.00641,-0.00683,0.04148,20043,65,NEAR_FLIP,OK
2026-08-18,META,2026-08-19,552.575,23.7343,565.0,550.0,565.5855712840895,-67084488.24,0.02249,-0.00466,0.02355,35494,91,NEAR_FLIP,OK
2026-08-18,TSLA,2026-08-19,335.84,11.2443,340.0,335.0,333.98061134281113,14502348.71,0.01239,-0.0025,-0.00554,93250,66,NEAR_FLIP,OK
2026-08-18,LLY,2026-08-21,1214.38,43.9035,,1200.0,1174.3108647832535,81613903.18,,-0.01184,-0.033,43829,82,NEAR_FLIP,OK
2026-08-18,MU,2026-08-19,934.03,70.425,980.0,,964.2792214859612,-62506231.38,0.04922,,0.03239,43532,131,NEAR_FLIP,OK
2026-08-18,JPM,2026-08-21,361.29,6.0293,365.0,355.0,347.1163313142023,104865763.53,0.01027,-0.01741,-0.03923,112180,55,POSITIVE_GAMMA,OK
2026-08-18,WMT,2026-08-21,116.135,2.385,120.0,,116.28464598182744,-801217.47,0.03328,,0.00129,255902,42,NEAR_FLIP,OK
2026-08-18,AMD,2026-08-19,476.145,31.83,495.0,,493.5148805587518,-23296911.86,0.0396,,0.03648,31102,107,NEAR_FLIP,OK
2026-08-18,V,2026-08-21,365.64,7.5575,,362.5,359.32812268031927,53628312.55,,-0.00859,-0.01726,52811,49,NEAR_FLIP,OK
2026-08-18,XOM,2026-08-21,164.215,nan,165.0,157.5,156.67645517272754,60466545.86,0.00478,-0.04089,-0.04591,84836,38,POSITIVE_GAMMA,OK
2026-08-18,JNJ,2026-08-21,270.72,5.7907,,260.0,258.8256431322943,53932461.88,,-0.0396,-0.04394,58731,41,POSITIVE_GAMMA,OK
2026-08-18,MA,2026-08-21,574.77,11.1357,580.0,560.0,563.8700315706293,18986171.66,0.0091,-0.0257,-0.01896,20498,67,NEAR_FLIP,OK
2026-08-18,INTC,2026-08-19,95.375,6.755,100.0,95.0,97.5565221621672,-5544609.23,0.04849,-0.00393,0.02287,58606,54,NEAR_FLIP,OK
2026-08-18,ABBV,2026-08-21,256.99,6.4329,260.0,250.0,243.81634881859483,28464937.55,0.01171,-0.0272,-0.05126,48162,42,POSITIVE_GAMMA,OK
2026-08-18,BAC,2026-08-21,64.0,0.9677,65.0,,61.3105271414304,43920292.96,0.01562,,-0.04202,210629,34,POSITIVE_GAMMA,OK
2026-08-18,CSCO,2026-08-21,110.415,4.5207,115.0,110.0,111.39064063503676,-8826352.46,0.04153,-0.00376,0.00884,128479,44,NEAR_FLIP,OK
2026-08-18,COST,2026-08-21,971.9599,16.8374,,950.0,952.7115673667485,92155421.14,,-0.02259,-0.0198,60071,94,POSITIVE_GAMMA,OK
2026-08-18,ORCL,2026-08-21,143.51,7.5786,,140.0,139.42171751831532,11719211.44,,-0.02446,-0.02849,381837,59,NEAR_FLIP,OK
2026-08-18,PLTR,2026-08-21,171.12,8.9375,180.0,170.0,144.5606930836569,47985556.94,0.05189,-0.00655,-0.15521,420527,53,POSITIVE_GAMMA,OK
2026-08-18,CVX,2026-08-21,204.55,4.89,205.0,200.0,196.82161196708444,195170231.03,0.0022,-0.02224,-0.03778,96083,37,POSITIVE_GAMMA,OK
2026-08-18,AMAT,2026-08-21,498.89,31.7807,500.0,,521.8117751419559,-18577441.49,0.00222,,0.04595,54648,60,NEAR_FLIP,OK
2026-08-18,LRCX,2026-08-21,318.12,21.8135,,317.5,312.5037930178718,4178145.26,,-0.00195,-0.01765,94513,52,NEAR_FLIP,OK
2026-08-18,CAT,2026-08-21,838.63,36.1157,880.0,820.0,868.6960270506875,-43944373.74,0.04933,-0.02221,0.03585,42171,73,NEAR_FLIP,OK
2026-08-18,GE,2026-08-21,371.095,9.1557,,360.0,360.30032509690756,21452207.3,,-0.0299,-0.02909,32059,52,POSITIVE_GAMMA,OK
2026-08-18,KO,2026-08-21,88.885,1.4236,89.0,87.0,86.17698701577304,58872400.64,0.00129,-0.02121,-0.03047,123185,40,POSITIVE_GAMMA,OK
2026-08-18,UNH,2026-08-21,398.345,9.9304,400.0,390.0,399.30041684680646,-4118665.72,0.00415,-0.02095,0.0024,105643,57,NEAR_FLIP,OK
2026-08-18,MS,2026-08-21,215.915,4.9671,217.5,210.0,212.44178509938743,6019597.43,0.00734,-0.0274,-0.01609,37619,37,NEAR_FLIP,OK
2026-08-18,HD,2026-08-21,342.715,8.557,350.0,335.0,340.6955352715362,8728305.76,0.02126,-0.02251,-0.00589,63564,57,NEAR_FLIP,OK
2026-08-18,MRK,2026-08-21,136.36,3.2107,,135.0,126.05907675474393,24165221.18,,-0.00997,-0.07554,57308,39,POSITIVE_GAMMA,OK
2026-08-18,PG,2026-08-21,144.28,3.1414,145.0,,144.54982107068705,-2189646.73,0.00499,,0.00187,62495,37,NEAR_FLIP,OK
2026-08-18,NFLX,2026-08-21,78.93,2.1998,80.0,,75.65228675860497,66491801.31,0.01356,,-0.04153,480900,46,POSITIVE_GAMMA,OK
2026-08-18,DELL,2026-08-21,458.82,33.3071,500.0,,464.0888835285154,-3915231.28,0.08975,,0.01148,62154,72,NEAR_FLIP,OK
2026-08-18,PANW,2026-08-21,369.68,14.8829,370.0,362.5,352.76657960928753,10094429.95,0.00087,-0.01942,-0.04575,40492,65,POSITIVE_GAMMA,OK
2026-08-18,GS,2026-08-21,1030.25,27.3686,1100.0,,1038.1711983128532,-23951911.59,0.0677,,0.00769,68996,109,NEAR_FLIP,OK
2026-08-18,RTX,2026-08-21,224.275,4.1771,230.0,220.0,215.89366154842347,18460070.68,0.02553,-0.01906,-0.03737,43036,42,POSITIVE_GAMMA,OK
2026-08-18,RY,2026-08-21,213.495,3.0514,220.0,210.0,213.83677924913326,-384942.6,0.03047,-0.01637,0.0016,8917,14,NEAR_FLIP,OK
2026-08-18,PM,2026-08-21,187.89,4.3379,,185.0,184.05493646334668,5419251.21,,-0.01538,-0.02041,25823,32,NEAR_FLIP,OK
2026-08-18,GEV,2026-08-21,1019.525,46.5315,,1000.0,1029.7028347437058,-4608154.38,,-0.01915,0.00998,27888,111,NEAR_FLIP,OK
2026-08-18,WFC,2026-08-21,87.445,1.745,89.0,85.0,86.78376114331907,10594174.62,0.01778,-0.02796,-0.00756,124157,36,NEAR_FLIP,OK
2026-08-18,KLAC,2026-08-21,192.18,nan,196.0,184.0,196.4524072389301,-5117569.45,0.01988,-0.04256,0.02223,61459,80,NEGATIVE_GAMMA,OK
2026-08-18,TXN,2026-08-21,270.0,10.2979,285.0,260.0,272.3191904548336,-3358484.04,0.05556,-0.03704,0.00859,49608,44,NEAR_FLIP,OK
2026-08-18,AZN,2026-08-21,160.0,4.4343,,155.0,155.07990545938105,7634804.32,,-0.03125,-0.03075,16469,16,POSITIVE_GAMMA,OK
2026-08-18,SNDK,2026-08-21,1623.53,152.1065,,1600.0,1608.740715651838,7291218.62,,-0.01449,-0.00911,111253,135,NEAR_FLIP,OK
2026-08-18,ANET,2026-08-21,189.9,11.2907,190.0,185.0,181.09772529051315,6888553.03,0.00053,-0.0258,-0.04635,49978,42,NEAR_FLIP,OK
2026-08-18,C,2026-08-21,136.7,3.2543,140.0,135.0,133.0574872247636,27097020.83,0.02414,-0.01244,-0.02665,118084,45,POSITIVE_GAMMA,OK
2026-08-18,AMGN,2026-08-21,422.845,11.865,435.0,405.0,407.5126932427559,15766422.78,0.02875,-0.0422,-0.03626,24336,55,POSITIVE_GAMMA,OK
2026-08-18,AXP,2026-08-21,338.55,6.26,345.0,335.0,333.9924928458981,15037145.33,0.01905,-0.01049,-0.01346,29068,57,NEAR_FLIP,OK
2026-08-18,LIN,2026-08-21,481.7,10.5621,485.0,475.0,501.84332749013805,-7303075.83,0.00685,-0.01391,0.04182,7491,45,NEGATIVE_GAMMA,OK
2026-08-18,IBM,2026-08-21,231.006,6.5754,,230.0,226.14972349428723,17561632.48,,-0.00435,-0.02102,126946,42,NEAR_FLIP,OK
2026-08-18,TMO,2026-08-21,588.44,12.8946,600.0,565.0,562.7839853300109,10299883.7,0.01965,-0.03983,-0.0436,9952,56,POSITIVE_GAMMA,OK
2026-08-18,CRWD,2026-08-21,209.685,8.9745,,200.0,193.5578054323069,14614350.08,,-0.04619,-0.07691,120425,51,POSITIVE_GAMMA,OK
2026-08-18,STX,2026-08-21,903.96,73.8929,,900.0,850.3833178544701,9019393.55,,-0.00438,-0.05927,30578,86,NEAR_FLIP,OK
2026-08-18,TD,2026-08-21,122.385,2.0643,125.0,,90.34064059425917,287650.44,0.02137,,-0.26183,11736,11,POSITIVE_GAMMA,OK
2026-08-18,VZ,2026-08-21,48.98,1.1771,50.0,48.0,44.14075544173546,27633356.91,0.02082,-0.02001,-0.0988,157613,36,POSITIVE_GAMMA,OK
2026-08-18,TTE,2026-08-21,89.47,1.6757,90.0,82.5,85.32097116749134,6997902.27,0.00592,-0.0779,-0.04637,17126,18,POSITIVE_GAMMA,OK
2026-08-18,APH,2026-08-21,159.85,7.12,165.0,,150.3255267932551,7277663.87,0.03222,,-0.05958,49659,18,POSITIVE_GAMMA,OK
2026-08-18,TMUS,2026-08-21,183.2,5.0579,195.0,,179.06952424229877,11637933.49,0.06441,,-0.02255,63918,35,NEAR_FLIP,OK
2026-08-18,ABT,2026-08-21,112.63,2.5871,,110.0,91.7287020088418,14162209.86,,-0.02335,-0.18557,50237,43,POSITIVE_GAMMA,OK
2026-08-18,SCHW,2026-08-21,112.075,1.8532,114.0,112.0,106.05280053090293,36257512.64,0.01718,-0.00067,-0.05373,52867,42,POSITIVE_GAMMA,OK
2026-08-18,SHOP,2026-08-21,148.27,7.9679,150.0,145.0,128.08288776500888,6851497.13,0.01167,-0.02205,-0.13615,80686,61,POSITIVE_GAMMA,OK
2026-08-18,PEP,2026-08-21,140.67,2.3179,,140.0,137.44194176367836,30819675.08,,-0.00476,-0.02295,55484,41,POSITIVE_GAMMA,OK
2026-08-18,MRVL,2026-08-21,212.2999,15.8736,,210.0,205.2560356948098,11490907.2,,-0.01083,-0.03318,197083,51,NEAR_FLIP,OK
2026-08-18,MCD,2026-08-21,269.88,5.6843,270.0,265.0,266.4970202369028,27633160.73,0.00044,-0.01808,-0.01254,48913,45,NEAR_FLIP,OK
2026-08-18,BLK,2026-08-21,1155.995,24.5829,,1130.0,1031.6477281947366,20082471.62,,-0.02249,-0.10757,6380,80,POSITIVE_GAMMA,OK
2026-08-18,ADI,2026-08-21,371.675,13.2568,395.0,360.0,389.2779793264575,-8545994.34,0.06276,-0.03141,0.04736,18197,52,NEGATIVE_GAMMA,OK
2026-08-18,DIS,2026-08-21,105.08,2.3104,,105.0,100.23531619723559,21809994.15,,-0.00076,-0.0461,110200,39,POSITIVE_GAMMA,OK
2026-08-18,NEE,2026-08-21,87.095,1.6279,87.5,85.0,86.81668124607647,1973865.67,0.00465,-0.02405,-0.0032,50105,34,NEAR_FLIP,OK
2026-08-18,WDC,2026-08-21,491.91,45.1407,500.0,,513.389722464958,-9604055.01,0.01645,,0.04367,53728,76,NEAR_FLIP,OK
2026-08-18,UNP,2026-08-21,302.53,5.7671,,297.5,281.7271128181104,20246698.03,,-0.01663,-0.06876,20651,43,POSITIVE_GAMMA,OK
2026-08-18,BA,2026-08-21,225.525,7.3729,230.0,225.0,224.59579187576327,6650508.75,0.01984,-0.00233,-0.00412,172624,41,NEAR_FLIP,OK
2026-08-18,GILD,2026-08-21,142.78,3.9657,,140.0,130.99844504840033,15549074.07,,-0.01947,-0.08252,35050,45,POSITIVE_GAMMA,OK
2026-08-18,BX,2026-08-21,140.51,5.0621,,,137.8842150226023,3392284.83,,,-0.01869,67478,48,NEAR_FLIP,OK
2026-08-18,T,2026-08-21,25.215,0.5886,,25.0,22.384600389297567,15389050.08,,-0.00853,-0.11225,182460,23,POSITIVE_GAMMA,OK
2026-08-18,WELL,2026-08-21,237.755,5.38,240.0,230.0,234.62183434898614,1589942.33,0.00944,-0.03262,-0.01318,4518,17,NEAR_FLIP,OK
2026-08-18,ETN,2026-08-21,431.07,18.2786,440.0,,418.49358577926984,4002406.75,0.02072,,-0.02917,17370,67,NEAR_FLIP,OK
2026-08-18,TJX,2026-08-21,153.05,3.1064,160.0,150.0,155.13805190790677,-2440601.06,0.04541,-0.01993,0.01364,20407,31,NEAR_FLIP,OK
2026-08-18,QCOM,2026-08-21,156.905,7.2157,157.5,,154.8414163000918,2600801.51,0.00379,,-0.01315,101100,28,NEAR_FLIP,OK
2026-08-18,UBS,2026-08-21,53.05,0.8417,,52.5,42.95266707503201,1297203.34,,-0.01037,-0.19034,21183,11,POSITIVE_GAMMA,OK
2026-08-18,CRM,2026-08-21,197.25,7.9939,200.0,190.0,169.54356981941262,47288988.91,0.01394,-0.03676,-0.14046,188991,38,POSITIVE_GAMMA,OK
2026-08-18,DE,2026-08-21,597.31,16.8457,630.0,,626.2635643143269,-6782950.56,0.05473,,0.04847,9254,67,NEGATIVE_GAMMA,OK
2026-08-18,SCCO,2026-08-21,186.31,nan,192.5,182.5,190.97285691317134,-2277373.29,0.03322,-0.02045,0.02503,10787,33,NEGATIVE_GAMMA,OK
2026-08-18,UBER,2026-08-21,76.67,2.5527,,75.0,71.47526233138471,32998584.69,,-0.02178,-0.06775,188304,39,POSITIVE_GAMMA,OK
2026-08-18,BKNG,2026-08-21,210.84,7.3186,,205.0,196.65813678931363,8041903.37,,-0.0277,-0.06726,29456,38,POSITIVE_GAMMA,OK
2026-08-18,COP,2026-08-21,129.36,nan,130.0,125.0,121.6871246707539,11817229.18,0.00495,-0.0337,-0.05931,32803,46,POSITIVE_GAMMA,OK
2026-08-18,IBKR,2026-08-21,90.92,2.9982,,,92.22867121520493,-628083.45,,,0.01439,11711,33,NEAR_FLIP,OK
2026-08-18,PFE,2026-08-21,27.25,0.5764,,27.0,25.00747492938159,32963368.78,,-0.00917,-0.08229,392441,26,POSITIVE_GAMMA,OK
2026-08-18,DHR,2026-08-21,201.52,5.5539,,,175.14967906691874,12445529.53,,,-0.13086,21975,33,POSITIVE_GAMMA,OK
2026-08-18,GLW,2026-08-21,159.2,10.7864,160.0,,155.4217298098853,3494214.07,0.00503,,-0.02373,96159,38,NEAR_FLIP,OK
2026-08-18,LMT,2026-08-21,609.1,14.1164,610.0,585.0,584.8621143436765,28946480.51,0.00148,-0.03957,-0.03979,18049,83,POSITIVE_GAMMA,OK
2026-08-18,ISRG,2026-08-21,399.76,9.8503,400.0,,387.51478787951385,5804609.29,0.0006,,-0.03063,20994,70,POSITIVE_GAMMA,OK
2026-08-18,COF,2026-08-21,223.23,nan,227.5,220.0,216.5574688701618,14893405.86,0.01913,-0.01447,-0.02989,18644,33,POSITIVE_GAMMA,OK
2026-08-18,PLD,2026-08-21,140.73,2.62,145.0,140.0,140.9484214249532,-253505.12,0.03034,-0.00519,0.00155,12298,15,NEAR_FLIP,OK
2026-08-18,BMY,2026-08-21,66.26,1.9057,,62.5,62.348285069116606,12768905.26,,-0.05675,-0.05904,98499,29,POSITIVE_GAMMA,OK
2026-08-18,CB,2026-08-21,348.33,6.0207,355.0,345.0,331.9227212677958,16727041.14,0.01915,-0.00956,-0.0471,12703,37,POSITIVE_GAMMA,OK
2026-08-18,VRTX,2026-08-21,526.12,16.6764,530.0,510.0,505.02080669427147,4808089.5,0.00737,-0.03064,-0.0401,6204,57,POSITIVE_GAMMA,OK
2026-08-18,PH,2026-08-21,1037.45,29.9636,1040.0,980.0,761.3876475960275,9880743.79,0.00246,-0.05538,-0.2661,5349,44,POSITIVE_GAMMA,OK
2026-08-18,BMO,2026-08-21,183.41,3.0079,185.0,175.0,184.40506543978307,-195394.94,0.00867,-0.04585,0.00543,3387,16,NEAR_FLIP,OK
2026-08-18,SYK,2026-08-21,335.915,10.3336,340.0,320.0,316.9869190194498,7621151.4,0.01216,-0.04738,-0.05635,7374,20,POSITIVE_GAMMA,OK
2026-08-18,NEM,2026-08-21,116.7,4.3179,,114.0,106.65604033948041,11783751.68,,-0.02314,-0.08607,81610,59,POSITIVE_GAMMA,OK
2026-08-18,NOW,2026-08-21,120.4493,6.6343,,120.0,113.58259934056937,15584303.48,,-0.00373,-0.05701,206263,59,POSITIVE_GAMMA,OK
2026-08-18,SPGI,2026-08-21,418.22,9.2893,,410.0,424.41241569358635,-1507265.22,,-0.01965,0.01481,4361,57,NEAR_FLIP,OK
2026-08-18,SBUX,2026-08-21,108.18,2.8179,110.0,105.0,105.94843075910778,14371124.97,0.01682,-0.0294,-0.02063,52061,38,NEAR_FLIP,OK
2026-08-18,LOW,2026-08-21,219.41,5.3818,220.0,210.0,213.61783552821302,5222508.23,0.00269,-0.04289,-0.0264,23211,38,POSITIVE_GAMMA,OK
2026-08-18,CVS,2026-08-21,95.02,3.1864,97.0,95.0,95.71915821871613,-1959094.7,0.02084,-0.00021,0.00736,69330,48,NEAR_FLIP,OK
2026-08-18,PGR,2026-08-21,207.83,4.4014,215.0,202.5,210.95536073146053,-5267836.29,0.0345,-0.02565,0.01504,17267,36,NEAR_FLIP,OK
2026-08-18,MDT,2026-08-21,92.59,2.0521,,90.0,78.78894368949567,10427560.16,,-0.02797,-0.14906,50379,41,POSITIVE_GAMMA,OK
2026-08-18,FTNT,2026-08-21,156.34,7.3129,160.0,155.0,157.56946709624205,-1031719.27,0.02341,-0.00857,0.00786,31494,34,NEAR_FLIP,OK
2026-08-18,HWM,2026-08-21,285.76,8.7171,290.0,270.0,281.24126074586303,1250301.66,0.01484,-0.05515,-0.01581,5341,42,NEAR_FLIP,OK
2026-08-18,CM,2026-08-21,121.91,2.2107,125.0,115.0,86.93607216673749,1563832.33,0.02535,-0.05668,-0.28688,4863,9,POSITIVE_GAMMA,OK
2026-08-18,SNOW,2026-08-21,323.1,14.3699,330.0,315.0,242.47715144442364,25696925.2,0.02136,-0.02507,-0.24953,49982,62,POSITIVE_GAMMA,OK
2026-08-18,ENB,2026-08-21,51.535,0.935,52.5,,51.974048456780466,-434433.73,0.01873,,0.00852,11037,12,NEAR_FLIP,OK
2026-08-18,BNS,2026-08-21,90.48,1.2561,,87.5,,388171.17,,-0.03294,,2830,14,UNKNOWN,OK
2026-08-18,BNY,2026-08-21,163.44,2.6336,165.0,160.0,149.78872520621164,3370113.9,0.00954,-0.02105,-0.08352,5988,16,POSITIVE_GAMMA,OK
2026-08-18,ABNB,2026-08-21,185.43,6.6543,,177.5,,7098109.62,,-0.04277,,35927,43,UNKNOWN,OK
2026-08-18,ADP,2026-08-21,273.065,7.9796,,265.0,272.08220008027297,721882.59,,-0.02954,-0.0036,14237,38,NEAR_FLIP,OK
2026-08-18,MO,2026-08-21,65.08,1.9129,,64.0,49.865083206881195,-5037586.35,,-0.01659,-0.23379,48302,38,POSITIVE_GAMMA,OK
2026-08-18,NET,2026-08-21,298.6973,19.2254,300.0,295.0,214.77721809720902,5183720.18,0.00436,-0.01238,-0.28095,38948,58,POSITIVE_GAMMA,OK
2026-08-18,EQIX,2026-08-21,1095.605,31.5829,,1000.0,1073.5235941300446,7763701.68,,-0.08726,-0.02015,7987,55,NEAR_FLIP,OK
2026-08-18,GD,2026-08-21,394.81,7.5836,400.0,390.0,348.7194127269607,4255211.81,0.01315,-0.01218,-0.11674,4430,40,POSITIVE_GAMMA,OK
2026-08-18,ACN,2026-08-21,173.17,8.2686,,,162.71519851530292,3588521.19,,,-0.06037,42921,50,POSITIVE_GAMMA,OK
2026-08-18,SO,2026-08-21,92.64,nan,96.0,92.0,93.53511300359234,-5463190.81,0.03627,-0.00691,0.00966,26339,34,NEGATIVE_GAMMA,OK
2026-08-18,VRT,2026-08-21,273.505,18.535,,265.0,287.36092515719315,-10387356.36,,-0.0311,0.05066,75300,48,NEAR_FLIP,OK
2026-08-18,SPOT,2026-08-21,518.99,23.8523,,500.0,486.58005914605286,39664910.53,,-0.03659,-0.06245,34495,62,POSITIVE_GAMMA,OK
2026-08-18,PWR,2026-08-21,700.01,32.2507,,700.0,675.2937846005152,5861124.6,,-1e-05,-0.03531,17272,42,NEAR_FLIP,OK
2026-08-18,ADBE,2026-08-21,263.88,11.6764,275.0,260.0,253.80115027200566,16510240.78,0.04214,-0.0147,-0.03819,65164,51,NEAR_FLIP,OK
2026-08-18,APP,2026-08-21,309.985,22.1455,330.0,,320.6058987539518,-13087198.71,0.06457,,0.03426,40891,59,NEAR_FLIP,OK
2026-08-18,BN,2026-08-21,41.95,1.1425,42.0,,40.586954086767,313151.65,0.00119,,-0.03249,12757,17,POSITIVE_GAMMA,OK
2026-08-18,MCK,2026-08-21,884.32,29.5707,900.0,850.0,774.3899176739857,7290326.75,0.01773,-0.03881,-0.12431,6904,46,POSITIVE_GAMMA,OK
2026-08-18,CNQ,2026-08-21,49.395,1.3607,,,38.35922676983339,1917281.16,,,-0.22342,14700,36,POSITIVE_GAMMA,OK
2026-08-18,TT,2026-08-21,463.265,15.1371,470.0,460.0,474.70166671251735,-3388079.95,0.01454,-0.00705,0.02469,3303,26,NEAR_FLIP,OK
2026-08-18,PNC,2026-08-21,254.28,3.6061,260.0,240.0,245.31967711834386,3924565.03,0.02249,-0.05616,-0.03524,8230,31,POSITIVE_GAMMA,OK
2026-08-18,MPC,2026-08-21,361.86,12.6989,380.0,350.0,,12927878.16,0.05013,-0.03278,,16325,14,UNKNOWN,OK
2026-08-18,USB,2026-08-21,64.72,0.95,,64.0,59.50504562710243,5978362.0,,-0.01112,-0.08058,23318,29,POSITIVE_GAMMA,OK
2026-08-18,VLO,2026-08-21,346.68,12.1986,,337.5,297.71180614272635,7935432.12,,-0.02648,-0.14125,17365,48,POSITIVE_GAMMA,OK
2026-08-18,CEG,2026-08-21,275.63,10.1543,280.0,270.0,275.1073563952398,495911.88,0.01585,-0.02043,-0.0019,32705,47,NEAR_FLIP,OK
2026-08-18,CME,2026-08-21,272.65,5.802,,265.0,265.6651584816904,6541152.76,,-0.02806,-0.02562,14558,40,POSITIVE_GAMMA,OK
2026-08-18,DUK,2026-08-21,125.025,2.3629,130.0,125.0,123.58187226747623,3583473.41,0.03979,-0.0002,-0.01154,21858,15,NEAR_FLIP,OK
2026-08-18,KKR,2026-08-21,107.975,4.7414,110.0,,103.99871478333296,3641105.37,0.01875,,-0.03683,38046,46,NEAR_FLIP,OK
2026-08-18,INTU,2026-08-21,350.54,15.2621,,330.0,328.012632258137,12582931.52,,-0.0586,-0.06426,22105,55,POSITIVE_GAMMA,OK
2026-08-18,PSX,2026-08-21,240.47,7.9001,,230.0,229.43063283541693,2114814.87,,-0.04354,-0.04591,5438,35,POSITIVE_GAMMA,OK
2026-08-18,FCX,2026-08-21,65.9823,2.6228,,65.0,64.51257193214283,5344839.44,,-0.01489,-0.02227,186997,36,NEAR_FLIP,OK
2026-08-18,AEM,2026-08-21,185.965,7.4406,200.0,180.0,178.65194989767804,8044470.85,0.07547,-0.03208,-0.03932,30492,48,NEAR_FLIP,OK
2026-08-18,DASH,2026-08-21,222.455,7.9739,,220.0,210.939509145254,7832244.19,,-0.01104,-0.05177,15520,43,POSITIVE_GAMMA,OK
2026-08-18,MAR,2026-08-21,360.775,9.4421,365.0,350.0,360.57332140778186,124880.88,0.01171,-0.02987,-0.00056,6116,46,NEAR_FLIP,OK
2026-08-18,CSX,2026-08-21,50.6,0.8914,,50.0,50.71346034337592,-418067.23,,-0.01186,0.00224,43358,29,NEAR_FLIP,OK
2026-08-18,MMM,2026-08-21,181.32,3.5379,,180.0,161.79454000047778,12114159.02,,-0.00728,-0.10769,30398,33,POSITIVE_GAMMA,OK
2026-08-18,WMB,2026-08-21,75.48,1.7225,,75.0,72.47934655877881,15349429.32,,-0.00636,-0.03975,37651,29,POSITIVE_GAMMA,OK
2026-08-18,CMCSA,2026-08-21,26.055,0.6982,,25.0,24.366147532757054,4268111.23,,-0.04049,-0.06482,155523,25,POSITIVE_GAMMA,OK
2026-08-18,MNST,2026-08-21,47.43,5.1443,47.5,46.25,46.54443696419919,1816339.01,0.00148,-0.02488,-0.01867,42584,15,NEAR_FLIP,OK
2026-08-18,RACE,2026-08-21,415.23,8.3775,,330.0,369.2610066624676,4073297.47,,-0.20526,-0.11071,5915,55,POSITIVE_GAMMA,OK
2026-08-18,WM,2026-08-21,226.98,4.8286,230.0,220.0,226.88717051929737,123266.81,0.01331,-0.03075,-0.00041,7805,17,NEAR_FLIP,OK
2026-08-18,JCI,2026-08-21,149.2,4.9232,155.0,140.0,142.3336423768477,14672024.06,0.03887,-0.06166,-0.04602,36375,16,POSITIVE_GAMMA,OK
2026-08-18,MELI,2026-08-21,1802.855,68.8871,1820.0,1800.0,1831.5249577569148,-17056916.92,0.00951,-0.00158,0.0159,11721,107,NEAR_FLIP,OK
2026-08-18,HCA,2026-08-21,416.845,13.2786,420.0,400.0,399.97932387833,12073406.19,0.00757,-0.04041,-0.04046,20127,40,POSITIVE_GAMMA,OK
2026-08-18,MRSH,2026-08-21,187.62,4.1443,190.0,185.0,172.30653583145954,910835.67,0.01269,-0.01396,-0.08162,4172,14,POSITIVE_GAMMA,OK
2026-08-18,DDOG,2026-08-21,246.905,18.5927,,,248.56183494430996,-783287.83,,,0.00671,40193,44,NEAR_FLIP,OK
2026-08-18,EMR,2026-08-21,158.84,4.9957,165.0,135.0,155.03142184586372,651513.53,0.03878,-0.15009,-0.02398,3529,40,NEAR_FLIP,OK
2026-08-18,CDNS,2026-08-21,316.72,11.1493,330.0,,337.91746617081503,-71884095.93,0.04193,,0.06693,37557,51,NEGATIVE_GAMMA,OK
2026-08-18,ICE,2026-08-21,156.32,3.645,,152.5,128.70932615269615,6622380.68,,-0.02444,-0.17663,13159,41,POSITIVE_GAMMA,OK
2026-08-18,UPS,2026-08-21,102.36,nan,105.0,101.0,104.80562130793966,-10719161.66,0.02579,-0.01329,0.02389,63012,45,NEGATIVE_GAMMA,OK
2026-08-18,ELV,2026-08-21,399.705,11.131,400.0,,379.51609335575546,3160484.12,0.00074,,-0.05051,5426,24,POSITIVE_GAMMA,OK
2026-08-18,CMI,2026-08-21,620.12,25.1143,,620.0,659.3518510202597,-3615238.04,,-0.00019,0.06326,4445,34,NEGATIVE_GAMMA,OK
2026-08-18,SHW,2026-08-21,351.4,10.4536,360.0,350.0,349.08057351876306,1295383.4,0.02447,-0.00398,-0.0066,10445,20,NEAR_FLIP,OK
2026-08-18,MCO,2026-08-21,486.0,9.8545,540.0,,472.2465298376629,4670396.57,0.11111,,-0.0283,8335,26,POSITIVE_GAMMA,OK
2026-08-18,EPD,2026-08-21,38.74,0.6677,39.0,38.0,37.108155479061764,5304704.59,0.00671,-0.0191,-0.04212,14871,26,POSITIVE_GAMMA,OK
2026-08-18,HOOD,2026-08-21,92.34,4.4866,100.0,90.0,93.28355036478898,-4786279.19,0.08295,-0.02534,0.01022,241224,39,NEAR_FLIP,OK
2026-08-18,REGN,2026-08-21,817.15,22.3171,,795.0,779.5627061955505,4439153.82,,-0.02711,-0.046,4598,71,POSITIVE_GAMMA,OK
2026-08-18,NOC,2026-08-21,587.58,12.3186,,,543.9585833271892,8412859.73,,,-0.07424,8114,60,POSITIVE_GAMMA,OK
2026-08-18,BAM,2026-08-21,51.56,1.7487,,50.0,49.06847315832532,296917.49,,-0.03026,-0.04832,7799,10,POSITIVE_GAMMA,OK
2026-08-18,CP,2026-08-21,94.37,1.9764,95.0,92.5,92.4650241260542,608855.77,0.00668,-0.01982,-0.02019,2292,14,NEAR_FLIP,OK
2026-08-18,ITW,2026-08-21,286.9,6.4357,,,262.1790304391133,2362382.67,,,-0.08617,2110,14,POSITIVE_GAMMA,OK
2026-08-18,AMT,2026-08-21,174.3517,5.0293,180.0,170.0,173.80897019265862,535829.52,0.0324,-0.02496,-0.00311,11108,17,NEAR_FLIP,OK
2026-08-18,RCL,2026-08-21,301.8,8.8193,,290.0,310.9220834703152,-2961406.81,,-0.0391,0.03023,9792,48,NEGATIVE_GAMMA,OK
2026-08-18,MDLZ,2026-08-21,63.225,1.6043,65.0,57.5,61.91737522084482,2412874.91,0.02807,-0.09055,-0.02068,20342,26,NEAR_FLIP,OK
2026-08-18,CTAS,2026-08-21,200.23,4.6893,,200.0,201.20969316738237,-421060.4,,-0.00115,0.00489,8793,30,NEAR_FLIP,OK
2026-08-18,SLB,2026-08-21,53.68,1.6411,,,49.626009280048315,8620606.32,,,-0.07552,88515,37,POSITIVE_GAMMA,OK
2026-08-18,FDX,2026-08-21,332.86,6.8036,,322.5,318.1005220513126,6290179.27,,-0.03112,-0.04434,12509,48,POSITIVE_GAMMA,OK
2026-08-18,APO,2026-08-21,133.565,5.6786,135.0,120.0,129.6189665538099,2732582.92,0.01074,-0.10156,-0.02954,20277,49,NEAR_FLIP,OK
2026-08-18,SU,2026-08-21,67.075,2.0171,,,,4511991.7,,,,21511,29,UNKNOWN,OK
2026-08-18,ECL,2026-08-21,281.425,5.8707,,270.0,281.091398904662,266629.09,,-0.0406,-0.00119,8052,15,NEAR_FLIP,OK
2026-08-18,SNPS,2026-08-21,403.13,12.5129,420.0,400.0,401.04049962886467,1245373.72,0.04185,-0.00776,-0.00518,13708,70,NEAR_FLIP,OK
2026-08-18,MSI,2026-08-21,468.62,13.7978,470.0,,403.5772838678925,6628281.68,0.00294,,-0.1388,4153,22,POSITIVE_GAMMA,OK
2026-08-18,EOG,2026-08-21,147.95,4.48,150.0,135.0,138.41779326772078,6421328.92,0.01386,-0.08753,-0.06443,11516,41,POSITIVE_GAMMA,OK
2026-08-18,TRV,2026-08-21,369.67,7.7986,380.0,,365.29873157887846,3756243.41,0.02794,,-0.01182,9558,20,NEAR_FLIP,OK
2026-08-18,NSC,2026-08-21,344.56,5.9814,350.0,300.0,336.11254807854743,2608645.25,0.01579,-0.12932,-0.02452,5979,15,POSITIVE_GAMMA,OK
2026-08-18,CNI,2026-08-21,127.77,2.0461,130.0,,126.12910038923793,693500.99,0.01745,,-0.01284,3201,13,NEAR_FLIP,OK
2026-08-18,ROST,2026-08-21,239.265,4.9236,260.0,235.0,229.83463831016775,1037136.22,0.08666,-0.01783,-0.03941,7215,40,POSITIVE_GAMMA,OK
2026-08-18,HPE,2026-08-21,54.95,3.2956,55.0,,38.61900331183376,3681311.14,0.00091,,-0.2972,83862,46,POSITIVE_GAMMA,OK
2026-08-18,HLT,2026-08-21,332.48,8.5486,340.0,330.0,332.0931950530102,92811.22,0.02262,-0.00746,-0.00116,2228,35,NEAR_FLIP,OK
2026-08-18,CI,2026-08-21,282.48,8.1379,285.0,280.0,280.6644207654837,1084520.48,0.00892,-0.00878,-0.00643,8224,42,NEAR_FLIP,OK
2026-08-18,BSX,2026-08-21,51.46,1.8664,,50.0,48.06138235171378,10779911.17,,-0.02837,-0.06604,147502,36,POSITIVE_GAMMA,OK
2026-08-18,ORLY,2026-08-21,92.03,2.2925,95.0,90.0,87.55513275488724,4021827.77,0.03227,-0.02206,-0.04862,15726,11,POSITIVE_GAMMA,OK
2026-08-18,AON,2026-08-21,349.13,8.9914,370.0,,341.35728166860315,830354.94,0.05978,,-0.02226,2375,18,NEAR_FLIP,OK
2026-08-18,GM,2026-08-21,83.81,2.266,85.0,,80.18634312610945,598086.23,0.0142,,-0.04324,38764,48,POSITIVE_GAMMA,OK
2026-08-18,KMI,2026-08-21,32.945,0.6382,33.0,32.0,31.395587627520484,4968519.43,0.00167,-0.02868,-0.04703,32608,25,POSITIVE_GAMMA,OK
2026-08-18,MFC,2026-08-21,44.29,0.8143,46.0,40.0,42.59475157533703,419146.86,0.03861,-0.09686,-0.03828,4206,17,POSITIVE_GAMMA,OK
2026-08-18,DLR,2026-08-21,198.18,5.0879,200.0,187.5,195.60747924692404,796460.85,0.00918,-0.05389,-0.01298,5614,31,NEAR_FLIP,OK
2026-08-18,ET,2026-08-21,21.335,0.3586,,21.0,20.332022005939137,7290483.4,,-0.0157,-0.04701,49363,19,POSITIVE_GAMMA,OK
2026-08-18,CL,2026-08-21,91.905,2.2486,92.5,90.0,87.26654712152254,4666076.87,0.00647,-0.02073,-0.05047,13505,34,POSITIVE_GAMMA,OK
2026-08-18,HON,2026-08-21,229.325,6.6557,230.0,,233.31895708573273,-3711785.41,0.00294,,0.01742,14744,38,NEAR_FLIP,OK
2026-08-18,SPG,2026-08-21,222.575,4.1454,230.0,220.0,220.99627000737772,1124810.49,0.03336,-0.01157,-0.00709,6844,17,NEAR_FLIP,OK
2026-08-18,DB,2026-08-21,37.99,0.6471,39.0,,35.137776647712094,1255097.34,0.02659,,-0.07508,13130,18,POSITIVE_GAMMA,OK
2026-08-18,CVNA,2026-08-21,65.59,4.4989,,,63.26802714538055,5809042.27,,,-0.0354,209102,45,NEAR_FLIP,OK
2026-08-18,NBIS,2026-08-21,255.7399,27.4302,,250.0,215.10569248533,40677275.44,,-0.02244,-0.15889,222169,61,POSITIVE_GAMMA,OK
2026-08-18,URI,2026-08-21,1136.04,30.8636,1180.0,,1129.9853646088018,1016198.27,0.0387,,-0.00533,2885,86,NEAR_FLIP,OK
2026-08-18,NU,2026-08-21,14.59,0.6009,15.0,14.0,13.992902710048687,6893667.87,0.0281,-0.04044,-0.04093,352311,17,NEAR_FLIP,OK
2026-08-18,LITE,2026-08-21,870.635,86.623,890.0,,936.4160181882344,-20707772.44,0.02224,,0.07556,50965,98,NEAR_FLIP,OK
2026-08-18,WBD,2026-08-21,28.005,0.5121,,27.0,26.682266694101447,87309825.51,,-0.03589,-0.04723,489855,23,POSITIVE_GAMMA,OK
2026-08-18,B,2026-08-21,41.73,1.7029,42.0,41.0,38.10069147390459,3307303.87,0.00647,-0.01749,-0.08697,61385,33,POSITIVE_GAMMA,OK
2026-08-18,TGT,2026-08-21,153.8019,3.7036,,145.0,144.17214500656382,6104644.57,,-0.05723,-0.06261,46437,45,POSITIVE_GAMMA,OK
2026-08-18,AEP,2026-08-21,127.27,2.7143,130.0,125.0,128.7654563683221,-2938577.13,0.02145,-0.01784,0.01175,15225,15,NEAR_FLIP,OK
2026-08-18,TDG,2026-08-21,1240.525,39.8582,,1080.0,1251.8833496780276,-1047968.66,,-0.1294,0.00916,2928,52,NEAR_FLIP,OK
2026-08-18,APD,2026-08-21,304.27,6.8146,,280.0,292.01987531114486,3492210.47,,-0.07976,-0.04026,5828,17,POSITIVE_GAMMA,OK
2026-08-18,PCAR,2026-08-21,128.3875,3.5136,133.6,,125.62986150471404,478041.71,0.0406,,-0.02148,3639,29,NEAR_FLIP,OK
2026-08-18,RSG,2026-08-21,217.96,4.5814,220.0,,216.47011771477253,345304.01,0.00936,,-0.00684,2826,10,NEAR_FLIP,OK
2026-08-18,ALL,2026-08-21,264.28,7.2355,270.0,260.0,268.0356350196227,-3573340.26,0.02164,-0.01619,0.01421,9241,17,NEAR_FLIP,OK
2026-08-18,MPWR,2026-08-21,1307.52,89.4493,1400.0,1300.0,1368.9439681247063,-4140312.29,0.07073,-0.00575,0.04698,4298,58,NEAR_FLIP,OK
2026-08-18,IMO,2026-08-21,134.82,3.5793,135.0,100.0,118.10540624915379,1664648.42,0.00134,-0.25827,-0.12398,2554,13,POSITIVE_GAMMA,OK
2026-08-18,AJG,2026-08-21,253.46,8.3986,260.0,250.0,229.6220907206603,747836.59,0.0258,-0.01365,-0.09405,3916,17,POSITIVE_GAMMA,OK
2026-08-18,TFC,2026-08-21,52.48,0.8186,52.5,,51.21600007261317,2180898.86,0.00038,,-0.02409,17125,11,POSITIVE_GAMMA,OK
2026-08-18,BKR,2026-08-21,64.52,1.5364,65.0,60.0,59.890038573026246,4395032.18,0.00744,-0.07006,-0.07176,16944,7,POSITIVE_GAMMA,LOW
2026-08-18,TRP,2026-08-21,64.11,1.5518,75.0,62.5,64.73327026218001,-299076.42,0.16986,-0.02511,0.00972,7470,15,NEAR_FLIP,OK
2026-08-18,TRGP,2026-08-21,298.225,9.4521,300.0,280.0,259.2840813176566,9442068.9,0.00595,-0.06111,-0.13058,5073,13,POSITIVE_GAMMA,OK
2026-08-18,TER,2026-08-21,396.715,30.0593,,,382.9394845872074,3460778.63,,,-0.03472,26177,70,NEAR_FLIP,OK
2026-08-18,CRH,2026-08-21,94.12,3.0539,100.0,,99.56011354089753,-1803605.61,0.06247,,0.0578,8649,34,NEGATIVE_GAMMA,OK
2026-08-18,FIX,2026-08-21,1755.87,94.61,,,1760.4403536759346,-296154.9,,,0.0026,3774,67,NEAR_FLIP,OK
2026-08-18,BE,2026-08-21,206.52,25.907,230.0,,207.09510731913832,-745810.35,0.11369,,0.00278,134748,44,NEAR_FLIP,OK
2026-08-18,MET,2026-08-21,97.6,1.6439,100.0,97.5,85.37971984332552,2182666.31,0.02459,-0.00102,-0.12521,8553,16,POSITIVE_GAMMA,OK
2026-08-18,GWW,2026-08-21,1320.355,34.3382,1350.0,,1276.3540501512173,4935561.81,0.02245,,-0.03333,1457,44,POSITIVE_GAMMA,OK
2026-08-18,COHR,2026-08-21,307.755,36.313,320.0,,341.67734001159573,-11678771.6,0.03979,,0.11023,44797,67,NEAR_FLIP,OK
2026-08-18,AFL,2026-08-21,122.42,2.035,125.0,120.0,117.01647274496986,7559542.14,0.02108,-0.01977,-0.04414,12972,35,POSITIVE_GAMMA,OK
2026-08-18,OKE,2026-08-21,97.61,2.59,100.0,95.0,92.56714224697077,6122303.85,0.02449,-0.02674,-0.05166,17480,11,POSITIVE_GAMMA,OK
2026-08-18,TEL,2026-08-21,209.575,6.6446,230.0,200.0,203.38465874237713,2943551.76,0.09746,-0.04569,-0.02954,21870,18,NEAR_FLIP,OK
2026-08-18,D,2026-08-21,69.46,1.2714,72.5,67.5,67.90834227692729,2659136.94,0.04377,-0.02822,-0.02234,11681,11,POSITIVE_GAMMA,OK
2026-08-18,WPM,2026-08-21,132.3,5.0056,135.0,,119.79990125544458,1665999.89,0.02041,,-0.09448,11695,61,POSITIVE_GAMMA,OK
2026-08-18,COR,2026-08-21,319.64,10.1457,320.0,310.0,304.87592357421926,3347395.52,0.00113,-0.03016,-0.04619,3973,19,POSITIVE_GAMMA,OK
2026-08-18,PSA,2026-08-21,326.92,7.4604,330.0,320.0,321.0809946205696,1309165.19,0.00942,-0.02117,-0.01786,1698,14,NEAR_FLIP,OK
2026-08-18,MPLX,2026-08-21,59.8,1.235,60.0,,57.49856757208556,3462579.81,0.00334,,-0.03849,6197,6,POSITIVE_GAMMA,LOW
2026-08-18,NUE,2026-08-21,264.32,7.518,,260.0,233.72966655163953,2010959.67,,-0.01634,-0.11573,5689,17,POSITIVE_GAMMA,OK
2026-08-18,CVE,2026-08-21,32.25,1.1586,,31.0,27.125487833919188,2407327.46,,-0.03876,-0.1589,25315,18,POSITIVE_GAMMA,OK
2026-08-18,OXY,2026-08-21,59.675,1.795,60.0,57.5,56.471559497326844,23689789.06,0.00545,-0.03645,-0.05368,121225,38,POSITIVE_GAMMA,OK
2026-08-18,O,2026-08-21,62.54,1.1618,,62.5,63.567765917479164,-6350941.47,,-0.00064,0.01643,29866,13,NEAR_FLIP,OK
2026-08-18,FAST,2026-08-21,51.53,1.2129,,50.0,44.09667232410051,2828115.22,,-0.02969,-0.14425,19386,11,POSITIVE_GAMMA,OK
2026-08-18,NKE,2026-08-21,40.265,1.1668,,40.0,40.93797703525626,-5181763.02,,-0.00658,0.01671,201467,36,NEAR_FLIP,OK
2026-08-18,CIEN,2026-08-21,396.92,31.68,410.0,,421.9462001775653,-3340195.6,0.03295,,0.06305,14624,66,NEAR_FLIP,OK
2026-08-18,FANG,2026-08-21,208.0801,6.4664,,200.0,203.7900808605915,1598557.63,,-0.03883,-0.02062,10382,18,NEAR_FLIP,OK
2026-08-18,KEYS,2026-08-21,335.64,13.545,350.0,330.0,346.0357564633213,-579310.17,0.04278,-0.0168,0.03097,6259,20,NEAR_FLIP,OK
2026-08-18,GRMN,2026-08-21,297.8,11.3571,320.0,280.0,237.99426731993273,375928.0,0.07455,-0.05977,-0.20083,3837,15,POSITIVE_GAMMA,OK
2026-08-18,AME,2026-08-21,249.665,5.62,250.0,,231.21802937512714,16253474.84,0.00134,,-0.07389,14765,17,POSITIVE_GAMMA,OK
2026-08-18,DAL,2026-08-21,86.66,2.4793,90.0,,88.09428270160949,-4684924.39,0.03854,,0.01655,53806,41,NEAR_FLIP,OK
2026-08-18,NXPI,2026-08-21,223.91,10.665,280.0,220.0,250.690051970555,-2300355.97,0.2505,-0.01746,0.1196,14295,15,NEGATIVE_GAMMA,OK
2026-08-18,SRE,2026-08-21,86.955,1.6754,95.0,,87.39371685421956,-117166.66,0.09252,,0.00505,7819,10,NEAR_FLIP,OK
2026-08-18,LNG,2026-08-21,273.685,7.7086,280.0,270.0,255.3431298657081,29125021.77,0.02307,-0.01346,-0.06702,19103,40,POSITIVE_GAMMA,OK
2026-08-18,F,2026-08-21,13.885,0.5064,14.0,,13.793856943852498,687816.11,0.00828,,-0.00656,176272,17,NEAR_FLIP,OK
2026-08-18,CAH,2026-08-21,237.2207,6.9443,240.0,227.5,231.87504285666745,2829498.46,0.01172,-0.04098,-0.02253,8582,35,NEAR_FLIP,OK
2026-08-18,NDAQ,2026-08-21,97.565,1.7961,100.0,93.0,94.33906664082473,945664.42,0.02496,-0.04679,-0.03306,6178,38,POSITIVE_GAMMA,OK
2026-08-18,CRWV,2026-08-21,96.59,9.4269,100.0,95.0,89.95720395647734,16383674.66,0.0353,-0.01646,-0.06867,301245,64,NEAR_FLIP,OK
2026-08-18,STT,2026-08-21,191.3901,3.9657,195.0,185.0,,3532838.27,0.01886,-0.03339,,6447,15,UNKNOWN,OK
2026-08-18,DVN,2026-08-21,48.115,1.4779,,47.5,42.19414730235037,18962598.94,,-0.01278,-0.12306,114682,37,POSITIVE_GAMMA,OK
2026-08-18,ADSK,2026-08-21,249.445,9.2507,,232.5,235.75770487278206,3481679.14,,-0.06793,-0.05487,7942,44,POSITIVE_GAMMA,OK
2026-08-18,PYPL,2026-08-21,61.255,1.4766,62.5,60.0,56.725403612810695,27784854.52,0.02032,-0.02049,-0.07395,127864,34,POSITIVE_GAMMA,OK
2026-08-18,EW,2026-08-21,91.43,2.0871,92.5,75.0,85.66802694873064,2493557.8,0.0117,-0.1797,-0.06302,18438,17,POSITIVE_GAMMA,OK
2026-08-18,LHX,2026-08-21,281.92,9.5629,,280.0,281.626907106712,55251.91,,-0.00681,-0.00104,4211,38,NEAR_FLIP,OK
2026-08-18,FITB,2026-08-21,57.44,0.9779,,55.0,49.90675509575504,4015535.45,,-0.04248,-0.13115,21404,14,POSITIVE_GAMMA,OK
2026-08-18,CTVA,2026-08-21,77.565,2.5508,80.0,75.0,63.87235056682586,54438.75,0.03139,-0.03307,-0.17653,2003,8,POSITIVE_GAMMA,OK
2026-08-18,ALAB,2026-08-21,293.68,32.4325,300.0,285.0,300.3653466430677,-1574576.91,0.02152,-0.02956,0.02276,29437,55,NEAR_FLIP,OK
2026-08-18,HONA,2026-08-21,161.86,12.7486,165.0,160.0,168.22614664448724,-985953.26,0.0194,-0.01149,0.03933,6329,18,NEAR_FLIP,OK
2026-08-18,ETR,2026-08-21,109.115,2.525,115.0,105.0,108.11429545981328,291761.32,0.05393,-0.03771,-0.00917,4300,10,NEAR_FLIP,OK
2026-08-18,CARR,2026-08-21,61.39,1.8116,63.0,57.0,65.50463961358157,-4276181.15,0.02623,-0.07151,0.06702,31956,34,NEGATIVE_GAMMA,OK
2026-08-18,WAB,2026-08-21,297.44,6.1246,300.0,,295.90472106065056,41716.62,0.00861,,-0.00516,819,15,NEAR_FLIP,OK
2026-08-18,AZO,2026-08-21,3118.2749,80.7636,3250.0,3100.0,3000.2331742464585,12225337.92,0.04224,-0.00586,-0.03785,3356,59,POSITIVE_GAMMA,OK
2026-08-18,BDX,2026-08-21,182.12,4.8129,185.0,170.0,151.84990702191575,2028060.08,0.01581,-0.06655,-0.16621,6173,16,POSITIVE_GAMMA,OK
2026-08-18,AMP,2026-08-21,566.57,9.3064,,550.0,538.3327200298963,922240.97,,-0.02925,-0.04984,1125,21,POSITIVE_GAMMA,OK
2026-08-18,AU,2026-08-21,97.01,4.7021,,95.0,77.47388255680853,1914315.02,,-0.02072,-0.20138,12911,12,POSITIVE_GAMMA,OK
2026-08-18,XEL,2026-08-21,80.11,1.5714,,80.0,76.15266392071194,468900.35,,-0.00137,-0.0494,6277,9,POSITIVE_GAMMA,OK
2026-08-18,AXON,2026-08-21,615.01,42.5064,650.0,600.0,607.8952215191754,568166.95,0.05689,-0.02441,-0.01157,4568,68,NEAR_FLIP,OK
2026-08-18,CBRS,2026-08-21,217.785,23.3321,230.0,200.0,223.42840192947727,-1644814.87,0.05609,-0.08166,0.02591,40793,52,NEAR_FLIP,OK
2026-08-18,VST,2026-08-21,143.715,6.2959,155.0,,146.42594209358225,-5025250.9,0.07852,,0.01886,84137,43,NEAR_FLIP,OK
2026-08-18,XYZ,2026-08-21,80.985,2.677,,80.0,77.93556128203858,7948827.85,,-0.01216,-0.03765,82742,35,POSITIVE_GAMMA,OK
2026-08-18,ROK,2026-08-21,436.53,nan,440.0,410.0,443.7691240968864,-2402730.37,0.00795,-0.06077,0.01658,11184,26,NEGATIVE_GAMMA,OK
2026-08-18,VTR,2026-08-21,92.225,2.6911,92.5,90.0,76.09375753871097,2189445.95,0.00298,-0.02413,-0.17491,4644,17,POSITIVE_GAMMA,OK
2026-08-18,WDAY,2026-08-21,192.53,12.8361,200.0,190.0,192.64248953896347,-148331.21,0.0388,-0.01314,0.00058,35993,50,NEAR_FLIP,OK
2026-08-18,CRDO,2026-08-21,246.435,21.5797,250.0,,236.45404421973618,1452303.41,0.01447,,-0.0405,32546,55,NEAR_FLIP,OK
2026-08-18,CCEP,2026-08-21,108.11,2.2714,,105.0,95.3639934275042,3015748.71,,-0.02877,-0.1179,4435,10,POSITIVE_GAMMA,OK
2026-08-18,EXC,2026-08-21,46.11,0.9521,47.0,46.0,44.56418523644665,2436635.37,0.0193,-0.00239,-0.03352,10237,13,POSITIVE_GAMMA,OK
2026-08-18,RKLB,2026-08-21,78.59,5.8766,80.0,,77.1735182652503,1098584.56,0.01794,,-0.01802,102587,44,NEAR_FLIP,OK
2026-08-18,FERG,2026-08-21,242.565,8.7721,250.0,240.0,246.68780499525099,-677260.23,0.03065,-0.01057,0.017,5954,18,NEAR_FLIP,OK
2026-08-18,HUM,2026-08-21,387.445,15.6961,410.0,370.0,288.9292931035062,-2749461.65,0.05821,-0.04503,-0.25427,13873,58,POSITIVE_GAMMA,OK
2026-08-18,TTWO,2026-08-21,248.0,8.4643,250.0,240.0,236.7343132839264,10023256.99,0.00806,-0.03226,-0.04543,39082,42,POSITIVE_GAMMA,OK
2026-08-18,EBAY,2026-08-21,103.88,3.9453,105.0,100.0,86.65404945288951,1658457.9,0.01078,-0.03735,-0.16583,10063,39,POSITIVE_GAMMA,OK
2026-08-18,RVMD,2026-08-21,211.71,8.0578,220.0,195.0,192.343435974204,1465889.22,0.03916,-0.07893,-0.09148,8938,17,POSITIVE_GAMMA,OK
2026-08-18,FNV,2026-08-21,233.65,8.0886,,,220.3908515768635,1343905.91,,,-0.05675,4943,18,POSITIVE_GAMMA,OK
2026-08-18,NTRA,2026-08-21,311.2295,14.3241,,250.0,265.6992860623664,10772387.41,,-0.19673,-0.14629,14810,19,POSITIVE_GAMMA,OK
2026-08-18,FLEX,2026-08-21,119.88,7.7371,135.0,,125.77751903599051,-5158948.67,0.12613,,0.0492,33871,15,NEAR_FLIP,OK
2026-08-18,MDLN,2026-08-21,34.51,1.9882,37.5,,36.70998645384633,-1006852.13,0.08664,,0.06375,13483,8,NEGATIVE_GAMMA,OK
2026-08-18,TRI,2026-08-21,101.63,6.3107,,,103.97470340817723,-164896.83,,,0.02307,5721,12,NEAR_FLIP,OK
2026-08-18,VIK,2026-08-21,98.91,3.3214,100.0,,103.25490627372673,-911903.93,0.01102,,0.04393,15764,12,NEGATIVE_GAMMA,OK
2026-08-18,IDXX,2026-08-21,557.09,20.8893,570.0,480.0,545.1525627902146,1455044.43,0.02317,-0.13838,-0.02143,2437,28,NEAR_FLIP,OK
2026-08-18,CBRE,2026-08-21,150.28,4.825,,145.0,128.70993453776188,4889783.3,,-0.03513,-0.14353,7762,16,POSITIVE_GAMMA,OK
2026-08-18,ODFL,2026-08-21,210.36,7.4036,220.0,200.0,217.5719280302164,-552377.37,0.04583,-0.04925,0.03428,2947,18,NEAR_FLIP,OK
2026-08-18,PAYX,2026-08-21,121.85,3.7236,125.0,120.0,107.88081845382507,2979066.58,0.02585,-0.01518,-0.11464,8765,12,POSITIVE_GAMMA,OK
2026-08-18,PRU,2026-08-21,125.13,2.5756,,125.0,107.27778187990126,2696085.57,,-0.00104,-0.14267,9271,15,POSITIVE_GAMMA,OK
2026-08-18,LYV,2026-08-21,182.93,5.1993,190.0,,130.54530232180085,2589688.7,0.03865,,-0.28636,8000,30,POSITIVE_GAMMA,OK
2026-08-18,CMG,2026-08-21,33.96,1.5318,35.0,33.0,32.99506046203616,10495815.87,0.03062,-0.02827,-0.02841,186641,33,NEAR_FLIP,OK
2026-08-18,HEI,2026-08-21,367.505,9.8057,370.0,310.0,344.09147219796074,3129725.73,0.00679,-0.15647,-0.06371,3303,21,POSITIVE_GAMMA,OK
2026-08-18,WCN,2026-08-21,167.115,3.6604,175.0,165.0,168.19126242879148,-603301.76,0.04718,-0.01266,0.00644,5841,15,NEAR_FLIP,OK
2026-08-18,A,2026-08-21,148.98,3.0921,150.0,,115.8484632824844,962646.38,0.00685,,-0.22239,6633,15,POSITIVE_GAMMA,OK
2026-08-18,KDP,2026-08-21,30.815,1.05,31.0,29.0,22.22410184840166,1969508.39,0.006,-0.0589,-0.27879,20686,17,POSITIVE_GAMMA,OK
2026-08-18,MCHP,2026-08-21,75.8,4.4493,76.0,,77.89035840989789,-2341889.17,0.00264,,0.02758,52564,36,NEAR_FLIP,OK
2026-08-18,CCJ,2026-08-21,94.11,3.6541,100.0,,94.82542498213849,-619119.65,0.06259,,0.0076,85454,40,NEAR_FLIP,OK
2026-08-18,DHI,2026-08-21,147.92,4.6286,150.0,,149.13850379292435,-400458.32,0.01406,,0.00824,9140,37,NEAR_FLIP,OK
2026-08-18,MSCI,2026-08-21,563.17,12.7903,570.0,560.0,582.5631368794745,-5223156.99,0.01213,-0.00563,0.03444,4847,34,NEGATIVE_GAMMA,OK
2026-08-18,TEAM,2026-08-21,164.27,9.8368,165.0,160.0,152.02359894580442,6098808.14,0.00444,-0.02599,-0.07455,12619,46,POSITIVE_GAMMA,OK
2026-08-18,NTAP,2026-08-21,202.3201,7.6731,,195.0,145.80664268323198,3075916.69,,-0.03618,-0.27933,11939,17,POSITIVE_GAMMA,OK
2026-08-18,IQV,2026-08-21,243.5,8.0386,250.0,230.0,191.1267791455366,3414736.16,0.02669,-0.05544,-0.21509,8620,14,POSITIVE_GAMMA,OK
2026-08-18,AIG,2026-08-21,76.91,1.4657,84.0,75.0,75.68276862494913,1241704.61,0.09219,-0.02483,-0.01596,13708,35,NEAR_FLIP,OK
2026-08-18,RKT,2026-08-21,14.175,0.8361,,14.0,13.498315112455076,2431835.53,,-0.01235,-0.04774,119200,17,NEAR_FLIP,OK
2026-08-18,ED,2026-08-21,108.995,2.0914,110.0,,106.2826527903077,2949798.45,0.00922,,-0.02489,5585,14,POSITIVE_GAMMA,OK
2026-08-18,YUM,2026-08-21,146.755,4.9936,150.0,145.0,153.02138303074048,-2546983.99,0.02211,-0.01196,0.0427,5458,16,NEGATIVE_GAMMA,OK
2026-08-18,VEEV,2026-08-21,245.019,8.9854,250.0,240.0,,2100469.69,0.02033,-0.02048,,5355,14,UNKNOWN,OK
2026-08-18,WAT,2026-08-21,404.7,12.1279,410.0,340.0,397.85730812631607,415605.65,0.0131,-0.15987,-0.01691,2065,20,NEAR_FLIP,OK
2026-08-18,SYY,2026-08-21,82.73,1.9645,85.0,80.0,76.75277193398816,7853946.69,0.02744,-0.033,-0.07225,18865,17,POSITIVE_GAMMA,OK
2026-08-18,PCG,2026-08-21,17.925,0.49,18.0,17.0,15.324600483548716,9816665.88,0.00418,-0.0516,-0.14507,133027,21,POSITIVE_GAMMA,OK
2026-08-18,ADM,2026-08-21,81.88,2.4389,82.5,80.0,76.20746854393622,3010473.39,0.00757,-0.02296,-0.06928,15096,16,POSITIVE_GAMMA,OK
2026-08-18,ROP,2026-08-21,398.67,11.6393,,,300.10439451533284,1552772.44,,,-0.24724,2455,22,POSITIVE_GAMMA,OK
2026-08-18,UAL,2026-08-21,120.1,4.3257,,120.0,117.63794939637232,1766621.02,,-0.00083,-0.0205,45960,50,NEAR_FLIP,OK
2026-08-18,EXPE,2026-08-21,326.51,14.0257,,317.5,328.3832678669737,-410796.88,,-0.02759,0.00574,9528,53,NEAR_FLIP,OK
2026-08-18,COIN,2026-08-21,147.67,8.2529,150.0,140.0,143.82308215987575,15689055.11,0.01578,-0.05194,-0.02605,155563,35,NEAR_FLIP,OK
2026-08-18,P,2026-08-21,115.1,6.0006,,,,5069274.14,,,,21845,13,UNKNOWN,OK
2026-08-18,PEG,2026-08-21,76.48,1.3407,77.5,70.0,75.62411117727167,490519.66,0.01334,-0.08473,-0.01119,9409,15,NEAR_FLIP,OK
2026-08-18,IRM,2026-08-21,127.93,4.3377,130.0,115.0,126.631647760737,390480.41,0.01618,-0.10107,-0.01015,5092,38,NEAR_FLIP,OK
2026-08-18,CCL,2026-08-21,27.515,0.9043,,27.0,27.619943107256102,-312558.17,,-0.01872,0.00381,101306,27,NEAR_FLIP,OK
2026-08-18,HIG,2026-08-21,139.185,2.5321,140.0,,134.76986163775155,2221241.53,0.00586,,-0.03172,4160,11,POSITIVE_GAMMA,OK
2026-08-18,STRC,2026-08-21,94.51,1.5574,95.0,,89.58682386571515,8704595.43,0.00518,,-0.05209,16684,9,POSITIVE_GAMMA,OK
2026-08-18,STRD,2026-08-21,69.15,1.7844,70.0,,61.616985890222466,95869.97,0.01229,,-0.10894,1243,8,POSITIVE_GAMMA,OK
2026-08-18,TKO,2026-08-21,195.31,5.83,200.0,,186.82098484118978,1131158.68,0.02401,,-0.04346,2583,18,POSITIVE_GAMMA,OK
2026-08-18,ALC,2026-08-21,74.21,1.6932,75.0,72.5,70.38073678209537,4647614.06,0.01065,-0.02304,-0.0516,10674,16,POSITIVE_GAMMA,OK
2026-08-18,HSY,2026-08-21,183.75,3.8879,185.0,,179.70838422976132,2871157.91,0.0068,,-0.022,7209,31,POSITIVE_GAMMA,OK
2026-08-18,JBL,2026-08-21,343.595,16.9143,370.0,340.0,340.1735414333916,529358.12,0.07685,-0.01046,-0.00996,7424,59,NEAR_FLIP,OK
2026-08-18,MTB,2026-08-21,252.96,3.5507,260.0,250.0,235.63256021067323,1147540.58,0.02783,-0.0117,-0.0685,1446,11,POSITIVE_GAMMA,OK
2026-08-18,EME,2026-08-21,824.455,35.4929,830.0,820.0,785.743558271177,797772.22,0.00673,-0.0054,-0.04695,1263,45,POSITIVE_GAMMA,OK
2026-08-18,MSTR,2026-08-21,94.945,5.0914,95.0,90.0,89.01576119289552,64284069.08,0.00058,-0.05208,-0.06245,406972,44,POSITIVE_GAMMA,OK
2026-08-18,CLS,2026-08-21,314.28,27.5764,315.0,300.0,315.37556263195734,-356419.45,0.00229,-0.04544,0.00349,21105,55,NEAR_FLIP,OK
2026-08-18,KVUE,2026-08-21,19.0951,0.4968,,19.0,18.126172133407803,956382.37,,-0.00498,-0.05074,13942,17,POSITIVE_GAMMA,OK
2026-08-18,KMB,2026-08-21,109.6212,3.2593,110.0,,104.1543942035896,8467205.38,0.00346,,-0.04987,21670,37,POSITIVE_GAMMA,OK
2026-08-18,ESLT,2026-08-21,778.83,26.0821,830.0,750.0,775.8087473291989,126368.71,0.0657,-0.03702,-0.00388,1857,43,NEAR_FLIP,OK
2026-08-18,WEC,2026-08-21,111.61,2.1179,,,100.23889053399058,1819336.42,,,-0.10188,4179,14,POSITIVE_GAMMA,OK
2026-08-18,TWLO,2026-08-21,232.32,14.4974,,220.0,210.8789356708069,5613993.05,,-0.05303,-0.09229,20799,50,POSITIVE_GAMMA,OK
2026-08-18,HBAN,2026-08-21,17.795,0.3061,18.0,17.0,16.351896751801466,708489.12,0.01152,-0.04468,-0.0811,15039,10,POSITIVE_GAMMA,OK
2026-08-18,STLD,2026-08-21,250.795,8.2811,,,226.06297922657683,6697993.8,,,-0.09861,8411,17,POSITIVE_GAMMA,OK
2026-08-18,VMC,2026-08-21,273.75,8.2357,280.0,270.0,282.70400675063433,-861070.52,0.02283,-0.0137,0.03271,2139,16,NEGATIVE_GAMMA,OK
2026-08-18,VG,2026-08-21,14.005,0.7621,,12.5,11.078178323817724,7185874.25,,-0.10746,-0.20898,169185,17,POSITIVE_GAMMA,OK
2026-08-18,MDB,2026-08-21,435.935,22.6188,,,,6785332.27,,,,24799,72,UNKNOWN,OK
2026-08-18,QSR,2026-08-21,77.93,1.632,,75.0,68.43910124925041,5902600.36,,-0.0376,-0.12179,9949,14,POSITIVE_GAMMA,OK
2026-08-18,KR,2026-08-21,57.2401,1.2929,,55.0,55.38343135400896,9046286.11,,-0.03914,-0.03244,42577,30,POSITIVE_GAMMA,OK
2026-08-18,NTRS,2026-08-21,190.88,3.5364,,170.0,180.75812841927083,1452318.52,,-0.10939,-0.05303,2006,14,POSITIVE_GAMMA,OK
2026-08-18,RJF,2026-08-21,180.53,3.2043,,160.0,157.4426361097189,2286093.54,,-0.11372,-0.12789,3402,15,POSITIVE_GAMMA,OK
2026-08-18,RPRX,2026-08-21,60.07,1.4855,,55.0,56.46966874798564,1396540.61,,-0.0844,-0.05994,2271,8,POSITIVE_GAMMA,OK
2026-08-18,DXCM,2026-08-21,91.08,3.2,,89.0,77.58272153065879,3293962.65,,-0.02284,-0.14819,19252,37,POSITIVE_GAMMA,OK
2026-08-18,ACGL,2026-08-21,100.12,2.2125,105.0,100.0,96.89189026140878,365934.94,0.04874,-0.0012,-0.03224,1826,12,POSITIVE_GAMMA,OK
2026-08-18,EQT,2026-08-21,53.47,1.2893,55.0,47.5,51.711207130103226,5799258.62,0.02861,-0.11165,-0.03289,63056,31,POSITIVE_GAMMA,OK
2026-08-18,SUNB,2026-08-21,80.65,3.0693,,70.0,73.49987244680106,774829.73,,-0.13205,-0.08866,2825,9,POSITIVE_GAMMA,OK
2026-08-18,CQP,2026-08-21,68.7224,2.4021,70.0,60.0,54.30084681094864,53370.52,0.01859,-0.12692,-0.20985,187,6,POSITIVE_GAMMA,LOW
2026-08-18,NTR,2026-08-21,69.03,1.8523,,57.5,64.96600825628938,3170647.89,,-0.16703,-0.05887,25644,32,POSITIVE_GAMMA,OK
2026-08-18,GEHC,2026-08-21,73.18,2.2479,75.0,72.0,59.832055931437274,3006169.02,0.02487,-0.01612,-0.1824,13167,35,POSITIVE_GAMMA,OK
2026-08-18,KGC,2026-08-21,27.16,1.0589,,27.0,23.236537650093606,100174.0,,-0.00589,-0.14446,31822,26,POSITIVE_GAMMA,OK
2026-08-18,CNC,2026-08-21,65.75,2.7021,,65.0,63.435334072034,1256363.7,,-0.01141,-0.0352,18287,35,NEAR_FLIP,OK
2026-08-18,CASY,2026-08-21,875.145,nan,900.0,,820.5333404915265,5179818.82,0.0284,,-0.0624,4002,45,POSITIVE_GAMMA,OK
2026-08-18,RMD,2026-08-21,222.745,8.1271,,220.0,212.65756249671148,6545121.14,,-0.01232,-0.04529,9766,17,POSITIVE_GAMMA,OK
2026-08-18,MLM,2026-08-21,528.74,16.5529,560.0,,465.9665146888883,407272.16,0.05912,,-0.11872,987,29,POSITIVE_GAMMA,OK
2026-08-18,CCI,2026-08-21,74.535,2.6679,77.5,,74.88036043405135,-173661.17,0.03978,,0.00463,13468,14,NEAR_FLIP,OK
2026-08-18,IR,2026-08-21,81.69,2.7894,85.0,,83.13749286403376,-67572.15,0.04052,,0.01772,922,9,NEAR_FLIP,OK
2026-08-18,ARES,2026-08-21,139.91,5.9486,145.0,124.0,111.92806921695689,8197967.69,0.03638,-0.11372,-0.2,20343,49,POSITIVE_GAMMA,OK
2026-08-18,BIIB,2026-08-21,213.21,6.1586,220.0,202.5,172.37538876594732,1428870.56,0.03185,-0.05023,-0.19152,3423,34,POSITIVE_GAMMA,OK
2026-08-18,EXR,2026-08-21,148.6846,3.2889,150.0,,146.68604301493087,235025.69,0.00885,,-0.01344,1202,14,NEAR_FLIP,OK
2026-08-18,TECK,2026-08-21,62.99,2.5093,65.0,55.0,59.48771304966477,2296907.44,0.03191,-0.12685,-0.0556,17741,28,POSITIVE_GAMMA,OK
2026-08-18,CFG,2026-08-21,73.795,1.3393,75.0,72.5,61.04921313649253,4222895.55,0.01633,-0.01755,-0.17272,9201,14,POSITIVE_GAMMA,OK
2026-08-18,RDDT,2026-08-21,162.11,12.9561,170.0,160.0,159.18397271763666,3624273.23,0.04867,-0.01302,-0.01805,82251,40,NEAR_FLIP,OK
2026-08-18,ZM,2026-08-21,105.72,3.8319,,,89.10215374440381,2776049.34,,,-0.15719,38100,52,POSITIVE_GAMMA,OK
2026-08-18,TDY,2026-08-21,668.425,15.2636,680.0,600.0,675.1326462645221,-205194.75,0.01732,-0.10237,0.01004,1073,32,NEAR_FLIP,OK
2026-08-18,FTI,2026-08-21,78.98,2.7282,80.0,65.0,73.02066402037397,506342.1,0.01291,-0.17701,-0.07545,1680,8,POSITIVE_GAMMA,OK
2026-08-18,EL,2026-08-21,85.4449,2.4579,90.0,75.0,82.9354550444123,529113.86,0.05331,-0.12224,-0.02937,14122,36,POSITIVE_GAMMA,OK
2026-08-18,WTW,2026-08-21,332.74,9.0796,,320.0,324.7798214815871,19450.08,,-0.03829,-0.02392,124,13,NEAR_FLIP,LOW
2026-08-18,ATI,2026-08-21,225.45,10.947,,,188.88998050614143,1226323.61,,,-0.16216,5995,18,POSITIVE_GAMMA,OK
2026-08-18,ON,2026-08-21,77.16,4.2493,86.0,,82.80372629469633,-3814937.85,0.11457,,0.07314,29622,35,NEGATIVE_GAMMA,OK
2026-08-18,AEE,2026-08-21,110.44,2.0571,115.0,105.0,80.89545018182268,437653.91,0.04129,-0.04926,-0.26752,870,7,POSITIVE_GAMMA,LOW
2026-08-18,ZTS,2026-08-21,73.96,3.2021,75.0,,73.91690128324228,49847.0,0.01406,,-0.00058,31731,9,NEAR_FLIP,OK
2026-08-18,ZS,2026-08-21,184.895,7.8041,,,156.81954325940086,8415344.52,,,-0.15185,40264,46,POSITIVE_GAMMA,OK
2026-08-18,ALNY,2026-08-21,227.35,14.7979,230.0,220.0,216.7662677835215,1066790.39,0.01166,-0.03233,-0.04655,5361,16,NEAR_FLIP,OK
2026-08-18,CPRT,2026-08-21,32.405,1.0307,32.5,,26.116865365497134,987003.49,0.00293,,-0.19405,25195,7,POSITIVE_GAMMA,LOW
2026-08-18,LVS,2026-08-21,45.945,1.1725,47.5,45.0,46.035272426095986,-111278.17,0.03384,-0.02057,0.00196,17378,36,NEAR_FLIP,OK
2026-08-18,KHC,2026-08-21,25.115,0.8246,26.0,25.0,24.633573501206808,5282793.62,0.03524,-0.00458,-0.01917,92677,25,NEAR_FLIP,OK
2026-08-18,BAP,2026-08-21,370.77,12.3886,390.0,340.0,313.21960131472446,3463981.84,0.05187,-0.08299,-0.15522,2858,20,POSITIVE_GAMMA,OK
2026-08-18,DTE,2026-08-21,141.88,2.92,145.0,140.0,138.15132365896008,419112.45,0.02199,-0.01325,-0.02628,1370,9,POSITIVE_GAMMA,OK
2026-08-18,LPLA,2026-08-21,369.5375,9.3711,400.0,360.0,351.84179873687077,2290793.75,0.08243,-0.02581,-0.04789,3513,15,POSITIVE_GAMMA,OK
2026-08-18,HAL,2026-08-21,34.8925,0.9407,35.0,32.0,34.225120723322384,1141355.38,0.00308,-0.0829,-0.01913,38442,35,NEAR_FLIP,OK
2026-08-18,FTS,2026-08-21,56.92,0.8571,,55.0,58.213287148859386,-20093.8,,-0.03373,0.02272,375,6,NEGATIVE_GAMMA,LOW
2026-08-18,ATO,2026-08-21,171.73,2.9479,175.0,,158.76972528085363,1308638.96,0.01904,,-0.07547,734,8,POSITIVE_GAMMA,OK
2026-08-18,VICI,2026-08-21,26.225,0.4718,27.5,25.0,20.885787691792594,260147.55,0.04862,-0.04671,-0.20359,12473,6,POSITIVE_GAMMA,LOW
2026-08-18,PBA,2026-08-21,49.33,0.8668,50.0,,40.793215361072825,760411.54,0.01358,,-0.17305,7838,5,POSITIVE_GAMMA,LOW
2026-08-18,ILMN,2026-08-21,189.505,7.7136,200.0,,194.3686359765326,-795003.43,0.05538,,0.02566,4322,18,NEAR_FLIP,OK
2026-08-18,WSM,2026-08-21,244.475,6.7721,250.0,240.0,238.73400205732904,1907410.72,0.0226,-0.0183,-0.02348,11323,17,NEAR_FLIP,OK
2026-08-18,MTD,2026-08-21,1413.67,35.6895,1440.0,1380.0,1347.5432292142068,843866.86,0.01863,-0.02382,-0.04678,215,29,POSITIVE_GAMMA,LOW
2026-08-18,CPNG,2026-08-21,15.815,0.5944,16.0,15.0,15.43447132360014,999238.92,0.0117,-0.05153,-0.02406,73825,19,NEAR_FLIP,OK
2026-08-18,FISV,2026-08-21,53.185,2.4171,55.0,53.0,52.77045947849483,654089.82,0.03413,-0.00348,-0.00779,33182,33,NEAR_FLIP,OK
2026-08-18,EIX,2026-08-21,73.53,2.4986,,72.5,68.68394588550811,1919236.5,,-0.01401,-0.06591,24246,15,POSITIVE_GAMMA,OK
2026-08-18,Q,2026-08-21,132.915,7.2857,155.0,,136.82456600257194,-1382611.65,0.16616,,0.02941,16300,16,NEAR_FLIP,OK
2026-08-18,FOXA,2026-08-21,70.46,2.1204,,60.0,,398704.55,,-0.14845,,12493,7,UNKNOWN,LOW
2026-08-18,FE,2026-08-21,48.04,0.9139,49.0,,46.59609079337384,378785.64,0.01998,,-0.03006,2855,13,POSITIVE_GAMMA,OK
2026-08-18,FOX,2026-08-21,62.52,1.7358,,60.0,,12549.88,,-0.04031,,409,5,UNKNOWN,LOW
2026-08-18,INSM,2026-08-21,127.505,7.0221,130.0,,109.62509658954464,6633028.85,0.01957,,-0.14023,37467,18,POSITIVE_GAMMA,OK
2026-08-18,TSEM,2026-08-21,237.34,25.0879,,,185.48905080815393,-3689713.66,,,-0.21847,12953,44,POSITIVE_GAMMA,OK
2026-08-18,GFS,2026-08-21,49.63,3.4479,55.0,,53.08343131106439,-818835.05,0.1082,,0.06958,17306,6,NEGATIVE_GAMMA,LOW
2026-08-18,HPQ,2026-08-21,29.695,1.485,30.0,,25.14561786765326,1371947.86,0.01027,,-0.1532,82557,31,POSITIVE_GAMMA,OK
2026-08-18,RBLX,2026-08-21,38.06,2.9754,40.0,,37.65232106187604,360278.1,0.05097,,-0.01071,44100,38,NEAR_FLIP,OK
2026-08-18,DOV,2026-08-21,203.815,4.2843,210.0,,222.36039286358178,-1060364.3,0.03035,,0.09099,3072,13,NEGATIVE_GAMMA,OK
2026-08-18,PPL,2026-08-21,36.51,0.6632,37.0,36.0,35.09177731775978,6771583.25,0.01342,-0.01397,-0.03884,15594,17,POSITIVE_GAMMA,OK
2026-08-18,ES,2026-08-21,72.685,1.4771,75.0,,71.21895079662441,987156.93,0.03185,,-0.02017,3347,7,NEAR_FLIP,LOW
2026-08-18,AWK,2026-08-21,137.045,3.2857,140.0,135.0,135.0490195184626,1497956.96,0.02156,-0.01492,-0.01456,5530,13,NEAR_FLIP,OK
2026-08-18,OTIS,2026-08-21,71.16,1.5339,72.5,70.0,71.70185926545186,-317138.5,0.01883,-0.0163,0.00761,4178,12,NEAR_FLIP,OK
2026-08-18,DG,2026-08-21,124.0,3.46,125.0,119.0,123.05530593103114,650965.12,0.00806,-0.04032,-0.00762,17526,45,NEAR_FLIP,OK
2026-08-18,RF,2026-08-21,31.685,0.4979,32.0,30.0,29.91760869621113,1365035.17,0.00994,-0.05318,-0.05578,11916,17,POSITIVE_GAMMA,OK
2026-08-18,CPAY,2026-08-21,413.745,11.9679,,,333.0404573521074,241946.27,,,-0.19506,1336,18,POSITIVE_GAMMA,OK
2026-08-18,NVT,2026-08-21,164.845,8.9436,175.0,,149.48242974028716,2291974.53,0.0616,,-0.09319,12524,18,POSITIVE_GAMMA,OK
2026-08-18,CNP,2026-08-21,41.0,0.9318,42.0,40.0,38.37025974560901,1607187.48,0.02439,-0.02439,-0.06414,10464,20,POSITIVE_GAMMA,OK
2026-08-18,TPR,2026-08-21,133.9,6.3857,134.0,130.0,143.26755416795734,-2613125.81,0.00075,-0.02913,0.06996,14696,39,NEGATIVE_GAMMA,OK
2026-08-18,XYL,2026-08-21,114.315,3.8057,125.0,,112.93369155530401,287091.6,0.09347,,-0.01208,6380,12,NEAR_FLIP,OK
2026-08-18,LH,2026-08-21,327.78,8.1979,330.0,300.0,237.93651347137825,367679.42,0.00677,-0.08475,-0.2741,2012,14,POSITIVE_GAMMA,OK
2026-08-18,CINF,2026-08-21,173.04,3.7314,180.0,,170.8451990976053,440523.59,0.04022,,-0.01268,3684,17,NEAR_FLIP,OK
2026-08-18,SYF,2026-08-21,81.46,1.6699,82.5,67.5,72.9732046188918,4309549.28,0.01277,-0.17137,-0.10418,10277,14,POSITIVE_GAMMA,OK
2026-08-18,WRB,2026-08-21,70.815,1.3893,72.0,67.0,71.06066734931662,-22416.18,0.01673,-0.05387,0.00347,1404,11,NEAR_FLIP,OK
2026-08-18,DGX,2026-08-21,237.62,4.3243,,,218.6302171439572,1303516.15,,,-0.07992,9396,14,POSITIVE_GAMMA,OK
2026-08-18,ECHO,2026-08-21,90.08,4.1279,,85.0,91.46821792905693,-969781.66,,-0.05639,0.01541,46033,31,NEAR_FLIP,OK
2026-08-18,JBHT,2026-08-21,279.5,7.8986,280.0,270.0,275.6337084717677,666919.03,0.00179,-0.03399,-0.01383,4281,17,NEAR_FLIP,OK
2026-08-18,CTSH,2026-08-21,57.975,2.8557,,55.0,52.675639885453585,946199.06,,-0.05132,-0.09141,10672,11,POSITIVE_GAMMA,OK
2026-08-18,CRS,2026-08-21,522.28,29.7007,550.0,500.0,530.1830929079114,-595940.52,0.05307,-0.04266,0.01513,3617,31,NEAR_FLIP,OK
2026-08-18,ROIV,2026-08-21,36.0295,1.3257,,30.0,43.37349146455709,428224.55,,-0.16735,0.20383,7811,15,NEGATIVE_GAMMA,OK
2026-08-18,HUBB,2026-08-21,484.56,15.182,490.0,,444.15926992609894,1522879.49,0.01123,,-0.08338,2465,27,POSITIVE_GAMMA,OK
2026-08-18,ASTS,2026-08-21,66.645,5.5381,,,70.87076211847496,-4286478.52,,,0.06341,130775,36,NEAR_FLIP,OK
2026-08-18,DRI,2026-08-21,226.0,5.6129,230.0,210.0,210.1961528112071,3223265.32,0.0177,-0.0708,-0.06993,6154,17,POSITIVE_GAMMA,OK
2026-08-18,FWONK,2026-08-21,102.435,2.792,,75.0,87.965298622979,4210695.8,,-0.26783,-0.14126,7545,9,POSITIVE_GAMMA,OK
2026-08-18,CW,2026-08-21,692.67,31.7136,750.0,,660.0278303762315,554656.15,0.08277,,-0.04713,1020,33,POSITIVE_GAMMA,OK
2026-08-18,NRG,2026-08-21,120.12,7.5521,121.0,120.0,112.58555838241706,2579624.78,0.00733,-0.001,-0.06272,24477,46,NEAR_FLIP,OK
2026-08-18,SN,2026-08-21,181.15,7.3286,185.0,180.0,173.25897483418035,2472112.71,0.02125,-0.00635,-0.04356,9594,16,POSITIVE_GAMMA,OK
2026-08-18,DLTR,2026-08-21,133.275,3.2754,,130.0,100.65704661374329,-692208.89,,-0.02457,-0.24474,15602,48,POSITIVE_GAMMA,OK
2026-08-18,MRNA,2026-08-21,62.4501,3.7101,65.0,,59.483549858720686,7312165.97,0.04083,,-0.0475,109334,33,NEAR_FLIP,OK
2026-08-18,AFRM,2026-08-21,75.16,3.81,,75.0,76.58770844636754,-1499515.03,,-0.00213,0.019,36996,41,NEAR_FLIP,OK
2026-08-18,BSP,2026-08-21,40.0,5.1514,,,,-90853.64,,,,3490,5,UNKNOWN,LOW
2026-08-18,PPG,2026-08-21,113.835,3.3007,115.0,110.0,107.19680617403587,1898669.62,0.01023,-0.03369,-0.05831,5127,34,POSITIVE_GAMMA,OK
2026-08-18,VRSN,2026-08-21,279.27,9.1657,280.0,,277.92457187229655,305482.66,0.00261,,-0.00482,4643,16,NEAR_FLIP,OK
2026-08-18,INCY,2026-08-21,124.16,3.6871,125.0,120.0,116.83257753272153,1400456.58,0.00677,-0.03351,-0.05902,3849,11,POSITIVE_GAMMA,OK
2026-08-18,FCNCA,2026-08-21,2247.55,46.9379,,,2080.180800692994,1491234.14,,,-0.07447,905,51,POSITIVE_GAMMA,OK
2026-08-18,TW,2026-08-21,106.46,3.3171,110.0,105.0,104.99186066630556,31655.09,0.03325,-0.01371,-0.01379,379,10,NEAR_FLIP,LOW
2026-08-18,OKTA,2026-08-21,142.33,6.4486,150.0,140.0,141.30690717589306,365913.71,0.05389,-0.01637,-0.00719,19606,43,NEAR_FLIP,OK
2026-08-18,TPL,2026-08-21,357.89,18.8494,,340.0,356.6873357464724,48617.99,,-0.04999,-0.00336,2516,20,NEAR_FLIP,OK
2026-08-18,SW,2026-08-21,47.53,1.8161,50.0,,46.09636369923613,122230.92,0.05197,,-0.03016,5160,6,NEAR_FLIP,LOW
2026-08-18,AMRZ,2026-08-21,44.63,1.6543,50.0,,57.34003750323066,-279221.45,0.12032,,0.28479,2981,10,NEGATIVE_GAMMA,OK
2026-08-18,WST,2026-08-21,348.91,6.9711,360.0,,337.85513096473505,858177.6,0.03178,,-0.03168,1299,20,POSITIVE_GAMMA,OK
2026-08-18,KEY,2026-08-21,22.865,0.4082,24.0,,22.312960913061023,543468.73,0.04964,,-0.02414,15647,12,POSITIVE_GAMMA,OK
2026-08-18,GPN,2026-08-21,92.415,3.4157,,85.0,85.02234761633368,3812684.09,,-0.08024,-0.07999,22973,14,POSITIVE_GAMMA,OK
2026-08-18,SYM,2026-08-21,40.27,2.4473,,,43.88854938303938,-435711.62,,,0.08986,16858,38,NEGATIVE_GAMMA,OK
2026-08-18,EXPD,2026-08-21,188.09,5.1932,,180.0,144.6472873902739,708053.91,,-0.04301,-0.23097,4081,16,POSITIVE_GAMMA,OK
2026-08-18,PFG,2026-08-21,113.7857,2.0302,115.0,110.0,106.89234246065996,568343.52,0.01067,-0.03327,-0.06058,1951,8,POSITIVE_GAMMA,OK
2026-08-18,XPO,2026-08-21,205.79,6.9118,210.0,200.0,211.1084107500236,-620298.22,0.02046,-0.02814,0.02584,4175,17,NEAR_FLIP,OK
2026-08-18,SMCI,2026-08-21,36.335,2.675,,34.0,,12390835.71,,-0.06426,,357833,33,UNKNOWN,OK
2026-08-18,OMC,2026-08-21,87.08,3.2504,87.5,,79.55126224545235,1136120.89,0.00482,,-0.08646,6562,15,POSITIVE_GAMMA,OK
2026-08-18,PHM,2026-08-21,128.19,3.9343,133.0,,130.72476503422834,-597869.13,0.03752,,0.01977,6393,38,NEAR_FLIP,OK
2026-08-18,VLTO,2026-08-21,97.34,2.4799,100.0,95.0,96.16203274170095,92906.5,0.02733,-0.02404,-0.0121,2016,9,NEAR_FLIP,OK
2026-08-18,FSLR,2026-08-21,218.93,15.3121,230.0,,227.20629539091516,-8712225.2,0.05056,,0.0378,49464,45,NEAR_FLIP,OK
2026-08-18,BRO,2026-08-21,70.78,2.1214,,70.0,64.8446043937552,1892868.77,,-0.01102,-0.08386,7477,8,POSITIVE_GAMMA,OK
2026-08-18,TROW,2026-08-21,110.66,2.8499,115.0,110.0,113.56113531843059,-1880051.4,0.03922,-0.00596,0.02622,6737,12,NEGATIVE_GAMMA,OK
2026-08-18,ROKU,2026-08-21,159.25,2.188,160.0,157.5,140.46717351141402,2825492.21,0.00471,-0.01099,-0.11795,4274,34,POSITIVE_GAMMA,OK
2026-08-18,VRSK,2026-08-21,180.94,8.3053,185.0,180.0,178.79080476316668,180906.46,0.02244,-0.0052,-0.01188,1463,15,NEAR_FLIP,OK
2026-08-18,USFD,2026-08-21,108.7,3.2354,115.0,97.5,103.55970498235216,3445333.46,0.05796,-0.10304,-0.04729,11183,13,POSITIVE_GAMMA,OK
2026-08-18,FICO,2026-08-21,1090.33,66.8979,1100.0,,1027.140580606821,2034149.67,0.00887,,-0.05795,6577,59,NEAR_FLIP,OK
2026-08-18,CHD,2026-08-21,99.77,2.5348,100.0,,94.60021815397936,1306091.08,0.00231,,-0.05182,1755,11,POSITIVE_GAMMA,OK
2026-08-18,IOT,2026-08-21,39.97,2.2664,40.0,,34.094471370328755,3126660.08,0.00075,,-0.147,30515,36,POSITIVE_GAMMA,OK
2026-08-18,ARXS,2026-08-21,56.73,3.68,,55.0,,22752.65,,-0.0305,,231,6,UNKNOWN,LOW
2026-08-18,MTZ,2026-08-21,286.33,20.5563,290.0,280.0,,10411222.11,0.01282,-0.02211,,16048,17,UNKNOWN,OK
2026-08-18,AER,2026-08-21,150.59,3.93,160.0,150.0,155.7175101996992,-2800810.62,0.06249,-0.00392,0.03405,3367,14,NEGATIVE_GAMMA,OK
2026-08-18,ENTG,2026-08-21,148.65,10.6232,,,,3912977.86,,,,15553,18,UNKNOWN,OK
2026-08-18,SOFI,2026-08-21,17.95,0.8024,18.0,,17.038813447526998,9792472.15,0.00279,,-0.05076,445198,21,POSITIVE_GAMMA,OK
2026-08-18,L,2026-08-21,113.47,2.0351,120.0,110.0,108.67009031382625,25189.74,0.05755,-0.03058,-0.0423,179,10,POSITIVE_GAMMA,LOW
2026-08-18,MTSI,2026-08-21,296.82,20.4093,310.0,,261.6760088137755,2732048.87,0.0444,,-0.1184,8938,18,POSITIVE_GAMMA,OK
2026-08-18,RL,2026-08-21,384.06,14.4129,400.0,370.0,397.4065403033627,-2822722.66,0.0415,-0.03661,0.03475,2750,23,NEAR_FLIP,OK
2026-08-18,STE,2026-08-21,232.56,6.8225,240.0,230.0,235.93567252243025,-188811.86,0.03199,-0.01101,0.01452,1291,10,NEAR_FLIP,OK
2026-08-18,MKL,2026-08-21,1831.24,43.1225,1900.0,1800.0,1345.6753226909864,-451796.26,0.03755,-0.01706,-0.26516,151,34,POSITIVE_GAMMA,LOW
2026-08-18,DOW,2026-08-21,31.18,1.0899,,30.0,30.54168340560164,1466503.56,,-0.03784,-0.02047,72232,31,NEAR_FLIP,OK
2026-08-18,PKG,2026-08-21,252.24,5.7214,,230.0,222.54413046073108,454432.22,,-0.08817,-0.11773,501,14,POSITIVE_GAMMA,OK
2026-08-18,CMS,2026-08-21,71.8,1.3779,,70.0,63.17099349865232,171571.13,,-0.02507,-0.12018,1048,7,POSITIVE_GAMMA,LOW
2026-08-18,ULTA,2026-08-21,521.045,17.0416,530.0,500.0,495.2574573789292,2780490.23,0.01719,-0.04039,-0.04949,6681,81,POSITIVE_GAMMA,OK
2026-08-18,FFIV,2026-08-21,392.78,14.2229,400.0,390.0,402.61171510214854,-1453115.15,0.01838,-0.00708,0.02503,6462,24,NEAR_FLIP,OK
2026-08-18,UTHR,2026-08-21,514.555,15.0593,550.0,510.0,525.5993248980162,-10641033.12,0.06888,-0.00885,0.02146,19198,29,NEAR_FLIP,OK
2026-08-18,EXE,2026-08-21,95.075,2.5739,,95.0,92.77812882823552,5829228.16,,-0.00079,-0.02416,54817,11,NEAR_FLIP,OK
2026-08-18,FTAI,2026-08-21,211.48,13.0677,220.0,210.0,204.10379289276062,3402350.66,0.04029,-0.007,-0.03488,18090,37,NEAR_FLIP,OK
2026-08-18,BCE,2026-08-21,23.5799,0.4921,,21.0,24.11686035488576,-80869.51,,-0.10941,0.02277,7479,11,NEGATIVE_GAMMA,OK
2026-08-18,BG,2026-08-21,114.1,3.56,115.0,,112.92441798496161,129359.57,0.00789,,-0.0103,3167,15,NEAR_FLIP,OK
2026-08-18,THC,2026-08-21,270.245,8.9657,,260.0,209.34166206744678,4380777.5,,-0.03791,-0.22536,17453,16,POSITIVE_GAMMA,OK
2026-08-18,FIS,2026-08-21,41.8,1.8636,45.0,40.0,38.018221446902956,771477.28,0.07656,-0.04306,-0.09047,9699,25,POSITIVE_GAMMA,OK
2026-08-18,GH,2026-08-21,160.265,8.3964,170.0,155.0,159.49993672267436,91440.96,0.06074,-0.03285,-0.00477,8451,18,NEAR_FLIP,OK
2026-08-18,WWD,2026-08-21,364.91,14.6566,440.0,350.0,388.59716550791467,-1268573.94,0.20578,-0.04086,0.06491,2344,20,NEGATIVE_GAMMA,OK
2026-08-18,RS,2026-08-21,418.3,10.3971,,400.0,399.71313723308606,126599.02,,-0.04375,-0.04443,230,16,POSITIVE_GAMMA,LOW
2026-08-18,IP,2026-08-21,40.35,1.405,,40.0,40.09398160070843,76990.95,,-0.00867,-0.00634,7585,26,NEAR_FLIP,OK
2026-08-18,AMCR,2026-08-21,46.04,1.1775,,46.0,39.588513183448995,663640.66,,-0.00087,-0.14013,7032,19,POSITIVE_GAMMA,OK
2026-08-18,FDXF,2026-08-21,141.97,6.61,145.0,140.0,105.71551623571732,-775468.84,0.02134,-0.01388,-0.25537,2595,15,POSITIVE_GAMMA,OK
2026-08-18,EFX,2026-08-21,181.24,6.5728,185.0,,170.11492925637774,436516.77,0.02075,,-0.06138,3807,18,POSITIVE_GAMMA,OK
2026-08-18,BURL,2026-08-21,338.31,9.85,357.5,330.0,342.38208088498095,-672908.26,0.05672,-0.02456,0.01204,4453,46,NEAR_FLIP,OK
2026-08-18,LUV,2026-08-21,42.975,1.5193,45.0,41.5,45.10288486925494,-953579.01,0.04712,-0.03432,0.04951,17999,33,NEGATIVE_GAMMA,OK
2026-08-18,RIVN,2026-08-21,14.575,0.7446,15.0,,15.110042829999765,-1338796.97,0.02916,,0.03671,101966,17,NEAR_FLIP,OK
2026-08-18,IFF,2026-08-21,81.79,2.4871,,,71.77435619271034,1331273.57,,,-0.12246,4226,17,POSITIVE_GAMMA,OK
2026-08-18,LYB,2026-08-21,64.485,2.2613,65.0,57.5,61.13043366764191,4121157.86,0.00799,-0.10832,-0.05202,27295,13,POSITIVE_GAMMA,OK
2026-08-18,RBRK,2026-08-21,100.2,5.2748,,100.0,,2967118.12,,-0.002,,12508,50,UNKNOWN,OK
2026-08-18,SNX,2026-08-21,257.845,8.4393,280.0,240.0,256.54513570072294,100252.54,0.08592,-0.06921,-0.00504,1837,17,NEAR_FLIP,OK
2026-08-18,SITM,2026-08-21,674.0308,55.3035,680.0,,613.9097961154654,1853829.83,0.00886,,-0.0892,4259,40,POSITIVE_GAMMA,OK
2026-08-18,SNA,2026-08-21,401.34,7.8371,,,456.444057627491,-7374915.71,,,0.1373,3291,18,NEGATIVE_GAMMA,OK
2026-08-18,WES,2026-08-21,49.65,1.0207,50.0,40.0,43.520521405324736,1731495.58,0.00705,-0.19436,-0.12345,8427,17,POSITIVE_GAMMA,OK
2026-08-18,GIS,2026-08-21,38.521,1.0757,,37.5,36.202076021426585,3655015.02,,-0.02651,-0.0602,38994,10,POSITIVE_GAMMA,OK
2026-08-18,LEN,2026-08-21,86.115,2.7786,90.0,83.0,89.34149453495147,-8152012.7,0.04511,-0.03617,0.03747,43131,30,NEGATIVE_GAMMA,OK
2026-08-18,NI,2026-08-21,42.51,0.9007,50.0,,42.98420572348806,-53287.2,0.17619,,0.01116,5289,5,NEAR_FLIP,LOW
2026-08-18,MKSI,2026-08-21,295.785,22.055,310.0,,313.99315497386596,-2049419.16,0.04806,,0.06156,5786,18,NEAR_FLIP,OK
2026-08-18,TOST,2026-08-21,35.2394,1.3828,,35.0,,2288807.85,,-0.00679,,30747,35,UNKNOWN,OK
2026-08-18,U,2026-08-21,46.26,2.3187,,45.0,,3456714.97,,-0.02724,,53075,35,UNKNOWN,OK
2026-08-18,TSN,2026-08-21,58.62,1.6707,60.0,57.5,57.36571146264773,1921280.28,0.02354,-0.01911,-0.0214,13057,13,NEAR_FLIP,OK
2026-08-18,CHTR,2026-08-21,150.665,7.3371,155.0,147.0,135.85729443854885,7044878.7,0.02877,-0.02433,-0.09828,33422,52,POSITIVE_GAMMA,OK
2026-08-18,TPG,2026-08-21,51.69,2.3189,,40.0,53.7724871142602,-370459.01,,-0.22616,0.04029,34366,12,NEAR_FLIP,OK
2026-08-18,INIO,2026-08-21,26.005,2.1671,30.0,25.0,25.93772815682903,751.27,0.15362,-0.03865,-0.00259,967,4,NEAR_FLIP,LOW
2026-08-18,RGLD,2026-08-21,230.86,7.3707,,220.0,194.62166407317434,1408232.51,,-0.04704,-0.15697,4967,18,POSITIVE_GAMMA,OK
2026-08-18,BR,2026-08-21,172.9,7.0482,,170.0,156.09744133224942,1937377.86,,-0.01677,-0.09718,3342,16,POSITIVE_GAMMA,OK
2026-08-18,PAAS,2026-08-21,46.53,2.2246,,,45.04417569667425,735045.05,,,-0.03193,41002,42,NEAR_FLIP,OK
2026-08-18,AS,2026-08-21,33.405,1.2512,,32.5,30.97549039902994,3641894.01,,-0.02709,-0.07273,97251,8,POSITIVE_GAMMA,OK
2026-08-18,CDE,2026-08-21,18.58,1.0425,20.0,17.5,16.75847515719673,1529523.79,0.07643,-0.05813,-0.09804,46316,21,POSITIVE_GAMMA,OK
2026-08-18,SBAC,2026-08-21,183.36,6.8407,210.0,175.0,182.58758476471755,76993.55,0.14529,-0.04559,-0.00421,3240,15,NEAR_FLIP,OK
2026-08-18,EVRG,2026-08-21,83.93,1.5054,90.0,77.5,82.74550454759228,132708.74,0.07232,-0.07661,-0.01411,1653,10,NEAR_FLIP,OK
2026-08-18,STLA,2026-08-21,5.085,0.225,5.5,5.0,4.36219322409982,-38701.21,0.08161,-0.01672,-0.14214,7522,6,POSITIVE_GAMMA,LOW
2026-08-18,ITT,2026-08-21,216.15,7.5036,,200.0,197.6406829512488,460728.33,,-0.07472,-0.08563,4686,16,POSITIVE_GAMMA,OK
2026-08-18,SSNC,2026-08-21,81.62,1.9929,85.0,80.0,59.63778422496743,524629.29,0.04141,-0.01985,-0.26932,1795,6,POSITIVE_GAMMA,LOW
2026-08-18,ZBH,2026-08-21,99.7925,3.0486,100.0,90.0,95.23870932331582,1224882.69,0.00208,-0.09813,-0.04563,4194,11,POSITIVE_GAMMA,OK
2026-08-18,APG,2026-08-21,43.57,1.3046,45.0,40.0,50.38760441262233,-626208.31,0.03282,-0.08194,0.15647,11693,14,NEGATIVE_GAMMA,OK
2026-08-18,DD,2026-08-21,139.16,4.7821,150.0,,120.42989614312579,617845.49,0.0779,,-0.13459,2357,15,POSITIVE_GAMMA,OK
2026-08-18,MGA,2026-08-21,71.13,1.9382,,70.0,64.8234586521908,219879.38,,-0.01589,-0.08866,1106,13,POSITIVE_GAMMA,OK
2026-08-18,VTRS,2026-08-21,16.465,0.5321,17.0,16.0,17.45846125566095,-1305704.53,0.03249,-0.02824,0.06034,32257,10,NEGATIVE_GAMMA,OK
2026-08-18,PR,2026-08-21,22.34,0.7599,,21.0,21.668745030621,295951.19,,-0.05998,-0.03005,10708,11,NEAR_FLIP,OK
2026-08-18,TSCO,2026-08-21,35.71,1.2168,37.0,35.5,32.00462739654596,2259918.58,0.03612,-0.00588,-0.10376,29118,30,POSITIVE_GAMMA,OK
2026-08-18,EWBC,2026-08-21,135.405,1.9929,,130.0,103.78523482318505,450025.02,,-0.03992,-0.23352,827,12,POSITIVE_GAMMA,OK
2026-08-18,BBY,2026-08-21,87.735,2.8986,90.0,85.0,86.43026038544129,1469840.85,0.02582,-0.03117,-0.01487,24624,38,NEAR_FLIP,OK
2026-08-18,GPC,2026-08-21,134.13,3.4964,135.0,130.0,111.95633323875671,9666482.39,0.00649,-0.03079,-0.16531,19786,16,POSITIVE_GAMMA,OK
2026-08-18,CRCL,2026-08-21,71.99,4.5729,80.0,,67.03489123511173,3784038.72,0.11127,,-0.06883,98171,35,POSITIVE_GAMMA,OK
2026-08-18,ESS,2026-08-21,286.08,5.7327,290.0,280.0,271.79696797383536,1929093.59,0.0137,-0.02125,-0.04993,1158,11,POSITIVE_GAMMA,OK
2026-08-18,LNT,2026-08-21,70.85,1.3704,,70.0,72.23878923470538,-23559.21,,-0.012,0.0196,359,9,NEGATIVE_GAMMA,LOW
2026-08-18,CF,2026-08-21,119.82,4.68,120.0,,117.0071732769895,824843.77,0.0015,,-0.02348,20059,44,NEAR_FLIP,OK
2026-08-18,FTV,2026-08-21,60.17,1.6311,65.0,60.0,47.55478998988233,93110.4,0.08027,-0.00283,-0.20966,763,6,POSITIVE_GAMMA,LOW
2026-08-18,IONQ,2026-08-21,44.47,2.9829,45.0,,40.80431490071407,3400952.27,0.01192,,-0.08243,86759,41,POSITIVE_GAMMA,OK
2026-08-18,LDOS,2026-08-21,144.3075,5.1146,150.0,135.0,,1200288.54,0.03945,-0.0645,,4197,17,UNKNOWN,OK
2026-08-18,OWL,2026-08-21,11.61,0.5567,12.0,11.0,13.183347060632462,-9000723.91,0.03359,-0.05254,0.13552,231309,14,NEGATIVE_GAMMA,OK
2026-08-18,NTNX,2026-08-21,65.785,2.2003,,65.0,,1436360.35,,-0.01193,,8600,11,UNKNOWN,OK
2026-08-18,LSCC,2026-08-21,123.03,8.1279,145.0,120.0,122.35834573919041,126502.61,0.17857,-0.02463,-0.00546,10278,14,NEAR_FLIP,OK
2026-08-18,DKS,2026-08-21,198.8399,6.3943,200.0,195.0,241.90976611745407,-5287909.15,0.00583,-0.01931,0.21661,10368,18,NEGATIVE_GAMMA,OK
2026-08-18,OVV,2026-08-21,64.52,2.1156,65.0,60.0,61.455103800493134,1312542.05,0.00744,-0.07006,-0.0475,4971,7,POSITIVE_GAMMA,LOW
2026-08-18,INVH,2026-08-21,30.01,0.5543,,30.0,25.00448133789188,618500.83,,-0.00033,-0.1668,2190,6,POSITIVE_GAMMA,LOW
2026-08-18,NLY,2026-08-21,23.425,0.3585,23.5,23.0,23.32680563931651,628120.61,0.0032,-0.01814,-0.00419,45336,17,NEAR_FLIP,OK
2026-08-18,FN,2026-08-21,479.98,46.2371,500.0,,551.9309671008712,-4937743.45,0.04171,,0.1499,7145,29,NEGATIVE_GAMMA,OK
2026-08-18,STRL,2026-08-21,561.74,43.7357,600.0,,585.5819369669157,-1227998.05,0.06811,,0.04244,4787,34,NEAR_FLIP,OK
2026-08-18,JHX,2026-08-21,29.83,1.0107,30.0,25.0,22.095103740855183,165808.68,0.0057,-0.16192,-0.2593,1891,6,POSITIVE_GAMMA,LOW
2026-08-18,ROL,2026-08-21,36.41,0.8707,37.5,,25.631390198056323,-140848.59,0.02994,,-0.29603,5152,7,POSITIVE_GAMMA,LOW
2026-08-18,IEX,2026-08-21,235.03,6.1518,,210.0,218.20865407461886,2069852.23,,-0.1065,-0.07157,2040,11,POSITIVE_GAMMA,OK
2026-08-18,WCC,2026-08-21,354.205,15.7829,,340.0,340.34830961423455,786272.5,,-0.0401,-0.03912,1923,21,NEAR_FLIP,OK
2026-08-18,ZBRA,2026-08-21,364.86,17.475,,360.0,284.0625238068585,-22936.23,,-0.01332,-0.22145,4857,18,POSITIVE_GAMMA,OK
2026-08-18,RBC,2026-08-21,545.86,18.8971,560.0,530.0,535.0138427099146,95644.84,0.0259,-0.02906,-0.01987,225,22,NEAR_FLIP,LOW
2026-08-18,BEN,2026-08-21,33.92,0.8764,,,30.711810906025875,1303493.91,,,-0.09458,9327,15,POSITIVE_GAMMA,OK
2026-08-18,CG,2026-08-21,48.16,nan,,42.5,41.95668593737424,36761638.58,,-0.11752,-0.12881,92919,10,POSITIVE_GAMMA,OK
2026-08-18,JLL,2026-08-21,375.3489,11.1352,,360.0,290.6795328205105,795111.97,,-0.04089,-0.22558,966,19,POSITIVE_GAMMA,OK
2026-08-18,WY,2026-08-21,23.96,0.7168,25.0,23.0,19.045579039453823,-232321.34,0.04341,-0.04007,-0.20511,10604,14,POSITIVE_GAMMA,OK
2026-08-18,CLH,2026-08-21,321.74,8.7754,,300.0,307.8013294860572,361014.45,,-0.06757,-0.04332,476,13,POSITIVE_GAMMA,LOW
2026-08-18,AKAM,2026-08-21,117.32,6.5879,120.0,,117.92651118313303,-274786.03,0.02284,,0.00517,28604,43,NEAR_FLIP,OK
2026-08-18,CDW,2026-08-21,135.735,7.8923,145.0,130.0,135.71290242565914,6722.3,0.06826,-0.04225,-0.00016,7675,16,NEAR_FLIP,OK
2026-08-18,H,2026-08-21,182.4201,6.2693,190.0,175.0,182.7026856332014,-8297.53,0.04155,-0.04068,0.00155,1472,18,NEAR_FLIP,OK
2026-08-18,PAA,2026-08-21,24.0808,nan,25.0,24.0,22.684693339155036,2020247.24,0.03817,-0.00336,-0.05798,15622,18,POSITIVE_GAMMA,OK
2026-08-18,NDSN,2026-08-21,305.51,5.6129,,290.0,254.37617701269647,801039.36,,-0.05077,-0.16737,609,12,POSITIVE_GAMMA,OK
2026-08-18,STZ,2026-08-21,131.15,3.3521,135.0,130.0,132.73849591198402,-1842027.72,0.02936,-0.00877,0.01211,16435,42,NEAR_FLIP,OK
2026-08-18,CHRW,2026-08-21,146.96,7.4036,,145.0,152.38393075486655,-517668.24,,-0.01334,0.03691,4981,17,NEAR_FLIP,OK
2026-08-18,TLN,2026-08-21,351.37,17.0752,360.0,340.0,352.81132253708313,-476168.81,0.02456,-0.03236,0.0041,12206,55,NEAR_FLIP,OK
2026-08-18,J,2026-08-21,143.9,4.1607,145.0,130.0,129.87136684044305,270803.66,0.00764,-0.09659,-0.09749,912,14,POSITIVE_GAMMA,OK
2026-08-18,DINO,2026-08-21,94.5,3.7086,95.0,90.0,68.06806124504295,9845197.5,0.00529,-0.04762,-0.2797,27238,16,POSITIVE_GAMMA,OK
2026-08-18,PFGC,2026-08-21,105.74,3.442,110.0,105.0,131.0645484224038,-585337.76,0.04029,-0.007,0.2395,1469,11,NEGATIVE_GAMMA,OK
2026-08-18,NVDA,2026-08-19,219.74,6.5814,225.0,,222.85075714215466,-96413641.62,0.02394,,0.01416,158293,42,NEAR_FLIP,OK
2026-08-18,AAPL,2026-08-19,310.03,8.3064,,307.5,304.4066351860336,143857696.35,,-0.00816,-0.01814,54453,41,NEAR_FLIP,OK
2026-08-18,GOOG,2026-08-21,341.28,10.2014,350.0,,345.06754047561964,-36668168.48,0.02555,,0.0111,240384,71,NEAR_FLIP,OK
2026-08-18,GOOGL,2026-08-19,344.2,10.7086,350.0,,342.23231323250474,26710082.19,0.01685,,-0.00572,28234,57,NEAR_FLIP,OK
2026-08-18,MSFT,2026-08-19,481.63,16.9728,485.0,477.5,482.97737022942135,-17687295.08,0.007,-0.00858,0.0028,36228,68,NEAR_FLIP,OK
2026-08-18,AMZN,2026-08-19,259.45,9.8393,260.0,257.5,239.2566077456979,-3499209.79,0.00212,-0.00752,-0.07783,50558,46,POSITIVE_GAMMA,OK
2026-08-18,SPCX,2026-08-21,143.34,10.8029,150.0,140.0,139.05447840187176,36860353.57,0.04646,-0.0233,-0.0299,786997,64,NEAR_FLIP,OK
2026-08-18,AVGO,2026-08-19,380.0,16.31,,375.0,392.8844054051443,-26431968.4,,-0.01316,0.03391,21636,66,NEAR_FLIP,OK
2026-08-18,META,2026-08-19,543.67,22.9571,555.0,,429.9158371750351,-74983294.15,0.02084,,-0.20923,35778,91,POSITIVE_GAMMA,OK
2026-08-18,TSLA,2026-08-19,336.87,10.855,340.0,335.0,334.4632050335849,20965753.85,0.00929,-0.00555,-0.00714,93395,66,NEAR_FLIP,OK
2026-08-18,LLY,2026-08-21,1225.73,45.2743,1250.0,1200.0,1179.359285400133,94827428.97,0.0198,-0.02099,-0.03783,44172,83,POSITIVE_GAMMA,OK
2026-08-18,MU,2026-08-19,940.76,70.3729,980.0,,985.951109356821,-74481570.56,0.04171,,0.04804,51508,131,NEAR_FLIP,OK
2026-08-18,JPM,2026-08-21,363.25,5.4857,365.0,360.0,348.020863507921,112165111.16,0.00482,-0.00895,-0.04192,112224,56,POSITIVE_GAMMA,OK
2026-08-18,WMT,2026-08-21,115.2,2.3336,120.0,,116.44894185367248,-6960571.76,0.04167,,0.01084,254370,41,NEAR_FLIP,OK
2026-08-18,AMD,2026-08-19,484.39,29.7764,495.0,480.0,496.70303463806476,-23914937.7,0.0219,-0.00906,0.02542,33437,110,NEAR_FLIP,OK
2026-08-18,V,2026-08-21,364.25,6.6457,365.0,362.5,357.1209802960687,46417355.52,0.00206,-0.0048,-0.01957,60377,50,POSITIVE_GAMMA,OK
2026-08-18,XOM,2026-08-21,165.56,3.7686,170.0,160.0,156.40044693395708,66111745.42,0.02682,-0.03358,-0.05532,87571,38,POSITIVE_GAMMA,OK
2026-08-18,JNJ,2026-08-21,271.11,5.7964,280.0,270.0,258.2289636151421,62986972.27,0.03279,-0.00409,-0.04751,65678,41,POSITIVE_GAMMA,OK
2026-08-18,MA,2026-08-21,574.31,10.9357,580.0,567.5,558.0611535076848,23659319.33,0.00991,-0.01186,-0.02829,22868,67,POSITIVE_GAMMA,OK
2026-08-18,INTC,2026-08-19,96.685,6.6464,100.0,,99.93773399804886,-9936670.98,0.03429,,0.03364,72674,56,NEAR_FLIP,OK
2026-08-18,ABBV,2026-08-21,258.92,6.3936,260.0,250.0,237.89173259174905,38937604.87,0.00417,-0.03445,-0.08122,50954,41,POSITIVE_GAMMA,OK
2026-08-18,BAC,2026-08-21,64.23,0.9488,65.0,64.0,60.16194293574834,53545135.29,0.01199,-0.00358,-0.06334,221945,34,POSITIVE_GAMMA,OK
2026-08-18,CSCO,2026-08-21,111.61,4.3964,115.0,110.0,112.0684176281504,-4594878.4,0.03037,-0.01443,0.00411,147824,45,NEAR_FLIP,OK
2026-08-18,COST,2026-08-21,961.35,16.6721,970.0,950.0,954.8761522374405,41246134.44,0.009,-0.01181,-0.00673,61266,94,NEAR_FLIP,OK
2026-08-18,ORCL,2026-08-21,142.79,7.2536,,140.0,140.30431969342052,7634336.65,,-0.01954,-0.01741,400379,60,NEAR_FLIP,OK
2026-08-18,PLTR,2026-08-21,171.54,8.8764,180.0,170.0,140.41329925821782,43585452.45,0.04932,-0.00898,-0.18145,411387,52,POSITIVE_GAMMA,OK
2026-08-18,CVX,2026-08-21,205.74,4.5471,,200.0,188.9324178810507,210828234.73,,-0.0279,-0.08169,107666,37,POSITIVE_GAMMA,OK
2026-08-18,AMAT,2026-08-21,514.33,32.5671,,500.0,524.3941662619629,-9293753.13,,-0.02786,0.01957,59210,60,NEAR_FLIP,OK
2026-08-18,LRCX,2026-08-21,327.92,21.9164,,,311.5080546326669,8817260.85,,,-0.05005,107507,52,NEAR_FLIP,OK
2026-08-18,CAT,2026-08-21,840.87,35.1456,880.0,820.0,872.6743422370739,-46165973.38,0.04654,-0.02482,0.03782,45558,73,NEAR_FLIP,OK
2026-08-18,GE,2026-08-21,375.09,8.7579,,360.0,360.9183498083833,23888329.11,,-0.04023,-0.03778,30785,51,POSITIVE_GAMMA,OK
2026-08-18,KO,2026-08-21,88.82,1.3721,89.0,,80.5655061323304,64761366.24,0.00203,,-0.09294,168948,40,POSITIVE_GAMMA,OK
2026-08-18,UNH,2026-08-21,393.93,9.7464,400.0,390.0,398.9738078838938,-25410535.1,0.01541,-0.00998,0.0128,105643,57,NEAR_FLIP,OK
2026-08-18,MS,2026-08-21,217.55,4.5871,220.0,210.0,212.6117350854376,10021001.66,0.01126,-0.0347,-0.0227,37619,37,POSITIVE_GAMMA,OK
2026-08-18,HD,2026-08-21,337.49,8.4313,350.0,335.0,340.0019550294954,-11351941.51,0.03707,-0.00738,0.00744,62514,55,NEAR_FLIP,OK
2026-08-18,MRK,2026-08-21,135.17,3.2493,,133.0,126.17213330801333,24104234.72,,-0.01605,-0.06657,57805,40,POSITIVE_GAMMA,OK
2026-08-18,PG,2026-08-21,143.45,2.6601,145.0,,144.10415910823548,-5465031.05,0.01081,,0.00456,62494,37,NEAR_FLIP,OK
2026-08-18,NFLX,2026-08-21,77.77,2.2991,80.0,,75.56535438308151,52716897.94,0.02867,,-0.02835,504742,46,NEAR_FLIP,OK
2026-08-18,DELL,2026-08-21,468.65,33.0286,500.0,460.0,460.27404278832284,7434665.95,0.06689,-0.01846,-0.01787,66713,72,NEAR_FLIP,OK
2026-08-18,PANW,2026-08-21,374.14,14.5814,,362.5,352.7119294993879,13307409.05,,-0.03111,-0.05727,39744,64,POSITIVE_GAMMA,OK
2026-08-18,GS,2026-08-21,1040.47,25.3882,1100.0,,1039.613003528819,2530862.51,0.05721,,-0.00082,69329,110,NEAR_FLIP,OK
2026-08-18,RTX,2026-08-21,225.49,4.1554,230.0,220.0,217.25910868711583,18863972.42,0.02,-0.02435,-0.0365,43036,42,POSITIVE_GAMMA,OK
2026-08-18,RY,2026-08-21,212.99,3.1964,,210.0,213.07298087952688,-87266.66,,-0.01404,0.00039,8917,14,NEAR_FLIP,OK
2026-08-18,PM,2026-08-21,187.62,4.4593,,185.0,185.689762999947,3022727.02,,-0.01396,-0.01029,25823,32,NEAR_FLIP,OK
2026-08-18,GEV,2026-08-21,1004.53,48.4379,,1000.0,1027.0741680189908,-10766837.25,,-0.00451,0.02244,27855,111,NEAR_FLIP,OK
2026-08-18,WFC,2026-08-21,87.4,1.6426,89.0,85.0,86.82528581400459,9176694.14,0.01831,-0.02746,-0.00658,124157,36,NEAR_FLIP,OK
2026-08-18,KLAC,2026-08-21,194.79,10.7429,196.0,184.0,200.4336920490029,-3402391.23,0.00621,-0.05539,0.02897,75766,79,NEAR_FLIP,OK
2026-08-18,TXN,2026-08-21,272.24,10.2093,285.0,260.0,273.1294860664193,-1493029.35,0.04687,-0.04496,0.00327,50695,43,NEAR_FLIP,OK
2026-08-18,AZN,2026-08-21,160.1,4.2043,,155.0,155.00913673486906,7174318.27,,-0.03186,-0.0318,16469,16,POSITIVE_GAMMA,OK
2026-08-18,SNDK,2026-08-21,1625.78,161.7451,,1600.0,1630.1213491744054,-2111545.11,,-0.01586,0.00267,114462,135,NEAR_FLIP,OK
2026-08-18,ANET,2026-08-21,193.18,10.8646,,185.0,180.7092430159965,11285176.32,,-0.04234,-0.06456,50337,43,POSITIVE_GAMMA,OK
2026-08-18,C,2026-08-21,137.65,3.0089,140.0,135.0,133.57744940381994,35870756.15,0.01707,-0.01925,-0.02959,118084,45,POSITIVE_GAMMA,OK
2026-08-18,AMGN,2026-08-21,425.28,11.5114,435.0,405.0,406.10258457628584,16181622.61,0.02286,-0.04769,-0.04509,24336,55,POSITIVE_GAMMA,OK
2026-08-18,AXP,2026-08-21,338.52,6.062,345.0,335.0,334.12736140928826,14424257.89,0.01914,-0.0104,-0.01298,29068,57,NEAR_FLIP,OK
2026-08-18,LIN,2026-08-21,478.705,10.8879,485.0,475.0,499.9316367656958,-6904715.98,0.01315,-0.00774,0.04434,7480,44,NEGATIVE_GAMMA,OK
2026-08-18,IBM,2026-08-21,232.67,6.6179,,230.0,225.97023379150116,23182581.73,,-0.01148,-0.0288,126946,42,POSITIVE_GAMMA,OK
2026-08-18,TMO,2026-08-21,589.04,12.8429,600.0,580.0,572.3825750999051,7337343.98,0.01861,-0.01535,-0.02828,9952,56,POSITIVE_GAMMA,OK
2026-08-18,CRWD,2026-08-21,212.92,8.6541,,210.0,195.76215366492056,17792309.13,,-0.01371,-0.08058,118614,51,POSITIVE_GAMMA,OK
2026-08-18,STX,2026-08-21,903.68,73.6464,,900.0,825.4000626443791,12105440.53,,-0.00407,-0.08662,31280,86,POSITIVE_GAMMA,OK
2026-08-18,TD,2026-08-21,121.97,1.9079,125.0,120.0,85.9927820999857,-66961.86,0.02484,-0.01615,-0.29497,11736,11,POSITIVE_GAMMA,OK
2026-08-18,VZ,2026-08-21,48.54,1.0475,49.0,48.0,44.752346757875166,23276046.46,0.00948,-0.01112,-0.07803,157626,37,POSITIVE_GAMMA,OK
2026-08-18,TTE,2026-08-21,89.29,1.5079,90.0,82.5,85.30416521115815,7220286.29,0.00795,-0.07604,-0.04464,17126,18,POSITIVE_GAMMA,OK
2026-08-18,APH,2026-08-21,159.57,6.7864,165.0,,151.46944949913924,6796984.09,0.03403,,-0.05076,49931,18,POSITIVE_GAMMA,OK
2026-08-18,TMUS,2026-08-21,182.75,4.9043,195.0,,180.44632201451157,6113597.17,0.06703,,-0.01261,63918,35,NEAR_FLIP,OK
2026-08-18,ABT,2026-08-21,112.68,2.5779,115.0,110.0,92.57551686275404,14003186.72,0.02059,-0.02378,-0.17842,50237,43,POSITIVE_GAMMA,OK
2026-08-18,SCHW,2026-08-21,111.68,1.7743,114.0,111.0,106.23570971294055,33750099.93,0.02077,-0.00609,-0.04875,52867,42,POSITIVE_GAMMA,OK
2026-08-18,SHOP,2026-08-21,146.58,7.7858,150.0,145.0,127.14093219963314,5003175.59,0.02333,-0.01078,-0.13262,80719,62,POSITIVE_GAMMA,OK
2026-08-18,PEP,2026-08-21,140.13,2.4107,,140.0,137.7745688123632,22005781.84,,-0.00093,-0.01681,55611,41,NEAR_FLIP,OK
2026-08-18,MRVL,2026-08-21,216.0,16.8164,220.0,210.0,205.52932223393523,13578246.07,0.01852,-0.02778,-0.04848,210679,52,NEAR_FLIP,OK
2026-08-18,MCD,2026-08-21,266.99,5.9536,270.0,265.0,267.4928277800931,-3183436.95,0.01127,-0.00745,0.00188,49580,44,NEAR_FLIP,OK
2026-08-18,BLK,2026-08-21,1154.35,22.6897,,,1031.5246725536194,19008214.46,,,-0.1064,6380,80,POSITIVE_GAMMA,OK
2026-08-18,ADI,2026-08-21,376.63,12.77,390.0,360.0,386.6071040294179,-4951702.79,0.0355,-0.04415,0.02649,18197,52,NEAR_FLIP,OK
2026-08-18,DIS,2026-08-21,103.95,2.3429,105.0,,100.86825620767722,16311970.15,0.0101,,-0.02965,110200,39,POSITIVE_GAMMA,OK
2026-08-18,NEE,2026-08-21,86.22,1.5129,87.5,85.0,86.80063320848579,-4651586.51,0.01485,-0.01415,0.00673,50105,34,NEAR_FLIP,OK
2026-08-18,WDC,2026-08-21,496.16,46.0936,500.0,,510.9540549197206,-6557087.03,0.00774,,0.02982,56932,76,NEAR_FLIP,OK
2026-08-18,UNP,2026-08-21,298.74,5.7121,300.0,297.5,281.59298646145953,16400824.14,0.00422,-0.00415,-0.0574,20782,44,POSITIVE_GAMMA,OK
2026-08-18,BA,2026-08-21,223.06,6.64,230.0,,223.76359856987838,-5388684.11,0.03111,,0.00315,171320,40,NEAR_FLIP,OK
2026-08-18,GILD,2026-08-21,143.44,4.055,,140.0,128.21349063225932,14110532.23,,-0.02398,-0.10615,34531,44,POSITIVE_GAMMA,OK
2026-08-18,BX,2026-08-21,140.59,4.7643,,,137.75696821870548,4307787.07,,,-0.02015,67478,48,NEAR_FLIP,OK
2026-08-18,T,2026-08-21,24.9,0.5557,25.0,,21.776662078579196,14449081.7,0.00402,,-0.12544,182460,23,POSITIVE_GAMMA,OK
2026-08-18,WELL,2026-08-21,235.44,5.1721,240.0,230.0,234.64327227169898,380137.11,0.01937,-0.02311,-0.00338,4518,17,NEAR_FLIP,OK
2026-08-18,ETN,2026-08-21,431.33,17.355,440.0,,417.23317453961846,4209343.19,0.0201,,-0.03268,17622,67,NEAR_FLIP,OK
2026-08-18,TJX,2026-08-21,150.85,3.0936,155.0,150.0,154.8242046486235,-4744778.89,0.02751,-0.00563,0.02635,20407,31,NEGATIVE_GAMMA,OK
2026-08-18,QCOM,2026-08-21,160.19,6.6321,,160.0,157.83520011644438,3107367.23,,-0.00119,-0.0147,111645,28,NEAR_FLIP,OK
2026-08-18,UBS,2026-08-21,52.97,0.8164,,52.5,42.576557995465954,1396100.84,,-0.00887,-0.19621,21183,11,POSITIVE_GAMMA,OK
2026-08-18,CRM,2026-08-21,196.14,8.105,200.0,190.0,170.82576034020457,45206807.23,0.01968,-0.0313,-0.12906,189269,37,POSITIVE_GAMMA,OK
2026-08-18,DE,2026-08-21,588.72,15.0564,630.0,570.0,627.5313148946306,-8571894.67,0.07012,-0.0318,0.06592,9231,66,NEGATIVE_GAMMA,OK
2026-08-18,SCCO,2026-08-21,187.8,nan,192.5,182.5,190.2457584665285,-1076961.86,0.02503,-0.02822,0.01302,10812,33,NEGATIVE_GAMMA,OK
2026-08-18,UBER,2026-08-21,74.66,2.6459,75.0,,71.32717700524734,22533766.29,0.00455,,-0.04464,186718,38,POSITIVE_GAMMA,OK
2026-08-18,BKNG,2026-08-21,208.25,7.3064,210.0,202.5,194.07763987032658,6823192.06,0.0084,-0.02761,-0.06805,31340,38,POSITIVE_GAMMA,OK
2026-08-18,COP,2026-08-21,129.72,3.4595,130.0,125.0,121.3913143653829,11355999.02,0.00216,-0.03639,-0.06421,33611,46,POSITIVE_GAMMA,OK
2026-08-18,IBKR,2026-08-21,90.56,2.94,95.0,90.0,92.68155913527825,-1068839.17,0.04903,-0.00618,0.02343,11711,33,NEAR_FLIP,OK
2026-08-18,PFE,2026-08-21,27.25,0.5821,,27.0,25.37886944769343,34614103.21,,-0.00917,-0.06867,392441,26,POSITIVE_GAMMA,OK
2026-08-18,DHR,2026-08-21,199.58,5.3436,200.0,197.5,174.96966189783709,11519753.93,0.0021,-0.01042,-0.12331,22019,34,POSITIVE_GAMMA,OK
2026-08-18,GLW,2026-08-21,159.9,11.3814,160.0,,155.74788262637568,4140965.43,0.00063,,-0.02597,96160,38,NEAR_FLIP,OK
2026-08-18,LMT,2026-08-21,607.17,14.615,610.0,585.0,585.9939790976821,27296202.37,0.00466,-0.03651,-0.03488,18048,82,POSITIVE_GAMMA,OK
2026-08-18,ISRG,2026-08-21,391.18,9.8068,400.0,,386.26792374126387,1480225.47,0.02255,,-0.01256,21467,69,NEAR_FLIP,OK
2026-08-18,COF,2026-08-21,221.47,4.8193,227.5,220.0,216.31491192353414,10216371.97,0.02723,-0.00664,-0.02328,18644,33,POSITIVE_GAMMA,OK
2026-08-18,PLD,2026-08-21,140.02,2.47,145.0,140.0,141.8057031927455,-1989529.69,0.03557,-0.00014,0.01275,12298,15,NEAR_FLIP,OK
2026-08-18,BMY,2026-08-21,66.05,1.895,,62.5,62.50811298697707,12546010.1,,-0.05375,-0.05362,98499,29,POSITIVE_GAMMA,OK
2026-08-18,CB,2026-08-21,345.29,6.3221,355.0,345.0,331.28707364737943,11266131.36,0.02812,-0.00084,-0.04055,12703,37,POSITIVE_GAMMA,OK
2026-08-18,VRTX,2026-08-21,528.19,16.7757,540.0,510.0,512.786513201513,4090333.08,0.02236,-0.03444,-0.02916,6204,57,NEAR_FLIP,OK
2026-08-18,PH,2026-08-21,1041.85,26.7657,,980.0,765.9914851069739,10265592.86,,-0.05937,-0.26478,5349,44,POSITIVE_GAMMA,OK
2026-08-18,BMO,2026-08-21,182.57,2.6764,185.0,180.0,182.6712299227181,-28917.48,0.01331,-0.01408,0.00055,3387,16,NEAR_FLIP,OK
2026-08-18,SYK,2026-08-21,331.37,10.4232,,320.0,315.05217539808456,6767240.38,,-0.03431,-0.04924,7374,20,POSITIVE_GAMMA,OK
2026-08-18,NEM,2026-08-21,115.98,4.3871,,114.0,103.87359442783357,12574102.17,,-0.01707,-0.10438,81712,59,POSITIVE_GAMMA,OK
2026-08-18,NOW,2026-08-21,119.49,6.3149,120.0,,112.85699908873386,15738708.97,0.00427,,-0.05551,228646,60,POSITIVE_GAMMA,OK
2026-08-18,SPGI,2026-08-21,418.04,9.7429,,410.0,423.6218834586718,-1447444.29,,-0.01923,0.01335,4361,57,NEAR_FLIP,OK
2026-08-18,SBUX,2026-08-21,106.01,2.9107,110.0,105.0,105.95684203039824,242784.21,0.03764,-0.00953,-0.0005,52277,38,NEAR_FLIP,OK
2026-08-18,LOW,2026-08-21,215.64,5.2646,220.0,210.0,213.2221752881072,2642520.37,0.02022,-0.02615,-0.01121,23211,38,NEAR_FLIP,OK
2026-08-18,CVS,2026-08-21,94.91,2.9964,95.0,,95.38659526477976,-1646233.36,0.00095,,0.00502,69330,48,NEAR_FLIP,OK
2026-08-18,PGR,2026-08-21,207.23,4.5014,215.0,202.5,210.72528729386926,-5719719.71,0.03749,-0.02282,0.01687,17264,35,NEAR_FLIP,OK
2026-08-18,MDT,2026-08-21,92.09,2.0529,,90.0,77.74016900301254,10022074.63,,-0.0227,-0.15582,50361,40,POSITIVE_GAMMA,OK
2026-08-18,FTNT,2026-08-21,158.01,6.8557,160.0,155.0,157.82353736687992,171206.58,0.01259,-0.01905,-0.00118,30909,34,NEAR_FLIP,OK
2026-08-18,HWM,2026-08-21,292.65,8.3571,,290.0,282.85409085938016,2259538.32,,-0.00906,-0.03347,5341,42,POSITIVE_GAMMA,OK
2026-08-18,CM,2026-08-21,121.64,2.1286,125.0,115.0,109.1616849832153,1725080.93,0.02762,-0.05459,-0.10258,4863,9,POSITIVE_GAMMA,OK
2026-08-18,SNOW,2026-08-21,325.33,13.4231,330.0,315.0,270.38848950888763,24893332.97,0.01435,-0.03175,-0.16888,49982,62,POSITIVE_GAMMA,OK
2026-08-18,ENB,2026-08-21,51.39,0.9207,52.5,,51.78676725077862,-391853.32,0.0216,,0.00772,11037,12,NEAR_FLIP,OK
2026-08-18,BNS,2026-08-21,90.13,1.1868,,90.0,68.48272780550718,691977.15,,-0.00144,-0.24018,2830,14,POSITIVE_GAMMA,OK
2026-08-18,BNY,2026-08-21,163.93,2.4486,165.0,160.0,151.77165443710823,3408029.52,0.00653,-0.02397,-0.07417,5988,16,POSITIVE_GAMMA,OK
2026-08-18,ABNB,2026-08-21,183.25,6.775,185.0,177.5,128.82309409872855,5667145.74,0.00955,-0.03138,-0.29701,37026,44,POSITIVE_GAMMA,OK
2026-08-18,ADP,2026-08-21,269.31,7.4132,,265.0,272.0491459259363,-1405202.07,,-0.016,0.01017,14418,39,NEAR_FLIP,OK
2026-08-18,MO,2026-08-21,65.19,1.9779,,64.0,49.61173818999239,-5736642.77,,-0.01825,-0.23897,48302,38,POSITIVE_GAMMA,OK
2026-08-18,NET,2026-08-21,301.36,18.5127,,295.0,212.85716388613406,6303663.57,,-0.0211,-0.29368,38103,58,POSITIVE_GAMMA,OK
2026-08-18,EQIX,2026-08-21,1085.09,30.8028,1090.0,1000.0,1069.773209834756,5884227.58,0.00453,-0.07842,-0.01412,8009,56,NEAR_FLIP,OK
2026-08-18,GD,2026-08-21,393.48,6.76,400.0,385.0,344.3333072626747,3604472.09,0.01657,-0.02155,-0.1249,4435,40,POSITIVE_GAMMA,OK
2026-08-18,ACN,2026-08-21,172.93,7.9175,,,163.01507486110847,4225278.27,,,-0.05733,42433,49,POSITIVE_GAMMA,OK
2026-08-18,SO,2026-08-21,92.07,1.7918,95.0,92.0,93.51180583507,-8172732.39,0.03182,-0.00076,0.01566,26328,33,NEAR_FLIP,OK
2026-08-18,VRT,2026-08-21,272.54,15.8309,,265.0,285.8243077646761,-11587282.25,,-0.02767,0.04874,75196,47,NEAR_FLIP,OK
2026-08-18,SPOT,2026-08-21,516.28,25.2114,,500.0,479.7390749313126,35370174.49,,-0.03153,-0.07078,40064,62,POSITIVE_GAMMA,OK
2026-08-18,PWR,2026-08-21,696.15,32.8975,700.0,,672.3055592324876,5887364.76,0.00553,,-0.03425,17467,42,NEAR_FLIP,OK
2026-08-18,ADBE,2026-08-21,263.14,11.735,275.0,257.5,254.37253555198825,14200234.48,0.04507,-0.02143,-0.03332,67456,51,NEAR_FLIP,OK
2026-08-18,APP,2026-08-21,307.26,21.8337,320.0,300.0,319.7681184220519,-16746899.88,0.04146,-0.02363,0.04071,39051,57,NEAR_FLIP,OK
2026-08-18,BN,2026-08-21,42.13,1.0657,,,41.0858531603183,714282.45,,,-0.02478,12757,17,NEAR_FLIP,OK
2026-08-18,MCK,2026-08-21,869.26,30.5064,870.0,850.0,781.2617258916165,4915734.6,0.00085,-0.02216,-0.10123,6899,46,POSITIVE_GAMMA,OK
2026-08-18,CNQ,2026-08-21,49.59,1.2,50.0,,37.881691358537964,1835574.03,0.00827,,-0.2361,14700,36,POSITIVE_GAMMA,OK
2026-08-18,TT,2026-08-21,463.37,13.5186,470.0,460.0,473.3779681103104,-2966466.19,0.01431,-0.00727,0.0216,3430,26,NEAR_FLIP,OK
2026-08-18,PNC,2026-08-21,254.28,3.6164,260.0,240.0,244.0524004728064,5869415.64,0.02249,-0.05616,-0.04022,8230,31,POSITIVE_GAMMA,OK
2026-08-18,MPC,2026-08-21,366.21,12.7536,380.0,350.0,,13701867.35,0.03766,-0.04426,,16325,14,UNKNOWN,OK
2026-08-18,USB,2026-08-21,64.79,0.9332,,,58.799162170800166,6248867.92,,,-0.09247,23318,29,POSITIVE_GAMMA,OK
2026-08-18,VLO,2026-08-21,350.05,11.9429,,337.5,297.1129046929676,7839919.11,,-0.03585,-0.15123,17338,47,POSITIVE_GAMMA,OK
2026-08-18,CEG,2026-08-21,266.83,11.0114,280.0,,271.4206686180796,-3528122.92,0.04936,,0.0172,32895,47,NEAR_FLIP,OK
2026-08-18,CME,2026-08-21,271.54,5.7186,,265.0,262.57979057721695,4477648.61,,-0.02408,-0.033,15033,40,POSITIVE_GAMMA,OK
2026-08-18,DUK,2026-08-21,123.99,2.3343,125.0,,123.33528370164896,1153193.97,0.00815,,-0.00528,21858,15,NEAR_FLIP,OK
2026-08-18,KKR,2026-08-21,107.19,4.6121,,100.0,102.86811375789476,3482113.15,,-0.06708,-0.04032,37268,45,NEAR_FLIP,OK
2026-08-18,INTU,2026-08-21,350.41,15.105,,330.0,328.65151339585225,12598502.28,,-0.05825,-0.06209,22105,55,POSITIVE_GAMMA,OK
2026-08-18,PSX,2026-08-21,243.49,7.7471,,230.0,229.26885523929,2380232.69,,-0.0554,-0.05841,5279,34,POSITIVE_GAMMA,OK
2026-08-18,FCX,2026-08-21,66.32,2.5843,,65.0,64.66441748419072,6654788.14,,-0.0199,-0.02496,187099,36,NEAR_FLIP,OK
2026-08-18,AEM,2026-08-21,186.94,7.3342,200.0,180.0,179.1387032570115,7748910.28,0.06986,-0.03712,-0.04173,30537,48,POSITIVE_GAMMA,OK
2026-08-18,DASH,2026-08-21,216.35,7.9886,220.0,200.0,204.816544670588,5677507.73,0.01687,-0.07557,-0.05331,21593,45,POSITIVE_GAMMA,OK
2026-08-18,MAR,2026-08-21,357.33,9.2336,365.0,350.0,361.9308241113832,-2109952.55,0.02146,-0.02051,0.01288,6116,46,NEAR_FLIP,OK
2026-08-18,CSX,2026-08-21,50.24,0.91,,50.0,50.775883366484884,-1885612.25,,-0.00478,0.01067,43358,29,NEAR_FLIP,OK
2026-08-18,MMM,2026-08-21,180.94,3.3689,,180.0,160.88217102578642,12159517.24,,-0.0052,-0.11085,30398,33,POSITIVE_GAMMA,OK
2026-08-18,WMB,2026-08-21,75.13,1.8136,,75.0,70.9390581976791,8380219.78,,-0.00173,-0.05578,37891,29,POSITIVE_GAMMA,OK
2026-08-18,CMCSA,2026-08-21,26.2,0.6882,,25.0,24.425339466415615,4159927.78,,-0.0458,-0.06774,155629,26,POSITIVE_GAMMA,OK
2026-08-18,MNST,2026-08-21,47.38,5.1482,47.5,46.25,46.23255267387473,2314546.63,0.00253,-0.02385,-0.02422,42584,15,NEAR_FLIP,OK
2026-08-18,RACE,2026-08-21,412.44,8.2111,,402.5,365.3619806715109,3810900.48,,-0.0241,-0.11415,6101,56,POSITIVE_GAMMA,OK
2026-08-18,WM,2026-08-21,223.58,4.5521,230.0,220.0,226.641295143306,-4563237.52,0.02871,-0.01601,0.01369,7805,17,NEAR_FLIP,OK
2026-08-18,JCI,2026-08-21,149.68,4.4443,155.0,140.0,142.73127733624023,17744039.7,0.03554,-0.06467,-0.04642,36375,16,POSITIVE_GAMMA,OK
2026-08-18,MELI,2026-08-21,1779.14,67.9485,1820.0,1750.0,1836.1073540786629,-26716547.13,0.02297,-0.01638,0.03202,11732,106,NEAR_FLIP,OK
2026-08-18,HCA,2026-08-21,411.73,11.6657,420.0,400.0,399.0291101874502,8780826.4,0.02009,-0.02849,-0.03085,20428,41,POSITIVE_GAMMA,OK
2026-08-18,MRSH,2026-08-21,186.37,3.8857,190.0,185.0,173.46786793797213,295596.06,0.01948,-0.00735,-0.06923,4172,14,POSITIVE_GAMMA,OK
2026-08-18,DDOG,2026-08-21,246.0,17.5941,,,247.5466349651885,-746393.8,,,0.00629,40017,43,NEAR_FLIP,OK
2026-08-18,EMR,2026-08-21,157.78,4.6986,165.0,135.0,155.3750861128198,404737.74,0.04576,-0.14438,-0.01524,3529,40,NEAR_FLIP,OK
2026-08-18,CDNS,2026-08-21,316.52,10.5814,400.0,,346.91708507740776,-47582976.05,0.26374,,0.09604,39727,51,NEGATIVE_GAMMA,OK
2026-08-18,ICE,2026-08-21,156.18,3.6229,,152.5,126.32571201369645,5002340.13,,-0.02356,-0.19115,13159,41,POSITIVE_GAMMA,OK
2026-08-18,UPS,2026-08-21,101.93,2.4018,105.0,101.0,103.87113367455748,-12591286.4,0.03012,-0.00912,0.01904,63582,45,NEAR_FLIP,OK
2026-08-18,ELV,2026-08-21,398.27,10.0707,,,377.0482998694812,2942515.05,,,-0.05328,5426,24,POSITIVE_GAMMA,OK
2026-08-18,CMI,2026-08-21,620.81,24.4786,,600.0,657.0919416116973,-3477158.57,,-0.03352,0.05844,4445,34,NEGATIVE_GAMMA,OK
2026-08-18,SHW,2026-08-21,345.27,8.2279,350.0,,350.24578669921715,-2261833.32,0.0137,,0.01441,10444,19,NEAR_FLIP,OK
2026-08-18,MCO,2026-08-21,485.79,10.2479,540.0,,471.8671296192494,3704936.48,0.11159,,-0.02866,8335,26,POSITIVE_GAMMA,OK
2026-08-18,EPD,2026-08-21,38.64,0.6664,39.0,38.0,37.28316041907224,5192801.19,0.00932,-0.01656,-0.03511,14871,26,POSITIVE_GAMMA,OK
2026-08-18,HOOD,2026-08-21,91.53,4.4727,,90.0,93.273384142651,-8173049.28,,-0.01672,0.01905,232930,38,NEAR_FLIP,OK
2026-08-18,REGN,2026-08-21,810.24,21.52,,795.0,781.6821284706015,3518617.22,,-0.01881,-0.03525,4599,71,POSITIVE_GAMMA,OK
2026-08-18,NOC,2026-08-21,589.14,12.8441,600.0,,538.000673113445,7399960.25,0.01843,,-0.0868,8114,60,POSITIVE_GAMMA,OK
2026-08-18,BAM,2026-08-21,51.47,1.6641,,50.0,48.94770301638671,339453.28,,-0.02856,-0.04901,7799,10,POSITIVE_GAMMA,OK
2026-08-18,CP,2026-08-21,93.68,2.0307,95.0,92.5,92.52836540889294,204487.69,0.01409,-0.0126,-0.01229,2292,14,NEAR_FLIP,OK
2026-08-18,ITW,2026-08-21,284.66,6.0683,,,262.60558142806053,2352197.77,,,-0.07748,2111,15,POSITIVE_GAMMA,OK
2026-08-18,AMT,2026-08-21,172.33,4.8393,180.0,170.0,172.95122034921746,-411230.05,0.04451,-0.01352,0.0036,11108,17,NEAR_FLIP,OK
2026-08-18,RCL,2026-08-21,300.0,8.095,,290.0,310.8930797460248,-3605474.51,,-0.03333,0.03631,10321,49,NEGATIVE_GAMMA,OK
2026-08-18,MDLZ,2026-08-21,62.66,1.4257,65.0,57.5,62.03075360056594,1093091.18,0.03734,-0.08235,-0.01004,20342,26,NEAR_FLIP,OK
2026-08-18,CTAS,2026-08-21,199.45,4.6271,200.0,,199.910967541439,-171339.95,0.00276,,0.00231,8860,31,NEAR_FLIP,OK
2026-08-18,SLB,2026-08-21,53.21,1.5611,,52.5,49.51234043745701,8001169.35,,-0.01334,-0.06949,88784,38,POSITIVE_GAMMA,OK
2026-08-18,FDX,2026-08-21,328.38,7.1571,330.0,322.5,320.58709078965165,4007511.68,0.00493,-0.01791,-0.02373,12785,48,POSITIVE_GAMMA,OK
2026-08-18,APO,2026-08-21,133.85,5.3568,135.0,120.0,129.55908210211882,2215161.99,0.00859,-0.10347,-0.03206,20277,49,NEAR_FLIP,OK
2026-08-18,SU,2026-08-21,67.68,1.8821,,,,4625326.77,,,,21511,29,UNKNOWN,OK
2026-08-18,ECL,2026-08-21,280.0,5.6621,,270.0,281.3543902503896,-1127046.03,,-0.03571,0.00484,8052,15,NEAR_FLIP,OK
2026-08-18,SNPS,2026-08-21,404.41,11.9661,420.0,400.0,400.8039589418986,2104826.51,0.03855,-0.0109,-0.00892,13744,70,NEAR_FLIP,OK
2026-08-18,MSI,2026-08-21,469.5,14.1564,470.0,,407.0138116533038,7150610.0,0.00106,,-0.13309,4153,22,POSITIVE_GAMMA,OK
2026-08-18,EOG,2026-08-21,148.7,4.0607,150.0,135.0,138.53573680815086,5898314.23,0.00874,-0.09213,-0.06835,11516,41,POSITIVE_GAMMA,OK
2026-08-18,TRV,2026-08-21,367.93,7.8964,380.0,,363.6031858440813,3333565.73,0.03281,,-0.01176,9558,20,NEAR_FLIP,OK
2026-08-18,NSC,2026-08-21,338.91,6.0171,,300.0,335.5555697202427,1000777.21,,-0.11481,-0.0099,5979,15,NEAR_FLIP,OK
2026-08-18,CNI,2026-08-21,126.55,2.0718,130.0,,126.62132585133858,-10784.64,0.02726,,0.00056,3201,13,NEAR_FLIP,OK
2026-08-18,ROST,2026-08-21,236.38,4.7968,260.0,235.0,230.86054911493517,640964.61,0.09992,-0.00584,-0.02335,7215,40,POSITIVE_GAMMA,OK
2026-08-18,HPE,2026-08-21,55.69,3.2306,,55.0,45.45895298775255,4651751.9,,-0.01239,-0.18371,85537,46,POSITIVE_GAMMA,OK
2026-08-18,HLT,2026-08-21,327.74,7.3107,340.0,,332.4401752119589,-1003203.01,0.03741,,0.01434,2228,35,NEAR_FLIP,OK
2026-08-18,CI,2026-08-21,278.5,8.3929,285.0,,280.7193595802134,-1130907.05,0.02334,,0.00797,8273,42,NEAR_FLIP,OK
2026-08-18,BSX,2026-08-21,50.47,1.66,,50.0,48.203703257942365,7866082.59,,-0.00931,-0.0449,147515,37,POSITIVE_GAMMA,OK
2026-08-18,ORLY,2026-08-21,90.76,2.2614,,90.0,86.97447953299893,2707863.67,,-0.00837,-0.04171,15726,11,POSITIVE_GAMMA,OK
2026-08-18,AON,2026-08-21,343.2,7.905,370.0,,341.23103018098277,121947.61,0.07809,,-0.00574,2375,18,NEAR_FLIP,OK
2026-08-18,GM,2026-08-21,83.71,2.1164,85.0,,83.52698139710171,153827.43,0.01541,,-0.00219,39095,48,NEAR_FLIP,OK
2026-08-18,KMI,2026-08-21,32.87,0.665,33.0,32.0,31.495588343455218,4773635.63,0.00396,-0.02647,-0.04181,32893,25,POSITIVE_GAMMA,OK
2026-08-18,MFC,2026-08-21,44.03,0.8001,,40.0,42.640469286797746,409171.73,,-0.09153,-0.03156,4206,17,POSITIVE_GAMMA,OK
2026-08-18,DLR,2026-08-21,195.25,4.8311,200.0,187.5,195.08106667511547,61953.04,0.02433,-0.03969,-0.00087,5614,31,NEAR_FLIP,OK
2026-08-18,ET,2026-08-21,21.42,0.3586,,20.0,20.060842607913262,6027031.03,,-0.06629,-0.06345,50879,19,POSITIVE_GAMMA,OK
2026-08-18,CL,2026-08-21,91.46,2.1864,92.5,90.0,87.31456347656294,3399954.62,0.01137,-0.01596,-0.04533,13505,34,POSITIVE_GAMMA,OK
2026-08-18,HON,2026-08-21,227.71,6.31,230.0,,234.2568003275897,-5594643.09,0.01006,,0.02875,14762,39,NEGATIVE_GAMMA,OK
2026-08-18,SPG,2026-08-21,220.61,4.0811,230.0,220.0,221.96618041630467,-1060811.74,0.04256,-0.00277,0.00615,6922,18,NEAR_FLIP,OK
2026-08-18,DB,2026-08-21,38.09,0.6021,39.0,38.0,35.793646127428104,1405872.67,0.02389,-0.00236,-0.06029,13130,18,POSITIVE_GAMMA,OK
2026-08-18,CVNA,2026-08-21,65.0,4.1611,,,63.48367547954729,3778114.44,,,-0.02333,200614,44,NEAR_FLIP,OK
2026-08-18,NBIS,2026-08-21,248.43,27.2773,250.0,,214.77024181968673,37868520.48,0.00632,,-0.13549,213517,60,POSITIVE_GAMMA,OK
2026-08-18,URI,2026-08-21,1116.38,32.9364,1180.0,1060.0,1130.5144201138207,-1820995.32,0.05699,-0.0505,0.01266,2890,87,NEAR_FLIP,OK
2026-08-18,NU,2026-08-21,14.35,0.6048,15.0,14.0,13.96372439573462,4109940.95,0.0453,-0.02439,-0.02692,352313,17,NEAR_FLIP,OK
2026-08-18,LITE,2026-08-21,873.31,89.7156,890.0,,943.2657874390286,-21975837.23,0.01911,,0.0801,55121,97,NEAR_FLIP,OK
2026-08-18,WBD,2026-08-21,28.48,0.5468,29.0,28.0,26.38364213917369,79501943.09,0.01826,-0.01685,-0.07361,489855,23,POSITIVE_GAMMA,OK
2026-08-18,B,2026-08-21,42.09,1.6786,,41.0,37.754469167792614,4123975.87,,-0.0259,-0.10301,61612,33,POSITIVE_GAMMA,OK
2026-08-18,TGT,2026-08-21,152.48,3.6214,,145.0,143.60355624810606,5843273.28,,-0.04906,-0.05821,46437,45,POSITIVE_GAMMA,OK
2026-08-18,AEP,2026-08-21,126.35,2.4468,130.0,125.0,128.60493293123835,-3853982.77,0.02889,-0.01068,0.01785,15147,14,NEAR_FLIP,OK
2026-08-18,TDG,2026-08-21,1233.78,36.4796,1240.0,1080.0,1249.3659648424352,-1747598.49,0.00504,-0.12464,0.01263,2928,52,NEAR_FLIP,OK
2026-08-18,APD,2026-08-21,303.23,7.0764,,280.0,292.17915482243586,3344033.65,,-0.07661,-0.03644,5828,17,POSITIVE_GAMMA,OK
2026-08-18,PCAR,2026-08-21,128.02,3.3093,133.6,,124.76158609034773,635671.76,0.04359,,-0.02545,3639,29,NEAR_FLIP,OK
2026-08-18,RSG,2026-08-21,216.97,4.3136,220.0,,216.90244639238392,14160.15,0.01397,,-0.00031,2826,10,NEAR_FLIP,OK
2026-08-18,ALL,2026-08-21,261.15,7.2621,,260.0,266.6360082041299,-6566708.84,,-0.0044,0.02101,9241,17,NEAR_FLIP,OK
2026-08-18,MPWR,2026-08-21,1333.1801,75.6686,1400.0,1300.0,1348.408565980261,-1125015.59,0.05012,-0.02489,0.01142,4422,58,NEAR_FLIP,OK
2026-08-18,IMO,2026-08-21,135.7,3.3654,,100.0,117.21418609481042,1490522.28,,-0.26308,-0.13623,2554,13,POSITIVE_GAMMA,OK
2026-08-18,AJG,2026-08-21,248.36,8.2536,,,232.4844346562446,367795.78,,,-0.06392,3926,18,POSITIVE_GAMMA,OK
2026-08-18,TFC,2026-08-21,52.41,0.8243,52.5,,51.25272890812789,1979446.05,0.00172,,-0.02208,17125,11,POSITIVE_GAMMA,OK
2026-08-18,BKR,2026-08-21,64.44,1.4957,65.0,60.0,60.57973428723496,3962116.17,0.00869,-0.0689,-0.0599,16944,7,POSITIVE_GAMMA,LOW
2026-08-18,TRP,2026-08-21,64.02,1.5518,75.0,62.5,64.57227354729604,-301094.25,0.17151,-0.02374,0.00863,7470,15,NEAR_FLIP,OK
2026-08-18,TRGP,2026-08-21,297.77,nan,300.0,280.0,255.76659225868875,9598042.68,0.00749,-0.05968,-0.14106,5073,13,POSITIVE_GAMMA,OK
2026-08-18,TER,2026-08-21,404.29,29.6257,,,377.3946921962927,7447045.2,,,-0.06652,25784,70,NEAR_FLIP,OK
2026-08-18,CRH,2026-08-21,93.25,2.9352,100.0,,98.57066817055532,-1829628.12,0.07239,,0.05706,8649,34,NEGATIVE_GAMMA,OK
2026-08-18,FIX,2026-08-21,1739.08,98.6314,,,1746.9514101864027,-449870.69,,,0.00453,3818,67,NEAR_FLIP,OK
2026-08-18,BE,2026-08-21,209.01,25.1746,230.0,,208.8050203629072,269510.85,0.10043,,-0.00098,150246,44,NEAR_FLIP,OK
2026-08-18,MET,2026-08-21,96.73,1.7146,100.0,95.0,84.66730480331634,1813958.63,0.03381,-0.01788,-0.1247,8553,16,POSITIVE_GAMMA,OK
2026-08-18,GWW,2026-08-21,1314.12,32.0639,1350.0,,1273.781763588057,4249747.71,0.0273,,-0.0307,1457,44,POSITIVE_GAMMA,OK
2026-08-18,COHR,2026-08-21,306.43,38.8879,320.0,,346.8722960225072,-12000876.98,0.04428,,0.13198,42345,67,NEGATIVE_GAMMA,OK
2026-08-18,AFL,2026-08-21,121.73,2.0379,125.0,120.0,115.94118272467809,6899427.49,0.02686,-0.01421,-0.04755,12972,35,POSITIVE_GAMMA,OK
2026-08-18,OKE,2026-08-21,97.07,2.47,100.0,95.0,90.5560397396435,6357681.96,0.03018,-0.02132,-0.06711,20485,11,POSITIVE_GAMMA,OK
2026-08-18,TEL,2026-08-21,204.97,6.655,,200.0,203.41161963090974,712614.41,,-0.02425,-0.0076,19912,18,NEAR_FLIP,OK
2026-08-18,D,2026-08-21,68.61,1.2143,72.5,67.5,67.99499762836733,1052586.96,0.0567,-0.01618,-0.00896,11681,11,NEAR_FLIP,OK
2026-08-18,WPM,2026-08-21,132.7,4.9643,135.0,,113.46190428279813,1398939.02,0.01733,,-0.14497,11698,61,POSITIVE_GAMMA,OK
2026-08-18,COR,2026-08-21,316.13,10.1007,320.0,310.0,306.7799718264036,2163237.43,0.01224,-0.01939,-0.02958,3962,19,NEAR_FLIP,OK
2026-08-18,PSA,2026-08-21,323.1,7.4539,330.0,320.0,320.88239288836235,455141.2,0.02136,-0.00959,-0.00686,1698,14,NEAR_FLIP,OK
2026-08-18,MPLX,2026-08-21,59.36,1.1364,60.0,,57.67237934430356,3390810.4,0.01078,,-0.02843,6197,6,POSITIVE_GAMMA,LOW
2026-08-18,NUE,2026-08-21,264.19,7.2114,,,235.94879349857723,2282299.35,,,-0.1069,5756,18,POSITIVE_GAMMA,OK
2026-08-18,CVE,2026-08-21,32.52,1.0229,33.0,31.0,25.952403576178718,2297600.97,0.01476,-0.04674,-0.20196,25315,18,POSITIVE_GAMMA,OK
2026-08-18,OXY,2026-08-21,59.8,1.6529,60.0,,56.34934286097116,22283877.44,0.00334,,-0.0577,122907,38,POSITIVE_GAMMA,OK
2026-08-18,O,2026-08-21,62.21,1.1293,62.5,,63.53506032590299,-7369254.11,0.00466,,0.0213,29866,13,NEGATIVE_GAMMA,OK
2026-08-18,FAST,2026-08-21,51.27,1.1871,,50.0,44.98260537319705,2655680.23,,-0.02477,-0.12263,19386,11,POSITIVE_GAMMA,OK
2026-08-18,NKE,2026-08-21,40.06,1.2114,,40.0,41.05982805176291,-10865692.25,,-0.0015,0.02496,204473,36,NEAR_FLIP,OK
2026-08-18,CIEN,2026-08-21,405.54,33.4264,410.0,,430.37549171423825,-2447375.75,0.011,,0.06124,16834,66,NEAR_FLIP,OK
2026-08-18,FANG,2026-08-21,210.02,5.9121,220.0,200.0,204.96445539739094,1655419.29,0.04752,-0.04771,-0.02407,10382,18,NEAR_FLIP,OK
2026-08-18,KEYS,2026-08-21,341.0,13.4907,350.0,330.0,343.2736701280802,-133051.14,0.02639,-0.03226,0.00667,6280,21,NEAR_FLIP,OK
2026-08-18,GRMN,2026-08-21,297.44,7.9007,320.0,280.0,246.6363182023806,207514.27,0.07585,-0.05863,-0.1708,3837,15,POSITIVE_GAMMA,OK
2026-08-18,AME,2026-08-21,249.99,5.6207,250.0,,230.93679975002377,22013911.18,4e-05,,-0.07622,14765,17,POSITIVE_GAMMA,OK
2026-08-18,DAL,2026-08-21,85.7,2.2821,90.0,,87.4246444973246,-5059510.5,0.05018,,0.02012,54137,42,NEAR_FLIP,OK
2026-08-18,NXPI,2026-08-21,228.56,9.51,240.0,,252.3981631927593,-3510093.22,0.05005,,0.1043,14295,15,NEGATIVE_GAMMA,OK
2026-08-18,SRE,2026-08-21,87.18,1.5686,95.0,,87.27885326797396,-29812.33,0.0897,,0.00113,7819,10,NEAR_FLIP,OK
2026-08-18,LNG,2026-08-21,273.78,7.915,280.0,270.0,255.2942262484919,29106189.14,0.02272,-0.01381,-0.06752,19103,40,POSITIVE_GAMMA,OK
2026-08-18,F,2026-08-21,13.93,0.4164,14.0,,13.823816395268986,995277.7,0.00503,,-0.00762,182086,17,NEAR_FLIP,OK
2026-08-18,CAH,2026-08-21,234.98,6.9343,,227.5,231.50829503256566,1538968.4,,-0.03183,-0.01477,8582,35,NEAR_FLIP,OK
2026-08-18,NDAQ,2026-08-21,96.71,1.7864,100.0,93.0,94.9589083087065,556569.31,0.03402,-0.03836,-0.01811,6178,38,NEAR_FLIP,OK
2026-08-18,CRWV,2026-08-21,93.17,9.8454,100.0,90.0,89.88877359291033,7727227.43,0.07331,-0.03402,-0.03522,294715,65,NEAR_FLIP,OK
2026-08-18,STT,2026-08-21,191.87,3.6996,195.0,185.0,145.11188162488523,4081396.29,0.01631,-0.03581,-0.2437,6447,15,POSITIVE_GAMMA,OK
2026-08-18,DVN,2026-08-21,47.83,1.355,,47.5,41.47874888219342,15881650.44,,-0.0069,-0.13279,114682,37,POSITIVE_GAMMA,OK
2026-08-18,ADSK,2026-08-21,246.79,9.4343,,232.5,232.2661575378778,2888822.42,,-0.0579,-0.05885,7942,44,POSITIVE_GAMMA,OK
2026-08-18,PYPL,2026-08-21,60.43,1.4749,,60.0,56.937451120522326,23996544.95,,-0.00712,-0.05779,131672,35,POSITIVE_GAMMA,OK
2026-08-18,EW,2026-08-21,90.98,1.9446,92.5,75.0,86.00617768277573,1731031.75,0.01671,-0.17564,-0.05467,18438,17,POSITIVE_GAMMA,OK
2026-08-18,LHX,2026-08-21,279.54,9.1771,280.0,,280.8275919802012,-147395.25,0.00165,,0.00461,4211,38,NEAR_FLIP,OK
2026-08-18,FITB,2026-08-21,57.29,0.9557,,55.0,50.20209387161304,3704211.6,,-0.03997,-0.12372,21404,14,POSITIVE_GAMMA,OK
2026-08-18,CTVA,2026-08-21,77.91,2.5194,80.0,,63.77928551798354,113173.83,0.02683,,-0.18137,2003,8,POSITIVE_GAMMA,OK
2026-08-18,ALAB,2026-08-21,303.44,32.7253,,285.0,296.7070985075846,1992178.67,,-0.06077,-0.02219,31033,59,NEAR_FLIP,OK
2026-08-18,HONA,2026-08-21,160.76,12.1618,165.0,160.0,168.2947389833626,-1301991.19,0.02637,-0.00473,0.04687,5822,17,NEAR_FLIP,OK
2026-08-18,ETR,2026-08-21,108.08,2.2129,115.0,105.0,107.35104788424323,131853.51,0.06403,-0.0285,-0.00674,4300,10,NEAR_FLIP,OK
2026-08-18,CARR,2026-08-21,61.42,1.6233,63.0,57.0,64.6170513881474,-3506369.37,0.02572,-0.07196,0.05205,31956,34,NEGATIVE_GAMMA,OK
2026-08-18,WAB,2026-08-21,294.72,5.6089,300.0,,296.4640007722386,-35691.46,0.01792,,0.00592,819,15,NEAR_FLIP,OK
2026-08-18,AZO,2026-08-21,3073.2,78.1529,3100.0,,3029.335915720946,4524379.77,0.00872,,-0.01427,3356,59,NEAR_FLIP,OK
2026-08-18,BDX,2026-08-21,180.77,4.3504,,170.0,150.30118172476435,2152323.18,,-0.05958,-0.16855,6173,16,POSITIVE_GAMMA,OK
2026-08-18,AMP,2026-08-21,562.12,9.5343,,550.0,545.1593556486704,988288.94,,-0.02156,-0.03017,1125,21,POSITIVE_GAMMA,OK
2026-08-18,AU,2026-08-21,97.95,4.6621,,95.0,77.02506409688176,2131804.82,,-0.03012,-0.21363,12926,12,POSITIVE_GAMMA,OK
2026-08-18,XEL,2026-08-21,79.17,1.4657,80.0,,77.01801396791919,1613328.22,0.01048,,-0.02718,6277,9,POSITIVE_GAMMA,OK
2026-08-18,AXON,2026-08-21,619.85,40.1635,650.0,600.0,606.8917007073476,1147980.81,0.04864,-0.03202,-0.02091,4615,69,NEAR_FLIP,OK
2026-08-18,CBRS,2026-08-21,220.01,25.5714,230.0,200.0,222.2079625450049,-663749.22,0.04541,-0.09095,0.00999,41116,52,NEAR_FLIP,OK
2026-08-18,VST,2026-08-21,140.52,6.3159,155.0,140.0,145.4728367841147,-7830919.33,0.10305,-0.0037,0.03525,84516,43,NEAR_FLIP,OK
2026-08-18,XYZ,2026-08-21,79.43,2.6202,80.0,,77.58651556931419,5112803.56,0.00718,,-0.02321,82471,34,NEAR_FLIP,OK
2026-08-18,ROK,2026-08-21,433.67,14.825,440.0,410.0,439.4879222762015,-2025028.47,0.0146,-0.05458,0.01342,11184,26,NEAR_FLIP,OK
2026-08-18,VTR,2026-08-21,91.2,2.6614,92.5,90.0,75.59128637195451,1772269.09,0.01425,-0.01316,-0.17115,4644,17,POSITIVE_GAMMA,OK
2026-08-18,WDAY,2026-08-21,190.635,12.6043,200.0,190.0,191.57559573569552,-1149098.28,0.04913,-0.00333,0.00493,35975,50,NEAR_FLIP,OK
2026-08-18,CRDO,2026-08-21,245.97,23.6697,250.0,,234.62172102456984,2203594.76,0.01638,,-0.04614,32445,55,NEAR_FLIP,OK
2026-08-18,CCEP,2026-08-21,107.5,2.4114,,105.0,93.54227128805903,2962583.27,,-0.02326,-0.12984,4435,10,POSITIVE_GAMMA,OK
2026-08-18,EXC,2026-08-21,45.31,0.9618,47.0,,43.64929709984906,1119013.19,0.0373,,-0.03665,10237,13,POSITIVE_GAMMA,OK
2026-08-18,RKLB,2026-08-21,79.16,5.9266,85.0,,78.12792278456082,932738.05,0.07377,,-0.01304,102587,44,NEAR_FLIP,OK
2026-08-18,FERG,2026-08-21,244.47,8.6007,250.0,240.0,246.25764978860903,-527499.09,0.02262,-0.01828,0.00731,5944,17,NEAR_FLIP,OK
2026-08-18,HUM,2026-08-21,382.0,15.9018,410.0,370.0,271.24304543477194,-3414262.64,0.0733,-0.03141,-0.28994,14082,58,POSITIVE_GAMMA,OK
2026-08-18,TTWO,2026-08-21,242.4,8.6914,250.0,240.0,232.2896535580578,5348012.47,0.03135,-0.0099,-0.04171,39157,42,POSITIVE_GAMMA,OK
2026-08-18,EBAY,2026-08-21,102.27,3.9532,105.0,100.0,90.11034104214781,922659.49,0.02669,-0.0222,-0.1189,9722,38,POSITIVE_GAMMA,OK
2026-08-18,RVMD,2026-08-21,216.0,7.7411,220.0,170.0,196.4461076119957,1736510.76,0.01852,-0.21296,-0.09053,8859,17,POSITIVE_GAMMA,OK
2026-08-18,FNV,2026-08-21,232.96,8.365,,,220.43905248816523,1215627.1,,,-0.05375,4945,18,POSITIVE_GAMMA,OK
2026-08-18,NTRA,2026-08-21,311.69,14.5481,,250.0,257.2950439699111,9310584.22,,-0.19792,-0.17452,14810,19,POSITIVE_GAMMA,OK
2026-08-18,FLEX,2026-08-21,120.24,7.4214,135.0,120.0,126.0961617090663,-4819295.97,0.12275,-0.002,0.0487,34529,15,NEAR_FLIP,OK
2026-08-18,MDLN,2026-08-21,34.12,1.9507,37.5,,37.319411331468835,-899287.96,0.09906,,0.09377,13483,8,NEGATIVE_GAMMA,OK
2026-08-18,TRI,2026-08-21,100.89,6.1071,,,105.16284193154333,-225767.81,,,0.04235,5721,12,NEAR_FLIP,OK
2026-08-18,VIK,2026-08-21,98.29,3.4619,100.0,,103.81872963236705,-1139266.19,0.0174,,0.05625,15764,12,NEGATIVE_GAMMA,OK
2026-08-18,IDXX,2026-08-21,553.32,20.8922,570.0,480.0,541.8949640636256,819406.85,0.03015,-0.13251,-0.02065,2434,27,NEAR_FLIP,OK
2026-08-18,CBRE,2026-08-21,147.3,4.3868,150.0,145.0,129.06306880395778,4128999.03,0.01833,-0.01561,-0.12381,7774,16,POSITIVE_GAMMA,OK
2026-08-18,ODFL,2026-08-21,208.0,7.5414,220.0,200.0,215.9656610664934,-869329.2,0.05769,-0.03846,0.0383,2947,18,NEGATIVE_GAMMA,OK
2026-08-18,PAYX,2026-08-21,119.93,3.6786,125.0,,107.40680821206163,2173887.0,0.04227,,-0.10442,8806,13,POSITIVE_GAMMA,OK
2026-08-18,PRU,2026-08-21,124.54,2.5588,125.0,120.0,121.87567614528038,3015882.89,0.00369,-0.03645,-0.02139,9271,15,POSITIVE_GAMMA,OK
2026-08-18,LYV,2026-08-21,179.84,4.3507,190.0,,,2365320.61,0.05649,,,8000,30,UNKNOWN,OK
2026-08-18,CMG,2026-08-21,33.36,1.5376,35.0,33.0,32.966374705948944,3823530.68,0.04916,-0.01079,-0.0118,187263,32,NEAR_FLIP,OK
2026-08-18,HEI,2026-08-21,368.01,8.7064,370.0,310.0,344.1399791510208,3270957.69,0.00541,-0.15763,-0.06486,3303,21,POSITIVE_GAMMA,OK
2026-08-18,WCN,2026-08-21,165.53,3.4921,175.0,165.0,168.6354819777565,-1847316.88,0.05721,-0.0032,0.01876,5841,15,NEAR_FLIP,OK
2026-08-18,A,2026-08-21,148.44,3.0293,150.0,,120.45884591778326,450529.47,0.01051,,-0.1885,6633,15,POSITIVE_GAMMA,OK
2026-08-18,KDP,2026-08-21,30.79,1.0907,31.0,29.0,22.10290656777313,2005548.91,0.00682,-0.05814,-0.28214,20686,17,POSITIVE_GAMMA,OK
2026-08-18,MCHP,2026-08-21,78.19,4.3593,79.0,77.5,78.35066914613128,-244079.12,0.01036,-0.00882,0.00205,52985,37,NEAR_FLIP,OK
2026-08-18,CCJ,2026-08-21,96.03,3.7271,100.0,95.0,96.50214272157604,-507996.39,0.04134,-0.01073,0.00492,88034,40,NEAR_FLIP,OK
2026-08-18,DHI,2026-08-21,145.68,4.3393,150.0,145.0,149.0144733687451,-913267.48,0.02965,-0.00467,0.02289,8973,36,NEAR_FLIP,OK
2026-08-18,MSCI,2026-08-21,562.77,13.3839,570.0,560.0,583.4923268164908,-5204617.01,0.01285,-0.00492,0.03682,4847,34,NEGATIVE_GAMMA,OK
2026-08-18,TEAM,2026-08-21,163.0,9.95,165.0,160.0,139.59072370020024,5915875.66,0.01227,-0.0184,-0.14362,20226,46,POSITIVE_GAMMA,OK
2026-08-18,NTAP,2026-08-21,204.71,7.6003,,195.0,153.07833442225828,2876009.11,,-0.04743,-0.25222,11940,17,POSITIVE_GAMMA,OK
2026-08-18,IQV,2026-08-21,240.03,7.8764,,230.0,195.57946413142318,3149217.88,,-0.04179,-0.18519,9221,15,POSITIVE_GAMMA,OK
2026-08-18,AIG,2026-08-21,76.12,1.5379,84.0,75.0,75.56359203391393,421223.27,0.10352,-0.01471,-0.00731,13747,35,NEAR_FLIP,OK
2026-08-18,RKT,2026-08-21,13.99,0.7768,14.0,13.5,13.467780909840709,1991027.32,0.00071,-0.03503,-0.03733,119200,17,NEAR_FLIP,OK
2026-08-18,ED,2026-08-21,109.16,1.9786,110.0,,106.27711182359008,3253890.44,0.0077,,-0.02641,5585,14,POSITIVE_GAMMA,OK
2026-08-18,YUM,2026-08-21,144.86,5.0493,150.0,,153.29714013030699,-3323029.3,0.03548,,0.05824,5457,15,NEGATIVE_GAMMA,OK
2026-08-18,VEEV,2026-08-21,242.75,9.0025,250.0,240.0,,1770523.77,0.02987,-0.01133,,5629,15,UNKNOWN,OK
2026-08-18,WAT,2026-08-21,401.25,11.6557,410.0,380.0,396.74778366932685,266172.29,0.02181,-0.05296,-0.01122,2065,20,NEAR_FLIP,OK
2026-08-18,SYY,2026-08-21,81.96,1.985,85.0,80.0,77.46824737438052,6537469.5,0.03709,-0.02391,-0.0548,18865,17,POSITIVE_GAMMA,OK
2026-08-18,PCG,2026-08-21,17.82,0.5118,18.0,17.0,15.658520794931526,10706902.71,0.0101,-0.04602,-0.1213,133041,22,POSITIVE_GAMMA,OK
2026-08-18,ADM,2026-08-21,82.45,2.2739,82.5,80.0,76.23538297120673,3808867.24,0.00061,-0.02971,-0.07537,15096,16,POSITIVE_GAMMA,OK
2026-08-18,ROP,2026-08-21,394.17,11.335,,,305.1548664158326,1346631.36,,,-0.22583,2456,22,POSITIVE_GAMMA,OK
2026-08-18,UAL,2026-08-21,118.72,4.0807,120.0,,117.27587481823248,1503054.24,0.01078,,-0.01216,45056,49,NEAR_FLIP,OK
2026-08-18,EXPE,2026-08-21,321.42,13.3893,,317.5,328.82455831199127,-791957.68,,-0.0122,0.02304,9630,54,NEAR_FLIP,OK
2026-08-18,COIN,2026-08-21,146.23,7.8614,150.0,140.0,144.10804457271024,9752419.66,0.02578,-0.0426,-0.01451,158786,35,NEAR_FLIP,OK
2026-08-18,P,2026-08-21,117.06,5.9578,,,,5231190.14,,,,21901,14,UNKNOWN,OK
2026-08-18,PEG,2026-08-21,75.6,1.3161,77.5,75.0,75.60495884577502,-4208.66,0.02513,-0.00794,7e-05,9409,15,NEAR_FLIP,OK
2026-08-18,IRM,2026-08-21,126.67,4.3039,130.0,120.0,126.1378165851868,156428.2,0.02629,-0.05266,-0.0042,5081,37,NEAR_FLIP,OK
2026-08-18,CCL,2026-08-21,27.27,0.8514,,27.0,27.751657713903892,-1613744.16,,-0.0099,0.01766,101306,27,NEAR_FLIP,OK
2026-08-18,HIG,2026-08-21,138.96,2.5607,145.0,135.0,97.60916179676636,1513248.15,0.04347,-0.0285,-0.29757,4160,11,POSITIVE_GAMMA,OK
2026-08-18,STRC,2026-08-21,94.01,1.5346,95.0,,90.04097175969109,7175140.26,0.01053,,-0.04222,16684,9,POSITIVE_GAMMA,OK
2026-08-18,STRD,2026-08-21,68.42,1.594,70.0,,59.51704924036714,64341.48,0.02309,,-0.13012,1243,8,POSITIVE_GAMMA,OK
2026-08-18,TKO,2026-08-21,192.11,5.7204,200.0,,185.73548774680316,752318.79,0.04107,,-0.03318,2542,18,POSITIVE_GAMMA,OK
2026-08-18,ALC,2026-08-21,73.55,1.7239,75.0,72.5,70.19426114891674,3698430.55,0.01971,-0.01428,-0.04563,10674,16,POSITIVE_GAMMA,OK
2026-08-18,HSY,2026-08-21,183.45,3.8739,185.0,,179.59528975577183,2362826.01,0.00845,,-0.02101,7209,31,NEAR_FLIP,OK
2026-08-18,JBL,2026-08-21,338.62,17.0243,,,335.85991389867905,352517.11,,,-0.00815,7561,60,NEAR_FLIP,OK
2026-08-18,MTB,2026-08-21,251.5,3.66,260.0,250.0,234.70346183648527,1237541.41,0.0338,-0.00596,-0.06679,1446,11,POSITIVE_GAMMA,OK
2026-08-18,EME,2026-08-21,824.53,36.3514,830.0,820.0,786.8500509201958,817091.95,0.00663,-0.00549,-0.0457,1263,45,POSITIVE_GAMMA,OK
2026-08-18,MSTR,2026-08-21,92.52,5.0457,95.0,90.0,89.21928885514662,39945047.85,0.02681,-0.02724,-0.03568,430554,45,NEAR_FLIP,OK
2026-08-18,CLS,2026-08-21,310.59,26.6814,315.0,300.0,312.6922512551694,-767134.32,0.0142,-0.0341,0.00677,21105,55,NEAR_FLIP,OK
2026-08-18,KVUE,2026-08-21,18.8,0.4904,19.0,,18.237834869492758,763102.5,0.01064,,-0.0299,13975,16,POSITIVE_GAMMA,OK
2026-08-18,KMB,2026-08-21,107.72,3.2414,110.0,,104.78034311287773,4677997.16,0.02117,,-0.02729,21670,37,NEAR_FLIP,OK
2026-08-18,ESLT,2026-08-21,795.71,23.7621,830.0,,781.8521620719993,485039.37,0.04309,,-0.01742,1870,44,NEAR_FLIP,OK
2026-08-18,WEC,2026-08-21,111.05,1.9279,,110.0,102.60688279328596,2500133.16,,-0.00946,-0.07603,4179,14,POSITIVE_GAMMA,OK
2026-08-18,TWLO,2026-08-21,232.1,14.5002,,220.0,211.52026661193494,5807765.05,,-0.05213,-0.08867,20799,50,POSITIVE_GAMMA,OK
2026-08-18,HBAN,2026-08-21,17.66,0.2996,18.0,17.0,16.318277657996227,636076.15,0.01925,-0.03737,-0.07598,15039,10,POSITIVE_GAMMA,OK
2026-08-18,STLD,2026-08-21,249.81,8.025,250.0,,224.16519469785234,6171684.95,0.00076,,-0.10266,8445,18,POSITIVE_GAMMA,OK
2026-08-18,VMC,2026-08-21,271.65,7.5389,280.0,270.0,282.42695584986035,-771041.54,0.03074,-0.00607,0.03967,2202,16,NEGATIVE_GAMMA,OK
2026-08-18,VG,2026-08-21,14.2,0.7493,,12.5,10.983071538892052,7401592.93,,-0.11972,-0.22654,169185,17,POSITIVE_GAMMA,OK
2026-08-18,MDB,2026-08-21,434.62,21.7974,,,,6377731.22,,,,24860,73,UNKNOWN,OK
2026-08-18,QSR,2026-08-21,76.56,1.7049,77.5,75.0,64.7635164246288,4653645.47,0.01228,-0.02038,-0.15408,9948,13,POSITIVE_GAMMA,OK
2026-08-18,KR,2026-08-21,56.34,1.3171,57.0,55.0,55.615818424214545,5180540.94,0.01171,-0.02378,-0.01285,42579,31,NEAR_FLIP,OK
2026-08-18,NTRS,2026-08-21,190.58,3.4807,,170.0,181.22968329101684,1758715.7,,-0.10799,-0.04906,2006,14,POSITIVE_GAMMA,OK
2026-08-18,RJF,2026-08-21,179.3,3.1214,,160.0,155.07570120228382,2206230.2,,-0.10764,-0.1351,3402,15,POSITIVE_GAMMA,OK
2026-08-18,RPRX,2026-08-21,59.69,1.4993,60.0,55.0,56.251525697177655,1163638.7,0.00519,-0.07857,-0.05761,2271,8,POSITIVE_GAMMA,OK
2026-08-18,DXCM,2026-08-21,89.6,3.1521,90.0,89.0,75.90399730269013,2500755.9,0.00446,-0.0067,-0.15286,19255,38,POSITIVE_GAMMA,OK
2026-08-18,ACGL,2026-08-21,98.91,2.0532,105.0,,96.56724140279992,191116.63,0.06157,,-0.02369,1821,11,POSITIVE_GAMMA,OK
2026-08-18,EQT,2026-08-21,53.14,1.2971,,53.0,51.665711181293865,5297303.11,,-0.00263,-0.02774,63056,31,POSITIVE_GAMMA,OK
2026-08-18,SUNB,2026-08-21,78.8,2.9585,80.0,70.0,74.58871909911257,900462.3,0.01523,-0.11168,-0.05344,2825,9,POSITIVE_GAMMA,OK
2026-08-18,CQP,2026-08-21,68.72,2.3057,70.0,60.0,55.51450360203938,55392.61,0.01863,-0.12689,-0.19216,187,6,POSITIVE_GAMMA,LOW
2026-08-18,NTR,2026-08-21,69.4,1.8291,,57.5,64.77473120565362,3740580.15,,-0.17147,-0.06665,25662,33,POSITIVE_GAMMA,OK
2026-08-18,GEHC,2026-08-21,72.63,1.8014,75.0,72.0,58.78381053735716,2606980.35,0.03263,-0.00867,-0.19064,13167,35,POSITIVE_GAMMA,OK
2026-08-18,KGC,2026-08-21,27.12,1.0493,,27.0,25.069926944915846,306110.07,,-0.00442,-0.07559,31906,27,POSITIVE_GAMMA,OK
2026-08-18,CNC,2026-08-21,65.22,2.5914,,65.0,63.42638740229542,855508.7,,-0.00337,-0.0275,17433,34,NEAR_FLIP,OK
2026-08-18,CASY,2026-08-21,855.0,24.8282,860.0,850.0,817.2736191685959,2414306.81,0.00585,-0.00585,-0.04412,4061,46,POSITIVE_GAMMA,OK
2026-08-18,RMD,2026-08-21,219.98,7.7993,220.0,,212.23081184463794,4736873.74,9e-05,,-0.03523,10025,18,NEAR_FLIP,OK
2026-08-18,MLM,2026-08-21,522.81,15.7193,560.0,,470.7414772069843,41005.71,0.07113,,-0.09959,1059,28,POSITIVE_GAMMA,OK
2026-08-18,CCI,2026-08-21,74.03,2.5368,77.5,,74.55258963278382,-242121.6,0.04687,,0.00706,13468,14,NEAR_FLIP,OK
2026-08-18,IR,2026-08-21,80.77,2.6854,85.0,80.0,82.77678471600436,-87927.92,0.05237,-0.00953,0.02485,922,9,NEAR_FLIP,OK
2026-08-18,ARES,2026-08-21,140.31,5.7518,145.0,140.0,107.99906239477905,9330542.81,0.03343,-0.00221,-0.23028,20343,49,POSITIVE_GAMMA,OK
2026-08-18,BIIB,2026-08-21,212.55,6.3525,220.0,202.5,176.61028191306534,1003205.72,0.03505,-0.04728,-0.16909,3423,34,POSITIVE_GAMMA,OK
2026-08-18,EXR,2026-08-21,146.92,3.0771,150.0,,146.97423450233057,-5616.14,0.02096,,0.00037,1202,14,NEAR_FLIP,OK
2026-08-18,TECK,2026-08-21,63.91,2.4629,65.0,55.0,59.80177090861351,2679217.07,0.01706,-0.13941,-0.06428,17853,28,POSITIVE_GAMMA,OK
2026-08-18,CFG,2026-08-21,73.46,1.3425,75.0,72.5,61.12700781563794,3614623.61,0.02096,-0.01307,-0.16789,9201,14,POSITIVE_GAMMA,OK
2026-08-18,RDDT,2026-08-21,158.25,12.783,165.0,,159.66390721148656,-1433090.07,0.04265,,0.00893,78500,38,NEAR_FLIP,OK
2026-08-18,ZM,2026-08-21,104.71,3.7361,105.0,,92.22378535180967,2848176.76,0.00277,,-0.11925,38100,52,POSITIVE_GAMMA,OK
2026-08-18,TDY,2026-08-21,665.0,14.9228,680.0,600.0,675.9592205834207,-325086.71,0.02256,-0.09774,0.01648,1073,32,NEAR_FLIP,OK
2026-08-18,FTI,2026-08-21,78.29,2.5864,80.0,65.0,72.99293945541194,450456.77,0.02184,-0.16975,-0.06766,1690,9,POSITIVE_GAMMA,OK
2026-08-18,EL,2026-08-21,84.27,2.3432,90.0,75.0,83.35971741835812,181914.53,0.068,-0.11,-0.0108,13889,35,NEAR_FLIP,OK
2026-08-18,WTW,2026-08-21,327.9,9.315,330.0,320.0,328.7203394710943,-2392.76,0.0064,-0.02409,0.0025,138,14,NEAR_FLIP,LOW
2026-08-18,ATI,2026-08-21,226.46,10.2757,,,188.3335971942848,1120682.47,,,-0.16836,5995,18,POSITIVE_GAMMA,OK
2026-08-18,ON,2026-08-21,79.42,4.0983,86.0,,85.5932886348083,-4963840.35,0.08285,,0.07773,41978,34,NEGATIVE_GAMMA,OK
2026-08-18,AEE,2026-08-21,109.67,1.9764,110.0,,85.66811751091568,369131.83,0.00301,,-0.21886,870,7,POSITIVE_GAMMA,LOW
2026-08-18,ZTS,2026-08-21,73.96,3.2807,75.0,,73.48358290682675,614074.93,0.01406,,-0.00644,31731,9,NEAR_FLIP,OK
2026-08-18,ZS,2026-08-21,185.7,7.8266,190.0,185.0,156.6509021228941,8514528.01,0.02316,-0.00377,-0.15643,40264,46,POSITIVE_GAMMA,OK
2026-08-18,ALNY,2026-08-21,228.61,14.965,230.0,220.0,218.27159327648928,1056096.45,0.00608,-0.03766,-0.04522,5361,16,NEAR_FLIP,OK
2026-08-18,CPRT,2026-08-21,31.51,1.0836,32.5,30.0,27.662424878235917,495035.42,0.03142,-0.04792,-0.12211,25282,8,POSITIVE_GAMMA,OK
2026-08-18,LVS,2026-08-21,45.47,1.2086,47.5,45.0,46.042606966053725,-656214.63,0.04464,-0.01034,0.01259,17380,36,NEAR_FLIP,OK
2026-08-18,KHC,2026-08-21,24.82,0.7953,25.0,24.0,24.63846519894627,1641902.36,0.00725,-0.03304,-0.00731,92430,26,NEAR_FLIP,OK
2026-08-18,BAP,2026-08-21,368.44,12.9886,,340.0,312.98987683084374,3337429.82,,-0.07719,-0.1505,2858,20,POSITIVE_GAMMA,OK
2026-08-18,DTE,2026-08-21,140.21,2.4671,145.0,140.0,137.0427329693486,236302.01,0.03416,-0.0015,-0.02259,1370,9,POSITIVE_GAMMA,OK
2026-08-18,LPLA,2026-08-21,368.73,9.3904,400.0,360.0,346.72289335088163,2352750.09,0.0848,-0.02368,-0.05968,3513,15,POSITIVE_GAMMA,OK
2026-08-18,HAL,2026-08-21,34.66,0.9114,35.0,32.0,34.399196363050955,488052.03,0.00981,-0.07675,-0.00752,38442,35,NEAR_FLIP,OK
2026-08-18,FTS,2026-08-21,56.47,0.8357,,55.0,57.82231560306542,-31170.54,,-0.02603,0.02395,375,6,NEGATIVE_GAMMA,LOW
2026-08-18,ATO,2026-08-21,170.51,2.9464,175.0,,156.82530051642934,978910.21,0.02633,,-0.08026,736,9,POSITIVE_GAMMA,OK
2026-08-18,VICI,2026-08-21,25.91,0.4907,27.5,25.0,20.891358657877,-16229.78,0.06137,-0.03512,-0.1937,12473,6,POSITIVE_GAMMA,LOW
2026-08-18,PBA,2026-08-21,49.36,0.9179,50.0,,40.10033750630266,943627.76,0.01297,,-0.18759,7838,5,POSITIVE_GAMMA,LOW
2026-08-18,ILMN,2026-08-21,188.29,7.6978,200.0,,195.23147482906163,-1102133.35,0.06219,,0.03687,4359,18,NEAR_FLIP,OK
2026-08-18,WSM,2026-08-21,241.39,6.265,250.0,240.0,239.954721278841,410557.1,0.03567,-0.00576,-0.00595,11413,18,NEAR_FLIP,OK
2026-08-18,MTD,2026-08-21,1399.67,36.51,1440.0,1380.0,1347.9470463832788,686931.79,0.02881,-0.01405,-0.03695,216,30,POSITIVE_GAMMA,LOW
2026-08-18,CPNG,2026-08-21,15.58,0.5776,16.0,15.0,15.465620672681219,300968.18,0.02696,-0.03723,-0.00734,73868,19,NEAR_FLIP,OK
2026-08-18,FISV,2026-08-21,51.72,2.4436,55.0,50.0,52.566298221904916,-1097921.48,0.06342,-0.03326,0.01636,33182,33,NEAR_FLIP,OK
2026-08-18,EIX,2026-08-21,73.69,2.5314,,72.5,67.50845125129405,2315160.63,,-0.01615,-0.08389,24246,15,POSITIVE_GAMMA,OK
2026-08-18,Q,2026-08-21,133.58,7.1325,140.0,,138.19723217749177,-1559645.85,0.04806,,0.03457,16774,16,NEAR_FLIP,OK
2026-08-18,FOXA,2026-08-21,69.03,2.1443,,65.0,50.51637063779901,580378.54,,-0.05838,-0.2682,12493,7,POSITIVE_GAMMA,LOW
2026-08-18,FE,2026-08-21,47.26,0.8789,49.0,,46.14532149501644,221987.15,0.03682,,-0.02359,2855,13,POSITIVE_GAMMA,OK
2026-08-18,FOX,2026-08-21,61.23,1.7601,,60.0,,12260.31,,-0.02009,,409,5,UNKNOWN,LOW
2026-08-18,INSM,2026-08-21,128.46,6.9493,130.0,,120.49987862389978,9248079.62,0.01199,,-0.06197,37467,18,POSITIVE_GAMMA,OK
2026-08-18,TSEM,2026-08-21,240.55,24.3164,,240.0,188.5238989588767,-3498381.53,,-0.00229,-0.21628,13946,45,POSITIVE_GAMMA,OK
2026-08-18,GFS,2026-08-21,49.9,3.2758,55.0,,52.992072941681975,-764684.86,0.1022,,0.06197,17306,6,NEAR_FLIP,LOW
2026-08-18,HPQ,2026-08-21,29.96,1.4704,30.0,,24.795937281994952,1447609.19,0.00134,,-0.17237,82557,31,POSITIVE_GAMMA,OK
2026-08-18,RBLX,2026-08-21,37.67,2.8982,40.0,,37.67520391183635,-5258.36,0.06185,,0.00014,43888,37,NEAR_FLIP,OK
2026-08-18,DOV,2026-08-21,203.06,4.115,210.0,,221.8864741420284,-1171923.69,0.03418,,0.09271,3072,13,NEGATIVE_GAMMA,OK
2026-08-18,PPL,2026-08-21,35.62,0.6589,37.0,35.0,34.065032565290124,2016777.56,0.03874,-0.01741,-0.04365,15594,17,POSITIVE_GAMMA,OK
2026-08-18,ES,2026-08-21,72.22,1.4357,75.0,70.0,69.66848864217391,925788.75,0.03849,-0.03074,-0.03533,3347,7,POSITIVE_GAMMA,LOW
2026-08-18,AWK,2026-08-21,136.27,3.4121,140.0,135.0,136.463318069722,-278197.11,0.02737,-0.00932,0.00142,5530,13,NEAR_FLIP,OK
2026-08-18,OTIS,2026-08-21,70.35,1.5389,75.0,70.0,71.53721891003521,-567989.42,0.0661,-0.00498,0.01688,4178,12,NEAR_FLIP,OK
2026-08-18,DG,2026-08-21,120.84,3.3979,125.0,119.0,122.9418296620202,-1375525.89,0.03443,-0.01523,0.01739,17461,45,NEAR_FLIP,OK
2026-08-18,RF,2026-08-21,31.7,0.4893,32.0,30.0,30.207927736135687,1502760.24,0.00946,-0.05363,-0.04707,11916,17,POSITIVE_GAMMA,OK
2026-08-18,CPAY,2026-08-21,406.82,11.7196,,400.0,337.81277358127346,201768.31,,-0.01676,-0.16963,1336,18,POSITIVE_GAMMA,OK
2026-08-18,NVT,2026-08-21,164.63,9.1046,165.0,,150.58539577927075,2581412.85,0.00225,,-0.08531,12536,18,POSITIVE_GAMMA,OK
2026-08-18,CNP,2026-08-21,40.54,0.8554,42.0,40.0,38.386633208211336,1176206.35,0.03601,-0.01332,-0.05312,10464,20,POSITIVE_GAMMA,OK
2026-08-18,TPR,2026-08-21,132.26,6.3629,134.0,130.0,145.54401889970174,-2667865.05,0.01316,-0.01709,0.10044,13690,38,NEGATIVE_GAMMA,OK
2026-08-18,XYL,2026-08-21,113.94,3.2829,125.0,,114.11401351433412,-54802.61,0.09707,,0.00153,6380,12,NEAR_FLIP,OK
2026-08-18,LH,2026-08-21,322.18,8.0807,,300.0,231.5375620296273,230998.59,,-0.06884,-0.28134,2012,14,POSITIVE_GAMMA,OK
2026-08-18,CINF,2026-08-21,171.35,3.7979,180.0,,170.2015889324483,206235.03,0.05048,,-0.0067,3705,18,NEAR_FLIP,OK
2026-08-18,SYF,2026-08-21,80.58,1.6299,82.5,77.5,72.73534348850991,3965633.33,0.02383,-0.03822,-0.09735,10277,14,POSITIVE_GAMMA,OK
2026-08-18,WRB,2026-08-21,70.17,1.405,72.0,67.0,71.39781697324369,-123057.55,0.02608,-0.04518,0.0175,1404,11,NEAR_FLIP,OK
2026-08-18,DGX,2026-08-21,236.25,4.1964,,230.0,219.39990542409456,1278827.17,,-0.02646,-0.07132,9396,14,POSITIVE_GAMMA,OK
2026-08-18,ECHO,2026-08-21,90.0,3.9921,,85.0,91.59025264621567,-1456235.2,,-0.05556,0.01767,46033,31,NEAR_FLIP,OK
2026-08-18,JBHT,2026-08-21,274.19,8.1029,,270.0,273.74980183761363,45348.22,,-0.01528,-0.00161,4303,17,NEAR_FLIP,OK
2026-08-18,CTSH,2026-08-21,57.78,2.5479,,55.0,52.069593148892395,710515.54,,-0.04811,-0.09883,10672,11,POSITIVE_GAMMA,OK
2026-08-18,CRS,2026-08-21,531.96,28.8764,550.0,520.0,525.8304688754987,628291.02,0.03391,-0.02248,-0.01152,5512,32,NEAR_FLIP,OK
2026-08-18,ROIV,2026-08-21,37.37,1.3382,,30.0,46.88850788751887,359720.62,,-0.19722,0.25471,7708,14,NEGATIVE_GAMMA,OK
2026-08-18,HUBB,2026-08-21,483.86,15.2284,490.0,,445.15970986484257,1726430.83,0.01269,,-0.07998,2465,27,POSITIVE_GAMMA,OK
2026-08-18,ASTS,2026-08-21,67.07,5.3632,70.0,,71.32398248204686,-4758957.79,0.04369,,0.06343,130775,36,NEAR_FLIP,OK
2026-08-18,DRI,2026-08-21,218.86,5.7671,220.0,210.0,209.2909443685393,2307908.53,0.00521,-0.04048,-0.04372,6174,17,POSITIVE_GAMMA,OK
2026-08-18,FWONK,2026-08-21,102.02,2.7646,,75.0,90.25810306721657,5340481.05,,-0.26485,-0.11529,7545,9,POSITIVE_GAMMA,OK
2026-08-18,CW,2026-08-21,695.67,28.1179,750.0,,670.0267028496221,593644.01,0.0781,,-0.03686,1021,33,NEAR_FLIP,OK
2026-08-18,NRG,2026-08-21,115.56,7.61,118.0,115.0,110.58384898414698,1235406.2,0.02111,-0.00485,-0.04306,19459,44,NEAR_FLIP,OK
2026-08-18,SN,2026-08-21,182.82,7.3579,185.0,180.0,173.7457914197837,2656306.0,0.01192,-0.01543,-0.04963,9594,16,POSITIVE_GAMMA,OK
2026-08-18,DLTR,2026-08-21,130.48,3.2382,,130.0,103.38408803608279,-921905.37,,-0.00368,-0.20766,15620,47,POSITIVE_GAMMA,OK
2026-08-18,MRNA,2026-08-21,62.96,3.7616,65.0,,59.85380132277229,8322088.27,0.0324,,-0.04934,109216,32,NEAR_FLIP,OK
2026-08-18,AFRM,2026-08-21,73.56,3.6664,75.0,,76.06436860770101,-2200251.73,0.01958,,0.03405,37644,42,NEAR_FLIP,OK
2026-08-18,BSP,2026-08-21,38.75,5.2332,40.0,35.0,43.80106894054166,-93826.06,0.03226,-0.09677,0.13035,3490,5,NEAR_FLIP,LOW
2026-08-18,PPG,2026-08-21,112.81,2.7479,115.0,110.0,106.70950744222739,1517758.21,0.01941,-0.02491,-0.05408,5127,34,POSITIVE_GAMMA,OK
2026-08-18,VRSN,2026-08-21,276.74,9.15,280.0,,278.5747816785092,-170303.85,0.01178,,0.00663,4670,16,NEAR_FLIP,OK
2026-08-18,INCY,2026-08-21,123.47,3.5743,125.0,120.0,115.40866630027107,1243221.61,0.01239,-0.0281,-0.06529,3849,11,POSITIVE_GAMMA,OK
2026-08-18,FCNCA,2026-08-21,2207.6699,45.1882,,2120.0,2087.091913365226,2182027.93,,-0.03971,-0.05462,905,51,POSITIVE_GAMMA,OK
2026-08-18,TW,2026-08-21,105.47,3.2075,110.0,105.0,106.06763095510746,-12365.99,0.04295,-0.00446,0.00567,379,10,NEAR_FLIP,LOW
2026-08-18,OKTA,2026-08-21,143.92,6.5364,150.0,140.0,141.50821570364633,765775.41,0.04225,-0.02724,-0.01676,18545,42,NEAR_FLIP,OK
2026-08-18,TPL,2026-08-21,365.36,18.9794,380.0,,357.8122678262577,329068.34,0.04007,,-0.02066,3579,21,NEAR_FLIP,OK
2026-08-18,SW,2026-08-21,47.3,1.5746,50.0,,45.80928247642428,81612.1,0.05708,,-0.03152,5160,6,NEAR_FLIP,LOW
2026-08-18,AMRZ,2026-08-21,44.63,1.5918,50.0,,,-280022.52,0.12032,,,2981,10,UNKNOWN,OK
2026-08-18,WST,2026-08-21,346.59,6.7257,360.0,,336.3326915526877,697503.42,0.03869,,-0.02959,1299,20,POSITIVE_GAMMA,OK
2026-08-18,KEY,2026-08-21,22.79,0.4014,23.0,,22.394364905254,608380.65,0.00921,,-0.01736,15647,12,NEAR_FLIP,OK
2026-08-18,GPN,2026-08-21,90.37,3.427,,85.0,85.3202249199227,3541356.57,,-0.05942,-0.05588,22948,13,POSITIVE_GAMMA,OK
2026-08-18,SYM,2026-08-21,40.46,2.3798,,,42.68800958818998,-478812.35,,,0.05507,17176,39,NEAR_FLIP,OK
2026-08-18,EXPD,2026-08-21,185.95,5.2396,,180.0,141.76900496539778,723160.53,,-0.032,-0.2376,4081,16,POSITIVE_GAMMA,OK
2026-08-18,PFG,2026-08-21,113.14,2.1,115.0,110.0,106.38107183013456,473399.88,0.01644,-0.02775,-0.05974,1951,8,POSITIVE_GAMMA,OK
2026-08-18,XPO,2026-08-21,202.72,6.8557,,200.0,209.61802855321227,-928482.85,,-0.01342,0.03403,4175,17,NEGATIVE_GAMMA,OK
2026-08-18,SMCI,2026-08-21,37.41,2.525,40.0,,26.297733178055957,14044854.1,0.06923,,-0.29704,361079,32,POSITIVE_GAMMA,OK
2026-08-18,OMC,2026-08-21,86.31,2.8036,87.5,,78.51671706164765,1282758.46,0.01379,,-0.09029,6562,15,POSITIVE_GAMMA,OK
2026-08-18,PHM,2026-08-21,126.05,3.7936,133.0,,131.4092491833941,-1049088.53,0.05514,,0.04252,6393,38,NEGATIVE_GAMMA,OK
2026-08-18,VLTO,2026-08-21,96.07,2.2424,100.0,95.0,94.31974324440593,92876.12,0.04091,-0.01114,-0.01822,2016,9,NEAR_FLIP,OK
2026-08-18,FSLR,2026-08-21,220.01,15.0964,230.0,220.0,227.73676567799836,-7522534.5,0.04541,-5e-05,0.03512,49515,46,NEAR_FLIP,OK
2026-08-18,BRO,2026-08-21,69.37,2.0307,75.0,65.0,62.88412157097642,1264036.45,0.08116,-0.063,-0.0935,7477,8,POSITIVE_GAMMA,OK
2026-08-18,TROW,2026-08-21,110.32,2.7359,115.0,110.0,113.59300068007703,-2030083.39,0.04242,-0.0029,0.02967,6737,12,NEGATIVE_GAMMA,OK
2026-08-18,ROKU,2026-08-21,157.78,2.1741,160.0,157.5,137.4066338828066,1695885.01,0.01407,-0.00177,-0.12913,4274,34,POSITIVE_GAMMA,OK
2026-08-18,VRSK,2026-08-21,178.86,7.7536,185.0,,180.31530959803004,-45342.78,0.03433,,0.00814,1463,15,NEAR_FLIP,OK
2026-08-18,USFD,2026-08-21,106.91,3.2036,115.0,100.0,103.87074396334776,1942528.34,0.07567,-0.06463,-0.02843,11218,14,NEAR_FLIP,OK
2026-08-18,FICO,2026-08-21,1078.12,64.2979,1100.0,,1049.0203144817456,1492157.46,0.02029,,-0.02699,6588,60,NEAR_FLIP,OK
2026-08-18,CHD,2026-08-21,99.13,2.5375,100.0,,94.05118413839294,979275.43,0.00878,,-0.05123,1755,11,POSITIVE_GAMMA,OK
2026-08-18,IOT,2026-08-21,39.58,2.1261,40.0,,34.39438115791108,2802363.64,0.01061,,-0.13102,30515,36,POSITIVE_GAMMA,OK
2026-08-18,ARXS,2026-08-21,56.56,3.7314,,55.0,,23927.96,,-0.02758,,231,6,UNKNOWN,LOW
2026-08-18,MTZ,2026-08-21,280.13,20.3307,290.0,280.0,222.4938223845489,9692764.19,0.03523,-0.00046,-0.20575,16465,17,POSITIVE_GAMMA,OK
2026-08-18,AER,2026-08-21,149.62,3.4986,150.0,,156.4251057512664,-2838917.02,0.00254,,0.04548,3449,14,NEGATIVE_GAMMA,OK
2026-08-18,ENTG,2026-08-21,150.265,10.3671,,150.0,113.69722574377255,4478327.83,,-0.00176,-0.24336,15715,18,POSITIVE_GAMMA,OK
2026-08-18,SOFI,2026-08-21,17.66,0.7424,18.0,,17.0455059481944,7154769.57,0.01925,,-0.0348,436923,21,NEAR_FLIP,OK
2026-08-18,L,2026-08-21,112.45,2.0443,,110.0,100.26623210160396,6797.05,,-0.02179,-0.10835,179,10,POSITIVE_GAMMA,LOW
2026-08-18,MTSI,2026-08-21,292.875,20.7814,310.0,280.0,262.45323674837965,2364943.58,0.05847,-0.04396,-0.10387,9951,18,POSITIVE_GAMMA,OK
2026-08-18,RL,2026-08-21,378.25,14.145,380.0,370.0,394.75876891381785,-4197216.9,0.00463,-0.02181,0.04365,2750,23,NEGATIVE_GAMMA,OK
2026-08-18,STE,2026-08-21,232.39,6.3789,240.0,230.0,234.65802301615543,-328524.19,0.03275,-0.01028,0.00976,1291,10,NEAR_FLIP,OK
2026-08-18,MKL,2026-08-21,1815.09,43.9186,1900.0,1800.0,1347.4541506250623,-655755.35,0.04678,-0.00831,-0.25764,151,34,POSITIVE_GAMMA,LOW
2026-08-18,DOW,2026-08-21,31.19,1.0145,,30.0,30.51174134667802,1832268.35,,-0.03815,-0.02175,72232,31,NEAR_FLIP,OK
2026-08-18,PKG,2026-08-21,250.3,5.4221,,230.0,223.34535197555758,436772.3,,-0.0811,-0.10769,501,14,POSITIVE_GAMMA,OK
2026-08-18,CMS,2026-08-21,71.06,1.3586,,70.0,62.84863225323248,130026.91,,-0.01492,-0.11556,1048,7,POSITIVE_GAMMA,LOW
2026-08-18,ULTA,2026-08-21,516.74,17.2172,,500.0,502.50220601991526,2501528.71,,-0.0324,-0.02755,6681,81,NEAR_FLIP,OK
2026-08-18,FFIV,2026-08-21,393.62,12.7843,400.0,,403.0068608385588,-1199870.17,0.01621,,0.02385,6462,24,NEAR_FLIP,OK
2026-08-18,UTHR,2026-08-21,518.27,14.6407,550.0,510.0,522.8557192419038,-4697238.31,0.06122,-0.01596,0.00885,19199,30,NEAR_FLIP,OK
2026-08-18,EXE,2026-08-21,95.45,2.4157,100.0,95.0,93.417658152031,4659450.49,0.04767,-0.00471,-0.02129,54817,11,NEAR_FLIP,OK
2026-08-18,FTAI,2026-08-21,211.5,13.7461,220.0,210.0,204.14640202871527,3282105.05,0.04019,-0.00709,-0.03477,18098,37,NEAR_FLIP,OK
2026-08-18,BCE,2026-08-21,23.36,0.4921,,21.0,23.99892493030399,-104905.65,,-0.10103,0.02735,7479,11,NEGATIVE_GAMMA,OK
2026-08-18,BG,2026-08-21,114.36,2.9886,115.0,,112.5759195085506,169836.17,0.0056,,-0.0156,3166,14,NEAR_FLIP,OK
2026-08-18,THC,2026-08-21,270.21,7.9964,,260.0,207.7299815035952,3412342.67,,-0.03779,-0.23123,17453,16,POSITIVE_GAMMA,OK
2026-08-18,FIS,2026-08-21,40.95,1.82,45.0,40.0,38.62810581454685,489273.94,0.0989,-0.0232,-0.0567,9698,24,POSITIVE_GAMMA,OK
2026-08-18,GH,2026-08-21,160.12,8.2986,170.0,155.0,160.22489356532066,-13623.81,0.0617,-0.03198,0.00066,8451,18,NEAR_FLIP,OK
2026-08-18,WWD,2026-08-21,366.2,13.4523,440.0,350.0,389.560319339052,-1107166.42,0.20153,-0.04424,0.06379,2344,20,NEGATIVE_GAMMA,OK
2026-08-18,RS,2026-08-21,421.4,10.0021,,400.0,399.17425949722,169895.92,,-0.05078,-0.05274,230,16,POSITIVE_GAMMA,LOW
2026-08-18,IP,2026-08-21,40.05,1.3343,,40.0,39.79993471510974,76041.41,,-0.00125,-0.00624,7585,26,NEAR_FLIP,OK
2026-08-18,AMCR,2026-08-21,45.86,1.1596,,,39.74975782772462,838048.24,,,-0.13324,7032,19,POSITIVE_GAMMA,OK
2026-08-18,FDXF,2026-08-21,139.23,6.0757,145.0,,107.41130681206592,-900669.8,0.04144,,-0.22853,2595,15,POSITIVE_GAMMA,OK
2026-08-18,EFX,2026-08-21,181.84,6.145,185.0,,169.76845953261645,519068.93,0.01738,,-0.06639,3807,18,POSITIVE_GAMMA,OK
2026-08-18,BURL,2026-08-21,336.95,10.2089,357.5,330.0,342.55636087084787,-914858.76,0.06099,-0.02063,0.01664,4453,46,NEAR_FLIP,OK
2026-08-18,LUV,2026-08-21,42.49,1.3975,45.0,41.5,44.41606715017914,-1322517.64,0.05907,-0.0233,0.04533,18039,34,NEGATIVE_GAMMA,OK
2026-08-18,RIVN,2026-08-21,14.78,0.6989,15.0,,15.257012091058124,-1304953.42,0.01488,,0.03227,106913,18,NEAR_FLIP,OK
2026-08-18,IFF,2026-08-21,81.0,2.4611,,,73.06536458733846,1559877.65,,,-0.09796,4226,17,POSITIVE_GAMMA,OK
2026-08-18,LYB,2026-08-21,65.33,2.1674,,62.5,61.204169674749096,5039784.3,,-0.04332,-0.06315,27295,13,POSITIVE_GAMMA,OK
2026-08-18,RBRK,2026-08-21,100.55,5.0383,,100.0,,2970764.0,,-0.00547,,12508,50,UNKNOWN,OK
2026-08-18,SNX,2026-08-21,259.8,8.1186,280.0,240.0,256.63594568744617,241017.92,0.07775,-0.07621,-0.01218,1838,17,NEAR_FLIP,OK
2026-08-18,SITM,2026-08-21,680.06,56.9293,,,613.4569292532592,2667355.87,,,-0.09794,4334,41,POSITIVE_GAMMA,OK
2026-08-18,SNA,2026-08-21,395.71,7.6132,400.0,,460.19029803171316,-7122371.68,0.01084,,0.16295,3291,18,NEGATIVE_GAMMA,OK
2026-08-18,WES,2026-08-21,49.8,1.0457,50.0,40.0,43.55062826890967,1588988.63,0.00402,-0.19679,-0.12549,8427,17,POSITIVE_GAMMA,OK
2026-08-18,GIS,2026-08-21,38.08,1.045,,37.5,36.24761079381868,2726675.33,,-0.01523,-0.04812,38967,9,POSITIVE_GAMMA,OK
2026-08-18,LEN,2026-08-21,84.94,2.6907,90.0,83.0,88.61862064024947,-11881837.05,0.05957,-0.02284,0.04331,43211,31,NEGATIVE_GAMMA,OK
2026-08-18,NI,2026-08-21,42.12,0.8829,50.0,,41.49828359327369,47876.49,0.18708,,-0.01476,5259,4,NEAR_FLIP,LOW
2026-08-18,MKSI,2026-08-21,300.24,20.1171,310.0,300.0,314.9940698963642,-1610264.81,0.03251,-0.0008,0.04914,6274,18,NEAR_FLIP,OK
2026-08-18,TOST,2026-08-21,34.95,1.3878,35.0,,29.099115138943787,2207613.32,0.00143,,-0.16741,30759,36,POSITIVE_GAMMA,OK
2026-08-18,U,2026-08-21,46.74,2.368,,,,3340732.32,,,,53483,34,UNKNOWN,OK
2026-08-18,TSN,2026-08-21,57.99,1.7121,60.0,57.5,57.04231557193257,983214.24,0.03466,-0.00845,-0.01634,13057,13,NEAR_FLIP,OK
2026-08-18,CHTR,2026-08-21,148.35,7.4586,155.0,147.0,136.47876457141683,5188319.54,0.04483,-0.0091,-0.08002,33497,52,POSITIVE_GAMMA,OK
2026-08-18,TPG,2026-08-21,52.02,2.2811,60.0,40.0,54.4865060027446,-322745.02,0.1534,-0.23106,0.04741,34505,13,NEGATIVE_GAMMA,OK
2026-08-18,INIO,2026-08-21,26.0,1.9921,30.0,25.0,24.281987879654682,7352.51,0.15385,-0.03846,-0.06608,967,4,NEAR_FLIP,LOW
2026-08-18,RGLD,2026-08-21,230.43,7.3407,,220.0,186.64418944290082,1355499.43,,-0.04526,-0.19002,4988,17,POSITIVE_GAMMA,OK
2026-08-18,BR,2026-08-21,169.86,6.6157,170.0,,153.28975534175817,1377073.58,0.00082,,-0.09755,3379,17,POSITIVE_GAMMA,OK
2026-08-18,PAAS,2026-08-21,46.6,2.1991,,,44.71781861346636,925385.4,,,-0.04039,43902,42,NEAR_FLIP,OK
2026-08-18,AS,2026-08-21,33.62,1.2622,,32.5,30.8483251904682,5422185.46,,-0.03331,-0.08244,99827,8,POSITIVE_GAMMA,OK
2026-08-18,CDE,2026-08-21,18.51,1.0443,20.0,17.5,16.885693348977323,1589714.98,0.0805,-0.05457,-0.08775,46933,22,POSITIVE_GAMMA,OK
2026-08-18,SBAC,2026-08-21,181.4,6.5543,210.0,175.0,182.0096583480249,-59272.8,0.15766,-0.03528,0.00336,3240,15,NEAR_FLIP,OK
2026-08-18,EVRG,2026-08-21,83.42,1.3782,90.0,77.5,82.62468688970165,82071.7,0.07888,-0.07097,-0.00953,1653,10,NEAR_FLIP,OK
2026-08-18,STLA,2026-08-21,5.05,0.2079,5.5,5.0,5.263256850651893,-99055.27,0.08911,-0.0099,0.04223,10391,6,NEGATIVE_GAMMA,LOW
2026-08-18,ITT,2026-08-21,217.67,7.4371,,200.0,198.79804453544818,463447.56,,-0.08118,-0.0867,4686,16,POSITIVE_GAMMA,OK
2026-08-18,SSNC,2026-08-21,80.53,1.9893,85.0,80.0,,413443.0,0.05551,-0.00658,,1795,6,UNKNOWN,LOW
2026-08-18,ZBH,2026-08-21,99.15,3.0629,100.0,90.0,95.60866426736955,1542017.49,0.00857,-0.09228,-0.03572,4194,11,POSITIVE_GAMMA,OK
2026-08-18,APG,2026-08-21,42.78,1.3654,45.0,40.0,51.01993039784985,-1013296.54,0.05189,-0.06498,0.19261,11693,14,NEGATIVE_GAMMA,OK
2026-08-18,DD,2026-08-21,138.81,4.6514,150.0,,119.78328216158019,714584.01,0.08061,,-0.13707,2358,15,POSITIVE_GAMMA,OK
2026-08-18,MGA,2026-08-21,70.27,2.0366,,70.0,65.00930416506574,202202.68,,-0.00384,-0.07486,1106,13,POSITIVE_GAMMA,OK
2026-08-18,VTRS,2026-08-21,16.17,0.5229,,16.0,17.382555333387263,-1032403.36,,-0.01051,0.07499,32257,10,NEGATIVE_GAMMA,OK
2026-08-18,PR,2026-08-21,22.35,0.6814,,21.0,21.71535722518349,249334.59,,-0.0604,-0.0284,10708,11,NEAR_FLIP,OK
2026-08-18,TSCO,2026-08-21,34.72,1.2397,37.0,,32.21983718169096,1241133.29,0.06567,,-0.07201,29118,30,POSITIVE_GAMMA,OK
2026-08-18,EWBC,2026-08-21,135.07,2.0071,,130.0,107.39819267178682,449083.53,,-0.03754,-0.20487,827,12,POSITIVE_GAMMA,OK
2026-08-18,BBY,2026-08-21,87.27,2.77,90.0,85.0,86.4025535774053,907244.88,0.03128,-0.02601,-0.00994,24624,38,NEAR_FLIP,OK
2026-08-18,GPC,2026-08-21,131.89,3.3739,135.0,130.0,110.03255329019663,6907111.89,0.02358,-0.01433,-0.16572,19786,16,POSITIVE_GAMMA,OK
2026-08-18,CRCL,2026-08-21,71.73,4.6724,80.0,,67.56100598939159,3671497.18,0.11529,,-0.05812,99249,35,NEAR_FLIP,OK
2026-08-18,ESS,2026-08-21,283.71,5.9364,290.0,280.0,269.02610888232425,1467987.43,0.02217,-0.01308,-0.05176,1159,12,POSITIVE_GAMMA,OK
2026-08-18,LNT,2026-08-21,69.98,1.289,70.0,,71.23657117200058,-18947.07,0.00029,,0.01796,359,9,NEAR_FLIP,LOW
2026-08-18,CF,2026-08-21,119.72,4.5514,120.0,,116.3639731872083,848228.08,0.00234,,-0.02803,20059,44,NEAR_FLIP,OK
2026-08-18,FTV,2026-08-21,59.45,1.295,65.0,,44.930191683236174,87539.8,0.09336,,-0.24424,763,6,POSITIVE_GAMMA,LOW
2026-08-18,IONQ,2026-08-21,44.12,3.0,45.0,,40.83858959915417,2996980.59,0.01995,,-0.07437,98655,42,POSITIVE_GAMMA,OK
2026-08-18,LDOS,2026-08-21,143.48,4.9993,145.0,135.0,,1079515.62,0.01059,-0.0591,,4197,17,UNKNOWN,OK
2026-08-18,OWL,2026-08-21,11.59,0.5374,12.0,11.0,13.594765696066,-8352112.18,0.03538,-0.05091,0.17297,231309,14,NEGATIVE_GAMMA,OK
2026-08-18,NTNX,2026-08-21,65.83,2.1316,,65.0,,1373822.52,,-0.01261,,8600,11,UNKNOWN,OK
2026-08-18,LSCC,2026-08-21,124.21,7.9857,,120.0,124.34246548182716,-24774.53,,-0.03389,0.00107,11218,15,NEAR_FLIP,OK
2026-08-18,DKS,2026-08-21,191.52,6.6668,200.0,,,-6978852.89,0.04428,,,9989,17,UNKNOWN,OK
2026-08-18,OVV,2026-08-21,65.02,1.8982,,60.0,58.2429410916653,1515492.97,,-0.07721,-0.10423,6313,7,POSITIVE_GAMMA,LOW
2026-08-18,INVH,2026-08-21,29.72,0.5729,30.0,,24.8596044379321,613871.89,0.00942,,-0.16354,2190,6,POSITIVE_GAMMA,LOW
2026-08-18,NLY,2026-08-21,23.4,0.3549,23.5,23.0,23.39975581406684,3288.69,0.00427,-0.01709,-1e-05,45336,17,NEAR_FLIP,OK
2026-08-18,FN,2026-08-21,482.59,48.7718,500.0,,547.587875555512,-5300126.19,0.03608,,0.13469,7145,29,NEGATIVE_GAMMA,OK
2026-08-18,STRL,2026-08-21,554.76,44.1029,600.0,530.0,592.0142224832746,-1356873.28,0.08155,-0.04463,0.06715,4816,34,NEAR_FLIP,OK
2026-08-18,JHX,2026-08-21,29.29,1.0068,30.0,25.0,21.653264534719995,184551.45,0.02424,-0.14647,-0.26073,1891,6,POSITIVE_GAMMA,LOW
2026-08-18,ROL,2026-08-21,36.32,0.8546,37.5,,37.184536776084435,-192677.66,0.03249,,0.0238,5152,7,NEGATIVE_GAMMA,LOW
2026-08-18,IEX,2026-08-21,234.16,5.3039,,210.0,218.7367232362938,2316984.77,,-0.10318,-0.06587,2040,11,POSITIVE_GAMMA,OK
2026-08-18,WCC,2026-08-21,349.16,16.0339,350.0,340.0,338.1560561464943,562966.51,0.00241,-0.02623,-0.03152,1927,21,NEAR_FLIP,OK
2026-08-18,ZBRA,2026-08-21,366.42,16.2957,,360.0,280.78412748220745,1124.99,,-0.01752,-0.23371,4857,18,POSITIVE_GAMMA,OK
2026-08-18,RBC,2026-08-21,545.65,17.5814,560.0,530.0,535.8194219527392,85544.8,0.0263,-0.02868,-0.01802,225,22,NEAR_FLIP,LOW
2026-08-18,BEN,2026-08-21,33.99,0.8939,,,30.883892195134276,1362824.64,,,-0.09138,9327,15,POSITIVE_GAMMA,OK
2026-08-18,CG,2026-08-21,48.37,1.9871,,42.5,40.50603553280066,28365126.35,,-0.12136,-0.16258,92919,10,POSITIVE_GAMMA,OK
2026-08-18,JLL,2026-08-21,371.03,10.7248,,360.0,292.0179417870303,852084.11,,-0.02973,-0.21295,970,20,POSITIVE_GAMMA,OK
2026-08-18,WY,2026-08-21,23.61,0.7193,25.0,23.0,18.99408028522566,-497534.86,0.05887,-0.02584,-0.19551,10604,14,POSITIVE_GAMMA,OK
2026-08-18,CLH,2026-08-21,319.5,7.25,320.0,300.0,308.1202174380565,397271.6,0.00156,-0.06103,-0.03562,476,13,POSITIVE_GAMMA,LOW
2026-08-18,AKAM,2026-08-21,115.2,6.4311,,,116.3853794936643,-511845.41,,,0.01029,26451,42,NEAR_FLIP,OK
2026-08-18,CDW,2026-08-21,134.97,7.6715,145.0,130.0,135.5242417308843,-157748.39,0.07431,-0.03682,0.00411,7679,17,NEAR_FLIP,OK
2026-08-18,H,2026-08-21,178.72,6.1064,180.0,175.0,134.54276373368648,-256443.86,0.00716,-0.02081,-0.24719,1472,18,POSITIVE_GAMMA,OK
2026-08-18,PAA,2026-08-21,24.19,nan,25.0,24.0,22.508078304149294,2099540.14,0.03348,-0.00785,-0.06953,15622,18,POSITIVE_GAMMA,OK
2026-08-18,NDSN,2026-08-21,304.21,5.4071,,290.0,253.9162382563984,836365.87,,-0.04671,-0.16533,609,12,POSITIVE_GAMMA,OK
2026-08-18,STZ,2026-08-21,131.0,3.3257,135.0,130.0,133.07334844571415,-2568280.09,0.03053,-0.00763,0.01583,16435,42,NEAR_FLIP,OK
2026-08-18,CHRW,2026-08-21,144.67,7.2589,145.0,,153.83369361773399,-685931.05,0.00228,,0.06334,4344,16,NEGATIVE_GAMMA,OK
2026-08-18,J,2026-08-21,142.86,4.2064,145.0,130.0,133.93060610302945,249091.06,0.01498,-0.09002,-0.0625,912,14,POSITIVE_GAMMA,OK
2026-08-18,DINO,2026-08-21,95.7,3.7128,,90.0,,10040648.02,,-0.05956,,27238,16,UNKNOWN,OK
2026-08-18,PFGC,2026-08-21,104.54,3.5059,110.0,,122.99259792603391,-698639.46,0.05223,,0.17651,1469,11,NEGATIVE_GAMMA,OK
2026-08-18,FLUT,2026-08-21,92.89,5.4416,100.0,,101.05171194383962,-2346015.08,0.07654,,0.08786,17886,11,NEGATIVE_GAMMA,OK
2026-08-18,NVDA,2026-08-19,219.74,6.5814,225.0,,222.85075714215466,-96413641.62,0.02394,,0.01416,158293,42,NEAR_FLIP,OK
2026-08-18,AAPL,2026-08-19,310.03,8.3064,,307.5,304.4066351860336,143857696.35,,-0.00816,-0.01814,54453,41,NEAR_FLIP,OK
2026-08-18,GOOG,2026-08-21,341.28,10.2014,350.0,,345.06754047561964,-36668168.48,0.02555,,0.0111,240384,71,NEAR_FLIP,OK
2026-08-18,GOOGL,2026-08-19,344.2,10.7086,350.0,,342.23231323250474,26710082.19,0.01685,,-0.00572,28234,57,NEAR_FLIP,OK
2026-08-18,MSFT,2026-08-19,481.63,16.9728,485.0,477.5,482.97737022942135,-17687295.08,0.007,-0.00858,0.0028,36228,68,NEAR_FLIP,OK
2026-08-18,AMZN,2026-08-19,259.45,9.8393,260.0,257.5,239.2566077456979,-3499209.79,0.00212,-0.00752,-0.07783,50558,46,POSITIVE_GAMMA,OK
2026-08-18,SPCX,2026-08-21,143.34,10.8029,150.0,140.0,139.05447840187176,36860353.57,0.04646,-0.0233,-0.0299,786997,64,NEAR_FLIP,OK
2026-08-18,AVGO,2026-08-19,380.0,16.3107,,375.0,392.8844054051443,-26431968.4,,-0.01316,0.03391,21636,66,NEAR_FLIP,OK
2026-08-18,META,2026-08-19,543.67,22.9571,555.0,,429.9158371750351,-74983294.15,0.02084,,-0.20923,35778,91,POSITIVE_GAMMA,OK
2026-08-18,TSLA,2026-08-19,336.87,10.855,340.0,335.0,334.4632050335849,20965753.85,0.00929,-0.00555,-0.00714,93395,66,NEAR_FLIP,OK
2026-08-18,LLY,2026-08-21,1225.73,45.2743,1250.0,1200.0,1179.359285400133,94827428.97,0.0198,-0.02099,-0.03783,44172,83,POSITIVE_GAMMA,OK
2026-08-18,MU,2026-08-19,940.76,70.3729,980.0,,985.951109356821,-74481570.56,0.04171,,0.04804,51508,131,NEAR_FLIP,OK
2026-08-18,JPM,2026-08-21,363.25,5.4857,365.0,360.0,348.020863507921,112165111.16,0.00482,-0.00895,-0.04192,112224,56,POSITIVE_GAMMA,OK
2026-08-18,WMT,2026-08-21,115.2,2.3336,120.0,,116.44894185367248,-6960571.76,0.04167,,0.01084,254370,41,NEAR_FLIP,OK
2026-08-18,AMD,2026-08-19,484.39,29.7764,495.0,480.0,496.70303463806476,-23914937.7,0.0219,-0.00906,0.02542,33437,110,NEAR_FLIP,OK
2026-08-18,V,2026-08-21,364.25,6.6457,365.0,362.5,357.1209802960687,46417355.52,0.00206,-0.0048,-0.01957,60377,50,POSITIVE_GAMMA,OK
2026-08-18,XOM,2026-08-21,165.56,3.7686,170.0,160.0,156.40044693395708,66111745.42,0.02682,-0.03358,-0.05532,87571,38,POSITIVE_GAMMA,OK
2026-08-18,JNJ,2026-08-21,271.11,5.7964,280.0,270.0,258.2289636151421,62986972.27,0.03279,-0.00409,-0.04751,65678,41,POSITIVE_GAMMA,OK
2026-08-18,MA,2026-08-21,574.31,10.9357,580.0,567.5,558.0611535076848,23659319.33,0.00991,-0.01186,-0.02829,22868,67,POSITIVE_GAMMA,OK
2026-08-18,INTC,2026-08-19,96.685,6.6464,100.0,,99.93773399804886,-9936670.98,0.03429,,0.03364,72674,56,NEAR_FLIP,OK
2026-08-18,ABBV,2026-08-21,258.92,6.3936,260.0,250.0,237.89173259174905,38937604.87,0.00417,-0.03445,-0.08122,50954,41,POSITIVE_GAMMA,OK
2026-08-18,BAC,2026-08-21,64.23,0.9488,65.0,64.0,60.16194293574834,53545135.29,0.01199,-0.00358,-0.06334,221945,34,POSITIVE_GAMMA,OK
2026-08-18,CSCO,2026-08-21,111.61,4.3964,115.0,110.0,112.0684176281504,-4594878.4,0.03037,-0.01443,0.00411,147824,45,NEAR_FLIP,OK
2026-08-18,COST,2026-08-21,961.35,16.6721,970.0,950.0,954.8761522374405,41246134.44,0.009,-0.01181,-0.00673,61266,94,NEAR_FLIP,OK
2026-08-18,ORCL,2026-08-21,142.79,7.2536,,140.0,140.30431969342052,7634336.65,,-0.01954,-0.01741,400379,60,NEAR_FLIP,OK
2026-08-18,PLTR,2026-08-21,171.54,8.8764,180.0,170.0,140.41329925821782,43585452.45,0.04932,-0.00898,-0.18145,411387,52,POSITIVE_GAMMA,OK
2026-08-18,CVX,2026-08-21,205.74,4.5471,,200.0,188.9324178810507,210828234.73,,-0.0279,-0.08169,107666,37,POSITIVE_GAMMA,OK
2026-08-18,AMAT,2026-08-21,514.33,32.5671,,500.0,524.3941662619629,-9293753.13,,-0.02786,0.01957,59210,60,NEAR_FLIP,OK
2026-08-18,LRCX,2026-08-21,327.92,21.9164,,,311.5080546326669,8817260.85,,,-0.05005,107507,52,NEAR_FLIP,OK
2026-08-18,CAT,2026-08-21,840.87,35.1456,880.0,820.0,872.6743422370739,-46165973.38,0.04654,-0.02482,0.03782,45558,73,NEAR_FLIP,OK
2026-08-18,GE,2026-08-21,375.09,8.7579,,360.0,360.9183498083833,23888329.11,,-0.04023,-0.03778,30785,51,POSITIVE_GAMMA,OK
2026-08-18,KO,2026-08-21,88.82,1.3721,89.0,,80.5655061323304,64761366.24,0.00203,,-0.09294,168948,40,POSITIVE_GAMMA,OK
2026-08-18,UNH,2026-08-21,393.93,9.7464,400.0,390.0,398.9738078838938,-25410535.1,0.01541,-0.00998,0.0128,105643,57,NEAR_FLIP,OK
2026-08-18,MS,2026-08-21,217.55,4.5871,220.0,210.0,212.6117350854376,10021001.66,0.01126,-0.0347,-0.0227,37619,37,POSITIVE_GAMMA,OK
2026-08-18,HD,2026-08-21,337.49,8.4313,350.0,335.0,340.0019550294954,-11351941.51,0.03707,-0.00738,0.00744,62514,55,NEAR_FLIP,OK
2026-08-18,MRK,2026-08-21,135.17,3.2493,,133.0,126.17213330801333,24104234.72,,-0.01605,-0.06657,57805,40,POSITIVE_GAMMA,OK
2026-08-18,PG,2026-08-21,143.45,2.6601,145.0,,144.10415910823548,-5465031.05,0.01081,,0.00456,62494,37,NEAR_FLIP,OK
2026-08-18,NFLX,2026-08-21,77.77,2.2991,80.0,,75.56535438308151,52716897.94,0.02867,,-0.02835,504742,46,NEAR_FLIP,OK
2026-08-18,DELL,2026-08-21,468.65,33.0286,500.0,460.0,460.27404278832284,7434665.95,0.06689,-0.01846,-0.01787,66713,72,NEAR_FLIP,OK
2026-08-18,PANW,2026-08-21,374.14,14.5814,,362.5,352.7119294993879,13307409.05,,-0.03111,-0.05727,39744,64,POSITIVE_GAMMA,OK
2026-08-18,GS,2026-08-21,1040.47,25.3882,1100.0,,1039.613003528819,2530862.51,0.05721,,-0.00082,69329,110,NEAR_FLIP,OK
2026-08-18,RTX,2026-08-21,225.49,4.1554,230.0,220.0,217.25910868711583,18863972.42,0.02,-0.02435,-0.0365,43036,42,POSITIVE_GAMMA,OK
2026-08-18,RY,2026-08-21,212.99,2.875,,210.0,213.07298087952688,-87266.66,,-0.01404,0.00039,8917,14,NEAR_FLIP,OK
2026-08-18,PM,2026-08-21,187.62,4.4593,,185.0,185.689762999947,3022727.02,,-0.01396,-0.01029,25823,32,NEAR_FLIP,OK
2026-08-18,GEV,2026-08-21,1004.53,48.4379,,1000.0,1027.0741680189908,-10766837.25,,-0.00451,0.02244,27855,111,NEAR_FLIP,OK
2026-08-18,WFC,2026-08-21,87.4,1.6426,89.0,85.0,86.82528581400459,9176694.14,0.01831,-0.02746,-0.00658,124157,36,NEAR_FLIP,OK
2026-08-18,KLAC,2026-08-21,194.79,10.7429,196.0,184.0,200.4336920490029,-3402391.23,0.00621,-0.05539,0.02897,75766,79,NEAR_FLIP,OK
2026-08-18,TXN,2026-08-21,272.24,10.2093,285.0,260.0,273.1294860664193,-1493029.35,0.04687,-0.04496,0.00327,50695,43,NEAR_FLIP,OK
2026-08-18,AZN,2026-08-21,160.1,4.2043,,155.0,155.00913673486906,7174318.27,,-0.03186,-0.0318,16469,16,POSITIVE_GAMMA,OK
2026-08-18,SNDK,2026-08-21,1625.78,161.7451,,1600.0,1630.1213491744054,-2111545.11,,-0.01586,0.00267,114462,135,NEAR_FLIP,OK
2026-08-18,ANET,2026-08-21,193.18,10.8646,,185.0,180.7092430159965,11285176.32,,-0.04234,-0.06456,50337,43,POSITIVE_GAMMA,OK
2026-08-18,C,2026-08-21,137.65,3.0089,140.0,135.0,133.57744940381994,35870756.15,0.01707,-0.01925,-0.02959,118084,45,POSITIVE_GAMMA,OK
2026-08-18,AMGN,2026-08-21,425.28,11.5114,435.0,405.0,406.10258457628584,16181622.61,0.02286,-0.04769,-0.04509,24336,55,POSITIVE_GAMMA,OK
2026-08-18,AXP,2026-08-21,338.52,6.062,345.0,335.0,334.12736140928826,14424257.89,0.01914,-0.0104,-0.01298,29068,57,NEAR_FLIP,OK
2026-08-18,LIN,2026-08-21,478.705,10.8879,485.0,475.0,499.9316367656958,-6904715.98,0.01315,-0.00774,0.04434,7480,44,NEGATIVE_GAMMA,OK
2026-08-18,IBM,2026-08-21,232.67,6.6179,,230.0,225.97023379150116,23182581.73,,-0.01148,-0.0288,126946,42,POSITIVE_GAMMA,OK
2026-08-18,TMO,2026-08-21,589.04,12.8429,600.0,580.0,572.3825750999051,7337343.98,0.01861,-0.01535,-0.02828,9952,56,POSITIVE_GAMMA,OK
2026-08-18,CRWD,2026-08-21,212.92,8.6541,,210.0,195.76215366492056,17792309.13,,-0.01371,-0.08058,118614,51,POSITIVE_GAMMA,OK
2026-08-18,STX,2026-08-21,903.68,73.6464,,900.0,825.4000626443791,12105440.53,,-0.00407,-0.08662,31280,86,POSITIVE_GAMMA,OK
2026-08-18,TD,2026-08-21,121.97,1.9079,125.0,120.0,85.9927820999857,-66961.86,0.02484,-0.01615,-0.29497,11736,11,POSITIVE_GAMMA,OK
2026-08-18,VZ,2026-08-21,48.54,1.0475,49.0,48.0,44.752346757875166,23276046.46,0.00948,-0.01112,-0.07803,157626,37,POSITIVE_GAMMA,OK
2026-08-18,TTE,2026-08-21,89.29,1.5079,90.0,82.5,85.30416521115815,7220286.29,0.00795,-0.07604,-0.04464,17126,18,POSITIVE_GAMMA,OK
2026-08-18,APH,2026-08-21,159.57,6.7864,165.0,,151.46944949913924,6796984.09,0.03403,,-0.05076,49931,18,POSITIVE_GAMMA,OK
2026-08-18,TMUS,2026-08-21,182.75,4.9043,195.0,,180.44632201451157,6113597.17,0.06703,,-0.01261,63918,35,NEAR_FLIP,OK
2026-08-18,ABT,2026-08-21,112.68,2.5779,115.0,110.0,92.57551686275404,14003186.72,0.02059,-0.02378,-0.17842,50237,43,POSITIVE_GAMMA,OK
2026-08-18,SCHW,2026-08-21,111.68,1.7743,114.0,111.0,106.23570971294055,33750099.93,0.02077,-0.00609,-0.04875,52867,42,POSITIVE_GAMMA,OK
2026-08-18,SHOP,2026-08-21,146.58,7.7858,150.0,145.0,127.14093219963314,5003175.59,0.02333,-0.01078,-0.13262,80719,62,POSITIVE_GAMMA,OK
2026-08-18,PEP,2026-08-21,140.13,2.4107,,140.0,137.7745688123632,22005781.84,,-0.00093,-0.01681,55611,41,NEAR_FLIP,OK
2026-08-18,MRVL,2026-08-21,216.0,16.8164,220.0,210.0,205.52932223393523,13578246.07,0.01852,-0.02778,-0.04848,210679,52,NEAR_FLIP,OK
2026-08-18,MCD,2026-08-21,266.99,5.9536,270.0,265.0,267.4928277800931,-3183436.95,0.01127,-0.00745,0.00188,49580,44,NEAR_FLIP,OK
2026-08-18,BLK,2026-08-21,1154.35,21.9318,,,1031.5246725536194,19008214.46,,,-0.1064,6380,80,POSITIVE_GAMMA,OK
2026-08-18,ADI,2026-08-21,376.63,12.77,390.0,360.0,386.6071040294179,-4951702.79,0.0355,-0.04415,0.02649,18197,52,NEAR_FLIP,OK
2026-08-18,DIS,2026-08-21,103.95,2.3429,105.0,,100.86825620767722,16311970.15,0.0101,,-0.02965,110200,39,POSITIVE_GAMMA,OK
2026-08-18,NEE,2026-08-21,86.22,1.5129,87.5,85.0,86.80063320848579,-4651586.51,0.01485,-0.01415,0.00673,50105,34,NEAR_FLIP,OK
2026-08-18,WDC,2026-08-21,496.16,46.0936,500.0,,510.9540549197206,-6557087.03,0.00774,,0.02982,56932,76,NEAR_FLIP,OK
2026-08-18,UNP,2026-08-21,298.74,5.7121,300.0,297.5,281.59298646145953,16400824.14,0.00422,-0.00415,-0.0574,20782,44,POSITIVE_GAMMA,OK
2026-08-18,BA,2026-08-21,223.06,6.64,230.0,,223.76359856987838,-5388684.11,0.03111,,0.00315,171320,40,NEAR_FLIP,OK
2026-08-18,GILD,2026-08-21,143.44,4.055,,140.0,128.21349063225932,14110532.23,,-0.02398,-0.10615,34531,44,POSITIVE_GAMMA,OK
2026-08-18,BX,2026-08-21,140.59,4.7643,,,137.75696821870548,4307787.07,,,-0.02015,67478,48,NEAR_FLIP,OK
2026-08-18,T,2026-08-21,24.9,0.5557,25.0,,21.776662078579196,14449081.7,0.00402,,-0.12544,182460,23,POSITIVE_GAMMA,OK
2026-08-18,WELL,2026-08-21,235.44,5.1721,240.0,230.0,234.64327227169898,380137.11,0.01937,-0.02311,-0.00338,4518,17,NEAR_FLIP,OK
2026-08-18,ETN,2026-08-21,431.33,17.355,440.0,,417.23317453961846,4209343.19,0.0201,,-0.03268,17622,67,NEAR_FLIP,OK
2026-08-18,TJX,2026-08-21,150.85,3.0936,155.0,150.0,154.8242046486235,-4744778.89,0.02751,-0.00563,0.02635,20407,31,NEGATIVE_GAMMA,OK
2026-08-18,QCOM,2026-08-21,160.19,6.6321,,160.0,157.83520011644438,3107367.23,,-0.00119,-0.0147,111645,28,NEAR_FLIP,OK
2026-08-18,UBS,2026-08-21,52.97,0.8164,,52.5,42.576557995465954,1396100.84,,-0.00887,-0.19621,21183,11,POSITIVE_GAMMA,OK
2026-08-18,CRM,2026-08-21,196.14,8.105,200.0,190.0,170.82576034020457,45206807.23,0.01968,-0.0313,-0.12906,189269,37,POSITIVE_GAMMA,OK
2026-08-18,DE,2026-08-21,588.72,15.9472,630.0,570.0,627.5313148946306,-8571894.67,0.07012,-0.0318,0.06592,9231,66,NEGATIVE_GAMMA,OK
2026-08-18,SCCO,2026-08-21,187.8,nan,192.5,182.5,190.2457584665285,-1076961.86,0.02503,-0.02822,0.01302,10812,33,NEGATIVE_GAMMA,OK
2026-08-18,UBER,2026-08-21,74.66,2.6459,75.0,,71.32717700524734,22533766.29,0.00455,,-0.04464,186718,38,POSITIVE_GAMMA,OK
2026-08-18,BKNG,2026-08-21,208.25,7.3064,210.0,202.5,194.07763987032658,6823192.06,0.0084,-0.02761,-0.06805,31340,38,POSITIVE_GAMMA,OK
2026-08-18,COP,2026-08-21,129.72,3.4595,130.0,125.0,121.3913143653829,11355999.02,0.00216,-0.03639,-0.06421,33611,46,POSITIVE_GAMMA,OK
2026-08-18,IBKR,2026-08-21,90.56,2.94,95.0,90.0,92.68155913527825,-1068839.17,0.04903,-0.00618,0.02343,11711,33,NEAR_FLIP,OK
2026-08-18,PFE,2026-08-21,27.25,0.5821,,27.0,25.37886944769343,34614103.21,,-0.00917,-0.06867,392441,26,POSITIVE_GAMMA,OK
2026-08-18,DHR,2026-08-21,199.58,5.3436,200.0,197.5,174.96966189783709,11519753.93,0.0021,-0.01042,-0.12331,22019,34,POSITIVE_GAMMA,OK
2026-08-18,GLW,2026-08-21,159.9,11.3814,160.0,,155.74788262637568,4140965.43,0.00063,,-0.02597,96160,38,NEAR_FLIP,OK
2026-08-18,LMT,2026-08-21,607.17,14.615,610.0,585.0,585.9939790976821,27296202.37,0.00466,-0.03651,-0.03488,18048,82,POSITIVE_GAMMA,OK
2026-08-18,ISRG,2026-08-21,391.18,9.8068,400.0,,386.26792374126387,1480225.47,0.02255,,-0.01256,21467,69,NEAR_FLIP,OK
2026-08-18,COF,2026-08-21,221.47,4.8193,227.5,220.0,216.31491192353414,10216371.97,0.02723,-0.00664,-0.02328,18644,33,POSITIVE_GAMMA,OK
2026-08-18,PLD,2026-08-21,140.02,2.47,145.0,140.0,141.8057031927455,-1989529.69,0.03557,-0.00014,0.01275,12298,15,NEAR_FLIP,OK
2026-08-18,BMY,2026-08-21,66.05,1.895,,62.5,62.50811298697707,12546010.1,,-0.05375,-0.05362,98499,29,POSITIVE_GAMMA,OK
2026-08-18,CB,2026-08-21,345.29,6.3221,355.0,345.0,331.28707364737943,11266131.36,0.02812,-0.00084,-0.04055,12703,37,POSITIVE_GAMMA,OK
2026-08-18,VRTX,2026-08-21,528.19,16.7757,540.0,510.0,512.786513201513,4090333.08,0.02236,-0.03444,-0.02916,6204,57,NEAR_FLIP,OK
2026-08-18,PH,2026-08-21,1041.85,26.7657,,980.0,765.9914851069739,10265592.86,,-0.05937,-0.26478,5349,44,POSITIVE_GAMMA,OK
2026-08-18,BMO,2026-08-21,182.57,2.6764,185.0,180.0,182.6712299227181,-28917.48,0.01331,-0.01408,0.00055,3387,16,NEAR_FLIP,OK
2026-08-18,SYK,2026-08-21,331.37,10.4232,,320.0,315.05217539808456,6767240.38,,-0.03431,-0.04924,7374,20,POSITIVE_GAMMA,OK
2026-08-18,NEM,2026-08-21,115.98,4.3871,,114.0,103.87359442783357,12574102.17,,-0.01707,-0.10438,81712,59,POSITIVE_GAMMA,OK
2026-08-18,NOW,2026-08-21,119.49,6.3149,120.0,,112.85699908873386,15738708.97,0.00427,,-0.05551,228646,60,POSITIVE_GAMMA,OK
2026-08-18,SPGI,2026-08-21,418.04,9.7429,,410.0,423.6218834586718,-1447444.29,,-0.01923,0.01335,4361,57,NEAR_FLIP,OK
2026-08-18,SBUX,2026-08-21,106.01,2.9107,110.0,105.0,105.95684203039824,242784.21,0.03764,-0.00953,-0.0005,52277,38,NEAR_FLIP,OK
2026-08-18,LOW,2026-08-21,215.64,5.2646,220.0,210.0,213.2221752881072,2642520.37,0.02022,-0.02615,-0.01121,23211,38,NEAR_FLIP,OK
2026-08-18,CVS,2026-08-21,94.91,2.9964,95.0,,95.38659526477976,-1646233.36,0.00095,,0.00502,69330,48,NEAR_FLIP,OK
2026-08-18,PGR,2026-08-21,207.23,4.5014,215.0,202.5,210.72528729386926,-5719719.71,0.03749,-0.02282,0.01687,17264,35,NEAR_FLIP,OK
2026-08-18,MDT,2026-08-21,92.09,2.0529,,90.0,77.74016900301254,10022074.63,,-0.0227,-0.15582,50361,40,POSITIVE_GAMMA,OK
2026-08-18,FTNT,2026-08-21,158.01,6.8557,160.0,155.0,157.82353736687992,171206.58,0.01259,-0.01905,-0.00118,30909,34,NEAR_FLIP,OK
2026-08-18,HWM,2026-08-21,292.65,8.3571,,290.0,282.85409085938016,2259538.32,,-0.00906,-0.03347,5341,42,POSITIVE_GAMMA,OK
2026-08-18,CM,2026-08-21,121.64,1.9536,125.0,115.0,109.1616849832153,1725080.93,0.02762,-0.05459,-0.10258,4863,9,POSITIVE_GAMMA,OK
2026-08-18,SNOW,2026-08-21,325.33,13.4231,330.0,315.0,270.38848950888763,24893332.97,0.01435,-0.03175,-0.16888,49982,62,POSITIVE_GAMMA,OK
2026-08-18,ENB,2026-08-21,51.39,0.9207,52.5,,51.78676725077862,-391853.32,0.0216,,0.00772,11037,12,NEAR_FLIP,OK
2026-08-18,BNS,2026-08-21,90.13,1.1868,,90.0,68.48272780550718,691977.15,,-0.00144,-0.24018,2830,14,POSITIVE_GAMMA,OK
2026-08-18,BNY,2026-08-21,163.93,2.4486,165.0,160.0,151.77165443710823,3408029.52,0.00653,-0.02397,-0.07417,5988,16,POSITIVE_GAMMA,OK
2026-08-18,ABNB,2026-08-21,183.25,6.775,185.0,177.5,128.82309409872855,5667145.74,0.00955,-0.03138,-0.29701,37026,44,POSITIVE_GAMMA,OK
2026-08-18,ADP,2026-08-21,269.31,7.4132,,265.0,272.0491459259363,-1405202.07,,-0.016,0.01017,14418,39,NEAR_FLIP,OK
2026-08-18,MO,2026-08-21,65.19,1.9779,,64.0,49.61173818999239,-5736642.77,,-0.01825,-0.23897,48302,38,POSITIVE_GAMMA,OK
2026-08-18,NET,2026-08-21,301.36,18.5127,,295.0,212.85716388613406,6303663.57,,-0.0211,-0.29368,38103,58,POSITIVE_GAMMA,OK
2026-08-18,EQIX,2026-08-21,1085.09,30.8028,1090.0,1000.0,1069.773209834756,5884227.58,0.00453,-0.07842,-0.01412,8009,56,NEAR_FLIP,OK
2026-08-18,GD,2026-08-21,393.48,6.76,400.0,385.0,344.3333072626747,3604472.09,0.01657,-0.02155,-0.1249,4435,40,POSITIVE_GAMMA,OK
2026-08-18,ACN,2026-08-21,172.93,7.9175,,,163.01507486110847,4225278.27,,,-0.05733,42433,49,POSITIVE_GAMMA,OK
2026-08-18,SO,2026-08-21,92.07,1.7918,95.0,92.0,93.51180583507,-8172732.39,0.03182,-0.00076,0.01566,26328,33,NEAR_FLIP,OK
2026-08-18,VRT,2026-08-21,272.54,15.8309,,265.0,285.8243077646761,-11587282.25,,-0.02767,0.04874,75196,47,NEAR_FLIP,OK
2026-08-18,SPOT,2026-08-21,516.28,25.7292,,500.0,479.7390749313126,35370174.49,,-0.03153,-0.07078,40064,62,POSITIVE_GAMMA,OK
2026-08-18,PWR,2026-08-21,696.15,32.8975,700.0,,672.3055592324876,5887364.76,0.00553,,-0.03425,17467,42,NEAR_FLIP,OK
2026-08-18,ADBE,2026-08-21,263.14,11.735,275.0,257.5,254.37253555198825,14200234.48,0.04507,-0.02143,-0.03332,67456,51,NEAR_FLIP,OK
2026-08-18,APP,2026-08-21,307.26,21.8337,320.0,300.0,319.7681184220519,-16746899.88,0.04146,-0.02363,0.04071,39051,57,NEAR_FLIP,OK
2026-08-18,BN,2026-08-21,42.13,1.0657,,,41.0858531603183,714282.45,,,-0.02478,12757,17,NEAR_FLIP,OK
2026-08-18,MCK,2026-08-21,869.26,30.5086,870.0,850.0,781.2617258916165,4915734.6,0.00085,-0.02216,-0.10123,6899,46,POSITIVE_GAMMA,OK
2026-08-18,CNQ,2026-08-21,49.59,1.2,50.0,,37.881691358537964,1835574.03,0.00827,,-0.2361,14700,36,POSITIVE_GAMMA,OK
2026-08-18,TT,2026-08-21,463.37,13.5186,470.0,460.0,473.3779681103104,-2966466.19,0.01431,-0.00727,0.0216,3430,26,NEAR_FLIP,OK
2026-08-18,PNC,2026-08-21,254.28,3.6164,260.0,240.0,244.0524004728064,5869415.64,0.02249,-0.05616,-0.04022,8230,31,POSITIVE_GAMMA,OK
2026-08-18,MPC,2026-08-21,366.21,12.7536,380.0,350.0,,13701867.35,0.03766,-0.04426,,16325,14,UNKNOWN,OK
2026-08-18,USB,2026-08-21,64.79,0.9332,,,58.799162170800166,6248867.92,,,-0.09247,23318,29,POSITIVE_GAMMA,OK
2026-08-18,VLO,2026-08-21,350.05,11.9429,,337.5,297.1129046929676,7839919.11,,-0.03585,-0.15123,17338,47,POSITIVE_GAMMA,OK
2026-08-18,CEG,2026-08-21,266.83,11.0114,280.0,,271.4206686180796,-3528122.92,0.04936,,0.0172,32895,47,NEAR_FLIP,OK
2026-08-18,CME,2026-08-21,271.54,5.7186,,265.0,262.57979057721695,4477648.61,,-0.02408,-0.033,15033,40,POSITIVE_GAMMA,OK
2026-08-18,DUK,2026-08-21,123.99,2.3343,125.0,,123.33528370164896,1153193.97,0.00815,,-0.00528,21858,15,NEAR_FLIP,OK
2026-08-18,KKR,2026-08-21,107.19,4.6121,,100.0,102.86811375789476,3482113.15,,-0.06708,-0.04032,37268,45,NEAR_FLIP,OK
2026-08-18,INTU,2026-08-21,350.41,15.105,,330.0,328.65151339585225,12598502.28,,-0.05825,-0.06209,22105,55,POSITIVE_GAMMA,OK
2026-08-18,PSX,2026-08-21,243.49,7.7471,,230.0,229.26885523929,2380232.69,,-0.0554,-0.05841,5279,34,POSITIVE_GAMMA,OK
2026-08-18,FCX,2026-08-21,66.32,2.5843,,65.0,64.66441748419072,6654788.14,,-0.0199,-0.02496,187099,36,NEAR_FLIP,OK
2026-08-18,AEM,2026-08-21,186.94,7.3342,200.0,180.0,179.1387032570115,7748910.28,0.06986,-0.03712,-0.04173,30537,48,POSITIVE_GAMMA,OK
2026-08-18,DASH,2026-08-21,216.35,7.9886,220.0,200.0,204.816544670588,5677507.73,0.01687,-0.07557,-0.05331,21593,45,POSITIVE_GAMMA,OK
2026-08-18,MAR,2026-08-21,357.33,9.2336,365.0,350.0,361.9308241113832,-2109952.55,0.02146,-0.02051,0.01288,6116,46,NEAR_FLIP,OK
2026-08-18,CSX,2026-08-21,50.24,0.91,,50.0,50.775883366484884,-1885612.25,,-0.00478,0.01067,43358,29,NEAR_FLIP,OK
2026-08-18,MMM,2026-08-21,180.94,3.3689,,180.0,160.88217102578642,12159517.24,,-0.0052,-0.11085,30398,33,POSITIVE_GAMMA,OK
2026-08-18,WMB,2026-08-21,75.13,1.8136,,75.0,70.9390581976791,8380219.78,,-0.00173,-0.05578,37891,29,POSITIVE_GAMMA,OK
2026-08-18,CMCSA,2026-08-21,26.2,0.6882,,25.0,24.425339466415615,4159927.78,,-0.0458,-0.06774,155629,26,POSITIVE_GAMMA,OK
2026-08-18,MNST,2026-08-21,47.38,5.1482,47.5,46.25,46.23255267387473,2314546.63,0.00253,-0.02385,-0.02422,42584,15,NEAR_FLIP,OK
2026-08-18,RACE,2026-08-21,412.44,7.9718,,402.5,365.3619806715109,3810900.48,,-0.0241,-0.11415,6101,56,POSITIVE_GAMMA,OK
2026-08-18,WM,2026-08-21,223.58,4.5557,230.0,220.0,226.641295143306,-4563237.52,0.02871,-0.01601,0.01369,7805,17,NEAR_FLIP,OK
2026-08-18,JCI,2026-08-21,149.68,4.4443,155.0,140.0,142.73127733624023,17744039.7,0.03554,-0.06467,-0.04642,36375,16,POSITIVE_GAMMA,OK
2026-08-18,MELI,2026-08-21,1779.14,67.9485,1820.0,1750.0,1836.1073540786629,-26716547.13,0.02297,-0.01638,0.03202,11732,106,NEAR_FLIP,OK
2026-08-18,HCA,2026-08-21,411.73,11.03,420.0,400.0,399.0291101874502,8780826.4,0.02009,-0.02849,-0.03085,20428,41,POSITIVE_GAMMA,OK
2026-08-18,MRSH,2026-08-21,186.37,3.8857,190.0,185.0,173.46786793797213,295596.06,0.01948,-0.00735,-0.06923,4172,14,POSITIVE_GAMMA,OK
2026-08-18,DDOG,2026-08-21,246.0,17.5941,,,247.5466349651885,-746393.8,,,0.00629,40017,43,NEAR_FLIP,OK
2026-08-18,EMR,2026-08-21,157.78,4.6986,165.0,135.0,155.3750861128198,404737.74,0.04576,-0.14438,-0.01524,3529,40,NEAR_FLIP,OK
2026-08-18,CDNS,2026-08-21,316.52,10.5814,400.0,,346.91708507740776,-47582976.05,0.26374,,0.09604,39727,51,NEGATIVE_GAMMA,OK
2026-08-18,ICE,2026-08-21,156.18,3.6229,,152.5,126.32571201369645,5002340.13,,-0.02356,-0.19115,13159,41,POSITIVE_GAMMA,OK
2026-08-18,UPS,2026-08-21,101.93,2.4018,105.0,101.0,103.87113367455748,-12591286.4,0.03012,-0.00912,0.01904,63582,45,NEAR_FLIP,OK
2026-08-18,ELV,2026-08-21,398.27,10.0707,,,377.0482998694812,2942515.05,,,-0.05328,5426,24,POSITIVE_GAMMA,OK
2026-08-18,CMI,2026-08-21,620.81,22.9171,,600.0,657.0919416116973,-3477158.57,,-0.03352,0.05844,4445,34,NEGATIVE_GAMMA,OK
2026-08-18,SHW,2026-08-21,345.27,8.2279,350.0,,350.24578669921715,-2261833.32,0.0137,,0.01441,10444,19,NEAR_FLIP,OK
2026-08-18,MCO,2026-08-21,485.79,10.2479,540.0,,471.8671296192494,3704936.48,0.11159,,-0.02866,8335,26,POSITIVE_GAMMA,OK
2026-08-18,EPD,2026-08-21,38.64,0.6664,39.0,38.0,37.28316041907224,5192801.19,0.00932,-0.01656,-0.03511,14871,26,POSITIVE_GAMMA,OK
2026-08-18,HOOD,2026-08-21,91.53,4.4727,,90.0,93.273384142651,-8173049.28,,-0.01672,0.01905,232930,38,NEAR_FLIP,OK
2026-08-18,REGN,2026-08-21,810.24,22.2529,,795.0,781.6821284706015,3518617.22,,-0.01881,-0.03525,4599,71,POSITIVE_GAMMA,OK
2026-08-18,NOC,2026-08-21,589.14,12.8441,600.0,,538.000673113445,7399960.25,0.01843,,-0.0868,8114,60,POSITIVE_GAMMA,OK
2026-08-18,BAM,2026-08-21,51.47,1.6641,,50.0,48.94770301638671,339453.28,,-0.02856,-0.04901,7799,10,POSITIVE_GAMMA,OK
2026-08-18,CP,2026-08-21,93.68,2.015,95.0,92.5,92.52836540889294,204487.69,0.01409,-0.0126,-0.01229,2292,14,NEAR_FLIP,OK
2026-08-18,ITW,2026-08-21,284.66,6.0683,,,262.60558142806053,2352197.77,,,-0.07748,2111,15,POSITIVE_GAMMA,OK
2026-08-18,AMT,2026-08-21,172.33,4.8393,180.0,170.0,172.95122034921746,-411230.05,0.04451,-0.01352,0.0036,11108,17,NEAR_FLIP,OK
2026-08-18,RCL,2026-08-21,300.0,8.095,,290.0,310.8930797460248,-3605474.51,,-0.03333,0.03631,10321,49,NEGATIVE_GAMMA,OK
2026-08-18,MDLZ,2026-08-21,62.66,1.4257,65.0,57.5,62.03075360056594,1093091.18,0.03734,-0.08235,-0.01004,20342,26,NEAR_FLIP,OK
2026-08-18,CTAS,2026-08-21,199.45,4.6271,200.0,,199.910967541439,-171339.95,0.00276,,0.00231,8860,31,NEAR_FLIP,OK
2026-08-18,SLB,2026-08-21,53.21,1.5611,,52.5,49.51234043745701,8001169.35,,-0.01334,-0.06949,88784,38,POSITIVE_GAMMA,OK
2026-08-18,FDX,2026-08-21,328.38,7.1571,330.0,322.5,320.58709078965165,4007511.68,0.00493,-0.01791,-0.02373,12785,48,POSITIVE_GAMMA,OK
2026-08-18,APO,2026-08-21,133.85,5.3568,135.0,120.0,129.55908210211882,2215161.99,0.00859,-0.10347,-0.03206,20277,49,NEAR_FLIP,OK
2026-08-18,SU,2026-08-21,67.68,1.8821,,,,4625326.77,,,,21511,29,UNKNOWN,OK
2026-08-18,ECL,2026-08-21,280.0,5.6621,,270.0,281.3543902503896,-1127046.03,,-0.03571,0.00484,8052,15,NEAR_FLIP,OK
2026-08-18,SNPS,2026-08-21,404.41,11.9661,420.0,400.0,400.8039589418986,2104826.51,0.03855,-0.0109,-0.00892,13744,70,NEAR_FLIP,OK
2026-08-18,MSI,2026-08-21,469.5,14.2829,470.0,,407.0138116533038,7150610.0,0.00106,,-0.13309,4153,22,POSITIVE_GAMMA,OK
2026-08-18,EOG,2026-08-21,148.7,4.0607,150.0,135.0,138.53573680815086,5898314.23,0.00874,-0.09213,-0.06835,11516,41,POSITIVE_GAMMA,OK
2026-08-18,TRV,2026-08-21,367.93,7.8964,380.0,,363.6031858440813,3333565.73,0.03281,,-0.01176,9558,20,NEAR_FLIP,OK
2026-08-18,NSC,2026-08-21,338.91,6.0171,,300.0,335.5555697202427,1000777.21,,-0.11481,-0.0099,5979,15,NEAR_FLIP,OK
2026-08-18,CNI,2026-08-21,126.55,2.0646,130.0,,126.62132585133858,-10784.64,0.02726,,0.00056,3201,13,NEAR_FLIP,OK
2026-08-18,ROST,2026-08-21,236.38,4.7968,260.0,235.0,230.86054911493517,640964.61,0.09992,-0.00584,-0.02335,7215,40,POSITIVE_GAMMA,OK
2026-08-18,HPE,2026-08-21,55.69,3.2306,,55.0,45.45895298775255,4651751.9,,-0.01239,-0.18371,85537,46,POSITIVE_GAMMA,OK
2026-08-18,HLT,2026-08-21,327.74,7.4636,340.0,,332.4401752119589,-1003203.01,0.03741,,0.01434,2228,35,NEAR_FLIP,OK
2026-08-18,CI,2026-08-21,278.5,8.3929,285.0,,280.7193595802134,-1130907.05,0.02334,,0.00797,8273,42,NEAR_FLIP,OK
2026-08-18,BSX,2026-08-21,50.47,1.66,,50.0,48.203703257942365,7866082.59,,-0.00931,-0.0449,147515,37,POSITIVE_GAMMA,OK
2026-08-18,ORLY,2026-08-21,90.76,2.2614,,90.0,86.97447953299893,2707863.67,,-0.00837,-0.04171,15726,11,POSITIVE_GAMMA,OK
2026-08-18,AON,2026-08-21,343.2,8.795,370.0,,341.23103018098277,121947.61,0.07809,,-0.00574,2375,18,NEAR_FLIP,OK
2026-08-18,GM,2026-08-21,83.71,2.1164,85.0,,83.52698139710171,153827.43,0.01541,,-0.00219,39095,48,NEAR_FLIP,OK
2026-08-18,KMI,2026-08-21,32.87,0.665,33.0,32.0,31.495588343455218,4773635.63,0.00396,-0.02647,-0.04181,32893,25,POSITIVE_GAMMA,OK
2026-08-18,MFC,2026-08-21,44.03,0.8001,,40.0,42.640469286797746,409171.73,,-0.09153,-0.03156,4206,17,POSITIVE_GAMMA,OK
2026-08-18,DLR,2026-08-21,195.25,4.8311,200.0,187.5,195.08106667511547,61953.04,0.02433,-0.03969,-0.00087,5614,31,NEAR_FLIP,OK
2026-08-18,ET,2026-08-21,21.42,0.3586,,20.0,20.060842607913262,6027031.03,,-0.06629,-0.06345,50879,19,POSITIVE_GAMMA,OK
2026-08-18,CL,2026-08-21,91.46,2.1864,92.5,90.0,87.31456347656294,3399954.62,0.01137,-0.01596,-0.04533,13505,34,POSITIVE_GAMMA,OK
2026-08-18,HON,2026-08-21,227.71,6.31,230.0,,234.2568003275897,-5594643.09,0.01006,,0.02875,14762,39,NEGATIVE_GAMMA,OK
2026-08-18,SPG,2026-08-21,220.61,4.0811,230.0,220.0,221.96618041630467,-1060811.74,0.04256,-0.00277,0.00615,6922,18,NEAR_FLIP,OK
2026-08-18,DB,2026-08-21,38.09,0.6021,39.0,38.0,35.793646127428104,1405872.67,0.02389,-0.00236,-0.06029,13130,18,POSITIVE_GAMMA,OK
2026-08-18,CVNA,2026-08-21,65.0,4.1611,,,63.48367547954729,3778114.44,,,-0.02333,200614,44,NEAR_FLIP,OK
2026-08-18,NBIS,2026-08-21,248.43,27.2773,250.0,,214.77024181968673,37868520.48,0.00632,,-0.13549,213517,60,POSITIVE_GAMMA,OK
2026-08-18,URI,2026-08-21,1116.38,31.48,1180.0,1060.0,1130.5144201138207,-1820995.32,0.05699,-0.0505,0.01266,2890,87,NEAR_FLIP,OK
2026-08-18,NU,2026-08-21,14.35,0.6048,15.0,14.0,13.96372439573462,4109940.95,0.0453,-0.02439,-0.02692,352313,17,NEAR_FLIP,OK
2026-08-18,LITE,2026-08-21,873.31,89.7156,890.0,,943.2657874390286,-21975837.23,0.01911,,0.0801,55121,97,NEAR_FLIP,OK
2026-08-18,WBD,2026-08-21,28.48,0.5468,29.0,28.0,26.38364213917369,79501943.09,0.01826,-0.01685,-0.07361,489855,23,POSITIVE_GAMMA,OK
2026-08-18,B,2026-08-21,42.09,1.6786,,41.0,37.754469167792614,4123975.87,,-0.0259,-0.10301,61612,33,POSITIVE_GAMMA,OK
2026-08-18,TGT,2026-08-21,152.48,3.6214,,145.0,143.60355624810606,5843273.28,,-0.04906,-0.05821,46437,45,POSITIVE_GAMMA,OK
2026-08-18,AEP,2026-08-21,126.35,2.4468,130.0,125.0,128.60493293123835,-3853982.77,0.02889,-0.01068,0.01785,15147,14,NEAR_FLIP,OK
2026-08-18,TDG,2026-08-21,1233.78,38.4089,1240.0,1080.0,1249.3659648424352,-1747598.49,0.00504,-0.12464,0.01263,2928,52,NEAR_FLIP,OK
2026-08-18,APD,2026-08-21,303.23,6.92,,280.0,292.17915482243586,3344033.65,,-0.07661,-0.03644,5828,17,POSITIVE_GAMMA,OK
2026-08-18,PCAR,2026-08-21,128.02,3.3093,133.6,,124.76158609034773,635671.76,0.04359,,-0.02545,3639,29,NEAR_FLIP,OK
2026-08-18,RSG,2026-08-21,216.97,4.4914,220.0,,216.90244639238392,14160.15,0.01397,,-0.00031,2826,10,NEAR_FLIP,OK
2026-08-18,ALL,2026-08-21,261.15,7.2621,,260.0,266.6360082041299,-6566708.84,,-0.0044,0.02101,9241,17,NEAR_FLIP,OK
2026-08-18,MPWR,2026-08-21,1333.1801,87.7514,1400.0,1300.0,1348.408565980261,-1125015.59,0.05012,-0.02489,0.01142,4422,58,NEAR_FLIP,OK
2026-08-18,IMO,2026-08-21,135.7,3.2082,,100.0,117.21418609481042,1490522.28,,-0.26308,-0.13623,2554,13,POSITIVE_GAMMA,OK
2026-08-18,AJG,2026-08-21,248.36,8.2536,,,232.4844346562446,367795.78,,,-0.06392,3926,18,POSITIVE_GAMMA,OK
2026-08-18,TFC,2026-08-21,52.41,0.8243,52.5,,51.25272890812789,1979446.05,0.00172,,-0.02208,17125,11,POSITIVE_GAMMA,OK
2026-08-18,BKR,2026-08-21,64.44,1.4957,65.0,60.0,60.57973428723496,3962116.17,0.00869,-0.0689,-0.0599,16944,7,POSITIVE_GAMMA,LOW
2026-08-18,TRP,2026-08-21,64.02,1.5518,75.0,62.5,64.57227354729604,-301094.25,0.17151,-0.02374,0.00863,7470,15,NEAR_FLIP,OK
2026-08-18,TRGP,2026-08-21,297.77,nan,300.0,280.0,255.76659225868875,9598042.68,0.00749,-0.05968,-0.14106,5073,13,POSITIVE_GAMMA,OK
2026-08-18,TER,2026-08-21,404.29,29.6257,,,377.3946921962927,7447045.2,,,-0.06652,25784,70,NEAR_FLIP,OK
2026-08-18,CRH,2026-08-21,93.25,2.9352,100.0,,98.57066817055532,-1829628.12,0.07239,,0.05706,8649,34,NEGATIVE_GAMMA,OK
2026-08-18,FIX,2026-08-21,1739.08,102.0121,,,1746.9514101864027,-449870.69,,,0.00453,3818,67,NEAR_FLIP,OK
2026-08-18,BE,2026-08-21,209.01,25.1746,230.0,,208.8050203629072,269510.85,0.10043,,-0.00098,150246,44,NEAR_FLIP,OK
2026-08-18,MET,2026-08-21,96.73,1.7146,100.0,95.0,84.66730480331634,1813958.63,0.03381,-0.01788,-0.1247,8553,16,POSITIVE_GAMMA,OK
2026-08-18,GWW,2026-08-21,1314.12,31.7603,1350.0,,1273.781763588057,4249747.71,0.0273,,-0.0307,1457,44,POSITIVE_GAMMA,OK
2026-08-18,COHR,2026-08-21,306.43,38.8879,320.0,,346.8722960225072,-12000876.98,0.04428,,0.13198,42345,67,NEGATIVE_GAMMA,OK
2026-08-18,AFL,2026-08-21,121.73,2.0379,125.0,120.0,115.94118272467809,6899427.49,0.02686,-0.01421,-0.04755,12972,35,POSITIVE_GAMMA,OK
2026-08-18,OKE,2026-08-21,97.07,2.47,100.0,95.0,90.5560397396435,6357681.96,0.03018,-0.02132,-0.06711,20485,11,POSITIVE_GAMMA,OK
2026-08-18,TEL,2026-08-21,204.97,6.655,,200.0,203.41161963090974,712614.41,,-0.02425,-0.0076,19912,18,NEAR_FLIP,OK
2026-08-18,D,2026-08-21,68.61,1.2143,72.5,67.5,67.99499762836733,1052586.96,0.0567,-0.01618,-0.00896,11681,11,NEAR_FLIP,OK
2026-08-18,WPM,2026-08-21,132.7,5.1336,135.0,,113.46190428279813,1398939.02,0.01733,,-0.14497,11698,61,POSITIVE_GAMMA,OK
2026-08-18,COR,2026-08-21,316.13,10.1007,320.0,310.0,306.7799718264036,2163237.43,0.01224,-0.01939,-0.02958,3962,19,NEAR_FLIP,OK
2026-08-18,PSA,2026-08-21,323.1,7.3789,330.0,320.0,320.88239288836235,455141.2,0.02136,-0.00959,-0.00686,1698,14,NEAR_FLIP,OK
2026-08-18,MPLX,2026-08-21,59.36,1.1364,60.0,,57.67237934430356,3390810.4,0.01078,,-0.02843,6197,6,POSITIVE_GAMMA,LOW
2026-08-18,NUE,2026-08-21,264.19,7.2107,,,235.94879349857723,2282299.35,,,-0.1069,5756,18,POSITIVE_GAMMA,OK
2026-08-18,CVE,2026-08-21,32.52,1.0229,33.0,31.0,25.952403576178718,2297600.97,0.01476,-0.04674,-0.20196,25315,18,POSITIVE_GAMMA,OK
2026-08-18,OXY,2026-08-21,59.8,1.6529,60.0,,56.34934286097116,22283877.44,0.00334,,-0.0577,122907,38,POSITIVE_GAMMA,OK
2026-08-18,O,2026-08-21,62.21,1.1293,62.5,,63.53506032590299,-7369254.11,0.00466,,0.0213,29866,13,NEGATIVE_GAMMA,OK
2026-08-18,FAST,2026-08-21,51.27,1.1871,,50.0,44.98260537319705,2655680.23,,-0.02477,-0.12263,19386,11,POSITIVE_GAMMA,OK
2026-08-18,NKE,2026-08-21,40.06,1.2114,,40.0,41.05982805176291,-10865692.25,,-0.0015,0.02496,204473,36,NEAR_FLIP,OK
2026-08-18,CIEN,2026-08-21,405.54,33.4264,410.0,,430.37549171423825,-2447375.75,0.011,,0.06124,16834,66,NEAR_FLIP,OK
2026-08-18,FANG,2026-08-21,210.02,5.9121,220.0,200.0,204.96445539739094,1655419.29,0.04752,-0.04771,-0.02407,10382,18,NEAR_FLIP,OK
2026-08-18,KEYS,2026-08-21,341.0,13.2736,350.0,330.0,343.2736701280802,-133051.14,0.02639,-0.03226,0.00667,6280,21,NEAR_FLIP,OK
2026-08-18,GRMN,2026-08-21,297.44,7.9007,320.0,280.0,246.6363182023806,207514.27,0.07585,-0.05863,-0.1708,3837,15,POSITIVE_GAMMA,OK
2026-08-18,AME,2026-08-21,249.99,5.6207,250.0,,230.93679975002377,22013911.18,4e-05,,-0.07622,14765,17,POSITIVE_GAMMA,OK
2026-08-18,DAL,2026-08-21,85.7,2.2836,90.0,,87.4246444973246,-5059510.5,0.05018,,0.02012,54137,42,NEAR_FLIP,OK
2026-08-18,NXPI,2026-08-21,228.56,9.51,240.0,,252.3981631927593,-3510093.22,0.05005,,0.1043,14295,15,NEGATIVE_GAMMA,OK
2026-08-18,SRE,2026-08-21,87.18,1.5686,95.0,,87.27885326797396,-29812.33,0.0897,,0.00113,7819,10,NEAR_FLIP,OK
2026-08-18,LNG,2026-08-21,273.78,7.915,280.0,270.0,255.2942262484919,29106189.14,0.02272,-0.01381,-0.06752,19103,40,POSITIVE_GAMMA,OK
2026-08-18,F,2026-08-21,13.93,0.4164,14.0,,13.823816395268986,995277.7,0.00503,,-0.00762,182086,17,NEAR_FLIP,OK
2026-08-18,CAH,2026-08-21,234.98,6.9343,,227.5,231.50829503256566,1538968.4,,-0.03183,-0.01477,8582,35,NEAR_FLIP,OK
2026-08-18,NDAQ,2026-08-21,96.71,1.7864,100.0,93.0,94.9589083087065,556569.31,0.03402,-0.03836,-0.01811,6178,38,NEAR_FLIP,OK
2026-08-18,CRWV,2026-08-21,93.17,9.8454,100.0,90.0,89.88877359291033,7727227.43,0.07331,-0.03402,-0.03522,294715,65,NEAR_FLIP,OK
2026-08-18,STT,2026-08-21,191.87,3.6996,195.0,185.0,145.11188162488523,4081396.29,0.01631,-0.03581,-0.2437,6447,15,POSITIVE_GAMMA,OK
2026-08-18,DVN,2026-08-21,47.83,1.355,,47.5,41.47874888219342,15881650.44,,-0.0069,-0.13279,114682,37,POSITIVE_GAMMA,OK
2026-08-18,ADSK,2026-08-21,246.79,9.4343,,232.5,232.2661575378778,2888822.42,,-0.0579,-0.05885,7942,44,POSITIVE_GAMMA,OK
2026-08-18,PYPL,2026-08-21,60.43,1.4749,,60.0,56.937451120522326,23996544.95,,-0.00712,-0.05779,131672,35,POSITIVE_GAMMA,OK
2026-08-18,EW,2026-08-21,90.98,1.9446,92.5,75.0,86.00617768277573,1731031.75,0.01671,-0.17564,-0.05467,18438,17,POSITIVE_GAMMA,OK
2026-08-18,LHX,2026-08-21,279.54,9.1771,280.0,,280.8275919802012,-147395.25,0.00165,,0.00461,4211,38,NEAR_FLIP,OK
2026-08-18,FITB,2026-08-21,57.29,0.9557,,55.0,50.20209387161304,3704211.6,,-0.03997,-0.12372,21404,14,POSITIVE_GAMMA,OK
2026-08-18,CTVA,2026-08-21,77.91,2.5194,80.0,,63.77928551798354,113173.83,0.02683,,-0.18137,2003,8,POSITIVE_GAMMA,OK
2026-08-18,ALAB,2026-08-21,303.44,32.7253,,285.0,296.7070985075846,1992178.67,,-0.06077,-0.02219,31033,59,NEAR_FLIP,OK
2026-08-18,HONA,2026-08-21,160.76,12.1618,165.0,160.0,168.2947389833626,-1301991.19,0.02637,-0.00473,0.04687,5822,17,NEAR_FLIP,OK
2026-08-18,ETR,2026-08-21,108.08,2.2129,115.0,105.0,107.35104788424323,131853.51,0.06403,-0.0285,-0.00674,4300,10,NEAR_FLIP,OK
2026-08-18,CARR,2026-08-21,61.42,1.6233,63.0,57.0,64.6170513881474,-3506369.37,0.02572,-0.07196,0.05205,31956,34,NEGATIVE_GAMMA,OK
2026-08-18,WAB,2026-08-21,294.72,5.6089,300.0,,296.4640007722386,-35691.46,0.01792,,0.00592,819,15,NEAR_FLIP,OK
2026-08-18,AZO,2026-08-21,3073.2,78.1529,3100.0,,3029.335915720946,4524379.77,0.00872,,-0.01427,3356,59,NEAR_FLIP,OK
2026-08-18,BDX,2026-08-21,180.77,4.3504,,170.0,150.30118172476435,2152323.18,,-0.05958,-0.16855,6173,16,POSITIVE_GAMMA,OK
2026-08-18,AMP,2026-08-21,562.12,9.3229,,550.0,545.1593556486704,988288.94,,-0.02156,-0.03017,1125,21,POSITIVE_GAMMA,OK
2026-08-18,AU,2026-08-21,97.95,4.6621,,95.0,77.02506409688176,2131804.82,,-0.03012,-0.21363,12926,12,POSITIVE_GAMMA,OK
2026-08-18,XEL,2026-08-21,79.17,1.4664,80.0,,77.01801396791919,1613328.22,0.01048,,-0.02718,6277,9,POSITIVE_GAMMA,OK
2026-08-18,AXON,2026-08-21,619.85,40.1635,650.0,600.0,606.8917007073476,1147980.81,0.04864,-0.03202,-0.02091,4615,69,NEAR_FLIP,OK
2026-08-18,CBRS,2026-08-21,220.01,25.5714,230.0,200.0,222.2079625450049,-663749.22,0.04541,-0.09095,0.00999,41116,52,NEAR_FLIP,OK
2026-08-18,VST,2026-08-21,140.52,6.3159,155.0,140.0,145.4728367841147,-7830919.33,0.10305,-0.0037,0.03525,84516,43,NEAR_FLIP,OK
2026-08-18,XYZ,2026-08-21,79.43,2.6202,80.0,,77.58651556931419,5112803.56,0.00718,,-0.02321,82471,34,NEAR_FLIP,OK
2026-08-18,ROK,2026-08-21,433.67,14.825,440.0,410.0,439.4879222762015,-2025028.47,0.0146,-0.05458,0.01342,11184,26,NEAR_FLIP,OK
2026-08-18,VTR,2026-08-21,91.2,2.6614,92.5,90.0,75.59128637195451,1772269.09,0.01425,-0.01316,-0.17115,4644,17,POSITIVE_GAMMA,OK
2026-08-18,WDAY,2026-08-21,190.635,12.6043,200.0,190.0,191.57559573569552,-1149098.28,0.04913,-0.00333,0.00493,35975,50,NEAR_FLIP,OK
2026-08-18,CRDO,2026-08-21,245.97,23.6697,250.0,,234.62172102456984,2203594.76,0.01638,,-0.04614,32445,55,NEAR_FLIP,OK
2026-08-18,CCEP,2026-08-21,107.5,2.3929,,105.0,93.54227128805903,2962583.27,,-0.02326,-0.12984,4435,10,POSITIVE_GAMMA,OK
2026-08-18,EXC,2026-08-21,45.31,0.9618,47.0,,43.64929709984906,1119013.19,0.0373,,-0.03665,10237,13,POSITIVE_GAMMA,OK
2026-08-18,RKLB,2026-08-21,79.16,5.9266,85.0,,78.12792278456082,932738.05,0.07377,,-0.01304,102587,44,NEAR_FLIP,OK
2026-08-18,FERG,2026-08-21,244.47,8.6007,250.0,240.0,246.25764978860903,-527499.09,0.02262,-0.01828,0.00731,5944,17,NEAR_FLIP,OK
2026-08-18,HUM,2026-08-21,382.0,13.7446,410.0,370.0,271.24304543477194,-3414262.64,0.0733,-0.03141,-0.28994,14082,58,POSITIVE_GAMMA,OK
2026-08-18,TTWO,2026-08-21,242.4,8.6914,250.0,240.0,232.2896535580578,5348012.47,0.03135,-0.0099,-0.04171,39157,42,POSITIVE_GAMMA,OK
2026-08-18,EBAY,2026-08-21,102.27,3.9532,105.0,100.0,90.11034104214781,922659.49,0.02669,-0.0222,-0.1189,9722,38,POSITIVE_GAMMA,OK
2026-08-18,RVMD,2026-08-21,216.0,8.1404,220.0,170.0,196.4461076119957,1736510.76,0.01852,-0.21296,-0.09053,8859,17,POSITIVE_GAMMA,OK
2026-08-18,FNV,2026-08-21,232.96,7.8779,,,220.43905248816523,1215627.1,,,-0.05375,4945,18,POSITIVE_GAMMA,OK
2026-08-18,NTRA,2026-08-21,311.69,14.5481,,250.0,257.2950439699111,9310584.22,,-0.19792,-0.17452,14810,19,POSITIVE_GAMMA,OK
2026-08-18,FLEX,2026-08-21,120.24,7.4214,135.0,120.0,126.0961617090663,-4819295.97,0.12275,-0.002,0.0487,34529,15,NEAR_FLIP,OK
2026-08-18,MDLN,2026-08-21,34.12,1.955,37.5,,37.319411331468835,-899287.96,0.09906,,0.09377,13483,8,NEGATIVE_GAMMA,OK
2026-08-18,TRI,2026-08-21,100.89,5.9243,,,105.16284193154333,-225767.81,,,0.04235,5721,12,NEAR_FLIP,OK
2026-08-18,VIK,2026-08-21,98.29,3.4483,100.0,,103.81872963236705,-1139266.19,0.0174,,0.05625,15764,12,NEGATIVE_GAMMA,OK
2026-08-18,IDXX,2026-08-21,553.32,20.925,570.0,480.0,541.8949640636256,819406.85,0.03015,-0.13251,-0.02065,2434,27,NEAR_FLIP,OK
2026-08-18,CBRE,2026-08-21,147.3,4.3868,150.0,145.0,129.06306880395778,4128999.03,0.01833,-0.01561,-0.12381,7774,16,POSITIVE_GAMMA,OK
2026-08-18,ODFL,2026-08-21,208.0,7.5414,220.0,200.0,215.9656610664934,-869329.2,0.05769,-0.03846,0.0383,2947,18,NEGATIVE_GAMMA,OK
2026-08-18,PAYX,2026-08-21,119.93,3.6786,125.0,,107.40680821206163,2173887.0,0.04227,,-0.10442,8806,13,POSITIVE_GAMMA,OK
2026-08-18,PRU,2026-08-21,124.54,2.5588,125.0,120.0,121.87567614528038,3015882.89,0.00369,-0.03645,-0.02139,9271,15,POSITIVE_GAMMA,OK
2026-08-18,LYV,2026-08-21,179.84,5.0593,190.0,,,2365320.61,0.05649,,,8000,30,UNKNOWN,OK
2026-08-18,CMG,2026-08-21,33.36,1.5376,35.0,33.0,32.966374705948944,3823530.68,0.04916,-0.01079,-0.0118,187263,32,NEAR_FLIP,OK
2026-08-18,HEI,2026-08-21,368.01,8.7064,370.0,310.0,344.1399791510208,3270957.69,0.00541,-0.15763,-0.06486,3303,21,POSITIVE_GAMMA,OK
2026-08-18,WCN,2026-08-21,165.53,3.4921,175.0,165.0,168.6354819777565,-1847316.88,0.05721,-0.0032,0.01876,5841,15,NEAR_FLIP,OK
2026-08-18,A,2026-08-21,148.44,3.0293,150.0,,120.45884591778326,450529.47,0.01051,,-0.1885,6633,15,POSITIVE_GAMMA,OK
2026-08-18,KDP,2026-08-21,30.79,1.0907,31.0,29.0,22.10290656777313,2005548.91,0.00682,-0.05814,-0.28214,20686,17,POSITIVE_GAMMA,OK
2026-08-18,MCHP,2026-08-21,78.19,4.3593,79.0,77.5,78.35066914613128,-244079.12,0.01036,-0.00882,0.00205,52985,37,NEAR_FLIP,OK
2026-08-18,CCJ,2026-08-21,96.03,3.7271,100.0,95.0,96.50214272157604,-507996.39,0.04134,-0.01073,0.00492,88034,40,NEAR_FLIP,OK
2026-08-18,DHI,2026-08-21,145.68,4.4979,150.0,145.0,149.0144733687451,-913267.48,0.02965,-0.00467,0.02289,8973,36,NEAR_FLIP,OK
2026-08-18,MSCI,2026-08-21,562.77,13.3839,570.0,560.0,583.4923268164908,-5204617.01,0.01285,-0.00492,0.03682,4847,34,NEGATIVE_GAMMA,OK
2026-08-18,TEAM,2026-08-21,163.0,9.95,165.0,160.0,139.59072370020024,5915875.66,0.01227,-0.0184,-0.14362,20226,46,POSITIVE_GAMMA,OK
2026-08-18,NTAP,2026-08-21,204.71,7.6003,,195.0,153.07833442225828,2876009.11,,-0.04743,-0.25222,11940,17,POSITIVE_GAMMA,OK
2026-08-18,IQV,2026-08-21,240.03,7.8764,,230.0,195.57946413142318,3149217.88,,-0.04179,-0.18519,9221,15,POSITIVE_GAMMA,OK
2026-08-18,AIG,2026-08-21,76.12,1.5379,84.0,75.0,75.56359203391393,421223.27,0.10352,-0.01471,-0.00731,13747,35,NEAR_FLIP,OK
2026-08-18,RKT,2026-08-21,13.99,0.7768,14.0,13.5,13.467780909840709,1991027.32,0.00071,-0.03503,-0.03733,119200,17,NEAR_FLIP,OK
2026-08-18,ED,2026-08-21,109.16,1.9786,110.0,,106.27711182359008,3253890.44,0.0077,,-0.02641,5585,14,POSITIVE_GAMMA,OK
2026-08-18,YUM,2026-08-21,144.86,5.0493,150.0,,153.29714013030699,-3323029.3,0.03548,,0.05824,5457,15,NEGATIVE_GAMMA,OK
2026-08-18,VEEV,2026-08-21,242.75,9.0025,250.0,240.0,,1770523.77,0.02987,-0.01133,,5629,15,UNKNOWN,OK
2026-08-18,WAT,2026-08-21,401.25,11.6557,410.0,380.0,396.74778366932685,266172.29,0.02181,-0.05296,-0.01122,2065,20,NEAR_FLIP,OK
2026-08-18,SYY,2026-08-21,81.96,1.985,85.0,80.0,77.46824737438052,6537469.5,0.03709,-0.02391,-0.0548,18865,17,POSITIVE_GAMMA,OK
2026-08-18,PCG,2026-08-21,17.82,0.5121,18.0,17.0,15.658520794931526,10706902.71,0.0101,-0.04602,-0.1213,133041,22,POSITIVE_GAMMA,OK
2026-08-18,ADM,2026-08-21,82.45,2.2739,82.5,80.0,76.23538297120673,3808867.24,0.00061,-0.02971,-0.07537,15096,16,POSITIVE_GAMMA,OK
2026-08-18,ROP,2026-08-21,394.17,11.8336,,,305.1548664158326,1346631.36,,,-0.22583,2456,22,POSITIVE_GAMMA,OK
2026-08-18,UAL,2026-08-21,118.72,4.0807,120.0,,117.27587481823248,1503054.24,0.01078,,-0.01216,45056,49,NEAR_FLIP,OK
2026-08-18,EXPE,2026-08-21,321.42,13.3893,,317.5,328.82455831199127,-791957.68,,-0.0122,0.02304,9630,54,NEAR_FLIP,OK
2026-08-18,COIN,2026-08-21,146.23,7.8614,150.0,140.0,144.10804457271024,9752419.66,0.02578,-0.0426,-0.01451,158786,35,NEAR_FLIP,OK
2026-08-18,P,2026-08-21,117.06,5.9578,,,,5231190.14,,,,21901,14,UNKNOWN,OK
2026-08-18,PEG,2026-08-21,75.6,1.3161,77.5,75.0,75.60495884577502,-4208.66,0.02513,-0.00794,7e-05,9409,15,NEAR_FLIP,OK
2026-08-18,IRM,2026-08-21,126.67,4.3039,130.0,120.0,126.1378165851868,156428.2,0.02629,-0.05266,-0.0042,5081,37,NEAR_FLIP,OK
2026-08-18,CCL,2026-08-21,27.27,0.8514,,27.0,27.751657713903892,-1613744.16,,-0.0099,0.01766,101306,27,NEAR_FLIP,OK
2026-08-18,HIG,2026-08-21,138.96,2.5607,145.0,135.0,97.60916179676636,1513248.15,0.04347,-0.0285,-0.29757,4160,11,POSITIVE_GAMMA,OK
2026-08-18,STRC,2026-08-21,94.01,1.5346,95.0,,90.04097175969109,7175140.26,0.01053,,-0.04222,16684,9,POSITIVE_GAMMA,OK
2026-08-18,STRD,2026-08-21,68.42,1.779,70.0,,59.51704924036714,64341.48,0.02309,,-0.13012,1243,8,POSITIVE_GAMMA,OK
2026-08-18,TKO,2026-08-21,192.11,5.7204,200.0,,185.73548774680316,752318.79,0.04107,,-0.03318,2542,18,POSITIVE_GAMMA,OK
2026-08-18,ALC,2026-08-21,73.55,1.7804,75.0,72.5,70.19426114891674,3698430.55,0.01971,-0.01428,-0.04563,10674,16,POSITIVE_GAMMA,OK
2026-08-18,HSY,2026-08-21,183.45,3.7682,185.0,,179.59528975577183,2362826.01,0.00845,,-0.02101,7209,31,POSITIVE_GAMMA,OK
2026-08-18,JBL,2026-08-21,338.62,17.0243,,,335.85991389867905,352517.11,,,-0.00815,7561,60,NEAR_FLIP,OK
2026-08-18,MTB,2026-08-21,251.5,3.66,260.0,250.0,234.70346183648527,1237541.41,0.0338,-0.00596,-0.06679,1446,11,POSITIVE_GAMMA,OK
2026-08-18,EME,2026-08-21,824.53,36.3514,830.0,820.0,786.8500509201958,817091.95,0.00663,-0.00549,-0.0457,1263,45,POSITIVE_GAMMA,OK
2026-08-18,MSTR,2026-08-21,92.52,5.0457,95.0,90.0,89.21928885514662,39945047.85,0.02681,-0.02724,-0.03568,430554,45,NEAR_FLIP,OK
2026-08-18,CLS,2026-08-21,310.59,26.6814,315.0,300.0,312.6922512551694,-767134.32,0.0142,-0.0341,0.00677,21105,55,NEAR_FLIP,OK
2026-08-18,KVUE,2026-08-21,18.8,0.4904,19.0,,18.237834869492758,763102.5,0.01064,,-0.0299,13975,16,POSITIVE_GAMMA,OK
2026-08-18,KMB,2026-08-21,107.72,3.2414,110.0,,104.78034311287773,4677997.16,0.02117,,-0.02729,21670,37,NEAR_FLIP,OK
2026-08-18,ESLT,2026-08-21,795.71,26.9886,830.0,,781.8521620719993,485039.37,0.04309,,-0.01742,1870,44,NEAR_FLIP,OK
2026-08-18,WEC,2026-08-21,111.05,1.9279,,110.0,102.60688279328596,2500133.16,,-0.00946,-0.07603,4179,14,POSITIVE_GAMMA,OK
2026-08-18,TWLO,2026-08-21,232.1,14.5002,,220.0,211.52026661193494,5807765.05,,-0.05213,-0.08867,20799,50,POSITIVE_GAMMA,OK
2026-08-18,HBAN,2026-08-21,17.66,0.2996,18.0,17.0,16.318277657996227,636076.15,0.01925,-0.03737,-0.07598,15039,10,POSITIVE_GAMMA,OK
2026-08-18,STLD,2026-08-21,249.81,8.025,250.0,,224.16519469785234,6171684.95,0.00076,,-0.10266,8445,18,POSITIVE_GAMMA,OK
2026-08-18,VMC,2026-08-21,271.65,7.5389,280.0,270.0,282.42695584986035,-771041.54,0.03074,-0.00607,0.03967,2202,16,NEGATIVE_GAMMA,OK
2026-08-18,VG,2026-08-21,14.2,0.7493,,12.5,10.983071538892052,7401592.93,,-0.11972,-0.22654,169185,17,POSITIVE_GAMMA,OK
2026-08-18,MDB,2026-08-21,434.62,21.7974,,,,6377731.22,,,,24860,73,UNKNOWN,OK
2026-08-18,QSR,2026-08-21,76.56,1.7327,77.5,75.0,64.7635164246288,4653645.47,0.01228,-0.02038,-0.15408,9948,13,POSITIVE_GAMMA,OK
2026-08-18,KR,2026-08-21,56.34,1.3171,57.0,55.0,55.615818424214545,5180540.94,0.01171,-0.02378,-0.01285,42579,31,NEAR_FLIP,OK
2026-08-18,NTRS,2026-08-21,190.58,3.4807,,170.0,181.22968329101684,1758715.7,,-0.10799,-0.04906,2006,14,POSITIVE_GAMMA,OK
2026-08-18,RJF,2026-08-21,179.3,3.1214,,160.0,155.07570120228382,2206230.2,,-0.10764,-0.1351,3402,15,POSITIVE_GAMMA,OK
2026-08-18,RPRX,2026-08-21,59.69,1.4198,60.0,55.0,56.251525697177655,1163638.7,0.00519,-0.07857,-0.05761,2271,8,POSITIVE_GAMMA,OK
2026-08-18,DXCM,2026-08-21,89.6,3.1521,90.0,89.0,75.90399730269013,2500755.9,0.00446,-0.0067,-0.15286,19255,38,POSITIVE_GAMMA,OK
2026-08-18,ACGL,2026-08-21,98.91,2.0532,105.0,,96.56724140279992,191116.63,0.06157,,-0.02369,1821,11,POSITIVE_GAMMA,OK
2026-08-18,EQT,2026-08-21,53.14,1.2971,,53.0,51.665711181293865,5297303.11,,-0.00263,-0.02774,63056,31,POSITIVE_GAMMA,OK
2026-08-18,SUNB,2026-08-21,78.8,2.9585,80.0,70.0,74.58871909911257,900462.3,0.01523,-0.11168,-0.05344,2825,9,POSITIVE_GAMMA,OK
2026-08-18,CQP,2026-08-21,68.72,2.3057,70.0,60.0,55.51450360203938,55392.61,0.01863,-0.12689,-0.19216,187,6,POSITIVE_GAMMA,LOW
2026-08-18,NTR,2026-08-21,69.4,1.8291,,57.5,64.77473120565362,3740580.15,,-0.17147,-0.06665,25662,33,POSITIVE_GAMMA,OK
2026-08-18,GEHC,2026-08-21,72.63,1.8014,75.0,72.0,58.78381053735716,2606980.35,0.03263,-0.00867,-0.19064,13167,35,POSITIVE_GAMMA,OK
2026-08-18,KGC,2026-08-21,27.12,1.0493,,27.0,25.069926944915846,306110.07,,-0.00442,-0.07559,31906,27,POSITIVE_GAMMA,OK
2026-08-18,CNC,2026-08-21,65.22,2.5914,,65.0,63.42638740229542,855508.7,,-0.00337,-0.0275,17433,34,NEAR_FLIP,OK
2026-08-18,CASY,2026-08-21,855.0,24.8282,860.0,850.0,817.2736191685959,2414306.81,0.00585,-0.00585,-0.04412,4061,46,POSITIVE_GAMMA,OK
2026-08-18,RMD,2026-08-21,219.98,7.7993,220.0,,212.23081184463794,4736873.74,9e-05,,-0.03523,10025,18,NEAR_FLIP,OK
2026-08-18,MLM,2026-08-21,522.81,15.7193,560.0,,470.7414772069843,41005.71,0.07113,,-0.09959,1059,28,POSITIVE_GAMMA,OK
2026-08-18,CCI,2026-08-21,74.03,2.5368,77.5,,74.55258963278382,-242121.6,0.04687,,0.00706,13468,14,NEAR_FLIP,OK
2026-08-18,IR,2026-08-21,80.77,2.6854,85.0,80.0,82.77678471600436,-87927.92,0.05237,-0.00953,0.02485,922,9,NEAR_FLIP,OK
2026-08-18,ARES,2026-08-21,140.31,5.7518,145.0,140.0,107.99906239477905,9330542.81,0.03343,-0.00221,-0.23028,20343,49,POSITIVE_GAMMA,OK
2026-08-18,BIIB,2026-08-21,212.55,6.3525,220.0,202.5,176.61028191306534,1003205.72,0.03505,-0.04728,-0.16909,3423,34,POSITIVE_GAMMA,OK
2026-08-18,EXR,2026-08-21,146.92,2.8386,150.0,,146.97423450233057,-5616.14,0.02096,,0.00037,1202,14,NEAR_FLIP,OK
2026-08-18,TECK,2026-08-21,63.91,2.4629,65.0,55.0,59.80177090861351,2679217.07,0.01706,-0.13941,-0.06428,17853,28,POSITIVE_GAMMA,OK
2026-08-18,CFG,2026-08-21,73.46,1.3425,75.0,72.5,61.12700781563794,3614623.61,0.02096,-0.01307,-0.16789,9201,14,POSITIVE_GAMMA,OK
2026-08-18,RDDT,2026-08-21,158.25,12.783,165.0,,159.66390721148656,-1433090.07,0.04265,,0.00893,78500,38,NEAR_FLIP,OK
2026-08-18,ZM,2026-08-21,104.71,3.7361,105.0,,92.22378535180967,2848176.76,0.00277,,-0.11925,38100,52,POSITIVE_GAMMA,OK
2026-08-18,TDY,2026-08-21,665.0,15.2443,680.0,600.0,675.9592205834207,-325086.71,0.02256,-0.09774,0.01648,1073,32,NEAR_FLIP,OK
2026-08-18,FTI,2026-08-21,78.29,2.5864,80.0,65.0,72.99293945541194,450456.77,0.02184,-0.16975,-0.06766,1690,9,POSITIVE_GAMMA,OK
2026-08-18,EL,2026-08-21,84.27,2.3432,90.0,75.0,83.35971741835812,181914.53,0.068,-0.11,-0.0108,13889,35,NEAR_FLIP,OK
2026-08-18,WTW,2026-08-21,327.9,8.8871,330.0,320.0,328.7203394710943,-2392.76,0.0064,-0.02409,0.0025,138,14,NEAR_FLIP,LOW
2026-08-18,ATI,2026-08-21,226.46,10.7343,,,188.3335971942848,1120682.47,,,-0.16836,5995,18,POSITIVE_GAMMA,OK
2026-08-18,ON,2026-08-21,79.42,4.0983,86.0,,85.5932886348083,-4963840.35,0.08285,,0.07773,41978,34,NEGATIVE_GAMMA,OK
2026-08-18,AEE,2026-08-21,109.67,1.9764,110.0,,85.66811751091568,369131.83,0.00301,,-0.21886,870,7,POSITIVE_GAMMA,LOW
2026-08-18,ZTS,2026-08-21,73.96,3.2807,75.0,,73.48358290682675,614074.93,0.01406,,-0.00644,31731,9,NEAR_FLIP,OK
2026-08-18,ZS,2026-08-21,185.7,7.8266,190.0,185.0,156.6509021228941,8514528.01,0.02316,-0.00377,-0.15643,40264,46,POSITIVE_GAMMA,OK
2026-08-18,ALNY,2026-08-21,228.61,14.965,230.0,220.0,218.27159327648928,1056096.45,0.00608,-0.03766,-0.04522,5361,16,NEAR_FLIP,OK
2026-08-18,CPRT,2026-08-21,31.51,1.0836,32.5,30.0,27.662424878235917,495035.42,0.03142,-0.04792,-0.12211,25282,8,POSITIVE_GAMMA,OK
2026-08-18,LVS,2026-08-21,45.47,1.2086,47.5,45.0,46.042606966053725,-656214.63,0.04464,-0.01034,0.01259,17380,36,NEAR_FLIP,OK
2026-08-18,KHC,2026-08-21,24.82,0.7953,25.0,24.0,24.63846519894627,1641902.36,0.00725,-0.03304,-0.00731,92430,26,NEAR_FLIP,OK
2026-08-18,BAP,2026-08-21,368.44,12.9886,,340.0,312.98987683084374,3337429.82,,-0.07719,-0.1505,2858,20,POSITIVE_GAMMA,OK
2026-08-18,DTE,2026-08-21,140.21,2.4671,145.0,140.0,137.0427329693486,236302.01,0.03416,-0.0015,-0.02259,1370,9,POSITIVE_GAMMA,OK
2026-08-18,LPLA,2026-08-21,368.73,9.3904,400.0,360.0,346.72289335088163,2352750.09,0.0848,-0.02368,-0.05968,3513,15,POSITIVE_GAMMA,OK
2026-08-18,HAL,2026-08-21,34.66,0.9114,35.0,32.0,34.399196363050955,488052.03,0.00981,-0.07675,-0.00752,38442,35,NEAR_FLIP,OK
2026-08-18,FTS,2026-08-21,56.47,0.8114,,55.0,57.82231560306542,-31170.54,,-0.02603,0.02395,375,6,NEGATIVE_GAMMA,LOW
2026-08-18,ATO,2026-08-21,170.51,2.8307,175.0,,156.82530051642934,978910.21,0.02633,,-0.08026,736,9,POSITIVE_GAMMA,OK
2026-08-18,VICI,2026-08-21,25.91,0.4907,27.5,25.0,20.891358657877,-16229.78,0.06137,-0.03512,-0.1937,12473,6,POSITIVE_GAMMA,LOW
2026-08-18,PBA,2026-08-21,49.36,0.9179,50.0,,40.10033750630266,943627.76,0.01297,,-0.18759,7838,5,POSITIVE_GAMMA,LOW
2026-08-18,ILMN,2026-08-21,188.29,7.2664,200.0,,195.23147482906163,-1102133.35,0.06219,,0.03687,4359,18,NEAR_FLIP,OK
2026-08-18,WSM,2026-08-21,241.39,6.5757,250.0,240.0,239.954721278841,410557.1,0.03567,-0.00576,-0.00595,11413,18,NEAR_FLIP,OK
2026-08-18,MTD,2026-08-21,1399.67,33.8379,1440.0,1380.0,1347.9470463832788,686931.79,0.02881,-0.01405,-0.03695,216,30,POSITIVE_GAMMA,LOW
2026-08-18,CPNG,2026-08-21,15.58,0.5776,16.0,15.0,15.465620672681219,300968.18,0.02696,-0.03723,-0.00734,73868,19,NEAR_FLIP,OK
2026-08-18,FISV,2026-08-21,51.72,2.4436,55.0,50.0,52.566298221904916,-1097921.48,0.06342,-0.03326,0.01636,33182,33,NEAR_FLIP,OK
2026-08-18,EIX,2026-08-21,73.69,2.5314,,72.5,67.50845125129405,2315160.63,,-0.01615,-0.08389,24246,15,POSITIVE_GAMMA,OK
2026-08-18,Q,2026-08-21,133.58,7.1257,140.0,,138.19723217749177,-1559645.85,0.04806,,0.03457,16774,16,NEAR_FLIP,OK
2026-08-18,FOXA,2026-08-21,69.03,2.1443,,65.0,50.51637063779901,580378.54,,-0.05838,-0.2682,12493,7,POSITIVE_GAMMA,LOW
2026-08-18,FE,2026-08-21,47.26,0.8789,49.0,,46.14532149501644,221987.15,0.03682,,-0.02359,2855,13,POSITIVE_GAMMA,OK
2026-08-18,FOX,2026-08-21,61.23,1.7601,,60.0,,12260.31,,-0.02009,,409,5,UNKNOWN,LOW
2026-08-18,INSM,2026-08-21,128.46,6.9436,130.0,,120.49987862389978,9248079.62,0.01199,,-0.06197,37467,18,POSITIVE_GAMMA,OK
2026-08-18,TSEM,2026-08-21,240.55,24.3164,,240.0,188.5238989588767,-3498381.53,,-0.00229,-0.21628,13946,45,POSITIVE_GAMMA,OK
2026-08-18,GFS,2026-08-21,49.9,3.2758,55.0,,52.992072941681975,-764684.86,0.1022,,0.06197,17306,6,NEAR_FLIP,LOW
2026-08-18,HPQ,2026-08-21,29.96,1.4704,30.0,,24.795937281994952,1447609.19,0.00134,,-0.17237,82557,31,POSITIVE_GAMMA,OK
2026-08-18,RBLX,2026-08-21,37.67,2.8982,40.0,,37.67520391183635,-5258.36,0.06185,,0.00014,43888,37,NEAR_FLIP,OK
2026-08-18,DOV,2026-08-21,203.06,3.8693,210.0,,221.8864741420284,-1171923.69,0.03418,,0.09271,3072,13,NEGATIVE_GAMMA,OK
2026-08-18,PPL,2026-08-21,35.62,0.6589,37.0,35.0,34.065032565290124,2016777.56,0.03874,-0.01741,-0.04365,15594,17,POSITIVE_GAMMA,OK
2026-08-18,ES,2026-08-21,72.22,1.4357,75.0,70.0,69.66848864217391,925788.75,0.03849,-0.03074,-0.03533,3347,7,POSITIVE_GAMMA,LOW
2026-08-18,AWK,2026-08-21,136.27,3.4121,140.0,135.0,136.463318069722,-278197.11,0.02737,-0.00932,0.00142,5530,13,NEAR_FLIP,OK
2026-08-18,OTIS,2026-08-21,70.35,1.5389,75.0,70.0,71.53721891003521,-567989.42,0.0661,-0.00498,0.01688,4178,12,NEAR_FLIP,OK
2026-08-18,DG,2026-08-21,120.84,3.3979,125.0,119.0,122.9418296620202,-1375525.89,0.03443,-0.01523,0.01739,17461,45,NEAR_FLIP,OK
2026-08-18,RF,2026-08-21,31.7,0.4893,32.0,30.0,30.207927736135687,1502760.24,0.00946,-0.05363,-0.04707,11916,17,POSITIVE_GAMMA,OK
2026-08-18,CPAY,2026-08-21,406.82,11.7196,,400.0,337.81277358127346,201768.31,,-0.01676,-0.16963,1336,18,POSITIVE_GAMMA,OK
2026-08-18,NVT,2026-08-21,164.63,9.1046,165.0,,150.58539577927075,2581412.85,0.00225,,-0.08531,12536,18,POSITIVE_GAMMA,OK
2026-08-18,CNP,2026-08-21,40.54,0.8554,42.0,40.0,38.386633208211336,1176206.35,0.03601,-0.01332,-0.05312,10464,20,POSITIVE_GAMMA,OK
2026-08-18,TPR,2026-08-21,132.26,6.3629,134.0,130.0,145.54401889970174,-2667865.05,0.01316,-0.01709,0.10044,13690,38,NEGATIVE_GAMMA,OK
2026-08-18,XYL,2026-08-21,113.94,3.2307,125.0,,114.11401351433412,-54802.61,0.09707,,0.00153,6380,12,NEAR_FLIP,OK
2026-08-18,LH,2026-08-21,322.18,8.0286,,300.0,231.5375620296273,230998.59,,-0.06884,-0.28134,2012,14,POSITIVE_GAMMA,OK
2026-08-18,CINF,2026-08-21,171.35,3.74,180.0,,170.2015889324483,206235.03,0.05048,,-0.0067,3705,18,NEAR_FLIP,OK
2026-08-18,SYF,2026-08-21,80.58,1.6299,82.5,77.5,72.73534348850991,3965633.33,0.02383,-0.03822,-0.09735,10277,14,POSITIVE_GAMMA,OK
2026-08-18,WRB,2026-08-21,70.17,1.405,72.0,67.0,71.39781697324369,-123057.55,0.02608,-0.04518,0.0175,1404,11,NEAR_FLIP,OK
2026-08-18,DGX,2026-08-21,236.25,4.1964,,230.0,219.39990542409456,1278827.17,,-0.02646,-0.07132,9396,14,POSITIVE_GAMMA,OK
2026-08-18,ECHO,2026-08-21,90.0,3.9921,,85.0,91.59025264621567,-1456235.2,,-0.05556,0.01767,46033,31,NEAR_FLIP,OK
2026-08-18,JBHT,2026-08-21,274.19,8.1029,,270.0,273.74980183761363,45348.22,,-0.01528,-0.00161,4303,17,NEAR_FLIP,OK
2026-08-18,CTSH,2026-08-21,57.78,2.5479,,55.0,52.069593148892395,710515.54,,-0.04811,-0.09883,10672,11,POSITIVE_GAMMA,OK
2026-08-18,CRS,2026-08-21,531.96,27.5136,550.0,520.0,525.8304688754987,628291.02,0.03391,-0.02248,-0.01152,5512,32,NEAR_FLIP,OK
2026-08-18,ROIV,2026-08-21,37.37,1.4168,,30.0,46.88850788751887,359720.62,,-0.19722,0.25471,7708,14,NEGATIVE_GAMMA,OK
2026-08-18,HUBB,2026-08-21,483.86,15.2284,490.0,,445.15970986484257,1726430.83,0.01269,,-0.07998,2465,27,POSITIVE_GAMMA,OK
2026-08-18,ASTS,2026-08-21,67.07,5.3632,70.0,,71.32398248204686,-4758957.79,0.04369,,0.06343,130775,36,NEAR_FLIP,OK
2026-08-18,DRI,2026-08-21,218.86,5.7671,220.0,210.0,209.2909443685393,2307908.53,0.00521,-0.04048,-0.04372,6174,17,POSITIVE_GAMMA,OK
2026-08-18,FWONK,2026-08-21,102.02,2.7646,,75.0,90.25810306721657,5340481.05,,-0.26485,-0.11529,7545,9,POSITIVE_GAMMA,OK
2026-08-18,CW,2026-08-21,695.67,28.1179,750.0,,670.0267028496221,593644.01,0.0781,,-0.03686,1021,33,NEAR_FLIP,OK
2026-08-18,NRG,2026-08-21,115.56,7.61,118.0,115.0,110.58384898414698,1235406.2,0.02111,-0.00485,-0.04306,19459,44,NEAR_FLIP,OK
2026-08-18,SN,2026-08-21,182.82,7.0743,185.0,180.0,173.7457914197837,2656306.0,0.01192,-0.01543,-0.04963,9594,16,POSITIVE_GAMMA,OK
2026-08-18,DLTR,2026-08-21,130.48,3.2382,,130.0,103.38408803608279,-921905.37,,-0.00368,-0.20766,15620,47,POSITIVE_GAMMA,OK
2026-08-18,MRNA,2026-08-21,62.96,3.7616,65.0,,59.85380132277229,8322088.27,0.0324,,-0.04934,109216,32,NEAR_FLIP,OK
2026-08-18,AFRM,2026-08-21,73.56,3.6664,75.0,,76.06436860770101,-2200251.73,0.01958,,0.03405,37644,42,NEAR_FLIP,OK
2026-08-18,BSP,2026-08-21,38.75,5.2332,40.0,35.0,43.80106894054166,-93826.06,0.03226,-0.09677,0.13035,3490,5,NEAR_FLIP,LOW
2026-08-18,PPG,2026-08-21,112.81,2.7479,115.0,110.0,106.70950744222739,1517758.21,0.01941,-0.02491,-0.05408,5127,34,POSITIVE_GAMMA,OK
2026-08-18,VRSN,2026-08-21,276.74,8.9093,280.0,,278.5747816785092,-170303.85,0.01178,,0.00663,4670,16,NEAR_FLIP,OK
2026-08-18,INCY,2026-08-21,123.47,3.5743,125.0,120.0,115.40866630027107,1243221.61,0.01239,-0.0281,-0.06529,3849,11,POSITIVE_GAMMA,OK
2026-08-18,FCNCA,2026-08-21,2207.6699,45.1882,,2120.0,2087.091913365226,2182027.93,,-0.03971,-0.05462,905,51,POSITIVE_GAMMA,OK
2026-08-18,TW,2026-08-21,105.47,3.2075,110.0,105.0,106.06763095510746,-12365.99,0.04295,-0.00446,0.00567,379,10,NEAR_FLIP,LOW
2026-08-18,OKTA,2026-08-21,143.92,6.5364,150.0,140.0,141.50821570364633,765775.41,0.04225,-0.02724,-0.01676,18545,42,NEAR_FLIP,OK
2026-08-18,TPL,2026-08-21,365.36,18.8215,380.0,,357.8122678262577,329068.34,0.04007,,-0.02066,3579,21,NEAR_FLIP,OK
2026-08-18,SW,2026-08-21,47.3,1.5746,50.0,,45.80928247642428,81612.1,0.05708,,-0.03152,5160,6,NEAR_FLIP,LOW
2026-08-18,AMRZ,2026-08-21,44.63,1.5918,50.0,,,-280022.52,0.12032,,,2981,10,UNKNOWN,OK
2026-08-18,WST,2026-08-21,346.59,6.7257,360.0,,336.3326915526877,697503.42,0.03869,,-0.02959,1299,20,POSITIVE_GAMMA,OK
2026-08-18,KEY,2026-08-21,22.79,0.4014,23.0,,22.394364905254,608380.65,0.00921,,-0.01736,15647,12,NEAR_FLIP,OK
2026-08-18,GPN,2026-08-21,90.37,3.4142,,85.0,85.3202249199227,3541356.57,,-0.05942,-0.05588,22948,13,POSITIVE_GAMMA,OK
2026-08-18,SYM,2026-08-21,40.46,2.3798,,,42.68800958818998,-478812.35,,,0.05507,17176,39,NEAR_FLIP,OK
2026-08-18,EXPD,2026-08-21,185.95,5.3318,,180.0,141.76900496539778,723160.53,,-0.032,-0.2376,4081,16,POSITIVE_GAMMA,OK
2026-08-18,PFG,2026-08-21,113.14,2.08,115.0,110.0,106.38107183013456,473399.88,0.01644,-0.02775,-0.05974,1951,8,POSITIVE_GAMMA,OK
2026-08-18,XPO,2026-08-21,202.72,6.8557,,200.0,209.61802855321227,-928482.85,,-0.01342,0.03403,4175,17,NEGATIVE_GAMMA,OK
2026-08-18,SMCI,2026-08-21,37.41,2.525,40.0,,26.297733178055957,14044854.1,0.06923,,-0.29704,361079,32,POSITIVE_GAMMA,OK
2026-08-18,OMC,2026-08-21,86.31,2.8036,87.5,,78.51671706164765,1282758.46,0.01379,,-0.09029,6562,15,POSITIVE_GAMMA,OK
2026-08-18,PHM,2026-08-21,126.05,3.7936,133.0,,131.4092491833941,-1049088.53,0.05514,,0.04252,6393,38,NEGATIVE_GAMMA,OK
2026-08-18,VLTO,2026-08-21,96.07,2.3914,100.0,95.0,94.31974324440593,92876.12,0.04091,-0.01114,-0.01822,2016,9,NEAR_FLIP,OK
2026-08-18,FSLR,2026-08-21,220.01,15.0964,230.0,220.0,227.73676567799836,-7522534.5,0.04541,-5e-05,0.03512,49515,46,NEAR_FLIP,OK
2026-08-18,BRO,2026-08-21,69.37,2.0307,75.0,65.0,62.88412157097642,1264036.45,0.08116,-0.063,-0.0935,7477,8,POSITIVE_GAMMA,OK
2026-08-18,TROW,2026-08-21,110.32,2.6802,115.0,110.0,113.59300068007703,-2030083.39,0.04242,-0.0029,0.02967,6737,12,NEGATIVE_GAMMA,OK
2026-08-18,ROKU,2026-08-21,157.78,2.1741,160.0,157.5,137.4066338828066,1695885.01,0.01407,-0.00177,-0.12913,4274,34,POSITIVE_GAMMA,OK
2026-08-18,VRSK,2026-08-21,178.86,7.7536,185.0,,180.31530959803004,-45342.78,0.03433,,0.00814,1463,15,NEAR_FLIP,OK
2026-08-18,USFD,2026-08-21,106.91,3.3521,115.0,100.0,103.87074396334776,1942528.34,0.07567,-0.06463,-0.02843,11218,14,NEAR_FLIP,OK
2026-08-18,FICO,2026-08-21,1078.12,64.2979,1100.0,,1049.0203144817456,1492157.46,0.02029,,-0.02699,6588,60,NEAR_FLIP,OK
2026-08-18,CHD,2026-08-21,99.13,2.5375,100.0,,94.05118413839294,979275.43,0.00878,,-0.05123,1755,11,POSITIVE_GAMMA,OK
2026-08-18,IOT,2026-08-21,39.58,2.1261,40.0,,34.39438115791108,2802363.64,0.01061,,-0.13102,30515,36,POSITIVE_GAMMA,OK
2026-08-18,ARXS,2026-08-21,56.56,3.7314,,55.0,,23927.96,,-0.02758,,231,6,UNKNOWN,LOW
2026-08-18,MTZ,2026-08-21,280.13,20.3307,290.0,280.0,222.4938223845489,9692764.19,0.03523,-0.00046,-0.20575,16465,17,POSITIVE_GAMMA,OK
2026-08-18,AER,2026-08-21,149.62,3.4986,150.0,,156.4251057512664,-2838917.02,0.00254,,0.04548,3449,14,NEGATIVE_GAMMA,OK
2026-08-18,ENTG,2026-08-21,150.265,10.3093,,150.0,113.69722574377255,4478327.83,,-0.00176,-0.24336,15715,18,POSITIVE_GAMMA,OK
2026-08-18,SOFI,2026-08-21,17.66,0.7424,18.0,,17.0455059481944,7154769.57,0.01925,,-0.0348,436923,21,NEAR_FLIP,OK
2026-08-18,L,2026-08-21,112.45,2.0779,,110.0,100.26623210160396,6797.05,,-0.02179,-0.10835,179,10,POSITIVE_GAMMA,LOW
2026-08-18,MTSI,2026-08-21,292.875,21.2336,310.0,280.0,262.45323674837965,2364943.58,0.05847,-0.04396,-0.10387,9951,18,POSITIVE_GAMMA,OK
2026-08-18,RL,2026-08-21,378.25,13.7757,380.0,370.0,394.75876891381785,-4197216.9,0.00463,-0.02181,0.04365,2750,23,NEGATIVE_GAMMA,OK
2026-08-18,STE,2026-08-21,232.39,6.3789,240.0,230.0,234.65802301615543,-328524.19,0.03275,-0.01028,0.00976,1291,10,NEAR_FLIP,OK
2026-08-18,MKL,2026-08-21,1815.09,43.9186,1900.0,1800.0,1347.4541506250623,-655755.35,0.04678,-0.00831,-0.25764,151,34,POSITIVE_GAMMA,LOW
2026-08-18,DOW,2026-08-21,31.19,1.0145,,30.0,30.51174134667802,1832268.35,,-0.03815,-0.02175,72232,31,NEAR_FLIP,OK
2026-08-18,PKG,2026-08-21,250.3,5.3321,,230.0,223.34535197555758,436772.3,,-0.0811,-0.10769,501,14,POSITIVE_GAMMA,OK
2026-08-18,CMS,2026-08-21,71.06,1.3586,,70.0,62.84863225323248,130026.91,,-0.01492,-0.11556,1048,7,POSITIVE_GAMMA,LOW
2026-08-18,ULTA,2026-08-21,516.74,17.2172,,500.0,502.50220601991526,2501528.71,,-0.0324,-0.02755,6681,81,NEAR_FLIP,OK
2026-08-18,FFIV,2026-08-21,393.62,13.6357,400.0,,403.0068608385588,-1199870.17,0.01621,,0.02385,6462,24,NEAR_FLIP,OK
2026-08-18,UTHR,2026-08-21,518.27,14.6407,550.0,510.0,522.8557192419038,-4697238.31,0.06122,-0.01596,0.00885,19199,30,NEAR_FLIP,OK
2026-08-18,EXE,2026-08-21,95.45,2.4157,100.0,95.0,93.417658152031,4659450.49,0.04767,-0.00471,-0.02129,54817,11,NEAR_FLIP,OK
2026-08-18,FTAI,2026-08-21,211.5,14.4608,220.0,210.0,204.14640202871527,3282105.05,0.04019,-0.00709,-0.03477,18098,37,NEAR_FLIP,OK
2026-08-18,BCE,2026-08-21,23.36,0.4921,,21.0,23.99892493030399,-104905.65,,-0.10103,0.02735,7479,11,NEGATIVE_GAMMA,OK
2026-08-18,BG,2026-08-21,114.36,2.9886,115.0,,112.5759195085506,169836.17,0.0056,,-0.0156,3166,14,NEAR_FLIP,OK
2026-08-18,THC,2026-08-21,270.21,7.9964,,260.0,207.7299815035952,3412342.67,,-0.03779,-0.23123,17453,16,POSITIVE_GAMMA,OK
2026-08-18,FIS,2026-08-21,40.95,1.82,45.0,40.0,38.62810581454685,489273.94,0.0989,-0.0232,-0.0567,9698,24,POSITIVE_GAMMA,OK
2026-08-18,GH,2026-08-21,160.12,7.3129,170.0,155.0,160.22489356532066,-13623.81,0.0617,-0.03198,0.00066,8451,18,NEAR_FLIP,OK
2026-08-18,WWD,2026-08-21,366.2,13.4523,440.0,350.0,389.560319339052,-1107166.42,0.20153,-0.04424,0.06379,2344,20,NEGATIVE_GAMMA,OK
2026-08-18,RS,2026-08-21,421.4,10.0021,,400.0,399.17425949722,169895.92,,-0.05078,-0.05274,230,16,POSITIVE_GAMMA,LOW
2026-08-18,IP,2026-08-21,40.05,1.3343,,40.0,39.79993471510974,76041.41,,-0.00125,-0.00624,7585,26,NEAR_FLIP,OK
2026-08-18,AMCR,2026-08-21,45.86,1.1596,,,39.74975782772462,838048.24,,,-0.13324,7032,19,POSITIVE_GAMMA,OK
2026-08-18,FDXF,2026-08-21,139.23,6.5357,145.0,,107.41130681206592,-900669.8,0.04144,,-0.22853,2595,15,POSITIVE_GAMMA,OK
2026-08-18,EFX,2026-08-21,181.84,6.145,185.0,,169.76845953261645,519068.93,0.01738,,-0.06639,3807,18,POSITIVE_GAMMA,OK
2026-08-18,BURL,2026-08-21,336.95,9.7132,357.5,330.0,342.55636087084787,-914858.76,0.06099,-0.02063,0.01664,4453,46,NEAR_FLIP,OK
2026-08-18,LUV,2026-08-21,42.49,1.3975,45.0,41.5,44.41606715017914,-1322517.64,0.05907,-0.0233,0.04533,18039,34,NEGATIVE_GAMMA,OK
2026-08-18,RIVN,2026-08-21,14.78,0.6989,15.0,,15.257012091058124,-1304953.42,0.01488,,0.03227,106913,18,NEAR_FLIP,OK
2026-08-18,IFF,2026-08-21,81.0,2.4611,,,73.06536458733846,1559877.65,,,-0.09796,4226,17,POSITIVE_GAMMA,OK
2026-08-18,LYB,2026-08-21,65.33,2.1674,,62.5,61.204169674749096,5039784.3,,-0.04332,-0.06315,27295,13,POSITIVE_GAMMA,OK
2026-08-18,RBRK,2026-08-21,100.55,5.0383,,100.0,,2970764.0,,-0.00547,,12508,50,UNKNOWN,OK
2026-08-18,SNX,2026-08-21,259.8,8.1186,280.0,240.0,256.63594568744617,241017.92,0.07775,-0.07621,-0.01218,1838,17,NEAR_FLIP,OK
2026-08-18,SITM,2026-08-21,680.06,58.0036,,,613.4569292532592,2667355.87,,,-0.09794,4334,41,POSITIVE_GAMMA,OK
2026-08-18,SNA,2026-08-21,395.71,7.6132,400.0,,460.19029803171316,-7122371.68,0.01084,,0.16295,3291,18,NEGATIVE_GAMMA,OK
2026-08-18,WES,2026-08-21,49.8,1.0457,50.0,40.0,43.55062826890967,1588988.63,0.00402,-0.19679,-0.12549,8427,17,POSITIVE_GAMMA,OK
2026-08-18,GIS,2026-08-21,38.08,1.045,,37.5,36.24761079381868,2726675.33,,-0.01523,-0.04812,38967,9,POSITIVE_GAMMA,OK
2026-08-18,LEN,2026-08-21,84.94,2.6907,90.0,83.0,88.61862064024947,-11881837.05,0.05957,-0.02284,0.04331,43211,31,NEGATIVE_GAMMA,OK
2026-08-18,NI,2026-08-21,42.12,0.8829,50.0,,41.49828359327369,47876.49,0.18708,,-0.01476,5259,4,NEAR_FLIP,LOW
2026-08-18,MKSI,2026-08-21,300.24,21.0429,310.0,300.0,314.9940698963642,-1610264.81,0.03251,-0.0008,0.04914,6274,18,NEAR_FLIP,OK
2026-08-18,TOST,2026-08-21,34.95,1.3878,35.0,,29.099115138943787,2207613.32,0.00143,,-0.16741,30759,36,POSITIVE_GAMMA,OK
2026-08-18,U,2026-08-21,46.74,2.368,,,,3340732.32,,,,53483,34,UNKNOWN,OK
2026-08-18,TSN,2026-08-21,57.99,1.7121,60.0,57.5,57.04231557193257,983214.24,0.03466,-0.00845,-0.01634,13057,13,NEAR_FLIP,OK
2026-08-18,CHTR,2026-08-21,148.35,7.2507,155.0,147.0,136.47876457141683,5188319.54,0.04483,-0.0091,-0.08002,33497,52,POSITIVE_GAMMA,OK
2026-08-18,TPG,2026-08-21,52.02,2.2811,60.0,40.0,54.4865060027446,-322745.02,0.1534,-0.23106,0.04741,34505,13,NEGATIVE_GAMMA,OK
2026-08-18,INIO,2026-08-21,26.0,1.9921,30.0,25.0,24.281987879654682,7352.51,0.15385,-0.03846,-0.06608,967,4,NEAR_FLIP,LOW
2026-08-18,RGLD,2026-08-21,230.43,7.3407,,220.0,186.64418944290082,1355499.43,,-0.04526,-0.19002,4988,17,POSITIVE_GAMMA,OK
2026-08-18,BR,2026-08-21,169.86,6.8036,170.0,,153.28975534175817,1377073.58,0.00082,,-0.09755,3379,17,POSITIVE_GAMMA,OK
2026-08-18,PAAS,2026-08-21,46.6,2.1991,,,44.71781861346636,925385.4,,,-0.04039,43902,42,NEAR_FLIP,OK
2026-08-18,AS,2026-08-21,33.62,1.2622,,32.5,30.8483251904682,5422185.46,,-0.03331,-0.08244,99827,8,POSITIVE_GAMMA,OK
2026-08-18,CDE,2026-08-21,18.51,1.0443,20.0,17.5,16.885693348977323,1589714.98,0.0805,-0.05457,-0.08775,46933,22,POSITIVE_GAMMA,OK
2026-08-18,SBAC,2026-08-21,181.4,6.5543,210.0,175.0,182.0096583480249,-59272.8,0.15766,-0.03528,0.00336,3240,15,NEAR_FLIP,OK
2026-08-18,EVRG,2026-08-21,83.42,1.3782,90.0,77.5,82.62468688970165,82071.7,0.07888,-0.07097,-0.00953,1653,10,NEAR_FLIP,OK
2026-08-18,STLA,2026-08-21,5.05,0.2079,5.5,5.0,5.263256850651893,-99055.27,0.08911,-0.0099,0.04223,10391,6,NEGATIVE_GAMMA,LOW
2026-08-18,ITT,2026-08-21,217.67,6.9514,,200.0,198.79804453544818,463447.56,,-0.08118,-0.0867,4686,16,POSITIVE_GAMMA,OK
2026-08-18,SSNC,2026-08-21,80.53,2.0421,85.0,80.0,,413443.0,0.05551,-0.00658,,1795,6,UNKNOWN,LOW
2026-08-18,ZBH,2026-08-21,99.15,3.0629,100.0,90.0,95.60866426736955,1542017.49,0.00857,-0.09228,-0.03572,4194,11,POSITIVE_GAMMA,OK
2026-08-18,APG,2026-08-21,42.78,1.3479,45.0,40.0,51.01993039784985,-1013296.54,0.05189,-0.06498,0.19261,11693,14,NEGATIVE_GAMMA,OK
2026-08-18,DD,2026-08-21,138.81,4.5314,150.0,,119.78328216158019,714584.01,0.08061,,-0.13707,2358,15,POSITIVE_GAMMA,OK
2026-08-18,MGA,2026-08-21,70.27,2.0366,,70.0,65.00930416506574,202202.68,,-0.00384,-0.07486,1106,13,POSITIVE_GAMMA,OK
2026-08-18,VTRS,2026-08-21,16.17,0.5229,,16.0,17.382555333387263,-1032403.36,,-0.01051,0.07499,32257,10,NEGATIVE_GAMMA,OK
2026-08-18,PR,2026-08-21,22.35,0.6814,,21.0,21.71535722518349,249334.59,,-0.0604,-0.0284,10708,11,NEAR_FLIP,OK
2026-08-18,TSCO,2026-08-21,34.72,1.2397,37.0,,32.21983718169096,1241133.29,0.06567,,-0.07201,29118,30,POSITIVE_GAMMA,OK
2026-08-18,EWBC,2026-08-21,135.07,2.0071,,130.0,107.39819267178682,449083.53,,-0.03754,-0.20487,827,12,POSITIVE_GAMMA,OK
2026-08-18,BBY,2026-08-21,87.27,2.77,90.0,85.0,86.4025535774053,907244.88,0.03128,-0.02601,-0.00994,24624,38,NEAR_FLIP,OK
2026-08-18,GPC,2026-08-21,131.89,3.3739,135.0,130.0,110.03255329019663,6907111.89,0.02358,-0.01433,-0.16572,19786,16,POSITIVE_GAMMA,OK
2026-08-18,CRCL,2026-08-21,71.73,4.6724,80.0,,67.56100598939159,3671497.18,0.11529,,-0.05812,99249,35,NEAR_FLIP,OK
2026-08-18,ESS,2026-08-21,283.71,5.8479,290.0,280.0,269.02610888232425,1467987.43,0.02217,-0.01308,-0.05176,1159,12,POSITIVE_GAMMA,OK
2026-08-18,LNT,2026-08-21,69.98,1.289,70.0,,71.23657117200058,-18947.07,0.00029,,0.01796,359,9,NEAR_FLIP,LOW
2026-08-18,CF,2026-08-21,119.72,4.5514,120.0,,116.3639731872083,848228.08,0.00234,,-0.02803,20059,44,NEAR_FLIP,OK
2026-08-18,FTV,2026-08-21,59.45,1.295,65.0,,44.930191683236174,87539.8,0.09336,,-0.24424,763,6,POSITIVE_GAMMA,LOW
2026-08-18,IONQ,2026-08-21,44.12,3.0,45.0,,40.83858959915417,2996980.59,0.01995,,-0.07437,98655,42,POSITIVE_GAMMA,OK
2026-08-18,LDOS,2026-08-21,143.48,4.9993,145.0,135.0,,1079515.62,0.01059,-0.0591,,4197,17,UNKNOWN,OK
2026-08-18,OWL,2026-08-21,11.59,0.5374,12.0,11.0,13.594765696066,-8352112.18,0.03538,-0.05091,0.17297,231309,14,NEGATIVE_GAMMA,OK
2026-08-18,NTNX,2026-08-21,65.83,2.1314,,65.0,,1373822.52,,-0.01261,,8600,11,UNKNOWN,OK
2026-08-18,LSCC,2026-08-21,124.21,8.2043,,120.0,124.34246548182716,-24774.53,,-0.03389,0.00107,11218,15,NEAR_FLIP,OK
2026-08-18,DKS,2026-08-21,191.52,6.4768,200.0,,,-6978852.89,0.04428,,,9989,17,UNKNOWN,OK
2026-08-18,OVV,2026-08-21,65.02,2.0254,,60.0,58.2429410916653,1515492.97,,-0.07721,-0.10423,6313,7,POSITIVE_GAMMA,LOW
2026-08-18,INVH,2026-08-21,29.72,0.5729,30.0,,24.8596044379321,613871.89,0.00942,,-0.16354,2190,6,POSITIVE_GAMMA,LOW
2026-08-18,NLY,2026-08-21,23.4,0.3549,23.5,23.0,23.39975581406684,3288.69,0.00427,-0.01709,-1e-05,45336,17,NEAR_FLIP,OK
2026-08-18,FN,2026-08-21,482.59,48.7718,500.0,,547.587875555512,-5300126.19,0.03608,,0.13469,7145,29,NEGATIVE_GAMMA,OK
2026-08-18,STRL,2026-08-21,554.76,44.1029,600.0,530.0,592.0142224832746,-1356873.28,0.08155,-0.04463,0.06715,4816,34,NEAR_FLIP,OK
2026-08-18,JHX,2026-08-21,29.29,1.0189,30.0,25.0,21.653264534719995,184551.45,0.02424,-0.14647,-0.26073,1891,6,POSITIVE_GAMMA,LOW
2026-08-18,ROL,2026-08-21,36.32,0.8546,37.5,,37.184536776084435,-192677.66,0.03249,,0.0238,5152,7,NEGATIVE_GAMMA,LOW
2026-08-18,IEX,2026-08-21,234.16,5.3039,,210.0,218.7367232362938,2316984.77,,-0.10318,-0.06587,2040,11,POSITIVE_GAMMA,OK
2026-08-18,WCC,2026-08-21,349.16,16.0339,350.0,340.0,338.1560561464943,562966.51,0.00241,-0.02623,-0.03152,1927,21,NEAR_FLIP,OK
2026-08-18,ZBRA,2026-08-21,366.42,16.21,,360.0,280.78412748220745,1124.99,,-0.01752,-0.23371,4857,18,POSITIVE_GAMMA,OK
2026-08-18,RBC,2026-08-21,545.65,15.9093,560.0,530.0,535.8194219527392,85544.8,0.0263,-0.02868,-0.01802,225,22,NEAR_FLIP,LOW
2026-08-18,BEN,2026-08-21,33.99,0.8939,,,30.883892195134276,1362824.64,,,-0.09138,9327,15,POSITIVE_GAMMA,OK
2026-08-18,CG,2026-08-21,48.37,1.9871,,42.5,40.50603553280066,28365126.35,,-0.12136,-0.16258,92919,10,POSITIVE_GAMMA,OK
2026-08-18,JLL,2026-08-21,371.03,10.7248,,360.0,292.0179417870303,852084.11,,-0.02973,-0.21295,970,20,POSITIVE_GAMMA,OK
2026-08-18,WY,2026-08-21,23.61,0.7193,25.0,23.0,18.99408028522566,-497534.86,0.05887,-0.02584,-0.19551,10604,14,POSITIVE_GAMMA,OK
2026-08-18,CLH,2026-08-21,319.5,7.25,320.0,300.0,308.1202174380565,397271.6,0.00156,-0.06103,-0.03562,476,13,POSITIVE_GAMMA,LOW
2026-08-18,AKAM,2026-08-21,115.2,6.5382,,,116.3853794936643,-511845.41,,,0.01029,26451,42,NEAR_FLIP,OK
2026-08-18,CDW,2026-08-21,134.97,7.9515,145.0,130.0,135.5242417308843,-157748.39,0.07431,-0.03682,0.00411,7679,17,NEAR_FLIP,OK
2026-08-18,H,2026-08-21,178.72,6.195,180.0,175.0,134.54276373368648,-256443.86,0.00716,-0.02081,-0.24719,1472,18,POSITIVE_GAMMA,OK
2026-08-18,PAA,2026-08-21,24.19,0.4975,25.0,24.0,22.508078304149294,2099540.14,0.03348,-0.00785,-0.06953,15622,18,POSITIVE_GAMMA,OK
2026-08-18,NDSN,2026-08-21,304.21,5.7507,,290.0,253.9162382563984,836365.87,,-0.04671,-0.16533,609,12,POSITIVE_GAMMA,OK
2026-08-18,STZ,2026-08-21,131.0,3.3257,135.0,130.0,133.07334844571415,-2568280.09,0.03053,-0.00763,0.01583,16435,42,NEAR_FLIP,OK
2026-08-18,CHRW,2026-08-21,144.67,7.2589,145.0,,153.83369361773399,-685931.05,0.00228,,0.06334,4344,16,NEGATIVE_GAMMA,OK
2026-08-18,TLN,2026-08-21,317.66,19.1744,,,224.0625350927482,-2910654.81,,,-0.29465,10868,49,POSITIVE_GAMMA,OK
2026-08-18,J,2026-08-21,142.86,4.0229,145.0,130.0,133.93060610302945,249091.06,0.01498,-0.09002,-0.0625,912,14,POSITIVE_GAMMA,OK
2026-08-18,DINO,2026-08-21,95.7,3.7128,,90.0,,10040648.02,,-0.05956,,27238,16,UNKNOWN,OK
2026-08-18,PFGC,2026-08-21,104.54,3.3213,110.0,,122.99259792603391,-698639.46,0.05223,,0.17651,1469,11,NEGATIVE_GAMMA,OK
2026-08-18,FLUT,2026-08-21,92.89,5.4416,100.0,,101.05171194383962,-2346015.08,0.07654,,0.08786,17886,11,NEGATIVE_GAMMA,OK
2026-08-18,GEN,2026-08-21,27.64,1.0086,29.0,26.0,27.114898502146772,223243.48,0.0492,-0.05933,-0.019,5900,16,NEAR_FLIP,OK
2026-08-18,MEDP,2026-08-21,590.3,15.5397,650.0,590.0,580.2559156428448,313794.79,0.10114,-0.00051,-0.01702,1683,33,NEAR_FLIP,OK
2026-08-19,NEM,2026-08-21,115.98,4.3879,120.0,,,13057518.25,0.03466,,,39882,37,UNKNOWN,OK
2026-08-19,TDG,2026-08-21,1233.78,38.4086,,980.0,1041.4834118564725,79898.64,,-0.20569,-0.15586,41,8,POSITIVE_GAMMA,LOW
2026-08-19,PCAR,2026-08-21,128.02,3.3186,153.6,98.6,116.27265049701256,13586.07,0.19981,-0.22981,-0.09176,126,8,POSITIVE_GAMMA,LOW
2026-08-19,FCNCA,2026-08-21,2207.6699,47.1929,2220.0,1970.0,2038.1805489944545,245621.53,0.00559,-0.10766,-0.07677,68,10,POSITIVE_GAMMA,LOW
2026-08-19,NVDA,2026-08-19,219.74,6.5814,225.0,217.5,219.75509104739896,-2072187.49,0.02394,-0.01019,7e-05,185950,40,NEAR_FLIP,OK
2026-08-19,AAPL,2026-08-19,310.03,8.3064,317.5,297.5,310.030941689716,-73237.34,0.02409,-0.04042,0.0,60635,40,NEAR_FLIP,OK
2026-08-19,GOOGL,2026-08-19,344.2,10.7086,347.5,342.5,344.2086890472814,-358699.53,0.00959,-0.00494,3e-05,32687,55,NEAR_FLIP,OK
2026-08-19,MSFT,2026-08-19,481.63,16.9729,492.5,470.0,481.62587447916167,218857.96,0.02257,-0.02415,-1e-05,39026,59,NEAR_FLIP,OK
2026-08-19,AMZN,2026-08-19,259.45,9.8393,265.0,252.5,259.39531167929033,1573090.94,0.02139,-0.02679,-0.00021,55013,41,NEAR_FLIP,OK
2026-08-19,SPCX,2026-08-21,143.34,10.8029,155.0,141.0,143.34041779528732,-105760.06,0.08135,-0.01632,0.0,587391,62,NEAR_FLIP,OK
2026-08-19,AVGO,2026-08-19,380.0,16.3107,385.0,372.5,380.0050465338718,-62205.93,0.01316,-0.01974,1e-05,27056,63,NEAR_FLIP,OK
2026-08-19,META,2026-08-19,543.67,22.9571,555.0,532.5,543.6610802197575,249048.88,0.02084,-0.02055,-2e-05,59692,87,NEAR_FLIP,OK
2026-08-19,TSLA,2026-08-19,336.87,10.855,340.0,335.0,336.75970882383035,4882962.31,0.00929,-0.00555,-0.00033,130303,64,NEAR_FLIP,OK
2026-08-19,LLY,2026-08-21,1225.73,45.2743,1250.0,1215.0,1225.725614295337,23210.65,0.0198,-0.00875,-0.0,39071,79,NEAR_FLIP,OK
2026-08-19,MU,2026-08-19,940.76,70.3729,965.0,930.0,940.7711134860142,-645564.72,0.02577,-0.01144,1e-05,80568,129,NEAR_FLIP,OK
2026-08-19,JPM,2026-08-21,363.25,5.4879,370.0,360.0,363.24967756123084,7588.82,0.01858,-0.00895,-0.0,74700,53,NEAR_FLIP,OK
2026-08-19,WMT,2026-08-21,115.2,2.3336,116.0,111.0,115.15633160423542,1520691.0,0.00694,-0.03646,-0.00038,201022,40,NEAR_FLIP,OK
2026-08-19,AMD,2026-08-19,484.39,29.7779,495.0,472.5,484.3822904150614,413780.94,0.0219,-0.02455,-2e-05,42836,106,NEAR_FLIP,OK
2026-08-19,XOM,2026-08-21,165.56,3.7686,172.5,160.0,165.56024871945877,-10930.35,0.04192,-0.03358,0.0,69296,37,NEAR_FLIP,OK
2026-08-19,V,2026-08-21,364.25,6.6479,367.5,357.5,364.2471836585063,40302.56,0.00892,-0.01853,-1e-05,45292,47,NEAR_FLIP,OK
2026-08-19,JNJ,2026-08-21,271.11,5.7964,277.5,260.0,271.11034840768417,-1621.59,0.02357,-0.04098,0.0,42903,37,NEAR_FLIP,OK
2026-08-19,INTC,2026-08-19,96.69,6.6464,105.0,95.0,96.69923966015602,-453308.29,0.08594,-0.01748,0.0001,97833,49,NEAR_FLIP,OK
2026-08-19,MA,2026-08-21,574.31,10.9357,585.0,552.5,574.303435245225,23453.11,0.01861,-0.03798,-1e-05,16460,63,NEAR_FLIP,OK
2026-08-19,ABBV,2026-08-21,258.92,6.4736,270.0,250.0,258.922661331688,-7986.47,0.04279,-0.03445,1e-05,31841,38,NEAR_FLIP,OK
2026-08-19,BAC,2026-08-21,64.23,0.9493,65.0,60.0,64.23005002541375,-23864.15,0.01199,-0.06586,0.0,155728,31,NEAR_FLIP,OK
2026-08-19,CSCO,2026-08-21,111.61,4.3964,120.0,108.0,111.60932535004304,14704.88,0.07517,-0.03234,-1e-05,116726,42,NEAR_FLIP,OK
2026-08-19,COST,2026-08-21,961.35,16.6721,970.0,952.5,961.3382194756218,261366.09,0.009,-0.00921,-1e-05,53833,88,NEAR_FLIP,OK
2026-08-19,PLTR,2026-08-21,171.54,8.8778,177.5,170.0,171.54532576854587,-74913.32,0.03474,-0.00898,3e-05,282293,51,NEAR_FLIP,OK
2026-08-19,ORCL,2026-08-21,142.79,7.2536,145.0,140.0,142.77323910498978,391262.15,0.01548,-0.01954,-0.00012,286944,58,NEAR_FLIP,OK
2026-08-19,LRCX,2026-08-21,327.92,21.9164,340.0,325.0,327.9193094293128,3637.05,0.03684,-0.0089,-0.0,71776,49,NEAR_FLIP,OK
2026-08-19,AMAT,2026-08-21,514.33,32.5671,525.0,510.0,514.3370881894073,-74874.87,0.02075,-0.00842,1e-05,47129,57,NEAR_FLIP,OK
2026-08-19,CVX,2026-08-21,205.74,4.5471,207.5,202.5,205.67133616189687,185507.42,0.00855,-0.01575,-0.00033,56607,34,NEAR_FLIP,OK
2026-08-19,GE,2026-08-21,375.09,8.7579,390.0,360.0,375.08965826052696,242.78,0.03975,-0.04023,-0.0,21823,48,NEAR_FLIP,OK
2026-08-19,CAT,2026-08-21,840.87,35.1457,850.0,825.0,840.8696867486383,990.57,0.01086,-0.01887,-0.0,36100,70,NEAR_FLIP,OK
2026-08-19,KO,2026-08-21,88.82,1.3721,92.0,87.5,88.82068054392697,-67535.43,0.0358,-0.01486,1e-05,90296,37,NEAR_FLIP,OK
2026-08-19,UNH,2026-08-21,393.93,9.7471,397.5,390.0,393.93089288788985,-13345.74,0.00906,-0.00998,0.0,81587,55,NEAR_FLIP,OK
2026-08-19,MS,2026-08-21,217.55,4.5936,220.0,210.0,217.55039086472922,-8408.47,0.01126,-0.0347,0.0,29274,34,NEAR_FLIP,OK
2026-08-19,HD,2026-08-21,337.49,8.4314,350.0,325.0,337.4798251647713,13644.76,0.03707,-0.03701,-3e-05,50303,52,NEAR_FLIP,OK
2026-08-19,MRK,2026-08-21,135.17,3.2493,140.0,133.0,135.16882747054171,6203.83,0.03573,-0.01605,-1e-05,35298,37,NEAR_FLIP,OK
2026-08-19,PG,2026-08-21,143.45,2.6621,146.0,141.0,143.44942430132042,12231.73,0.01778,-0.01708,-0.0,50193,34,NEAR_FLIP,OK
2026-08-19,NFLX,2026-08-21,77.77,2.2993,79.0,75.0,77.7672614331974,325389.11,0.01582,-0.03562,-4e-05,390847,45,NEAR_FLIP,OK
2026-08-19,PANW,2026-08-21,374.14,14.5843,377.5,360.0,374.13921089140644,5041.79,0.00898,-0.03779,-0.0,27572,62,NEAR_FLIP,OK
2026-08-19,RTX,2026-08-21,225.49,4.1579,227.5,217.5,225.48156251944332,22680.49,0.00891,-0.03543,-4e-05,35785,41,NEAR_FLIP,OK
2026-08-19,DELL,2026-08-21,468.65,33.035,472.5,460.0,468.6505310210463,-2734.44,0.00822,-0.01846,0.0,52486,69,NEAR_FLIP,OK
2026-08-19,GS,2026-08-21,1040.47,25.3879,1050.0,1020.0,1040.4627431872016,61112.37,0.00916,-0.01967,-1e-05,59989,107,NEAR_FLIP,OK
2026-08-19,RY,2026-08-21,212.99,2.875,230.0,195.0,212.9898038116446,722.47,0.07986,-0.08446,-0.0,7325,14,NEAR_FLIP,OK
2026-08-19,PM,2026-08-21,187.62,4.4593,195.0,160.0,187.61907415243388,3283.4,0.03933,-0.14721,-0.0,20601,31,NEAR_FLIP,OK
2026-08-19,GEV,2026-08-21,1004.53,48.4379,1025.0,995.0,1004.5300852624895,-106.91,0.02038,-0.00949,0.0,21520,100,NEAR_FLIP,OK
2026-08-19,WFC,2026-08-21,87.4,1.6429,88.0,86.0,87.29370444898481,701490.14,0.00686,-0.01602,-0.00122,104500,34,NEAR_FLIP,OK
2026-08-19,KLAC,2026-08-21,194.79,10.7429,198.0,188.0,194.7724559742403,34181.19,0.01648,-0.03486,-9e-05,49009,75,NEAR_FLIP,OK
2026-08-19,TXN,2026-08-21,272.24,10.2093,277.5,270.0,272.248902747123,-35764.98,0.01932,-0.00823,3e-05,44765,42,NEAR_FLIP,OK
2026-08-19,AZN,2026-08-21,160.1,4.1071,175.0,135.0,159.67607311529915,51.88,0.09307,-0.15678,-0.00265,11489,15,NEAR_FLIP,OK
2026-08-19,ANET,2026-08-21,193.18,10.8657,200.0,190.0,193.16623376574083,32800.55,0.0353,-0.01646,-7e-05,36938,42,NEAR_FLIP,OK
2026-08-19,SNDK,2026-08-21,1625.78,161.7451,1700.0,1610.0,1625.7817530262794,-6288.56,0.04565,-0.00971,0.0,88636,132,NEAR_FLIP,OK
2026-08-19,C,2026-08-21,137.65,3.0086,140.0,135.0,137.6389897544512,228331.1,0.01707,-0.01925,-8e-05,92811,43,NEAR_FLIP,OK
2026-08-19,AMGN,2026-08-21,425.28,11.5114,430.0,410.0,425.28032780318193,-1488.33,0.0111,-0.03593,0.0,15831,50,NEAR_FLIP,OK
2026-08-19,AXP,2026-08-21,338.52,6.0621,345.0,332.5,338.5187666749426,18322.81,0.01914,-0.01778,-0.0,23255,55,NEAR_FLIP,OK
2026-08-19,LIN,2026-08-21,478.71,10.8879,520.0,470.0,478.71247840887025,-3849.58,0.08625,-0.01819,1e-05,4983,38,NEAR_FLIP,OK
2026-08-19,IBM,2026-08-21,232.67,6.6179,235.0,215.0,232.6693876047298,16309.54,0.01001,-0.07594,-0.0,104967,41,NEAR_FLIP,OK
2026-08-19,TMO,2026-08-21,589.04,12.8429,600.0,565.0,589.0215817590469,14750.84,0.01861,-0.04081,-3e-05,7195,49,NEAR_FLIP,OK
2026-08-19,CRWD,2026-08-21,212.92,8.6541,215.0,205.0,212.91892938335903,10013.79,0.00977,-0.0372,-1e-05,79141,50,NEAR_FLIP,OK
2026-08-19,TD,2026-08-21,121.97,1.9093,125.0,120.0,122.13729022508491,-34539.98,0.02484,-0.01615,0.00137,6999,10,NEAR_FLIP,OK
2026-08-19,STX,2026-08-21,903.68,73.6464,940.0,895.0,903.6917630635546,-13684.24,0.04019,-0.00961,1e-05,20915,83,NEAR_FLIP,OK
2026-08-19,VZ,2026-08-21,48.54,1.0479,50.0,47.0,48.534880404764195,255956.06,0.03008,-0.03173,-0.00011,101142,32,NEAR_FLIP,OK
2026-08-19,TTE,2026-08-21,89.29,1.5079,90.0,82.5,88.90693283289468,139650.78,0.00795,-0.07604,-0.00429,11709,18,NEAR_FLIP,OK
2026-08-19,APH,2026-08-21,159.57,6.7871,165.0,135.0,158.06469517551372,35885.28,0.03403,-0.15398,-0.00943,34308,17,NEAR_FLIP,OK
2026-08-19,TMUS,2026-08-21,182.75,4.905,190.0,170.0,182.7490990965858,1354.76,0.03967,-0.06977,-0.0,58062,32,NEAR_FLIP,OK
2026-08-19,ABT,2026-08-21,112.68,2.5779,115.0,109.0,112.6816917415438,-7190.61,0.02059,-0.03266,2e-05,25972,39,NEAR_FLIP,OK
2026-08-19,SCHW,2026-08-21,111.68,1.775,114.0,110.0,111.68124515809589,-20489.0,0.02077,-0.01504,1e-05,38802,40,NEAR_FLIP,OK
2026-08-19,PEP,2026-08-21,140.13,2.4107,145.0,138.0,140.1315262720617,-52377.39,0.03475,-0.0152,1e-05,40157,38,NEAR_FLIP,OK
2026-08-19,MRVL,2026-08-21,216.0,16.8164,220.0,212.5,215.99829620472315,6541.81,0.01852,-0.0162,-1e-05,155275,50,NEAR_FLIP,OK
2026-08-19,MCD,2026-08-21,266.99,5.9536,270.0,265.0,266.99662773126425,-614478.6,0.01127,-0.00745,2e-05,42595,43,NEAR_FLIP,OK
2026-08-19,SHOP,2026-08-21,146.58,7.7858,149.0,144.0,146.58153774523302,-2437.92,0.01651,-0.0176,1e-05,50912,60,NEAR_FLIP,OK
2026-08-19,BLK,2026-08-21,1154.35,21.9357,1165.0,1110.0,1154.343783965713,1598.8,0.00923,-0.03842,-1e-05,3580,68,NEAR_FLIP,OK
2026-08-19,ADI,2026-08-21,376.63,12.7729,380.0,370.0,376.62859368267624,5164.52,0.00895,-0.0176,-0.0,22219,50,NEAR_FLIP,OK
2026-08-19,NEE,2026-08-21,86.22,1.5129,87.5,85.0,86.23185205978172,-483304.12,0.01485,-0.01415,0.00014,51448,31,NEAR_FLIP,OK
2026-08-19,DIS,2026-08-21,103.95,2.3429,105.0,103.0,103.94936674069581,12257.36,0.0101,-0.00914,-1e-05,82223,37,NEAR_FLIP,OK
2026-08-19,WDC,2026-08-21,496.16,46.0936,505.0,487.5,496.1592886057205,4454.29,0.01782,-0.01745,-0.0,42432,74,NEAR_FLIP,OK
2026-08-19,GILD,2026-08-21,143.44,4.055,145.0,141.0,143.42564875114064,2309.23,0.01088,-0.01701,-0.0001,22220,42,NEAR_FLIP,OK
2026-08-19,UNP,2026-08-21,298.74,5.7121,310.0,255.0,298.73041109885094,11632.0,0.03769,-0.14641,-3e-05,12545,41,NEAR_FLIP,OK
2026-08-19,BA,2026-08-21,223.06,6.6429,225.0,215.0,223.04800258172747,199841.89,0.0087,-0.03613,-5e-05,147755,39,NEAR_FLIP,OK
2026-08-19,BX,2026-08-21,140.59,4.7643,143.0,130.0,140.58179933287593,20521.83,0.01714,-0.07533,-6e-05,46366,44,NEAR_FLIP,OK
2026-08-19,T,2026-08-21,24.9,0.5557,27.0,23.5,24.941447045870035,-28642.51,0.08434,-0.05622,0.00166,89695,22,NEAR_FLIP,OK
2026-08-19,WELL,2026-08-21,235.44,5.1736,240.0,230.0,235.4007519526237,2528.34,0.01937,-0.02311,-0.00017,4041,16,NEAR_FLIP,OK
2026-08-19,QCOM,2026-08-21,160.19,6.6336,172.5,155.0,160.20069795080505,-60021.26,0.07685,-0.0324,7e-05,75036,27,NEAR_FLIP,OK
2026-08-19,ETN,2026-08-21,431.33,17.355,435.0,427.5,431.3088187853594,11243.28,0.00851,-0.00888,-5e-05,14671,60,NEAR_FLIP,OK
2026-08-19,TJX,2026-08-21,150.85,3.0936,152.5,146.0,150.84910043141994,13342.76,0.01094,-0.03215,-1e-05,46652,30,NEAR_FLIP,OK
2026-08-19,CRM,2026-08-21,196.14,8.105,200.0,192.5,196.1105054424349,36546.68,0.01968,-0.01856,-0.00015,111874,35,NEAR_FLIP,OK
2026-08-19,UBS,2026-08-21,52.97,0.8449,55.0,52.5,52.985235925381055,-2230.75,0.03832,-0.00887,0.00029,12983,11,NEAR_FLIP,OK
2026-08-19,DE,2026-08-21,588.72,15.2229,600.0,577.5,588.7171922732471,4284.66,0.01916,-0.01906,-0.0,6797,62,NEAR_FLIP,OK
2026-08-19,SCCO,2026-08-21,187.8,nan,195.0,172.5,187.7983524090669,693.2,0.03834,-0.08147,-1e-05,9724,32,POSITIVE_GAMMA,OK
2026-08-19,BKNG,2026-08-21,208.25,7.3064,210.0,205.0,208.1960170426889,83198.06,0.0084,-0.01561,-0.00026,21457,36,NEAR_FLIP,OK
2026-08-19,COP,2026-08-21,129.72,3.4593,131.0,125.0,129.71075396089455,3956.66,0.00987,-0.03639,-7e-05,24930,46,NEAR_FLIP,OK
2026-08-19,PFE,2026-08-21,27.25,0.5829,28.0,26.5,27.24650307189876,276341.41,0.02752,-0.02752,-0.00013,240669,25,NEAR_FLIP,OK
2026-08-19,IBKR,2026-08-21,90.56,2.94,92.0,89.0,90.54685812907701,8058.9,0.0159,-0.01723,-0.00015,7918,31,NEAR_FLIP,OK
2026-08-19,UBER,2026-08-21,74.66,2.6459,77.0,74.0,74.65767333345958,95469.07,0.03134,-0.00884,-3e-05,133243,37,NEAR_FLIP,OK
2026-08-19,DHR,2026-08-21,199.58,5.3436,215.0,192.5,199.57993294836294,326.53,0.07726,-0.03547,-0.0,12602,31,NEAR_FLIP,OK
2026-08-19,LMT,2026-08-21,607.17,14.615,620.0,585.0,607.1705329005997,-4369.92,0.02113,-0.03651,0.0,14210,76,NEAR_FLIP,OK
2026-08-19,ISRG,2026-08-21,391.18,9.8064,395.0,387.5,391.1744361869663,5715.24,0.00977,-0.00941,-1e-05,15854,67,NEAR_FLIP,OK
2026-08-19,GLW,2026-08-21,159.9,11.3814,162.5,149.0,159.88683609934915,12735.04,0.01626,-0.06817,-8e-05,63086,37,NEAR_FLIP,OK
2026-08-19,COF,2026-08-21,221.47,4.8193,225.0,217.5,221.36910688239715,45781.43,0.01594,-0.01793,-0.00046,16229,30,NEAR_FLIP,OK
2026-08-19,PLD,2026-08-21,140.02,2.47,145.0,135.0,139.95742033254945,3803.33,0.03557,-0.03585,-0.00045,10545,14,NEAR_FLIP,OK
2026-08-19,BMY,2026-08-21,66.05,1.895,67.0,64.0,66.04431601493555,35894.83,0.01438,-0.03104,-9e-05,52722,26,NEAR_FLIP,OK
2026-08-19,VRTX,2026-08-21,528.19,16.7757,550.0,507.5,528.160533507565,889.63,0.04129,-0.03917,-6e-05,4052,45,NEAR_FLIP,OK
2026-08-19,CB,2026-08-21,345.29,6.3221,375.0,255.0,345.21203139116164,11026.84,0.08604,-0.26149,-0.00023,10570,34,NEAR_FLIP,OK
2026-08-19,PH,2026-08-21,1041.85,26.7657,1300.0,960.0,1040.7547600928385,3152.1,0.24778,-0.07856,-0.00105,2214,42,NEAR_FLIP,OK
2026-08-19,BMO,2026-08-21,182.57,2.6814,190.0,170.0,182.57047573234325,-720.22,0.0407,-0.06885,0.0,2142,15,NEAR_FLIP,OK
2026-08-19,SYK,2026-08-21,331.37,10.4236,360.0,280.0,328.61710260927464,490.13,0.0864,-0.15502,-0.00831,5557,19,NEAR_FLIP,OK
2026-08-19,NOW,2026-08-21,119.49,6.315,128.0,115.0,119.48955368982519,5707.64,0.07122,-0.03758,-0.0,151306,58,NEAR_FLIP,OK
2026-08-19,SPGI,2026-08-21,418.04,9.7429,452.5,410.0,417.9705758084414,21044.87,0.08243,-0.01923,-0.00017,3544,51,NEAR_FLIP,OK
2026-08-19,NEM,2026-08-21,115.98,4.3879,120.0,115.0,115.97997882197464,381.4,0.03466,-0.00845,-0.0,53181,58,NEAR_FLIP,OK
2026-08-19,CVS,2026-08-21,94.91,2.9971,110.0,92.0,94.90820931953482,7161.15,0.15899,-0.03066,-2e-05,58429,47,NEAR_FLIP,OK
2026-08-19,LOW,2026-08-21,215.64,5.265,217.5,200.0,215.5722664726658,48285.48,0.00863,-0.07253,-0.00031,29495,37,NEAR_FLIP,OK
2026-08-19,SBUX,2026-08-21,106.01,2.925,107.0,105.0,106.00958953168875,32703.61,0.00934,-0.00953,-0.0,47339,37,NEAR_FLIP,OK
2026-08-19,PGR,2026-08-21,207.23,4.5029,215.0,200.0,207.2302707964096,-881.74,0.03749,-0.03489,0.0,15618,34,NEAR_FLIP,OK
2026-08-19,MDT,2026-08-21,92.09,2.0543,95.0,89.0,92.05925051549798,11423.24,0.0316,-0.03355,-0.00033,21023,36,NEAR_FLIP,OK
2026-08-19,HWM,2026-08-21,292.65,8.3607,295.0,290.0,292.63745389768184,16256.6,0.00803,-0.00906,-4e-05,4170,37,NEAR_FLIP,OK
2026-08-19,FTNT,2026-08-21,158.01,6.8557,170.0,155.0,158.00946693597626,673.01,0.07588,-0.01905,-0.0,26030,33,NEAR_FLIP,OK
2026-08-19,SNOW,2026-08-21,325.33,13.4231,337.5,320.0,325.3330773932833,-29796.85,0.03741,-0.01638,1e-05,30675,60,NEAR_FLIP,OK
2026-08-19,CM,2026-08-21,121.64,1.9771,125.0,105.0,121.64472792028504,-51.52,0.02762,-0.1368,4e-05,3059,8,NEAR_FLIP,OK
2026-08-19,ENB,2026-08-21,51.39,0.9207,55.0,42.5,51.04747655351819,3453.56,0.07025,-0.17299,-0.00667,7987,10,NEAR_FLIP,OK
2026-08-19,BNY,2026-08-21,163.93,2.4507,170.0,140.0,163.69702850001016,3136.61,0.03703,-0.14598,-0.00142,3333,15,NEAR_FLIP,OK
2026-08-19,BNS,2026-08-21,90.13,1.1864,92.5,72.5,90.36313069314852,-982.01,0.0263,-0.19561,0.00259,825,11,NEAR_FLIP,OK
2026-08-19,ABNB,2026-08-21,183.25,6.775,185.0,180.0,183.23373228188765,20616.62,0.00955,-0.01774,-9e-05,23117,43,NEAR_FLIP,OK
2026-08-19,MO,2026-08-21,65.19,1.9779,70.0,64.0,65.19008968815258,-1033.37,0.07378,-0.01825,0.0,38536,32,NEAR_FLIP,OK
2026-08-19,NET,2026-08-21,301.36,18.5127,325.0,290.0,301.3600181532112,-85.5,0.07844,-0.0377,0.0,22824,54,NEAR_FLIP,OK
2026-08-19,ADP,2026-08-21,269.31,7.4136,280.0,265.0,269.32257926912837,-89116.1,0.03969,-0.016,5e-05,9976,36,NEAR_FLIP,OK
2026-08-19,EQIX,2026-08-21,1085.09,30.8121,1390.0,1000.0,1085.1226099221642,-16939.27,0.281,-0.07842,3e-05,6831,54,NEAR_FLIP,OK
2026-08-19,GD,2026-08-21,393.48,6.76,480.0,390.0,393.4828293634265,-2558.59,0.21988,-0.00884,1e-05,2567,34,NEAR_FLIP,OK
2026-08-19,SPOT,2026-08-21,516.28,26.0385,540.0,497.5,516.2943237562696,-1876.27,0.04594,-0.03638,3e-05,23121,59,NEAR_FLIP,OK
2026-08-19,SO,2026-08-21,92.07,1.7929,95.0,89.0,92.0675700838289,21244.92,0.03182,-0.03334,-3e-05,20399,30,NEAR_FLIP,OK
2026-08-19,ACN,2026-08-21,172.93,7.9179,180.0,170.0,172.9307581941476,-8264.68,0.04088,-0.01694,0.0,30118,48,NEAR_FLIP,OK
2026-08-19,VRT,2026-08-21,272.54,15.8309,275.0,270.0,272.53992559951445,1977.02,0.00903,-0.00932,-0.0,61746,45,NEAR_FLIP,OK
2026-08-19,PWR,2026-08-21,696.15,32.9121,710.0,690.0,696.3745020801426,-18514.93,0.0199,-0.00883,0.00032,12516,41,NEAR_FLIP,OK
2026-08-19,ADBE,2026-08-21,263.14,11.735,267.5,225.0,263.13780438033615,28777.15,0.01657,-0.14494,-1e-05,48215,49,NEAR_FLIP,OK
2026-08-19,BN,2026-08-21,42.13,1.0657,45.0,39.0,41.8613374398858,1900.5,0.06812,-0.07429,-0.00638,9638,16,NEAR_FLIP,OK
2026-08-19,MPC,2026-08-21,366.21,12.7536,380.0,360.0,366.1462555171915,15250.54,0.03766,-0.01696,-0.00017,8070,14,NEAR_FLIP,OK
2026-08-19,APP,2026-08-21,307.26,21.8337,310.0,295.0,307.1863460789278,23020.59,0.00892,-0.0399,-0.00024,32420,55,NEAR_FLIP,OK
2026-08-19,CNQ,2026-08-21,49.59,1.2,50.0,48.0,49.27896779017834,14790.73,0.00827,-0.03206,-0.00627,5030,28,NEAR_FLIP,OK
2026-08-19,TT,2026-08-21,463.37,13.5186,550.0,420.0,458.7358405429633,728.2,0.18696,-0.0936,-0.01,2275,24,NEAR_FLIP,OK
2026-08-19,PNC,2026-08-21,254.28,3.6164,260.0,250.0,254.28094164153327,-1087.76,0.02249,-0.01683,0.0,6057,26,NEAR_FLIP,OK
2026-08-19,MCK,2026-08-21,869.26,30.5064,950.0,850.0,869.2602097875347,-474.66,0.09288,-0.02216,0.0,4662,43,NEAR_FLIP,OK
2026-08-19,USB,2026-08-21,64.79,0.9329,66.0,62.5,64.78866416350039,4971.3,0.01868,-0.03534,-2e-05,10397,26,NEAR_FLIP,OK
2026-08-19,VLO,2026-08-21,350.05,11.9429,365.0,337.5,350.05072325141276,-1190.18,0.04271,-0.03585,0.0,9967,43,NEAR_FLIP,OK
2026-08-19,CME,2026-08-21,271.54,5.7186,282.5,250.0,271.54004084466266,-195.99,0.04036,-0.07933,0.0,10868,36,NEAR_FLIP,OK
2026-08-19,PSX,2026-08-21,243.49,7.8271,247.5,235.0,243.10565084979785,3102.49,0.01647,-0.03487,-0.00158,4256,30,NEAR_FLIP,OK
2026-08-19,DUK,2026-08-21,123.99,2.3357,125.0,120.0,123.81154926189146,65749.6,0.00815,-0.03218,-0.00144,19676,12,NEAR_FLIP,OK
2026-08-19,KKR,2026-08-21,107.19,4.6121,108.0,100.0,107.09846279269932,29225.12,0.00756,-0.06708,-0.00085,26675,43,NEAR_FLIP,OK
2026-08-19,INTU,2026-08-21,350.41,15.105,380.0,347.5,350.409283737051,259.99,0.08444,-0.0083,-0.0,14459,52,NEAR_FLIP,OK
2026-08-19,AEM,2026-08-21,186.94,7.3386,190.0,180.0,186.9305865370894,28036.32,0.01637,-0.03712,-5e-05,24393,45,NEAR_FLIP,OK
2026-08-19,FCX,2026-08-21,66.32,2.5843,71.0,65.0,66.31957295292743,3140.4,0.07057,-0.0199,-1e-05,147719,35,NEAR_FLIP,OK
2026-08-19,CEG,2026-08-21,266.83,11.0121,290.0,262.5,266.8307903302872,-9986.27,0.08683,-0.01623,0.0,25986,44,NEAR_FLIP,OK
2026-08-19,DASH,2026-08-21,216.35,7.9889,220.0,200.0,216.09854969075914,36189.81,0.01687,-0.07557,-0.00116,15014,41,NEAR_FLIP,OK
2026-08-19,MMM,2026-08-21,180.94,3.37,182.5,175.0,180.91765636617933,13449.33,0.00862,-0.03283,-0.00012,14587,33,NEAR_FLIP,OK
2026-08-19,MAR,2026-08-21,357.33,9.2579,365.0,350.0,357.3334105942855,-853.42,0.02146,-0.02051,1e-05,5337,40,NEAR_FLIP,OK
2026-08-19,CSX,2026-08-21,50.24,0.91,51.0,49.5,50.188549587074384,29279.11,0.01513,-0.01473,-0.00102,23653,27,NEAR_FLIP,OK
2026-08-19,CMCSA,2026-08-21,26.2,0.6886,27.0,26.0,26.198349504267384,10958.1,0.03053,-0.00763,-6e-05,115770,26,NEAR_FLIP,OK
2026-08-19,MNST,2026-08-21,47.38,5.1486,55.0,40.0,47.37400471476359,1220.23,0.16083,-0.15576,-0.00013,33453,11,NEAR_FLIP,OK
2026-08-19,WMB,2026-08-21,75.13,1.8136,78.0,74.0,75.1313169431918,-19493.36,0.0382,-0.01504,2e-05,24791,27,NEAR_FLIP,OK
2026-08-19,JCI,2026-08-21,149.68,4.4443,155.0,125.0,148.17966415396756,47688.13,0.03554,-0.16489,-0.01002,29916,15,NEAR_FLIP,OK
2026-08-19,RACE,2026-08-21,412.44,8.4289,420.0,405.0,412.43677772228057,1032.29,0.01833,-0.01804,-1e-05,3886,51,NEAR_FLIP,OK
2026-08-19,MELI,2026-08-21,1779.14,67.9485,1815.0,1745.0,1779.0694462654294,130197.47,0.02016,-0.01919,-4e-05,8716,94,NEAR_FLIP,OK
2026-08-19,WM,2026-08-21,223.58,4.5557,270.0,220.0,225.65182428776203,-57879.03,0.20762,-0.01601,0.00927,6536,15,NEAR_FLIP,OK
2026-08-19,HCA,2026-08-21,411.73,11.03,415.0,350.0,409.8329679742027,115609.57,0.00794,-0.14993,-0.00461,17208,40,NEAR_FLIP,OK
2026-08-19,MRSH,2026-08-21,186.37,3.8857,190.0,185.0,186.48841590877507,-83180.67,0.01948,-0.00735,0.00064,2607,14,NEAR_FLIP,OK
2026-08-19,DDOG,2026-08-21,246.0,17.6009,250.0,237.5,245.88742216077102,46992.47,0.01626,-0.03455,-0.00046,30454,41,NEAR_FLIP,OK
2026-08-19,EMR,2026-08-21,157.78,4.6986,190.0,152.5,156.1528487966462,61531.95,0.20421,-0.03346,-0.01031,3100,31,NEAR_FLIP,OK
2026-08-19,ICE,2026-08-21,156.18,3.6229,157.5,155.0,156.18919709484092,-46145.97,0.00845,-0.00756,6e-05,7522,40,NEAR_FLIP,OK
2026-08-19,CDNS,2026-08-21,316.52,10.5814,330.0,310.0,316.51987753839404,39.69,0.04259,-0.0206,-0.0,20370,47,NEAR_FLIP,OK
2026-08-19,UPS,2026-08-21,101.93,2.4014,110.0,101.0,101.93189399821043,-15708.53,0.07917,-0.00912,2e-05,54749,41,NEAR_FLIP,OK
2026-08-19,ELV,2026-08-21,398.27,10.0707,430.0,390.0,398.2587282067274,868.88,0.07967,-0.02076,-3e-05,3625,23,NEAR_FLIP,OK
2026-08-19,CMI,2026-08-21,620.81,22.9171,650.0,610.0,620.9233591634456,-4250.66,0.04702,-0.01741,0.00018,2893,33,NEAR_FLIP,OK
2026-08-19,MCO,2026-08-21,485.79,10.2514,490.0,480.0,485.7749240050344,29914.54,0.00867,-0.01192,-3e-05,7416,26,NEAR_FLIP,OK
2026-08-19,SHW,2026-08-21,345.27,8.2279,360.0,320.0,345.2699748303403,4.31,0.04266,-0.07319,-0.0,8619,18,NEAR_FLIP,OK
2026-08-19,NOC,2026-08-21,589.14,12.8471,600.0,415.0,589.054498321297,5311.38,0.01843,-0.29558,-0.00015,5427,57,NEAR_FLIP,OK
2026-08-19,EPD,2026-08-21,38.64,0.6664,39.0,38.0,38.6225997683122,22639.91,0.00932,-0.01656,-0.00045,12752,22,NEAR_FLIP,OK
2026-08-19,REGN,2026-08-21,810.24,22.2529,1000.0,795.0,810.1864356281071,49182.13,0.2342,-0.01881,-7e-05,3684,65,NEAR_FLIP,OK
2026-08-19,CP,2026-08-21,93.68,2.0421,97.5,87.5,93.68040600566707,-715.49,0.04078,-0.06597,0.0,1793,13,NEAR_FLIP,OK
2026-08-19,HOOD,2026-08-21,91.53,4.4727,93.0,90.0,91.53558483666045,-46097.74,0.01606,-0.01672,6e-05,176233,36,NEAR_FLIP,OK
2026-08-19,BAM,2026-08-21,51.47,1.6694,55.0,50.0,51.48488860471781,-6145.44,0.06858,-0.02856,0.00029,5337,10,NEAR_FLIP,OK
2026-08-19,ITW,2026-08-21,284.66,6.0686,290.0,280.0,284.66315677862093,-1188.23,0.01876,-0.01637,1e-05,1055,12,NEAR_FLIP,OK
2026-08-19,RCL,2026-08-21,300.0,8.095,302.5,297.5,300.0174621398689,-8772.61,0.00833,-0.00833,6e-05,7456,48,NEAR_FLIP,OK
2026-08-19,AMT,2026-08-21,172.33,4.8393,185.0,160.0,172.33145100355398,-797.55,0.07352,-0.07155,1e-05,10171,17,NEAR_FLIP,OK
2026-08-19,MDLZ,2026-08-21,62.66,1.4264,65.0,57.5,62.65870730585929,3693.6,0.03734,-0.08235,-2e-05,17610,22,NEAR_FLIP,OK
2026-08-19,CTAS,2026-08-21,199.45,4.6271,215.0,185.0,199.47628031438742,-870.99,0.07796,-0.07245,0.00013,6925,28,NEAR_FLIP,OK
2026-08-19,SU,2026-08-21,67.68,1.8821,70.0,63.0,67.67457186800002,7106.42,0.03428,-0.06915,-8e-05,7673,24,NEAR_FLIP,OK
2026-08-19,APO,2026-08-21,133.85,5.3571,135.0,115.0,133.75913156303207,75525.32,0.00859,-0.14083,-0.00068,16253,42,NEAR_FLIP,OK
2026-08-19,SLB,2026-08-21,53.21,1.5607,54.0,52.5,53.21765909973565,-41782.03,0.01485,-0.01334,0.00014,58173,36,NEAR_FLIP,OK
2026-08-19,ECL,2026-08-21,280.0,5.6621,290.0,270.0,280.1045212940511,-6268.82,0.03571,-0.03571,0.00037,6755,13,NEAR_FLIP,OK
2026-08-19,LITE,2026-08-21,873.31,89.7156,890.0,840.0,873.3022267423526,36782.02,0.01911,-0.03814,-1e-05,39549,94,NEAR_FLIP,OK
2026-08-19,EOG,2026-08-21,148.7,4.0607,150.0,146.0,148.60210651621287,32445.17,0.00874,-0.01816,-0.00066,7869,38,NEAR_FLIP,OK
2026-08-19,MSI,2026-08-21,469.5,14.1564,480.0,460.0,469.5026823621028,-43.88,0.02236,-0.02023,1e-05,1585,20,NEAR_FLIP,OK
2026-08-19,FDX,2026-08-21,328.38,7.1586,335.0,322.5,328.38111619965395,-4045.42,0.02016,-0.01791,0.0,9550,44,NEAR_FLIP,OK
2026-08-19,SNPS,2026-08-21,404.41,11.9657,420.0,390.0,404.41010503854795,-136.43,0.03855,-0.03563,0.0,11405,57,NEAR_FLIP,OK
2026-08-19,TRV,2026-08-21,367.93,7.8964,400.0,340.0,368.1744801102269,-158.49,0.08716,-0.07591,0.00066,7255,17,NEAR_FLIP,OK
2026-08-19,CNI,2026-08-21,126.55,2.0736,130.0,95.0,126.5546795538275,-43.93,0.02726,-0.24931,4e-05,2271,12,NEAR_FLIP,OK
2026-08-19,NSC,2026-08-21,338.91,6.0186,370.0,260.0,342.30585034741796,-1045.97,0.09174,-0.23283,0.01002,5039,14,NEAR_FLIP,OK
2026-08-19,ROST,2026-08-21,236.38,4.7979,245.0,232.5,236.37150346565176,953.34,0.03647,-0.01641,-4e-05,8097,38,NEAR_FLIP,OK
2026-08-19,HLT,2026-08-21,327.74,7.8264,340.0,325.0,327.79075291290496,-2386.43,0.03741,-0.00836,0.00015,1620,29,NEAR_FLIP,OK
2026-08-19,ET,2026-08-21,21.42,0.3586,22.0,20.0,21.392661098106338,53403.19,0.02708,-0.06629,-0.00128,25871,15,NEAR_FLIP,OK
2026-08-19,HPE,2026-08-21,55.69,3.2306,60.0,54.0,55.68993495986461,1264.23,0.07739,-0.03035,-0.0,47682,44,NEAR_FLIP,OK
2026-08-19,CI,2026-08-21,278.5,8.3929,300.0,200.0,278.500946800177,-475.29,0.0772,-0.28187,0.0,6489,37,NEAR_FLIP,OK
2026-08-19,GM,2026-08-21,83.71,2.1171,85.0,82.5,83.6961012719533,90111.23,0.01541,-0.01445,-0.00017,25844,46,NEAR_FLIP,OK
2026-08-19,ORLY,2026-08-21,90.76,2.2614,105.0,90.0,91.23444220317744,-12543.12,0.1569,-0.00837,0.00523,12422,11,NEAR_FLIP,OK
2026-08-19,KMI,2026-08-21,32.87,0.665,35.0,30.5,32.85615478876887,32735.33,0.0648,-0.0721,-0.00042,24428,24,NEAR_FLIP,OK
2026-08-19,BSX,2026-08-21,50.47,1.66,52.0,49.0,50.46963018763885,33885.88,0.03032,-0.02913,-1e-05,109698,35,NEAR_FLIP,OK
2026-08-19,MFC,2026-08-21,44.03,0.8021,47.0,41.0,43.80254166615929,1600.51,0.06745,-0.06882,-0.00517,3263,15,NEAR_FLIP,OK
2026-08-19,CL,2026-08-21,91.46,2.1864,95.0,90.0,91.46011125105808,-2795.16,0.03871,-0.01596,0.0,11399,29,NEAR_FLIP,OK
2026-08-19,AON,2026-08-21,343.2,7.9057,370.0,340.0,343.2028615670739,-182.09,0.07809,-0.00932,1e-05,2144,17,NEAR_FLIP,OK
2026-08-19,DLR,2026-08-21,195.25,4.8314,250.0,187.5,195.20374380251394,13471.79,0.28041,-0.03969,-0.00024,4486,30,NEAR_FLIP,OK
2026-08-19,HON,2026-08-21,227.71,6.31,230.0,220.0,227.7107237789956,-6494.57,0.01006,-0.03386,0.0,11384,38,NEAR_FLIP,OK
2026-08-19,CVNA,2026-08-21,65.0,4.1611,67.0,64.0,64.995129090481,136652.84,0.03077,-0.01538,-7e-05,157978,43,NEAR_FLIP,OK
2026-08-19,WBD,2026-08-21,28.48,0.5471,29.0,25.0,28.474156401263624,137848.95,0.01826,-0.12219,-0.00021,353027,21,NEAR_FLIP,OK
2026-08-19,SPG,2026-08-21,220.61,4.0814,230.0,210.0,219.4458392506807,819.66,0.04256,-0.04809,-0.00528,5609,16,NEAR_FLIP,OK
2026-08-19,DB,2026-08-21,38.09,0.6021,41.0,37.0,38.102404173198515,-3593.22,0.0764,-0.02862,0.00033,9347,17,NEAR_FLIP,OK
2026-08-19,URI,2026-08-21,1116.38,31.4814,1140.0,1105.0,1116.3805374501476,-125.33,0.02116,-0.01019,0.0,2538,78,NEAR_FLIP,OK
2026-08-19,NU,2026-08-21,14.35,0.6048,14.5,14.0,14.352032553504127,-526485.16,0.01045,-0.02439,0.00014,233240,17,NEAR_FLIP,OK
2026-08-19,B,2026-08-21,42.09,1.6786,45.0,41.5,42.090472196682995,-8439.97,0.06914,-0.01402,1e-05,39888,32,NEAR_FLIP,OK
2026-08-19,TGT,2026-08-21,152.48,3.6214,155.0,150.0,152.47927849813726,6842.29,0.01653,-0.01626,-0.0,56993,44,NEAR_FLIP,OK
2026-08-19,AEP,2026-08-21,126.35,2.4471,150.0,100.0,127.61425587012894,-4423.5,0.18718,-0.20855,0.01001,14574,14,NEAR_FLIP,OK
2026-08-19,TDG,2026-08-21,1233.78,36.4793,1340.0,980.0,1233.6195579032265,79541.02,0.08609,-0.20569,-0.00013,2080,48,NEAR_FLIP,OK
2026-08-19,NBIS,2026-08-21,248.43,27.2774,252.5,240.0,248.43346922484315,-7152.71,0.01638,-0.03393,1e-05,111815,58,NEAR_FLIP,OK
2026-08-19,APD,2026-08-21,303.23,7.0764,390.0,280.0,303.2299495292138,99.47,0.28615,-0.07661,-0.0,4435,16,NEAR_FLIP,OK
2026-08-19,PCAR,2026-08-21,128.02,3.3186,153.6,98.6,126.71087418488662,18063.37,0.19981,-0.22981,-0.01023,3215,28,NEAR_FLIP,OK
2026-08-19,RSG,2026-08-21,216.97,4.3136,240.0,200.0,216.97013946717306,-101.59,0.10614,-0.07821,0.0,2289,10,NEAR_FLIP,OK
2026-08-19,ALL,2026-08-21,261.15,7.2643,290.0,250.0,263.54564920512456,-451.79,0.11047,-0.0427,0.00917,6240,12,NEAR_FLIP,OK
2026-08-19,IMO,2026-08-21,135.7,3.37,165.0,125.0,134.1403570110705,860.3,0.21592,-0.07885,-0.01149,1178,12,NEAR_FLIP,OK
2026-08-19,MPWR,2026-08-21,1333.1801,87.7514,1360.0,1320.0,1333.2062126045284,-1584.5,0.02012,-0.00989,2e-05,3442,55,NEAR_FLIP,OK
2026-08-19,TFC,2026-08-21,52.41,0.8293,55.0,37.5,52.50388101817995,-471.15,0.04942,-0.28449,0.00179,12348,10,NEAR_FLIP,OK
2026-08-19,TRP,2026-08-21,64.02,1.5521,65.0,47.5,64.02968190272277,-3529.36,0.01531,-0.25804,0.00015,7332,14,NEAR_FLIP,OK
2026-08-19,TRGP,2026-08-21,297.77,9.075,310.0,250.0,297.40085664596745,29.16,0.04107,-0.16043,-0.00124,1063,12,NEAR_FLIP,OK
2026-08-19,AJG,2026-08-21,248.36,8.2536,290.0,240.0,249.3603784666169,-1521.58,0.16766,-0.03366,0.00403,2572,16,NEAR_FLIP,OK
2026-08-19,TER,2026-08-21,404.29,29.6257,407.5,390.0,404.2869720238831,5802.93,0.00794,-0.03535,-1e-05,20156,68,NEAR_FLIP,OK
2026-08-19,CRH,2026-08-21,93.25,2.935,100.0,90.0,93.28238709397937,-983.8,0.07239,-0.03485,0.00035,5715,22,NEAR_FLIP,OK
2026-08-19,GWW,2026-08-21,1314.12,32.0793,1340.0,1300.0,1314.1192737263125,202.92,0.01969,-0.01074,-0.0,1257,38,NEAR_FLIP,OK
2026-08-19,BE,2026-08-21,209.01,25.1746,212.5,207.5,209.0514833446261,-85208.21,0.0167,-0.00722,0.0002,106621,43,NEAR_FLIP,OK
2026-08-19,MET,2026-08-21,96.73,1.715,97.5,95.0,96.6414907130363,38427.03,0.00796,-0.01788,-0.00092,5551,15,NEAR_FLIP,OK
2026-08-19,FIX,2026-08-21,1739.08,98.6314,1900.0,1720.0,1739.0803150719958,-96.24,0.09253,-0.01097,0.0,3125,66,NEAR_FLIP,OK
2026-08-19,OKE,2026-08-21,97.07,2.47,105.0,90.0,97.16647631512167,-753.79,0.08169,-0.07283,0.00099,13673,10,NEAR_FLIP,OK
2026-08-19,AFL,2026-08-21,121.73,2.0379,126.0,90.0,121.72716510373725,2177.97,0.03508,-0.26066,-2e-05,10103,26,NEAR_FLIP,OK
2026-08-19,D,2026-08-21,68.61,1.2143,70.0,67.5,68.63134053432535,-9333.21,0.02026,-0.01618,0.00031,10902,11,NEAR_FLIP,OK
2026-08-19,COR,2026-08-21,316.13,10.1007,370.0,310.0,316.0430566433759,30139.1,0.1704,-0.01939,-0.00028,3173,19,NEAR_FLIP,OK
2026-08-19,WPM,2026-08-21,132.7,4.9643,135.0,128.0,132.64432062889384,11438.69,0.01733,-0.03542,-0.00042,7546,58,NEAR_FLIP,OK
2026-08-19,PSA,2026-08-21,323.1,7.3793,350.0,320.0,323.1061586660301,-611.07,0.08326,-0.00959,2e-05,1526,13,NEAR_FLIP,OK
2026-08-19,COHR,2026-08-21,306.43,38.8879,317.5,295.0,306.429818596143,681.69,0.03613,-0.0373,-0.0,31165,65,NEAR_FLIP,OK
2026-08-19,CVE,2026-08-21,32.52,1.0229,33.0,28.0,32.24155028081195,55377.05,0.01476,-0.13899,-0.00856,13376,18,NEAR_FLIP,OK
2026-08-19,NUE,2026-08-21,264.19,7.2114,270.0,240.0,264.1880753917127,162.93,0.02199,-0.09156,-1e-05,3596,18,NEAR_FLIP,OK
2026-08-19,OXY,2026-08-21,59.8,1.6536,61.0,59.0,59.8028849290954,-28263.92,0.02007,-0.01338,5e-05,82235,35,NEAR_FLIP,OK
2026-08-19,NKE,2026-08-21,40.06,1.2114,41.5,39.5,40.063243473598014,-164989.81,0.03595,-0.01398,8e-05,141260,35,NEAR_FLIP,OK
2026-08-19,TEL,2026-08-21,204.97,6.655,240.0,190.0,204.99285614760632,-676.31,0.1709,-0.07304,0.00011,18473,18,NEAR_FLIP,OK
2026-08-19,O,2026-08-21,62.21,1.1293,67.5,60.0,62.280391087486144,-3173.34,0.08503,-0.03552,0.00113,17661,12,NEAR_FLIP,OK
2026-08-19,FAST,2026-08-21,51.27,1.1871,55.0,47.5,51.25499966631058,480.4,0.07275,-0.07353,-0.00029,8818,11,NEAR_FLIP,OK
2026-08-19,FANG,2026-08-21,210.02,5.9121,220.0,195.0,210.24325738952882,-637.01,0.04752,-0.07152,0.00106,8013,17,NEAR_FLIP,OK
2026-08-19,KEYS,2026-08-21,341.0,14.3857,370.0,290.0,340.79573982506173,56.87,0.08504,-0.14956,-0.0006,9853,20,NEAR_FLIP,OK
2026-08-19,NXPI,2026-08-21,228.56,9.51,270.0,220.0,229.6438623620714,-989.42,0.18131,-0.03745,0.00474,9503,14,NEAR_FLIP,OK
2026-08-19,CIEN,2026-08-21,405.54,33.4264,412.5,390.0,405.5385083207006,2493.75,0.01716,-0.03832,-0.0,12936,63,NEAR_FLIP,OK
2026-08-19,GRMN,2026-08-21,297.44,7.9679,300.0,250.0,297.1682926961246,3780.15,0.00861,-0.15949,-0.00091,3147,14,NEAR_FLIP,OK
2026-08-19,AME,2026-08-21,249.99,5.4293,260.0,185.0,249.921126022061,308.76,0.04004,-0.25997,-0.00028,6081,16,NEAR_FLIP,OK
2026-08-19,SRE,2026-08-21,87.18,1.5686,90.0,80.0,86.97771951085366,3434.89,0.03235,-0.08236,-0.00232,7092,9,NEAR_FLIP,OK
2026-08-19,LNG,2026-08-21,273.78,7.915,280.0,230.0,273.77471850352293,2637.39,0.02272,-0.15991,-2e-05,16739,37,NEAR_FLIP,OK
2026-08-19,DAL,2026-08-21,85.7,2.2843,87.0,85.0,85.7114712666348,-32538.4,0.01517,-0.00817,0.00013,42085,38,NEAR_FLIP,OK
2026-08-19,F,2026-08-21,13.93,0.4164,14.0,13.5,13.79807803983642,3978796.29,0.00503,-0.03087,-0.00947,165277,16,NEAR_FLIP,OK
2026-08-19,CAH,2026-08-21,234.98,6.9343,240.0,232.5,234.97996386106732,273.97,0.02136,-0.01055,-0.0,6103,33,NEAR_FLIP,OK
2026-08-19,NDAQ,2026-08-21,96.71,1.7864,100.0,96.0,96.7027281114832,3349.47,0.03402,-0.00734,-8e-05,5111,35,NEAR_FLIP,OK
2026-08-19,STT,2026-08-21,191.87,3.7036,195.0,185.0,191.84194516455398,44967.24,0.01631,-0.03581,-0.00015,3480,15,NEAR_FLIP,OK
2026-08-19,ALAB,2026-08-21,303.44,32.7254,315.0,292.5,303.4399443978999,740.77,0.0381,-0.03605,-0.0,23290,57,NEAR_FLIP,OK
2026-08-19,DVN,2026-08-21,47.83,1.355,48.5,47.5,47.854612290870996,-74641.37,0.01401,-0.0069,0.00051,74925,36,NEAR_FLIP,OK
2026-08-19,EW,2026-08-21,90.98,1.945,92.5,85.0,90.97608439850804,15624.52,0.01671,-0.06573,-4e-05,14432,17,NEAR_FLIP,OK
2026-08-19,ADSK,2026-08-21,246.79,9.4343,267.5,242.5,246.79079991693436,-1354.77,0.08392,-0.01738,0.0,5831,39,NEAR_FLIP,OK
2026-08-19,LHX,2026-08-21,279.54,9.1771,285.0,275.0,279.5424685971655,-2061.31,0.01953,-0.01624,1e-05,3100,33,NEAR_FLIP,OK
2026-08-19,CTVA,2026-08-21,77.91,2.6105,90.0,65.0,77.92341621170307,-53.25,0.15518,-0.1657,0.00017,1792,8,NEAR_FLIP,OK
2026-08-19,FITB,2026-08-21,57.29,0.9564,60.0,41.0,57.38254016814798,-982.95,0.0473,-0.28434,0.00162,9774,14,NEAR_FLIP,OK
2026-08-19,PYPL,2026-08-21,60.43,1.4752,62.5,60.0,60.43116055670099,-91690.21,0.03425,-0.00712,2e-05,94743,33,NEAR_FLIP,OK
2026-08-19,CRWV,2026-08-21,93.17,9.8454,100.0,92.5,93.17340677573999,-109679.81,0.07331,-0.00719,4e-05,222931,64,NEAR_FLIP,OK
2026-08-19,HONA,2026-08-21,160.76,12.1636,175.0,155.0,160.8826454106137,-1287.09,0.08858,-0.03583,0.00076,3678,14,NEAR_FLIP,OK
2026-08-19,CARR,2026-08-21,61.42,1.7711,62.0,57.0,61.446377764322406,-10873.74,0.00944,-0.07196,0.00043,30780,29,NEAR_FLIP,OK
2026-08-19,ETR,2026-08-21,108.08,2.2136,110.0,100.0,107.729278099684,407.17,0.01776,-0.07476,-0.00325,4032,9,NEAR_FLIP,OK
2026-08-19,AXON,2026-08-21,619.85,40.2007,625.0,595.0,619.5173793540197,5399.5,0.00831,-0.04009,-0.00054,3719,58,NEAR_FLIP,OK
2026-08-19,AZO,2026-08-21,3073.2,78.1529,3140.0,3010.0,3073.2002192060954,-62.35,0.02174,-0.02056,0.0,2705,52,NEAR_FLIP,OK
2026-08-19,WAB,2026-08-21,294.72,5.6286,300.0,270.0,294.45929995862076,1867.44,0.01792,-0.08388,-0.00088,632,13,NEAR_FLIP,OK
2026-08-19,AMP,2026-08-21,562.12,9.3229,610.0,520.0,562.1211732833555,-406.33,0.08518,-0.07493,0.0,620,18,NEAR_FLIP,OK
2026-08-19,AU,2026-08-21,97.95,4.6621,105.0,85.0,97.29314731861471,1226.75,0.07198,-0.13221,-0.00671,5982,12,NEAR_FLIP,OK
2026-08-19,XEL,2026-08-21,79.17,1.4671,80.0,65.0,78.30217478324023,2074.13,0.01048,-0.17898,-0.01096,4670,9,NEAR_FLIP,OK
2026-08-19,CBRS,2026-08-21,220.01,25.5714,237.5,212.5,220.01023284988767,-1180.62,0.0795,-0.03413,0.0,33178,50,NEAR_FLIP,OK
2026-08-19,BDX,2026-08-21,180.77,4.3507,195.0,155.0,180.7700872019722,-4.87,0.07872,-0.14256,0.0,2935,14,NEAR_FLIP,OK
2026-08-19,ROK,2026-08-21,433.67,14.825,450.0,430.0,433.69028427085703,-15575.64,0.03766,-0.00846,5e-05,10633,26,NEAR_FLIP,OK
2026-08-19,VTR,2026-08-21,91.2,2.7243,97.5,85.0,91.19739230488041,4515.79,0.06908,-0.06798,-3e-05,2641,16,NEAR_FLIP,OK
2026-08-19,XYZ,2026-08-21,79.43,2.6813,80.0,74.0,79.13198155563917,535815.41,0.00718,-0.06836,-0.00375,71980,33,NEAR_FLIP,OK
2026-08-19,CCEP,2026-08-21,107.5,2.4114,120.0,85.0,107.51095553669803,-1220.61,0.11628,-0.2093,0.0001,1297,9,NEAR_FLIP,OK
2026-08-19,RKLB,2026-08-21,79.16,5.9266,85.0,78.0,79.16042551169672,-28621.6,0.07377,-0.01465,1e-05,73005,43,NEAR_FLIP,OK
2026-08-19,FERG,2026-08-21,244.47,8.6007,250.0,240.0,244.51443466605508,-4093.77,0.02262,-0.01828,0.00018,5726,17,NEAR_FLIP,OK
2026-08-19,VST,2026-08-21,140.52,6.3159,143.0,136.0,140.5214111429678,-2162.29,0.01765,-0.03217,1e-05,71160,41,NEAR_FLIP,OK
2026-08-19,WDAY,2026-08-21,190.64,12.6064,192.5,187.5,190.64177631443582,-19439.4,0.00976,-0.01647,1e-05,22378,37,NEAR_FLIP,OK
2026-08-19,EXC,2026-08-21,45.31,0.9621,46.0,45.0,45.31983173412719,-14443.58,0.01523,-0.00684,0.00022,9412,13,NEAR_FLIP,OK
2026-08-19,RVMD,2026-08-21,216.0,7.7976,220.0,200.0,214.05585882814728,6383.23,0.01852,-0.07407,-0.009,6130,16,NEAR_FLIP,OK
2026-08-19,HUM,2026-08-21,382.0,13.7543,385.0,375.0,381.9366776614339,44961.81,0.00785,-0.01832,-0.00017,9021,53,NEAR_FLIP,OK
2026-08-19,CRDO,2026-08-21,245.97,23.6697,250.0,237.5,245.5903562562573,126382.37,0.01638,-0.03444,-0.00154,23780,53,NEAR_FLIP,OK
2026-08-19,EBAY,2026-08-21,102.27,3.9536,103.0,99.0,102.25730714035593,10477.47,0.00714,-0.03197,-0.00012,7616,35,NEAR_FLIP,OK
2026-08-19,TTWO,2026-08-21,242.4,8.6914,245.0,240.0,242.40003971054415,-2227.65,0.01073,-0.0099,0.0,39817,39,NEAR_FLIP,OK
2026-08-19,FNV,2026-08-21,232.96,7.8814,280.0,200.0,233.1438148362016,-103.28,0.20192,-0.14148,0.00079,3445,18,NEAR_FLIP,OK
2026-08-19,NTRA,2026-08-21,311.69,14.6733,340.0,300.0,311.7088967552652,-94.53,0.09083,-0.03751,6e-05,6832,18,NEAR_FLIP,OK
2026-08-19,MDLN,2026-08-21,34.12,1.9196,40.0,30.0,34.15801987752501,-440.44,0.17233,-0.12075,0.00111,8636,8,NEAR_FLIP,OK
2026-08-19,FLEX,2026-08-21,120.24,7.4214,125.0,115.0,120.15066164884612,1294.27,0.03959,-0.04358,-0.00074,25018,14,NEAR_FLIP,OK
2026-08-19,VIK,2026-08-21,98.29,3.3297,100.0,95.0,98.15190725913435,20969.23,0.0174,-0.03347,-0.0014,14771,12,NEAR_FLIP,OK
2026-08-19,TRI,2026-08-21,100.89,5.9243,105.0,100.0,101.14066521412447,-1101.86,0.04074,-0.00882,0.00248,4662,12,NEAR_FLIP,OK
2026-08-19,IDXX,2026-08-21,553.32,20.925,600.0,510.0,553.291516384711,30.91,0.08436,-0.07829,-5e-05,2319,25,NEAR_FLIP,OK
2026-08-19,ODFL,2026-08-21,208.0,7.0371,210.0,200.0,208.00009928983053,-73.44,0.00962,-0.03846,0.0,2133,17,NEAR_FLIP,OK
2026-08-19,HEI,2026-08-21,368.01,8.7107,400.0,340.0,370.5387570823901,-116.67,0.08693,-0.07611,0.00687,2095,20,NEAR_FLIP,OK
2026-08-19,PRU,2026-08-21,124.54,2.5586,130.0,120.0,124.82819475778093,-2353.75,0.04384,-0.03645,0.00231,4468,13,NEAR_FLIP,OK
2026-08-19,PAYX,2026-08-21,119.93,3.6786,125.0,115.0,119.81782621580993,547.69,0.04227,-0.04111,-0.00094,5553,12,NEAR_FLIP,OK
2026-08-19,CBRE,2026-08-21,147.3,4.3864,150.0,145.0,147.30042427544882,-2226.02,0.01833,-0.01561,0.0,5434,15,NEAR_FLIP,OK
2026-08-19,MCHP,2026-08-21,78.19,4.3593,84.0,77.5,78.19080523900908,-46518.18,0.07431,-0.00882,1e-05,42185,36,NEAR_FLIP,OK
2026-08-19,LYV,2026-08-21,179.84,5.075,195.0,167.5,179.83790309929864,2072.13,0.0843,-0.06862,-1e-05,4144,26,NEAR_FLIP,OK
2026-08-19,CMG,2026-08-21,33.36,1.5379,34.5,33.0,33.3598411219083,28000.94,0.03417,-0.01079,-0.0,165514,31,NEAR_FLIP,OK
2026-08-19,A,2026-08-21,148.44,3.0293,150.0,145.0,148.39949098434352,1223.54,0.01051,-0.02317,-0.00027,3045,15,NEAR_FLIP,OK
2026-08-19,KDP,2026-08-21,30.79,1.0907,31.0,29.0,30.511724495130387,233437.97,0.00682,-0.05814,-0.00904,19911,16,NEAR_FLIP,OK
2026-08-19,CCJ,2026-08-21,96.03,3.7271,100.0,93.0,96.03002579673782,-147.89,0.04134,-0.03155,0.0,62914,39,NEAR_FLIP,OK
2026-08-19,WCN,2026-08-21,165.53,3.4921,195.0,160.0,166.5361522965282,-1766.06,0.17803,-0.03341,0.00608,4238,13,NEAR_FLIP,OK
2026-08-19,TEAM,2026-08-21,163.0,9.95,175.0,160.0,162.99831426541405,1418.24,0.07362,-0.0184,-1e-05,11086,31,NEAR_FLIP,OK
2026-08-19,MSCI,2026-08-21,562.77,13.3843,610.0,520.0,562.7705777559643,-1210.23,0.08392,-0.076,0.0,3835,33,NEAR_FLIP,OK
2026-08-19,DHI,2026-08-21,145.68,4.3393,147.0,135.0,145.68371475553872,-1810.21,0.00906,-0.07331,3e-05,6837,32,NEAR_FLIP,OK
2026-08-19,ED,2026-08-21,109.16,1.9786,110.0,105.0,108.08740798317157,123982.4,0.0077,-0.03811,-0.00983,5112,14,NEAR_FLIP,OK
2026-08-19,NTAP,2026-08-21,204.71,7.6007,220.0,190.0,204.6977364560268,358.64,0.07469,-0.07186,-6e-05,5214,17,NEAR_FLIP,OK
2026-08-19,AIG,2026-08-21,76.12,1.5379,77.5,75.0,76.12691321973311,-16708.47,0.01813,-0.01471,9e-05,12468,30,NEAR_FLIP,OK
2026-08-19,ADM,2026-08-21,82.45,2.2743,95.0,70.0,81.95967843169882,529.83,0.15221,-0.151,-0.00595,9752,15,NEAR_FLIP,OK
2026-08-19,RKT,2026-08-21,13.99,0.7768,15.0,13.5,13.982071145374649,6179.36,0.07219,-0.03503,-0.00057,85609,16,NEAR_FLIP,OK
2026-08-19,YUM,2026-08-21,144.86,5.05,150.0,140.0,145.08671395298873,-5821.05,0.03548,-0.03355,0.00157,3812,14,NEAR_FLIP,OK
2026-08-19,IQV,2026-08-21,240.03,8.0479,250.0,230.0,239.93305385111302,446.7,0.04154,-0.04179,-0.0004,4770,14,NEAR_FLIP,OK
2026-08-19,VEEV,2026-08-21,242.75,9.0029,250.0,240.0,242.76458910440536,-9.85,0.02987,-0.01133,6e-05,2320,14,NEAR_FLIP,OK
2026-08-19,WAT,2026-08-21,401.25,11.6586,460.0,340.0,397.1496866106725,3858.87,0.14642,-0.15265,-0.01022,1793,19,NEAR_FLIP,OK
2026-08-19,PCG,2026-08-21,17.82,0.5121,18.0,17.5,17.819859342957965,6924.36,0.0101,-0.01796,-1e-05,111850,17,NEAR_FLIP,OK
2026-08-19,SYY,2026-08-21,81.96,1.985,82.5,70.0,81.1986970982258,602760.67,0.00659,-0.14592,-0.00929,15333,17,NEAR_FLIP,OK
2026-08-19,ROP,2026-08-21,394.17,11.335,470.0,380.0,394.2744731435699,-34962.99,0.19238,-0.03595,0.00027,1107,22,NEAR_FLIP,OK
2026-08-19,P,2026-08-21,117.06,5.9603,120.0,115.0,117.06972702319207,-939.18,0.02512,-0.0176,8e-05,7133,11,NEAR_FLIP,OK
2026-08-19,COIN,2026-08-21,146.23,7.8614,157.5,145.0,146.24713173243117,-99991.51,0.07707,-0.00841,0.00012,135005,33,NEAR_FLIP,OK
2026-08-19,EXPE,2026-08-21,321.42,13.3893,327.5,310.0,321.4202078135401,-993.22,0.01892,-0.03553,0.0,6109,48,NEAR_FLIP,OK
2026-08-19,UAL,2026-08-21,118.72,4.0814,120.0,115.0,118.72019797915515,-21605.69,0.01078,-0.03133,0.0,32229,45,NEAR_FLIP,OK
2026-08-19,IRM,2026-08-21,126.67,4.3107,136.0,122.0,126.66454557236445,971.85,0.07366,-0.03687,-4e-05,4695,31,NEAR_FLIP,OK
2026-08-19,PEG,2026-08-21,75.6,1.3179,95.0,75.0,75.66390540546537,-3630.14,0.25661,-0.00794,0.00085,9014,15,NEAR_FLIP,OK
2026-08-19,HIG,2026-08-21,138.96,2.5607,140.0,120.0,137.58379349699405,87011.42,0.00748,-0.13644,-0.0099,3943,9,NEAR_FLIP,OK
2026-08-19,CCL,2026-08-21,27.27,0.8514,27.5,26.5,27.269885554460405,13565.03,0.00843,-0.02824,-0.0,82621,25,NEAR_FLIP,OK
2026-08-19,ESLT,2026-08-21,795.71,23.7621,830.0,600.0,803.7887363636839,-32410.1,0.04309,-0.24596,0.01015,1414,42,NEAR_FLIP,OK
2026-08-19,HSY,2026-08-21,183.45,3.7693,185.0,180.0,183.25415315404965,43250.82,0.00845,-0.01881,-0.00107,6390,29,NEAR_FLIP,OK
2026-08-19,ALC,2026-08-21,73.55,1.5739,75.0,72.5,73.55037881110094,-1873.93,0.01971,-0.01428,1e-05,9608,16,NEAR_FLIP,OK
2026-08-19,EME,2026-08-21,824.53,36.4,840.0,760.0,824.587487388637,-3105.29,0.01876,-0.07826,7e-05,822,41,NEAR_FLIP,OK
2026-08-19,TKO,2026-08-21,192.11,5.9321,200.0,185.0,192.10954052997457,239.86,0.04107,-0.03701,-0.0,2193,17,NEAR_FLIP,OK
2026-08-19,MTB,2026-08-21,251.5,3.6621,280.0,190.0,254.0295473865421,-891.22,0.11332,-0.24453,0.01006,1090,10,NEAR_FLIP,OK
2026-08-19,WEC,2026-08-21,111.05,1.9279,115.0,90.0,111.05054968941069,-17.01,0.03557,-0.18955,0.0,2245,14,NEAR_FLIP,OK
2026-08-19,KVUE,2026-08-21,18.8,0.4904,20.0,18.5,18.79929259161399,1607.76,0.06383,-0.01596,-4e-05,11327,15,NEAR_FLIP,OK
2026-08-19,KMB,2026-08-21,107.72,3.2414,110.0,107.0,107.72403496201915,-18163.3,0.02117,-0.00668,4e-05,17539,33,NEAR_FLIP,OK
2026-08-19,STLD,2026-08-21,249.81,8.0271,320.0,240.0,249.43393192682527,1642.77,0.28097,-0.03927,-0.00151,4070,17,NEAR_FLIP,OK
2026-08-19,CLS,2026-08-21,310.59,26.6857,335.0,305.0,310.59022282916123,-937.66,0.07859,-0.018,0.0,17997,53,NEAR_FLIP,OK
2026-08-19,HBAN,2026-08-21,17.66,0.3,20.0,13.0,17.60167296312041,3417.1,0.1325,-0.26387,-0.0033,13266,10,NEAR_FLIP,OK
2026-08-19,TWLO,2026-08-21,232.1,14.5002,250.0,230.0,232.10032743796438,-588.15,0.07712,-0.00905,0.0,16653,43,NEAR_FLIP,OK
2026-08-19,MSTR,2026-08-21,92.52,5.0457,94.0,91.0,92.51231373720064,95651.81,0.016,-0.01643,-8e-05,384389,43,NEAR_FLIP,OK
2026-08-19,VG,2026-08-21,14.2,0.7493,15.0,14.0,14.157810189130648,211603.52,0.05634,-0.01408,-0.00297,102672,17,NEAR_FLIP,OK
2026-08-19,JBL,2026-08-21,338.62,17.2193,345.0,332.5,338.61893659940597,635.26,0.01884,-0.01807,-0.0,5898,47,NEAR_FLIP,OK
2026-08-19,VMC,2026-08-21,271.65,7.5393,320.0,250.0,268.88141680786134,796.32,0.17799,-0.0797,-0.01019,1601,15,NEAR_FLIP,OK
2026-08-19,MDB,2026-08-21,434.62,21.8002,470.0,417.5,434.61991527353393,220.35,0.0814,-0.03939,-0.0,11035,65,NEAR_FLIP,OK
2026-08-19,NTRS,2026-08-21,190.58,3.4814,200.0,175.0,190.53593114891248,2.96,0.04943,-0.08175,-0.00023,1257,10,NEAR_FLIP,OK
2026-08-19,QSR,2026-08-21,76.56,1.7331,82.5,75.0,76.55656562825338,554.91,0.07759,-0.02038,-4e-05,7319,10,NEAR_FLIP,OK
2026-08-19,KR,2026-08-21,56.34,1.3171,65.0,56.0,56.34159795279974,-195864.08,0.15371,-0.00603,3e-05,39230,29,NEAR_FLIP,OK
2026-08-19,RJF,2026-08-21,179.3,3.1236,195.0,150.0,179.37540433921617,-6.64,0.08756,-0.16341,0.00042,1726,14,NEAR_FLIP,OK
2026-08-19,DXCM,2026-08-21,89.6,3.1521,91.0,89.0,90.07434567962943,-117641.14,0.01563,-0.0067,0.00529,10783,34,NEAR_FLIP,OK
2026-08-19,ACGL,2026-08-21,98.91,2.0536,100.0,95.0,98.89036507051208,28.34,0.01102,-0.03953,-0.0002,1648,10,NEAR_FLIP,OK
2026-08-19,EQT,2026-08-21,53.14,1.2971,54.0,49.5,53.134227654122355,39216.11,0.01618,-0.0685,-0.00011,49033,26,NEAR_FLIP,OK
2026-08-19,NTR,2026-08-21,69.4,1.8198,70.0,65.0,68.93570723024732,29529.37,0.00865,-0.0634,-0.00669,19926,30,NEAR_FLIP,OK
2026-08-19,GEHC,2026-08-21,72.63,2.3086,75.0,72.0,72.62819588026876,10538.29,0.03263,-0.00867,-2e-05,7194,31,NEAR_FLIP,OK
2026-08-19,SUNB,2026-08-21,78.8,2.9686,80.0,65.0,77.37191758705788,47416.84,0.01523,-0.17513,-0.01812,2759,9,NEAR_FLIP,OK
2026-08-19,CNC,2026-08-21,65.22,2.5914,67.5,64.0,65.21766576828367,1848.81,0.03496,-0.01871,-4e-05,12882,33,NEAR_FLIP,OK
2026-08-19,KGC,2026-08-21,27.12,1.0493,27.5,25.5,26.911655210927616,24796.83,0.01401,-0.05973,-0.00768,18529,26,NEAR_FLIP,OK
2026-08-19,RMD,2026-08-21,219.98,7.7993,230.0,210.0,219.8433341797916,195.08,0.04555,-0.04537,-0.00062,6773,16,NEAR_FLIP,OK
2026-08-19,CASY,2026-08-21,855.0,24.8278,1100.0,660.0,855.597027833848,-5635.8,0.28655,-0.22807,0.0007,2602,43,NEAR_FLIP,OK
2026-08-19,CCI,2026-08-21,74.03,2.5364,80.0,72.5,74.02933362607239,186.7,0.08064,-0.02067,-1e-05,11531,14,NEAR_FLIP,OK
2026-08-19,ARES,2026-08-21,140.31,5.7321,145.0,138.0,139.75589517045714,76870.83,0.03343,-0.01646,-0.00395,11295,43,NEAR_FLIP,OK
2026-08-19,BIIB,2026-08-21,212.55,5.5257,220.0,205.0,212.53699644595756,5344.06,0.03505,-0.03552,-6e-05,2466,27,NEAR_FLIP,OK
2026-08-19,MLM,2026-08-21,522.81,15.7193,570.0,430.0,523.1027570163674,-6658.18,0.09026,-0.17752,0.00056,782,27,NEAR_FLIP,OK
2026-08-19,IR,2026-08-21,80.77,2.6751,95.0,80.0,81.48104021841182,-227.29,0.17618,-0.00953,0.0088,707,9,NEAR_FLIP,OK
2026-08-19,TECK,2026-08-21,63.91,2.315,65.0,63.0,63.835439877174714,36488.73,0.01706,-0.01424,-0.00117,15222,25,NEAR_FLIP,OK
2026-08-19,EXR,2026-08-21,146.92,2.8429,150.0,135.0,146.91980341832965,103.47,0.02096,-0.08113,-0.0,1061,12,NEAR_FLIP,OK
2026-08-19,CFG,2026-08-21,73.46,1.4021,75.0,70.0,73.45947997642222,1523.84,0.02096,-0.0471,-1e-05,7768,12,NEAR_FLIP,OK
2026-08-19,ON,2026-08-21,79.42,4.0993,80.0,77.0,79.37162843418989,42974.69,0.0073,-0.03047,-0.00061,22914,33,NEAR_FLIP,OK
2026-08-19,ATI,2026-08-21,226.46,10.2757,270.0,210.0,226.46025855432092,-74.93,0.19226,-0.07268,0.0,2873,18,NEAR_FLIP,OK
2026-08-19,TDY,2026-08-21,665.0,14.9228,780.0,480.0,659.6432576163763,3304.98,0.17293,-0.2782,-0.00806,1002,28,NEAR_FLIP,OK
2026-08-19,ZM,2026-08-21,104.71,3.9218,109.0,104.0,104.71617437029568,-14367.2,0.04097,-0.00678,6e-05,22041,49,NEAR_FLIP,OK
2026-08-19,FTI,2026-08-21,78.29,2.6557,80.0,75.0,77.9808024590478,114.85,0.02184,-0.04202,-0.00395,1474,8,NEAR_FLIP,OK
2026-08-19,ALNY,2026-08-21,228.61,14.965,250.0,220.0,229.17834720714555,-433.05,0.09357,-0.03766,0.00249,3250,15,NEAR_FLIP,OK
2026-08-19,ZTS,2026-08-21,73.96,3.2807,75.0,70.0,73.21540851096614,300121.93,0.01406,-0.05354,-0.01007,27577,9,NEAR_FLIP,OK
2026-08-19,EL,2026-08-21,84.27,2.3436,85.0,83.0,84.25499832558674,15415.59,0.00866,-0.01507,-0.00018,15702,34,NEAR_FLIP,OK
2026-08-19,WTW,2026-08-21,327.9,8.8871,340.0,300.0,327.8651922668963,42.16,0.0369,-0.08509,-0.00011,96,10,NEAR_FLIP,LOW
2026-08-19,RDDT,2026-08-21,158.25,12.7859,170.0,152.5,158.2450445121027,5496.5,0.07425,-0.03633,-3e-05,66519,37,NEAR_FLIP,OK
2026-08-19,ZS,2026-08-21,185.7,7.8299,200.0,182.5,185.69321283800136,3453.98,0.07701,-0.01723,-4e-05,24070,45,NEAR_FLIP,OK
2026-08-19,LVS,2026-08-21,45.47,1.2093,47.0,44.0,45.470412941006856,-2100.05,0.03365,-0.03233,1e-05,15319,34,NEAR_FLIP,OK
2026-08-19,KHC,2026-08-21,24.82,0.7953,25.0,24.5,24.79072981916709,321512.42,0.00725,-0.01289,-0.00118,82175,23,NEAR_FLIP,OK
2026-08-19,BAP,2026-08-21,368.44,13.0757,400.0,280.0,368.0181044098806,564.27,0.08566,-0.24004,-0.00115,1608,18,NEAR_FLIP,OK
2026-08-19,CPRT,2026-08-21,31.51,1.1329,32.5,27.5,31.26066513622984,16741.25,0.03142,-0.12726,-0.00791,13870,8,NEAR_FLIP,OK
2026-08-19,LPLA,2026-08-21,368.73,9.4943,400.0,340.0,368.6650566805627,1129.62,0.0848,-0.07792,-0.00018,3073,14,NEAR_FLIP,OK
2026-08-19,HAL,2026-08-21,34.66,0.9114,37.0,32.0,34.656564709865584,4814.04,0.06751,-0.07675,-0.0001,30671,32,NEAR_FLIP,OK
2026-08-19,ILMN,2026-08-21,188.29,7.6979,190.0,185.0,188.28778509032506,1425.52,0.00908,-0.01747,-1e-05,3396,18,NEAR_FLIP,OK
2026-08-19,WSM,2026-08-21,241.39,6.5757,250.0,220.0,239.24945335661496,11414.88,0.03567,-0.08861,-0.00887,7064,17,NEAR_FLIP,OK
2026-08-19,EIX,2026-08-21,73.69,2.5314,75.0,72.5,73.69462730535818,-14529.74,0.01778,-0.01615,6e-05,14639,15,NEAR_FLIP,OK
2026-08-19,INSM,2026-08-21,128.46,6.9436,130.0,110.0,128.43500650668634,102.9,0.01199,-0.1437,-0.00019,26557,18,NEAR_FLIP,OK
2026-08-19,MTD,2026-08-21,1399.67,36.7714,1460.0,980.0,1399.6789391103775,-176.14,0.0431,-0.29983,1e-05,161,20,NEAR_FLIP,LOW
2026-08-19,CPNG,2026-08-21,15.58,0.5776,16.0,15.5,15.590429999110912,-91810.55,0.02696,-0.00513,0.00067,64114,18,NEAR_FLIP,OK
2026-08-19,Q,2026-08-21,133.58,7.4096,155.0,115.0,133.31374648900976,1452.21,0.16035,-0.13909,-0.00199,13197,16,NEAR_FLIP,OK
2026-08-19,FISV,2026-08-21,51.72,2.4436,60.0,51.0,51.98162421927458,-32063.61,0.16009,-0.01392,0.00506,26773,30,NEAR_FLIP,OK
2026-08-19,HPQ,2026-08-21,29.96,1.4707,32.0,29.5,29.970813770285655,-16292.25,0.06809,-0.01535,0.00036,44369,29,NEAR_FLIP,OK
2026-08-19,DOV,2026-08-21,203.06,3.8693,220.0,195.0,203.05980567721014,7.39,0.08342,-0.03969,-0.0,1571,12,NEAR_FLIP,OK
2026-08-19,FE,2026-08-21,47.26,0.88,48.0,44.0,46.89237906332454,2535.17,0.01566,-0.06898,-0.00778,1793,12,NEAR_FLIP,OK
2026-08-19,TSEM,2026-08-21,240.55,24.3207,242.5,220.0,240.49601508832194,4383.14,0.00811,-0.08543,-0.00022,7489,44,NEAR_FLIP,OK
2026-08-19,AWK,2026-08-21,136.27,3.3793,140.0,135.0,136.54290963542002,-4925.55,0.02737,-0.00932,0.002,4571,11,NEAR_FLIP,OK
2026-08-19,RF,2026-08-21,31.7,0.4893,32.0,27.0,31.615860989057943,4518.01,0.00946,-0.14827,-0.00265,9709,17,NEAR_FLIP,OK
2026-08-19,ROIV,2026-08-21,37.37,1.3421,38.0,35.0,37.18636037523639,204.21,0.01686,-0.06342,-0.00491,942,11,NEAR_FLIP,OK
2026-08-19,RBLX,2026-08-21,37.67,2.8982,38.0,36.5,37.66838314201785,4018.77,0.00876,-0.03106,-4e-05,37300,34,NEAR_FLIP,OK
2026-08-19,PPL,2026-08-21,35.62,0.6593,38.0,35.0,35.612857945328365,7775.21,0.06682,-0.01741,-0.0002,15074,17,NEAR_FLIP,OK
2026-08-19,OTIS,2026-08-21,70.35,1.5775,72.5,67.5,69.79170115716272,5055.34,0.03056,-0.04051,-0.00794,3122,11,NEAR_FLIP,OK
2026-08-19,CPAY,2026-08-21,406.82,11.72,440.0,400.0,406.79754588768884,1359.07,0.08156,-0.01676,-6e-05,518,15,NEAR_FLIP,OK
2026-08-19,CNP,2026-08-21,40.54,0.8557,42.0,40.0,40.54368589832593,-12416.35,0.03601,-0.01332,9e-05,8677,18,NEAR_FLIP,OK
2026-08-19,DG,2026-08-21,120.84,3.3979,125.0,120.0,120.94947043629078,-169132.2,0.03443,-0.00695,0.00091,13816,44,NEAR_FLIP,OK
2026-08-19,NVT,2026-08-21,164.63,9.1046,195.0,140.0,164.70440278496613,-15.05,0.18447,-0.14961,0.00045,8943,17,NEAR_FLIP,OK
2026-08-19,XYL,2026-08-21,113.94,3.2307,115.0,110.0,113.93401521823407,46.03,0.0093,-0.03458,-5e-05,4467,12,NEAR_FLIP,OK
2026-08-19,TPR,2026-08-21,132.26,6.3157,137.0,130.0,132.26409235299687,-13575.87,0.03584,-0.01709,3e-05,8331,35,NEAR_FLIP,OK
2026-08-19,CRS,2026-08-21,531.96,27.5136,580.0,520.0,531.968944648352,-730.26,0.09031,-0.02248,2e-05,4451,30,NEAR_FLIP,OK
2026-08-19,CINF,2026-08-21,171.35,3.7707,185.0,170.0,171.43823593421752,-3829.18,0.07966,-0.00788,0.00051,3077,17,NEAR_FLIP,OK
2026-08-19,SYF,2026-08-21,80.58,1.7206,82.5,80.0,80.58742506576971,-2868.01,0.02383,-0.0072,9e-05,8212,14,NEAR_FLIP,OK
2026-08-19,ECHO,2026-08-21,90.0,3.9921,93.0,87.0,90.00073791824745,-4645.98,0.03333,-0.03333,1e-05,28440,30,NEAR_FLIP,OK
2026-08-19,LH,2026-08-21,322.18,8.0286,330.0,310.0,322.2301866442654,-235.4,0.02427,-0.0378,0.00016,944,13,NEAR_FLIP,OK
2026-08-19,DGX,2026-08-21,236.25,4.1993,260.0,200.0,236.25001872155318,-6.64,0.10053,-0.15344,0.0,5124,13,NEAR_FLIP,OK
2026-08-19,WRB,2026-08-21,70.17,1.405,77.0,69.5,70.2303817580611,-222.18,0.09734,-0.00955,0.00086,1117,10,NEAR_FLIP,OK
2026-08-19,ASTS,2026-08-21,67.07,5.3632,68.0,65.0,67.05943439003498,50122.12,0.01387,-0.03086,-0.00016,96485,35,NEAR_FLIP,OK
2026-08-19,CTSH,2026-08-21,57.78,2.5479,60.0,50.0,57.66109477677569,400.95,0.03842,-0.13465,-0.00206,6468,10,NEAR_FLIP,OK
2026-08-19,SN,2026-08-21,182.82,7.1779,185.0,180.0,182.8206791351035,-14573.56,0.01192,-0.01543,0.0,8003,16,NEAR_FLIP,OK
2026-08-19,JBHT,2026-08-21,274.19,8.1029,280.0,195.0,274.2405959229978,-5039.47,0.02119,-0.28881,0.00018,3622,17,NEAR_FLIP,OK
2026-08-19,CW,2026-08-21,695.67,28.1179,710.0,580.0,695.7470941169618,-1422.2,0.0206,-0.16627,0.00011,809,28,NEAR_FLIP,OK
2026-08-19,HUBB,2026-08-21,483.86,15.2384,490.0,480.0,483.863168403657,-9662.91,0.01269,-0.00798,1e-05,1922,27,NEAR_FLIP,OK
2026-08-19,FWONK,2026-08-21,102.02,2.7784,110.0,100.0,102.01766322971729,26.6,0.07822,-0.0198,-2e-05,2445,9,NEAR_FLIP,OK
2026-08-19,TPL,2026-08-21,365.36,18.9793,380.0,350.0,365.35387444811334,328.33,0.04007,-0.04204,-2e-05,2871,21,NEAR_FLIP,OK
2026-08-19,MRNA,2026-08-21,62.96,3.7616,65.0,62.0,62.82724175185293,186210.04,0.0324,-0.01525,-0.00211,88416,31,NEAR_FLIP,OK
2026-08-19,PPG,2026-08-21,112.81,2.7479,115.0,112.0,112.8004558127972,978.76,0.01941,-0.00718,-8e-05,4741,28,NEAR_FLIP,OK
2026-08-19,DLTR,2026-08-21,130.48,3.1321,135.0,126.0,130.4737741506329,3267.74,0.03464,-0.03433,-5e-05,5743,40,NEAR_FLIP,OK
2026-08-19,INCY,2026-08-21,123.47,3.4914,125.0,115.0,123.47001090371471,-111.6,0.01239,-0.0686,0.0,3045,11,NEAR_FLIP,OK
2026-08-19,OKTA,2026-08-21,143.92,6.5779,145.0,134.0,143.55540893262045,92590.89,0.0075,-0.06893,-0.00253,13830,40,NEAR_FLIP,OK
2026-08-19,VRSN,2026-08-21,276.74,8.9093,350.0,270.0,276.53177401996174,2237.47,0.26473,-0.02435,-0.00075,3329,16,NEAR_FLIP,OK
2026-08-19,DRI,2026-08-21,218.86,5.7671,260.0,210.0,219.02445643582578,-81.51,0.18797,-0.04048,0.00075,4672,15,NEAR_FLIP,OK
2026-08-19,AMRZ,2026-08-21,44.63,1.6068,47.5,42.5,44.201514602965666,224.33,0.06431,-0.04773,-0.0096,1305,9,NEAR_FLIP,OK
2026-08-19,TW,2026-08-21,105.47,3.485,110.0,90.0,104.85767301358626,10.62,0.04295,-0.14668,-0.00581,240,8,NEAR_FLIP,LOW
2026-08-19,AFRM,2026-08-21,73.56,3.6664,76.0,73.0,73.59768119807156,-56905.21,0.03317,-0.00761,0.00051,28524,40,NEAR_FLIP,OK
2026-08-19,FCNCA,2026-08-21,2207.6699,45.1886,2220.0,1970.0,2192.672434112855,290671.28,0.00559,-0.10766,-0.00679,395,36,NEAR_FLIP,LOW
2026-08-19,SYM,2026-08-21,40.46,2.3798,41.0,38.0,40.45964268152076,3830.51,0.01335,-0.0608,-1e-05,9086,36,NEAR_FLIP,OK
2026-08-19,WST,2026-08-21,346.59,6.6621,360.0,340.0,346.54043165012325,1865.71,0.03869,-0.01901,-0.00014,1104,19,NEAR_FLIP,OK
2026-08-19,KEY,2026-08-21,22.79,0.4014,23.0,22.0,22.75992127665594,4361.97,0.00921,-0.03466,-0.00132,12857,12,NEAR_FLIP,OK
2026-08-19,NRG,2026-08-21,115.56,7.61,118.0,100.0,115.55646943618376,1023.08,0.02111,-0.13465,-3e-05,16258,38,NEAR_FLIP,OK
2026-08-19,PFG,2026-08-21,113.14,2.08,115.0,90.0,112.07146593466226,11871.67,0.01644,-0.20453,-0.00944,1874,8,NEAR_FLIP,OK
2026-08-19,SMCI,2026-08-21,37.41,2.525,38.0,35.0,37.40737828794884,138484.0,0.01577,-0.06442,-7e-05,239096,32,NEAR_FLIP,OK
2026-08-19,EXPD,2026-08-21,185.95,5.35,190.0,135.0,185.9996609785388,-2081.84,0.02178,-0.274,0.00027,2160,15,NEAR_FLIP,OK
2026-08-19,GPN,2026-08-21,90.37,3.4271,105.0,77.5,89.56408833709254,593.36,0.16189,-0.14241,-0.00892,14457,12,NEAR_FLIP,OK
2026-08-19,XPO,2026-08-21,202.72,6.7707,210.0,195.0,202.71973481222622,503.89,0.03591,-0.03808,-0.0,3757,17,NEAR_FLIP,OK
2026-08-19,OMC,2026-08-21,86.31,2.8043,92.5,85.0,86.31028198020603,-1481.06,0.07172,-0.01518,0.0,4672,14,NEAR_FLIP,OK
2026-08-19,FSLR,2026-08-21,220.01,15.0964,230.0,212.5,220.01085521118068,-1756.96,0.04541,-0.03413,0.0,38138,44,NEAR_FLIP,OK
2026-08-19,PHM,2026-08-21,126.05,3.7936,127.0,125.0,126.06604984059015,-3223.56,0.00754,-0.00833,0.00013,4990,36,NEAR_FLIP,OK
2026-08-19,TROW,2026-08-21,110.32,2.7357,115.0,95.0,109.99241894466218,265.37,0.04242,-0.13887,-0.00297,4136,11,NEAR_FLIP,OK
2026-08-19,CHD,2026-08-21,99.13,2.5379,100.0,75.0,98.18716902396895,16809.74,0.00878,-0.24342,-0.00951,1668,11,NEAR_FLIP,OK
2026-08-19,VLTO,2026-08-21,96.07,2.4686,100.0,95.0,96.06999160862856,35.91,0.04091,-0.01114,-0.0,1603,9,NEAR_FLIP,OK
2026-08-19,ROKU,2026-08-21,157.78,2.1741,170.0,155.0,157.78021813702384,-446.36,0.07745,-0.01762,0.0,2882,24,NEAR_FLIP,OK
2026-08-19,FICO,2026-08-21,1078.12,64.3386,1100.0,900.0,1077.6002678013012,4464.8,0.02029,-0.16521,-0.00048,4306,58,NEAR_FLIP,OK
2026-08-19,VRSK,2026-08-21,178.86,7.7536,185.0,155.0,178.42833275977432,4624.19,0.03433,-0.1334,-0.00241,945,13,NEAR_FLIP,OK
2026-08-19,BRO,2026-08-21,69.37,2.0307,70.0,65.0,68.98871677088543,10718.64,0.00908,-0.063,-0.0055,6452,8,NEAR_FLIP,OK
2026-08-19,IOT,2026-08-21,39.58,2.1214,41.0,39.0,39.570545462082904,3998.07,0.03588,-0.01465,-0.00024,24854,34,NEAR_FLIP,OK
2026-08-19,USFD,2026-08-21,106.91,3.2421,115.0,80.0,107.02491966222588,-5543.31,0.07567,-0.25171,0.00107,10810,13,NEAR_FLIP,OK
2026-08-19,AER,2026-08-21,149.62,3.4986,155.0,115.0,148.1726077045516,785.74,0.03596,-0.23139,-0.00967,1866,12,NEAR_FLIP,OK
2026-08-19,L,2026-08-21,112.45,2.0779,115.0,105.0,112.45462831696004,-19.67,0.02268,-0.06625,4e-05,122,9,NEAR_FLIP,LOW
2026-08-19,ENTG,2026-08-21,150.27,10.3093,175.0,140.0,150.98727870317398,-980.91,0.16457,-0.06834,0.00477,8749,17,NEAR_FLIP,OK
2026-08-19,SOFI,2026-08-21,17.66,0.7424,20.0,17.5,17.659694261834986,47816.51,0.1325,-0.00906,-2e-05,351344,21,NEAR_FLIP,OK
2026-08-19,DOW,2026-08-21,31.19,1.0145,31.5,31.0,31.194080670655033,-56069.39,0.00994,-0.00609,0.00013,49854,29,NEAR_FLIP,OK
2026-08-19,RL,2026-08-21,378.25,13.78,410.0,370.0,382.0353481470324,-1502.65,0.08394,-0.02181,0.01001,2130,21,NEAR_FLIP,OK
2026-08-19,MTZ,2026-08-21,280.13,20.3307,330.0,270.0,282.56963091873484,-649.79,0.17802,-0.03616,0.00871,12120,16,NEAR_FLIP,OK
2026-08-19,MKL,2026-08-21,1815.09,43.9186,1890.0,1730.0,1623.2069536450704,9140.6,0.04127,-0.04688,-0.10572,106,23,POSITIVE_GAMMA,LOW
2026-08-19,MTSI,2026-08-21,292.88,22.0514,350.0,290.0,292.89605381706406,-349.75,0.19503,-0.00983,5e-05,7370,18,NEAR_FLIP,OK
2026-08-19,PKG,2026-08-21,250.3,5.3464,260.0,230.0,248.51243768724055,316.17,0.03875,-0.0811,-0.00714,332,12,NEAR_FLIP,LOW
2026-08-19,FFIV,2026-08-21,393.62,12.7843,410.0,390.0,393.65367237021013,-5747.11,0.04161,-0.0092,9e-05,5756,24,NEAR_FLIP,OK
2026-08-19,UTHR,2026-08-21,518.27,14.6414,560.0,380.0,518.8834905931608,-5758.08,0.08052,-0.26679,0.00118,17164,29,NEAR_FLIP,OK
2026-08-19,ULTA,2026-08-21,516.74,17.2343,560.0,507.5,516.7448479621503,-687.93,0.08372,-0.01788,1e-05,4534,67,NEAR_FLIP,OK
2026-08-19,EXE,2026-08-21,95.45,2.5671,100.0,80.0,95.46054838427432,-199.26,0.04767,-0.16186,0.00011,50428,9,NEAR_FLIP,OK
2026-08-19,BG,2026-08-21,114.36,2.9971,125.0,110.0,114.62500725901467,-132.6,0.09304,-0.03813,0.00232,2093,12,NEAR_FLIP,OK
2026-08-19,BCE,2026-08-21,23.36,0.4779,24.0,22.0,23.358377665156123,236.82,0.0274,-0.05822,-7e-05,6634,11,NEAR_FLIP,OK
2026-08-19,THC,2026-08-21,270.21,7.9964,280.0,260.0,270.1500379506749,1532.17,0.03623,-0.03779,-0.00022,8658,15,NEAR_FLIP,OK
2026-08-19,FTAI,2026-08-21,211.5,14.8433,215.0,195.0,211.37384188320559,9926.15,0.01655,-0.07801,-0.0006,13820,35,NEAR_FLIP,OK
2026-08-19,WWD,2026-08-21,366.2,13.4521,380.0,360.0,366.20050874405246,-208.56,0.03768,-0.01693,0.0,1731,20,NEAR_FLIP,OK
2026-08-19,RS,2026-08-21,421.4,10.3307,430.0,390.0,420.9054023394187,55.73,0.02041,-0.07451,-0.00117,148,11,NEAR_FLIP,LOW
2026-08-19,GH,2026-08-21,160.12,8.465,190.0,135.0,159.7737604835742,20.84,0.18661,-0.15688,-0.00216,6850,17,NEAR_FLIP,OK
2026-08-19,RIVN,2026-08-21,14.78,0.6989,15.0,14.0,14.77609047863122,28543.7,0.01488,-0.05277,-0.00026,84208,17,NEAR_FLIP,OK
2026-08-19,EFX,2026-08-21,181.84,6.2214,185.0,175.0,181.83728962366487,5593.52,0.01738,-0.03762,-1e-05,2742,17,NEAR_FLIP,OK
2026-08-19,IP,2026-08-21,40.05,1.3343,43.0,37.5,40.07337221589949,-938.53,0.07366,-0.06367,0.00058,6403,24,NEAR_FLIP,OK
2026-08-19,BURL,2026-08-21,336.95,10.4036,340.0,330.0,336.9389102468189,4727.43,0.00905,-0.02063,-3e-05,4034,39,NEAR_FLIP,OK
2026-08-19,AMCR,2026-08-21,45.86,1.16,49.0,43.0,45.87968064174162,-400.68,0.06847,-0.06236,0.00043,2762,18,NEAR_FLIP,OK
2026-08-19,FIS,2026-08-21,40.95,1.82,42.5,35.0,40.930248693130025,374.03,0.03785,-0.1453,-0.00048,8695,22,NEAR_FLIP,OK
2026-08-19,LYB,2026-08-21,65.33,2.1707,67.5,60.0,64.7828372494912,16143.88,0.03322,-0.08159,-0.00838,18141,12,NEAR_FLIP,OK
2026-08-19,FDXF,2026-08-21,139.23,6.4029,145.0,120.0,138.53208348712786,146.96,0.04144,-0.13812,-0.00501,1677,13,NEAR_FLIP,OK
2026-08-19,LUV,2026-08-21,42.49,1.3979,45.5,41.0,42.49023885234459,-400.77,0.07084,-0.03507,1e-05,13105,33,NEAR_FLIP,OK
2026-08-19,SNX,2026-08-21,259.8,7.5693,280.0,240.0,259.67533840983015,349.19,0.07775,-0.07621,-0.00048,1657,14,NEAR_FLIP,OK
2026-08-19,RBRK,2026-08-21,100.55,5.0305,105.0,99.0,100.55014023899486,-25.71,0.04426,-0.01542,0.0,6726,35,NEAR_FLIP,OK
2026-08-19,IFF,2026-08-21,81.0,2.4386,82.5,57.5,80.9974315849658,1612.86,0.01852,-0.29012,-3e-05,2472,17,NEAR_FLIP,OK
2026-08-19,WES,2026-08-21,49.8,1.0457,55.0,49.0,50.869614111400004,-94.56,0.10442,-0.01606,0.02148,3603,16,NEGATIVE_GAMMA,OK
2026-08-19,U,2026-08-21,46.74,2.368,50.0,46.0,46.737598485003616,1934.94,0.06975,-0.01583,-5e-05,24975,31,NEAR_FLIP,OK
2026-08-19,SNA,2026-08-21,395.71,7.6143,400.0,380.0,395.717212335781,-1583.63,0.01084,-0.0397,2e-05,1727,15,NEAR_FLIP,OK
2026-08-19,SITM,2026-08-21,680.06,57.0757,740.0,650.0,680.0581890754377,77.55,0.08814,-0.0442,-0.0,2978,40,NEAR_FLIP,OK
2026-08-19,LEN,2026-08-21,84.94,2.6907,88.0,82.0,84.94065059025516,-436.51,0.03603,-0.03461,1e-05,37961,30,NEAR_FLIP,OK
2026-08-19,GIS,2026-08-21,38.08,1.045,40.0,37.5,38.44387676985594,-47261.28,0.05042,-0.01523,0.00956,28597,9,NEAR_FLIP,OK
2026-08-19,TOST,2026-08-21,34.95,1.3878,36.0,34.0,34.89936902341544,24653.7,0.03004,-0.02718,-0.00145,17601,34,NEAR_FLIP,OK
2026-08-19,MKSI,2026-08-21,300.24,20.1279,360.0,250.0,298.5599151871507,10.21,0.19904,-0.16733,-0.0056,4654,17,NEAR_FLIP,OK
2026-08-19,TPG,2026-08-21,52.02,2.2486,65.0,50.0,51.490715984278566,9979.88,0.24952,-0.03883,-0.01017,33615,13,NEAR_FLIP,OK
2026-08-19,TSN,2026-08-21,57.99,1.7157,60.0,57.5,57.989381218805754,5991.64,0.03466,-0.00845,-1e-05,12645,13,NEAR_FLIP,OK
2026-08-19,CHTR,2026-08-21,148.35,7.2507,160.0,147.0,148.35177912467202,-14377.18,0.07853,-0.0091,1e-05,23911,46,NEAR_FLIP,OK
2026-08-19,RGLD,2026-08-21,230.43,7.3407,240.0,220.0,229.92878242672916,442.22,0.04153,-0.04526,-0.00218,3033,16,NEAR_FLIP,OK
2026-08-19,ITT,2026-08-21,217.67,6.9514,220.0,210.0,217.6700203966954,-45.9,0.0107,-0.03524,0.0,2973,16,NEAR_FLIP,OK
2026-08-19,AS,2026-08-21,33.62,1.2621,35.0,32.5,33.68482030470983,-16906.7,0.04105,-0.03331,0.00193,62430,8,NEAR_FLIP,OK
2026-08-19,BR,2026-08-21,169.86,6.6157,185.0,145.0,169.5739357879713,56.87,0.08913,-0.14636,-0.00168,1830,15,NEAR_FLIP,OK
2026-08-19,PAAS,2026-08-21,46.6,2.1993,48.0,46.0,46.601216261739175,-19184.81,0.03004,-0.01288,3e-05,28747,41,NEAR_FLIP,OK
2026-08-19,SBAC,2026-08-21,181.4,6.0921,195.0,175.0,181.54493054165684,-1465.69,0.07497,-0.03528,0.0008,3062,14,NEAR_FLIP,OK
2026-08-19,EVRG,2026-08-21,83.42,1.3786,90.0,77.5,83.41985987457069,77.68,0.07888,-0.07097,-0.0,1625,10,NEAR_FLIP,OK
2026-08-19,CDE,2026-08-21,18.51,1.0443,19.0,17.5,18.414481442571102,56975.95,0.02647,-0.05457,-0.00516,35802,20,NEAR_FLIP,OK
2026-08-19,ZBH,2026-08-21,99.15,3.0643,100.0,85.0,98.18217741321861,22686.59,0.00857,-0.14271,-0.00976,3968,9,NEAR_FLIP,OK
2026-08-19,DD,2026-08-21,138.81,4.5314,140.0,115.0,137.51000546132272,7316.65,0.00857,-0.17153,-0.00937,1897,14,NEAR_FLIP,OK
2026-08-19,PR,2026-08-21,22.35,0.7317,23.0,21.0,22.336493129220706,4741.86,0.02908,-0.0604,-0.0006,8343,10,NEAR_FLIP,OK
2026-08-19,APG,2026-08-21,42.78,1.4,46.0,40.0,43.23117334005215,-7017.48,0.07527,-0.06498,0.01055,11453,11,NEAR_FLIP,OK
2026-08-19,MGA,2026-08-21,70.27,2.0371,72.5,65.0,69.60955664279399,1756.29,0.03173,-0.075,-0.0094,739,12,NEAR_FLIP,OK
2026-08-19,VTRS,2026-08-21,16.17,0.5229,19.0,15.0,16.322177081981966,-1056.56,0.17502,-0.07236,0.00941,23663,9,NEAR_FLIP,OK
2026-08-19,EWBC,2026-08-21,135.07,2.0071,140.0,105.0,134.98747096484342,280.26,0.0365,-0.22263,-0.00061,356,10,NEAR_FLIP,LOW
2026-08-19,BBY,2026-08-21,87.27,2.7707,88.0,86.0,87.26046494408669,1990.18,0.00836,-0.01455,-0.00011,18666,35,NEAR_FLIP,OK
2026-08-19,ESS,2026-08-21,283.71,6.0129,290.0,220.0,283.7116298083496,-165.77,0.02217,-0.22456,1e-05,1156,12,NEAR_FLIP,OK
2026-08-19,CRCL,2026-08-21,71.73,4.6724,74.0,67.0,71.7261249814385,41394.23,0.03165,-0.06594,-5e-05,74240,34,NEAR_FLIP,OK
2026-08-19,GPC,2026-08-21,131.89,3.3743,160.0,120.0,131.8888685211194,3116.86,0.21313,-0.09015,-1e-05,12345,16,NEAR_FLIP,OK
2026-08-19,LNT,2026-08-21,69.98,1.2893,75.0,67.5,69.9370616393856,86.79,0.07173,-0.03544,-0.00061,219,8,NEAR_FLIP,LOW
2026-08-19,CF,2026-08-21,119.72,4.5514,122.0,115.0,119.70942771890154,908.54,0.01904,-0.03943,-9e-05,14561,39,NEAR_FLIP,OK
2026-08-19,TSCO,2026-08-21,34.72,1.24,35.0,34.5,34.68648557144561,43432.16,0.00806,-0.00634,-0.00097,21135,29,NEAR_FLIP,OK
2026-08-19,OWL,2026-08-21,11.59,0.5374,12.0,11.0,11.698363759627007,-499636.76,0.03538,-0.05091,0.00935,165777,13,NEAR_FLIP,OK
2026-08-19,LDOS,2026-08-21,143.48,4.9993,170.0,120.0,142.0320166268904,5017.91,0.18483,-0.16365,-0.01009,2404,17,NEAR_FLIP,OK
2026-08-19,IONQ,2026-08-21,44.12,3.0,47.0,43.5,44.12031087534934,-3591.16,0.06528,-0.01405,1e-05,62483,41,NEAR_FLIP,OK
2026-08-19,NTNX,2026-08-21,65.83,2.123,67.5,55.0,65.82999633798666,1.69,0.02537,-0.16451,-0.0,2155,10,NEAR_FLIP,OK
2026-08-19,LSCC,2026-08-21,124.21,8.2043,145.0,120.0,125.1981926982378,-4485.36,0.16738,-0.03389,0.00796,7123,14,NEAR_FLIP,OK
2026-08-19,NLY,2026-08-21,23.4,0.355,25.0,22.0,23.565503952141892,-39042.53,0.06838,-0.05983,0.00707,33347,14,NEAR_FLIP,OK
2026-08-19,ZBRA,2026-08-21,366.42,16.2957,370.0,360.0,366.42468878027375,-4339.15,0.00977,-0.01752,1e-05,2292,16,NEAR_FLIP,OK
2026-08-19,FN,2026-08-21,482.59,47.9986,570.0,410.0,482.57630572792186,62.64,0.18113,-0.15042,-3e-05,6799,28,NEAR_FLIP,OK
2026-08-19,RBC,2026-08-21,545.65,17.5814,590.0,490.0,395.57138581587725,-15348.05,0.08128,-0.10199,-0.27505,177,16,POSITIVE_GAMMA,LOW
2026-08-19,BEN,2026-08-21,33.99,0.8936,35.0,33.0,33.88203831499798,16561.12,0.02971,-0.02913,-0.00318,4868,13,NEAR_FLIP,OK
2026-08-19,IEX,2026-08-21,234.16,5.4657,240.0,230.0,234.16536501546892,-148.07,0.02494,-0.01777,2e-05,1308,11,NEAR_FLIP,OK
2026-08-19,CG,2026-08-21,48.37,1.9707,50.0,47.5,48.35578691623587,2732.87,0.0337,-0.01799,-0.00029,6561,10,NEAR_FLIP,OK
2026-08-19,DKS,2026-08-21,191.52,6.4779,195.0,190.0,191.73830889423897,-30388.09,0.01817,-0.00794,0.00114,4324,16,NEAR_FLIP,OK
2026-08-19,JLL,2026-08-21,371.03,10.8279,400.0,340.0,366.87368947065306,5682.38,0.07808,-0.08363,-0.0112,257,19,NEAR_FLIP,LOW
2026-08-19,PAA,2026-08-21,24.19,0.4979,25.0,24.0,24.181088644182985,21786.96,0.03348,-0.00785,-0.00037,13414,14,NEAR_FLIP,OK
2026-08-19,WY,2026-08-21,23.61,0.72,24.0,23.0,23.638723128500086,-50180.28,0.01652,-0.02584,0.00122,9124,12,NEAR_FLIP,OK
2026-08-19,WCC,2026-08-21,349.16,15.5957,380.0,320.0,352.6830042476998,-1434.24,0.08833,-0.08351,0.01009,1479,20,NEAR_FLIP,OK
2026-08-19,DINO,2026-08-21,95.7,3.7136,97.5,95.0,95.70173045673528,-3331.63,0.01881,-0.00731,2e-05,9174,16,NEAR_FLIP,OK
2026-08-19,STZ,2026-08-21,131.0,3.3257,132.0,130.0,131.02935762773853,-50288.42,0.00763,-0.00763,0.00022,13302,39,NEAR_FLIP,OK
2026-08-19,STRL,2026-08-21,554.76,44.1029,560.0,550.0,554.7702715623773,-4078.67,0.00945,-0.00858,2e-05,3474,34,NEAR_FLIP,OK
2026-08-19,NDSN,2026-08-21,304.21,5.4071,310.0,280.0,304.19061622359754,547.08,0.01903,-0.07958,-6e-05,201,11,NEAR_FLIP,LOW
2026-08-19,CHRW,2026-08-21,144.67,7.0864,150.0,140.0,144.93808732136472,-3809.39,0.03684,-0.03228,0.00185,2466,14,NEAR_FLIP,OK
2026-08-19,CDW,2026-08-21,134.97,8.0186,145.0,130.0,134.95832073151792,721.23,0.07431,-0.03682,-9e-05,6234,16,NEAR_FLIP,OK
2026-08-19,CLH,2026-08-21,319.5,7.25,350.0,270.0,319.60581642169757,-0.39,0.09546,-0.15493,0.00033,355,11,NEAR_FLIP,LOW
2026-08-19,H,2026-08-21,178.72,6.195,180.0,175.0,178.4826398828827,23480.53,0.00716,-0.02081,-0.00133,1055,18,NEAR_FLIP,OK
2026-08-19,J,2026-08-21,142.86,4.0257,155.0,140.0,142.86009653829316,-15.7,0.08498,-0.02002,0.0,510,13,NEAR_FLIP,OK
2026-08-19,AKAM,2026-08-21,115.2,6.4314,116.0,113.0,115.19675518214663,6975.77,0.00694,-0.0191,-3e-05,20005,39,NEAR_FLIP,OK
2026-08-19,GEN,2026-08-21,27.64,1.0086,28.0,26.0,27.497537173045618,14738.73,0.01302,-0.05933,-0.00515,5618,14,NEAR_FLIP,OK
2026-08-19,MEDP,2026-08-21,590.3,16.5682,640.0,580.0,590.3912317318778,-1480.71,0.08419,-0.01745,0.00015,1064,29,NEAR_FLIP,OK
2026-08-19,PFGC,2026-08-21,104.54,3.4363,115.0,80.0,107.38152929315046,-13377.6,0.10006,-0.23474,0.02718,681,8,NEAR_FLIP,OK
2026-08-19,JAZZ,2026-08-21,253.07,7.5679,300.0,210.0,178.51470913109293,902.33,0.18544,-0.17019,-0.2946,1390,13,POSITIVE_GAMMA,OK
2026-08-19,BALL,2026-08-21,61.67,1.4457,75.0,57.5,43.81412774619064,6151.24,0.21615,-0.06762,-0.28954,3324,13,POSITIVE_GAMMA,OK
2026-08-19,BBIO,2026-08-21,82.98,2.8443,90.0,80.0,82.99321955363433,-497.11,0.0846,-0.03591,0.00016,7029,17,NEAR_FLIP,OK
2026-08-19,FLUT,2026-08-21,92.89,5.443,100.0,90.0,93.09599178316779,-12766.81,0.07654,-0.03111,0.00222,12315,11,NEAR_FLIP,OK
2026-08-19,RGA,2026-08-21,244.42,5.1421,250.0,240.0,244.46239831243295,-42.03,0.02283,-0.01808,0.00017,953,9,NEAR_FLIP,OK
2026-08-19,PTC,2026-08-21,146.48,6.0,185.0,145.0,146.47318282683437,4376.12,0.26297,-0.0101,-5e-05,5693,18,NEAR_FLIP,OK
2026-08-19,NVDA,2026-08-19,217.56,6.5007,220.0,217.5,219.23442989715804,-643732512.56,0.01122,-0.00028,0.0077,227373,41,NEAR_FLIP,OK
2026-08-19,AAPL,2026-08-19,316.83,8.3836,317.5,310.0,310.72390416824584,365746718.18,0.00211,-0.02156,-0.01927,90175,42,NEAR_FLIP,OK
2026-08-19,GOOGL,2026-08-19,344.72,10.6871,345.0,342.5,342.2350982421143,155114536.88,0.00081,-0.00644,-0.00721,41744,57,NEAR_FLIP,OK
2026-08-19,MSFT,2026-08-19,484.31,12.8007,485.0,480.0,376.2679448191547,231813383.68,0.00142,-0.0089,-0.22308,53073,68,POSITIVE_GAMMA,OK
2026-08-19,AMZN,2026-08-19,265.84,9.4571,267.5,265.0,236.61050032957303,272797301.77,0.00624,-0.00316,-0.10995,70965,47,POSITIVE_GAMMA,OK
2026-08-19,SPCX,2026-08-21,139.65,10.8536,150.0,135.0,140.6447552818452,-9932183.91,0.07411,-0.0333,0.00712,834676,65,NEAR_FLIP,OK
2026-08-19,AVGO,2026-08-19,362.48,16.5986,362.5,360.0,377.58730088955576,-40126676.84,6e-05,-0.00684,0.04168,33052,57,NEAR_FLIP,OK
2026-08-19,META,2026-08-19,546.03,19.79,547.5,545.0,548.8069076595776,-139672333.28,0.00269,-0.00189,0.00509,74435,91,NEAR_FLIP,OK
2026-08-19,TSLA,2026-08-19,351.12,11.0957,352.5,350.0,338.5485563003021,498296031.63,0.00393,-0.00319,-0.0358,153185,68,POSITIVE_GAMMA,OK
2026-08-19,LLY,2026-08-21,1280.34,45.9914,1300.0,1255.0,1182.3317698464411,186924891.93,0.01536,-0.01979,-0.07655,45566,83,POSITIVE_GAMMA,OK
2026-08-19,MU,2026-08-19,937.105,63.3236,940.0,935.0,938.2770854345647,-31394968.8,0.00309,-0.00225,0.00125,99302,131,NEAR_FLIP,OK
2026-08-19,JPM,2026-08-21,357.26,5.4904,360.0,355.0,347.6554316989287,67992057.93,0.00767,-0.00633,-0.02688,113347,54,POSITIVE_GAMMA,OK
2026-08-19,WMT,2026-08-21,114.3,2.2693,115.0,110.0,116.73142147545505,-15967886.78,0.00612,-0.03762,0.02127,268908,41,NEGATIVE_GAMMA,OK
2026-08-19,AMD,2026-08-19,466.42,26.6218,480.0,465.0,479.4521114096359,-101091819.72,0.02912,-0.00304,0.02794,51069,103,NEAR_FLIP,OK
2026-08-19,XOM,2026-08-21,164.77,3.79,165.0,160.0,157.5203999953822,66516160.89,0.0014,-0.02895,-0.044,92625,37,POSITIVE_GAMMA,OK
2026-08-19,V,2026-08-21,365.54,6.6307,370.0,362.5,358.8525347478725,61419950.3,0.0122,-0.00832,-0.01829,60908,49,POSITIVE_GAMMA,OK
2026-08-19,JNJ,2026-08-21,273.41,5.435,280.0,270.0,261.54539100923085,75187235.67,0.0241,-0.01247,-0.04339,65920,40,POSITIVE_GAMMA,OK
2026-08-19,INTC,2026-08-19,92.8,6.2679,98.0,92.0,95.67739811450525,-33938761.64,0.05603,-0.00862,0.03101,123393,53,NEAR_FLIP,OK
2026-08-19,MA,2026-08-21,573.72,10.4569,580.0,567.5,562.2440756930156,22056482.55,0.01095,-0.01084,-0.02,23318,67,POSITIVE_GAMMA,OK
2026-08-19,ABBV,2026-08-21,265.97,6.7086,270.0,260.0,237.8881214167244,48792665.37,0.01515,-0.02245,-0.10558,47712,41,POSITIVE_GAMMA,OK
2026-08-19,BAC,2026-08-21,63.17,0.9892,65.0,63.0,61.10153666934127,16407108.34,0.02897,-0.00269,-0.03274,229726,33,POSITIVE_GAMMA,OK
2026-08-19,CSCO,2026-08-21,110.55,4.3389,112.0,110.0,111.79320886969886,-14273084.66,0.01312,-0.00498,0.01125,143516,44,NEAR_FLIP,OK
2026-08-19,COST,2026-08-21,956.99,16.5543,970.0,950.0,954.0801650909706,22328331.24,0.01359,-0.0073,-0.00304,63013,94,NEAR_FLIP,OK
2026-08-19,PLTR,2026-08-21,175.19,9.1385,180.0,170.0,138.19620539920405,79044047.6,0.02746,-0.02962,-0.21116,419180,51,POSITIVE_GAMMA,OK
2026-08-19,ORCL,2026-08-21,143.81,7.1143,150.0,140.0,142.52259876082857,5366538.8,0.04304,-0.02649,-0.00895,378499,59,NEAR_FLIP,OK
2026-08-19,LRCX,2026-08-21,307.17,18.7611,310.0,300.0,309.2957241189597,-1765541.54,0.00921,-0.02334,0.00692,98159,51,NEAR_FLIP,OK
2026-08-19,AMAT,2026-08-21,496.17,29.2593,500.0,490.0,516.9813427957812,-24420548.57,0.00772,-0.01244,0.04194,60868,60,NEAR_FLIP,OK
2026-08-19,CVX,2026-08-21,205.76,4.5193,207.5,200.0,198.26969453381915,82690134.56,0.00846,-0.02799,-0.0364,74762,37,POSITIVE_GAMMA,OK
2026-08-19,GE,2026-08-21,356.23,9.4829,360.0,350.0,358.5825534842274,-7260728.89,0.01058,-0.01749,0.0066,33267,51,NEAR_FLIP,OK
2026-08-19,CAT,2026-08-21,816.15,35.3753,820.0,800.0,866.1274623119374,-76954727.82,0.00472,-0.01979,0.06124,46550,73,NEGATIVE_GAMMA,OK
2026-08-19,KO,2026-08-21,90.35,1.3918,91.0,90.0,80.4605086820953,62831727.93,0.00719,-0.00387,-0.10946,168364,39,POSITIVE_GAMMA,OK
2026-08-19,UNH,2026-08-21,388.61,9.3471,400.0,385.0,396.16903654892195,-53388309.01,0.02931,-0.00929,0.01945,98887,56,NEAR_FLIP,OK
2026-08-19,MS,2026-08-21,214.23,4.3936,215.0,210.0,212.4252192542322,3815964.91,0.00359,-0.01975,-0.00842,37984,37,NEAR_FLIP,OK
2026-08-19,HD,2026-08-21,344.3,8.7807,350.0,340.0,339.3126917371349,33819990.22,0.01656,-0.01249,-0.01449,63920,56,NEAR_FLIP,OK
2026-08-19,MRK,2026-08-21,152.2,4.3343,155.0,137.0,124.81792526346206,6497273.57,0.0184,-0.09987,-0.17991,47688,34,POSITIVE_GAMMA,OK
2026-08-19,PG,2026-08-21,144.38,2.5854,145.0,143.0,144.67539752562845,-3083494.63,0.00429,-0.00956,0.00205,63035,37,NEAR_FLIP,OK
2026-08-19,NFLX,2026-08-21,80.22,2.3214,81.0,80.0,76.45605113134602,91289545.47,0.00972,-0.00274,-0.04692,506371,47,POSITIVE_GAMMA,OK
2026-08-19,PANW,2026-08-21,359.76,15.4214,370.0,350.0,358.0278557712077,1241806.9,0.02846,-0.02713,-0.00481,40063,64,NEAR_FLIP,OK
2026-08-19,RTX,2026-08-21,220.35,4.1793,222.5,220.0,218.08365180567844,4517008.91,0.00976,-0.00159,-0.01029,45172,42,NEAR_FLIP,OK
2026-08-19,DELL,2026-08-21,437.55,33.0957,450.0,420.0,466.21676438828433,-23497231.23,0.02845,-0.04011,0.06552,68570,71,NEAR_FLIP,OK
2026-08-19,GS,2026-08-21,1021.65,24.0429,1040.0,1020.0,1038.5308202961846,-51783822.24,0.01796,-0.00162,0.01652,73252,109,NEAR_FLIP,OK
2026-08-19,RY,2026-08-21,207.62,3.075,210.0,200.0,209.60499421844537,-1731172.25,0.01146,-0.0367,0.00956,8653,14,NEAR_FLIP,OK
2026-08-19,PM,2026-08-21,189.93,4.2396,195.0,185.0,186.00959550917298,7036944.01,0.02669,-0.02596,-0.02064,26039,32,NEAR_FLIP,OK
2026-08-19,GEV,2026-08-21,987.46,45.2272,1000.0,950.0,1027.5644512375184,-22530278.97,0.0127,-0.03794,0.04061,28681,111,NEAR_FLIP,OK
2026-08-19,WFC,2026-08-21,85.94,1.6511,87.5,85.0,86.62501038731666,-14843915.78,0.01815,-0.01094,0.00797,125637,36,NEAR_FLIP,OK
2026-08-19,KLAC,2026-08-21,187.27,10.3806,196.0,184.0,194.69689155932696,-10606515.92,0.04662,-0.01746,0.03966,72242,78,NEAR_FLIP,OK
2026-08-19,TXN,2026-08-21,267.45,10.1164,277.5,260.0,271.76877251913135,-8730762.34,0.03758,-0.02786,0.01615,47614,43,NEAR_FLIP,OK
2026-08-19,AZN,2026-08-21,164.95,4.2757,165.0,160.0,155.1840786086745,8871085.41,0.0003,-0.03001,-0.05921,17026,17,POSITIVE_GAMMA,OK
2026-08-19,ANET,2026-08-21,186.45,10.6834,190.0,185.0,183.05866602082133,4072993.27,0.01904,-0.00778,-0.01819,51802,40,NEAR_FLIP,OK
2026-08-19,SNDK,2026-08-21,1568.87,153.7029,1600.0,1500.0,1622.359262764997,-47851812.48,0.01984,-0.0439,0.03409,129026,134,NEAR_FLIP,OK
2026-08-19,C,2026-08-21,132.89,3.0079,135.0,130.0,133.05986684803946,-1523377.74,0.01588,-0.02175,0.00128,118562,45,NEAR_FLIP,OK
2026-08-19,AMGN,2026-08-21,442.36,12.0629,450.0,425.0,417.75985181856265,11236700.73,0.01727,-0.03924,-0.05561,22487,53,POSITIVE_GAMMA,OK
2026-08-19,AXP,2026-08-21,339.9,5.9214,345.0,335.0,335.07739477822895,21783411.74,0.015,-0.01442,-0.01419,29283,57,NEAR_FLIP,OK
2026-08-19,LIN,2026-08-21,481.13,10.445,485.0,475.0,496.29154335892855,-8218658.82,0.00804,-0.01274,0.03151,7483,45,NEGATIVE_GAMMA,OK
2026-08-19,IBM,2026-08-21,237.16,6.7511,240.0,235.0,226.90495520746114,37997517.46,0.01198,-0.00911,-0.04324,125792,42,POSITIVE_GAMMA,OK
2026-08-19,TMO,2026-08-21,613.54,13.9004,620.0,600.0,562.4612282815972,20751294.07,0.01053,-0.02207,-0.08325,9921,55,POSITIVE_GAMMA,OK
2026-08-19,CRWD,2026-08-21,201.63,9.2982,205.0,200.0,195.07372644111803,4594319.26,0.01671,-0.00808,-0.03252,122894,48,NEAR_FLIP,OK
2026-08-19,TD,2026-08-21,118.35,1.9536,120.0,115.0,94.13053929261261,-1207480.77,0.01394,-0.02831,-0.20464,11718,12,POSITIVE_GAMMA,OK
2026-08-19,STX,2026-08-21,832.56,70.0248,850.0,830.0,847.8543669442367,-3389512.89,0.02095,-0.00307,0.01837,32608,82,NEAR_FLIP,OK
2026-08-19,VZ,2026-08-21,49.36,1.0168,50.0,48.0,44.917757894299974,34120239.84,0.01297,-0.02755,-0.09,158592,35,POSITIVE_GAMMA,OK
2026-08-19,TTE,2026-08-21,90.07,1.5761,92.5,82.5,85.66892009282941,5882868.24,0.02698,-0.08405,-0.04886,15733,18,POSITIVE_GAMMA,OK
2026-08-19,APH,2026-08-21,156.04,6.5571,160.0,155.0,150.6162991673512,4675427.92,0.02538,-0.00666,-0.03476,48621,19,NEAR_FLIP,OK
2026-08-19,TMUS,2026-08-21,182.36,4.6821,195.0,180.0,180.3344083661739,6023220.75,0.06931,-0.01294,-0.01111,64084,35,NEAR_FLIP,OK
2026-08-19,ABT,2026-08-21,114.43,2.5393,115.0,110.0,91.24967878663426,19616610.31,0.00498,-0.03871,-0.20257,49179,42,POSITIVE_GAMMA,OK
2026-08-19,SCHW,2026-08-21,110.88,1.76,114.0,110.0,106.80399195389217,28681341.08,0.02814,-0.00794,-0.03676,52592,42,POSITIVE_GAMMA,OK
2026-08-19,PEP,2026-08-21,142.58,2.3693,145.0,140.0,137.89144602724298,33143739.35,0.01697,-0.0181,-0.03288,54874,42,POSITIVE_GAMMA,OK
2026-08-19,MRVL,2026-08-21,237.27,17.4264,240.0,230.0,210.7870622494762,71825758.28,0.01151,-0.03064,-0.11162,218461,57,POSITIVE_GAMMA,OK
2026-08-19,MCD,2026-08-21,267.45,5.9743,270.0,265.0,266.96621263669084,4898865.78,0.00953,-0.00916,-0.00181,50172,44,NEAR_FLIP,OK
2026-08-19,SHOP,2026-08-21,146.58,7.5922,150.0,145.0,127.64348161056463,3958184.01,0.02333,-0.01078,-0.12919,81187,62,POSITIVE_GAMMA,OK
2026-08-19,BLK,2026-08-21,1158.92,21.5493,1180.0,1150.0,1038.9720831156849,22098427.58,0.01819,-0.0077,-0.1035,6264,79,POSITIVE_GAMMA,OK
2026-08-19,ADI,2026-08-21,373.26,12.6743,390.0,365.0,381.10319685026536,-14582744.01,0.04485,-0.02213,0.02101,25422,52,NEAR_FLIP,OK
2026-08-19,NEE,2026-08-21,85.91,1.4332,87.5,85.0,87.25863260360558,-14911940.63,0.01851,-0.01059,0.0157,60837,34,NEAR_FLIP,OK
2026-08-19,DIS,2026-08-21,106.93,2.2779,108.0,105.0,100.65914144222282,35706338.77,0.01001,-0.01805,-0.05864,112505,39,POSITIVE_GAMMA,OK
2026-08-19,WDC,2026-08-21,462.09,42.8571,500.0,450.0,509.02888272146043,-20734494.91,0.08204,-0.02616,0.10158,55482,75,NEGATIVE_GAMMA,OK
2026-08-19,GILD,2026-08-21,147.6,4.1321,150.0,140.0,128.6838677551947,25332623.24,0.01626,-0.05149,-0.12816,33982,45,POSITIVE_GAMMA,OK
2026-08-19,UNP,2026-08-21,301.8,5.6946,310.0,297.5,284.5005396473729,15544754.66,0.02717,-0.01425,-0.05732,20449,43,POSITIVE_GAMMA,OK
2026-08-19,BA,2026-08-21,222.2,6.3114,225.0,220.0,223.8179336937131,-12964617.24,0.0126,-0.0099,0.00728,170695,40,NEAR_FLIP,OK
2026-08-19,BX,2026-08-21,145.09,4.8214,150.0,145.0,137.95750898973594,5410960.32,0.03384,-0.00062,-0.04916,63070,48,POSITIVE_GAMMA,OK
2026-08-19,T,2026-08-21,25.12,0.5439,25.5,25.0,21.595243032412515,14794042.01,0.01513,-0.00478,-0.14032,185468,23,POSITIVE_GAMMA,OK
2026-08-19,WELL,2026-08-21,235.73,4.8507,240.0,230.0,234.41251044850364,1081988.11,0.01811,-0.02431,-0.00559,4487,17,NEAR_FLIP,OK
2026-08-19,QCOM,2026-08-21,161.91,6.3928,167.5,160.0,158.66619293956563,8622258.98,0.03453,-0.0118,-0.02003,118238,29,NEAR_FLIP,OK
2026-08-19,ETN,2026-08-21,424.67,16.7993,430.0,420.0,416.6130551529922,3202522.24,0.01255,-0.011,-0.01897,17540,67,NEAR_FLIP,OK
2026-08-19,TJX,2026-08-21,144.5,3.4364,152.5,143.0,145.81997229715012,-8094897.74,0.05536,-0.01038,0.00913,53440,30,NEAR_FLIP,OK
2026-08-19,CRM,2026-08-21,206.09,8.195,210.0,200.0,171.40954738705526,61124276.67,0.01897,-0.02955,-0.16828,187138,39,POSITIVE_GAMMA,OK
2026-08-19,UBS,2026-08-21,53.13,0.8385,55.0,52.5,42.87744798464555,1189122.7,0.0352,-0.01186,-0.19297,21122,11,POSITIVE_GAMMA,OK
2026-08-19,DE,2026-08-21,580.63,14.9271,600.0,570.0,628.3604427201932,-10099275.86,0.03336,-0.01831,0.0822,9784,65,NEGATIVE_GAMMA,OK
2026-08-19,SCCO,2026-08-21,194.68,nan,200.0,182.5,191.1463780090932,1549097.81,0.02733,-0.06256,-0.01815,10782,34,POSITIVE_GAMMA,OK
2026-08-19,BKNG,2026-08-21,213.0,7.1514,215.0,212.5,189.7821589907423,9209040.47,0.00939,-0.00235,-0.109,31492,38,POSITIVE_GAMMA,OK
2026-08-19,COP,2026-08-21,130.58,3.4386,135.0,130.0,121.6099157117154,12749121.49,0.03385,-0.00444,-0.06869,33802,48,POSITIVE_GAMMA,OK
2026-08-19,PFE,2026-08-21,28.24,0.6246,29.0,27.0,25.30144406409896,19881613.23,0.02691,-0.04391,-0.10406,393400,26,POSITIVE_GAMMA,OK
2026-08-19,IBKR,2026-08-21,90.54,2.8014,92.0,90.0,92.0796880987248,-763035.8,0.01613,-0.00596,0.01701,11576,33,NEAR_FLIP,OK
2026-08-19,UBER,2026-08-21,78.04,2.8481,80.0,78.0,71.43185159931708,43244677.82,0.02512,-0.00051,-0.08468,193749,40,POSITIVE_GAMMA,OK
2026-08-19,DHR,2026-08-21,211.5,5.9786,215.0,210.0,172.45198125830441,9288818.03,0.01655,-0.00709,-0.18462,22187,33,POSITIVE_GAMMA,OK
2026-08-19,LMT,2026-08-21,589.15,14.6093,600.0,585.0,587.1452485867641,2229976.83,0.01842,-0.00704,-0.0034,19344,85,NEAR_FLIP,OK
2026-08-19,ISRG,2026-08-21,397.72,10.1943,400.0,390.0,389.73837391725,4449405.47,0.00573,-0.01941,-0.02007,22226,70,NEAR_FLIP,OK
2026-08-19,GLW,2026-08-21,152.46,11.2607,160.0,150.0,155.8113861798397,-4536438.7,0.04946,-0.01614,0.02198,92484,37,NEAR_FLIP,OK
2026-08-19,COF,2026-08-21,220.73,4.7557,227.5,220.0,217.55039708603942,7657120.48,0.03067,-0.00331,-0.0144,18736,35,NEAR_FLIP,OK
2026-08-19,PLD,2026-08-21,141.3,2.4086,145.0,140.0,141.95368705863203,-1434368.25,0.02619,-0.0092,0.00463,12233,15,NEAR_FLIP,OK
2026-08-19,BMY,2026-08-21,67.61,1.8421,69.0,62.5,62.63776550934544,10392151.41,0.02056,-0.07558,-0.07354,98558,29,POSITIVE_GAMMA,OK
2026-08-19,VRTX,2026-08-21,552.06,17.6836,560.0,480.0,510.70286656471575,5813449.33,0.01438,-0.13053,-0.07491,6174,55,POSITIVE_GAMMA,OK
2026-08-19,CB,2026-08-21,340.92,5.8057,355.0,335.0,330.7297039041404,9158333.0,0.0413,-0.01736,-0.02989,12595,38,POSITIVE_GAMMA,OK
2026-08-19,PH,2026-08-21,1023.25,27.2493,1040.0,980.0,776.2704837645304,10940803.98,0.01637,-0.04227,-0.24137,5287,45,POSITIVE_GAMMA,OK
2026-08-19,BMO,2026-08-21,175.73,3.0175,180.0,175.0,178.56304266857222,-907884.18,0.0243,-0.00415,0.01612,3401,16,NEAR_FLIP,OK
2026-08-19,SYK,2026-08-21,339.98,10.7843,340.0,330.0,318.7240987146463,8887958.97,6e-05,-0.02935,-0.06252,7241,21,POSITIVE_GAMMA,OK
2026-08-19,NOW,2026-08-21,127.2,6.437,130.0,125.0,113.89903500913869,30896158.54,0.02201,-0.0173,-0.10457,218408,56,POSITIVE_GAMMA,OK
2026-08-19,SPGI,2026-08-21,426.66,9.7721,450.0,420.0,429.25795986433747,-631228.52,0.0547,-0.01561,0.00609,4443,58,NEAR_FLIP,OK
2026-08-19,NEM,2026-08-21,125.08,4.8121,135.0,123.0,103.1018678653742,14173946.2,0.07931,-0.01663,-0.17571,78886,53,POSITIVE_GAMMA,OK
2026-08-19,CVS,2026-08-21,93.65,2.9779,95.0,92.5,94.78704763449093,-4634062.15,0.01442,-0.01228,0.01214,71083,47,NEAR_FLIP,OK
2026-08-19,LOW,2026-08-21,220.0,5.7036,230.0,217.5,216.24724958290653,8370558.43,0.04545,-0.01136,-0.01706,33108,38,NEAR_FLIP,OK
2026-08-19,SBUX,2026-08-21,104.98,2.8407,108.0,103.0,106.09906441058523,-7854580.74,0.02877,-0.01886,0.01066,56117,38,NEAR_FLIP,OK
2026-08-19,PGR,2026-08-21,217.27,4.6075,220.0,210.0,212.3730047904184,7665710.87,0.01256,-0.03346,-0.02254,18160,37,POSITIVE_GAMMA,OK
2026-08-19,MDT,2026-08-21,94.13,2.0724,95.0,90.0,78.51906425553969,8976494.28,0.00924,-0.04388,-0.16584,49726,40,POSITIVE_GAMMA,OK
2026-08-19,HWM,2026-08-21,283.48,8.4407,290.0,270.0,281.9721817046871,294206.3,0.023,-0.04755,-0.00532,5364,43,NEAR_FLIP,OK
2026-08-19,FTNT,2026-08-21,152.85,6.1264,160.0,145.0,156.57615245485985,-3587256.87,0.04678,-0.05136,0.02438,31132,33,NEAR_FLIP,OK
2026-08-19,SNOW,2026-08-21,325.01,13.0195,330.0,315.0,253.50703915323933,25834041.19,0.01535,-0.0308,-0.22,51097,62,POSITIVE_GAMMA,OK
2026-08-19,CM,2026-08-21,117.84,2.1375,125.0,115.0,104.89588081082613,206250.05,0.06076,-0.0241,-0.10984,4860,9,POSITIVE_GAMMA,OK
2026-08-19,ENB,2026-08-21,50.25,0.9943,52.5,50.0,51.489712016594666,-1215168.75,0.04478,-0.00498,0.02467,11095,12,NEGATIVE_GAMMA,OK
2026-08-19,BNY,2026-08-21,159.76,2.5118,160.0,155.0,152.70834421776604,2032314.45,0.0015,-0.02979,-0.04414,5941,16,POSITIVE_GAMMA,OK
2026-08-19,BNS,2026-08-21,87.69,1.2825,90.0,87.5,74.98442104271876,438385.62,0.02634,-0.00217,-0.14489,2828,12,POSITIVE_GAMMA,OK
2026-08-19,ABNB,2026-08-21,186.39,6.955,190.0,185.0,173.82604579150896,9378084.81,0.01937,-0.00746,-0.06741,41604,42,POSITIVE_GAMMA,OK
2026-08-19,MO,2026-08-21,66.03,1.5641,67.0,65.0,53.42378207892455,-1908987.87,0.01469,-0.0156,-0.19092,48855,39,POSITIVE_GAMMA,OK
2026-08-19,NET,2026-08-21,291.88,18.2227,300.0,280.0,212.03135920276299,3350705.11,0.02782,-0.0407,-0.27357,38723,57,POSITIVE_GAMMA,OK
2026-08-19,ADP,2026-08-21,277.22,6.9264,280.0,265.0,272.78294360578326,3800712.67,0.01003,-0.04408,-0.01601,14172,38,NEAR_FLIP,OK
2026-08-19,EQIX,2026-08-21,1077.08,28.9146,1090.0,1000.0,1070.4615890132789,3203422.26,0.012,-0.07156,-0.00614,7301,56,NEAR_FLIP,OK
2026-08-19,GD,2026-08-21,392.34,6.4493,400.0,385.0,347.9557932936859,3463697.21,0.01952,-0.01871,-0.11313,4448,40,POSITIVE_GAMMA,OK
2026-08-19,SPOT,2026-08-21,533.37,26.4149,550.0,520.0,478.9467852866297,43565386.31,0.03118,-0.02507,-0.10204,42113,63,POSITIVE_GAMMA,OK
2026-08-19,SO,2026-08-21,92.19,1.6321,96.0,92.0,93.49990358463342,-8405454.42,0.04133,-0.00206,0.01421,26294,33,NEAR_FLIP,OK
2026-08-19,ACN,2026-08-21,183.17,7.9314,190.0,175.0,166.84534748173297,8383182.25,0.03729,-0.0446,-0.08912,40847,49,POSITIVE_GAMMA,OK
2026-08-19,VRT,2026-08-21,261.0,15.9137,270.0,250.0,281.20047317858933,-19713438.57,0.03448,-0.04215,0.0774,71469,46,NEGATIVE_GAMMA,OK
2026-08-19,PWR,2026-08-21,677.41,27.3736,700.0,650.0,662.7387285539752,5326276.7,0.03335,-0.04046,-0.02166,16721,41,NEAR_FLIP,OK
2026-08-19,ADBE,2026-08-21,272.47,11.2436,275.0,265.0,258.90999327279997,34636097.57,0.00929,-0.02742,-0.04977,69394,51,POSITIVE_GAMMA,OK
2026-08-19,BN,2026-08-21,42.15,1.0711,43.0,40.0,41.185538699203136,485412.3,0.02017,-0.05101,-0.02288,12631,17,NEAR_FLIP,OK
2026-08-19,MPC,2026-08-21,360.75,12.4379,380.0,350.0,343.79285142833885,6044131.99,0.05336,-0.0298,-0.04701,9515,14,POSITIVE_GAMMA,OK
2026-08-19,APP,2026-08-21,310.79,21.4627,315.0,310.0,316.75493793481587,-12545851.56,0.01355,-0.00254,0.01919,43196,59,NEAR_FLIP,OK
2026-08-19,CNQ,2026-08-21,49.5,1.1718,50.0,47.5,38.55744324938904,1636524.68,0.0101,-0.0404,-0.22106,14806,36,POSITIVE_GAMMA,OK
2026-08-19,TT,2026-08-21,455.48,12.4443,470.0,450.0,472.09383325505496,-3592379.63,0.03188,-0.01203,0.03648,3345,25,NEGATIVE_GAMMA,OK
2026-08-19,PNC,2026-08-21,246.46,4.0493,250.0,240.0,245.4304244602614,976411.29,0.01436,-0.02621,-0.00418,8269,32,NEAR_FLIP,OK
2026-08-19,MCK,2026-08-21,853.71,30.0836,870.0,850.0,778.9585849982241,1356226.95,0.01908,-0.00435,-0.08756,6883,46,POSITIVE_GAMMA,OK
2026-08-19,USB,2026-08-21,62.82,1.0239,63.0,62.5,60.34065607828571,10998879.48,0.00287,-0.00509,-0.03947,23318,30,POSITIVE_GAMMA,OK
2026-08-19,VLO,2026-08-21,346.26,11.0689,350.0,335.0,298.4476482487352,7757134.96,0.0108,-0.03252,-0.13808,18694,48,POSITIVE_GAMMA,OK
2026-08-19,CME,2026-08-21,266.94,5.9493,270.0,265.0,264.9288229935544,961813.7,0.01146,-0.00727,-0.00753,15274,41,NEAR_FLIP,OK
2026-08-19,PSX,2026-08-21,242.29,7.7344,250.0,235.0,231.3357904462882,2678196.91,0.03182,-0.03009,-0.04521,5673,35,POSITIVE_GAMMA,OK
2026-08-19,DUK,2026-08-21,123.6,2.1964,125.0,120.0,123.63913178041244,-88668.35,0.01133,-0.02913,0.00032,21734,15,NEAR_FLIP,OK
2026-08-19,KKR,2026-08-21,110.46,4.6079,115.0,110.0,102.27033742273072,4233089.33,0.0411,-0.00416,-0.07414,37868,46,POSITIVE_GAMMA,OK
2026-08-19,INTU,2026-08-21,362.47,14.1571,380.0,350.0,330.1934593429656,18615436.55,0.04836,-0.0344,-0.08905,21823,56,POSITIVE_GAMMA,OK
2026-08-19,AEM,2026-08-21,207.72,8.4026,210.0,170.0,178.47388346133346,15707316.22,0.01098,-0.18159,-0.1408,27929,38,POSITIVE_GAMMA,OK
2026-08-19,FCX,2026-08-21,69.09,2.5764,70.0,68.0,64.86835108296202,18273332.86,0.01317,-0.01578,-0.0611,176945,34,POSITIVE_GAMMA,OK
2026-08-19,CEG,2026-08-21,274.17,10.7142,280.0,270.0,275.0560109543718,-1070575.89,0.02126,-0.01521,0.00323,32507,47,NEAR_FLIP,OK
2026-08-19,DASH,2026-08-21,220.22,7.8118,225.0,220.0,205.6292102833442,7699001.24,0.02171,-0.001,-0.06626,22449,44,POSITIVE_GAMMA,OK
2026-08-19,MMM,2026-08-21,180.66,3.3036,185.0,180.0,162.58349987602782,14005737.39,0.02402,-0.00365,-0.10006,29988,33,POSITIVE_GAMMA,OK
2026-08-19,MAR,2026-08-21,359.95,9.1075,365.0,350.0,359.73695873454307,110576.5,0.01403,-0.02764,-0.00059,6284,46,NEAR_FLIP,OK
2026-08-19,CSX,2026-08-21,50.68,0.8793,52.5,50.0,50.71687298314856,-137921.75,0.03591,-0.01342,0.00073,43120,29,NEAR_FLIP,OK
2026-08-19,CMCSA,2026-08-21,26.59,0.6636,27.0,25.0,23.89189756765366,4588227.54,0.01542,-0.0598,-0.10147,154680,26,POSITIVE_GAMMA,OK
2026-08-19,MNST,2026-08-21,47.43,5.0371,47.5,46.25,46.677019252454016,2391183.34,0.00148,-0.02488,-0.01588,42272,15,NEAR_FLIP,OK
2026-08-19,WMB,2026-08-21,73.24,1.9129,75.0,72.0,72.06241045378783,5301122.49,0.02403,-0.01693,-0.01608,37851,29,NEAR_FLIP,OK
2026-08-19,JCI,2026-08-21,144.94,4.3286,150.0,140.0,141.49260050355088,9128822.38,0.03491,-0.03408,-0.02379,36389,16,NEAR_FLIP,OK
2026-08-19,RACE,2026-08-21,425.18,8.7011,435.0,330.0,361.8524345204395,4845153.66,0.0231,-0.22386,-0.14894,5924,57,POSITIVE_GAMMA,OK
2026-08-19,MELI,2026-08-21,1908.65,74.2386,1920.0,1900.0,1855.1314408551468,27996338.4,0.00595,-0.00453,-0.02804,13180,111,NEAR_FLIP,OK
2026-08-19,WM,2026-08-21,225.08,4.1961,230.0,220.0,226.13258299430026,-1336118.93,0.02186,-0.02257,0.00468,7452,17,NEAR_FLIP,OK
2026-08-19,HCA,2026-08-21,407.05,11.155,420.0,400.0,399.3530838792127,7361099.83,0.03181,-0.01732,-0.01891,20362,42,NEAR_FLIP,OK
2026-08-19,MRSH,2026-08-21,189.2,3.5884,190.0,185.0,172.76444371333292,900842.59,0.00423,-0.0222,-0.08687,3890,14,POSITIVE_GAMMA,OK
2026-08-19,DDOG,2026-08-21,233.52,18.0852,240.0,225.0,244.83127897314955,-6888721.83,0.02775,-0.03649,0.04844,40712,42,NEAR_FLIP,OK
2026-08-19,EMR,2026-08-21,157.6,4.6014,165.0,157.5,155.45581161784202,375293.69,0.04695,-0.00063,-0.01361,3495,40,NEAR_FLIP,OK
2026-08-19,ICE,2026-08-21,157.24,3.4193,157.5,152.5,129.08487517005503,4109152.92,0.00165,-0.03015,-0.17906,13656,40,POSITIVE_GAMMA,OK
2026-08-19,CDNS,2026-08-21,314.98,10.1229,400.0,310.0,343.6176988097256,-52748767.95,0.26992,-0.01581,0.09092,38346,50,NEGATIVE_GAMMA,OK
2026-08-19,UPS,2026-08-21,102.86,2.3679,105.0,101.0,103.6351042945448,-7331881.72,0.0208,-0.01808,0.00754,63319,45,NEAR_FLIP,OK
2026-08-19,ELV,2026-08-21,398.45,9.9307,400.0,390.0,377.2737522858503,3931399.26,0.00389,-0.02121,-0.05315,5418,24,POSITIVE_GAMMA,OK
2026-08-19,CMI,2026-08-21,608.37,21.6271,650.0,600.0,653.0334643274989,-3642178.12,0.06843,-0.01376,0.07341,4299,33,NEGATIVE_GAMMA,OK
2026-08-19,MCO,2026-08-21,497.03,10.8596,540.0,490.0,477.7375066547704,6489773.26,0.08645,-0.01414,-0.03882,8293,27,POSITIVE_GAMMA,OK
2026-08-19,SHW,2026-08-21,353.59,8.5963,360.0,350.0,344.1997462189007,3040714.77,0.01813,-0.01015,-0.02656,10421,20,POSITIVE_GAMMA,OK
2026-08-19,NOC,2026-08-21,582.84,12.6625,590.0,580.0,535.9661494767897,7301919.12,0.01228,-0.00487,-0.08042,8170,60,POSITIVE_GAMMA,OK
2026-08-19,EPD,2026-08-21,38.12,0.6241,39.0,38.0,37.258323009413786,2822139.32,0.02309,-0.00315,-0.0226,14920,27,POSITIVE_GAMMA,OK
2026-08-19,REGN,2026-08-21,840.84,21.5129,860.0,795.0,790.3131164514984,3289398.51,0.02279,-0.05452,-0.06009,4349,69,POSITIVE_GAMMA,OK
2026-08-19,CP,2026-08-21,94.44,1.8071,95.0,92.5,92.47759346259866,503748.42,0.00593,-0.02054,-0.02078,2296,14,POSITIVE_GAMMA,OK
2026-08-19,HOOD,2026-08-21,95.77,4.5827,100.0,95.0,93.51645509386091,17862269.92,0.04417,-0.00804,-0.02353,242844,38,NEAR_FLIP,OK
2026-08-19,BAM,2026-08-21,52.65,1.7048,55.0,50.0,47.92407179484117,355461.56,0.04463,-0.05033,-0.08976,7787,10,POSITIVE_GAMMA,OK
2026-08-19,ITW,2026-08-21,284.25,5.4761,290.0,280.0,263.89488841033284,2623822.41,0.02023,-0.01495,-0.07161,2073,15,POSITIVE_GAMMA,OK
2026-08-19,RCL,2026-08-21,300.56,7.5857,310.0,290.0,309.0566712749297,-4210350.4,0.03141,-0.03513,0.02827,9476,48,NEGATIVE_GAMMA,OK
2026-08-19,AMT,2026-08-21,174.49,4.5814,175.0,170.0,173.70618201918214,718762.71,0.00292,-0.02573,-0.00449,11041,17,NEAR_FLIP,OK
2026-08-19,MDLZ,2026-08-21,64.16,1.3643,65.0,57.5,62.513027306287796,3634616.41,0.01309,-0.1038,-0.02567,20347,26,POSITIVE_GAMMA,OK
2026-08-19,CTAS,2026-08-21,203.08,4.2504,210.0,200.0,201.24459957408934,798386.21,0.03408,-0.01517,-0.00904,8888,30,NEAR_FLIP,OK
2026-08-19,SU,2026-08-21,67.47,1.8661,70.0,65.0,,4020556.92,0.0375,-0.03661,,18955,29,UNKNOWN,OK
2026-08-19,APO,2026-08-21,133.63,5.2629,135.0,120.0,131.34373314378166,2909888.69,0.01025,-0.102,-0.01711,19151,49,NEAR_FLIP,OK
2026-08-19,SLB,2026-08-21,53.55,1.5463,55.0,52.5,50.05941487549457,9514624.92,0.02708,-0.01961,-0.06518,88926,38,POSITIVE_GAMMA,OK
2026-08-19,ECL,2026-08-21,285.62,5.5664,290.0,270.0,284.2180787709083,812616.37,0.01534,-0.05469,-0.00491,7930,15,NEAR_FLIP,OK
2026-08-19,LITE,2026-08-21,827.6,88.0647,870.0,800.0,929.0723328734344,-29997850.64,0.05123,-0.03335,0.12261,59326,95,NEGATIVE_GAMMA,OK
2026-08-19,EOG,2026-08-21,149.48,4.0129,150.0,135.0,136.96686151603615,5698384.69,0.00348,-0.09687,-0.08371,11567,41,POSITIVE_GAMMA,OK
2026-08-19,MSI,2026-08-21,480.84,14.25,490.0,470.0,404.5428014246619,4091284.65,0.01905,-0.02254,-0.15867,4070,21,POSITIVE_GAMMA,OK
2026-08-19,FDX,2026-08-21,328.38,7.4307,330.0,322.5,318.94722592018815,6120108.55,0.00493,-0.01791,-0.02873,12969,48,POSITIVE_GAMMA,OK
2026-08-19,SNPS,2026-08-21,401.24,11.72,420.0,400.0,402.66414662623,-1009307.37,0.04676,-0.00309,0.00355,13620,70,NEAR_FLIP,OK
2026-08-19,TRV,2026-08-21,362.22,7.1907,380.0,360.0,361.7092236546782,378836.59,0.04909,-0.00613,-0.00141,9517,20,NEAR_FLIP,OK
2026-08-19,CNI,2026-08-21,127.64,1.9214,130.0,125.0,126.45934199985378,222078.27,0.01849,-0.02068,-0.00925,3188,13,NEAR_FLIP,OK
2026-08-19,NSC,2026-08-21,345.71,6.4786,350.0,300.0,337.3043552814229,1921649.4,0.01241,-0.13222,-0.02431,5977,15,POSITIVE_GAMMA,OK
2026-08-19,ROST,2026-08-21,234.69,5.0079,240.0,230.0,232.5196268436359,476449.6,0.02263,-0.01998,-0.00925,10068,41,NEAR_FLIP,OK
2026-08-19,HLT,2026-08-21,334.73,7.8107,340.0,330.0,331.8578238935396,855448.92,0.01574,-0.01413,-0.00858,2240,35,NEAR_FLIP,OK
2026-08-19,ET,2026-08-21,21.18,0.3814,21.5,21.0,20.18643424529845,6007175.89,0.01511,-0.0085,-0.04691,50728,19,POSITIVE_GAMMA,OK
2026-08-19,HPE,2026-08-21,53.13,3.3402,55.0,52.0,46.203993056693875,2503616.64,0.0352,-0.02127,-0.13036,87068,46,POSITIVE_GAMMA,OK
2026-08-19,CI,2026-08-21,277.45,7.7046,285.0,275.0,280.56569421332824,-1809635.49,0.02721,-0.00883,0.01123,8261,42,NEAR_FLIP,OK
2026-08-19,GM,2026-08-21,84.96,2.0618,85.0,84.0,84.12759944117734,2120307.51,0.00047,-0.0113,-0.0098,38975,49,NEAR_FLIP,OK
2026-08-19,ORLY,2026-08-21,91.2,2.0971,95.0,90.0,88.63053971896504,2293049.34,0.04167,-0.01316,-0.02817,15661,11,POSITIVE_GAMMA,OK
2026-08-19,KMI,2026-08-21,32.08,0.7061,33.0,32.0,31.38861683939065,2403358.19,0.02868,-0.00249,-0.02155,32699,24,NEAR_FLIP,OK
2026-08-19,BSX,2026-08-21,52.01,1.6914,55.0,52.0,47.99346179879224,9322882.99,0.05749,-0.00019,-0.07723,145591,36,POSITIVE_GAMMA,OK
2026-08-19,MFC,2026-08-21,43.42,0.8189,44.0,40.0,42.56252159068209,306047.76,0.01336,-0.07877,-0.01975,4240,17,POSITIVE_GAMMA,OK
2026-08-19,CL,2026-08-21,90.87,2.1457,92.5,90.0,87.73479172638233,3219914.67,0.01794,-0.00957,-0.0345,13417,34,POSITIVE_GAMMA,OK
2026-08-19,AON,2026-08-21,348.43,7.3643,370.0,340.0,348.43554645066996,-988.32,0.06191,-0.02419,2e-05,2419,18,NEAR_FLIP,OK
2026-08-19,DLR,2026-08-21,192.35,4.8818,195.0,187.5,193.72518381466432,-831874.11,0.01378,-0.02521,0.00715,5600,32,NEAR_FLIP,OK
2026-08-19,HON,2026-08-21,221.73,6.3929,230.0,220.0,232.54405223689596,-10107389.58,0.0373,-0.0078,0.04877,14143,38,NEGATIVE_GAMMA,OK
2026-08-19,CVNA,2026-08-21,70.44,3.8732,72.0,70.0,65.28411586194723,8571716.21,0.02215,-0.00625,-0.0732,215252,46,POSITIVE_GAMMA,OK
2026-08-19,WBD,2026-08-21,28.53,0.5489,29.0,28.0,26.74848222286153,99675529.41,0.01647,-0.01858,-0.06244,498290,23,POSITIVE_GAMMA,OK
2026-08-19,SPG,2026-08-21,223.18,3.8289,230.0,220.0,222.23957012680134,676046.0,0.03056,-0.01425,-0.00421,6823,17,NEAR_FLIP,OK
2026-08-19,DB,2026-08-21,38.03,0.5268,39.0,38.0,36.20682105830842,1543342.31,0.02551,-0.00079,-0.04794,13187,18,POSITIVE_GAMMA,OK
2026-08-19,URI,2026-08-21,1117.04,31.0764,1180.0,1100.0,1130.5894540277025,-2104577.68,0.05636,-0.01525,0.01213,3014,86,NEAR_FLIP,OK
2026-08-19,NU,2026-08-21,14.61,0.6219,15.0,14.0,13.92252880687411,7530990.88,0.02669,-0.04175,-0.04705,349377,17,POSITIVE_GAMMA,OK
2026-08-19,B,2026-08-21,45.13,1.8289,46.0,43.0,38.07314518232995,6368217.69,0.01928,-0.0472,-0.15637,62916,31,POSITIVE_GAMMA,OK
2026-08-19,TGT,2026-08-21,159.0,4.5457,160.0,150.0,151.39948038541579,20453680.74,0.00629,-0.0566,-0.0478,66411,44,POSITIVE_GAMMA,OK
2026-08-19,AEP,2026-08-21,126.27,2.3779,140.0,125.0,128.42137537165027,-3979572.14,0.10874,-0.01006,0.01704,15073,14,NEAR_FLIP,OK
2026-08-19,TDG,2026-08-21,1222.91,35.7368,1240.0,1130.0,1236.61176061048,-1466759.93,0.01397,-0.07597,0.0112,2243,51,NEAR_FLIP,OK
2026-08-19,NBIS,2026-08-21,223.9,26.3496,250.0,220.0,218.75135063434314,7107836.2,0.11657,-0.01742,-0.023,209546,54,NEAR_FLIP,OK
2026-08-19,APD,2026-08-21,303.22,6.135,310.0,290.0,292.1703798985075,3656819.04,0.02236,-0.0436,-0.03644,5736,17,POSITIVE_GAMMA,OK
2026-08-19,PCAR,2026-08-21,127.47,3.2185,133.6,110.0,123.03435289506403,656572.6,0.04809,-0.13705,-0.0348,3521,29,POSITIVE_GAMMA,OK
2026-08-19,RSG,2026-08-21,221.04,4.2057,230.0,220.0,221.21806605553914,-98950.19,0.04054,-0.00471,0.00081,2770,10,NEAR_FLIP,OK
2026-08-19,ALL,2026-08-21,259.74,6.8686,260.0,250.0,266.4557924943987,-6740428.77,0.001,-0.0375,0.02586,9243,17,NEAR_FLIP,OK
2026-08-19,IMO,2026-08-21,136.12,3.3786,140.0,100.0,116.78545206833837,1800092.24,0.0285,-0.26535,-0.14204,2564,12,POSITIVE_GAMMA,OK
2026-08-19,MPWR,2026-08-21,1300.14,85.9401,1320.0,1300.0,1344.8783449057416,-4353338.58,0.01528,-0.00011,0.03441,4316,58,NEAR_FLIP,OK
2026-08-19,TFC,2026-08-21,50.97,0.8721,52.5,50.0,51.06733593755642,-274897.03,0.03002,-0.01903,0.00191,17094,11,NEAR_FLIP,OK
2026-08-19,TRP,2026-08-21,62.37,1.5254,75.0,60.0,64.04681954789153,-538179.21,0.2025,-0.038,0.02689,7470,15,NEGATIVE_GAMMA,OK
2026-08-19,BKR,2026-08-21,64.48,1.4811,65.0,60.0,57.989195269943586,4404264.49,0.00806,-0.06948,-0.10066,16947,7,POSITIVE_GAMMA,LOW
2026-08-19,TRGP,2026-08-21,297.09,8.9129,300.0,280.0,259.0229024936348,11854629.31,0.0098,-0.05752,-0.12813,4977,13,POSITIVE_GAMMA,OK
2026-08-19,AJG,2026-08-21,257.45,7.93,260.0,250.0,229.770768627787,1267079.51,0.0099,-0.02894,-0.10751,3795,16,POSITIVE_GAMMA,OK
2026-08-19,TER,2026-08-21,379.65,28.3104,390.0,372.5,378.3643954368552,372593.77,0.02726,-0.01883,-0.00339,22516,70,NEAR_FLIP,OK
2026-08-19,CRH,2026-08-21,94.74,2.6464,100.0,90.0,98.21302556313259,-1529104.08,0.05552,-0.05003,0.03666,8552,34,NEGATIVE_GAMMA,OK
2026-08-19,GWW,2026-08-21,1306.95,31.7821,1350.0,1290.0,1283.133349253495,2708301.86,0.03294,-0.01297,-0.01822,1447,44,NEAR_FLIP,OK
2026-08-19,BE,2026-08-21,206.63,22.3061,220.0,200.0,209.88090831275844,-5545801.91,0.06471,-0.03209,0.01573,145993,44,NEAR_FLIP,OK
2026-08-19,MET,2026-08-21,95.11,1.7734,97.5,95.0,85.69945835549906,1868618.65,0.02513,-0.00116,-0.09894,8557,16,POSITIVE_GAMMA,OK
2026-08-19,FIX,2026-08-21,1696.0601,91.9196,1740.0,1660.0,1733.597928895764,-2272567.35,0.02591,-0.02126,0.02213,3891,65,NEAR_FLIP,OK
2026-08-19,OKE,2026-08-21,96.01,2.5242,100.0,95.0,91.46439622037664,7499932.02,0.04156,-0.01052,-0.04735,20337,11,POSITIVE_GAMMA,OK
2026-08-19,AFL,2026-08-21,116.51,2.2611,125.0,115.0,117.71971085049472,-1154565.83,0.07287,-0.01296,0.01038,11117,35,NEAR_FLIP,OK
2026-08-19,D,2026-08-21,68.29,1.1734,72.5,67.5,68.41874237828615,-280662.03,0.06165,-0.01157,0.00189,11503,11,NEAR_FLIP,OK
2026-08-19,COR,2026-08-21,317.1,10.2321,320.0,310.0,304.0137495141404,2930380.89,0.00915,-0.02239,-0.04127,3920,19,POSITIVE_GAMMA,OK
2026-08-19,WPM,2026-08-21,147.43,5.7507,150.0,135.0,,2084801.73,0.01743,-0.08431,,8829,53,UNKNOWN,OK
2026-08-19,PSA,2026-08-21,325.13,6.3021,330.0,320.0,319.8715703859574,1041673.87,0.01498,-0.01578,-0.01617,1687,14,NEAR_FLIP,OK
2026-08-19,MPLX,2026-08-21,58.69,1.1586,60.0,55.0,57.67876229770209,1836138.72,0.02232,-0.06287,-0.01723,6080,6,NEAR_FLIP,LOW
2026-08-19,COHR,2026-08-21,287.47,38.7957,320.0,285.0,341.7581113877407,-18757266.92,0.11316,-0.00859,0.18885,43660,59,NEGATIVE_GAMMA,OK
2026-08-19,CVE,2026-08-21,32.48,0.9532,33.0,31.0,27.147918548864034,2621429.33,0.01601,-0.04557,-0.16417,24790,18,POSITIVE_GAMMA,OK
2026-08-19,NUE,2026-08-21,248.74,8.8943,250.0,240.0,236.9994655928444,1703309.02,0.00507,-0.03514,-0.0472,5788,18,POSITIVE_GAMMA,OK
2026-08-19,OXY,2026-08-21,60.09,1.6378,61.0,60.0,56.29406099112644,27265748.07,0.01514,-0.0015,-0.06317,122617,37,POSITIVE_GAMMA,OK
2026-08-19,NKE,2026-08-21,41.05,1.1582,42.0,40.0,41.020636447978916,503192.54,0.02314,-0.02558,-0.00072,215323,38,NEAR_FLIP,OK
2026-08-19,TEL,2026-08-21,203.57,6.3364,230.0,200.0,201.1169920979237,1072720.24,0.12983,-0.01754,-0.01205,19934,18,NEAR_FLIP,OK
2026-08-19,O,2026-08-21,62.95,1.0311,65.0,62.5,63.642219738520154,-4933979.04,0.03257,-0.00715,0.011,29673,13,NEAR_FLIP,OK
2026-08-19,FAST,2026-08-21,51.44,1.1436,52.5,50.0,45.996919138956684,2457121.91,0.02061,-0.02799,-0.10581,18282,11,POSITIVE_GAMMA,OK
2026-08-19,FANG,2026-08-21,208.55,6.0228,210.0,200.0,205.82202360309932,1270772.97,0.00695,-0.041,-0.01308,10243,18,NEAR_FLIP,OK
2026-08-19,KEYS,2026-08-21,319.45,16.0321,340.0,310.0,327.0158231726451,-2185205.93,0.06433,-0.02958,0.02368,12100,19,NEAR_FLIP,OK
2026-08-19,NXPI,2026-08-21,226.02,9.2657,230.0,220.0,248.8186068531426,-3128873.69,0.01761,-0.02663,0.10087,13036,15,NEGATIVE_GAMMA,OK
2026-08-19,CIEN,2026-08-21,399.47,32.0057,415.0,370.0,421.1030241419,-3350868.35,0.03888,-0.07377,0.05415,17632,66,NEAR_FLIP,OK
2026-08-19,GRMN,2026-08-21,295.67,7.9143,320.0,290.0,246.49665533597266,-1073706.63,0.08229,-0.01918,-0.16631,4077,15,POSITIVE_GAMMA,OK
2026-08-19,AME,2026-08-21,243.22,5.7564,250.0,230.0,232.58840627754338,11445595.76,0.02788,-0.05435,-0.04371,13457,17,POSITIVE_GAMMA,OK
2026-08-19,SRE,2026-08-21,85.59,1.6136,95.0,85.0,87.51811056187742,-469480.37,0.10994,-0.00689,0.02253,7821,10,NEGATIVE_GAMMA,OK
2026-08-19,LNG,2026-08-21,274.3,7.8752,280.0,270.0,254.7209839387174,30909749.69,0.02078,-0.01568,-0.07138,19121,40,POSITIVE_GAMMA,OK
2026-08-19,DAL,2026-08-21,83.29,2.3271,85.0,82.5,86.61805858988888,-7771184.31,0.02053,-0.00948,0.03996,52299,41,NEGATIVE_GAMMA,OK
2026-08-19,F,2026-08-21,14.5,0.405,15.0,14.0,13.86494099967552,5873026.51,0.03448,-0.03448,-0.0438,183948,17,POSITIVE_GAMMA,OK
2026-08-19,CAH,2026-08-21,234.85,6.9854,240.0,232.5,232.26407880279024,2172494.35,0.02193,-0.01001,-0.01101,8617,35,NEAR_FLIP,OK
2026-08-19,NDAQ,2026-08-21,96.35,1.8118,100.0,93.0,94.13870312120463,500690.59,0.03788,-0.03477,-0.02295,6236,38,POSITIVE_GAMMA,OK
2026-08-19,STT,2026-08-21,185.81,3.765,195.0,185.0,141.57615696246208,3286113.13,0.04946,-0.00436,-0.23806,6443,15,POSITIVE_GAMMA,OK
2026-08-19,ALAB,2026-08-21,289.02,31.2857,300.0,285.0,301.2892770533989,-4435582.74,0.03799,-0.01391,0.04245,29686,53,NEAR_FLIP,OK
2026-08-19,DVN,2026-08-21,48.19,1.3511,50.0,47.5,41.06106681780525,18642720.75,0.03756,-0.01432,-0.14793,114170,37,POSITIVE_GAMMA,OK
2026-08-19,EW,2026-08-21,92.28,1.965,92.5,90.0,85.98999652304704,2963185.11,0.00238,-0.02471,-0.06816,18406,17,POSITIVE_GAMMA,OK
2026-08-19,ADSK,2026-08-21,251.29,9.4521,270.0,232.5,235.47731999121683,3744543.24,0.07446,-0.07477,-0.06293,7836,43,POSITIVE_GAMMA,OK
2026-08-19,LHX,2026-08-21,277.11,7.02,280.0,270.0,278.7184304380737,-407564.29,0.01043,-0.02566,0.0058,4289,38,NEAR_FLIP,OK
2026-08-19,CTVA,2026-08-21,78.57,2.5523,80.0,75.0,62.09495213666177,62243.02,0.0182,-0.04544,-0.20969,1987,8,POSITIVE_GAMMA,OK
2026-08-19,FITB,2026-08-21,54.96,1.0618,55.0,48.0,51.058249716967794,6007712.69,0.00073,-0.12664,-0.07099,21136,15,POSITIVE_GAMMA,OK
2026-08-19,PYPL,2026-08-21,61.25,1.4541,62.5,60.0,57.4293241710359,31747467.11,0.02041,-0.02041,-0.06238,129846,33,POSITIVE_GAMMA,OK
2026-08-19,CRWV,2026-08-21,90.87,9.1654,95.0,90.0,91.21983970124018,-1062292.55,0.04545,-0.00957,0.00385,286581,64,NEAR_FLIP,OK
2026-08-19,HONA,2026-08-21,170.37,12.8121,175.0,160.0,168.39441019649132,315243.64,0.02718,-0.06087,-0.0116,6706,19,NEAR_FLIP,OK
2026-08-19,CARR,2026-08-21,61.2,1.6361,63.0,57.0,63.354675285906616,-2495919.27,0.02941,-0.06863,0.03521,31956,34,NEGATIVE_GAMMA,OK
2026-08-19,ETR,2026-08-21,107.96,2.17,115.0,105.0,108.00203255881503,-13282.02,0.06521,-0.02742,0.00039,4293,10,NEAR_FLIP,OK
2026-08-19,AXON,2026-08-21,645.72,40.5929,650.0,600.0,611.7164387321566,3632664.35,0.00663,-0.0708,-0.05266,4682,67,NEAR_FLIP,OK
2026-08-19,AZO,2026-08-21,3076.8899,73.03,3100.0,3030.0,3037.860445737562,4912989.39,0.00751,-0.01524,-0.01268,3416,59,NEAR_FLIP,OK
2026-08-19,WAB,2026-08-21,292.23,5.4329,300.0,280.0,291.3296925917911,52178.78,0.02659,-0.04185,-0.00308,803,15,NEAR_FLIP,OK
2026-08-19,AMP,2026-08-21,559.78,9.2393,560.0,550.0,539.0683554956427,984131.84,0.00039,-0.01747,-0.037,1134,21,POSITIVE_GAMMA,OK
2026-08-19,AU,2026-08-21,108.54,5.1171,110.0,100.0,,1352355.43,0.01345,-0.07868,,9086,11,UNKNOWN,OK
2026-08-19,XEL,2026-08-21,79.41,1.3557,80.0,70.0,75.06389939234539,974685.41,0.00743,-0.1185,-0.05473,5625,9,POSITIVE_GAMMA,OK
2026-08-19,CBRS,2026-08-21,215.69,24.395,230.0,200.0,220.7867567058043,-2948262.62,0.06635,-0.07274,0.02363,45265,52,NEAR_FLIP,OK
2026-08-19,BDX,2026-08-21,187.6,4.5782,190.0,170.0,151.50377028948296,1877769.05,0.01279,-0.09382,-0.19241,6129,15,POSITIVE_GAMMA,OK
2026-08-19,ROK,2026-08-21,433.27,14.2207,440.0,410.0,439.70051914320663,-2805983.13,0.01553,-0.05371,0.01484,11414,26,NEAR_FLIP,OK
2026-08-19,VTR,2026-08-21,91.85,2.3043,92.5,90.0,76.07650752083107,2150934.35,0.00708,-0.02014,-0.17173,4643,17,POSITIVE_GAMMA,OK
2026-08-19,XYZ,2026-08-21,80.93,2.6888,82.0,80.0,78.03452079752289,8450092.83,0.01322,-0.01149,-0.03578,81188,35,POSITIVE_GAMMA,OK
2026-08-19,CCEP,2026-08-21,106.68,2.4471,110.0,105.0,96.68835660472799,3786832.73,0.03112,-0.01575,-0.09366,4434,10,POSITIVE_GAMMA,OK
2026-08-19,RKLB,2026-08-21,75.84,5.8586,80.0,75.0,78.77990022901045,-2448210.67,0.05485,-0.01108,0.03876,90035,44,NEAR_FLIP,OK
2026-08-19,FERG,2026-08-21,243.19,8.6679,250.0,240.0,247.07526139448984,-1588604.37,0.028,-0.01312,0.01598,6120,17,NEAR_FLIP,OK
2026-08-19,VST,2026-08-21,142.7,5.993,155.0,140.0,146.64483519348326,-8787192.97,0.08619,-0.01892,0.02764,86036,44,NEAR_FLIP,OK
2026-08-19,WDAY,2026-08-21,198.42,12.0964,200.0,195.0,194.18162691973444,8509288.93,0.00796,-0.01724,-0.02136,35225,47,NEAR_FLIP,OK
2026-08-19,EXC,2026-08-21,45.3,0.8554,47.0,45.0,44.07642439920341,952668.62,0.03753,-0.00662,-0.02701,10214,13,POSITIVE_GAMMA,OK
2026-08-19,RVMD,2026-08-21,214.66,7.8745,220.0,195.0,194.99224854715445,2002828.95,0.02488,-0.09159,-0.09162,8776,16,POSITIVE_GAMMA,OK
2026-08-19,HUM,2026-08-21,378.02,13.5286,387.5,370.0,391.8385784083176,-5353552.0,0.02508,-0.02122,0.03656,14335,59,NEGATIVE_GAMMA,OK
2026-08-19,CRDO,2026-08-21,234.82,23.4497,250.0,230.0,237.54713190845473,-498222.69,0.06465,-0.02053,0.01161,36211,55,NEAR_FLIP,OK
2026-08-19,EBAY,2026-08-21,102.64,3.9314,105.0,100.0,87.6561837297498,905109.47,0.02299,-0.02572,-0.14598,9366,38,POSITIVE_GAMMA,OK
2026-08-19,TTWO,2026-08-21,237.04,9.0214,250.0,230.0,237.54724634818464,-613836.54,0.05467,-0.0297,0.00214,45432,41,NEAR_FLIP,OK
2026-08-19,FNV,2026-08-21,251.07,8.7293,260.0,240.0,221.41542413031308,1525722.16,0.03557,-0.04409,-0.11811,4544,17,POSITIVE_GAMMA,OK
2026-08-19,NTRA,2026-08-21,325.07,14.9689,330.0,250.0,258.47952158183426,8546240.7,0.01517,-0.23093,-0.20485,14184,19,POSITIVE_GAMMA,OK
2026-08-19,MDLN,2026-08-21,33.91,1.9186,37.5,32.5,36.243744108704114,-1104961.81,0.10587,-0.04158,0.06882,13334,8,NEGATIVE_GAMMA,OK
2026-08-19,FLEX,2026-08-21,113.03,7.3643,115.0,110.0,124.1758341978722,-5916160.24,0.01743,-0.02681,0.09861,29362,14,NEGATIVE_GAMMA,OK
2026-08-19,VIK,2026-08-21,90.77,3.8197,100.0,90.0,96.53038643331848,-4709956.33,0.10169,-0.00848,0.06346,20022,11,NEGATIVE_GAMMA,OK
2026-08-19,TRI,2026-08-21,104.95,5.8643,105.0,100.0,107.36096326830338,-218160.27,0.00048,-0.04717,0.02297,5264,13,NEAR_FLIP,OK
2026-08-19,IDXX,2026-08-21,562.2,21.4021,570.0,480.0,543.0808985808674,1543116.16,0.01387,-0.14621,-0.03401,2432,28,NEAR_FLIP,OK
2026-08-19,ODFL,2026-08-21,205.08,6.3239,210.0,200.0,211.8313919984155,-973689.85,0.02399,-0.02477,0.03292,2435,18,NEGATIVE_GAMMA,OK
2026-08-19,HEI,2026-08-21,363.42,8.3093,370.0,310.0,347.3294222218574,1884586.38,0.01811,-0.14699,-0.04428,2996,21,POSITIVE_GAMMA,OK
2026-08-19,PRU,2026-08-21,122.22,2.6605,125.0,120.0,121.26046457057647,794934.39,0.02275,-0.01816,-0.00785,9240,15,NEAR_FLIP,OK
2026-08-19,PAYX,2026-08-21,122.5,3.3536,125.0,120.0,106.70443908256168,3416814.97,0.02041,-0.02041,-0.12894,8715,12,POSITIVE_GAMMA,OK
2026-08-19,CBRE,2026-08-21,155.07,4.6286,165.0,155.0,127.63239959303031,3364311.45,0.06404,-0.00045,-0.17694,7753,17,POSITIVE_GAMMA,OK
2026-08-19,MCHP,2026-08-21,77.08,4.2371,79.0,72.0,78.41188294622044,-2203608.84,0.02491,-0.06591,0.01728,52656,37,NEAR_FLIP,OK
2026-08-19,LYV,2026-08-21,184.19,5.1514,190.0,177.5,,3148183.03,0.03154,-0.03632,,8001,30,UNKNOWN,OK
2026-08-19,CMG,2026-08-21,34.66,1.3332,35.0,33.0,33.34888108251425,20169497.69,0.00981,-0.04789,-0.03783,190262,34,NEAR_FLIP,OK
2026-08-19,A,2026-08-21,155.41,3.3686,160.0,150.0,115.34634670083588,1354029.12,0.02953,-0.03481,-0.25779,6763,14,POSITIVE_GAMMA,OK
2026-08-19,KDP,2026-08-21,31.06,1.0875,33.0,29.0,22.35819657646997,1975227.27,0.06246,-0.06632,-0.28016,20634,17,POSITIVE_GAMMA,OK
2026-08-19,CCJ,2026-08-21,97.98,3.6486,100.0,95.0,96.69209823658983,1631881.76,0.02062,-0.03041,-0.01314,71434,41,NEAR_FLIP,OK
2026-08-19,WCN,2026-08-21,168.75,3.3225,175.0,165.0,166.79767625322927,958496.69,0.03704,-0.02222,-0.01157,5167,15,NEAR_FLIP,OK
2026-08-19,TEAM,2026-08-21,174.23,10.3464,175.0,165.0,128.4481106194886,8306930.26,0.00442,-0.05298,-0.26277,15317,41,POSITIVE_GAMMA,OK
2026-08-19,MSCI,2026-08-21,565.27,13.156,570.0,560.0,582.3381252159774,-6715857.98,0.00837,-0.00932,0.03019,4835,34,NEGATIVE_GAMMA,OK
2026-08-19,DHI,2026-08-21,151.86,4.6036,155.0,150.0,148.9370539565593,1379176.33,0.02068,-0.01225,-0.01925,9181,37,NEAR_FLIP,OK
2026-08-19,ED,2026-08-21,108.0,1.8754,110.0,105.0,106.3303662198778,1307103.01,0.01852,-0.02778,-0.01546,5365,14,NEAR_FLIP,OK
2026-08-19,NTAP,2026-08-21,194.48,8.18,200.0,190.0,155.38127270266378,3534420.33,0.02838,-0.02304,-0.20104,12790,18,POSITIVE_GAMMA,OK
2026-08-19,AIG,2026-08-21,75.7,1.4295,79.0,75.0,75.03399038338695,477535.55,0.04359,-0.00925,-0.0088,13842,35,NEAR_FLIP,OK
2026-08-19,ADM,2026-08-21,80.76,2.2777,82.5,80.0,80.68854797426368,65385.84,0.02155,-0.00941,-0.00088,12428,15,NEAR_FLIP,OK
2026-08-19,RKT,2026-08-21,14.63,0.7646,15.0,14.0,13.57461546466732,4098072.32,0.02529,-0.04306,-0.07214,120911,18,POSITIVE_GAMMA,OK
2026-08-19,YUM,2026-08-21,145.93,4.3357,150.0,145.0,153.02434098446636,-2157276.47,0.02789,-0.00637,0.04861,5721,15,NEGATIVE_GAMMA,OK
2026-08-19,IQV,2026-08-21,249.28,8.0696,250.0,230.0,191.84298846321366,3014485.53,0.00289,-0.07734,-0.23041,8604,15,POSITIVE_GAMMA,OK
2026-08-19,VEEV,2026-08-21,251.0,8.93,260.0,240.0,,2104237.78,0.03586,-0.04382,,5016,13,UNKNOWN,OK
2026-08-19,WAT,2026-08-21,415.84,12.0743,420.0,340.0,399.7751801248553,972953.32,0.01,-0.18238,-0.03863,2039,19,POSITIVE_GAMMA,OK
2026-08-19,PCG,2026-08-21,17.65,0.5061,18.0,17.5,17.225520349015834,4597433.1,0.01983,-0.0085,-0.02405,133875,21,NEAR_FLIP,OK
2026-08-19,SYY,2026-08-21,82.46,1.945,85.0,80.0,76.92159818446122,7542020.95,0.0308,-0.02983,-0.06716,18798,17,POSITIVE_GAMMA,OK
2026-08-19,ROP,2026-08-21,407.32,10.6372,410.0,400.0,311.2543096872862,1109655.58,0.00658,-0.01797,-0.23585,2412,21,POSITIVE_GAMMA,OK
2026-08-19,P,2026-08-21,112.0,6.0728,115.0,110.0,,4871536.11,0.02679,-0.01786,,25912,14,UNKNOWN,OK
2026-08-19,COIN,2026-08-21,160.2,8.8643,165.0,160.0,145.13430915488408,63806256.8,0.02996,-0.00125,-0.09404,170948,36,POSITIVE_GAMMA,OK
2026-08-19,EXPE,2026-08-21,326.27,13.1271,330.0,317.5,261.75404284708026,-349136.12,0.01143,-0.02688,-0.19774,9518,53,POSITIVE_GAMMA,OK
2026-08-19,UAL,2026-08-21,115.78,4.0293,120.0,115.0,118.220698170207,-2235175.22,0.03645,-0.00674,0.02108,44827,50,NEAR_FLIP,OK
2026-08-19,IRM,2026-08-21,122.08,4.52,125.0,120.0,124.40084852757154,-814741.17,0.02392,-0.01704,0.01901,4985,36,NEAR_FLIP,OK
2026-08-19,PEG,2026-08-21,75.33,1.2964,77.5,75.0,75.56486537776154,-246137.94,0.02881,-0.00438,0.00312,9344,15,NEAR_FLIP,OK
2026-08-19,HIG,2026-08-21,137.53,2.3832,145.0,135.0,100.05573872763634,1521971.26,0.05432,-0.0184,-0.27248,4060,11,POSITIVE_GAMMA,OK
2026-08-19,CCL,2026-08-21,26.69,0.8661,27.0,26.0,27.35941969128185,-1898357.59,0.01161,-0.02585,0.02508,96117,27,NEAR_FLIP,OK
2026-08-19,ESLT,2026-08-21,752.3,25.82,770.0,750.0,776.7197935065118,-892529.1,0.02353,-0.00306,0.03246,1756,41,NEAR_FLIP,OK
2026-08-19,HSY,2026-08-21,188.79,3.7307,190.0,185.0,180.45073589248122,5007673.22,0.00641,-0.02008,-0.04417,7076,31,POSITIVE_GAMMA,OK
2026-08-19,ALC,2026-08-21,74.26,1.5893,75.0,65.0,71.59219606370806,5806697.36,0.00996,-0.1247,-0.03593,10771,16,POSITIVE_GAMMA,OK
2026-08-19,EME,2026-08-21,805.78,29.2557,830.0,800.0,783.4783316604892,413500.85,0.03006,-0.00717,-0.02768,1256,46,NEAR_FLIP,OK
2026-08-19,TKO,2026-08-21,201.69,6.2236,210.0,200.0,188.85173737029865,1614426.26,0.0412,-0.00838,-0.06365,2567,17,POSITIVE_GAMMA,OK
2026-08-19,MTB,2026-08-21,244.55,3.8871,250.0,240.0,236.03948679148556,581788.42,0.02229,-0.01861,-0.0348,1443,11,POSITIVE_GAMMA,OK
2026-08-19,WEC,2026-08-21,109.34,1.9079,110.0,105.0,105.21761618887942,3993873.21,0.00604,-0.03969,-0.0377,4037,14,POSITIVE_GAMMA,OK
2026-08-19,KVUE,2026-08-21,19.13,0.4682,19.5,19.0,18.377231703454285,1301096.79,0.01934,-0.0068,-0.03935,14050,17,POSITIVE_GAMMA,OK
2026-08-19,KMB,2026-08-21,109.88,3.095,110.0,109.0,105.4022511600353,10828933.85,0.00109,-0.00801,-0.04075,21664,37,POSITIVE_GAMMA,OK
2026-08-19,STLD,2026-08-21,231.01,9.6043,250.0,230.0,224.52203941381217,1825459.5,0.0822,-0.00437,-0.02809,8490,18,NEAR_FLIP,OK
2026-08-19,CLS,2026-08-21,301.36,26.13,315.0,300.0,312.2145072196297,-5530066.84,0.04526,-0.00451,0.03602,19804,53,NEAR_FLIP,OK
2026-08-19,HBAN,2026-08-21,17.17,0.3364,18.0,17.0,16.488964948409457,228196.83,0.04834,-0.0099,-0.03966,15002,10,POSITIVE_GAMMA,OK
2026-08-19,TWLO,2026-08-21,221.87,14.9673,230.0,220.0,211.45048288894156,3281000.3,0.03664,-0.00843,-0.04696,22526,48,NEAR_FLIP,OK
2026-08-19,MSTR,2026-08-21,104.25,5.7236,105.0,100.0,89.49238937099618,117658943.11,0.00719,-0.04077,-0.14156,427133,46,POSITIVE_GAMMA,OK
2026-08-19,VG,2026-08-21,13.79,0.7414,14.0,12.5,11.28823655245071,5796364.25,0.01523,-0.09355,-0.18142,167301,16,POSITIVE_GAMMA,OK
2026-08-19,JBL,2026-08-21,322.77,17.4743,325.0,320.0,331.64513489315357,-987774.55,0.00691,-0.00858,0.0275,7942,57,NEAR_FLIP,OK
2026-08-19,VMC,2026-08-21,276.3,6.7557,280.0,270.0,280.8858884032463,-683602.79,0.01339,-0.0228,0.0166,2200,16,NEAR_FLIP,OK
2026-08-19,MDB,2026-08-21,440.53,22.4274,460.0,430.0,,8805958.08,0.0442,-0.0239,,25112,72,UNKNOWN,OK
2026-08-19,NTRS,2026-08-21,185.4,3.63,190.0,170.0,181.46789608042317,1033927.25,0.02481,-0.08306,-0.02121,2004,14,POSITIVE_GAMMA,OK
2026-08-19,QSR,2026-08-21,77.1,1.8363,77.5,75.0,68.43285268376535,5620791.06,0.00519,-0.02724,-0.11241,9961,14,POSITIVE_GAMMA,OK
2026-08-19,KR,2026-08-21,56.27,1.2529,57.0,55.0,55.47426412121402,5063085.79,0.01297,-0.02257,-0.01414,42804,31,NEAR_FLIP,OK
2026-08-19,RJF,2026-08-21,177.93,3.1936,180.0,160.0,156.4860219307717,2005180.58,0.01163,-0.10077,-0.12052,3366,16,POSITIVE_GAMMA,OK
2026-08-19,RPRX,2026-08-21,61.73,1.4834,65.0,55.0,55.69694272329428,646978.39,0.05297,-0.10902,-0.09773,2120,8,POSITIVE_GAMMA,OK
2026-08-19,DXCM,2026-08-21,89.88,3.2079,90.0,89.0,85.19500870585193,3278218.01,0.00134,-0.00979,-0.05212,19774,38,POSITIVE_GAMMA,OK
2026-08-19,ACGL,2026-08-21,98.53,1.8139,100.0,90.0,97.35256972100457,203386.15,0.01492,-0.08657,-0.01195,1819,11,NEAR_FLIP,OK
2026-08-19,CQP,2026-08-21,67.72,2.2314,70.0,60.0,56.68669100745153,49327.55,0.03367,-0.114,-0.16293,183,6,POSITIVE_GAMMA,LOW
2026-08-19,EQT,2026-08-21,53.64,1.2779,55.0,53.0,51.568181932719966,6759119.61,0.02535,-0.01193,-0.03862,62627,31,POSITIVE_GAMMA,OK
2026-08-19,NTR,2026-08-21,70.5,1.8891,72.5,57.5,65.79086804083555,4364943.15,0.02837,-0.1844,-0.0668,25515,33,POSITIVE_GAMMA,OK
2026-08-19,GEHC,2026-08-21,74.62,1.9429,75.0,72.0,58.94034151798003,3045068.94,0.00509,-0.03511,-0.21013,13177,34,POSITIVE_GAMMA,OK
2026-08-19,SUNB,2026-08-21,79.83,2.8729,80.0,70.0,75.72357380280542,1383890.82,0.00213,-0.12314,-0.05144,2834,9,POSITIVE_GAMMA,OK
2026-08-19,CNC,2026-08-21,64.7,2.5354,65.0,64.0,63.42627944988925,943585.66,0.00464,-0.01082,-0.01969,17679,34,NEAR_FLIP,OK
2026-08-19,KGC,2026-08-21,29.9,1.1796,30.0,27.0,27.441875994542173,860216.94,0.00334,-0.09699,-0.08221,33094,26,POSITIVE_GAMMA,OK
2026-08-19,RMD,2026-08-21,230.65,8.0393,240.0,220.0,213.81921478549006,7845281.25,0.04054,-0.04617,-0.07297,9867,17,POSITIVE_GAMMA,OK
2026-08-19,CASY,2026-08-21,836.15,25.7928,840.0,830.0,809.3671964493731,1774414.45,0.0046,-0.00736,-0.03203,3996,46,POSITIVE_GAMMA,OK
2026-08-19,CCI,2026-08-21,74.65,2.395,77.5,72.5,74.85539117693159,-145056.77,0.03818,-0.0288,0.00275,13528,14,NEAR_FLIP,OK
2026-08-19,ARES,2026-08-21,143.1,5.7293,145.0,140.0,105.2867381011904,13627895.06,0.01328,-0.02166,-0.26424,20119,48,POSITIVE_GAMMA,OK
2026-08-19,BIIB,2026-08-21,221.56,5.7043,230.0,202.5,169.8638288085897,2299373.77,0.03809,-0.08603,-0.23333,3446,32,POSITIVE_GAMMA,OK
2026-08-19,MLM,2026-08-21,535.53,13.98,560.0,530.0,527.3238361749474,304124.86,0.04569,-0.01033,-0.01532,1126,30,NEAR_FLIP,OK
2026-08-19,IR,2026-08-21,81.14,2.6115,85.0,80.0,83.5712030142488,-99065.41,0.04757,-0.01405,0.02996,922,9,NEAR_FLIP,OK
2026-08-19,TECK,2026-08-21,65.95,2.1314,70.0,55.0,60.03903105989121,3264469.43,0.06141,-0.16603,-0.08963,17213,27,POSITIVE_GAMMA,OK
2026-08-19,EXR,2026-08-21,147.91,2.6071,150.0,145.0,147.66960916296003,25796.07,0.01413,-0.01967,-0.00163,1197,14,NEAR_FLIP,OK
2026-08-19,CFG,2026-08-21,70.76,1.5168,75.0,70.0,62.94673142852334,584473.79,0.05992,-0.01074,-0.11042,9175,15,POSITIVE_GAMMA,OK
2026-08-19,ON,2026-08-21,76.58,3.9926,86.0,75.0,83.72226257831537,-4523630.55,0.12301,-0.02063,0.09327,34367,34,NEGATIVE_GAMMA,OK
2026-08-19,ATI,2026-08-21,215.99,10.4029,220.0,210.0,187.82884186623414,2028006.95,0.01857,-0.02773,-0.13038,6012,18,POSITIVE_GAMMA,OK
2026-08-19,TDY,2026-08-21,648.63,15.1078,680.0,600.0,667.6491458704611,-815151.78,0.04836,-0.07497,0.02932,1074,32,NEGATIVE_GAMMA,OK
2026-08-19,ZM,2026-08-21,107.47,3.9546,110.0,106.0,90.5736970750124,2507309.92,0.02354,-0.01368,-0.15722,37573,51,POSITIVE_GAMMA,OK
2026-08-19,FTI,2026-08-21,77.02,2.6184,80.0,65.0,72.74136600383451,330710.81,0.03869,-0.15606,-0.05555,1687,9,POSITIVE_GAMMA,OK
2026-08-19,ALNY,2026-08-21,242.61,9.7207,250.0,240.0,219.47022876669735,1444147.85,0.03046,-0.01076,-0.09538,6574,18,POSITIVE_GAMMA,OK
2026-08-19,ZTS,2026-08-21,76.68,3.34,80.0,75.0,74.8768563504126,2168912.69,0.0433,-0.02191,-0.02352,31470,9,NEAR_FLIP,OK
2026-08-19,EL,2026-08-21,98.01,3.3218,100.0,75.0,85.38516127930802,3474143.92,0.0203,-0.23477,-0.12881,18738,37,POSITIVE_GAMMA,OK
2026-08-19,WTW,2026-08-21,335.46,7.65,340.0,320.0,328.4781700451946,20019.86,0.01353,-0.04609,-0.02081,124,13,NEAR_FLIP,LOW
2026-08-19,RDDT,2026-08-21,151.71,12.7475,160.0,150.0,159.24054290223935,-9201079.78,0.05464,-0.01127,0.04964,73792,35,NEAR_FLIP,OK
2026-08-19,AEE,2026-08-21,109.28,1.8932,115.0,105.0,88.2704198984884,319376.45,0.05234,-0.03917,-0.19225,869,7,POSITIVE_GAMMA,LOW
2026-08-19,ZS,2026-08-21,184.6,7.6244,190.0,180.0,162.11737449927006,7639482.02,0.02925,-0.02492,-0.12179,39943,45,POSITIVE_GAMMA,OK
2026-08-19,LVS,2026-08-21,46.58,1.2146,47.5,45.0,46.13931901428976,653900.02,0.01975,-0.03392,-0.00946,17332,36,NEAR_FLIP,OK
2026-08-19,KHC,2026-08-21,25.68,0.7753,26.0,25.5,24.975718398873326,13276274.6,0.01246,-0.00701,-0.02743,92859,27,NEAR_FLIP,OK
2026-08-19,BAP,2026-08-21,368.98,12.7779,390.0,340.0,320.3097227360614,3332890.14,0.05697,-0.07854,-0.1319,2764,20,POSITIVE_GAMMA,OK
2026-08-19,DTE,2026-08-21,139.18,2.4294,145.0,135.0,137.20105769701127,181118.11,0.04182,-0.03003,-0.01422,1357,9,NEAR_FLIP,OK
2026-08-19,CPRT,2026-08-21,33.85,1.1621,35.0,32.5,25.322679897252215,595960.06,0.03397,-0.03988,-0.25191,24736,8,POSITIVE_GAMMA,OK
2026-08-19,LPLA,2026-08-21,359.23,10.1479,360.0,350.0,354.98932965216864,325511.2,0.00214,-0.02569,-0.0118,3518,15,NEAR_FLIP,OK
2026-08-19,HAL,2026-08-21,35.02,0.9154,36.0,32.0,34.60337819981325,737276.53,0.02798,-0.08624,-0.0119,38546,35,NEAR_FLIP,OK
2026-08-19,FTS,2026-08-21,56.23,0.8071,60.0,55.0,58.87804273587851,-54800.34,0.06705,-0.02187,0.04709,293,6,NEGATIVE_GAMMA,LOW
2026-08-19,ATO,2026-08-21,171.31,2.6629,175.0,165.0,160.10614845879937,1188680.22,0.02154,-0.03683,-0.0654,735,9,POSITIVE_GAMMA,OK
2026-08-19,PBA,2026-08-21,48.52,0.985,50.0,45.0,40.38640680901499,434074.92,0.0305,-0.07255,-0.16763,7838,5,POSITIVE_GAMMA,LOW
2026-08-19,VICI,2026-08-21,26.37,0.4357,27.5,25.0,26.151209492595928,375931.56,0.04285,-0.05195,-0.0083,12462,6,NEAR_FLIP,LOW
2026-08-19,ILMN,2026-08-21,205.0,8.1186,210.0,190.0,198.10297502805489,1310086.34,0.02439,-0.07317,-0.03364,4490,18,NEAR_FLIP,OK
2026-08-19,WSM,2026-08-21,242.31,6.8743,250.0,240.0,235.972822894977,2741661.89,0.03174,-0.00953,-0.02615,11193,18,NEAR_FLIP,OK
2026-08-19,EIX,2026-08-21,73.44,2.4679,75.0,72.5,69.83147948741266,1319033.25,0.02124,-0.0128,-0.04914,22447,15,POSITIVE_GAMMA,OK
2026-08-19,INSM,2026-08-21,130.66,6.9064,135.0,130.0,122.0327766603565,11740917.55,0.03322,-0.00505,-0.06603,33174,17,POSITIVE_GAMMA,OK
2026-08-19,MTD,2026-08-21,1425.09,38.725,1440.0,1380.0,1363.6059468189412,985003.26,0.01046,-0.03164,-0.04314,216,29,POSITIVE_GAMMA,LOW
2026-08-19,CPNG,2026-08-21,16.66,0.5744,17.0,16.0,15.502581085177363,2850321.56,0.02041,-0.03962,-0.06947,85994,20,POSITIVE_GAMMA,OK
2026-08-19,Q,2026-08-21,126.04,7.6243,155.0,125.0,135.0607739827157,-2118611.89,0.22977,-0.00825,0.07157,14653,15,NEGATIVE_GAMMA,OK
2026-08-19,FISV,2026-08-21,52.08,2.3564,55.0,50.0,52.810777642519604,-1438967.86,0.05607,-0.03994,0.01403,33519,33,NEAR_FLIP,OK
2026-08-19,HPQ,2026-08-21,29.94,1.3721,30.0,29.5,24.93492123944675,1638585.13,0.002,-0.0147,-0.16717,82691,31,POSITIVE_GAMMA,OK
2026-08-19,GFS,2026-08-21,48.58,3.2122,50.0,45.0,52.011879208045016,-822825.24,0.02923,-0.07369,0.07064,18782,6,NEGATIVE_GAMMA,LOW
2026-08-19,DOV,2026-08-21,202.38,3.6607,210.0,195.0,221.4780480175904,-848620.07,0.03765,-0.03647,0.09437,3067,13,NEGATIVE_GAMMA,OK
2026-08-19,FE,2026-08-21,47.25,0.855,49.0,46.0,45.506768970634155,251552.17,0.03704,-0.02646,-0.03689,2870,13,POSITIVE_GAMMA,OK
2026-08-19,FOXA,2026-08-21,67.96,2.1582,70.0,65.0,,658926.17,0.03002,-0.04356,,12490,7,UNKNOWN,LOW
2026-08-19,ES,2026-08-21,71.99,1.3646,75.0,70.0,71.27058875935538,354831.21,0.04181,-0.02764,-0.00999,3363,7,NEAR_FLIP,LOW
2026-08-19,TSEM,2026-08-21,226.46,23.5675,230.0,220.0,271.98214632436236,-2984561.42,0.01563,-0.02853,0.20102,14080,43,NEGATIVE_GAMMA,OK
2026-08-19,AWK,2026-08-21,138.71,3.1971,140.0,135.0,136.7582618196008,3481438.82,0.0093,-0.02675,-0.01407,5511,14,NEAR_FLIP,OK
2026-08-19,RF,2026-08-21,30.59,0.5336,33.0,30.0,29.69302070290063,453416.33,0.07878,-0.01929,-0.02932,11676,17,POSITIVE_GAMMA,OK
2026-08-19,ROIV,2026-08-21,37.4,1.3229,38.0,30.0,43.437526595924425,289120.26,0.01604,-0.19786,0.16143,7300,13,NEGATIVE_GAMMA,OK
2026-08-19,RBLX,2026-08-21,38.69,2.8339,40.0,37.0,37.70832377091311,1112568.97,0.03386,-0.04368,-0.02537,48608,39,NEAR_FLIP,OK
2026-08-19,PPL,2026-08-21,35.49,0.6632,37.0,35.0,35.15406421155905,493099.23,0.04255,-0.01381,-0.00947,17590,17,NEAR_FLIP,OK
2026-08-19,OTIS,2026-08-21,71.95,1.6679,75.0,70.0,72.41138296003592,-272924.71,0.04239,-0.0271,0.00641,4200,12,NEAR_FLIP,OK
2026-08-19,CPAY,2026-08-21,407.08,11.5921,410.0,400.0,333.2079982237527,259512.12,0.00717,-0.01739,-0.18147,1336,18,POSITIVE_GAMMA,OK
2026-08-19,CNP,2026-08-21,40.4,0.8321,42.0,40.0,38.44398832357239,1120814.27,0.0396,-0.0099,-0.04842,10467,21,POSITIVE_GAMMA,OK
2026-08-19,DG,2026-08-21,122.31,3.425,125.0,119.0,122.89201059617865,-534371.15,0.02199,-0.02706,0.00476,17460,44,NEAR_FLIP,OK
2026-08-19,NVT,2026-08-21,156.88,9.1227,165.0,150.0,149.9154421694511,1151062.88,0.05176,-0.04386,-0.04439,12300,19,NEAR_FLIP,OK
2026-08-19,XYL,2026-08-21,116.21,2.9539,120.0,115.0,116.56465125883746,-102805.48,0.03261,-0.01041,0.00305,5770,13,NEAR_FLIP,OK
2026-08-19,TPR,2026-08-21,131.72,6.3545,134.0,130.0,144.489148040381,-3344905.28,0.01731,-0.01306,0.09694,12924,38,NEGATIVE_GAMMA,OK
2026-08-19,CRS,2026-08-21,509.96,25.28,520.0,500.0,527.4187738917373,-1230879.04,0.01969,-0.01953,0.03424,3558,31,NEAR_FLIP,OK
2026-08-19,CINF,2026-08-21,168.49,3.4939,180.0,165.0,168.65048669358333,-37953.64,0.06831,-0.02071,0.00095,3400,17,NEAR_FLIP,OK
2026-08-19,SYF,2026-08-21,79.62,1.6939,82.5,77.5,73.28415814787247,3140110.97,0.03617,-0.02663,-0.07958,10271,14,POSITIVE_GAMMA,OK
2026-08-19,ECHO,2026-08-21,88.435,4.0225,90.0,85.0,89.87178008086495,-2203071.38,0.0177,-0.03884,0.01625,42468,30,NEAR_FLIP,OK
2026-08-19,LH,2026-08-21,330.44,7.1179,340.0,300.0,243.04632462085488,324541.83,0.02893,-0.09212,-0.26448,1898,13,POSITIVE_GAMMA,OK
2026-08-19,DGX,2026-08-21,241.76,4.1664,250.0,240.0,215.3411271500986,1135850.03,0.03408,-0.00728,-0.10928,9383,14,POSITIVE_GAMMA,OK
2026-08-19,WRB,2026-08-21,69.61,1.3068,72.0,67.0,71.58254015523829,-212530.22,0.03433,-0.03749,0.02834,1379,11,NEGATIVE_GAMMA,OK
2026-08-19,ASTS,2026-08-21,66.43,5.1996,70.0,65.0,70.66875215119495,-6031092.82,0.05374,-0.02153,0.06381,139981,36,NEAR_FLIP,OK
2026-08-19,CTSH,2026-08-21,60.93,2.5207,62.5,60.0,49.157089240192846,637886.27,0.02577,-0.01526,-0.19322,10373,10,POSITIVE_GAMMA,OK
2026-08-19,SN,2026-08-21,181.24,6.9951,185.0,180.0,173.79340770202276,2670398.25,0.02075,-0.00684,-0.04109,9377,16,POSITIVE_GAMMA,OK
2026-08-19,JBHT,2026-08-21,272.42,7.6836,280.0,270.0,274.309700105926,-345766.79,0.02782,-0.00888,0.00694,4313,17,NEAR_FLIP,OK
2026-08-19,CW,2026-08-21,673.34,27.8786,750.0,660.0,669.7490070744859,63313.71,0.11385,-0.01981,-0.00533,992,31,NEAR_FLIP,OK
2026-08-19,HUBB,2026-08-21,475.64,14.9105,490.0,450.0,457.31800144844277,1579301.4,0.03019,-0.05391,-0.03852,2389,26,POSITIVE_GAMMA,OK
2026-08-19,FWONK,2026-08-21,104.84,2.7881,105.0,75.0,89.37522659055045,3140307.48,0.00153,-0.28462,-0.14751,7545,9,POSITIVE_GAMMA,OK
2026-08-19,TPL,2026-08-21,373.18,18.4468,380.0,370.0,358.7463186918624,497521.81,0.01828,-0.00852,-0.03868,3546,22,NEAR_FLIP,OK
2026-08-19,PPG,2026-08-21,113.92,2.6586,115.0,110.0,108.74975204585506,1120622.99,0.00948,-0.03441,-0.04538,5135,34,POSITIVE_GAMMA,OK
2026-08-19,DLTR,2026-08-21,131.84,3.2971,135.0,130.0,105.33756914892952,-716744.27,0.02397,-0.01396,-0.20102,16170,48,POSITIVE_GAMMA,OK
2026-08-19,INCY,2026-08-21,128.47,3.5357,135.0,120.0,94.61145677694563,1230869.61,0.05083,-0.06593,-0.26355,3833,11,POSITIVE_GAMMA,OK
2026-08-19,OKTA,2026-08-21,141.21,6.7921,145.0,140.0,141.27135764192377,-24166.56,0.02684,-0.00857,0.00043,19542,42,NEAR_FLIP,OK
2026-08-19,VRSN,2026-08-21,273.03,8.535,280.0,270.0,278.74885916524863,-853196.51,0.02553,-0.0111,0.02095,4479,16,NEAR_FLIP,OK
2026-08-19,DRI,2026-08-21,221.89,5.8193,230.0,210.0,211.04387262548565,2915815.11,0.03655,-0.05359,-0.04888,5994,16,POSITIVE_GAMMA,OK
2026-08-19,SW,2026-08-21,48.71,1.5768,50.0,40.0,44.9846131012528,-6654.53,0.02648,-0.17881,-0.07648,5152,6,POSITIVE_GAMMA,LOW
2026-08-19,AMRZ,2026-08-21,45.26,1.6219,50.0,45.0,51.835512601779726,-272552.02,0.10473,-0.00574,0.14528,2348,10,NEGATIVE_GAMMA,OK
2026-08-19,TW,2026-08-21,103.3,3.3546,105.0,100.0,103.89927301320648,-13616.0,0.01646,-0.03195,0.0058,366,9,NEAR_FLIP,LOW
2026-08-19,AFRM,2026-08-21,77.33,3.7907,80.0,75.0,76.73243424415992,909818.34,0.03453,-0.03013,-0.00773,46841,42,NEAR_FLIP,OK
2026-08-19,BSP,2026-08-21,41.46,5.35,45.0,40.0,48.628929345022186,-39858.05,0.08538,-0.03521,0.17291,3489,5,NEGATIVE_GAMMA,LOW
2026-08-19,FCNCA,2026-08-21,2170.72,46.7086,2200.0,2120.0,2075.0479260823327,2442496.04,0.01349,-0.02337,-0.04407,935,51,POSITIVE_GAMMA,OK
2026-08-19,SYM,2026-08-21,42.02,2.3792,45.0,40.0,35.43535583991944,478637.15,0.07092,-0.04807,-0.1567,22063,39,POSITIVE_GAMMA,OK
2026-08-19,WST,2026-08-21,352.79,6.9739,360.0,350.0,336.141254697434,1073427.26,0.02044,-0.00791,-0.04719,1298,20,POSITIVE_GAMMA,OK
2026-08-19,KEY,2026-08-21,22.1,0.4307,23.0,22.0,22.219614654435823,-153919.91,0.04072,-0.00452,0.00541,15591,12,NEAR_FLIP,OK
2026-08-19,NRG,2026-08-21,120.58,7.1764,121.0,120.0,114.48888963227849,2309433.79,0.00348,-0.00481,-0.05052,24573,46,NEAR_FLIP,OK
2026-08-19,PFG,2026-08-21,111.64,2.1271,115.0,110.0,107.6318416362857,457490.89,0.0301,-0.01469,-0.0359,1951,8,POSITIVE_GAMMA,OK
2026-08-19,SMCI,2026-08-21,36.58,2.4889,39.0,36.0,,12275914.49,0.06616,-0.01586,,373075,32,UNKNOWN,OK
2026-08-19,EXPD,2026-08-21,186.44,5.18,190.0,185.0,147.5157748264944,862818.09,0.01909,-0.00772,-0.20878,4079,16,POSITIVE_GAMMA,OK
2026-08-19,GPN,2026-08-21,91.74,3.3357,95.0,85.0,85.44687645578875,4267056.37,0.03554,-0.07347,-0.0686,22878,13,POSITIVE_GAMMA,OK
2026-08-19,XPO,2026-08-21,197.43,6.5071,200.0,195.0,209.98426912605223,-1198400.5,0.01302,-0.01231,0.06359,3967,17,NEGATIVE_GAMMA,OK
2026-08-19,OMC,2026-08-21,87.43,2.5743,87.5,85.0,80.42547910819775,1546274.5,0.0008,-0.02779,-0.08012,6532,15,POSITIVE_GAMMA,OK
2026-08-19,FSLR,2026-08-21,222.4,14.9421,230.0,220.0,225.98733196478364,-4372246.1,0.03417,-0.01079,0.01613,51442,45,NEAR_FLIP,OK
2026-08-19,PHM,2026-08-21,130.68,3.8936,133.0,130.0,131.6603454644517,-351624.23,0.01775,-0.0052,0.0075,6676,37,NEAR_FLIP,OK
2026-08-19,ARXS,2026-08-21,55.71,3.8264,60.0,55.0,,30452.99,0.07701,-0.01274,,231,6,UNKNOWN,LOW
2026-08-19,TROW,2026-08-21,112.23,2.7982,115.0,110.0,114.36098475539724,-1558302.66,0.02468,-0.01987,0.01899,6711,13,NEAR_FLIP,OK
2026-08-19,CHD,2026-08-21,99.01,2.53,100.0,95.0,91.03239612970593,647832.3,0.01,-0.0405,-0.08057,1750,11,POSITIVE_GAMMA,OK
2026-08-19,VLTO,2026-08-21,100.1,2.3843,110.0,95.0,96.92828604280271,331158.73,0.0989,-0.05095,-0.03169,1909,8,POSITIVE_GAMMA,OK
2026-08-19,ROKU,2026-08-21,156.8,2.2041,160.0,150.0,153.3188514026257,1375984.89,0.02041,-0.04337,-0.0222,4306,35,POSITIVE_GAMMA,OK
2026-08-19,FICO,2026-08-21,1161.59,53.6311,1200.0,1140.0,1030.517970206563,2803816.85,0.03307,-0.01859,-0.11284,6981,59,POSITIVE_GAMMA,OK
2026-08-19,VRSK,2026-08-21,186.45,7.2407,190.0,180.0,179.51597835777466,303617.24,0.01904,-0.03459,-0.03719,1485,16,NEAR_FLIP,OK
2026-08-19,BRO,2026-08-21,71.49,1.8711,75.0,70.0,63.55653954612459,1741622.38,0.0491,-0.02084,-0.11097,7434,7,POSITIVE_GAMMA,LOW
2026-08-19,IOT,2026-08-21,39.2,2.0575,40.0,38.0,33.8989221687239,2984323.12,0.02041,-0.03061,-0.13523,32267,37,POSITIVE_GAMMA,OK
2026-08-19,USFD,2026-08-21,107.52,3.1696,115.0,100.0,104.17073626346706,2375508.41,0.06957,-0.06994,-0.03115,11183,13,POSITIVE_GAMMA,OK
2026-08-19,AER,2026-08-21,148.2,3.3532,150.0,140.0,156.35174113529166,-2595627.38,0.01215,-0.05533,0.05501,3446,14,NEGATIVE_GAMMA,OK
2026-08-19,L,2026-08-21,111.19,1.9707,115.0,110.0,101.41626251144955,-18450.64,0.03427,-0.0107,-0.0879,179,10,POSITIVE_GAMMA,LOW
2026-08-19,ENTG,2026-08-21,144.28,10.0636,145.0,140.0,121.08194015967719,4144011.61,0.00499,-0.02966,-0.16078,15906,17,POSITIVE_GAMMA,OK
2026-08-19,SOFI,2026-08-21,18.42,0.7303,19.0,18.0,17.301848235539172,15157370.13,0.03149,-0.0228,-0.0607,444623,22,POSITIVE_GAMMA,OK
2026-08-19,STE,2026-08-21,236.91,6.2936,240.0,230.0,233.8194228928538,576200.76,0.01304,-0.02917,-0.01305,1291,10,NEAR_FLIP,OK
2026-08-19,DOW,2026-08-21,31.75,1.0077,32.5,30.0,30.47413411319506,2260297.08,0.02362,-0.05512,-0.04018,70257,31,POSITIVE_GAMMA,OK
2026-08-19,RL,2026-08-21,377.96,13.3711,380.0,370.0,395.8027465540776,-4185341.43,0.0054,-0.02106,0.04721,2739,23,NEGATIVE_GAMMA,OK
2026-08-19,MTZ,2026-08-21,272.07,19.1013,290.0,270.0,231.12564836667124,5183202.51,0.0659,-0.00761,-0.15049,15005,17,POSITIVE_GAMMA,OK
2026-08-19,MKL,2026-08-21,1795.04,35.7386,1900.0,1730.0,1406.6920957033665,-818722.35,0.05847,-0.03623,-0.21635,146,34,POSITIVE_GAMMA,LOW
2026-08-19,MTSI,2026-08-21,269.98,22.6407,280.0,250.0,213.48204820258155,700527.77,0.03711,-0.07401,-0.20927,7961,18,POSITIVE_GAMMA,OK
2026-08-19,PKG,2026-08-21,252.91,5.1164,260.0,230.0,224.8553836316946,511843.91,0.02803,-0.09059,-0.11093,497,14,POSITIVE_GAMMA,LOW
2026-08-19,FFIV,2026-08-21,382.63,13.3723,400.0,360.0,401.2967873273427,-2203039.55,0.0454,-0.05914,0.04879,6205,23,NEGATIVE_GAMMA,OK
2026-08-19,CMS,2026-08-21,70.61,1.2643,75.0,70.0,64.43424555804633,153848.29,0.06217,-0.00864,-0.08746,1047,7,POSITIVE_GAMMA,LOW
2026-08-19,UTHR,2026-08-21,529.14,15.3807,550.0,510.0,527.3175989787246,2711567.17,0.03942,-0.03617,-0.00344,19205,30,NEAR_FLIP,OK
2026-08-19,ULTA,2026-08-21,527.85,18.19,535.0,500.0,506.41624047498976,3423674.27,0.01355,-0.05276,-0.04061,6906,80,POSITIVE_GAMMA,OK
2026-08-19,EXE,2026-08-21,96.03,2.3561,100.0,95.0,93.18975905586696,6844778.43,0.04134,-0.01073,-0.02958,54911,11,POSITIVE_GAMMA,OK
2026-08-19,BG,2026-08-21,114.0,2.8021,115.0,110.0,112.51023803601076,68370.49,0.00877,-0.03509,-0.01307,3079,15,NEAR_FLIP,OK
2026-08-19,BCE,2026-08-21,23.7,0.4575,24.0,21.0,23.769477634181904,-14297.77,0.01266,-0.11392,0.00293,7462,11,NEAR_FLIP,OK
2026-08-19,THC,2026-08-21,268.52,7.9361,270.0,260.0,207.99709044069417,3246350.44,0.00551,-0.03173,-0.22539,17122,16,POSITIVE_GAMMA,OK
2026-08-19,FTAI,2026-08-21,210.91,14.3519,220.0,210.0,206.7069121002215,1864652.87,0.0431,-0.00431,-0.01993,16116,37,NEAR_FLIP,OK
2026-08-19,WWD,2026-08-21,359.95,11.2143,440.0,350.0,394.4067778781314,-1466803.11,0.22239,-0.02764,0.09573,2291,19,NEGATIVE_GAMMA,OK
2026-08-19,RS,2026-08-21,399.31,12.3536,400.0,370.0,394.13418362320505,47920.6,0.00173,-0.0734,-0.01296,236,17,NEAR_FLIP,LOW
2026-08-19,GH,2026-08-21,163.34,8.575,170.0,160.0,161.7455723126992,279179.57,0.04077,-0.02045,-0.00976,8419,19,NEAR_FLIP,OK
2026-08-19,RIVN,2026-08-21,15.73,0.715,16.0,15.0,15.367242587054,1220726.56,0.01716,-0.04641,-0.02306,119742,18,NEAR_FLIP,OK
2026-08-19,EFX,2026-08-21,192.1,6.1786,200.0,190.0,170.00061717346014,690998.81,0.04112,-0.01093,-0.11504,3798,18,POSITIVE_GAMMA,OK
2026-08-19,IP,2026-08-21,41.06,1.3071,42.5,40.0,40.30816042308016,295436.66,0.03507,-0.02582,-0.01831,7741,26,NEAR_FLIP,OK
2026-08-19,BURL,2026-08-21,337.5,10.2204,357.5,330.0,344.6219958926163,-1734755.78,0.05926,-0.02222,0.0211,4949,46,NEAR_FLIP,OK
2026-08-19,AMCR,2026-08-21,47.45,1.1882,48.0,46.0,39.93700787677471,712772.29,0.01159,-0.03056,-0.15833,7028,18,POSITIVE_GAMMA,OK
2026-08-19,FIS,2026-08-21,40.66,1.8254,45.0,40.0,38.284933931612755,499817.42,0.10674,-0.01623,-0.05841,9628,23,POSITIVE_GAMMA,OK
2026-08-19,LYB,2026-08-21,66.06,2.2371,67.5,62.5,61.76152097121655,6015650.73,0.0218,-0.05389,-0.06507,28199,14,POSITIVE_GAMMA,OK
2026-08-19,FDXF,2026-08-21,138.17,6.1821,145.0,135.0,107.75545629954725,-1419044.93,0.04943,-0.02294,-0.22012,2689,14,POSITIVE_GAMMA,OK
2026-08-19,LUV,2026-08-21,41.42,1.3882,43.0,41.0,44.27583357621527,-1736799.36,0.03815,-0.01014,0.06895,16470,32,NEGATIVE_GAMMA,OK
2026-08-19,SNX,2026-08-21,251.78,7.8293,260.0,240.0,256.3576809138147,-400814.35,0.03265,-0.04679,0.01818,1827,16,NEAR_FLIP,OK
2026-08-19,RBRK,2026-08-21,99.78,5.1881,100.0,98.0,76.63186211078475,3096046.66,0.0022,-0.01784,-0.23199,14335,50,POSITIVE_GAMMA,OK
2026-08-19,IFF,2026-08-21,83.33,2.5171,85.0,82.5,74.31050329698158,1327725.57,0.02004,-0.00996,-0.10824,3852,16,POSITIVE_GAMMA,OK
2026-08-19,WES,2026-08-21,49.01,1.0534,50.0,40.0,43.87530914311001,1410367.27,0.0202,-0.18384,-0.10477,8230,17,POSITIVE_GAMMA,OK
2026-08-19,U,2026-08-21,47.11,2.3409,48.0,47.0,,4156344.64,0.01889,-0.00233,,56142,34,UNKNOWN,OK
2026-08-19,SNA,2026-08-21,393.93,7.2121,400.0,380.0,452.51085589948605,-7166972.84,0.01541,-0.03536,0.14871,3272,18,NEGATIVE_GAMMA,OK
2026-08-19,SITM,2026-08-21,618.71,60.0355,640.0,590.0,619.2621650038453,-32803.02,0.03441,-0.0464,0.00089,4206,37,NEAR_FLIP,OK
2026-08-19,LEN,2026-08-21,87.3,2.8429,90.0,83.0,88.39074622821731,-3208251.26,0.03093,-0.04926,0.01249,42570,30,NEAR_FLIP,OK
2026-08-19,GIS,2026-08-21,39.99,1.0479,40.0,37.5,36.331406139480194,7555599.6,0.00025,-0.06227,-0.09149,38460,9,POSITIVE_GAMMA,OK
2026-08-19,TOST,2026-08-21,35.16,1.3278,36.0,35.0,28.26914117001696,2721321.32,0.02389,-0.00455,-0.19599,30549,35,POSITIVE_GAMMA,OK
2026-08-19,MKSI,2026-08-21,281.6,19.1257,310.0,280.0,313.1786728601283,-2989006.57,0.10085,-0.00568,0.11214,5130,17,NEGATIVE_GAMMA,OK
2026-08-19,TPG,2026-08-21,53.18,2.2964,60.0,42.5,54.874308836032974,-229226.91,0.12824,-0.20083,0.03186,34549,13,NEAR_FLIP,OK
2026-08-19,TSN,2026-08-21,58.55,1.78,60.0,57.5,57.60147767867899,1547060.62,0.02477,-0.01793,-0.0162,13023,13,NEAR_FLIP,OK
2026-08-19,CHTR,2026-08-21,152.47,7.4229,155.0,147.0,141.80512663325533,7941495.43,0.01659,-0.03588,-0.06995,33091,52,POSITIVE_GAMMA,OK
2026-08-19,RGLD,2026-08-21,248.14,8.0671,250.0,220.0,182.13539576067458,3484170.07,0.0075,-0.1134,-0.266,5095,18,POSITIVE_GAMMA,OK
2026-08-19,ITT,2026-08-21,213.55,7.1571,220.0,200.0,199.30648370899883,517856.29,0.0302,-0.06345,-0.0667,4688,17,POSITIVE_GAMMA,OK
2026-08-19,AS,2026-08-21,34.02,1.2975,35.0,32.5,31.349753451193028,3794845.94,0.02881,-0.04468,-0.07849,89597,8,POSITIVE_GAMMA,OK
2026-08-19,BR,2026-08-21,176.03,6.5255,185.0,170.0,151.94573463481146,1727778.57,0.05096,-0.03426,-0.13682,3344,16,POSITIVE_GAMMA,OK
2026-08-19,PAAS,2026-08-21,50.3,2.3657,51.0,48.0,46.8740647360075,2043825.33,0.01392,-0.04573,-0.06811,43828,40,POSITIVE_GAMMA,OK
2026-08-19,SBAC,2026-08-21,182.43,5.9382,190.0,175.0,183.20392565308904,-74248.18,0.0415,-0.04073,0.00424,3237,15,NEAR_FLIP,OK
2026-08-19,EVRG,2026-08-21,83.58,1.3493,90.0,77.5,82.82044968550353,81997.11,0.07681,-0.07274,-0.00909,1655,10,NEAR_FLIP,OK
2026-08-19,CDE,2026-08-21,20.93,1.1882,22.5,19.0,16.626286805046508,2160123.33,0.07501,-0.09221,-0.20562,51145,19,POSITIVE_GAMMA,OK
2026-08-19,STLA,2026-08-21,5.43,0.2071,5.5,5.0,3.9843023554233907,51294.48,0.01289,-0.07919,-0.26624,11410,7,POSITIVE_GAMMA,LOW
2026-08-19,ZBH,2026-08-21,100.74,3.0786,105.0,90.0,95.30263241713449,1422962.08,0.04229,-0.10661,-0.05397,4210,11,POSITIVE_GAMMA,OK
2026-08-19,SSNC,2026-08-21,82.28,2.0029,85.0,80.0,,574743.5,0.03306,-0.02771,,1696,6,UNKNOWN,LOW
2026-08-19,DD,2026-08-21,139.68,4.4814,140.0,135.0,121.66057493518488,715547.15,0.00229,-0.03351,-0.12901,2358,15,POSITIVE_GAMMA,OK
2026-08-19,PR,2026-08-21,23.02,0.7092,24.0,21.0,21.75575717797388,528426.36,0.04257,-0.08775,-0.05492,10635,10,POSITIVE_GAMMA,OK
2026-08-19,APG,2026-08-21,42.51,1.3811,45.0,40.0,52.100132992913295,-1049917.15,0.05857,-0.05904,0.2256,11689,14,NEGATIVE_GAMMA,OK
2026-08-19,MGA,2026-08-21,71.01,2.0464,72.5,70.0,65.75161191532432,252787.29,0.02098,-0.01422,-0.07405,1100,13,POSITIVE_GAMMA,OK
2026-08-19,VTRS,2026-08-21,16.245,0.5293,17.0,16.0,17.742558218859788,-1565349.51,0.04648,-0.01508,0.09219,32196,10,NEGATIVE_GAMMA,OK
2026-08-19,EWBC,2026-08-21,130.4,2.3181,135.0,130.0,111.88841654011148,306154.13,0.03528,-0.00307,-0.14196,823,12,POSITIVE_GAMMA,OK
2026-08-19,BBY,2026-08-21,89.21,2.8089,90.0,85.0,86.5296446758622,3243695.82,0.00886,-0.04719,-0.03005,24601,38,NEAR_FLIP,OK
2026-08-19,ESS,2026-08-21,287.36,5.168,290.0,280.0,276.33279760400205,2794966.61,0.00919,-0.02561,-0.03837,1158,11,POSITIVE_GAMMA,OK
2026-08-19,CRCL,2026-08-21,78.59,5.0902,80.0,75.0,69.18899540352577,14016826.23,0.01794,-0.04568,-0.11962,102972,32,POSITIVE_GAMMA,OK
2026-08-19,GPC,2026-08-21,134.54,3.2093,135.0,130.0,111.99723808057966,10191842.51,0.00342,-0.03374,-0.16755,19776,16,POSITIVE_GAMMA,OK
2026-08-19,LNT,2026-08-21,70.15,1.2321,75.0,70.0,71.64377678535507,-16333.67,0.06914,-0.00214,0.02129,342,9,NEGATIVE_GAMMA,LOW
2026-08-19,CF,2026-08-21,119.02,4.7043,120.0,115.0,114.56498077606643,78193.09,0.00823,-0.03378,-0.03743,20059,43,NEAR_FLIP,OK
2026-08-19,TSCO,2026-08-21,35.44,1.2239,37.0,35.0,32.204293140861466,1383088.86,0.04402,-0.01242,-0.0913,28858,30,POSITIVE_GAMMA,OK
2026-08-19,OWL,2026-08-21,11.77,0.4954,12.0,11.0,12.90520701794874,-8332865.18,0.01954,-0.06542,0.09645,231177,14,NEGATIVE_GAMMA,OK
2026-08-19,LDOS,2026-08-21,146.31,5.05,150.0,145.0,,1549848.44,0.02522,-0.00895,,4215,18,UNKNOWN,OK
2026-08-19,FTV,2026-08-21,58.9,1.3482,65.0,55.0,44.04920781704104,67607.2,0.10357,-0.06621,-0.25214,760,6,POSITIVE_GAMMA,LOW
2026-08-19,OVV,2026-08-21,65.56,1.89,70.0,60.0,57.8368963743524,1182126.96,0.06772,-0.08481,-0.1178,5827,7,POSITIVE_GAMMA,LOW
2026-08-19,IONQ,2026-08-21,43.36,2.8457,45.0,40.0,42.11567122650983,902698.88,0.03782,-0.07749,-0.0287,98379,43,NEAR_FLIP,OK
2026-08-19,NTNX,2026-08-21,65.42,2.1294,67.5,65.0,,1638927.33,0.03179,-0.00642,,8823,11,UNKNOWN,OK
2026-08-19,LSCC,2026-08-21,117.68,8.0964,120.0,115.0,122.47044904385425,-368062.57,0.01971,-0.02277,0.04071,8200,14,NEAR_FLIP,OK
2026-08-19,NLY,2026-08-21,23.74,0.3614,24.0,22.5,23.464286580476138,1564024.47,0.01095,-0.05223,-0.01161,44856,18,NEAR_FLIP,OK
2026-08-19,INVH,2026-08-21,30.2,0.5904,32.5,30.0,24.08109452321238,885698.67,0.07616,-0.00662,-0.20261,2165,6,POSITIVE_GAMMA,LOW
2026-08-19,ROL,2026-08-21,36.26,0.8011,37.5,35.0,25.593064289255373,-210424.36,0.0342,-0.03475,-0.29418,5144,7,POSITIVE_GAMMA,LOW
2026-08-19,ZBRA,2026-08-21,354.65,16.3693,360.0,350.0,263.89595494710994,447010.03,0.01509,-0.01311,-0.2559,5107,19,POSITIVE_GAMMA,OK
2026-08-19,FN,2026-08-21,454.55,48.9085,500.0,450.0,495.828926334352,-5458396.99,0.09999,-0.01001,0.09081,8861,28,NEAR_FLIP,OK
2026-08-19,RBC,2026-08-21,520.54,18.4075,560.0,520.0,397.88820740416736,-109222.01,0.07581,-0.00104,-0.23562,208,21,POSITIVE_GAMMA,LOW
2026-08-19,BEN,2026-08-21,33.98,0.8675,35.0,33.0,30.491405638612378,1335718.01,0.03002,-0.02884,-0.10267,9265,15,POSITIVE_GAMMA,OK
2026-08-19,IEX,2026-08-21,234.45,5.0229,240.0,210.0,218.01925736954618,2382266.76,0.02367,-0.10429,-0.07008,2040,11,POSITIVE_GAMMA,OK
2026-08-19,CG,2026-08-21,49.4,2.0007,50.0,42.5,43.13888876939605,24349723.2,0.01215,-0.13968,-0.12674,92848,10,POSITIVE_GAMMA,OK
2026-08-19,DKS,2026-08-21,191.29,6.3457,200.0,185.0,247.5418700436657,-6108259.64,0.04553,-0.03288,0.29407,9860,17,NEGATIVE_GAMMA,OK
2026-08-19,JLL,2026-08-21,390.21,10.7491,400.0,360.0,284.2846330477644,429168.19,0.02509,-0.07742,-0.27146,946,18,POSITIVE_GAMMA,OK
2026-08-19,PAA,2026-08-21,23.99,0.5193,25.0,23.0,22.519542428633052,1569399.99,0.0421,-0.04127,-0.06129,15615,18,POSITIVE_GAMMA,OK
2026-08-19,WY,2026-08-21,24.62,0.7011,25.0,23.0,19.298152328365894,213647.26,0.01543,-0.0658,-0.21616,10453,13,POSITIVE_GAMMA,OK
2026-08-19,WCC,2026-08-21,343.85,13.5814,350.0,340.0,336.6028041960409,529082.94,0.01789,-0.0112,-0.02108,1907,20,NEAR_FLIP,OK
2026-08-19,DINO,2026-08-21,94.62,3.5704,95.0,90.0,68.49966098407691,9989270.36,0.00402,-0.04883,-0.27606,26393,16,POSITIVE_GAMMA,OK
2026-08-19,JHX,2026-08-21,30.2,1.0486,32.5,25.0,,241796.7,0.07616,-0.17219,,1891,6,UNKNOWN,LOW
2026-08-19,STZ,2026-08-21,133.52,3.3168,135.0,130.0,133.7045205499928,-269847.75,0.01108,-0.02636,0.00138,16485,42,NEAR_FLIP,OK
2026-08-19,STRL,2026-08-21,534.4,41.1376,600.0,530.0,581.0358364656644,-2790719.93,0.12275,-0.00823,0.08727,4822,32,NEGATIVE_GAMMA,OK
2026-08-19,NDSN,2026-08-21,309.92,5.5761,310.0,290.0,256.1539410805924,797257.23,0.00026,-0.06427,-0.17348,637,12,POSITIVE_GAMMA,OK
2026-08-19,CHRW,2026-08-21,144.52,5.1464,145.0,140.0,154.39307755703268,-619599.56,0.00332,-0.03128,0.06832,4317,16,NEGATIVE_GAMMA,OK
2026-08-19,CDW,2026-08-21,137.2,7.8521,145.0,130.0,136.8208333842137,129748.48,0.05685,-0.05248,-0.00276,7675,16,NEAR_FLIP,OK
2026-08-19,CLH,2026-08-21,325.22,6.6296,330.0,300.0,308.45662851294827,536820.34,0.0147,-0.07755,-0.05154,476,13,POSITIVE_GAMMA,LOW
2026-08-19,H,2026-08-21,183.01,5.0864,190.0,175.0,144.47330336430198,-36041.96,0.03819,-0.04377,-0.21057,1386,18,POSITIVE_GAMMA,OK
2026-08-19,J,2026-08-21,147.37,4.0468,150.0,130.0,106.52673519567888,243911.44,0.01785,-0.11787,-0.27715,873,14,POSITIVE_GAMMA,OK
2026-08-19,AKAM,2026-08-21,112.84,6.3907,115.0,110.0,114.68402315368476,-741648.29,0.01914,-0.02517,0.01634,26455,43,NEAR_FLIP,OK
2026-08-19,GEN,2026-08-21,27.54,0.9779,29.0,26.0,26.834702803189245,164431.38,0.05301,-0.05592,-0.02561,5872,16,NEAR_FLIP,OK
2026-08-19,MEDP,2026-08-21,608.27,16.3422,610.0,590.0,592.7830575755021,1142303.83,0.00284,-0.03004,-0.02546,1672,35,NEAR_FLIP,OK
2026-08-19,PFGC,2026-08-21,103.34,3.3127,110.0,100.0,125.38432615650038,-633331.41,0.06445,-0.03232,0.21332,1387,10,NEGATIVE_GAMMA,OK
2026-08-19,JAZZ,2026-08-21,252.16,7.4289,260.0,250.0,247.97179210573125,283626.96,0.03109,-0.00857,-0.01661,1650,14,NEAR_FLIP,OK
2026-08-19,BALL,2026-08-21,62.62,1.4268,65.0,62.5,62.743441476083994,-35351.07,0.03801,-0.00192,0.00197,4429,13,NEAR_FLIP,OK
2026-08-19,KIM,2026-08-21,24.32,0.4325,25.0,22.5,17.83555160515094,-29962.03,0.02796,-0.07484,-0.26663,563,5,POSITIVE_GAMMA,LOW
2026-08-19,BBIO,2026-08-21,83.95,2.8611,90.0,70.0,78.37315566585657,700224.44,0.07207,-0.16617,-0.06643,10819,18,POSITIVE_GAMMA,OK
2026-08-19,FLUT,2026-08-21,99.16,5.5141,100.0,95.0,102.09511900437704,-1508388.58,0.00847,-0.04195,0.0296,17886,12,NEAR_FLIP,OK
2026-08-19,YUMC,2026-08-21,47.58,1.0461,50.0,40.0,43.00469742117547,879026.16,0.05086,-0.15931,-0.09616,3703,8,POSITIVE_GAMMA,OK
2026-08-19,PS,2026-08-21,39.81,2.5499,40.0,35.0,36.63316873088666,368141.51,0.00477,-0.12082,-0.0798,2888,5,POSITIVE_GAMMA,LOW
2026-08-19,NVDA,2026-08-19,217.56,6.5007,220.0,217.5,219.23442989715804,-643732512.56,0.01122,-0.00028,0.0077,227373,41,NEAR_FLIP,OK
2026-08-19,AAPL,2026-08-19,316.83,8.3836,317.5,310.0,310.72390416824584,365746718.18,0.00211,-0.02156,-0.01927,90175,42,NEAR_FLIP,OK
2026-08-19,GOOGL,2026-08-19,344.72,10.6871,345.0,342.5,342.2350982421143,155114536.88,0.00081,-0.00644,-0.00721,41744,57,NEAR_FLIP,OK
2026-08-19,MSFT,2026-08-19,484.31,12.8007,485.0,480.0,376.2679448191547,231813383.68,0.00142,-0.0089,-0.22308,53073,68,POSITIVE_GAMMA,OK
2026-08-19,AMZN,2026-08-19,265.84,9.4571,267.5,265.0,236.61050032957303,272797301.77,0.00624,-0.00316,-0.10995,70965,47,POSITIVE_GAMMA,OK
2026-08-19,SPCX,2026-08-21,139.65,10.8536,150.0,135.0,140.6447552818452,-9932183.91,0.07411,-0.0333,0.00712,834676,65,NEAR_FLIP,OK
2026-08-19,AVGO,2026-08-19,362.48,16.5986,362.5,360.0,377.58730088955576,-40126676.84,6e-05,-0.00684,0.04168,33052,57,NEAR_FLIP,OK
2026-08-19,META,2026-08-19,546.03,19.79,547.5,545.0,548.8069076595776,-139672333.28,0.00269,-0.00189,0.00509,74435,91,NEAR_FLIP,OK
2026-08-19,TSLA,2026-08-19,351.12,11.0957,352.5,350.0,338.5485563003021,498296031.63,0.00393,-0.00319,-0.0358,153185,68,POSITIVE_GAMMA,OK
2026-08-19,LLY,2026-08-21,1280.34,45.9914,1300.0,1255.0,1182.3317698464411,186924891.93,0.01536,-0.01979,-0.07655,45566,83,POSITIVE_GAMMA,OK
2026-08-19,MU,2026-08-19,937.105,63.3236,940.0,935.0,938.2770854345647,-31394968.8,0.00309,-0.00225,0.00125,99302,131,NEAR_FLIP,OK
2026-08-19,JPM,2026-08-21,357.26,5.4904,360.0,355.0,347.6554316989287,67992057.93,0.00767,-0.00633,-0.02688,113347,54,POSITIVE_GAMMA,OK
2026-08-19,WMT,2026-08-21,114.3,2.2693,115.0,110.0,116.73142147545505,-15967886.78,0.00612,-0.03762,0.02127,268908,41,NEGATIVE_GAMMA,OK
2026-08-19,AMD,2026-08-19,466.42,26.6218,480.0,465.0,479.4521114096359,-101091819.72,0.02912,-0.00304,0.02794,51069,103,NEAR_FLIP,OK
2026-08-19,V,2026-08-21,365.54,6.6307,370.0,362.5,358.8525347478725,61419950.3,0.0122,-0.00832,-0.01829,60908,49,POSITIVE_GAMMA,OK
2026-08-19,XOM,2026-08-21,164.77,3.79,165.0,160.0,157.5203999953822,66516160.89,0.0014,-0.02895,-0.044,92625,37,POSITIVE_GAMMA,OK
2026-08-19,JNJ,2026-08-21,273.41,5.435,280.0,270.0,261.54539100923085,75187235.67,0.0241,-0.01247,-0.04339,65920,40,POSITIVE_GAMMA,OK
2026-08-19,MA,2026-08-21,573.72,10.4569,580.0,567.5,562.2440756930156,22056482.55,0.01095,-0.01084,-0.02,23318,67,POSITIVE_GAMMA,OK
2026-08-19,INTC,2026-08-19,92.8,6.2679,98.0,92.0,95.67739811450525,-33938761.64,0.05603,-0.00862,0.03101,123393,53,NEAR_FLIP,OK
2026-08-19,ABBV,2026-08-21,265.97,6.2657,270.0,260.0,237.8881214167244,48792665.37,0.01515,-0.02245,-0.10558,47712,41,POSITIVE_GAMMA,OK
2026-08-19,BAC,2026-08-21,63.17,0.9892,65.0,63.0,61.10153666934127,16407108.34,0.02897,-0.00269,-0.03274,229726,33,POSITIVE_GAMMA,OK
2026-08-19,CSCO,2026-08-21,110.55,4.3389,112.0,110.0,111.79320886969886,-14273084.66,0.01312,-0.00498,0.01125,143516,44,NEAR_FLIP,OK
2026-08-19,COST,2026-08-21,956.99,16.5543,970.0,950.0,954.0801650909706,22328331.24,0.01359,-0.0073,-0.00304,63013,94,NEAR_FLIP,OK
2026-08-19,PLTR,2026-08-21,175.19,9.1385,180.0,170.0,138.19620539920405,79044047.6,0.02746,-0.02962,-0.21116,419180,51,POSITIVE_GAMMA,OK
2026-08-19,ORCL,2026-08-21,143.81,7.1143,150.0,140.0,142.52259876082857,5366538.8,0.04304,-0.02649,-0.00895,378499,59,NEAR_FLIP,OK
2026-08-19,CVX,2026-08-21,205.76,4.5193,207.5,200.0,198.26969453381915,82690134.56,0.00846,-0.02799,-0.0364,74762,37,POSITIVE_GAMMA,OK
2026-08-19,AMAT,2026-08-21,496.17,29.2593,500.0,490.0,516.9813427957812,-24420548.57,0.00772,-0.01244,0.04194,60868,60,NEAR_FLIP,OK
2026-08-19,KO,2026-08-21,90.35,1.3918,91.0,90.0,80.4605086820953,62831727.93,0.00719,-0.00387,-0.10946,168364,39,POSITIVE_GAMMA,OK
2026-08-19,LRCX,2026-08-21,307.17,18.7611,310.0,300.0,309.2957241189597,-1765541.54,0.00921,-0.02334,0.00692,98159,51,NEAR_FLIP,OK
2026-08-19,MRK,2026-08-21,152.2,4.3343,155.0,137.0,124.81792526346206,6497273.57,0.0184,-0.09987,-0.17991,47688,34,POSITIVE_GAMMA,OK
2026-08-19,CAT,2026-08-21,816.15,35.3753,820.0,800.0,866.1274623119374,-76954727.82,0.00472,-0.01979,0.06124,46550,73,NEGATIVE_GAMMA,OK
2026-08-19,GE,2026-08-21,356.23,9.4829,360.0,350.0,358.5825534842274,-7260728.89,0.01058,-0.01749,0.0066,33267,51,NEAR_FLIP,OK
2026-08-19,UNH,2026-08-21,388.61,9.3471,400.0,385.0,396.16903654892195,-53388309.01,0.02931,-0.00929,0.01945,98887,56,NEAR_FLIP,OK
2026-08-19,HD,2026-08-21,344.3,8.7807,350.0,340.0,339.3126917371349,33819990.22,0.01656,-0.01249,-0.01449,63920,56,NEAR_FLIP,OK
2026-08-19,MS,2026-08-21,214.23,4.3936,215.0,210.0,212.4252192542322,3815964.91,0.00359,-0.01975,-0.00842,37984,37,NEAR_FLIP,OK
2026-08-19,PG,2026-08-21,144.38,2.5854,145.0,143.0,144.67539752562845,-3083494.63,0.00429,-0.00956,0.00205,63035,37,NEAR_FLIP,OK
2026-08-19,NFLX,2026-08-21,80.22,2.3214,81.0,80.0,76.45605113134602,91289545.47,0.00972,-0.00274,-0.04692,506371,47,POSITIVE_GAMMA,OK
2026-08-19,GS,2026-08-21,1021.65,24.0429,1040.0,1020.0,1038.5308202961846,-51783822.24,0.01796,-0.00162,0.01652,73252,109,NEAR_FLIP,OK
2026-08-19,RTX,2026-08-21,220.35,4.1793,222.5,220.0,218.08368755728412,4516966.91,0.00976,-0.00159,-0.01029,45172,42,NEAR_FLIP,OK
2026-08-19,PM,2026-08-21,189.93,4.2396,195.0,185.0,186.00959550917298,7036944.01,0.02669,-0.02596,-0.02064,26039,32,NEAR_FLIP,OK
2026-08-19,PANW,2026-08-21,359.76,15.4214,370.0,350.0,358.0278557712077,1241806.9,0.02846,-0.02713,-0.00481,40063,64,NEAR_FLIP,OK
2026-08-19,RY,2026-08-21,207.62,3.2379,210.0,200.0,209.60499421844537,-1731172.25,0.01146,-0.0367,0.00956,8653,14,NEAR_FLIP,OK
2026-08-19,DELL,2026-08-21,437.55,33.0957,450.0,420.0,466.21676438828433,-23497231.23,0.02845,-0.04011,0.06552,68570,71,NEAR_FLIP,OK
2026-08-19,GEV,2026-08-21,987.46,45.2272,1000.0,950.0,1027.5644512375184,-22530278.97,0.0127,-0.03794,0.04061,28681,111,NEAR_FLIP,OK
2026-08-19,WFC,2026-08-21,85.94,1.6511,87.5,85.0,86.62501038731666,-14843915.78,0.01815,-0.01094,0.00797,125637,36,NEAR_FLIP,OK
2026-08-19,AZN,2026-08-21,164.95,4.4364,165.0,160.0,155.1840786086745,8871085.41,0.0003,-0.03001,-0.05921,17026,17,POSITIVE_GAMMA,OK
2026-08-19,KLAC,2026-08-21,187.27,10.3806,196.0,184.0,194.69689155932696,-10606515.92,0.04662,-0.01746,0.03966,72242,78,NEAR_FLIP,OK
2026-08-19,TXN,2026-08-21,267.45,10.1164,277.5,260.0,271.76877251913135,-8730762.34,0.03758,-0.02786,0.01615,47614,43,NEAR_FLIP,OK
2026-08-19,AMGN,2026-08-21,442.36,12.0629,450.0,425.0,417.75985181856265,11236700.73,0.01727,-0.03924,-0.05561,22487,53,POSITIVE_GAMMA,OK
2026-08-19,ANET,2026-08-21,186.45,10.6834,190.0,185.0,183.05866602082133,4072993.27,0.01904,-0.00778,-0.01819,51802,40,NEAR_FLIP,OK
2026-08-19,SNDK,2026-08-21,1568.87,153.7029,1600.0,1500.0,1622.359262764997,-47851812.48,0.01984,-0.0439,0.03409,129026,134,NEAR_FLIP,OK
2026-08-19,AXP,2026-08-21,339.9,5.9214,345.0,335.0,335.07739477822895,21783411.74,0.015,-0.01442,-0.01419,29283,57,NEAR_FLIP,OK
2026-08-19,TMO,2026-08-21,613.54,13.9004,620.0,600.0,562.4612282815972,20751294.07,0.01053,-0.02207,-0.08325,9921,55,POSITIVE_GAMMA,OK
2026-08-19,IBM,2026-08-21,237.16,6.7511,240.0,235.0,226.90495520746114,37997517.46,0.01198,-0.00911,-0.04324,125792,42,POSITIVE_GAMMA,OK
2026-08-19,C,2026-08-21,132.89,3.0079,135.0,130.0,133.05986684803946,-1523377.74,0.01588,-0.02175,0.00128,118562,45,NEAR_FLIP,OK
2026-08-19,LIN,2026-08-21,481.13,10.445,485.0,475.0,496.285519849723,-8217204.76,0.00804,-0.01274,0.0315,7481,45,NEGATIVE_GAMMA,OK
2026-08-19,MRVL,2026-08-21,237.27,17.4264,240.0,230.0,210.7870622494762,71825758.28,0.01151,-0.03064,-0.11162,218461,57,POSITIVE_GAMMA,OK
2026-08-19,CRWD,2026-08-21,201.63,9.2982,205.0,200.0,195.07372644111803,4594319.26,0.01671,-0.00808,-0.03252,122894,48,NEAR_FLIP,OK
2026-08-19,VZ,2026-08-21,49.36,1.0168,50.0,48.0,44.917757894299974,34120239.84,0.01297,-0.02755,-0.09,158592,35,POSITIVE_GAMMA,OK
2026-08-19,TTE,2026-08-21,90.07,1.5761,92.5,82.5,85.66892009282941,5882868.24,0.02698,-0.08405,-0.04886,15733,18,POSITIVE_GAMMA,OK
2026-08-19,TD,2026-08-21,118.35,2.1157,120.0,115.0,94.13053929261261,-1207480.77,0.01394,-0.02831,-0.20464,11718,12,POSITIVE_GAMMA,OK
2026-08-19,ABT,2026-08-21,114.43,2.5393,115.0,110.0,91.24967878663426,19616610.31,0.00498,-0.03871,-0.20257,49179,42,POSITIVE_GAMMA,OK
2026-08-19,TMUS,2026-08-21,182.36,4.6821,195.0,180.0,180.3344083661739,6023220.75,0.06931,-0.01294,-0.01111,64084,35,NEAR_FLIP,OK
2026-08-19,PEP,2026-08-21,142.58,2.3693,145.0,140.0,137.89144602724298,33143739.35,0.01697,-0.0181,-0.03288,54874,42,POSITIVE_GAMMA,OK
2026-08-19,APH,2026-08-21,156.04,6.5571,160.0,155.0,150.6162991673512,4675427.92,0.02538,-0.00666,-0.03476,48621,19,NEAR_FLIP,OK
2026-08-19,SCHW,2026-08-21,110.88,1.76,114.0,110.0,106.80399195389217,28681341.08,0.02814,-0.00794,-0.03676,52592,42,POSITIVE_GAMMA,OK
2026-08-19,MCD,2026-08-21,267.45,5.9743,270.0,265.0,266.96621263669084,4898865.78,0.00953,-0.00916,-0.00181,50172,44,NEAR_FLIP,OK
2026-08-19,STX,2026-08-21,832.56,70.0248,850.0,830.0,847.8543669442367,-3389512.89,0.02095,-0.00307,0.01837,32608,82,NEAR_FLIP,OK
2026-08-19,SHOP,2026-08-21,146.58,7.5922,150.0,145.0,127.64348161056463,3958184.01,0.02333,-0.01078,-0.12919,81187,62,POSITIVE_GAMMA,OK
2026-08-19,BLK,2026-08-21,1158.92,22.445,1180.0,1150.0,1038.9720831156849,22098427.58,0.01819,-0.0077,-0.1035,6264,79,POSITIVE_GAMMA,OK
2026-08-19,DIS,2026-08-21,106.93,2.2779,108.0,105.0,100.65914144222282,35706338.77,0.01001,-0.01805,-0.05864,112505,39,POSITIVE_GAMMA,OK
2026-08-19,GILD,2026-08-21,147.6,4.1321,150.0,140.0,128.6838677551947,25332623.24,0.01626,-0.05149,-0.12816,33982,45,POSITIVE_GAMMA,OK
2026-08-19,ADI,2026-08-21,373.26,12.655,390.0,365.0,381.10319685026536,-14582744.01,0.04485,-0.02213,0.02101,25422,52,NEAR_FLIP,OK
2026-08-19,BX,2026-08-21,145.09,4.8214,150.0,145.0,137.95750898973594,5410960.32,0.03384,-0.00062,-0.04916,63070,48,POSITIVE_GAMMA,OK
2026-08-19,UNP,2026-08-21,301.8,5.6946,310.0,297.5,284.5005396473729,15544754.66,0.02717,-0.01425,-0.05732,20449,43,POSITIVE_GAMMA,OK
2026-08-19,NEE,2026-08-21,85.91,1.4332,87.5,85.0,87.25863260360558,-14911940.63,0.01851,-0.01059,0.0157,60837,34,NEAR_FLIP,OK
2026-08-19,BA,2026-08-21,222.2,6.3114,225.0,220.0,223.8179336937131,-12964617.24,0.0126,-0.0099,0.00728,170695,40,NEAR_FLIP,OK
2026-08-19,T,2026-08-21,25.12,0.5439,25.5,25.0,21.595243032412515,14794042.01,0.01513,-0.00478,-0.14032,185468,23,POSITIVE_GAMMA,OK
2026-08-19,QCOM,2026-08-21,161.91,6.3928,167.5,160.0,158.66619293956563,8622258.98,0.03453,-0.0118,-0.02003,118238,29,NEAR_FLIP,OK
2026-08-19,WELL,2026-08-21,235.73,4.8507,240.0,230.0,234.41251044850364,1081988.11,0.01811,-0.02431,-0.00559,4487,17,NEAR_FLIP,OK
2026-08-19,CRM,2026-08-21,206.09,8.195,210.0,200.0,171.40954738705526,61124276.67,0.01897,-0.02955,-0.16828,187138,39,POSITIVE_GAMMA,OK
2026-08-19,WDC,2026-08-21,462.09,42.8499,500.0,450.0,509.02888272146043,-20734494.91,0.08204,-0.02616,0.10158,55482,75,NEGATIVE_GAMMA,OK
2026-08-19,ETN,2026-08-21,424.67,16.7993,430.0,420.0,416.6130551529922,3202522.24,0.01255,-0.011,-0.01897,17540,67,NEAR_FLIP,OK
2026-08-19,SCCO,2026-08-21,194.68,nan,200.0,182.5,191.1463780090932,1549097.81,0.02733,-0.06256,-0.01815,10782,34,POSITIVE_GAMMA,OK
2026-08-19,PFE,2026-08-21,28.24,0.6246,29.0,27.0,25.30144406409896,19881613.23,0.02691,-0.04391,-0.10406,393400,26,POSITIVE_GAMMA,OK
2026-08-19,UBS,2026-08-21,53.13,0.8399,55.0,52.5,42.87744798464555,1189122.7,0.0352,-0.01186,-0.19297,21122,11,POSITIVE_GAMMA,OK
2026-08-19,BKNG,2026-08-21,213.0,7.1514,215.0,212.5,189.7821589907423,9209040.47,0.00939,-0.00235,-0.109,31492,38,POSITIVE_GAMMA,OK
2026-08-19,TJX,2026-08-21,144.5,3.4364,152.5,143.0,145.81997229715012,-8094897.74,0.05536,-0.01038,0.00913,53440,30,NEAR_FLIP,OK
2026-08-19,UBER,2026-08-21,78.04,2.8481,80.0,78.0,71.4319423721142,43245496.34,0.02512,-0.00051,-0.08468,193749,40,POSITIVE_GAMMA,OK
2026-08-19,COP,2026-08-21,130.58,3.4386,135.0,130.0,121.6099157117154,12749121.49,0.03385,-0.00444,-0.06869,33802,48,POSITIVE_GAMMA,OK
2026-08-19,DE,2026-08-21,580.63,15.0507,600.0,570.0,628.3645573269787,-10100710.45,0.03336,-0.01831,0.08221,9781,65,NEGATIVE_GAMMA,OK
2026-08-19,IBKR,2026-08-21,90.54,2.8007,92.0,90.0,92.0796880987248,-763035.8,0.01613,-0.00596,0.01701,11576,33,NEAR_FLIP,OK
2026-08-19,DHR,2026-08-21,211.5,5.9786,215.0,210.0,172.45198125830441,9288818.03,0.01655,-0.00709,-0.18462,22187,33,POSITIVE_GAMMA,OK
2026-08-19,ISRG,2026-08-21,397.72,10.1943,400.0,390.0,389.73837391725,4449405.47,0.00573,-0.01941,-0.02007,22226,70,NEAR_FLIP,OK
2026-08-19,VRTX,2026-08-21,552.06,17.6836,560.0,480.0,510.70286656471575,5813449.33,0.01438,-0.13053,-0.07491,6174,55,POSITIVE_GAMMA,OK
2026-08-19,BMY,2026-08-21,67.61,1.8421,69.0,62.5,62.63776550934544,10392151.41,0.02056,-0.07558,-0.07354,98558,29,POSITIVE_GAMMA,OK
2026-08-19,PLD,2026-08-21,141.3,2.4086,145.0,140.0,141.95368705863203,-1434368.25,0.02619,-0.0092,0.00463,12233,15,NEAR_FLIP,OK
2026-08-19,LMT,2026-08-21,589.15,14.6093,600.0,585.0,587.1452485867641,2229976.83,0.01842,-0.00704,-0.0034,19344,85,NEAR_FLIP,OK
2026-08-19,COF,2026-08-21,220.73,4.7557,227.5,220.0,217.55039708603942,7657120.48,0.03067,-0.00331,-0.0144,18736,35,NEAR_FLIP,OK
2026-08-19,NEM,2026-08-21,125.08,4.8121,135.0,123.0,103.1018678653742,14173946.2,0.07931,-0.01663,-0.17571,78886,53,POSITIVE_GAMMA,OK
2026-08-19,CB,2026-08-21,340.92,5.8057,355.0,335.0,330.7297039041404,9158333.0,0.0413,-0.01736,-0.02989,12595,38,POSITIVE_GAMMA,OK
2026-08-19,NOW,2026-08-21,127.2,6.437,130.0,125.0,113.89903500913869,30896158.54,0.02201,-0.0173,-0.10457,218408,56,POSITIVE_GAMMA,OK
2026-08-19,GLW,2026-08-21,152.46,11.2607,160.0,150.0,155.8113861798397,-4536438.7,0.04946,-0.01614,0.02198,92484,37,NEAR_FLIP,OK
2026-08-19,SYK,2026-08-21,339.98,10.7843,340.0,330.0,318.7240987146463,8887958.97,6e-05,-0.02935,-0.06252,7241,21,POSITIVE_GAMMA,OK
2026-08-19,PH,2026-08-21,1023.25,28.0457,1040.0,980.0,776.1473469533644,10941748.5,0.01637,-0.04227,-0.24149,5289,45,POSITIVE_GAMMA,OK
2026-08-19,PGR,2026-08-21,217.27,4.6075,220.0,210.0,212.3730047904184,7665710.87,0.01256,-0.03346,-0.02254,18160,37,POSITIVE_GAMMA,OK
2026-08-19,SPGI,2026-08-21,426.66,9.7721,450.0,420.0,429.25795986433747,-631228.52,0.0547,-0.01561,0.00609,4443,58,NEAR_FLIP,OK
2026-08-19,BMO,2026-08-21,175.73,3.1882,180.0,175.0,178.56304266857222,-907884.18,0.0243,-0.00415,0.01612,3401,16,NEAR_FLIP,OK
2026-08-19,LOW,2026-08-21,220.0,5.7036,230.0,217.5,216.24724958290653,8370558.43,0.04545,-0.01136,-0.01706,33108,38,NEAR_FLIP,OK
2026-08-19,MDT,2026-08-21,94.13,2.0724,95.0,90.0,78.51906425553969,8976494.28,0.00924,-0.04388,-0.16584,49726,40,POSITIVE_GAMMA,OK
2026-08-19,CVS,2026-08-21,93.65,2.9779,95.0,92.5,94.78704763449093,-4634062.15,0.01442,-0.01228,0.01214,71083,47,NEAR_FLIP,OK
2026-08-19,SBUX,2026-08-21,104.98,2.8407,108.0,103.0,106.09906441058523,-7854580.74,0.02877,-0.01886,0.01066,56117,38,NEAR_FLIP,OK
2026-08-19,HWM,2026-08-21,283.48,8.4407,290.0,270.0,281.9721817046871,294206.3,0.023,-0.04755,-0.00532,5364,43,NEAR_FLIP,OK
2026-08-19,SNOW,2026-08-21,325.01,13.0195,330.0,315.0,253.50703915323933,25834041.19,0.01535,-0.0308,-0.22,51097,62,POSITIVE_GAMMA,OK
2026-08-19,FTNT,2026-08-21,152.85,6.1264,160.0,145.0,156.57615245485985,-3587256.87,0.04678,-0.05136,0.02438,31132,33,NEAR_FLIP,OK
2026-08-19,ACN,2026-08-21,183.17,7.9314,190.0,175.0,166.84534748173297,8383182.25,0.03729,-0.0446,-0.08912,40847,49,POSITIVE_GAMMA,OK
2026-08-19,ABNB,2026-08-21,186.39,6.955,190.0,185.0,173.82604579150896,9378084.81,0.01937,-0.00746,-0.06741,41604,42,POSITIVE_GAMMA,OK
2026-08-19,MO,2026-08-21,66.03,1.5641,67.0,65.0,53.42378207892455,-1908987.87,0.01469,-0.0156,-0.19092,48855,39,POSITIVE_GAMMA,OK
2026-08-19,ADP,2026-08-21,277.22,6.9264,280.0,265.0,272.78294360578326,3800712.67,0.01003,-0.04408,-0.01601,14172,38,NEAR_FLIP,OK
2026-08-19,SPOT,2026-08-21,533.37,26.1056,550.0,520.0,478.9467852866297,43565386.31,0.03118,-0.02507,-0.10204,42113,63,POSITIVE_GAMMA,OK
2026-08-19,ENB,2026-08-21,50.25,0.9943,52.5,50.0,51.489712016594666,-1215168.75,0.04478,-0.00498,0.02467,11095,12,NEGATIVE_GAMMA,OK
2026-08-19,CM,2026-08-21,117.84,2.1375,125.0,115.0,104.89588081082613,206250.05,0.06076,-0.0241,-0.10984,4860,9,POSITIVE_GAMMA,OK
2026-08-19,BNY,2026-08-21,159.76,2.5118,160.0,155.0,152.70834421776604,2032314.45,0.0015,-0.02979,-0.04414,5941,16,POSITIVE_GAMMA,OK
2026-08-19,ADBE,2026-08-21,272.47,11.2436,275.0,265.0,258.90999327279997,34636097.57,0.00929,-0.02742,-0.04977,69394,51,POSITIVE_GAMMA,OK
2026-08-19,BNS,2026-08-21,87.69,1.3625,90.0,87.5,74.98442104271876,438385.62,0.02634,-0.00217,-0.14489,2828,12,POSITIVE_GAMMA,OK
2026-08-19,EQIX,2026-08-21,1077.08,28.9146,1090.0,1000.0,1070.4615890132789,3203422.26,0.012,-0.07156,-0.00614,7301,56,NEAR_FLIP,OK
2026-08-19,GD,2026-08-21,392.34,6.4493,400.0,385.0,347.9557932936859,3463697.21,0.01952,-0.01871,-0.11313,4448,40,POSITIVE_GAMMA,OK
2026-08-19,SO,2026-08-21,92.19,1.6321,96.0,92.0,93.49990358463342,-8405454.42,0.04133,-0.00206,0.01421,26294,33,NEAR_FLIP,OK
2026-08-19,AEM,2026-08-21,207.72,8.4026,210.0,170.0,178.47388346133346,15707316.22,0.01098,-0.18159,-0.1408,27929,38,POSITIVE_GAMMA,OK
2026-08-19,APP,2026-08-21,310.79,21.4627,315.0,310.0,316.75493793481587,-12545851.56,0.01355,-0.00254,0.01919,43196,59,NEAR_FLIP,OK
2026-08-19,NET,2026-08-21,291.88,18.2227,300.0,280.0,212.03135920276299,3350705.11,0.02782,-0.0407,-0.27357,38723,57,POSITIVE_GAMMA,OK
2026-08-19,BN,2026-08-21,42.15,1.0711,43.0,40.0,41.185538699203136,485412.3,0.02017,-0.05101,-0.02288,12631,17,NEAR_FLIP,OK
2026-08-19,CNQ,2026-08-21,49.5,1.1718,50.0,47.5,38.55744324938904,1636524.68,0.0101,-0.0404,-0.22106,14806,36,POSITIVE_GAMMA,OK
2026-08-19,PWR,2026-08-21,677.41,27.3736,700.0,650.0,662.7387285539752,5326276.7,0.03335,-0.04046,-0.02166,16721,41,NEAR_FLIP,OK
2026-08-19,MPC,2026-08-21,360.75,12.4379,380.0,350.0,343.79285142833885,6044131.99,0.05336,-0.0298,-0.04701,9515,14,POSITIVE_GAMMA,OK
2026-08-19,VRT,2026-08-21,261.0,15.9137,270.0,250.0,281.20047317858933,-19713438.57,0.03448,-0.04215,0.0774,71469,46,NEGATIVE_GAMMA,OK
2026-08-19,TT,2026-08-21,455.48,12.4443,470.0,450.0,472.09383325505496,-3592379.63,0.03188,-0.01203,0.03648,3345,25,NEGATIVE_GAMMA,OK
2026-08-19,VLO,2026-08-21,346.26,11.0689,350.0,335.0,298.4476482487352,7757134.96,0.0108,-0.03252,-0.13808,18694,48,POSITIVE_GAMMA,OK
2026-08-19,MCK,2026-08-21,853.71,30.5507,870.0,850.0,778.9585849982241,1356226.95,0.01908,-0.00435,-0.08756,6883,46,POSITIVE_GAMMA,OK
2026-08-19,FCX,2026-08-21,69.09,2.5764,70.0,68.0,64.86835108296202,18273332.86,0.01317,-0.01578,-0.0611,176945,34,POSITIVE_GAMMA,OK
2026-08-19,KKR,2026-08-21,110.46,4.6079,115.0,110.0,102.27033742273072,4233089.33,0.0411,-0.00416,-0.07414,37868,46,POSITIVE_GAMMA,OK
2026-08-19,INTU,2026-08-21,362.47,14.1571,380.0,350.0,330.1934593429656,18615436.55,0.04836,-0.0344,-0.08905,21823,56,POSITIVE_GAMMA,OK
2026-08-19,PNC,2026-08-21,246.46,4.0493,250.0,240.0,245.4304244602614,976411.29,0.01436,-0.02621,-0.00418,8269,32,NEAR_FLIP,OK
2026-08-19,USB,2026-08-21,62.82,1.0239,63.0,62.5,60.34065607828571,10998879.48,0.00287,-0.00509,-0.03947,23318,30,POSITIVE_GAMMA,OK
2026-08-19,CEG,2026-08-21,274.17,10.7142,280.0,270.0,275.0560109543718,-1070575.89,0.02126,-0.01521,0.00323,32507,47,NEAR_FLIP,OK
2026-08-19,MELI,2026-08-21,1908.65,75.7871,1920.0,1900.0,1855.1314408551468,27996338.4,0.00595,-0.00453,-0.02804,13180,111,NEAR_FLIP,OK
2026-08-19,PSX,2026-08-21,242.29,7.5194,250.0,235.0,231.3357904462882,2678196.91,0.03182,-0.03009,-0.04521,5673,35,POSITIVE_GAMMA,OK
2026-08-19,DUK,2026-08-21,123.6,2.1964,125.0,120.0,123.63913178041244,-88668.35,0.01133,-0.02913,0.00032,21734,15,NEAR_FLIP,OK
2026-08-19,CME,2026-08-21,266.94,5.9493,270.0,265.0,264.9288229935544,961813.7,0.01146,-0.00727,-0.00753,15274,41,NEAR_FLIP,OK
2026-08-19,DASH,2026-08-21,220.22,7.8118,225.0,220.0,205.6292102833442,7699001.24,0.02171,-0.001,-0.06626,22449,44,POSITIVE_GAMMA,OK
2026-08-19,CMCSA,2026-08-21,26.59,0.6636,27.0,25.0,23.89189756765366,4588227.54,0.01542,-0.0598,-0.10147,154680,26,POSITIVE_GAMMA,OK
2026-08-19,CSX,2026-08-21,50.68,0.8793,52.5,50.0,50.71687298314856,-137921.75,0.03591,-0.01342,0.00073,43120,29,NEAR_FLIP,OK
2026-08-19,MAR,2026-08-21,359.95,9.1075,365.0,350.0,359.73695873454307,110576.5,0.01403,-0.02764,-0.00059,6284,46,NEAR_FLIP,OK
2026-08-19,RACE,2026-08-21,425.18,8.2439,435.0,330.0,361.8527136150293,4844712.54,0.0231,-0.22386,-0.14894,5923,56,POSITIVE_GAMMA,OK
2026-08-19,MMM,2026-08-21,180.66,3.3036,185.0,180.0,162.58349987602782,14005737.39,0.02402,-0.00365,-0.10006,29988,33,POSITIVE_GAMMA,OK
2026-08-19,MNST,2026-08-21,47.43,5.0371,47.5,46.25,46.677019252454016,2391183.34,0.00148,-0.02488,-0.01588,42272,15,NEAR_FLIP,OK
2026-08-19,MRSH,2026-08-21,189.2,3.5884,190.0,185.0,172.76444371333292,900842.59,0.00423,-0.0222,-0.08687,3890,14,POSITIVE_GAMMA,OK
2026-08-19,WM,2026-08-21,225.08,4.1961,230.0,220.0,226.13258299430026,-1336118.93,0.02186,-0.02257,0.00468,7452,17,NEAR_FLIP,OK
2026-08-19,WMB,2026-08-21,73.24,1.9129,75.0,72.0,72.06241045378783,5301122.49,0.02403,-0.01693,-0.01608,37851,29,NEAR_FLIP,OK
2026-08-19,ICE,2026-08-21,157.24,3.4193,157.5,152.5,129.08487517005503,4109152.92,0.00165,-0.03015,-0.17906,13656,40,POSITIVE_GAMMA,OK
2026-08-19,HCA,2026-08-21,407.05,11.155,420.0,400.0,399.3530838792127,7361099.83,0.03181,-0.01732,-0.01891,20362,42,NEAR_FLIP,OK
2026-08-19,EMR,2026-08-21,157.6,4.6014,165.0,157.5,155.45800771244436,374973.46,0.04695,-0.00063,-0.01359,3495,40,NEAR_FLIP,OK
2026-08-19,JCI,2026-08-21,144.94,4.3286,150.0,140.0,141.49260050355088,9128822.38,0.03491,-0.03408,-0.02379,36389,16,NEAR_FLIP,OK
2026-08-19,UPS,2026-08-21,102.86,2.3679,105.0,101.0,103.6351042945448,-7331881.72,0.0208,-0.01808,0.00754,63319,45,NEAR_FLIP,OK
2026-08-19,CDNS,2026-08-21,314.98,10.1229,400.0,310.0,343.6176988097256,-52748767.95,0.26992,-0.01581,0.09092,38346,50,NEGATIVE_GAMMA,OK
2026-08-19,REGN,2026-08-21,840.84,23.1672,860.0,795.0,790.3131164514984,3289398.51,0.02279,-0.05452,-0.06009,4349,69,POSITIVE_GAMMA,OK
2026-08-19,ELV,2026-08-21,398.45,10.1164,400.0,390.0,377.2737522858503,3931399.26,0.00389,-0.02121,-0.05315,5418,24,POSITIVE_GAMMA,OK
2026-08-19,HOOD,2026-08-21,95.77,4.5827,100.0,95.0,93.51645509386091,17862269.92,0.04417,-0.00804,-0.02353,242844,38,NEAR_FLIP,OK
2026-08-19,MCO,2026-08-21,497.03,10.8596,540.0,490.0,477.7375066547704,6489773.26,0.08645,-0.01414,-0.03882,8293,27,POSITIVE_GAMMA,OK
2026-08-19,SHW,2026-08-21,353.59,8.2463,360.0,350.0,344.1997462189007,3040714.77,0.01813,-0.01015,-0.02656,10421,20,POSITIVE_GAMMA,OK
2026-08-19,BAM,2026-08-21,52.65,1.7559,55.0,50.0,47.92407179484117,355461.56,0.04463,-0.05033,-0.08976,7787,10,POSITIVE_GAMMA,OK
2026-08-19,DDOG,2026-08-21,233.52,18.0852,240.0,225.0,244.83127897314955,-6888721.83,0.02775,-0.03649,0.04844,40712,42,NEAR_FLIP,OK
2026-08-19,CMI,2026-08-21,608.37,22.5979,650.0,600.0,653.0334643274989,-3642178.12,0.06843,-0.01376,0.07341,4299,33,NEGATIVE_GAMMA,OK
2026-08-19,CP,2026-08-21,94.44,2.0906,95.0,92.5,92.47759346259866,503748.42,0.00593,-0.02054,-0.02078,2296,14,NEAR_FLIP,OK
2026-08-19,NOC,2026-08-21,582.84,12.6625,590.0,580.0,535.9661494767897,7301919.12,0.01228,-0.00487,-0.08042,8170,60,POSITIVE_GAMMA,OK
2026-08-19,EPD,2026-08-21,38.12,0.6241,39.0,38.0,37.2408150455511,2840536.66,0.02309,-0.00315,-0.02306,14920,27,POSITIVE_GAMMA,OK
2026-08-19,MDLZ,2026-08-21,64.16,1.3643,65.0,57.5,62.513027306287796,3634616.41,0.01309,-0.1038,-0.02567,20347,26,POSITIVE_GAMMA,OK
2026-08-19,AMT,2026-08-21,174.49,4.5814,175.0,170.0,173.70618201918214,718762.71,0.00292,-0.02573,-0.00449,11041,17,NEAR_FLIP,OK
2026-08-19,CTAS,2026-08-21,203.08,4.2504,210.0,200.0,201.24459957408934,798386.21,0.03408,-0.01517,-0.00904,8888,30,NEAR_FLIP,OK
2026-08-19,ITW,2026-08-21,284.25,5.4761,290.0,280.0,263.89488841033284,2623822.41,0.02023,-0.01495,-0.07161,2073,15,POSITIVE_GAMMA,OK
2026-08-19,RCL,2026-08-21,300.56,7.5857,310.0,290.0,309.0566712749297,-4210350.4,0.03141,-0.03513,0.02827,9476,48,NEGATIVE_GAMMA,OK
2026-08-19,ECL,2026-08-21,285.62,5.5621,290.0,270.0,284.2180787709083,812616.37,0.01534,-0.05469,-0.00491,7930,15,NEAR_FLIP,OK
2026-08-19,MSI,2026-08-21,480.84,14.7429,490.0,470.0,404.5428014246619,4091284.65,0.01905,-0.02254,-0.15867,4070,21,POSITIVE_GAMMA,OK
2026-08-19,SLB,2026-08-21,53.55,1.5463,55.0,52.5,50.05941487549457,9514624.92,0.02708,-0.01961,-0.06518,88926,38,POSITIVE_GAMMA,OK
2026-08-19,SU,2026-08-21,67.47,1.8661,70.0,65.0,,4020556.92,0.0375,-0.03661,,18955,29,UNKNOWN,OK
2026-08-19,APO,2026-08-21,133.63,5.2629,135.0,120.0,131.34373314378166,2909888.69,0.01025,-0.102,-0.01711,19151,49,NEAR_FLIP,OK
2026-08-19,EOG,2026-08-21,149.48,4.0129,150.0,135.0,136.96686151603615,5698384.69,0.00348,-0.09687,-0.08371,11567,41,POSITIVE_GAMMA,OK
2026-08-19,FDX,2026-08-21,328.38,7.4307,330.0,322.5,318.94722592018815,6120108.55,0.00493,-0.01791,-0.02873,12969,48,POSITIVE_GAMMA,OK
2026-08-19,NSC,2026-08-21,345.71,6.4643,350.0,300.0,337.3043552814229,1921649.4,0.01241,-0.13222,-0.02431,5977,15,POSITIVE_GAMMA,OK
2026-08-19,CVNA,2026-08-21,70.44,3.8732,72.0,70.0,65.28411586194723,8571716.21,0.02215,-0.00625,-0.0732,215252,46,POSITIVE_GAMMA,OK
2026-08-19,CNI,2026-08-21,127.64,1.9214,130.0,125.0,126.45934199985378,222078.27,0.01849,-0.02068,-0.00925,3188,13,NEAR_FLIP,OK
2026-08-19,SNPS,2026-08-21,401.24,11.72,420.0,400.0,402.66414662623,-1009307.37,0.04676,-0.00309,0.00355,13620,70,NEAR_FLIP,OK
2026-08-19,TRV,2026-08-21,362.22,7.1907,380.0,360.0,361.7092236546782,378836.59,0.04909,-0.00613,-0.00141,9517,20,NEAR_FLIP,OK
2026-08-19,BSX,2026-08-21,52.01,1.6914,55.0,52.0,47.99346179879224,9322882.99,0.05749,-0.00019,-0.07723,145591,36,POSITIVE_GAMMA,OK
2026-08-19,HLT,2026-08-21,334.73,7.3014,340.0,330.0,331.8578238935396,855448.92,0.01574,-0.01413,-0.00858,2240,35,NEAR_FLIP,OK
2026-08-19,ROST,2026-08-21,234.69,5.0079,240.0,230.0,232.5196268436359,476449.6,0.02263,-0.01998,-0.00925,10068,41,NEAR_FLIP,OK
2026-08-19,GM,2026-08-21,84.96,2.0618,85.0,84.0,84.12759944117734,2120307.51,0.00047,-0.0113,-0.0098,38975,49,NEAR_FLIP,OK
2026-08-19,B,2026-08-21,45.13,1.8289,46.0,43.0,38.07314518232995,6368217.69,0.01928,-0.0472,-0.15637,62916,31,POSITIVE_GAMMA,OK
2026-08-19,LITE,2026-08-21,827.6,88.0647,870.0,800.0,929.0723328734344,-29997850.64,0.05123,-0.03335,0.12261,59326,95,NEGATIVE_GAMMA,OK
2026-08-19,AON,2026-08-21,348.43,8.2307,370.0,340.0,348.43554645066996,-988.32,0.06191,-0.02419,2e-05,2419,18,NEAR_FLIP,OK
2026-08-19,ORLY,2026-08-21,91.2,2.0971,95.0,90.0,88.63053971896504,2293049.34,0.04167,-0.01316,-0.02817,15661,11,POSITIVE_GAMMA,OK
2026-08-19,CI,2026-08-21,277.45,7.7046,285.0,275.0,280.56748306530415,-1810945.71,0.02721,-0.00883,0.01124,8261,42,NEAR_FLIP,OK
2026-08-19,ET,2026-08-21,21.18,0.3814,21.5,21.0,20.18643424529845,6007175.89,0.01511,-0.0085,-0.04691,50728,19,POSITIVE_GAMMA,OK
2026-08-19,CL,2026-08-21,90.87,2.1436,92.5,90.0,87.73479172638233,3219914.67,0.01794,-0.00957,-0.0345,13417,34,POSITIVE_GAMMA,OK
2026-08-19,TGT,2026-08-21,159.0,4.5457,160.0,150.0,151.39948038541579,20453680.74,0.00629,-0.0566,-0.0478,66411,44,POSITIVE_GAMMA,OK
2026-08-19,SPG,2026-08-21,223.18,3.8289,230.0,220.0,222.23957012680134,676046.0,0.03056,-0.01425,-0.00421,6823,17,NEAR_FLIP,OK
2026-08-19,MFC,2026-08-21,43.42,0.8346,44.0,40.0,42.56252159068209,306047.76,0.01336,-0.07877,-0.01975,4240,17,POSITIVE_GAMMA,OK
2026-08-19,WBD,2026-08-21,28.53,0.5489,29.0,28.0,26.74848222286153,99675529.41,0.01647,-0.01858,-0.06244,498290,23,POSITIVE_GAMMA,OK
2026-08-19,KMI,2026-08-21,32.08,0.7061,33.0,32.0,31.38861683939065,2403358.19,0.02868,-0.00249,-0.02155,32699,24,NEAR_FLIP,OK
2026-08-19,DB,2026-08-21,38.03,0.5268,39.0,38.0,36.20682105830842,1543342.31,0.02551,-0.00079,-0.04794,13187,18,POSITIVE_GAMMA,OK
2026-08-19,DLR,2026-08-21,192.35,4.8811,195.0,187.5,193.72518381466432,-831874.11,0.01378,-0.02521,0.00715,5600,32,NEAR_FLIP,OK
2026-08-19,NU,2026-08-21,14.61,0.6219,15.0,14.0,13.92252880687411,7530990.88,0.02669,-0.04175,-0.04705,349377,17,POSITIVE_GAMMA,OK
2026-08-19,HPE,2026-08-21,53.13,3.3402,55.0,52.0,46.203993056693875,2503616.64,0.0352,-0.02127,-0.13036,87068,46,POSITIVE_GAMMA,OK
2026-08-19,HON,2026-08-21,221.73,6.3929,230.0,220.0,232.54405223689596,-10107389.58,0.0373,-0.0078,0.04877,14143,38,NEGATIVE_GAMMA,OK
2026-08-19,URI,2026-08-21,1117.04,31.7721,1180.0,1100.0,1130.5894540277025,-2104577.68,0.05636,-0.01525,0.01213,3014,86,NEAR_FLIP,OK
2026-08-19,AEP,2026-08-21,126.27,2.3779,140.0,125.0,128.42137537165027,-3979572.14,0.10874,-0.01006,0.01704,15073,14,NEAR_FLIP,OK
2026-08-19,RSG,2026-08-21,221.04,4.2057,230.0,220.0,221.21806605553914,-98950.19,0.04054,-0.00471,0.00081,2770,10,NEAR_FLIP,OK
2026-08-19,TDG,2026-08-21,1222.91,36.3361,1240.0,1130.0,1236.61176061048,-1466759.93,0.01397,-0.07597,0.0112,2243,51,NEAR_FLIP,OK
2026-08-19,APD,2026-08-21,303.22,6.8943,310.0,290.0,292.1703798985075,3656819.04,0.02236,-0.0436,-0.03644,5736,17,POSITIVE_GAMMA,OK
2026-08-19,PCAR,2026-08-21,127.47,3.2185,133.6,110.0,123.03435289506403,656572.6,0.04809,-0.13705,-0.0348,3521,29,POSITIVE_GAMMA,OK
2026-08-19,WPM,2026-08-21,147.43,5.7779,150.0,135.0,,2084801.73,0.01743,-0.08431,,8829,53,UNKNOWN,OK
2026-08-19,AJG,2026-08-21,257.45,7.93,260.0,250.0,229.770768627787,1267079.51,0.0099,-0.02894,-0.10751,3795,16,POSITIVE_GAMMA,OK
2026-08-19,IMO,2026-08-21,136.12,3.1271,140.0,100.0,116.78545206833837,1800092.24,0.0285,-0.26535,-0.14204,2564,12,POSITIVE_GAMMA,OK
2026-08-19,ALL,2026-08-21,259.74,6.8621,260.0,250.0,266.4557924943987,-6740428.77,0.001,-0.0375,0.02586,9243,17,NEAR_FLIP,OK
2026-08-19,BKR,2026-08-21,64.48,1.4811,65.0,60.0,57.989195269943586,4404264.49,0.00806,-0.06948,-0.10066,16947,7,POSITIVE_GAMMA,LOW
2026-08-19,MPWR,2026-08-21,1300.14,74.1386,1320.0,1300.0,1344.8783449057416,-4353338.58,0.01528,-0.00011,0.03441,4316,58,NEAR_FLIP,OK
2026-08-19,TRGP,2026-08-21,297.09,nan,300.0,280.0,259.0229024936348,11854629.31,0.0098,-0.05752,-0.12813,4977,13,POSITIVE_GAMMA,OK
2026-08-19,CRH,2026-08-21,94.74,2.6464,100.0,90.0,98.21302556313259,-1529104.08,0.05552,-0.05003,0.03666,8552,34,NEGATIVE_GAMMA,OK
2026-08-19,TRP,2026-08-21,62.37,1.6032,75.0,60.0,64.04681954789153,-538179.21,0.2025,-0.038,0.02689,7470,15,NEGATIVE_GAMMA,OK
2026-08-19,TFC,2026-08-21,50.97,0.8721,52.5,50.0,51.06733593755642,-274897.03,0.03002,-0.01903,0.00191,17094,11,NEAR_FLIP,OK
2026-08-19,GWW,2026-08-21,1306.95,30.6743,1350.0,1290.0,1283.133349253495,2708301.86,0.03294,-0.01297,-0.01822,1447,44,NEAR_FLIP,OK
2026-08-19,NKE,2026-08-21,41.05,1.1582,42.0,40.0,41.020636447978916,503192.54,0.02314,-0.02558,-0.00072,215323,38,NEAR_FLIP,OK
2026-08-19,NBIS,2026-08-21,223.9,26.3496,250.0,220.0,218.75135063434314,7107836.2,0.11657,-0.01742,-0.023,209546,54,NEAR_FLIP,OK
2026-08-19,BE,2026-08-21,206.63,22.3061,220.0,200.0,209.88090831275844,-5545801.91,0.06471,-0.03209,0.01573,145993,44,NEAR_FLIP,OK
2026-08-19,PSA,2026-08-21,325.13,7.435,330.0,320.0,319.8714295228996,1041697.47,0.01498,-0.01578,-0.01617,1687,14,NEAR_FLIP,OK
2026-08-19,OKE,2026-08-21,96.01,2.5242,100.0,95.0,91.46439622037664,7499932.02,0.04156,-0.01052,-0.04735,20337,11,POSITIVE_GAMMA,OK
2026-08-19,COR,2026-08-21,317.1,10.2321,320.0,310.0,304.0137495141404,2930380.89,0.00915,-0.02239,-0.04127,3920,19,POSITIVE_GAMMA,OK
2026-08-19,MET,2026-08-21,95.11,1.7734,97.5,95.0,85.69945835549906,1868618.65,0.02513,-0.00116,-0.09894,8557,16,POSITIVE_GAMMA,OK
2026-08-19,OXY,2026-08-21,60.09,1.6378,61.0,60.0,56.29406099112644,27265748.07,0.01514,-0.0015,-0.06317,122617,37,POSITIVE_GAMMA,OK
2026-08-19,D,2026-08-21,68.29,1.1734,72.5,67.5,68.41874237828615,-280662.03,0.06165,-0.01157,0.00189,11503,11,NEAR_FLIP,OK
2026-08-19,CVE,2026-08-21,32.48,0.9532,33.0,31.0,27.147918548864034,2621429.33,0.01601,-0.04557,-0.16417,24790,18,POSITIVE_GAMMA,OK
2026-08-19,FIX,2026-08-21,1696.0601,98.9803,1740.0,1660.0,1733.597928895764,-2272567.35,0.02591,-0.02126,0.02213,3891,65,NEAR_FLIP,OK
2026-08-19,O,2026-08-21,62.95,1.0311,65.0,62.5,63.642219738520154,-4933979.04,0.03257,-0.00715,0.011,29673,13,NEAR_FLIP,OK
2026-08-19,MPLX,2026-08-21,58.69,1.1586,60.0,55.0,57.67876229770209,1836138.72,0.02232,-0.06287,-0.01723,6080,6,NEAR_FLIP,LOW
2026-08-19,TER,2026-08-21,379.65,28.3102,390.0,372.5,378.3643954368552,372593.77,0.02726,-0.01883,-0.00339,22516,70,NEAR_FLIP,OK
2026-08-19,FAST,2026-08-21,51.44,1.1436,52.5,50.0,45.996919138956684,2457121.91,0.02061,-0.02799,-0.10581,18282,11,POSITIVE_GAMMA,OK
2026-08-19,TEL,2026-08-21,203.57,6.3364,230.0,200.0,201.1169920979237,1072720.24,0.12983,-0.01754,-0.01205,19934,18,NEAR_FLIP,OK
2026-08-19,AFL,2026-08-21,116.51,2.2611,125.0,115.0,117.71971085049472,-1154565.83,0.07287,-0.01296,0.01038,11117,35,NEAR_FLIP,OK
2026-08-19,FANG,2026-08-21,208.55,6.0228,210.0,200.0,205.82202360309932,1270772.97,0.00695,-0.041,-0.01308,10243,18,NEAR_FLIP,OK
2026-08-19,F,2026-08-21,14.5,0.405,15.0,14.0,13.86494099967552,5873026.51,0.03448,-0.03448,-0.0438,183948,17,POSITIVE_GAMMA,OK
2026-08-19,GRMN,2026-08-21,295.67,7.85,320.0,290.0,246.49665533597266,-1073706.63,0.08229,-0.01918,-0.16631,4077,15,POSITIVE_GAMMA,OK
2026-08-19,NXPI,2026-08-21,226.02,9.2657,230.0,220.0,248.8186068531426,-3128873.69,0.01761,-0.02663,0.10087,13036,15,NEGATIVE_GAMMA,OK
2026-08-19,LNG,2026-08-21,274.3,7.8752,280.0,270.0,254.7209839387174,30909749.69,0.02078,-0.01568,-0.07138,19121,40,POSITIVE_GAMMA,OK
2026-08-19,CIEN,2026-08-21,399.47,32.0057,415.0,370.0,421.1030241419,-3350868.35,0.03888,-0.07377,0.05415,17632,66,NEAR_FLIP,OK
2026-08-19,NUE,2026-08-21,248.74,8.8943,250.0,240.0,236.9994655928444,1703309.02,0.00507,-0.03514,-0.0472,5788,18,POSITIVE_GAMMA,OK
2026-08-19,COHR,2026-08-21,287.47,38.7957,320.0,285.0,341.7581113877407,-18757266.92,0.11316,-0.00859,0.18885,43660,59,NEGATIVE_GAMMA,OK
2026-08-19,SRE,2026-08-21,85.59,1.6136,95.0,85.0,87.51811056187742,-469480.37,0.10994,-0.00689,0.02253,7821,10,NEGATIVE_GAMMA,OK
2026-08-19,AME,2026-08-21,243.22,5.7871,250.0,230.0,232.58840627754338,11445595.76,0.02788,-0.05435,-0.04371,13457,17,POSITIVE_GAMMA,OK
2026-08-19,AU,2026-08-21,108.54,5.1171,110.0,100.0,,1352355.43,0.01345,-0.07868,,9086,11,UNKNOWN,OK
2026-08-19,DAL,2026-08-21,83.29,2.3271,85.0,82.5,86.61805858988888,-7771184.31,0.02053,-0.00948,0.03996,52299,41,NEGATIVE_GAMMA,OK
2026-08-19,CAH,2026-08-21,234.85,7.1075,240.0,232.5,232.26407880279024,2172494.35,0.02193,-0.01001,-0.01101,8617,35,NEAR_FLIP,OK
2026-08-19,KEYS,2026-08-21,319.45,14.92,340.0,310.0,327.0158231726451,-2185205.93,0.06433,-0.02958,0.02368,12100,19,NEAR_FLIP,OK
2026-08-19,HONA,2026-08-21,170.37,12.8121,175.0,160.0,168.39441019649132,315243.64,0.02718,-0.06087,-0.0116,6706,19,NEAR_FLIP,OK
2026-08-19,NDAQ,2026-08-21,96.35,1.8118,100.0,93.0,94.13870312120463,500690.59,0.03788,-0.03477,-0.02295,6236,38,POSITIVE_GAMMA,OK
2026-08-19,EW,2026-08-21,92.28,1.965,92.5,90.0,85.98999652304704,2963185.11,0.00238,-0.02471,-0.06816,18406,17,POSITIVE_GAMMA,OK
2026-08-19,ADSK,2026-08-21,251.29,9.91,270.0,232.5,235.47731999121683,3744543.24,0.07446,-0.07477,-0.06293,7836,43,POSITIVE_GAMMA,OK
2026-08-19,DVN,2026-08-21,48.19,1.3511,50.0,47.5,41.06106681780525,18642720.75,0.03756,-0.01432,-0.14793,114170,37,POSITIVE_GAMMA,OK
2026-08-19,AXON,2026-08-21,645.72,40.5929,650.0,600.0,611.7164387321566,3632664.35,0.00663,-0.0708,-0.05266,4682,67,NEAR_FLIP,OK
2026-08-19,CTVA,2026-08-21,78.57,2.5368,80.0,75.0,62.09495213666177,62243.02,0.0182,-0.04544,-0.20969,1987,8,POSITIVE_GAMMA,OK
2026-08-19,PYPL,2026-08-21,61.25,1.4541,62.5,60.0,57.4293241710359,31747467.11,0.02041,-0.02041,-0.06238,129846,33,POSITIVE_GAMMA,OK
2026-08-19,LHX,2026-08-21,277.11,7.02,280.0,270.0,278.71841630450723,-407560.72,0.01043,-0.02566,0.0058,4289,38,NEAR_FLIP,OK
2026-08-19,BDX,2026-08-21,187.6,4.5996,190.0,170.0,151.50377028948296,1877769.05,0.01279,-0.09382,-0.19241,6129,15,POSITIVE_GAMMA,OK
2026-08-19,STT,2026-08-21,185.81,3.765,195.0,185.0,141.57615696246208,3286113.13,0.04946,-0.00436,-0.23806,6443,15,POSITIVE_GAMMA,OK
2026-08-19,CARR,2026-08-21,61.2,1.5733,63.0,57.0,63.354675285906616,-2495919.27,0.02941,-0.06863,0.03521,31956,34,NEGATIVE_GAMMA,OK
2026-08-19,ETR,2026-08-21,107.96,2.17,115.0,105.0,108.00203255881503,-13282.02,0.06521,-0.02742,0.00039,4293,10,NEAR_FLIP,OK
2026-08-19,AZO,2026-08-21,3076.8899,79.9729,3100.0,3030.0,3037.860445737562,4912989.39,0.00751,-0.01524,-0.01268,3416,59,NEAR_FLIP,OK
2026-08-19,ALAB,2026-08-21,289.02,31.2857,300.0,285.0,301.2892770533989,-4435582.74,0.03799,-0.01391,0.04245,29686,53,NEAR_FLIP,OK
2026-08-19,CRWV,2026-08-21,90.87,9.1654,95.0,90.0,91.21983970124018,-1062292.55,0.04545,-0.00957,0.00385,286581,64,NEAR_FLIP,OK
2026-08-19,FITB,2026-08-21,54.96,1.0618,55.0,48.0,51.058249716967794,6007712.69,0.00073,-0.12664,-0.07099,21136,15,POSITIVE_GAMMA,OK
2026-08-19,XEL,2026-08-21,79.41,1.3557,80.0,70.0,75.06389939234539,974685.41,0.00743,-0.1185,-0.05473,5625,9,POSITIVE_GAMMA,OK
2026-08-19,AMP,2026-08-21,559.78,9.77,560.0,550.0,539.0683554956427,984131.84,0.00039,-0.01747,-0.037,1134,21,POSITIVE_GAMMA,OK
2026-08-19,WAB,2026-08-21,292.23,5.4329,300.0,280.0,291.3296925917911,52178.78,0.02659,-0.04185,-0.00308,803,15,NEAR_FLIP,OK
2026-08-19,WDAY,2026-08-21,198.42,12.0964,200.0,195.0,194.18162691973444,8509288.93,0.00796,-0.01724,-0.02136,35225,47,NEAR_FLIP,OK
2026-08-19,XYZ,2026-08-21,80.93,2.6588,82.0,80.0,78.03452079752289,8450092.83,0.01322,-0.01149,-0.03578,81188,35,POSITIVE_GAMMA,OK
2026-08-19,FNV,2026-08-21,251.07,8.9014,260.0,240.0,221.41542413031308,1525722.16,0.03557,-0.04409,-0.11811,4544,17,POSITIVE_GAMMA,OK
2026-08-19,CBRS,2026-08-21,215.69,24.395,230.0,200.0,220.7867567058043,-2948262.62,0.06635,-0.07274,0.02363,45265,52,NEAR_FLIP,OK
2026-08-19,VTR,2026-08-21,91.85,2.3043,92.5,90.0,76.07650752083107,2150934.35,0.00708,-0.02014,-0.17173,4643,17,POSITIVE_GAMMA,OK
2026-08-19,ROK,2026-08-21,433.27,14.3636,440.0,410.0,439.70051914320663,-2805983.13,0.01553,-0.05371,0.01484,11414,26,NEAR_FLIP,OK
2026-08-19,VST,2026-08-21,142.7,5.993,155.0,140.0,146.64483519348326,-8787192.97,0.08619,-0.01892,0.02764,86036,44,NEAR_FLIP,OK
2026-08-19,CCEP,2026-08-21,106.68,2.44,110.0,105.0,96.66531718554059,3787286.45,0.03112,-0.01575,-0.09388,4440,11,POSITIVE_GAMMA,OK
2026-08-19,FERG,2026-08-21,243.19,8.6679,250.0,240.0,247.07526139448984,-1588604.37,0.028,-0.01312,0.01598,6120,17,NEAR_FLIP,OK
2026-08-19,NTRA,2026-08-21,325.07,14.6414,330.0,250.0,258.47952158183426,8546240.7,0.01517,-0.23093,-0.20485,14184,19,POSITIVE_GAMMA,OK
2026-08-19,EXC,2026-08-21,45.3,0.8554,47.0,45.0,44.07642439920341,952668.62,0.03753,-0.00662,-0.02701,10214,13,POSITIVE_GAMMA,OK
2026-08-19,RVMD,2026-08-21,214.66,8.2217,220.0,195.0,194.99224854715445,2002828.95,0.02488,-0.09159,-0.09162,8776,16,POSITIVE_GAMMA,OK
2026-08-19,TRI,2026-08-21,104.95,6.1621,105.0,100.0,107.36096326830338,-218160.27,0.00048,-0.04717,0.02297,5264,13,NEAR_FLIP,OK
2026-08-19,EBAY,2026-08-21,102.64,3.9314,105.0,100.0,87.6561837297498,905109.47,0.02299,-0.02572,-0.14598,9366,38,POSITIVE_GAMMA,OK
2026-08-19,HUM,2026-08-21,378.02,14.2271,387.5,370.0,391.8385784083176,-5353552.0,0.02508,-0.02122,0.03656,14335,59,NEAR_FLIP,OK
2026-08-19,RKLB,2026-08-21,75.84,5.8586,80.0,75.0,78.77990022901045,-2448210.67,0.05485,-0.01108,0.03876,90035,44,NEAR_FLIP,OK
2026-08-19,CBRE,2026-08-21,155.07,4.6286,165.0,155.0,127.63239959303031,3364311.45,0.06404,-0.00045,-0.17694,7753,17,POSITIVE_GAMMA,OK
2026-08-19,MDLN,2026-08-21,33.91,1.9539,37.5,32.5,36.243744108704114,-1104961.81,0.10587,-0.04158,0.06882,13334,8,NEGATIVE_GAMMA,OK
2026-08-19,TTWO,2026-08-21,237.04,9.0214,250.0,230.0,237.54724634818464,-613836.54,0.05467,-0.0297,0.00214,45432,41,NEAR_FLIP,OK
2026-08-19,IDXX,2026-08-21,562.2,21.5529,570.0,480.0,543.0808985808674,1543116.16,0.01387,-0.14621,-0.03401,2432,28,NEAR_FLIP,OK
2026-08-19,TEAM,2026-08-21,174.23,10.3464,175.0,165.0,128.4481106194886,8306930.26,0.00442,-0.05298,-0.26277,15317,41,POSITIVE_GAMMA,OK
2026-08-19,A,2026-08-21,155.41,3.3686,160.0,150.0,115.34634670083588,1354029.12,0.02953,-0.03481,-0.25779,6763,14,POSITIVE_GAMMA,OK
2026-08-19,CMG,2026-08-21,34.66,1.3332,35.0,33.0,33.34888108251425,20169497.69,0.00981,-0.04789,-0.03783,190262,34,NEAR_FLIP,OK
2026-08-19,CRDO,2026-08-21,234.82,23.4497,250.0,230.0,237.54713190845473,-498222.69,0.06465,-0.02053,0.01161,36211,55,NEAR_FLIP,OK
2026-08-19,PAYX,2026-08-21,122.5,3.3536,125.0,120.0,106.70443908256168,3416814.97,0.02041,-0.02041,-0.12894,8715,12,POSITIVE_GAMMA,OK
2026-08-19,LYV,2026-08-21,184.19,4.3957,190.0,177.5,,3148183.03,0.03154,-0.03632,,8001,30,UNKNOWN,OK
2026-08-19,CCJ,2026-08-21,97.98,3.6486,100.0,95.0,96.69209823658983,1631881.76,0.02062,-0.03041,-0.01314,71434,41,NEAR_FLIP,OK
2026-08-19,WCN,2026-08-21,168.75,3.5846,175.0,165.0,166.79767625322927,958496.69,0.03704,-0.02222,-0.01157,5167,15,NEAR_FLIP,OK
2026-08-19,ODFL,2026-08-21,205.08,6.3239,210.0,200.0,211.8313919984155,-973689.85,0.02399,-0.02477,0.03292,2435,18,NEGATIVE_GAMMA,OK
2026-08-19,HEI,2026-08-21,363.42,8.7086,370.0,310.0,347.3294222218574,1884586.38,0.01811,-0.14699,-0.04428,2996,21,POSITIVE_GAMMA,OK
2026-08-19,DHI,2026-08-21,151.86,4.67,155.0,150.0,148.9370539565593,1379176.33,0.02068,-0.01225,-0.01925,9181,37,NEAR_FLIP,OK
2026-08-19,KDP,2026-08-21,31.06,1.0875,33.0,29.0,22.35819657646997,1975227.27,0.06246,-0.06632,-0.28016,20634,17,POSITIVE_GAMMA,OK
2026-08-19,COIN,2026-08-21,160.2,8.8643,165.0,160.0,145.13430915488408,63806256.8,0.02996,-0.00125,-0.09404,170948,36,POSITIVE_GAMMA,OK
2026-08-19,PRU,2026-08-21,122.22,2.6605,125.0,120.0,121.26046457057647,794934.39,0.02275,-0.01816,-0.00785,9240,15,NEAR_FLIP,OK
2026-08-19,MCHP,2026-08-21,77.08,4.2371,79.0,72.0,78.41188294622044,-2203608.84,0.02491,-0.06591,0.01728,52656,37,NEAR_FLIP,OK
2026-08-19,FLEX,2026-08-21,113.03,7.3643,115.0,110.0,124.1758341978722,-5916160.24,0.01743,-0.02681,0.09861,29362,14,NEGATIVE_GAMMA,OK
2026-08-19,RKT,2026-08-21,14.63,0.7646,15.0,14.0,13.57461546466732,4098072.32,0.02529,-0.04306,-0.07214,120911,18,POSITIVE_GAMMA,OK
2026-08-19,MSCI,2026-08-21,565.27,13.4932,570.0,560.0,582.3381252159774,-6715857.98,0.00837,-0.00932,0.03019,4835,34,NEGATIVE_GAMMA,OK
2026-08-19,IQV,2026-08-21,249.28,7.9018,250.0,230.0,191.84298846321366,3014485.53,0.00289,-0.07734,-0.23041,8604,15,POSITIVE_GAMMA,OK
2026-08-19,WAT,2026-08-21,415.84,11.9357,420.0,340.0,399.7751801248553,972953.32,0.01,-0.18238,-0.03863,2039,19,POSITIVE_GAMMA,OK
2026-08-19,VEEV,2026-08-21,251.0,8.9271,260.0,240.0,,2104237.78,0.03586,-0.04382,,5016,13,UNKNOWN,OK
2026-08-19,VIK,2026-08-21,90.77,3.9519,100.0,90.0,96.53038643331848,-4709956.33,0.10169,-0.00848,0.06346,20022,11,NEGATIVE_GAMMA,OK
2026-08-19,ROP,2026-08-21,407.32,11.6372,410.0,400.0,311.2543096872862,1109655.58,0.00658,-0.01797,-0.23585,2412,21,POSITIVE_GAMMA,OK
2026-08-19,MSTR,2026-08-21,104.25,5.7236,105.0,100.0,89.49238937099618,117658943.11,0.00719,-0.04077,-0.14156,427133,46,POSITIVE_GAMMA,OK
2026-08-19,YUM,2026-08-21,145.93,4.3357,150.0,145.0,153.02434098446636,-2157276.47,0.02789,-0.00637,0.04861,5721,15,NEGATIVE_GAMMA,OK
2026-08-19,ED,2026-08-21,108.0,1.8754,110.0,105.0,106.3303662198778,1307103.01,0.01852,-0.02778,-0.01546,5365,14,NEAR_FLIP,OK
2026-08-19,AIG,2026-08-21,75.7,1.4295,79.0,75.0,75.03552071224722,476482.96,0.04359,-0.00925,-0.00878,13823,35,NEAR_FLIP,OK
2026-08-19,SYY,2026-08-21,82.46,1.945,85.0,80.0,76.92159818446122,7542020.95,0.0308,-0.02983,-0.06716,18798,17,POSITIVE_GAMMA,OK
2026-08-19,EXPE,2026-08-21,326.27,13.7843,330.0,317.5,261.75404284708026,-349136.12,0.01143,-0.02688,-0.19774,9518,53,POSITIVE_GAMMA,OK
2026-08-19,ADM,2026-08-21,80.76,2.2777,82.5,80.0,80.68854797426368,65385.84,0.02155,-0.00941,-0.00088,12428,15,NEAR_FLIP,OK
2026-08-19,PCG,2026-08-21,17.65,0.5061,18.0,17.5,17.225520349015834,4597433.1,0.01983,-0.0085,-0.02405,133875,21,NEAR_FLIP,OK
2026-08-19,TKO,2026-08-21,201.69,6.2257,210.0,200.0,188.85173737029865,1614426.26,0.0412,-0.00838,-0.06365,2567,17,POSITIVE_GAMMA,OK
2026-08-19,NTAP,2026-08-21,194.48,8.18,200.0,190.0,155.38127270266378,3534420.33,0.02838,-0.02304,-0.20104,12790,18,POSITIVE_GAMMA,OK
2026-08-19,HSY,2026-08-21,188.79,3.9171,190.0,185.0,180.45073589248122,5007673.22,0.00641,-0.02008,-0.04417,7076,31,POSITIVE_GAMMA,OK
2026-08-19,UAL,2026-08-21,115.78,4.0293,120.0,115.0,118.220698170207,-2235175.22,0.03645,-0.00674,0.02108,44827,50,NEAR_FLIP,OK
2026-08-19,PEG,2026-08-21,75.33,1.2964,77.5,75.0,75.56486537776154,-246137.94,0.02881,-0.00438,0.00312,9344,15,NEAR_FLIP,OK
2026-08-19,HIG,2026-08-21,137.53,2.3832,145.0,135.0,100.05573872763634,1521971.26,0.05432,-0.0184,-0.27248,4060,11,POSITIVE_GAMMA,OK
2026-08-19,P,2026-08-21,112.0,6.0728,115.0,110.0,,4871536.11,0.02679,-0.01786,,25912,14,UNKNOWN,OK
2026-08-19,ALC,2026-08-21,74.26,1.7964,75.0,65.0,71.59219606370806,5806697.36,0.00996,-0.1247,-0.03593,10771,16,POSITIVE_GAMMA,OK
2026-08-19,KVUE,2026-08-21,19.13,0.4682,19.5,19.0,18.377231703454285,1301096.79,0.01934,-0.0068,-0.03935,14050,17,POSITIVE_GAMMA,OK
2026-08-19,CCL,2026-08-21,26.69,0.8661,27.0,26.0,27.35941969128185,-1898357.59,0.01161,-0.02585,0.02508,96117,27,NEAR_FLIP,OK
2026-08-19,KMB,2026-08-21,109.88,3.095,110.0,109.0,105.4022511600353,10828933.85,0.00109,-0.00801,-0.04075,21664,37,POSITIVE_GAMMA,OK
2026-08-19,IRM,2026-08-21,122.08,4.52,125.0,120.0,124.40084852757154,-814741.17,0.02392,-0.01704,0.01901,4985,36,NEAR_FLIP,OK
2026-08-19,VMC,2026-08-21,276.3,7.4421,280.0,270.0,280.8858884032463,-683602.79,0.01339,-0.0228,0.0166,2200,16,NEAR_FLIP,OK
2026-08-19,WEC,2026-08-21,109.34,1.9079,110.0,105.0,105.21765841010247,3993742.15,0.00604,-0.03969,-0.0377,4037,14,POSITIVE_GAMMA,OK
2026-08-19,EME,2026-08-21,805.78,35.9464,830.0,800.0,783.4783316604892,413500.85,0.03006,-0.00717,-0.02768,1256,46,NEAR_FLIP,OK
2026-08-19,RPRX,2026-08-21,61.73,1.5514,65.0,55.0,55.69694272329428,646978.39,0.05297,-0.10902,-0.09773,2120,8,POSITIVE_GAMMA,OK
2026-08-19,KGC,2026-08-21,29.9,1.1796,30.0,27.0,27.441875994542173,860216.94,0.00334,-0.09699,-0.08221,33094,26,POSITIVE_GAMMA,OK
2026-08-19,EL,2026-08-21,98.01,3.3218,100.0,75.0,85.38516127930802,3474143.92,0.0203,-0.23477,-0.12881,18738,37,POSITIVE_GAMMA,OK
2026-08-19,MDB,2026-08-21,440.53,22.4274,460.0,430.0,,8805958.08,0.0442,-0.0239,,25112,72,UNKNOWN,OK
2026-08-19,MTB,2026-08-21,244.55,3.9757,250.0,240.0,236.03948679148556,581788.42,0.02229,-0.01861,-0.0348,1443,11,POSITIVE_GAMMA,OK
2026-08-19,ESLT,2026-08-21,752.3,26.6428,770.0,750.0,776.7197935065118,-892529.1,0.02353,-0.00306,0.03246,1756,41,NEAR_FLIP,OK
2026-08-19,QSR,2026-08-21,77.1,1.8359,77.5,75.0,68.43285268376535,5620791.06,0.00519,-0.02724,-0.11241,9961,14,POSITIVE_GAMMA,OK
2026-08-19,HBAN,2026-08-21,17.17,0.3364,18.0,17.0,16.488964948409457,228196.83,0.04834,-0.0099,-0.03966,15002,10,POSITIVE_GAMMA,OK
2026-08-19,CLS,2026-08-21,301.36,26.13,315.0,300.0,312.2145072196297,-5530066.84,0.04526,-0.00451,0.03602,19804,53,NEAR_FLIP,OK
2026-08-19,VG,2026-08-21,13.79,0.7414,14.0,12.5,11.28823655245071,5796364.25,0.01523,-0.09355,-0.18142,167301,16,POSITIVE_GAMMA,OK
2026-08-19,KR,2026-08-21,56.27,1.2529,57.0,55.0,55.47426412121402,5063085.79,0.01297,-0.02257,-0.01414,42804,31,NEAR_FLIP,OK
2026-08-19,RJF,2026-08-21,177.93,3.3336,180.0,160.0,156.4860219307717,2005180.58,0.01163,-0.10077,-0.12052,3366,16,POSITIVE_GAMMA,OK
2026-08-19,TWLO,2026-08-21,221.87,14.9673,230.0,220.0,211.45048288894156,3281000.3,0.03664,-0.00843,-0.04696,22526,48,NEAR_FLIP,OK
2026-08-19,NTRS,2026-08-21,185.4,3.63,190.0,170.0,181.46789608042317,1033927.25,0.02481,-0.08306,-0.02121,2004,14,POSITIVE_GAMMA,OK
2026-08-19,DXCM,2026-08-21,89.88,3.2079,90.0,89.0,85.19500870585193,3278218.01,0.00134,-0.00979,-0.05212,19774,38,POSITIVE_GAMMA,OK
2026-08-19,JBL,2026-08-21,322.77,17.4743,325.0,320.0,331.64513489315357,-987774.55,0.00691,-0.00858,0.0275,7942,57,NEAR_FLIP,OK
2026-08-19,GEHC,2026-08-21,74.62,1.7421,75.0,72.0,58.94034151798003,3045068.94,0.00509,-0.03511,-0.21013,13177,34,POSITIVE_GAMMA,OK
2026-08-19,NTR,2026-08-21,70.5,1.9698,72.5,57.5,65.79086804083555,4364943.15,0.02837,-0.1844,-0.0668,25515,33,POSITIVE_GAMMA,OK
2026-08-19,ACGL,2026-08-21,98.53,1.8139,100.0,90.0,97.35256972100457,203386.15,0.01492,-0.08657,-0.01195,1819,11,NEAR_FLIP,OK
2026-08-19,EQT,2026-08-21,53.64,1.2779,55.0,53.0,51.568181932719966,6759119.61,0.02535,-0.01193,-0.03862,62627,31,POSITIVE_GAMMA,OK
2026-08-19,RMD,2026-08-21,230.65,8.2936,240.0,220.0,213.81921478549006,7845281.25,0.04054,-0.04617,-0.07297,9867,17,POSITIVE_GAMMA,OK
2026-08-19,STLD,2026-08-21,231.01,9.7721,250.0,230.0,224.52203941381217,1825459.5,0.0822,-0.00437,-0.02809,8490,18,NEAR_FLIP,OK
2026-08-19,CQP,2026-08-21,67.72,2.2314,70.0,60.0,56.68669100745153,49327.55,0.03367,-0.114,-0.16293,183,6,POSITIVE_GAMMA,LOW
2026-08-19,BIIB,2026-08-21,221.56,6.1114,230.0,202.5,169.8638288085897,2299373.77,0.03809,-0.08603,-0.23333,3446,32,POSITIVE_GAMMA,OK
2026-08-19,SUNB,2026-08-21,79.83,2.9829,80.0,70.0,75.72357380280542,1383890.82,0.00213,-0.12314,-0.05144,2834,9,POSITIVE_GAMMA,OK
2026-08-19,ALNY,2026-08-21,242.61,9.7207,250.0,240.0,219.47022876669735,1444147.85,0.03046,-0.01076,-0.09538,6574,18,POSITIVE_GAMMA,OK
2026-08-19,TECK,2026-08-21,65.95,2.4443,70.0,55.0,60.03903105989121,3264469.43,0.06141,-0.16603,-0.08963,17213,27,POSITIVE_GAMMA,OK
2026-08-19,MLM,2026-08-21,535.53,13.98,560.0,530.0,527.3238361749474,304124.86,0.04569,-0.01033,-0.01532,1126,30,NEAR_FLIP,OK
2026-08-19,ARES,2026-08-21,143.1,5.8525,145.0,140.0,105.2867381011904,13627895.06,0.01328,-0.02166,-0.26424,20119,48,POSITIVE_GAMMA,OK
2026-08-19,CNC,2026-08-21,64.7,2.5354,65.0,64.0,63.42627944988925,943585.66,0.00464,-0.01082,-0.01969,17679,34,NEAR_FLIP,OK
2026-08-19,CCI,2026-08-21,74.65,2.395,77.5,72.5,74.85539117693159,-145056.77,0.03818,-0.0288,0.00275,13528,14,NEAR_FLIP,OK
2026-08-19,ZTS,2026-08-21,76.68,3.34,80.0,75.0,74.8768563504126,2168912.69,0.0433,-0.02191,-0.02352,31470,9,NEAR_FLIP,OK
2026-08-19,ZM,2026-08-21,107.47,3.8986,110.0,106.0,90.5736970750124,2507309.92,0.02354,-0.01368,-0.15722,37573,51,POSITIVE_GAMMA,OK
2026-08-19,IR,2026-08-21,81.14,2.5247,85.0,80.0,83.5712030142488,-99065.41,0.04757,-0.01405,0.02996,922,9,NEAR_FLIP,OK
2026-08-19,CPRT,2026-08-21,33.85,1.1621,35.0,32.5,25.322679897252215,595960.06,0.03397,-0.03988,-0.25191,24736,8,POSITIVE_GAMMA,OK
2026-08-19,EXR,2026-08-21,147.91,2.8229,150.0,145.0,147.66960916296003,25796.07,0.01413,-0.01967,-0.00163,1197,14,NEAR_FLIP,OK
2026-08-19,WTW,2026-08-21,335.46,9.0757,340.0,320.0,328.4781700451946,20019.86,0.01353,-0.04609,-0.02081,124,13,NEAR_FLIP,LOW
2026-08-19,ILMN,2026-08-21,205.0,7.9564,210.0,190.0,198.10297502805489,1310086.34,0.02439,-0.07317,-0.03364,4490,18,NEAR_FLIP,OK
2026-08-19,CASY,2026-08-21,836.15,25.7928,840.0,830.0,809.3671964493731,1774414.45,0.0046,-0.00736,-0.03203,3996,46,POSITIVE_GAMMA,OK
2026-08-19,KHC,2026-08-21,25.68,0.7753,26.0,25.5,24.975718398873326,13276274.6,0.01246,-0.00701,-0.02743,92859,27,NEAR_FLIP,OK
2026-08-19,AEE,2026-08-21,109.28,1.8875,115.0,105.0,88.2704198984884,319376.45,0.05234,-0.03917,-0.19225,869,7,POSITIVE_GAMMA,LOW
2026-08-19,FTI,2026-08-21,77.02,2.6349,80.0,65.0,72.74136600383451,330710.81,0.03869,-0.15606,-0.05555,1687,9,POSITIVE_GAMMA,OK
2026-08-19,LVS,2026-08-21,46.58,1.2146,47.5,45.0,46.13931901428976,653900.02,0.01975,-0.03392,-0.00946,17332,36,NEAR_FLIP,OK
2026-08-19,TDY,2026-08-21,648.63,15.1078,680.0,600.0,667.6609191917488,-815622.1,0.04836,-0.07497,0.02934,1072,31,NEGATIVE_GAMMA,OK
2026-08-19,CPNG,2026-08-21,16.66,0.5744,17.0,16.0,15.502581085177363,2850321.56,0.02041,-0.03962,-0.06947,85994,20,POSITIVE_GAMMA,OK
2026-08-19,ZS,2026-08-21,184.6,7.6244,190.0,180.0,162.11737449927006,7639482.02,0.02925,-0.02492,-0.12179,39943,45,POSITIVE_GAMMA,OK
2026-08-19,ON,2026-08-21,76.58,3.9926,86.0,75.0,83.72226257831537,-4523630.55,0.12301,-0.02063,0.09327,34367,34,NEGATIVE_GAMMA,OK
2026-08-19,CFG,2026-08-21,70.76,1.4411,75.0,70.0,62.94673142852334,584473.79,0.05992,-0.01074,-0.11042,9175,15,POSITIVE_GAMMA,OK
2026-08-19,ATI,2026-08-21,215.99,10.5921,220.0,210.0,187.82884186623414,2028006.95,0.01857,-0.02773,-0.13038,6012,18,POSITIVE_GAMMA,OK
2026-08-19,BAP,2026-08-21,368.98,13.2236,390.0,340.0,320.3097227360614,3332890.14,0.05697,-0.07854,-0.1319,2764,20,POSITIVE_GAMMA,OK
2026-08-19,RDDT,2026-08-21,151.71,12.7475,160.0,150.0,159.24054290223935,-9201079.78,0.05464,-0.01127,0.04964,73792,35,NEAR_FLIP,OK
2026-08-19,HAL,2026-08-21,35.02,0.9154,36.0,32.0,34.60337819981325,737276.53,0.02798,-0.08624,-0.0119,38546,35,NEAR_FLIP,OK
2026-08-19,VICI,2026-08-21,26.37,0.4357,27.5,25.0,26.151209492595928,375931.56,0.04285,-0.05195,-0.0083,12462,6,NEAR_FLIP,LOW
2026-08-19,DTE,2026-08-21,139.18,2.4294,145.0,135.0,137.20105769701127,181118.11,0.04182,-0.03003,-0.01422,1357,9,NEAR_FLIP,OK
2026-08-19,ATO,2026-08-21,171.31,2.6629,175.0,165.0,160.10614845879937,1188680.22,0.02154,-0.03683,-0.0654,735,9,POSITIVE_GAMMA,OK
2026-08-19,FTS,2026-08-21,56.23,0.8143,60.0,55.0,58.87825553465409,-54795.77,0.06705,-0.02187,0.0471,293,6,NEGATIVE_GAMMA,LOW
2026-08-19,MTD,2026-08-21,1425.09,36.0993,1440.0,1380.0,1363.6059468189412,985003.26,0.01046,-0.03164,-0.04314,216,29,POSITIVE_GAMMA,LOW
2026-08-19,INSM,2026-08-21,130.66,6.9579,135.0,130.0,122.0327766603565,11740917.55,0.03322,-0.00505,-0.06603,33174,17,POSITIVE_GAMMA,OK
2026-08-19,WSM,2026-08-21,242.31,6.4807,250.0,240.0,235.972822894977,2741661.89,0.03174,-0.00953,-0.02615,11193,18,NEAR_FLIP,OK
2026-08-19,LPLA,2026-08-21,359.23,9.9886,360.0,350.0,354.98932965216864,325511.2,0.00214,-0.02569,-0.0118,3518,15,NEAR_FLIP,OK
2026-08-19,EIX,2026-08-21,73.44,2.4679,75.0,72.5,69.83147948741266,1319033.25,0.02124,-0.0128,-0.04914,22447,15,POSITIVE_GAMMA,OK
2026-08-19,PBA,2026-08-21,48.52,1.0029,50.0,45.0,40.38640680901499,434074.92,0.0305,-0.07255,-0.16763,7838,5,POSITIVE_GAMMA,LOW
2026-08-19,FISV,2026-08-21,52.08,2.3564,55.0,50.0,52.810777642519604,-1438967.86,0.05607,-0.03994,0.01403,33519,33,NEAR_FLIP,OK
2026-08-19,RBLX,2026-08-21,38.69,2.8339,40.0,37.0,37.70832377091311,1112568.97,0.03386,-0.04368,-0.02537,48608,39,NEAR_FLIP,OK
2026-08-19,AWK,2026-08-21,138.71,3.4021,140.0,135.0,136.7582618196008,3481438.82,0.0093,-0.02675,-0.01407,5511,14,NEAR_FLIP,OK
2026-08-19,CTSH,2026-08-21,60.93,2.5207,62.5,60.0,49.157089240192846,637886.27,0.02577,-0.01526,-0.19322,10373,10,POSITIVE_GAMMA,OK
2026-08-19,OTIS,2026-08-21,71.95,1.5289,75.0,70.0,72.41138296003592,-272924.71,0.04239,-0.0271,0.00641,4200,12,NEAR_FLIP,OK
2026-08-19,HPQ,2026-08-21,29.94,1.3721,30.0,29.5,24.93492123944675,1638585.13,0.002,-0.0147,-0.16717,82691,31,POSITIVE_GAMMA,OK
2026-08-19,FE,2026-08-21,47.25,0.855,49.0,46.0,45.506768970634155,251552.17,0.03704,-0.02646,-0.03689,2870,13,POSITIVE_GAMMA,OK
2026-08-19,DOV,2026-08-21,202.38,3.6607,210.0,195.0,221.4780480175904,-848620.07,0.03765,-0.03647,0.09437,3067,13,NEGATIVE_GAMMA,OK
2026-08-19,XYL,2026-08-21,116.21,3.2061,120.0,115.0,116.56465125883746,-102805.48,0.03261,-0.01041,0.00305,5770,13,NEAR_FLIP,OK
2026-08-19,ES,2026-08-21,71.99,1.3646,75.0,70.0,71.27058875935538,354831.21,0.04181,-0.02764,-0.00999,3363,7,NEAR_FLIP,LOW
2026-08-19,ROIV,2026-08-21,37.4,1.3064,38.0,30.0,43.437526595924425,289120.26,0.01604,-0.19786,0.16143,7300,13,NEGATIVE_GAMMA,OK
2026-08-19,DG,2026-08-21,122.31,3.425,125.0,119.0,122.89201059617865,-534371.15,0.02199,-0.02706,0.00476,17460,44,NEAR_FLIP,OK
2026-08-19,FOXA,2026-08-21,67.96,2.1643,70.0,65.0,,658926.17,0.03002,-0.04356,,12490,7,UNKNOWN,LOW
2026-08-19,LH,2026-08-21,330.44,8.0921,340.0,300.0,243.04632462085488,324541.83,0.02893,-0.09212,-0.26448,1898,13,POSITIVE_GAMMA,OK
2026-08-19,CPAY,2026-08-21,407.08,11.5479,410.0,400.0,333.2079982237527,259512.12,0.00717,-0.01739,-0.18147,1336,18,POSITIVE_GAMMA,OK
2026-08-19,PPL,2026-08-21,35.49,0.6632,37.0,35.0,35.15406421155905,493099.23,0.04255,-0.01381,-0.00947,17590,17,NEAR_FLIP,OK
2026-08-19,DGX,2026-08-21,241.76,4.465,250.0,240.0,215.3411271500986,1135850.03,0.03408,-0.00728,-0.10928,9383,14,POSITIVE_GAMMA,OK
2026-08-19,GFS,2026-08-21,48.58,3.2122,50.0,45.0,52.011879208045016,-822825.24,0.02923,-0.07369,0.07064,18782,6,NEGATIVE_GAMMA,LOW
2026-08-19,CNP,2026-08-21,40.4,0.8321,42.0,40.0,38.44398832357239,1120814.27,0.0396,-0.0099,-0.04842,10467,21,POSITIVE_GAMMA,OK
2026-08-19,Q,2026-08-21,126.04,7.0043,155.0,125.0,135.0607739827157,-2118611.89,0.22977,-0.00825,0.07157,14653,15,NEGATIVE_GAMMA,OK
2026-08-19,BSP,2026-08-21,41.46,5.35,45.0,40.0,48.628929345022186,-39858.05,0.08538,-0.03521,0.17291,3489,5,NEGATIVE_GAMMA,LOW
2026-08-19,TPR,2026-08-21,131.72,6.3595,134.0,130.0,144.489148040381,-3344905.28,0.01731,-0.01306,0.09694,12924,38,NEGATIVE_GAMMA,OK
2026-08-19,RF,2026-08-21,30.59,0.5336,33.0,30.0,29.69302070290063,453416.33,0.07878,-0.01929,-0.02932,11676,17,POSITIVE_GAMMA,OK
2026-08-19,FWONK,2026-08-21,104.84,2.7807,105.0,75.0,89.37522659055045,3140307.48,0.00153,-0.28462,-0.14751,7545,9,POSITIVE_GAMMA,OK
2026-08-19,INCY,2026-08-21,128.47,3.7171,135.0,120.0,94.61145677694563,1230869.61,0.05083,-0.06593,-0.26355,3833,11,POSITIVE_GAMMA,OK
2026-08-19,SYF,2026-08-21,79.62,1.5976,82.5,77.5,73.28415814787247,3140110.97,0.03617,-0.02663,-0.07958,10271,14,POSITIVE_GAMMA,OK
2026-08-19,AFRM,2026-08-21,77.33,3.76,80.0,75.0,76.73243424415992,909818.34,0.03453,-0.03013,-0.00773,46841,42,NEAR_FLIP,OK
2026-08-19,CINF,2026-08-21,168.49,3.4939,180.0,165.0,168.65048669358333,-37953.64,0.06831,-0.02071,0.00095,3400,17,NEAR_FLIP,OK
2026-08-19,WRB,2026-08-21,69.61,1.3068,72.0,67.0,71.58254015523829,-212530.22,0.03433,-0.03749,0.02834,1379,11,NEGATIVE_GAMMA,OK
2026-08-19,ASTS,2026-08-21,66.43,5.1996,70.0,65.0,70.66875215119495,-6031092.82,0.05374,-0.02153,0.06381,139981,36,NEAR_FLIP,OK
2026-08-19,TPL,2026-08-21,373.18,18.7718,380.0,370.0,358.7463186918624,497521.81,0.01828,-0.00852,-0.03868,3546,22,NEAR_FLIP,OK
2026-08-19,ECHO,2026-08-21,88.435,4.0225,90.0,85.0,89.87178008086495,-2203071.38,0.0177,-0.03884,0.01625,42468,30,NEAR_FLIP,OK
2026-08-19,JBHT,2026-08-21,272.42,8.3729,280.0,270.0,274.309700105926,-345766.79,0.02782,-0.00888,0.00694,4313,17,NEAR_FLIP,OK
2026-08-19,TSEM,2026-08-21,226.46,23.5675,230.0,220.0,271.98214632436236,-2984561.42,0.01563,-0.02853,0.20102,14080,43,NEGATIVE_GAMMA,OK
2026-08-19,SN,2026-08-21,181.24,7.3443,185.0,180.0,173.79340770202276,2670398.25,0.02075,-0.00684,-0.04109,9377,16,POSITIVE_GAMMA,OK
2026-08-19,SW,2026-08-21,48.71,1.5768,50.0,40.0,44.9846131012528,-6654.53,0.02648,-0.17881,-0.07648,5152,6,POSITIVE_GAMMA,LOW
2026-08-19,SYM,2026-08-21,42.02,2.3792,45.0,40.0,35.43535583991944,478637.15,0.07092,-0.04807,-0.1567,22063,39,POSITIVE_GAMMA,OK
2026-08-19,NVT,2026-08-21,156.88,9.1227,165.0,150.0,149.9154421694511,1151062.88,0.05176,-0.04386,-0.04439,12300,19,NEAR_FLIP,OK
2026-08-19,NRG,2026-08-21,120.58,7.1764,121.0,120.0,114.48888963227849,2309433.79,0.00348,-0.00481,-0.05052,24573,46,NEAR_FLIP,OK
2026-08-19,DLTR,2026-08-21,131.84,3.2057,135.0,130.0,105.33756914892952,-716744.27,0.02397,-0.01396,-0.20102,16170,48,POSITIVE_GAMMA,OK
2026-08-19,PPG,2026-08-21,113.92,2.6636,115.0,110.0,108.7461235365335,1121065.92,0.00948,-0.03441,-0.04542,5135,34,POSITIVE_GAMMA,OK
2026-08-19,CRS,2026-08-21,509.96,27.985,520.0,500.0,527.4191166941806,-1230909.02,0.01969,-0.01953,0.03424,3558,31,NEAR_FLIP,OK
2026-08-19,DRI,2026-08-21,221.89,5.8986,230.0,210.0,211.04387262548565,2915815.11,0.03655,-0.05359,-0.04888,5994,16,POSITIVE_GAMMA,OK
2026-08-19,HUBB,2026-08-21,475.64,14.9105,490.0,450.0,457.31800144844277,1579301.4,0.03019,-0.05391,-0.03852,2389,26,POSITIVE_GAMMA,OK
2026-08-19,FICO,2026-08-21,1161.59,67.5646,1200.0,1140.0,1030.517970206563,2803816.85,0.03307,-0.01859,-0.11284,6981,59,POSITIVE_GAMMA,OK
2026-08-19,AMRZ,2026-08-21,45.26,1.6069,50.0,45.0,51.835512601779726,-272552.02,0.10473,-0.00574,0.14528,2348,10,NEGATIVE_GAMMA,OK
2026-08-19,CW,2026-08-21,673.34,28.9464,750.0,660.0,669.7490070744859,63313.71,0.11385,-0.01981,-0.00533,992,31,NEAR_FLIP,OK
2026-08-19,WST,2026-08-21,352.79,6.8493,360.0,350.0,336.141254697434,1073427.26,0.02044,-0.00791,-0.04719,1298,20,POSITIVE_GAMMA,OK
2026-08-19,VRSN,2026-08-21,273.03,8.615,280.0,270.0,278.74885916524863,-853196.51,0.02553,-0.0111,0.02095,4479,16,NEAR_FLIP,OK
2026-08-19,OKTA,2026-08-21,141.21,6.7675,145.0,140.0,141.27135764192377,-24166.56,0.02684,-0.00857,0.00043,19542,42,NEAR_FLIP,OK
2026-08-19,PHM,2026-08-21,130.68,3.8936,133.0,130.0,131.6603454644517,-351624.23,0.01775,-0.0052,0.0075,6676,37,NEAR_FLIP,OK
2026-08-19,VLTO,2026-08-21,100.1,2.3231,110.0,95.0,96.92828604280271,331158.73,0.0989,-0.05095,-0.03169,1909,8,POSITIVE_GAMMA,OK
2026-08-19,GPN,2026-08-21,91.74,3.3679,95.0,85.0,85.44687645578875,4267056.37,0.03554,-0.07347,-0.0686,22878,13,POSITIVE_GAMMA,OK
2026-08-19,VRSK,2026-08-21,186.45,7.2407,190.0,180.0,179.51597835777466,303617.24,0.01904,-0.03459,-0.03719,1485,16,NEAR_FLIP,OK
2026-08-19,EXPD,2026-08-21,186.44,5.3636,190.0,185.0,147.5157748264944,862818.09,0.01909,-0.00772,-0.20878,4079,16,POSITIVE_GAMMA,OK
2026-08-19,TW,2026-08-21,103.3,3.0857,105.0,100.0,103.89927301320648,-13616.0,0.01646,-0.03195,0.0058,366,9,NEAR_FLIP,LOW
2026-08-19,FCNCA,2026-08-21,2170.72,48.5079,2200.0,2120.0,2075.3095161641386,2413827.82,0.01349,-0.02337,-0.04395,935,51,POSITIVE_GAMMA,OK
2026-08-19,OMC,2026-08-21,87.43,2.8464,87.5,85.0,80.42547910819775,1546274.5,0.0008,-0.02779,-0.08012,6532,15,POSITIVE_GAMMA,OK
2026-08-19,TROW,2026-08-21,112.23,2.6768,115.0,110.0,114.36098475539724,-1558302.66,0.02468,-0.01987,0.01899,6711,13,NEAR_FLIP,OK
2026-08-19,BRO,2026-08-21,71.49,1.8711,75.0,70.0,63.55653954612459,1741622.38,0.0491,-0.02084,-0.11097,7434,7,POSITIVE_GAMMA,LOW
2026-08-19,PFG,2026-08-21,111.64,2.0829,115.0,110.0,107.6318416362857,457490.89,0.0301,-0.01469,-0.0359,1951,8,POSITIVE_GAMMA,OK
2026-08-19,FSLR,2026-08-21,222.4,14.9421,230.0,220.0,225.98733196478364,-4372246.1,0.03417,-0.01079,0.01613,51442,45,NEAR_FLIP,OK
2026-08-19,SOFI,2026-08-21,18.42,0.7303,19.0,18.0,17.301848235539172,15157370.13,0.03149,-0.0228,-0.0607,444623,22,POSITIVE_GAMMA,OK
2026-08-19,SMCI,2026-08-21,36.58,2.4889,39.0,36.0,,12275914.49,0.06616,-0.01586,,373075,32,UNKNOWN,OK
2026-08-19,KEY,2026-08-21,22.1,0.4306,23.0,22.0,22.219614654435823,-153919.91,0.04072,-0.00452,0.00541,15591,12,NEAR_FLIP,OK
2026-08-19,CHD,2026-08-21,99.01,2.53,100.0,95.0,91.03239612970593,647832.3,0.01,-0.0405,-0.08057,1750,11,POSITIVE_GAMMA,OK
2026-08-19,ROKU,2026-08-21,156.8,2.2041,160.0,150.0,153.3188514026257,1375984.89,0.02041,-0.04337,-0.0222,4306,35,POSITIVE_GAMMA,OK
2026-08-19,USFD,2026-08-21,107.52,3.2861,115.0,100.0,104.17073626346706,2375508.41,0.06957,-0.06994,-0.03115,11183,13,POSITIVE_GAMMA,OK
2026-08-19,ARXS,2026-08-21,55.71,3.3936,60.0,55.0,,30452.99,0.07701,-0.01274,,231,6,UNKNOWN,LOW
2026-08-19,XPO,2026-08-21,197.43,6.5071,200.0,195.0,209.98426912605223,-1198400.5,0.01302,-0.01231,0.06359,3967,17,NEGATIVE_GAMMA,OK
2026-08-19,STE,2026-08-21,236.91,6.4093,240.0,230.0,233.8194228928538,576200.76,0.01304,-0.02917,-0.01305,1291,10,NEAR_FLIP,OK
2026-08-19,DOW,2026-08-21,31.75,1.0077,32.5,30.0,30.47413411319506,2260297.08,0.02362,-0.05512,-0.04018,70257,31,POSITIVE_GAMMA,OK
2026-08-19,IOT,2026-08-21,39.2,2.1707,40.0,38.0,33.8989221687239,2984323.12,0.02041,-0.03061,-0.13523,32267,37,POSITIVE_GAMMA,OK
2026-08-19,AER,2026-08-21,148.2,3.3711,150.0,140.0,156.35174113529166,-2595627.38,0.01215,-0.05533,0.05501,3446,14,NEGATIVE_GAMMA,OK
2026-08-19,RIVN,2026-08-21,15.73,0.715,16.0,15.0,15.367242587054,1220726.56,0.01716,-0.04641,-0.02306,119742,18,NEAR_FLIP,OK
2026-08-19,L,2026-08-21,111.19,2.0571,115.0,110.0,101.41626251144955,-18450.64,0.03427,-0.0107,-0.0879,179,10,POSITIVE_GAMMA,LOW
2026-08-19,UTHR,2026-08-21,529.14,15.3807,550.0,510.0,527.3175989787246,2711567.17,0.03942,-0.03617,-0.00344,19205,30,NEAR_FLIP,OK
2026-08-19,ULTA,2026-08-21,527.85,18.0579,535.0,500.0,506.41624047498976,3423674.27,0.01355,-0.05276,-0.04061,6906,80,POSITIVE_GAMMA,OK
2026-08-19,EFX,2026-08-21,192.1,6.7321,200.0,190.0,170.00061717346014,690998.81,0.04112,-0.01093,-0.11504,3798,18,POSITIVE_GAMMA,OK
2026-08-19,PKG,2026-08-21,252.91,5.3343,260.0,230.0,224.8553836316946,511843.91,0.02803,-0.09059,-0.11093,497,14,POSITIVE_GAMMA,LOW
2026-08-19,RL,2026-08-21,377.96,13.7468,380.0,370.0,395.8027465540776,-4185341.43,0.0054,-0.02106,0.04721,2739,23,NEGATIVE_GAMMA,OK
2026-08-19,MKL,2026-08-21,1795.04,43.585,1900.0,1730.0,1406.6920957033665,-818722.35,0.05847,-0.03623,-0.21635,146,34,POSITIVE_GAMMA,LOW
2026-08-19,EXE,2026-08-21,96.03,2.3182,100.0,95.0,93.18975905586696,6844778.43,0.04134,-0.01073,-0.02958,54911,11,POSITIVE_GAMMA,OK
2026-08-19,CMS,2026-08-21,70.61,1.2643,75.0,70.0,64.43424555804633,153848.29,0.06217,-0.00864,-0.08746,1047,7,POSITIVE_GAMMA,LOW
2026-08-19,BCE,2026-08-21,23.7,0.4782,24.0,21.0,23.769477634181904,-14297.77,0.01266,-0.11392,0.00293,7462,11,NEAR_FLIP,OK
2026-08-19,ENTG,2026-08-21,144.28,10.4136,145.0,140.0,121.08194015967719,4144011.61,0.00499,-0.02966,-0.16078,15906,17,POSITIVE_GAMMA,OK
2026-08-19,AMCR,2026-08-21,47.45,1.1882,48.0,46.0,39.93700787677471,712772.29,0.01159,-0.03056,-0.15833,7028,18,POSITIVE_GAMMA,OK
2026-08-19,GH,2026-08-21,163.34,8.1407,170.0,160.0,161.7455723126992,279179.57,0.04077,-0.02045,-0.00976,8419,19,NEAR_FLIP,OK
2026-08-19,BG,2026-08-21,114.0,2.9693,115.0,110.0,112.51023803601076,68370.49,0.00877,-0.03509,-0.01307,3079,15,NEAR_FLIP,OK
2026-08-19,MTZ,2026-08-21,272.07,19.0763,290.0,270.0,231.12564836667124,5183202.51,0.0659,-0.00761,-0.15049,15005,17,POSITIVE_GAMMA,OK
2026-08-19,IP,2026-08-21,41.06,1.3071,42.5,40.0,40.30816042308016,295436.66,0.03507,-0.02582,-0.01831,7741,26,NEAR_FLIP,OK
2026-08-19,FFIV,2026-08-21,382.63,12.9125,400.0,360.0,401.2967873273427,-2203039.55,0.0454,-0.05914,0.04879,6205,23,NEGATIVE_GAMMA,OK
2026-08-19,FTAI,2026-08-21,210.91,13.9694,220.0,210.0,206.7069121002215,1864652.87,0.0431,-0.00431,-0.01993,16116,37,NEAR_FLIP,OK
2026-08-19,THC,2026-08-21,268.52,8.2068,270.0,260.0,207.99709044069417,3246350.44,0.00551,-0.03173,-0.22539,17122,16,POSITIVE_GAMMA,OK
2026-08-19,CDE,2026-08-21,20.93,1.1882,22.5,19.0,16.626286805046508,2160123.33,0.07501,-0.09221,-0.20562,51145,19,POSITIVE_GAMMA,OK
2026-08-19,GIS,2026-08-21,39.99,1.0479,40.0,37.5,36.331406139480194,7555599.6,0.00025,-0.06227,-0.09149,38460,9,POSITIVE_GAMMA,OK
2026-08-19,LYB,2026-08-21,66.06,2.2371,67.5,62.5,61.76152097121655,6015650.73,0.0218,-0.05389,-0.06507,28199,14,POSITIVE_GAMMA,OK
2026-08-19,IFF,2026-08-21,83.33,2.5171,85.0,82.5,74.31050329698158,1327725.57,0.02004,-0.00996,-0.10824,3852,16,POSITIVE_GAMMA,OK
2026-08-19,WWD,2026-08-21,359.95,13.735,440.0,350.0,394.4067778781314,-1466803.11,0.22239,-0.02764,0.09573,2291,19,NEGATIVE_GAMMA,OK
2026-08-19,BURL,2026-08-21,337.5,10.0254,357.5,330.0,344.6219958926163,-1734755.78,0.05926,-0.02222,0.0211,4949,46,NEAR_FLIP,OK
2026-08-19,RGLD,2026-08-21,248.14,8.1307,250.0,220.0,182.13539576067458,3484170.07,0.0075,-0.1134,-0.266,5095,18,POSITIVE_GAMMA,OK
2026-08-19,LEN,2026-08-21,87.3,2.8429,90.0,83.0,88.39074622821731,-3208251.26,0.03093,-0.04926,0.01249,42570,30,NEAR_FLIP,OK
2026-08-19,FIS,2026-08-21,40.66,1.8254,45.0,40.0,38.284933931612755,499817.42,0.10674,-0.01623,-0.05841,9628,23,POSITIVE_GAMMA,OK
2026-08-19,PAAS,2026-08-21,50.3,2.3657,51.0,48.0,46.8740647360075,2043825.33,0.01392,-0.04573,-0.06811,43828,40,POSITIVE_GAMMA,OK
2026-08-19,U,2026-08-21,47.11,2.3409,48.0,47.0,,4156344.64,0.01889,-0.00233,,56142,34,UNKNOWN,OK
2026-08-19,FDXF,2026-08-21,138.17,6.3171,145.0,135.0,107.75545629954725,-1419044.93,0.04943,-0.02294,-0.22012,2689,14,POSITIVE_GAMMA,OK
2026-08-19,MTSI,2026-08-21,269.98,21.8229,280.0,250.0,213.48204820258155,700527.77,0.03711,-0.07401,-0.20927,7961,18,POSITIVE_GAMMA,OK
2026-08-19,RBRK,2026-08-21,99.78,5.2098,100.0,98.0,76.63186211078475,3096046.66,0.0022,-0.01784,-0.23199,14335,50,POSITIVE_GAMMA,OK
2026-08-19,TPG,2026-08-21,53.18,2.3336,60.0,42.5,54.874308836032974,-229226.91,0.12824,-0.20083,0.03186,34549,13,NEAR_FLIP,OK
2026-08-19,STLA,2026-08-21,5.43,0.2071,5.5,5.0,3.9843023554233907,51294.48,0.01289,-0.07919,-0.26624,11410,7,POSITIVE_GAMMA,LOW
2026-08-19,TOST,2026-08-21,35.16,1.3278,36.0,35.0,28.26914117001696,2721321.32,0.02389,-0.00455,-0.19599,30549,35,POSITIVE_GAMMA,OK
2026-08-19,CHTR,2026-08-21,152.47,7.5007,155.0,147.0,141.80512663325533,7941495.43,0.01659,-0.03588,-0.06995,33091,52,POSITIVE_GAMMA,OK
2026-08-19,RS,2026-08-21,399.31,12.0807,400.0,370.0,394.13418362320505,47920.6,0.00173,-0.0734,-0.01296,236,17,NEAR_FLIP,LOW
2026-08-19,SNA,2026-08-21,393.93,7.2121,400.0,380.0,452.51085589948605,-7166972.84,0.01541,-0.03536,0.14871,3272,18,NEGATIVE_GAMMA,OK
2026-08-19,LUV,2026-08-21,41.42,1.3882,43.0,41.0,44.27583357621527,-1736799.36,0.03815,-0.01014,0.06895,16470,32,NEGATIVE_GAMMA,OK
2026-08-19,WES,2026-08-21,49.01,1.0534,50.0,40.0,43.87530914311001,1410367.27,0.0202,-0.18384,-0.10477,8230,17,POSITIVE_GAMMA,OK
2026-08-19,TSN,2026-08-21,58.55,1.78,60.0,57.5,57.60147767867899,1547060.62,0.02477,-0.01793,-0.0162,13023,13,NEAR_FLIP,OK
2026-08-19,SNX,2026-08-21,251.78,7.9879,260.0,240.0,256.3576809138147,-400814.35,0.03265,-0.04679,0.01818,1827,16,NEAR_FLIP,OK
2026-08-19,BR,2026-08-21,176.03,6.9298,185.0,170.0,151.94573463481146,1727778.57,0.05096,-0.03426,-0.13682,3344,16,POSITIVE_GAMMA,OK
2026-08-19,CRCL,2026-08-21,78.59,5.0902,80.0,75.0,69.18899540352577,14016826.23,0.01794,-0.04568,-0.11962,102972,32,POSITIVE_GAMMA,OK
2026-08-19,AS,2026-08-21,34.02,1.2536,35.0,32.5,31.349753451193028,3794845.94,0.02881,-0.04468,-0.07849,89597,8,POSITIVE_GAMMA,OK
2026-08-19,SBAC,2026-08-21,182.43,6.0896,190.0,175.0,183.20392565308904,-74248.18,0.0415,-0.04073,0.00424,3237,15,NEAR_FLIP,OK
2026-08-19,SSNC,2026-08-21,82.28,2.0657,85.0,80.0,,574743.5,0.03306,-0.02771,,1696,6,UNKNOWN,LOW
2026-08-19,PR,2026-08-21,23.02,0.7039,24.0,21.0,21.75575717797388,528426.36,0.04257,-0.08775,-0.05492,10635,10,POSITIVE_GAMMA,OK
2026-08-19,EVRG,2026-08-21,83.58,1.3986,90.0,77.5,82.82044968550353,81997.11,0.07681,-0.07274,-0.00909,1655,10,NEAR_FLIP,OK
2026-08-19,ZBH,2026-08-21,100.74,2.9886,105.0,90.0,95.30263241713449,1422962.08,0.04229,-0.10661,-0.05397,4210,11,POSITIVE_GAMMA,OK
2026-08-19,ITT,2026-08-21,213.55,7.1636,220.0,200.0,199.30648370899883,517856.29,0.0302,-0.06345,-0.0667,4688,17,POSITIVE_GAMMA,OK
2026-08-19,MKSI,2026-08-21,281.6,19.1257,310.0,280.0,313.1786728601283,-2989006.57,0.10085,-0.00568,0.11214,5130,17,NEGATIVE_GAMMA,OK
2026-08-19,DD,2026-08-21,139.68,4.4736,140.0,135.0,121.66057493518488,715547.15,0.00229,-0.03351,-0.12901,2358,15,POSITIVE_GAMMA,OK
2026-08-19,MGA,2026-08-21,71.01,1.8871,72.5,70.0,65.75161191532432,252787.29,0.02098,-0.01422,-0.07405,1100,13,POSITIVE_GAMMA,OK
2026-08-19,BBY,2026-08-21,89.21,2.9496,90.0,85.0,86.5296446758622,3243695.82,0.00886,-0.04719,-0.03005,24601,38,NEAR_FLIP,OK
2026-08-19,VTRS,2026-08-21,16.245,0.5293,17.0,16.0,17.742558218859788,-1565349.51,0.04648,-0.01508,0.09219,32196,10,NEGATIVE_GAMMA,OK
2026-08-19,SITM,2026-08-21,618.71,57.9583,640.0,590.0,619.2621650038453,-32803.02,0.03441,-0.0464,0.00089,4206,37,NEAR_FLIP,OK
2026-08-19,GPC,2026-08-21,134.54,3.2093,135.0,130.0,111.99723808057966,10191842.51,0.00342,-0.03374,-0.16755,19776,16,POSITIVE_GAMMA,OK
2026-08-19,APG,2026-08-21,42.51,1.3464,45.0,40.0,52.100132992913295,-1049917.15,0.05857,-0.05904,0.2256,11689,14,NEGATIVE_GAMMA,OK
2026-08-19,ESS,2026-08-21,287.36,5.168,290.0,280.0,276.33279760400205,2794966.61,0.00919,-0.02561,-0.03837,1158,11,POSITIVE_GAMMA,OK
2026-08-19,TSCO,2026-08-21,35.44,1.2239,37.0,35.0,32.204293140861466,1383088.86,0.04402,-0.01242,-0.0913,28858,30,POSITIVE_GAMMA,OK
2026-08-19,LDOS,2026-08-21,146.31,5.05,150.0,145.0,,1549848.44,0.02522,-0.00895,,4215,18,UNKNOWN,OK
2026-08-19,OWL,2026-08-21,11.77,0.4954,12.0,11.0,12.90520701794874,-8332865.18,0.01954,-0.06542,0.09645,231177,14,NEGATIVE_GAMMA,OK
2026-08-19,LNT,2026-08-21,70.15,1.2321,75.0,70.0,71.64377678535507,-16333.67,0.06914,-0.00214,0.02129,342,9,NEGATIVE_GAMMA,LOW
2026-08-19,OVV,2026-08-21,65.56,1.8514,70.0,60.0,57.8368963743524,1182126.96,0.06772,-0.08481,-0.1178,5827,7,POSITIVE_GAMMA,LOW
2026-08-19,CF,2026-08-21,119.02,4.705,120.0,115.0,114.56498077606643,78193.09,0.00823,-0.03378,-0.03743,20059,43,NEAR_FLIP,OK
2026-08-19,JLL,2026-08-21,390.21,11.4855,400.0,360.0,284.2846330477644,429168.19,0.02509,-0.07742,-0.27146,946,18,POSITIVE_GAMMA,OK
2026-08-19,NLY,2026-08-21,23.74,0.3614,24.0,22.5,23.464286580476138,1564024.47,0.01095,-0.05223,-0.01161,44856,18,NEAR_FLIP,OK
2026-08-19,EWBC,2026-08-21,130.4,2.3238,135.0,130.0,111.88841654011148,306154.13,0.03528,-0.00307,-0.14196,823,12,POSITIVE_GAMMA,OK
2026-08-19,INVH,2026-08-21,30.2,0.5286,32.5,30.0,24.08109452321238,885698.67,0.07616,-0.00662,-0.20261,2165,6,POSITIVE_GAMMA,LOW
2026-08-19,FTV,2026-08-21,58.9,1.2307,65.0,55.0,44.04920781704104,67607.2,0.10357,-0.06621,-0.25214,760,6,POSITIVE_GAMMA,LOW
2026-08-19,WY,2026-08-21,24.62,0.7011,25.0,23.0,19.298152328365894,213647.26,0.01543,-0.0658,-0.21616,10453,13,POSITIVE_GAMMA,OK
2026-08-19,NTNX,2026-08-21,65.42,2.1378,67.5,65.0,,1638927.33,0.03179,-0.00642,,8823,11,UNKNOWN,OK
2026-08-19,CG,2026-08-21,49.4,2.1014,50.0,42.5,43.13888876939605,24349723.2,0.01215,-0.13968,-0.12674,92848,10,POSITIVE_GAMMA,OK
2026-08-19,IONQ,2026-08-21,43.36,2.8457,45.0,40.0,42.11567122650983,902698.88,0.03782,-0.07749,-0.0287,98379,43,NEAR_FLIP,OK
2026-08-19,JHX,2026-08-21,30.2,1.0271,32.5,25.0,,241796.7,0.07616,-0.17219,,1891,6,UNKNOWN,LOW
2026-08-19,ROL,2026-08-21,36.26,0.8011,37.5,35.0,25.593064289255373,-210424.36,0.0342,-0.03475,-0.29418,5144,7,POSITIVE_GAMMA,LOW
2026-08-19,STZ,2026-08-21,133.52,3.3168,135.0,130.0,133.7045205499928,-269847.75,0.01108,-0.02636,0.00138,16485,42,NEAR_FLIP,OK
2026-08-19,IEX,2026-08-21,234.45,5.3436,240.0,210.0,218.01925736954618,2382266.76,0.02367,-0.10429,-0.07008,2040,11,POSITIVE_GAMMA,OK
2026-08-19,H,2026-08-21,183.01,6.1679,190.0,175.0,144.47330336430198,-36041.96,0.03819,-0.04377,-0.21057,1386,18,POSITIVE_GAMMA,OK
2026-08-19,NDSN,2026-08-21,309.92,5.5761,310.0,290.0,256.1539410805924,797257.23,0.00026,-0.06427,-0.17348,637,12,POSITIVE_GAMMA,OK
2026-08-19,BEN,2026-08-21,33.98,0.8675,35.0,33.0,30.491405638612378,1335718.01,0.03002,-0.02884,-0.10267,9265,15,POSITIVE_GAMMA,OK
2026-08-19,J,2026-08-21,147.37,4.2339,150.0,130.0,106.52673519567888,243911.44,0.01785,-0.11787,-0.27715,873,14,POSITIVE_GAMMA,OK
2026-08-19,FLUT,2026-08-21,99.16,5.8255,100.0,95.0,102.09511900437704,-1508388.58,0.00847,-0.04195,0.0296,17886,12,NEAR_FLIP,OK
2026-08-19,CLH,2026-08-21,325.22,6.6296,330.0,300.0,308.45662851294827,536820.34,0.0147,-0.07755,-0.05154,476,13,POSITIVE_GAMMA,LOW
2026-08-19,CDW,2026-08-21,137.2,7.785,145.0,130.0,136.8208333842137,129748.48,0.05685,-0.05248,-0.00276,7675,16,NEAR_FLIP,OK
2026-08-19,DKS,2026-08-21,191.29,6.3457,200.0,185.0,247.5418700436657,-6108259.64,0.04553,-0.03288,0.29407,9860,17,NEGATIVE_GAMMA,OK
2026-08-19,MEDP,2026-08-21,608.27,16.11,610.0,590.0,592.7830575755021,1142303.83,0.00284,-0.03004,-0.02546,1672,35,NEAR_FLIP,OK
2026-08-19,PAA,2026-08-21,23.99,nan,25.0,23.0,22.519542428633052,1569399.99,0.0421,-0.04127,-0.06129,15615,18,POSITIVE_GAMMA,OK
2026-08-19,CHRW,2026-08-21,144.52,5.1464,145.0,140.0,154.39307755703268,-619599.56,0.00332,-0.03128,0.06832,4317,16,NEGATIVE_GAMMA,OK
2026-08-19,DINO,2026-08-21,94.62,3.5704,95.0,90.0,68.49966098407691,9989270.36,0.00402,-0.04883,-0.27606,26393,16,POSITIVE_GAMMA,OK
2026-08-19,ZBRA,2026-08-21,354.65,16.8957,360.0,350.0,263.89595494710994,447010.03,0.01509,-0.01311,-0.2559,5107,19,POSITIVE_GAMMA,OK
2026-08-19,WCC,2026-08-21,343.85,15.4043,350.0,340.0,336.6028041960409,529082.94,0.01789,-0.0112,-0.02108,1907,20,NEAR_FLIP,OK
2026-08-19,LSCC,2026-08-21,117.68,8.2021,120.0,115.0,122.47044904385425,-368062.57,0.01971,-0.02277,0.04071,8200,14,NEAR_FLIP,OK
2026-08-19,BALL,2026-08-21,62.62,1.4268,65.0,62.5,62.743441476083994,-35351.07,0.03801,-0.00192,0.00197,4429,13,NEAR_FLIP,OK
2026-08-19,PTC,2026-08-21,152.44,6.3029,160.0,110.0,118.1891980756767,4584873.3,0.04959,-0.2784,-0.22468,6502,18,POSITIVE_GAMMA,OK
2026-08-19,GEN,2026-08-21,27.54,0.9779,29.0,26.0,26.834702803189245,164431.38,0.05301,-0.05592,-0.02561,5872,16,NEAR_FLIP,OK
2026-08-19,RBC,2026-08-21,520.54,16.1125,560.0,520.0,397.88820740416736,-109222.01,0.07581,-0.00104,-0.23562,208,21,POSITIVE_GAMMA,LOW
2026-08-19,BBIO,2026-08-21,83.95,3.1543,90.0,70.0,78.37315566585657,700224.44,0.07207,-0.16617,-0.06643,10819,18,POSITIVE_GAMMA,OK
