engine,variant,timing,cost,policy,period,n,cagr,mdd,sharpe,sortino,calmar,daily_pf
LEGACY_GROSS100,CORE_DDV10,SAME_DAY_GROSS,BASE,NATIVE_NO_FILL,FULL,2568,0.4716565067619154,-0.24904830692182656,1.4902631114487435,2.2738194396034035,1.8938354273171711,1.334614628367673
LEGACY_GROSS100,CORE_DDV10,SAME_DAY_GROSS,BASE,NATIVE_NO_FILL,2016_2020,1259,0.5121593803745437,-0.24904830692182656,1.5901544768592604,2.523590171564618,2.056466019402833,1.3754435438162964
LEGACY_GROSS100,CORE_DDV10,SAME_DAY_GROSS,BASE,NATIVE_NO_FILL,2021_2025,1255,0.47652000124892036,-0.23489112856177674,1.5288323927804826,2.27923806684558,2.0286845406492007,1.3325570047072863
LEGACY_GROSS100,CORE_DDV10,SAME_DAY_GROSS,BASE,NATIVE_NO_FILL,2022_2025,1003,0.4714437564678544,-0.2218526864111341,1.5989342753620743,2.3961009954961408,2.1250306412525557,1.3659007945625605
LEGACY_GROSS100,CORE_DDV10,SAME_DAY_GROSS,BASE,NATIVE_NO_FILL,2022_2026_AVAILABLE,1057,0.41906114249976145,-0.2218526864111341,1.414832047602661,2.087004200021374,1.8889162411275182,1.3170406869417504
LEGACY_GROSS100,CORE_DDV10,SAME_DAY_GROSS,BASE,NATIVE_NO_FILL,2016,252,0.3507705817178559,-0.1548907754132901,1.5723699816638914,2.4225280278229877,2.2646318399653302,1.341171773379648
LEGACY_GROSS100,CORE_DDV10,SAME_DAY_GROSS,BASE,NATIVE_NO_FILL,2017,251,0.37244519339175364,-0.12386781408397607,1.768881423506332,2.549910681714348,3.0067955598155205,1.340467968201814
LEGACY_GROSS100,CORE_DDV10,SAME_DAY_GROSS,BASE,NATIVE_NO_FILL,2018,251,0.27431825895414796,-0.24904830692182678,0.8962985462205665,1.3419668400172566,1.1014660663413107,1.2015758131375835
LEGACY_GROSS100,CORE_DDV10,SAME_DAY_GROSS,BASE,NATIVE_NO_FILL,2019,252,0.40829907483869166,-0.1356804374603997,1.6210149862804852,2.5722122605221087,3.009270035393714,1.33766680044441
LEGACY_GROSS100,CORE_DDV10,SAME_DAY_GROSS,BASE,NATIVE_NO_FILL,2020,253,1.3697482844775175,-0.23924363977869467,2.3052729327216097,3.9452288471556476,5.72532789479613,1.6073902233396766
LEGACY_GROSS100,CORE_DDV10,SAME_DAY_GROSS,BASE,NATIVE_NO_FILL,2021,252,0.4968984192009911,-0.23489112856177674,1.3502390363394847,1.992512620373917,2.11544140574175,1.24992333934934
LEGACY_GROSS100,CORE_DDV10,SAME_DAY_GROSS,BASE,NATIVE_NO_FILL,2022,251,-0.057681383494171845,-0.1302456592174085,-0.25380217174488107,-0.3335097433702347,-0.4428660720115747,0.9331663272265969
LEGACY_GROSS100,CORE_DDV10,SAME_DAY_GROSS,BASE,NATIVE_NO_FILL,2023,250,0.6709858812171321,-0.12119821463479008,2.3564767029289424,3.5762987400119033,5.536268692068051,1.539320045444032
LEGACY_GROSS100,CORE_DDV10,SAME_DAY_GROSS,BASE,NATIVE_NO_FILL,2024,252,0.6639410245938464,-0.20181996211054654,1.7111886674041952,2.542313961144361,3.289768849674909,1.352502601913386
LEGACY_GROSS100,CORE_DDV10,SAME_DAY_GROSS,BASE,NATIVE_NO_FILL,2025,250,0.7906603394522442,-0.14561532350286088,2.1378058086328195,3.3951692683648345,5.4297880225271085,1.4666192334172414
LEGACY_GROSS100,CORE_DDV10,SAME_DAY_GROSS,BASE,NATIVE_NO_FILL,2026,54,-0.2762348597048331,-0.20124115231744555,-0.5419912872866389,-0.7270682009989686,-1.3726559231239621,0.9094061022622034
LEGACY_GROSS100,CORE_DDV10,SAME_DAY_GROSS,ALL5,NATIVE_NO_FILL,FULL,2568,0.4642058130213902,-0.24946281091721323,1.4726232938963877,2.2450502800361067,1.86082170450425,1.3300024619902409
LEGACY_GROSS100,CORE_DDV10,SAME_DAY_GROSS,ALL5,NATIVE_NO_FILL,2016_2020,1259,0.5047965057687869,-0.24946281091721323,1.5731430159210873,2.494345077535244,2.0235341047941158,1.3706900262994572
LEGACY_GROSS100,CORE_DDV10,SAME_DAY_GROSS,ALL5,NATIVE_NO_FILL,2021_2025,1255,0.46913102242676796,-0.23566166536078692,1.5109984898473463,2.2509522711917076,1.9906972214108325,1.3280374855483514
LEGACY_GROSS100,CORE_DDV10,SAME_DAY_GROSS,ALL5,NATIVE_NO_FILL,2022_2025,1003,0.4650257556228825,-0.22250415091725873,1.5822634491289083,2.369532866764986,2.089964406083412,1.3614303779164245
LEGACY_GROSS100,CORE_DDV10,SAME_DAY_GROSS,ALL5,NATIVE_NO_FILL,2022_2026_AVAILABLE,1057,0.4123946974552044,-0.22250415091725873,1.397597909856313,2.060159387090935,1.8534247372695494,1.3126032641492031
LEGACY_GROSS100,CORE_DDV10,SAME_DAY_GROSS,ALL5,NATIVE_NO_FILL,2016,252,0.34281670877839154,-0.15663515943864403,1.5438831037995076,2.375208510679668,2.18863191384995,1.3338018642815999
LEGACY_GROSS100,CORE_DDV10,SAME_DAY_GROSS,ALL5,NATIVE_NO_FILL,2017,251,0.3627934656063081,-0.12479671821782512,1.7315496303424411,2.492127453251998,2.9070753685451414,1.3324078927430993
LEGACY_GROSS100,CORE_DDV10,SAME_DAY_GROSS,ALL5,NATIVE_NO_FILL,2018,251,0.2686898849899808,-0.24946281091721334,0.8832021066638074,1.321330253134268,1.077073909341734,1.1983272658903972
LEGACY_GROSS100,CORE_DDV10,SAME_DAY_GROSS,ALL5,NATIVE_NO_FILL,2019,252,0.40394111709335,-0.13625832967535967,1.6068010962999666,2.5475863613892975,2.964524209681376,1.3341746999868103
LEGACY_GROSS100,CORE_DDV10,SAME_DAY_GROSS,ALL5,NATIVE_NO_FILL,2020,253,1.3604613334919748,-0.24091130037099284,2.2955612432938857,3.925682715259485,5.647146196118339,1.604016614193285
LEGACY_GROSS100,CORE_DDV10,SAME_DAY_GROSS,ALL5,NATIVE_NO_FILL,2021,252,0.48558496588582223,-0.23566166536078692,1.3282722740122597,1.958231349748284,2.0605174165361793,1.2452977807499335
LEGACY_GROSS100,CORE_DDV10,SAME_DAY_GROSS,ALL5,NATIVE_NO_FILL,2022,251,-0.061921544887268865,-0.1305859047332225,-0.2794502578804606,-0.3668309878946803,-0.47418245494236205,0.9267418011187184
LEGACY_GROSS100,CORE_DDV10,SAME_DAY_GROSS,ALL5,NATIVE_NO_FILL,2023,250,0.6654731176535988,-0.121926169648779,2.3420770764960652,3.5526699452429904,5.458000686567644,1.5352025196058914
LEGACY_GROSS100,CORE_DDV10,SAME_DAY_GROSS,ALL5,NATIVE_NO_FILL,2024,252,0.6544288764514097,-0.20332820686764752,1.6938449755944434,2.5151196599160466,3.2185838184143196,1.3483791674609709
LEGACY_GROSS100,CORE_DDV10,SAME_DAY_GROSS,ALL5,NATIVE_NO_FILL,2025,250,0.7836438897197151,-0.145881002746736,2.1243106920922483,3.3714417236525533,5.371802187843467,1.4632543768232251
LEGACY_GROSS100,CORE_DDV10,SAME_DAY_GROSS,ALL5,NATIVE_NO_FILL,2026,54,-0.2841381033992577,-0.20250723427477602,-0.5677016109256587,-0.7608607979122638,-1.4031010023756445,0.9053122455814683
LEGACY_GROSS100,CORE_DDV10,SAME_DAY_GROSS,ALL10,NATIVE_NO_FILL,FULL,2568,0.45158398009092093,-0.25063137048260875,1.442687671177482,2.1958376142667357,1.8017855435309773,1.3221229181314733
LEGACY_GROSS100,CORE_DDV10,SAME_DAY_GROSS,ALL10,NATIVE_NO_FILL,2016_2020,1259,0.49188428720830313,-0.25063137048260875,1.543335236226108,2.442450451263814,1.9625806867717497,1.3622626776151887
LEGACY_GROSS100,CORE_DDV10,SAME_DAY_GROSS,ALL10,NATIVE_NO_FILL,2021_2025,1255,0.4569211950739891,-0.23681087445854243,1.481458619716816,2.2038734766541643,1.929477251071004,1.320535484325948
LEGACY_GROSS100,CORE_DDV10,SAME_DAY_GROSS,ALL10,NATIVE_NO_FILL,2022_2025,1003,0.454568224502766,-0.22350410827450407,1.5550899292311295,2.32588963186502,2.0338249171888725,1.3541017932686155
LEGACY_GROSS100,CORE_DDV10,SAME_DAY_GROSS,ALL10,NATIVE_NO_FILL,2022_2026_AVAILABLE,1057,0.4016199138595751,-0.22350410827450407,1.3696604098615497,2.0163809249049387,1.7969240787570318,1.3053689392512244
LEGACY_GROSS100,CORE_DDV10,SAME_DAY_GROSS,ALL10,NATIVE_NO_FILL,2016,252,0.3306624887657754,-0.15922010553191013,1.5001161712786566,2.3018058142765754,2.0767634066132787,1.3225300114891771
LEGACY_GROSS100,CORE_DDV10,SAME_DAY_GROSS,ALL10,NATIVE_NO_FILL,2017,251,0.34846911352429877,-0.12572490730596853,1.6756938698692945,2.4053342472844297,2.7716792240399286,1.320215124170447
LEGACY_GROSS100,CORE_DDV10,SAME_DAY_GROSS,ALL10,NATIVE_NO_FILL,2018,251,0.25831852809303646,-0.2506313704826084,0.8588197987281841,1.2830489908259002,1.0306711709536833,1.1922599313636761
LEGACY_GROSS100,CORE_DDV10,SAME_DAY_GROSS,ALL10,NATIVE_NO_FILL,2019,252,0.3954359908527658,-0.13718286990853112,1.5793913159715802,2.4998643151265023,2.882546422278737,1.3274240595316855
LEGACY_GROSS100,CORE_DDV10,SAME_DAY_GROSS,ALL10,NATIVE_NO_FILL,2020,253,1.3389648854727763,-0.24339264298233365,2.273708852630413,3.880697621671773,5.501254553408844,1.5962485813021055
LEGACY_GROSS100,CORE_DDV10,SAME_DAY_GROSS,ALL10,NATIVE_NO_FILL,2021,252,0.46632417564612605,-0.23681087445854243,1.2905445372480187,1.8994032702359647,1.9691839604593988,1.2373934339593788
LEGACY_GROSS100,CORE_DDV10,SAME_DAY_GROSS,ALL10,NATIVE_NO_FILL,2022,251,-0.06768495781259054,-0.13114043410264165,-0.3146218290051449,-0.4124054322498901,-0.5161257721597485,0.9180419698660826
LEGACY_GROSS100,CORE_DDV10,SAME_DAY_GROSS,ALL10,NATIVE_NO_FILL,2023,250,0.6545955692654828,-0.12291696432633725,2.3143404642679557,3.5070609032075475,5.325510378921907,1.527507471976694
LEGACY_GROSS100,CORE_DDV10,SAME_DAY_GROSS,ALL10,NATIVE_NO_FILL,2024,252,0.6383129765338063,-0.2064849804735236,1.6640328861618465,2.4677172572375747,3.0913288466308257,1.3411204361198712
LEGACY_GROSS100,CORE_DDV10,SAME_DAY_GROSS,ALL10,NATIVE_NO_FILL,2025,250,0.7727371585790412,-0.14627472404661135,2.1033910558957896,3.3340584638719206,5.282779807759567,1.4578528325502988
LEGACY_GROSS100,CORE_DDV10,SAME_DAY_GROSS,ALL10,NATIVE_NO_FILL,2026,54,-0.29609118947845336,-0.20417085896419063,-0.6069872610506483,-0.8122873401968045,-1.4502127824734508,0.8991513210977735
LEGACY_GROSS100,CORE_DDV10,SAME_DAY_GROSS,ALL20,NATIVE_NO_FILL,FULL,2568,0.4266519044545405,-0.2529639449324962,1.3826257829441837,2.0975361099736247,1.6866115231101144,1.3064719242305718
LEGACY_GROSS100,CORE_DDV10,SAME_DAY_GROSS,ALL20,NATIVE_NO_FILL,2016_2020,1259,0.4663772837750595,-0.2529639449324962,1.483504594263816,2.3388247697158784,1.8436512124267868,1.3455708126930386
LEGACY_GROSS100,CORE_DDV10,SAME_DAY_GROSS,ALL20,NATIVE_NO_FILL,2021_2025,1255,0.4327916390580502,-0.23910548525963005,1.4221926294253073,2.109774544275646,1.8100447950330716,1.3055842770490846
LEGACY_GROSS100,CORE_DDV10,SAME_DAY_GROSS,ALL20,NATIVE_NO_FILL,2022_2025,1003,0.43386565033441893,-0.2255007944562627,1.5005848233818735,2.238637383513368,1.9240094092820144,1.3394578523084475
LEGACY_GROSS100,CORE_DDV10,SAME_DAY_GROSS,ALL20,NATIVE_NO_FILL,2022_2026_AVAILABLE,1057,0.38030482888822004,-0.2255007944562627,1.3136482109411989,1.9289075215426834,1.6864899735951155,1.2909439033208914
LEGACY_GROSS100,CORE_DDV10,SAME_DAY_GROSS,ALL20,NATIVE_NO_FILL,2016,252,0.30666982695790557,-0.16436954220505207,1.4121212799015477,2.1553068947637524,1.8657338996255948,1.300322128642336
LEGACY_GROSS100,CORE_DDV10,SAME_DAY_GROSS,ALL20,NATIVE_NO_FILL,2017,251,0.3202544064376316,-0.12757914176483787,1.563492283684655,2.2324943679178637,2.5102411100079762,1.2961324939186003
LEGACY_GROSS100,CORE_DDV10,SAME_DAY_GROSS,ALL20,NATIVE_NO_FILL,2018,251,0.23781833523546148,-0.2529639449324961,0.8098808726782963,1.2065505016240305,0.940127397597803,1.180204932090999
LEGACY_GROSS100,CORE_DDV10,SAME_DAY_GROSS,ALL20,NATIVE_NO_FILL,2019,252,0.37857222138362534,-0.13903002220260818,1.524498162235251,2.404550146142684,2.7229530383871534,1.314026738067631
LEGACY_GROSS100,CORE_DDV10,SAME_DAY_GROSS,ALL20,NATIVE_NO_FILL,2020,253,1.2965327922194811,-0.24833364250551382,2.229840114148004,3.790840279113194,5.220930918333765,1.580857174807735
LEGACY_GROSS100,CORE_DDV10,SAME_DAY_GROSS,ALL20,NATIVE_NO_FILL,2021,252,0.4285248707888498,-0.23910548525963005,1.2148262653785236,1.7819001270507238,1.7922000840906716,1.2217168121871242
LEGACY_GROSS100,CORE_DDV10,SAME_DAY_GROSS,ALL20,NATIVE_NO_FILL,2022,251,-0.0791110814050825,-0.1322491000656092,-0.3848100085774199,-0.5029341049303641,-0.5981975027870529,0.9009885916734947
LEGACY_GROSS100,CORE_DDV10,SAME_DAY_GROSS,ALL20,NATIVE_NO_FILL,2023,250,0.6330421028487083,-0.12489574958038807,2.258523406381983,3.4156244948511687,5.06856402219882,1.5119984236325292
LEGACY_GROSS100,CORE_DDV10,SAME_DAY_GROSS,ALL20,NATIVE_NO_FILL,2024,252,0.6065318027810906,-0.2127654302260199,1.6042611848086117,2.372957880374885,2.850706536944344,1.3266520445722014
LEGACY_GROSS100,CORE_DDV10,SAME_DAY_GROSS,ALL20,NATIVE_NO_FILL,2025,250,0.7511124896249617,-0.1470617215852632,2.0614069277084335,3.259329886459052,5.107464277775933,1.4468463728378147
LEGACY_GROSS100,CORE_DDV10,SAME_DAY_GROSS,ALL20,NATIVE_NO_FILL,2026,54,-0.31941650028657764,-0.2074895381057864,-0.6855008033982903,-0.9145715501783168,-1.5394342442640478,0.8869697406640161
LEGACY_GROSS100,CORE_DDV10,SAME_DAY_GROSS,BASE,SELECTIVE_FILL_NO_ZERO_OVERRIDE,FULL,2568,0.49116221058215803,-0.2546758683423118,1.5184258462224858,2.329002612980191,1.9285777399293407,1.3428210916461554
LEGACY_GROSS100,CORE_DDV10,SAME_DAY_GROSS,BASE,SELECTIVE_FILL_NO_ZERO_OVERRIDE,2016_2020,1259,0.5423071000925381,-0.2546758683423118,1.639045087643971,2.6195586158520783,2.129401201701682,1.3892669600743361
LEGACY_GROSS100,CORE_DDV10,SAME_DAY_GROSS,BASE,SELECTIVE_FILL_NO_ZERO_OVERRIDE,2021_2025,1255,0.48709894577023394,-0.25194166201582757,1.535186430894205,2.2974843538798186,1.933379901810893,1.3358581484142595
LEGACY_GROSS100,CORE_DDV10,SAME_DAY_GROSS,BASE,SELECTIVE_FILL_NO_ZERO_OVERRIDE,2022_2025,1003,0.49169298933259764,-0.21641396804209967,1.6253886822309438,2.456580895274331,2.2720020975584494,1.3760366997052569
LEGACY_GROSS100,CORE_DDV10,SAME_DAY_GROSS,BASE,SELECTIVE_FILL_NO_ZERO_OVERRIDE,2022_2026_AVAILABLE,1057,0.4375853655591797,-0.21641396804209967,1.442956482085721,2.1451236952623947,2.021983005616601,1.326428492577985
LEGACY_GROSS100,CORE_DDV10,SAME_DAY_GROSS,BASE,SELECTIVE_FILL_NO_ZERO_OVERRIDE,2016,252,0.3552733375262769,-0.15607082237975867,1.539595732536146,2.3470594206167936,2.27635974558915,1.338933497108621
LEGACY_GROSS100,CORE_DDV10,SAME_DAY_GROSS,BASE,SELECTIVE_FILL_NO_ZERO_OVERRIDE,2017,251,0.4110542406409565,-0.11687488853665273,1.8911005930957643,2.751896026174955,3.517044985348133,1.3661760026029623
LEGACY_GROSS100,CORE_DDV10,SAME_DAY_GROSS,BASE,SELECTIVE_FILL_NO_ZERO_OVERRIDE,2018,251,0.2770725333938244,-0.2546758683423118,0.8980647081779218,1.347740532351887,1.0879418423005398,1.2005605100154115
LEGACY_GROSS100,CORE_DDV10,SAME_DAY_GROSS,BASE,SELECTIVE_FILL_NO_ZERO_OVERRIDE,2019,252,0.43360927540547967,-0.1356804374603997,1.693140933875715,2.6989736503659425,3.1958127753828536,1.3552814022006965
LEGACY_GROSS100,CORE_DDV10,SAME_DAY_GROSS,BASE,SELECTIVE_FILL_NO_ZERO_OVERRIDE,2020,253,1.4850591565499451,-0.20143050370755589,2.3880023552775587,4.15265923420522,7.372563386457137,1.6372280674428095
LEGACY_GROSS100,CORE_DDV10,SAME_DAY_GROSS,BASE,SELECTIVE_FILL_NO_ZERO_OVERRIDE,2021,252,0.4689537194771545,-0.25194166201582757,1.2885795191236549,1.8878190224902118,1.8613583625867074,1.2368957496175077
LEGACY_GROSS100,CORE_DDV10,SAME_DAY_GROSS,BASE,SELECTIVE_FILL_NO_ZERO_OVERRIDE,2022,251,-0.06508902137049521,-0.1302456592174085,-0.28082751286174623,-0.3620245462547836,-0.4997404271404347,0.925094238173993
LEGACY_GROSS100,CORE_DDV10,SAME_DAY_GROSS,BASE,SELECTIVE_FILL_NO_ZERO_OVERRIDE,2023,250,0.6634093945725432,-0.1240265431112737,2.315187083935243,3.528236670974188,5.348930784738134,1.5265087220643163
LEGACY_GROSS100,CORE_DDV10,SAME_DAY_GROSS,BASE,SELECTIVE_FILL_NO_ZERO_OVERRIDE,2024,252,0.6686755513926106,-0.20181996211054654,1.7194671591754458,2.5552165635762982,3.3132280097562634,1.354291162394387
LEGACY_GROSS100,CORE_DDV10,SAME_DAY_GROSS,BASE,SELECTIVE_FILL_NO_ZERO_OVERRIDE,2025,250,0.9098470098513327,-0.1432935608232545,2.2807192932635956,3.759532012879906,6.349531720923482,1.5167684773437722
LEGACY_GROSS100,CORE_DDV10,SAME_DAY_GROSS,BASE,SELECTIVE_FILL_NO_ZERO_OVERRIDE,2026,54,-0.2762348597048331,-0.20124115231744555,-0.5419912872866389,-0.7270682009989686,-1.3726559231239621,0.9094061022622034
LEGACY_GROSS100,CORE_DDV10,SAME_DAY_GROSS,ALL5,SELECTIVE_FILL_NO_ZERO_OVERRIDE,FULL,2568,0.483614140259637,-0.25508728308902184,1.5010509192384398,2.300417274833699,1.8958771068601743,1.3382421262584887
LEGACY_GROSS100,CORE_DDV10,SAME_DAY_GROSS,ALL5,SELECTIVE_FILL_NO_ZERO_OVERRIDE,2016_2020,1259,0.5347996854931159,-0.25508728308902184,1.6223117308522903,2.5903962977652766,2.096536052353807,1.384539910399804
LEGACY_GROSS100,CORE_DDV10,SAME_DAY_GROSS,ALL5,SELECTIVE_FILL_NO_ZERO_OVERRIDE,2021_2025,1255,0.4796576575507936,-0.2526963852309061,1.5176250757168956,2.269488699435403,1.8981579697410287,1.331382968084518
LEGACY_GROSS100,CORE_DDV10,SAME_DAY_GROSS,ALL5,SELECTIVE_FILL_NO_ZERO_OVERRIDE,2022_2025,1003,0.48518796418113186,-0.2170710038913921,1.6090387183755614,2.4302380307276557,2.2351578768387124,1.3715810464487301
LEGACY_GROSS100,CORE_DDV10,SAME_DAY_GROSS,ALL5,SELECTIVE_FILL_NO_ZERO_OVERRIDE,2022_2026_AVAILABLE,1057,0.43083308323210523,-0.2170710038913921,1.4260118102282797,2.118467215462067,1.9847564875484955,1.3220032839421028
LEGACY_GROSS100,CORE_DDV10,SAME_DAY_GROSS,ALL5,SELECTIVE_FILL_NO_ZERO_OVERRIDE,2016,252,0.34729000622037076,-0.15795898333640024,1.5120301153561344,2.3016849177574663,2.198608770991886,1.3317839642740374
LEGACY_GROSS100,CORE_DDV10,SAME_DAY_GROSS,ALL5,SELECTIVE_FILL_NO_ZERO_OVERRIDE,2017,251,0.4011351711078628,-0.11781172542583895,1.8544185168638767,2.6940021315523395,3.4048832546839534,1.3581173816490937
LEGACY_GROSS100,CORE_DDV10,SAME_DAY_GROSS,ALL5,SELECTIVE_FILL_NO_ZERO_OVERRIDE,2018,251,0.2714324402896571,-0.2550872830890213,0.8850771027654896,1.3271989204291001,1.0640767230835713,1.1973621490065582
LEGACY_GROSS100,CORE_DDV10,SAME_DAY_GROSS,ALL5,SELECTIVE_FILL_NO_ZERO_OVERRIDE,2019,252,0.429173045607268,-0.13625832967535967,1.6789569432711664,2.6741850630251696,3.149701354990833,1.3517447805330658
LEGACY_GROSS100,CORE_DDV10,SAME_DAY_GROSS,ALL5,SELECTIVE_FILL_NO_ZERO_OVERRIDE,2020,253,1.475335506618892,-0.20316877810251077,2.378531522190783,4.132956035164363,7.261625139441933,1.6338245194921346
LEGACY_GROSS100,CORE_DDV10,SAME_DAY_GROSS,ALL5,SELECTIVE_FILL_NO_ZERO_OVERRIDE,2021,252,0.4578494999418945,-0.2526963852309061,1.2667405271792362,1.854050522043951,1.8118561511021452,1.232380661789616
LEGACY_GROSS100,CORE_DDV10,SAME_DAY_GROSS,ALL5,SELECTIVE_FILL_NO_ZERO_OVERRIDE,2022,251,-0.06929410309098005,-0.1305859047332224,-0.30551650737437996,-0.39348166530742085,-0.5306399893046874,0.9188521961660692
LEGACY_GROSS100,CORE_DDV10,SAME_DAY_GROSS,ALL5,SELECTIVE_FILL_NO_ZERO_OVERRIDE,2023,250,0.6579240973241562,-0.12475260181969272,2.3010045009644506,3.504700857734513,5.273830667476309,1.5224777802291751
LEGACY_GROSS100,CORE_DDV10,SAME_DAY_GROSS,ALL5,SELECTIVE_FILL_NO_ZERO_OVERRIDE,2024,252,0.6591363391930174,-0.20332820686764752,1.702127380326178,2.528016309348073,3.24173585823274,1.3501651042623912
LEGACY_GROSS100,CORE_DDV10,SAME_DAY_GROSS,ALL5,SELECTIVE_FILL_NO_ZERO_OVERRIDE,2025,250,0.9023637855807198,-0.14355652766534832,2.267707875552309,3.735495520831577,6.285773278692449,1.5132954696164886
LEGACY_GROSS100,CORE_DDV10,SAME_DAY_GROSS,ALL5,SELECTIVE_FILL_NO_ZERO_OVERRIDE,2026,54,-0.2841381033992577,-0.20250723427477602,-0.5677016109256587,-0.7608607979122638,-1.4031010023756445,0.9053122455814683
LEGACY_GROSS100,CORE_DDV10,SAME_DAY_GROSS,ALL10,SELECTIVE_FILL_NO_ZERO_OVERRIDE,FULL,2568,0.4699569077265944,-0.25624394636078973,1.4695594698347354,2.2481244125419946,1.834021503340798,1.3298916965913952
LEGACY_GROSS100,CORE_DDV10,SAME_DAY_GROSS,ALL10,SELECTIVE_FILL_NO_ZERO_OVERRIDE,2016_2020,1259,0.5206845559950082,-0.25624394636078973,1.5909141095986388,2.534943024021499,2.0319877343049026,1.3755684477486276
LEGACY_GROSS100,CORE_DDV10,SAME_DAY_GROSS,ALL10,SELECTIVE_FILL_NO_ZERO_OVERRIDE,2021_2025,1255,0.46650287946887503,-0.254043262223572,1.4864716026136748,2.2194851465649115,1.8363127421121168,1.3234344716176678
LEGACY_GROSS100,CORE_DDV10,SAME_DAY_GROSS,ALL10,SELECTIVE_FILL_NO_ZERO_OVERRIDE,2022_2025,1003,0.47391774950384735,-0.21865054938904482,1.5807283098812133,2.384084887044512,2.167466538858797,1.3638226438461851
LEGACY_GROSS100,CORE_DDV10,SAME_DAY_GROSS,ALL10,SELECTIVE_FILL_NO_ZERO_OVERRIDE,2022_2026_AVAILABLE,1057,0.41930656060028104,-0.21865054938904482,1.397022215284021,2.0724539374602617,1.9177018387189555,1.3143898978667181
LEGACY_GROSS100,CORE_DDV10,SAME_DAY_GROSS,ALL10,SELECTIVE_FILL_NO_ZERO_OVERRIDE,2016,252,0.3337227067205273,-0.16115104185992324,1.465023384974247,2.2230775823013085,2.0708690609062765,1.319581047433569
LEGACY_GROSS100,CORE_DDV10,SAME_DAY_GROSS,ALL10,SELECTIVE_FILL_NO_ZERO_OVERRIDE,2017,251,0.38519978523786436,-0.11908185987507436,1.7948932356168315,2.599303308737849,3.234747808288914,1.344883307233842
LEGACY_GROSS100,CORE_DDV10,SAME_DAY_GROSS,ALL10,SELECTIVE_FILL_NO_ZERO_OVERRIDE,2018,251,0.2607860699063147,-0.25624394636078984,0.8603194105938268,1.2882001513780357,1.017725778930713,1.1912588480670006
LEGACY_GROSS100,CORE_DDV10,SAME_DAY_GROSS,ALL10,SELECTIVE_FILL_NO_ZERO_OVERRIDE,2019,252,0.4200038036783236,-0.13718286990853112,1.6501142682664531,2.623478617477746,3.0616344734467784,1.3445226751696393
LEGACY_GROSS100,CORE_DDV10,SAME_DAY_GROSS,ALL10,SELECTIVE_FILL_NO_ZERO_OVERRIDE,2020,253,1.4512081792595102,-0.20627079119591896,2.3557424968726166,4.084787828253346,7.035451654815886,1.6255565175897817
LEGACY_GROSS100,CORE_DDV10,SAME_DAY_GROSS,ALL10,SELECTIVE_FILL_NO_ZERO_OVERRIDE,2021,252,0.4373583750851542,-0.254043262223572,1.2259375658921254,1.7910803864115208,1.7215901388490864,1.2239988138050635
LEGACY_GROSS100,CORE_DDV10,SAME_DAY_GROSS,ALL10,SELECTIVE_FILL_NO_ZERO_OVERRIDE,2022,251,-0.07506306777887628,-0.13114043410264153,-0.33968684298227886,-0.4368616630662884,-0.5723869094418707,0.910294696209356
LEGACY_GROSS100,CORE_DDV10,SAME_DAY_GROSS,ALL10,SELECTIVE_FILL_NO_ZERO_OVERRIDE,2023,250,0.64612691800136,-0.12604039471198736,2.2711272070118587,3.4549338116564066,5.126347941688163,1.5141783502586852
LEGACY_GROSS100,CORE_DDV10,SAME_DAY_GROSS,ALL10,SELECTIVE_FILL_NO_ZERO_OVERRIDE,2024,252,0.6428531363937471,-0.2064849804735236,1.6720869597362185,2.480214720688628,3.1133166921851565,1.3428471851813826
LEGACY_GROSS100,CORE_DDV10,SAME_DAY_GROSS,ALL10,SELECTIVE_FILL_NO_ZERO_OVERRIDE,2025,250,0.8886490174856405,-0.14411949156641568,2.2440839489855553,3.6905943399568186,6.166057122648935,1.5067082804740306
LEGACY_GROSS100,CORE_DDV10,SAME_DAY_GROSS,ALL10,SELECTIVE_FILL_NO_ZERO_OVERRIDE,2026,54,-0.29609118947845336,-0.20417085896419063,-0.6069872610506483,-0.8122873401968045,-1.4502127824734508,0.8991513210977735
LEGACY_GROSS100,CORE_DDV10,SAME_DAY_GROSS,ALL20,SELECTIVE_FILL_NO_ZERO_OVERRIDE,FULL,2568,0.4430036177443195,-0.2585525933436166,1.4063717453048077,2.14371929920991,1.7133984695932536,1.3133142740891748
LEGACY_GROSS100,CORE_DDV10,SAME_DAY_GROSS,ALL20,SELECTIVE_FILL_NO_ZERO_OVERRIDE,2016_2020,1259,0.4928272488854297,-0.2585525933436166,1.5278760507299054,2.4242563693353416,1.9061005829110442,1.3578060193934387
LEGACY_GROSS100,CORE_DDV10,SAME_DAY_GROSS,ALL20,SELECTIVE_FILL_NO_ZERO_OVERRIDE,2021_2025,1255,0.44052898035872134,-0.2567313013029364,1.4239769108607514,2.1196008978911247,1.715914569524611,1.307606184694672
LEGACY_GROSS100,CORE_DDV10,SAME_DAY_GROSS,ALL20,SELECTIVE_FILL_NO_ZERO_OVERRIDE,2022_2025,1003,0.45162172642996623,-0.2218011642040546,1.5239399580790625,2.2918544618328065,2.036155797696712,1.3483314523950662
LEGACY_GROSS100,CORE_DDV10,SAME_DAY_GROSS,ALL20,SELECTIVE_FILL_NO_ZERO_OVERRIDE,2022_2026_AVAILABLE,1057,0.3965192961502899,-0.2218011642040546,1.338896832330789,1.9805466226845228,1.7877241428070079,1.2992177355111727
LEGACY_GROSS100,CORE_DDV10,SAME_DAY_GROSS,ALL20,SELECTIVE_FILL_NO_ZERO_OVERRIDE,2016,252,0.30698145435501223,-0.1675029965732442,1.3705203754566395,2.066482175679027,1.8326923137806563,1.295557217545895
LEGACY_GROSS100,CORE_DDV10,SAME_DAY_GROSS,ALL20,SELECTIVE_FILL_NO_ZERO_OVERRIDE,2017,251,0.3538528890791479,-0.12161800393743238,1.6752812041503529,2.4109461611751724,2.9095436335330014,1.3187763109082267
LEGACY_GROSS100,CORE_DDV10,SAME_DAY_GROSS,ALL20,SELECTIVE_FILL_NO_ZERO_OVERRIDE,2018,251,0.23974929755328,-0.2585525933436166,0.8106260552820267,1.2102817277131483,0.9272747739747209,1.179129856711101
LEGACY_GROSS100,CORE_DDV10,SAME_DAY_GROSS,ALL20,SELECTIVE_FILL_NO_ZERO_OVERRIDE,2019,252,0.40183276374156995,-0.13903002220260818,1.5923309415562308,2.522198103700343,2.8902589338292692,1.3301976067719312
LEGACY_GROSS100,CORE_DDV10,SAME_DAY_GROSS,ALL20,SELECTIVE_FILL_NO_ZERO_OVERRIDE,2020,253,1.4036286915307414,-0.21244210216392756,2.3099718380912773,3.988584130888516,6.607111665877104,1.6091746874306065
LEGACY_GROSS100,CORE_DDV10,SAME_DAY_GROSS,ALL20,SELECTIVE_FILL_NO_ZERO_OVERRIDE,2021,252,0.39721185103772694,-0.2567313013029364,1.144093042284827,1.6654292794527645,1.5471890222261095,1.2073875298390597
LEGACY_GROSS100,CORE_DDV10,SAME_DAY_GROSS,ALL20,SELECTIVE_FILL_NO_ZERO_OVERRIDE,2022,251,-0.08649898178625604,-0.13224910006560942,-0.4078970500793189,-0.52307367612012,-0.6540610238054057,0.8934877864784351
LEGACY_GROSS100,CORE_DDV10,SAME_DAY_GROSS,ALL20,SELECTIVE_FILL_NO_ZERO_OVERRIDE,2023,250,0.6227718787691909,-0.12861114997601986,2.211002127937929,3.355206584520396,4.842285283082451,1.4974932081046157
LEGACY_GROSS100,CORE_DDV10,SAME_DAY_GROSS,ALL20,SELECTIVE_FILL_NO_ZERO_OVERRIDE,2024,252,0.6107457180022959,-0.2127654302260199,1.6118595726427563,2.384664860917974,2.8705119875606817,1.3282621156812637
LEGACY_GROSS100,CORE_DDV10,SAME_DAY_GROSS,ALL20,SELECTIVE_FILL_NO_ZERO_OVERRIDE,2025,250,0.8615021139195163,-0.14524449812293827,2.1966644078196396,3.6008673625580547,5.931392411093748,1.4933379357173386
LEGACY_GROSS100,CORE_DDV10,SAME_DAY_GROSS,ALL20,SELECTIVE_FILL_NO_ZERO_OVERRIDE,2026,54,-0.31941650028657764,-0.2074895381057864,-0.6855008033982903,-0.9145715501783168,-1.5394342442640478,0.8869697406640161
LEGACY_GROSS100,CORE_DDV10,LAG1_GROSS,BASE,NATIVE_NO_FILL,FULL,2568,0.4669332561994306,-0.2595130184733616,1.4804624629892462,2.2518106828139164,1.7992671772162374,1.3308532939754592
LEGACY_GROSS100,CORE_DDV10,LAG1_GROSS,BASE,NATIVE_NO_FILL,2016_2020,1259,0.5153308971430683,-0.24917955436763595,1.5965467759738567,2.525359421223888,2.0681106780645275,1.3756638339322118
LEGACY_GROSS100,CORE_DDV10,LAG1_GROSS,BASE,NATIVE_NO_FILL,2021_2025,1255,0.4622919849790632,-0.2595130184733615,1.4973980848063253,2.2236693594490293,1.781382636210663,1.323625411331661
LEGACY_GROSS100,CORE_DDV10,LAG1_GROSS,BASE,NATIVE_NO_FILL,2022_2025,1003,0.44932380494608615,-0.2193436313353253,1.5455354393421286,2.301616402671413,2.0484925968020233,1.3503360951348922
LEGACY_GROSS100,CORE_DDV10,LAG1_GROSS,BASE,NATIVE_NO_FILL,2022_2026_AVAILABLE,1057,0.4004778840472034,-0.2193436313353253,1.370884390771503,2.0120315191862437,1.8258012854495238,1.304577131905062
LEGACY_GROSS100,CORE_DDV10,LAG1_GROSS,BASE,NATIVE_NO_FILL,2016,252,0.39237115155335256,-0.1411308355687434,1.6881657555366982,2.67223003464239,2.7801943492514263,1.3786467799356272
LEGACY_GROSS100,CORE_DDV10,LAG1_GROSS,BASE,NATIVE_NO_FILL,2017,251,0.38897477586996954,-0.13442362914734518,1.8256032117150478,2.6230424762721736,2.8936488200568093,1.3538481622495449
LEGACY_GROSS100,CORE_DDV10,LAG1_GROSS,BASE,NATIVE_NO_FILL,2018,251,0.324718437960376,-0.24917955436763584,1.0101052461058935,1.5216778874808323,1.3031504080840086,1.2293710924790606
LEGACY_GROSS100,CORE_DDV10,LAG1_GROSS,BASE,NATIVE_NO_FILL,2019,252,0.3783396951579747,-0.13457937186694668,1.5169435698441691,2.390147491821959,2.811275531379536,1.3136375695934719
LEGACY_GROSS100,CORE_DDV10,LAG1_GROSS,BASE,NATIVE_NO_FILL,2020,253,1.2570428365506525,-0.2478764009940565,2.2029063319781588,3.710278990450637,5.07124853963324,1.5643256927964804
LEGACY_GROSS100,CORE_DDV10,LAG1_GROSS,BASE,NATIVE_NO_FILL,2021,252,0.5150676895431883,-0.2595130184733615,1.386450998858023,2.049052067116525,1.9847470179846063,1.256886899383907
LEGACY_GROSS100,CORE_DDV10,LAG1_GROSS,BASE,NATIVE_NO_FILL,2022,251,-0.051442453418986345,-0.13121993851909608,-0.20788612180986416,-0.27346587260962124,-0.3920322932593058,0.9450742892713015
LEGACY_GROSS100,CORE_DDV10,LAG1_GROSS,BASE,NATIVE_NO_FILL,2023,250,0.6330787796346469,-0.1286732551421771,2.262242899456857,3.412876102753218,4.920049461211878,1.5150765645690651
LEGACY_GROSS100,CORE_DDV10,LAG1_GROSS,BASE,NATIVE_NO_FILL,2024,252,0.6308185895412759,-0.19808339397757535,1.665692079969397,2.4555400461085743,3.18461117246754,1.3397499156809445
LEGACY_GROSS100,CORE_DDV10,LAG1_GROSS,BASE,NATIVE_NO_FILL,2025,250,0.7478804091624238,-0.13472253498978737,2.056454488116108,3.249208128613062,5.5512643762167695,1.4425441030220878
LEGACY_GROSS100,CORE_DDV10,LAG1_GROSS,BASE,NATIVE_NO_FILL,2026,54,-0.2591612359338966,-0.20171287838552687,-0.4945822369310381,-0.6645382502430706,-1.2848026264271073,0.9172793878737342
LEGACY_GROSS100,CORE_DDV10,LAG1_GROSS,ALL5,NATIVE_NO_FILL,FULL,2568,0.4595636800625509,-0.2601458552322692,1.462936080281447,2.2232586307326008,1.7665616069578856,1.3262569507968403
LEGACY_GROSS100,CORE_DDV10,LAG1_GROSS,ALL5,NATIVE_NO_FILL,2016_2020,1259,0.5080077534426031,-0.24964854972473371,1.5794677183502186,2.4960878587172464,2.03489166671603,1.3708679469015495
LEGACY_GROSS100,CORE_DDV10,LAG1_GROSS,ALL5,NATIVE_NO_FILL,2021_2025,1255,0.45503350443617974,-0.26014585523226874,1.4798609102623543,2.1958250416461587,1.7491476234741754,1.31916877714915
LEGACY_GROSS100,CORE_DDV10,LAG1_GROSS,ALL5,NATIVE_NO_FILL,2022_2025,1003,0.44296652741463727,-0.2199593372662214,1.5289647116369767,2.2752199798722743,2.0138564378310777,1.3458617252806213
LEGACY_GROSS100,CORE_DDV10,LAG1_GROSS,ALL5,NATIVE_NO_FILL,2022_2026_AVAILABLE,1057,0.3938704996564446,-0.2199593372662214,1.3536966032085287,1.985268993679156,1.7906514201746975,1.3001363238254802
LEGACY_GROSS100,CORE_DDV10,LAG1_GROSS,ALL5,NATIVE_NO_FILL,2016,252,0.38408041562450723,-0.14290494681148946,1.659997572240229,2.623076578096068,2.6876635427544726,1.3709911200249105
LEGACY_GROSS100,CORE_DDV10,LAG1_GROSS,ALL5,NATIVE_NO_FILL,2017,251,0.3791758997511756,-0.1353390652158628,1.788317908872241,2.5654976033130876,2.8016737011327693,1.345651639359431
LEGACY_GROSS100,CORE_DDV10,LAG1_GROSS,ALL5,NATIVE_NO_FILL,2018,251,0.31877458655387514,-0.2496485497247335,0.9966502724663816,1.5002630961475343,1.276893404369307,1.2258961650970717
LEGACY_GROSS100,CORE_DDV10,LAG1_GROSS,ALL5,NATIVE_NO_FILL,2019,252,0.3740947923692428,-0.13495943041202385,1.5033314331540792,2.367051125412793,2.7719055365538487,1.3102470530528583
LEGACY_GROSS100,CORE_DDV10,LAG1_GROSS,ALL5,NATIVE_NO_FILL,2020,253,1.2489295940029725,-0.24927414335977238,2.1934930112189903,3.691763320218908,5.010265313400025,1.561137187321227
LEGACY_GROSS100,CORE_DDV10,LAG1_GROSS,ALL5,NATIVE_NO_FILL,2021,252,0.5040704562038503,-0.26014585523226874,1.365449657837754,2.0160647411755472,1.937645540244321,1.2524646327610758
LEGACY_GROSS100,CORE_DDV10,LAG1_GROSS,ALL5,NATIVE_NO_FILL,2022,251,-0.05566211122675502,-0.13155602360558083,-0.23302854996254713,-0.3062985867111058,-0.42310575906152376,0.9387031757936726
LEGACY_GROSS100,CORE_DDV10,LAG1_GROSS,ALL5,NATIVE_NO_FILL,2023,250,0.6275963624681216,-0.12938516279890777,2.2479151040743566,3.3894412590949927,4.850605346793439,1.5110184514541243
LEGACY_GROSS100,CORE_DDV10,LAG1_GROSS,ALL5,NATIVE_NO_FILL,2024,252,0.6213216207660439,-0.1996300455925618,1.647892947248075,2.4274099778728946,3.112365270076331,1.3354319447023482
LEGACY_GROSS100,CORE_DDV10,LAG1_GROSS,ALL5,NATIVE_NO_FILL,2025,250,0.7410584042259936,-0.13495655408574025,2.043340905190674,3.225742799335318,5.491088663653832,1.4391371010919278
LEGACY_GROSS100,CORE_DDV10,LAG1_GROSS,ALL5,NATIVE_NO_FILL,2026,54,-0.2672042354626668,-0.20297770573028973,-0.5203308725131371,-0.6984746535982547,-1.3164215966541628,0.9131591035635301
LEGACY_GROSS100,CORE_DDV10,LAG1_GROSS,ALL10,NATIVE_NO_FILL,FULL,2568,0.44704858687841664,-0.2611446965273089,1.4331306816297247,2.1743614576156425,1.7118807803614235,1.3184496375266919
LEGACY_GROSS100,CORE_DDV10,LAG1_GROSS,ALL10,NATIVE_NO_FILL,2016_2020,1259,0.4951225367960874,-0.25147751910410776,1.5496025162877483,2.4442615655841857,1.9688540691826788,1.3624431128508305
LEGACY_GROSS100,CORE_DDV10,LAG1_GROSS,ALL10,NATIVE_NO_FILL,2021_2025,1255,0.44302018574330093,-0.26114469652730876,1.4506533602335545,2.14933006667502,1.6964548452814274,1.311806756684851
LEGACY_GROSS100,CORE_DDV10,LAG1_GROSS,ALL10,NATIVE_NO_FILL,2022_2025,1003,0.4326558736820654,-0.22092490192407355,1.5019428954665062,2.231966490643772,1.9583843646143546,1.3386535351773388
LEGACY_GROSS100,CORE_DDV10,LAG1_GROSS,ALL10,NATIVE_NO_FILL,2022_2026_AVAILABLE,1057,0.38323186698053857,-0.22092490192407355,1.3258388702410908,1.9417338604886576,1.7346703048995624,1.292997221603249
LEGACY_GROSS100,CORE_DDV10,LAG1_GROSS,ALL10,NATIVE_NO_FILL,2016,252,0.3714613559373201,-0.1455334058707085,1.6168751272063793,2.5474871837906137,2.5524129921574525,1.3593136609949203
LEGACY_GROSS100,CORE_DDV10,LAG1_GROSS,ALL10,NATIVE_NO_FILL,2017,251,0.3646505157648854,-0.13625379999164,1.7326365318156836,2.479261603860537,2.6762594201942176,1.3334258393303036
LEGACY_GROSS100,CORE_DDV10,LAG1_GROSS,ALL10,NATIVE_NO_FILL,2018,251,0.30790276462739685,-0.2509095190017586,0.9720182397103264,1.461114668952626,1.2271466058856013,1.2195566764540227
LEGACY_GROSS100,CORE_DDV10,LAG1_GROSS,ALL10,NATIVE_NO_FILL,2019,252,0.3656577430297805,-0.13555715922331746,1.47625287068081,2.320628389252619,2.6974432418386276,1.3035806327537913
LEGACY_GROSS100,CORE_DDV10,LAG1_GROSS,ALL10,NATIVE_NO_FILL,2020,253,1.2293853513501714,-0.2514775191041072,2.1719776723000357,3.6485739729746802,4.88864911555465,1.553824446061899
LEGACY_GROSS100,CORE_DDV10,LAG1_GROSS,ALL10,NATIVE_NO_FILL,2021,252,0.4850202616092505,-0.26114469652730876,1.32869319141368,1.9584509059797746,1.857285512817337,1.2447346980806457
LEGACY_GROSS100,CORE_DDV10,LAG1_GROSS,ALL10,NATIVE_NO_FILL,2022,251,-0.06134824500895564,-0.13210617752210851,-0.26726126108181214,-0.35082735517095637,-0.4643858914068478,0.9301009147025484
LEGACY_GROSS100,CORE_DDV10,LAG1_GROSS,ALL10,NATIVE_NO_FILL,2023,250,0.6168661179730237,-0.1303576678129572,2.2200147649396444,3.3440860972531192,4.732104588263498,1.5033778507517177
LEGACY_GROSS100,CORE_DDV10,LAG1_GROSS,ALL10,NATIVE_NO_FILL,2024,252,0.6053578291736212,-0.2028328325736869,1.6175032660652022,2.3790607897298015,2.9845159755075725,1.328037214350933
LEGACY_GROSS100,CORE_DDV10,LAG1_GROSS,ALL10,NATIVE_NO_FILL,2025,250,0.730438787943084,-0.13532027668437108,2.022789203127072,3.188750028765477,5.397851717720044,1.433853536782536
LEGACY_GROSS100,CORE_DDV10,LAG1_GROSS,ALL10,NATIVE_NO_FILL,2026,54,-0.2793938661645171,-0.2046397672889112,-0.5597603195494708,-0.750243053641216,-1.3652960510361987,0.9069405391302899
LEGACY_GROSS100,CORE_DDV10,LAG1_GROSS,ALL20,NATIVE_NO_FILL,FULL,2568,0.4223260555124715,-0.2631394607298687,1.3733347999916583,2.0767074091442477,1.6049514365540904,1.3029376029422155
LEGACY_GROSS100,CORE_DDV10,LAG1_GROSS,ALL20,NATIVE_NO_FILL,2016_2020,1259,0.46966777269762017,-0.2558671292122511,1.4896916335028374,2.3408208760965556,1.8355924582559946,1.3457559131446373
LEGACY_GROSS100,CORE_DDV10,LAG1_GROSS,ALL20,NATIVE_NO_FILL,2021_2025,1255,0.41927757735466864,-0.2631394607298685,1.392029765888435,2.05639308640798,1.5933664080321541,1.2971262043066063
LEGACY_GROSS100,CORE_DDV10,LAG1_GROSS,ALL20,NATIVE_NO_FILL,2022_2025,1003,0.4122447762927961,-0.222852943098385,1.4477165770053175,2.1454915853683185,1.8498511644551112,1.3242454717213334
LEGACY_GROSS100,CORE_DDV10,LAG1_GROSS,ALL20,NATIVE_NO_FILL,2022_2026_AVAILABLE,1057,0.3621866741665225,-0.222852943098385,1.269962346990082,1.854743347746371,1.625227242373122,1.2787575830611995
LEGACY_GROSS100,CORE_DDV10,LAG1_GROSS,ALL20,NATIVE_NO_FILL,2016,252,0.3465534687010978,-0.15076951174099817,1.5301641281796854,2.396701966116152,2.2985646414802368,1.3363137116450443
LEGACY_GROSS100,CORE_DDV10,LAG1_GROSS,ALL20,NATIVE_NO_FILL,2017,251,0.3360407317486489,-0.13808116704717444,1.6207555643184401,2.3074564552925554,2.4336463757859392,1.3091959621471356
LEGACY_GROSS100,CORE_DDV10,LAG1_GROSS,ALL20,NATIVE_NO_FILL,2018,251,0.28641602519762643,-0.25342611802469994,0.9226317163711374,1.3829455166636462,1.1301756402617948,1.206993433542063
LEGACY_GROSS100,CORE_DDV10,LAG1_GROSS,ALL20,NATIVE_NO_FILL,2019,252,0.34893163571294417,-0.1367520593864,1.4219823045650175,2.2278682063256103,2.551564029664956,1.2903521401879103
LEGACY_GROSS100,CORE_DDV10,LAG1_GROSS,ALL20,NATIVE_NO_FILL,2020,253,1.1907829709751425,-0.2558671292122514,2.1288314540674205,3.562365899642548,4.6539114838285585,1.5393416159689477
LEGACY_GROSS100,CORE_DDV10,LAG1_GROSS,ALL20,NATIVE_NO_FILL,2021,252,0.44761806776099644,-0.2631394607298685,1.2549011551459477,1.8433541392237303,1.7010678159765191,1.2293909209250966
LEGACY_GROSS100,CORE_DDV10,LAG1_GROSS,ALL20,NATIVE_NO_FILL,2022,251,-0.07262243739973873,-0.13320618022956277,-0.33579559537808584,-0.43961243966370944,-0.5451881982846728,0.9131603202523744
LEGACY_GROSS100,CORE_DDV10,LAG1_GROSS,ALL20,NATIVE_NO_FILL,2023,250,0.5956065805463149,-0.13229987793600362,2.163859279583346,3.253167452624623,4.501943537955666,1.4879442384589772
LEGACY_GROSS100,CORE_DDV10,LAG1_GROSS,ALL20,NATIVE_NO_FILL,2024,252,0.5738823897712992,-0.20920441402264234,1.5565700310843185,2.282463254616963,2.7431657809533,1.3133218777951476
LEGACY_GROSS100,CORE_DDV10,LAG1_GROSS,ALL20,NATIVE_NO_FILL,2025,250,0.7093828571945402,-0.1360473580979653,1.9815218211544074,3.1147969787940673,5.214234712913176,1.4231036051897719
LEGACY_GROSS100,CORE_DDV10,LAG1_GROSS,ALL20,NATIVE_NO_FILL,2026,54,-0.3031831069878175,-0.20795533197878802,-0.6385643657855649,-0.8532016519332384,-1.4579241806540595,0.8946453800740112
LEGACY_GROSS100,CORE_DDV10,LAG1_GROSS,BASE,SELECTIVE_FILL_NO_ZERO_OVERRIDE,FULL,2568,0.46641492325902756,-0.27429210178726626,1.4648792204840935,2.2213843357176426,1.700431475131452,1.3277722004635117
LEGACY_GROSS100,CORE_DDV10,LAG1_GROSS,BASE,SELECTIVE_FILL_NO_ZERO_OVERRIDE,2016_2020,1259,0.51571640055631,-0.27429210178726626,1.5862868276883832,2.498843841644196,1.8801722586831393,1.3727823878567182
LEGACY_GROSS100,CORE_DDV10,LAG1_GROSS,BASE,SELECTIVE_FILL_NO_ZERO_OVERRIDE,2021_2025,1255,0.46086208430494136,-0.2573954743525063,1.4734831902493546,2.1832880848017227,1.7904824685215133,1.319782167771817
LEGACY_GROSS100,CORE_DDV10,LAG1_GROSS,BASE,SELECTIVE_FILL_NO_ZERO_OVERRIDE,2022_2025,1003,0.442795906439321,-0.22107947410722517,1.4979651061001271,2.221929276142223,2.002881127827189,1.3410924685276238
LEGACY_GROSS100,CORE_DDV10,LAG1_GROSS,BASE,SELECTIVE_FILL_NO_ZERO_OVERRIDE,2022_2026_AVAILABLE,1057,0.3944915601435559,-0.22107947410722517,1.3323202610441003,1.9499345415162583,1.7843879977397838,1.297098102845635
LEGACY_GROSS100,CORE_DDV10,LAG1_GROSS,BASE,SELECTIVE_FILL_NO_ZERO_OVERRIDE,2016,252,0.3843828490687182,-0.14100297072842682,1.6279802833152384,2.544773640876929,2.726062061550771,1.3692744603367382
LEGACY_GROSS100,CORE_DDV10,LAG1_GROSS,BASE,SELECTIVE_FILL_NO_ZERO_OVERRIDE,2017,251,0.38730172674545615,-0.1385322040514122,1.7732629982230725,2.5073372843850246,2.7957522902163627,1.345663843990533
LEGACY_GROSS100,CORE_DDV10,LAG1_GROSS,BASE,SELECTIVE_FILL_NO_ZERO_OVERRIDE,2018,251,0.2808329780261791,-0.2742921017872664,0.9056133281968938,1.3567301042317597,1.0238463892919005,1.2020960697231051
LEGACY_GROSS100,CORE_DDV10,LAG1_GROSS,BASE,SELECTIVE_FILL_NO_ZERO_OVERRIDE,2019,252,0.3962752247435406,-0.13457937186694668,1.566093866431867,2.475864182618405,2.9445465471136414,1.3251270451925852
LEGACY_GROSS100,CORE_DDV10,LAG1_GROSS,BASE,SELECTIVE_FILL_NO_ZERO_OVERRIDE,2020,253,1.322847008224585,-0.24743570160879003,2.2684803388053676,3.8286559307116934,5.346225300648334,1.586203391393825
LEGACY_GROSS100,CORE_DDV10,LAG1_GROSS,BASE,SELECTIVE_FILL_NO_ZERO_OVERRIDE,2021,252,0.5350384304620277,-0.2573954743525063,1.425613668684718,2.110484214001133,2.078662928351591,1.2652103027174102
LEGACY_GROSS100,CORE_DDV10,LAG1_GROSS,BASE,SELECTIVE_FILL_NO_ZERO_OVERRIDE,2022,251,-0.10577008640734131,-0.15118764922137085,-0.48765865198779224,-0.6121147025857547,-0.6995947549423923,0.8722011762569389
LEGACY_GROSS100,CORE_DDV10,LAG1_GROSS,BASE,SELECTIVE_FILL_NO_ZERO_OVERRIDE,2023,250,0.6218535408631667,-0.13923871979183877,2.2011468802453056,3.329644537363193,4.4660963688321385,1.4961173585717922
LEGACY_GROSS100,CORE_DDV10,LAG1_GROSS,BASE,SELECTIVE_FILL_NO_ZERO_OVERRIDE,2024,252,0.6295707638435262,-0.19808339397757535,1.6630572210815822,2.451129190003801,3.1783116757116887,1.339133961387636
LEGACY_GROSS100,CORE_DDV10,LAG1_GROSS,BASE,SELECTIVE_FILL_NO_ZERO_OVERRIDE,2025,250,0.8352432298727148,-0.15064042266570188,2.1507977610144953,3.4498443487526522,5.544615549348726,1.4779032941535586
LEGACY_GROSS100,CORE_DDV10,LAG1_GROSS,BASE,SELECTIVE_FILL_NO_ZERO_OVERRIDE,2026,54,-0.2591612359338966,-0.20171287838552687,-0.4945822369310381,-0.6645382502430706,-1.2848026264271073,0.9172793878737342
LEGACY_GROSS100,CORE_DDV10,LAG1_GROSS,ALL5,SELECTIVE_FILL_NO_ZERO_OVERRIDE,FULL,2568,0.4590478101895379,-0.274746203425869,1.4475626833486774,2.193255960261383,1.6708067462464373,1.3232325573718897
LEGACY_GROSS100,CORE_DDV10,LAG1_GROSS,ALL5,SELECTIVE_FILL_NO_ZERO_OVERRIDE,2016_2020,1259,0.5083920606097121,-0.274746203425869,1.5693652636419904,2.469965128196131,1.8504061358099333,1.3680408058784874
LEGACY_GROSS100,CORE_DDV10,LAG1_GROSS,ALL5,SELECTIVE_FILL_NO_ZERO_OVERRIDE,2021_2025,1255,0.4536097695467174,-0.25803069018392044,1.4562231265118624,2.1559380776865202,1.7579682836308776,1.3153898789179357
LEGACY_GROSS100,CORE_DDV10,LAG1_GROSS,ALL5,SELECTIVE_FILL_NO_ZERO_OVERRIDE,2022_2025,1003,0.43646651924540025,-0.22169185909695,1.481774880492828,2.196250592102382,1.9687981373033878,1.3367232033834249
LEGACY_GROSS100,CORE_DDV10,LAG1_GROSS,ALL5,SELECTIVE_FILL_NO_ZERO_OVERRIDE,2022_2026_AVAILABLE,1057,0.38791173728528916,-0.22169185909695,1.315483303382757,1.9238030160211892,1.749778899709836,1.2927494824024066
LEGACY_GROSS100,CORE_DDV10,LAG1_GROSS,ALL5,SELECTIVE_FILL_NO_ZERO_OVERRIDE,2016,252,0.3761372640258356,-0.14277732972663582,1.600373526221287,2.4973127813533598,2.6344326844184236,1.3617435182061055
LEGACY_GROSS100,CORE_DDV10,LAG1_GROSS,ALL5,SELECTIVE_FILL_NO_ZERO_OVERRIDE,2017,251,0.377517782519051,-0.13944175708986872,1.7371417191562157,2.4525351729787315,2.707351014486606,1.33773259680676
LEGACY_GROSS100,CORE_DDV10,LAG1_GROSS,ALL5,SELECTIVE_FILL_NO_ZERO_OVERRIDE,2018,251,0.2750846662435724,-0.27474620342586875,0.8922212275285211,1.3356452514476063,1.0012319108088967,1.1987470270704648
LEGACY_GROSS100,CORE_DDV10,LAG1_GROSS,ALL5,SELECTIVE_FILL_NO_ZERO_OVERRIDE,2019,252,0.39197611078787764,-0.13495943041202385,1.552570950475557,2.4527541691097356,2.90439956356659,1.3217202604661522
LEGACY_GROSS100,CORE_DDV10,LAG1_GROSS,ALL5,SELECTIVE_FILL_NO_ZERO_OVERRIDE,2020,253,1.3145019120522607,-0.24837250532543043,2.2590971410357263,3.8101679073783568,5.292461459572317,1.5828987055463464
LEGACY_GROSS100,CORE_DDV10,LAG1_GROSS,ALL5,SELECTIVE_FILL_NO_ZERO_OVERRIDE,2021,252,0.5238945117526985,-0.25803069018392044,1.4045919303641041,2.077327554255992,2.0303573632240193,1.2607531923145396
LEGACY_GROSS100,CORE_DDV10,LAG1_GROSS,ALL5,SELECTIVE_FILL_NO_ZERO_OVERRIDE,2022,251,-0.10975157118287959,-0.15154297648539705,-0.5110090786175568,-0.6409671292178449,-0.7242273692140094,0.8666162277762486
LEGACY_GROSS100,CORE_DDV10,LAG1_GROSS,ALL5,SELECTIVE_FILL_NO_ZERO_OVERRIDE,2023,250,0.6164055878522001,-0.13994373732412457,2.1869458781710103,3.3061976570806704,4.404667187246395,1.492186767168491
LEGACY_GROSS100,CORE_DDV10,LAG1_GROSS,ALL5,SELECTIVE_FILL_NO_ZERO_OVERRIDE,2024,252,0.6200810609290217,-0.1996300455925618,1.6452617581972182,2.4230146746058705,3.1061509758635544,1.334819084834612
LEGACY_GROSS100,CORE_DDV10,LAG1_GROSS,ALL5,SELECTIVE_FILL_NO_ZERO_OVERRIDE,2025,250,0.8280873160555002,-0.1508667494425434,2.1382561779036022,3.4268331314671356,5.488865632190689,1.4744767632698288
LEGACY_GROSS100,CORE_DDV10,LAG1_GROSS,ALL5,SELECTIVE_FILL_NO_ZERO_OVERRIDE,2026,54,-0.2672042354626668,-0.20297770573028973,-0.5203308725131371,-0.6984746535982547,-1.3164215966541628,0.9131591035635301
LEGACY_GROSS100,CORE_DDV10,LAG1_GROSS,ALL10,SELECTIVE_FILL_NO_ZERO_OVERRIDE,FULL,2568,0.4456010512175228,-0.2759651767532578,1.4158505637835488,2.141417038461399,1.6147002910296087,1.3149453859974056
LEGACY_GROSS100,CORE_DDV10,LAG1_GROSS,ALL10,SELECTIVE_FILL_NO_ZERO_OVERRIDE,2016_2020,1259,0.49452812165175053,-0.2759651767532578,1.5374358145327522,2.4149107255287197,1.7919946547962868,1.3590774119154647
LEGACY_GROSS100,CORE_DDV10,LAG1_GROSS,ALL10,SELECTIVE_FILL_NO_ZERO_OVERRIDE,2021_2025,1255,0.4406425884498093,-0.2591421438730904,1.4251290865178536,2.106497527097961,1.7003895308730834,1.3075533396899053
LEGACY_GROSS100,CORE_DDV10,LAG1_GROSS,ALL10,SELECTIVE_FILL_NO_ZERO_OVERRIDE,2022_2025,1003,0.4253076904954536,-0.2232200470950807,1.453032707273114,2.1503477520019967,1.905329274992463,1.3290624399957993
LEGACY_GROSS100,CORE_DDV10,LAG1_GROSS,ALL10,SELECTIVE_FILL_NO_ZERO_OVERRIDE,2022_2026_AVAILABLE,1057,0.3764987521711436,-0.2232200470950807,1.2860560770975737,1.877898934630103,1.6866708750884447,1.2852130215651738
LEGACY_GROSS100,CORE_DDV10,LAG1_GROSS,ALL10,SELECTIVE_FILL_NO_ZERO_OVERRIDE,2016,252,0.3617360555360942,-0.14573140644866922,1.5516542767174715,2.412664745634198,2.482210693983167,1.3485087119364678
LEGACY_GROSS100,CORE_DDV10,LAG1_GROSS,ALL10,SELECTIVE_FILL_NO_ZERO_OVERRIDE,2017,251,0.3621418010313373,-0.14066823672354523,1.6798986316706745,2.3654960574257955,2.5744390451346404,1.3251819439433072
LEGACY_GROSS100,CORE_DDV10,LAG1_GROSS,ALL10,SELECTIVE_FILL_NO_ZERO_OVERRIDE,2018,251,0.26431286511575625,-0.2759651767532575,0.867080851647051,1.296183906120301,0.9577761521413999,1.1924872680493022
LEGACY_GROSS100,CORE_DDV10,LAG1_GROSS,ALL10,SELECTIVE_FILL_NO_ZERO_OVERRIDE,2019,252,0.3829234164659423,-0.13555715922331746,1.5241559466945853,2.4037428627624235,2.8248114570998983,1.3146885857526591
LEGACY_GROSS100,CORE_DDV10,LAG1_GROSS,ALL10,SELECTIVE_FILL_NO_ZERO_OVERRIDE,2020,253,1.2928034209591925,-0.2499263334411701,2.235714465110108,3.763483356425455,5.172737915044491,1.574729913338254
LEGACY_GROSS100,CORE_DDV10,LAG1_GROSS,ALL10,SELECTIVE_FILL_NO_ZERO_OVERRIDE,2021,252,0.5033306707004279,-0.2591421438730904,1.365372543991334,2.0156828440827423,1.942295696013551,1.2524748604372724
LEGACY_GROSS100,CORE_DDV10,LAG1_GROSS,ALL10,SELECTIVE_FILL_NO_ZERO_OVERRIDE,2022,251,-0.1155092801663209,-0.15236189336488193,-0.5449717418184983,-0.6826103380908639,-0.7581244733530251,0.8585154050760939
LEGACY_GROSS100,CORE_DDV10,LAG1_GROSS,ALL10,SELECTIVE_FILL_NO_ZERO_OVERRIDE,2023,250,0.6046789742576733,-0.14120203358878092,2.156287342964928,3.2559328617454124,4.282367320704916,1.4838602373338114
LEGACY_GROSS100,CORE_DDV10,LAG1_GROSS,ALL10,SELECTIVE_FILL_NO_ZERO_OVERRIDE,2024,252,0.6040102470216855,-0.2028328325736869,1.6146361812239027,2.374310477392618,2.9778721687094487,1.3273767790388633
LEGACY_GROSS100,CORE_DDV10,LAG1_GROSS,ALL10,SELECTIVE_FILL_NO_ZERO_OVERRIDE,2025,250,0.8145310573527316,-0.1513938099813651,2.1144604754848126,3.3827316681924517,5.3802137448881915,1.468073423287889
LEGACY_GROSS100,CORE_DDV10,LAG1_GROSS,ALL10,SELECTIVE_FILL_NO_ZERO_OVERRIDE,2026,54,-0.2793938661645171,-0.2046397672889112,-0.5597603195494708,-0.750243053641216,-1.3652960510361987,0.9069405391302899
LEGACY_GROSS100,CORE_DDV10,LAG1_GROSS,ALL20,SELECTIVE_FILL_NO_ZERO_OVERRIDE,FULL,2568,0.41906386673442886,-0.27839777121590525,1.3522407352639774,2.0379448341513724,1.5052701927323733,1.2984952203740696
LEGACY_GROSS100,CORE_DDV10,LAG1_GROSS,ALL20,SELECTIVE_FILL_NO_ZERO_OVERRIDE,2016_2020,1259,0.4671664545177381,-0.27839777121590525,1.4733948094718914,2.3050767451414433,1.6780538596892625,1.3413390622257302
LEGACY_GROSS100,CORE_DDV10,LAG1_GROSS,ALL20,SELECTIVE_FILL_NO_ZERO_OVERRIDE,2021_2025,1255,0.4150407499137585,-0.26136125942197164,1.3627327763592911,2.0077432189012843,1.5879964415218442,1.2919441083419874
LEGACY_GROSS100,CORE_DDV10,LAG1_GROSS,ALL20,SELECTIVE_FILL_NO_ZERO_OVERRIDE,2022_2025,1003,0.40323835051449297,-0.2262683504632086,1.3953697400393155,2.058652732262544,1.7821244097506241,1.3137734946149169
LEGACY_GROSS100,CORE_DDV10,LAG1_GROSS,ALL20,SELECTIVE_FILL_NO_ZERO_OVERRIDE,2022_2026_AVAILABLE,1057,0.3539419530197505,-0.2262683504632086,1.227044283199368,1.786238797371362,1.5642574504793667,1.270199139614417
LEGACY_GROSS100,CORE_DDV10,LAG1_GROSS,ALL20,SELECTIVE_FILL_NO_ZERO_OVERRIDE,2016,252,0.33336784285124477,-0.15161292371941315,1.4537515614591492,2.2442337242964068,2.198808879038581,1.32250585213234
LEGACY_GROSS100,CORE_DDV10,LAG1_GROSS,ALL20,SELECTIVE_FILL_NO_ZERO_OVERRIDE,2017,251,0.3318856498034677,-0.14311725087351046,1.5648880333971507,2.1921837006624965,2.3189772566047546,1.3003077386281356
LEGACY_GROSS100,CORE_DDV10,LAG1_GROSS,ALL20,SELECTIVE_FILL_NO_ZERO_OVERRIDE,2018,251,0.24303105608263165,-0.2783977712159049,0.8166865699834142,1.2174095836005359,0.8729633682812589,1.1800810622479054
LEGACY_GROSS100,CORE_DDV10,LAG1_GROSS,ALL20,SELECTIVE_FILL_NO_ZERO_OVERRIDE,2019,252,0.36498611023092975,-0.1367520593864,1.4671769397978893,2.305818963316866,2.6689624409943447,1.3007359282405524
LEGACY_GROSS100,CORE_DDV10,LAG1_GROSS,ALL20,SELECTIVE_FILL_NO_ZERO_OVERRIDE,2020,253,1.2499894728715732,-0.2530262545389086,2.1888349892653594,3.6702794253359774,4.940157198901898,1.5585792056010677
LEGACY_GROSS100,CORE_DDV10,LAG1_GROSS,ALL20,SELECTIVE_FILL_NO_ZERO_OVERRIDE,2021,252,0.46300826344477586,-0.26136125942197164,1.2866386717320597,1.8925810171493933,1.7715259884681,1.2360500065961995
LEGACY_GROSS100,CORE_DDV10,LAG1_GROSS,ALL20,SELECTIVE_FILL_NO_ZERO_OVERRIDE,2022,251,-0.1269178822814161,-0.15400448799213518,-0.612834092174462,-0.7654657743276321,-0.8241180756232094,0.8425678725504435
LEGACY_GROSS100,CORE_DDV10,LAG1_GROSS,ALL20,SELECTIVE_FILL_NO_ZERO_OVERRIDE,2023,250,0.581468525625553,-0.14371386359960447,2.094626929852706,3.1552627592908067,4.0460155413089405,1.4671054673018726
LEGACY_GROSS100,CORE_DDV10,LAG1_GROSS,ALL20,SELECTIVE_FILL_NO_ZERO_OVERRIDE,2024,252,0.5723274416428896,-0.20920441402264234,1.553233608477634,2.27701350784051,2.735733107337526,1.31256850649129
LEGACY_GROSS100,CORE_DDV10,LAG1_GROSS,ALL20,SELECTIVE_FILL_NO_ZERO_OVERRIDE,2025,250,0.7877062334641749,-0.152447131046752,2.06665876290801,3.2946342333638214,5.167078108033425,1.4550880253355818
LEGACY_GROSS100,CORE_DDV10,LAG1_GROSS,ALL20,SELECTIVE_FILL_NO_ZERO_OVERRIDE,2026,54,-0.3031831069878175,-0.20795533197878802,-0.6385643657855649,-0.8532016519332384,-1.4579241806540595,0.8946453800740112
LEGACY_GROSS100,EARLY0,SAME_DAY_GROSS,BASE,NATIVE_NO_FILL,FULL,2568,0.4945790260348224,-0.2598512645230051,1.54432827317589,2.355405529052964,1.9033158331659241,1.348891207655199
LEGACY_GROSS100,EARLY0,SAME_DAY_GROSS,BASE,NATIVE_NO_FILL,2016_2020,1259,0.5460471802550777,-0.24694140570917977,1.6702860831548363,2.6491791299864444,2.2112418882807834,1.3982038761986304
LEGACY_GROSS100,EARLY0,SAME_DAY_GROSS,BASE,NATIVE_NO_FILL,2021_2025,1255,0.48354009510359997,-0.25985126452300544,1.5387710318268726,2.289419456111333,1.860834104429731,1.3357518865851972
LEGACY_GROSS100,EARLY0,SAME_DAY_GROSS,BASE,NATIVE_NO_FILL,2022_2025,1003,0.48622611238387203,-0.20377493436487537,1.630057070362915,2.4507680635911875,2.3860938240482765,1.375025117011222
LEGACY_GROSS100,EARLY0,SAME_DAY_GROSS,BASE,NATIVE_NO_FILL,2022_2026_AVAILABLE,1057,0.44051592742534207,-0.20377493436487537,1.4702776083566056,2.1803330587700356,2.1617768092937424,1.33119926230454
LEGACY_GROSS100,EARLY0,SAME_DAY_GROSS,BASE,NATIVE_NO_FILL,2016,252,0.2602502187488078,-0.1607428454421015,1.3074014734863093,1.950072322431993,1.6190469817367283,1.2762574249545404
LEGACY_GROSS100,EARLY0,SAME_DAY_GROSS,BASE,NATIVE_NO_FILL,2017,251,0.33807985788774597,-0.13459818829141112,1.6383465481056325,2.319870977662766,2.5117712368890723,1.3043827727063881
LEGACY_GROSS100,EARLY0,SAME_DAY_GROSS,BASE,NATIVE_NO_FILL,2018,251,0.3087075409306024,-0.23703221040789857,0.9711552701833808,1.457868269191722,1.302386457939032,1.2168237508098037
LEGACY_GROSS100,EARLY0,SAME_DAY_GROSS,BASE,NATIVE_NO_FILL,2019,252,0.47867246976518496,-0.12562841734209618,1.858706248217969,2.99383217900186,3.8102244690524256,1.4045970699241004
LEGACY_GROSS100,EARLY0,SAME_DAY_GROSS,BASE,NATIVE_NO_FILL,2020,253,1.697520913811089,-0.24694140570917977,2.602349529625612,4.458482873505735,6.874185027561724,1.7025901909892562
LEGACY_GROSS100,EARLY0,SAME_DAY_GROSS,BASE,NATIVE_NO_FILL,2021,252,0.4728973448904985,-0.25985126452300544,1.2965600388084773,1.8870044024276258,1.8198770198735417,1.2393740392047985
LEGACY_GROSS100,EARLY0,SAME_DAY_GROSS,BASE,NATIVE_NO_FILL,2022,251,-0.04240249473933999,-0.1305432257696888,-0.15712465284387667,-0.20732648357629205,-0.3248157419837985,0.9581284069359544
LEGACY_GROSS100,EARLY0,SAME_DAY_GROSS,BASE,NATIVE_NO_FILL,2023,250,0.6472228138164273,-0.12116541326057562,2.2725883671721876,3.4399074293007437,5.34164656728009,1.5199246806894624
LEGACY_GROSS100,EARLY0,SAME_DAY_GROSS,BASE,NATIVE_NO_FILL,2024,252,0.7182657775492538,-0.19421442934413746,1.7684112264815661,2.6567333719461477,3.69831314786877,1.3660557543724468
LEGACY_GROSS100,EARLY0,SAME_DAY_GROSS,BASE,NATIVE_NO_FILL,2025,250,0.8012476142762315,-0.1328961131539902,2.2186148262737655,3.526435047856232,6.029127528717149,1.487356675225565
LEGACY_GROSS100,EARLY0,SAME_DAY_GROSS,BASE,NATIVE_NO_FILL,2026,54,-0.19364387095462576,-0.19749170255864412,-0.32038671182755873,-0.4340296807362031,-0.9805164897858138,0.9458229268482647
LEGACY_GROSS100,EARLY0,SAME_DAY_GROSS,ALL5,NATIVE_NO_FILL,FULL,2568,0.4870282244494528,-0.2604552195050943,1.526735594471189,2.3267134735581956,1.8699115547574077,1.3442394438759069
LEGACY_GROSS100,EARLY0,SAME_DAY_GROSS,ALL5,NATIVE_NO_FILL,2016_2020,1259,0.5385493376588939,-0.2485924785714828,1.6532905021372974,2.6199294717999226,2.166394336440207,1.3933636649561796
LEGACY_GROSS100,EARLY0,SAME_DAY_GROSS,ALL5,NATIVE_NO_FILL,2021_2025,1255,0.47611933581018095,-0.26045521950509454,1.5210902868634626,2.2614682115665903,1.8280276230013044,1.3312585892720217
LEGACY_GROSS100,EARLY0,SAME_DAY_GROSS,ALL5,NATIVE_NO_FILL,2022_2025,1003,0.47968694245337673,-0.20470268167687544,1.6133689530211872,2.4240473070807744,2.343334921281421,1.3704866887563636
LEGACY_GROSS100,EARLY0,SAME_DAY_GROSS,ALL5,NATIVE_NO_FILL,2022_2026_AVAILABLE,1057,0.4336967141753685,-0.20470268167687544,1.452932789411637,2.153117755653344,2.1186665002267127,1.3266661900577483
LEGACY_GROSS100,EARLY0,SAME_DAY_GROSS,ALL5,NATIVE_NO_FILL,2016,252,0.2528213554359442,-0.16247618872032932,1.2765923192810302,1.9015433913273971,1.5560517355015402,1.2687580448413474
LEGACY_GROSS100,EARLY0,SAME_DAY_GROSS,ALL5,NATIVE_NO_FILL,2017,251,0.3287394838072528,-0.13551614454946204,1.6011661192797901,2.2635581359603587,2.4258326186904338,1.2967251234135957
LEGACY_GROSS100,EARLY0,SAME_DAY_GROSS,ALL5,NATIVE_NO_FILL,2018,251,0.3029827588785954,-0.2374116534467473,0.9583264636271568,1.4374776948079226,1.2761916042447177,1.2136453513552212
LEGACY_GROSS100,EARLY0,SAME_DAY_GROSS,ALL5,NATIVE_NO_FILL,2019,252,0.47414089882835975,-0.12621118940261422,1.8443871793621458,2.9685059695849842,3.7567263336363013,1.4007830886413188
LEGACY_GROSS100,EARLY0,SAME_DAY_GROSS,ALL5,NATIVE_NO_FILL,2020,253,1.6868941076733672,-0.2485924785714826,2.5926349968539055,4.438656332003629,6.785780959130274,1.6990036704647538
LEGACY_GROSS100,EARLY0,SAME_DAY_GROSS,ALL5,NATIVE_NO_FILL,2021,252,0.4620047417864548,-0.26045521950509454,1.2752516121654196,1.8543956889217026,1.7738356046937194,1.234973316506937
LEGACY_GROSS100,EARLY0,SAME_DAY_GROSS,ALL5,NATIVE_NO_FILL,2022,251,-0.046710028071505816,-0.13088317798997873,-0.1825087799785844,-0.24057901727982545,-0.3568833580361431,0.9515839005917609
LEGACY_GROSS100,EARLY0,SAME_DAY_GROSS,ALL5,NATIVE_NO_FILL,2023,250,0.6418004227577776,-0.12189453642856973,2.2585128722868317,3.4168248958702905,5.265210743336909,1.5158865630007146
LEGACY_GROSS100,EARLY0,SAME_DAY_GROSS,ALL5,NATIVE_NO_FILL,2024,252,0.7083218354432399,-0.195736248174603,1.7513331112108694,2.629651677653277,3.6187565770209007,1.361946310185173
LEGACY_GROSS100,EARLY0,SAME_DAY_GROSS,ALL5,NATIVE_NO_FILL,2025,250,0.794026551562208,-0.13345138496724795,2.20444728988718,3.5013283867844915,5.949931143517772,1.483724184895242
LEGACY_GROSS100,EARLY0,SAME_DAY_GROSS,ALL5,NATIVE_NO_FILL,2026,54,-0.20244738550445174,-0.19876459810182723,-0.34715047811472816,-0.469854805381126,-1.0185283870356925,0.9414292369193036
LEGACY_GROSS100,EARLY0,SAME_DAY_GROSS,ALL10,NATIVE_NO_FILL,FULL,2568,0.4742293834722364,-0.26142618526767747,1.4968603835906322,2.2775656384695475,1.8140087343839224,1.3362811053257573
LEGACY_GROSS100,EARLY0,SAME_DAY_GROSS,ALL10,NATIVE_NO_FILL,2016_2020,1259,0.525384824696951,-0.2510493079811469,1.6235023263645192,2.567928600297028,2.0927555185151356,1.3847567165837558
LEGACY_GROSS100,EARLY0,SAME_DAY_GROSS,ALL10,NATIVE_NO_FILL,2021_2025,1255,0.46385532186326084,-0.26142618526767714,1.4917718052951556,2.2148941587256843,1.7743261693097587,1.3238003469658792
LEGACY_GROSS100,EARLY0,SAME_DAY_GROSS,ALL10,NATIVE_NO_FILL,2022_2025,1003,0.4690693908397152,-0.20610648586261027,1.5862416882946717,2.3802625323421647,2.275859436817505,1.3630792053396001
LEGACY_GROSS100,EARLY0,SAME_DAY_GROSS,ALL10,NATIVE_NO_FILL,2022_2026_AVAILABLE,1057,0.4227088330094908,-0.20610648586261027,1.4248886946552637,2.1088389449205662,2.050924458977321,1.319302638600135
LEGACY_GROSS100,EARLY0,SAME_DAY_GROSS,ALL10,NATIVE_NO_FILL,2016,252,0.2414705410335416,-0.16504432769604394,1.2293110085508887,1.8263327114970973,1.4630647681406477,1.2572313392551697
LEGACY_GROSS100,EARLY0,SAME_DAY_GROSS,ALL10,NATIVE_NO_FILL,2017,251,0.31483923646858214,-0.13643339377440122,1.5453394722772316,2.1787717703385105,2.307640583867488,1.2851316214657227
LEGACY_GROSS100,EARLY0,SAME_DAY_GROSS,ALL10,NATIVE_NO_FILL,2018,251,0.2923854631841256,-0.2385574879375394,0.9343217655014225,1.3994750130904194,1.2256394285166174,1.2076729785992364
LEGACY_GROSS100,EARLY0,SAME_DAY_GROSS,ALL10,NATIVE_NO_FILL,2019,252,0.4652941295522559,-0.1271437087580778,1.8167779203507552,2.9191710631348795,3.65959223698274,1.3934258247328501
LEGACY_GROSS100,EARLY0,SAME_DAY_GROSS,ALL10,NATIVE_NO_FILL,2020,253,1.662377498536527,-0.2510493079811471,2.5709763455144494,4.393306638731339,6.621717111689332,1.690790804550785
LEGACY_GROSS100,EARLY0,SAME_DAY_GROSS,ALL10,NATIVE_NO_FILL,2021,252,0.4432852649425394,-0.26142618526767714,1.238268503739193,1.7978575685697433,1.695642173291305,1.2273693539377017
LEGACY_GROSS100,EARLY0,SAME_DAY_GROSS,ALL10,NATIVE_NO_FILL,2022,251,-0.052565520263460286,-0.13143733603768226,-0.21728408115324052,-0.2860196640811654,-0.3999283753620058,0.9427246597144397
LEGACY_GROSS100,EARLY0,SAME_DAY_GROSS,ALL10,NATIVE_NO_FILL,2023,250,0.6310921107509015,-0.12288650540418178,2.231269468452658,3.3720929083240794,5.1355688623026445,1.5083206448198263
LEGACY_GROSS100,EARLY0,SAME_DAY_GROSS,ALL10,NATIVE_NO_FILL,2024,252,0.6915594907199221,-0.19892151848466022,1.7221037239957342,2.582562774699809,3.476544397951856,1.354810547311332
LEGACY_GROSS100,EARLY0,SAME_DAY_GROSS,ALL10,NATIVE_NO_FILL,2025,250,0.7828972025473875,-0.13426732981585887,2.182666804129455,3.4621709156514062,5.8308838316893095,1.4778553290560685
LEGACY_GROSS100,EARLY0,SAME_DAY_GROSS,ALL10,NATIVE_NO_FILL,2026,54,-0.2157613673524269,-0.20043776876032626,-0.38807763468624723,-0.5244628525361047,-1.0764506544194465,0.9347896708167629
LEGACY_GROSS100,EARLY0,SAME_DAY_GROSS,ALL20,NATIVE_NO_FILL,FULL,2568,0.4489470857669926,-0.2633654793525302,1.436911899579126,2.179368374776995,1.70465425791833,1.320479947918578
LEGACY_GROSS100,EARLY0,SAME_DAY_GROSS,ALL20,NATIVE_NO_FILL,2016_2020,1259,0.4993783741587259,-0.255941490733822,1.5637058700604451,2.4640573567026602,1.9511427112772315,1.3676963819792753
LEGACY_GROSS100,EARLY0,SAME_DAY_GROSS,ALL20,NATIVE_NO_FILL,2021_2025,1255,0.43961854683467205,-0.2633654793525304,1.4329418908248746,2.1217907982201756,1.6692337504347576,1.3089601060470761
LEGACY_GROSS100,EARLY0,SAME_DAY_GROSS,ALL20,NATIVE_NO_FILL,2022_2025,1003,0.44805117038982845,-0.20890761620120457,1.5318191880644638,2.292714207218517,2.1447335359870188,1.3483334404827005
LEGACY_GROSS100,EARLY0,SAME_DAY_GROSS,ALL20,NATIVE_NO_FILL,2022_2026_AVAILABLE,1057,0.400973310054898,-0.20890761620120457,1.368650100152538,2.0203457498960473,1.9193810036523982,1.3046628900249566
LEGACY_GROSS100,EARLY0,SAME_DAY_GROSS,ALL20,NATIVE_NO_FILL,2016,252,0.2190642185770295,-0.17070472995562191,1.1343423858207564,1.6763218975967225,1.2832931965855874,1.2344920835877742
LEGACY_GROSS100,EARLY0,SAME_DAY_GROSS,ALL20,NATIVE_NO_FILL,2017,251,0.2874575914445825,-0.13826577252973582,1.4332540102641493,2.0100362163078267,2.0790220615355914,1.262226583892057
LEGACY_GROSS100,EARLY0,SAME_DAY_GROSS,ALL20,NATIVE_NO_FILL,2018,251,0.27143727013384944,-0.2408449430885461,0.8861385614445945,1.3235356235043296,1.1270208402675748,1.19580403171269
LEGACY_GROSS100,EARLY0,SAME_DAY_GROSS,ALL20,NATIVE_NO_FILL,2019,252,0.44775126366197493,-0.12900688761857182,1.7614500174073986,2.820499686330567,3.470754716490941,1.3788258300688792
LEGACY_GROSS100,EARLY0,SAME_DAY_GROSS,ALL20,NATIVE_NO_FILL,2020,253,1.6139850399052538,-0.2559414907338221,2.5274810006565067,4.302656932977752,6.306070325986302,1.6745210485416582
LEGACY_GROSS100,EARLY0,SAME_DAY_GROSS,ALL20,NATIVE_NO_FILL,2021,252,0.4065392522023741,-0.2633654793525304,1.1640426187448933,1.6849033782743088,1.5436315085858197,1.21225414612672
LEGACY_GROSS100,EARLY0,SAME_DAY_GROSS,ALL20,NATIVE_NO_FILL,2022,251,-0.06417421279872104,-0.13254526007109635,-0.28670917341868496,-0.3763377801071934,-0.48416829665805056,0.9253583661777646
LEGACY_GROSS100,EARLY0,SAME_DAY_GROSS,ALL20,NATIVE_NO_FILL,2023,250,0.609873716003503,-0.12486762817468644,2.1764401703980587,3.2824145006804213,4.884161931467988,1.4930771858002316
LEGACY_GROSS100,EARLY0,SAME_DAY_GROSS,ALL20,NATIVE_NO_FILL,2024,252,0.6585070598607099,-0.20525867917946006,1.6635001692100038,2.4884469563125293,3.208181317804201,1.3406610816065063
LEGACY_GROSS100,EARLY0,SAME_DAY_GROSS,ALL20,NATIVE_NO_FILL,2025,250,0.7608338627191156,-0.13589728787630784,2.1389308269445295,3.383823224493767,5.598594899197826,1.4660293091191268
LEGACY_GROSS100,EARLY0,SAME_DAY_GROSS,ALL20,NATIVE_NO_FILL,2026,54,-0.24174248591394187,-0.20377548285933778,-0.46988762216229313,-0.6331075623064006,-1.1863178166571293,0.9216698117551464
LEGACY_GROSS100,EARLY0,SAME_DAY_GROSS,BASE,SELECTIVE_FILL_NO_ZERO_OVERRIDE,FULL,2568,0.5177561779659154,-0.2652632246575741,1.5812387419059593,2.4271941767352896,1.951858116157195,1.3593786145549631
LEGACY_GROSS100,EARLY0,SAME_DAY_GROSS,BASE,SELECTIVE_FILL_NO_ZERO_OVERRIDE,2016_2020,1259,0.5774807061789009,-0.24252041689266446,1.720063421106122,2.74896788701789,2.3811632586566285,1.412306939947063
LEGACY_GROSS100,EARLY0,SAME_DAY_GROSS,BASE,SELECTIVE_FILL_NO_ZERO_OVERRIDE,2021_2025,1255,0.5003936862741749,-0.26526322465757457,1.5628680361311311,2.3381760931970534,1.8864042949041568,1.3433804574355164
LEGACY_GROSS100,EARLY0,SAME_DAY_GROSS,BASE,SELECTIVE_FILL_NO_ZERO_OVERRIDE,2022_2025,1003,0.5041129972518721,-0.1977261030657812,1.6511470034503066,2.5014410077073728,2.5495520795459137,1.3836716994452043
LEGACY_GROSS100,EARLY0,SAME_DAY_GROSS,BASE,SELECTIVE_FILL_NO_ZERO_OVERRIDE,2022_2026_AVAILABLE,1057,0.45696194919450095,-0.1977261030657812,1.4928876183981163,2.229441403441632,2.311085598255456,1.339254325738252
LEGACY_GROSS100,EARLY0,SAME_DAY_GROSS,BASE,SELECTIVE_FILL_NO_ZERO_OVERRIDE,2016,252,0.26489750625693476,-0.15770942375642139,1.2840395257289894,1.9058470675326944,1.679655533242344,1.2757366417781346
LEGACY_GROSS100,EARLY0,SAME_DAY_GROSS,BASE,SELECTIVE_FILL_NO_ZERO_OVERRIDE,2017,251,0.37429135532598656,-0.12769134086378953,1.7585173484530403,2.5131658906094083,2.931219554858065,1.3285762582522733
LEGACY_GROSS100,EARLY0,SAME_DAY_GROSS,BASE,SELECTIVE_FILL_NO_ZERO_OVERRIDE,2018,251,0.3139050208888574,-0.2425204168926648,0.9777976223247193,1.471514970366984,1.2943447191408473,1.2167441560101653
LEGACY_GROSS100,EARLY0,SAME_DAY_GROSS,BASE,SELECTIVE_FILL_NO_ZERO_OVERRIDE,2019,252,0.5052508337945179,-0.12562841734209618,1.9310610057642228,3.1241228513097967,4.021787780854388,1.423231204558941
LEGACY_GROSS100,EARLY0,SAME_DAY_GROSS,BASE,SELECTIVE_FILL_NO_ZERO_OVERRIDE,2020,253,1.8310834460087642,-0.20950358569489502,2.682524577568098,4.668773788305081,8.740105521035874,1.7334131174957894
LEGACY_GROSS100,EARLY0,SAME_DAY_GROSS,BASE,SELECTIVE_FILL_NO_ZERO_OVERRIDE,2021,252,0.4856811648877186,-0.26526322465757457,1.3210715582010293,1.9228163635626911,1.830940438557509,1.2438600793518504
LEGACY_GROSS100,EARLY0,SAME_DAY_GROSS,BASE,SELECTIVE_FILL_NO_ZERO_OVERRIDE,2022,251,-0.049930241115129226,-0.1305432257696889,-0.18751460306977366,-0.24273698644366873,-0.38248052184047243,0.949430026350817
LEGACY_GROSS100,EARLY0,SAME_DAY_GROSS,BASE,SELECTIVE_FILL_NO_ZERO_OVERRIDE,2023,250,0.6395918206043345,-0.12399384730473328,2.2310269414777393,3.392641654424391,5.158254498164273,1.5075189370431519
LEGACY_GROSS100,EARLY0,SAME_DAY_GROSS,BASE,SELECTIVE_FILL_NO_ZERO_OVERRIDE,2024,252,0.7182657775492538,-0.19421442934413746,1.7684112264815661,2.6567333719461477,3.69831314786877,1.3660557543724468
LEGACY_GROSS100,EARLY0,SAME_DAY_GROSS,BASE,SELECTIVE_FILL_NO_ZERO_OVERRIDE,2025,250,0.9137089991620941,-0.13141270360989366,2.3544796570671136,3.884514132356325,6.952973145385496,1.536738531895197
LEGACY_GROSS100,EARLY0,SAME_DAY_GROSS,BASE,SELECTIVE_FILL_NO_ZERO_OVERRIDE,2026,54,-0.19364387095462576,-0.19749170255864412,-0.32038671182755873,-0.4340296807362031,-0.9805164897858138,0.9458229268482647
LEGACY_GROSS100,EARLY0,SAME_DAY_GROSS,ALL5,SELECTIVE_FILL_NO_ZERO_OVERRIDE,FULL,2568,0.5100899715330605,-0.26586308300389005,1.5638890517935082,2.3986017379907936,1.9186190341650289,1.3547425348356879
LEGACY_GROSS100,EARLY0,SAME_DAY_GROSS,ALL5,SELECTIVE_FILL_NO_ZERO_OVERRIDE,2016_2020,1259,0.5698325706593317,-0.2428976037777717,1.7033370350871198,2.719763311045869,2.3459785596760128,1.4074937985825933
LEGACY_GROSS100,EARLY0,SAME_DAY_GROSS,ALL5,SELECTIVE_FILL_NO_ZERO_OVERRIDE,2021_2025,1255,0.49288999011946166,-0.26586308300389005,1.5454185294756886,2.3103759138686257,1.8539241497934853,1.3388961596257352
LEGACY_GROSS100,EARLY0,SAME_DAY_GROSS,ALL5,SELECTIVE_FILL_NO_ZERO_OVERRIDE,2022_2025,1003,0.49749645571461665,-0.19866196049945717,1.6347606736406257,2.474938163895143,2.5042361127608825,1.379149356831309
LEGACY_GROSS100,EARLY0,SAME_DAY_GROSS,ALL5,SELECTIVE_FILL_NO_ZERO_OVERRIDE,2022_2026_AVAILABLE,1057,0.45006610286000504,-0.19876459810182678,1.475819491148559,2.202414603844272,2.2643172232785482,1.3347349842576284
LEGACY_GROSS100,EARLY0,SAME_DAY_GROSS,ALL5,SELECTIVE_FILL_NO_ZERO_OVERRIDE,2016,252,0.25743856790207253,-0.15959555774057532,1.2543164522000443,1.8591534517621215,1.613068506082997,1.268450224556039
LEGACY_GROSS100,EARLY0,SAME_DAY_GROSS,ALL5,SELECTIVE_FILL_NO_ZERO_OVERRIDE,2017,251,0.36470227660735977,-0.1286171358508087,1.7219476196587966,2.456714008012691,2.8355652160564473,1.3209186696925501
LEGACY_GROSS100,EARLY0,SAME_DAY_GROSS,ALL5,SELECTIVE_FILL_NO_ZERO_OVERRIDE,2018,251,0.30815724150415424,-0.24289760377777192,0.965069397675558,1.451203010255835,1.2686713936712553,1.2136138380322146
LEGACY_GROSS100,EARLY0,SAME_DAY_GROSS,ALL5,SELECTIVE_FILL_NO_ZERO_OVERRIDE,2019,252,0.5006378557233617,-0.12621118940261422,1.9167722829570597,3.0986415683288513,3.966667758167819,1.4193692314856787
LEGACY_GROSS100,EARLY0,SAME_DAY_GROSS,ALL5,SELECTIVE_FILL_NO_ZERO_OVERRIDE,2020,253,1.8199478150876969,-0.21123187087954742,2.6730544739856725,4.6487856390410265,8.615876986316621,1.7297931910452393
LEGACY_GROSS100,EARLY0,SAME_DAY_GROSS,ALL5,SELECTIVE_FILL_NO_ZERO_OVERRIDE,2021,252,0.4746955349882229,-0.26586308300389005,1.299791726231924,1.8901937800131827,1.7854887170674887,1.23945297942543
LEGACY_GROSS100,EARLY0,SAME_DAY_GROSS,ALL5,SELECTIVE_FILL_NO_ZERO_OVERRIDE,2022,251,-0.054202136822913416,-0.13088317798997862,-0.21196349282768098,-0.2741358585743136,-0.41412607529336987,0.9430797320078687
LEGACY_GROSS100,EARLY0,SAME_DAY_GROSS,ALL5,SELECTIVE_FILL_NO_ZERO_OVERRIDE,2023,250,0.6341969581938174,-0.12472107042366776,2.217162729166219,3.36964947734684,5.084922347438967,1.503564403402921
LEGACY_GROSS100,EARLY0,SAME_DAY_GROSS,ALL5,SELECTIVE_FILL_NO_ZERO_OVERRIDE,2024,252,0.7083218354432399,-0.195736248174603,1.7513331112108694,2.629651677653277,3.6187565770209007,1.361946310185173
LEGACY_GROSS100,EARLY0,SAME_DAY_GROSS,ALL5,SELECTIVE_FILL_NO_ZERO_OVERRIDE,2025,250,0.9060374664979123,-0.1319472687866181,2.340808688672005,3.859013924760081,6.866663287764856,1.5329825444516154
LEGACY_GROSS100,EARLY0,SAME_DAY_GROSS,ALL5,SELECTIVE_FILL_NO_ZERO_OVERRIDE,2026,54,-0.20244738550445174,-0.19876459810182723,-0.34715047811472816,-0.469854805381126,-1.0185283870356925,0.9414292369193036
LEGACY_GROSS100,EARLY0,SAME_DAY_GROSS,ALL10,SELECTIVE_FILL_NO_ZERO_OVERRIDE,FULL,2568,0.4963074999385826,-0.26690385996840593,1.532658977377098,2.346640614192017,1.8594991469862283,1.3463403473835034
LEGACY_GROSS100,EARLY0,SAME_DAY_GROSS,ALL10,SELECTIVE_FILL_NO_ZERO_OVERRIDE,2016_2020,1259,0.5555012717754695,-0.2440326523696148,1.6720887184003406,2.6644120384969714,2.2763399339449895,1.3983685522481761
LEGACY_GROSS100,EARLY0,SAME_DAY_GROSS,ALL10,SELECTIVE_FILL_NO_ZERO_OVERRIDE,2021_2025,1255,0.4797558949291578,-0.26690385996840615,1.5147748351977657,2.2612480446409644,1.7974857875264423,1.3310251727423015
LEGACY_GROSS100,EARLY0,SAME_DAY_GROSS,ALL10,SELECTIVE_FILL_NO_ZERO_OVERRIDE,2022_2025,1003,0.48609978836462964,-0.20067224575627762,1.606530915409171,2.4287636065597424,2.422356846272664,1.3713293875456842
LEGACY_GROSS100,EARLY0,SAME_DAY_GROSS,ALL10,SELECTIVE_FILL_NO_ZERO_OVERRIDE,2022_2026_AVAILABLE,1057,0.43835458151801787,-0.20067224575627762,1.4467548685659914,2.155989693821142,2.184430536798858,1.3270052689022134
LEGACY_GROSS100,EARLY0,SAME_DAY_GROSS,ALL10,SELECTIVE_FILL_NO_ZERO_OVERRIDE,2016,252,0.2447642623707984,-0.16278097900950483,1.2035973526683248,1.778518324529056,1.5036416653846671,1.255939490091508
LEGACY_GROSS100,EARLY0,SAME_DAY_GROSS,ALL10,SELECTIVE_FILL_NO_ZERO_OVERRIDE,2017,251,0.3495240444624763,-0.12987257723212964,1.663484118820985,2.365825648317365,2.691284425947361,1.3085574629471224
LEGACY_GROSS100,EARLY0,SAME_DAY_GROSS,ALL10,SELECTIVE_FILL_NO_ZERO_OVERRIDE,2018,251,0.29724854262356404,-0.2440326523696149,0.9406652836615894,1.4124349733493828,1.2180687286607355,1.2076005315159315
LEGACY_GROSS100,EARLY0,SAME_DAY_GROSS,ALL10,SELECTIVE_FILL_NO_ZERO_OVERRIDE,2019,252,0.4910960266475912,-0.1271437087580778,1.8877201483600319,3.04622602299665,3.8625271469941334,1.411500158481823
LEGACY_GROSS100,EARLY0,SAME_DAY_GROSS,ALL10,SELECTIVE_FILL_NO_ZERO_OVERRIDE,2020,253,1.792474500473681,-0.21430311945075076,2.650549010252223,4.600424173512084,8.3642016274318,1.721088615926142
LEGACY_GROSS100,EARLY0,SAME_DAY_GROSS,ALL10,SELECTIVE_FILL_NO_ZERO_OVERRIDE,2021,252,0.4547734531526513,-0.26690385996840615,1.2607717537864795,1.8305121844572243,1.7038848865148806,1.2314321887883535
LEGACY_GROSS100,EARLY0,SAME_DAY_GROSS,ALL10,SELECTIVE_FILL_NO_ZERO_OVERRIDE,2022,251,-0.060063281707860794,-0.13143733603768204,-0.24577211633831253,-0.31741702901063645,-0.45697275613255833,0.9343823500891274
LEGACY_GROSS100,EARLY0,SAME_DAY_GROSS,ALL10,SELECTIVE_FILL_NO_ZERO_OVERRIDE,2023,250,0.6225838498960035,-0.1260100442588339,2.1877977020446906,3.32083517838439,4.940747807509459,1.4954037635392
LEGACY_GROSS100,EARLY0,SAME_DAY_GROSS,ALL10,SELECTIVE_FILL_NO_ZERO_OVERRIDE,2024,252,0.6915594907199221,-0.19892151848466022,1.7221037239957342,2.582562774699809,3.476544397951856,1.354810547311332
LEGACY_GROSS100,EARLY0,SAME_DAY_GROSS,ALL10,SELECTIVE_FILL_NO_ZERO_OVERRIDE,2025,250,0.8921028143109371,-0.1329040647673726,2.3161917785729567,3.8120078538946935,6.712381715882212,1.5258419877393954
LEGACY_GROSS100,EARLY0,SAME_DAY_GROSS,ALL10,SELECTIVE_FILL_NO_ZERO_OVERRIDE,2026,54,-0.2157613673524269,-0.20043776876032626,-0.38807763468624723,-0.5244628525361047,-1.0764506544194465,0.9347896708167629
LEGACY_GROSS100,EARLY0,SAME_DAY_GROSS,ALL20,SELECTIVE_FILL_NO_ZERO_OVERRIDE,FULL,2568,0.4691036865657867,-0.26898220078194124,1.469982958693925,2.2428554087625767,1.7439952725573844,1.3296707622999677
LEGACY_GROSS100,EARLY0,SAME_DAY_GROSS,ALL20,SELECTIVE_FILL_NO_ZERO_OVERRIDE,2016_2020,1259,0.5272142910846869,-0.24629834883449275,1.6093454827771136,2.5538864109385933,2.140551463619286,1.3803016429728265
LEGACY_GROSS100,EARLY0,SAME_DAY_GROSS,ALL20,SELECTIVE_FILL_NO_ZERO_OVERRIDE,2021_2025,1255,0.4538190898592416,-0.26898220078194124,1.4532839306093885,2.1630731311745084,1.6871714505271078,1.3153722447769696
LEGACY_GROSS100,EARLY0,SAME_DAY_GROSS,ALL20,SELECTIVE_FILL_NO_ZERO_OVERRIDE,2022_2025,1003,0.46355423360226533,-0.20525867917946072,1.5498927319903284,2.336471887099032,2.258390414745741,1.355771767694161
LEGACY_GROSS100,EARLY0,SAME_DAY_GROSS,ALL20,SELECTIVE_FILL_NO_ZERO_OVERRIDE,2022_2026_AVAILABLE,1057,0.4152022017324768,-0.20525867917946072,1.3884652394878338,2.063236170648044,2.022824093930076,1.3116449720434988
LEGACY_GROSS100,EARLY0,SAME_DAY_GROSS,ALL20,SELECTIVE_FILL_NO_ZERO_OVERRIDE,2016,252,0.21978355753899037,-0.16966486926667323,1.101749832259845,1.6179739308796766,1.2953981486499857,1.2313476972599726
LEGACY_GROSS100,EARLY0,SAME_DAY_GROSS,ALL20,SELECTIVE_FILL_NO_ZERO_OVERRIDE,2017,251,0.31965469533038804,-0.1323793802080685,1.5460444545468652,2.1851186636627937,2.414686447602095,1.2841566372945739
LEGACY_GROSS100,EARLY0,SAME_DAY_GROSS,ALL20,SELECTIVE_FILL_NO_ZERO_OVERRIDE,2018,251,0.27569229281704843,-0.24629834883449242,0.891681181346006,1.3349808208261462,1.1193428381540151,1.1956476698238456
LEGACY_GROSS100,EARLY0,SAME_DAY_GROSS,ALL20,SELECTIVE_FILL_NO_ZERO_OVERRIDE,2019,252,0.47218478262843555,-0.12900688761857182,1.8294790429232455,2.941386164206174,3.660151727902471,1.3958940420061787
LEGACY_GROSS100,EARLY0,SAME_DAY_GROSS,ALL20,SELECTIVE_FILL_NO_ZERO_OVERRIDE,2020,253,1.73829609618415,-0.22041321979876938,2.6053307930968317,4.503762062544602,7.886532839414813,1.7038443587307013
LEGACY_GROSS100,EARLY0,SAME_DAY_GROSS,ALL20,SELECTIVE_FILL_NO_ZERO_OVERRIDE,2021,252,0.4157092306165364,-0.26898220078194124,1.1824598934614063,1.711308395901637,1.5454897365255182,1.2154956068557692
LEGACY_GROSS100,EARLY0,SAME_DAY_GROSS,ALL20,SELECTIVE_FILL_NO_ZERO_OVERRIDE,2022,251,-0.07168194532798755,-0.13254526007109646,-0.3132840131373959,-0.40347517866455396,-0.5408110806039974,0.9173003179543684
LEGACY_GROSS100,EARLY0,SAME_DAY_GROSS,ALL20,SELECTIVE_FILL_NO_ZERO_OVERRIDE,2023,250,0.5995929163831919,-0.12858314796441495,2.1286994025806245,3.223016142226862,4.663075417543267,1.479002495097875
LEGACY_GROSS100,EARLY0,SAME_DAY_GROSS,ALL20,SELECTIVE_FILL_NO_ZERO_OVERRIDE,2024,252,0.6585070598607099,-0.20525867917946006,1.6635001692100038,2.4884469563125293,3.208181317804201,1.3406610816065063
LEGACY_GROSS100,EARLY0,SAME_DAY_GROSS,ALL20,SELECTIVE_FILL_NO_ZERO_OVERRIDE,2025,250,0.8645243846459554,-0.13481499139939868,2.266748779558644,3.7179837724034352,6.412672475605792,1.511497084420979
LEGACY_GROSS100,EARLY0,SAME_DAY_GROSS,ALL20,SELECTIVE_FILL_NO_ZERO_OVERRIDE,2026,54,-0.24174248591394187,-0.20377548285933778,-0.46988762216229313,-0.6331075623064006,-1.1863178166571293,0.9216698117551464
LEGACY_GROSS100,EARLY0,LAG1_GROSS,BASE,NATIVE_NO_FILL,FULL,2568,0.49153677805317986,-0.2783646280731552,1.5401589991215359,2.34031311017259,1.7658018601558898,1.3462093622297984
LEGACY_GROSS100,EARLY0,LAG1_GROSS,BASE,NATIVE_NO_FILL,2016_2020,1259,0.549956708499,-0.25417568564601667,1.6807874842942032,2.650153318528437,2.1636873216303987,1.398682334213569
LEGACY_GROSS100,EARLY0,LAG1_GROSS,BASE,NATIVE_NO_FILL,2021_2025,1255,0.47386712054046276,-0.27836462807315565,1.5191266596879986,2.256032646813641,1.7023251977831324,1.3298518328107234
LEGACY_GROSS100,EARLY0,LAG1_GROSS,BASE,NATIVE_NO_FILL,2022_2025,1003,0.470742440656557,-0.19991057942852808,1.5955285802546662,2.388382027219199,2.354765025454076,1.3648570998772798
LEGACY_GROSS100,EARLY0,LAG1_GROSS,BASE,NATIVE_NO_FILL,2022_2026_AVAILABLE,1057,0.4259980779649666,-0.19991057942852808,1.4385403964486296,2.123835697598722,2.1309431405918624,1.3220369259247708
LEGACY_GROSS100,EARLY0,LAG1_GROSS,BASE,NATIVE_NO_FILL,2016,252,0.28426553411436006,-0.14150169926360723,1.4036561833307815,2.1001810991830276,2.0089195790136367,1.3006786820851497
LEGACY_GROSS100,EARLY0,LAG1_GROSS,BASE,NATIVE_NO_FILL,2017,251,0.35403639223358074,-0.14592962839281454,1.6844099861904496,2.377808014471542,2.426076158301334,1.3163322261982056
LEGACY_GROSS100,EARLY0,LAG1_GROSS,BASE,NATIVE_NO_FILL,2018,251,0.3567875609660307,-0.23812782236084762,1.0754514164893534,1.6210214100274294,1.4983027074651183,1.241770190429325
LEGACY_GROSS100,EARLY0,LAG1_GROSS,BASE,NATIVE_NO_FILL,2019,252,0.4447419334499967,-0.12411005027870059,1.7457685141838983,2.784215051284988,3.5834481772530715,1.3773952406633707
LEGACY_GROSS100,EARLY0,LAG1_GROSS,BASE,NATIVE_NO_FILL,2020,253,1.6160507541335338,-0.254175685646017,2.549389665213613,4.311903522354517,6.358006864528184,1.6715326226333358
LEGACY_GROSS100,EARLY0,LAG1_GROSS,BASE,NATIVE_NO_FILL,2021,252,0.48636977572675333,-0.27836462807315565,1.3236355469284935,1.9338970641258173,1.7472398669809903,1.2438711788534835
LEGACY_GROSS100,EARLY0,LAG1_GROSS,BASE,NATIVE_NO_FILL,2022,251,-0.037442148060480296,-0.1326234781055332,-0.12258357557991262,-0.16204577877967385,-0.28231915340575103,0.9672402285033855
LEGACY_GROSS100,EARLY0,LAG1_GROSS,BASE,NATIVE_NO_FILL,2023,250,0.6017921960235095,-0.12903299851706318,2.159673067630984,3.248011825087586,4.663862755572011,1.4895175472260687
LEGACY_GROSS100,EARLY0,LAG1_GROSS,BASE,NATIVE_NO_FILL,2024,252,0.6853132670870579,-0.1896909131426332,1.728043214301451,2.5771857424205558,3.6127891195913753,1.3550055544088624
LEGACY_GROSS100,EARLY0,LAG1_GROSS,BASE,NATIVE_NO_FILL,2025,250,0.8017566446808686,-0.12021215086763137,2.218994166276262,3.530094980500726,6.669514178842895,1.4864076948905616
LEGACY_GROSS100,EARLY0,LAG1_GROSS,BASE,NATIVE_NO_FILL,2026,54,-0.19666281477000158,-0.1984959885593125,-0.3369022212212952,-0.4537184428900707,-0.9907646809257148,0.9434216536061663
LEGACY_GROSS100,EARLY0,LAG1_GROSS,ALL5,NATIVE_NO_FILL,FULL,2568,0.4840696038080694,-0.2789145258483363,1.5226770276019421,2.3118306333287797,1.7355482018576869,1.341582274298688
LEGACY_GROSS100,EARLY0,LAG1_GROSS,ALL5,NATIVE_NO_FILL,2016_2020,1259,0.542499811891801,-0.2555620007126994,1.6637209932633124,2.6209839663530308,2.1227718141934355,1.3937949556530622
LEGACY_GROSS100,EARLY0,LAG1_GROSS,ALL5,NATIVE_NO_FILL,2021_2025,1255,0.4665716034148828,-0.2789145258483364,1.501732233798323,2.2283902307532446,1.6728121348136147,1.3254362038179366
LEGACY_GROSS100,EARLY0,LAG1_GROSS,ALL5,NATIVE_NO_FILL,2022_2025,1003,0.4642614174472217,-0.20054419705220394,1.5789646602173277,2.361744334437768,2.3150079846307854,1.3603460227020376
LEGACY_GROSS100,EARLY0,LAG1_GROSS,ALL5,NATIVE_NO_FILL,2022_2026_AVAILABLE,1057,0.41924303900081705,-0.20054419705220394,1.4212717340763592,2.0966748277400544,2.090526902115663,1.3175291328339298
LEGACY_GROSS100,EARLY0,LAG1_GROSS,ALL5,NATIVE_NO_FILL,2016,252,0.27660683479502257,-0.1432749968342908,1.372487749300236,2.050061756729295,1.9306008787767828,1.2928694143172568
LEGACY_GROSS100,EARLY0,LAG1_GROSS,ALL5,NATIVE_NO_FILL,2017,251,0.3445591132461945,-0.14683305278038072,1.647761000381154,2.3222644100807077,2.346604573845877,1.3085872486096966
LEGACY_GROSS100,EARLY0,LAG1_GROSS,ALL5,NATIVE_NO_FILL,2018,251,0.3507626318130095,-0.2385626166808229,1.0622652347481216,1.5999070661954526,1.4703168362807697,1.238377118602376
LEGACY_GROSS100,EARLY0,LAG1_GROSS,ALL5,NATIVE_NO_FILL,2019,252,0.4403345457886161,-0.12445543133724413,1.7320941000647927,2.760698137435501,3.5380902308346505,1.3736911679324244
LEGACY_GROSS100,EARLY0,LAG1_GROSS,ALL5,NATIVE_NO_FILL,2020,253,1.6066126838850954,-0.25556200071269874,2.5399926146871397,4.293287215334669,6.2865867359179095,1.6681529258235157
LEGACY_GROSS100,EARLY0,LAG1_GROSS,ALL5,NATIVE_NO_FILL,2021,252,0.4758026903408401,-0.2789145258483364,1.3031911047416596,1.9023393525050638,1.7059086072826637,1.2396622449464172
LEGACY_GROSS100,EARLY0,LAG1_GROSS,ALL5,NATIVE_NO_FILL,2022,251,-0.04171980411707443,-0.1329589998116183,-0.1474986601406741,-0.19481500749023598,-0.3137794671754807,0.9607414244867388
LEGACY_GROSS100,EARLY0,LAG1_GROSS,ALL5,NATIVE_NO_FILL,2023,250,0.5964227488313107,-0.12974580565838967,2.1455284611371876,3.225027301532427,4.596855719572502,1.4855519616306452
LEGACY_GROSS100,EARLY0,LAG1_GROSS,ALL5,NATIVE_NO_FILL,2024,252,0.6755094162141568,-0.1912529589115215,1.7107145413230562,2.5494017058978384,3.5320207334761538,1.350759857325252
LEGACY_GROSS100,EARLY0,LAG1_GROSS,ALL5,NATIVE_NO_FILL,2025,250,0.7945495780090175,-0.12045228151493237,2.20508871088688,3.5045760506636983,6.596384626475654,1.4826922041952117
LEGACY_GROSS100,EARLY0,LAG1_GROSS,ALL5,NATIVE_NO_FILL,2026,54,-0.20538266452482812,-0.19976678107861623,-0.36378788533408635,-0.48946181233143804,-1.0281121987143689,0.9390434884847698
LEGACY_GROSS100,EARLY0,LAG1_GROSS,ALL10,NATIVE_NO_FILL,FULL,2568,0.4713738632132838,-0.279821552959976,1.492914271332983,2.2629692530647083,1.6845516659708706,1.3337033538733645
LEGACY_GROSS100,EARLY0,LAG1_GROSS,ALL10,NATIVE_NO_FILL,2016_2020,1259,0.529360321798255,-0.25774750730466534,1.6338418565688504,2.5691511372606235,2.0537941465813483,1.3851866212855897
LEGACY_GROSS100,EARLY0,LAG1_GROSS,ALL10,NATIVE_NO_FILL,2021_2025,1255,0.45448380023551516,-0.279821552959976,1.4727344016229422,2.1822164338826466,1.6241915443179666,1.318125180212247
LEGACY_GROSS100,EARLY0,LAG1_GROSS,ALL10,NATIVE_NO_FILL,2022_2025,1003,0.45376984860720926,-0.20153627656608453,1.552008869424518,2.318209545043706,2.2515541933137597,1.3530729166690936
LEGACY_GROSS100,EARLY0,LAG1_GROSS,ALL10,NATIVE_NO_FILL,2022_2026_AVAILABLE,1057,0.4083846221540166,-0.20153627656608453,1.3933317860036967,2.0525875526265684,2.026357880141274,1.3102784434208172
LEGACY_GROSS100,EARLY0,LAG1_GROSS,ALL10,NATIVE_NO_FILL,2016,252,0.2649522548293386,-0.14590268019779074,1.3248822762728816,1.973090751047049,1.8159519377585123,1.2809535805879038
LEGACY_GROSS100,EARLY0,LAG1_GROSS,ALL10,NATIVE_NO_FILL,2017,251,0.3304680825742452,-0.147735784919227,1.5926475304766947,2.2385963759018677,2.2368858212309575,1.2970063563094743
LEGACY_GROSS100,EARLY0,LAG1_GROSS,ALL10,NATIVE_NO_FILL,2018,251,0.3396891367540331,-0.23980134993406388,1.0380110297456067,1.5611298959657804,1.4165438887121966,1.2321559881096042
LEGACY_GROSS100,EARLY0,LAG1_GROSS,ALL10,NATIVE_NO_FILL,2019,252,0.43157058364678047,-0.12502020484397602,1.7048357463689892,2.7129797546907835,3.4520066911214573,1.3663997840582593
LEGACY_GROSS100,EARLY0,LAG1_GROSS,ALL10,NATIVE_NO_FILL,2020,253,1.583934751611158,-0.25774750730466567,2.5186889148398612,4.249738214162025,6.145296100725806,1.6603934139701562
LEGACY_GROSS100,EARLY0,LAG1_GROSS,ALL10,NATIVE_NO_FILL,2021,252,0.45732891774308415,-0.279821552959976,1.2670834549867878,1.8467360358962726,1.6343591582042922,1.2322457998262002
LEGACY_GROSS100,EARLY0,LAG1_GROSS,ALL10,NATIVE_NO_FILL,2022,251,-0.04748570952617692,-0.13350832466995022,-0.18139029564391185,-0.23924875453511912,-0.35567601978054714,0.9519792247279878
LEGACY_GROSS100,EARLY0,LAG1_GROSS,ALL10,NATIVE_NO_FILL,2023,250,0.5859087773414102,-0.13071909890697098,2.1179755071638935,3.180427923249582,4.4821971864905885,1.4780689834810394
LEGACY_GROSS100,EARLY0,LAG1_GROSS,ALL10,NATIVE_NO_FILL,2024,252,0.6590205889481262,-0.19448771329894765,1.6811063077067514,2.501583380557754,3.388494716553861,1.3435288357861088
LEGACY_GROSS100,EARLY0,LAG1_GROSS,ALL10,NATIVE_NO_FILL,2025,250,0.7834329991852786,-0.12082428637982656,2.1835687979062226,3.4649984275310572,6.48406891245736,1.4768776552729073
LEGACY_GROSS100,EARLY0,LAG1_GROSS,ALL10,NATIVE_NO_FILL,2026,54,-0.21859737205147722,-0.20143727262589195,-0.40498163175206076,-0.5440534350531149,-1.0851883030478422,0.9324163453443105
LEGACY_GROSS100,EARLY0,LAG1_GROSS,ALL20,NATIVE_NO_FILL,FULL,2568,0.44629367401972764,-0.28163319850048196,1.4331970556665763,2.165368803747574,1.5846628749591958,1.3180529411602018
LEGACY_GROSS100,EARLY0,LAG1_GROSS,ALL20,NATIVE_NO_FILL,2016_2020,1259,0.5034021182123629,-0.2621015142293851,1.5738935567990464,2.4656555858844684,1.9206379623270593,1.3681261300196148
LEGACY_GROSS100,EARLY0,LAG1_GROSS,ALL20,NATIVE_NO_FILL,2021_2025,1255,0.43059345841879293,-0.28163319850048196,1.4145300135248897,2.0899279148497514,1.5289158405735894,1.3035624225176046
LEGACY_GROSS100,EARLY0,LAG1_GROSS,ALL20,NATIVE_NO_FILL,2022_2025,1003,0.43300121612425135,-0.2035172545380839,1.4979092689502211,2.2311802632134494,2.1275897078457513,1.338583208504287
LEGACY_GROSS100,EARLY0,LAG1_GROSS,ALL20,NATIVE_NO_FILL,2022_2026_AVAILABLE,1057,0.38690524582439356,-0.20476964610055048,1.3372816426551937,1.9644915476542588,1.8894658128891177,1.2958530133793698
LEGACY_GROSS100,EARLY0,LAG1_GROSS,ALL20,NATIVE_NO_FILL,2016,252,0.24194860589747003,-0.15172313702063,1.2292648648521505,1.8197335582065348,1.5946717860478454,1.257538128840261
LEGACY_GROSS100,EARLY0,LAG1_GROSS,ALL20,NATIVE_NO_FILL,2017,251,0.30271140122439677,-0.1495391738155527,1.4819334791486605,2.072021020604391,2.02429499575658,1.2740507507738228
LEGACY_GROSS100,EARLY0,LAG1_GROSS,ALL20,NATIVE_NO_FILL,2018,251,0.3178022175647306,-0.24227382713268675,0.9893770975342665,1.483699297923539,1.3117480386797167,1.219823862735872
LEGACY_GROSS100,EARLY0,LAG1_GROSS,ALL20,NATIVE_NO_FILL,2019,252,0.41419480465650715,-0.12614933235416548,1.6501766050125164,2.617506654933023,3.2833689796601635,1.351862238678522
LEGACY_GROSS100,EARLY0,LAG1_GROSS,ALL20,NATIVE_NO_FILL,2020,253,1.5391434737584175,-0.262101514229385,2.4759431945645627,4.162711717983651,5.872318129422922,1.64502396224068
LEGACY_GROSS100,EARLY0,LAG1_GROSS,ALL20,NATIVE_NO_FILL,2021,252,0.42105022891829935,-0.28163319850048196,1.1946050155614214,1.7356536117304366,1.495030526088986,1.2174823627525881
LEGACY_GROSS100,EARLY0,LAG1_GROSS,ALL20,NATIVE_NO_FILL,2022,251,-0.05891813648771227,-0.13460666999361126,-0.24927931076408075,-0.32788861669772373,-0.43770592118881374,0.9346981819267475
LEGACY_GROSS100,EARLY0,LAG1_GROSS,ALL20,NATIVE_NO_FILL,2023,250,0.5650775376022414,-0.13266287570648394,2.0625237848505504,3.091031508074024,4.259500139680925,1.4629631715715465
LEGACY_GROSS100,EARLY0,LAG1_GROSS,ALL20,NATIVE_NO_FILL,2024,252,0.6265097043825738,-0.2009229064829542,1.6217441384778,2.4060743929580704,3.1181596730272534,1.3292123049082663
LEGACY_GROSS100,EARLY0,LAG1_GROSS,ALL20,NATIVE_NO_FILL,2025,250,0.7613948033558102,-0.12156791314411552,2.1403409839450633,3.385839639956031,6.263123086214344,1.465159974014064
LEGACY_GROSS100,EARLY0,LAG1_GROSS,ALL20,NATIVE_NO_FILL,2026,54,-0.24438730517614649,-0.20476964610055026,-0.48732399662013726,-0.6526538975097137,-1.1934742762418133,0.9193207054671598
LEGACY_GROSS100,EARLY0,LAG1_GROSS,BASE,SELECTIVE_FILL_NO_ZERO_OVERRIDE,FULL,2568,0.49190724365340643,-0.27453112723696416,1.5266185623406774,2.3128625690498334,1.791808632428089,1.3435278424555592
LEGACY_GROSS100,EARLY0,LAG1_GROSS,BASE,SELECTIVE_FILL_NO_ZERO_OVERRIDE,2016_2020,1259,0.5518055591522237,-0.2626580073735184,1.6741866606127207,2.62824103135906,2.1008518440769137,1.3961048735906134
LEGACY_GROSS100,EARLY0,LAG1_GROSS,BASE,SELECTIVE_FILL_NO_ZERO_OVERRIDE,2021_2025,1255,0.47285380765637886,-0.2745311272369645,1.4965469322605114,2.2184516333278848,1.7224050781251847,1.3265486345220994
LEGACY_GROSS100,EARLY0,LAG1_GROSS,BASE,SELECTIVE_FILL_NO_ZERO_OVERRIDE,2022_2025,1003,0.4630789846614296,-0.20174795155722736,1.544911978901123,2.3036279440060428,2.295334257855271,1.3549197083359588
LEGACY_GROSS100,EARLY0,LAG1_GROSS,BASE,SELECTIVE_FILL_NO_ZERO_OVERRIDE,2022_2026_AVAILABLE,1057,0.41894642655498826,-0.20174795155722736,1.3963581847126894,2.0557444633959774,2.0765832977300436,1.3138242907581257
LEGACY_GROSS100,EARLY0,LAG1_GROSS,BASE,SELECTIVE_FILL_NO_ZERO_OVERRIDE,2016,252,0.2771351120620975,-0.1413748310143903,1.3494067639827563,1.9820342719379325,1.960286071244806,1.2909163252102311
LEGACY_GROSS100,EARLY0,LAG1_GROSS,BASE,SELECTIVE_FILL_NO_ZERO_OVERRIDE,2017,251,0.351544343796768,-0.1500339393071567,1.6322763702353762,2.269086713723019,2.3430988043116665,1.3089686779057252
LEGACY_GROSS100,EARLY0,LAG1_GROSS,BASE,SELECTIVE_FILL_NO_ZERO_OVERRIDE,2018,251,0.31404223495122574,-0.26265800737351785,0.9766636926257646,1.4647917457471737,1.195631681255527,1.2158581153745103
LEGACY_GROSS100,EARLY0,LAG1_GROSS,BASE,SELECTIVE_FILL_NO_ZERO_OVERRIDE,2019,252,0.46352392068029813,-0.12411005027870059,1.794577073396287,2.8712118634152715,3.734781507536354,1.3892518136005505
LEGACY_GROSS100,EARLY0,LAG1_GROSS,BASE,SELECTIVE_FILL_NO_ZERO_OVERRIDE,2020,253,1.7016554073480532,-0.24843029917947224,2.6240121391651896,4.452962403567716,6.849629103085912,1.6964927094705124
LEGACY_GROSS100,EARLY0,LAG1_GROSS,BASE,SELECTIVE_FILL_NO_ZERO_OVERRIDE,2021,252,0.5124107019642365,-0.2745311272369645,1.3753421549940168,2.013702421483356,1.866494000594489,1.2549851444875104
LEGACY_GROSS100,EARLY0,LAG1_GROSS,BASE,SELECTIVE_FILL_NO_ZERO_OVERRIDE,2022,251,-0.09257163377140698,-0.15118764922137096,-0.4061350588533555,-0.5121750693392451,-0.6122962705496027,0.8924889433810157
LEGACY_GROSS100,EARLY0,LAG1_GROSS,BASE,SELECTIVE_FILL_NO_ZERO_OVERRIDE,2023,250,0.590707188643316,-0.1395941010190781,2.1022214188683677,3.1674802626838363,4.231605664787977,1.4713867470762383
LEGACY_GROSS100,EARLY0,LAG1_GROSS,BASE,SELECTIVE_FILL_NO_ZERO_OVERRIDE,2024,252,0.6853132670870579,-0.1896909131426332,1.728043214301451,2.5771857424205558,3.6127891195913753,1.3550055544088624
LEGACY_GROSS100,EARLY0,LAG1_GROSS,BASE,SELECTIVE_FILL_NO_ZERO_OVERRIDE,2025,250,0.8850651876054523,-0.13805132133125575,2.2959063394973467,3.7160694851627603,6.411131592733749,1.5215395794081366
LEGACY_GROSS100,EARLY0,LAG1_GROSS,BASE,SELECTIVE_FILL_NO_ZERO_OVERRIDE,2026,54,-0.19666281477000158,-0.1984959885593125,-0.3369022212212952,-0.4537184428900707,-0.9907646809257148,0.9434216536061663
LEGACY_GROSS100,EARLY0,LAG1_GROSS,ALL5,SELECTIVE_FILL_NO_ZERO_OVERRIDE,FULL,2568,0.4844382044219657,-0.27508390285531203,1.5093377046508873,2.28478365394217,1.761056170112467,1.3389575319455769
LEGACY_GROSS100,EARLY0,LAG1_GROSS,ALL5,SELECTIVE_FILL_NO_ZERO_OVERRIDE,2016_2020,1259,0.5443404559486156,-0.26307963968431824,1.6572639131847966,2.599429568389576,2.069109021898447,1.391281086494113
LEGACY_GROSS100,EARLY0,LAG1_GROSS,ALL5,SELECTIVE_FILL_NO_ZERO_OVERRIDE,2021_2025,1255,0.4655626302716578,-0.27508390285531215,1.4794215384821803,2.1912861924906344,1.6924386539496392,1.3221894142936415
LEGACY_GROSS100,EARLY0,LAG1_GROSS,ALL5,SELECTIVE_FILL_NO_ZERO_OVERRIDE,2022_2025,1003,0.4566308381001636,-0.2023782106194708,1.528717195688845,2.277700452183768,2.256324120578182,1.3505122331863202
LEGACY_GROSS100,EARLY0,LAG1_GROSS,ALL5,SELECTIVE_FILL_NO_ZERO_OVERRIDE,2022_2026_AVAILABLE,1057,0.41222396978018727,-0.2023782106194708,1.3794355958689961,2.0292188541177674,2.036898975034851,1.3094086111907193
LEGACY_GROSS100,EARLY0,LAG1_GROSS,ALL5,SELECTIVE_FILL_NO_ZERO_OVERRIDE,2016,252,0.26951678710276883,-0.14314837460606378,1.3188523221171402,1.9339205684283447,1.8827792340951393,1.2832662136506021
LEGACY_GROSS100,EARLY0,LAG1_GROSS,ALL5,SELECTIVE_FILL_NO_ZERO_OVERRIDE,2017,251,0.34208756083230574,-0.15093150535138655,1.5967697729846906,2.2161719194590757,2.2665086393717804,1.3014545665037334
LEGACY_GROSS100,EARLY0,LAG1_GROSS,ALL5,SELECTIVE_FILL_NO_ZERO_OVERRIDE,2018,251,0.30820564733338296,-0.2630796396843179,0.9635329002194931,1.443976416748497,1.1715298367567097,1.2125828923367794
LEGACY_GROSS100,EARLY0,LAG1_GROSS,ALL5,SELECTIVE_FILL_NO_ZERO_OVERRIDE,2019,252,0.4590603114071725,-0.12445543133724413,1.7809956140083711,2.8476915574053425,3.6885518492417586,1.3855078992598295
LEGACY_GROSS100,EARLY0,LAG1_GROSS,ALL5,SELECTIVE_FILL_NO_ZERO_OVERRIDE,2020,253,1.6919139568882984,-0.2493661415966152,2.614638305492597,4.434297337420382,6.784858385567064,1.6930527932652195
LEGACY_GROSS100,EARLY0,LAG1_GROSS,ALL5,SELECTIVE_FILL_NO_ZERO_OVERRIDE,2021,252,0.5016586990812464,-0.27508390285531215,1.3548865863306307,1.9819976701373712,1.8236570510820018,1.2507278507810293
LEGACY_GROSS100,EARLY0,LAG1_GROSS,ALL5,SELECTIVE_FILL_NO_ZERO_OVERRIDE,2022,251,-0.09660784673208611,-0.15154297648539705,-0.42934160798385107,-0.5410195122750077,-0.6374947158398688,0.886760270194917
LEGACY_GROSS100,EARLY0,LAG1_GROSS,ALL5,SELECTIVE_FILL_NO_ZERO_OVERRIDE,2023,250,0.5853717042333648,-0.1403000064073452,2.088189293866583,3.1444921911509023,4.172285655738349,1.4675434456709375
LEGACY_GROSS100,EARLY0,LAG1_GROSS,ALL5,SELECTIVE_FILL_NO_ZERO_OVERRIDE,2024,252,0.6755094162141568,-0.1912529589115215,1.7107145413230562,2.5494017058978384,3.5320207334761538,1.350759857325252
LEGACY_GROSS100,EARLY0,LAG1_GROSS,ALL5,SELECTIVE_FILL_NO_ZERO_OVERRIDE,2025,250,0.8775314678918127,-0.13826496917838316,2.282626907077764,3.6910386274417775,6.346737522211151,1.51779747789903
LEGACY_GROSS100,EARLY0,LAG1_GROSS,ALL5,SELECTIVE_FILL_NO_ZERO_OVERRIDE,2026,54,-0.20538266452482812,-0.19976678107861623,-0.36378788533408635,-0.48946181233143804,-1.0281121987143689,0.9390434884847698
LEGACY_GROSS100,EARLY0,LAG1_GROSS,ALL10,SELECTIVE_FILL_NO_ZERO_OVERRIDE,FULL,2568,0.47087920285656915,-0.2760337328429371,1.4778645714639747,2.2333293564845027,1.705875575448233,1.3306506811569963
LEGACY_GROSS100,EARLY0,LAG1_GROSS,ALL10,SELECTIVE_FILL_NO_ZERO_OVERRIDE,2016_2020,1259,0.5302545978350566,-0.2642788100369575,1.6254400656279837,2.5446422536518267,2.00642116468174,1.3821988038907398
LEGACY_GROSS100,EARLY0,LAG1_GROSS,ALL10,SELECTIVE_FILL_NO_ZERO_OVERRIDE,2021_2025,1255,0.45263129594127016,-0.2760337328429373,1.4488247804735936,2.142633174893892,1.6397680503738163,1.3144544097913602
LEGACY_GROSS100,EARLY0,LAG1_GROSS,ALL10,SELECTIVE_FILL_NO_ZERO_OVERRIDE,2022_2025,1003,0.4453031102077154,-0.20395805801593592,1.5000640695289273,2.2315843790096452,2.183307266893679,1.3427779026037965
LEGACY_GROSS100,EARLY0,LAG1_GROSS,ALL10,SELECTIVE_FILL_NO_ZERO_OVERRIDE,2022_2026_AVAILABLE,1057,0.40060009136352637,-0.20395805801593592,1.3499461030296944,1.9828126600132685,1.9641297591303117,1.3017527764265362
LEGACY_GROSS100,EARLY0,LAG1_GROSS,ALL10,SELECTIVE_FILL_NO_ZERO_OVERRIDE,2016,252,0.2562118427774065,-0.1461015160420316,1.2648935412833544,1.8484164754668027,1.753656291312525,1.2698587347382635
LEGACY_GROSS100,EARLY0,LAG1_GROSS,ALL10,SELECTIVE_FILL_NO_ZERO_OVERRIDE,2017,251,0.3274477511908487,-0.1521419228357439,1.5412536826723346,2.133341177162852,2.152251957170077,1.2897733346627043
LEGACY_GROSS100,EARLY0,LAG1_GROSS,ALL10,SELECTIVE_FILL_NO_ZERO_OVERRIDE,2018,251,0.297207666816234,-0.2642788100369572,0.9387469306346449,1.4048248721279744,1.1245989293453833,1.2064271890596399
LEGACY_GROSS100,EARLY0,LAG1_GROSS,ALL10,SELECTIVE_FILL_NO_ZERO_OVERRIDE,2019,252,0.44965267053878955,-0.12502020484397602,1.752388644108755,2.797318163088321,3.5966400079087344,1.3777300461672153
LEGACY_GROSS100,EARLY0,LAG1_GROSS,ALL10,SELECTIVE_FILL_NO_ZERO_OVERRIDE,2020,253,1.6667218353038251,-0.25091846738575085,2.5915754441329026,4.387514464111646,6.642483722577029,1.6846693515395936
LEGACY_GROSS100,EARLY0,LAG1_GROSS,ALL10,SELECTIVE_FILL_NO_ZERO_OVERRIDE,2021,252,0.48216875194271114,-0.2760337328429373,1.3174335295582156,1.9241119127980546,1.7467747400896987,1.2429660045301256
LEGACY_GROSS100,EARLY0,LAG1_GROSS,ALL10,SELECTIVE_FILL_NO_ZERO_OVERRIDE,2022,251,-0.10244662522247416,-0.15236189336488204,-0.46307546488412765,-0.5826825777658217,-0.6723900770721659,0.8784772231464238
LEGACY_GROSS100,EARLY0,LAG1_GROSS,ALL10,SELECTIVE_FILL_NO_ZERO_OVERRIDE,2023,250,0.573886548394009,-0.14155895766785087,2.0579269287084188,3.0952151335828506,4.054046157506733,1.45939441467177
LEGACY_GROSS100,EARLY0,LAG1_GROSS,ALL10,SELECTIVE_FILL_NO_ZERO_OVERRIDE,2024,252,0.6590205889481262,-0.19448771329894765,1.6811063077067514,2.501583380557754,3.388494716553861,1.3435288357861088
LEGACY_GROSS100,EARLY0,LAG1_GROSS,ALL10,SELECTIVE_FILL_NO_ZERO_OVERRIDE,2025,250,0.8633683620088328,-0.13876911416765347,2.257647636267544,3.6439142730048864,6.221617592555624,1.5106887438066643
LEGACY_GROSS100,EARLY0,LAG1_GROSS,ALL10,SELECTIVE_FILL_NO_ZERO_OVERRIDE,2026,54,-0.21859737205147722,-0.20143727262589195,-0.40498163175206076,-0.5440534350531149,-1.0851883030478422,0.9324163453443105
LEGACY_GROSS100,EARLY0,LAG1_GROSS,ALL20,SELECTIVE_FILL_NO_ZERO_OVERRIDE,FULL,2568,0.4441170750059271,-0.27793069563176054,1.4147255096327664,2.1305971824965546,1.5979417962323685,1.3141676767680825
LEGACY_GROSS100,EARLY0,LAG1_GROSS,ALL20,SELECTIVE_FILL_NO_ZERO_OVERRIDE,2016_2020,1259,0.502451862692644,-0.2666720874968608,1.5615994147031933,2.4352948520638167,1.8841561837571723,1.364223561061349
LEGACY_GROSS100,EARLY0,LAG1_GROSS,ALL20,SELECTIVE_FILL_NO_ZERO_OVERRIDE,2021_2025,1255,0.42709638372281966,-0.27793069563176065,1.3874227725446122,2.0454425359169894,1.5367010209217533,1.2990616687678715
LEGACY_GROSS100,EARLY0,LAG1_GROSS,ALL20,SELECTIVE_FILL_NO_ZERO_OVERRIDE,2022_2025,1003,0.42289992098207985,-0.207109359446621,1.4425742351978807,2.1394628349832163,2.0419160298309706,1.3273890109998583
LEGACY_GROSS100,EARLY0,LAG1_GROSS,ALL20,SELECTIVE_FILL_NO_ZERO_OVERRIDE,2022_2026_AVAILABLE,1057,0.3776266635212926,-0.207109359446621,1.2908012811475633,1.890141713683131,1.8233201267691603,1.2865372919327687
LEGACY_GROSS100,EARLY0,LAG1_GROSS,ALL20,SELECTIVE_FILL_NO_ZERO_OVERRIDE,2016,252,0.23000379763693468,-0.1525664847027759,1.1566554225795849,1.678536785466813,1.5075643781464791,1.243577225746144
LEGACY_GROSS100,EARLY0,LAG1_GROSS,ALL20,SELECTIVE_FILL_NO_ZERO_OVERRIDE,2017,251,0.29862863493738123,-0.15455886332926771,1.4297012893122807,1.968444858139995,1.932135294636526,1.2666052506168632
LEGACY_GROSS100,EARLY0,LAG1_GROSS,ALL20,SELECTIVE_FILL_NO_ZERO_OVERRIDE,2018,251,0.275477658069325,-0.2666720874968612,0.8890599928663976,1.3266690125249325,1.0330202184080006,1.1942239952554095
LEGACY_GROSS100,EARLY0,LAG1_GROSS,ALL20,SELECTIVE_FILL_NO_ZERO_OVERRIDE,2019,252,0.4310103565772805,-0.12614933235416548,1.6949940122406801,2.6965091726929016,3.416667758234461,1.3623151968844092
LEGACY_GROSS100,EARLY0,LAG1_GROSS,ALL20,SELECTIVE_FILL_NO_ZERO_OVERRIDE,2020,253,1.617013102550989,-0.25401538905132115,2.5453032472803128,4.2940402186851045,6.365807633112687,1.6680705749223812
LEGACY_GROSS100,EARLY0,LAG1_GROSS,ALL20,SELECTIVE_FILL_NO_ZERO_OVERRIDE,2021,252,0.4439219922737745,-0.27793069563176065,1.2422473229044517,1.8084777826135765,1.597239884801861,1.2275167483336504
LEGACY_GROSS100,EARLY0,LAG1_GROSS,ALL20,SELECTIVE_FILL_NO_ZERO_OVERRIDE,2022,251,-0.11401593107550478,-0.15400448799213518,-0.5305152012221268,-0.6656179633421844,-0.7403416131699191,0.8621487954054882
LEGACY_GROSS100,EARLY0,LAG1_GROSS,ALL20,SELECTIVE_FILL_NO_ZERO_OVERRIDE,2023,250,0.5511536789303126,-0.14407208638936952,1.9970635999882285,2.9965189561289263,3.825541038121455,1.4430049234302542
LEGACY_GROSS100,EARLY0,LAG1_GROSS,ALL20,SELECTIVE_FILL_NO_ZERO_OVERRIDE,2024,252,0.6265097043825738,-0.2009229064829542,1.6217441384778,2.4060743929580704,3.1181596730272534,1.3292123049082663
LEGACY_GROSS100,EARLY0,LAG1_GROSS,ALL20,SELECTIVE_FILL_NO_ZERO_OVERRIDE,2025,250,0.8353477237871743,-0.13977673047409278,2.2074541275207697,3.549729056240253,5.976300353813209,1.4964045519018323
LEGACY_GROSS100,EARLY0,LAG1_GROSS,ALL20,SELECTIVE_FILL_NO_ZERO_OVERRIDE,2026,54,-0.24438730517614649,-0.20476964610055026,-0.48732399662013726,-0.6526538975097137,-1.1934742762418133,0.9193207054671598
LEGACY_GROSS100,CORE_DDV50,SAME_DAY_GROSS,BASE,NATIVE_NO_FILL,FULL,2568,0.4935718722561666,-0.2977818477533677,1.5268684738732752,2.333274695844751,1.6574948271022831,1.3458080346423662
LEGACY_GROSS100,CORE_DDV50,SAME_DAY_GROSS,BASE,NATIVE_NO_FILL,2016_2020,1259,0.5745483262426185,-0.25450396434608225,1.7196246367324166,2.7521543873808847,2.2575221086196136,1.4126934420394923
LEGACY_GROSS100,CORE_DDV50,SAME_DAY_GROSS,BASE,NATIVE_NO_FILL,2021_2025,1255,0.4487049272019519,-0.29778184775336736,1.43849734192791,2.125105145412039,1.5068243097664702,1.3132048035295527
LEGACY_GROSS100,CORE_DDV50,SAME_DAY_GROSS,BASE,NATIVE_NO_FILL,2022_2025,1003,0.45162657546003304,-0.21087467364376422,1.53272479717782,2.282217622098815,2.1416823919925867,1.3511291854193122
LEGACY_GROSS100,CORE_DDV50,SAME_DAY_GROSS,BASE,NATIVE_NO_FILL,2022_2026_AVAILABLE,1057,0.41547598610676895,-0.21087467364376422,1.3980287170246315,2.0638873391860906,1.9702507604523565,1.314189069938817
LEGACY_GROSS100,CORE_DDV50,SAME_DAY_GROSS,BASE,NATIVE_NO_FILL,2016,252,0.18263138112212096,-0.18948469980904803,0.9834234523732988,1.425944583555532,0.9638318096720555,1.1981137684291923
LEGACY_GROSS100,CORE_DDV50,SAME_DAY_GROSS,BASE,NATIVE_NO_FILL,2017,251,0.2851709386433534,-0.1130663251761469,1.444618576629103,2.0617938858654403,2.5221562494322107,1.2678681528168139
LEGACY_GROSS100,CORE_DDV50,SAME_DAY_GROSS,BASE,NATIVE_NO_FILL,2018,251,0.3893469680691044,-0.2126789887934457,1.1629089956464373,1.7461696758250693,1.83067904487377,1.2707928177947423
LEGACY_GROSS100,CORE_DDV50,SAME_DAY_GROSS,BASE,NATIVE_NO_FILL,2019,252,0.5630120239124063,-0.12967769017835884,2.0342478864929516,3.339078532089207,4.341625943044166,1.4419023657771504
LEGACY_GROSS100,CORE_DDV50,SAME_DAY_GROSS,BASE,NATIVE_NO_FILL,2020,253,1.921230902165938,-0.25450396434608225,2.734892693931456,4.752244330566814,7.548923283385046,1.737302121384436
LEGACY_GROSS100,CORE_DDV50,SAME_DAY_GROSS,BASE,NATIVE_NO_FILL,2021,252,0.4371344663030048,-0.29778184775336736,1.1986550039812003,1.7436271070302134,1.46796881542979,1.221767129491953
LEGACY_GROSS100,CORE_DDV50,SAME_DAY_GROSS,BASE,NATIVE_NO_FILL,2022,251,-0.020476900360278383,-0.12761821214269387,-0.03630637338028799,-0.049277633855661925,-0.16045437415611596,0.9900899906883868
LEGACY_GROSS100,CORE_DDV50,SAME_DAY_GROSS,BASE,NATIVE_NO_FILL,2023,250,0.6613907243870161,-0.09651406420828479,2.3410474466292426,3.665379395394792,6.852791143057492,1.5422828530454746
LEGACY_GROSS100,CORE_DDV50,SAME_DAY_GROSS,BASE,NATIVE_NO_FILL,2024,252,0.48773970138619105,-0.21005000698726195,1.3183547163858893,1.917274205146829,2.3220170681344894,1.2663293981414578
LEGACY_GROSS100,CORE_DDV50,SAME_DAY_GROSS,BASE,NATIVE_NO_FILL,2025,250,0.8365561459605997,-0.13330067866040696,2.2661319823294237,3.520271186780813,6.275708078664675,1.4905194708435203
LEGACY_GROSS100,CORE_DDV50,SAME_DAY_GROSS,BASE,NATIVE_NO_FILL,2026,54,-0.11392245113316357,-0.17845343503906863,-0.08483591785648108,-0.11859143561157535,-0.638387549716948,0.9854317029508928
LEGACY_GROSS100,CORE_DDV50,SAME_DAY_GROSS,ALL5,NATIVE_NO_FILL,FULL,2568,0.4861605857631146,-0.2983887833544616,1.5098223571418994,2.3054435998416096,1.6292857268216927,1.341321096118335
LEGACY_GROSS100,CORE_DDV50,SAME_DAY_GROSS,ALL5,NATIVE_NO_FILL,2016_2020,1259,0.5671856555073795,-0.25614114808632726,1.70342057802622,2.7240633670938417,2.214348064514105,1.408062742267525
LEGACY_GROSS100,CORE_DDV50,SAME_DAY_GROSS,ALL5,NATIVE_NO_FILL,2021_2025,1255,0.44147389167075723,-0.29838878335446184,1.4211420543088988,2.097906805528747,1.4795257606795555,1.3088587256824482
LEGACY_GROSS100,CORE_DDV50,SAME_DAY_GROSS,ALL5,NATIVE_NO_FILL,2022_2025,1003,0.4453447166233775,-0.21176613845246528,1.5164906889846577,2.2565038669299624,2.103002490756298,1.3467847290491306
LEGACY_GROSS100,CORE_DDV50,SAME_DAY_GROSS,ALL5,NATIVE_NO_FILL,2022_2026_AVAILABLE,1057,0.40887139408691,-0.21176613845246528,1.3811000410590886,2.0374358954504417,1.930768521704373,1.3098181283052952
LEGACY_GROSS100,CORE_DDV50,SAME_DAY_GROSS,ALL5,NATIVE_NO_FILL,2016,252,0.17602706591458483,-0.19109128103205153,0.9538627011465515,1.381385858187578,0.9211674387438954,1.191508489590521
LEGACY_GROSS100,CORE_DDV50,SAME_DAY_GROSS,ALL5,NATIVE_NO_FILL,2017,251,0.27645949124821234,-0.11389407182858391,1.4082920439858644,2.0070039253570346,2.427338726323678,1.2605631902677306
LEGACY_GROSS100,CORE_DDV50,SAME_DAY_GROSS,ALL5,NATIVE_NO_FILL,2018,251,0.38382217646008576,-0.21307218519645987,1.1511962423975939,1.7273893750379765,1.801371568542316,1.2676857814731228
LEGACY_GROSS100,CORE_DDV50,SAME_DAY_GROSS,ALL5,NATIVE_NO_FILL,2019,252,0.5581839858931366,-0.1302563508293697,2.020373561927131,3.314113023793499,4.285272712916194,1.4381886441071077
LEGACY_GROSS100,CORE_DDV50,SAME_DAY_GROSS,ALL5,NATIVE_NO_FILL,2020,253,1.9096746347912639,-0.2561411480863274,2.7252847570369347,4.732089542653014,7.455555849026043,1.7337537655660087
LEGACY_GROSS100,CORE_DDV50,SAME_DAY_GROSS,ALL5,NATIVE_NO_FILL,2021,252,0.4261698632489317,-0.29838878335446184,1.1773106956771227,1.7110750664597523,1.4282368742483065,1.2174043245201331
LEGACY_GROSS100,CORE_DDV50,SAME_DAY_GROSS,ALL5,NATIVE_NO_FILL,2022,251,-0.024762331785650682,-0.12795919454660432,-0.062009892639889055,-0.08407363755724462,-0.19351740899425507,0.9831493372828586
LEGACY_GROSS100,CORE_DDV50,SAME_DAY_GROSS,ALL5,NATIVE_NO_FILL,2023,250,0.6559443111790328,-0.09732150766722769,2.3268632245615963,3.640992285607234,6.739972765546431,1.538192722985247
LEGACY_GROSS100,CORE_DDV50,SAME_DAY_GROSS,ALL5,NATIVE_NO_FILL,2024,252,0.47923168157042295,-0.21156286721644324,1.3018891119410445,1.8922250655624366,2.2651975172946406,1.2626128654091053
LEGACY_GROSS100,CORE_DDV50,SAME_DAY_GROSS,ALL5,NATIVE_NO_FILL,2025,250,0.8293478238412115,-0.13382460151473685,2.2526044168165233,3.4968341120173134,6.197274749589919,1.4870268035450527
LEGACY_GROSS100,CORE_DDV50,SAME_DAY_GROSS,ALL5,NATIVE_NO_FILL,2026,54,-0.12360983673301629,-0.17975640285417005,-0.11117770091171748,-0.15526028529678357,-0.6876519265536067,0.9809487976571127
LEGACY_GROSS100,CORE_DDV50,SAME_DAY_GROSS,ALL10,NATIVE_NO_FILL,FULL,2568,0.4735003323084592,-0.2993432218533505,1.480643240201896,2.257392484875643,1.5817974075939794,1.3335928460637494
LEGACY_GROSS100,CORE_DDV50,SAME_DAY_GROSS,ALL10,NATIVE_NO_FILL,2016_2020,1259,0.5540434765332476,-0.25857647226197056,1.6745886196293536,2.6733155865969818,2.1426677829061407,1.3996718853998782
LEGACY_GROSS100,CORE_DDV50,SAME_DAY_GROSS,ALL10,NATIVE_NO_FILL,2021_2025,1255,0.42951367124889006,-0.2993432218533506,1.3923050057979667,2.0525170656593117,1.434853505583335,1.301663746420548
LEGACY_GROSS100,CORE_DDV50,SAME_DAY_GROSS,ALL10,NATIVE_NO_FILL,2022_2025,1003,0.4350772734837547,-0.21470849332848685,1.4898709792084182,2.21403753582592,2.026362659152571,1.339656554581817
LEGACY_GROSS100,CORE_DDV50,SAME_DAY_GROSS,ALL10,NATIVE_NO_FILL,2022_2026_AVAILABLE,1057,0.3981668589768135,-0.21470849332848685,1.3535182967644739,1.9940999313483958,1.8544532300715741,1.3026856207368815
LEGACY_GROSS100,CORE_DDV50,SAME_DAY_GROSS,ALL10,NATIVE_NO_FILL,2016,252,0.1657386387623072,-0.19370559365140672,0.9076375988300702,1.3113678238877984,0.8556213356469771,1.181149713850202
LEGACY_GROSS100,CORE_DDV50,SAME_DAY_GROSS,ALL10,NATIVE_NO_FILL,2017,251,0.26336731932285984,-0.11472124800530559,1.3531359032013883,1.9236276708991389,2.2957152567820716,1.249441045234481
LEGACY_GROSS100,CORE_DDV50,SAME_DAY_GROSS,ALL10,NATIVE_NO_FILL,2018,251,0.37312597487669374,-0.2142540672905856,1.128262110312268,1.6908001871495646,1.7415117462887437,1.261547853357292
LEGACY_GROSS100,CORE_DDV50,SAME_DAY_GROSS,ALL10,NATIVE_NO_FILL,2019,252,0.5487584605475497,-0.13118282456460495,1.9936072581770836,3.265382661020188,4.183157836163964,1.4309852507117908
LEGACY_GROSS100,CORE_DDV50,SAME_DAY_GROSS,ALL10,NATIVE_NO_FILL,2020,253,1.8830733076725825,-0.25857647226197056,2.7040143491827453,4.686244980393592,7.282461900728508,1.7256435052274848
LEGACY_GROSS100,CORE_DDV50,SAME_DAY_GROSS,ALL10,NATIVE_NO_FILL,2021,252,0.4075826013511359,-0.2993432218533506,1.1407742216227352,1.655382078859847,1.3615895453641245,1.2100108185346055
LEGACY_GROSS100,CORE_DDV50,SAME_DAY_GROSS,ALL10,NATIVE_NO_FILL,2022,251,-0.030632855137117998,-0.12851490781976116,-0.09744576887763777,-0.13191646098818108,-0.2383603245475598,0.9736888351723834
LEGACY_GROSS100,CORE_DDV50,SAME_DAY_GROSS,ALL10,NATIVE_NO_FILL,2023,250,0.6451690989565999,-0.09839903035921338,2.299430877256653,3.5937972143951065,6.556661143929564,1.5304603001500627
LEGACY_GROSS100,CORE_DDV50,SAME_DAY_GROSS,ALL10,NATIVE_NO_FILL,2024,252,0.46481312449634093,-0.2147084933284874,1.273615472281237,1.848853314785989,2.1648567194089186,1.2561655832776253
LEGACY_GROSS100,CORE_DDV50,SAME_DAY_GROSS,ALL10,NATIVE_NO_FILL,2025,250,0.8181527940396978,-0.1346098089814044,2.231541211265115,3.459804965102696,6.077958212931726,1.481486160781054
LEGACY_GROSS100,CORE_DDV50,SAME_DAY_GROSS,ALL10,NATIVE_NO_FILL,2026,54,-0.1382733508986419,-0.1814704183647201,-0.15147047300234004,-0.21118832768770873,-0.7619608316587415,0.9741425862723077
LEGACY_GROSS100,CORE_DDV50,SAME_DAY_GROSS,ALL20,NATIVE_NO_FILL,FULL,2568,0.44848876732201126,-0.3012493656138726,1.4220936440543976,2.16139507418191,1.4887625287047517,1.3182034056808394
LEGACY_GROSS100,CORE_DDV50,SAME_DAY_GROSS,ALL20,NATIVE_NO_FILL,2016_2020,1259,0.5280748724934072,-0.26342580120777825,1.6167073721916994,2.5719094498718587,2.0046436988033904,1.3829940662666302
LEGACY_GROSS100,CORE_DDV50,SAME_DAY_GROSS,ALL20,NATIVE_NO_FILL,2021_2025,1255,0.4058771046108103,-0.30124936561387283,1.334447735938128,1.9618217085349274,1.3473127280574735,1.2873008579220206
LEGACY_GROSS100,CORE_DDV50,SAME_DAY_GROSS,ALL20,NATIVE_NO_FILL,2022_2025,1003,0.41475007907486283,-0.22096648755020198,1.4364708990952813,2.129152959530509,1.8769818159897873,1.3254288358785158
LEGACY_GROSS100,CORE_DDV50,SAME_DAY_GROSS,ALL20,NATIVE_NO_FILL,2022_2026_AVAILABLE,1057,0.37698986173302895,-0.22096648755020198,1.2982138632295905,1.9075236152143504,1.7060951907803648,1.2884735236442844
LEGACY_GROSS100,CORE_DDV50,SAME_DAY_GROSS,ALL20,NATIVE_NO_FILL,2016,252,0.14542062441699533,-0.19891181565903926,0.8148542945844506,1.1717369430640971,0.7310808758905766,1.1607641435962341
LEGACY_GROSS100,CORE_DDV50,SAME_DAY_GROSS,ALL20,NATIVE_NO_FILL,2017,251,0.2375701448918126,-0.11637389000750753,1.2423278697487619,1.7575737410992922,2.041438546709115,1.2272606459761004
LEGACY_GROSS100,CORE_DDV50,SAME_DAY_GROSS,ALL20,NATIVE_NO_FILL,2018,251,0.35196972236323854,-0.21661353234518066,1.0822024403375168,1.617620795735378,1.62487411821697,1.2493195115467355
LEGACY_GROSS100,CORE_DDV50,SAME_DAY_GROSS,ALL20,NATIVE_NO_FILL,2019,252,0.5300691747239725,-0.13303412483556698,1.9399464498968277,3.1677700668744952,3.9844601930455763,1.4166752384393015
LEGACY_GROSS100,CORE_DDV50,SAME_DAY_GROSS,ALL20,NATIVE_NO_FILL,2020,253,1.8305673098486044,-0.26342580120777825,2.6613046627866055,4.594622238207812,6.949081302801985,1.709573059087588
LEGACY_GROSS100,CORE_DDV50,SAME_DAY_GROSS,ALL20,NATIVE_NO_FILL,2021,252,0.3711093663139555,-0.30124936561387283,1.067458308516885,1.5441771992477205,1.2319009056092949,1.1952569600484277
LEGACY_GROSS100,CORE_DDV50,SAME_DAY_GROSS,ALL20,NATIVE_NO_FILL,2022,251,-0.04227327121790858,-0.12962594104261904,-0.16824652186296465,-0.22705631790529515,-0.32611737186162276,0.9551361869099337
LEGACY_GROSS100,CORE_DDV50,SAME_DAY_GROSS,ALL20,NATIVE_NO_FILL,2023,250,0.6238175570856321,-0.10055082663218895,2.2441943376313955,3.4991595643636604,6.204002274069141,1.5148664020827514
LEGACY_GROSS100,CORE_DDV50,SAME_DAY_GROSS,ALL20,NATIVE_NO_FILL,2024,252,0.4363798703163728,-0.22096648755020254,1.2169734332565771,1.762256257880067,1.9748690181683293,1.243292592575926
LEGACY_GROSS100,CORE_DDV50,SAME_DAY_GROSS,ALL20,NATIVE_NO_FILL,2025,250,0.7959564124417922,-0.13617841260964358,2.189229278142644,3.3857235654389735,5.844952934819464,1.470360022674675
LEGACY_GROSS100,CORE_DDV50,SAME_DAY_GROSS,ALL20,NATIVE_NO_FILL,2026,54,-0.16688636833091697,-0.1848896076582116,-0.2319722187942082,-0.322376248324289,-0.9026270889136421,0.9606934983499726
LEGACY_GROSS100,CORE_DDV50,SAME_DAY_GROSS,BASE,SELECTIVE_FILL_NO_ZERO_OVERRIDE,FULL,2568,0.5209512640615883,-0.31518136604765445,1.5708671092978619,2.413432470419004,1.6528618763040137,1.3575080856386212
LEGACY_GROSS100,CORE_DDV50,SAME_DAY_GROSS,BASE,SELECTIVE_FILL_NO_ZERO_OVERRIDE,2016_2020,1259,0.6191678958235407,-0.21610571745211127,1.7909687042005216,2.888430870205949,2.865115755027386,1.4317796505268854
LEGACY_GROSS100,CORE_DDV50,SAME_DAY_GROSS,BASE,SELECTIVE_FILL_NO_ZERO_OVERRIDE,2021_2025,1255,0.4620031576637349,-0.3151813660476541,1.455109179427217,2.15671166072852,1.4658327154844615,1.3185213446890955
LEGACY_GROSS100,CORE_DDV50,SAME_DAY_GROSS,BASE,SELECTIVE_FILL_NO_ZERO_OVERRIDE,2022_2025,1003,0.46849520872543593,-0.2100500069872615,1.5554117088665846,2.3323877445638193,2.230398443899351,1.3595111139712623
LEGACY_GROSS100,CORE_DDV50,SAME_DAY_GROSS,BASE,SELECTIVE_FILL_NO_ZERO_OVERRIDE,2022_2026_AVAILABLE,1057,0.4310795939552001,-0.2100500069872615,1.4214616372285696,2.111961864162728,2.052271266914754,1.3219610255182326
LEGACY_GROSS100,CORE_DDV50,SAME_DAY_GROSS,BASE,SELECTIVE_FILL_NO_ZERO_OVERRIDE,2016,252,0.19986876371125084,-0.18488705765830082,1.0234088114978137,1.4736344249512965,1.081031664642738,1.210014158786221
LEGACY_GROSS100,CORE_DDV50,SAME_DAY_GROSS,BASE,SELECTIVE_FILL_NO_ZERO_OVERRIDE,2017,251,0.31094415584871715,-0.11679228627475624,1.5248217550949261,2.1898417777053485,2.662368943760675,1.2837904354034413
LEGACY_GROSS100,CORE_DDV50,SAME_DAY_GROSS,BASE,SELECTIVE_FILL_NO_ZERO_OVERRIDE,2018,251,0.4322323124618619,-0.21563917565740431,1.2408458210242372,1.8833360951026756,2.004423876803206,1.2887534365265076
LEGACY_GROSS100,CORE_DDV50,SAME_DAY_GROSS,BASE,SELECTIVE_FILL_NO_ZERO_OVERRIDE,2019,252,0.6017559037742004,-0.12967769017835884,2.11280904386592,3.492614957307684,4.640396531944274,1.4624868493653058
LEGACY_GROSS100,CORE_DDV50,SAME_DAY_GROSS,BASE,SELECTIVE_FILL_NO_ZERO_OVERRIDE,2020,253,2.072221521583589,-0.21610571745211105,2.823546129892539,4.967066583651285,9.58892502250799,1.7683429958381158
LEGACY_GROSS100,CORE_DDV50,SAME_DAY_GROSS,BASE,SELECTIVE_FILL_NO_ZERO_OVERRIDE,2021,252,0.43644696680528905,-0.3151813660476541,1.1919536702194482,1.7249845306595175,1.384748636248058,1.219914649994476
LEGACY_GROSS100,CORE_DDV50,SAME_DAY_GROSS,BASE,SELECTIVE_FILL_NO_ZERO_OVERRIDE,2022,251,-0.027935032609908816,-0.12761821214269375,-0.07221768061967636,-0.09609362435853687,-0.21889534527151827,0.9800818217612243
LEGACY_GROSS100,CORE_DDV50,SAME_DAY_GROSS,BASE,SELECTIVE_FILL_NO_ZERO_OVERRIDE,2023,250,0.6535633522053315,-0.09944042049625146,2.3007344593684875,3.595833840982163,6.57241138908869,1.5286550295102022
LEGACY_GROSS100,CORE_DDV50,SAME_DAY_GROSS,BASE,SELECTIVE_FILL_NO_ZERO_OVERRIDE,2024,252,0.48773970138619105,-0.21005000698726195,1.3183547163858893,1.917274205146829,2.3220170681344894,1.2663293981414578
LEGACY_GROSS100,CORE_DDV50,SAME_DAY_GROSS,BASE,SELECTIVE_FILL_NO_ZERO_OVERRIDE,2025,250,0.9476841333598864,-0.13181796123214884,2.395943818654152,3.8562686351287145,7.189339938969997,1.5373005917822622
LEGACY_GROSS100,CORE_DDV50,SAME_DAY_GROSS,BASE,SELECTIVE_FILL_NO_ZERO_OVERRIDE,2026,54,-0.11392245113316357,-0.17845343503906863,-0.08483591785648108,-0.11859143561157535,-0.638387549716948,0.9854317029508928
LEGACY_GROSS100,CORE_DDV50,SAME_DAY_GROSS,ALL5,SELECTIVE_FILL_NO_ZERO_OVERRIDE,FULL,2568,0.5134057425858227,-0.31577586119382883,1.5540822241606973,2.3857431615138687,1.625854935981586,1.353044695702993
LEGACY_GROSS100,CORE_DDV50,SAME_DAY_GROSS,ALL5,SELECTIVE_FILL_NO_ZERO_OVERRIDE,2016_2020,1259,0.611599713817278,-0.21782224318626375,1.775074735326157,2.860406383974161,2.8077927436193373,1.4271768399845888
LEGACY_GROSS100,CORE_DDV50,SAME_DAY_GROSS,ALL5,SELECTIVE_FILL_NO_ZERO_OVERRIDE,2021_2025,1255,0.45470610531198186,-0.31577586119382905,1.437980162034219,2.129722944022911,1.439964738257415,1.3141989488647945
LEGACY_GROSS100,CORE_DDV50,SAME_DAY_GROSS,ALL5,SELECTIVE_FILL_NO_ZERO_OVERRIDE,2022_2025,1003,0.46214147517311877,-0.21156286721644357,1.5394461324336608,2.3068689505732545,2.184416770549417,1.35518172773202
LEGACY_GROSS100,CORE_DDV50,SAME_DAY_GROSS,ALL5,SELECTIVE_FILL_NO_ZERO_OVERRIDE,2022_2026_AVAILABLE,1057,0.4244032344381914,-0.21156286721644357,1.4047800950260765,2.0856816348598683,2.006038394270755,1.3176031493840206
LEGACY_GROSS100,CORE_DDV50,SAME_DAY_GROSS,ALL5,SELECTIVE_FILL_NO_ZERO_OVERRIDE,2016,252,0.1931671532973509,-0.18664296971146266,0.9950810591111787,1.4309717069080465,1.0349554210157188,1.2035809085719995
LEGACY_GROSS100,CORE_DDV50,SAME_DAY_GROSS,ALL5,SELECTIVE_FILL_NO_ZERO_OVERRIDE,2017,251,0.3020614198845615,-0.11761786123755424,1.4893164698310253,2.1355487883211794,2.5681594334935602,1.276526985788017
LEGACY_GROSS100,CORE_DDV50,SAME_DAY_GROSS,ALL5,SELECTIVE_FILL_NO_ZERO_OVERRIDE,2018,251,0.4265394893625485,-0.21603176614140662,1.229358960057646,1.8645734866552288,1.9744294877603836,1.2856802890131818
LEGACY_GROSS100,CORE_DDV50,SAME_DAY_GROSS,ALL5,SELECTIVE_FILL_NO_ZERO_OVERRIDE,2019,252,0.5968079396598103,-0.1302563508293697,2.099096346188833,3.4676637145324425,4.581795327903845,1.4587575074032453
LEGACY_GROSS100,CORE_DDV50,SAME_DAY_GROSS,ALL5,SELECTIVE_FILL_NO_ZERO_OVERRIDE,2020,253,2.060087367370525,-0.2178222431862633,2.814145721261676,4.946734856003366,9.457653806314495,1.764761091955231
LEGACY_GROSS100,CORE_DDV50,SAME_DAY_GROSS,ALL5,SELECTIVE_FILL_NO_ZERO_OVERRIDE,2021,252,0.42548500414821633,-0.31577586119382905,1.1707279977620506,1.692733647111166,1.3474272622980696,1.2155948479079959
LEGACY_GROSS100,CORE_DDV50,SAME_DAY_GROSS,ALL5,SELECTIVE_FILL_NO_ZERO_OVERRIDE,2022,251,-0.0321859517427856,-0.1279591945466041,-0.09702497216320505,-0.1289767190415418,-0.2515329348299636,0.9733512414817387
LEGACY_GROSS100,CORE_DDV50,SAME_DAY_GROSS,ALL5,SELECTIVE_FILL_NO_ZERO_OVERRIDE,2023,250,0.6481451960767475,-0.10024570964640367,2.2867505703138096,3.5716841029300457,6.465565442780022,1.5246541584279367
LEGACY_GROSS100,CORE_DDV50,SAME_DAY_GROSS,ALL5,SELECTIVE_FILL_NO_ZERO_OVERRIDE,2024,252,0.47923168157042295,-0.21156286721644324,1.3018891119410445,1.8922250655624366,2.2651975172946406,1.2626128654091053
LEGACY_GROSS100,CORE_DDV50,SAME_DAY_GROSS,ALL5,SELECTIVE_FILL_NO_ZERO_OVERRIDE,2025,250,0.9400387786762663,-0.13232113314663374,2.3828522520800015,3.8325158662302856,7.1042225555501215,1.5336891005090878
LEGACY_GROSS100,CORE_DDV50,SAME_DAY_GROSS,ALL5,SELECTIVE_FILL_NO_ZERO_OVERRIDE,2026,54,-0.12360983673301629,-0.17975640285417005,-0.11117770091171748,-0.15526028529678357,-0.6876519265536067,0.9809487976571127
LEGACY_GROSS100,CORE_DDV50,SAME_DAY_GROSS,ALL10,SELECTIVE_FILL_NO_ZERO_OVERRIDE,FULL,2568,0.49964640909826774,-0.3168170561328417,1.5234328418986378,2.3346940136357617,1.5770817871900353,1.3448609138854188
LEGACY_GROSS100,CORE_DDV50,SAME_DAY_GROSS,ALL10,SELECTIVE_FILL_NO_ZERO_OVERRIDE,2016_2020,1259,0.5970868131400917,-0.2208815974061733,1.7447243774381853,2.8060700673856847,2.7031985468763366,1.418262298882932
LEGACY_GROSS100,CORE_DDV50,SAME_DAY_GROSS,ALL10,SELECTIVE_FILL_NO_ZERO_OVERRIDE,2021_2025,1255,0.4418345370443968,-0.31681705613284195,1.4076393182931883,2.081624941212221,1.3946046416741364,1.3065761449765185
LEGACY_GROSS100,CORE_DDV50,SAME_DAY_GROSS,ALL10,SELECTIVE_FILL_NO_ZERO_OVERRIDE,2022_2025,1003,0.4511201245146508,-0.21470849332848718,1.51172046842465,2.2620542723757016,2.1010818786030616,1.3476599739085204
LEGACY_GROSS100,CORE_DDV50,SAME_DAY_GROSS,ALL10,SELECTIVE_FILL_NO_ZERO_OVERRIDE,2022_2026_AVAILABLE,1057,0.41299434974719884,-0.21470849332848718,1.3761725878059954,2.040222860131194,1.9235119363226578,1.3101191869689732
LEGACY_GROSS100,CORE_DDV50,SAME_DAY_GROSS,ALL10,SELECTIVE_FILL_NO_ZERO_OVERRIDE,2016,252,0.18164717526652874,-0.18974526783239776,0.9461599977358601,1.3567279944996529,0.9573212409543617,1.1925025395952893
LEGACY_GROSS100,CORE_DDV50,SAME_DAY_GROSS,ALL10,SELECTIVE_FILL_NO_ZERO_OVERRIDE,2017,251,0.28739532346539187,-0.11883827869458163,1.4300768494699578,2.044670009840898,2.418373327368764,1.2643308464589034
LEGACY_GROSS100,CORE_DDV50,SAME_DAY_GROSS,ALL10,SELECTIVE_FILL_NO_ZERO_OVERRIDE,2018,251,0.4152617945014603,-0.21724589030558306,1.2063716149065222,1.827134789593367,1.9114828543699653,1.2794946214479792
LEGACY_GROSS100,CORE_DDV50,SAME_DAY_GROSS,ALL10,SELECTIVE_FILL_NO_ZERO_OVERRIDE,2019,252,0.5865640358732989,-0.13118282456460495,2.0711303623120836,3.4161609500343904,4.471347814167759,1.4511102326874175
LEGACY_GROSS100,CORE_DDV50,SAME_DAY_GROSS,ALL10,SELECTIVE_FILL_NO_ZERO_OVERRIDE,2020,253,2.0301558856620963,-0.22088159740617297,2.791915880456389,4.897795039951397,9.191149962252851,1.7561555664954434
LEGACY_GROSS100,CORE_DDV50,SAME_DAY_GROSS,ALL10,SELECTIVE_FILL_NO_ZERO_OVERRIDE,2021,252,0.40546157652515613,-0.31681705613284195,1.1315085284443076,1.6332630099462415,1.2797971847675569,1.2076993750538076
LEGACY_GROSS100,CORE_DDV50,SAME_DAY_GROSS,ALL10,SELECTIVE_FILL_NO_ZERO_OVERRIDE,2022,251,-0.038059705244052555,-0.12851490781976105,-0.1315329710179444,-0.17458449807333248,-0.2961501189996599,0.9640837753649708
LEGACY_GROSS100,CORE_DDV50,SAME_DAY_GROSS,ALL10,SELECTIVE_FILL_NO_ZERO_OVERRIDE,2023,250,0.6364471856672245,-0.10163034492987877,2.257202574642106,3.5202551916981206,6.262373566736882,1.516304237424237
LEGACY_GROSS100,CORE_DDV50,SAME_DAY_GROSS,ALL10,SELECTIVE_FILL_NO_ZERO_OVERRIDE,2024,252,0.46481312449634093,-0.2147084933284874,1.273615472281237,1.848853314785989,2.1648567194089186,1.2561655832776253
LEGACY_GROSS100,CORE_DDV50,SAME_DAY_GROSS,ALL10,SELECTIVE_FILL_NO_ZERO_OVERRIDE,2025,250,0.9260285345480046,-0.13324708323320367,2.3590428949063975,3.788160870678173,6.9497096077315765,1.5270002802584146
LEGACY_GROSS100,CORE_DDV50,SAME_DAY_GROSS,ALL10,SELECTIVE_FILL_NO_ZERO_OVERRIDE,2026,54,-0.1382733508986419,-0.1814704183647201,-0.15147047300234004,-0.21118832768770873,-0.7619608316587415,0.9741425862723077
LEGACY_GROSS100,CORE_DDV50,SAME_DAY_GROSS,ALL20,SELECTIVE_FILL_NO_ZERO_OVERRIDE,FULL,2568,0.4724873136808909,-0.31889597357161603,1.4619255786853935,2.232752705961394,1.481634617047876,1.3285547946905272
LEGACY_GROSS100,CORE_DDV50,SAME_DAY_GROSS,ALL20,SELECTIVE_FILL_NO_ZERO_OVERRIDE,2016_2020,1259,0.5684368114105962,-0.22696788117075584,1.6837816852432974,2.697548964768121,2.50448128818254,1.400503856923874
LEGACY_GROSS100,CORE_DDV50,SAME_DAY_GROSS,ALL20,SELECTIVE_FILL_NO_ZERO_OVERRIDE,2021_2025,1255,0.416418367423812,-0.3188959735716158,1.3467638748636137,1.985562327748985,1.3058125593746175,1.2913701944840883
LEGACY_GROSS100,CORE_DDV50,SAME_DAY_GROSS,ALL20,SELECTIVE_FILL_NO_ZERO_OVERRIDE,2022_2025,1003,0.42931483663929226,-0.22096648755020232,1.456093263266165,2.172509703646144,1.942895691554831,1.3326550319737993
LEGACY_GROSS100,CORE_DDV50,SAME_DAY_GROSS,ALL20,SELECTIVE_FILL_NO_ZERO_OVERRIDE,2022_2026_AVAILABLE,1057,0.390438131380469,-0.22096648755020232,1.318802640758489,1.9494337822955339,1.766956318621681,1.2952132530015537
LEGACY_GROSS100,CORE_DDV50,SAME_DAY_GROSS,ALL20,SELECTIVE_FILL_NO_ZERO_OVERRIDE,2016,252,0.158928557842559,-0.19591756255178072,0.847994130426042,1.209006458791483,0.8112011795805922,1.17061017918485
LEGACY_GROSS100,CORE_DDV50,SAME_DAY_GROSS,ALL20,SELECTIVE_FILL_NO_ZERO_OVERRIDE,2017,251,0.2585410803335164,-0.1212750690102733,1.3110079246907065,1.8637549107561837,2.1318567982972265,1.239999481515355
LEGACY_GROSS100,CORE_DDV50,SAME_DAY_GROSS,ALL20,SELECTIVE_FILL_NO_ZERO_OVERRIDE,2018,251,0.3929622013149927,-0.21966928740990732,1.1601993307085818,1.7522849428918719,1.7888809398362426,1.2671652366446866
LEGACY_GROSS100,CORE_DDV50,SAME_DAY_GROSS,ALL20,SELECTIVE_FILL_NO_ZERO_OVERRIDE,2019,252,0.566263212752,-0.13303412483556698,2.015056495889469,3.3130143134390404,4.256526011291564,1.4359262017394245
LEGACY_GROSS100,CORE_DDV50,SAME_DAY_GROSS,ALL20,SELECTIVE_FILL_NO_ZERO_OVERRIDE,2020,253,1.9711333373060418,-0.22696788117075584,2.747258152573376,4.799995802929074,8.6846355842882,1.7391034780839045
LEGACY_GROSS100,CORE_DDV50,SAME_DAY_GROSS,ALL20,SELECTIVE_FILL_NO_ZERO_OVERRIDE,2021,252,0.366231342394415,-0.3188959735716158,1.0528292820244631,1.5145898729458913,1.1484351410669942,1.1919610407694492
LEGACY_GROSS100,CORE_DDV50,SAME_DAY_GROSS,ALL20,SELECTIVE_FILL_NO_ZERO_OVERRIDE,2022,251,-0.04970533454752457,-0.12962594104261926,-0.20049707021960703,-0.26531384597009994,-0.38345206328093023,0.9458746661295904
LEGACY_GROSS100,CORE_DDV50,SAME_DAY_GROSS,ALL20,SELECTIVE_FILL_NO_ZERO_OVERRIDE,2023,250,0.6132877807079598,-0.10439414778358536,2.1976976381661006,3.4171932489767785,5.874733342134639,1.4995087897602084
LEGACY_GROSS100,CORE_DDV50,SAME_DAY_GROSS,ALL20,SELECTIVE_FILL_NO_ZERO_OVERRIDE,2024,252,0.4363798703163728,-0.22096648755020254,1.2169734332565771,1.762256257880067,1.9748690181683293,1.243292592575926
LEGACY_GROSS100,CORE_DDV50,SAME_DAY_GROSS,ALL20,SELECTIVE_FILL_NO_ZERO_OVERRIDE,2025,250,0.8982967687804913,-0.13509646824401023,2.3111980399920578,3.6994627337641877,6.64929868601742,1.5135969960463607
LEGACY_GROSS100,CORE_DDV50,SAME_DAY_GROSS,ALL20,SELECTIVE_FILL_NO_ZERO_OVERRIDE,2026,54,-0.16688636833091697,-0.1848896076582116,-0.2319722187942082,-0.322376248324289,-0.9026270889136421,0.9606934983499726
LEGACY_GROSS100,CORE_DDV50,LAG1_GROSS,BASE,NATIVE_NO_FILL,FULL,2568,0.5103712226382702,-0.3027284174351872,1.5680366392138578,2.4001259884413892,1.6859045707115963,1.3544655538931765
LEGACY_GROSS100,CORE_DDV50,LAG1_GROSS,BASE,NATIVE_NO_FILL,2016_2020,1259,0.5931485460995343,-0.24847511309593728,1.756872632239129,2.8070329535894345,2.38715474845369,1.420918350679526
LEGACY_GROSS100,CORE_DDV50,LAG1_GROSS,BASE,NATIVE_NO_FILL,2021_2025,1255,0.4631363499611112,-0.30272841743518697,1.4802223659426963,2.19548935436165,1.5298740497669565,1.3214999525930016
LEGACY_GROSS100,CORE_DDV50,LAG1_GROSS,BASE,NATIVE_NO_FILL,2022_2025,1003,0.4643711945657141,-0.206930445471473,1.570821156876763,2.3375688438316784,2.2440931468913856,1.3595225681262781
LEGACY_GROSS100,CORE_DDV50,LAG1_GROSS,BASE,NATIVE_NO_FILL,2022_2026_AVAILABLE,1057,0.4292893560451567,-0.206930445471473,1.4386951851014442,2.122956700991814,2.0745587004708677,1.3229761439346934
LEGACY_GROSS100,CORE_DDV50,LAG1_GROSS,BASE,NATIVE_NO_FILL,2016,252,0.21575044779177222,-0.17212301330723068,1.1307036867585407,1.6507352844598355,1.2534665972101524,1.2312443392721166
LEGACY_GROSS100,CORE_DDV50,LAG1_GROSS,BASE,NATIVE_NO_FILL,2017,251,0.30430177061188424,-0.11739201289274814,1.5148088386325556,2.1733850791938103,2.592184622389096,1.2820122726551932
LEGACY_GROSS100,CORE_DDV50,LAG1_GROSS,BASE,NATIVE_NO_FILL,2018,251,0.44455604921559844,-0.21071746264104452,1.2766495739988277,1.9251765550007662,2.1097257134919856,1.298839452662137
LEGACY_GROSS100,CORE_DDV50,LAG1_GROSS,BASE,NATIVE_NO_FILL,2019,252,0.5361078835546831,-0.1281261434219918,1.938379527929205,3.1323117936815543,4.18421931103457,1.4186981927398385
LEGACY_GROSS100,CORE_DDV50,LAG1_GROSS,BASE,NATIVE_NO_FILL,2020,253,1.9063849067261844,-0.24847511309593706,2.7272846816634866,4.717928670417719,7.672337414291157,1.7258605263619144
LEGACY_GROSS100,CORE_DDV50,LAG1_GROSS,BASE,NATIVE_NO_FILL,2021,252,0.45823178396033026,-0.30272841743518697,1.2487529144476965,1.8417887193601363,1.5136728419572172,1.2296914710870057
LEGACY_GROSS100,CORE_DDV50,LAG1_GROSS,BASE,NATIVE_NO_FILL,2022,251,0.030681656609438335,-0.1279631414763841,0.26166216035529827,0.36328195147730397,0.23976948561473624,1.0741965975514032
LEGACY_GROSS100,CORE_DDV50,LAG1_GROSS,BASE,NATIVE_NO_FILL,2023,250,0.6383819170019529,-0.11135920329075855,2.2536510557161216,3.4942064874746372,5.732637250781506,1.52209067894838
LEGACY_GROSS100,CORE_DDV50,LAG1_GROSS,BASE,NATIVE_NO_FILL,2024,252,0.4688140055349206,-0.20693044547147332,1.2995461293631365,1.873132032858813,2.2655632160205714,1.25927049485959
LEGACY_GROSS100,CORE_DDV50,LAG1_GROSS,BASE,NATIVE_NO_FILL,2025,250,0.8565121384025349,-0.13048523628382547,2.301842033266604,3.6046300713238835,6.564054009447393,1.4993257197749437
LEGACY_GROSS100,CORE_DDV50,LAG1_GROSS,BASE,NATIVE_NO_FILL,2026,54,-0.0890044526465198,-0.17579786513412676,-0.02240757996073884,-0.0313208841566051,-0.50628858648888,0.9961583744217439
LEGACY_GROSS100,CORE_DDV50,LAG1_GROSS,ALL5,NATIVE_NO_FILL,FULL,2568,0.5029413959753826,-0.30322540141869414,1.5510391648331079,2.3721916178097855,1.6586387341636997,1.3499325705024572
LEGACY_GROSS100,CORE_DDV50,LAG1_GROSS,ALL5,NATIVE_NO_FILL,2016_2020,1259,0.5857604865537089,-0.24941116510487082,1.740629533046943,2.7788037608438283,2.348573634654295,1.4162125966108514
LEGACY_GROSS100,CORE_DDV50,LAG1_GROSS,ALL5,NATIVE_NO_FILL,2021_2025,1255,0.4559018403040034,-0.3032254014186947,1.462986576075916,2.16818090072287,1.503508077393861,1.3171210497507628
LEGACY_GROSS100,CORE_DDV50,LAG1_GROSS,ALL5,NATIVE_NO_FILL,2022_2025,1003,0.4580127875565807,-0.20848061191319323,1.5545089563798142,2.3116186619859915,2.196908304103056,1.3550468854430984
LEGACY_GROSS100,CORE_DDV50,LAG1_GROSS,ALL5,NATIVE_NO_FILL,2022_2026_AVAILABLE,1057,0.4226042166568551,-0.20848061191319323,1.421669347691122,2.0962600123208284,2.0270672307543793,1.3184922163879673
LEGACY_GROSS100,CORE_DDV50,LAG1_GROSS,ALL5,NATIVE_NO_FILL,2016,252,0.20888641136767316,-0.1737610356156124,1.1008775803182933,1.6046993241871284,1.2021475967130155,1.2243858127676952
LEGACY_GROSS100,CORE_DDV50,LAG1_GROSS,ALL5,NATIVE_NO_FILL,2017,251,0.2954281201573221,-0.11821600329783577,1.4784350174385161,2.1179179527540333,2.4990535284213133,1.2745760856098447
LEGACY_GROSS100,CORE_DDV50,LAG1_GROSS,ALL5,NATIVE_NO_FILL,2018,251,0.4387199158004247,-0.21116820198502562,1.2645234904572487,1.9055920556950536,2.077585127288886,1.2954765962698638
LEGACY_GROSS100,CORE_DDV50,LAG1_GROSS,ALL5,NATIVE_NO_FILL,2019,252,0.5313780913641262,-0.12842845144694492,1.9250926139725482,3.108898581506729,4.137541840435908,1.4150853707012578
LEGACY_GROSS100,CORE_DDV50,LAG1_GROSS,ALL5,NATIVE_NO_FILL,2020,253,1.8958522113738172,-0.2494111651048707,2.7180491466652783,4.698642591094149,7.601312517732164,1.7223788705059908
LEGACY_GROSS100,CORE_DDV50,LAG1_GROSS,ALL5,NATIVE_NO_FILL,2021,252,0.4475301821733333,-0.3032254014186947,1.2281013531395946,1.8095489931840902,1.4758993807229956,1.225491650568982
LEGACY_GROSS100,CORE_DDV50,LAG1_GROSS,ALL5,NATIVE_NO_FILL,2022,251,0.02621825105865283,-0.1283002714757907,0.23652085223742916,0.32812650436116564,0.20435070602013508,1.0667605676988217
LEGACY_GROSS100,CORE_DDV50,LAG1_GROSS,ALL5,NATIVE_NO_FILL,2023,250,0.6329114909596614,-0.11214382215627627,2.239620463280593,3.4704503682388537,5.6437481690045965,1.5179671521757685
LEGACY_GROSS100,CORE_DDV50,LAG1_GROSS,ALL5,NATIVE_NO_FILL,2024,252,0.46035425330833,-0.20848061191319278,1.2825784735621708,1.8474411542254392,2.2081394000321355,1.2554022582081783
LEGACY_GROSS100,CORE_DDV50,LAG1_GROSS,ALL5,NATIVE_NO_FILL,2025,250,0.8492228192328919,-0.13080905042051583,2.2882942838895275,3.58022151082873,6.492079993722678,1.4956274559796492
LEGACY_GROSS100,CORE_DDV50,LAG1_GROSS,ALL5,NATIVE_NO_FILL,2026,54,-0.09891819648520639,-0.17710675677937915,-0.048845190718713516,-0.06820936886538746,-0.5585229964344511,0.9916430186752899
LEGACY_GROSS100,CORE_DDV50,LAG1_GROSS,ALL10,NATIVE_NO_FILL,FULL,2568,0.49021286454187396,-0.3040670376169099,1.5219247952633614,2.323958769528528,1.6121868005945674,1.3421850014600651
LEGACY_GROSS100,CORE_DDV50,LAG1_GROSS,ALL10,NATIVE_NO_FILL,2016_2020,1259,0.5725228367413076,-0.25075041240762297,1.7117834692690377,2.727955347647767,2.2832378668658273,1.4077821199378941
LEGACY_GROSS100,CORE_DDV50,LAG1_GROSS,ALL10,NATIVE_NO_FILL,2021_2025,1255,0.44391122085057466,-0.3040670376169101,1.434286036866033,2.122550754410048,1.4599123414681086,1.3099223851805175
LEGACY_GROSS100,CORE_DDV50,LAG1_GROSS,ALL10,NATIVE_NO_FILL,2022_2025,1003,0.4476600775533295,-0.21166993503410347,1.5278768014963877,2.2689555972594793,2.114896843905603,1.3478454244552163
LEGACY_GROSS100,CORE_DDV50,LAG1_GROSS,ALL10,NATIVE_NO_FILL,2022_2026_AVAILABLE,1057,0.41180342535054915,-0.21166993503410347,1.3940331481003734,2.0526839582145415,1.9454979531420034,1.311289018015758
LEGACY_GROSS100,CORE_DDV50,LAG1_GROSS,ALL10,NATIVE_NO_FILL,2016,252,0.19823612363193188,-0.17642865300437693,1.0543998795387943,1.5328458390490436,1.1236050395227692,1.2136395196291685
LEGACY_GROSS100,CORE_DDV50,LAG1_GROSS,ALL10,NATIVE_NO_FILL,2017,251,0.28210894422225885,-0.1190394261555755,1.4233695715478962,2.0338119934127383,2.3698782271813363,1.2634279022758605
LEGACY_GROSS100,CORE_DDV50,LAG1_GROSS,ALL10,NATIVE_NO_FILL,2018,251,0.4275074364729736,-0.21244968583160273,1.2412721642422888,1.8681437968624959,2.01227615281971,1.2890397758018235
LEGACY_GROSS100,CORE_DDV50,LAG1_GROSS,ALL10,NATIVE_NO_FILL,2019,252,0.5219819539890993,-0.12894881362286104,1.8987493160473372,3.061821519545936,4.047977948178333,1.4079740155358287
LEGACY_GROSS100,CORE_DDV50,LAG1_GROSS,ALL10,NATIVE_NO_FILL,2020,253,1.870607148689729,-0.25075041240762297,2.6972774647734052,4.6541777479435575,7.460036179916015,1.7145345439920228
LEGACY_GROSS100,CORE_DDV50,LAG1_GROSS,ALL10,NATIVE_NO_FILL,2021,252,0.42908614433927283,-0.3040670376169101,1.1921293533852722,1.7535524072146074,1.4111563940050371,1.2182362266752242
LEGACY_GROSS100,CORE_DDV50,LAG1_GROSS,ALL10,NATIVE_NO_FILL,2022,251,0.020160183734044157,-0.1288520675306547,0.20222852538671734,0.2801755068906778,0.15645991655700772,1.056738947926765
LEGACY_GROSS100,CORE_DDV50,LAG1_GROSS,ALL10,NATIVE_NO_FILL,2023,250,0.6221828821495947,-0.11319408366021788,2.212338283998308,3.4243922269402933,5.496602490437946,1.5102357493667005
LEGACY_GROSS100,CORE_DDV50,LAG1_GROSS,ALL10,NATIVE_NO_FILL,2024,252,0.44606331258561616,-0.21166993503410347,1.2536049436182306,1.8032726166114468,2.107353188886972,1.2488468425762014
LEGACY_GROSS100,CORE_DDV50,LAG1_GROSS,ALL10,NATIVE_NO_FILL,2025,250,0.8379035958599452,-0.13113284469298236,2.2672209334925033,3.5420730562725518,6.389730946672478,1.4898770125579337
LEGACY_GROSS100,CORE_DDV50,LAG1_GROSS,ALL10,NATIVE_NO_FILL,2026,54,-0.11394923304456783,-0.1788279685123455,-0.08937580550422454,-0.12460988529000581,-0.637200288033811,0.9847655078613331
LEGACY_GROSS100,CORE_DDV50,LAG1_GROSS,ALL20,NATIVE_NO_FILL,FULL,2568,0.46506490101301146,-0.3057482389340782,1.463513812034886,2.227624687150225,1.521071397285409,1.326777479234799
LEGACY_GROSS100,CORE_DDV50,LAG1_GROSS,ALL20,NATIVE_NO_FILL,2016_2020,1259,0.5463644305741358,-0.2534233417389582,1.6539051126232975,2.6264020183106824,2.1559357035743183,1.3910344551985434
LEGACY_GROSS100,CORE_DDV50,LAG1_GROSS,ALL20,NATIVE_NO_FILL,2021_2025,1255,0.42021281779801667,-0.3057482389340781,1.3766893521328691,2.031382072105935,1.3743752679099424,1.2955818878128669
LEGACY_GROSS100,CORE_DDV50,LAG1_GROSS,ALL20,NATIVE_NO_FILL,2022_2025,1003,0.4271643814018482,-0.2180144460008796,1.474442709715564,2.1836824645866053,1.9593398017309585,1.3335241455855336
LEGACY_GROSS100,CORE_DDV50,LAG1_GROSS,ALL20,NATIVE_NO_FILL,2022_2026_AVAILABLE,1057,0.3904361904709357,-0.2180144460008796,1.3386114016793533,1.9656310783974316,1.7908730253102605,1.2969782927605826
LEGACY_GROSS100,CORE_DDV50,LAG1_GROSS,ALL20,NATIVE_NO_FILL,2016,252,0.17720525028336986,-0.1817411230310032,0.9610553176369153,1.3896207358075716,0.9750421221571325,1.19248835219862
LEGACY_GROSS100,CORE_DDV50,LAG1_GROSS,ALL20,NATIVE_NO_FILL,2017,251,0.2558654585712288,-0.1206845702971272,1.3127792577282293,1.866424366926195,2.1201174097176154,1.2411372500028863
LEGACY_GROSS100,CORE_DDV50,LAG1_GROSS,ALL20,NATIVE_NO_FILL,2018,251,0.4053327368200934,-0.21500749770752337,1.19462465147162,1.7932964241582008,1.885202800562198,1.2762808706537285
LEGACY_GROSS100,CORE_DDV50,LAG1_GROSS,ALL20,NATIVE_NO_FILL,2019,252,0.5033542838285443,-0.12998926825398383,1.845921412529632,2.9675813875980634,3.872275693136828,1.3938493192499057
LEGACY_GROSS100,CORE_DDV50,LAG1_GROSS,ALL20,NATIVE_NO_FILL,2020,253,1.8207468305733019,-0.25342334173895875,2.655602770278539,4.5653326806777015,7.184605877578477,1.6989992177489688
LEGACY_GROSS100,CORE_DDV50,LAG1_GROSS,ALL20,NATIVE_NO_FILL,2021,252,0.39287845792827736,-0.3057482389340781,1.1199199370828559,1.6417561280058943,1.2849737394987426,1.203745964304277
LEGACY_GROSS100,CORE_DDV50,LAG1_GROSS,ALL20,NATIVE_NO_FILL,2022,251,0.0081466680756761,-0.12995535361143018,0.1335179234339727,0.18447994246079372,0.06268820675164215,1.0370072542880446
LEGACY_GROSS100,CORE_DDV50,LAG1_GROSS,ALL20,NATIVE_NO_FILL,2023,250,0.6009257529757763,-0.11529141424046041,2.1574082831486243,3.332054220364019,5.212233338750105,1.49465649093225
LEGACY_GROSS100,CORE_DDV50,LAG1_GROSS,ALL20,NATIVE_NO_FILL,2024,252,0.4178836384506357,-0.2180144460008795,1.1955721887174928,1.7151293678585395,1.9167704072644338,1.2358631039480548
LEGACY_GROSS100,CORE_DDV50,LAG1_GROSS,ALL20,NATIVE_NO_FILL,2025,250,0.8154611524055604,-0.1317803736460671,2.224890724722743,3.465751610245653,6.188031873363089,1.478452641261543
LEGACY_GROSS100,CORE_DDV50,LAG1_GROSS,ALL20,NATIVE_NO_FILL,2026,54,-0.14328173103069008,-0.18226150464792845,-0.17033804854129372,-0.23672902369424495,-0.7861327124861887,0.9711764165940803
LEGACY_GROSS100,CORE_DDV50,LAG1_GROSS,BASE,SELECTIVE_FILL_NO_ZERO_OVERRIDE,FULL,2568,0.5103849885443992,-0.30315553560565744,1.5498463049325906,2.365954141718143,1.6835746954932873,1.350138631750219
LEGACY_GROSS100,CORE_DDV50,LAG1_GROSS,BASE,SELECTIVE_FILL_NO_ZERO_OVERRIDE,2016_2020,1259,0.5893593123062195,-0.24839557918930344,1.7325102734313094,2.750317702850195,2.3726642568669307,1.4121096659816665
LEGACY_GROSS100,CORE_DDV50,LAG1_GROSS,BASE,SELECTIVE_FILL_NO_ZERO_OVERRIDE,2021_2025,1255,0.4666631360961524,-0.3031555356056572,1.4660553509073777,2.175978792874722,1.539352184890283,1.32030148606383
LEGACY_GROSS100,CORE_DDV50,LAG1_GROSS,BASE,SELECTIVE_FILL_NO_ZERO_OVERRIDE,2022_2025,1003,0.45610100255508224,-0.206930445471473,1.5165017848040288,2.2551079228998434,2.20412709940239,1.349166415135429
LEGACY_GROSS100,CORE_DDV50,LAG1_GROSS,BASE,SELECTIVE_FILL_NO_ZERO_OVERRIDE,2022_2026_AVAILABLE,1057,0.42162857071381454,-0.206930445471473,1.3929653266325377,2.0549443325722248,2.0375376361519475,1.3142972076808486
LEGACY_GROSS100,CORE_DDV50,LAG1_GROSS,BASE,SELECTIVE_FILL_NO_ZERO_OVERRIDE,2016,252,0.20199145201969682,-0.17588276085049304,1.0469399517844837,1.4976944185788232,1.1484437192306594,1.2141465491955723
LEGACY_GROSS100,CORE_DDV50,LAG1_GROSS,BASE,SELECTIVE_FILL_NO_ZERO_OVERRIDE,2017,251,0.3055325963162421,-0.12187643668234693,1.4890511808992413,2.117586830165166,2.506904571821114,1.277860467175789
LEGACY_GROSS100,CORE_DDV50,LAG1_GROSS,BASE,SELECTIVE_FILL_NO_ZERO_OVERRIDE,2018,251,0.3631111844367445,-0.236256179353733,1.090661943859212,1.6218725902829434,1.5369383583109533,1.2481396420265978
LEGACY_GROSS100,CORE_DDV50,LAG1_GROSS,BASE,SELECTIVE_FILL_NO_ZERO_OVERRIDE,2019,252,0.5731299221098543,-0.1281261434219918,2.012942965389091,3.2729958970665645,4.473169228408081,1.4381009912538594
LEGACY_GROSS100,CORE_DDV50,LAG1_GROSS,BASE,SELECTIVE_FILL_NO_ZERO_OVERRIDE,2020,253,2.0021042184996567,-0.24839557918930355,2.7985857112390167,4.854082544282055,8.060144327181614,1.7482925196009826
LEGACY_GROSS100,CORE_DDV50,LAG1_GROSS,BASE,SELECTIVE_FILL_NO_ZERO_OVERRIDE,2021,252,0.5094669162212511,-0.3031555356056572,1.3445552428113725,1.9902719023889661,1.6805463083608752,1.2489138222182397
LEGACY_GROSS100,CORE_DDV50,LAG1_GROSS,BASE,SELECTIVE_FILL_NO_ZERO_OVERRIDE,2022,251,-0.027769846194718784,-0.14324263123805547,-0.057999955637442924,-0.07603038491364325,-0.19386579229034107,0.9838149561150532
LEGACY_GROSS100,CORE_DDV50,LAG1_GROSS,BASE,SELECTIVE_FILL_NO_ZERO_OVERRIDE,2023,250,0.6264132410144536,-0.12220691772796244,2.164285941261509,3.391940998083449,5.125841095255138,1.502962951565193
LEGACY_GROSS100,CORE_DDV50,LAG1_GROSS,BASE,SELECTIVE_FILL_NO_ZERO_OVERRIDE,2024,252,0.4688140055349206,-0.20693044547147332,1.2995461293631365,1.873132032858813,2.2655632160205714,1.25927049485959
LEGACY_GROSS100,CORE_DDV50,LAG1_GROSS,BASE,SELECTIVE_FILL_NO_ZERO_OVERRIDE,2025,250,0.938521838035602,-0.1380513213312553,2.3669839718022696,3.7741221802270797,6.798354619030491,1.530343415811759
LEGACY_GROSS100,CORE_DDV50,LAG1_GROSS,BASE,SELECTIVE_FILL_NO_ZERO_OVERRIDE,2026,54,-0.0890044526465198,-0.17579786513412676,-0.02240757996073884,-0.0313208841566051,-0.50628858648888,0.9961583744217439
LEGACY_GROSS100,CORE_DDV50,LAG1_GROSS,ALL5,SELECTIVE_FILL_NO_ZERO_OVERRIDE,FULL,2568,0.5029551340896998,-0.30365221728605674,1.533092464827567,2.3384822774192786,1.656352581861403,1.345686716289103
LEGACY_GROSS100,CORE_DDV50,LAG1_GROSS,ALL5,SELECTIVE_FILL_NO_ZERO_OVERRIDE,2016_2020,1259,0.5819895773463666,-0.2493317149923996,1.7164627312576959,2.722595487139027,2.334197947357429,1.4075206889813285
LEGACY_GROSS100,CORE_DDV50,LAG1_GROSS,ALL5,SELECTIVE_FILL_NO_ZERO_OVERRIDE,2021_2025,1255,0.4594105711733665,-0.30365221728605685,1.4491307300617804,2.149135494517395,1.5129498321449002,1.3159816500512356
LEGACY_GROSS100,CORE_DDV50,LAG1_GROSS,ALL5,SELECTIVE_FILL_NO_ZERO_OVERRIDE,2022_2025,1003,0.4497775369063832,-0.20848061191319278,1.500592934765405,2.229830658808967,2.1574070259044604,1.3447998499061034
LEGACY_GROSS100,CORE_DDV50,LAG1_GROSS,ALL5,SELECTIVE_FILL_NO_ZERO_OVERRIDE,2022_2026_AVAILABLE,1057,0.4149783658238757,-0.20848061191319278,1.3763177509171507,2.0288623763853444,1.990489005263782,1.309910622199942
LEGACY_GROSS100,CORE_DDV50,LAG1_GROSS,ALL5,SELECTIVE_FILL_NO_ZERO_OVERRIDE,2016,252,0.19520342269991264,-0.17751301479934334,1.0178603684299867,1.4538227626090616,1.0996569627334996,1.2075351246684816
LEGACY_GROSS100,CORE_DDV50,LAG1_GROSS,ALL5,SELECTIVE_FILL_NO_ZERO_OVERRIDE,2017,251,0.296653506015768,-0.12269498687941138,1.4536062009813888,2.063905169493496,2.417812769378497,1.2705877458276404
LEGACY_GROSS100,CORE_DDV50,LAG1_GROSS,ALL5,SELECTIVE_FILL_NO_ZERO_OVERRIDE,2018,251,0.35760267242451116,-0.23669338162957343,1.0786747945244002,1.6029753542275387,1.5108266651247626,1.2450209878877143
LEGACY_GROSS100,CORE_DDV50,LAG1_GROSS,ALL5,SELECTIVE_FILL_NO_ZERO_OVERRIDE,2019,252,0.5682870227935555,-0.12842845144694492,1.9998566028813043,3.2496929284405613,4.424930896471336,1.4344771960359288
LEGACY_GROSS100,CORE_DDV50,LAG1_GROSS,ALL5,SELECTIVE_FILL_NO_ZERO_OVERRIDE,2020,253,1.9912306048273316,-0.2493317149923997,2.7893764124623672,4.834701447461378,7.986270839584245,1.7447642814604793
LEGACY_GROSS100,CORE_DDV50,LAG1_GROSS,ALL5,SELECTIVE_FILL_NO_ZERO_OVERRIDE,2021,252,0.49839014139663096,-0.30365221728605685,1.3239845811591422,1.9579096532707023,1.6413189597332016,1.2446703001549844
LEGACY_GROSS100,CORE_DDV50,LAG1_GROSS,ALL5,SELECTIVE_FILL_NO_ZERO_OVERRIDE,2022,251,-0.031983788357134335,-0.14359883746526814,-0.08137953338245563,-0.10660389723067558,-0.22273013432208438,0.977384165122059
LEGACY_GROSS100,CORE_DDV50,LAG1_GROSS,ALL5,SELECTIVE_FILL_NO_ZERO_OVERRIDE,2023,250,0.6209794522644629,-0.12298374432810644,2.1505539363355237,3.368310749075713,5.049280745654982,1.4989726027177812
LEGACY_GROSS100,CORE_DDV50,LAG1_GROSS,ALL5,SELECTIVE_FILL_NO_ZERO_OVERRIDE,2024,252,0.46035425330833,-0.20848061191319278,1.2825784735621708,1.8474411542254392,2.2081394000321355,1.2554022582081783
LEGACY_GROSS100,CORE_DDV50,LAG1_GROSS,ALL5,SELECTIVE_FILL_NO_ZERO_OVERRIDE,2025,250,0.9309166421005515,-0.1382649691783827,2.3540417599491468,3.7501741840135754,6.732845258147263,1.526630676476237
LEGACY_GROSS100,CORE_DDV50,LAG1_GROSS,ALL5,SELECTIVE_FILL_NO_ZERO_OVERRIDE,2026,54,-0.09891819648520639,-0.17710675677937915,-0.048845190718713516,-0.06820936886538746,-0.5585229964344511,0.9916430186752899
LEGACY_GROSS100,CORE_DDV50,LAG1_GROSS,ALL10,SELECTIVE_FILL_NO_ZERO_OVERRIDE,FULL,2568,0.48927739099121026,-0.3044959941315607,1.5021942101156733,2.287484792565602,1.6068434410332926,1.3375153542457872
LEGACY_GROSS100,CORE_DDV50,LAG1_GROSS,ALL10,SELECTIVE_FILL_NO_ZERO_OVERRIDE,2016_2020,1259,0.5677573553236719,-0.2508941172553535,1.6856334640474415,2.668770589328657,2.262936100434046,1.3986843222912293
LEGACY_GROSS100,CORE_DDV50,LAG1_GROSS,ALL10,SELECTIVE_FILL_NO_ZERO_OVERRIDE,2021_2025,1255,0.44645450939532605,-0.3044959941315608,1.4187224737036852,2.10073200269404,1.4662081538006393,1.3083170433972364
LEGACY_GROSS100,CORE_DDV50,LAG1_GROSS,ALL10,SELECTIVE_FILL_NO_ZERO_OVERRIDE,2022_2025,1003,0.4385969933157585,-0.21166993503410314,1.4723478517339355,2.1846063091073415,2.0720797842409415,1.3371570749826442
LEGACY_GROSS100,CORE_DDV50,LAG1_GROSS,ALL10,SELECTIVE_FILL_NO_ZERO_OVERRIDE,2022_2026_AVAILABLE,1057,0.40341502413458397,-0.21166993503410314,1.3472110179693018,1.9829826682142,1.9058683231021347,1.302317807110284
LEGACY_GROSS100,CORE_DDV50,LAG1_GROSS,ALL10,SELECTIVE_FILL_NO_ZERO_OVERRIDE,2016,252,0.1831974680600259,-0.1803618037325012,0.9658965998450446,1.3752313741981452,1.0157220889835983,1.1957954298606153
LEGACY_GROSS100,CORE_DDV50,LAG1_GROSS,ALL10,SELECTIVE_FILL_NO_ZERO_OVERRIDE,2017,251,0.2823192481974488,-0.12390094707380173,1.3959202591273419,1.9765222486336487,2.2785882986776933,1.2587941517249033
LEGACY_GROSS100,CORE_DDV50,LAG1_GROSS,ALL10,SELECTIVE_FILL_NO_ZERO_OVERRIDE,2018,251,0.34677612267836233,-0.23797324705870426,1.0551390991378102,1.5660536054365757,1.457206332915305,1.2389300726634707
LEGACY_GROSS100,CORE_DDV50,LAG1_GROSS,ALL10,SELECTIVE_FILL_NO_ZERO_OVERRIDE,2019,252,0.5580839397374571,-0.12894881362286104,1.9723271096575574,3.1998752014118796,4.327949393700476,1.4269684916057912
LEGACY_GROSS100,CORE_DDV50,LAG1_GROSS,ALL10,SELECTIVE_FILL_NO_ZERO_OVERRIDE,2020,253,1.9631202685502904,-0.2508941172553535,2.766831903517227,4.786621712634881,7.824497003061565,1.7362357370134356
LEGACY_GROSS100,CORE_DDV50,LAG1_GROSS,ALL10,SELECTIVE_FILL_NO_ZERO_OVERRIDE,2021,252,0.47815633330540486,-0.3044959941315608,1.285990361409592,1.89836310685905,1.5703206036228254,1.2368977324440225
LEGACY_GROSS100,CORE_DDV50,LAG1_GROSS,ALL10,SELECTIVE_FILL_NO_ZERO_OVERRIDE,2022,251,-0.038124832902394434,-0.1444181068412449,-0.1156521350014829,-0.15128160564280452,-0.26398928594393,0.9680426451850177
LEGACY_GROSS100,CORE_DDV50,LAG1_GROSS,ALL10,SELECTIVE_FILL_NO_ZERO_OVERRIDE,2023,250,0.6092490733899556,-0.12432595373050181,2.1209651595163153,3.317651205099078,4.900417451939353,1.490603968711682
LEGACY_GROSS100,CORE_DDV50,LAG1_GROSS,ALL10,SELECTIVE_FILL_NO_ZERO_OVERRIDE,2024,252,0.44606331258561616,-0.21166993503410347,1.2536049436182306,1.8032726166114468,2.107353188886972,1.2488468425762014
LEGACY_GROSS100,CORE_DDV50,LAG1_GROSS,ALL10,SELECTIVE_FILL_NO_ZERO_OVERRIDE,2025,250,0.9164990189790359,-0.13876911416765314,2.329527957419854,3.7046294348144433,6.604488502187689,1.5196448078536644
LEGACY_GROSS100,CORE_DDV50,LAG1_GROSS,ALL10,SELECTIVE_FILL_NO_ZERO_OVERRIDE,2026,54,-0.11394923304456783,-0.1788279685123455,-0.08937580550422454,-0.12460988529000581,-0.637200288033811,0.9847655078613331
LEGACY_GROSS100,CORE_DDV50,LAG1_GROSS,ALL20,SELECTIVE_FILL_NO_ZERO_OVERRIDE,FULL,2568,0.4622799613860056,-0.30618145884106307,1.4402163408538011,2.185683477804696,1.5098234985743284,1.3212619577477855
LEGACY_GROSS100,CORE_DDV50,LAG1_GROSS,ALL20,SELECTIVE_FILL_NO_ZERO_OVERRIDE,2016_2020,1259,0.5396612309287485,-0.2540110855320765,1.6237911956922428,2.561340225665202,2.124557791634649,1.3811013945067037
LEGACY_GROSS100,CORE_DDV50,LAG1_GROSS,ALL20,SELECTIVE_FILL_NO_ZERO_OVERRIDE,2021_2025,1255,0.4208729898658843,-0.30618145884106296,1.3577091970840047,2.004071945611576,1.374586793919344,1.2930635301586864
LEGACY_GROSS100,CORE_DDV50,LAG1_GROSS,ALL20,SELECTIVE_FILL_NO_ZERO_OVERRIDE,2022_2025,1003,0.4164828135350682,-0.2180144460008797,1.4156927417232454,2.0942768658305186,1.9103450306838274,1.3219739647530153
LEGACY_GROSS100,CORE_DDV50,LAG1_GROSS,ALL20,SELECTIVE_FILL_NO_ZERO_OVERRIDE,2022_2026_AVAILABLE,1057,0.38055927685966195,-0.2180144460008797,1.288852883698103,1.8913826543525931,1.745569084252914,1.2872461309640095
LEGACY_GROSS100,CORE_DDV50,LAG1_GROSS,ALL20,SELECTIVE_FILL_NO_ZERO_OVERRIDE,2016,252,0.1595339964966489,-0.18603279405283857,0.8616782035679248,1.2190751580853283,0.8575584606407446,1.1726311411942172
LEGACY_GROSS100,CORE_DDV50,LAG1_GROSS,ALL20,SELECTIVE_FILL_NO_ZERO_OVERRIDE,2017,251,0.25410894556556896,-0.12630889410898816,1.2800393147614777,1.8026151179758896,2.0118056401183115,1.2352099913251389
LEGACY_GROSS100,CORE_DDV50,LAG1_GROSS,ALL20,SELECTIVE_FILL_NO_ZERO_OVERRIDE,2018,251,0.3253713496433086,-0.24085959629741638,1.00793652087936,1.4922859614946329,1.3508755916103756,1.2268430475789238
LEGACY_GROSS100,CORE_DDV50,LAG1_GROSS,ALL20,SELECTIVE_FILL_NO_ZERO_OVERRIDE,2019,252,0.5378674358860898,-0.12998926825398383,1.9171092322843264,3.100192926833566,4.137783396358226,1.4120586599336014
LEGACY_GROSS100,CORE_DDV50,LAG1_GROSS,ALL20,SELECTIVE_FILL_NO_ZERO_OVERRIDE,2020,253,1.9076566291817558,-0.2540110855320764,2.721604494581043,4.690574258376111,7.510131399130837,1.7193573200833472
LEGACY_GROSS100,CORE_DDV50,LAG1_GROSS,ALL20,SELECTIVE_FILL_NO_ZERO_OVERRIDE,2021,252,0.4384818590861317,-0.30618145884106296,1.2097125206200645,1.7794928821928124,1.4320980138570216,1.2213807288437495
LEGACY_GROSS100,CORE_DDV50,LAG1_GROSS,ALL20,SELECTIVE_FILL_NO_ZERO_OVERRIDE,2022,251,-0.0502949727279004,-0.14606145874667664,-0.18418969217508036,-0.24023929626522034,-0.34434116405156584,0.9496884602603698
LEGACY_GROSS100,CORE_DDV50,LAG1_GROSS,ALL20,SELECTIVE_FILL_NO_ZERO_OVERRIDE,2023,250,0.5860304367030771,-0.12700505331139222,2.0614393695726387,3.2161781244678336,4.614229287918505,1.4737930748662071
LEGACY_GROSS100,CORE_DDV50,LAG1_GROSS,ALL20,SELECTIVE_FILL_NO_ZERO_OVERRIDE,2024,252,0.4178836384506357,-0.2180144460008795,1.1955721887174928,1.7151293678585395,1.9167704072644338,1.2358631039480548
LEGACY_GROSS100,CORE_DDV50,LAG1_GROSS,ALL20,SELECTIVE_FILL_NO_ZERO_OVERRIDE,2025,250,0.8879715634963263,-0.13977673047409245,2.2802750389593536,3.6135837702569513,6.352785334758646,1.5057803128629859
LEGACY_GROSS100,CORE_DDV50,LAG1_GROSS,ALL20,SELECTIVE_FILL_NO_ZERO_OVERRIDE,2026,54,-0.14328173103069008,-0.18226150464792845,-0.17033804854129372,-0.23672902369424495,-0.7861327124861887,0.9711764165940803
LEGACY_GROSS100,CORE_DDV20_REFILL,SAME_DAY_GROSS,BASE,NATIVE_NO_FILL,FULL,2568,0.476449442013696,-0.2729737195442363,1.5014791453521834,2.2882220682374057,1.745404073363501,1.3374936611210817
LEGACY_GROSS100,CORE_DDV20_REFILL,SAME_DAY_GROSS,BASE,NATIVE_NO_FILL,2016_2020,1259,0.521937997819276,-0.24741364504720342,1.6136314659640727,2.561213523560246,2.109576445226765,1.3814635021119848
LEGACY_GROSS100,CORE_DDV20_REFILL,SAME_DAY_GROSS,BASE,NATIVE_NO_FILL,2021_2025,1255,0.46994561098883114,-0.2729737195442362,1.5069316131233192,2.236762993641321,1.7215782228907022,1.328013228787573
LEGACY_GROSS100,CORE_DDV20_REFILL,SAME_DAY_GROSS,BASE,NATIVE_NO_FILL,2022_2025,1003,0.47584071203385037,-0.2040988989066509,1.6067726906376463,2.4110551372276245,2.331422239820542,1.3697244027474649
LEGACY_GROSS100,CORE_DDV20_REFILL,SAME_DAY_GROSS,BASE,NATIVE_NO_FILL,2022_2026_AVAILABLE,1057,0.43096248107903734,-0.2040988989066509,1.4484831355264867,2.1442606294419844,2.111537511410816,1.326340272743943
LEGACY_GROSS100,CORE_DDV20_REFILL,SAME_DAY_GROSS,BASE,NATIVE_NO_FILL,2016,252,0.25028786703834993,-0.16868375720664586,1.2569718098411644,1.8607112086174382,1.4837698138993611,1.2663952249201786
LEGACY_GROSS100,CORE_DDV20_REFILL,SAME_DAY_GROSS,BASE,NATIVE_NO_FILL,2017,251,0.34531374451053076,-0.1345981882914109,1.6668477175640242,2.3746467220278933,2.56551554589213,1.3070939521488067
LEGACY_GROSS100,CORE_DDV20_REFILL,SAME_DAY_GROSS,BASE,NATIVE_NO_FILL,2018,251,0.2404486009096758,-0.23703221040789813,0.8069460112081516,1.2013961645913085,1.0144131909156926,1.1763255494116107
LEGACY_GROSS100,CORE_DDV20_REFILL,SAME_DAY_GROSS,BASE,NATIVE_NO_FILL,2019,252,0.47867246976518074,-0.1256284173420965,1.8587062482179675,2.993832179001857,3.810224469052382,1.4045970699241002
LEGACY_GROSS100,CORE_DDV20_REFILL,SAME_DAY_GROSS,BASE,NATIVE_NO_FILL,2020,253,1.6374717405339236,-0.24741364504720376,2.557108747319939,4.4319791546267435,6.618356640037021,1.6878096177795072
LEGACY_GROSS100,CORE_DDV20_REFILL,SAME_DAY_GROSS,BASE,NATIVE_NO_FILL,2021,252,0.44671462511640736,-0.2729737195442362,1.2413136535724254,1.801225941443228,1.636474844033533,1.2271635263876093
LEGACY_GROSS100,CORE_DDV20_REFILL,SAME_DAY_GROSS,BASE,NATIVE_NO_FILL,2022,251,-0.04578479475012154,-0.12852137435808675,-0.17670337633940197,-0.23373890616928372,-0.3562426481882754,0.9526698859344847
LEGACY_GROSS100,CORE_DDV20_REFILL,SAME_DAY_GROSS,BASE,NATIVE_NO_FILL,2023,250,0.5968313269517351,-0.12116541326057606,2.1591409082133426,3.2255238960788337,4.925756541334126,1.4874264378907438
LEGACY_GROSS100,CORE_DDV20_REFILL,SAME_DAY_GROSS,BASE,NATIVE_NO_FILL,2024,252,0.7293621576260054,-0.19064861945628664,1.7892567883939419,2.6894552251883734,3.8256881151622455,1.372580286677418
LEGACY_GROSS100,CORE_DDV20_REFILL,SAME_DAY_GROSS,BASE,NATIVE_NO_FILL,2025,250,0.8012476142762328,-0.13289611315399064,2.218614826273766,3.5264350478562325,6.029127528717138,1.4873566752255651
LEGACY_GROSS100,CORE_DDV20_REFILL,SAME_DAY_GROSS,BASE,NATIVE_NO_FILL,2026,54,-0.19364387095462487,-0.1974917025586439,-0.32038671182755507,-0.43402968073619846,-0.9805164897858104,0.9458229268482652
LEGACY_GROSS100,CORE_DDV20_REFILL,SAME_DAY_GROSS,ALL5,NATIVE_NO_FILL,FULL,2568,0.46896106653014025,-0.27362970146747334,1.4838271480943162,2.2595022177499557,1.7138529334173402,1.3328698821937268
LEGACY_GROSS100,CORE_DDV20_REFILL,SAME_DAY_GROSS,ALL5,NATIVE_NO_FILL,2016_2020,1259,0.5145215901950553,-0.24906368364604392,1.5965846203622096,2.5319294958399787,2.06582341778204,1.3766928241506309
LEGACY_GROSS100,CORE_DDV20_REFILL,SAME_DAY_GROSS,ALL5,NATIVE_NO_FILL,2021_2025,1255,0.46256780910402306,-0.27362970146747356,1.4891804147189096,2.2087922046239576,1.6904883008798979,1.3235153326987101
LEGACY_GROSS100,CORE_DDV20_REFILL,SAME_DAY_GROSS,ALL5,NATIVE_NO_FILL,2022_2025,1003,0.46934754309576876,-0.20502628230905673,1.5900521281555426,2.3843632636909424,2.2892067193037917,1.3651667406812247
LEGACY_GROSS100,CORE_DDV20_REFILL,SAME_DAY_GROSS,ALL5,NATIVE_NO_FILL,2022_2026_AVAILABLE,1057,0.4241887747710342,-0.20502628230905673,1.4311074184753019,2.117070504902341,2.068948283087004,1.3217921413896978
LEGACY_GROSS100,CORE_DDV20_REFILL,SAME_DAY_GROSS,ALL5,NATIVE_NO_FILL,2016,252,0.24291927168969019,-0.17040020485849838,1.2264535129134928,1.8131179001231075,1.425580866474968,1.259032236453115
LEGACY_GROSS100,CORE_DDV20_REFILL,SAME_DAY_GROSS,ALL5,NATIVE_NO_FILL,2017,251,0.3358706360251946,-0.13551614454946215,1.6295432187481853,2.3177392736296683,2.4784547785198017,1.299455295731562
LEGACY_GROSS100,CORE_DDV20_REFILL,SAME_DAY_GROSS,ALL5,NATIVE_NO_FILL,2018,251,0.23492455925054112,-0.23741165344674697,0.7939109539113862,1.1810571415087843,0.9895241275645144,1.173223340059352
LEGACY_GROSS100,CORE_DDV20_REFILL,SAME_DAY_GROSS,ALL5,NATIVE_NO_FILL,2019,252,0.4741408988283595,-0.12621118940261433,1.8443871793621445,2.968505969584982,3.7567263336362964,1.4007830886413186
LEGACY_GROSS100,CORE_DDV20_REFILL,SAME_DAY_GROSS,ALL5,NATIVE_NO_FILL,2020,253,1.6270803567961898,-0.24906368364604392,2.547360794463968,4.41181165719186,6.532788453849859,1.6842414230931506
LEGACY_GROSS100,CORE_DDV20_REFILL,SAME_DAY_GROSS,ALL5,NATIVE_NO_FILL,2021,252,0.43589201141965717,-0.27362970146747356,1.2198143626334028,1.7684659572505608,1.5929996235129897,1.2227862228111277
LEGACY_GROSS100,CORE_DDV20_REFILL,SAME_DAY_GROSS,ALL5,NATIVE_NO_FILL,2022,251,-0.05007572094015966,-0.1288618243206845,-0.2020520088406045,-0.26700332095307133,-0.3886001242349451,0.9461287566440796
LEGACY_GROSS100,CORE_DDV20_REFILL,SAME_DAY_GROSS,ALL5,NATIVE_NO_FILL,2023,250,0.5915755956926043,-0.12189453642857062,2.1449402729857003,3.202587711248134,4.853175646959892,1.4834464939010592
LEGACY_GROSS100,CORE_DDV20_REFILL,SAME_DAY_GROSS,ALL5,NATIVE_NO_FILL,2024,252,0.7193520817683303,-0.19217824745869316,1.7721393024833398,2.6622899326537763,3.743150389187247,1.368381031371145
LEGACY_GROSS100,CORE_DDV20_REFILL,SAME_DAY_GROSS,ALL5,NATIVE_NO_FILL,2025,250,0.7940265515622085,-0.1334513849672484,2.20444728988718,3.501328386784491,5.949931143517755,1.4837241848952423
LEGACY_GROSS100,CORE_DDV20_REFILL,SAME_DAY_GROSS,ALL5,NATIVE_NO_FILL,2026,54,-0.20244738550444696,-0.19876459810182678,-0.3471504781147239,-0.4698548053811207,-1.0185283870356707,0.9414292369193046
LEGACY_GROSS100,CORE_DDV20_REFILL,SAME_DAY_GROSS,ALL10,NATIVE_NO_FILL,FULL,2568,0.45628893518279434,-0.27464591530051263,1.4538919033223072,2.210384997366462,1.6613716416773618,1.3249709132063765
LEGACY_GROSS100,CORE_DDV20_REFILL,SAME_DAY_GROSS,ALL10,NATIVE_NO_FILL,2016_2020,1259,0.5015278228161755,-0.2515189754282616,1.5667535003327138,2.4799754502263833,1.9939959677484513,1.3682265636696875
LEGACY_GROSS100,CORE_DDV20_REFILL,SAME_DAY_GROSS,ALL10,NATIVE_NO_FILL,2021_2025,1255,0.4503914714226156,-0.27464591530051297,1.4597809579072,2.162243248865412,1.639898670729564,1.316055920682361
LEGACY_GROSS100,CORE_DDV20_REFILL,SAME_DAY_GROSS,ALL10,NATIVE_NO_FILL,2022_2025,1003,0.4588042772561174,-0.20642952759469313,1.5628638885448227,2.3406080944383083,2.222570979074954,1.357720823769654
LEGACY_GROSS100,CORE_DDV20_REFILL,SAME_DAY_GROSS,ALL10,NATIVE_NO_FILL,2022_2026_AVAILABLE,1057,0.4132738499900168,-0.20642952759469313,1.4030070172122453,2.072820305438465,2.0020093772701206,1.3143989323096152
LEGACY_GROSS100,CORE_DDV20_REFILL,SAME_DAY_GROSS,ALL10,NATIVE_NO_FILL,2016,252,0.23166132069253642,-0.17294316685304678,1.1796261397787635,1.7394126596204045,1.3395228323151016,1.2477553141786237
LEGACY_GROSS100,CORE_DDV20_REFILL,SAME_DAY_GROSS,ALL10,NATIVE_NO_FILL,2017,251,0.32184506361263265,-0.13643339377440067,1.5736142479484245,2.232158133016806,2.358990381378472,1.2879082778892434
LEGACY_GROSS100,CORE_DDV20_REFILL,SAME_DAY_GROSS,ALL10,NATIVE_NO_FILL,2018,251,0.22478482130003474,-0.23855748793753928,0.769754349345671,1.1434861752437073,0.9422668860383432,1.1674569742760765
LEGACY_GROSS100,CORE_DDV20_REFILL,SAME_DAY_GROSS,ALL10,NATIVE_NO_FILL,2019,252,0.46529412955225435,-0.12714370875807834,1.816777920350754,2.9191710631348773,3.659592236982712,1.39342582473285
LEGACY_GROSS100,CORE_DDV20_REFILL,SAME_DAY_GROSS,ALL10,NATIVE_NO_FILL,2020,253,1.60310371436515,-0.2515189754282613,2.5255850313568393,4.365651403144218,6.373688949851779,1.6760036544664194
LEGACY_GROSS100,CORE_DDV20_REFILL,SAME_DAY_GROSS,ALL10,NATIVE_NO_FILL,2021,252,0.417385259532848,-0.27464591530051297,1.1826874789610176,1.711954592987146,1.5197213440300106,1.2152598813070072
LEGACY_GROSS100,CORE_DDV20_REFILL,SAME_DAY_GROSS,ALL10,NATIVE_NO_FILL,2022,251,-0.055908843910280615,-0.12941669294533287,-0.236787407948701,-0.31246732564745505,-0.4320064331569434,0.9372738149588824
LEGACY_GROSS100,CORE_DDV20_REFILL,SAME_DAY_GROSS,ALL10,NATIVE_NO_FILL,2023,250,0.5811963300609788,-0.122886505404182,2.117420799089481,3.158068726443114,4.729537455307928,1.4759670842282595
LEGACY_GROSS100,CORE_DDV20_REFILL,SAME_DAY_GROSS,ALL10,NATIVE_NO_FILL,2024,252,0.7024773369135096,-0.19537975447157307,1.7428314078421225,2.6150238418311096,3.5954458987495403,1.3610704033112504
LEGACY_GROSS100,CORE_DDV20_REFILL,SAME_DAY_GROSS,ALL10,NATIVE_NO_FILL,2025,250,0.7828972025473899,-0.1342673298158591,2.182666804129455,3.462170915651406,5.830883831689318,1.477855329056068
LEGACY_GROSS100,CORE_DDV20_REFILL,SAME_DAY_GROSS,ALL10,NATIVE_NO_FILL,2026,54,-0.2157613673524269,-0.20043776876032615,-0.3880776346862436,-0.5244628525361,-1.0764506544194472,0.9347896708167632
LEGACY_GROSS100,CORE_DDV20_REFILL,SAME_DAY_GROSS,ALL20,NATIVE_NO_FILL,FULL,2568,0.4312577071042534,-0.27667526150849786,1.3938262382503164,2.1122576034775853,1.5587143742195673,1.3092889736047928
LEGACY_GROSS100,CORE_DDV20_REFILL,SAME_DAY_GROSS,ALL20,NATIVE_NO_FILL,2016_2020,1259,0.475859614545562,-0.2564080963361237,1.5068747144503682,2.3762160452630376,1.8558681310973923,1.3514419538720366
LEGACY_GROSS100,CORE_DDV20_REFILL,SAME_DAY_GROSS,ALL20,NATIVE_NO_FILL,2021_2025,1255,0.42632860805363304,-0.2766752615084984,1.400791581559395,2.0691916327846442,1.5408989070045132,1.301218302480019
LEGACY_GROSS100,CORE_DDV20_REFILL,SAME_DAY_GROSS,ALL20,NATIVE_NO_FILL,2022_2025,1003,0.4379331100735371,-0.20922953890445495,1.5083203805233956,2.2531099221216273,2.0930749662145938,1.3429047214493048
LEGACY_GROSS100,CORE_DDV20_REFILL,SAME_DAY_GROSS,ALL20,NATIVE_NO_FILL,2022_2026_AVAILABLE,1057,0.39168264376503514,-0.20922953890445495,1.34665681988407,1.9843782337289972,1.872023643582648,1.2997055738703478
LEGACY_GROSS100,CORE_DDV20_REFILL,SAME_DAY_GROSS,ALL20,NATIVE_NO_FILL,2016,252,0.20943821390133333,-0.1780089001407389,1.0855633785823464,1.592456608641183,1.1765603502731916,1.225471846034383
LEGACY_GROSS100,CORE_DDV20_REFILL,SAME_DAY_GROSS,ALL20,NATIVE_NO_FILL,2017,251,0.29421812584313844,-0.1382657725297356,1.4612880830332553,2.061783578067885,2.1279172745363537,1.265092000550744
LEGACY_GROSS100,CORE_DDV20_REFILL,SAME_DAY_GROSS,ALL20,NATIVE_NO_FILL,2018,251,0.2047436480170579,-0.24084494308854654,0.7212792341019193,1.0684266457833527,0.8501056546650597,1.1559968944189742
LEGACY_GROSS100,CORE_DDV20_REFILL,SAME_DAY_GROSS,ALL20,NATIVE_NO_FILL,2019,252,0.44775126366197404,-0.12900688761857182,1.7614500174073968,2.8204996863305642,3.470754716490934,1.3788258300688787
LEGACY_GROSS100,CORE_DDV20_REFILL,SAME_DAY_GROSS,ALL20,NATIVE_NO_FILL,2020,253,1.55577723878072,-0.2564080963361237,2.4818569377683954,4.273389763898051,6.067582346312738,1.6596894027972675
LEGACY_GROSS100,CORE_DDV20_REFILL,SAME_DAY_GROSS,ALL20,NATIVE_NO_FILL,2021,252,0.38106160749443396,-0.2766752615084984,1.1081811750225716,1.599078458434453,1.3772883250088812,1.200300836012313
LEGACY_GROSS100,CORE_DDV20_REFILL,SAME_DAY_GROSS,ALL20,NATIVE_NO_FILL,2022,251,-0.06747321764968606,-0.1305260377460875,-0.3061422663268613,-0.4028410660257175,-0.516933010568679,0.9199172216890183
LEGACY_GROSS100,CORE_DDV20_REFILL,SAME_DAY_GROSS,ALL20,NATIVE_NO_FILL,2023,250,0.5606299108397672,-0.12486762817468644,2.062039228710052,3.0688393585789195,4.489793864391026,1.4609092812464348
LEGACY_GROSS100,CORE_DDV20_REFILL,SAME_DAY_GROSS,ALL20,NATIVE_NO_FILL,2024,252,0.6692033942890241,-0.20174919635593025,1.6840728522088444,2.520520142249826,3.3170064930935395,1.346587623895006
LEGACY_GROSS100,CORE_DDV20_REFILL,SAME_DAY_GROSS,ALL20,NATIVE_NO_FILL,2025,250,0.7608338627191151,-0.13589728787630817,2.1389308269445295,3.3838232244937667,5.598594899197809,1.4660293091191265
LEGACY_GROSS100,CORE_DDV20_REFILL,SAME_DAY_GROSS,ALL20,NATIVE_NO_FILL,2026,54,-0.24174248591394065,-0.20377548285933744,-0.4698876221622894,-0.633107562306396,-1.1863178166571253,0.921669811755147
LEGACY_GROSS100,CORE_DDV20_REFILL,SAME_DAY_GROSS,BASE,SELECTIVE_FILL_NO_ZERO_OVERRIDE,FULL,2568,0.5001007451005333,-0.2782778087499118,1.5398464072076588,2.362530772476751,1.7971276522087813,1.3482934326418616
LEGACY_GROSS100,CORE_DDV20_REFILL,SAME_DAY_GROSS,BASE,SELECTIVE_FILL_NO_ZERO_OVERRIDE,2016_2020,1259,0.5544722208356905,-0.24252041689266424,1.6662028084462104,2.6672506455755336,2.2862908943501083,1.3961958964043735
LEGACY_GROSS100,CORE_DDV20_REFILL,SAME_DAY_GROSS,BASE,SELECTIVE_FILL_NO_ZERO_OVERRIDE,2021_2025,1255,0.4866496937210898,-0.2782778087499118,1.5311273400045255,2.2847633361243043,1.7487908788244115,1.3356474824372226
LEGACY_GROSS100,CORE_DDV20_REFILL,SAME_DAY_GROSS,BASE,SELECTIVE_FILL_NO_ZERO_OVERRIDE,2022_2025,1003,0.49360260753527907,-0.19805252872934864,1.6282365443833853,2.46212026500208,2.4922812685205264,1.378431518293003
LEGACY_GROSS100,CORE_DDV20_REFILL,SAME_DAY_GROSS,BASE,SELECTIVE_FILL_NO_ZERO_OVERRIDE,2022_2026_AVAILABLE,1057,0.44729943346299206,-0.19805252872934864,1.4714189027543967,2.19367917276199,2.2584888783432557,1.3344454777496797
LEGACY_GROSS100,CORE_DDV20_REFILL,SAME_DAY_GROSS,BASE,SELECTIVE_FILL_NO_ZERO_OVERRIDE,2016,252,0.2548979898577237,-0.16567912050015743,1.236030825238425,1.8220190686713702,1.5385040015195006,1.2660929685992652
LEGACY_GROSS100,CORE_DDV20_REFILL,SAME_DAY_GROSS,BASE,SELECTIVE_FILL_NO_ZERO_OVERRIDE,2017,251,0.3817209900361598,-0.1276913408637892,1.786656751002433,2.568799070157764,2.989403881688022,1.3310647259404567
LEGACY_GROSS100,CORE_DDV20_REFILL,SAME_DAY_GROSS,BASE,SELECTIVE_FILL_NO_ZERO_OVERRIDE,2018,251,0.251766397537005,-0.24252041689266413,0.8279664046642419,1.240096476476105,1.0381245454003694,1.1798656365206333
LEGACY_GROSS100,CORE_DDV20_REFILL,SAME_DAY_GROSS,BASE,SELECTIVE_FILL_NO_ZERO_OVERRIDE,2019,252,0.5052508337945139,-0.1256284173420965,1.931061005764221,3.1241228513097936,4.021787780854345,1.4232312045589413
LEGACY_GROSS100,CORE_DDV20_REFILL,SAME_DAY_GROSS,BASE,SELECTIVE_FILL_NO_ZERO_OVERRIDE,2020,253,1.7681088161820226,-0.20999930210558615,2.638144280639655,4.6457392952628735,8.419593772235634,1.7187236461945463
LEGACY_GROSS100,CORE_DDV20_REFILL,SAME_DAY_GROSS,BASE,SELECTIVE_FILL_NO_ZERO_OVERRIDE,2021,252,0.45929529674530434,-0.2782778087499118,1.2650703497338192,1.8343155088073684,1.6504919986561806,1.2315700382338588
LEGACY_GROSS100,CORE_DDV20_REFILL,SAME_DAY_GROSS,BASE,SELECTIVE_FILL_NO_ZERO_OVERRIDE,2022,251,-0.053285952609851917,-0.12852137435808686,-0.20634084343551393,-0.2677110965233496,-0.41460770923120027,0.9440791020513953
LEGACY_GROSS100,CORE_DDV20_REFILL,SAME_DAY_GROSS,BASE,SELECTIVE_FILL_NO_ZERO_OVERRIDE,2023,250,0.5894337794465527,-0.1239938473047334,2.118119857272038,3.179694118179563,4.753734094546894,1.4755763545693887
LEGACY_GROSS100,CORE_DDV20_REFILL,SAME_DAY_GROSS,BASE,SELECTIVE_FILL_NO_ZERO_OVERRIDE,2024,252,0.7293621576260054,-0.19064861945628664,1.7892567883939419,2.6894552251883734,3.8256881151622455,1.372580286677418
LEGACY_GROSS100,CORE_DDV20_REFILL,SAME_DAY_GROSS,BASE,SELECTIVE_FILL_NO_ZERO_OVERRIDE,2025,250,0.9137089991620944,-0.13141270360989377,2.354479657067114,3.8845141323563244,6.952973145385491,1.5367385318951972
LEGACY_GROSS100,CORE_DDV20_REFILL,SAME_DAY_GROSS,BASE,SELECTIVE_FILL_NO_ZERO_OVERRIDE,2026,54,-0.19364387095462487,-0.1974917025586439,-0.32038671182755507,-0.43402968073619846,-0.9805164897858104,0.9458229268482652
LEGACY_GROSS100,CORE_DDV20_REFILL,SAME_DAY_GROSS,ALL5,SELECTIVE_FILL_NO_ZERO_OVERRIDE,FULL,2568,0.4924941104635778,-0.27892933610193194,1.522449278922363,2.3339190713284235,1.7656590638555163,1.343686136336955
LEGACY_GROSS100,CORE_DDV20_REFILL,SAME_DAY_GROSS,ALL5,SELECTIVE_FILL_NO_ZERO_OVERRIDE,2016_2020,1259,0.5468994590715597,-0.2428976037777716,1.6494438433199516,2.6380148870385725,2.251563830048818,1.3914536979240393
LEGACY_GROSS100,CORE_DDV20_REFILL,SAME_DAY_GROSS,ALL5,SELECTIVE_FILL_NO_ZERO_OVERRIDE,2021_2025,1255,0.4791893985341995,-0.27892933610193194,1.5136125159652762,2.2569576634424755,1.717959843274013,1.3311588370395204
LEGACY_GROSS100,CORE_DDV20_REFILL,SAME_DAY_GROSS,ALL5,SELECTIVE_FILL_NO_ZERO_OVERRIDE,2022_2025,1003,0.4870326113378025,-0.19898801905667673,1.6118195586406352,2.4356461964036153,2.4475474133901676,1.3738895962572533
LEGACY_GROSS100,CORE_DDV20_REFILL,SAME_DAY_GROSS,ALL5,SELECTIVE_FILL_NO_ZERO_OVERRIDE,2022_2026_AVAILABLE,1057,0.44044960551997847,-0.19898801905667673,1.45432139323694,2.166677488417499,2.2134478628812695,1.329910766373321
LEGACY_GROSS100,CORE_DDV20_REFILL,SAME_DAY_GROSS,ALL5,SELECTIVE_FILL_NO_ZERO_OVERRIDE,2016,252,0.24749956527061645,-0.1675469113202236,1.2065720748067883,1.7761698924158946,1.4771956302887825,1.2589364558614016
LEGACY_GROSS100,CORE_DDV20_REFILL,SAME_DAY_GROSS,ALL5,SELECTIVE_FILL_NO_ZERO_OVERRIDE,2017,251,0.37202641863238717,-0.12861713585080847,1.749971090511183,2.5117642438766397,2.8925105210236155,1.3234267032586275
LEGACY_GROSS100,CORE_DDV20_REFILL,SAME_DAY_GROSS,ALL5,SELECTIVE_FILL_NO_ZERO_OVERRIDE,2018,251,0.24619197574235807,-0.24289760377777148,0.8150905677118911,1.2198408841413972,1.0135628014165206,1.1768142822490513
LEGACY_GROSS100,CORE_DDV20_REFILL,SAME_DAY_GROSS,ALL5,SELECTIVE_FILL_NO_ZERO_OVERRIDE,2019,252,0.5006378557233628,-0.12621118940261433,1.9167722829570584,3.0986415683288486,3.9666677581678242,1.419369231485678
LEGACY_GROSS100,CORE_DDV20_REFILL,SAME_DAY_GROSS,ALL5,SELECTIVE_FILL_NO_ZERO_OVERRIDE,2020,253,1.7572196902435624,-0.21172650466280651,2.628642134576886,4.6254029791544395,8.299479052195627,1.7151217997335848
LEGACY_GROSS100,CORE_DDV20_REFILL,SAME_DAY_GROSS,ALL5,SELECTIVE_FILL_NO_ZERO_OVERRIDE,2021,252,0.4483800214185043,-0.27892933610193194,1.243616235056098,1.8015961478952314,1.6075039925332497,1.2271883659633818
LEGACY_GROSS100,CORE_DDV20_REFILL,SAME_DAY_GROSS,ALL5,SELECTIVE_FILL_NO_ZERO_OVERRIDE,2022,251,-0.05754137799508585,-0.1288618243206845,-0.23076086496037163,-0.29912323428009074,-0.4465354910069319,0.9377309809315305
LEGACY_GROSS100,CORE_DDV20_REFILL,SAME_DAY_GROSS,ALL5,SELECTIVE_FILL_NO_ZERO_OVERRIDE,2023,250,0.5842047310765592,-0.1247210704236682,2.1041317758953113,3.156850678305662,4.68409009874642,1.4716780412502217
LEGACY_GROSS100,CORE_DDV20_REFILL,SAME_DAY_GROSS,ALL5,SELECTIVE_FILL_NO_ZERO_OVERRIDE,2024,252,0.7193520817683303,-0.19217824745869316,1.7721393024833398,2.6622899326537763,3.743150389187247,1.368381031371145
LEGACY_GROSS100,CORE_DDV20_REFILL,SAME_DAY_GROSS,ALL5,SELECTIVE_FILL_NO_ZERO_OVERRIDE,2025,250,0.9060374664979121,-0.13194726878661833,2.3408086886720056,3.859013924760081,6.866663287764843,1.5329825444516152
LEGACY_GROSS100,CORE_DDV20_REFILL,SAME_DAY_GROSS,ALL5,SELECTIVE_FILL_NO_ZERO_OVERRIDE,2026,54,-0.20244738550444696,-0.19876459810182678,-0.3471504781147239,-0.4698548053811207,-1.0185283870356707,0.9414292369193046
LEGACY_GROSS100,CORE_DDV20_REFILL,SAME_DAY_GROSS,ALL10,SELECTIVE_FILL_NO_ZERO_OVERRIDE,FULL,2568,0.47880866025036073,-0.280075219523112,1.4910983088456635,2.2818776114818182,1.7095716681598427,1.3353275707561947
LEGACY_GROSS100,CORE_DDV20_REFILL,SAME_DAY_GROSS,ALL10,SELECTIVE_FILL_NO_ZERO_OVERRIDE,2016_2020,1259,0.5326955921790555,-0.24403265236961535,1.6180830769202292,2.5825430281815183,2.1828865400037825,1.3824499874225766
LEGACY_GROSS100,CORE_DDV20_REFILL,SAME_DAY_GROSS,ALL10,SELECTIVE_FILL_NO_ZERO_OVERRIDE,2021_2025,1255,0.46612548610875004,-0.2800752195231122,1.4828316341168881,2.207786786082359,1.6642867830378856,1.3232735879143191
LEGACY_GROSS100,CORE_DDV20_REFILL,SAME_DAY_GROSS,ALL10,SELECTIVE_FILL_NO_ZERO_OVERRIDE,2022_2025,1003,0.47571567498016587,-0.20099749872488704,1.583527918719072,2.3895038145631355,2.3667741041459234,1.3660302584908743
LEGACY_GROSS100,CORE_DDV20_REFILL,SAME_DAY_GROSS,ALL10,SELECTIVE_FILL_NO_ZERO_OVERRIDE,2022_2026_AVAILABLE,1057,0.4288158405348055,-0.20099749872488704,1.425199669440651,2.1202831936911615,2.1334386908055114,1.3221505958500441
LEGACY_GROSS100,CORE_DDV20_REFILL,SAME_DAY_GROSS,ALL10,SELECTIVE_FILL_NO_ZERO_OVERRIDE,2016,252,0.23492817504261576,-0.17070139552397012,1.1562911519990842,1.6970385542393172,1.3762522229036307,1.2466778979034177
LEGACY_GROSS100,CORE_DDV20_REFILL,SAME_DAY_GROSS,ALL10,SELECTIVE_FILL_NO_ZERO_OVERRIDE,2017,251,0.3567146476473939,-0.12987257723212975,1.6914135736993514,2.420032755724605,2.746651027104933,1.3111182538717276
LEGACY_GROSS100,CORE_DDV20_REFILL,SAME_DAY_GROSS,ALL10,SELECTIVE_FILL_NO_ZERO_OVERRIDE,2018,251,0.23551697978537423,-0.2440326523696149,0.7901995885516208,1.180837731026776,0.9651043722979221,1.1709067960594222
LEGACY_GROSS100,CORE_DDV20_REFILL,SAME_DAY_GROSS,ALL10,SELECTIVE_FILL_NO_ZERO_OVERRIDE,2019,252,0.49109602664759056,-0.12714370875807834,1.8877201483600305,3.0462260229966476,3.862527146994111,1.4115001584818223
LEGACY_GROSS100,CORE_DDV20_REFILL,SAME_DAY_GROSS,ALL10,SELECTIVE_FILL_NO_ZERO_OVERRIDE,2020,253,1.7303496334779433,-0.21479583045566186,2.606015081875597,4.576167999838735,8.05578781397771,1.7063881853824538
LEGACY_GROSS100,CORE_DDV20_REFILL,SAME_DAY_GROSS,ALL10,SELECTIVE_FILL_NO_ZERO_OVERRIDE,2021,252,0.42856871977367716,-0.2800752195231122,1.2042358627557326,1.7416775320968245,1.530191498210398,1.2192050509299504
LEGACY_GROSS100,CORE_DDV20_REFILL,SAME_DAY_GROSS,ALL10,SELECTIVE_FILL_NO_ZERO_OVERRIDE,2022,251,-0.06338014712071238,-0.12941669294533253,-0.2645365905656661,-0.34242421549374585,-0.48973703220406867,0.929035066851325
LEGACY_GROSS100,CORE_DDV20_REFILL,SAME_DAY_GROSS,ALL10,SELECTIVE_FILL_NO_ZERO_OVERRIDE,2023,250,0.5729483404163125,-0.1260100442588341,2.0744681554593183,3.108290681722938,4.546846592954396,1.4636135925117724
LEGACY_GROSS100,CORE_DDV20_REFILL,SAME_DAY_GROSS,ALL10,SELECTIVE_FILL_NO_ZERO_OVERRIDE,2024,252,0.7024773369135096,-0.19537975447157307,1.7428314078421225,2.6150238418311096,3.5954458987495403,1.3610704033112504
LEGACY_GROSS100,CORE_DDV20_REFILL,SAME_DAY_GROSS,ALL10,SELECTIVE_FILL_NO_ZERO_OVERRIDE,2025,250,0.8921028143109395,-0.1329040647673726,2.3161917785729575,3.8120078538946944,6.71238171588223,1.5258419877393954
LEGACY_GROSS100,CORE_DDV20_REFILL,SAME_DAY_GROSS,ALL10,SELECTIVE_FILL_NO_ZERO_OVERRIDE,2026,54,-0.2157613673524269,-0.20043776876032615,-0.3880776346862436,-0.5244628525361,-1.0764506544194472,0.9347896708167632
LEGACY_GROSS100,CORE_DDV20_REFILL,SAME_DAY_GROSS,ALL20,SELECTIVE_FILL_NO_ZERO_OVERRIDE,FULL,2568,0.45179813537767766,-0.28236278785691327,1.428183362583019,2.1779422624806872,1.6000625960904784,1.3187461720749358
LEGACY_GROSS100,CORE_DDV20_REFILL,SAME_DAY_GROSS,ALL20,SELECTIVE_FILL_NO_ZERO_OVERRIDE,2016_2020,1259,0.5046624536193283,-0.24629834883449264,1.555118294229188,2.4717965345650645,2.0489883753075864,1.3646204626461538
LEGACY_GROSS100,CORE_DDV20_REFILL,SAME_DAY_GROSS,ALL20,SELECTIVE_FILL_NO_ZERO_OVERRIDE,2021_2025,1255,0.44032863026385405,-0.28236278785691404,1.4210691254489523,2.1095294986191813,1.5594428487049379,1.3075978386075058
LEGACY_GROSS100,CORE_DDV20_REFILL,SAME_DAY_GROSS,ALL20,SELECTIVE_FILL_NO_ZERO_OVERRIDE,2022_2025,1003,0.45332784774342505,-0.2050027969136745,1.5267668154411427,2.2972673598284485,2.2113251846720843,1.3504007041162693
LEGACY_GROSS100,CORE_DDV20_REFILL,SAME_DAY_GROSS,ALL20,SELECTIVE_FILL_NO_ZERO_OVERRIDE,2022_2026_AVAILABLE,1057,0.4058171754121249,-0.2050027969136745,1.366796757063594,2.027584724747464,1.979568969407828,1.3067353106889927
LEGACY_GROSS100,CORE_DDV20_REFILL,SAME_DAY_GROSS,ALL20,SELECTIVE_FILL_NO_ZERO_OVERRIDE,2016,252,0.21015022021983998,-0.17697852738124586,1.0553198993952055,1.5395268180982606,1.1874334323459246,1.2225412799780868
LEGACY_GROSS100,CORE_DDV20_REFILL,SAME_DAY_GROSS,ALL20,SELECTIVE_FILL_NO_ZERO_OVERRIDE,2017,251,0.3265842321179364,-0.1323793802080684,1.573749313000026,2.237591095834899,2.467032491046755,1.2868181716624234
LEGACY_GROSS100,CORE_DDV20_REFILL,SAME_DAY_GROSS,ALL20,SELECTIVE_FILL_NO_ZERO_OVERRIDE,2018,251,0.2144300670182957,-0.24629834883449309,0.7402499130914151,1.1029306646962758,0.8706110618808405,1.1591655720555158
LEGACY_GROSS100,CORE_DDV20_REFILL,SAME_DAY_GROSS,ALL20,SELECTIVE_FILL_NO_ZERO_OVERRIDE,2019,252,0.47218478262843466,-0.12900688761857182,1.8294790429232435,2.9413861642061705,3.660151727902464,1.395894042006179
LEGACY_GROSS100,CORE_DDV20_REFILL,SAME_DAY_GROSS,ALL20,SELECTIVE_FILL_NO_ZERO_OVERRIDE,2020,253,1.6773611113841262,-0.22090210549067668,2.5605548945778382,4.477768599138805,7.593232792681192,1.6890915233681354
LEGACY_GROSS100,CORE_DDV20_REFILL,SAME_DAY_GROSS,ALL20,SELECTIVE_FILL_NO_ZERO_OVERRIDE,2021,252,0.3897318376156109,-0.28236278785691404,1.1252120376409689,1.6220330295590495,1.380252123778809,1.2033461223685322
LEGACY_GROSS100,CORE_DDV20_REFILL,SAME_DAY_GROSS,ALL20,SELECTIVE_FILL_NO_ZERO_OVERRIDE,2022,251,-0.07495448366523627,-0.1305260377460874,-0.3319914415633801,-0.4285304444517146,-0.5742492835877344,0.9119570219260533
LEGACY_GROSS100,CORE_DDV20_REFILL,SAME_DAY_GROSS,ALL20,SELECTIVE_FILL_NO_ZERO_OVERRIDE,2023,250,0.5506635866273082,-0.12858314796441517,2.014772113031579,3.011005283874413,4.282548649218807,1.4474165008426805
LEGACY_GROSS100,CORE_DDV20_REFILL,SAME_DAY_GROSS,ALL20,SELECTIVE_FILL_NO_ZERO_OVERRIDE,2024,252,0.6692033942890241,-0.20174919635593025,1.6840728522088444,2.520520142249826,3.3170064930935395,1.346587623895006
LEGACY_GROSS100,CORE_DDV20_REFILL,SAME_DAY_GROSS,ALL20,SELECTIVE_FILL_NO_ZERO_OVERRIDE,2025,250,0.8645243846459565,-0.13481499139939856,2.266748779558645,3.717983772403436,6.412672475605805,1.511497084420979
LEGACY_GROSS100,CORE_DDV20_REFILL,SAME_DAY_GROSS,ALL20,SELECTIVE_FILL_NO_ZERO_OVERRIDE,2026,54,-0.24174248591394065,-0.20377548285933744,-0.4698876221622894,-0.633107562306396,-1.1863178166571253,0.921669811755147
LEGACY_GROSS100,CORE_DDV20_REFILL,LAG1_GROSS,BASE,NATIVE_NO_FILL,FULL,2568,0.46987926652534506,-0.29102067068540827,1.4896497708397431,2.260588448428234,1.6145906935706362,1.33282551519085
LEGACY_GROSS100,CORE_DDV20_REFILL,LAG1_GROSS,BASE,NATIVE_NO_FILL,2016_2020,1259,0.5200914294862082,-0.25485651057690195,1.6118690700259368,2.5429457550632755,2.0407225552484864,1.3787754650410557
LEGACY_GROSS100,CORE_DDV20_REFILL,LAG1_GROSS,BASE,NATIVE_NO_FILL,2021_2025,1255,0.45860246238826674,-0.2910206706854087,1.4839333570410738,2.1966357866289945,1.5758415417989768,1.3210587693828615
LEGACY_GROSS100,CORE_DDV20_REFILL,LAG1_GROSS,BASE,NATIVE_NO_FILL,2022_2025,1003,0.4584446992047073,-0.2001361520634004,1.5681289945919414,2.3397076940509955,2.290664102802767,1.3580525521475753
LEGACY_GROSS100,CORE_DDV20_REFILL,LAG1_GROSS,BASE,NATIVE_NO_FILL,2022_2026_AVAILABLE,1057,0.41468119974868967,-0.2001361520634004,1.4127800041245446,2.0797313365382335,2.0719954664528792,1.315851206799826
LEGACY_GROSS100,CORE_DDV20_REFILL,LAG1_GROSS,BASE,NATIVE_NO_FILL,2016,252,0.2728204522030486,-0.15060774234792407,1.3474372143939486,2.0014200143310674,1.811463660166931,1.2893220056197554
LEGACY_GROSS100,CORE_DDV20_REFILL,LAG1_GROSS,BASE,NATIVE_NO_FILL,2017,251,0.346046127067263,-0.1459296283928141,1.657481942980292,2.346779671706921,2.3713219233024723,1.307042257663074
LEGACY_GROSS100,CORE_DDV20_REFILL,LAG1_GROSS,BASE,NATIVE_NO_FILL,2018,251,0.28816064510248385,-0.23812782236084795,0.9170345872762146,1.3721322015258026,1.210109101261668,1.2020584921447763
LEGACY_GROSS100,CORE_DDV20_REFILL,LAG1_GROSS,BASE,NATIVE_NO_FILL,2019,252,0.4447419334499938,-0.12411005027870026,1.745768514183892,2.7842150512849773,3.5834481772530578,1.3773952406633694
LEGACY_GROSS100,CORE_DDV20_REFILL,LAG1_GROSS,BASE,NATIVE_NO_FILL,2020,253,1.537367014613653,-0.2548565105769016,2.483762269030791,4.245849137743199,6.032284641791644,1.650387529582134
LEGACY_GROSS100,CORE_DDV20_REFILL,LAG1_GROSS,BASE,NATIVE_NO_FILL,2021,252,0.45923055405435087,-0.2910206706854087,1.267304105990586,1.8461372691836897,1.5779997790973956,1.2314346677455128
LEGACY_GROSS100,CORE_DDV20_REFILL,LAG1_GROSS,BASE,NATIVE_NO_FILL,2022,251,-0.04245427487598441,-0.13035395515827286,-0.15084535666954393,-0.19955045194667492,-0.3256845933400132,0.95967324845371
LEGACY_GROSS100,CORE_DDV20_REFILL,LAG1_GROSS,BASE,NATIVE_NO_FILL,2023,250,0.5520236667439655,-0.12903299851706296,2.044680102826626,3.031051147653406,4.278158867020109,1.4571444458059857
LEGACY_GROSS100,CORE_DDV20_REFILL,LAG1_GROSS,BASE,NATIVE_NO_FILL,2024,252,0.6905332750358599,-0.18644589010479995,1.7423044986962157,2.5946446694122067,3.7036658445392168,1.3592677688330186
LEGACY_GROSS100,CORE_DDV20_REFILL,LAG1_GROSS,BASE,NATIVE_NO_FILL,2025,250,0.8017566446808688,-0.12021215086763137,2.2189941662762616,3.530094980500726,6.669514178842896,1.4864076948905618
LEGACY_GROSS100,CORE_DDV20_REFILL,LAG1_GROSS,BASE,NATIVE_NO_FILL,2026,54,-0.19666281477000114,-0.19849598855931216,-0.3369022212212932,-0.4537184428900683,-0.9907646809257142,0.9434216536061667
LEGACY_GROSS100,CORE_DDV20_REFILL,LAG1_GROSS,ALL5,NATIVE_NO_FILL,FULL,2568,0.462489530162574,-0.2915914452586721,1.472073580453539,2.2320288423264323,1.5860874442057018,1.3282198029894032
LEGACY_GROSS100,CORE_DDV20_REFILL,LAG1_GROSS,ALL5,NATIVE_NO_FILL,2016_2020,1259,0.5127394246022818,-0.2562415602111128,1.5947096270669718,2.513660008556993,2.0010002443781763,1.3739621717421182
LEGACY_GROSS100,CORE_DDV20_REFILL,LAG1_GROSS,ALL5,NATIVE_NO_FILL,2021_2025,1255,0.4513569153812753,-0.2915914452586723,1.4664403329652185,2.1689433475227102,1.547908632850577,1.3166233655387642
LEGACY_GROSS100,CORE_DDV20_REFILL,LAG1_GROSS,ALL5,NATIVE_NO_FILL,2022_2025,1003,0.45201711692626123,-0.20076959206828182,1.5514968525558812,2.313057482270613,2.251422201288978,1.3534991631219517
LEGACY_GROSS100,CORE_DDV20_REFILL,LAG1_GROSS,ALL5,NATIVE_NO_FILL,2022_2026_AVAILABLE,1057,0.4079790787659856,-0.20076959206828182,1.39544938250386,2.0525658673920506,2.0320760457949816,1.3113106800233854
LEGACY_GROSS100,CORE_DDV20_REFILL,LAG1_GROSS,ALL5,NATIVE_NO_FILL,2016,252,0.2652312277066673,-0.15236205592474306,1.3165557497553133,1.9522855361672045,1.7407958044204541,1.2816754228650975
LEGACY_GROSS100,CORE_DDV20_REFILL,LAG1_GROSS,ALL5,NATIVE_NO_FILL,2017,251,0.3365668322467821,-0.1468330527803804,1.62042257613557,2.2906517565514113,2.2921734982258273,1.299374675114096
LEGACY_GROSS100,CORE_DDV20_REFILL,LAG1_GROSS,ALL5,NATIVE_NO_FILL,2018,251,0.28233625743067536,-0.23856261668082324,0.9036782242636554,1.3510903246336128,1.1834891038624782,1.1987636533096224
LEGACY_GROSS100,CORE_DDV20_REFILL,LAG1_GROSS,ALL5,NATIVE_NO_FILL,2019,252,0.44033454578861564,-0.12445543133724413,1.7320941000647871,2.760698137435491,3.538090230834647,1.3736911679324235
LEGACY_GROSS100,CORE_DDV20_REFILL,LAG1_GROSS,ALL5,NATIVE_NO_FILL,2020,253,1.5282003118694294,-0.2562415602111132,2.4742796912291065,4.226681047779955,5.963904959876026,1.6469696848574087
LEGACY_GROSS100,CORE_DDV20_REFILL,LAG1_GROSS,ALL5,NATIVE_NO_FILL,2021,252,0.4487321821493411,-0.2915914452586723,1.2466564056003016,1.8144046790186577,1.5389072260033843,1.227244322298167
LEGACY_GROSS100,CORE_DDV20_REFILL,LAG1_GROSS,ALL5,NATIVE_NO_FILL,2022,251,-0.0467108277436693,-0.1306899530554535,-0.17569878462572058,-0.23221676059695692,-0.3574171284907362,0.9532414558547928
LEGACY_GROSS100,CORE_DDV20_REFILL,LAG1_GROSS,ALL5,NATIVE_NO_FILL,2023,250,0.5468221240393063,-0.12974580565838933,2.0303854250835327,3.008184421521875,4.214564943078365,1.4532278627964017
LEGACY_GROSS100,CORE_DDV20_REFILL,LAG1_GROSS,ALL5,NATIVE_NO_FILL,2024,252,0.6806964993908311,-0.18801528770898857,1.7248912592236618,2.566771296625137,3.6204316557726846,1.3549282408564276
LEGACY_GROSS100,CORE_DDV20_REFILL,LAG1_GROSS,ALL5,NATIVE_NO_FILL,2025,250,0.794549578009015,-0.12045228151493226,2.205088710886881,3.5045760506637,6.59638462647564,1.4826922041952117
LEGACY_GROSS100,CORE_DDV20_REFILL,LAG1_GROSS,ALL5,NATIVE_NO_FILL,2026,54,-0.20538266452482812,-0.19976678107861612,-0.36378788533408424,-0.48946181233143565,-1.0281121987143695,0.93904348848477
LEGACY_GROSS100,CORE_DDV20_REFILL,LAG1_GROSS,ALL10,NATIVE_NO_FILL,FULL,2568,0.44994780462050676,-0.292512903826018,1.4422067150067797,2.1831530958164977,1.5382152333632724,1.3203953883237176
LEGACY_GROSS100,CORE_DDV20_REFILL,LAG1_GROSS,ALL10,NATIVE_NO_FILL,2016_2020,1259,0.4998153310732669,-0.2584250738171522,1.564737570113149,2.461798402218055,1.9340821836309492,1.3655011299036728
LEGACY_GROSS100,CORE_DDV20_REFILL,LAG1_GROSS,ALL10,NATIVE_NO_FILL,2021_2025,1255,0.4393690587807735,-0.29251290382601847,1.4373229621372798,2.1227673074887856,1.5020501763645355,1.3092979356366212
LEGACY_GROSS100,CORE_DDV20_REFILL,LAG1_GROSS,ALL10,NATIVE_NO_FILL,2022_2025,1003,0.4416123259198632,-0.20176139234943868,1.5244338666860948,2.269520702472047,2.18878508309963,1.3461690311502725
LEGACY_GROSS100,CORE_DDV20_REFILL,LAG1_GROSS,ALL10,NATIVE_NO_FILL,2022_2026_AVAILABLE,1057,0.39720596368423644,-0.20176139234943868,1.3674125005981934,2.008486416125948,1.9686916265739256,1.3040167180560513
LEGACY_GROSS100,CORE_DDV20_REFILL,LAG1_GROSS,ALL10,NATIVE_NO_FILL,2016,252,0.2536838232896639,-0.15496099860175105,1.2694140611301046,1.876917510070629,1.6370817533360762,1.27003632125694
LEGACY_GROSS100,CORE_DDV20_REFILL,LAG1_GROSS,ALL10,NATIVE_NO_FILL,2017,251,0.3225031266167899,-0.14773578491922712,1.5648849379478922,2.2063083269164423,2.182972302838577,1.2879245422964276
LEGACY_GROSS100,CORE_DDV20_REFILL,LAG1_GROSS,ALL10,NATIVE_NO_FILL,2018,251,0.2717215160352411,-0.23980134993406466,0.8792925976968735,1.312726808799911,1.1331108691004164,1.1927632929256187
LEGACY_GROSS100,CORE_DDV20_REFILL,LAG1_GROSS,ALL10,NATIVE_NO_FILL,2019,252,0.43157058364677936,-0.12502020484397558,1.7048357463689832,2.712979754690773,3.452006691121461,1.366399784058258
LEGACY_GROSS100,CORE_DDV20_REFILL,LAG1_GROSS,ALL10,NATIVE_NO_FILL,2020,253,1.5061869622436999,-0.2584250738171522,2.4528011388214304,4.182166328423118,5.82833136117975,1.6391537008499781
LEGACY_GROSS100,CORE_DDV20_REFILL,LAG1_GROSS,ALL10,NATIVE_NO_FILL,2021,252,0.4304750421511345,-0.29251290382601847,1.210383554365048,1.7587912715901801,1.471644623264803,1.219899396772807
LEGACY_GROSS100,CORE_DDV20_REFILL,LAG1_GROSS,ALL10,NATIVE_NO_FILL,2022,251,-0.052447537368621844,-0.13124003528728623,-0.2095172640859256,-0.27651210503330015,-0.3996306253180553,0.9445664785007454
LEGACY_GROSS100,CORE_DDV20_REFILL,LAG1_GROSS,ALL10,NATIVE_NO_FILL,2023,250,0.53663653579672,-0.13071909890697087,2.00251389632733,2.9637707486364087,4.105264955801365,1.4458203629933015
LEGACY_GROSS100,CORE_DDV20_REFILL,LAG1_GROSS,ALL10,NATIVE_NO_FILL,2024,252,0.6641518608107122,-0.1912651685988428,1.6951324431671424,2.518776961331638,3.4724140609401606,1.3475247419262457
LEGACY_GROSS100,CORE_DDV20_REFILL,LAG1_GROSS,ALL10,NATIVE_NO_FILL,2025,250,0.7834329991852786,-0.12082428637982656,2.183568797906223,3.4649984275310577,6.48406891245736,1.476877655272907
LEGACY_GROSS100,CORE_DDV20_REFILL,LAG1_GROSS,ALL10,NATIVE_NO_FILL,2026,54,-0.21859737205147767,-0.20143727262589184,-0.40498163175205854,-0.5440534350531124,-1.0851883030478449,0.9324163453443108
LEGACY_GROSS100,CORE_DDV20_REFILL,LAG1_GROSS,ALL20,NATIVE_NO_FILL,FULL,2568,0.42517268093329896,-0.29435322531476804,1.3822869252189827,2.0855393497136525,1.4444301756117621,1.3048590661974062
LEGACY_GROSS100,CORE_DDV20_REFILL,LAG1_GROSS,ALL20,NATIVE_NO_FILL,2016_2020,1259,0.4742836741843923,-0.26277511026022216,1.5046118353401363,2.358278553261422,1.8049033400260643,1.3487312283019344
LEGACY_GROSS100,CORE_DDV20_REFILL,LAG1_GROSS,ALL20,NATIVE_NO_FILL,2021_2025,1255,0.41567689819387277,-0.29435322531476793,1.3788826535942722,2.030476740588953,1.4121703533207997,1.2947184256626691
LEGACY_GROSS100,CORE_DDV20_REFILL,LAG1_GROSS,ALL20,NATIVE_NO_FILL,2022_2025,1003,0.4210154940665243,-0.20374181180994455,1.4701220811598938,2.1824795189873867,2.0664167572008147,1.331575843779389
LEGACY_GROSS100,CORE_DDV20_REFILL,LAG1_GROSS,ALL20,NATIVE_NO_FILL,2022_2026_AVAILABLE,1057,0.375895344392404,-0.2047696461005506,1.3111707642637724,1.920401662164961,1.8356985595795943,1.2895139907683966
LEGACY_GROSS100,CORE_DDV20_REFILL,LAG1_GROSS,ALL20,NATIVE_NO_FILL,2016,252,0.23089161690634774,-0.1601382432437055,1.1747223001442555,1.7268013792158485,1.441826838046216,1.2471255986712886
LEGACY_GROSS100,CORE_DDV20_REFILL,LAG1_GROSS,ALL20,NATIVE_NO_FILL,2017,251,0.2948020299263996,-0.14953917381555226,1.453337456694234,2.0383945339780447,1.971403361436385,1.2652253995991394
LEGACY_GROSS100,CORE_DDV20_REFILL,LAG1_GROSS,ALL20,NATIVE_NO_FILL,2018,251,0.2507440461809334,-0.24227382713268675,0.8304073155366151,1.2361452610254962,1.0349613457982307,1.1808668006214855
LEGACY_GROSS100,CORE_DDV20_REFILL,LAG1_GROSS,ALL20,NATIVE_NO_FILL,2019,252,0.4141948046565058,-0.12614933235416503,1.6501766050125108,2.617506654933013,3.2833689796601644,1.3518622386785208
LEGACY_GROSS100,CORE_DDV20_REFILL,LAG1_GROSS,ALL20,NATIVE_NO_FILL,2020,253,1.4627087648139647,-0.26277511026022204,2.409712184472263,4.0932399050407255,5.566390071591892,1.6236820041123048
LEGACY_GROSS100,CORE_DDV20_REFILL,LAG1_GROSS,ALL20,NATIVE_NO_FILL,2021,252,0.39462647700388476,-0.29435322531476793,1.1375805885874861,1.647712474103245,1.3406562016838415,1.2052905757541088
LEGACY_GROSS100,CORE_DDV20_REFILL,LAG1_GROSS,ALL20,NATIVE_NO_FILL,2022,251,-0.06382206216603514,-0.13233989523632417,-0.27725085526917864,-0.36483789491529267,-0.4822586722776663,0.9274831040869334
LEGACY_GROSS100,CORE_DDV20_REFILL,LAG1_GROSS,ALL20,NATIVE_NO_FILL,2023,250,0.5164558878420973,-0.1326628757064835,1.9464231927258393,2.874767127366143,3.8929948193250046,1.4308806609811595
LEGACY_GROSS100,CORE_DDV20_REFILL,LAG1_GROSS,ALL20,NATIVE_NO_FILL,2024,252,0.6315310672319077,-0.19773043166670967,1.635471724798304,2.4228856835495844,3.193899198563443,1.3328812221984856
LEGACY_GROSS100,CORE_DDV20_REFILL,LAG1_GROSS,ALL20,NATIVE_NO_FILL,2025,250,0.7613948033558076,-0.12156791314411541,2.140340983945063,3.3858396399560307,6.263123086214328,1.4651599740140637
LEGACY_GROSS100,CORE_DDV20_REFILL,LAG1_GROSS,ALL20,NATIVE_NO_FILL,2026,54,-0.24438730517614737,-0.20476964610055048,-0.4873239966201348,-0.652653897509711,-1.1934742762418165,0.9193207054671602
LEGACY_GROSS100,CORE_DDV20_REFILL,LAG1_GROSS,BASE,SELECTIVE_FILL_NO_ZERO_OVERRIDE,FULL,2568,0.47079174284858993,-0.2845425525160413,1.4780698265795131,2.2368121568048367,1.6545565458862208,1.3306174430778677
LEGACY_GROSS100,CORE_DDV20_REFILL,LAG1_GROSS,BASE,SELECTIVE_FILL_NO_ZERO_OVERRIDE,2016_2020,1259,0.5219164537620011,-0.2626580073735184,1.6057330882752918,2.52231247600638,1.9870570822529645,1.376307346400128
LEGACY_GROSS100,CORE_DDV20_REFILL,LAG1_GROSS,BASE,SELECTIVE_FILL_NO_ZERO_OVERRIDE,2021_2025,1255,0.45869896088285134,-0.28454255251604166,1.464816663761372,2.165214982963311,1.6120575176782785,1.318595295438314
LEGACY_GROSS100,CORE_DDV20_REFILL,LAG1_GROSS,BASE,SELECTIVE_FILL_NO_ZERO_OVERRIDE,2022_2025,1003,0.4508453218666253,-0.20197300617391067,1.517872566218848,2.256262016013974,2.2322058299138297,1.3482259998923385
LEGACY_GROSS100,CORE_DDV20_REFILL,LAG1_GROSS,BASE,SELECTIVE_FILL_NO_ZERO_OVERRIDE,2022_2026_AVAILABLE,1057,0.4076855110229989,-0.20197300617391067,1.37092914875973,2.012671504402371,2.0185148438695695,1.3077306408578484
LEGACY_GROSS100,CORE_DDV20_REFILL,LAG1_GROSS,BASE,SELECTIVE_FILL_NO_ZERO_OVERRIDE,2016,252,0.265762132414477,-0.1504816294529504,1.2952685842520737,1.8899860251270884,1.766076918362784,1.2797853958377954
LEGACY_GROSS100,CORE_DDV20_REFILL,LAG1_GROSS,BASE,SELECTIVE_FILL_NO_ZERO_OVERRIDE,2017,251,0.34356878388575174,-0.15003393930715703,1.6058566506087506,2.238268429334721,2.2899404326269166,1.299950727237277
LEGACY_GROSS100,CORE_DDV20_REFILL,LAG1_GROSS,BASE,SELECTIVE_FILL_NO_ZERO_OVERRIDE,2018,251,0.24757064583528354,-0.2626580073735183,0.8195387636777715,1.2204475227556912,0.9425589126746878,1.177348505346628
LEGACY_GROSS100,CORE_DDV20_REFILL,LAG1_GROSS,BASE,SELECTIVE_FILL_NO_ZERO_OVERRIDE,2019,252,0.46352392068029524,-0.12411005027870026,1.7945770733962803,2.8712118634152595,3.7347815075363413,1.3892518136005496
LEGACY_GROSS100,CORE_DDV20_REFILL,LAG1_GROSS,BASE,SELECTIVE_FILL_NO_ZERO_OVERRIDE,2020,253,1.6204944223015696,-0.2484302991794719,2.5590547085189144,4.390206690187754,6.522933908037063,1.6756138987928142
LEGACY_GROSS100,CORE_DDV20_REFILL,LAG1_GROSS,BASE,SELECTIVE_FILL_NO_ZERO_OVERRIDE,2021,252,0.49038130415302805,-0.28454255251604166,1.330582359321716,1.944083807359083,1.7234023516583932,1.2447373674141922
LEGACY_GROSS100,CORE_DDV20_REFILL,LAG1_GROSS,BASE,SELECTIVE_FILL_NO_ZERO_OVERRIDE,2022,251,-0.0972966963100994,-0.15118764922137107,-0.4318370362728485,-0.5449902490358691,-0.6435492370652329,0.8856680032592292
LEGACY_GROSS100,CORE_DDV20_REFILL,LAG1_GROSS,BASE,SELECTIVE_FILL_NO_ZERO_OVERRIDE,2023,250,0.5412830763959797,-0.13959410101907765,1.9878844392300519,2.9534885367920216,3.877549785015666,1.4398459606935452
LEGACY_GROSS100,CORE_DDV20_REFILL,LAG1_GROSS,BASE,SELECTIVE_FILL_NO_ZERO_OVERRIDE,2024,252,0.6905332750358599,-0.18644589010479995,1.7423044986962157,2.5946446694122067,3.7036658445392168,1.3592677688330186
LEGACY_GROSS100,CORE_DDV20_REFILL,LAG1_GROSS,BASE,SELECTIVE_FILL_NO_ZERO_OVERRIDE,2025,250,0.8850651876054494,-0.13805132133125542,2.2959063394973467,3.7160694851627594,6.411131592733744,1.5215395794081366
LEGACY_GROSS100,CORE_DDV20_REFILL,LAG1_GROSS,BASE,SELECTIVE_FILL_NO_ZERO_OVERRIDE,2026,54,-0.19666281477000114,-0.19849598855931216,-0.3369022212212932,-0.4537184428900683,-0.9907646809257142,0.9434216536061667
LEGACY_GROSS100,CORE_DDV20_REFILL,LAG1_GROSS,ALL5,SELECTIVE_FILL_NO_ZERO_OVERRIDE,FULL,2568,0.46339745748876293,-0.285118270990791,1.4606951852378836,2.2086510472452776,1.6252815222204056,1.3260664480009317
LEGACY_GROSS100,CORE_DDV20_REFILL,LAG1_GROSS,ALL5,SELECTIVE_FILL_NO_ZERO_OVERRIDE,2016_2020,1259,0.5145563044995707,-0.2630796396843186,1.588719120210923,2.4933903143767053,1.9558955802015336,1.3715570983171892
LEGACY_GROSS100,CORE_DDV20_REFILL,LAG1_GROSS,ALL5,SELECTIVE_FILL_NO_ZERO_OVERRIDE,2021_2025,1255,0.4514523564104731,-0.2851182709907911,1.4475923597631415,2.1379855761603963,1.583386272797138,1.3142127863813164
LEGACY_GROSS100,CORE_DDV20_REFILL,LAG1_GROSS,ALL5,SELECTIVE_FILL_NO_ZERO_OVERRIDE,2022_2025,1003,0.444450345247396,-0.20260308856191533,1.501614281461036,2.2303255431991853,2.193699752566074,1.3437782586943199
LEGACY_GROSS100,CORE_DDV20_REFILL,LAG1_GROSS,ALL5,SELECTIVE_FILL_NO_ZERO_OVERRIDE,2022_2026_AVAILABLE,1057,0.40101571707000905,-0.20260308856191533,1.3539484489741804,1.9861436241464856,1.9793168994433121,1.303283700870685
LEGACY_GROSS100,CORE_DDV20_REFILL,LAG1_GROSS,ALL5,SELECTIVE_FILL_NO_ZERO_OVERRIDE,2016,252,0.2582128674406259,-0.15223618744747158,1.2649796309616674,1.842751984346108,1.696133302929181,1.2722911104788313
LEGACY_GROSS100,CORE_DDV20_REFILL,LAG1_GROSS,ALL5,SELECTIVE_FILL_NO_ZERO_OVERRIDE,2017,251,0.3341099706512878,-0.15093150535138633,1.5699611445789607,2.1848226176885697,2.2136529406066705,1.2925076159052473
LEGACY_GROSS100,CORE_DDV20_REFILL,LAG1_GROSS,ALL5,SELECTIVE_FILL_NO_ZERO_OVERRIDE,2018,251,0.24192840782955805,-0.26307963968431836,0.8062449508218847,1.1997095671675815,0.9196014108878183,1.1741708464205016
LEGACY_GROSS100,CORE_DDV20_REFILL,LAG1_GROSS,ALL5,SELECTIVE_FILL_NO_ZERO_OVERRIDE,2019,252,0.4590603114071721,-0.12445543133724413,1.7809956140083656,2.8476915574053323,3.688551849241755,1.3855078992598286
LEGACY_GROSS100,CORE_DDV20_REFILL,LAG1_GROSS,ALL5,SELECTIVE_FILL_NO_ZERO_OVERRIDE,2020,253,1.611032717094787,-0.24936614159661474,2.5495925939514463,4.3709790992889035,6.4605110652947495,1.6721301618472195
LEGACY_GROSS100,CORE_DDV20_REFILL,LAG1_GROSS,ALL5,SELECTIVE_FILL_NO_ZERO_OVERRIDE,2021,252,0.47965949653128503,-0.2851182709907911,1.309910673718972,1.9121422180919447,1.6823176391483423,1.2404876492788794
LEGACY_GROSS100,CORE_DDV20_REFILL,LAG1_GROSS,ALL5,SELECTIVE_FILL_NO_ZERO_OVERRIDE,2022,251,-0.10131299622845724,-0.15154297648539727,-0.45498403552848393,-0.5737311665297415,-0.6685430006597488,0.8800320656875605
LEGACY_GROSS100,CORE_DDV20_REFILL,LAG1_GROSS,ALL5,SELECTIVE_FILL_NO_ZERO_OVERRIDE,2023,250,0.5361144338047747,-0.1403000064073444,1.9737094712838061,2.9306372349866985,3.821200351539758,1.436049185487161
LEGACY_GROSS100,CORE_DDV20_REFILL,LAG1_GROSS,ALL5,SELECTIVE_FILL_NO_ZERO_OVERRIDE,2024,252,0.6806964993908311,-0.18801528770898857,1.7248912592236618,2.566771296625137,3.6204316557726846,1.3549282408564276
LEGACY_GROSS100,CORE_DDV20_REFILL,LAG1_GROSS,ALL5,SELECTIVE_FILL_NO_ZERO_OVERRIDE,2025,250,0.8775314678918127,-0.13826496917838282,2.282626907077764,3.6910386274417775,6.346737522211166,1.5177974778990302
LEGACY_GROSS100,CORE_DDV20_REFILL,LAG1_GROSS,ALL5,SELECTIVE_FILL_NO_ZERO_OVERRIDE,2026,54,-0.20538266452482812,-0.19976678107861612,-0.36378788533408424,-0.48946181233143565,-1.0281121987143695,0.93904348848477
LEGACY_GROSS100,CORE_DDV20_REFILL,LAG1_GROSS,ALL10,SELECTIVE_FILL_NO_ZERO_OVERRIDE,FULL,2568,0.4499656498288074,-0.2861151121605636,1.4290295615350073,2.157030178823481,1.5726734824698572,1.3177920828615959
LEGACY_GROSS100,CORE_DDV20_REFILL,LAG1_GROSS,ALL10,SELECTIVE_FILL_NO_ZERO_OVERRIDE,2016_2020,1259,0.5006566865090047,-0.2642788100369575,1.5566861803137426,2.438365898562466,1.8944261419937203,1.362593646908309
LEGACY_GROSS100,CORE_DDV20_REFILL,LAG1_GROSS,ALL10,SELECTIVE_FILL_NO_ZERO_OVERRIDE,2021_2025,1255,0.4385957219535124,-0.28611511216056373,1.4168105931334756,2.089216337893681,1.5329344844510648,1.3064455425497519
LEGACY_GROSS100,CORE_DDV20_REFILL,LAG1_GROSS,ALL10,SELECTIVE_FILL_NO_ZERO_OVERRIDE,2022_2025,1003,0.43321639278866986,-0.2041824910115656,1.4728545930701025,2.1842191012888064,2.1217117620733257,1.3359908126466022
LEGACY_GROSS100,CORE_DDV20_REFILL,LAG1_GROSS,ALL10,SELECTIVE_FILL_NO_ZERO_OVERRIDE,2022_2026_AVAILABLE,1057,0.3894832204265579,-0.2041824910115656,1.3243624459099397,1.939753782056531,1.9075250698381196,1.295587518421719
LEGACY_GROSS100,CORE_DDV20_REFILL,LAG1_GROSS,ALL10,SELECTIVE_FILL_NO_ZERO_OVERRIDE,2016,252,0.24502879609463468,-0.15515760080620433,1.2115010618861162,1.7588820483320273,1.5792252188836156,1.2591669577704452
LEGACY_GROSS100,CORE_DDV20_REFILL,LAG1_GROSS,ALL10,SELECTIVE_FILL_NO_ZERO_OVERRIDE,2017,251,0.3195008757113922,-0.15214192283574357,1.514035925830409,2.1013680559830363,2.100018652034086,1.280952704156235
LEGACY_GROSS100,CORE_DDV20_REFILL,LAG1_GROSS,ALL10,SELECTIVE_FILL_NO_ZERO_OVERRIDE,2018,251,0.23120106544205,-0.26427881003695775,0.7808944205785452,1.1603109192773822,0.8748376966345427,1.1681391080677084
LEGACY_GROSS100,CORE_DDV20_REFILL,LAG1_GROSS,ALL10,SELECTIVE_FILL_NO_ZERO_OVERRIDE,2019,252,0.44965267053878955,-0.12502020484397558,1.7523886441087488,2.7973181630883097,3.5966400079087473,1.3777300461672144
LEGACY_GROSS100,CORE_DDV20_REFILL,LAG1_GROSS,ALL10,SELECTIVE_FILL_NO_ZERO_OVERRIDE,2020,253,1.5865665671832905,-0.2509184673857504,2.526283793568483,4.322899006117442,6.323036258404116,1.6636027785705663
LEGACY_GROSS100,CORE_DDV20_REFILL,LAG1_GROSS,ALL10,SELECTIVE_FILL_NO_ZERO_OVERRIDE,2021,252,0.46020715842348014,-0.28611511216056373,1.2720210311862863,1.8537579874616497,1.6084685459229375,1.2327319074215977
LEGACY_GROSS100,CORE_DDV20_REFILL,LAG1_GROSS,ALL10,SELECTIVE_FILL_NO_ZERO_OVERRIDE,2022,251,-0.10712215121677227,-0.15236189336488215,-0.48863945297178213,-0.6152429759774725,-0.7030770545771048,0.8718630962585775
LEGACY_GROSS100,CORE_DDV20_REFILL,LAG1_GROSS,ALL10,SELECTIVE_FILL_NO_ZERO_OVERRIDE,2023,250,0.524987822764649,-0.14155895766785087,1.9431162242068036,2.881624839659075,3.7086160523763008,1.427990793334514
LEGACY_GROSS100,CORE_DDV20_REFILL,LAG1_GROSS,ALL10,SELECTIVE_FILL_NO_ZERO_OVERRIDE,2024,252,0.6641518608107122,-0.1912651685988428,1.6951324431671424,2.518776961331638,3.4724140609401606,1.3475247419262457
LEGACY_GROSS100,CORE_DDV20_REFILL,LAG1_GROSS,ALL10,SELECTIVE_FILL_NO_ZERO_OVERRIDE,2025,250,0.8633683620088317,-0.13876911416765325,2.2576476362675444,3.6439142730048864,6.221617592555627,1.510688743806664
LEGACY_GROSS100,CORE_DDV20_REFILL,LAG1_GROSS,ALL10,SELECTIVE_FILL_NO_ZERO_OVERRIDE,2026,54,-0.21859737205147767,-0.20143727262589184,-0.40498163175205854,-0.5440534350531124,-1.0851883030478449,0.9324163453443108
LEGACY_GROSS100,CORE_DDV20_REFILL,LAG1_GROSS,ALL20,SELECTIVE_FILL_NO_ZERO_OVERRIDE,FULL,2568,0.4234563946010823,-0.28810566327894294,1.3655118804701,2.053983736170909,1.4697954555342887,1.3013801482084184
LEGACY_GROSS100,CORE_DDV20_REFILL,LAG1_GROSS,ALL20,SELECTIVE_FILL_NO_ZERO_OVERRIDE,2016_2020,1259,0.4732239582938287,-0.2666720874968611,1.492438103485692,2.3285837620484293,1.7745537702718843,1.344853362964963
LEGACY_GROSS100,CORE_DDV20_REFILL,LAG1_GROSS,ALL20,SELECTIVE_FILL_NO_ZERO_OVERRIDE,2021_2025,1255,0.41320965641297724,-0.28810566327894305,1.3550410479357284,1.991797416297395,1.4342295521379906,1.2910009761410814
LEGACY_GROSS100,CORE_DDV20_REFILL,LAG1_GROSS,ALL20,SELECTIVE_FILL_NO_ZERO_OVERRIDE,2022_2025,1003,0.4109986868610238,-0.20733290397428394,1.4151539579315353,2.0921106964712015,1.9823128841720226,1.320506582786936
LEGACY_GROSS100,CORE_DDV20_REFILL,LAG1_GROSS,ALL20,SELECTIVE_FILL_NO_ZERO_OVERRIDE,2022_2026_AVAILABLE,1057,0.36669041980809336,-0.20733290397428394,1.2650269582147162,1.8471123411700763,1.768606973515284,1.2803008318795026
LEGACY_GROSS100,CORE_DDV20_REFILL,LAG1_GROSS,ALL20,SELECTIVE_FILL_NO_ZERO_OVERRIDE,2016,252,0.21905876080736997,-0.16097402067118838,1.104223379541544,1.5922874002080032,1.3608330082953428,1.2333973065577823
LEGACY_GROSS100,CORE_DDV20_REFILL,LAG1_GROSS,ALL20,SELECTIVE_FILL_NO_ZERO_OVERRIDE,2017,251,0.2907440501016132,-0.15455886332926727,1.4016789893925294,1.935234869534592,1.8811218188258887,1.2580325729693433
LEGACY_GROSS100,CORE_DDV20_REFILL,LAG1_GROSS,ALL20,SELECTIVE_FILL_NO_ZERO_OVERRIDE,2018,251,0.21001344860044568,-0.266672087496861,0.7300869141818507,1.0816839365324586,0.7875344231627457,1.1561803037139475
LEGACY_GROSS100,CORE_DDV20_REFILL,LAG1_GROSS,ALL20,SELECTIVE_FILL_NO_ZERO_OVERRIDE,2019,252,0.4310103565772805,-0.12614933235416503,1.6949940122406746,2.6965091726928914,3.416667758234473,1.3623151968844083
LEGACY_GROSS100,CORE_DDV20_REFILL,LAG1_GROSS,ALL20,SELECTIVE_FILL_NO_ZERO_OVERRIDE,2020,253,1.5382911577112472,-0.2540153890513208,2.479530480962807,4.226864408422676,6.05589749288951,1.6467356100544033
LEGACY_GROSS100,CORE_DDV20_REFILL,LAG1_GROSS,ALL20,SELECTIVE_FILL_NO_ZERO_OVERRIDE,2021,252,0.4220440558872003,-0.28810566327894305,1.1959645901300135,1.7371555572276844,1.4648933002006923,1.217308728534306
LEGACY_GROSS100,CORE_DDV20_REFILL,LAG1_GROSS,ALL20,SELECTIVE_FILL_NO_ZERO_OVERRIDE,2022,251,-0.11863274518556366,-0.15400448799213529,-0.5559152552958433,-0.6978441431346812,-0.7703200519170714,0.8557817722928344
LEGACY_GROSS100,CORE_DDV20_REFILL,LAG1_GROSS,ALL20,SELECTIVE_FILL_NO_ZERO_OVERRIDE,2023,250,0.5029645962241238,-0.1440720863893692,1.8815899623264092,2.783482476206216,3.4910620705860524,1.4117963634874104
LEGACY_GROSS100,CORE_DDV20_REFILL,LAG1_GROSS,ALL20,SELECTIVE_FILL_NO_ZERO_OVERRIDE,2024,252,0.6315310672319077,-0.19773043166670967,1.635471724798304,2.4228856835495844,3.193899198563443,1.3328812221984856
LEGACY_GROSS100,CORE_DDV20_REFILL,LAG1_GROSS,ALL20,SELECTIVE_FILL_NO_ZERO_OVERRIDE,2025,250,0.8353477237871725,-0.13977673047409267,2.20745412752077,3.5497290562402526,5.976300353813201,1.4964045519018325
LEGACY_GROSS100,CORE_DDV20_REFILL,LAG1_GROSS,ALL20,SELECTIVE_FILL_NO_ZERO_OVERRIDE,2026,54,-0.24438730517614737,-0.20476964610055048,-0.4873239966201348,-0.652653897509711,-1.1934742762418165,0.9193207054671602
LEGACY_GROSS100,EARLY1,SAME_DAY_GROSS,BASE,NATIVE_NO_FILL,FULL,2568,0.5096173629395162,-0.26027622344482304,1.5758194006589263,2.411575798150349,1.9579866197326778,1.357419578495085
LEGACY_GROSS100,EARLY1,SAME_DAY_GROSS,BASE,NATIVE_NO_FILL,2016_2020,1259,0.5680977895211448,-0.240978734505773,1.7297329357105171,2.749547306094603,2.3574602575877295,1.4170333307770206
LEGACY_GROSS100,EARLY1,SAME_DAY_GROSS,BASE,NATIVE_NO_FILL,2021_2025,1255,0.4963846547332931,-0.26027622344482315,1.5539761877442557,2.3288735680649046,1.907145601559427,1.338419864984484
LEGACY_GROSS100,EARLY1,SAME_DAY_GROSS,BASE,NATIVE_NO_FILL,2022_2025,1003,0.49937658537912455,-0.2094089386883189,1.638813106336792,2.4750509468530733,2.3846956510409,1.3751325913343957
LEGACY_GROSS100,EARLY1,SAME_DAY_GROSS,BASE,NATIVE_NO_FILL,2022_2026_AVAILABLE,1057,0.4485747735026997,-0.2094089386883189,1.4712029712655412,2.187278817974694,2.142099455316717,1.330016824152012
LEGACY_GROSS100,EARLY1,SAME_DAY_GROSS,BASE,NATIVE_NO_FILL,2016,252,0.32133456532618676,-0.14572383476092376,1.5795629053349218,2.420715296903674,2.205092707403508,1.3415262909398142
LEGACY_GROSS100,EARLY1,SAME_DAY_GROSS,BASE,NATIVE_NO_FILL,2017,251,0.33305379478832986,-0.12107390717082256,1.676427542530608,2.4199181672904713,2.750830485039406,1.308900016209236
LEGACY_GROSS100,EARLY1,SAME_DAY_GROSS,BASE,NATIVE_NO_FILL,2018,251,0.3076251417566114,-0.23904234249010925,0.9680982374945221,1.4472868567209136,1.2869064892523794,1.2166228750690793
LEGACY_GROSS100,EARLY1,SAME_DAY_GROSS,BASE,NATIVE_NO_FILL,2019,252,0.45975880528538826,-0.12411450247920464,1.8100102928792923,2.8850342014166976,3.7043117129879386,1.3937065318670547
LEGACY_GROSS100,EARLY1,SAME_DAY_GROSS,BASE,NATIVE_NO_FILL,2020,253,1.80958980858319,-0.240978734505773,2.7097024735944544,4.632822889840248,7.509334017769268,1.7444735609457667
LEGACY_GROSS100,EARLY1,SAME_DAY_GROSS,BASE,NATIVE_NO_FILL,2021,252,0.4845353492682696,-0.26027622344482315,1.321057119479707,1.9471881085305074,1.8616197163740846,1.2454762396296128
LEGACY_GROSS100,EARLY1,SAME_DAY_GROSS,BASE,NATIVE_NO_FILL,2022,251,-0.03389829485944951,-0.13126922687297016,-0.10399808321021434,-0.13726146261663377,-0.25823489379009634,0.9725361330989627
LEGACY_GROSS100,EARLY1,SAME_DAY_GROSS,BASE,NATIVE_NO_FILL,2023,250,0.6387132821195154,-0.14073328244653405,2.2316525395672744,3.3786592205664507,4.538466459504125,1.5025536045568992
LEGACY_GROSS100,EARLY1,SAME_DAY_GROSS,BASE,NATIVE_NO_FILL,2024,252,0.8628015848659591,-0.20940893868831878,1.954490222497756,2.9526470605400132,4.120175529613569,1.4072782613643542
LEGACY_GROSS100,EARLY1,SAME_DAY_GROSS,BASE,NATIVE_NO_FILL,2025,250,0.7137993801572367,-0.11713905980708428,2.034351059818858,3.2632054026790653,6.093606874878365,1.440503035964749
LEGACY_GROSS100,EARLY1,SAME_DAY_GROSS,BASE,NATIVE_NO_FILL,2026,54,-0.23635657048334524,-0.2001597121778751,-0.4495612437659597,-0.601136774118008,-1.1808398798720456,0.923657440641753
LEGACY_GROSS100,EARLY1,SAME_DAY_GROSS,ALL5,NATIVE_NO_FILL,FULL,2568,0.5019325680434943,-0.26088229212845104,1.5581359530377916,2.3826137353768826,1.9239809798832836,1.3526938659836076
LEGACY_GROSS100,EARLY1,SAME_DAY_GROSS,ALL5,NATIVE_NO_FILL,2016_2020,1259,0.560476117827738,-0.24270759233094197,1.71260294169415,2.719948749378368,2.3092648748437394,1.412057272655733
LEGACY_GROSS100,EARLY1,SAME_DAY_GROSS,ALL5,NATIVE_NO_FILL,2021_2025,1255,0.48879777237701827,-0.26088229212845093,1.536237863080021,2.3006069094417105,1.8736333861109604,1.3338960056120701
LEGACY_GROSS100,EARLY1,SAME_DAY_GROSS,ALL5,NATIVE_NO_FILL,2022_2025,1003,0.4927135038033834,-0.21090377512222935,1.622209212325547,2.4484039421615074,2.3362004948362407,1.3706278749841612
LEGACY_GROSS100,EARLY1,SAME_DAY_GROSS,ALL5,NATIVE_NO_FILL,2022_2026_AVAILABLE,1057,0.44165729140489063,-0.21090377512222935,1.4539583977805854,2.160211848699084,2.0941175242070846,1.3255161795226669
LEGACY_GROSS100,EARLY1,SAME_DAY_GROSS,ALL5,NATIVE_NO_FILL,2016,252,0.31343962332080233,-0.14748685515522053,1.5478479196553854,2.3685901940623104,2.125203788438821,1.333407222984911
LEGACY_GROSS100,EARLY1,SAME_DAY_GROSS,ALL5,NATIVE_NO_FILL,2017,251,0.32373501865140497,-0.12200629165157328,1.6377763747589544,2.3599940931003376,2.6534288868965095,1.3009735252814183
LEGACY_GROSS100,EARLY1,SAME_DAY_GROSS,ALL5,NATIVE_NO_FILL,2018,251,0.30205777246652676,-0.23941381825187258,0.9556335261198808,1.427536250606403,1.2616555496757098,1.2135131889351585
LEGACY_GROSS100,EARLY1,SAME_DAY_GROSS,ALL5,NATIVE_NO_FILL,2019,252,0.45529161720053524,-0.12469710967731029,1.795705865766122,2.8601958335116136,3.6511801947834517,1.389915977727333
LEGACY_GROSS100,EARLY1,SAME_DAY_GROSS,ALL5,NATIVE_NO_FILL,2020,253,1.798286150080263,-0.2427075923309422,2.6997260351128074,4.612557942146774,7.409270277908005,1.740658963845783
LEGACY_GROSS100,EARLY1,SAME_DAY_GROSS,ALL5,NATIVE_NO_FILL,2021,252,0.4733140783595955,-0.26088229212845093,1.299240868210465,1.913210317669639,1.8142821212508715,1.2408989847218108
LEGACY_GROSS100,EARLY1,SAME_DAY_GROSS,ALL5,NATIVE_NO_FILL,2022,251,-0.038242803317495855,-0.13160892036088445,-0.12916379276992007,-0.1703054301024057,-0.2905791128187236,0.9660363621704735
LEGACY_GROSS100,EARLY1,SAME_DAY_GROSS,ALL5,NATIVE_NO_FILL,2023,250,0.6331778944802993,-0.1414431288978858,2.2172402336753763,3.355194363861097,4.476554636580608,1.4985661293840873
LEGACY_GROSS100,EARLY1,SAME_DAY_GROSS,ALL5,NATIVE_NO_FILL,2024,252,0.8518784364170446,-0.21090377512222858,1.93763652865113,2.925659221790785,4.039180597518187,1.4030590459865289
LEGACY_GROSS100,EARLY1,SAME_DAY_GROSS,ALL5,NATIVE_NO_FILL,2025,250,0.7069035836102282,-0.1174182007467014,2.02013587469572,3.238178547393259,6.020391890820956,1.4369343656540365
LEGACY_GROSS100,EARLY1,SAME_DAY_GROSS,ALL5,NATIVE_NO_FILL,2026,54,-0.24468951792615823,-0.20119703474570738,-0.4762911115602757,-0.636303577801882,-1.216168609221408,0.9193129180894316
LEGACY_GROSS100,EARLY1,SAME_DAY_GROSS,ALL10,NATIVE_NO_FILL,FULL,2568,0.4889474684785253,-0.26185419562020185,1.5281991383897011,2.333126195322582,1.8672508466799735,1.3446568727884645
LEGACY_GROSS100,EARLY1,SAME_DAY_GROSS,ALL10,NATIVE_NO_FILL,2016_2020,1259,0.5471081928837231,-0.24524813505185372,1.6826171102803176,2.6673750931306,2.230835283489703,1.4032336026194967
LEGACY_GROSS100,EARLY1,SAME_DAY_GROSS,ALL10,NATIVE_NO_FILL,2021_2025,1255,0.476325144144524,-0.2618541956202014,1.5069714283187325,2.253698674052014,1.8190472106675561,1.3264610653214899
LEGACY_GROSS100,EARLY1,SAME_DAY_GROSS,ALL10,NATIVE_NO_FILL,2022_2025,1003,0.4819336580971021,-0.21403239185749234,1.59529956745675,2.404823086780637,2.2516856159696825,1.363336568101431
LEGACY_GROSS100,EARLY1,SAME_DAY_GROSS,ALL10,NATIVE_NO_FILL,2022_2026_AVAILABLE,1057,0.4305462465142649,-0.21403239185749234,1.4261533872267036,2.1162489997192386,2.0115938656655876,1.3182482968733622
LEGACY_GROSS100,EARLY1,SAME_DAY_GROSS,ALL10,NATIVE_NO_FILL,2016,252,0.3014339838994611,-0.15009948470378176,1.4993934962860311,2.288103588816052,2.0082279728963415,1.3210593525417207
LEGACY_GROSS100,EARLY1,SAME_DAY_GROSS,ALL10,NATIVE_NO_FILL,2017,251,0.30987502844185255,-0.12293794858024332,1.5797600174940067,2.26979476730695,2.5205807646903495,1.2889826059173337
LEGACY_GROSS100,EARLY1,SAME_DAY_GROSS,ALL10,NATIVE_NO_FILL,2018,251,0.2916208349015448,-0.24054907311163753,0.932012780068446,1.390294156241638,1.2123132761613473,1.2076065280364376
LEGACY_GROSS100,EARLY1,SAME_DAY_GROSS,ALL10,NATIVE_NO_FILL,2019,252,0.44656499227465196,-0.1256299003553173,1.7680575919196169,2.8117200335468784,3.5546075497285154,1.3825749786402974
LEGACY_GROSS100,EARLY1,SAME_DAY_GROSS,ALL10,NATIVE_NO_FILL,2020,253,1.7725228498871948,-0.24524813505185328,2.6778002034665462,4.566623430982851,7.227467191595267,1.7320470522086906
LEGACY_GROSS100,EARLY1,SAME_DAY_GROSS,ALL10,NATIVE_NO_FILL,2021,252,0.4542119473245221,-0.2618541956202014,1.261737674702917,1.854840190456377,1.7345987000464955,1.2330969445472324
LEGACY_GROSS100,EARLY1,SAME_DAY_GROSS,ALL10,NATIVE_NO_FILL,2022,251,-0.04415027623254408,-0.13216200075019136,-0.16361476423923874,-0.2154154007194958,-0.33406180280212017,0.9572370550812707
LEGACY_GROSS100,EARLY1,SAME_DAY_GROSS,ALL10,NATIVE_NO_FILL,2023,250,0.6223841450735683,-0.1424105387146012,2.1897193726885593,3.310196496487709,4.370351735842117,1.491121973508246
LEGACY_GROSS100,EARLY1,SAME_DAY_GROSS,ALL10,NATIVE_NO_FILL,2024,252,0.8335617360421972,-0.2140323918574918,1.9089505697727556,2.8788991527042107,3.8945588039646064,1.3958299117944355
LEGACY_GROSS100,EARLY1,SAME_DAY_GROSS,ALL10,NATIVE_NO_FILL,2025,250,0.6962826518945251,-0.11782964365178783,1.9982344086116326,3.1991417623569416,5.909231584814017,1.431314007277396
LEGACY_GROSS100,EARLY1,SAME_DAY_GROSS,ALL10,NATIVE_NO_FILL,2026,54,-0.25728931267843536,-0.20286308392780728,-0.5171599775884619,-0.6898608706756307,-1.2682904533285944,0.9127897272992681
LEGACY_GROSS100,EARLY1,SAME_DAY_GROSS,ALL20,NATIVE_NO_FILL,FULL,2568,0.46329884338729244,-0.26379536550132754,1.468127299513491,2.2342492405458367,1.7562812087574788,1.3286977753915352
LEGACY_GROSS100,EARLY1,SAME_DAY_GROSS,ALL20,NATIVE_NO_FILL,2016_2020,1259,0.5207003573439968,-0.2503063089203811,1.6224132595173089,2.5623435080176007,2.0802526296275827,1.385760713499442
LEGACY_GROSS100,EARLY1,SAME_DAY_GROSS,ALL20,NATIVE_NO_FILL,2021_2025,1255,0.45167884837150996,-0.2637953655013281,1.448257051239507,2.159944257014016,1.712231932176367,1.3116593412860047
LEGACY_GROSS100,EARLY1,SAME_DAY_GROSS,ALL20,NATIVE_NO_FILL,2022_2025,1003,0.46059579520544536,-0.22025680402068315,1.5413292416676734,2.3176967449892216,2.091176239723306,1.3488479572275007
LEGACY_GROSS100,EARLY1,SAME_DAY_GROSS,ALL20,NATIVE_NO_FILL,2022_2026_AVAILABLE,1057,0.4085686450844719,-0.22025680402068315,1.3704065485700112,2.028392623607379,1.8549649210659815,1.303810429315532
LEGACY_GROSS100,EARLY1,SAME_DAY_GROSS,ALL20,NATIVE_NO_FILL,2016,252,0.27773800035831653,-0.15530399584576038,1.4019961187614278,2.1275689110981433,1.788350639954886,1.2967665551204497
LEGACY_GROSS100,EARLY1,SAME_DAY_GROSS,ALL20,NATIVE_NO_FILL,2017,251,0.28257333129327633,-0.12479908130857087,1.463225165423196,2.090305538742165,2.2642260530316096,1.2652988649410277
LEGACY_GROSS100,EARLY1,SAME_DAY_GROSS,ALL20,NATIVE_NO_FILL,2018,251,0.27098586994923046,-0.24281541966394193,0.884598216621786,1.3158680538932888,1.1160159034557056,1.195871998260912
LEGACY_GROSS100,EARLY1,SAME_DAY_GROSS,ALL20,NATIVE_NO_FILL,2019,252,0.42926009902324225,-0.12749371492024864,1.7126437301257493,2.7147250826463094,3.366911845746734,1.3679977543973294
LEGACY_GROSS100,EARLY1,SAME_DAY_GROSS,ALL20,NATIVE_NO_FILL,2020,253,1.7216761602616972,-0.25030630892038097,2.6337630276551995,4.474783997933833,6.878277130479116,1.7149924994759604
LEGACY_GROSS100,EARLY1,SAME_DAY_GROSS,ALL20,NATIVE_NO_FILL,2021,252,0.4167242527718975,-0.2637953655013281,1.186463690955801,1.7382605814361285,1.5797254511273795,1.2175302505357954
LEGACY_GROSS100,EARLY1,SAME_DAY_GROSS,ALL20,NATIVE_NO_FILL,2022,251,-0.05586202161986731,-0.13326776825530973,-0.2324136686473208,-0.30509282111839037,-0.4191712846338719,0.9399691064743748
LEGACY_GROSS100,EARLY1,SAME_DAY_GROSS,ALL20,NATIVE_NO_FILL,2023,250,0.6009993982544808,-0.14434261091816036,2.1343560989093353,3.2200132444441176,4.163700479238501,1.4761319572775584
LEGACY_GROSS100,EARLY1,SAME_DAY_GROSS,ALL20,NATIVE_NO_FILL,2024,252,0.797449168588797,-0.22025680402068326,1.8514460014354435,2.7854218262011727,3.6205427211860948,1.3815148180124905
LEGACY_GROSS100,EARLY1,SAME_DAY_GROSS,ALL20,NATIVE_NO_FILL,2025,250,0.6752278952190252,-0.11865204656531558,1.954283601002369,3.1210862751125883,5.690823839665721,1.420094889980707
LEGACY_GROSS100,EARLY1,SAME_DAY_GROSS,ALL20,NATIVE_NO_FILL,2026,54,-0.28187729683399343,-0.20618662682455735,-0.5988657924147214,-0.7964105483925467,-1.3670978626263706,0.8999494681751771
LEGACY_GROSS100,EARLY1,SAME_DAY_GROSS,BASE,SELECTIVE_FILL_NO_ZERO_OVERRIDE,FULL,2568,0.5319178243736458,-0.2658410697280458,1.6100365523223776,2.47838074436916,2.0008865632304116,1.3674205464103286
LEGACY_GROSS100,EARLY1,SAME_DAY_GROSS,BASE,SELECTIVE_FILL_NO_ZERO_OVERRIDE,2016_2020,1259,0.5980674200053764,-0.24479097900449653,1.7750465303865988,2.8405622193465603,2.4431758982196423,1.4301988868404625
LEGACY_GROSS100,EARLY1,SAME_DAY_GROSS,BASE,SELECTIVE_FILL_NO_ZERO_OVERRIDE,2021_2025,1255,0.5129569993907659,-0.26584106972804544,1.5769951509118418,2.375726564777271,1.9295626515328097,1.3459582565065418
LEGACY_GROSS100,EARLY1,SAME_DAY_GROSS,BASE,SELECTIVE_FILL_NO_ZERO_OVERRIDE,2022_2025,1003,0.5162400845290189,-0.20940893868831867,1.657263391439368,2.5213033725750438,2.46522468316113,1.3831716812357895
LEGACY_GROSS100,EARLY1,SAME_DAY_GROSS,BASE,SELECTIVE_FILL_NO_ZERO_OVERRIDE,2022_2026_AVAILABLE,1057,0.4640301480823956,-0.20940893868831867,1.4913596294670455,2.232360105478006,2.21590420632928,1.3375185251284152
LEGACY_GROSS100,EARLY1,SAME_DAY_GROSS,BASE,SELECTIVE_FILL_NO_ZERO_OVERRIDE,2016,252,0.3256745102274141,-0.14662483917213465,1.5372944646231121,2.3241300461696484,2.221141465976844,1.3375299054820495
LEGACY_GROSS100,EARLY1,SAME_DAY_GROSS,BASE,SELECTIVE_FILL_NO_ZERO_OVERRIDE,2017,251,0.3689424503590326,-0.11409298114936484,1.7966657786687406,2.624519453545811,3.2336998003061344,1.3336323983970368
LEGACY_GROSS100,EARLY1,SAME_DAY_GROSS,BASE,SELECTIVE_FILL_NO_ZERO_OVERRIDE,2018,251,0.3054976469854649,-0.24479097900449676,0.959128897483255,1.4361651405513423,1.2479938935162025,1.2131076285029856
LEGACY_GROSS100,EARLY1,SAME_DAY_GROSS,BASE,SELECTIVE_FILL_NO_ZERO_OVERRIDE,2019,252,0.4859047204611848,-0.12411450247920464,1.8822361199304143,3.013722932086619,3.9149713430354205,1.4112177308736793
LEGACY_GROSS100,EARLY1,SAME_DAY_GROSS,BASE,SELECTIVE_FILL_NO_ZERO_OVERRIDE,2020,253,1.9492739129606624,-0.2030891239529924,2.7907818577462615,4.844897461423029,9.598120642894925,1.7784450056266647
LEGACY_GROSS100,EARLY1,SAME_DAY_GROSS,BASE,SELECTIVE_FILL_NO_ZERO_OVERRIDE,2021,252,0.49996010272139957,-0.26584106972804544,1.3504850491011628,1.9898198171168138,1.8806729269967848,1.2511307744824052
LEGACY_GROSS100,EARLY1,SAME_DAY_GROSS,BASE,SELECTIVE_FILL_NO_ZERO_OVERRIDE,2022,251,-0.041909615940852296,-0.13126922687297038,-0.1387659278328395,-0.17975069052966736,-0.31926459033241933,0.9627019484524533
LEGACY_GROSS100,EARLY1,SAME_DAY_GROSS,BASE,SELECTIVE_FILL_NO_ZERO_OVERRIDE,2023,250,0.6312445751184961,-0.14349855450072568,2.1927614034265,3.333312526878224,4.398961211245537,1.4908318802249367
LEGACY_GROSS100,EARLY1,SAME_DAY_GROSS,BASE,SELECTIVE_FILL_NO_ZERO_OVERRIDE,2024,252,0.8628015848659591,-0.20940893868831878,1.954490222497756,2.9526470605400132,4.120175529613569,1.4072782613643542
LEGACY_GROSS100,EARLY1,SAME_DAY_GROSS,BASE,SELECTIVE_FILL_NO_ZERO_OVERRIDE,2025,250,0.8157748300879593,-0.11693296651195262,2.16634086471572,3.6073981007304234,6.976431492521595,1.486168993509032
LEGACY_GROSS100,EARLY1,SAME_DAY_GROSS,BASE,SELECTIVE_FILL_NO_ZERO_OVERRIDE,2026,54,-0.23635657048334524,-0.2001597121778751,-0.4495612437659597,-0.601136774118008,-1.1808398798720456,0.923657440641753
LEGACY_GROSS100,EARLY1,SAME_DAY_GROSS,ALL5,SELECTIVE_FILL_NO_ZERO_OVERRIDE,FULL,2568,0.5241212024964057,-0.266442920953191,1.5925929284903881,2.449540484442695,1.967105001781916,1.3627054639055152
LEGACY_GROSS100,EARLY1,SAME_DAY_GROSS,ALL5,SELECTIVE_FILL_NO_ZERO_OVERRIDE,2016_2020,1259,0.5903024317298913,-0.2451600771481841,1.7581903280359412,2.8110519247415633,2.4078244655351857,1.4252534734407658
LEGACY_GROSS100,EARLY1,SAME_DAY_GROSS,ALL5,SELECTIVE_FILL_NO_ZERO_OVERRIDE,2021_2025,1255,0.5052872869943903,-0.26644292095319133,1.5594788670446342,2.347619040383961,1.8964185094005899,1.341431876090646
LEGACY_GROSS100,EARLY1,SAME_DAY_GROSS,ALL5,SELECTIVE_FILL_NO_ZERO_OVERRIDE,2022_2025,1003,0.509503179365375,-0.21090377512222913,1.6409436770511914,2.494875964418071,2.4158087216319046,1.3786667179287106
LEGACY_GROSS100,EARLY1,SAME_DAY_GROSS,ALL5,SELECTIVE_FILL_NO_ZERO_OVERRIDE,2022_2026_AVAILABLE,1057,0.4570398831425142,-0.21090377512222913,1.4743763141059367,2.205481426950221,2.1670540647157077,1.3330183891291765
LEGACY_GROSS100,EARLY1,SAME_DAY_GROSS,ALL5,SELECTIVE_FILL_NO_ZERO_OVERRIDE,2016,252,0.31775216056796163,-0.14853185911545153,1.5068720934107234,2.2747503804243805,2.1392862276165125,1.329709236649574
LEGACY_GROSS100,EARLY1,SAME_DAY_GROSS,ALL5,SELECTIVE_FILL_NO_ZERO_OVERRIDE,2017,251,0.3593764543525546,-0.11503317341018393,1.7587466090315649,2.5644479762589647,3.124111451494903,1.3257081490563092
LEGACY_GROSS100,EARLY1,SAME_DAY_GROSS,ALL5,SELECTIVE_FILL_NO_ZERO_OVERRIDE,2018,251,0.2999388062704378,-0.245160077148184,0.9467351999659752,1.4164862973741894,1.2234406586890714,1.2100433352435813
LEGACY_GROSS100,EARLY1,SAME_DAY_GROSS,ALL5,SELECTIVE_FILL_NO_ZERO_OVERRIDE,2019,252,0.48135754633569494,-0.12469710967731029,1.8679682161108089,2.9887467429956036,3.8602141427443373,1.4073915660126202
LEGACY_GROSS100,EARLY1,SAME_DAY_GROSS,ALL5,SELECTIVE_FILL_NO_ZERO_OVERRIDE,2020,253,1.9374264314838228,-0.20489934967431234,2.781051278204778,4.824468310171512,9.455503077795823,1.7745772558889108
LEGACY_GROSS100,EARLY1,SAME_DAY_GROSS,ALL5,SELECTIVE_FILL_NO_ZERO_OVERRIDE,2021,252,0.4886237395505304,-0.26644292095319133,1.328699669934141,1.9558374107896712,1.8338777318702784,1.2465425511792076
LEGACY_GROSS100,EARLY1,SAME_DAY_GROSS,ALL5,SELECTIVE_FILL_NO_ZERO_OVERRIDE,2022,251,-0.04621630653541242,-0.13160892036088445,-0.16304504991365787,-0.21101530684857062,-0.3511639363705957,0.956363828021287
LEGACY_GROSS100,EARLY1,SAME_DAY_GROSS,ALL5,SELECTIVE_FILL_NO_ZERO_OVERRIDE,2023,250,0.6257370484962417,-0.14420644385328674,2.1785577077581504,3.309952790850632,4.339175363986205,1.4869225617401858
LEGACY_GROSS100,EARLY1,SAME_DAY_GROSS,ALL5,SELECTIVE_FILL_NO_ZERO_OVERRIDE,2024,252,0.8518784364170446,-0.21090377512222858,1.93763652865113,2.925659221790785,4.039180597518187,1.4030590459865289
LEGACY_GROSS100,EARLY1,SAME_DAY_GROSS,ALL5,SELECTIVE_FILL_NO_ZERO_OVERRIDE,2025,250,0.8084677421382771,-0.11718900232610541,2.1526062455556083,3.5819679453455255,6.898836290870787,1.4824903598425279
LEGACY_GROSS100,EARLY1,SAME_DAY_GROSS,ALL5,SELECTIVE_FILL_NO_ZERO_OVERRIDE,2026,54,-0.24468951792615823,-0.20119703474570738,-0.4762911115602757,-0.636303577801882,-1.216168609221408,0.9193129180894316
LEGACY_GROSS100,EARLY1,SAME_DAY_GROSS,ALL10,SELECTIVE_FILL_NO_ZERO_OVERRIDE,FULL,2568,0.5101776948636652,-0.26748714651679795,1.5613577949285056,2.397354848634165,1.9072979823784784,1.3542345768996182
LEGACY_GROSS100,EARLY1,SAME_DAY_GROSS,ALL10,SELECTIVE_FILL_NO_ZERO_OVERRIDE,2016_2020,1259,0.5758209534690342,-0.24628390517297005,1.7268535079318874,2.7553401909175697,2.3380372869458266,1.415947229099118
LEGACY_GROSS100,EARLY1,SAME_DAY_GROSS,ALL10,SELECTIVE_FILL_NO_ZERO_OVERRIDE,2021_2025,1255,0.4919418320368312,-0.2674871465167974,1.528897239490667,2.2981844014848427,1.8391232567353988,1.3335737643864467
LEGACY_GROSS100,EARLY1,SAME_DAY_GROSS,ALL10,SELECTIVE_FILL_NO_ZERO_OVERRIDE,2022_2025,1003,0.49794521967118155,-0.2140323918574919,1.6129297908033382,2.4489370773854113,2.3264946737722108,1.37094957634282
LEGACY_GROSS100,EARLY1,SAME_DAY_GROSS,ALL10,SELECTIVE_FILL_NO_ZERO_OVERRIDE,2022_2026_AVAILABLE,1057,0.44520892627622777,-0.2140323918574919,1.4455482704540323,2.1594010318534105,2.0801006913601143,1.3253735433903624
LEGACY_GROSS100,EARLY1,SAME_DAY_GROSS,ALL10,SELECTIVE_FILL_NO_ZERO_OVERRIDE,2016,252,0.30436514063596043,-0.15175352558115252,1.4551918054077835,2.189707127884243,2.0056544944861696,1.3164522477561627
LEGACY_GROSS100,EARLY1,SAME_DAY_GROSS,ALL10,SELECTIVE_FILL_NO_ZERO_OVERRIDE,2017,251,0.34424559042764136,-0.11630797189025799,1.6981799880121564,2.467748657384284,2.9597764008167315,1.312927424264754
LEGACY_GROSS100,EARLY1,SAME_DAY_GROSS,ALL10,SELECTIVE_FILL_NO_ZERO_OVERRIDE,2018,251,0.28946425125089004,-0.24628390517296994,0.923154950875693,1.3791943434174148,1.1753275190581118,1.2042121305457008
LEGACY_GROSS100,EARLY1,SAME_DAY_GROSS,ALL10,SELECTIVE_FILL_NO_ZERO_OVERRIDE,2019,252,0.4719475671558737,-0.1256299003553173,1.8388754391293995,2.937282047808104,3.756650015808904,1.399565449730105
LEGACY_GROSS100,EARLY1,SAME_DAY_GROSS,ALL10,SELECTIVE_FILL_NO_ZERO_OVERRIDE,2020,253,1.908567305493683,-0.20806281736448762,2.75827431633332,4.775508829391037,9.173034036880438,1.7654211241606539
LEGACY_GROSS100,EARLY1,SAME_DAY_GROSS,ALL10,SELECTIVE_FILL_NO_ZERO_OVERRIDE,2021,252,0.468284906050227,-0.2674871465167974,1.2891841730304123,1.8943272042056343,1.750681900600484,1.2383146393785875
LEGACY_GROSS100,EARLY1,SAME_DAY_GROSS,ALL10,SELECTIVE_FILL_NO_ZERO_OVERRIDE,2022,251,-0.05212648526191932,-0.13216200075019136,-0.1966011004862545,-0.25409473708710656,-0.3944135603731305,0.9476996077483031
LEGACY_GROSS100,EARLY1,SAME_DAY_GROSS,ALL10,SELECTIVE_FILL_NO_ZERO_OVERRIDE,2023,250,0.6140397201632326,-0.14546450359235852,2.1489106219547764,3.260887622120943,4.221234081161015,1.4788963228951755
LEGACY_GROSS100,EARLY1,SAME_DAY_GROSS,ALL10,SELECTIVE_FILL_NO_ZERO_OVERRIDE,2024,252,0.8335617360421972,-0.2140323918574918,1.9089505697727556,2.8788991527042107,3.8945588039646064,1.3958299117944355
LEGACY_GROSS100,EARLY1,SAME_DAY_GROSS,ALL10,SELECTIVE_FILL_NO_ZERO_OVERRIDE,2025,250,0.7952137540118018,-0.11774386617359045,2.127850802968715,3.535004852813926,6.753759493844152,1.4757087336263037
LEGACY_GROSS100,EARLY1,SAME_DAY_GROSS,ALL10,SELECTIVE_FILL_NO_ZERO_OVERRIDE,2026,54,-0.25728931267843536,-0.20286308392780728,-0.5171599775884619,-0.6898608706756307,-1.2682904533285944,0.9127897272992681
LEGACY_GROSS100,EARLY1,SAME_DAY_GROSS,ALL20,SELECTIVE_FILL_NO_ZERO_OVERRIDE,FULL,2568,0.48265703399424464,-0.26957236468583445,1.4986722123669074,2.293119167328685,1.7904544279111982,1.337428465422654
LEGACY_GROSS100,EARLY1,SAME_DAY_GROSS,ALL20,SELECTIVE_FILL_NO_ZERO_OVERRIDE,2016_2020,1259,0.5472365846856326,-0.24852722494648594,1.6639214953203236,2.6440797768545696,2.2019180586894103,1.3975242750848238
LEGACY_GROSS100,EARLY1,SAME_DAY_GROSS,ALL20,SELECTIVE_FILL_NO_ZERO_OVERRIDE,2021_2025,1255,0.4655905362002115,-0.26957236468583456,1.4675427779314711,2.1994106864926857,1.7271449050158414,1.317952628195535
LEGACY_GROSS100,EARLY1,SAME_DAY_GROSS,ALL20,SELECTIVE_FILL_NO_ZERO_OVERRIDE,2022_2025,1003,0.4750823678151961,-0.22025680402068315,1.5567416057953594,2.3571260834195735,2.1569475228133412,1.3556359206389963
LEGACY_GROSS100,EARLY1,SAME_DAY_GROSS,ALL20,SELECTIVE_FILL_NO_ZERO_OVERRIDE,2022_2026_AVAILABLE,1057,0.4218221242922713,-0.22025680402068315,1.387746559911011,2.067337491333573,1.915137769149961,1.310204382501821
LEGACY_GROSS100,EARLY1,SAME_DAY_GROSS,ALL20,SELECTIVE_FILL_NO_ZERO_OVERRIDE,2016,252,0.27798301301558337,-0.1581643197986048,1.351346644215283,2.020404991561998,1.757558299934822,1.2903893863687963
LEGACY_GROSS100,EARLY1,SAME_DAY_GROSS,ALL20,SELECTIVE_FILL_NO_ZERO_OVERRIDE,2017,251,0.31447024757600306,-0.1188533591534725,1.576459086371244,2.2755127328404314,2.6458675616390037,1.2877061601716726
LEGACY_GROSS100,EARLY1,SAME_DAY_GROSS,ALL20,SELECTIVE_FILL_NO_ZERO_OVERRIDE,2018,251,0.26875675559610435,-0.24852722494648594,0.87582176298944,1.304685235321103,1.0813976442781041,1.1926232290467056
LEGACY_GROSS100,EARLY1,SAME_DAY_GROSS,ALL20,SELECTIVE_FILL_NO_ZERO_OVERRIDE,2019,252,0.453297318961535,-0.12749371492024864,1.780546035032145,2.8342966058218537,3.5554483548078184,1.3840342733974078
LEGACY_GROSS100,EARLY1,SAME_DAY_GROSS,ALL20,SELECTIVE_FILL_NO_ZERO_OVERRIDE,2020,253,1.8516633725559704,-0.2143555111182347,2.7125048775893355,4.67762989872571,8.638282089862507,1.7472890581803942
LEGACY_GROSS100,EARLY1,SAME_DAY_GROSS,ALL20,SELECTIVE_FILL_NO_ZERO_OVERRIDE,2021,252,0.42841301978840907,-0.26957236468583456,1.209872262734591,1.7715069219422652,1.5892319685205523,1.2219211545479962
LEGACY_GROSS100,EARLY1,SAME_DAY_GROSS,ALL20,SELECTIVE_FILL_NO_ZERO_OVERRIDE,2022,251,-0.063842360494069,-0.13326776825531006,-0.2636310007781252,-0.33978374627937424,-0.4790532724444059,0.9306909001325532
LEGACY_GROSS100,EARLY1,SAME_DAY_GROSS,ALL20,SELECTIVE_FILL_NO_ZERO_OVERRIDE,2023,250,0.5908853683149733,-0.14797585816816383,2.0892707554974543,3.1626016687965905,3.993120064514003,1.4627723848124918
LEGACY_GROSS100,EARLY1,SAME_DAY_GROSS,ALL20,SELECTIVE_FILL_NO_ZERO_OVERRIDE,2024,252,0.797449168588797,-0.22025680402068326,1.8514460014354435,2.7854218262011727,3.6205427211860948,1.3815148180124905
LEGACY_GROSS100,EARLY1,SAME_DAY_GROSS,ALL20,SELECTIVE_FILL_NO_ZERO_OVERRIDE,2025,250,0.7689833394299666,-0.11885272930702218,2.07816335856595,3.4411556767199847,6.4700520039680125,1.4622462648598586
LEGACY_GROSS100,EARLY1,SAME_DAY_GROSS,ALL20,SELECTIVE_FILL_NO_ZERO_OVERRIDE,2026,54,-0.28187729683399343,-0.20618662682455735,-0.5988657924147214,-0.7964105483925467,-1.3670978626263706,0.8999494681751771
LEGACY_GROSS100,EARLY1,LAG1_GROSS,BASE,NATIVE_NO_FILL,FULL,2568,0.5067790462395301,-0.28030064776023955,1.571755233587356,2.4018419514681923,1.8079838569371167,1.3543184288578418
LEGACY_GROSS100,EARLY1,LAG1_GROSS,BASE,NATIVE_NO_FILL,2016_2020,1259,0.5638806365472233,-0.25585004474650097,1.7213269123418375,2.7236505563083764,2.2039497280757656,1.4122006218313203
LEGACY_GROSS100,EARLY1,LAG1_GROSS,BASE,NATIVE_NO_FILL,2021_2025,1255,0.4900016809914729,-0.28030064776023933,1.5421976465581095,2.3138814566172146,1.7481289640493642,1.333711241538069
LEGACY_GROSS100,EARLY1,LAG1_GROSS,BASE,NATIVE_NO_FILL,2022_2025,1003,0.4897537375852188,-0.20475155295282965,1.6190184209784495,2.446692810156145,2.391941504336465,1.3677042745030576
LEGACY_GROSS100,EARLY1,LAG1_GROSS,BASE,NATIVE_NO_FILL,2022_2026_AVAILABLE,1057,0.44510418627943715,-0.20475155295282965,1.4668347828862796,2.181486713044722,2.173874531647531,1.326833536100838
LEGACY_GROSS100,EARLY1,LAG1_GROSS,BASE,NATIVE_NO_FILL,2016,252,0.35588730316143713,-0.1296460901451557,1.6953848435877397,2.6367570405679945,2.7450677668950516,1.37226018116613
LEGACY_GROSS100,EARLY1,LAG1_GROSS,BASE,NATIVE_NO_FILL,2017,251,0.3421426733164912,-0.12909917574447816,1.6969835620782967,2.43827658929198,2.6502312764078613,1.3145698180711378
LEGACY_GROSS100,EARLY1,LAG1_GROSS,BASE,NATIVE_NO_FILL,2018,251,0.34404805305735464,-0.23921027120474514,1.0484968308945433,1.5749896250436002,1.4382662221175135,1.2366164997595945
LEGACY_GROSS100,EARLY1,LAG1_GROSS,BASE,NATIVE_NO_FILL,2019,252,0.41519749435785913,-0.12250029961724929,1.6646922729058475,2.6238657614276626,3.3893590109994727,1.35769474626269
LEGACY_GROSS100,EARLY1,LAG1_GROSS,BASE,NATIVE_NO_FILL,2020,253,1.6934096247944943,-0.2558500447465001,2.627081305864664,4.437856442596415,6.618758368685645,1.7043420366958644
LEGACY_GROSS100,EARLY1,LAG1_GROSS,BASE,NATIVE_NO_FILL,2021,252,0.49098894415411665,-0.28030064776023933,1.3349790394571306,1.9724791794143648,1.7516511220269948,1.247372212509243
LEGACY_GROSS100,EARLY1,LAG1_GROSS,BASE,NATIVE_NO_FILL,2022,251,-0.04576279246189896,-0.1349679481282231,-0.16403260711358741,-0.2148163904933331,-0.33906414890758435,0.956911038565141
LEGACY_GROSS100,EARLY1,LAG1_GROSS,BASE,NATIVE_NO_FILL,2023,250,0.6064069619701553,-0.15063884682727513,2.147727654411319,3.23897201368084,4.025568269687241,1.480203349465287
LEGACY_GROSS100,EARLY1,LAG1_GROSS,BASE,NATIVE_NO_FILL,2024,252,0.9144606390301464,-0.20475155295282954,2.0569241017630495,3.1450490461407155,4.466196352810173,1.427697164692381
LEGACY_GROSS100,EARLY1,LAG1_GROSS,BASE,NATIVE_NO_FILL,2025,250,0.6780385960493507,-0.11611329045115659,1.9606052596807748,3.125434145560906,5.839457252609422,1.4198622173532107
LEGACY_GROSS100,EARLY1,LAG1_GROSS,BASE,NATIVE_NO_FILL,2026,54,-0.178823066007606,-0.19738084318382365,-0.2782052531756031,-0.37142625391373646,-0.9059798464892841,0.9525165446011326
LEGACY_GROSS100,EARLY1,LAG1_GROSS,ALL5,NATIVE_NO_FILL,FULL,2568,0.4991766813512024,-0.28084925749644274,1.554177387873055,2.3730081512760157,1.7773829484221622,1.3496356666647142
LEGACY_GROSS100,EARLY1,LAG1_GROSS,ALL5,NATIVE_NO_FILL,2016_2020,1259,0.5563358837959784,-0.25730024471319524,1.7040928413995853,2.6940740788256927,2.162205031775656,1.4072211614369161
LEGACY_GROSS100,EARLY1,LAG1_GROSS,ALL5,NATIVE_NO_FILL,2021_2025,1255,0.4825259940981794,-0.28084925749644285,1.5247446296424783,2.285827771830048,1.718096029163584,1.3292558103218257
LEGACY_GROSS100,EARLY1,LAG1_GROSS,ALL5,NATIVE_NO_FILL,2022_2025,1003,0.4831249061415537,-0.2062862649120072,1.6025632904444558,2.420004312396156,2.3420119916739677,1.3632221942451923
LEGACY_GROSS100,EARLY1,LAG1_GROSS,ALL5,NATIVE_NO_FILL,2022_2026_AVAILABLE,1057,0.43820098410165254,-0.2062862649120072,1.449703447916371,2.1543440874194797,2.1242373276212554,1.3223633252974532
LEGACY_GROSS100,EARLY1,LAG1_GROSS,ALL5,NATIVE_NO_FILL,2016,252,0.3476886902523506,-0.13144322502191363,1.6635134062365975,2.5826857191906356,2.645162504148734,1.3639601525957568
LEGACY_GROSS100,EARLY1,LAG1_GROSS,ALL5,NATIVE_NO_FILL,2017,251,0.33273060553848843,-0.13002115039994877,1.6587317785187798,2.3791769613174254,2.5590498508511854,1.3066391229346312
LEGACY_GROSS100,EARLY1,LAG1_GROSS,ALL5,NATIVE_NO_FILL,2018,251,0.3382352428925177,-0.2396366935465667,1.0356288788604455,1.554493867409453,1.4114501326433597,1.2332963346198045
LEGACY_GROSS100,EARLY1,LAG1_GROSS,ALL5,NATIVE_NO_FILL,2019,252,0.41088378758635336,-0.12280463441906764,1.6509355498726965,2.600539742260262,3.345832912007401,1.3540418514021606
LEGACY_GROSS100,EARLY1,LAG1_GROSS,ALL5,NATIVE_NO_FILL,2020,253,1.6834569470646894,-0.25730024471319535,2.61745598512927,4.418825577228666,6.54277242892321,1.7007582987111693
LEGACY_GROSS100,EARLY1,LAG1_GROSS,ALL5,NATIVE_NO_FILL,2021,252,0.4801446251051984,-0.28084925749644285,1.3139734169231145,1.939559953134849,1.7096168577596462,1.242973654851888
LEGACY_GROSS100,EARLY1,LAG1_GROSS,ALL5,NATIVE_NO_FILL,2022,251,-0.05000364405284963,-0.13530191890187493,-0.1884776993147036,-0.24661624707416757,-0.3695708417048674,0.9507088067530607
LEGACY_GROSS100,EARLY1,LAG1_GROSS,ALL5,NATIVE_NO_FILL,2023,250,0.6008885067866041,-0.15133145637719092,2.1334088353020775,3.215694061263165,3.970678146973623,1.4763176091758978
LEGACY_GROSS100,EARLY1,LAG1_GROSS,ALL5,NATIVE_NO_FILL,2024,252,0.9031855535399249,-0.20628626491200708,2.0398519087268374,3.116619156960772,4.378311633715339,1.423343312017934
LEGACY_GROSS100,EARLY1,LAG1_GROSS,ALL5,NATIVE_NO_FILL,2025,250,0.671298985903859,-0.11635774122517972,1.9465815728447755,3.1003367206487216,5.769267938991156,1.4162352813374643
LEGACY_GROSS100,EARLY1,LAG1_GROSS,ALL5,NATIVE_NO_FILL,2026,54,-0.18772258286408283,-0.19840608653318748,-0.30495383902066375,-0.40673612402204334,-0.9461533471287051,0.9480487272104507
LEGACY_GROSS100,EARLY1,LAG1_GROSS,ALL10,NATIVE_NO_FILL,FULL,2568,0.48629316703629466,-0.2817531348359249,1.5243566526793733,2.3236926974555097,1.725954770013405,1.3416944131983632
LEGACY_GROSS100,EARLY1,LAG1_GROSS,ALL10,NATIVE_NO_FILL,2016_2020,1259,0.5430585651645505,-0.25954773055955094,1.673982315595795,2.6415978099114925,2.0923263863405293,1.398459957182589
LEGACY_GROSS100,EARLY1,LAG1_GROSS,ALL10,NATIVE_NO_FILL,2021_2025,1255,0.4702057905486967,-0.281753134835925,1.4958114777770097,2.239188794490012,1.6688573521019188,1.3219462337715613
LEGACY_GROSS100,EARLY1,LAG1_GROSS,ALL10,NATIVE_NO_FILL,2022_2025,1003,0.47243237218957423,-0.20946426915519256,1.5758703597484935,2.3764908410720618,2.255431793188307,1.3560372571787207
LEGACY_GROSS100,EARLY1,LAG1_GROSS,ALL10,NATIVE_NO_FILL,2022_2026_AVAILABLE,1057,0.4271387306029659,-0.20946426915519256,1.4220592162467203,2.1103755521116474,2.039196147035931,1.3151881668582783
LEGACY_GROSS100,EARLY1,LAG1_GROSS,ALL10,NATIVE_NO_FILL,2016,252,0.3352738292137396,-0.13410627644168227,1.6151717789197335,2.500045115409318,2.5000606840317237,1.3513684159772439
LEGACY_GROSS100,EARLY1,LAG1_GROSS,ALL10,NATIVE_NO_FILL,2017,251,0.318746797319561,-0.13094240854999062,1.6013106832669,2.2902630123913372,2.4342518275725107,1.2947708174268675
LEGACY_GROSS100,EARLY1,LAG1_GROSS,ALL10,NATIVE_NO_FILL,2018,251,0.32741964330521656,-0.24086529107400445,1.0116764219636112,1.5164139517657862,1.359347550015493,1.2271389107364994
LEGACY_GROSS100,EARLY1,LAG1_GROSS,ALL10,NATIVE_NO_FILL,2019,252,0.40230255474340804,-0.12332861355354063,1.6235023901845704,2.553372255514075,3.2620374392578126,1.3468548407604597
LEGACY_GROSS100,EARLY1,LAG1_GROSS,ALL10,NATIVE_NO_FILL,2020,253,1.6598783695862944,-0.25954773055955127,2.595912197081854,4.374719633959016,6.395272137451604,1.6926517590556256
LEGACY_GROSS100,EARLY1,LAG1_GROSS,ALL10,NATIVE_NO_FILL,2021,252,0.46137696204583034,-0.281753134835925,1.277284111382507,1.8821651289721502,1.6375220183956667,1.2353502641021383
LEGACY_GROSS100,EARLY1,LAG1_GROSS,ALL10,NATIVE_NO_FILL,2022,251,-0.05571936303618563,-0.1358484942138013,-0.22174303590518898,-0.2897374201937697,-0.410158120328469,0.9423394978438112
LEGACY_GROSS100,EARLY1,LAG1_GROSS,ALL10,NATIVE_NO_FILL,2023,250,0.5902115745588901,-0.15227865146553088,2.1058121893568558,3.170938012193177,3.8758655194191007,1.4689499549210856
LEGACY_GROSS100,EARLY1,LAG1_GROSS,ALL10,NATIVE_NO_FILL,2024,252,0.8843155215062677,-0.20946426915519223,2.0107710010556077,3.067686367817506,4.221796514856086,1.4159494200651639
LEGACY_GROSS100,EARLY1,LAG1_GROSS,ALL10,NATIVE_NO_FILL,2025,250,0.6609119094800273,-0.11673467758737144,1.9248676362268842,3.0613842537168607,5.661658755902761,1.4106300329334265
LEGACY_GROSS100,EARLY1,LAG1_GROSS,ALL10,NATIVE_NO_FILL,2026,54,-0.2012120147963109,-0.19983141278448868,-0.345949210057624,-0.46068458968837,-1.0069088337643448,0.9413042664198907
LEGACY_GROSS100,EARLY1,LAG1_GROSS,ALL20,NATIVE_NO_FILL,FULL,2568,0.46084364137819,-0.2835585023852194,1.46452431516871,2.225186367577074,1.6252153876596707,1.3259185891446261
LEGACY_GROSS100,EARLY1,LAG1_GROSS,ALL20,NATIVE_NO_FILL,2016_2020,1259,0.5168286513255027,-0.2640245562366278,1.6135652195090056,2.536816037414685,1.9575022062050291,1.381094156556177
LEGACY_GROSS100,EARLY1,LAG1_GROSS,ALL20,NATIVE_NO_FILL,2021_2025,1255,0.4458587842168489,-0.28355850238521907,1.4377470217584487,2.1459783265419117,1.572369653762461,1.3073972121075006
LEGACY_GROSS100,EARLY1,LAG1_GROSS,ALL20,NATIVE_NO_FILL,2022_2025,1003,0.4512674546264559,-0.21578652901963846,1.5223098915093658,2.289500834757793,2.0912679613350034,1.3417582234803875
LEGACY_GROSS100,EARLY1,LAG1_GROSS,ALL20,NATIVE_NO_FILL,2022_2026_AVAILABLE,1057,0.40525759249501636,-0.21578652901963846,1.3666085934642145,2.0225100503334525,1.8780486174747932,1.300927329815987
LEGACY_GROSS100,EARLY1,LAG1_GROSS,ALL20,NATIVE_NO_FILL,2016,252,0.3107727626685328,-0.13941122070687473,1.518031560673074,2.335385699635568,2.2291804138345643,1.3265240349734995
LEGACY_GROSS100,EARLY1,LAG1_GROSS,ALL20,NATIVE_NO_FILL,2017,251,0.2912021148155224,-0.1327827768294234,1.485949154274386,2.1133088060928245,2.1930714341786137,1.271246778845842
LEGACY_GROSS100,EARLY1,LAG1_GROSS,ALL20,NATIVE_NO_FILL,2018,251,0.3060385992728689,-0.24331755655608345,0.9636485149054942,1.4403724127136868,1.257774422875764,1.2149331286906118
LEGACY_GROSS100,EARLY1,LAG1_GROSS,ALL20,NATIVE_NO_FILL,2019,252,0.3852889082924431,-0.12437630051575577,1.5684963764004776,2.4590236049385075,3.097767876152864,1.332595832531325
LEGACY_GROSS100,EARLY1,LAG1_GROSS,ALL20,NATIVE_NO_FILL,2020,253,1.6133145253104626,-0.2640245562366278,2.552678986535011,4.286564147479701,6.110471496691221,1.6765995093565746
LEGACY_GROSS100,EARLY1,LAG1_GROSS,ALL20,NATIVE_NO_FILL,2021,252,0.42453045698125713,-0.28355850238521907,1.2036434038422454,1.7675499987483323,1.4971529804615953,1.2201481149444875
LEGACY_GROSS100,EARLY1,LAG1_GROSS,ALL20,NATIVE_NO_FILL,2022,251,-0.06705228764870608,-0.13694134197145502,-0.2883748407088699,-0.37574423086464803,-0.4896424022387842,0.9258497814473661
LEGACY_GROSS100,EARLY1,LAG1_GROSS,ALL20,NATIVE_NO_FILL,2023,250,0.5690602815834571,-0.15417030009258037,2.0502844530121287,3.0812426395636474,3.691114833672454,1.4540812807651586
LEGACY_GROSS100,EARLY1,LAG1_GROSS,ALL20,NATIVE_NO_FILL,2024,252,0.8471141412375054,-0.2157865290196388,1.9524584238248834,2.9699125732020244,3.9257044686066074,1.4013086642394974
LEGACY_GROSS100,EARLY1,LAG1_GROSS,ALL20,NATIVE_NO_FILL,2025,250,0.6403206356205904,-0.11748815650678335,1.8812856684482548,2.9835026217660645,5.450086669660363,1.3994934381402981
LEGACY_GROSS100,EARLY1,LAG1_GROSS,ALL20,NATIVE_NO_FILL,2026,54,-0.22753912480957406,-0.20267626282269813,-0.42793877252913154,-0.5680505747789258,-1.1226727868404898,0.9280013260875307
LEGACY_GROSS100,EARLY1,LAG1_GROSS,BASE,SELECTIVE_FILL_NO_ZERO_OVERRIDE,FULL,2568,0.506636101250566,-0.27624525700151137,1.5570068086080773,2.3724435948594893,1.8340083256082624,1.3514441127157983
LEGACY_GROSS100,EARLY1,LAG1_GROSS,BASE,SELECTIVE_FILL_NO_ZERO_OVERRIDE,2016_2020,1259,0.5653085338699306,-0.2643627289255178,1.7144299133336067,2.702430268656641,2.138382124316783,1.4095506245942402
LEGACY_GROSS100,EARLY1,LAG1_GROSS,BASE,SELECTIVE_FILL_NO_ZERO_OVERRIDE,2021_2025,1255,0.4883491892017513,-0.27624525700151115,1.5178968049395527,2.2723012454371996,1.7678102223455727,1.330151816148919
LEGACY_GROSS100,EARLY1,LAG1_GROSS,BASE,SELECTIVE_FILL_NO_ZERO_OVERRIDE,2022_2025,1003,0.4809258708759587,-0.20475155295282954,1.5659531906892545,2.356025472602753,2.3488264872245144,1.3573411040984997
LEGACY_GROSS100,EARLY1,LAG1_GROSS,BASE,SELECTIVE_FILL_NO_ZERO_OVERRIDE,2022_2026_AVAILABLE,1057,0.4369771488872505,-0.20475155295282954,1.42218279428648,2.1083104216601742,2.13418234238214,1.318163485035206
LEGACY_GROSS100,EARLY1,LAG1_GROSS,BASE,SELECTIVE_FILL_NO_ZERO_OVERRIDE,2016,252,0.34851140255646174,-0.12951961001971324,1.6409066875048188,2.509405589436491,2.6908002772971393,1.361674108737166
LEGACY_GROSS100,EARLY1,LAG1_GROSS,BASE,SELECTIVE_FILL_NO_ZERO_OVERRIDE,2017,251,0.3397394591749505,-0.13321606136522723,1.6425255009161346,2.3222976505913993,2.550289024410619,1.3069550354585124
LEGACY_GROSS100,EARLY1,LAG1_GROSS,BASE,SELECTIVE_FILL_NO_ZERO_OVERRIDE,2018,251,0.3000085246164921,-0.2643627289255174,0.9459264870974365,1.4132953041084366,1.134836691374213,1.2098445840986822
LEGACY_GROSS100,EARLY1,LAG1_GROSS,BASE,SELECTIVE_FILL_NO_ZERO_OVERRIDE,2019,252,0.43358488618806446,-0.12250029961724929,1.7140778381414927,2.7112705352286466,3.5394598016722836,1.3686161283163667
LEGACY_GROSS100,EARLY1,LAG1_GROSS,BASE,SELECTIVE_FILL_NO_ZERO_OVERRIDE,2020,253,1.7808436266557637,-0.2455850693527375,2.70268531616683,4.581740377579798,7.251432798212629,1.7332186858191163
LEGACY_GROSS100,EARLY1,LAG1_GROSS,BASE,SELECTIVE_FILL_NO_ZERO_OVERRIDE,2021,252,0.5182658030726341,-0.27624525700151115,1.3894058234689806,2.057525475949134,1.8761075165529415,1.2591960672412312
LEGACY_GROSS100,EARLY1,LAG1_GROSS,BASE,SELECTIVE_FILL_NO_ZERO_OVERRIDE,2022,251,-0.10108457814731775,-0.1577968935616375,-0.4422883793173809,-0.5536208525967968,-0.6405992910616635,0.8847004434092178
LEGACY_GROSS100,EARLY1,LAG1_GROSS,BASE,SELECTIVE_FILL_NO_ZERO_OVERRIDE,2023,250,0.5954456171314622,-0.16096584790968993,2.0887932559140334,3.15811927818435,3.699204675177666,1.4629928864640096
LEGACY_GROSS100,EARLY1,LAG1_GROSS,BASE,SELECTIVE_FILL_NO_ZERO_OVERRIDE,2024,252,0.9144606390301464,-0.20475155295282954,2.0569241017630495,3.1450490461407155,4.466196352810173,1.427697164692381
LEGACY_GROSS100,EARLY1,LAG1_GROSS,BASE,SELECTIVE_FILL_NO_ZERO_OVERRIDE,2025,250,0.7517057472391584,-0.135301175208291,2.0397309090131186,3.3091330699277246,5.555796142065552,1.4525700780986646
LEGACY_GROSS100,EARLY1,LAG1_GROSS,BASE,SELECTIVE_FILL_NO_ZERO_OVERRIDE,2026,54,-0.178823066007606,-0.19738084318382365,-0.2782052531756031,-0.37142625391373646,-0.9059798464892841,0.9525165446011326
LEGACY_GROSS100,EARLY1,LAG1_GROSS,ALL5,SELECTIVE_FILL_NO_ZERO_OVERRIDE,FULL,2568,0.49903435170745936,-0.2767969120932191,1.5396255812126831,2.3440195100463033,1.8028898802866542,1.3468095706031795
LEGACY_GROSS100,EARLY1,LAG1_GROSS,ALL5,SELECTIVE_FILL_NO_ZERO_OVERRIDE,2016_2020,1259,0.5577573529140947,-0.2647758754543009,1.697325899477379,2.6731940862760206,2.1065263289455576,1.4046247075833747
LEGACY_GROSS100,EARLY1,LAG1_GROSS,ALL5,SELECTIVE_FILL_NO_ZERO_OVERRIDE,2021_2025,1255,0.48088114004404847,-0.27679691209321855,1.5007150133895257,2.2447536305750933,1.7373067365798476,1.3257446449332326
LEGACY_GROSS100,EARLY1,LAG1_GROSS,ALL5,SELECTIVE_FILL_NO_ZERO_OVERRIDE,2022_2025,1003,0.4743354389723211,-0.20628626491200752,1.5498642855065934,2.330069569671302,2.299403885055805,1.352949766545837
LEGACY_GROSS100,EARLY1,LAG1_GROSS,ALL5,SELECTIVE_FILL_NO_ZERO_OVERRIDE,2022_2026_AVAILABLE,1057,0.43011195824386306,-0.20628626491200752,1.4053937325324677,2.081818146677069,2.0850247030616873,1.3137747751652797
LEGACY_GROSS100,EARLY1,LAG1_GROSS,ALL5,SELECTIVE_FILL_NO_ZERO_OVERRIDE,2016,252,0.3403548801738412,-0.13131698966244865,1.6095263426385433,2.4571596783686913,2.5918571621899504,1.353530653834302
LEGACY_GROSS100,EARLY1,LAG1_GROSS,ALL5,SELECTIVE_FILL_NO_ZERO_OVERRIDE,2017,251,0.33034644156963044,-0.1341325203272511,1.6054849550001444,2.2661121085366807,2.46283631116201,1.2992176930383683
LEGACY_GROSS100,EARLY1,LAG1_GROSS,ALL5,SELECTIVE_FILL_NO_ZERO_OVERRIDE,2018,251,0.29438473871897886,-0.2647758754543005,0.9331113503755464,1.393100130512564,1.111826136780308,1.2066418628633129
LEGACY_GROSS100,EARLY1,LAG1_GROSS,ALL5,SELECTIVE_FILL_NO_ZERO_OVERRIDE,2019,252,0.42921617114496313,-0.12280463441906764,1.700415632389275,2.687933810341498,3.4951137892750372,1.3649585755713385
LEGACY_GROSS100,EARLY1,LAG1_GROSS,ALL5,SELECTIVE_FILL_NO_ZERO_OVERRIDE,2020,253,1.7705736178440228,-0.24705599326975158,2.693078921241133,4.562736284644796,7.16668960105249,1.729546850521315
LEGACY_GROSS100,EARLY1,LAG1_GROSS,ALL5,SELECTIVE_FILL_NO_ZERO_OVERRIDE,2021,252,0.5072233670283433,-0.27679691209321855,1.3683804726637232,2.0244261638506797,1.8324748032504157,1.2547397793106587
LEGACY_GROSS100,EARLY1,LAG1_GROSS,ALL5,SELECTIVE_FILL_NO_ZERO_OVERRIDE,2022,251,-0.10508309842685903,-0.15814629038278272,-0.4650590824429371,-0.581667362129134,-0.6644676784546276,0.8792498762866823
LEGACY_GROSS100,EARLY1,LAG1_GROSS,ALL5,SELECTIVE_FILL_NO_ZERO_OVERRIDE,2023,250,0.5899624475514598,-0.16165131710364133,2.074628773267144,3.1349287910011636,3.6495987667901924,1.4591479194863914
LEGACY_GROSS100,EARLY1,LAG1_GROSS,ALL5,SELECTIVE_FILL_NO_ZERO_OVERRIDE,2024,252,0.9031855535399249,-0.20628626491200708,2.0398519087268374,3.116619156960772,4.378311633715339,1.423343312017934
LEGACY_GROSS100,EARLY1,LAG1_GROSS,ALL5,SELECTIVE_FILL_NO_ZERO_OVERRIDE,2025,250,0.7446755927754154,-0.13551804379124843,2.0263187055112817,3.2844942425748043,5.495029089428942,1.4489139901606816
LEGACY_GROSS100,EARLY1,LAG1_GROSS,ALL5,SELECTIVE_FILL_NO_ZERO_OVERRIDE,2026,54,-0.18772258286408283,-0.19840608653318748,-0.30495383902066375,-0.40673612402204334,-0.9461533471287051,0.9480487272104507
LEGACY_GROSS100,EARLY1,LAG1_GROSS,ALL10,SELECTIVE_FILL_NO_ZERO_OVERRIDE,FULL,2568,0.4853089775502457,-0.27774424170886014,1.5081556597297596,2.292212228748132,1.7473232732542523,1.3384512934252926
LEGACY_GROSS100,EARLY1,LAG1_GROSS,ALL10,SELECTIVE_FILL_NO_ZERO_OVERRIDE,2016_2020,1259,0.5435792747425485,-0.26596448790948624,1.6653590843584387,2.6179162612028164,2.0438039642628563,1.3954079595072668
LEGACY_GROSS100,EARLY1,LAG1_GROSS,ALL10,SELECTIVE_FILL_NO_ZERO_OVERRIDE,2021_2025,1255,0.4677175504500779,-0.2777442417088599,1.470215527620882,2.1956904637352084,1.6839864890533136,1.318016426036119
LEGACY_GROSS100,EARLY1,LAG1_GROSS,ALL10,SELECTIVE_FILL_NO_ZERO_OVERRIDE,2022_2025,1003,0.46280519460401215,-0.20946426915519256,1.5215125782060328,2.2840362596110384,2.209470839444787,1.345314139245307
LEGACY_GROSS100,EARLY1,LAG1_GROSS,ALL10,SELECTIVE_FILL_NO_ZERO_OVERRIDE,2022_2026_AVAILABLE,1057,0.418282917183987,-0.20946426915519256,1.376230907161537,2.0355809255060247,1.9969177505595488,1.3062021728366515
LEGACY_GROSS100,EARLY1,LAG1_GROSS,ALL10,SELECTIVE_FILL_NO_ZERO_OVERRIDE,2016,252,0.32619701724326977,-0.13430706607843468,1.5545333895487408,2.364951739340338,2.4287405478187742,1.339306382902982
LEGACY_GROSS100,EARLY1,LAG1_GROSS,ALL10,SELECTIVE_FILL_NO_ZERO_OVERRIDE,2017,251,0.3158156716845999,-0.135367900097358,1.547695958995339,2.178299929588914,2.3330174395662633,1.2872095151228693
LEGACY_GROSS100,EARLY1,LAG1_GROSS,ALL10,SELECTIVE_FILL_NO_ZERO_OVERRIDE,2018,251,0.2838640864708273,-0.26596448790948624,0.9091053233668159,1.3553730940398305,1.0673007088353565,1.2006658750366586
LEGACY_GROSS100,EARLY1,LAG1_GROSS,ALL10,SELECTIVE_FILL_NO_ZERO_OVERRIDE,2019,252,0.42000970116504366,-0.12332861355354063,1.6716425873892207,2.638149477708139,3.4056143912029375,1.357414037358269
LEGACY_GROSS100,EARLY1,LAG1_GROSS,ALL10,SELECTIVE_FILL_NO_ZERO_OVERRIDE,2020,253,1.7443965122666936,-0.2495648336102717,2.669778001769785,4.515551752477028,6.989752871154908,1.7207374368595392
LEGACY_GROSS100,EARLY1,LAG1_GROSS,ALL10,SELECTIVE_FILL_NO_ZERO_OVERRIDE,2021,252,0.48743354862732047,-0.2777442417088599,1.3303536511827678,1.9647134527507828,1.7549726526401341,1.2467587034410352
LEGACY_GROSS100,EARLY1,LAG1_GROSS,ALL10,SELECTIVE_FILL_NO_ZERO_OVERRIDE,2022,251,-0.11087085753134363,-0.15895981443840435,-0.49817938802577066,-0.6221862714271816,-0.6974772707369081,0.871342214032244
LEGACY_GROSS100,EARLY1,LAG1_GROSS,ALL10,SELECTIVE_FILL_NO_ZERO_OVERRIDE,2023,250,0.5783031626128312,-0.16287705052246038,2.044416720776921,3.0856572061430865,3.5505503123847673,1.4511095691125262
LEGACY_GROSS100,EARLY1,LAG1_GROSS,ALL10,SELECTIVE_FILL_NO_ZERO_OVERRIDE,2024,252,0.8843155215062677,-0.20946426915519223,2.0107710010556077,3.067686367817506,4.221796514856086,1.4159494200651639
LEGACY_GROSS100,EARLY1,LAG1_GROSS,ALL10,SELECTIVE_FILL_NO_ZERO_OVERRIDE,2025,250,0.7314989310962463,-0.1360289668025224,2.0011782349415386,3.2381217128963398,5.3775232458994315,1.4420847728297623
LEGACY_GROSS100,EARLY1,LAG1_GROSS,ALL10,SELECTIVE_FILL_NO_ZERO_OVERRIDE,2026,54,-0.2012120147963109,-0.19983141278448868,-0.345949210057624,-0.46068458968837,-1.0069088337643448,0.9413042664198907
LEGACY_GROSS100,EARLY1,LAG1_GROSS,ALL20,SELECTIVE_FILL_NO_ZERO_OVERRIDE,FULL,2568,0.458219486892246,-0.27963622316962167,1.4450235804296654,2.1887719653379087,1.6386270766298376,1.3218580879298416
LEGACY_GROSS100,EARLY1,LAG1_GROSS,ALL20,SELECTIVE_FILL_NO_ZERO_OVERRIDE,2016_2020,1259,0.5155937524036507,-0.26833671841685536,1.6012247632526178,2.507576785540506,1.921443160837522,1.3771422884291324
LEGACY_GROSS100,EARLY1,LAG1_GROSS,ALL20,SELECTIVE_FILL_NO_ZERO_OVERRIDE,2021_2025,1255,0.44172676837750746,-0.2796362231696222,1.4090194574680417,2.0976890726781394,1.579647884564526,1.3026517457152853
LEGACY_GROSS100,EARLY1,LAG1_GROSS,ALL20,SELECTIVE_FILL_NO_ZERO_OVERRIDE,2022_2025,1003,0.44000316407863105,-0.21578652901963846,1.4646392711113827,2.192076693175711,2.039066878167297,1.3301601548074289
LEGACY_GROSS100,EARLY1,LAG1_GROSS,ALL20,SELECTIVE_FILL_NO_ZERO_OVERRIDE,2022_2026_AVAILABLE,1057,0.39490558433230505,-0.21578652901963846,1.3177476929411578,1.9432403519092056,1.83007524207577,1.2911699776341765
LEGACY_GROSS100,EARLY1,LAG1_GROSS,ALL20,SELECTIVE_FILL_NO_ZERO_OVERRIDE,2016,252,0.2983126082670755,-0.14026021388542176,1.4441620241835313,2.181676250953689,2.126851228893508,1.3113012035890343
LEGACY_GROSS100,EARLY1,LAG1_GROSS,ALL20,SELECTIVE_FILL_NO_ZERO_OVERRIDE,2017,251,0.2872122058314519,-0.1378346160917201,1.4315696183929822,2.0035341768728334,2.0837450995643256,1.2634057178685825
LEGACY_GROSS100,EARLY1,LAG1_GROSS,ALL20,SELECTIVE_FILL_NO_ZERO_OVERRIDE,2018,251,0.2630680862917849,-0.26833671841685536,0.8609821838417178,1.2800571460339754,0.9803655938100662,1.1888177302988536
LEGACY_GROSS100,EARLY1,LAG1_GROSS,ALL20,SELECTIVE_FILL_NO_ZERO_OVERRIDE,2019,252,0.4017657707480118,-0.12437630051575577,1.6139184987011284,2.5385782714959215,3.230243777005707,1.342446277761806
LEGACY_GROSS100,EARLY1,LAG1_GROSS,ALL20,SELECTIVE_FILL_NO_ZERO_OVERRIDE,2020,253,1.6927514920124782,-0.25456007759703936,2.623019231594055,4.421238186885322,6.649713136448877,1.7032843572775218
LEGACY_GROSS100,EARLY1,LAG1_GROSS,ALL20,SELECTIVE_FILL_NO_ZERO_OVERRIDE,2021,252,0.44860745819764336,-0.2796362231696222,1.2540221327948824,1.845478083368766,1.6042537447858687,1.2308454471804289
LEGACY_GROSS100,EARLY1,LAG1_GROSS,ALL20,SELECTIVE_FILL_NO_ZERO_OVERRIDE,2022,251,-0.12233900063597192,-0.16059158431698384,-0.5643923793048593,-0.7028334023544822,-0.7618020655085697,0.8557679684648645
LEGACY_GROSS100,EARLY1,LAG1_GROSS,ALL20,SELECTIVE_FILL_NO_ZERO_OVERRIDE,2023,250,0.5552289467425948,-0.16532382808261237,1.9836646932226931,2.986980225999907,3.358432678350194,1.434977801262861
LEGACY_GROSS100,EARLY1,LAG1_GROSS,ALL20,SELECTIVE_FILL_NO_ZERO_OVERRIDE,2024,252,0.8471141412375054,-0.2157865290196388,1.9524584238248834,2.9699125732020244,3.9257044686066074,1.4013086642394974
LEGACY_GROSS100,EARLY1,LAG1_GROSS,ALL20,SELECTIVE_FILL_NO_ZERO_OVERRIDE,2025,250,0.7054304993664318,-0.13705008103950078,1.9507004673987287,3.145472034282402,5.147246130873221,1.428530734785679
LEGACY_GROSS100,EARLY1,LAG1_GROSS,ALL20,SELECTIVE_FILL_NO_ZERO_OVERRIDE,2026,54,-0.22753912480957406,-0.20267626282269813,-0.42793877252913154,-0.5680505747789258,-1.1226727868404898,0.9280013260875307
LEGACY_GROSS100,EARLY2,SAME_DAY_GROSS,BASE,NATIVE_NO_FILL,FULL,2568,0.4900124181730243,-0.2525606239890399,1.5394235858312013,2.3575435830460667,1.9401774133813072,1.3468466071447902
LEGACY_GROSS100,EARLY2,SAME_DAY_GROSS,BASE,NATIVE_NO_FILL,2016_2020,1259,0.5538375489744394,-0.24249834854948604,1.6971090034162857,2.7223861553673343,2.2838817348128004,1.4072454184667798
LEGACY_GROSS100,EARLY2,SAME_DAY_GROSS,BASE,NATIVE_NO_FILL,2021_2025,1255,0.481958109557985,-0.25256062398903956,1.5361867720656617,2.2939196800720123,1.9082868182132013,1.3320060354881562
LEGACY_GROSS100,EARLY2,SAME_DAY_GROSS,BASE,NATIVE_NO_FILL,2022_2025,1003,0.49548626422843056,-0.20063125959832984,1.6331607260812688,2.4740518122159174,2.469636412692667,1.3738383766767286
LEGACY_GROSS100,EARLY2,SAME_DAY_GROSS,BASE,NATIVE_NO_FILL,2022_2026_AVAILABLE,1057,0.4315255516882224,-0.2169512697668653,1.435195164378932,2.129430367073382,1.989043678573246,1.3211074248465786
LEGACY_GROSS100,EARLY2,SAME_DAY_GROSS,BASE,NATIVE_NO_FILL,2016,252,0.3070837329868583,-0.1560681774671333,1.5072309274295883,2.2831178599526822,1.9676255465437704,1.3186445752557248
LEGACY_GROSS100,EARLY2,SAME_DAY_GROSS,BASE,NATIVE_NO_FILL,2017,251,0.3811940252487105,-0.10794973155724252,1.9183119175747725,2.8266422047891906,3.531217908092478,1.3629923212154598
LEGACY_GROSS100,EARLY2,SAME_DAY_GROSS,BASE,NATIVE_NO_FILL,2018,251,0.2934672952130115,-0.23904234249010903,0.9303392932158925,1.396137024016434,1.2276791306341657,1.2069182668415024
LEGACY_GROSS100,EARLY2,SAME_DAY_GROSS,BASE,NATIVE_NO_FILL,2019,252,0.4195916545122915,-0.12537997227670594,1.7169567892038549,2.741564745799399,3.3465604345985844,1.3693456820699574
LEGACY_GROSS100,EARLY2,SAME_DAY_GROSS,BASE,NATIVE_NO_FILL,2020,253,1.723109562432171,-0.2424983485494867,2.624389979221311,4.570772938322617,7.105654833276259,1.7056624230677915
LEGACY_GROSS100,EARLY2,SAME_DAY_GROSS,BASE,NATIVE_NO_FILL,2021,252,0.42931590976367673,-0.25256062398903956,1.2451423645924726,1.796902504851243,1.6998529025740285,1.2252144733834547
LEGACY_GROSS100,EARLY2,SAME_DAY_GROSS,BASE,NATIVE_NO_FILL,2022,251,-0.0545958038183163,-0.13330318895711513,-0.218881389811589,-0.28771323020352835,-0.4095611233717768,0.9435413424185896
LEGACY_GROSS100,EARLY2,SAME_DAY_GROSS,BASE,NATIVE_NO_FILL,2023,250,0.6049482527716585,-0.14427271484812043,2.1895006261281935,3.3193379920406443,4.193088439546611,1.4892985380282937
LEGACY_GROSS100,EARLY2,SAME_DAY_GROSS,BASE,NATIVE_NO_FILL,2024,252,0.9346389946112585,-0.1847929208399347,2.0763852195854575,3.1540603132886456,5.0577640656528775,1.4374023641662244
LEGACY_GROSS100,EARLY2,SAME_DAY_GROSS,BASE,NATIVE_NO_FILL,2025,250,0.7035439259349547,-0.11713905980708417,1.9965205468789307,3.2172575955160054,6.006057476418356,1.4342257008258827
LEGACY_GROSS100,EARLY2,SAME_DAY_GROSS,BASE,NATIVE_NO_FILL,2026,54,-0.36437432075907106,-0.21695126976686596,-0.9341225279564418,-1.1975115440516078,-1.6795214941614525,0.8456245384926804
LEGACY_GROSS100,EARLY2,SAME_DAY_GROSS,ALL5,NATIVE_NO_FILL,FULL,2568,0.4823694477748228,-0.25325178102815105,1.5214743227883438,2.3281459129588256,1.904703081717729,1.3421001155777363
LEGACY_GROSS100,EARLY2,SAME_DAY_GROSS,ALL5,NATIVE_NO_FILL,2016_2020,1259,0.5462375115304514,-0.24422298225558026,1.6798747292410214,2.6923510533381894,2.236634351466611,1.4022783571951845
LEGACY_GROSS100,EARLY2,SAME_DAY_GROSS,ALL5,NATIVE_NO_FILL,2021_2025,1255,0.47437390239930144,-0.2532517810281516,1.518054600144276,2.2651299943039453,1.8731315549823113,1.3274286988703397
LEGACY_GROSS100,EARLY2,SAME_DAY_GROSS,ALL5,NATIVE_NO_FILL,2022_2025,1003,0.48879415376961144,-0.2013685664166055,1.6164126728498212,2.447087312940678,2.427360746852414,1.369314147828249
LEGACY_GROSS100,EARLY2,SAME_DAY_GROSS,ALL5,NATIVE_NO_FILL,2022_2026_AVAILABLE,1057,0.4246452314628728,-0.21819735746895774,1.4177502143107428,2.1021251766743188,1.9461520358846955,1.3165950761947631
LEGACY_GROSS100,EARLY2,SAME_DAY_GROSS,ALL5,NATIVE_NO_FILL,2016,252,0.29917282349105356,-0.15781021438957243,1.4754494152164752,2.2315054248136446,1.8957760411662041,1.310756245535734
LEGACY_GROSS100,EARLY2,SAME_DAY_GROSS,ALL5,NATIVE_NO_FILL,2017,251,0.3715434663465993,-0.10889401888880446,1.8787664183118136,2.763329468192514,3.411973128900638,1.354503534072314
LEGACY_GROSS100,EARLY2,SAME_DAY_GROSS,ALL5,NATIVE_NO_FILL,2018,251,0.2878308601673816,-0.23941381825187225,0.917642695036669,1.3760137493586657,1.2022316099757149,1.203793858249346
LEGACY_GROSS100,EARLY2,SAME_DAY_GROSS,ALL5,NATIVE_NO_FILL,2019,252,0.41524579806980655,-0.12596157339107938,1.7023275665899031,2.7160735004137346,3.2966069483791816,1.365540076081811
LEGACY_GROSS100,EARLY2,SAME_DAY_GROSS,ALL5,NATIVE_NO_FILL,2020,253,1.7122118933242954,-0.24422298225558048,2.6145464958440163,4.55049389236038,7.010854906081106,1.7020232714641594
LEGACY_GROSS100,EARLY2,SAME_DAY_GROSS,ALL5,NATIVE_NO_FILL,2021,252,0.41835003952941374,-0.2532517810281516,1.2221073818362311,1.7618418722628617,1.6519135140175372,1.220522732565728
LEGACY_GROSS100,EARLY2,SAME_DAY_GROSS,ALL5,NATIVE_NO_FILL,2022,251,-0.05884649217004356,-0.1336412553638492,-0.24360010518217926,-0.3198993952350704,-0.4403317823514094,0.9374257984178586
LEGACY_GROSS100,EARLY2,SAME_DAY_GROSS,ALL5,NATIVE_NO_FILL,2023,250,0.5992641933676361,-0.1450478201220774,2.1739612980099734,3.29388444121582,4.131493964288978,1.4850272028388456
LEGACY_GROSS100,EARLY2,SAME_DAY_GROSS,ALL5,NATIVE_NO_FILL,2024,252,0.9232785495198244,-0.18551826119443882,2.0594080438810294,3.1266519874275085,4.976752927584581,1.4330973493752066
LEGACY_GROSS100,EARLY2,SAME_DAY_GROSS,ALL5,NATIVE_NO_FILL,2025,250,0.6967692636446665,-0.1174182007467015,1.9826431031567986,3.19274274157291,5.934082273563028,1.430778777527401
LEGACY_GROSS100,EARLY2,SAME_DAY_GROSS,ALL5,NATIVE_NO_FILL,2026,54,-0.3713293071446738,-0.21819735746895808,-0.9618044110548466,-1.2318039933702287,-1.7018047855941663,0.8414528429596099
LEGACY_GROSS100,EARLY2,SAME_DAY_GROSS,ALL10,NATIVE_NO_FILL,FULL,2568,0.46949696461157453,-0.25431263059724984,1.49119282009979,2.278104914438731,1.8461409624404699,1.3340714997385146
LEGACY_GROSS100,EARLY2,SAME_DAY_GROSS,ALL10,NATIVE_NO_FILL,2016_2020,1259,0.5329457968782816,-0.24675651465984538,1.6498014772948786,2.639169807854668,2.1598043626647465,1.3934948016818598
LEGACY_GROSS100,EARLY2,SAME_DAY_GROSS,ALL10,NATIVE_NO_FILL,2021_2025,1255,0.4619531587170618,-0.25431263059724984,1.4882586225491805,2.217555148484136,1.816477449948793,1.3199451913740643
LEGACY_GROSS100,EARLY2,SAME_DAY_GROSS,ALL10,NATIVE_NO_FILL,2022_2025,1003,0.47799897450460227,-0.20246366596422782,1.5893630251972366,2.4031500082023323,2.36091237520641,1.3620345820259798
LEGACY_GROSS100,EARLY2,SAME_DAY_GROSS,ALL10,NATIVE_NO_FILL,2022_2026_AVAILABLE,1057,0.4136230367793985,-0.2198339573349456,1.389706468103328,2.057941168439892,1.8815247734870644,1.309372171841466
LEGACY_GROSS100,EARLY2,SAME_DAY_GROSS,ALL10,NATIVE_NO_FILL,2016,252,0.2871991909899383,-0.16039125245603625,1.4271515172986315,2.1524152698627566,1.7906162997801922,1.298819484399744
LEGACY_GROSS100,EARLY2,SAME_DAY_GROSS,ALL10,NATIVE_NO_FILL,2017,251,0.3571894006214955,-0.10983756351306295,1.8193706727716779,2.667770605845101,3.2519785508444485,1.3416463527979643
LEGACY_GROSS100,EARLY2,SAME_DAY_GROSS,ALL10,NATIVE_NO_FILL,2018,251,0.2773823484875628,-0.24054907311163787,0.8938931209042645,1.3385059853656032,1.1531216682711174,1.1979253615529717
LEGACY_GROSS100,EARLY2,SAME_DAY_GROSS,ALL10,NATIVE_NO_FILL,2019,252,0.40675751276725713,-0.12689275571231717,1.6740714742806806,2.666474310799441,3.2055219423985934,1.3582000045850033
LEGACY_GROSS100,EARLY2,SAME_DAY_GROSS,ALL10,NATIVE_NO_FILL,2020,253,1.6872992490544885,-0.24675651465984572,2.5927828291430117,4.504219944417479,6.837911661138647,1.6937062506165033
LEGACY_GROSS100,EARLY2,SAME_DAY_GROSS,ALL10,NATIVE_NO_FILL,2021,252,0.39979623121446206,-0.25431263059724984,1.182740740934086,1.701973973226993,1.5720659657192249,1.2125688527180265
LEGACY_GROSS100,EARLY2,SAME_DAY_GROSS,ALL10,NATIVE_NO_FILL,2022,251,-0.06462662942918462,-0.13419217368387903,-0.27746656870671826,-0.3638637178136684,-0.48159760480091574,0.929142469817698
LEGACY_GROSS100,EARLY2,SAME_DAY_GROSS,ALL10,NATIVE_NO_FILL,2023,250,0.5884336666692798,-0.14607927619590122,2.145008026307452,3.2463390329141193,4.02818032778417,1.4772536945389865
LEGACY_GROSS100,EARLY2,SAME_DAY_GROSS,ALL10,NATIVE_NO_FILL,2024,252,0.9042489404894063,-0.18711277183434116,2.0305568425303484,3.0791701098304,4.832641468696622,1.4257406798820527
LEGACY_GROSS100,EARLY2,SAME_DAY_GROSS,ALL10,NATIVE_NO_FILL,2025,250,0.6862931781539536,-0.11782964365178816,1.9611844245981847,3.1544066404785904,5.824452632497956,1.42537508310276
LEGACY_GROSS100,EARLY2,SAME_DAY_GROSS,ALL10,NATIVE_NO_FILL,2026,54,-0.381839308217613,-0.2198339573349456,-1.004030633407176,-1.2838980478316817,-1.7369441593403663,0.8351378180325977
LEGACY_GROSS100,EARLY2,SAME_DAY_GROSS,ALL20,NATIVE_NO_FILL,FULL,2568,0.44407237715195946,-0.2564312078355693,1.4304311564019552,2.178143227143238,1.7317407693868168,1.3181303325282487
LEGACY_GROSS100,EARLY2,SAME_DAY_GROSS,ALL20,NATIVE_NO_FILL,2016_2020,1259,0.5066899205445308,-0.25180074280829057,1.5894257898240531,2.5329336866681587,2.012265392442869,1.37610042697693
LEGACY_GROSS100,EARLY2,SAME_DAY_GROSS,ALL20,NATIVE_NO_FILL,2021_2025,1255,0.4374111560634799,-0.25643120783556916,1.4284789516609122,2.1224832591039875,1.7057641297074893,1.3050427899198058
LEGACY_GROSS100,EARLY2,SAME_DAY_GROSS,ALL20,NATIVE_NO_FILL,2022_2025,1003,0.45663179455929903,-0.20464993756732963,1.5351067971162906,2.3153197477552157,2.231282354577155,1.3474957538376524
LEGACY_GROSS100,EARLY2,SAME_DAY_GROSS,ALL20,NATIVE_NO_FILL,2022_2026_AVAILABLE,1057,0.39182224362212836,-0.2230987041655953,1.3334807430351867,1.969668772847555,1.7562730589923006,1.294974961501249
LEGACY_GROSS100,EARLY2,SAME_DAY_GROSS,ALL20,NATIVE_NO_FILL,2016,252,0.263569250284617,-0.16553278288528694,1.3300828203687165,1.9947200382135843,1.5922480471271279,1.2753290742881023
LEGACY_GROSS100,EARLY2,SAME_DAY_GROSS,ALL20,NATIVE_NO_FILL,2017,251,0.32891450452015225,-0.11172242625512374,1.6999386222458572,2.4775283277526556,2.9440329533218295,1.316235151613533
LEGACY_GROSS100,EARLY2,SAME_DAY_GROSS,ALL20,NATIVE_NO_FILL,2018,251,0.2567281021073351,-0.24281541966394204,0.8462307325321645,1.2635621294463306,1.0572973597090674,1.1862666135875883
LEGACY_GROSS100,EARLY2,SAME_DAY_GROSS,ALL20,NATIVE_NO_FILL,2019,252,0.3899252666944415,-0.1287533650645325,1.617450790046524,2.567296029969041,3.0284666074475566,1.3436421318488534
LEGACY_GROSS100,EARLY2,SAME_DAY_GROSS,ALL20,NATIVE_NO_FILL,2020,253,1.6381299013954926,-0.25180074280829023,2.549074651071638,4.411692719427314,6.5056595271551325,1.6772357103047892
LEGACY_GROSS100,EARLY2,SAME_DAY_GROSS,ALL20,NATIVE_NO_FILL,2021,252,0.36339084893726015,-0.25643120783556916,1.1037301299811317,1.582457334506393,1.417108518126532,1.1968119246540985
LEGACY_GROSS100,EARLY2,SAME_DAY_GROSS,ALL20,NATIVE_NO_FILL,2022,251,-0.07608594094363896,-0.13529362106862086,-0.34509101237154727,-0.45126287280956967,-0.5623764102303701,0.9128750832674832
LEGACY_GROSS100,EARLY2,SAME_DAY_GROSS,ALL20,NATIVE_NO_FILL,2023,250,0.5669815085685372,-0.14813899819475485,2.086767750180608,3.1510858585944335,3.8273615690524654,1.4616208977252776
LEGACY_GROSS100,EARLY2,SAME_DAY_GROSS,ALL20,NATIVE_NO_FILL,2024,252,0.8667309908850833,-0.19029446004466444,1.97269861818073,2.984242930436176,4.554683256053019,1.4111637421102232
LEGACY_GROSS100,EARLY2,SAME_DAY_GROSS,ALL20,NATIVE_NO_FILL,2025,250,0.6655243000061999,-0.11865204656531592,1.918124076335795,3.077767918336545,5.609041894105385,1.4142899774648081
LEGACY_GROSS100,EARLY2,SAME_DAY_GROSS,ALL20,NATIVE_NO_FILL,2026,54,-0.4023479737327482,-0.22309870416559552,-1.088380807763319,-1.387469031012595,-1.8034527597887997,0.8226511082704243
LEGACY_GROSS100,EARLY2,SAME_DAY_GROSS,BASE,SELECTIVE_FILL_NO_ZERO_OVERRIDE,FULL,2568,0.5120122225504862,-0.26367742221191204,1.5734466523344335,2.4239590818659185,1.9418129100905448,1.3567297044883206
LEGACY_GROSS100,EARLY2,SAME_DAY_GROSS,BASE,SELECTIVE_FILL_NO_ZERO_OVERRIDE,2016_2020,1259,0.5846028706697382,-0.24479097900449642,1.744361296575585,2.81790329178766,2.388171627268176,1.420914001184468
LEGACY_GROSS100,EARLY2,SAME_DAY_GROSS,BASE,SELECTIVE_FILL_NO_ZERO_OVERRIDE,2021_2025,1255,0.49733497413936556,-0.2636774222119117,1.5563172688308258,2.335567204139404,1.886149257556335,1.338795123260298
LEGACY_GROSS100,EARLY2,SAME_DAY_GROSS,BASE,SELECTIVE_FILL_NO_ZERO_OVERRIDE,2022_2025,1003,0.5140400600536947,-0.19481158272963506,1.655771100797328,2.527215152216288,2.6386524499782635,1.38299374487591
LEGACY_GROSS100,EARLY2,SAME_DAY_GROSS,BASE,SELECTIVE_FILL_NO_ZERO_OVERRIDE,2022_2026_AVAILABLE,1057,0.4483731629913883,-0.21695126976686585,1.4596539221899358,2.1811253622421853,2.06669987907057,1.3296469159398863
LEGACY_GROSS100,EARLY2,SAME_DAY_GROSS,BASE,SELECTIVE_FILL_NO_ZERO_OVERRIDE,2016,252,0.31137646807630404,-0.1569581807257574,1.469075171908265,2.1985197061114814,1.983818024881108,1.3153906421863897
LEGACY_GROSS100,EARLY2,SAME_DAY_GROSS,BASE,SELECTIVE_FILL_NO_ZERO_OVERRIDE,2017,251,0.41588847551189634,-0.10243669320235438,2.0292171172780438,3.024562446067904,4.05995608126813,1.3870295809377642
LEGACY_GROSS100,EARLY2,SAME_DAY_GROSS,BASE,SELECTIVE_FILL_NO_ZERO_OVERRIDE,2018,251,0.29801917437339687,-0.2447909790044962,0.9354367940904235,1.4086341228798769,1.217443451492234,1.2067470833122314
LEGACY_GROSS100,EARLY2,SAME_DAY_GROSS,BASE,SELECTIVE_FILL_NO_ZERO_OVERRIDE,2019,252,0.44501765363717927,-0.12537997227670594,1.7909321580609794,2.873286346182929,3.5493519862570433,1.3870509395653146
LEGACY_GROSS100,EARLY2,SAME_DAY_GROSS,BASE,SELECTIVE_FILL_NO_ZERO_OVERRIDE,2020,253,1.8584917651876416,-0.2046852581322408,2.7064898164033453,4.785943485122027,9.079753872586796,1.7387818283104202
LEGACY_GROSS100,EARLY2,SAME_DAY_GROSS,BASE,SELECTIVE_FILL_NO_ZERO_OVERRIDE,2021,252,0.43265289489800907,-0.2636774222119117,1.249778301261945,1.7997063759328698,1.6408416438108815,1.2257262169997085
LEGACY_GROSS100,EARLY2,SAME_DAY_GROSS,BASE,SELECTIVE_FILL_NO_ZERO_OVERRIDE,2022,251,-0.0624354924629148,-0.13330318895711524,-0.249262175129211,-0.3218724352328502,-0.4683720843542672,0.9345881697785782
LEGACY_GROSS100,EARLY2,SAME_DAY_GROSS,BASE,SELECTIVE_FILL_NO_ZERO_OVERRIDE,2023,250,0.5976334354802235,-0.14702659638373605,2.1495721016472187,3.2726688271446953,4.064798139789715,1.4775940194183597
LEGACY_GROSS100,EARLY2,SAME_DAY_GROSS,BASE,SELECTIVE_FILL_NO_ZERO_OVERRIDE,2024,252,0.9346389946112585,-0.1847929208399347,2.0763852195854575,3.1540603132886456,5.0577640656528775,1.4374023641662244
LEGACY_GROSS100,EARLY2,SAME_DAY_GROSS,BASE,SELECTIVE_FILL_NO_ZERO_OVERRIDE,2025,250,0.8132265651330708,-0.11693296651195251,2.1443754386423914,3.587462635061355,6.954638964452727,1.4836446934609966
LEGACY_GROSS100,EARLY2,SAME_DAY_GROSS,BASE,SELECTIVE_FILL_NO_ZERO_OVERRIDE,2026,54,-0.36437432075907106,-0.21695126976686596,-0.9341225279564418,-1.1975115440516078,-1.6795214941614525,0.8456245384926804
LEGACY_GROSS100,EARLY2,SAME_DAY_GROSS,ALL5,SELECTIVE_FILL_NO_ZERO_OVERRIDE,FULL,2568,0.5042579879277722,-0.26435965226420766,1.5557525953468554,2.3946978467475684,1.9074695537267696,1.3519974541093152
LEGACY_GROSS100,EARLY2,SAME_DAY_GROSS,ALL5,SELECTIVE_FILL_NO_ZERO_OVERRIDE,2016_2020,1259,0.5768547980593106,-0.24516007714818344,1.7274131608689536,2.7879649786381284,2.3529720041270794,1.4159773609815762
LEGACY_GROSS100,EARLY2,SAME_DAY_GROSS,ALL5,SELECTIVE_FILL_NO_ZERO_OVERRIDE,2021_2025,1255,0.48967296611528366,-0.2643596522642073,1.5384244141501457,2.30695957046632,1.8522984196767396,1.3342223781634386
LEGACY_GROSS100,EARLY2,SAME_DAY_GROSS,ALL5,SELECTIVE_FILL_NO_ZERO_OVERRIDE,2022_2025,1003,0.5072662078603092,-0.1955553280337614,1.639314343858505,2.5004681699207345,2.5939779445576283,1.3784664319243778
LEGACY_GROSS100,EARLY2,SAME_DAY_GROSS,ALL5,SELECTIVE_FILL_NO_ZERO_OVERRIDE,2022_2026_AVAILABLE,1057,0.441413033634505,-0.21819735746895808,1.4424787088373914,2.1540039273836236,2.0229989893314944,1.3251324879555846
LEGACY_GROSS100,EARLY2,SAME_DAY_GROSS,ALL5,SELECTIVE_FILL_NO_ZERO_OVERRIDE,2016,252,0.30343811683770405,-0.15884247324355982,1.4385652658303154,2.149530425823305,1.9103084372932777,1.3077789207841812
LEGACY_GROSS100,EARLY2,SAME_DAY_GROSS,ALL5,SELECTIVE_FILL_NO_ZERO_OVERRIDE,2017,251,0.40599943866771326,-0.10338712921520288,1.9904437970398872,2.961145577390566,3.9269824179237567,1.378543968604709
LEGACY_GROSS100,EARLY2,SAME_DAY_GROSS,ALL5,SELECTIVE_FILL_NO_ZERO_OVERRIDE,2018,251,0.29236270449368296,-0.245160077148184,0.9228489330093205,1.388586570396779,1.192537985362796,1.2036695850727226
LEGACY_GROSS100,EARLY2,SAME_DAY_GROSS,ALL5,SELECTIVE_FILL_NO_ZERO_OVERRIDE,2019,252,0.4405939849083056,-0.12596157339107938,1.7763420915589418,2.8476411424974173,3.4978444064077445,1.3832077238528298
LEGACY_GROSS100,EARLY2,SAME_DAY_GROSS,ALL5,SELECTIVE_FILL_NO_ZERO_OVERRIDE,2020,253,1.8470699077312767,-0.20649105746378937,2.6968862065024104,4.765502577674043,8.945035830692968,1.7350926250515444
LEGACY_GROSS100,EARLY2,SAME_DAY_GROSS,ALL5,SELECTIVE_FILL_NO_ZERO_OVERRIDE,2021,252,0.42166084740211796,-0.2643596522642073,1.2268000932179932,1.7647602337542727,1.5950272433430956,1.2210547681009363
LEGACY_GROSS100,EARLY2,SAME_DAY_GROSS,ALL5,SELECTIVE_FILL_NO_ZERO_OVERRIDE,2022,251,-0.06664917932343495,-0.1336412553638492,-0.27314734229521376,-0.35241843267195216,-0.49871710005998626,0.928617544912444
LEGACY_GROSS100,EARLY2,SAME_DAY_GROSS,ALL5,SELECTIVE_FILL_NO_ZERO_OVERRIDE,2023,250,0.5919778600227605,-0.1477995331702484,2.134263181314867,3.2473455344113837,4.005275573779173,1.4734084678233559
LEGACY_GROSS100,EARLY2,SAME_DAY_GROSS,ALL5,SELECTIVE_FILL_NO_ZERO_OVERRIDE,2024,252,0.9232785495198244,-0.18551826119443882,2.0594080438810294,3.1266519874275085,4.976752927584581,1.4330973493752066
LEGACY_GROSS100,EARLY2,SAME_DAY_GROSS,ALL5,SELECTIVE_FILL_NO_ZERO_OVERRIDE,2025,250,0.8060155593786602,-0.11718900232610496,2.1309720607501665,3.5625279631430287,6.877911266244414,1.4800877419475982
LEGACY_GROSS100,EARLY2,SAME_DAY_GROSS,ALL5,SELECTIVE_FILL_NO_ZERO_OVERRIDE,2026,54,-0.3713293071446738,-0.21819735746895808,-0.9618044110548466,-1.2318039933702287,-1.7018047855941663,0.8414528429596099
LEGACY_GROSS100,EARLY2,SAME_DAY_GROSS,ALL10,SELECTIVE_FILL_NO_ZERO_OVERRIDE,FULL,2568,0.49040436973113133,-0.2655650767492971,1.524103571091209,2.3418396680680287,1.846644806365449,1.3435206009686838
LEGACY_GROSS100,EARLY2,SAME_DAY_GROSS,ALL10,SELECTIVE_FILL_NO_ZERO_OVERRIDE,2016_2020,1259,0.5624290739659872,-0.24628390517297016,1.6959653556482857,2.731569594494807,2.283661506711053,1.4067042550398277
LEGACY_GROSS100,EARLY2,SAME_DAY_GROSS,ALL10,SELECTIVE_FILL_NO_ZERO_OVERRIDE,2021_2025,1255,0.4763453772553041,-0.2655650767492973,1.507194133532785,2.256681107033124,1.7937048917956588,1.3262924486139716
LEGACY_GROSS100,EARLY2,SAME_DAY_GROSS,ALL10,SELECTIVE_FILL_NO_ZERO_OVERRIDE,2022_2025,1003,0.4956791195874928,-0.19725831798070825,1.6111635516059082,2.4541522957907818,2.5128426758458415,1.370753699405495
LEGACY_GROSS100,EARLY2,SAME_DAY_GROSS,ALL10,SELECTIVE_FILL_NO_ZERO_OVERRIDE,2022_2026_AVAILABLE,1057,0.42966431900996005,-0.21983395733494548,1.4134132448592849,2.107689528858894,1.9544947660443144,1.3175274973211775
LEGACY_GROSS100,EARLY2,SAME_DAY_GROSS,ALL10,SELECTIVE_FILL_NO_ZERO_OVERRIDE,2016,252,0.29009749442785293,-0.16202508288413053,1.3870356192489093,2.065838150099647,1.790448054486176,1.2949557919535857
LEGACY_GROSS100,EARLY2,SAME_DAY_GROSS,ALL10,SELECTIVE_FILL_NO_ZERO_OVERRIDE,2017,251,0.3904746347482999,-0.10460053184358653,1.9290162345407513,2.8596689658662116,3.7330081201899876,1.3649573273307674
LEGACY_GROSS100,EARLY2,SAME_DAY_GROSS,ALL10,SELECTIVE_FILL_NO_ZERO_OVERRIDE,2018,251,0.28163341729344027,-0.24628390517297039,0.8987700176655946,1.3503671846120167,1.1435315559725399,1.1977705138147272
LEGACY_GROSS100,EARLY2,SAME_DAY_GROSS,ALL10,SELECTIVE_FILL_NO_ZERO_OVERRIDE,2019,252,0.4314406474358097,-0.12689275571231717,1.746602665811252,2.7949201820144376,3.4000415942888282,1.3753800013490969
LEGACY_GROSS100,EARLY2,SAME_DAY_GROSS,ALL10,SELECTIVE_FILL_NO_ZERO_OVERRIDE,2020,253,1.8191572003155905,-0.20964682999792505,2.67424941145956,4.716161414981077,8.67724639735118,1.7262451947701245
LEGACY_GROSS100,EARLY2,SAME_DAY_GROSS,ALL10,SELECTIVE_FILL_NO_ZERO_OVERRIDE,2021,252,0.4018393030233274,-0.2655650767492973,1.1848756180657085,1.7011645014911536,1.5131481441088646,1.2126205041327134
LEGACY_GROSS100,EARLY2,SAME_DAY_GROSS,ALL10,SELECTIVE_FILL_NO_ZERO_OVERRIDE,2022,251,-0.07243197093702902,-0.13419217368387903,-0.30618273187116374,-0.3945176232543322,-0.5397630051634712,0.9204500534502358
LEGACY_GROSS100,EARLY2,SAME_DAY_GROSS,ALL10,SELECTIVE_FILL_NO_ZERO_OVERRIDE,2023,250,0.5802638596005782,-0.14912017631957752,2.1031558459486455,3.1956562890954205,3.8912498222710137,1.465055152048682
LEGACY_GROSS100,EARLY2,SAME_DAY_GROSS,ALL10,SELECTIVE_FILL_NO_ZERO_OVERRIDE,2024,252,0.9042489404894063,-0.18711277183434116,2.0305568425303484,3.0791701098304,4.832641468696622,1.4257406798820527
LEGACY_GROSS100,EARLY2,SAME_DAY_GROSS,ALL10,SELECTIVE_FILL_NO_ZERO_OVERRIDE,2025,250,0.792856414876896,-0.11774386617359067,2.1066752575798335,3.516319196226072,6.733738585651517,1.4735247146824346
LEGACY_GROSS100,EARLY2,SAME_DAY_GROSS,ALL10,SELECTIVE_FILL_NO_ZERO_OVERRIDE,2026,54,-0.381839308217613,-0.2198339573349456,-1.004030633407176,-1.2838980478316817,-1.7369441593403663,0.8351378180325977
LEGACY_GROSS100,EARLY2,SAME_DAY_GROSS,ALL20,SELECTIVE_FILL_NO_ZERO_OVERRIDE,FULL,2568,0.46306383371852466,-0.2679715323795775,1.4605905108276525,2.2362858084030948,1.7280336818114022,1.3267042444917654
LEGACY_GROSS100,EARLY2,SAME_DAY_GROSS,ALL20,SELECTIVE_FILL_NO_ZERO_OVERRIDE,2016_2020,1259,0.5339569064047263,-0.24852722494648583,1.632815010690469,2.618954712697369,2.148484563490783,1.3883458437828997
LEGACY_GROSS100,EARLY2,SAME_DAY_GROSS,ALL20,SELECTIVE_FILL_NO_ZERO_OVERRIDE,2021_2025,1255,0.4500326332903217,-0.26797153237957794,1.4445376115449071,2.156242803760366,1.6794046341193316,1.3105254525853933
LEGACY_GROSS100,EARLY2,SAME_DAY_GROSS,ALL20,SELECTIVE_FILL_NO_ZERO_OVERRIDE,2022_2025,1003,0.4727598255671073,-0.20065453259711152,1.554694775704172,2.3615942061756394,2.3560884443928716,1.3553738962607396
LEGACY_GROSS100,EARLY2,SAME_DAY_GROSS,ALL20,SELECTIVE_FILL_NO_ZERO_OVERRIDE,2022_2026_AVAILABLE,1057,0.4064412854821684,-0.2230987041655953,1.3551342901347023,2.0151825825231664,1.8218002968788507,1.3023873931148133
LEGACY_GROSS100,EARLY2,SAME_DAY_GROSS,ALL20,SELECTIVE_FILL_NO_ZERO_OVERRIDE,2016,252,0.26380999101231195,-0.16835811019542513,1.283508142859302,1.8992752872473047,1.5669574260847257,1.2697386158649941
LEGACY_GROSS100,EARLY2,SAME_DAY_GROSS,ALL20,SELECTIVE_FILL_NO_ZERO_OVERRIDE,2017,251,0.35992035614250684,-0.10702351792508413,1.805419691091862,2.6578107823640864,3.363002479459226,1.3381229169144484
LEGACY_GROSS100,EARLY2,SAME_DAY_GROSS,ALL20,SELECTIVE_FILL_NO_ZERO_OVERRIDE,2018,251,0.26043094363386476,-0.2485272249464855,0.8504470798876868,1.274018842690359,1.0478970410181117,1.1860484373357694
LEGACY_GROSS100,EARLY2,SAME_DAY_GROSS,ALL20,SELECTIVE_FILL_NO_ZERO_OVERRIDE,2019,252,0.4132990842178186,-0.1287533650645325,1.6869894472892688,2.6894958233220674,3.2100060764289062,1.359863902915005
LEGACY_GROSS100,EARLY2,SAME_DAY_GROSS,ALL20,SELECTIVE_FILL_NO_ZERO_OVERRIDE,2020,253,1.764117755437204,-0.21592422631693575,2.628765997023258,4.61750944345455,8.170077927466158,1.7087244794352663
LEGACY_GROSS100,EARLY2,SAME_DAY_GROSS,ALL20,SELECTIVE_FILL_NO_ZERO_OVERRIDE,2021,252,0.3629978689705382,-0.26797153237957794,1.1007472548269244,1.574271244426435,1.3546135507273094,1.1959335865359608
LEGACY_GROSS100,EARLY2,SAME_DAY_GROSS,ALL20,SELECTIVE_FILL_NO_ZERO_OVERRIDE,2022,251,-0.08389533686960149,-0.13529362106862075,-0.37216645511371615,-0.47825662813114284,-0.6200982441518798,0.9044050439397295
LEGACY_GROSS100,EARLY2,SAME_DAY_GROSS,ALL20,SELECTIVE_FILL_NO_ZERO_OVERRIDE,2023,250,0.55708238061784,-0.15175612542545025,2.040582347455839,3.092155356393336,3.670905402045897,1.4482943550122922
LEGACY_GROSS100,EARLY2,SAME_DAY_GROSS,ALL20,SELECTIVE_FILL_NO_ZERO_OVERRIDE,2024,252,0.8667309908850833,-0.19029446004466444,1.97269861818073,2.984242930436176,4.554683256053019,1.4111637421102232
LEGACY_GROSS100,EARLY2,SAME_DAY_GROSS,ALL20,SELECTIVE_FILL_NO_ZERO_OVERRIDE,2025,250,0.7668124155918727,-0.11885272930702218,2.0579085010873874,3.423983449530168,6.451786341490158,1.460165290266249
LEGACY_GROSS100,EARLY2,SAME_DAY_GROSS,ALL20,SELECTIVE_FILL_NO_ZERO_OVERRIDE,2026,54,-0.4023479737327482,-0.22309870416559552,-1.088380807763319,-1.387469031012595,-1.8034527597887997,0.8226511082704243
LEGACY_GROSS100,EARLY2,LAG1_GROSS,BASE,NATIVE_NO_FILL,FULL,2568,0.4819569696149202,-0.27248698296751794,1.522937584008382,2.3262760166480883,1.7687339203002306,1.3406066792897766
LEGACY_GROSS100,EARLY2,LAG1_GROSS,BASE,NATIVE_NO_FILL,2016_2020,1259,0.545898261677926,-0.2581902259904393,1.680444893574844,2.6829336628557083,2.114325821528738,1.4001993317721069
LEGACY_GROSS100,EARLY2,LAG1_GROSS,BASE,NATIVE_NO_FILL,2021_2025,1255,0.4710856700694379,-0.27248698296751783,1.5130679578993589,2.258120952847581,1.7288373372521588,1.3244551658711354
LEGACY_GROSS100,EARLY2,LAG1_GROSS,BASE,NATIVE_NO_FILL,2022_2025,1003,0.48126790920241813,-0.1922975687078634,1.600847333461,2.421764211335466,2.502724878095342,1.3629695786791232
LEGACY_GROSS100,EARLY2,LAG1_GROSS,BASE,NATIVE_NO_FILL,2022_2026_AVAILABLE,1057,0.4209844254095858,-0.2128421343693755,1.412047486574071,2.091090299839153,1.977918642175384,1.3132092637472348
LEGACY_GROSS100,EARLY2,LAG1_GROSS,BASE,NATIVE_NO_FILL,2016,252,0.34468886342398464,-0.14157177518110498,1.6388150495833058,2.5262285110350136,2.4347286949184834,1.3519921366113608
LEGACY_GROSS100,EARLY2,LAG1_GROSS,BASE,NATIVE_NO_FILL,2017,251,0.3905064475912656,-0.1162296270729245,1.9406529365266871,2.844151219401594,3.3597840535636845,1.3690050432960814
LEGACY_GROSS100,EARLY2,LAG1_GROSS,BASE,NATIVE_NO_FILL,2018,251,0.33544358906444494,-0.23921027120474536,1.023649126855184,1.5468990068043338,1.4022959272402284,1.2299495574634947
LEGACY_GROSS100,EARLY2,LAG1_GROSS,BASE,NATIVE_NO_FILL,2019,252,0.36730709434261954,-0.12389442170093068,1.5374653978813677,2.417572386080283,2.9646782260242825,1.325907052785583
LEGACY_GROSS100,EARLY2,LAG1_GROSS,BASE,NATIVE_NO_FILL,2020,253,1.578112751679992,-0.2581902259904394,2.5098755682327343,4.310695117991116,6.112209498350369,1.6565244192045512
LEGACY_GROSS100,EARLY2,LAG1_GROSS,BASE,NATIVE_NO_FILL,2021,252,0.4312477130736663,-0.27248698296751783,1.2514377761841555,1.8084908902122865,1.5826360157728112,1.2255542151856804
LEGACY_GROSS100,EARLY2,LAG1_GROSS,BASE,NATIVE_NO_FILL,2022,251,-0.06769208477007227,-0.13749746634622495,-0.28324277630622574,-0.3689727996980974,-0.4923151427359431,0.9274450758290788
LEGACY_GROSS100,EARLY2,LAG1_GROSS,BASE,NATIVE_NO_FILL,2023,250,0.5671829299809408,-0.15543080065250459,2.0833203116717454,3.1333094712949374,3.649102543381908,1.461193059813878
LEGACY_GROSS100,EARLY2,LAG1_GROSS,BASE,NATIVE_NO_FILL,2024,252,0.9781119754950016,-0.179965300051681,2.1662760876896248,3.324950293853431,5.435003165688693,1.4542782895162178
LEGACY_GROSS100,EARLY2,LAG1_GROSS,BASE,NATIVE_NO_FILL,2025,250,0.6649602889027975,-0.1208340548080874,1.916424765421431,3.067303171165584,5.503086774327892,1.4122831673689307
LEGACY_GROSS100,EARLY2,LAG1_GROSS,BASE,NATIVE_NO_FILL,2026,54,-0.34319988252826217,-0.21284213436937538,-0.8626212538413512,-1.0990810002532314,-1.6124621355875823,0.8573843302851087
LEGACY_GROSS100,EARLY2,LAG1_GROSS,ALL5,NATIVE_NO_FILL,FULL,2568,0.4744218842704402,-0.27307877382846535,1.5050920571953121,2.297050899587255,1.737307801771692,1.335909779095079
LEGACY_GROSS100,EARLY2,LAG1_GROSS,ALL5,NATIVE_NO_FILL,2016_2020,1259,0.5383918215622998,-0.25963604070990753,1.6630939584508746,2.6528572135226094,2.073640547322347,1.3952163319848465
LEGACY_GROSS100,EARLY2,LAG1_GROSS,ALL5,NATIVE_NO_FILL,2021_2025,1255,0.4636362187106806,-0.27307877382846557,1.495247588930546,2.2296529212728227,1.6978112659972382,1.3199653999541263
LEGACY_GROSS100,EARLY2,LAG1_GROSS,ALL5,NATIVE_NO_FILL,2022_2025,1003,0.4746310311535109,-0.19300541389347503,1.5842666507680878,2.394857245038276,2.45915915817508,1.358493839124089
LEGACY_GROSS100,EARLY2,LAG1_GROSS,ALL5,NATIVE_NO_FILL,2022_2026_AVAILABLE,1057,0.41415152013024015,-0.21392748843807763,1.394711518875746,2.063811691860706,1.9359434505309885,1.3087518985863331
LEGACY_GROSS100,EARLY2,LAG1_GROSS,ALL5,NATIVE_NO_FILL,2016,252,0.336454974502564,-0.1433446142090682,1.606868953981737,2.4725065615765724,2.3471755556287888,1.3439087048165894
LEGACY_GROSS100,EARLY2,LAG1_GROSS,ALL5,NATIVE_NO_FILL,2017,251,0.38075349664564695,-0.11716522529202289,1.9011676006544063,2.781216197103268,3.2497142022870356,1.3604034530181865
LEGACY_GROSS100,EARLY2,LAG1_GROSS,ALL5,NATIVE_NO_FILL,2018,251,0.32954312797699536,-0.23963669354656647,1.0106170332057047,1.52602396054465,1.375178079366039,1.2266175980959901
LEGACY_GROSS100,EARLY2,LAG1_GROSS,ALL5,NATIVE_NO_FILL,2019,252,0.3631375062009303,-0.12419991105212891,1.5233989566193253,2.39379399266959,2.9238145432206877,1.3222822966372707
LEGACY_GROSS100,EARLY2,LAG1_GROSS,ALL5,NATIVE_NO_FILL,2020,253,1.568626766533224,-0.25963604070990776,2.500330567224949,4.291475495563091,6.041637217407179,1.6530651719796572
LEGACY_GROSS100,EARLY2,LAG1_GROSS,ALL5,NATIVE_NO_FILL,2021,252,0.4206815917365905,-0.27307877382846557,1.2292658579083675,1.774603268005517,1.5405136980761516,1.2210435727844062
LEGACY_GROSS100,EARLY2,LAG1_GROSS,ALL5,NATIVE_NO_FILL,2022,251,-0.07183653826760639,-0.1378307669493367,-0.3073113871311111,-0.39998690399502207,-0.5211937788462846,0.9216124345849602
LEGACY_GROSS100,EARLY2,LAG1_GROSS,ALL5,NATIVE_NO_FILL,2023,250,0.5615469930768919,-0.15618448609546032,2.068011371801002,3.1084864675301738,3.5954082707912045,1.457066540937177
LEGACY_GROSS100,EARLY2,LAG1_GROSS,ALL5,NATIVE_NO_FILL,2024,252,0.9664446184898585,-0.18070115719694213,2.1491094673042697,3.296129722945681,5.3483034280547095,1.4498628340692261
LEGACY_GROSS100,EARLY2,LAG1_GROSS,ALL5,NATIVE_NO_FILL,2025,250,0.6583510779761022,-0.12156386002245745,1.9027343865251816,3.042760648873534,5.4156809256836675,1.4087961536345568
LEGACY_GROSS100,EARLY2,LAG1_GROSS,ALL5,NATIVE_NO_FILL,2026,54,-0.35034709504663153,-0.2139274884380773,-0.8903430184624054,-1.1333099097963852,-1.6376908718209993,0.8530904060656878
LEGACY_GROSS100,EARLY2,LAG1_GROSS,ALL10,NATIVE_NO_FILL,FULL,2568,0.4616945257883813,-0.27402987151029434,1.4749212982436708,2.2472615839530623,1.6848328368136942,1.3279864878490055
LEGACY_GROSS100,EARLY2,LAG1_GROSS,ALL10,NATIVE_NO_FILL,2016_2020,1259,0.525220967067954,-0.2618754197490969,1.632878642810883,2.5997186655354785,2.0056138432968194,1.3864826486111905
LEGACY_GROSS100,EARLY2,LAG1_GROSS,ALL10,NATIVE_NO_FILL,2021_2025,1255,0.45140576608876204,-0.27402987151029423,1.4658105159082058,2.1825005981341197,1.6472867122145276,1.3126292455354216
LEGACY_GROSS100,EARLY2,LAG1_GROSS,ALL10,NATIVE_NO_FILL,2022_2025,1003,0.4639565615246475,-0.19407483214761545,1.5574570323469805,2.351146018524339,2.390606532493389,1.3513485672524947
LEGACY_GROSS100,EARLY2,LAG1_GROSS,ALL10,NATIVE_NO_FILL,2022_2026_AVAILABLE,1057,0.4032312765984345,-0.21540600936534915,1.3668275820148135,2.019787342858504,1.8719592725684628,1.3016506564958688
LEGACY_GROSS100,EARLY2,LAG1_GROSS,ALL10,NATIVE_NO_FILL,2016,252,0.32404327395657484,-0.14597103992601534,1.5586403761141283,2.3909729796189336,2.219914814067328,1.3317004785706845
LEGACY_GROSS100,EARLY2,LAG1_GROSS,ALL10,NATIVE_NO_FILL,2017,251,0.3662658975320452,-0.11810008900682067,1.8420034664422844,2.686496646344973,3.1013177095141065,1.347569552045609
LEGACY_GROSS100,EARLY2,LAG1_GROSS,ALL10,NATIVE_NO_FILL,2018,251,0.3186769244528871,-0.2408652910740039,0.9866013244875533,1.487615948404152,1.3230504197260045,1.2204926445866133
LEGACY_GROSS100,EARLY2,LAG1_GROSS,ALL10,NATIVE_NO_FILL,2019,252,0.3548444406877489,-0.12472461147634728,1.4953792726908517,2.3458995180712754,2.8450234198968936,1.315156869766731
LEGACY_GROSS100,EARLY2,LAG1_GROSS,ALL10,NATIVE_NO_FILL,2020,253,1.5460975440713338,-0.261875419749097,2.4788972739219712,4.246980573593287,5.903942972397527,1.6452292263581032
LEGACY_GROSS100,EARLY2,LAG1_GROSS,ALL10,NATIVE_NO_FILL,2021,252,0.40250898343291586,-0.27402987151029423,1.190742091031975,1.7158185167705862,1.4688507541696787,1.2132717167626088
LEGACY_GROSS100,EARLY2,LAG1_GROSS,ALL10,NATIVE_NO_FILL,2022,251,-0.07742221662401172,-0.13837628275195168,-0.34009725038674904,-0.4420590828444877,-0.5595049605631912,0.913721939319664
LEGACY_GROSS100,EARLY2,LAG1_GROSS,ALL10,NATIVE_NO_FILL,2023,250,0.550881704998653,-0.1571911776150966,2.039117048621336,3.0617528555810765,3.5045332273517267,1.449431205411762
LEGACY_GROSS100,EARLY2,LAG1_GROSS,ALL10,NATIVE_NO_FILL,2024,252,0.9469404487332422,-0.18231121808302075,2.1199078030201726,3.246560538900675,5.194087663338551,1.4423614056946634
LEGACY_GROSS100,EARLY2,LAG1_GROSS,ALL10,NATIVE_NO_FILL,2025,250,0.648124192061484,-0.122718988399808,1.8814603589573802,3.004567376857677,5.281368437865138,1.4034208024217671
LEGACY_GROSS100,EARLY2,LAG1_GROSS,ALL10,NATIVE_NO_FILL,2026,54,-0.36116884916060643,-0.21540600936534937,-0.932731093231596,-1.1854493331201765,-1.6766888269492484,0.8466108995824098
LEGACY_GROSS100,EARLY2,LAG1_GROSS,ALL20,NATIVE_NO_FILL,FULL,2568,0.43655502411622504,-0.27592946209565583,1.414389390226083,2.1478318139917336,1.5821254490210455,1.3122552879445553
LEGACY_GROSS100,EARLY2,LAG1_GROSS,ALL20,NATIVE_NO_FILL,2016_2020,1259,0.4992027444423539,-0.2663360988751502,1.572256392880659,2.4936339366397533,1.8743337705654544,1.3691884533571024
LEGACY_GROSS100,EARLY2,LAG1_GROSS,ALL20,NATIVE_NO_FILL,2021_2025,1255,0.4272378386179645,-0.2759294620956556,1.406729518332575,2.088274699609498,1.5483589007608591,1.2980223662054777
LEGACY_GROSS100,EARLY2,LAG1_GROSS,ALL20,NATIVE_NO_FILL,2022_2025,1003,0.4428283956224701,-0.19620993352398497,1.5036567735740427,2.263769431453822,2.2569111954178314,1.3370769948002683
LEGACY_GROSS100,EARLY2,LAG1_GROSS,ALL20,NATIVE_NO_FILL,2022_2026_AVAILABLE,1057,0.3816320856355717,-0.21835650476147506,1.310897503270082,1.9318366782737155,1.7477477304944642,1.2874916395061056
LEGACY_GROSS100,EARLY2,LAG1_GROSS,ALL20,NATIVE_NO_FILL,2016,252,0.29955133100560594,-0.15120297464839005,1.4617286312411952,2.2285592881019327,1.981120620822359,1.307672023035132
LEGACY_GROSS100,EARLY2,LAG1_GROSS,ALL20,NATIVE_NO_FILL,2017,251,0.3377291095855668,-0.11996761451513693,1.7230682282618397,2.4979662700563794,2.815169001655474,1.3221514572165385
LEGACY_GROSS100,EARLY2,LAG1_GROSS,ALL20,NATIVE_NO_FILL,2018,251,0.29719918043100524,-0.24331755655608323,0.9384466510457841,1.4109270544598467,1.2214456886611986,1.208350080594909
LEGACY_GROSS100,EARLY2,LAG1_GROSS,ALL20,NATIVE_NO_FILL,2019,252,0.3384021634909755,-0.12577373538376058,1.4392104913157218,2.2501634775660224,2.690563037334015,1.3010265264853678
LEGACY_GROSS100,EARLY2,LAG1_GROSS,ALL20,NATIVE_NO_FILL,2020,253,1.5016050197844137,-0.26633609887514964,2.4358948114130037,4.158061710406742,5.638007863471489,1.629717572664919
LEGACY_GROSS100,EARLY2,LAG1_GROSS,ALL20,NATIVE_NO_FILL,2021,252,0.36683675807882654,-0.2759294620956556,1.1134149683341528,1.5984636346310446,1.3294584612050466,1.1978831638550653
LEGACY_GROSS100,EARLY2,LAG1_GROSS,ALL20,NATIVE_NO_FILL,2022,251,-0.08849727972763932,-0.13946701190497202,-0.4057448882493863,-0.5259518619036748,-0.634539153874884,0.8981661944339338
LEGACY_GROSS100,EARLY2,LAG1_GROSS,ALL20,NATIVE_NO_FILL,2023,250,0.5297587599015048,-0.15920140599107413,1.980975536924616,2.968108226238183,3.3276010133428504,1.4340441771615422
LEGACY_GROSS100,EARLY2,LAG1_GROSS,ALL20,NATIVE_NO_FILL,2024,252,0.9084890771355982,-0.18552389414609416,2.061327997597763,3.147507553727905,4.896884475808771,1.4274988531082804
LEGACY_GROSS100,EARLY2,LAG1_GROSS,ALL20,NATIVE_NO_FILL,2025,250,0.6278491376215616,-0.1250260787137235,1.8387623137006226,2.928222688793346,5.021745415683789,1.3924606937742139
LEGACY_GROSS100,EARLY2,LAG1_GROSS,ALL20,NATIVE_NO_FILL,2026,54,-0.38228782354429813,-0.2183565047614745,-1.0174039989766874,-1.289137673680379,-1.7507507915181957,0.8337786669085303
LEGACY_GROSS100,EARLY2,LAG1_GROSS,BASE,SELECTIVE_FILL_NO_ZERO_OVERRIDE,FULL,2568,0.4833631113146353,-0.26436272892551727,1.5125389373052933,2.30464028790672,1.8284086916458642,1.3389458204440297
LEGACY_GROSS100,EARLY2,LAG1_GROSS,BASE,SELECTIVE_FILL_NO_ZERO_OVERRIDE,2016_2020,1259,0.5477322783402312,-0.26436272892551727,1.6754923747407415,2.6661839011339805,2.071896747951001,1.3981706177923339
LEGACY_GROSS100,EARLY2,LAG1_GROSS,BASE,SELECTIVE_FILL_NO_ZERO_OVERRIDE,2021_2025,1255,0.4721911068460165,-0.26431543743603625,1.4953681319049303,2.2276129832386116,1.7864681360515906,1.3226967457578658
LEGACY_GROSS100,EARLY2,LAG1_GROSS,BASE,SELECTIVE_FILL_NO_ZERO_OVERRIDE,2022_2025,1003,0.4738058757741388,-0.19414536186549602,1.5510662477871602,2.336036726421394,2.4404697141433216,1.353525384421905
LEGACY_GROSS100,EARLY2,LAG1_GROSS,BASE,SELECTIVE_FILL_NO_ZERO_OVERRIDE,2022_2026_AVAILABLE,1057,0.41419090600658803,-0.21284213436937538,1.3710303601103138,2.0243153201370556,1.9460005286725013,1.305509318551936
LEGACY_GROSS100,EARLY2,LAG1_GROSS,BASE,SELECTIVE_FILL_NO_ZERO_OVERRIDE,2016,252,0.337386941385722,-0.1414473354740543,1.5864309086563473,2.4085175421496867,2.3852477691077394,1.3428201551803483
LEGACY_GROSS100,EARLY2,LAG1_GROSS,BASE,SELECTIVE_FILL_NO_ZERO_OVERRIDE,2017,251,0.38956238780649066,-0.11943862032043984,1.8939146234195317,2.7383284847853595,3.261611585610587,1.3618132787626211
LEGACY_GROSS100,EARLY2,LAG1_GROSS,BASE,SELECTIVE_FILL_NO_ZERO_OVERRIDE,2018,251,0.2920036315025678,-0.26436272892551727,0.9225543070642299,1.3867474651592713,1.1045567304036954,1.2037283984331024
LEGACY_GROSS100,EARLY2,LAG1_GROSS,BASE,SELECTIVE_FILL_NO_ZERO_OVERRIDE,2019,252,0.3850537192005681,-0.12389442170093068,1.587922256306735,2.5052319669782155,3.1079181283080772,1.337058141505322
LEGACY_GROSS100,EARLY2,LAG1_GROSS,BASE,SELECTIVE_FILL_NO_ZERO_OVERRIDE,2020,253,1.6618417106870633,-0.24794737287469637,2.5854378040630577,4.456251135153483,6.702396929718219,1.6840979327709542
LEGACY_GROSS100,EARLY2,LAG1_GROSS,BASE,SELECTIVE_FILL_NO_ZERO_OVERRIDE,2021,252,0.4657815856527745,-0.26431543743603625,1.3264595495079985,1.9227018924868393,1.7622186209441233,1.2411266427626524
LEGACY_GROSS100,EARLY2,LAG1_GROSS,BASE,SELECTIVE_FILL_NO_ZERO_OVERRIDE,2022,251,-0.12174252240940564,-0.15779689356163773,-0.549689155694179,-0.6859088485883638,-0.7715140625493446,0.8601486366998161
LEGACY_GROSS100,EARLY2,LAG1_GROSS,BASE,SELECTIVE_FILL_NO_ZERO_OVERRIDE,2023,250,0.556494783039821,-0.1656995385189053,2.0235146891053786,3.0514472495161957,3.3584570483057106,1.4442320603372172
LEGACY_GROSS100,EARLY2,LAG1_GROSS,BASE,SELECTIVE_FILL_NO_ZERO_OVERRIDE,2024,252,0.9781119754950016,-0.179965300051681,2.1662760876896248,3.324950293853431,5.435003165688693,1.4542782895162178
LEGACY_GROSS100,EARLY2,LAG1_GROSS,BASE,SELECTIVE_FILL_NO_ZERO_OVERRIDE,2025,250,0.744285320464668,-0.13530117520829088,2.008306866245785,3.2702570003997566,5.500952370287027,1.4479414927056964
LEGACY_GROSS100,EARLY2,LAG1_GROSS,BASE,SELECTIVE_FILL_NO_ZERO_OVERRIDE,2026,54,-0.34319988252826217,-0.21284213436937538,-0.8626212538413512,-1.0990810002532314,-1.6124621355875823,0.8573843302851087
LEGACY_GROSS100,EARLY2,LAG1_GROSS,ALL5,SELECTIVE_FILL_NO_ZERO_OVERRIDE,FULL,2568,0.475820828812352,-0.2649136940465042,1.4948905680889562,2.275809750721721,1.7961352678462297,1.334294521883352
LEGACY_GROSS100,EARLY2,LAG1_GROSS,ALL5,SELECTIVE_FILL_NO_ZERO_OVERRIDE,2016_2020,1259,0.5402173044104195,-0.2647758754543005,1.6582620222325173,2.6364183238268035,2.0402814398536826,1.393235062895493
LEGACY_GROSS100,EARLY2,LAG1_GROSS,ALL5,SELECTIVE_FILL_NO_ZERO_OVERRIDE,2021_2025,1255,0.4647356065056134,-0.26491369404650456,1.4778307719021702,2.1996484883925453,1.7542906121871937,1.3182552933811211
LEGACY_GROSS100,EARLY2,LAG1_GROSS,ALL5,SELECTIVE_FILL_NO_ZERO_OVERRIDE,2022_2025,1003,0.4672017189309676,-0.1948497146507201,1.5348594091868324,2.3098706773064253,2.397754185929679,1.3491369592501834
LEGACY_GROSS100,EARLY2,LAG1_GROSS,ALL5,SELECTIVE_FILL_NO_ZERO_OVERRIDE,2022_2026_AVAILABLE,1057,0.40739001911025907,-0.21392748843807763,1.3540487788502578,1.9976913791411506,1.9043369418520526,1.3011305556257282
LEGACY_GROSS100,EARLY2,LAG1_GROSS,ALL5,SELECTIVE_FILL_NO_ZERO_OVERRIDE,2016,252,0.3291952732716281,-0.14322041543862896,1.5549608362935339,2.3565035750460335,2.2985219828013332,1.3348569584458863
LEGACY_GROSS100,EARLY2,LAG1_GROSS,ALL5,SELECTIVE_FILL_NO_ZERO_OVERRIDE,2017,251,0.3798179416276666,-0.12036989849110658,1.8554728943109884,2.677968587361004,3.1554229619602867,1.3534034506749655
LEGACY_GROSS100,EARLY2,LAG1_GROSS,ALL5,SELECTIVE_FILL_NO_ZERO_OVERRIDE,2018,251,0.2862936931340565,-0.26477587545430026,0.9095789103779273,1.3661833396088843,1.081268044691897,1.2005137725597403
LEGACY_GROSS100,EARLY2,LAG1_GROSS,ALL5,SELECTIVE_FILL_NO_ZERO_OVERRIDE,2019,252,0.38083101652324913,-0.12419991105212891,1.5739580185565147,2.481455910621049,3.06627447070721,1.3334277168283772
LEGACY_GROSS100,EARLY2,LAG1_GROSS,ALL5,SELECTIVE_FILL_NO_ZERO_OVERRIDE,2020,253,1.6520531592534624,-0.24941386866192727,2.57590862450721,4.437047456670064,6.6237421684548305,1.6805535735947983
LEGACY_GROSS100,EARLY2,LAG1_GROSS,ALL5,SELECTIVE_FILL_NO_ZERO_OVERRIDE,2021,252,0.45496110087176933,-0.26491369404650456,1.3042484588225942,1.8885438961412542,1.7173936685655167,1.2365525399712007
LEGACY_GROSS100,EARLY2,LAG1_GROSS,ALL5,SELECTIVE_FILL_NO_ZERO_OVERRIDE,2022,251,-0.12565015210104302,-0.15814629038278283,-0.5721448142371967,-0.7133793609404061,-0.7945184916883917,0.8549939665406181
LEGACY_GROSS100,EARLY2,LAG1_GROSS,ALL5,SELECTIVE_FILL_NO_ZERO_OVERRIDE,2023,250,0.5508949735071229,-0.16644533368754855,2.0083811490495456,3.0267465037799712,3.30976520219704,1.4401575171063552
LEGACY_GROSS100,EARLY2,LAG1_GROSS,ALL5,SELECTIVE_FILL_NO_ZERO_OVERRIDE,2024,252,0.9664446184898585,-0.18070115719694213,2.1491094673042697,3.296129722945681,5.3483034280547095,1.4498628340692261
LEGACY_GROSS100,EARLY2,LAG1_GROSS,ALL5,SELECTIVE_FILL_NO_ZERO_OVERRIDE,2025,250,0.7373673063573858,-0.1355180437912482,1.9952204154894355,3.246152582864159,5.441100577670862,1.444424186621798
LEGACY_GROSS100,EARLY2,LAG1_GROSS,ALL5,SELECTIVE_FILL_NO_ZERO_OVERRIDE,2026,54,-0.35034709504663153,-0.2139274884380773,-0.8903430184624054,-1.1333099097963852,-1.6376908718209993,0.8530904060656878
LEGACY_GROSS100,EARLY2,LAG1_GROSS,ALL10,SELECTIVE_FILL_NO_ZERO_OVERRIDE,FULL,2568,0.46221694505150435,-0.265964487909486,1.4629631436125634,2.223331351186811,1.7378897035637617,1.325917456988786
LEGACY_GROSS100,EARLY2,LAG1_GROSS,ALL10,SELECTIVE_FILL_NO_ZERO_OVERRIDE,2016_2020,1259,0.5261301659087938,-0.265964487909486,1.6260991046182465,2.5802497116968577,1.9781970519607426,1.3840049913316497
LEGACY_GROSS100,EARLY2,LAG1_GROSS,ALL10,SELECTIVE_FILL_NO_ZERO_OVERRIDE,2021_2025,1255,0.4515993511791083,-0.2659531610799335,1.4466990139396279,2.149861875556494,1.6980409232412845,1.3104612126887478
LEGACY_GROSS100,EARLY2,LAG1_GROSS,ALL10,SELECTIVE_FILL_NO_ZERO_OVERRIDE,2022_2025,1003,0.45568207177296793,-0.19651375252120984,1.5063900732161897,2.263626990639804,2.318830442789422,1.3415334868810056
LEGACY_GROSS100,EARLY2,LAG1_GROSS,ALL10,SELECTIVE_FILL_NO_ZERO_OVERRIDE,2022_2026_AVAILABLE,1057,0.39570411818071416,-0.21540600936534915,1.3246481058352688,1.9513984258469388,1.8370152223077594,1.2936263173383522
LEGACY_GROSS100,EARLY2,LAG1_GROSS,ALL10,SELECTIVE_FILL_NO_ZERO_OVERRIDE,2016,252,0.31505464679059236,-0.14616954656631953,1.5001041016897745,2.265370373431096,2.155405514976041,1.3210420584660756
LEGACY_GROSS100,EARLY2,LAG1_GROSS,ALL10,SELECTIVE_FILL_NO_ZERO_OVERRIDE,2017,251,0.3648576801636738,-0.12155319157923217,1.7959967920915056,2.5842632025062033,3.00162978382882,1.3404241389373683
LEGACY_GROSS100,EARLY2,LAG1_GROSS,ALL10,SELECTIVE_FILL_NO_ZERO_OVERRIDE,2018,251,0.2755337824108597,-0.265964487909486,0.8850826580220851,1.3274874831113637,1.0359795947819557,1.194468213278141
LEGACY_GROSS100,EARLY2,LAG1_GROSS,ALL10,SELECTIVE_FILL_NO_ZERO_OVERRIDE,2019,252,0.37193401430653217,-0.12472461147634728,1.5445804540981178,2.4309284724016,2.9820418753283957,1.3259408497300964
LEGACY_GROSS100,EARLY2,LAG1_GROSS,ALL10,SELECTIVE_FILL_NO_ZERO_OVERRIDE,2020,253,1.6270232903628568,-0.25191483332519005,2.552652703970398,4.389183163261751,6.458624404473143,1.6719624622510199
LEGACY_GROSS100,EARLY2,LAG1_GROSS,ALL10,SELECTIVE_FILL_NO_ZERO_OVERRIDE,2021,252,0.43546264647951505,-0.2659531610799335,1.2637975183368528,1.826521026771563,1.6373659358334705,1.228285564669799
LEGACY_GROSS100,EARLY2,LAG1_GROSS,ALL10,SELECTIVE_FILL_NO_ZERO_OVERRIDE,2022,251,-0.1313061379387781,-0.15895981443840446,-0.604804114131963,-0.7530333500998353,-0.8260335381157486,0.8475028243212973
LEGACY_GROSS100,EARLY2,LAG1_GROSS,ALL10,SELECTIVE_FILL_NO_ZERO_OVERRIDE,2023,250,0.5392732050170248,-0.16772815918784856,1.9768393613710193,2.9754662097031153,3.215162007549736,1.4318627739360386
LEGACY_GROSS100,EARLY2,LAG1_GROSS,ALL10,SELECTIVE_FILL_NO_ZERO_OVERRIDE,2024,252,0.9469404487332422,-0.18231121808302075,2.1199078030201726,3.246560538900675,5.194087663338551,1.4423614056946634
LEGACY_GROSS100,EARLY2,LAG1_GROSS,ALL10,SELECTIVE_FILL_NO_ZERO_OVERRIDE,2025,250,0.7243185995029402,-0.1360289668025224,1.970528669591129,3.2005356639726803,5.324737932873199,1.437826863206855
LEGACY_GROSS100,EARLY2,LAG1_GROSS,ALL10,SELECTIVE_FILL_NO_ZERO_OVERRIDE,2026,54,-0.36116884916060643,-0.21540600936534937,-0.932731093231596,-1.1854493331201765,-1.6766888269492484,0.8466108995824098
LEGACY_GROSS100,EARLY2,LAG1_GROSS,ALL20,SELECTIVE_FILL_NO_ZERO_OVERRIDE,FULL,2568,0.4353698946310651,-0.268336718416855,1.3989180756276862,2.118575390412328,1.6224760338416595,1.3092842329107843
LEGACY_GROSS100,EARLY2,LAG1_GROSS,ALL20,SELECTIVE_FILL_NO_ZERO_OVERRIDE,2016_2020,1259,0.4983262788495555,-0.268336718416855,1.5615814623481048,2.468155671833146,1.8570931395062262,1.3657030682093316
LEGACY_GROSS100,EARLY2,LAG1_GROSS,ALL20,SELECTIVE_FILL_NO_ZERO_OVERRIDE,2021_2025,1255,0.4256657066720422,-0.2680288990357572,1.3842286603165501,2.0504252273654227,1.588133623662928,1.2949583177058894
LEGACY_GROSS100,EARLY2,LAG1_GROSS,ALL20,SELECTIVE_FILL_NO_ZERO_OVERRIDE,2022_2025,1003,0.43290214292730034,-0.19983247757675937,1.4492747163614057,2.1712540601083647,2.1663252549176577,1.3263748806280977
LEGACY_GROSS100,EARLY2,LAG1_GROSS,ALL20,SELECTIVE_FILL_NO_ZERO_OVERRIDE,2022_2026_AVAILABLE,1057,0.37261086092364626,-0.21835650476147472,1.2656888300673341,1.8589704370530153,1.7064335286492784,1.2786860270627063
LEGACY_GROSS100,EARLY2,LAG1_GROSS,ALL20,SELECTIVE_FILL_NO_ZERO_OVERRIDE,2016,252,0.28720748613450575,-0.15204112334894482,1.3900107655130782,2.0843011613449964,1.8890118660551123,1.293813649055814
LEGACY_GROSS100,EARLY2,LAG1_GROSS,ALL20,SELECTIVE_FILL_NO_ZERO_OVERRIDE,2017,251,0.33540555746940215,-0.12391607650412184,1.6764283468384507,2.3977339041286663,2.706715439446999,1.3147296950373415
LEGACY_GROSS100,EARLY2,LAG1_GROSS,ALL20,SELECTIVE_FILL_NO_ZERO_OVERRIDE,2018,251,0.2542730498935457,-0.26833671841685536,0.8359775376762707,1.2502461143704304,0.9475894741268244,1.1824820058598622
LEGACY_GROSS100,EARLY2,LAG1_GROSS,ALL20,SELECTIVE_FILL_NO_ZERO_OVERRIDE,2019,252,0.3543033725606064,-0.12577373538376058,1.4856571634675984,2.3299388987038765,2.81699014090308,1.311094075164891
LEGACY_GROSS100,EARLY2,LAG1_GROSS,ALL20,SELECTIVE_FILL_NO_ZERO_OVERRIDE,2020,253,1.5776409346748927,-0.25689439045410023,2.5059989897917143,4.29352064241251,6.141204297556558,1.65484917320332
LEGACY_GROSS100,EARLY2,LAG1_GROSS,ALL20,SELECTIVE_FILL_NO_ZERO_OVERRIDE,2021,252,0.39722392760158787,-0.2680288990357572,1.182593793623945,1.7027073592023618,1.4820190249283343,1.2119145607618278
LEGACY_GROSS100,EARLY2,LAG1_GROSS,ALL20,SELECTIVE_FILL_NO_ZERO_OVERRIDE,2022,251,-0.14251315716175972,-0.16059158431698395,-0.6700781811248528,-0.8319467282422006,-0.887426061383515,0.8327404359606815
LEGACY_GROSS100,EARLY2,LAG1_GROSS,ALL20,SELECTIVE_FILL_NO_ZERO_OVERRIDE,2023,250,0.5162789694278671,-0.17028859133498553,1.9134113968992463,2.8727864414765802,3.031788362217771,1.4152354480534455
LEGACY_GROSS100,EARLY2,LAG1_GROSS,ALL20,SELECTIVE_FILL_NO_ZERO_OVERRIDE,2024,252,0.9084890771355982,-0.18552389414609416,2.061327997597763,3.147507553727905,4.896884475808771,1.4274988531082804
LEGACY_GROSS100,EARLY2,LAG1_GROSS,ALL20,SELECTIVE_FILL_NO_ZERO_OVERRIDE,2025,250,0.69850192989382,-0.13705008103950078,1.9209524958468458,3.109410724389914,5.096691111714824,1.4244297102030068
LEGACY_GROSS100,EARLY2,LAG1_GROSS,ALL20,SELECTIVE_FILL_NO_ZERO_OVERRIDE,2026,54,-0.38228782354429813,-0.2183565047614745,-1.0174039989766874,-1.289137673680379,-1.7507507915181957,0.8337786669085303
LEGACY_GROSS100,EARLY1_LEGACY_LIQ,SAME_DAY_GROSS,BASE,NATIVE_NO_FILL,FULL,2568,0.48760551730089285,-0.2760250051374835,1.5265579738923705,2.3239642736324617,1.7665266125365149,1.3433025285723743
LEGACY_GROSS100,EARLY1_LEGACY_LIQ,SAME_DAY_GROSS,BASE,NATIVE_NO_FILL,2016_2020,1259,0.5627497586198329,-0.25292923305208614,1.7149327412989743,2.720912096230123,2.2249296842012125,1.4110657576717889
LEGACY_GROSS100,EARLY1_LEGACY_LIQ,SAME_DAY_GROSS,BASE,NATIVE_NO_FILL,2021_2025,1255,0.45875105954010054,-0.27602500513748307,1.4663699129926615,2.1754078333340927,1.6619909464782183,1.3161697162781227
LEGACY_GROSS100,EARLY1_LEGACY_LIQ,SAME_DAY_GROSS,BASE,NATIVE_NO_FILL,2022_2025,1003,0.47796300951803716,-0.20977601567257997,1.5931616008552647,2.38387772596898,2.278444501796838,1.363573279225013
LEGACY_GROSS100,EARLY1_LEGACY_LIQ,SAME_DAY_GROSS,BASE,NATIVE_NO_FILL,2022_2026_AVAILABLE,1057,0.42697464579360656,-0.20977601567257997,1.4285159211480916,2.10898546067685,2.0353835228715176,1.3187667499905853
LEGACY_GROSS100,EARLY1_LEGACY_LIQ,SAME_DAY_GROSS,BASE,NATIVE_NO_FILL,2016,252,0.28932013865491446,-0.15863752360282435,1.4421444451874614,2.1674655025279077,1.8237812346294309,1.307249708791791
LEGACY_GROSS100,EARLY1_LEGACY_LIQ,SAME_DAY_GROSS,BASE,NATIVE_NO_FILL,2017,251,0.36434823878284406,-0.12152326560286919,1.8075039160246718,2.615456773535437,2.9981768262672635,1.3356742548920573
LEGACY_GROSS100,EARLY1_LEGACY_LIQ,SAME_DAY_GROSS,BASE,NATIVE_NO_FILL,2018,251,0.34818706877801997,-0.23904234249010936,1.0617641008717702,1.5984985342735958,1.4565916027719088,1.2405537026907303
LEGACY_GROSS100,EARLY1_LEGACY_LIQ,SAME_DAY_GROSS,BASE,NATIVE_NO_FILL,2019,252,0.46197294722557825,-0.1205289492832009,1.8090863980414726,2.8914352208011476,3.832879569373025,1.3891807639715537
LEGACY_GROSS100,EARLY1_LEGACY_LIQ,SAME_DAY_GROSS,BASE,NATIVE_NO_FILL,2020,253,1.6795013349163108,-0.25292923305208614,2.583283168557571,4.383486720511228,6.640202536693132,1.6931303391009296
LEGACY_GROSS100,EARLY1_LEGACY_LIQ,SAME_DAY_GROSS,BASE,NATIVE_NO_FILL,2021,252,0.3847277942793126,-0.27602500513748307,1.111134457423403,1.618956972546572,1.393815006316861,1.200864415302334
LEGACY_GROSS100,EARLY1_LEGACY_LIQ,SAME_DAY_GROSS,BASE,NATIVE_NO_FILL,2022,251,-0.034964135444909616,-0.1349681036774818,-0.10679355109427802,-0.14174252108394053,-0.25905480252178326,0.9718077543696201
LEGACY_GROSS100,EARLY1_LEGACY_LIQ,SAME_DAY_GROSS,BASE,NATIVE_NO_FILL,2023,250,0.7141178486759379,-0.12377370408861288,2.410745339118814,3.686737169363066,5.769544136488651,1.5599212666718285
LEGACY_GROSS100,EARLY1_LEGACY_LIQ,SAME_DAY_GROSS,BASE,NATIVE_NO_FILL,2024,252,0.7029620731608548,-0.20395602036068816,1.7139572025315093,2.550936681209207,3.446635563479294,1.3519366843632172
LEGACY_GROSS100,EARLY1_LEGACY_LIQ,SAME_DAY_GROSS,BASE,NATIVE_NO_FILL,2025,250,0.6947798860576722,-0.1357492047132226,2.0148064311123233,3.170076181641,5.118113859491343,1.431691473437409
LEGACY_GROSS100,EARLY1_LEGACY_LIQ,SAME_DAY_GROSS,BASE,NATIVE_NO_FILL,2026,54,-0.2566187042688094,-0.19691247329682626,-0.5562506042889481,-0.74373335182806,-1.3032120310732263,0.9076637449016716
LEGACY_GROSS100,EARLY1_LEGACY_LIQ,SAME_DAY_GROSS,ALL5,NATIVE_NO_FILL,FULL,2568,0.4800283416591733,-0.27669042414798917,1.5088349571974187,2.2951041018784295,1.734893222768085,1.3386366547379145
LEGACY_GROSS100,EARLY1_LEGACY_LIQ,SAME_DAY_GROSS,ALL5,NATIVE_NO_FILL,2016_2020,1259,0.5551532557983636,-0.25462886344971025,1.6978319847560546,2.691421795803814,2.1802448013047333,1.4061361376810766
LEGACY_GROSS100,EARLY1_LEGACY_LIQ,SAME_DAY_GROSS,ALL5,NATIVE_NO_FILL,2021_2025,1255,0.45134712543745725,-0.27669042414798894,1.4485881860213186,2.147392891187399,1.6312350773514752,1.3117137058350647
LEGACY_GROSS100,EARLY1_LEGACY_LIQ,SAME_DAY_GROSS,ALL5,NATIVE_NO_FILL,2022_2025,1003,0.4714259891092123,-0.21044360594740108,1.5765837760146848,2.357442530882771,2.240153541310454,1.3591099129985633
LEGACY_GROSS100,EARLY1_LEGACY_LIQ,SAME_DAY_GROSS,ALL5,NATIVE_NO_FILL,2022_2026_AVAILABLE,1057,0.4201883072683399,-0.21044360594740108,1.4112029479649926,2.0819370005586113,1.9966788982572512,1.3143124237137571
LEGACY_GROSS100,EARLY1_LEGACY_LIQ,SAME_DAY_GROSS,ALL5,NATIVE_NO_FILL,2016,252,0.2816286213975998,-0.16037391863105444,1.410666514310725,2.1170885515829183,1.7560749515979333,1.299422100251574
LEGACY_GROSS100,EARLY1_LEGACY_LIQ,SAME_DAY_GROSS,ALL5,NATIVE_NO_FILL,2017,251,0.3547971955039966,-0.12245452610090746,1.7686240111888198,2.5545992246047713,2.8973791888396954,1.3275888613643825
LEGACY_GROSS100,EARLY1_LEGACY_LIQ,SAME_DAY_GROSS,ALL5,NATIVE_NO_FILL,2018,251,0.3424486184337783,-0.23941381825187236,1.0493203945727863,1.5785543027758047,1.4303627958245477,1.2373764351397631
LEGACY_GROSS100,EARLY1_LEGACY_LIQ,SAME_DAY_GROSS,ALL5,NATIVE_NO_FILL,2019,252,0.4574933579589706,-0.1211137872636,1.7948227452105987,2.86661536680576,3.7773846256103942,1.3854395499493002
LEGACY_GROSS100,EARLY1_LEGACY_LIQ,SAME_DAY_GROSS,ALL5,NATIVE_NO_FILL,2020,253,1.6687222889239894,-0.25462886344971014,2.573358586696697,4.363534580057045,6.5535472542906215,1.6894823067257876
LEGACY_GROSS100,EARLY1_LEGACY_LIQ,SAME_DAY_GROSS,ALL5,NATIVE_NO_FILL,2021,252,0.37410902095189447,-0.27669042414798894,1.0891020488659702,1.5853784935295836,1.3520851764345874,1.1964410090835116
LEGACY_GROSS100,EARLY1_LEGACY_LIQ,SAME_DAY_GROSS,ALL5,NATIVE_NO_FILL,2022,251,-0.0393070251479114,-0.1353062037321715,-0.1316577764093374,-0.17455817349714448,-0.2905042345709197,0.9653973638830137
LEGACY_GROSS100,EARLY1_LEGACY_LIQ,SAME_DAY_GROSS,ALL5,NATIVE_NO_FILL,2023,250,0.7083435258522772,-0.12449846320721214,2.3964865946950007,3.6631052760165317,5.689576462267874,1.5557310649851357
LEGACY_GROSS100,EARLY1_LEGACY_LIQ,SAME_DAY_GROSS,ALL5,NATIVE_NO_FILL,2024,252,0.6929691119719132,-0.20545999707496632,1.6969718670455665,2.524221341607989,3.372769015075325,1.3478960383651422
LEGACY_GROSS100,EARLY1_LEGACY_LIQ,SAME_DAY_GROSS,ALL5,NATIVE_NO_FILL,2025,250,0.688099980324723,-0.13602351245498845,2.0008311751855543,3.145683016114649,5.058684104723602,1.4282070789726136
LEGACY_GROSS100,EARLY1_LEGACY_LIQ,SAME_DAY_GROSS,ALL5,NATIVE_NO_FILL,2026,54,-0.2647336572158271,-0.1981863907065018,-0.5841866515614239,-0.7803084406502739,-1.3357812121815997,0.9032061414123105
LEGACY_GROSS100,EARLY1_LEGACY_LIQ,SAME_DAY_GROSS,ALL10,NATIVE_NO_FILL,FULL,2568,0.4672279419077283,-0.27771447892333123,1.4788335497454586,2.2458271083406416,1.6824039701463176,1.33069743998625
LEGACY_GROSS100,EARLY1_LEGACY_LIQ,SAME_DAY_GROSS,ALL10,NATIVE_NO_FILL,2016_2020,1259,0.5418296276046732,-0.2571282714924953,1.6678906771137294,2.639032571285451,2.1072347449762536,1.397399795809869
LEGACY_GROSS100,EARLY1_LEGACY_LIQ,SAME_DAY_GROSS,ALL10,NATIVE_NO_FILL,2021_2025,1255,0.43918066014692636,-0.27771447892333134,1.4192629127726506,2.1009589846589467,1.5814107418870695,1.3043873886107393
LEGACY_GROSS100,EARLY1_LEGACY_LIQ,SAME_DAY_GROSS,ALL10,NATIVE_NO_FILL,2022_2025,1003,0.4608335966752086,-0.21146507166208095,1.549686200096755,2.3141813332380368,2.1792421464837277,1.3518663687357353
LEGACY_GROSS100,EARLY1_LEGACY_LIQ,SAME_DAY_GROSS,ALL10,NATIVE_NO_FILL,2022_2026_AVAILABLE,1057,0.4092729236541064,-0.21146507166208095,1.3832576645220813,2.0379880128789476,1.935416191606907,1.3070919928904263
LEGACY_GROSS100,EARLY1_LEGACY_LIQ,SAME_DAY_GROSS,ALL10,NATIVE_NO_FILL,2016,252,0.26992750824499745,-0.16294682070147493,1.3625667176135339,2.0393864287830135,1.6565374340105439,1.2875107364194065
LEGACY_GROSS100,EARLY1_LEGACY_LIQ,SAME_DAY_GROSS,ALL10,NATIVE_NO_FILL,2017,251,0.3405970529167779,-0.12338506061539889,1.7102750811237866,2.462977713089149,2.760439969134077,1.3153497744777702
LEGACY_GROSS100,EARLY1_LEGACY_LIQ,SAME_DAY_GROSS,ALL10,NATIVE_NO_FILL,2018,251,0.3316912506012102,-0.24054907311163753,1.0257199016029208,1.5409107414421135,1.3788922414482723,1.2313281997174828
LEGACY_GROSS100,EARLY1_LEGACY_LIQ,SAME_DAY_GROSS,ALL10,NATIVE_NO_FILL,2019,252,0.44874895423122285,-0.12204992202218601,1.7673044157092967,2.8182968772135344,3.676765595554007,1.3782204803986768
LEGACY_GROSS100,EARLY1_LEGACY_LIQ,SAME_DAY_GROSS,ALL10,NATIVE_NO_FILL,2020,253,1.6441431743898023,-0.25712827149249595,2.551462481572955,4.318243754216592,6.394252817266674,1.6812605106109964
LEGACY_GROSS100,EARLY1_LEGACY_LIQ,SAME_DAY_GROSS,ALL10,NATIVE_NO_FILL,2021,252,0.3561329161673026,-0.27771447892333134,1.051429171483827,1.528026054616014,1.2823707195533736,1.1889397125226289
LEGACY_GROSS100,EARLY1_LEGACY_LIQ,SAME_DAY_GROSS,ALL10,NATIVE_NO_FILL,2022,251,-0.04521059863017152,-0.13585743485265933,-0.16569661624457185,-0.2193441018819378,-0.33277971631956327,0.9567196026998824
LEGACY_GROSS100,EARLY1_LEGACY_LIQ,SAME_DAY_GROSS,ALL10,NATIVE_NO_FILL,2023,250,0.6970694628143261,-0.12548564266751605,2.369263675826342,3.6178446673652997,5.554973843989991,1.5479909140905004
LEGACY_GROSS100,EARLY1_LEGACY_LIQ,SAME_DAY_GROSS,ALL10,NATIVE_NO_FILL,2024,252,0.6762212291101499,-0.2086078622855383,1.6680944652811542,2.4781342541933693,3.2415903298244424,1.3409360608505485
LEGACY_GROSS100,EARLY1_LEGACY_LIQ,SAME_DAY_GROSS,ALL10,NATIVE_NO_FILL,2025,250,0.6777427715147006,-0.13642733589117195,1.9792083943862993,3.1074529978533523,4.9677930532582995,1.4226643038441928
LEGACY_GROSS100,EARLY1_LEGACY_LIQ,SAME_DAY_GROSS,ALL10,NATIVE_NO_FILL,2026,54,-0.27700584424482677,-0.19986097477800102,-0.6268714199577685,-0.835979894196215,-1.3859926609109945,0.8965526978476078
LEGACY_GROSS100,EARLY1_LEGACY_LIQ,SAME_DAY_GROSS,ALL20,NATIVE_NO_FILL,FULL,2568,0.44194426413072296,-0.27975944167988365,1.4186372166093812,2.1473942325828568,1.579729575798983,1.3149562345009795
LEGACY_GROSS100,EARLY1_LEGACY_LIQ,SAME_DAY_GROSS,ALL20,NATIVE_NO_FILL,2016_2020,1259,0.5155093274127549,-0.2621045615484001,1.6077789594731466,2.5343803993905722,1.9668079195850285,1.3800993457258208
LEGACY_GROSS100,EARLY1_LEGACY_LIQ,SAME_DAY_GROSS,ALL20,NATIVE_NO_FILL,2021_2025,1255,0.41513953960972505,-0.27975944167988376,1.3604381379234682,2.0081817845895,1.4839160999068288,1.2898486021766309
LEGACY_GROSS100,EARLY1_LEGACY_LIQ,SAME_DAY_GROSS,ALL20,NATIVE_NO_FILL,2022_2025,1003,0.4398660386155515,-0.21487059353643367,1.4957321380456166,2.227713983602299,2.0471206942562263,1.3374816492070294
LEGACY_GROSS100,EARLY1_LEGACY_LIQ,SAME_DAY_GROSS,ALL20,NATIVE_NO_FILL,2022_2026_AVAILABLE,1057,0.38768163769016706,-0.21487059353643367,1.3272233129978321,1.9501842674014085,1.804256372682432,1.2927534073151385
LEGACY_GROSS100,EARLY1_LEGACY_LIQ,SAME_DAY_GROSS,ALL20,NATIVE_NO_FILL,2016,252,0.2468322119151911,-0.16807219052519895,1.265895540132775,1.8844196388682082,1.4686082875690474,1.2640688905568458
LEGACY_GROSS100,EARLY1_LEGACY_LIQ,SAME_DAY_GROSS,ALL20,NATIVE_NO_FILL,2017,251,0.3126257780149988,-0.12524395321566273,1.5930690118744806,2.2807123089733614,2.496134703418979,1.2911772210364527
LEGACY_GROSS100,EARLY1_LEGACY_LIQ,SAME_DAY_GROSS,ALL20,NATIVE_NO_FILL,2018,251,0.31042265519080536,-0.24281541966394204,0.9783340126295128,1.465660171859025,1.278430569279464,1.21930931350243
LEGACY_GROSS100,EARLY1_LEGACY_LIQ,SAME_DAY_GROSS,ALL20,NATIVE_NO_FILL,2019,252,0.43140890981115776,-0.12463049816529825,1.7121509398537016,2.7216053539247085,3.461503533741615,1.3638946792169755
LEGACY_GROSS100,EARLY1_LEGACY_LIQ,SAME_DAY_GROSS,ALL20,NATIVE_NO_FILL,2020,253,1.5956338099489669,-0.26210456154840056,2.5074967727664896,4.227736960617845,6.087775811770125,1.66497533335885
LEGACY_GROSS100,EARLY1_LEGACY_LIQ,SAME_DAY_GROSS,ALL20,NATIVE_NO_FILL,2021,252,0.32086136257427156,-0.27975944167988376,0.9758725927376023,1.413544681149939,1.146918797977224,1.174074915088961
LEGACY_GROSS100,EARLY1_LEGACY_LIQ,SAME_DAY_GROSS,ALL20,NATIVE_NO_FILL,2022,251,-0.056914571383083756,-0.13695950743242735,-0.23366523501962616,-0.308337087346144,-0.4155576524044093,0.9396986246441998
LEGACY_GROSS100,EARLY1_LEGACY_LIQ,SAME_DAY_GROSS,ALL20,NATIVE_NO_FILL,2023,250,0.6747327979718196,-0.1274571867181673,2.3144801624363733,3.527101868873957,5.293799552188339,1.5323863617308884
LEGACY_GROSS100,EARLY1_LEGACY_LIQ,SAME_DAY_GROSS,ALL20,NATIVE_NO_FILL,2024,252,0.6432017677203936,-0.21487059353643356,1.6102090623795442,2.386054299769391,2.993437850821276,1.3271428920930093
LEGACY_GROSS100,EARLY1_LEGACY_LIQ,SAME_DAY_GROSS,ALL20,NATIVE_NO_FILL,2025,250,0.6572080465877026,-0.13723451774179551,1.9357965744734407,3.0310229468061514,4.788941276597982,1.4116451554021399
LEGACY_GROSS100,EARLY1_LEGACY_LIQ,SAME_DAY_GROSS,ALL20,NATIVE_NO_FILL,2026,54,-0.3009540842664141,-0.20320150753778654,-0.7121793298743428,-0.9466728187017917,-1.4810622613636364,0.883442813724422
LEGACY_GROSS100,EARLY1_LEGACY_LIQ,SAME_DAY_GROSS,BASE,SELECTIVE_FILL_NO_ZERO_OVERRIDE,FULL,2568,0.508495848514386,-0.28706949760545086,1.5590943712560108,2.386523854863251,1.7713336065166496,1.3526394336853729
LEGACY_GROSS100,EARLY1_LEGACY_LIQ,SAME_DAY_GROSS,BASE,SELECTIVE_FILL_NO_ZERO_OVERRIDE,2016_2020,1259,0.5926768839592227,-0.24479097900449653,1.7607299146667983,2.8116066332127025,2.4211549231490914,1.4241308720410433
LEGACY_GROSS100,EARLY1_LEGACY_LIQ,SAME_DAY_GROSS,BASE,SELECTIVE_FILL_NO_ZERO_OVERRIDE,2021_2025,1255,0.4726829649142017,-0.2870694976054504,1.4853752219027474,2.213978844748076,1.6465802492323975,1.3224422845783312
LEGACY_GROSS100,EARLY1_LEGACY_LIQ,SAME_DAY_GROSS,BASE,SELECTIVE_FILL_NO_ZERO_OVERRIDE,2022_2025,1003,0.4950251867867692,-0.20395602036068816,1.6150166724757535,2.4354743376120562,2.4271173065219487,1.3722565373498803
LEGACY_GROSS100,EARLY1_LEGACY_LIQ,SAME_DAY_GROSS,BASE,SELECTIVE_FILL_NO_ZERO_OVERRIDE,2022_2026_AVAILABLE,1057,0.4426020021191397,-0.20395602036068816,1.4515582118577612,2.158482379246307,2.170085498512942,1.326821173567948
LEGACY_GROSS100,EARLY1_LEGACY_LIQ,SAME_DAY_GROSS,BASE,SELECTIVE_FILL_NO_ZERO_OVERRIDE,2016,252,0.29323458507203615,-0.1594942859977756,1.4061696359990816,2.0874096260173713,1.8385272126684573,1.304288072463432
LEGACY_GROSS100,EARLY1_LEGACY_LIQ,SAME_DAY_GROSS,BASE,SELECTIVE_FILL_NO_ZERO_OVERRIDE,2017,251,0.4011114966763918,-0.11453710370070491,1.9272394803895323,2.820090229045941,3.502022346614682,1.3604291152609336
LEGACY_GROSS100,EARLY1_LEGACY_LIQ,SAME_DAY_GROSS,BASE,SELECTIVE_FILL_NO_ZERO_OVERRIDE,2018,251,0.3460470874715933,-0.24479097900449664,1.0522403093966766,1.5865931973391796,1.4136431370097042,1.2366628347233535
LEGACY_GROSS100,EARLY1_LEGACY_LIQ,SAME_DAY_GROSS,BASE,SELECTIVE_FILL_NO_ZERO_OVERRIDE,2019,252,0.48837798244737374,-0.1205289492832009,1.882822276460295,3.021793061560948,4.051955860826897,1.4080879038091991
LEGACY_GROSS100,EARLY1_LEGACY_LIQ,SAME_DAY_GROSS,BASE,SELECTIVE_FILL_NO_ZERO_OVERRIDE,2020,253,1.8133485757510743,-0.21578216823250274,2.665925685780298,4.591515684545709,8.403607168305088,1.7235368938319264
LEGACY_GROSS100,EARLY1_LEGACY_LIQ,SAME_DAY_GROSS,BASE,SELECTIVE_FILL_NO_ZERO_OVERRIDE,2021,252,0.38701777178653396,-0.2870694976054504,1.113528395136761,1.6178591828979665,1.3481675169768572,1.2011050423178449
LEGACY_GROSS100,EARLY1_LEGACY_LIQ,SAME_DAY_GROSS,BASE,SELECTIVE_FILL_NO_ZERO_OVERRIDE,2022,251,-0.043297281813161725,-0.1349681036774817,-0.14427880253515393,-0.1884598218900137,-0.3207964002859849,0.9613872354350917
LEGACY_GROSS100,EARLY1_LEGACY_LIQ,SAME_DAY_GROSS,BASE,SELECTIVE_FILL_NO_ZERO_OVERRIDE,2023,250,0.7066018807561574,-0.1265911933766508,2.370948365695627,3.637877694187688,5.581761747468343,1.5477570880060592
LEGACY_GROSS100,EARLY1_LEGACY_LIQ,SAME_DAY_GROSS,BASE,SELECTIVE_FILL_NO_ZERO_OVERRIDE,2024,252,0.7029620731608548,-0.20395602036068816,1.7139572025315093,2.550936681209207,3.446635563479294,1.3519366843632172
LEGACY_GROSS100,EARLY1_LEGACY_LIQ,SAME_DAY_GROSS,BASE,SELECTIVE_FILL_NO_ZERO_OVERRIDE,2025,250,0.7980545685926606,-0.13202019777130225,2.157973097573243,3.525180580174079,6.044942986490033,1.4794936035027189
LEGACY_GROSS100,EARLY1_LEGACY_LIQ,SAME_DAY_GROSS,BASE,SELECTIVE_FILL_NO_ZERO_OVERRIDE,2026,54,-0.2566187042688094,-0.19691247329682626,-0.5562506042889481,-0.74373335182806,-1.3032120310732263,0.9076637449016716
LEGACY_GROSS100,EARLY1_LEGACY_LIQ,SAME_DAY_GROSS,ALL5,SELECTIVE_FILL_NO_ZERO_OVERRIDE,FULL,2568,0.5008138967013223,-0.287725625251372,1.5416094258128281,2.3577984279186963,1.7405953893185053,1.3479878493401412
LEGACY_GROSS100,EARLY1_LEGACY_LIQ,SAME_DAY_GROSS,ALL5,SELECTIVE_FILL_NO_ZERO_OVERRIDE,2016_2020,1259,0.5849372644527981,-0.245160077148184,1.7438994354093782,2.7822108801434537,2.3859401222950343,1.4192325009440214
LEGACY_GROSS100,EARLY1_LEGACY_LIQ,SAME_DAY_GROSS,ALL5,SELECTIVE_FILL_NO_ZERO_OVERRIDE,2021_2025,1255,0.4652093868871039,-0.28772562525137213,1.467812907671898,2.1861394260643117,1.616850728817333,1.3179904173844035
LEGACY_GROSS100,EARLY1_LEGACY_LIQ,SAME_DAY_GROSS,ALL5,SELECTIVE_FILL_NO_ZERO_OVERRIDE,2022_2025,1003,0.4884139623655861,-0.20545999707496665,1.5987077663594331,2.4092255601589674,2.377173023064813,1.3677908922941537
LEGACY_GROSS100,EARLY1_LEGACY_LIQ,SAME_DAY_GROSS,ALL5,SELECTIVE_FILL_NO_ZERO_OVERRIDE,2022_2026_AVAILABLE,1057,0.4357424987935703,-0.20545999707496665,1.434495590621749,2.131595099642547,2.1208142947387465,1.3223656190441961
LEGACY_GROSS100,EARLY1_LEGACY_LIQ,SAME_DAY_GROSS,ALL5,SELECTIVE_FILL_NO_ZERO_OVERRIDE,2016,252,0.28551828961222303,-0.16137256930974953,1.375934247473103,2.039578153574887,1.7693111712448462,1.296727300505844
LEGACY_GROSS100,EARLY1_LEGACY_LIQ,SAME_DAY_GROSS,ALL5,SELECTIVE_FILL_NO_ZERO_OVERRIDE,2017,251,0.39130685875103577,-0.11547616236879743,1.8890719889729535,2.759064111870236,3.388637539766129,1.3523468438746975
LEGACY_GROSS100,EARLY1_LEGACY_LIQ,SAME_DAY_GROSS,ALL5,SELECTIVE_FILL_NO_ZERO_OVERRIDE,2018,251,0.340317210714036,-0.24516007714818389,1.039867106306192,1.5667199702032577,1.3881428602599744,1.2335331506340854
LEGACY_GROSS100,EARLY1_LEGACY_LIQ,SAME_DAY_GROSS,ALL5,SELECTIVE_FILL_NO_ZERO_OVERRIDE,2019,252,0.48381752685904056,-0.1211137872636,1.8685834504024124,2.996825039392511,3.994735345910935,1.4042946931188252
LEGACY_GROSS100,EARLY1_LEGACY_LIQ,SAME_DAY_GROSS,ALL5,SELECTIVE_FILL_NO_ZERO_OVERRIDE,2020,253,1.80204845052948,-0.2172396012382254,2.656241709403649,4.5714099743558005,8.29521155561941,1.7198575145527764
LEGACY_GROSS100,EARLY1_LEGACY_LIQ,SAME_DAY_GROSS,ALL5,SELECTIVE_FILL_NO_ZERO_OVERRIDE,2021,252,0.3763817890985752,-0.28772562525137213,1.0915668760299742,1.5844583540734,1.3081274522203172,1.196699121341507
LEGACY_GROSS100,EARLY1_LEGACY_LIQ,SAME_DAY_GROSS,ALL5,SELECTIVE_FILL_NO_ZERO_OVERRIDE,2022,251,-0.047600892363761416,-0.1353062037321714,-0.16837413350122216,-0.21972637412030868,-0.3518012556023215,0.9551377333611376
LEGACY_GROSS100,EARLY1_LEGACY_LIQ,SAME_DAY_GROSS,ALL5,SELECTIVE_FILL_NO_ZERO_OVERRIDE,2023,250,0.7008556601042824,-0.12731395533098921,2.3569016424113967,3.6143702147409607,5.504939802413699,1.5436469312118746
LEGACY_GROSS100,EARLY1_LEGACY_LIQ,SAME_DAY_GROSS,ALL5,SELECTIVE_FILL_NO_ZERO_OVERRIDE,2024,252,0.6929691119719132,-0.20545999707496632,1.6969718670455665,2.524221341607989,3.372769015075325,1.3478960383651422
LEGACY_GROSS100,EARLY1_LEGACY_LIQ,SAME_DAY_GROSS,ALL5,SELECTIVE_FILL_NO_ZERO_OVERRIDE,2025,250,0.7909674140747196,-0.13229567089281458,2.1444569331049905,3.500400246820245,5.978785312752661,1.4759050667207048
LEGACY_GROSS100,EARLY1_LEGACY_LIQ,SAME_DAY_GROSS,ALL5,SELECTIVE_FILL_NO_ZERO_OVERRIDE,2026,54,-0.2647336572158271,-0.1981863907065018,-0.5841866515614239,-0.7803084406502739,-1.3357812121815997,0.9032061414123105
LEGACY_GROSS100,EARLY1_LEGACY_LIQ,SAME_DAY_GROSS,ALL10,SELECTIVE_FILL_NO_ZERO_OVERRIDE,FULL,2568,0.48706779745016937,-0.2888829515851715,1.5102695406346407,2.3058022736787187,1.6860385660611297,1.339615735766074
LEGACY_GROSS100,EARLY1_LEGACY_LIQ,SAME_DAY_GROSS,ALL10,SELECTIVE_FILL_NO_ZERO_OVERRIDE,2016_2020,1259,0.5705030607077874,-0.24628390517297005,1.7125983539817047,2.7266875020450607,2.3164447563356276,1.4100201440901416
LEGACY_GROSS100,EARLY1_LEGACY_LIQ,SAME_DAY_GROSS,ALL10,SELECTIVE_FILL_NO_ZERO_OVERRIDE,2021_2025,1255,0.45218969088069394,-0.2888829515851714,1.437101030789964,2.137141377260626,1.5653041773473253,1.3102387208587893
LEGACY_GROSS100,EARLY1_LEGACY_LIQ,SAME_DAY_GROSS,ALL10,SELECTIVE_FILL_NO_ZERO_OVERRIDE,2022_2025,1003,0.477057351387832,-0.2086078622855384,1.5706786676093416,2.3635734579032426,2.2868617997477254,1.3601125271256738
LEGACY_GROSS100,EARLY1_LEGACY_LIQ,SAME_DAY_GROSS,ALL10,SELECTIVE_FILL_NO_ZERO_OVERRIDE,2022_2026_AVAILABLE,1057,0.42412027318087,-0.2086078622855384,1.4055026972958427,2.0854890374865387,2.033098218514614,1.3147603184034926
LEGACY_GROSS100,EARLY1_LEGACY_LIQ,SAME_DAY_GROSS,ALL10,SELECTIVE_FILL_NO_ZERO_OVERRIDE,2016,252,0.27247806871693947,-0.16454616866194005,1.3245511170846722,1.9573033652129284,1.6559368773681107,1.2839116597126783
LEGACY_GROSS100,EARLY1_LEGACY_LIQ,SAME_DAY_GROSS,ALL10,SELECTIVE_FILL_NO_ZERO_OVERRIDE,2017,251,0.3758064326325137,-0.11674901991700659,1.8281059545056213,2.66073423321807,3.2189258025434673,1.3393049314278818
LEGACY_GROSS100,EARLY1_LEGACY_LIQ,SAME_DAY_GROSS,ALL10,SELECTIVE_FILL_NO_ZERO_OVERRIDE,2018,251,0.3295194726640489,-0.24628390517296994,1.0163082838008446,1.529023616150845,1.3379659236466184,1.2275666188176868
LEGACY_GROSS100,EARLY1_LEGACY_LIQ,SAME_DAY_GROSS,ALL10,SELECTIVE_FILL_NO_ZERO_OVERRIDE,2019,252,0.4743822754731555,-0.12204992202218601,1.839574594936914,2.945397331589772,3.886788845198305,1.3965612781669718
LEGACY_GROSS100,EARLY1_LEGACY_LIQ,SAME_DAY_GROSS,ALL10,SELECTIVE_FILL_NO_ZERO_OVERRIDE,2020,253,1.7745053602770704,-0.2203541522204958,2.6334872751199137,4.523142626336624,8.052969923169064,1.7111522961913286
LEGACY_GROSS100,EARLY1_LEGACY_LIQ,SAME_DAY_GROSS,ALL10,SELECTIVE_FILL_NO_ZERO_OVERRIDE,2021,252,0.3572930415707847,-0.2888829515851714,1.0517037432880194,1.5239633076247754,1.2368090245901684,1.1887886999521196
LEGACY_GROSS100,EARLY1_LEGACY_LIQ,SAME_DAY_GROSS,ALL10,SELECTIVE_FILL_NO_ZERO_OVERRIDE,2022,251,-0.05349603609725884,-0.13585743485265933,-0.2016304309425335,-0.26273659281837813,-0.39376598089958476,0.9466074496345659
LEGACY_GROSS100,EARLY1_LEGACY_LIQ,SAME_DAY_GROSS,ALL10,SELECTIVE_FILL_NO_ZERO_OVERRIDE,2023,250,0.6886416435088027,-0.12859732210856023,2.3275780689852246,3.565020661420964,5.355023201241004,1.5352941652224226
LEGACY_GROSS100,EARLY1_LEGACY_LIQ,SAME_DAY_GROSS,ALL10,SELECTIVE_FILL_NO_ZERO_OVERRIDE,2024,252,0.6762212291101499,-0.2086078622855383,1.6680944652811542,2.4781342541933693,3.2415903298244424,1.3409360608505485
LEGACY_GROSS100,EARLY1_LEGACY_LIQ,SAME_DAY_GROSS,ALL10,SELECTIVE_FILL_NO_ZERO_OVERRIDE,2025,250,0.7780001483982864,-0.13288176185209355,2.119883424553488,3.4542495257167327,5.854830170480833,1.4691652800642105
LEGACY_GROSS100,EARLY1_LEGACY_LIQ,SAME_DAY_GROSS,ALL10,SELECTIVE_FILL_NO_ZERO_OVERRIDE,2026,54,-0.27700584424482677,-0.19986097477800102,-0.6268714199577685,-0.835979894196215,-1.3859926609109945,0.8965526978476078
LEGACY_GROSS100,EARLY1_LEGACY_LIQ,SAME_DAY_GROSS,ALL20,SELECTIVE_FILL_NO_ZERO_OVERRIDE,FULL,2568,0.4599372044191963,-0.2911932553340365,1.4473803728095922,2.201972502384238,1.5794912690940885,1.323026407035468
LEGACY_GROSS100,EARLY1_LEGACY_LIQ,SAME_DAY_GROSS,ALL20,SELECTIVE_FILL_NO_ZERO_OVERRIDE,2016_2020,1259,0.542012041301615,-0.2485272249464856,1.6497414594980617,2.6158167576151197,2.1808960423483756,1.3917823209626579
LEGACY_GROSS100,EARLY1_LEGACY_LIQ,SAME_DAY_GROSS,ALL20,SELECTIVE_FILL_NO_ZERO_OVERRIDE,2021_2025,1255,0.42648241529945063,-0.29119325533403684,1.3754953921889768,2.0392743915708067,1.4646026564393444,1.2948703179307566
LEGACY_GROSS100,EARLY1_LEGACY_LIQ,SAME_DAY_GROSS,ALL20,SELECTIVE_FILL_NO_ZERO_OVERRIDE,2022_2025,1003,0.4545918725880116,-0.214870593536433,1.5144518826735607,2.27235457003016,2.1156541949558676,1.3448747683964968
LEGACY_GROSS100,EARLY1_LEGACY_LIQ,SAME_DAY_GROSS,ALL20,SELECTIVE_FILL_NO_ZERO_OVERRIDE,2022_2026_AVAILABLE,1057,0.40114521695224203,-0.214870593536433,1.3473639986150954,1.9933987703185494,1.8669153854420972,1.2996667498740215
LEGACY_GROSS100,EARLY1_LEGACY_LIQ,SAME_DAY_GROSS,ALL20,SELECTIVE_FILL_NO_ZERO_OVERRIDE,2016,252,0.2467788112270204,-0.17086130513948128,1.2213202898696534,1.7935138334184728,1.4443224053893564,1.2587082507811231
LEGACY_GROSS100,EARLY1_LEGACY_LIQ,SAME_DAY_GROSS,ALL20,SELECTIVE_FILL_NO_ZERO_OVERRIDE,2017,251,0.3453043124655393,-0.11929053519559918,1.7055855111402287,2.4653401199328098,2.894649704600186,1.3135698942177993
LEGACY_GROSS100,EARLY1_LEGACY_LIQ,SAME_DAY_GROSS,ALL20,SELECTIVE_FILL_NO_ZERO_OVERRIDE,2018,251,0.3081729908456481,-0.24852722494648605,0.9690066137794328,1.4536858163745574,1.2399969094412302,1.2157056493186151
LEGACY_GROSS100,EARLY1_LEGACY_LIQ,SAME_DAY_GROSS,ALL20,SELECTIVE_FILL_NO_ZERO_OVERRIDE,2019,252,0.45568213943524705,-0.1239204079269397,1.781415092908239,2.842484310005601,3.6772162637158647,1.3812241427943501
LEGACY_GROSS100,EARLY1_LEGACY_LIQ,SAME_DAY_GROSS,ALL20,SELECTIVE_FILL_NO_ZERO_OVERRIDE,2020,253,1.7201967134322032,-0.2265495508940497,2.5877749452914176,4.426694711768754,7.593026367272238,1.693908964316583
LEGACY_GROSS100,EARLY1_LEGACY_LIQ,SAME_DAY_GROSS,ALL20,SELECTIVE_FILL_NO_ZERO_OVERRIDE,2021,252,0.3198836058412593,-0.29119325533403684,0.9717654503444011,1.403259075850138,1.0985268373551815,1.1731304955543256
LEGACY_GROSS100,EARLY1_LEGACY_LIQ,SAME_DAY_GROSS,ALL20,SELECTIVE_FILL_NO_ZERO_OVERRIDE,2022,251,-0.06518223069108575,-0.13695950743242757,-0.2680551570598522,-0.34825066532577037,-0.4759233726307394,0.9298701632173879
LEGACY_GROSS100,EARLY1_LEGACY_LIQ,SAME_DAY_GROSS,ALL20,SELECTIVE_FILL_NO_ZERO_OVERRIDE,2023,250,0.6644640258206875,-0.1311591838374354,2.26856988524958,3.466132156011087,5.066088445962382,1.518496725492493
LEGACY_GROSS100,EARLY1_LEGACY_LIQ,SAME_DAY_GROSS,ALL20,SELECTIVE_FILL_NO_ZERO_OVERRIDE,2024,252,0.6432017677203936,-0.21487059353643356,1.6102090623795442,2.386054299769391,2.993437850821276,1.3271428920930093
LEGACY_GROSS100,EARLY1_LEGACY_LIQ,SAME_DAY_GROSS,ALL20,SELECTIVE_FILL_NO_ZERO_OVERRIDE,2025,250,0.7523337271767538,-0.13405294960260983,2.0705402749737245,3.3620344372600597,5.612213154630258,1.4557872875955515
LEGACY_GROSS100,EARLY1_LEGACY_LIQ,SAME_DAY_GROSS,ALL20,SELECTIVE_FILL_NO_ZERO_OVERRIDE,2026,54,-0.3009540842664141,-0.20320150753778654,-0.7121793298743428,-0.9466728187017917,-1.4810622613636364,0.883442813724422
LEGACY_GROSS100,EARLY1_LEGACY_LIQ,LAG1_GROSS,BASE,NATIVE_NO_FILL,FULL,2568,0.48938523167276626,-0.2941732034904152,1.5324234097114522,2.3264047658354623,1.6635955480177225,1.3434491715460057
LEGACY_GROSS100,EARLY1_LEGACY_LIQ,LAG1_GROSS,BASE,NATIVE_NO_FILL,2016_2020,1259,0.5616312687685054,-0.2586372081108156,1.7125499042268197,2.7038818941759817,2.1715022091015967,1.4079507048877875
LEGACY_GROSS100,EARLY1_LEGACY_LIQ,LAG1_GROSS,BASE,NATIVE_NO_FILL,2021_2025,1255,0.461993135827085,-0.2941732034904152,1.4768425162528618,2.188191680495791,1.5704800109100956,1.3180890436403436
LEGACY_GROSS100,EARLY1_LEGACY_LIQ,LAG1_GROSS,BASE,NATIVE_NO_FILL,2022_2025,1003,0.47692494534214624,-0.20037595569727962,1.5932524243995514,2.375527342386878,2.380150570873216,1.3629305524992676
LEGACY_GROSS100,EARLY1_LEGACY_LIQ,LAG1_GROSS,BASE,NATIVE_NO_FILL,2022_2026_AVAILABLE,1057,0.42762411882936036,-0.20037595569727962,1.4329767435102274,2.10860825543267,2.134108942069869,1.3191583706406358
LEGACY_GROSS100,EARLY1_LEGACY_LIQ,LAG1_GROSS,BASE,NATIVE_NO_FILL,2016,252,0.3294900882556264,-0.14170116847052383,1.5846271296570469,2.4234491701062657,2.325246092266104,1.3440344870645669
LEGACY_GROSS100,EARLY1_LEGACY_LIQ,LAG1_GROSS,BASE,NATIVE_NO_FILL,2017,251,0.37439734809683545,-0.13022917433436088,1.8292556590891043,2.6334053359354423,2.874911478249701,1.3415141974011293
LEGACY_GROSS100,EARLY1_LEGACY_LIQ,LAG1_GROSS,BASE,NATIVE_NO_FILL,2018,251,0.3768012164642296,-0.2392102712047448,1.1220290201320038,1.6948094128121505,1.5751882833731583,1.2554845480100094
LEGACY_GROSS100,EARLY1_LEGACY_LIQ,LAG1_GROSS,BASE,NATIVE_NO_FILL,2019,252,0.4175204672046098,-0.12150223258084558,1.662283850331069,2.6253274401105924,3.43631930324242,1.3537871504993106
LEGACY_GROSS100,EARLY1_LEGACY_LIQ,LAG1_GROSS,BASE,NATIVE_NO_FILL,2020,253,1.596456751477937,-0.2586372081108155,2.525854931090701,4.2348449664188825,6.172571855144371,1.6635859489437403
LEGACY_GROSS100,EARLY1_LEGACY_LIQ,LAG1_GROSS,BASE,NATIVE_NO_FILL,2021,252,0.4040433794633891,-0.2941732034904152,1.153242565530954,1.6869771258585742,1.373488049452994,1.2086471410267667
LEGACY_GROSS100,EARLY1_LEGACY_LIQ,LAG1_GROSS,BASE,NATIVE_NO_FILL,2022,251,-0.03680636424271988,-0.13469845383450807,-0.11422956818405584,-0.15052311402769306,-0.27325008710152354,0.9697635565387952
LEGACY_GROSS100,EARLY1_LEGACY_LIQ,LAG1_GROSS,BASE,NATIVE_NO_FILL,2023,250,0.6812190882526126,-0.13296358469836245,2.3288498412904404,3.5503598967596206,5.123350801634956,1.5368375870378745
LEGACY_GROSS100,EARLY1_LEGACY_LIQ,LAG1_GROSS,BASE,NATIVE_NO_FILL,2024,252,0.76381468663079,-0.20037595569727895,1.8216805906200462,2.7176829151189703,3.811907890708877,1.3761637921671726
LEGACY_GROSS100,EARLY1_LEGACY_LIQ,LAG1_GROSS,BASE,NATIVE_NO_FILL,2025,250,0.6663593213322707,-0.12564646557704295,1.963995771672006,3.059330133948197,5.303446605298082,1.4176373836416187
LEGACY_GROSS100,EARLY1_LEGACY_LIQ,LAG1_GROSS,BASE,NATIVE_NO_FILL,2026,54,-0.2401156064970542,-0.1938496329436492,-0.5054256634247738,-0.6745441792564831,-1.2386693895203515,0.9162671449351907
LEGACY_GROSS100,EARLY1_LEGACY_LIQ,LAG1_GROSS,ALL5,NATIVE_NO_FILL,FULL,2568,0.4818675966959576,-0.2947466989153015,1.5148224286820084,2.297790070990517,1.6348532433756866,1.3388008767873671
LEGACY_GROSS100,EARLY1_LEGACY_LIQ,LAG1_GROSS,ALL5,NATIVE_NO_FILL,2016_2020,1259,0.554099035030116,-0.2600753574885044,1.695361333658439,2.6744819494266574,2.130532628623255,1.40301138635574
LEGACY_GROSS100,EARLY1_LEGACY_LIQ,LAG1_GROSS,ALL5,NATIVE_NO_FILL,2021_2025,1255,0.45465132543743225,-0.2947466989153008,1.4593616674881733,2.16053348189795,1.5425154110651536,1.3136658830515557
LEGACY_GROSS100,EARLY1_LEGACY_LIQ,LAG1_GROSS,ALL5,NATIVE_NO_FILL,2022_2025,1003,0.4703840996165747,-0.20191796105115378,1.5768411843473589,2.3492762893681,2.329580276899725,1.3584427647817408
LEGACY_GROSS100,EARLY1_LEGACY_LIQ,LAG1_GROSS,ALL5,NATIVE_NO_FILL,2022_2026_AVAILABLE,1057,0.42083159192150177,-0.20191796105115378,1.4157873910037462,2.0816889931178366,2.0841711640248217,1.3146830588093814
LEGACY_GROSS100,EARLY1_LEGACY_LIQ,LAG1_GROSS,ALL5,NATIVE_NO_FILL,2016,252,0.3214654340376757,-0.14347288694559357,1.553078560683657,2.371225111638286,2.240600582321723,1.3359803466214895
LEGACY_GROSS100,EARLY1_LEGACY_LIQ,LAG1_GROSS,ALL5,NATIVE_NO_FILL,2017,251,0.3647458904045857,-0.13114936106553876,1.7908068974389595,2.5735863728979615,2.78114881720478,1.3334342494385096
LEGACY_GROSS100,EARLY1_LEGACY_LIQ,LAG1_GROSS,ALL5,NATIVE_NO_FILL,2018,251,0.37084677728119764,-0.23963669354656647,1.1091435535158032,1.6740960685208726,1.547537531889432,1.2521002934877126
LEGACY_GROSS100,EARLY1_LEGACY_LIQ,LAG1_GROSS,ALL5,NATIVE_NO_FILL,2019,252,0.4131963102725369,-0.12242420972811174,1.648638213968946,2.602238150648405,3.3751192773895964,1.3501948295172301
LEGACY_GROSS100,EARLY1_LEGACY_LIQ,LAG1_GROSS,ALL5,NATIVE_NO_FILL,2020,253,1.5868790926018876,-0.2600753574885051,2.51627933216972,4.216145168556595,6.10161265537057,1.6600980270590997
LEGACY_GROSS100,EARLY1_LEGACY_LIQ,LAG1_GROSS,ALL5,NATIVE_NO_FILL,2021,252,0.3936831214711325,-0.2947466989153008,1.1320236790538436,1.6543775771385723,1.3356659223663174,1.2043756714401868
LEGACY_GROSS100,EARLY1_LEGACY_LIQ,LAG1_GROSS,ALL5,NATIVE_NO_FILL,2022,251,-0.04108810272192709,-0.13553341540313613,-0.13877635125351534,-0.18272254077630534,-0.30315846907357097,0.9634360094337615
LEGACY_GROSS100,EARLY1_LEGACY_LIQ,LAG1_GROSS,ALL5,NATIVE_NO_FILL,2023,250,0.6754585837517875,-0.13367179061602985,2.3147083973796545,3.5268930175063775,5.053112407927801,1.532796391556584
LEGACY_GROSS100,EARLY1_LEGACY_LIQ,LAG1_GROSS,ALL5,NATIVE_NO_FILL,2024,252,0.7534151507610594,-0.20191796105115367,1.804603919157229,2.6901659861022114,3.731293376968035,1.3719146729293958
LEGACY_GROSS100,EARLY1_LEGACY_LIQ,LAG1_GROSS,ALL5,NATIVE_NO_FILL,2025,250,0.6598047721006881,-0.12588553068853292,1.9501546868417952,3.0350160188600688,5.241307467918476,1.414091359243794
LEGACY_GROSS100,EARLY1_LEGACY_LIQ,LAG1_GROSS,ALL5,NATIVE_NO_FILL,2026,54,-0.24836289575471426,-0.19512793013599172,-0.5333412931192245,-0.7110769348996341,-1.2728208390342743,0.9118044971428665
LEGACY_GROSS100,EARLY1_LEGACY_LIQ,LAG1_GROSS,ALL10,NATIVE_NO_FILL,FULL,2568,0.4691294050461956,-0.2956692711124438,1.4849592981041808,2.248839025325041,1.5866694678182653,1.3309187298067455
LEGACY_GROSS100,EARLY1_LEGACY_LIQ,LAG1_GROSS,ALL10,NATIVE_NO_FILL,2016_2020,1259,0.5408420115826458,-0.26230838076969565,1.6653215173046307,2.622282311357112,2.0618556296052932,1.394326526453284
LEGACY_GROSS100,EARLY1_LEGACY_LIQ,LAG1_GROSS,ALL10,NATIVE_NO_FILL,2021_2025,1255,0.44255606927547086,-0.29566927111244334,1.4303838193076786,2.1145507723998724,1.4967942647890735,1.3064046748015952
LEGACY_GROSS100,EARLY1_LEGACY_LIQ,LAG1_GROSS,ALL10,NATIVE_NO_FILL,2022_2025,1003,0.4598167747930675,-0.20511119522613197,1.550182953453162,2.3063976256270573,2.2417926739012293,1.3512360068496283
LEGACY_GROSS100,EARLY1_LEGACY_LIQ,LAG1_GROSS,ALL10,NATIVE_NO_FILL,2022_2026_AVAILABLE,1057,0.40993197064790543,-0.20511119522613197,1.388021531714334,2.038025728506383,1.9985840860415331,1.307489404829201
LEGACY_GROSS100,EARLY1_LEGACY_LIQ,LAG1_GROSS,ALL10,NATIVE_NO_FILL,2016,252,0.3093076796793146,-0.1460982315792776,1.5051666718314,2.2913630514006718,2.1171213117078307,1.3237557209331048
LEGACY_GROSS100,EARLY1_LEGACY_LIQ,LAG1_GROSS,ALL10,NATIVE_NO_FILL,2017,251,0.35041189688984176,-0.1320688333174218,1.733102058578681,2.483528495618244,2.6532520056994953,1.3213425747877192
LEGACY_GROSS100,EARLY1_LEGACY_LIQ,LAG1_GROSS,ALL10,NATIVE_NO_FILL,2018,251,0.3597691593466914,-0.24086529107400423,1.0851784494646441,1.6356460806939472,1.493652978154311,1.2458229625469968
LEGACY_GROSS100,EARLY1_LEGACY_LIQ,LAG1_GROSS,ALL10,NATIVE_NO_FILL,2019,252,0.4045984949152639,-0.12382558420360101,1.6214256855670222,2.5554662659993412,3.267487066727666,1.3431317575117026
LEGACY_GROSS100,EARLY1_LEGACY_LIQ,LAG1_GROSS,ALL10,NATIVE_NO_FILL,2020,253,1.5641573860431754,-0.2623083807696954,2.494781112718232,4.172701446602936,5.963047697726793,1.6522680384265382
LEGACY_GROSS100,EARLY1_LEGACY_LIQ,LAG1_GROSS,ALL10,NATIVE_NO_FILL,2021,252,0.37585480614833333,-0.29566927111244334,1.095142224573585,1.5978164918094426,1.2712000971023985,1.1970017968275886
LEGACY_GROSS100,EARLY1_LEGACY_LIQ,LAG1_GROSS,ALL10,NATIVE_NO_FILL,2022,251,-0.046859051563087895,-0.13786624780610213,-0.1721579232831648,-0.22637653702759186,-0.33988777027566175,0.9549079986542856
LEGACY_GROSS100,EARLY1_LEGACY_LIQ,LAG1_GROSS,ALL10,NATIVE_NO_FILL,2023,250,0.6643002288987852,-0.13463965567651637,2.2874396082854846,3.4818438663886293,4.9339121194340025,1.52521405695402
LEGACY_GROSS100,EARLY1_LEGACY_LIQ,LAG1_GROSS,ALL10,NATIVE_NO_FILL,2024,252,0.7360226036046091,-0.20511119522613164,1.7755836158386835,2.6430234863451747,3.5884077550869744,1.364717876767563
LEGACY_GROSS100,EARLY1_LEGACY_LIQ,LAG1_GROSS,ALL10,NATIVE_NO_FILL,2025,250,0.6496345033763504,-0.12625565786091286,1.928619520971099,2.996977117950195,5.145389239443098,1.4085059101702075
LEGACY_GROSS100,EARLY1_LEGACY_LIQ,LAG1_GROSS,ALL10,NATIVE_NO_FILL,2026,54,-0.26086105723267927,-0.1968083806111377,-0.5760879873794323,-0.7668193502312409,-1.3254570583968146,0.9051187852208089
LEGACY_GROSS100,EARLY1_LEGACY_LIQ,LAG1_GROSS,ALL20,NATIVE_NO_FILL,FULL,2568,0.44396703507805757,-0.2975118060590368,1.4250461092568227,2.1510675157514036,1.4922669488617164,1.315286033569652
LEGACY_GROSS100,EARLY1_LEGACY_LIQ,LAG1_GROSS,ALL20,NATIVE_NO_FILL,2016_2020,1259,0.5146521596138138,-0.26675645255595737,1.6050488975533082,2.518055111058411,1.9292960102093706,1.3771157794660087
LEGACY_GROSS100,EARLY1_LEGACY_LIQ,LAG1_GROSS,ALL20,NATIVE_NO_FILL,2021_2025,1255,0.4186537687806313,-0.2975118060590368,1.3722335407991226,2.0226593443352145,1.407183715921363,1.2919947159420728
LEGACY_GROSS100,EARLY1_LEGACY_LIQ,LAG1_GROSS,ALL20,NATIVE_NO_FILL,2022_2025,1003,0.4388989680557851,-0.21146377684509687,1.4966827924978514,2.2206739571836596,2.075527897041633,1.336919788875031
LEGACY_GROSS100,EARLY1_LEGACY_LIQ,LAG1_GROSS,ALL20,NATIVE_NO_FILL,2022_2026_AVAILABLE,1057,0.38837184871508357,-0.21146377684509687,1.3323212520621717,1.9507724706103113,1.8365880649127762,1.2931997407157065
LEGACY_GROSS100,EARLY1_LEGACY_LIQ,LAG1_GROSS,ALL20,NATIVE_NO_FILL,2016,252,0.28531359875551154,-0.15132806529680765,1.4088886743692082,2.132207505461065,1.8853977825984298,1.299696367968009
LEGACY_GROSS100,EARLY1_LEGACY_LIQ,LAG1_GROSS,ALL20,NATIVE_NO_FILL,2017,251,0.3221778753216953,-0.13390563587284376,1.6171612378359483,2.304306431120736,2.4060068362442495,1.2973330499400784
LEGACY_GROSS100,EARLY1_LEGACY_LIQ,LAG1_GROSS,ALL20,NATIVE_NO_FILL,2018,251,0.33787009318854166,-0.2433175565560839,1.0371173748441243,1.5588489171763062,1.3885972634722876,1.2333798267378617
LEGACY_GROSS100,EARLY1_LEGACY_LIQ,LAG1_GROSS,ALL20,NATIVE_NO_FILL,2019,252,0.38755203277697925,-0.12662295887126662,1.5668578755870992,2.4618834445845983,3.0606774334738978,1.3291168512741187
LEGACY_GROSS100,EARLY1_LEGACY_LIQ,LAG1_GROSS,ALL20,NATIVE_NO_FILL,2020,253,1.5192854829452593,-0.26675645255595726,2.451650990193883,4.085901969065643,5.695402935479359,1.6367642643169455
LEGACY_GROSS100,EARLY1_LEGACY_LIQ,LAG1_GROSS,ALL20,NATIVE_NO_FILL,2021,252,0.34085858536264735,-0.2975118060590368,1.0211617303139817,1.484910317588397,1.1456976779436074,1.182393218327503
LEGACY_GROSS100,EARLY1_LEGACY_LIQ,LAG1_GROSS,ALL20,NATIVE_NO_FILL,2022,251,-0.05830146084281296,-0.14251488914004207,-0.23903158527640114,-0.3134779787223159,-0.40909031466546,0.9381146438474736
LEGACY_GROSS100,EARLY1_LEGACY_LIQ,LAG1_GROSS,ALL20,NATIVE_NO_FILL,2023,250,0.6421949173845212,-0.13657257383983257,2.232552219276062,3.391546474535792,4.7022246072455545,1.5099186979995087
LEGACY_GROSS100,EARLY1_LEGACY_LIQ,LAG1_GROSS,ALL20,NATIVE_NO_FILL,2024,252,0.7017342463333724,-0.21146377684509698,1.7174000320291385,2.5488597654832823,3.3184607633647443,1.3504674996708426
LEGACY_GROSS100,EARLY1_LEGACY_LIQ,LAG1_GROSS,ALL20,NATIVE_NO_FILL,2025,250,0.6294702937297894,-0.12699553882567427,1.8853726120801289,2.9209107637108986,4.95663311916695,1.397408535801493
LEGACY_GROSS100,EARLY1_LEGACY_LIQ,LAG1_GROSS,ALL20,NATIVE_NO_FILL,2026,54,-0.2852526578362752,-0.20016061944015584,-0.6615236703333218,-0.8776543416122602,-1.4251187802781566,0.8919419499580096
LEGACY_GROSS100,EARLY1_LEGACY_LIQ,LAG1_GROSS,BASE,SELECTIVE_FILL_NO_ZERO_OVERRIDE,FULL,2568,0.4893629481655599,-0.29041761073794714,1.5183855780012705,2.297876635269972,1.6850319335735027,1.3407769288671894
LEGACY_GROSS100,EARLY1_LEGACY_LIQ,LAG1_GROSS,BASE,SELECTIVE_FILL_NO_ZERO_OVERRIDE,2016_2020,1259,0.5631788271090876,-0.2643627289255175,1.7057080451875,2.6821748826680745,2.130326121984312,1.405436507254876
LEGACY_GROSS100,EARLY1_LEGACY_LIQ,LAG1_GROSS,BASE,SELECTIVE_FILL_NO_ZERO_OVERRIDE,2021_2025,1255,0.46049642771746235,-0.29041761073794714,1.454161655624982,2.1494440169536313,1.5856353426617185,1.3148039769838509
LEGACY_GROSS100,EARLY1_LEGACY_LIQ,LAG1_GROSS,BASE,SELECTIVE_FILL_NO_ZERO_OVERRIDE,2022_2025,1003,0.4684977110444615,-0.2011868198338288,1.5418335159332626,2.288674955138734,2.328669996530684,1.3529065127342237
LEGACY_GROSS100,EARLY1_LEGACY_LIQ,LAG1_GROSS,BASE,SELECTIVE_FILL_NO_ZERO_OVERRIDE,2022_2026_AVAILABLE,1057,0.41989322183839284,-0.2011868198338288,1.3896725051401062,2.0379923402758022,2.087081162599049,1.3108269370562322
LEGACY_GROSS100,EARLY1_LEGACY_LIQ,LAG1_GROSS,BASE,SELECTIVE_FILL_NO_ZERO_OVERRIDE,2016,252,0.32221435806318466,-0.14157585209734191,1.5316532257696245,2.3042670517876593,2.2759132527886385,1.334658764429608
LEGACY_GROSS100,EARLY1_LEGACY_LIQ,LAG1_GROSS,BASE,SELECTIVE_FILL_NO_ZERO_OVERRIDE,2017,251,0.37190247689838873,-0.1343668815041138,1.7706367970951387,2.5048857954514383,2.767813561908129,1.3332271949272414
LEGACY_GROSS100,EARLY1_LEGACY_LIQ,LAG1_GROSS,BASE,SELECTIVE_FILL_NO_ZERO_OVERRIDE,2018,251,0.33183254071704926,-0.2643627289255176,1.0191370529801937,1.530993238052299,1.2552168078524444,1.2280767294117696
LEGACY_GROSS100,EARLY1_LEGACY_LIQ,LAG1_GROSS,BASE,SELECTIVE_FILL_NO_ZERO_OVERRIDE,2019,252,0.4359477023079117,-0.11938392352935678,1.7117906683817719,2.7102360028586845,3.651644957042404,1.3659030394970433
LEGACY_GROSS100,EARLY1_LEGACY_LIQ,LAG1_GROSS,BASE,SELECTIVE_FILL_NO_ZERO_OVERRIDE,2020,253,1.6816301266170015,-0.24816109880089787,2.6008101664737113,4.375558962362426,6.776364767655184,1.6889680767136144
LEGACY_GROSS100,EARLY1_LEGACY_LIQ,LAG1_GROSS,BASE,SELECTIVE_FILL_NO_ZERO_OVERRIDE,2021,252,0.4290797931531978,-0.29041761073794714,1.2052597769375621,1.766347108856498,1.4774578995499341,1.2193889982800596
LEGACY_GROSS100,EARLY1_LEGACY_LIQ,LAG1_GROSS,BASE,SELECTIVE_FILL_NO_ZERO_OVERRIDE,2022,251,-0.09259411110818871,-0.14355684171891325,-0.3979465794746352,-0.5010526000453122,-0.6449996391637646,0.8956621702606815
LEGACY_GROSS100,EARLY1_LEGACY_LIQ,LAG1_GROSS,BASE,SELECTIVE_FILL_NO_ZERO_OVERRIDE,2023,250,0.6696854748049099,-0.14350057444928344,2.2667182724841366,3.460952856067764,4.666779052104721,1.5183882849633281
LEGACY_GROSS100,EARLY1_LEGACY_LIQ,LAG1_GROSS,BASE,SELECTIVE_FILL_NO_ZERO_OVERRIDE,2024,252,0.76381468663079,-0.20037595569727895,1.8216805906200462,2.7176829151189703,3.811907890708877,1.3761637921671726
LEGACY_GROSS100,EARLY1_LEGACY_LIQ,LAG1_GROSS,BASE,SELECTIVE_FILL_NO_ZERO_OVERRIDE,2025,250,0.7410190692907246,-0.14075208421775687,2.0477874382840198,3.2401374601981847,5.264711165088665,1.4515130131042389
LEGACY_GROSS100,EARLY1_LEGACY_LIQ,LAG1_GROSS,BASE,SELECTIVE_FILL_NO_ZERO_OVERRIDE,2026,54,-0.2401156064970542,-0.1938496329436492,-0.5054256634247738,-0.6745441792564831,-1.2386693895203515,0.9162671449351907
LEGACY_GROSS100,EARLY1_LEGACY_LIQ,LAG1_GROSS,ALL5,SELECTIVE_FILL_NO_ZERO_OVERRIDE,FULL,2568,0.4818452423244106,-0.29099418248998266,1.500980605858619,2.2696722642317115,1.6558586780029456,1.3361811965329349
LEGACY_GROSS100,EARLY1_LEGACY_LIQ,LAG1_GROSS,ALL5,SELECTIVE_FILL_NO_ZERO_OVERRIDE,2016_2020,1259,0.5556395669606187,-0.26477587545430026,1.688652318648807,2.65311286973754,2.0985279191590127,1.4005611106204598
LEGACY_GROSS100,EARLY1_LEGACY_LIQ,LAG1_GROSS,ALL5,SELECTIVE_FILL_NO_ZERO_OVERRIDE,2021_2025,1255,0.45316135517845746,-0.2909941824899819,1.4369469739241767,2.1222857495425878,1.5572866484850039,1.310429878258185
LEGACY_GROSS100,EARLY1_LEGACY_LIQ,LAG1_GROSS,ALL5,SELECTIVE_FILL_NO_ZERO_OVERRIDE,2022_2025,1003,0.46199318415346213,-0.20191796105115356,1.5257780255817741,2.263141374618035,2.288024214133291,1.3485074177429304
LEGACY_GROSS100,EARLY1_LEGACY_LIQ,LAG1_GROSS,ALL5,SELECTIVE_FILL_NO_ZERO_OVERRIDE,2022_2026_AVAILABLE,1057,0.4131365581889519,-0.20191796105115356,1.3728219716378107,2.011724803714174,2.0460614600020084,1.3064313852383396
LEGACY_GROSS100,EARLY1_LEGACY_LIQ,LAG1_GROSS,ALL5,SELECTIVE_FILL_NO_ZERO_OVERRIDE,2016,252,0.3142311478957944,-0.14334781307996258,1.5006003176353035,2.253797865925905,2.1920888860753625,1.3267352215830308
LEGACY_GROSS100,EARLY1_LEGACY_LIQ,LAG1_GROSS,ALL5,SELECTIVE_FILL_NO_ZERO_OVERRIDE,2017,251,0.36227076545265713,-0.1352815504242605,1.733417545055864,2.448131936480047,2.677902229214028,1.3253469561135536
LEGACY_GROSS100,EARLY1_LEGACY_LIQ,LAG1_GROSS,ALL5,SELECTIVE_FILL_NO_ZERO_OVERRIDE,2018,251,0.3260711090032842,-0.26477587545430037,1.0063040306413469,1.51058328966769,1.2314985587105092,1.224812989823161
LEGACY_GROSS100,EARLY1_LEGACY_LIQ,LAG1_GROSS,ALL5,SELECTIVE_FILL_NO_ZERO_OVERRIDE,2019,252,0.43156839271476555,-0.11969849207522254,1.6982358174147363,2.6871624953142033,3.605462234591506,1.3622911202593806
LEGACY_GROSS100,EARLY1_LEGACY_LIQ,LAG1_GROSS,ALL5,SELECTIVE_FILL_NO_ZERO_OVERRIDE,2020,253,1.6717436779945047,-0.2496203317616048,2.5912555706269584,4.356817351348253,6.697145485693337,1.6854849187106384
LEGACY_GROSS100,EARLY1_LEGACY_LIQ,LAG1_GROSS,ALL5,SELECTIVE_FILL_NO_ZERO_OVERRIDE,2021,252,0.41853488361187074,-0.2909941824899819,1.184026442669074,1.733592820229236,1.4382929584040043,1.2150713619852225
LEGACY_GROSS100,EARLY1_LEGACY_LIQ,LAG1_GROSS,ALL5,SELECTIVE_FILL_NO_ZERO_OVERRIDE,2022,251,-0.0966313174253648,-0.14390923955343515,-0.4208607474026914,-0.5295130400843742,-0.6714740326974243,0.890116877438129
LEGACY_GROSS100,EARLY1_LEGACY_LIQ,LAG1_GROSS,ALL5,SELECTIVE_FILL_NO_ZERO_OVERRIDE,2023,250,0.6639620233042409,-0.14420147999470956,2.2527266676365,3.4376116913862087,4.604405054154785,1.5143807922453578
LEGACY_GROSS100,EARLY1_LEGACY_LIQ,LAG1_GROSS,ALL5,SELECTIVE_FILL_NO_ZERO_OVERRIDE,2024,252,0.7534151507610594,-0.20191796105115367,1.804603919157229,2.6901659861022114,3.731293376968035,1.3719146729293958
LEGACY_GROSS100,EARLY1_LEGACY_LIQ,LAG1_GROSS,ALL5,SELECTIVE_FILL_NO_ZERO_OVERRIDE,2025,250,0.7341753235227517,-0.14098709121388053,2.0345444483941737,3.2163426995817024,5.20739393373959,1.4479380086292128
LEGACY_GROSS100,EARLY1_LEGACY_LIQ,LAG1_GROSS,ALL5,SELECTIVE_FILL_NO_ZERO_OVERRIDE,2026,54,-0.24836289575471426,-0.19512793013599172,-0.5333412931192245,-0.7110769348996341,-1.2728208390342743,0.9118044971428665
LEGACY_GROSS100,EARLY1_LEGACY_LIQ,LAG1_GROSS,ALL10,SELECTIVE_FILL_NO_ZERO_OVERRIDE,FULL,2568,0.4682645480796488,-0.2919941503336215,1.4694441455026748,2.2182274920544423,1.6036778392465305,1.3278900041638821
LEGACY_GROSS100,EARLY1_LEGACY_LIQ,LAG1_GROSS,ALL10,SELECTIVE_FILL_NO_ZERO_OVERRIDE,2016_2020,1259,0.5414842214231765,-0.2659644879094861,1.656764113841245,2.598130346747545,2.035926772327049,1.3914480297067167
LEGACY_GROSS100,EARLY1_LEGACY_LIQ,LAG1_GROSS,ALL10,SELECTIVE_FILL_NO_ZERO_OVERRIDE,2021_2025,1255,0.44021674696509794,-0.2919941503336214,1.4063481827100313,2.0738585117676873,1.5076218015399385,1.3027451319506662
LEGACY_GROSS100,EARLY1_LEGACY_LIQ,LAG1_GROSS,ALL10,SELECTIVE_FILL_NO_ZERO_OVERRIDE,2022_2025,1003,0.4505980070572282,-0.20511119522613108,1.4974530602090552,2.217803609620526,2.1968474541843155,1.340848276692508
LEGACY_GROSS100,EARLY1_LEGACY_LIQ,LAG1_GROSS,ALL10,SELECTIVE_FILL_NO_ZERO_OVERRIDE,2022_2026_AVAILABLE,1057,0.4014817347356001,-0.20511119522613108,1.3435316446761243,1.9658457033106196,1.9573857696698338,1.2988391347141277
LEGACY_GROSS100,EARLY1_LEGACY_LIQ,LAG1_GROSS,ALL10,SELECTIVE_FILL_NO_ZERO_OVERRIDE,2016,252,0.30037324213869376,-0.14629598765844787,1.4461634883960617,2.164753666281403,2.053188518334246,1.3129625411557635
LEGACY_GROSS100,EARLY1_LEGACY_LIQ,LAG1_GROSS,ALL10,SELECTIVE_FILL_NO_ZERO_OVERRIDE,2017,251,0.34737797351180455,-0.136514315175859,1.6753563231581194,2.3593948487399277,2.544626715991719,1.313122920372099
LEGACY_GROSS100,EARLY1_LEGACY_LIQ,LAG1_GROSS,ALL10,SELECTIVE_FILL_NO_ZERO_OVERRIDE,2018,251,0.31529348979763094,-0.2659644879094861,0.982282279655188,1.4724881491616417,1.1854721368099812,1.2187220301689248
LEGACY_GROSS100,EARLY1_LEGACY_LIQ,LAG1_GROSS,ALL10,SELECTIVE_FILL_NO_ZERO_OVERRIDE,2019,252,0.42233925447508125,-0.12023315746005314,1.6696633289255884,2.6378123780648313,3.5126687462682775,1.3548417391411558
LEGACY_GROSS100,EARLY1_LEGACY_LIQ,LAG1_GROSS,ALL10,SELECTIVE_FILL_NO_ZERO_OVERRIDE,2020,253,1.6465199409392306,-0.25211134234842136,2.568011762957639,4.310232428559578,6.530923700623185,1.6770927689848578
LEGACY_GROSS100,EARLY1_LEGACY_LIQ,LAG1_GROSS,ALL10,SELECTIVE_FILL_NO_ZERO_OVERRIDE,2021,252,0.3996287879352758,-0.2919941503336214,1.145574598477711,1.6744237562282684,1.3686191571943311,1.2073200141612348
LEGACY_GROSS100,EARLY1_LEGACY_LIQ,LAG1_GROSS,ALL10,SELECTIVE_FILL_NO_ZERO_OVERRIDE,2022,251,-0.10246587320337386,-0.1447295261449313,-0.45416542322603665,-0.5706311030317199,-0.7079818191401052,0.8820588759234013
LEGACY_GROSS100,EARLY1_LEGACY_LIQ,LAG1_GROSS,ALL10,SELECTIVE_FILL_NO_ZERO_OVERRIDE,2023,250,0.651783658612078,-0.14545361033934012,2.222847615056615,3.3880116099828395,4.481041461201828,1.5060174231155405
LEGACY_GROSS100,EARLY1_LEGACY_LIQ,LAG1_GROSS,ALL10,SELECTIVE_FILL_NO_ZERO_OVERRIDE,2024,252,0.7360226036046091,-0.20511119522613164,1.7755836158386835,2.6430234863451747,3.5884077550869744,1.364717876767563
LEGACY_GROSS100,EARLY1_LEGACY_LIQ,LAG1_GROSS,ALL10,SELECTIVE_FILL_NO_ZERO_OVERRIDE,2025,250,0.721229228906531,-0.1416811315836879,2.0094855643305953,3.1710295996861295,5.090510083062944,1.441109074762762
LEGACY_GROSS100,EARLY1_LEGACY_LIQ,LAG1_GROSS,ALL10,SELECTIVE_FILL_NO_ZERO_OVERRIDE,2026,54,-0.26086105723267927,-0.1968083806111377,-0.5760879873794323,-0.7668193502312409,-1.3254570583968146,0.9051187852208089
LEGACY_GROSS100,EARLY1_LEGACY_LIQ,LAG1_GROSS,ALL20,SELECTIVE_FILL_NO_ZERO_OVERRIDE,FULL,2568,0.4414609637944542,-0.29399090869864264,1.406183332885441,2.115520626810445,1.5016143381732145,1.3114422929897833
LEGACY_GROSS100,EARLY1_LEGACY_LIQ,LAG1_GROSS,ALL20,SELECTIVE_FILL_NO_ZERO_OVERRIDE,2016_2020,1259,0.5135434728401993,-0.2683367184168557,1.5927915286364984,2.488391225904315,1.9138024638224123,1.373369330620582
LEGACY_GROSS100,EARLY1_LEGACY_LIQ,LAG1_GROSS,ALL20,SELECTIVE_FILL_NO_ZERO_OVERRIDE,2021_2025,1255,0.41465907017006143,-0.29399090869864275,1.3449562938104846,1.9771328532348436,1.41044861559005,1.287500564542337
LEGACY_GROSS100,EARLY1_LEGACY_LIQ,LAG1_GROSS,ALL20,SELECTIVE_FILL_NO_ZERO_OVERRIDE,2022_2025,1003,0.4280621818339341,-0.21146377684509687,1.4406236389381053,2.1272266533294144,2.024281360242145,1.3256483968856585
LEGACY_GROSS100,EARLY1_LEGACY_LIQ,LAG1_GROSS,ALL20,SELECTIVE_FILL_NO_ZERO_OVERRIDE,2022_2026_AVAILABLE,1057,0.3784478725522391,-0.21146377684509687,1.2847867109287008,1.8742194515631814,1.7896581542164678,1.2837714513322531
LEGACY_GROSS100,EARLY1_LEGACY_LIQ,LAG1_GROSS,ALL20,SELECTIVE_FILL_NO_ZERO_OVERRIDE,2016,252,0.2730788616445943,-0.15216571117577637,1.3369024124228137,1.9877349233946924,1.7946149597996053,1.2857505441076424
LEGACY_GROSS100,EARLY1_LEGACY_LIQ,LAG1_GROSS,ALL20,SELECTIVE_FILL_NO_ZERO_OVERRIDE,2017,251,0.31806230625589316,-0.13897581202250098,1.5586811444771533,2.182801491456206,2.288616282410331,1.2888871608801364
LEGACY_GROSS100,EARLY1_LEGACY_LIQ,LAG1_GROSS,ALL20,SELECTIVE_FILL_NO_ZERO_OVERRIDE,2018,251,0.29398952758961894,-0.2683367184168558,0.9341202121358935,1.3964220949140307,1.0955993250722849,1.206646268637254
LEGACY_GROSS100,EARLY1_LEGACY_LIQ,LAG1_GROSS,ALL20,SELECTIVE_FILL_NO_ZERO_OVERRIDE,2019,252,0.404050561118116,-0.12130218243771818,1.6123380733492447,2.539083183243371,3.330942222128387,1.340061226140225
LEGACY_GROSS100,EARLY1_LEGACY_LIQ,LAG1_GROSS,ALL20,SELECTIVE_FILL_NO_ZERO_OVERRIDE,2020,253,1.5967552251055084,-0.257071186332135,2.521382099549689,4.217170660187269,6.211334875323237,1.6604619396504583
LEGACY_GROSS100,EARLY1_LEGACY_LIQ,LAG1_GROSS,ALL20,SELECTIVE_FILL_NO_ZERO_OVERRIDE,2021,252,0.3625477334965199,-0.29399090869864275,1.068437455926665,1.55632333501644,1.2331936899047167,1.1919551941954785
LEGACY_GROSS100,EARLY1_LEGACY_LIQ,LAG1_GROSS,ALL20,SELECTIVE_FILL_NO_ZERO_OVERRIDE,2022,251,-0.11402689641547692,-0.14647159604075377,-0.5207671016959614,-0.6525168546194916,-0.7784915266694469,0.8661863344193841
LEGACY_GROSS100,EARLY1_LEGACY_LIQ,LAG1_GROSS,ALL20,SELECTIVE_FILL_NO_ZERO_OVERRIDE,2023,250,0.6276816525488971,-0.14795306968587518,2.162746720245463,3.2886490099217927,4.242437509958745,1.4892166551762231
LEGACY_GROSS100,EARLY1_LEGACY_LIQ,LAG1_GROSS,ALL20,SELECTIVE_FILL_NO_ZERO_OVERRIDE,2024,252,0.7017342463333724,-0.21146377684509698,1.7174000320291385,2.5488597654832823,3.3184607633647443,1.3504674996708426
LEGACY_GROSS100,EARLY1_LEGACY_LIQ,LAG1_GROSS,ALL20,SELECTIVE_FILL_NO_ZERO_OVERRIDE,2025,250,0.6956135469997573,-0.14306779645214684,1.9591491008478314,3.0804849868609328,4.862125259840885,1.4275559825042095
LEGACY_GROSS100,EARLY1_LEGACY_LIQ,LAG1_GROSS,ALL20,SELECTIVE_FILL_NO_ZERO_OVERRIDE,2026,54,-0.2852526578362752,-0.20016061944015584,-0.6615236703333218,-0.8776543416122602,-1.4251187802781566,0.8919419499580096
LEGACY_GROSS100,EARLY1_CURRENT_LIQ,SAME_DAY_GROSS,BASE,NATIVE_NO_FILL,FULL,2568,0.49662874207698726,-0.2704227867150488,1.5497598356088365,2.36153016923044,1.8364899944629933,1.3499006529880966
LEGACY_GROSS100,EARLY1_CURRENT_LIQ,SAME_DAY_GROSS,BASE,NATIVE_NO_FILL,2016_2020,1259,0.5554421153451701,-0.2539999910768974,1.7001042276815725,2.6925594155028576,2.1867800584961925,1.406958394958789
LEGACY_GROSS100,EARLY1_CURRENT_LIQ,SAME_DAY_GROSS,BASE,NATIVE_NO_FILL,2021_2025,1255,0.48401904109056226,-0.2704227867150484,1.5300624176867497,2.277870659121156,1.789860414390988,1.3327602079153757
LEGACY_GROSS100,EARLY1_CURRENT_LIQ,SAME_DAY_GROSS,BASE,NATIVE_NO_FILL,2022_2025,1003,0.48973546423044323,-0.19017699367239982,1.6393836397572519,2.457356030732123,2.5751561993564,1.3755845496723378
LEGACY_GROSS100,EARLY1_CURRENT_LIQ,SAME_DAY_GROSS,BASE,NATIVE_NO_FILL,2022_2026_AVAILABLE,1057,0.43759207810506573,-0.20031219547096157,1.4675314316488257,2.1691205610839375,2.1845503568877893,1.3288240984497026
LEGACY_GROSS100,EARLY1_CURRENT_LIQ,SAME_DAY_GROSS,BASE,NATIVE_NO_FILL,2016,252,0.29662753615846005,-0.15632966117484226,1.478777716618299,2.2246731964485797,1.8974488521836288,1.3173501866406685
LEGACY_GROSS100,EARLY1_CURRENT_LIQ,SAME_DAY_GROSS,BASE,NATIVE_NO_FILL,2017,251,0.39028294887393633,-0.1154672716964863,1.9194479250310654,2.7730116476075324,3.380030922526879,1.3595059152831097
LEGACY_GROSS100,EARLY1_CURRENT_LIQ,SAME_DAY_GROSS,BASE,NATIVE_NO_FILL,2018,251,0.2898534778179338,-0.2354388054375407,0.9274318553048537,1.3826591598735274,1.2311202364421983,1.2072731826037564
LEGACY_GROSS100,EARLY1_CURRENT_LIQ,SAME_DAY_GROSS,BASE,NATIVE_NO_FILL,2019,252,0.4606119521142136,-0.12265238822258506,1.80553735045837,2.8956382932596094,3.755425872982692,1.3866452546780057
LEGACY_GROSS100,EARLY1_CURRENT_LIQ,SAME_DAY_GROSS,BASE,NATIVE_NO_FILL,2020,253,1.6719420961248441,-0.2539999910768972,2.5820308699292855,4.392901908032226,6.582449428585501,1.6928904885401008
LEGACY_GROSS100,EARLY1_CURRENT_LIQ,SAME_DAY_GROSS,BASE,NATIVE_NO_FILL,2021,252,0.46148333932619967,-0.2704227867150484,1.2495623743313504,1.8360104286134726,1.7065253447464723,1.230224914381187
LEGACY_GROSS100,EARLY1_CURRENT_LIQ,SAME_DAY_GROSS,BASE,NATIVE_NO_FILL,2022,251,-0.03866471211650446,-0.12638315054692018,-0.12901645487208438,-0.17116583164832241,-0.3059324913897447,0.9659125787963675
LEGACY_GROSS100,EARLY1_CURRENT_LIQ,SAME_DAY_GROSS,BASE,NATIVE_NO_FILL,2023,250,0.6775236578452035,-0.11722948421336388,2.366838265839458,3.634101308349069,5.779464632055145,1.539488543382617
LEGACY_GROSS100,EARLY1_CURRENT_LIQ,SAME_DAY_GROSS,BASE,NATIVE_NO_FILL,2024,252,0.6931161881667958,-0.19017699367240015,1.721958971278503,2.55649286989412,3.6445848405867705,1.3540941988969868
LEGACY_GROSS100,EARLY1_CURRENT_LIQ,SAME_DAY_GROSS,BASE,NATIVE_NO_FILL,2025,250,0.805188850497323,-0.14006432577454975,2.2400715936663764,3.5525931812724707,5.748707574499524,1.4931066518428726
LEGACY_GROSS100,EARLY1_CURRENT_LIQ,SAME_DAY_GROSS,BASE,NATIVE_NO_FILL,2026,54,-0.2582970575762358,-0.20031219547096146,-0.5558895013900812,-0.7437068819083577,-1.2894724505861659,0.907281225821494
LEGACY_GROSS100,EARLY1_CURRENT_LIQ,SAME_DAY_GROSS,ALL5,NATIVE_NO_FILL,FULL,2568,0.48902139335882144,-0.2710218755993796,1.5320484872041145,2.332636230704264,1.804361335325143,1.3452327902628014
LEGACY_GROSS100,EARLY1_CURRENT_LIQ,SAME_DAY_GROSS,ALL5,NATIVE_NO_FILL,2016_2020,1259,0.5478833045265659,-0.2556986756276125,1.6829779048382965,2.6630883365124007,2.1426912094158723,1.4020727014726193
LEGACY_GROSS100,EARLY1_CURRENT_LIQ,SAME_DAY_GROSS,ALL5,NATIVE_NO_FILL,2021_2025,1255,0.4765168158647908,-0.2710218755993796,1.5123201685720051,2.249758572614559,1.7582227073403132,1.3282654533682252
LEGACY_GROSS100,EARLY1_CURRENT_LIQ,SAME_DAY_GROSS,ALL5,NATIVE_NO_FILL,2022_2025,1003,0.48314301299165163,-0.1917067967151549,1.6226035724248982,2.4305145415634413,2.520218486095324,1.3710440193899516
LEGACY_GROSS100,EARLY1_CURRENT_LIQ,SAME_DAY_GROSS,ALL5,NATIVE_NO_FILL,2022_2026_AVAILABLE,1057,0.4307521674000232,-0.20158027620157426,1.4500399458676823,2.141732087228879,2.1368765611238865,1.324300492590159
LEGACY_GROSS100,EARLY1_CURRENT_LIQ,SAME_DAY_GROSS,ALL5,NATIVE_NO_FILL,2016,252,0.28889326617732425,-0.1580702615080326,1.4471683787467333,2.17398391126173,1.827625661026971,1.3094478505586065
LEGACY_GROSS100,EARLY1_CURRENT_LIQ,SAME_DAY_GROSS,ALL5,NATIVE_NO_FILL,2017,251,0.3805756993878644,-0.11640560382169518,1.8804746527505978,2.7118689767977404,3.269393284285634,1.3512762070469433
LEGACY_GROSS100,EARLY1_CURRENT_LIQ,SAME_DAY_GROSS,ALL5,NATIVE_NO_FILL,2018,251,0.28435283444648496,-0.23581309058549216,0.9149267428225861,1.3629749845191845,1.2058399037155874,1.204174873673387
LEGACY_GROSS100,EARLY1_CURRENT_LIQ,SAME_DAY_GROSS,ALL5,NATIVE_NO_FILL,2019,252,0.4561368999675808,-0.123235470641199,1.7912788886644784,2.8706412452632,3.701344244431271,1.3830169362495628
LEGACY_GROSS100,EARLY1_CURRENT_LIQ,SAME_DAY_GROSS,ALL5,NATIVE_NO_FILL,2020,253,1.6611827046768126,-0.2556986756276126,2.5720421765410424,4.372699894589468,6.496641801524541,1.6892628929522924
LEGACY_GROSS100,EARLY1_CURRENT_LIQ,SAME_DAY_GROSS,ALL5,NATIVE_NO_FILL,2021,252,0.4504355996796363,-0.2710218755993796,1.2282876027215903,1.8031471109675894,1.6619898252990593,1.225836861712407
LEGACY_GROSS100,EARLY1_CURRENT_LIQ,SAME_DAY_GROSS,ALL5,NATIVE_NO_FILL,2022,251,-0.042988325328034094,-0.12672346150496538,-0.1539237988254379,-0.20399078256625017,-0.33922941196133355,0.9595114025724185
LEGACY_GROSS100,EARLY1_CURRENT_LIQ,SAME_DAY_GROSS,ALL5,NATIVE_NO_FILL,2023,250,0.671876557851256,-0.11796059277722837,2.352307475753072,3.6098625667667656,5.695771291350767,1.5353140861962484
LEGACY_GROSS100,EARLY1_CURRENT_LIQ,SAME_DAY_GROSS,ALL5,NATIVE_NO_FILL,2024,252,0.6831777317781822,-0.19170679671515511,1.7046794867488266,2.5294326354327015,3.5636594188847273,1.3499970341185992
LEGACY_GROSS100,EARLY1_CURRENT_LIQ,SAME_DAY_GROSS,ALL5,NATIVE_NO_FILL,2025,250,0.7980517506344711,-0.14031844327855802,2.2260437648813243,3.5276832940397522,5.687433041501116,1.4894907234686456
LEGACY_GROSS100,EARLY1_CURRENT_LIQ,SAME_DAY_GROSS,ALL5,NATIVE_NO_FILL,2026,54,-0.2663937027120573,-0.20158027620157426,-0.5836471306335973,-0.780082283805606,-1.3215266281591536,0.9028311875312769
LEGACY_GROSS100,EARLY1_CURRENT_LIQ,SAME_DAY_GROSS,ALL10,NATIVE_NO_FILL,FULL,2568,0.4761587038420172,-0.2719818735352314,1.5020382529221328,2.2832537636814108,1.7507001391412123,1.3372735105254916
LEGACY_GROSS100,EARLY1_CURRENT_LIQ,SAME_DAY_GROSS,ALL10,NATIVE_NO_FILL,2016_2020,1259,0.5346232053395814,-0.2581958642752965,1.6529823901013636,2.6107288928801826,2.0706110333725154,1.393402519636297
LEGACY_GROSS100,EARLY1_CURRENT_LIQ,SAME_DAY_GROSS,ALL10,NATIVE_NO_FILL,2021_2025,1255,0.4641696035109566,-0.2719818735352312,1.483011484859342,2.2030856380147594,1.7066196268069695,1.3208552945043859
LEGACY_GROSS100,EARLY1_CURRENT_LIQ,SAME_DAY_GROSS,ALL10,NATIVE_NO_FILL,2022_2025,1003,0.47246253714639397,-0.1949087438888274,1.5953742267035087,2.38657578790936,2.424019198522353,1.3636590223309912
LEGACY_GROSS100,EARLY1_CURRENT_LIQ,SAME_DAY_GROSS,ALL10,NATIVE_NO_FILL,2022_2026_AVAILABLE,1057,0.41975217064611137,-0.20324688572617833,1.4218030105636046,2.097221660335557,2.0652329758775094,1.3169539576167903
LEGACY_GROSS100,EARLY1_CURRENT_LIQ,SAME_DAY_GROSS,ALL10,NATIVE_NO_FILL,2016,252,0.27712657977386623,-0.1606496294798151,1.398856045444903,2.0957363871822676,1.725037154901661,1.2973879923127138
LEGACY_GROSS100,EARLY1_CURRENT_LIQ,SAME_DAY_GROSS,ALL10,NATIVE_NO_FILL,2017,251,0.36613006550228255,-0.1173432037537967,1.8219110331260675,2.619662698921724,3.1201642173540556,1.3387931280409013
LEGACY_GROSS100,EARLY1_CURRENT_LIQ,SAME_DAY_GROSS,ALL10,NATIVE_NO_FILL,2018,251,0.2740477492652529,-0.2369553598679256,0.8912428083600016,1.3258539275771195,1.1565374567513556,1.1982930262266458
LEGACY_GROSS100,EARLY1_CURRENT_LIQ,SAME_DAY_GROSS,ALL10,NATIVE_NO_FILL,2019,252,0.44740138254563044,-0.12416864114437198,1.763770204576685,2.822060342920746,3.6031753140105067,1.376014857216862
LEGACY_GROSS100,EARLY1_CURRENT_LIQ,SAME_DAY_GROSS,ALL10,NATIVE_NO_FILL,2020,253,1.636660675203356,-0.25819586427529706,2.5500452415478625,4.326967236132189,6.338833814387877,1.6810485969499116
LEGACY_GROSS100,EARLY1_CURRENT_LIQ,SAME_DAY_GROSS,ALL10,NATIVE_NO_FILL,2021,252,0.4316227271360571,-0.2719818735352312,1.191701383036707,1.746706996031409,1.5869540183902984,1.2183574293485964
LEGACY_GROSS100,EARLY1_CURRENT_LIQ,SAME_DAY_GROSS,ALL10,NATIVE_NO_FILL,2022,251,-0.04886652225910526,-0.12727792986665776,-0.18803491964355287,-0.2488021832709799,-0.38393555198690055,0.9508441452114481
LEGACY_GROSS100,EARLY1_CURRENT_LIQ,SAME_DAY_GROSS,ALL10,NATIVE_NO_FILL,2023,250,0.6608457752979109,-0.1189562180372935,2.324494271222588,3.563399129282331,5.555369750328913,1.5275881774491626
LEGACY_GROSS100,EARLY1_CURRENT_LIQ,SAME_DAY_GROSS,ALL10,NATIVE_NO_FILL,2024,252,0.666522211289815,-0.19490874388882717,1.6752758024940748,2.4826700963791093,3.419662956065166,1.342918804418339
LEGACY_GROSS100,EARLY1_CURRENT_LIQ,SAME_DAY_GROSS,ALL10,NATIVE_NO_FILL,2025,250,0.7869986004833389,-0.14070144862793,2.2043825706878475,3.488716560426629,5.593393729473767,1.4836794366642314
LEGACY_GROSS100,EARLY1_CURRENT_LIQ,SAME_DAY_GROSS,ALL10,NATIVE_NO_FILL,2026,54,-0.2786382087163011,-0.20324688572617833,-0.6260589123426267,-0.8354560112644903,-1.3709347020042053,0.896189509559957
LEGACY_GROSS100,EARLY1_CURRENT_LIQ,SAME_DAY_GROSS,ALL20,NATIVE_NO_FILL,FULL,2568,0.4507515715491879,-0.2738992329766826,1.4418209907385406,2.1846095089186175,1.6456839497157736,1.3214584821260926
LEGACY_GROSS100,EARLY1_CURRENT_LIQ,SAME_DAY_GROSS,ALL20,NATIVE_NO_FILL,2016_2020,1259,0.5084283620408105,-0.2631677633228494,1.5927655248830257,2.5061599424579257,1.9319553262193436,1.3762056703318
LEGACY_GROSS100,EARLY1_CURRENT_LIQ,SAME_DAY_GROSS,ALL20,NATIVE_NO_FILL,2021_2025,1255,0.4397705406810053,-0.2738992329766827,1.4242096214569397,2.109811846019168,1.605592450558061,1.3061060783253673
LEGACY_GROSS100,EARLY1_CURRENT_LIQ,SAME_DAY_GROSS,ALL20,NATIVE_NO_FILL,2022_2025,1003,0.45132067998342906,-0.2012790762321457,1.5407473787618224,2.2987425750732027,2.2422632716323543,1.3489849161551355
LEGACY_GROSS100,EARLY1_CURRENT_LIQ,SAME_DAY_GROSS,ALL20,NATIVE_NO_FILL,2022_2026_AVAILABLE,1057,0.3979935760860336,-0.2065715141948028,1.3651779325983457,2.00828604862291,1.9266624328014286,1.3023581271087818
LEGACY_GROSS100,EARLY1_CURRENT_LIQ,SAME_DAY_GROSS,ALL20,NATIVE_NO_FILL,2016,252,0.2539018340205015,-0.16578788657966392,1.3017416891636695,1.9396638327390203,1.5314860407397575,1.273645439231489
LEGACY_GROSS100,EARLY1_CURRENT_LIQ,SAME_DAY_GROSS,ALL20,NATIVE_NO_FILL,2017,251,0.3376744555374247,-0.11921620857565185,1.7042440277315332,2.436193389161527,2.832454240676043,1.3141397461785636
LEGACY_GROSS100,EARLY1_CURRENT_LIQ,SAME_DAY_GROSS,ALL20,NATIVE_NO_FILL,2018,251,0.253673722932527,-0.23923570813827233,0.8437044687222529,1.2516692178948012,1.0603505843948255,1.18660441175573
LEGACY_GROSS100,EARLY1_CURRENT_LIQ,SAME_DAY_GROSS,ALL20,NATIVE_NO_FILL,2019,252,0.430078947474402,-0.12674158285177728,1.7086343912186255,2.724948400846685,3.3933531347590478,1.361983288856697
LEGACY_GROSS100,EARLY1_CURRENT_LIQ,SAME_DAY_GROSS,ALL20,NATIVE_NO_FILL,2020,253,1.588264152935023,-0.2631677633228491,2.505878155856686,4.235592977305359,6.035177458215395,1.6647765207819416
LEGACY_GROSS100,EARLY1_CURRENT_LIQ,SAME_DAY_GROSS,ALL20,NATIVE_NO_FILL,2021,252,0.39470299215089844,-0.2738992329766827,1.1183048430707159,1.6339943415710845,1.4410518345062318,1.203443538357659
LEGACY_GROSS100,EARLY1_CURRENT_LIQ,SAME_DAY_GROSS,ALL20,NATIVE_NO_FILL,2022,251,-0.06052023988478428,-0.12838647511236045,-0.2561429889365173,-0.3378329753365134,-0.47139108564059073,0.933844620797963
LEGACY_GROSS100,EARLY1_CURRENT_LIQ,SAME_DAY_GROSS,ALL20,NATIVE_NO_FILL,2023,250,0.6389910538911343,-0.12094462474974721,2.268516430688682,3.4702463339913385,5.283335701882608,1.51202004150006
LEGACY_GROSS100,EARLY1_CURRENT_LIQ,SAME_DAY_GROSS,ALL20,NATIVE_NO_FILL,2024,252,0.6336848685875871,-0.20127907623214558,1.6163300537540088,2.3892329798773924,3.148289829474006,1.3288923217926698
LEGACY_GROSS100,EARLY1_CURRENT_LIQ,SAME_DAY_GROSS,ALL20,NATIVE_NO_FILL,2025,250,0.7650844996802344,-0.1414670530145381,2.1608782500148638,3.4107762566756548,5.4082168489196505,1.4720847302038131
LEGACY_GROSS100,EARLY1_CURRENT_LIQ,SAME_DAY_GROSS,ALL20,NATIVE_NO_FILL,2026,54,-0.302532429281415,-0.20657151419480235,-0.7108205649345773,-0.9455678980734334,-1.4645408901641637,0.8831026965952088
LEGACY_GROSS100,EARLY1_CURRENT_LIQ,SAME_DAY_GROSS,BASE,SELECTIVE_FILL_NO_ZERO_OVERRIDE,FULL,2568,0.5189433287282199,-0.2760660032326352,1.5852896921372128,2.4291019251335704,1.8797799173080973,1.3601382817490586
LEGACY_GROSS100,EARLY1_CURRENT_LIQ,SAME_DAY_GROSS,BASE,SELECTIVE_FILL_NO_ZERO_OVERRIDE,2016_2020,1259,0.585331764756142,-0.24114327982334793,1.746989359552728,2.7838024565018094,2.427319414353711,1.4204086915593226
LEGACY_GROSS100,EARLY1_CURRENT_LIQ,SAME_DAY_GROSS,BASE,SELECTIVE_FILL_NO_ZERO_OVERRIDE,2021_2025,1255,0.5007171473703504,-0.2760660032326345,1.5542552417705164,2.3258349813717087,1.8137588167580618,1.3405073547093393
LEGACY_GROSS100,EARLY1_CURRENT_LIQ,SAME_DAY_GROSS,BASE,SELECTIVE_FILL_NO_ZERO_OVERRIDE,2022_2025,1003,0.5069473549346952,-0.19017699367239993,1.6591152017505557,2.5046479658622602,2.665660788643898,1.3840996880280458
LEGACY_GROSS100,EARLY1_CURRENT_LIQ,SAME_DAY_GROSS,BASE,SELECTIVE_FILL_NO_ZERO_OVERRIDE,2022_2026_AVAILABLE,1057,0.45334834631320864,-0.20031219547096102,1.4889970213788881,2.2154507696671244,2.2632089137025604,1.3367613432250534
LEGACY_GROSS100,EARLY1_CURRENT_LIQ,SAME_DAY_GROSS,BASE,SELECTIVE_FILL_NO_ZERO_OVERRIDE,2016,252,0.3004441332818468,-0.15726656053599364,1.43927844599264,2.1398443059735315,1.9104133279056745,1.3134687258990752
LEGACY_GROSS100,EARLY1_CURRENT_LIQ,SAME_DAY_GROSS,BASE,SELECTIVE_FILL_NO_ZERO_OVERRIDE,2017,251,0.4277483425158106,-0.1084418146185544,2.037453102490548,2.9781474087196202,3.9444963552152035,1.3843801391595139
LEGACY_GROSS100,EARLY1_CURRENT_LIQ,SAME_DAY_GROSS,BASE,SELECTIVE_FILL_NO_ZERO_OVERRIDE,2018,251,0.2878103589472809,-0.2411432798233476,0.9187195271477634,1.371547295685737,1.1935242780065023,1.2039112985379086
LEGACY_GROSS100,EARLY1_CURRENT_LIQ,SAME_DAY_GROSS,BASE,SELECTIVE_FILL_NO_ZERO_OVERRIDE,2019,252,0.48699240608509253,-0.12265238822258506,1.879310604741452,3.026499642501648,3.970508957406655,1.4054640663043716
LEGACY_GROSS100,EARLY1_CURRENT_LIQ,SAME_DAY_GROSS,BASE,SELECTIVE_FILL_NO_ZERO_OVERRIDE,2020,253,1.8065565715063383,-0.21626308976220454,2.6688905685554447,4.605269853149762,8.353513183839025,1.7263871912490083
LEGACY_GROSS100,EARLY1_CURRENT_LIQ,SAME_DAY_GROSS,BASE,SELECTIVE_FILL_NO_ZERO_OVERRIDE,2021,252,0.4761741682468441,-0.2760660032326345,1.2774188858177882,1.8776782598666477,1.7248562397072231,1.2354682419380503
LEGACY_GROSS100,EARLY1_CURRENT_LIQ,SAME_DAY_GROSS,BASE,SELECTIVE_FILL_NO_ZERO_OVERRIDE,2022,251,-0.0469880444957419,-0.12666972697180812,-0.16478352256544831,-0.214599318186434,-0.3709492837716439,0.9557295507615076
LEGACY_GROSS100,EARLY1_CURRENT_LIQ,SAME_DAY_GROSS,BASE,SELECTIVE_FILL_NO_ZERO_OVERRIDE,2023,250,0.6701853767329169,-0.12005901035833955,2.3262321153867096,3.5842012555012244,5.5821331088155555,1.527594883957171
LEGACY_GROSS100,EARLY1_CURRENT_LIQ,SAME_DAY_GROSS,BASE,SELECTIVE_FILL_NO_ZERO_OVERRIDE,2024,252,0.6931161881667958,-0.19017699367240015,1.721958971278503,2.55649286989412,3.6445848405867705,1.3540941988969868
LEGACY_GROSS100,EARLY1_CURRENT_LIQ,SAME_DAY_GROSS,BASE,SELECTIVE_FILL_NO_ZERO_OVERRIDE,2025,250,0.9152868361729927,-0.14115766566470467,2.3716520302138435,3.8981331525443315,6.484145454396337,1.5410202729251432
LEGACY_GROSS100,EARLY1_CURRENT_LIQ,SAME_DAY_GROSS,BASE,SELECTIVE_FILL_NO_ZERO_OVERRIDE,2026,54,-0.2582970575762358,-0.20031219547096146,-0.5558895013900812,-0.7437068819083577,-1.2894724505861659,0.907281225821494
LEGACY_GROSS100,EARLY1_CURRENT_LIQ,SAME_DAY_GROSS,ALL5,SELECTIVE_FILL_NO_ZERO_OVERRIDE,FULL,2568,0.511224310701982,-0.27666081230788986,1.5678144457074656,2.4003364004872623,1.8478378142440048,1.355476396744534
LEGACY_GROSS100,EARLY1_CURRENT_LIQ,SAME_DAY_GROSS,ALL5,SELECTIVE_FILL_NO_ZERO_OVERRIDE,2016_2020,1259,0.5776300547295385,-0.24151520858561615,1.7301269130440498,2.7544182697184927,2.3916922586875975,1.4155390916506316
LEGACY_GROSS100,EARLY1_CURRENT_LIQ,SAME_DAY_GROSS,ALL5,SELECTIVE_FILL_NO_ZERO_OVERRIDE,2021_2025,1255,0.49313182329455896,-0.27666081230788986,1.5367348935411156,2.297893897635716,1.7824418976467227,1.336011623168227
LEGACY_GROSS100,EARLY1_CURRENT_LIQ,SAME_DAY_GROSS,ALL5,SELECTIVE_FILL_NO_ZERO_OVERRIDE,2022_2025,1003,0.5002800130941656,-0.19170679671515511,1.6426307283742858,2.4780668533490604,2.6096102050961694,1.3795612986692583
LEGACY_GROSS100,EARLY1_CURRENT_LIQ,SAME_DAY_GROSS,ALL5,SELECTIVE_FILL_NO_ZERO_OVERRIDE,2022_2026_AVAILABLE,1057,0.4464346365938119,-0.20158027620157448,1.4717793270697217,2.188285902052901,2.21467419831983,1.3322404191443384
LEGACY_GROSS100,EARLY1_CURRENT_LIQ,SAME_DAY_GROSS,ALL5,SELECTIVE_FILL_NO_ZERO_OVERRIDE,2016,252,0.29268565200744967,-0.15914927261137368,1.4089515649928357,2.091711737047246,1.839063711727783,1.3058008043503864
LEGACY_GROSS100,EARLY1_CURRENT_LIQ,SAME_DAY_GROSS,ALL5,SELECTIVE_FILL_NO_ZERO_OVERRIDE,2017,251,0.41778332165622944,-0.10938800432935869,1.99921378373748,2.9168227010175296,3.8192791267890462,1.3761551502170546
LEGACY_GROSS100,EARLY1_CURRENT_LIQ,SAME_DAY_GROSS,ALL5,SELECTIVE_FILL_NO_ZERO_OVERRIDE,2018,251,0.28231790680192237,-0.24151520858561637,0.9062887109590082,1.3519445002317636,1.1689446327428343,1.2008582775795495
LEGACY_GROSS100,EARLY1_CURRENT_LIQ,SAME_DAY_GROSS,ALL5,SELECTIVE_FILL_NO_ZERO_OVERRIDE,2019,252,0.48243656952494196,-0.123235470641199,1.8650773552263151,3.0013496370883304,3.914754145172697,1.4017890864806999
LEGACY_GROSS100,EARLY1_CURRENT_LIQ,SAME_DAY_GROSS,ALL5,SELECTIVE_FILL_NO_ZERO_OVERRIDE,2020,253,1.7952725475408777,-0.2180428070542897,2.6591303761178553,4.584891386924557,8.233578405060063,1.7227103568515907
LEGACY_GROSS100,EARLY1_CURRENT_LIQ,SAME_DAY_GROSS,ALL5,SELECTIVE_FILL_NO_ZERO_OVERRIDE,2021,252,0.46501684574119984,-0.27666081230788986,1.2561679901835638,1.8447791793899895,1.680819346484433,1.231070593280558
LEGACY_GROSS100,EARLY1_CURRENT_LIQ,SAME_DAY_GROSS,ALL5,SELECTIVE_FILL_NO_ZERO_OVERRIDE,2022,251,-0.051272470647473756,-0.12708997366482266,-0.18883743182227267,-0.2456932178269459,-0.403434426563781,0.9494913893914159
LEGACY_GROSS100,EARLY1_CURRENT_LIQ,SAME_DAY_GROSS,ALL5,SELECTIVE_FILL_NO_ZERO_OVERRIDE,2023,250,0.6645657049632263,-0.12078811062157502,2.3119219502622306,3.5600950692698055,5.501913239170432,1.5235001599004785
LEGACY_GROSS100,EARLY1_CURRENT_LIQ,SAME_DAY_GROSS,ALL5,SELECTIVE_FILL_NO_ZERO_OVERRIDE,2024,252,0.6831777317781822,-0.19170679671515511,1.7046794867488266,2.5294326354327015,3.5636594188847273,1.3499970341185992
LEGACY_GROSS100,EARLY1_CURRENT_LIQ,SAME_DAY_GROSS,ALL5,SELECTIVE_FILL_NO_ZERO_OVERRIDE,2025,250,0.9077142957774444,-0.14141147048403113,2.358108768463729,3.8729990052553975,6.418958042586425,1.537304615538942
LEGACY_GROSS100,EARLY1_CURRENT_LIQ,SAME_DAY_GROSS,ALL5,SELECTIVE_FILL_NO_ZERO_OVERRIDE,2026,54,-0.2663937027120573,-0.20158027620157426,-0.5836471306335973,-0.780082283805606,-1.3215266281591536,0.9028311875312769
LEGACY_GROSS100,EARLY1_CURRENT_LIQ,SAME_DAY_GROSS,ALL10,SELECTIVE_FILL_NO_ZERO_OVERRIDE,FULL,2568,0.49741953604910005,-0.2776934215624457,1.5365157446856819,2.3483065175180053,1.7912543021378124,1.3470831132008518
LEGACY_GROSS100,EARLY1_CURRENT_LIQ,SAME_DAY_GROSS,ALL10,SELECTIVE_FILL_NO_ZERO_OVERRIDE,2016_2020,1259,0.5632602859212406,-0.24264576073823652,1.6987537747317416,2.698919193164113,2.3213275361067582,1.4063730929763794
LEGACY_GROSS100,EARLY1_CURRENT_LIQ,SAME_DAY_GROSS,ALL10,SELECTIVE_FILL_NO_ZERO_OVERRIDE,2021_2025,1255,0.4799401872741229,-0.2776934215624455,1.5061583617266303,2.2488076736037277,1.7283095313303913,1.3281888663692547
LEGACY_GROSS100,EARLY1_CURRENT_LIQ,SAME_DAY_GROSS,ALL10,SELECTIVE_FILL_NO_ZERO_OVERRIDE,2022_2025,1003,0.4888299316464222,-0.19490874388882728,1.6143008217719972,2.4318236473917993,2.507993853396555,1.3717411661759362
LEGACY_GROSS100,EARLY1_CURRENT_LIQ,SAME_DAY_GROSS,ALL10,SELECTIVE_FILL_NO_ZERO_OVERRIDE,2022_2026_AVAILABLE,1057,0.4347231747859519,-0.20324688572617877,1.442523445375744,2.141695890351938,2.1388921814606596,1.3245095329189398
LEGACY_GROSS100,EARLY1_CURRENT_LIQ,SAME_DAY_GROSS,ALL10,SELECTIVE_FILL_NO_ZERO_OVERRIDE,2016,252,0.2795764186000338,-0.16232876924398743,1.3574266289815111,2.008887826656009,1.7222850878627551,1.2928048348909724
LEGACY_GROSS100,EARLY1_CURRENT_LIQ,SAME_DAY_GROSS,ALL10,SELECTIVE_FILL_NO_ZERO_OVERRIDE,2017,251,0.4020120956270046,-0.11067093469951972,1.9380544818349785,2.8178444497590824,3.6324993253061337,1.362851267330417
LEGACY_GROSS100,EARLY1_CURRENT_LIQ,SAME_DAY_GROSS,ALL10,SELECTIVE_FILL_NO_ZERO_OVERRIDE,2018,251,0.2719637816515734,-0.2426457607382364,0.8826252055592367,1.3147615318528858,1.120826429541314,1.1950443147526502
LEGACY_GROSS100,EARLY1_CURRENT_LIQ,SAME_DAY_GROSS,ALL10,SELECTIVE_FILL_NO_ZERO_OVERRIDE,2019,252,0.4730108606380572,-0.12416864114437198,1.8360782696899083,2.949642039008123,3.8094228645708,1.3942849218677786
LEGACY_GROSS100,EARLY1_CURRENT_LIQ,SAME_DAY_GROSS,ALL10,SELECTIVE_FILL_NO_ZERO_OVERRIDE,2020,253,1.7677717487824087,-0.22115880311294944,2.636234386947705,4.5361050712299145,7.993223529427308,1.7139661166327662
LEGACY_GROSS100,EARLY1_CURRENT_LIQ,SAME_DAY_GROSS,ALL10,SELECTIVE_FILL_NO_ZERO_OVERRIDE,2021,252,0.44508055666049207,-0.2776934215624455,1.217794267815843,1.7855159118908146,1.6027767390247878,1.223220219545567
LEGACY_GROSS100,EARLY1_CURRENT_LIQ,SAME_DAY_GROSS,ALL10,SELECTIVE_FILL_NO_ZERO_OVERRIDE,2022,251,-0.057149183162573,-0.1282669287927679,-0.22208440692994671,-0.28852042180204557,-0.44554885425615065,0.9409641514022006
LEGACY_GROSS100,EARLY1_CURRENT_LIQ,SAME_DAY_GROSS,ALL10,SELECTIVE_FILL_NO_ZERO_OVERRIDE,2023,250,0.6526168330262074,-0.12208112419311645,2.281992644535559,3.509506690802707,5.345763625127276,1.515166367302838
LEGACY_GROSS100,EARLY1_CURRENT_LIQ,SAME_DAY_GROSS,ALL10,SELECTIVE_FILL_NO_ZERO_OVERRIDE,2024,252,0.666522211289815,-0.19490874388882717,1.6752758024940748,2.4826700963791093,3.419662956065166,1.342918804418339
LEGACY_GROSS100,EARLY1_CURRENT_LIQ,SAME_DAY_GROSS,ALL10,SELECTIVE_FILL_NO_ZERO_OVERRIDE,2025,250,0.8938953845467044,-0.1419537254550426,2.3335846888268947,3.8263105397384884,6.297089996625733,1.5302608758676113
LEGACY_GROSS100,EARLY1_CURRENT_LIQ,SAME_DAY_GROSS,ALL10,SELECTIVE_FILL_NO_ZERO_OVERRIDE,2026,54,-0.2786382087163011,-0.20324688572617833,-0.6260589123426267,-0.8354560112644903,-1.3709347020042053,0.896189509559957
LEGACY_GROSS100,EARLY1_CURRENT_LIQ,SAME_DAY_GROSS,ALL20,SELECTIVE_FILL_NO_ZERO_OVERRIDE,FULL,2568,0.47017210567358947,-0.2797554040576352,1.4737039765535644,2.2444026172838996,1.6806542388604746,1.3304143031865232
LEGACY_GROSS100,EARLY1_CURRENT_LIQ,SAME_DAY_GROSS,ALL20,SELECTIVE_FILL_NO_ZERO_OVERRIDE,2016_2020,1259,0.534896504390556,-0.24490250122107193,1.6357552004193572,2.5881188291601287,2.1841202181422736,1.3882004996843151
LEGACY_GROSS100,EARLY1_CURRENT_LIQ,SAME_DAY_GROSS,ALL20,SELECTIVE_FILL_NO_ZERO_OVERRIDE,2021_2025,1255,0.4538913534397966,-0.27975540405763555,1.4448105124144401,2.1507356812416165,1.6224578573155475,1.3126285868417782
LEGACY_GROSS100,EARLY1_CURRENT_LIQ,SAME_DAY_GROSS,ALL20,SELECTIVE_FILL_NO_ZERO_OVERRIDE,2022_2025,1003,0.46617957923616116,-0.20127907623214536,1.557463135207168,2.3394089374119176,2.316085645675821,1.3562134415304328
LEGACY_GROSS100,EARLY1_CURRENT_LIQ,SAME_DAY_GROSS,ALL20,SELECTIVE_FILL_NO_ZERO_OVERRIDE,2022_2026_AVAILABLE,1057,0.4115717444035123,-0.2065715141948029,1.3838512777147591,2.04862597949985,1.9923935108273847,1.3091597511542425
LEGACY_GROSS100,EARLY1_CURRENT_LIQ,SAME_DAY_GROSS,ALL20,SELECTIVE_FILL_NO_ZERO_OVERRIDE,2016,252,0.25374104295916555,-0.16865566834295054,1.2538919316481132,1.84398847857293,1.5044916393986791,1.2672508474269464
LEGACY_GROSS100,EARLY1_CURRENT_LIQ,SAME_DAY_GROSS,ALL20,SELECTIVE_FILL_NO_ZERO_OVERRIDE,2017,251,0.37097628579931774,-0.1132325588894133,1.8151130529580841,2.6211091470351096,3.276233350529732,1.3366009936889027
LEGACY_GROSS100,EARLY1_CURRENT_LIQ,SAME_DAY_GROSS,ALL20,SELECTIVE_FILL_NO_ZERO_OVERRIDE,2018,251,0.25149491347463737,-0.24490250122107182,0.835127284068584,1.240467069354112,1.0269185174536646,1.1834864299800776
LEGACY_GROSS100,EARLY1_CURRENT_LIQ,SAME_DAY_GROSS,ALL20,SELECTIVE_FILL_NO_ZERO_OVERRIDE,2019,252,0.4543296241571395,-0.12603320510240157,1.7779365998330972,2.846278550632238,3.6048406750268565,1.379258626460373
LEGACY_GROSS100,EARLY1_CURRENT_LIQ,SAME_DAY_GROSS,ALL20,SELECTIVE_FILL_NO_ZERO_OVERRIDE,2020,253,1.7135470558848822,-0.22735705904774928,2.5902383267696982,4.438636743583702,7.5368104384434575,1.6966442496303475
LEGACY_GROSS100,EARLY1_CURRENT_LIQ,SAME_DAY_GROSS,ALL20,SELECTIVE_FILL_NO_ZERO_OVERRIDE,2021,252,0.40599451696591626,-0.27975540405763555,1.1408099200219022,1.6671882771859072,1.4512481656378398,1.207573201235412
LEGACY_GROSS100,EARLY1_CURRENT_LIQ,SAME_DAY_GROSS,ALL20,SELECTIVE_FILL_NO_ZERO_OVERRIDE,2022,251,-0.06879881155438405,-0.1306170650371271,-0.28848421796966806,-0.37365910814708436,-0.5267214627340494,0.9242333732933664
LEGACY_GROSS100,EARLY1_CURRENT_LIQ,SAME_DAY_GROSS,ALL20,SELECTIVE_FILL_NO_ZERO_OVERRIDE,2023,250,0.6289639696300267,-0.12466224030319573,2.221756964800581,3.4081343417186485,5.045344669727575,1.4984145560573392
LEGACY_GROSS100,EARLY1_CURRENT_LIQ,SAME_DAY_GROSS,ALL20,SELECTIVE_FILL_NO_ZERO_OVERRIDE,2024,252,0.6336848685875871,-0.20127907623214558,1.6163300537540088,2.3892329798773924,3.148289829474006,1.3288923217926698
LEGACY_GROSS100,EARLY1_CURRENT_LIQ,SAME_DAY_GROSS,ALL20,SELECTIVE_FILL_NO_ZERO_OVERRIDE,2025,250,0.8665434528482707,-0.1430374006565115,2.2843255823800965,3.7329646617689693,6.058159955864824,1.5162341443647105
LEGACY_GROSS100,EARLY1_CURRENT_LIQ,SAME_DAY_GROSS,ALL20,SELECTIVE_FILL_NO_ZERO_OVERRIDE,2026,54,-0.302532429281415,-0.20657151419480235,-0.7108205649345773,-0.9455678980734334,-1.4645408901641637,0.8831026965952088
LEGACY_GROSS100,EARLY1_CURRENT_LIQ,LAG1_GROSS,BASE,NATIVE_NO_FILL,FULL,2568,0.50178481093954,-0.28889085214333876,1.5635962393805454,2.37818221834768,1.7369356184756233,1.3517588868094021
LEGACY_GROSS100,EARLY1_CURRENT_LIQ,LAG1_GROSS,BASE,NATIVE_NO_FILL,2016_2020,1259,0.5568456797132817,-0.25878192802914024,1.7033685213987648,2.689494187167942,2.151795080723635,1.4055326222775752
LEGACY_GROSS100,EARLY1_CURRENT_LIQ,LAG1_GROSS,BASE,NATIVE_NO_FILL,2021_2025,1255,0.4930602355813305,-0.28889085214333843,1.554068374883906,2.311983843637804,1.7067353705498771,1.3373835437221884
LEGACY_GROSS100,EARLY1_CURRENT_LIQ,LAG1_GROSS,BASE,NATIVE_NO_FILL,2022_2025,1003,0.49527216184613243,-0.18578417133339897,1.65484259127655,2.469958293755495,2.6658469249102055,1.378315951821226
LEGACY_GROSS100,EARLY1_CURRENT_LIQ,LAG1_GROSS,BASE,NATIVE_NO_FILL,2022_2026_AVAILABLE,1057,0.44276197936227857,-0.20084084285365222,1.4831139885283902,2.182773263512778,2.204541531848222,1.3314397456251748
LEGACY_GROSS100,EARLY1_CURRENT_LIQ,LAG1_GROSS,BASE,NATIVE_NO_FILL,2016,252,0.33173319946624025,-0.14128959489627047,1.6001452846154776,2.450170964193827,2.34789546753097,1.3487388032265586
LEGACY_GROSS100,EARLY1_CURRENT_LIQ,LAG1_GROSS,BASE,NATIVE_NO_FILL,2017,251,0.39882526655362627,-0.12371964518401668,1.9349808174106848,2.7841254278228638,3.2236211634815652,1.3640234782062552
LEGACY_GROSS100,EARLY1_CURRENT_LIQ,LAG1_GROSS,BASE,NATIVE_NO_FILL,2018,251,0.3196398702576113,-0.23598556968298257,0.9939005107802144,1.487444482671717,1.3544890506949554,1.223239121797843
LEGACY_GROSS100,EARLY1_CURRENT_LIQ,LAG1_GROSS,BASE,NATIVE_NO_FILL,2019,252,0.40931472320088846,-0.12546763653326787,1.6380345078125174,2.5940558923672037,3.262313171033219,1.3463484380178403
LEGACY_GROSS100,EARLY1_CURRENT_LIQ,LAG1_GROSS,BASE,NATIVE_NO_FILL,2020,253,1.6315387090788036,-0.25878192802914046,2.562786778795271,4.3246498127856965,6.304685653687077,1.677282413586123
LEGACY_GROSS100,EARLY1_CURRENT_LIQ,LAG1_GROSS,BASE,NATIVE_NO_FILL,2021,252,0.48428879940823766,-0.28889085214333843,1.2975324961614474,1.919818425443486,1.676372913213427,1.2388926449192368
LEGACY_GROSS100,EARLY1_CURRENT_LIQ,LAG1_GROSS,BASE,NATIVE_NO_FILL,2022,251,-0.032597780190296466,-0.12885068671504152,-0.08929300985100515,-0.11801655386463943,-0.25298879673329,0.9761645961913696
LEGACY_GROSS100,EARLY1_CURRENT_LIQ,LAG1_GROSS,BASE,NATIVE_NO_FILL,2023,250,0.6402960846572432,-0.12734281768376543,2.2698638985906854,3.4669360569276586,5.028128765356137,1.5132978969145303
LEGACY_GROSS100,EARLY1_CURRENT_LIQ,LAG1_GROSS,BASE,NATIVE_NO_FILL,2024,252,0.7532740189873288,-0.18578417133339864,1.831497785084077,2.721767280267198,4.0545651095084,1.3775053985453158
LEGACY_GROSS100,EARLY1_CURRENT_LIQ,LAG1_GROSS,BASE,NATIVE_NO_FILL,2025,250,0.7976505954406188,-0.11684269340201503,2.2331327338858573,3.5065267699520155,6.826704967303183,1.488035830397292
LEGACY_GROSS100,EARLY1_CURRENT_LIQ,LAG1_GROSS,BASE,NATIVE_NO_FILL,2026,54,-0.2572856638893385,-0.20084084285365256,-0.5620528953064132,-0.7472477915146805,-1.2810425421128897,0.9068793171794729
LEGACY_GROSS100,EARLY1_CURRENT_LIQ,LAG1_GROSS,ALL5,NATIVE_NO_FILL,FULL,2568,0.4942180244449905,-0.2894337384633836,1.54599069298866,2.3494538668508413,1.7075342600652421,1.3471125663387633
LEGACY_GROSS100,EARLY1_CURRENT_LIQ,LAG1_GROSS,ALL5,NATIVE_NO_FILL,2016_2020,1259,0.5493375047404512,-0.26022520784724,1.686160707647535,2.6600057756604603,2.1110080352512535,1.4006355683300946
LEGACY_GROSS100,EARLY1_CURRENT_LIQ,LAG1_GROSS,ALL5,NATIVE_NO_FILL,2021_2025,1255,0.485588815009768,-0.28943373846338427,1.5366071786888986,2.284174649566911,1.6777201496542151,1.3329316900814345
LEGACY_GROSS100,EARLY1_CURRENT_LIQ,LAG1_GROSS,ALL5,NATIVE_NO_FILL,2022_2025,1003,0.48864443888487874,-0.18735412464815993,1.638224700783983,2.443308577852916,2.6081328062700746,1.3737754912612063
LEGACY_GROSS100,EARLY1_CURRENT_LIQ,LAG1_GROSS,ALL5,NATIVE_NO_FILL,2022_2026_AVAILABLE,1057,0.43589227054402,-0.20210763970304269,1.4657354779818246,2.1555223609650467,2.156733269382977,1.3269159965105644
LEGACY_GROSS100,EARLY1_CURRENT_LIQ,LAG1_GROSS,ALL5,NATIVE_NO_FILL,2016,252,0.3236939045138898,-0.14306253252278334,1.5684104339684999,2.3975209918493894,2.262604322779901,1.3406636584248026
LEGACY_GROSS100,EARLY1_CURRENT_LIQ,LAG1_GROSS,ALL5,NATIVE_NO_FILL,2017,251,0.38902828697996195,-0.12464731485170588,1.8964385170433504,2.723884356755417,3.121032229557393,1.355796524881689
LEGACY_GROSS100,EARLY1_CURRENT_LIQ,LAG1_GROSS,ALL5,NATIVE_NO_FILL,2018,251,0.31392300641970095,-0.23641515265024415,0.9810095484963237,1.4670586001866812,1.3278463875964963,1.2199570437380143
LEGACY_GROSS100,EARLY1_CURRENT_LIQ,LAG1_GROSS,ALL5,NATIVE_NO_FILL,2019,252,0.4050144302985217,-0.12638525513823506,1.6243505627878647,2.5707555852278103,3.2046019122684313,1.3428706958225696
LEGACY_GROSS100,EARLY1_CURRENT_LIQ,LAG1_GROSS,ALL5,NATIVE_NO_FILL,2020,253,1.6218145641409958,-0.2602252078472401,2.5531728402857694,4.305499764986556,6.232349961626503,1.6738095751227473
LEGACY_GROSS100,EARLY1_CURRENT_LIQ,LAG1_GROSS,ALL5,NATIVE_NO_FILL,2021,252,0.4734889819751462,-0.28943373846338427,1.276993716081462,1.8877222285207476,1.6359149575613363,1.2346454468483923
LEGACY_GROSS100,EARLY1_CURRENT_LIQ,LAG1_GROSS,ALL5,NATIVE_NO_FILL,2022,251,-0.03689579738341353,-0.12918656095976977,-0.11372053341009487,-0.15017842647644408,-0.28560089462326754,0.9697669325250021
LEGACY_GROSS100,EARLY1_CURRENT_LIQ,LAG1_GROSS,ALL5,NATIVE_NO_FILL,2023,250,0.6346778022429669,-0.12805621231197417,2.255399263223061,3.4429545114247224,4.956243752522891,1.5092731690729124
LEGACY_GROSS100,EARLY1_CURRENT_LIQ,LAG1_GROSS,ALL5,NATIVE_NO_FILL,2024,252,0.7429248249570921,-0.18735412464816048,1.8140461877550937,2.69382229548624,3.9653507834549107,1.373189340576152
LEGACY_GROSS100,EARLY1_CURRENT_LIQ,LAG1_GROSS,ALL5,NATIVE_NO_FILL,2025,250,0.7905579779029235,-0.11706562823535482,2.2192891029903197,3.4816888418123866,6.7531178008419745,1.4843416743721893
LEGACY_GROSS100,EARLY1_CURRENT_LIQ,LAG1_GROSS,ALL5,NATIVE_NO_FILL,2026,54,-0.265346704808716,-0.2021076397030429,-0.5899376872991924,-0.7835324239345913,-1.3128979448703195,0.9024387092013332
LEGACY_GROSS100,EARLY1_CURRENT_LIQ,LAG1_GROSS,ALL10,NATIVE_NO_FILL,FULL,2568,0.4813870508528888,-0.29032766381086406,1.516105919296857,2.30029059560644,1.6580819221088476,1.3392060825956462
LEGACY_GROSS100,EARLY1_CURRENT_LIQ,LAG1_GROSS,ALL10,NATIVE_NO_FILL,2016_2020,1259,0.536121343863273,-0.2624631654546684,1.6560765450176296,2.607678584983721,2.042653653645238,1.3920089582407702
LEGACY_GROSS100,EARLY1_CURRENT_LIQ,LAG1_GROSS,ALL10,NATIVE_NO_FILL,2021_2025,1255,0.47326333331565373,-0.2903276638108636,1.50763601950897,2.2378879713445,1.6301007182834808,1.325584974224538
LEGACY_GROSS100,EARLY1_CURRENT_LIQ,LAG1_GROSS,ALL10,NATIVE_NO_FILL,2022_2025,1003,0.4779402342801695,-0.1906052207950737,1.6112507761768209,2.399791130139317,2.5074876348430126,1.3664330619688414
LEGACY_GROSS100,EARLY1_CURRENT_LIQ,LAG1_GROSS,ALL10,NATIVE_NO_FILL,2022_2026_AVAILABLE,1057,0.4248719277871471,-0.2037726896379165,1.4376795084958467,2.1113316225095287,2.085028806078487,1.3196026755281869
LEGACY_GROSS100,EARLY1_CURRENT_LIQ,LAG1_GROSS,ALL10,NATIVE_NO_FILL,2016,252,0.3115144268264891,-0.14568949507231443,1.5202367191086763,2.317036888887215,2.138207882949047,1.3283687956057892
LEGACY_GROSS100,EARLY1_CURRENT_LIQ,LAG1_GROSS,ALL10,NATIVE_NO_FILL,2017,251,0.3744646181163003,-0.1255742635881315,1.8385026899271746,2.633060356225998,2.9820172335989104,1.3434721382115262
LEGACY_GROSS100,EARLY1_CURRENT_LIQ,LAG1_GROSS,ALL10,NATIVE_NO_FILL,2018,251,0.3032939853507002,-0.2376509027487772,0.9570165769448346,1.4291760045467023,1.2762164243546545,1.2138671557318879
LEGACY_GROSS100,EARLY1_CURRENT_LIQ,LAG1_GROSS,ALL10,NATIVE_NO_FILL,2019,252,0.3964650298729613,-0.12778006613814286,1.5970833154450506,2.5237233025944357,3.1027142327845056,1.3360285897181718
LEGACY_GROSS100,EARLY1_CURRENT_LIQ,LAG1_GROSS,ALL10,NATIVE_NO_FILL,2020,253,1.5987679689292174,-0.2624631654546683,2.5316138224901703,4.26127045667286,6.091399401358477,1.66593637049939
LEGACY_GROSS100,EARLY1_CURRENT_LIQ,LAG1_GROSS,ALL10,NATIVE_NO_FILL,2021,252,0.45479474546427867,-0.2903276638108636,1.2411004833924928,1.831745127979259,1.5664878072402997,1.2272825555731472
LEGACY_GROSS100,EARLY1_CURRENT_LIQ,LAG1_GROSS,ALL10,NATIVE_NO_FILL,2022,251,-0.042688400012075634,-0.1297361222810346,-0.14694347925699253,-0.1937879595404325,-0.32904020300224446,0.9611563101083445
LEGACY_GROSS100,EARLY1_CURRENT_LIQ,LAG1_GROSS,ALL10,NATIVE_NO_FILL,2023,250,0.6237913557465953,-0.12903108483251713,2.22746994431842,3.3968450626814954,4.834426964295301,1.5017098882792261
LEGACY_GROSS100,EARLY1_CURRENT_LIQ,LAG1_GROSS,ALL10,NATIVE_NO_FILL,2024,252,0.7256235139747658,-0.19060522079507336,1.7844174419771432,2.6459452176643086,3.8069445891773874,1.3658666931641814
LEGACY_GROSS100,EARLY1_CURRENT_LIQ,LAG1_GROSS,ALL10,NATIVE_NO_FILL,2025,250,0.7795655632257403,-0.11742096184514028,2.1977793343619028,3.442896210948391,6.639066406676725,1.478467420821518
LEGACY_GROSS100,EARLY1_CURRENT_LIQ,LAG1_GROSS,ALL10,NATIVE_NO_FILL,2026,54,-0.2775626658846817,-0.20377268963791673,-0.6326274247765473,-0.8388843910066854,-1.3621190669754726,0.8957993140329491
LEGACY_GROSS100,EARLY1_CURRENT_LIQ,LAG1_GROSS,ALL20,NATIVE_NO_FILL,FULL,2568,0.45604104812829793,-0.2921131214159636,1.4561465343782178,2.20209789845706,1.5611796071252277,1.3234762229465327
LEGACY_GROSS100,EARLY1_CURRENT_LIQ,LAG1_GROSS,ALL20,NATIVE_NO_FILL,2016_2020,1259,0.5100121938901963,-0.2669210606682667,1.5957167773136325,2.5032233080897686,1.9107229403829122,1.374872310716288
LEGACY_GROSS100,EARLY1_CURRENT_LIQ,LAG1_GROSS,ALL20,NATIVE_NO_FILL,2021_2025,1255,0.4489053893461823,-0.29211312141596324,1.4494912754232734,2.1453737158778354,1.5367518828671514,1.3109436109688513
LEGACY_GROSS100,EARLY1_CURRENT_LIQ,LAG1_GROSS,ALL20,NATIVE_NO_FILL,2022_2025,1003,0.45675160159618255,-0.19707291642727764,1.5571116804973706,2.3127816503666514,2.3176781968654203,1.351817556546836
LEGACY_GROSS100,EARLY1_CURRENT_LIQ,LAG1_GROSS,ALL20,NATIVE_NO_FILL,2022_2026_AVAILABLE,1057,0.40307313362117014,-0.20709421020228358,1.3813932022622941,2.0230169090811425,1.9463273899712603,1.3050517341955943
LEGACY_GROSS100,EARLY1_CURRENT_LIQ,LAG1_GROSS,ALL20,NATIVE_NO_FILL,2016,252,0.2874775043853375,-0.1509225498066139,1.4234342875656627,2.156667131532958,1.9048015339901136,1.3041609940065784
LEGACY_GROSS100,EARLY1_CURRENT_LIQ,LAG1_GROSS,ALL20,NATIVE_NO_FILL,2017,251,0.3457774086202876,-0.1274259997720677,1.7220647348718296,2.4522902405516795,2.713554606114877,1.3190377756508183
LEGACY_GROSS100,EARLY1_CURRENT_LIQ,LAG1_GROSS,ALL20,NATIVE_NO_FILL,2018,251,0.28228201317177026,-0.24011744017634995,0.9089104543842018,1.3535335171028646,1.1755997938527634,1.2017938755733637
LEGACY_GROSS100,EARLY1_CURRENT_LIQ,LAG1_GROSS,ALL20,NATIVE_NO_FILL,2019,252,0.37951458342510946,-0.13056433885016872,1.5424108313871936,2.4297179673775036,2.9067246597911223,1.3222285441776072
LEGACY_GROSS100,EARLY1_CURRENT_LIQ,LAG1_GROSS,ALL20,NATIVE_NO_FILL,2020,253,1.5532547841612403,-0.2669210606682668,2.4883587055756844,4.17291634288929,5.81915409849074,1.6503433779352976
LEGACY_GROSS100,EARLY1_CURRENT_LIQ,LAG1_GROSS,ALL20,NATIVE_NO_FILL,2021,252,0.418092824164376,-0.29211312141596324,1.1690863350944567,1.719959980163715,1.431270263169795,1.2125928238493524
LEGACY_GROSS100,EARLY1_CURRENT_LIQ,LAG1_GROSS,ALL20,NATIVE_NO_FILL,2022,251,-0.054173808408190194,-0.13083494046505317,-0.21350583851193725,-0.2807985760969723,-0.41406223915132484,0.9442090771724478
LEGACY_GROSS100,EARLY1_CURRENT_LIQ,LAG1_GROSS,ALL20,NATIVE_NO_FILL,2023,250,0.6022246978755401,-0.13097799360105045,2.171252377297545,3.304423520611236,4.59790749055046,1.4864618815101942
LEGACY_GROSS100,EARLY1_CURRENT_LIQ,LAG1_GROSS,ALL20,NATIVE_NO_FILL,2024,252,0.6915153899720694,-0.1970729164272773,1.7250166881736348,2.550318514853843,3.5089316305279743,1.3513694408213748
LEGACY_GROSS100,EARLY1_CURRENT_LIQ,LAG1_GROSS,ALL20,NATIVE_NO_FILL,2025,250,0.757771741446045,-0.11813130308797593,2.1545652066672174,3.36527628750787,6.4146565866771965,1.4667533310068699
LEGACY_GROSS100,EARLY1_CURRENT_LIQ,LAG1_GROSS,ALL20,NATIVE_NO_FILL,2026,54,-0.30140350940266225,-0.2070942102022829,-0.7179435734785987,-0.9489415185528723,-1.455393219869648,0.882716974697016
LEGACY_GROSS100,EARLY1_CURRENT_LIQ,LAG1_GROSS,BASE,SELECTIVE_FILL_NO_ZERO_OVERRIDE,FULL,2568,0.5016458891583266,-0.28486772023157947,1.5485552909119265,2.347257876773868,1.7609783542709585,1.3488380944211038
LEGACY_GROSS100,EARLY1_CURRENT_LIQ,LAG1_GROSS,BASE,SELECTIVE_FILL_NO_ZERO_OVERRIDE,2016_2020,1259,0.5584583669068881,-0.2610927572697721,1.696914086733183,2.6678908886717387,2.1389270723042895,1.4032799434836924
LEGACY_GROSS100,EARLY1_CURRENT_LIQ,LAG1_GROSS,BASE,SELECTIVE_FILL_NO_ZERO_OVERRIDE,2021_2025,1255,0.4912279949634095,-0.284867720231579,1.5284852743535275,2.2676183289868304,1.7244073655101144,1.333371500637941
LEGACY_GROSS100,EARLY1_CURRENT_LIQ,LAG1_GROSS,BASE,SELECTIVE_FILL_NO_ZERO_OVERRIDE,2022_2025,1003,0.48642086224186776,-0.18578417133339853,1.5987246687137913,2.373820066959829,2.6182040092584766,1.367136472321573
LEGACY_GROSS100,EARLY1_CURRENT_LIQ,LAG1_GROSS,BASE,SELECTIVE_FILL_NO_ZERO_OVERRIDE,2022_2026_AVAILABLE,1057,0.4346566021968199,-0.2008408428536521,1.4361478478159169,2.105306314927938,2.1641843164019368,1.3222090035942986
LEGACY_GROSS100,EARLY1_CURRENT_LIQ,LAG1_GROSS,BASE,SELECTIVE_FILL_NO_ZERO_OVERRIDE,2016,252,0.32444322922250635,-0.1411654922865495,1.5464763074253773,2.3288103476134236,2.2983182643809608,1.339226919546078
LEGACY_GROSS100,EARLY1_CURRENT_LIQ,LAG1_GROSS,BASE,SELECTIVE_FILL_NO_ZERO_OVERRIDE,2017,251,0.3963227584349416,-0.12786196069459244,1.8723164016518334,2.6506045967014042,3.09961427372123,1.3551432217062032
LEGACY_GROSS100,EARLY1_CURRENT_LIQ,LAG1_GROSS,BASE,SELECTIVE_FILL_NO_ZERO_OVERRIDE,2018,251,0.27686100754057774,-0.261092757269772,0.8926284081995473,1.3286581966933158,1.060393288713533,1.1971556398321017
LEGACY_GROSS100,EARLY1_CURRENT_LIQ,LAG1_GROSS,BASE,SELECTIVE_FILL_NO_ZERO_OVERRIDE,2019,252,0.42763528670582085,-0.12123254936271766,1.6877049500514425,2.6793490524357666,3.527396635258175,1.3584060226873889
LEGACY_GROSS100,EARLY1_CURRENT_LIQ,LAG1_GROSS,BASE,SELECTIVE_FILL_NO_ZERO_OVERRIDE,2020,253,1.717720615550978,-0.2520525938204714,2.638690156778074,4.464816670742011,6.814929334845301,1.7042365015499872
LEGACY_GROSS100,EARLY1_CURRENT_LIQ,LAG1_GROSS,BASE,SELECTIVE_FILL_NO_ZERO_OVERRIDE,2021,252,0.5105157212266542,-0.284867720231579,1.3488071301927074,2.0006813486449326,1.7921150238139933,1.249823680628866
LEGACY_GROSS100,EARLY1_CURRENT_LIQ,LAG1_GROSS,BASE,SELECTIVE_FILL_NO_ZERO_OVERRIDE,2022,251,-0.0890557688537501,-0.15343532412329364,-0.37343085605589954,-0.4702317811331632,-0.5804124269466719,0.9009761188073095
LEGACY_GROSS100,EARLY1_CURRENT_LIQ,LAG1_GROSS,BASE,SELECTIVE_FILL_NO_ZERO_OVERRIDE,2023,250,0.6291008677845162,-0.13790988098105894,2.2075369695838947,3.377992036516075,4.561680883989156,1.4953635432309949
LEGACY_GROSS100,EARLY1_CURRENT_LIQ,LAG1_GROSS,BASE,SELECTIVE_FILL_NO_ZERO_OVERRIDE,2024,252,0.7532740189873288,-0.18578417133339864,1.831497785084077,2.721767280267198,4.0545651095084,1.3775053985453158
LEGACY_GROSS100,EARLY1_CURRENT_LIQ,LAG1_GROSS,BASE,SELECTIVE_FILL_NO_ZERO_OVERRIDE,2025,250,0.8773901817247705,-0.13615911151481663,2.3009739160464067,3.6674746726898992,6.4438594814809305,1.5193888899309875
LEGACY_GROSS100,EARLY1_CURRENT_LIQ,LAG1_GROSS,BASE,SELECTIVE_FILL_NO_ZERO_OVERRIDE,2026,54,-0.2572856638893385,-0.20084084285365256,-0.5620528953064132,-0.7472477915146805,-1.2810425421128897,0.9068793171794729
LEGACY_GROSS100,EARLY1_CURRENT_LIQ,LAG1_GROSS,ALL5,SELECTIVE_FILL_NO_ZERO_OVERRIDE,FULL,2568,0.4940796101097271,-0.28541363229509165,1.5311511440303425,2.318963271622527,1.731100249615596,1.344245157918406
LEGACY_GROSS100,EARLY1_CURRENT_LIQ,LAG1_GROSS,ALL5,SELECTIVE_FILL_NO_ZERO_OVERRIDE,2016_2020,1259,0.5509428710012119,-0.2615090463818679,1.6798375708982682,2.6387533312503266,2.1067832207865536,1.3984428955330854
LEGACY_GROSS100,EARLY1_CURRENT_LIQ,LAG1_GROSS,ALL5,SELECTIVE_FILL_NO_ZERO_OVERRIDE,2021_2025,1255,0.4837649137304971,-0.285413632295092,1.5113017145080065,2.240343961483277,1.6949607831987779,1.3289729367292336
LEGACY_GROSS100,EARLY1_CURRENT_LIQ,LAG1_GROSS,ALL5,SELECTIVE_FILL_NO_ZERO_OVERRIDE,2022_2025,1003,0.47983127313282536,-0.1873541246481597,1.5824923611941255,2.347962450381292,2.561092658269045,1.3626949056953408
LEGACY_GROSS100,EARLY1_CURRENT_LIQ,LAG1_GROSS,ALL5,SELECTIVE_FILL_NO_ZERO_OVERRIDE,2022_2026_AVAILABLE,1057,0.4278244808102376,-0.20210763970304235,1.419135078834818,2.078769683616554,2.116814987493011,1.317773998666394
LEGACY_GROSS100,EARLY1_CURRENT_LIQ,LAG1_GROSS,ALL5,SELECTIVE_FILL_NO_ZERO_OVERRIDE,2016,252,0.3164454662429619,-0.1429386698924977,1.5152469827919697,2.277959010214493,2.2138548405477425,1.3312825153835703
LEGACY_GROSS100,EARLY1_CURRENT_LIQ,LAG1_GROSS,ALL5,SELECTIVE_FILL_NO_ZERO_OVERRIDE,2017,251,0.3865455935026816,-0.1287840805985473,1.8350329431481958,2.5934223112468895,3.0015013634149583,1.3471236998268932
LEGACY_GROSS100,EARLY1_CURRENT_LIQ,LAG1_GROSS,ALL5,SELECTIVE_FILL_NO_ZERO_OVERRIDE,2018,251,0.2713280581104154,-0.26150904638186856,0.8797912361997434,1.3085723752224572,1.0375475030955854,1.1939873994236962
LEGACY_GROSS100,EARLY1_CURRENT_LIQ,LAG1_GROSS,ALL5,SELECTIVE_FILL_NO_ZERO_OVERRIDE,2019,252,0.4232801452302184,-0.1216378933955442,1.6741113788771327,2.6560608900423,3.4798378483404733,1.3549115871417006
LEGACY_GROSS100,EARLY1_CURRENT_LIQ,LAG1_GROSS,ALL5,SELECTIVE_FILL_NO_ZERO_OVERRIDE,2020,253,1.70768359598712,-0.2529851720945251,2.6290939639963518,4.445662889017398,6.750133147523219,1.7007623447232911
LEGACY_GROSS100,EARLY1_CURRENT_LIQ,LAG1_GROSS,ALL5,SELECTIVE_FILL_NO_ZERO_OVERRIDE,2021,252,0.4995253329540805,-0.285413632295092,1.3282466536153203,1.9684037193215889,1.7501803573195003,1.2455254538690772
LEGACY_GROSS100,EARLY1_CURRENT_LIQ,LAG1_GROSS,ALL5,SELECTIVE_FILL_NO_ZERO_OVERRIDE,2022,251,-0.09310654063718915,-0.15378549007352715,-0.39613564566913295,-0.49845019472341995,-0.6054312444735425,0.8953386573490116
LEGACY_GROSS100,EARLY1_CURRENT_LIQ,LAG1_GROSS,ALL5,SELECTIVE_FILL_NO_ZERO_OVERRIDE,2023,250,0.6235185321157735,-0.13861594829654844,2.193229132611858,3.35413514173736,4.49817311628419,1.491375274476157
LEGACY_GROSS100,EARLY1_CURRENT_LIQ,LAG1_GROSS,ALL5,SELECTIVE_FILL_NO_ZERO_OVERRIDE,2024,252,0.7429248249570921,-0.18735412464816048,1.8140461877550937,2.69382229548624,3.9653507834549107,1.373189340576152
LEGACY_GROSS100,EARLY1_CURRENT_LIQ,LAG1_GROSS,ALL5,SELECTIVE_FILL_NO_ZERO_OVERRIDE,2025,250,0.8699875720586876,-0.13637735511562443,2.2877518485516344,3.6432438337538704,6.379267080822094,1.5156929082334922
LEGACY_GROSS100,EARLY1_CURRENT_LIQ,LAG1_GROSS,ALL5,SELECTIVE_FILL_NO_ZERO_OVERRIDE,2026,54,-0.265346704808716,-0.2021076397030429,-0.5899376872991924,-0.7835324239345913,-1.3128979448703195,0.9024387092013332
LEGACY_GROSS100,EARLY1_CURRENT_LIQ,LAG1_GROSS,ALL10,SELECTIVE_FILL_NO_ZERO_OVERRIDE,FULL,2568,0.48041819535344144,-0.2863517436451517,1.4996458291299777,2.2673865709958743,1.6777205168646632,1.335944038397682
LEGACY_GROSS100,EARLY1_CURRENT_LIQ,LAG1_GROSS,ALL10,SELECTIVE_FILL_NO_ZERO_OVERRIDE,2016_2020,1259,0.5368245388679365,-0.26270413700362194,1.6478986486632936,2.5836256349714626,2.043456738028207,1.3893893167161169
LEGACY_GROSS100,EARLY1_CURRENT_LIQ,LAG1_GROSS,ALL10,SELECTIVE_FILL_NO_ZERO_OVERRIDE,2021_2025,1255,0.4706170376546408,-0.2863517436451515,1.4808250586344163,2.191783031436291,1.6434928304045244,1.3212286775374527
LEGACY_GROSS100,EARLY1_CURRENT_LIQ,LAG1_GROSS,ALL10,SELECTIVE_FILL_NO_ZERO_OVERRIDE,2022_2025,1003,0.46829164586192285,-0.19060522079507325,1.5538731527095846,2.3020358444627655,2.456866836640328,1.3549095609445285
LEGACY_GROSS100,EARLY1_CURRENT_LIQ,LAG1_GROSS,ALL10,SELECTIVE_FILL_NO_ZERO_OVERRIDE,2022_2026_AVAILABLE,1057,0.4160435426989264,-0.20377268963791673,1.3895769142270122,2.0324123827744325,2.041704133356601,1.3100713447769559
LEGACY_GROSS100,EARLY1_CURRENT_LIQ,LAG1_GROSS,ALL10,SELECTIVE_FILL_NO_ZERO_OVERRIDE,2016,252,0.3025646964226103,-0.14588749956967517,1.4605155265295537,2.1882231609159484,2.073959025379737,1.3174248275196243
LEGACY_GROSS100,EARLY1_CURRENT_LIQ,LAG1_GROSS,ALL10,SELECTIVE_FILL_NO_ZERO_OVERRIDE,2017,251,0.3714124673661614,-0.13002709127569,1.7768255953058814,2.503894695619692,2.8564237169519844,1.3346728012594369
LEGACY_GROSS100,EARLY1_CURRENT_LIQ,LAG1_GROSS,ALL10,SELECTIVE_FILL_NO_ZERO_OVERRIDE,2018,251,0.2609747206132249,-0.2627041370036217,0.8557270412081114,1.2710238240173715,0.9934168665551963,1.1880667969329952
LEGACY_GROSS100,EARLY1_CURRENT_LIQ,LAG1_GROSS,ALL10,SELECTIVE_FILL_NO_ZERO_OVERRIDE,2019,252,0.414103059828393,-0.12260019461497018,1.6454811401743814,2.606437411679516,3.377670493337281,1.3476906007995622
LEGACY_GROSS100,EARLY1_CURRENT_LIQ,LAG1_GROSS,ALL10,SELECTIVE_FILL_NO_ZERO_OVERRIDE,2020,253,1.6820674192646066,-0.254537324067307,2.6057688005437734,4.398180995524594,6.608333082105552,1.6923741188843504
LEGACY_GROSS100,EARLY1_CURRENT_LIQ,LAG1_GROSS,ALL10,SELECTIVE_FILL_NO_ZERO_OVERRIDE,2021,252,0.4799090236242427,-0.2863517436451515,1.2912150229588375,1.9104097849480985,1.675942383011812,1.2378601865236145
LEGACY_GROSS100,EARLY1_CURRENT_LIQ,LAG1_GROSS,ALL10,SELECTIVE_FILL_NO_ZERO_OVERRIDE,2022,251,-0.0989689074559853,-0.15460322101772694,-0.4291704573679026,-0.5392520096025074,-0.6401477718542322,0.8872161625694096
LEGACY_GROSS100,EARLY1_CURRENT_LIQ,LAG1_GROSS,ALL10,SELECTIVE_FILL_NO_ZERO_OVERRIDE,2023,250,0.6116388445885945,-0.13987592529562032,2.1626610748341166,3.303430531951771,4.372724207514112,1.4830445955580722
LEGACY_GROSS100,EARLY1_CURRENT_LIQ,LAG1_GROSS,ALL10,SELECTIVE_FILL_NO_ZERO_OVERRIDE,2024,252,0.7256235139747658,-0.19060522079507336,1.7844174419771432,2.6459452176643086,3.8069445891773874,1.3658666931641814
LEGACY_GROSS100,EARLY1_CURRENT_LIQ,LAG1_GROSS,ALL10,SELECTIVE_FILL_NO_ZERO_OVERRIDE,2025,250,0.856021391711328,-0.1368877869873002,2.2628279084009493,3.597216094447842,6.253453361699431,1.508645158497459
LEGACY_GROSS100,EARLY1_CURRENT_LIQ,LAG1_GROSS,ALL10,SELECTIVE_FILL_NO_ZERO_OVERRIDE,2026,54,-0.2775626658846817,-0.20377268963791673,-0.6326274247765473,-0.8388843910066854,-1.3621190669754726,0.8957993140329491
LEGACY_GROSS100,EARLY1_CURRENT_LIQ,LAG1_GROSS,ALL20,SELECTIVE_FILL_NO_ZERO_OVERRIDE,FULL,2568,0.45345441449704715,-0.2882252766160607,1.4364438032033613,2.1644198108318315,1.5732638713053784,1.319427626872508
LEGACY_GROSS100,EARLY1_CURRENT_LIQ,LAG1_GROSS,ALL20,SELECTIVE_FILL_NO_ZERO_OVERRIDE,2016_2020,1259,0.5089569912961371,-0.26508929380668567,1.5838244195547306,2.473627322247965,1.9199454794552742,1.3713804899848498
LEGACY_GROSS100,EARLY1_CURRENT_LIQ,LAG1_GROSS,ALL20,SELECTIVE_FILL_NO_ZERO_OVERRIDE,2021_2025,1255,0.4446561614235911,-0.2882252766160611,1.4196704103540105,2.0947741755851803,1.5427382589206715,1.3058099925262603
LEGACY_GROSS100,EARLY1_CURRENT_LIQ,LAG1_GROSS,ALL20,SELECTIVE_FILL_NO_ZERO_OVERRIDE,2022_2025,1003,0.44547025722399525,-0.1970729164272773,1.4964494151232188,2.2102768969084914,2.2604336775438143,1.3394307890882735
LEGACY_GROSS100,EARLY1_CURRENT_LIQ,LAG1_GROSS,ALL20,SELECTIVE_FILL_NO_ZERO_OVERRIDE,2022_2026_AVAILABLE,1057,0.3927605438230235,-0.2070942102022829,1.330291986850607,1.939826359438354,1.8965307791047743,1.294761923750874
LEGACY_GROSS100,EARLY1_CURRENT_LIQ,LAG1_GROSS,ALL20,SELECTIVE_FILL_NO_ZERO_OVERRIDE,2016,252,0.2752252662402399,-0.15175853596189082,1.3506702843875802,2.009874349323393,1.8135735462640052,1.29003094358329
LEGACY_GROSS100,EARLY1_CURRENT_LIQ,LAG1_GROSS,ALL20,SELECTIVE_FILL_NO_ZERO_OVERRIDE,2017,251,0.34162290044178967,-0.13250904410725106,1.6598157961538227,2.325707610738852,2.5781100659460243,1.309985322601675
LEGACY_GROSS100,EARLY1_CURRENT_LIQ,LAG1_GROSS,ALL20,SELECTIVE_FILL_NO_ZERO_OVERRIDE,2018,251,0.24050994289083905,-0.26508929380668567,0.8074888193454254,1.1960644188465612,0.9072789754618649,1.1763272461710068
LEGACY_GROSS100,EARLY1_CURRENT_LIQ,LAG1_GROSS,ALL20,SELECTIVE_FILL_NO_ZERO_OVERRIDE,2019,252,0.3959175433963469,-0.12452263052625623,1.588045394444678,2.5072625061754046,3.179482650849282,1.3331319015303666
LEGACY_GROSS100,EARLY1_CURRENT_LIQ,LAG1_GROSS,ALL20,SELECTIVE_FILL_NO_ZERO_OVERRIDE,2020,253,1.6315298011048847,-0.25763390726946334,2.5589705991409604,4.303366293825101,6.332744856438644,1.6757571707995513
LEGACY_GROSS100,EARLY1_CURRENT_LIQ,LAG1_GROSS,ALL20,SELECTIVE_FILL_NO_ZERO_OVERRIDE,2021,252,0.4414204725539741,-0.2882252766160611,1.2169078849328137,1.7946004281753483,1.5315120094133212,1.2225674925497558
LEGACY_GROSS100,EARLY1_CURRENT_LIQ,LAG1_GROSS,ALL20,SELECTIVE_FILL_NO_ZERO_OVERRIDE,2022,251,-0.11058498485377144,-0.15624347637404612,-0.4952269248706856,-0.620487884617456,-0.7077734534594682,0.8712600308337064
LEGACY_GROSS100,EARLY1_CURRENT_LIQ,LAG1_GROSS,ALL20,SELECTIVE_FILL_NO_ZERO_OVERRIDE,2023,250,0.5881278831192722,-0.14239104649248358,2.1011731890239416,3.2018548318413997,4.130371238969143,1.4663178488934383
LEGACY_GROSS100,EARLY1_CURRENT_LIQ,LAG1_GROSS,ALL20,SELECTIVE_FILL_NO_ZERO_OVERRIDE,2024,252,0.6915153899720694,-0.1970729164272773,1.7250166881736348,2.550318514853843,3.5089316305279743,1.3513694408213748
LEGACY_GROSS100,EARLY1_CURRENT_LIQ,LAG1_GROSS,ALL20,SELECTIVE_FILL_NO_ZERO_OVERRIDE,2025,250,0.8283874955885031,-0.137907934943597,2.2127440897869906,3.5052086471027337,6.006815314342178,1.4946065028846458
LEGACY_GROSS100,EARLY1_CURRENT_LIQ,LAG1_GROSS,ALL20,SELECTIVE_FILL_NO_ZERO_OVERRIDE,2026,54,-0.30140350940266225,-0.2070942102022829,-0.7179435734785987,-0.9489415185528723,-1.455393219869648,0.882716974697016
LEGACY_GROSS100,NO_PROMOTE,SAME_DAY_GROSS,BASE,NATIVE_NO_FILL,FULL,2568,0.5050732451620772,-0.2746128456126936,1.566918792693357,2.395840438618557,1.8392192981184083,1.3549466479368668
LEGACY_GROSS100,NO_PROMOTE,SAME_DAY_GROSS,BASE,NATIVE_NO_FILL,2016_2020,1259,0.5754504611084432,-0.23904234249010903,1.7478399238411246,2.7815314599175265,2.4073160223998973,1.421635447781392
LEGACY_GROSS100,NO_PROMOTE,SAME_DAY_GROSS,BASE,NATIVE_NO_FILL,2021_2025,1255,0.48021963681561064,-0.27461284561269395,1.5178341077921536,2.268436477040526,1.7487151256314448,1.3295349858931438
LEGACY_GROSS100,NO_PROMOTE,SAME_DAY_GROSS,BASE,NATIVE_NO_FILL,2022_2025,1003,0.48042504223418914,-0.20091414600385948,1.6003765652719293,2.4116133871918324,2.3911957011974674,1.3652881731025777
LEGACY_GROSS100,NO_PROMOTE,SAME_DAY_GROSS,BASE,NATIVE_NO_FILL,2022_2026_AVAILABLE,1057,0.43119510299010266,-0.20091414600385948,1.4346383210110716,2.1283925896009825,2.1461659697262907,1.3210057106327882
LEGACY_GROSS100,NO_PROMOTE,SAME_DAY_GROSS,BASE,NATIVE_NO_FILL,2016,252,0.31048993785954293,-0.15045942278180013,1.5448482336334277,2.368555681459772,2.0636124485857086,1.3316153877342645
LEGACY_GROSS100,NO_PROMOTE,SAME_DAY_GROSS,BASE,NATIVE_NO_FILL,2017,251,0.3502342017503828,-0.121073907170822,1.7631362757552842,2.551539486456675,2.892730646383128,1.3256623662255989
LEGACY_GROSS100,NO_PROMOTE,SAME_DAY_GROSS,BASE,NATIVE_NO_FILL,2018,251,0.30762514175660804,-0.23904234249010936,0.9680982374945185,1.447286856720908,1.286906489252365,1.2166228750690784
LEGACY_GROSS100,NO_PROMOTE,SAME_DAY_GROSS,BASE,NATIVE_NO_FILL,2019,252,0.4715220539053624,-0.12411450247920452,1.8381733132507407,2.922554238303236,3.799089103099505,1.3978795594859479
LEGACY_GROSS100,NO_PROMOTE,SAME_DAY_GROSS,BASE,NATIVE_NO_FILL,2020,253,1.8400656733381968,-0.2305803816527342,2.7376614626820674,4.69256933720076,7.980148441724021,1.7554593081368377
LEGACY_GROSS100,NO_PROMOTE,SAME_DAY_GROSS,BASE,NATIVE_NO_FILL,2021,252,0.47940237306280276,-0.27461284561269395,1.3006751828039476,1.9107453035884396,1.7457390676433908,1.240695323396647
LEGACY_GROSS100,NO_PROMOTE,SAME_DAY_GROSS,BASE,NATIVE_NO_FILL,2022,251,-0.03389829485944873,-0.13126922687297016,-0.1039980832102128,-0.1372614626166318,-0.2582348937900904,0.972536133098963
LEGACY_GROSS100,NO_PROMOTE,SAME_DAY_GROSS,BASE,NATIVE_NO_FILL,2023,250,0.609369385698709,-0.15599886253026285,2.1589349493298036,3.2594492013684073,3.9062424931495574,1.4845851277304325
LEGACY_GROSS100,NO_PROMOTE,SAME_DAY_GROSS,BASE,NATIVE_NO_FILL,2024,252,0.7884113307220613,-0.19926021093817825,1.8584587714768397,2.793319245879364,3.9566922418177652,1.384969414810877
LEGACY_GROSS100,NO_PROMOTE,SAME_DAY_GROSS,BASE,NATIVE_NO_FILL,2025,250,0.7277643178769291,-0.11713905980708461,2.0646701256824564,3.319584860307357,6.212823622414917,1.4485123931035633
LEGACY_GROSS100,NO_PROMOTE,SAME_DAY_GROSS,BASE,NATIVE_NO_FILL,2026,54,-0.23635657048334402,-0.20015971217787476,-0.4495612437659622,-0.6011367741180111,-1.1808398798720414,0.9236574406417528
LEGACY_GROSS100,NO_PROMOTE,SAME_DAY_GROSS,ALL5,NATIVE_NO_FILL,FULL,2568,0.49741226782250725,-0.2752074040128697,1.5492209169161866,2.36690385258848,1.8074087418056763,1.3502191999359632
LEGACY_GROSS100,NO_PROMOTE,SAME_DAY_GROSS,ALL5,NATIVE_NO_FILL,2016_2020,1259,0.5677967737366314,-0.23941381825187225,1.7307121011220141,2.7519030020697057,2.3716123734315455,1.4166265426044562
LEGACY_GROSS100,NO_PROMOTE,SAME_DAY_GROSS,ALL5,NATIVE_NO_FILL,2021_2025,1255,0.4727125857566439,-0.2752074040128696,1.5000655978152917,2.2402448042461547,1.7176594047394826,1.3250333485409667
LEGACY_GROSS100,NO_PROMOTE,SAME_DAY_GROSS,ALL5,NATIVE_NO_FILL,2022_2025,1003,0.4738436550633687,-0.20165065182964836,1.5836632939363884,2.384887913522524,2.349824564235305,1.360783423247653
LEGACY_GROSS100,NO_PROMOTE,SAME_DAY_GROSS,ALL5,NATIVE_NO_FILL,2022_2026_AVAILABLE,1057,0.42435830027946464,-0.20165065182964836,1.4172917002690817,2.101258688343928,2.1044231517682204,1.3165056760075042
LEGACY_GROSS100,NO_PROMOTE,SAME_DAY_GROSS,ALL5,NATIVE_NO_FILL,2016,252,0.3026588141101907,-0.15221267006220374,1.5128860157827664,2.316049149495567,1.9883943563075606,1.32344186193179
LEGACY_GROSS100,NO_PROMOTE,SAME_DAY_GROSS,ALL5,NATIVE_NO_FILL,2017,251,0.34080646725595165,-0.12200629165157306,1.724132580578033,2.490639324794476,2.793351577550038,1.3176020605765664
LEGACY_GROSS100,NO_PROMOTE,SAME_DAY_GROSS,ALL5,NATIVE_NO_FILL,2018,251,0.30205777246652366,-0.23941381825187225,0.9556335261198777,1.4275362506063978,1.2616555496756985,1.2135131889351578
LEGACY_GROSS100,NO_PROMOTE,SAME_DAY_GROSS,ALL5,NATIVE_NO_FILL,2019,252,0.4670189199688801,-0.12469710967731029,1.8239302285168024,2.8978813250783593,3.745226502662541,1.3941173059629342
LEGACY_GROSS100,NO_PROMOTE,SAME_DAY_GROSS,ALL5,NATIVE_NO_FILL,2020,253,1.8286515120865485,-0.23232992423533616,2.727737490589586,4.672466144343961,7.870925444086295,1.7516099314545446
LEGACY_GROSS100,NO_PROMOTE,SAME_DAY_GROSS,ALL5,NATIVE_NO_FILL,2021,252,0.4682193466405027,-0.2752074040128696,1.279079967663013,1.8772752643166346,1.7013326669750761,1.236193718775596
LEGACY_GROSS100,NO_PROMOTE,SAME_DAY_GROSS,ALL5,NATIVE_NO_FILL,2022,251,-0.03824280331749541,-0.13160892036088445,-0.12916379276991852,-0.17030543010240373,-0.29057911281872023,0.9660363621704745
LEGACY_GROSS100,NO_PROMOTE,SAME_DAY_GROSS,ALL5,NATIVE_NO_FILL,2023,250,0.603920815294732,-0.15670251527886359,2.144443036571155,3.2359638895805847,3.853931854380325,1.4806161270978395
LEGACY_GROSS100,NO_PROMOTE,SAME_DAY_GROSS,ALL5,NATIVE_NO_FILL,2024,252,0.7779256261553034,-0.20077366804500152,1.8413986154062407,2.7662138344702623,3.874639706143829,1.3807568174347462
LEGACY_GROSS100,NO_PROMOTE,SAME_DAY_GROSS,ALL5,NATIVE_NO_FILL,2025,250,0.7208125033794843,-0.11741820074670173,2.0504392202782444,3.2944366259064313,6.138848141051351,1.444919454612873
LEGACY_GROSS100,NO_PROMOTE,SAME_DAY_GROSS,ALL5,NATIVE_NO_FILL,2026,54,-0.24468951792615867,-0.20119703474570716,-0.4762911115602783,-0.6363035778018852,-1.2161686092214115,0.9193129180894312
LEGACY_GROSS100,NO_PROMOTE,SAME_DAY_GROSS,ALL10,NATIVE_NO_FILL,FULL,2568,0.48446755288121857,-0.2761607017818305,1.5192610874230643,2.317470055923462,1.7542957768985987,1.34217796819158
LEGACY_GROSS100,NO_PROMOTE,SAME_DAY_GROSS,ALL10,NATIVE_NO_FILL,2016_2020,1259,0.5543709220340627,-0.24054907311163787,1.7007313407063995,2.6992754485136827,2.304606352720309,1.4077396255459254
LEGACY_GROSS100,NO_PROMOTE,SAME_DAY_GROSS,ALL10,NATIVE_NO_FILL,2021_2025,1255,0.4603728273997334,-0.2761607017818303,1.4707527316366331,2.193477572282338,1.6670468478293212,1.31763561420019
LEGACY_GROSS100,NO_PROMOTE,SAME_DAY_GROSS,ALL10,NATIVE_NO_FILL,2022_2025,1003,0.4631978717427958,-0.20394131607775157,1.5565814659561068,2.341199006960547,2.2712311592919407,1.3534933970931233
LEGACY_GROSS100,NO_PROMOTE,SAME_DAY_GROSS,ALL10,NATIVE_NO_FILL,2022_2026_AVAILABLE,1057,0.4133785562915637,-0.20394131607775157,1.389326795664566,2.0572055298906635,2.0269485567797614,1.3092407527735928
LEGACY_GROSS100,NO_PROMOTE,SAME_DAY_GROSS,ALL10,NATIVE_NO_FILL,2016,252,0.29074982628602664,-0.15481081677992314,1.464038920809409,2.2349469846301564,1.8780976183295541,1.3109792417416322
LEGACY_GROSS100,NO_PROMOTE,SAME_DAY_GROSS,ALL10,NATIVE_NO_FILL,2017,251,0.3267787620821283,-0.12293794858024254,1.665558008830987,2.3988999430799507,2.6580788589361997,1.30539472220622
LEGACY_GROSS100,NO_PROMOTE,SAME_DAY_GROSS,ALL10,NATIVE_NO_FILL,2018,251,0.29162083490154234,-0.24054907311163798,0.9320127800684422,1.3902941562416322,1.212313276161335,1.207606528036437
LEGACY_GROSS100,NO_PROMOTE,SAME_DAY_GROSS,ALL10,NATIVE_NO_FILL,2019,252,0.45822202453124117,-0.12562990035531763,1.796403726098379,2.8497286454972444,3.6473962268158853,1.3868313064653197
LEGACY_GROSS100,NO_PROMOTE,SAME_DAY_GROSS,ALL10,NATIVE_NO_FILL,2020,253,1.8026324651204888,-0.2348993406941967,2.7059232962133657,4.626844252429695,7.674063536292521,1.742919277561422
LEGACY_GROSS100,NO_PROMOTE,SAME_DAY_GROSS,ALL10,NATIVE_NO_FILL,2021,252,0.4491826570471924,-0.2761607017818303,1.2419581362607794,1.8197822958801406,1.6265263455263494,1.2285200563877248
LEGACY_GROSS100,NO_PROMOTE,SAME_DAY_GROSS,ALL10,NATIVE_NO_FILL,2022,251,-0.044150276232543195,-0.13216200075019136,-0.16361476423923726,-0.21541540071949394,-0.33406180280211345,0.9572370550812713
LEGACY_GROSS100,NO_PROMOTE,SAME_DAY_GROSS,ALL10,NATIVE_NO_FILL,2023,250,0.5933082009137409,-0.1576591435069643,2.116791468098105,3.1909661621243908,3.7632336933730244,1.4732050315507874
LEGACY_GROSS100,NO_PROMOTE,SAME_DAY_GROSS,ALL10,NATIVE_NO_FILL,2024,252,0.760342856693005,-0.2039413160777519,1.8123729874768604,2.7193159319966567,3.728243356059971,1.373546129167096
LEGACY_GROSS100,NO_PROMOTE,SAME_DAY_GROSS,ALL10,NATIVE_NO_FILL,2025,250,0.7101053690207313,-0.11782964365178816,2.0285165497472306,3.2552085553516408,6.026542617062009,1.4392592270210376
LEGACY_GROSS100,NO_PROMOTE,SAME_DAY_GROSS,ALL10,NATIVE_NO_FILL,2026,54,-0.257289312678437,-0.20286308392780728,-0.5171599775884651,-0.6898608706756347,-1.2682904533286026,0.9127897272992677
LEGACY_GROSS100,NO_PROMOTE,SAME_DAY_GROSS,ALL20,NATIVE_NO_FILL,FULL,2568,0.45889866773527554,-0.2780646958419478,1.4591418613993739,2.2186908546192994,1.6503305690993362,1.3262126849098848
LEGACY_GROSS100,NO_PROMOTE,SAME_DAY_GROSS,ALL20,NATIVE_NO_FILL,2016_2020,1259,0.5278485348459205,-0.24281541966394193,1.6405324761090325,2.594106226603092,2.173867440447012,1.3901460396872465
LEGACY_GROSS100,NO_PROMOTE,SAME_DAY_GROSS,ALL20,NATIVE_NO_FILL,2021_2025,1255,0.4359891400982896,-0.2780646958419487,1.4119476802701427,2.1000093986565935,1.5679413698246136,1.3029095621525537
LEGACY_GROSS100,NO_PROMOTE,SAME_DAY_GROSS,ALL20,NATIVE_NO_FILL,2022_2025,1003,0.4421254234537557,-0.21024339302720918,1.502267036134776,2.253862000379053,2.1029218425738447,1.339008933991859
LEGACY_GROSS100,NO_PROMOTE,SAME_DAY_GROSS,ALL20,NATIVE_NO_FILL,2022_2026_AVAILABLE,1057,0.3916607150092688,-0.21024339302720918,1.333260779971448,1.969174275069395,1.8628919052813282,1.2948104249734755
LEGACY_GROSS100,NO_PROMOTE,SAME_DAY_GROSS,ALL20,NATIVE_NO_FILL,2016,252,0.26724465585696655,-0.15998647727427617,1.3658678062766314,2.0731379144782807,1.6704202780764406,1.286501883098302
LEGACY_GROSS100,NO_PROMOTE,SAME_DAY_GROSS,ALL20,NATIVE_NO_FILL,2017,251,0.2991463512293071,-0.12479908130857054,1.5478713641660202,2.216343394310398,2.3970236646987506,1.2812856938819923
LEGACY_GROSS100,NO_PROMOTE,SAME_DAY_GROSS,ALL20,NATIVE_NO_FILL,2018,251,0.27098586994922713,-0.24281541966394204,0.8845982166217828,1.3158680538932837,1.1160159034556913,1.1958719982609112
LEGACY_GROSS100,NO_PROMOTE,SAME_DAY_GROSS,ALL20,NATIVE_NO_FILL,2019,252,0.440777783916102,-0.1274937149202492,1.7412317604904772,2.7533678264597734,3.457251082469599,1.372361056670688
LEGACY_GROSS100,NO_PROMOTE,SAME_DAY_GROSS,ALL20,NATIVE_NO_FILL,2020,253,1.7512804106108684,-0.24001505229523468,2.66210180859931,4.535581627753941,7.296544086979493,1.7257095439509513
LEGACY_GROSS100,NO_PROMOTE,SAME_DAY_GROSS,ALL20,NATIVE_NO_FILL,2021,252,0.41182344125212644,-0.2780646958419487,1.1674568344282787,1.7049527823624,1.4810346203971392,1.2132094700443437
LEGACY_GROSS100,NO_PROMOTE,SAME_DAY_GROSS,ALL20,NATIVE_NO_FILL,2022,251,-0.05586202161986642,-0.13326776825530973,-0.23241366864731927,-0.3050928211183885,-0.4191712846338652,0.9399691064743755
LEGACY_GROSS100,NO_PROMOTE,SAME_DAY_GROSS,ALL20,NATIVE_NO_FILL,2023,250,0.5722825619102447,-0.1595696652189611,2.0611730690607715,3.100797722421165,3.5864119983266245,1.458288441956546
LEGACY_GROSS100,NO_PROMOTE,SAME_DAY_GROSS,ALL20,NATIVE_NO_FILL,2024,252,0.7256772134076666,-0.21024339302720918,1.7541896228470335,2.62557508527232,3.4516053178125374,1.3592686654529929
LEGACY_GROSS100,NO_PROMOTE,SAME_DAY_GROSS,ALL20,NATIVE_NO_FILL,2025,250,0.6888797199871812,-0.11865204656531603,1.9845208180418907,3.1767658407332013,5.805881482271476,1.42796007770021
LEGACY_GROSS100,NO_PROMOTE,SAME_DAY_GROSS,ALL20,NATIVE_NO_FILL,2026,54,-0.2818772968339943,-0.20618662682455702,-0.5988657924147243,-0.7964105483925499,-1.367097862626377,0.8999494681751764
LEGACY_GROSS100,NO_PROMOTE,SAME_DAY_GROSS,BASE,SELECTIVE_FILL_NO_ZERO_OVERRIDE,FULL,2568,0.5273066308506935,-0.2800698393418771,1.6012617516299306,2.462769060472595,1.882768355527987,1.3649631850142763
LEGACY_GROSS100,NO_PROMOTE,SAME_DAY_GROSS,BASE,SELECTIVE_FILL_NO_ZERO_OVERRIDE,2016_2020,1259,0.6055607262060863,-0.24479097900449676,1.7929257641185872,2.8724551288586055,2.473786937201482,1.4347804653262364
LEGACY_GROSS100,NO_PROMOTE,SAME_DAY_GROSS,BASE,SELECTIVE_FILL_NO_ZERO_OVERRIDE,2021_2025,1255,0.49661295514620885,-0.28006983934187724,1.5412799959406032,2.3156555416564744,1.7731754205064563,1.3371026150352325
LEGACY_GROSS100,NO_PROMOTE,SAME_DAY_GROSS,BASE,SELECTIVE_FILL_NO_ZERO_OVERRIDE,2022_2025,1003,0.49707539324316086,-0.1992602109381787,1.6193907624510333,2.458549682926851,2.494604371353298,1.3734210704595098
LEGACY_GROSS100,NO_PROMOTE,SAME_DAY_GROSS,BASE,SELECTIVE_FILL_NO_ZERO_OVERRIDE,2022_2026_AVAILABLE,1057,0.44646504750242544,-0.20015971217787498,1.4553132137350238,2.1740435297976375,2.2305440123018734,1.3285852036249342
LEGACY_GROSS100,NO_PROMOTE,SAME_DAY_GROSS,BASE,SELECTIVE_FILL_NO_ZERO_OVERRIDE,2016,252,0.31479426340522343,-0.1513554325719848,1.5033574667737788,2.2733376990832976,2.0798345857556644,1.3278953471076484
LEGACY_GROSS100,NO_PROMOTE,SAME_DAY_GROSS,BASE,SELECTIVE_FILL_NO_ZERO_OVERRIDE,2017,251,0.38658539057400576,-0.11409298114936439,1.8829450943787727,2.758020120416939,3.3883363085053317,1.350562568345698
LEGACY_GROSS100,NO_PROMOTE,SAME_DAY_GROSS,BASE,SELECTIVE_FILL_NO_ZERO_OVERRIDE,2018,251,0.30549764698546333,-0.24479097900449653,0.9591288974832519,1.436165140551337,1.2479938935161974,1.2131076285029854
LEGACY_GROSS100,NO_PROMOTE,SAME_DAY_GROSS,BASE,SELECTIVE_FILL_NO_ZERO_OVERRIDE,2019,252,0.4978786620391289,-0.12411450247920452,1.909984259914467,3.0502902291077416,4.011446302357364,1.4152192483923747
LEGACY_GROSS100,NO_PROMOTE,SAME_DAY_GROSS,BASE,SELECTIVE_FILL_NO_ZERO_OVERRIDE,2020,253,1.981265956714612,-0.19217141965600415,2.8183854433387787,4.905343402595856,10.309888745481357,1.7896038369697473
LEGACY_GROSS100,NO_PROMOTE,SAME_DAY_GROSS,BASE,SELECTIVE_FILL_NO_ZERO_OVERRIDE,2021,252,0.494773793402314,-0.28006983934187724,1.3298100231340948,1.9528457904341012,1.7666086236381586,1.2462659342670492
LEGACY_GROSS100,NO_PROMOTE,SAME_DAY_GROSS,BASE,SELECTIVE_FILL_NO_ZERO_OVERRIDE,2022,251,-0.04190961594085174,-0.13126922687297038,-0.138765927832838,-0.17975069052966558,-0.31926459033241505,0.9627019484524542
LEGACY_GROSS100,NO_PROMOTE,SAME_DAY_GROSS,BASE,SELECTIVE_FILL_NO_ZERO_OVERRIDE,2023,250,0.6020344183622353,-0.15871500725165477,2.120619527301908,3.21480310219369,3.7931789109750893,1.473154430366527
LEGACY_GROSS100,NO_PROMOTE,SAME_DAY_GROSS,BASE,SELECTIVE_FILL_NO_ZERO_OVERRIDE,2024,252,0.7884113307220613,-0.19926021093817825,1.8584587714768397,2.793319245879364,3.9566922418177652,1.384969414810877
LEGACY_GROSS100,NO_PROMOTE,SAME_DAY_GROSS,BASE,SELECTIVE_FILL_NO_ZERO_OVERRIDE,2025,250,0.830570717348015,-0.11693296651195273,2.1956566135422824,3.66495530677041,7.102964562719062,1.4943614569360832
LEGACY_GROSS100,NO_PROMOTE,SAME_DAY_GROSS,BASE,SELECTIVE_FILL_NO_ZERO_OVERRIDE,2026,54,-0.23635657048334402,-0.20015971217787476,-0.4495612437659622,-0.6011367741180111,-1.1808398798720414,0.9236574406417528
LEGACY_GROSS100,NO_PROMOTE,SAME_DAY_GROSS,ALL5,SELECTIVE_FILL_NO_ZERO_OVERRIDE,FULL,2568,0.5195341730243741,-0.28066026024710955,1.583804481988219,2.4339547804355934,1.851114128401884,1.3602461548347204
LEGACY_GROSS100,NO_PROMOTE,SAME_DAY_GROSS,ALL5,SELECTIVE_FILL_NO_ZERO_OVERRIDE,2016_2020,1259,0.5977631208904053,-0.24516007714818344,1.7760726000482776,2.8429164064028245,2.4382563745446046,1.4298021835927697
LEGACY_GROSS100,NO_PROMOTE,SAME_DAY_GROSS,ALL5,SELECTIVE_FILL_NO_ZERO_OVERRIDE,2021_2025,1255,0.48902394527140824,-0.28066026024710955,1.5237344582761483,2.2876218780032898,1.742405372391671,1.332598515513911
LEGACY_GROSS100,NO_PROMOTE,SAME_DAY_GROSS,ALL5,SELECTIVE_FILL_NO_ZERO_OVERRIDE,2022_2025,1003,0.4904210871925503,-0.20077366804500163,1.602966961743637,2.4320460239072186,2.4426564099163977,1.3689162316170655
LEGACY_GROSS100,NO_PROMOTE,SAME_DAY_GROSS,ALL5,SELECTIVE_FILL_NO_ZERO_OVERRIDE,2022_2026_AVAILABLE,1057,0.4395563104805873,-0.20119703474570705,1.4382322528477647,2.147099517157837,2.184705709187725,1.3240858033559437
LEGACY_GROSS100,NO_PROMOTE,SAME_DAY_GROSS,ALL5,SELECTIVE_FILL_NO_ZERO_OVERRIDE,2016,252,0.3069359537338505,-0.1532518811553999,1.472718101347799,2.2236456589660287,2.0028201378005432,1.3200198530395348
LEGACY_GROSS100,NO_PROMOTE,SAME_DAY_GROSS,ALL5,SELECTIVE_FILL_NO_ZERO_OVERRIDE,2017,251,0.3769075500384247,-0.11503317341018315,1.8446971829997765,2.6969677025354657,3.276511799726282,1.3425054231182505
LEGACY_GROSS100,NO_PROMOTE,SAME_DAY_GROSS,ALL5,SELECTIVE_FILL_NO_ZERO_OVERRIDE,2018,251,0.29993880627043557,-0.24516007714818344,0.946735199965972,1.416486297374184,1.2234406586890652,1.2100433352435804
LEGACY_GROSS100,NO_PROMOTE,SAME_DAY_GROSS,ALL5,SELECTIVE_FILL_NO_ZERO_OVERRIDE,2019,252,0.49329489844349395,-0.12469710967731029,1.8957768559658112,3.0254823758972647,3.955944927031883,1.4114220757843572
LEGACY_GROSS100,NO_PROMOTE,SAME_DAY_GROSS,ALL5,SELECTIVE_FILL_NO_ZERO_OVERRIDE,2020,253,1.969302671954337,-0.194003295606601,2.8087086516621746,4.885087432012766,10.15087226119952,1.7857008227843472
LEGACY_GROSS100,NO_PROMOTE,SAME_DAY_GROSS,ALL5,SELECTIVE_FILL_NO_ZERO_OVERRIDE,2021,252,0.4834760669021254,-0.28066026024710955,1.308244626684176,1.919371064129023,1.722638133651145,1.2417536659274202
LEGACY_GROSS100,NO_PROMOTE,SAME_DAY_GROSS,ALL5,SELECTIVE_FILL_NO_ZERO_OVERRIDE,2022,251,-0.046216306535411644,-0.13160892036088456,-0.16304504991365634,-0.21101530684856873,-0.35116393637058946,0.9563638280212877
LEGACY_GROSS100,NO_PROMOTE,SAME_DAY_GROSS,ALL5,SELECTIVE_FILL_NO_ZERO_OVERRIDE,2023,250,0.5966132661308794,-0.15941671701647298,2.106335912240539,3.1914250636325776,3.742476180018371,1.4692629420356096
LEGACY_GROSS100,NO_PROMOTE,SAME_DAY_GROSS,ALL5,SELECTIVE_FILL_NO_ZERO_OVERRIDE,2024,252,0.7779256261553034,-0.20077366804500152,1.8413986154062407,2.7662138344702623,3.874639706143829,1.3807568174347462
LEGACY_GROSS100,NO_PROMOTE,SAME_DAY_GROSS,ALL5,SELECTIVE_FILL_NO_ZERO_OVERRIDE,2025,250,0.8232042703008626,-0.11718900232610541,2.1819069925069585,3.6393988059401905,7.024586385760902,1.4906568526304476
LEGACY_GROSS100,NO_PROMOTE,SAME_DAY_GROSS,ALL5,SELECTIVE_FILL_NO_ZERO_OVERRIDE,2026,54,-0.24468951792615867,-0.20119703474570716,-0.4762911115602783,-0.6363035778018852,-1.2161686092214115,0.9193129180894312
LEGACY_GROSS100,NO_PROMOTE,SAME_DAY_GROSS,ALL10,SELECTIVE_FILL_NO_ZERO_OVERRIDE,FULL,2568,0.5056340031072715,-0.28168447662373386,1.5525461205332995,2.3818239860599366,1.7950368056053123,1.3517710214796301
LEGACY_GROSS100,NO_PROMOTE,SAME_DAY_GROSS,ALL10,SELECTIVE_FILL_NO_ZERO_OVERRIDE,2016_2020,1259,0.583218687979512,-0.24628390517297005,1.744742628936135,2.787143326673377,2.3680747126772497,1.4204309840783012
LEGACY_GROSS100,NO_PROMOTE,SAME_DAY_GROSS,ALL10,SELECTIVE_FILL_NO_ZERO_OVERRIDE,2021_2025,1255,0.47582077038327175,-0.2816844766237333,1.493105111292627,2.2383353733710187,1.6891977012239143,1.3247795541486085
LEGACY_GROSS100,NO_PROMOTE,SAME_DAY_GROSS,ALL10,SELECTIVE_FILL_NO_ZERO_OVERRIDE,2022_2025,1003,0.47900700239480876,-0.2039413160777518,1.574778945353652,2.3859963388014176,2.348749197108198,1.3612004770616868
LEGACY_GROSS100,NO_PROMOTE,SAME_DAY_GROSS,ALL10,SELECTIVE_FILL_NO_ZERO_OVERRIDE,2022_2026_AVAILABLE,1057,0.42786527226025517,-0.2039413160777518,1.409242611498576,2.10092683732893,2.097982304366092,1.3164440264835424
LEGACY_GROSS100,NO_PROMOTE,SAME_DAY_GROSS,ALL10,SELECTIVE_FILL_NO_ZERO_OVERRIDE,2016,252,0.29365691961174334,-0.15645568865962745,1.420660583300283,2.1380584442545647,1.8769334763570023,1.306656566071567
LEGACY_GROSS100,NO_PROMOTE,SAME_DAY_GROSS,ALL10,SELECTIVE_FILL_NO_ZERO_OVERRIDE,2017,251,0.3615928708279186,-0.11630797189025732,1.783570541078164,2.59857938203585,3.1089259399097804,1.329493964380762
LEGACY_GROSS100,NO_PROMOTE,SAME_DAY_GROSS,ALL10,SELECTIVE_FILL_NO_ZERO_OVERRIDE,2018,251,0.28946425125089026,-0.24628390517297005,0.9231549508756894,1.379194343417409,1.1753275190581123,1.2042121305456999
LEGACY_GROSS100,NO_PROMOTE,SAME_DAY_GROSS,ALL10,SELECTIVE_FILL_NO_ZERO_OVERRIDE,2019,252,0.48380914293157673,-0.12562990035531763,1.8668116871621572,2.97436554310997,3.851066836503291,1.4036556147925554
LEGACY_GROSS100,NO_PROMOTE,SAME_DAY_GROSS,ALL10,SELECTIVE_FILL_NO_ZERO_OVERRIDE,2020,253,1.9401563647823337,-0.19720360745001742,2.7860514332310453,4.836454814058597,9.8383411432982,1.7764626241344614
LEGACY_GROSS100,NO_PROMOTE,SAME_DAY_GROSS,ALL10,SELECTIVE_FILL_NO_ZERO_OVERRIDE,2021,252,0.46320694542974206,-0.2816844766237333,1.2691310283688295,1.8587849792313114,1.6444177222037042,1.2336611572898974
LEGACY_GROSS100,NO_PROMOTE,SAME_DAY_GROSS,ALL10,SELECTIVE_FILL_NO_ZERO_OVERRIDE,2022,251,-0.052126485261918876,-0.13216200075019136,-0.1966011004862531,-0.2540947370871048,-0.39441356037312714,0.9476996077483035
LEGACY_GROSS100,NO_PROMOTE,SAME_DAY_GROSS,ALL10,SELECTIVE_FILL_NO_ZERO_OVERRIDE,2023,250,0.5851133226033747,-0.16065880652401376,2.07655201432397,3.142380787090527,3.6419623378436925,1.4612751057125384
LEGACY_GROSS100,NO_PROMOTE,SAME_DAY_GROSS,ALL10,SELECTIVE_FILL_NO_ZERO_OVERRIDE,2024,252,0.760342856693005,-0.2039413160777519,1.8123729874768604,2.7193159319966567,3.728243356059971,1.373546129167096
LEGACY_GROSS100,NO_PROMOTE,SAME_DAY_GROSS,ALL10,SELECTIVE_FILL_NO_ZERO_OVERRIDE,2025,250,0.8098426437637911,-0.11774386617359056,2.1571299108072512,3.59219385794615,6.8780028215638405,1.4838262579221924
LEGACY_GROSS100,NO_PROMOTE,SAME_DAY_GROSS,ALL10,SELECTIVE_FILL_NO_ZERO_OVERRIDE,2026,54,-0.257289312678437,-0.20286308392780728,-0.5171599775884651,-0.6898608706756347,-1.2682904533286026,0.9127897272992677
LEGACY_GROSS100,NO_PROMOTE,SAME_DAY_GROSS,ALL20,SELECTIVE_FILL_NO_ZERO_OVERRIDE,FULL,2568,0.47819884614978125,-0.2837297235637961,1.4898125747667135,2.2776879079661003,1.6854027140454289,1.3349587415008177
LEGACY_GROSS100,NO_PROMOTE,SAME_DAY_GROSS,ALL20,SELECTIVE_FILL_NO_ZERO_OVERRIDE,2016_2020,1259,0.5545099234056106,-0.2485272249464856,1.681818913503428,2.6757298105848557,2.231183821108577,1.40188420578702
LEGACY_GROSS100,NO_PROMOTE,SAME_DAY_GROSS,ALL20,SELECTIVE_FILL_NO_ZERO_OVERRIDE,2021_2025,1255,0.44975047075683316,-0.2837297235637961,1.4316572842947166,2.139861923375204,1.5851369574809726,1.3092375100606748
LEGACY_GROSS100,NO_PROMOTE,SAME_DAY_GROSS,ALL20,SELECTIVE_FILL_NO_ZERO_OVERRIDE,2022_2025,1003,0.4564288020666527,-0.2102433930272095,1.5182425586050294,2.2939694822302616,2.170954318681406,1.3458909632867468
LEGACY_GROSS100,NO_PROMOTE,SAME_DAY_GROSS,ALL20,SELECTIVE_FILL_NO_ZERO_OVERRIDE,2022_2026_AVAILABLE,1057,0.4047551044201443,-0.2102433930272095,1.3511181255320015,2.0086846754919674,1.9251739547780284,1.3012824329735624
LEGACY_GROSS100,NO_PROMOTE,SAME_DAY_GROSS,ALL20,SELECTIVE_FILL_NO_ZERO_OVERRIDE,2016,252,0.2674876563629007,-0.1628309453289949,1.316072854067653,1.967643271296778,1.6427323186170184,1.2804276128952934
LEGACY_GROSS100,NO_PROMOTE,SAME_DAY_GROSS,ALL20,SELECTIVE_FILL_NO_ZERO_OVERRIDE,2017,251,0.3314554296992185,-0.11885335915347217,1.6606923330224959,2.4029895471353058,2.788776287519303,1.303820042807768
LEGACY_GROSS100,NO_PROMOTE,SAME_DAY_GROSS,ALL20,SELECTIVE_FILL_NO_ZERO_OVERRIDE,2018,251,0.26875675559610324,-0.24852722494648583,0.8758217629894369,1.3046852353210976,1.0813976442781001,1.1926232290467047
LEGACY_GROSS100,NO_PROMOTE,SAME_DAY_GROSS,ALL20,SELECTIVE_FILL_NO_ZERO_OVERRIDE,2019,252,0.4650087076631959,-0.1274937149202492,1.8087359710062223,2.8720631553847285,3.647306911984419,1.3882404307784815
LEGACY_GROSS100,NO_PROMOTE,SAME_DAY_GROSS,ALL20,SELECTIVE_FILL_NO_ZERO_OVERRIDE,2020,253,1.8826854479045454,-0.20356965865054788,2.7405136920849884,4.739178518518497,9.248359801675575,1.7581688440385097
LEGACY_GROSS100,NO_PROMOTE,SAME_DAY_GROSS,ALL20,SELECTIVE_FILL_NO_ZERO_OVERRIDE,2021,252,0.4234717738341087,-0.2837297235637961,1.1906333162295808,1.7378071174514125,1.4925181913092438,1.2175370198616937
LEGACY_GROSS100,NO_PROMOTE,SAME_DAY_GROSS,ALL20,SELECTIVE_FILL_NO_ZERO_OVERRIDE,2022,251,-0.06384236049406855,-0.13326776825531017,-0.2636310007781236,-0.33978374627937236,-0.47905327244440216,0.930690900132554
LEGACY_GROSS100,NO_PROMOTE,SAME_DAY_GROSS,ALL20,SELECTIVE_FILL_NO_ZERO_OVERRIDE,2023,250,0.5623499454946095,-0.16313825615456745,2.0166448974590745,3.044152504018675,3.447075865282045,1.4452348938215214
LEGACY_GROSS100,NO_PROMOTE,SAME_DAY_GROSS,ALL20,SELECTIVE_FILL_NO_ZERO_OVERRIDE,2024,252,0.7256772134076666,-0.21024339302720918,1.7541896228470335,2.62557508527232,3.4516053178125374,1.3592686654529929
LEGACY_GROSS100,NO_PROMOTE,SAME_DAY_GROSS,ALL20,SELECTIVE_FILL_NO_ZERO_OVERRIDE,2025,250,0.7833991992879645,-0.11885272930702229,2.1073966334567102,3.4978561296425035,6.591343790383434,1.4702670052048046
LEGACY_GROSS100,NO_PROMOTE,SAME_DAY_GROSS,ALL20,SELECTIVE_FILL_NO_ZERO_OVERRIDE,2026,54,-0.2818772968339943,-0.20618662682455702,-0.5988657924147243,-0.7964105483925499,-1.367097862626377,0.8999494681751764
LEGACY_GROSS100,NO_PROMOTE,LAG1_GROSS,BASE,NATIVE_NO_FILL,FULL,2568,0.5023513555448271,-0.2939816187669051,1.562996767211977,2.386301677510063,1.7087849153696109,1.3519063022092181
LEGACY_GROSS100,NO_PROMOTE,LAG1_GROSS,BASE,NATIVE_NO_FILL,2016_2020,1259,0.5716602020593147,-0.24544549691402828,1.7402416904657398,2.7567336813970527,2.3290718682834464,1.4170293871135737
LEGACY_GROSS100,NO_PROMOTE,LAG1_GROSS,BASE,NATIVE_NO_FILL,2021_2025,1255,0.47370193069536115,-0.2939816187669053,1.5054559085797214,2.2523638699402917,1.611331799186241,1.3247351194719128
LEGACY_GROSS100,NO_PROMOTE,LAG1_GROSS,BASE,NATIVE_NO_FILL,2022_2025,1003,0.47017174116978944,-0.19518752341852164,1.578288894610925,2.378881383054022,2.408820671194469,1.3573409143676836
LEGACY_GROSS100,NO_PROMOTE,LAG1_GROSS,BASE,NATIVE_NO_FILL,2022_2026_AVAILABLE,1057,0.4270734251964827,-0.1973808431838231,1.4282563243674748,2.118882168169402,2.16370250682709,1.317366097735795
LEGACY_GROSS100,NO_PROMOTE,LAG1_GROSS,BASE,NATIVE_NO_FILL,2016,252,0.34363525044356447,-0.13562769213130665,1.656625528590755,2.5776789438338454,2.5336658395018423,1.361333516563816
LEGACY_GROSS100,NO_PROMOTE,LAG1_GROSS,BASE,NATIVE_NO_FILL,2017,251,0.35872544109181015,-0.1290991757444777,1.7805635663485178,2.5643524546683385,2.7786811110384244,1.3306799923265282
LEGACY_GROSS100,NO_PROMOTE,LAG1_GROSS,BASE,NATIVE_NO_FILL,2018,251,0.3440480530573544,-0.23921027120474514,1.0484968308945433,1.5749896250435997,1.4382662221175126,1.2366164997595945
LEGACY_GROSS100,NO_PROMOTE,LAG1_GROSS,BASE,NATIVE_NO_FILL,2019,252,0.4302601514731996,-0.12250029961724873,1.7041795154931199,2.679155623260869,3.512319176504419,1.3650914123629592
LEGACY_GROSS100,NO_PROMOTE,LAG1_GROSS,BASE,NATIVE_NO_FILL,2020,253,1.723218649585832,-0.24544549691402862,2.655351095471347,4.497582786680161,7.020779241223635,1.7147135611859492
LEGACY_GROSS100,NO_PROMOTE,LAG1_GROSS,BASE,NATIVE_NO_FILL,2021,252,0.48783685803400334,-0.2939816187669053,1.3185387775197726,1.942846469818594,1.6594127894125368,1.2433844347681977
LEGACY_GROSS100,NO_PROMOTE,LAG1_GROSS,BASE,NATIVE_NO_FILL,2022,251,-0.045762792461898516,-0.1349679481282231,-0.16403260711358947,-0.21481639049333584,-0.3390641489075811,0.9569110385651401
LEGACY_GROSS100,NO_PROMOTE,LAG1_GROSS,BASE,NATIVE_NO_FILL,2023,250,0.5781915871243799,-0.1654398979205448,2.076087603886167,3.12190036516197,3.494873935440082,1.4628768807420784
LEGACY_GROSS100,NO_PROMOTE,LAG1_GROSS,BASE,NATIVE_NO_FILL,2024,252,0.8348778019074365,-0.19518752341852086,1.9558921996574365,2.97400155366092,4.27731131214413,1.4039185667396799
LEGACY_GROSS100,NO_PROMOTE,LAG1_GROSS,BASE,NATIVE_NO_FILL,2025,250,0.6905577073460849,-0.11611329045115693,1.988298616348088,3.175155290389443,5.947275326217442,1.4270320193761923
LEGACY_GROSS100,NO_PROMOTE,LAG1_GROSS,BASE,NATIVE_NO_FILL,2026,54,-0.1788230660076091,-0.19738084318382354,-0.2782052531756127,-0.371426253913749,-0.9059798464893003,0.9525165446011311
LEGACY_GROSS100,NO_PROMOTE,LAG1_GROSS,ALL5,NATIVE_NO_FILL,FULL,2568,0.49477183206054187,-0.2945199907358843,1.545403533575264,2.357496162170554,1.6799261429565802,1.3472212769549723
LEGACY_GROSS100,NO_PROMOTE,LAG1_GROSS,ALL5,NATIVE_NO_FILL,2016_2020,1259,0.5640813789658625,-0.2469135570129949,1.7230054440691678,2.7271197988646225,2.2845297997799907,1.4120130543419813
LEGACY_GROSS100,NO_PROMOTE,LAG1_GROSS,ALL5,NATIVE_NO_FILL,2021_2025,1255,0.46630577539620344,-0.294519990735884,1.4879672549107954,2.2243884567296073,1.5832737677028226,1.3203026469250538
LEGACY_GROSS100,NO_PROMOTE,LAG1_GROSS,ALL5,NATIVE_NO_FILL,2022_2025,1003,0.4636273527912773,-0.19674016678794592,1.5617189938784557,2.3521278748508143,2.356546506799461,1.3528619043214951
LEGACY_GROSS100,NO_PROMOTE,LAG1_GROSS,ALL5,NATIVE_NO_FILL,2022_2026_AVAILABLE,1057,0.42025387893226274,-0.1984060865331878,1.4110179536528327,2.0916844459479056,2.118150134784126,1.3128986585081126
LEGACY_GROSS100,NO_PROMOTE,LAG1_GROSS,ALL5,NATIVE_NO_FILL,2016,252,0.33550970217091325,-0.13741247600300022,1.6245317519879665,2.523268237313765,2.4416247485678655,1.352974904159373
LEGACY_GROSS100,NO_PROMOTE,LAG1_GROSS,ALL5,NATIVE_NO_FILL,2017,251,0.34920844858956346,-0.13002115039994822,1.7419668094063947,2.504350197453589,2.6857818709909105,1.3226168688007465
LEGACY_GROSS100,NO_PROMOTE,LAG1_GROSS,ALL5,NATIVE_NO_FILL,2018,251,0.33823524289251794,-0.2396366935465667,1.035628878860445,1.5544938674094522,1.4114501326433606,1.2332963346198045
LEGACY_GROSS100,NO_PROMOTE,LAG1_GROSS,ALL5,NATIVE_NO_FILL,2019,252,0.42590032849591,-0.12280463441906764,1.6904849906850625,2.6559844476370236,3.468112832310026,1.3614438752997744
LEGACY_GROSS100,NO_PROMOTE,LAG1_GROSS,ALL5,NATIVE_NO_FILL,2020,253,1.7131654733468493,-0.2469135570129941,2.645763588919092,4.478658848349796,6.938320819932508,1.7110962789084585
LEGACY_GROSS100,NO_PROMOTE,LAG1_GROSS,ALL5,NATIVE_NO_FILL,2021,252,0.47701498908302153,-0.294519990735884,1.2977416136425732,1.910395764091815,1.6196353527349971,1.2390553827556916
LEGACY_GROSS100,NO_PROMOTE,LAG1_GROSS,ALL5,NATIVE_NO_FILL,2022,251,-0.05000364405284963,-0.13530191890187504,-0.1884776993147058,-0.24661624707417049,-0.3695708417048671,0.9507088067530602
LEGACY_GROSS100,NO_PROMOTE,LAG1_GROSS,ALL5,NATIVE_NO_FILL,2023,250,0.5727578878946529,-0.16612684018980262,2.061675486247082,3.0986258579854726,3.4477143322552073,1.459007228780325
LEGACY_GROSS100,NO_PROMOTE,LAG1_GROSS,ALL5,NATIVE_NO_FILL,2024,252,0.8240718973521302,-0.19674016678794615,1.9385989660379794,2.945470739733512,4.188630673676034,1.399578065894522
LEGACY_GROSS100,NO_PROMOTE,LAG1_GROSS,ALL5,NATIVE_NO_FILL,2025,250,0.6837679848265239,-0.11635774122517994,1.9742639685019487,3.149953451730709,5.876428827397654,1.42338104825822
LEGACY_GROSS100,NO_PROMOTE,LAG1_GROSS,ALL5,NATIVE_NO_FILL,2026,54,-0.18772258286408772,-0.19840608653318748,-0.30495383902067347,-0.4067361240220558,-0.9461533471287297,0.9480487272104494
LEGACY_GROSS100,NO_PROMOTE,LAG1_GROSS,ALL10,NATIVE_NO_FILL,FULL,2568,0.4819272762892295,-0.2954068839713214,1.5155594675013382,2.308238637281316,1.6314016444383732,1.3392751605880626
LEGACY_GROSS100,NO_PROMOTE,LAG1_GROSS,ALL10,NATIVE_NO_FILL,2016_2020,1259,0.5507424976323931,-0.24918718331315803,1.6928971552178025,2.674583209654216,2.2101557965774874,1.4031851092290213
LEGACY_GROSS100,NO_PROMOTE,LAG1_GROSS,ALL10,NATIVE_NO_FILL,2021_2025,1255,0.4541183365939019,-0.29540688397132153,1.4589809679467576,2.177893942149244,1.5372638934101084,1.3130303103647165
LEGACY_GROSS100,NO_PROMOTE,LAG1_GROSS,ALL10,NATIVE_NO_FILL,2022_2025,1003,0.4530729881237727,-0.1999553504476903,1.5348482504528644,2.3085292556430117,2.2658707912009572,1.345681640295138
LEGACY_GROSS100,NO_PROMOTE,LAG1_GROSS,ALL10,NATIVE_NO_FILL,2022_2026_AVAILABLE,1057,0.40932746309855483,-0.1999553504476903,1.3832086346410553,2.047645533184106,2.0470943247184463,1.3057289566145833
LEGACY_GROSS100,NO_PROMOTE,LAG1_GROSS,ALL10,NATIVE_NO_FILL,2016,252,0.32320504774479697,-0.1400572253120056,1.5758336331686993,2.4400711658898535,2.3076642209981872,1.3402586297659222
LEGACY_GROSS100,NO_PROMOTE,LAG1_GROSS,ALL10,NATIVE_NO_FILL,2017,251,0.33506299523522265,-0.1309424085499904,1.6839916573234661,2.4139801205036155,2.558857737119631,1.3105443073583203
LEGACY_GROSS100,NO_PROMOTE,LAG1_GROSS,ALL10,NATIVE_NO_FILL,2018,251,0.3274196433052179,-0.24086529107400423,1.0116764219636103,1.5164139517657846,1.3593475500155,1.2271389107364994
LEGACY_GROSS100,NO_PROMOTE,LAG1_GROSS,ALL10,NATIVE_NO_FILL,2019,252,0.41722756048636334,-0.12332861355354086,1.663182087877607,2.609126487768666,3.3830556305186357,1.3542783898742812
LEGACY_GROSS100,NO_PROMOTE,LAG1_GROSS,ALL10,NATIVE_NO_FILL,2020,253,1.6893467424331905,-0.24918718331315826,2.624317072108948,4.434799920837725,6.779428700833929,1.7029189432812621
LEGACY_GROSS100,NO_PROMOTE,LAG1_GROSS,ALL10,NATIVE_NO_FILL,2021,252,0.4582864480570119,-0.29540688397132153,1.261417359683454,1.8538151945469468,1.5513736237152242,1.2315517209003661
LEGACY_GROSS100,NO_PROMOTE,LAG1_GROSS,ALL10,NATIVE_NO_FILL,2022,251,-0.055719363036186076,-0.13584849421380152,-0.22174303590519126,-0.2897374201937727,-0.41015812032847154,0.9423394978438108
LEGACY_GROSS100,NO_PROMOTE,LAG1_GROSS,ALL10,NATIVE_NO_FILL,2023,250,0.562256474622467,-0.1670639195312822,2.0339386007523093,3.0538973435291137,3.3655170799293157,1.4516705339589857
LEGACY_GROSS100,NO_PROMOTE,LAG1_GROSS,ALL10,NATIVE_NO_FILL,2024,252,0.8059879254695768,-0.1999553504476902,1.9091608179706283,2.8964369041616083,4.030839503244146,1.3922118948498496
LEGACY_GROSS100,NO_PROMOTE,LAG1_GROSS,ALL10,NATIVE_NO_FILL,2025,250,0.6733037498967065,-0.11673467758737155,1.9525343429223196,3.110840567618364,5.767812648411726,1.417738635015702
LEGACY_GROSS100,NO_PROMOTE,LAG1_GROSS,ALL10,NATIVE_NO_FILL,2026,54,-0.2012120147963139,-0.19983141278448835,-0.3459492100576337,-0.46068458968838244,-1.0069088337643617,0.9413042664198892
LEGACY_GROSS100,NO_PROMOTE,LAG1_GROSS,ALL20,NATIVE_NO_FILL,FULL,2568,0.4565546841629424,-0.2971783121965925,1.4556794090824305,2.209838318759013,1.5362987991563717,1.323492008482659
LEGACY_GROSS100,NO_PROMOTE,LAG1_GROSS,ALL20,NATIVE_NO_FILL,2016_2020,1259,0.5243908519265212,-0.25371611809413686,1.6324798323053435,2.5696518879232464,2.066840908120608,1.3856917415499033
LEGACY_GROSS100,NO_PROMOTE,LAG1_GROSS,ALL20,NATIVE_NO_FILL,2021_2025,1255,0.43003375546263256,-0.29717831219659263,1.4008124640812025,2.0849759151357503,1.447056322125391,1.2985567194689744
LEGACY_GROSS100,NO_PROMOTE,LAG1_GROSS,ALL20,NATIVE_NO_FILL,2022_2025,1003,0.4321816169882935,-0.2063515851669172,1.4809322812373027,2.221374168463705,2.094394460981257,1.3314132769526845
LEGACY_GROSS100,NO_PROMOTE,LAG1_GROSS,ALL20,NATIVE_NO_FILL,2022_2026_AVAILABLE,1057,0.38771506358525576,-0.2063515851669172,1.3274283255036459,1.9596447048898127,1.8789051863674038,1.2914805038264778
LEGACY_GROSS100,NO_PROMOTE,LAG1_GROSS,ALL20,NATIVE_NO_FILL,2016,252,0.2989215279473565,-0.14532571077027634,1.4779941444778528,2.2742533795035014,2.0569073866074308,1.3152138090415644
LEGACY_GROSS100,NO_PROMOTE,LAG1_GROSS,ALL20,NATIVE_NO_FILL,2017,251,0.30719955834607005,-0.1327827768294234,1.5674858974337722,2.2341160922027257,2.313549736504663,1.2866149482145834
LEGACY_GROSS100,NO_PROMOTE,LAG1_GROSS,ALL20,NATIVE_NO_FILL,2018,251,0.3060385992728716,-0.243317556556083,0.9636485149054935,1.4403724127136854,1.2577744228757772,1.2149331286906118
LEGACY_GROSS100,NO_PROMOTE,LAG1_GROSS,ALL20,NATIVE_NO_FILL,2019,252,0.40003243495722995,-0.12437630051575588,1.6084354535290537,2.515383425121137,3.216307554561443,1.3400610731619693
LEGACY_GROSS100,NO_PROMOTE,LAG1_GROSS,ALL20,NATIVE_NO_FILL,2020,253,1.64230811862226,-0.2537161180941365,2.5812712703099123,4.347094492784288,6.473014528832231,1.6867272264651916
LEGACY_GROSS100,NO_PROMOTE,LAG1_GROSS,ALL20,NATIVE_NO_FILL,2021,252,0.42151680292364224,-0.29717831219659263,1.1885159930645077,1.7408220920104602,1.4183969207174036,1.2165878068978444
LEGACY_GROSS100,NO_PROMOTE,LAG1_GROSS,ALL20,NATIVE_NO_FILL,2022,251,-0.06705228764870663,-0.13694134197145524,-0.288374840708872,-0.3757442308646509,-0.4896424022387874,0.9258497814473654
LEGACY_GROSS100,NO_PROMOTE,LAG1_GROSS,ALL20,NATIVE_NO_FILL,2023,250,0.5414531299685832,-0.16893534839817148,1.9781366993605747,2.96426792816439,3.205090794215592,1.436871780952932
LEGACY_GROSS100,NO_PROMOTE,LAG1_GROSS,ALL20,NATIVE_NO_FILL,2024,252,0.7703361819685111,-0.2063515851669172,1.850134465961284,2.7984762855601892,3.7331246151823274,1.377627055356323
LEGACY_GROSS100,NO_PROMOTE,LAG1_GROSS,ALL20,NATIVE_NO_FILL,2025,250,0.6525595119562226,-0.11748815650678368,1.908918679676463,3.0326334220037943,5.554257819327894,1.4065284824269224
LEGACY_GROSS100,NO_PROMOTE,LAG1_GROSS,ALL20,NATIVE_NO_FILL,2026,54,-0.22753912480957617,-0.2026762628226978,-0.4279387725291415,-0.5680505747789383,-1.122672786840502,0.9280013260875292
LEGACY_GROSS100,NO_PROMOTE,LAG1_GROSS,BASE,SELECTIVE_FILL_NO_ZERO_OVERRIDE,FULL,2568,0.502208010365587,-0.2900033180919993,1.5482991298535946,2.357101303801347,1.7317319459299045,1.3490562742338998
LEGACY_GROSS100,NO_PROMOTE,LAG1_GROSS,BASE,SELECTIVE_FILL_NO_ZERO_OVERRIDE,2016_2020,1259,0.5730934505005045,-0.26436272892551727,1.733169493855718,2.735037584423955,2.1678299843166258,1.4143292561310568
LEGACY_GROSS100,NO_PROMOTE,LAG1_GROSS,BASE,SELECTIVE_FILL_NO_ZERO_OVERRIDE,2021_2025,1255,0.47206751620305476,-0.2900033180919993,1.4816820269040276,2.2120271780715623,1.6278003965916632,1.3212820074123168
LEGACY_GROSS100,NO_PROMOTE,LAG1_GROSS,BASE,SELECTIVE_FILL_NO_ZERO_OVERRIDE,2022_2025,1003,0.461459911930276,-0.19518752341852164,1.5256132754655667,2.289505493990253,2.364187545639443,1.3471369890281713
LEGACY_GROSS100,NO_PROMOTE,LAG1_GROSS,BASE,SELECTIVE_FILL_NO_ZERO_OVERRIDE,2022_2026_AVAILABLE,1057,0.4190477899529583,-0.1973808431838232,1.3839930405805534,2.046806078410375,2.1230418473929307,1.3088298461038999
LEGACY_GROSS100,NO_PROMOTE,LAG1_GROSS,BASE,SELECTIVE_FILL_NO_ZERO_OVERRIDE,2016,252,0.33632599986388634,-0.13550208125429353,1.6023364422556146,2.4509897388162334,2.482072575938604,1.350903287479852
LEGACY_GROSS100,NO_PROMOTE,LAG1_GROSS,BASE,SELECTIVE_FILL_NO_ZERO_OVERRIDE,2017,251,0.3562925341740715,-0.13321606136522735,1.722501845985447,2.4397914462965185,2.6745463761854813,1.3226150104228818
LEGACY_GROSS100,NO_PROMOTE,LAG1_GROSS,BASE,SELECTIVE_FILL_NO_ZERO_OVERRIDE,2018,251,0.30000852461649274,-0.26436272892551727,0.9459264870974364,1.413295304108436,1.1348366913742158,1.2098445840986822
LEGACY_GROSS100,NO_PROMOTE,LAG1_GROSS,BASE,SELECTIVE_FILL_NO_ZERO_OVERRIDE,2019,252,0.4488432495419248,-0.12250029961724873,1.7531544464770998,2.765801469692774,3.6640175652168376,1.3758877120258428
LEGACY_GROSS100,NO_PROMOTE,LAG1_GROSS,BASE,SELECTIVE_FILL_NO_ZERO_OVERRIDE,2020,253,1.8116047354170712,-0.23504125519720653,2.7308911573107246,4.642049901753259,7.707603220111642,1.7438322244670101
LEGACY_GROSS100,NO_PROMOTE,LAG1_GROSS,BASE,SELECTIVE_FILL_NO_ZERO_OVERRIDE,2021,252,0.5150560511940077,-0.2900033180919993,1.372347825478691,2.0265571164765035,1.7760350280910016,1.2550054496391279
LEGACY_GROSS100,NO_PROMOTE,LAG1_GROSS,BASE,SELECTIVE_FILL_NO_ZERO_OVERRIDE,2022,251,-0.10108457814731753,-0.15779689356163795,-0.44228837931738274,-0.5536208525967993,-0.6405992910616602,0.8847004434092172
LEGACY_GROSS100,NO_PROMOTE,LAG1_GROSS,BASE,SELECTIVE_FILL_NO_ZERO_OVERRIDE,2023,250,0.5674227703690176,-0.17558693966517902,2.0180820271477997,3.042649622589891,3.2315773112226767,1.4460926483444732
LEGACY_GROSS100,NO_PROMOTE,LAG1_GROSS,BASE,SELECTIVE_FILL_NO_ZERO_OVERRIDE,2024,252,0.8348778019074365,-0.19518752341852086,1.9558921996574365,2.97400155366092,4.27731131214413,1.4039185667396799
LEGACY_GROSS100,NO_PROMOTE,LAG1_GROSS,BASE,SELECTIVE_FILL_NO_ZERO_OVERRIDE,2025,250,0.764774456898426,-0.1353011752082912,2.0663634626723075,3.358022774442578,5.652385914025386,1.459830474143793
LEGACY_GROSS100,NO_PROMOTE,LAG1_GROSS,BASE,SELECTIVE_FILL_NO_ZERO_OVERRIDE,2026,54,-0.1788230660076091,-0.19738084318382354,-0.2782052531756127,-0.371426253913749,-0.9059798464893003,0.9525165446011311
LEGACY_GROSS100,NO_PROMOTE,LAG1_GROSS,ALL5,SELECTIVE_FILL_NO_ZERO_OVERRIDE,FULL,2568,0.4946291044516027,-0.29054467860222,1.5309031572406375,2.3287047525543025,1.7024201125665472,1.3444195287145904
LEGACY_GROSS100,NO_PROMOTE,LAG1_GROSS,ALL5,SELECTIVE_FILL_NO_ZERO_OVERRIDE,2016_2020,1259,0.5655081787119278,-0.26477587545430026,1.7160637929833598,2.705765553770057,2.1357994860431813,1.4093671446250595
LEGACY_GROSS100,NO_PROMOTE,LAG1_GROSS,ALL5,SELECTIVE_FILL_NO_ZERO_OVERRIDE,2021_2025,1255,0.4646789175813275,-0.2905446786022198,1.4644662390650178,2.1845550442924893,1.5993372166265425,1.3168974889275893
LEGACY_GROSS100,NO_PROMOTE,LAG1_GROSS,ALL5,SELECTIVE_FILL_NO_ZERO_OVERRIDE,2022_2025,1003,0.45495343428847423,-0.19674016678794637,1.5094170003457748,2.26349235820547,2.312458313501581,1.3427490294970674
LEGACY_GROSS100,NO_PROMOTE,LAG1_GROSS,ALL5,SELECTIVE_FILL_NO_ZERO_OVERRIDE,2022_2026_AVAILABLE,1057,0.41226579487564896,-0.19840608653318736,1.3671031415020487,2.0202646115165934,2.0778888494768495,1.3044441571883127
LEGACY_GROSS100,NO_PROMOTE,LAG1_GROSS,ALL5,SELECTIVE_FILL_NO_ZERO_OVERRIDE,2016,252,0.32824216732805955,-0.13728710820978451,1.5707463355385691,2.398449492070757,2.3909176295452452,1.3427041735578933
LEGACY_GROSS100,NO_PROMOTE,LAG1_GROSS,ALL5,SELECTIVE_FILL_NO_ZERO_OVERRIDE,2017,251,0.346794806885655,-0.13413252032725065,1.6851544577565534,2.38283162926129,2.585464032432703,1.3147516801585093
LEGACY_GROSS100,NO_PROMOTE,LAG1_GROSS,ALL5,SELECTIVE_FILL_NO_ZERO_OVERRIDE,2018,251,0.29438473871897775,-0.2647758754543007,0.9331113503755457,1.3931001305125632,1.1118261367803028,1.2066418628633129
LEGACY_GROSS100,NO_PROMOTE,LAG1_GROSS,ALL5,SELECTIVE_FILL_NO_ZERO_OVERRIDE,2019,252,0.44442783017133314,-0.12280463441906764,1.7395532157876714,2.742619743548327,3.6189825593611937,1.3722354837299424
LEGACY_GROSS100,NO_PROMOTE,LAG1_GROSS,ALL5,SELECTIVE_FILL_NO_ZERO_OVERRIDE,2020,253,1.801231085806731,-0.23653028768939044,2.72132448594225,4.623163621886367,7.615223840475315,1.7401256599154027
LEGACY_GROSS100,NO_PROMOTE,LAG1_GROSS,ALL5,SELECTIVE_FILL_NO_ZERO_OVERRIDE,2021,252,0.5040364753807896,-0.2905446786022198,1.351531379987609,1.9939336477897738,1.7347985094948446,1.2506204102871346
LEGACY_GROSS100,NO_PROMOTE,LAG1_GROSS,ALL5,SELECTIVE_FILL_NO_ZERO_OVERRIDE,2022,251,-0.10508309842685881,-0.15814629038278294,-0.465059082442939,-0.5816673621291364,-0.6644676784546253,0.8792498762866817
LEGACY_GROSS100,NO_PROMOTE,LAG1_GROSS,ALL5,SELECTIVE_FILL_NO_ZERO_OVERRIDE,2023,250,0.5620238200486893,-0.17626678815586172,2.003829009111624,3.0194707616493526,3.188483922176688,1.442265542428941
LEGACY_GROSS100,NO_PROMOTE,LAG1_GROSS,ALL5,SELECTIVE_FILL_NO_ZERO_OVERRIDE,2024,252,0.8240718973521302,-0.19674016678794615,1.9385989660379794,2.945470739733512,4.188630673676034,1.399578065894522
LEGACY_GROSS100,NO_PROMOTE,LAG1_GROSS,ALL5,SELECTIVE_FILL_NO_ZERO_OVERRIDE,2025,250,0.7576920298523229,-0.13551804379124854,2.05294218117224,3.3332861506909683,5.5910785652976855,1.4561502251482137
LEGACY_GROSS100,NO_PROMOTE,LAG1_GROSS,ALL5,SELECTIVE_FILL_NO_ZERO_OVERRIDE,2026,54,-0.18772258286408772,-0.19840608653318748,-0.30495383902067347,-0.4067361240220558,-0.9461533471287297,0.9480487272104494
LEGACY_GROSS100,NO_PROMOTE,LAG1_GROSS,ALL10,SELECTIVE_FILL_NO_ZERO_OVERRIDE,FULL,2568,0.4809450791861778,-0.2914741992117724,1.4994078654232335,2.2769498232784633,1.6500434017377439,1.3360570002132073
LEGACY_GROSS100,NO_PROMOTE,LAG1_GROSS,ALL10,SELECTIVE_FILL_NO_ZERO_OVERRIDE,2016_2020,1259,0.5512638802358603,-0.2659644879094858,1.6840945773279254,2.6504075607814865,2.072697315979526,1.400083200935091
LEGACY_GROSS100,NO_PROMOTE,LAG1_GROSS,ALL10,SELECTIVE_FILL_NO_ZERO_OVERRIDE,2021_2025,1255,0.45165732360068,-0.2914741992117723,1.4339136152720051,2.135642627696579,1.5495619331731165,1.3092085248363363
LEGACY_GROSS100,NO_PROMOTE,LAG1_GROSS,ALL10,SELECTIVE_FILL_NO_ZERO_OVERRIDE,2022_2025,1003,0.44357238764414153,-0.19995535044768953,1.4808859084039476,2.21738109604978,2.2183571814958003,1.3351191748034488
LEGACY_GROSS100,NO_PROMOTE,LAG1_GROSS,ALL10,SELECTIVE_FILL_NO_ZERO_OVERRIDE,2022_2026_AVAILABLE,1057,0.40058217380620365,-0.19995535044768953,1.3377740213587628,1.973962755988682,2.003358114245611,1.2968779254012026
LEGACY_GROSS100,NO_PROMOTE,LAG1_GROSS,ALL10,SELECTIVE_FILL_NO_ZERO_OVERRIDE,2016,252,0.3142102759204819,-0.1402566350001233,1.5153831078960747,2.305717781781294,2.240252490872932,1.3283749424122333
LEGACY_GROSS100,NO_PROMOTE,LAG1_GROSS,ALL10,SELECTIVE_FILL_NO_ZERO_OVERRIDE,2017,251,0.33209560424130813,-0.135367900097358,1.6268572377263935,2.2937269889427605,2.453281789866442,1.3025441166217384
LEGACY_GROSS100,NO_PROMOTE,LAG1_GROSS,ALL10,SELECTIVE_FILL_NO_ZERO_OVERRIDE,2018,251,0.2838640864708257,-0.2659644879094861,0.9091053233668153,1.355373094039829,1.0673007088353512,1.2006658750366588
LEGACY_GROSS100,NO_PROMOTE,LAG1_GROSS,ALL10,SELECTIVE_FILL_NO_ZERO_OVERRIDE,2019,252,0.4351231678511396,-0.12332861355354086,1.7109174033617403,2.6931660848360015,3.5281607026437447,1.3647154724177952
LEGACY_GROSS100,NO_PROMOTE,LAG1_GROSS,ALL10,SELECTIVE_FILL_NO_ZERO_OVERRIDE,2020,253,1.7747841584662658,-0.239069308942514,2.6981117285894425,4.57617616757787,7.423722293408336,1.7312394750387392
LEGACY_GROSS100,NO_PROMOTE,LAG1_GROSS,ALL10,SELECTIVE_FILL_NO_ZERO_OVERRIDE,2021,252,0.4842879302763663,-0.2914741992117723,1.3138833005117536,1.935075079717188,1.6615121735852305,1.2427659094181427
LEGACY_GROSS100,NO_PROMOTE,LAG1_GROSS,ALL10,SELECTIVE_FILL_NO_ZERO_OVERRIDE,2022,251,-0.11087085753134329,-0.15895981443840468,-0.49817938802577255,-0.6221862714271841,-0.6974772707369046,0.8713422140322434
LEGACY_GROSS100,NO_PROMOTE,LAG1_GROSS,ALL10,SELECTIVE_FILL_NO_ZERO_OVERRIDE,2023,250,0.5505574064212082,-0.17747746990957958,1.9734829364656634,2.9702620788070626,3.102125620236212,1.4342667220332364
LEGACY_GROSS100,NO_PROMOTE,LAG1_GROSS,ALL10,SELECTIVE_FILL_NO_ZERO_OVERRIDE,2024,252,0.8059879254695768,-0.1999553504476902,1.9091608179706283,2.8964369041616083,4.030839503244146,1.3922118948498496
LEGACY_GROSS100,NO_PROMOTE,LAG1_GROSS,ALL10,SELECTIVE_FILL_NO_ZERO_OVERRIDE,2025,250,0.7444174117894911,-0.13602896680252252,2.0277874631395507,3.2867310087985904,5.472491847050378,1.4492765464609505
LEGACY_GROSS100,NO_PROMOTE,LAG1_GROSS,ALL10,SELECTIVE_FILL_NO_ZERO_OVERRIDE,2026,54,-0.2012120147963139,-0.19983141278448835,-0.3459492100576337,-0.46068458968838244,-1.0069088337643617,0.9413042664198892
LEGACY_GROSS100,NO_PROMOTE,LAG1_GROSS,ALL20,SELECTIVE_FILL_NO_ZERO_OVERRIDE,FULL,2568,0.4539371750281245,-0.2933305969155542,1.4362240826750652,2.1736051798831877,1.5475275331022038,1.3194577580305515
LEGACY_GROSS100,NO_PROMOTE,LAG1_GROSS,ALL20,SELECTIVE_FILL_NO_ZERO_OVERRIDE,2016_2020,1259,0.5231475334434548,-0.26833671841685514,1.6199508259095625,2.5398807884871712,1.9495935425086204,1.3816892455882404
LEGACY_GROSS100,NO_PROMOTE,LAG1_GROSS,ALL20,SELECTIVE_FILL_NO_ZERO_OVERRIDE,2021_2025,1255,0.4259469648348979,-0.2933305969155545,1.372613440617388,2.037945830552566,1.4521054718254354,1.2939230522471261
LEGACY_GROSS100,NO_PROMOTE,LAG1_GROSS,ALL20,SELECTIVE_FILL_NO_ZERO_OVERRIDE,2022_2025,1003,0.4210654648279315,-0.20635158516691687,1.4236541216542182,2.125271405103157,2.0405244984540998,1.3199779197816628
LEGACY_GROSS100,NO_PROMOTE,LAG1_GROSS,ALL20,SELECTIVE_FILL_NO_ZERO_OVERRIDE,2022_2026_AVAILABLE,1057,0.37749228468516494,-0.20635158516691687,1.278958818273794,1.881498729897905,1.8293645981920281,1.281859813427229
LEGACY_GROSS100,NO_PROMOTE,LAG1_GROSS,ALL20,SELECTIVE_FILL_NO_ZERO_OVERRIDE,2016,252,0.2865740309177014,-0.14616886915078875,1.4042884590345248,2.121376533633109,1.9605681605299263,1.3002137569267964
LEGACY_GROSS100,NO_PROMOTE,LAG1_GROSS,ALL20,SELECTIVE_FILL_NO_ZERO_OVERRIDE,2017,251,0.30316021609130184,-0.13783461609171965,1.5096797321303765,2.116378748191358,2.1994490548699983,1.2783446581312778
LEGACY_GROSS100,NO_PROMOTE,LAG1_GROSS,ALL20,SELECTIVE_FILL_NO_ZERO_OVERRIDE,2018,251,0.26306808629178624,-0.2683367184168549,0.8609821838417172,1.2800571460339745,0.9803655938100727,1.1888177302988536
LEGACY_GROSS100,NO_PROMOTE,LAG1_GROSS,ALL20,SELECTIVE_FILL_NO_ZERO_OVERRIDE,2019,252,0.41668465943259925,-0.12437630051575588,1.6534667495706035,2.594242581443553,3.3501933865593148,1.3497953686229303
LEGACY_GROSS100,NO_PROMOTE,LAG1_GROSS,ALL20,SELECTIVE_FILL_NO_ZERO_OVERRIDE,2020,253,1.7226062751525895,-0.24412468581564384,2.6515219653066207,4.4822144452539225,7.056255984097625,1.7136349451830788
LEGACY_GROSS100,NO_PROMOTE,LAG1_GROSS,ALL20,SELECTIVE_FILL_NO_ZERO_OVERRIDE,2021,252,0.44554286823195155,-0.2933305969155545,1.2383190439178127,1.8175408284597332,1.518910311153857,1.2271044354341782
LEGACY_GROSS100,NO_PROMOTE,LAG1_GROSS,ALL20,SELECTIVE_FILL_NO_ZERO_OVERRIDE,2022,251,-0.12233900063597136,-0.16059158431698417,-0.5643923793048613,-0.7028334023544847,-0.7618020655085647,0.8557679684648639
LEGACY_GROSS100,NO_PROMOTE,LAG1_GROSS,ALL20,SELECTIVE_FILL_NO_ZERO_OVERRIDE,2023,250,0.5278651533737189,-0.17989417717207445,1.9124696065323046,2.8717235118480398,2.9343092793314773,1.4182201671103813
LEGACY_GROSS100,NO_PROMOTE,LAG1_GROSS,ALL20,SELECTIVE_FILL_NO_ZERO_OVERRIDE,2024,252,0.7703361819685111,-0.2063515851669172,1.850134465961284,2.7984762855601892,3.7331246151823274,1.377627055356323
LEGACY_GROSS100,NO_PROMOTE,LAG1_GROSS,ALL20,SELECTIVE_FILL_NO_ZERO_OVERRIDE,2025,250,0.7181551780222382,-0.1370500810395009,1.9772787920540154,3.19371181586572,5.240093056313114,1.4356346612335602
LEGACY_GROSS100,NO_PROMOTE,LAG1_GROSS,ALL20,SELECTIVE_FILL_NO_ZERO_OVERRIDE,2026,54,-0.22753912480957617,-0.2026762628226978,-0.4279387725291415,-0.5680505747789383,-1.122672786840502,0.9280013260875292
