date,ticker,etfcom_value,flow_1d,provider,source_url,flow_5d,flow_20d,aum,flow_20d_pct_aum,validation_contract
2026-07-01,AIQ,-1.26619,-1266190.0,ETFCOM_VALIDATED_ACTUAL,https://api-prod.etf.com/private/apps/fundflows/AIQ/charts?startDate=20260701&endDate=20260831,,,10169388531.9716,,ETF.com daily actual fund-flow fallback; USD-million chart scale validated against canonical issuer-derived references. Issuer exact flow remains preferred when its own unit QA is clean.
2026-07-02,AIQ,0.871761,871761.0,ETFCOM_VALIDATED_ACTUAL,https://api-prod.etf.com/private/apps/fundflows/AIQ/charts?startDate=20260701&endDate=20260831,,,10169388531.9716,,ETF.com daily actual fund-flow fallback; USD-million chart scale validated against canonical issuer-derived references. Issuer exact flow remains preferred when its own unit QA is clean.
2026-07-06,AIQ,-0.797441,-797441.0,ETFCOM_VALIDATED_ACTUAL,https://api-prod.etf.com/private/apps/fundflows/AIQ/charts?startDate=20260701&endDate=20260831,,,10169388531.9716,,ETF.com daily actual fund-flow fallback; USD-million chart scale validated against canonical issuer-derived references. Issuer exact flow remains preferred when its own unit QA is clean.
2026-07-07,AIQ,-19.076,-19076000.0,ETFCOM_VALIDATED_ACTUAL,https://api-prod.etf.com/private/apps/fundflows/AIQ/charts?startDate=20260701&endDate=20260831,,,10169388531.9716,,ETF.com daily actual fund-flow fallback; USD-million chart scale validated against canonical issuer-derived references. Issuer exact flow remains preferred when its own unit QA is clean.
2026-07-08,AIQ,-1.01752,-1017520.0,ETFCOM_VALIDATED_ACTUAL,https://api-prod.etf.com/private/apps/fundflows/AIQ/charts?startDate=20260701&endDate=20260831,-21285390.0,,10169388531.9716,,ETF.com daily actual fund-flow fallback; USD-million chart scale validated against canonical issuer-derived references. Issuer exact flow remains preferred when its own unit QA is clean.
2026-07-09,AIQ,0.73488,734880.0,ETFCOM_VALIDATED_ACTUAL,https://api-prod.etf.com/private/apps/fundflows/AIQ/charts?startDate=20260701&endDate=20260831,-19284320.0,,10169388531.9716,,ETF.com daily actual fund-flow fallback; USD-million chart scale validated against canonical issuer-derived references. Issuer exact flow remains preferred when its own unit QA is clean.
2026-07-10,AIQ,3.84973,3849730.0,ETFCOM_VALIDATED_ACTUAL,https://api-prod.etf.com/private/apps/fundflows/AIQ/charts?startDate=20260701&endDate=20260831,-16306351.0,,10169388531.9716,,ETF.com daily actual fund-flow fallback; USD-million chart scale validated against canonical issuer-derived references. Issuer exact flow remains preferred when its own unit QA is clean.
2026-07-13,AIQ,0.145965,145965.0,ETFCOM_VALIDATED_ACTUAL,https://api-prod.etf.com/private/apps/fundflows/AIQ/charts?startDate=20260701&endDate=20260831,-15362945.0,,10169388531.9716,,ETF.com daily actual fund-flow fallback; USD-million chart scale validated against canonical issuer-derived references. Issuer exact flow remains preferred when its own unit QA is clean.
2026-07-14,AIQ,-0.141957,-141957.0,ETFCOM_VALIDATED_ACTUAL,https://api-prod.etf.com/private/apps/fundflows/AIQ/charts?startDate=20260701&endDate=20260831,3571098.0,,10169388531.9716,,ETF.com daily actual fund-flow fallback; USD-million chart scale validated against canonical issuer-derived references. Issuer exact flow remains preferred when its own unit QA is clean.
2026-07-15,AIQ,0.561389,561389.0,ETFCOM_VALIDATED_ACTUAL,https://api-prod.etf.com/private/apps/fundflows/AIQ/charts?startDate=20260701&endDate=20260831,5150007.0,,10169388531.9716,,ETF.com daily actual fund-flow fallback; USD-million chart scale validated against canonical issuer-derived references. Issuer exact flow remains preferred when its own unit QA is clean.
2026-07-16,AIQ,-0.790025,-790025.0,ETFCOM_VALIDATED_ACTUAL,https://api-prod.etf.com/private/apps/fundflows/AIQ/charts?startDate=20260701&endDate=20260831,3625102.0,,10169388531.9716,,ETF.com daily actual fund-flow fallback; USD-million chart scale validated against canonical issuer-derived references. Issuer exact flow remains preferred when its own unit QA is clean.
2026-07-17,AIQ,-0.072193,-72193.0,ETFCOM_VALIDATED_ACTUAL,https://api-prod.etf.com/private/apps/fundflows/AIQ/charts?startDate=20260701&endDate=20260831,-296821.0,,10169388531.9716,,ETF.com daily actual fund-flow fallback; USD-million chart scale validated against canonical issuer-derived references. Issuer exact flow remains preferred when its own unit QA is clean.
2026-07-20,AIQ,-0.258692,-258691.99999999997,ETFCOM_VALIDATED_ACTUAL,https://api-prod.etf.com/private/apps/fundflows/AIQ/charts?startDate=20260701&endDate=20260831,-701478.0,,10169388531.9716,,ETF.com daily actual fund-flow fallback; USD-million chart scale validated against canonical issuer-derived references. Issuer exact flow remains preferred when its own unit QA is clean.
2026-07-21,AIQ,-25.7517,-25751700.0,ETFCOM_VALIDATED_ACTUAL,https://api-prod.etf.com/private/apps/fundflows/AIQ/charts?startDate=20260701&endDate=20260831,-26311221.0,,10169388531.9716,,ETF.com daily actual fund-flow fallback; USD-million chart scale validated against canonical issuer-derived references. Issuer exact flow remains preferred when its own unit QA is clean.
2026-07-22,AIQ,0.444055,444055.0,ETFCOM_VALIDATED_ACTUAL,https://api-prod.etf.com/private/apps/fundflows/AIQ/charts?startDate=20260701&endDate=20260831,-26428555.0,,10169388531.9716,,ETF.com daily actual fund-flow fallback; USD-million chart scale validated against canonical issuer-derived references. Issuer exact flow remains preferred when its own unit QA is clean.
2026-07-27,AIQ,-1.38696,-1386960.0,ETFCOM_VALIDATED_ACTUAL,https://api-prod.etf.com/private/apps/fundflows/AIQ/charts?startDate=20260701&endDate=20260831,-27025490.0,,10169388531.9716,,ETF.com daily actual fund-flow fallback; USD-million chart scale validated against canonical issuer-derived references. Issuer exact flow remains preferred when its own unit QA is clean.
2026-07-28,AIQ,-9.28028,-9280280.0,ETFCOM_VALIDATED_ACTUAL,https://api-prod.etf.com/private/apps/fundflows/AIQ/charts?startDate=20260701&endDate=20260831,-36233577.0,,10169388531.9716,,ETF.com daily actual fund-flow fallback; USD-million chart scale validated against canonical issuer-derived references. Issuer exact flow remains preferred when its own unit QA is clean.
2026-07-29,AIQ,-18.5286,-18528600.0,ETFCOM_VALIDATED_ACTUAL,https://api-prod.etf.com/private/apps/fundflows/AIQ/charts?startDate=20260701&endDate=20260831,-54503485.0,,10169388531.9716,,ETF.com daily actual fund-flow fallback; USD-million chart scale validated against canonical issuer-derived references. Issuer exact flow remains preferred when its own unit QA is clean.
2026-07-30,AIQ,868.047,868047000.0,ETFCOM_VALIDATED_ACTUAL,https://api-prod.etf.com/private/apps/fundflows/AIQ/charts?startDate=20260701&endDate=20260831,839295215.0,,10169388531.9716,,ETF.com daily actual fund-flow fallback; USD-million chart scale validated against canonical issuer-derived references. Issuer exact flow remains preferred when its own unit QA is clean.
2026-07-31,AIQ,-0.3385,-338500.0,ETFCOM_VALIDATED_ACTUAL,https://api-prod.etf.com/private/apps/fundflows/AIQ/charts?startDate=20260701&endDate=20260831,838512660.0,795948722.0,10169388531.9716,7.826908368164046,ETF.com daily actual fund-flow fallback; USD-million chart scale validated against canonical issuer-derived references. Issuer exact flow remains preferred when its own unit QA is clean.
2026-08-03,AIQ,-764.847,-764847000.0,ETFCOM_VALIDATED_ACTUAL,https://api-prod.etf.com/private/apps/fundflows/AIQ/charts?startDate=20260701&endDate=20260831,75052620.0,32367912.0,10169388531.9716,0.31828769151889846,ETF.com daily actual fund-flow fallback; USD-million chart scale validated against canonical issuer-derived references. Issuer exact flow remains preferred when its own unit QA is clean.
2026-08-04,AIQ,10.4539,10453900.0,ETFCOM_VALIDATED_ACTUAL,https://api-prod.etf.com/private/apps/fundflows/AIQ/charts?startDate=20260701&endDate=20260831,94786800.0,41950051.0,10169388531.9716,0.4125130126370233,ETF.com daily actual fund-flow fallback; USD-million chart scale validated against canonical issuer-derived references. Issuer exact flow remains preferred when its own unit QA is clean.
2026-08-05,AIQ,-0.422946,-422946.0,ETFCOM_VALIDATED_ACTUAL,https://api-prod.etf.com/private/apps/fundflows/AIQ/charts?startDate=20260701&endDate=20260831,112892454.0,42324546.0,10169388531.9716,0.41619558409963014,ETF.com daily actual fund-flow fallback; USD-million chart scale validated against canonical issuer-derived references. Issuer exact flow remains preferred when its own unit QA is clean.
2026-08-06,AIQ,0.008547,8547.0,ETFCOM_VALIDATED_ACTUAL,https://api-prod.etf.com/private/apps/fundflows/AIQ/charts?startDate=20260701&endDate=20260831,-755145999.0,61409093.0,10169388531.9716,0.603862196895473,ETF.com daily actual fund-flow fallback; USD-million chart scale validated against canonical issuer-derived references. Issuer exact flow remains preferred when its own unit QA is clean.
2026-08-07,AIQ,-0.028169,-28169.0,ETFCOM_VALIDATED_ACTUAL,https://api-prod.etf.com/private/apps/fundflows/AIQ/charts?startDate=20260701&endDate=20260831,-754835668.0,62398444.0,10169388531.9716,0.6135909135915613,ETF.com daily actual fund-flow fallback; USD-million chart scale validated against canonical issuer-derived references. Issuer exact flow remains preferred when its own unit QA is clean.
2026-08-10,AIQ,0.089968,89968.0,ETFCOM_VALIDATED_ACTUAL,https://api-prod.etf.com/private/apps/fundflows/AIQ/charts?startDate=20260701&endDate=20260831,10101300.0,61753532.0,10169388531.9716,0.6072492146981375,ETF.com daily actual fund-flow fallback; USD-million chart scale validated against canonical issuer-derived references. Issuer exact flow remains preferred when its own unit QA is clean.
2026-08-11,AIQ,1.28098,1280980.0,ETFCOM_VALIDATED_ACTUAL,https://api-prod.etf.com/private/apps/fundflows/AIQ/charts?startDate=20260701&endDate=20260831,928380.0,59184782.0,10169388531.9716,0.5819895838764407,ETF.com daily actual fund-flow fallback; USD-million chart scale validated against canonical issuer-derived references. Issuer exact flow remains preferred when its own unit QA is clean.
2026-08-12,AIQ,4.06548,4065480.0,ETFCOM_VALIDATED_ACTUAL,https://api-prod.etf.com/private/apps/fundflows/AIQ/charts?startDate=20260701&endDate=20260831,5416806.0,63104297.0,10169388531.9716,0.6205318717207631,ETF.com daily actual fund-flow fallback; USD-million chart scale validated against canonical issuer-derived references. Issuer exact flow remains preferred when its own unit QA is clean.
2026-08-13,AIQ,-0.243405,-243405.0,ETFCOM_VALIDATED_ACTUAL,https://api-prod.etf.com/private/apps/fundflows/AIQ/charts?startDate=20260701&endDate=20260831,5164854.0,63002849.0,10169388531.9716,0.6195342896175613,ETF.com daily actual fund-flow fallback; USD-million chart scale validated against canonical issuer-derived references. Issuer exact flow remains preferred when its own unit QA is clean.
2026-08-14,AIQ,9.19845,9198450.0,ETFCOM_VALIDATED_ACTUAL,https://api-prod.etf.com/private/apps/fundflows/AIQ/charts?startDate=20260701&endDate=20260831,14391473.0,71639910.0,10169388531.9716,0.7044662496154107,ETF.com daily actual fund-flow fallback; USD-million chart scale validated against canonical issuer-derived references. Issuer exact flow remains preferred when its own unit QA is clean.
2026-08-17,AIQ,2.44063,2440630.0,ETFCOM_VALIDATED_ACTUAL,https://api-prod.etf.com/private/apps/fundflows/AIQ/charts?startDate=20260701&endDate=20260831,16742135.0,74870565.0,10169388531.9716,0.7362346788561966,ETF.com daily actual fund-flow fallback; USD-million chart scale validated against canonical issuer-derived references. Issuer exact flow remains preferred when its own unit QA is clean.
2026-08-18,AIQ,-0.433654,-433654.0,ETFCOM_VALIDATED_ACTUAL,https://api-prod.etf.com/private/apps/fundflows/AIQ/charts?startDate=20260701&endDate=20260831,15027501.0,74509104.0,10169388531.9716,0.732680276358312,ETF.com daily actual fund-flow fallback; USD-million chart scale validated against canonical issuer-derived references. Issuer exact flow remains preferred when its own unit QA is clean.
2026-08-19,AIQ,-0.224966,-224966.0,ETFCOM_VALIDATED_ACTUAL,https://api-prod.etf.com/private/apps/fundflows/AIQ/charts?startDate=20260701&endDate=20260831,10737055.0,74542830.0,10169388531.9716,0.7330119187170828,ETF.com daily actual fund-flow fallback; USD-million chart scale validated against canonical issuer-derived references. Issuer exact flow remains preferred when its own unit QA is clean.
2026-08-20,AIQ,1.14291,1142910.0,ETFCOM_VALIDATED_ACTUAL,https://api-prod.etf.com/private/apps/fundflows/AIQ/charts?startDate=20260701&endDate=20260831,12123370.0,101437440.0,10169388531.9716,0.9974782621500815,ETF.com daily actual fund-flow fallback; USD-million chart scale validated against canonical issuer-derived references. Issuer exact flow remains preferred when its own unit QA is clean.
2026-08-21,AIQ,-0.969088,-969088.0,ETFCOM_VALIDATED_ACTUAL,https://api-prod.etf.com/private/apps/fundflows/AIQ/charts?startDate=20260701&endDate=20260831,1955832.0,100024297.0,10169388531.9716,0.9835822152485671,ETF.com daily actual fund-flow fallback; USD-million chart scale validated against canonical issuer-derived references. Issuer exact flow remains preferred when its own unit QA is clean.
2026-08-24,AIQ,-17.8619,-17861900.0,ETFCOM_VALIDATED_ACTUAL,https://api-prod.etf.com/private/apps/fundflows/AIQ/charts?startDate=20260701&endDate=20260831,-18346698.0,83549357.0,10169388531.9716,0.8215769978433678,ETF.com daily actual fund-flow fallback; USD-million chart scale validated against canonical issuer-derived references. Issuer exact flow remains preferred when its own unit QA is clean.
2026-08-25,AIQ,-0.074502,-74502.0,ETFCOM_VALIDATED_ACTUAL,https://api-prod.etf.com/private/apps/fundflows/AIQ/charts?startDate=20260701&endDate=20260831,-17987546.0,92755135.0,10169388531.9716,0.9121013983130509,ETF.com daily actual fund-flow fallback; USD-million chart scale validated against canonical issuer-derived references. Issuer exact flow remains preferred when its own unit QA is clean.
2026-08-26,AIQ,-1.03067,-1030670.0,ETFCOM_VALIDATED_ACTUAL,https://api-prod.etf.com/private/apps/fundflows/AIQ/charts?startDate=20260701&endDate=20260831,-18793250.0,110253065.0,10169388531.9716,1.084166119264445,ETF.com daily actual fund-flow fallback; USD-million chart scale validated against canonical issuer-derived references. Issuer exact flow remains preferred when its own unit QA is clean.
2026-08-27,AIQ,-166.12,-166120000.0,ETFCOM_VALIDATED_ACTUAL,https://api-prod.etf.com/private/apps/fundflows/AIQ/charts?startDate=20260701&endDate=20260831,-186056160.0,-923913935.0,10169388531.9716,-9.085245706713847,ETF.com daily actual fund-flow fallback; USD-million chart scale validated against canonical issuer-derived references. Issuer exact flow remains preferred when its own unit QA is clean.
2026-08-28,AIQ,-18.0797,-18079700.0,ETFCOM_VALIDATED_ACTUAL,https://api-prod.etf.com/private/apps/fundflows/AIQ/charts?startDate=20260701&endDate=20260831,-203166772.0,-941655135.0,10169388531.9716,-9.259702606892489,ETF.com daily actual fund-flow fallback; USD-million chart scale validated against canonical issuer-derived references. Issuer exact flow remains preferred when its own unit QA is clean.
2026-08-31,AIQ,0.305736,305736.0,ETFCOM_VALIDATED_ACTUAL,https://api-prod.etf.com/private/apps/fundflows/AIQ/charts?startDate=20260701&endDate=20260831,-184999136.0,-176502399.0,10169388531.9716,-1.735624501365968,ETF.com daily actual fund-flow fallback; USD-million chart scale validated against canonical issuer-derived references. Issuer exact flow remains preferred when its own unit QA is clean.
2026-07-01,ARKW,0.0,0.0,ETFCOM_VALIDATED_ACTUAL,https://api-prod.etf.com/private/apps/fundflows/ARKW/charts?startDate=20260701&endDate=20260831,,,1817957700.0,,ETF.com daily actual fund-flow fallback; USD-million chart scale validated against canonical issuer-derived references. Issuer exact flow remains preferred when its own unit QA is clean.
2026-07-02,ARKW,0.0,0.0,ETFCOM_VALIDATED_ACTUAL,https://api-prod.etf.com/private/apps/fundflows/ARKW/charts?startDate=20260701&endDate=20260831,,,1817957700.0,,ETF.com daily actual fund-flow fallback; USD-million chart scale validated against canonical issuer-derived references. Issuer exact flow remains preferred when its own unit QA is clean.
2026-07-06,ARKW,0.0,0.0,ETFCOM_VALIDATED_ACTUAL,https://api-prod.etf.com/private/apps/fundflows/ARKW/charts?startDate=20260701&endDate=20260831,,,1817957700.0,,ETF.com daily actual fund-flow fallback; USD-million chart scale validated against canonical issuer-derived references. Issuer exact flow remains preferred when its own unit QA is clean.
2026-07-07,ARKW,0.0,0.0,ETFCOM_VALIDATED_ACTUAL,https://api-prod.etf.com/private/apps/fundflows/ARKW/charts?startDate=20260701&endDate=20260831,,,1817957700.0,,ETF.com daily actual fund-flow fallback; USD-million chart scale validated against canonical issuer-derived references. Issuer exact flow remains preferred when its own unit QA is clean.
2026-07-08,ARKW,0.0,0.0,ETFCOM_VALIDATED_ACTUAL,https://api-prod.etf.com/private/apps/fundflows/ARKW/charts?startDate=20260701&endDate=20260831,0.0,,1817957700.0,,ETF.com daily actual fund-flow fallback; USD-million chart scale validated against canonical issuer-derived references. Issuer exact flow remains preferred when its own unit QA is clean.
2026-07-10,ARKW,43.8096,43809600.0,ETFCOM_VALIDATED_ACTUAL,https://api-prod.etf.com/private/apps/fundflows/ARKW/charts?startDate=20260701&endDate=20260831,43809600.0,,1817957700.0,,ETF.com daily actual fund-flow fallback; USD-million chart scale validated against canonical issuer-derived references. Issuer exact flow remains preferred when its own unit QA is clean.
2026-07-14,ARKW,-438.489,-438489000.0,ETFCOM_VALIDATED_ACTUAL,https://api-prod.etf.com/private/apps/fundflows/ARKW/charts?startDate=20260701&endDate=20260831,-394679400.0,,1817957700.0,,ETF.com daily actual fund-flow fallback; USD-million chart scale validated against canonical issuer-derived references. Issuer exact flow remains preferred when its own unit QA is clean.
2026-07-15,ARKW,0.0,0.0,ETFCOM_VALIDATED_ACTUAL,https://api-prod.etf.com/private/apps/fundflows/ARKW/charts?startDate=20260701&endDate=20260831,-394679400.0,,1817957700.0,,ETF.com daily actual fund-flow fallback; USD-million chart scale validated against canonical issuer-derived references. Issuer exact flow remains preferred when its own unit QA is clean.
2026-07-16,ARKW,0.0,0.0,ETFCOM_VALIDATED_ACTUAL,https://api-prod.etf.com/private/apps/fundflows/ARKW/charts?startDate=20260701&endDate=20260831,-394679400.0,,1817957700.0,,ETF.com daily actual fund-flow fallback; USD-million chart scale validated against canonical issuer-derived references. Issuer exact flow remains preferred when its own unit QA is clean.
2026-07-17,ARKW,-7.2137,-7213700.0,ETFCOM_VALIDATED_ACTUAL,https://api-prod.etf.com/private/apps/fundflows/ARKW/charts?startDate=20260701&endDate=20260831,-401893100.0,,1817957700.0,,ETF.com daily actual fund-flow fallback; USD-million chart scale validated against canonical issuer-derived references. Issuer exact flow remains preferred when its own unit QA is clean.
2026-07-20,ARKW,0.0,0.0,ETFCOM_VALIDATED_ACTUAL,https://api-prod.etf.com/private/apps/fundflows/ARKW/charts?startDate=20260701&endDate=20260831,-445702700.0,,1817957700.0,,ETF.com daily actual fund-flow fallback; USD-million chart scale validated against canonical issuer-derived references. Issuer exact flow remains preferred when its own unit QA is clean.
2026-07-21,ARKW,0.0,0.0,ETFCOM_VALIDATED_ACTUAL,https://api-prod.etf.com/private/apps/fundflows/ARKW/charts?startDate=20260701&endDate=20260831,-7213700.0,,1817957700.0,,ETF.com daily actual fund-flow fallback; USD-million chart scale validated against canonical issuer-derived references. Issuer exact flow remains preferred when its own unit QA is clean.
2026-07-22,ARKW,0.0,0.0,ETFCOM_VALIDATED_ACTUAL,https://api-prod.etf.com/private/apps/fundflows/ARKW/charts?startDate=20260701&endDate=20260831,-7213700.0,,1817957700.0,,ETF.com daily actual fund-flow fallback; USD-million chart scale validated against canonical issuer-derived references. Issuer exact flow remains preferred when its own unit QA is clean.
2026-07-27,ARKW,-6.8264,-6826400.0,ETFCOM_VALIDATED_ACTUAL,https://api-prod.etf.com/private/apps/fundflows/ARKW/charts?startDate=20260701&endDate=20260831,-14040100.0,,1817957700.0,,ETF.com daily actual fund-flow fallback; USD-million chart scale validated against canonical issuer-derived references. Issuer exact flow remains preferred when its own unit QA is clean.
2026-07-28,ARKW,0.0,0.0,ETFCOM_VALIDATED_ACTUAL,https://api-prod.etf.com/private/apps/fundflows/ARKW/charts?startDate=20260701&endDate=20260831,-6826400.0,,1817957700.0,,ETF.com daily actual fund-flow fallback; USD-million chart scale validated against canonical issuer-derived references. Issuer exact flow remains preferred when its own unit QA is clean.
2026-07-29,ARKW,0.0,0.0,ETFCOM_VALIDATED_ACTUAL,https://api-prod.etf.com/private/apps/fundflows/ARKW/charts?startDate=20260701&endDate=20260831,-6826400.0,,1817957700.0,,ETF.com daily actual fund-flow fallback; USD-million chart scale validated against canonical issuer-derived references. Issuer exact flow remains preferred when its own unit QA is clean.
2026-07-30,ARKW,0.0,0.0,ETFCOM_VALIDATED_ACTUAL,https://api-prod.etf.com/private/apps/fundflows/ARKW/charts?startDate=20260701&endDate=20260831,-6826400.0,,1817957700.0,,ETF.com daily actual fund-flow fallback; USD-million chart scale validated against canonical issuer-derived references. Issuer exact flow remains preferred when its own unit QA is clean.
2026-07-31,ARKW,-13.8401,-13840100.0,ETFCOM_VALIDATED_ACTUAL,https://api-prod.etf.com/private/apps/fundflows/ARKW/charts?startDate=20260701&endDate=20260831,-20666500.0,,1817957700.0,,ETF.com daily actual fund-flow fallback; USD-million chart scale validated against canonical issuer-derived references. Issuer exact flow remains preferred when its own unit QA is clean.
2026-08-03,ARKW,0.0,0.0,ETFCOM_VALIDATED_ACTUAL,https://api-prod.etf.com/private/apps/fundflows/ARKW/charts?startDate=20260701&endDate=20260831,-13840100.0,,1817957700.0,,ETF.com daily actual fund-flow fallback; USD-million chart scale validated against canonical issuer-derived references. Issuer exact flow remains preferred when its own unit QA is clean.
2026-08-04,ARKW,0.0,0.0,ETFCOM_VALIDATED_ACTUAL,https://api-prod.etf.com/private/apps/fundflows/ARKW/charts?startDate=20260701&endDate=20260831,-13840100.0,-422559600.0,1817957700.0,-23.243643127670133,ETF.com daily actual fund-flow fallback; USD-million chart scale validated against canonical issuer-derived references. Issuer exact flow remains preferred when its own unit QA is clean.
2026-08-05,ARKW,0.0,0.0,ETFCOM_VALIDATED_ACTUAL,https://api-prod.etf.com/private/apps/fundflows/ARKW/charts?startDate=20260701&endDate=20260831,-13840100.0,-422559600.0,1817957700.0,-23.243643127670133,ETF.com daily actual fund-flow fallback; USD-million chart scale validated against canonical issuer-derived references. Issuer exact flow remains preferred when its own unit QA is clean.
2026-08-06,ARKW,0.0,0.0,ETFCOM_VALIDATED_ACTUAL,https://api-prod.etf.com/private/apps/fundflows/ARKW/charts?startDate=20260701&endDate=20260831,-13840100.0,-422559600.0,1817957700.0,-23.243643127670133,ETF.com daily actual fund-flow fallback; USD-million chart scale validated against canonical issuer-derived references. Issuer exact flow remains preferred when its own unit QA is clean.
2026-08-07,ARKW,0.0,0.0,ETFCOM_VALIDATED_ACTUAL,https://api-prod.etf.com/private/apps/fundflows/ARKW/charts?startDate=20260701&endDate=20260831,0.0,-422559600.0,1817957700.0,-23.243643127670133,ETF.com daily actual fund-flow fallback; USD-million chart scale validated against canonical issuer-derived references. Issuer exact flow remains preferred when its own unit QA is clean.
2026-08-10,ARKW,0.0,0.0,ETFCOM_VALIDATED_ACTUAL,https://api-prod.etf.com/private/apps/fundflows/ARKW/charts?startDate=20260701&endDate=20260831,0.0,-422559600.0,1817957700.0,-23.243643127670133,ETF.com daily actual fund-flow fallback; USD-million chart scale validated against canonical issuer-derived references. Issuer exact flow remains preferred when its own unit QA is clean.
2026-08-11,ARKW,0.0,0.0,ETFCOM_VALIDATED_ACTUAL,https://api-prod.etf.com/private/apps/fundflows/ARKW/charts?startDate=20260701&endDate=20260831,0.0,-422559600.0,1817957700.0,-23.243643127670133,ETF.com daily actual fund-flow fallback; USD-million chart scale validated against canonical issuer-derived references. Issuer exact flow remains preferred when its own unit QA is clean.
2026-08-12,ARKW,0.0,0.0,ETFCOM_VALIDATED_ACTUAL,https://api-prod.etf.com/private/apps/fundflows/ARKW/charts?startDate=20260701&endDate=20260831,0.0,-466369200.0,1817957700.0,-25.65346817475456,ETF.com daily actual fund-flow fallback; USD-million chart scale validated against canonical issuer-derived references. Issuer exact flow remains preferred when its own unit QA is clean.
2026-08-13,ARKW,0.0,0.0,ETFCOM_VALIDATED_ACTUAL,https://api-prod.etf.com/private/apps/fundflows/ARKW/charts?startDate=20260701&endDate=20260831,0.0,-27880200.0,1817957700.0,-1.5336000392088331,ETF.com daily actual fund-flow fallback; USD-million chart scale validated against canonical issuer-derived references. Issuer exact flow remains preferred when its own unit QA is clean.
2026-08-14,ARKW,0.0,0.0,ETFCOM_VALIDATED_ACTUAL,https://api-prod.etf.com/private/apps/fundflows/ARKW/charts?startDate=20260701&endDate=20260831,0.0,-27880200.0,1817957700.0,-1.5336000392088331,ETF.com daily actual fund-flow fallback; USD-million chart scale validated against canonical issuer-derived references. Issuer exact flow remains preferred when its own unit QA is clean.
2026-08-17,ARKW,0.0,0.0,ETFCOM_VALIDATED_ACTUAL,https://api-prod.etf.com/private/apps/fundflows/ARKW/charts?startDate=20260701&endDate=20260831,0.0,-27880200.0,1817957700.0,-1.5336000392088331,ETF.com daily actual fund-flow fallback; USD-million chart scale validated against canonical issuer-derived references. Issuer exact flow remains preferred when its own unit QA is clean.
2026-08-18,ARKW,0.0,0.0,ETFCOM_VALIDATED_ACTUAL,https://api-prod.etf.com/private/apps/fundflows/ARKW/charts?startDate=20260701&endDate=20260831,0.0,-20666500.0,1817957700.0,-1.1367976273595364,ETF.com daily actual fund-flow fallback; USD-million chart scale validated against canonical issuer-derived references. Issuer exact flow remains preferred when its own unit QA is clean.
2026-08-19,ARKW,0.0,0.0,ETFCOM_VALIDATED_ACTUAL,https://api-prod.etf.com/private/apps/fundflows/ARKW/charts?startDate=20260701&endDate=20260831,0.0,-20666500.0,1817957700.0,-1.1367976273595364,ETF.com daily actual fund-flow fallback; USD-million chart scale validated against canonical issuer-derived references. Issuer exact flow remains preferred when its own unit QA is clean.
2026-08-20,ARKW,0.0,0.0,ETFCOM_VALIDATED_ACTUAL,https://api-prod.etf.com/private/apps/fundflows/ARKW/charts?startDate=20260701&endDate=20260831,0.0,-20666500.0,1817957700.0,-1.1367976273595364,ETF.com daily actual fund-flow fallback; USD-million chart scale validated against canonical issuer-derived references. Issuer exact flow remains preferred when its own unit QA is clean.
2026-08-21,ARKW,0.0,0.0,ETFCOM_VALIDATED_ACTUAL,https://api-prod.etf.com/private/apps/fundflows/ARKW/charts?startDate=20260701&endDate=20260831,0.0,-20666500.0,1817957700.0,-1.1367976273595364,ETF.com daily actual fund-flow fallback; USD-million chart scale validated against canonical issuer-derived references. Issuer exact flow remains preferred when its own unit QA is clean.
2026-08-24,ARKW,0.0,0.0,ETFCOM_VALIDATED_ACTUAL,https://api-prod.etf.com/private/apps/fundflows/ARKW/charts?startDate=20260701&endDate=20260831,0.0,-13840100.0,1817957700.0,-0.7612993415633378,ETF.com daily actual fund-flow fallback; USD-million chart scale validated against canonical issuer-derived references. Issuer exact flow remains preferred when its own unit QA is clean.
2026-08-25,ARKW,-7.66875,-7668750.0,ETFCOM_VALIDATED_ACTUAL,https://api-prod.etf.com/private/apps/fundflows/ARKW/charts?startDate=20260701&endDate=20260831,-7668750.0,-21508850.0,1817957700.0,-1.183132588838563,ETF.com daily actual fund-flow fallback; USD-million chart scale validated against canonical issuer-derived references. Issuer exact flow remains preferred when its own unit QA is clean.
2026-08-26,ARKW,0.0,0.0,ETFCOM_VALIDATED_ACTUAL,https://api-prod.etf.com/private/apps/fundflows/ARKW/charts?startDate=20260701&endDate=20260831,-7668750.0,-21508850.0,1817957700.0,-1.183132588838563,ETF.com daily actual fund-flow fallback; USD-million chart scale validated against canonical issuer-derived references. Issuer exact flow remains preferred when its own unit QA is clean.
2026-08-27,ARKW,0.0,0.0,ETFCOM_VALIDATED_ACTUAL,https://api-prod.etf.com/private/apps/fundflows/ARKW/charts?startDate=20260701&endDate=20260831,-7668750.0,-21508850.0,1817957700.0,-1.183132588838563,ETF.com daily actual fund-flow fallback; USD-million chart scale validated against canonical issuer-derived references. Issuer exact flow remains preferred when its own unit QA is clean.
2026-08-28,ARKW,0.0,0.0,ETFCOM_VALIDATED_ACTUAL,https://api-prod.etf.com/private/apps/fundflows/ARKW/charts?startDate=20260701&endDate=20260831,-7668750.0,-7668750.0,1817957700.0,-0.42183324727522536,ETF.com daily actual fund-flow fallback; USD-million chart scale validated against canonical issuer-derived references. Issuer exact flow remains preferred when its own unit QA is clean.
2026-08-31,ARKW,0.0,0.0,ETFCOM_VALIDATED_ACTUAL,https://api-prod.etf.com/private/apps/fundflows/ARKW/charts?startDate=20260701&endDate=20260831,-7668750.0,-7668750.0,1817957700.0,-0.42183324727522536,ETF.com daily actual fund-flow fallback; USD-million chart scale validated against canonical issuer-derived references. Issuer exact flow remains preferred when its own unit QA is clean.
2026-07-01,BLOK,0.0,0.0,ETFCOM_VALIDATED_ACTUAL,https://api-prod.etf.com/private/apps/fundflows/BLOK/charts?startDate=20260701&endDate=20260831,,,1097653500.0,,ETF.com daily actual fund-flow fallback; USD-million chart scale validated against canonical issuer-derived references. Issuer exact flow remains preferred when its own unit QA is clean.
2026-07-02,BLOK,-9.402,-9402000.0,ETFCOM_VALIDATED_ACTUAL,https://api-prod.etf.com/private/apps/fundflows/BLOK/charts?startDate=20260701&endDate=20260831,,,1097653500.0,,ETF.com daily actual fund-flow fallback; USD-million chart scale validated against canonical issuer-derived references. Issuer exact flow remains preferred when its own unit QA is clean.
2026-07-06,BLOK,0.0,0.0,ETFCOM_VALIDATED_ACTUAL,https://api-prod.etf.com/private/apps/fundflows/BLOK/charts?startDate=20260701&endDate=20260831,,,1097653500.0,,ETF.com daily actual fund-flow fallback; USD-million chart scale validated against canonical issuer-derived references. Issuer exact flow remains preferred when its own unit QA is clean.
2026-07-07,BLOK,0.0,0.0,ETFCOM_VALIDATED_ACTUAL,https://api-prod.etf.com/private/apps/fundflows/BLOK/charts?startDate=20260701&endDate=20260831,,,1097653500.0,,ETF.com daily actual fund-flow fallback; USD-million chart scale validated against canonical issuer-derived references. Issuer exact flow remains preferred when its own unit QA is clean.
2026-07-08,BLOK,0.0,0.0,ETFCOM_VALIDATED_ACTUAL,https://api-prod.etf.com/private/apps/fundflows/BLOK/charts?startDate=20260701&endDate=20260831,-9402000.0,,1097653500.0,,ETF.com daily actual fund-flow fallback; USD-million chart scale validated against canonical issuer-derived references. Issuer exact flow remains preferred when its own unit QA is clean.
2026-07-09,BLOK,0.0,0.0,ETFCOM_VALIDATED_ACTUAL,https://api-prod.etf.com/private/apps/fundflows/BLOK/charts?startDate=20260701&endDate=20260831,-9402000.0,,1097653500.0,,ETF.com daily actual fund-flow fallback; USD-million chart scale validated against canonical issuer-derived references. Issuer exact flow remains preferred when its own unit QA is clean.
2026-07-10,BLOK,0.0,0.0,ETFCOM_VALIDATED_ACTUAL,https://api-prod.etf.com/private/apps/fundflows/BLOK/charts?startDate=20260701&endDate=20260831,0.0,,1097653500.0,,ETF.com daily actual fund-flow fallback; USD-million chart scale validated against canonical issuer-derived references. Issuer exact flow remains preferred when its own unit QA is clean.
2026-07-13,BLOK,0.0,0.0,ETFCOM_VALIDATED_ACTUAL,https://api-prod.etf.com/private/apps/fundflows/BLOK/charts?startDate=20260701&endDate=20260831,0.0,,1097653500.0,,ETF.com daily actual fund-flow fallback; USD-million chart scale validated against canonical issuer-derived references. Issuer exact flow remains preferred when its own unit QA is clean.
2026-07-14,BLOK,0.0,0.0,ETFCOM_VALIDATED_ACTUAL,https://api-prod.etf.com/private/apps/fundflows/BLOK/charts?startDate=20260701&endDate=20260831,0.0,,1097653500.0,,ETF.com daily actual fund-flow fallback; USD-million chart scale validated against canonical issuer-derived references. Issuer exact flow remains preferred when its own unit QA is clean.
2026-07-15,BLOK,-3.065,-3065000.0,ETFCOM_VALIDATED_ACTUAL,https://api-prod.etf.com/private/apps/fundflows/BLOK/charts?startDate=20260701&endDate=20260831,-3065000.0,,1097653500.0,,ETF.com daily actual fund-flow fallback; USD-million chart scale validated against canonical issuer-derived references. Issuer exact flow remains preferred when its own unit QA is clean.
2026-07-16,BLOK,-6.2,-6200000.0,ETFCOM_VALIDATED_ACTUAL,https://api-prod.etf.com/private/apps/fundflows/BLOK/charts?startDate=20260701&endDate=20260831,-9265000.0,,1097653500.0,,ETF.com daily actual fund-flow fallback; USD-million chart scale validated against canonical issuer-derived references. Issuer exact flow remains preferred when its own unit QA is clean.
2026-07-17,BLOK,0.0,0.0,ETFCOM_VALIDATED_ACTUAL,https://api-prod.etf.com/private/apps/fundflows/BLOK/charts?startDate=20260701&endDate=20260831,-9265000.0,,1097653500.0,,ETF.com daily actual fund-flow fallback; USD-million chart scale validated against canonical issuer-derived references. Issuer exact flow remains preferred when its own unit QA is clean.
2026-07-20,BLOK,0.0,0.0,ETFCOM_VALIDATED_ACTUAL,https://api-prod.etf.com/private/apps/fundflows/BLOK/charts?startDate=20260701&endDate=20260831,-9265000.0,,1097653500.0,,ETF.com daily actual fund-flow fallback; USD-million chart scale validated against canonical issuer-derived references. Issuer exact flow remains preferred when its own unit QA is clean.
2026-07-21,BLOK,0.0,0.0,ETFCOM_VALIDATED_ACTUAL,https://api-prod.etf.com/private/apps/fundflows/BLOK/charts?startDate=20260701&endDate=20260831,-9265000.0,,1097653500.0,,ETF.com daily actual fund-flow fallback; USD-million chart scale validated against canonical issuer-derived references. Issuer exact flow remains preferred when its own unit QA is clean.
2026-07-22,BLOK,0.0,0.0,ETFCOM_VALIDATED_ACTUAL,https://api-prod.etf.com/private/apps/fundflows/BLOK/charts?startDate=20260701&endDate=20260831,-6200000.0,,1097653500.0,,ETF.com daily actual fund-flow fallback; USD-million chart scale validated against canonical issuer-derived references. Issuer exact flow remains preferred when its own unit QA is clean.
2026-07-27,BLOK,0.0,0.0,ETFCOM_VALIDATED_ACTUAL,https://api-prod.etf.com/private/apps/fundflows/BLOK/charts?startDate=20260701&endDate=20260831,0.0,,1097653500.0,,ETF.com daily actual fund-flow fallback; USD-million chart scale validated against canonical issuer-derived references. Issuer exact flow remains preferred when its own unit QA is clean.
2026-07-28,BLOK,0.0,0.0,ETFCOM_VALIDATED_ACTUAL,https://api-prod.etf.com/private/apps/fundflows/BLOK/charts?startDate=20260701&endDate=20260831,0.0,,1097653500.0,,ETF.com daily actual fund-flow fallback; USD-million chart scale validated against canonical issuer-derived references. Issuer exact flow remains preferred when its own unit QA is clean.
2026-07-29,BLOK,-2.973,-2973000.0,ETFCOM_VALIDATED_ACTUAL,https://api-prod.etf.com/private/apps/fundflows/BLOK/charts?startDate=20260701&endDate=20260831,-2973000.0,,1097653500.0,,ETF.com daily actual fund-flow fallback; USD-million chart scale validated against canonical issuer-derived references. Issuer exact flow remains preferred when its own unit QA is clean.
2026-07-30,BLOK,-16.893,-16893000.0,ETFCOM_VALIDATED_ACTUAL,https://api-prod.etf.com/private/apps/fundflows/BLOK/charts?startDate=20260701&endDate=20260831,-19866000.0,,1097653500.0,,ETF.com daily actual fund-flow fallback; USD-million chart scale validated against canonical issuer-derived references. Issuer exact flow remains preferred when its own unit QA is clean.
2026-07-31,BLOK,0.0,0.0,ETFCOM_VALIDATED_ACTUAL,https://api-prod.etf.com/private/apps/fundflows/BLOK/charts?startDate=20260701&endDate=20260831,-19866000.0,-38533000.0,1097653500.0,-3.510488510263029,ETF.com daily actual fund-flow fallback; USD-million chart scale validated against canonical issuer-derived references. Issuer exact flow remains preferred when its own unit QA is clean.
2026-08-03,BLOK,0.0,0.0,ETFCOM_VALIDATED_ACTUAL,https://api-prod.etf.com/private/apps/fundflows/BLOK/charts?startDate=20260701&endDate=20260831,-19866000.0,-38533000.0,1097653500.0,-3.510488510263029,ETF.com daily actual fund-flow fallback; USD-million chart scale validated against canonical issuer-derived references. Issuer exact flow remains preferred when its own unit QA is clean.
2026-08-04,BLOK,0.0,0.0,ETFCOM_VALIDATED_ACTUAL,https://api-prod.etf.com/private/apps/fundflows/BLOK/charts?startDate=20260701&endDate=20260831,-19866000.0,-29131000.0,1097653500.0,-2.653934051137267,ETF.com daily actual fund-flow fallback; USD-million chart scale validated against canonical issuer-derived references. Issuer exact flow remains preferred when its own unit QA is clean.
2026-08-05,BLOK,-6.208,-6208000.0,ETFCOM_VALIDATED_ACTUAL,https://api-prod.etf.com/private/apps/fundflows/BLOK/charts?startDate=20260701&endDate=20260831,-23101000.0,-35339000.0,1097653500.0,-3.219504151355596,ETF.com daily actual fund-flow fallback; USD-million chart scale validated against canonical issuer-derived references. Issuer exact flow remains preferred when its own unit QA is clean.
2026-08-06,BLOK,0.0,0.0,ETFCOM_VALIDATED_ACTUAL,https://api-prod.etf.com/private/apps/fundflows/BLOK/charts?startDate=20260701&endDate=20260831,-6208000.0,-35339000.0,1097653500.0,-3.219504151355596,ETF.com daily actual fund-flow fallback; USD-million chart scale validated against canonical issuer-derived references. Issuer exact flow remains preferred when its own unit QA is clean.
2026-08-07,BLOK,0.0,0.0,ETFCOM_VALIDATED_ACTUAL,https://api-prod.etf.com/private/apps/fundflows/BLOK/charts?startDate=20260701&endDate=20260831,-6208000.0,-35339000.0,1097653500.0,-3.219504151355596,ETF.com daily actual fund-flow fallback; USD-million chart scale validated against canonical issuer-derived references. Issuer exact flow remains preferred when its own unit QA is clean.
2026-08-10,BLOK,0.0,0.0,ETFCOM_VALIDATED_ACTUAL,https://api-prod.etf.com/private/apps/fundflows/BLOK/charts?startDate=20260701&endDate=20260831,-6208000.0,-35339000.0,1097653500.0,-3.219504151355596,ETF.com daily actual fund-flow fallback; USD-million chart scale validated against canonical issuer-derived references. Issuer exact flow remains preferred when its own unit QA is clean.
2026-08-11,BLOK,0.0,0.0,ETFCOM_VALIDATED_ACTUAL,https://api-prod.etf.com/private/apps/fundflows/BLOK/charts?startDate=20260701&endDate=20260831,-6208000.0,-35339000.0,1097653500.0,-3.219504151355596,ETF.com daily actual fund-flow fallback; USD-million chart scale validated against canonical issuer-derived references. Issuer exact flow remains preferred when its own unit QA is clean.
2026-08-12,BLOK,0.0,0.0,ETFCOM_VALIDATED_ACTUAL,https://api-prod.etf.com/private/apps/fundflows/BLOK/charts?startDate=20260701&endDate=20260831,0.0,-35339000.0,1097653500.0,-3.219504151355596,ETF.com daily actual fund-flow fallback; USD-million chart scale validated against canonical issuer-derived references. Issuer exact flow remains preferred when its own unit QA is clean.
2026-08-13,BLOK,0.0,0.0,ETFCOM_VALIDATED_ACTUAL,https://api-prod.etf.com/private/apps/fundflows/BLOK/charts?startDate=20260701&endDate=20260831,0.0,-35339000.0,1097653500.0,-3.219504151355596,ETF.com daily actual fund-flow fallback; USD-million chart scale validated against canonical issuer-derived references. Issuer exact flow remains preferred when its own unit QA is clean.
2026-08-14,BLOK,0.0,0.0,ETFCOM_VALIDATED_ACTUAL,https://api-prod.etf.com/private/apps/fundflows/BLOK/charts?startDate=20260701&endDate=20260831,0.0,-32274000.0,1097653500.0,-2.9402721350590144,ETF.com daily actual fund-flow fallback; USD-million chart scale validated against canonical issuer-derived references. Issuer exact flow remains preferred when its own unit QA is clean.
2026-08-17,BLOK,0.0,0.0,ETFCOM_VALIDATED_ACTUAL,https://api-prod.etf.com/private/apps/fundflows/BLOK/charts?startDate=20260701&endDate=20260831,0.0,-26074000.0,1097653500.0,-2.37543086228942,ETF.com daily actual fund-flow fallback; USD-million chart scale validated against canonical issuer-derived references. Issuer exact flow remains preferred when its own unit QA is clean.
2026-08-18,BLOK,-3.0575,-3057500.0,ETFCOM_VALIDATED_ACTUAL,https://api-prod.etf.com/private/apps/fundflows/BLOK/charts?startDate=20260701&endDate=20260831,-3057500.0,-29131500.0,1097653500.0,-2.6539796028528126,ETF.com daily actual fund-flow fallback; USD-million chart scale validated against canonical issuer-derived references. Issuer exact flow remains preferred when its own unit QA is clean.
2026-08-19,BLOK,0.0,0.0,ETFCOM_VALIDATED_ACTUAL,https://api-prod.etf.com/private/apps/fundflows/BLOK/charts?startDate=20260701&endDate=20260831,-3057500.0,-29131500.0,1097653500.0,-2.6539796028528126,ETF.com daily actual fund-flow fallback; USD-million chart scale validated against canonical issuer-derived references. Issuer exact flow remains preferred when its own unit QA is clean.
2026-08-20,BLOK,-12.072,-12072000.0,ETFCOM_VALIDATED_ACTUAL,https://api-prod.etf.com/private/apps/fundflows/BLOK/charts?startDate=20260701&endDate=20260831,-15129500.0,-41203500.0,1097653500.0,-3.753780222993868,ETF.com daily actual fund-flow fallback; USD-million chart scale validated against canonical issuer-derived references. Issuer exact flow remains preferred when its own unit QA is clean.
2026-08-21,BLOK,0.0,0.0,ETFCOM_VALIDATED_ACTUAL,https://api-prod.etf.com/private/apps/fundflows/BLOK/charts?startDate=20260701&endDate=20260831,-15129500.0,-41203500.0,1097653500.0,-3.753780222993868,ETF.com daily actual fund-flow fallback; USD-million chart scale validated against canonical issuer-derived references. Issuer exact flow remains preferred when its own unit QA is clean.
2026-08-24,BLOK,0.0,0.0,ETFCOM_VALIDATED_ACTUAL,https://api-prod.etf.com/private/apps/fundflows/BLOK/charts?startDate=20260701&endDate=20260831,-15129500.0,-41203500.0,1097653500.0,-3.753780222993868,ETF.com daily actual fund-flow fallback; USD-million chart scale validated against canonical issuer-derived references. Issuer exact flow remains preferred when its own unit QA is clean.
2026-08-25,BLOK,3.11,3110000.0,ETFCOM_VALIDATED_ACTUAL,https://api-prod.etf.com/private/apps/fundflows/BLOK/charts?startDate=20260701&endDate=20260831,-8962000.0,-38093500.0,1097653500.0,-3.4704485522981523,ETF.com daily actual fund-flow fallback; USD-million chart scale validated against canonical issuer-derived references. Issuer exact flow remains preferred when its own unit QA is clean.
2026-08-26,BLOK,3.224,3224000.0,ETFCOM_VALIDATED_ACTUAL,https://api-prod.etf.com/private/apps/fundflows/BLOK/charts?startDate=20260701&endDate=20260831,-5738000.0,-31896500.0,1097653500.0,-2.9058805898218334,ETF.com daily actual fund-flow fallback; USD-million chart scale validated against canonical issuer-derived references. Issuer exact flow remains preferred when its own unit QA is clean.
2026-08-27,BLOK,0.0,0.0,ETFCOM_VALIDATED_ACTUAL,https://api-prod.etf.com/private/apps/fundflows/BLOK/charts?startDate=20260701&endDate=20260831,6334000.0,-15003500.0,1097653500.0,-1.3668703283868726,ETF.com daily actual fund-flow fallback; USD-million chart scale validated against canonical issuer-derived references. Issuer exact flow remains preferred when its own unit QA is clean.
2026-08-28,BLOK,0.0,0.0,ETFCOM_VALIDATED_ACTUAL,https://api-prod.etf.com/private/apps/fundflows/BLOK/charts?startDate=20260701&endDate=20260831,6334000.0,-15003500.0,1097653500.0,-1.3668703283868726,ETF.com daily actual fund-flow fallback; USD-million chart scale validated against canonical issuer-derived references. Issuer exact flow remains preferred when its own unit QA is clean.
2026-08-31,BLOK,0.0,0.0,ETFCOM_VALIDATED_ACTUAL,https://api-prod.etf.com/private/apps/fundflows/BLOK/charts?startDate=20260701&endDate=20260831,6334000.0,-15003500.0,1097653500.0,-1.3668703283868726,ETF.com daily actual fund-flow fallback; USD-million chart scale validated against canonical issuer-derived references. Issuer exact flow remains preferred when its own unit QA is clean.
2026-07-01,BOAT,0.0,0.0,ETFCOM_VALIDATED_ACTUAL,https://api-prod.etf.com/private/apps/fundflows/BOAT/charts?startDate=20260701&endDate=20260831,,,97964200.0,,ETF.com daily actual fund-flow fallback; USD-million chart scale validated against canonical issuer-derived references. Issuer exact flow remains preferred when its own unit QA is clean.
2026-07-02,BOAT,0.0,0.0,ETFCOM_VALIDATED_ACTUAL,https://api-prod.etf.com/private/apps/fundflows/BOAT/charts?startDate=20260701&endDate=20260831,,,97964200.0,,ETF.com daily actual fund-flow fallback; USD-million chart scale validated against canonical issuer-derived references. Issuer exact flow remains preferred when its own unit QA is clean.
2026-07-06,BOAT,0.0,0.0,ETFCOM_VALIDATED_ACTUAL,https://api-prod.etf.com/private/apps/fundflows/BOAT/charts?startDate=20260701&endDate=20260831,,,97964200.0,,ETF.com daily actual fund-flow fallback; USD-million chart scale validated against canonical issuer-derived references. Issuer exact flow remains preferred when its own unit QA is clean.
2026-07-07,BOAT,0.0,0.0,ETFCOM_VALIDATED_ACTUAL,https://api-prod.etf.com/private/apps/fundflows/BOAT/charts?startDate=20260701&endDate=20260831,,,97964200.0,,ETF.com daily actual fund-flow fallback; USD-million chart scale validated against canonical issuer-derived references. Issuer exact flow remains preferred when its own unit QA is clean.
2026-07-08,BOAT,0.0,0.0,ETFCOM_VALIDATED_ACTUAL,https://api-prod.etf.com/private/apps/fundflows/BOAT/charts?startDate=20260701&endDate=20260831,0.0,,97964200.0,,ETF.com daily actual fund-flow fallback; USD-million chart scale validated against canonical issuer-derived references. Issuer exact flow remains preferred when its own unit QA is clean.
2026-07-09,BOAT,0.0,0.0,ETFCOM_VALIDATED_ACTUAL,https://api-prod.etf.com/private/apps/fundflows/BOAT/charts?startDate=20260701&endDate=20260831,0.0,,97964200.0,,ETF.com daily actual fund-flow fallback; USD-million chart scale validated against canonical issuer-derived references. Issuer exact flow remains preferred when its own unit QA is clean.
2026-07-14,BOAT,0.0,0.0,ETFCOM_VALIDATED_ACTUAL,https://api-prod.etf.com/private/apps/fundflows/BOAT/charts?startDate=20260701&endDate=20260831,0.0,,97964200.0,,ETF.com daily actual fund-flow fallback; USD-million chart scale validated against canonical issuer-derived references. Issuer exact flow remains preferred when its own unit QA is clean.
2026-07-15,BOAT,0.0,0.0,ETFCOM_VALIDATED_ACTUAL,https://api-prod.etf.com/private/apps/fundflows/BOAT/charts?startDate=20260701&endDate=20260831,0.0,,97964200.0,,ETF.com daily actual fund-flow fallback; USD-million chart scale validated against canonical issuer-derived references. Issuer exact flow remains preferred when its own unit QA is clean.
2026-07-16,BOAT,0.0,0.0,ETFCOM_VALIDATED_ACTUAL,https://api-prod.etf.com/private/apps/fundflows/BOAT/charts?startDate=20260701&endDate=20260831,0.0,,97964200.0,,ETF.com daily actual fund-flow fallback; USD-million chart scale validated against canonical issuer-derived references. Issuer exact flow remains preferred when its own unit QA is clean.
2026-07-17,BOAT,0.0,0.0,ETFCOM_VALIDATED_ACTUAL,https://api-prod.etf.com/private/apps/fundflows/BOAT/charts?startDate=20260701&endDate=20260831,0.0,,97964200.0,,ETF.com daily actual fund-flow fallback; USD-million chart scale validated against canonical issuer-derived references. Issuer exact flow remains preferred when its own unit QA is clean.
2026-07-20,BOAT,0.0,0.0,ETFCOM_VALIDATED_ACTUAL,https://api-prod.etf.com/private/apps/fundflows/BOAT/charts?startDate=20260701&endDate=20260831,0.0,,97964200.0,,ETF.com daily actual fund-flow fallback; USD-million chart scale validated against canonical issuer-derived references. Issuer exact flow remains preferred when its own unit QA is clean.
2026-07-21,BOAT,0.0,0.0,ETFCOM_VALIDATED_ACTUAL,https://api-prod.etf.com/private/apps/fundflows/BOAT/charts?startDate=20260701&endDate=20260831,0.0,,97964200.0,,ETF.com daily actual fund-flow fallback; USD-million chart scale validated against canonical issuer-derived references. Issuer exact flow remains preferred when its own unit QA is clean.
2026-07-22,BOAT,0.0,0.0,ETFCOM_VALIDATED_ACTUAL,https://api-prod.etf.com/private/apps/fundflows/BOAT/charts?startDate=20260701&endDate=20260831,0.0,,97964200.0,,ETF.com daily actual fund-flow fallback; USD-million chart scale validated against canonical issuer-derived references. Issuer exact flow remains preferred when its own unit QA is clean.
2026-07-27,BOAT,0.0,0.0,ETFCOM_VALIDATED_ACTUAL,https://api-prod.etf.com/private/apps/fundflows/BOAT/charts?startDate=20260701&endDate=20260831,0.0,,97964200.0,,ETF.com daily actual fund-flow fallback; USD-million chart scale validated against canonical issuer-derived references. Issuer exact flow remains preferred when its own unit QA is clean.
2026-07-28,BOAT,0.0,0.0,ETFCOM_VALIDATED_ACTUAL,https://api-prod.etf.com/private/apps/fundflows/BOAT/charts?startDate=20260701&endDate=20260831,0.0,,97964200.0,,ETF.com daily actual fund-flow fallback; USD-million chart scale validated against canonical issuer-derived references. Issuer exact flow remains preferred when its own unit QA is clean.
2026-07-29,BOAT,0.0,0.0,ETFCOM_VALIDATED_ACTUAL,https://api-prod.etf.com/private/apps/fundflows/BOAT/charts?startDate=20260701&endDate=20260831,0.0,,97964200.0,,ETF.com daily actual fund-flow fallback; USD-million chart scale validated against canonical issuer-derived references. Issuer exact flow remains preferred when its own unit QA is clean.
2026-07-30,BOAT,0.0,0.0,ETFCOM_VALIDATED_ACTUAL,https://api-prod.etf.com/private/apps/fundflows/BOAT/charts?startDate=20260701&endDate=20260831,0.0,,97964200.0,,ETF.com daily actual fund-flow fallback; USD-million chart scale validated against canonical issuer-derived references. Issuer exact flow remains preferred when its own unit QA is clean.
2026-07-31,BOAT,0.0,0.0,ETFCOM_VALIDATED_ACTUAL,https://api-prod.etf.com/private/apps/fundflows/BOAT/charts?startDate=20260701&endDate=20260831,0.0,,97964200.0,,ETF.com daily actual fund-flow fallback; USD-million chart scale validated against canonical issuer-derived references. Issuer exact flow remains preferred when its own unit QA is clean.
2026-08-03,BOAT,0.0,0.0,ETFCOM_VALIDATED_ACTUAL,https://api-prod.etf.com/private/apps/fundflows/BOAT/charts?startDate=20260701&endDate=20260831,0.0,,97964200.0,,ETF.com daily actual fund-flow fallback; USD-million chart scale validated against canonical issuer-derived references. Issuer exact flow remains preferred when its own unit QA is clean.
2026-08-04,BOAT,0.0,0.0,ETFCOM_VALIDATED_ACTUAL,https://api-prod.etf.com/private/apps/fundflows/BOAT/charts?startDate=20260701&endDate=20260831,0.0,0.0,97964200.0,0.0,ETF.com daily actual fund-flow fallback; USD-million chart scale validated against canonical issuer-derived references. Issuer exact flow remains preferred when its own unit QA is clean.
2026-08-05,BOAT,4.37462,4374620.0,ETFCOM_VALIDATED_ACTUAL,https://api-prod.etf.com/private/apps/fundflows/BOAT/charts?startDate=20260701&endDate=20260831,4374620.0,4374620.0,97964200.0,4.4655292443566115,ETF.com daily actual fund-flow fallback; USD-million chart scale validated against canonical issuer-derived references. Issuer exact flow remains preferred when its own unit QA is clean.
2026-08-06,BOAT,0.0,0.0,ETFCOM_VALIDATED_ACTUAL,https://api-prod.etf.com/private/apps/fundflows/BOAT/charts?startDate=20260701&endDate=20260831,4374620.0,4374620.0,97964200.0,4.4655292443566115,ETF.com daily actual fund-flow fallback; USD-million chart scale validated against canonical issuer-derived references. Issuer exact flow remains preferred when its own unit QA is clean.
2026-08-07,BOAT,0.0,0.0,ETFCOM_VALIDATED_ACTUAL,https://api-prod.etf.com/private/apps/fundflows/BOAT/charts?startDate=20260701&endDate=20260831,4374620.0,4374620.0,97964200.0,4.4655292443566115,ETF.com daily actual fund-flow fallback; USD-million chart scale validated against canonical issuer-derived references. Issuer exact flow remains preferred when its own unit QA is clean.
2026-08-10,BOAT,0.0,0.0,ETFCOM_VALIDATED_ACTUAL,https://api-prod.etf.com/private/apps/fundflows/BOAT/charts?startDate=20260701&endDate=20260831,4374620.0,4374620.0,97964200.0,4.4655292443566115,ETF.com daily actual fund-flow fallback; USD-million chart scale validated against canonical issuer-derived references. Issuer exact flow remains preferred when its own unit QA is clean.
2026-08-11,BOAT,1.10189,1101890.0,ETFCOM_VALIDATED_ACTUAL,https://api-prod.etf.com/private/apps/fundflows/BOAT/charts?startDate=20260701&endDate=20260831,5476510.0,5476510.0,97964200.0,5.590317687481754,ETF.com daily actual fund-flow fallback; USD-million chart scale validated against canonical issuer-derived references. Issuer exact flow remains preferred when its own unit QA is clean.
2026-08-12,BOAT,0.0,0.0,ETFCOM_VALIDATED_ACTUAL,https://api-prod.etf.com/private/apps/fundflows/BOAT/charts?startDate=20260701&endDate=20260831,1101890.0,5476510.0,97964200.0,5.590317687481754,ETF.com daily actual fund-flow fallback; USD-million chart scale validated against canonical issuer-derived references. Issuer exact flow remains preferred when its own unit QA is clean.
2026-08-13,BOAT,0.0,0.0,ETFCOM_VALIDATED_ACTUAL,https://api-prod.etf.com/private/apps/fundflows/BOAT/charts?startDate=20260701&endDate=20260831,1101890.0,5476510.0,97964200.0,5.590317687481754,ETF.com daily actual fund-flow fallback; USD-million chart scale validated against canonical issuer-derived references. Issuer exact flow remains preferred when its own unit QA is clean.
2026-08-14,BOAT,0.0,0.0,ETFCOM_VALIDATED_ACTUAL,https://api-prod.etf.com/private/apps/fundflows/BOAT/charts?startDate=20260701&endDate=20260831,1101890.0,5476510.0,97964200.0,5.590317687481754,ETF.com daily actual fund-flow fallback; USD-million chart scale validated against canonical issuer-derived references. Issuer exact flow remains preferred when its own unit QA is clean.
2026-08-17,BOAT,0.0,0.0,ETFCOM_VALIDATED_ACTUAL,https://api-prod.etf.com/private/apps/fundflows/BOAT/charts?startDate=20260701&endDate=20260831,1101890.0,5476510.0,97964200.0,5.590317687481754,ETF.com daily actual fund-flow fallback; USD-million chart scale validated against canonical issuer-derived references. Issuer exact flow remains preferred when its own unit QA is clean.
2026-08-18,BOAT,0.0,0.0,ETFCOM_VALIDATED_ACTUAL,https://api-prod.etf.com/private/apps/fundflows/BOAT/charts?startDate=20260701&endDate=20260831,0.0,5476510.0,97964200.0,5.590317687481754,ETF.com daily actual fund-flow fallback; USD-million chart scale validated against canonical issuer-derived references. Issuer exact flow remains preferred when its own unit QA is clean.
2026-08-19,BOAT,2.38747,2387470.0,ETFCOM_VALIDATED_ACTUAL,https://api-prod.etf.com/private/apps/fundflows/BOAT/charts?startDate=20260701&endDate=20260831,2387470.0,7863980.0,97964200.0,8.027401846797096,ETF.com daily actual fund-flow fallback; USD-million chart scale validated against canonical issuer-derived references. Issuer exact flow remains preferred when its own unit QA is clean.
2026-08-20,BOAT,0.0,0.0,ETFCOM_VALIDATED_ACTUAL,https://api-prod.etf.com/private/apps/fundflows/BOAT/charts?startDate=20260701&endDate=20260831,2387470.0,7863980.0,97964200.0,8.027401846797096,ETF.com daily actual fund-flow fallback; USD-million chart scale validated against canonical issuer-derived references. Issuer exact flow remains preferred when its own unit QA is clean.
2026-08-21,BOAT,2.4037,2403700.0,ETFCOM_VALIDATED_ACTUAL,https://api-prod.etf.com/private/apps/fundflows/BOAT/charts?startDate=20260701&endDate=20260831,4791170.0,10267680.0,97964200.0,10.481053282729814,ETF.com daily actual fund-flow fallback; USD-million chart scale validated against canonical issuer-derived references. Issuer exact flow remains preferred when its own unit QA is clean.
2026-08-24,BOAT,0.0,0.0,ETFCOM_VALIDATED_ACTUAL,https://api-prod.etf.com/private/apps/fundflows/BOAT/charts?startDate=20260701&endDate=20260831,4791170.0,10267680.0,97964200.0,10.481053282729814,ETF.com daily actual fund-flow fallback; USD-million chart scale validated against canonical issuer-derived references. Issuer exact flow remains preferred when its own unit QA is clean.
2026-08-25,BOAT,0.0,0.0,ETFCOM_VALIDATED_ACTUAL,https://api-prod.etf.com/private/apps/fundflows/BOAT/charts?startDate=20260701&endDate=20260831,4791170.0,10267680.0,97964200.0,10.481053282729814,ETF.com daily actual fund-flow fallback; USD-million chart scale validated against canonical issuer-derived references. Issuer exact flow remains preferred when its own unit QA is clean.
2026-08-26,BOAT,0.0,0.0,ETFCOM_VALIDATED_ACTUAL,https://api-prod.etf.com/private/apps/fundflows/BOAT/charts?startDate=20260701&endDate=20260831,2403700.0,10267680.0,97964200.0,10.481053282729814,ETF.com daily actual fund-flow fallback; USD-million chart scale validated against canonical issuer-derived references. Issuer exact flow remains preferred when its own unit QA is clean.
2026-08-27,BOAT,0.0,0.0,ETFCOM_VALIDATED_ACTUAL,https://api-prod.etf.com/private/apps/fundflows/BOAT/charts?startDate=20260701&endDate=20260831,2403700.0,10267680.0,97964200.0,10.481053282729814,ETF.com daily actual fund-flow fallback; USD-million chart scale validated against canonical issuer-derived references. Issuer exact flow remains preferred when its own unit QA is clean.
2026-08-28,BOAT,0.0,0.0,ETFCOM_VALIDATED_ACTUAL,https://api-prod.etf.com/private/apps/fundflows/BOAT/charts?startDate=20260701&endDate=20260831,0.0,10267680.0,97964200.0,10.481053282729814,ETF.com daily actual fund-flow fallback; USD-million chart scale validated against canonical issuer-derived references. Issuer exact flow remains preferred when its own unit QA is clean.
2026-08-31,BOAT,0.0,0.0,ETFCOM_VALIDATED_ACTUAL,https://api-prod.etf.com/private/apps/fundflows/BOAT/charts?startDate=20260701&endDate=20260831,0.0,10267680.0,97964200.0,10.481053282729814,ETF.com daily actual fund-flow fallback; USD-million chart scale validated against canonical issuer-derived references. Issuer exact flow remains preferred when its own unit QA is clean.
2026-07-01,BOTZ,0.385002,385002.0,ETFCOM_VALIDATED_ACTUAL,https://api-prod.etf.com/private/apps/fundflows/BOTZ/charts?startDate=20260701&endDate=20260831,,,3428991027.66384,,ETF.com daily actual fund-flow fallback; USD-million chart scale validated against canonical issuer-derived references. Issuer exact flow remains preferred when its own unit QA is clean.
2026-07-02,BOTZ,-0.144491,-144491.0,ETFCOM_VALIDATED_ACTUAL,https://api-prod.etf.com/private/apps/fundflows/BOTZ/charts?startDate=20260701&endDate=20260831,,,3428991027.66384,,ETF.com daily actual fund-flow fallback; USD-million chart scale validated against canonical issuer-derived references. Issuer exact flow remains preferred when its own unit QA is clean.
2026-07-06,BOTZ,1.49321,1493210.0,ETFCOM_VALIDATED_ACTUAL,https://api-prod.etf.com/private/apps/fundflows/BOTZ/charts?startDate=20260701&endDate=20260831,,,3428991027.66384,,ETF.com daily actual fund-flow fallback; USD-million chart scale validated against canonical issuer-derived references. Issuer exact flow remains preferred when its own unit QA is clean.
2026-07-07,BOTZ,0.613512,613512.0,ETFCOM_VALIDATED_ACTUAL,https://api-prod.etf.com/private/apps/fundflows/BOTZ/charts?startDate=20260701&endDate=20260831,,,3428991027.66384,,ETF.com daily actual fund-flow fallback; USD-million chart scale validated against canonical issuer-derived references. Issuer exact flow remains preferred when its own unit QA is clean.
2026-07-08,BOTZ,-0.280876,-280876.0,ETFCOM_VALIDATED_ACTUAL,https://api-prod.etf.com/private/apps/fundflows/BOTZ/charts?startDate=20260701&endDate=20260831,2066357.0,,3428991027.66384,,ETF.com daily actual fund-flow fallback; USD-million chart scale validated against canonical issuer-derived references. Issuer exact flow remains preferred when its own unit QA is clean.
2026-07-09,BOTZ,-0.284742,-284742.0,ETFCOM_VALIDATED_ACTUAL,https://api-prod.etf.com/private/apps/fundflows/BOTZ/charts?startDate=20260701&endDate=20260831,1396613.0,,3428991027.66384,,ETF.com daily actual fund-flow fallback; USD-million chart scale validated against canonical issuer-derived references. Issuer exact flow remains preferred when its own unit QA is clean.
2026-07-10,BOTZ,0.783712,783712.0,ETFCOM_VALIDATED_ACTUAL,https://api-prod.etf.com/private/apps/fundflows/BOTZ/charts?startDate=20260701&endDate=20260831,2324816.0,,3428991027.66384,,ETF.com daily actual fund-flow fallback; USD-million chart scale validated against canonical issuer-derived references. Issuer exact flow remains preferred when its own unit QA is clean.
2026-07-13,BOTZ,-0.145972,-145972.0,ETFCOM_VALIDATED_ACTUAL,https://api-prod.etf.com/private/apps/fundflows/BOTZ/charts?startDate=20260701&endDate=20260831,685634.0,,3428991027.66384,,ETF.com daily actual fund-flow fallback; USD-million chart scale validated against canonical issuer-derived references. Issuer exact flow remains preferred when its own unit QA is clean.
2026-07-14,BOTZ,-0.186572,-186572.0,ETFCOM_VALIDATED_ACTUAL,https://api-prod.etf.com/private/apps/fundflows/BOTZ/charts?startDate=20260701&endDate=20260831,-114450.0,,3428991027.66384,,ETF.com daily actual fund-flow fallback; USD-million chart scale validated against canonical issuer-derived references. Issuer exact flow remains preferred when its own unit QA is clean.
2026-07-15,BOTZ,0.038319,38319.0,ETFCOM_VALIDATED_ACTUAL,https://api-prod.etf.com/private/apps/fundflows/BOTZ/charts?startDate=20260701&endDate=20260831,204745.0,,3428991027.66384,,ETF.com daily actual fund-flow fallback; USD-million chart scale validated against canonical issuer-derived references. Issuer exact flow remains preferred when its own unit QA is clean.
2026-07-16,BOTZ,-0.014463,-14463.0,ETFCOM_VALIDATED_ACTUAL,https://api-prod.etf.com/private/apps/fundflows/BOTZ/charts?startDate=20260701&endDate=20260831,475024.0,,3428991027.66384,,ETF.com daily actual fund-flow fallback; USD-million chart scale validated against canonical issuer-derived references. Issuer exact flow remains preferred when its own unit QA is clean.
2026-07-17,BOTZ,-0.104818,-104818.0,ETFCOM_VALIDATED_ACTUAL,https://api-prod.etf.com/private/apps/fundflows/BOTZ/charts?startDate=20260701&endDate=20260831,-413506.0,,3428991027.66384,,ETF.com daily actual fund-flow fallback; USD-million chart scale validated against canonical issuer-derived references. Issuer exact flow remains preferred when its own unit QA is clean.
2026-07-20,BOTZ,-0.117636,-117636.0,ETFCOM_VALIDATED_ACTUAL,https://api-prod.etf.com/private/apps/fundflows/BOTZ/charts?startDate=20260701&endDate=20260831,-385170.0,,3428991027.66384,,ETF.com daily actual fund-flow fallback; USD-million chart scale validated against canonical issuer-derived references. Issuer exact flow remains preferred when its own unit QA is clean.
2026-07-21,BOTZ,0.455769,455769.0,ETFCOM_VALIDATED_ACTUAL,https://api-prod.etf.com/private/apps/fundflows/BOTZ/charts?startDate=20260701&endDate=20260831,257171.0,,3428991027.66384,,ETF.com daily actual fund-flow fallback; USD-million chart scale validated against canonical issuer-derived references. Issuer exact flow remains preferred when its own unit QA is clean.
2026-07-22,BOTZ,-0.392214,-392214.0,ETFCOM_VALIDATED_ACTUAL,https://api-prod.etf.com/private/apps/fundflows/BOTZ/charts?startDate=20260701&endDate=20260831,-173362.0,,3428991027.66384,,ETF.com daily actual fund-flow fallback; USD-million chart scale validated against canonical issuer-derived references. Issuer exact flow remains preferred when its own unit QA is clean.
2026-07-27,BOTZ,0.494637,494637.0,ETFCOM_VALIDATED_ACTUAL,https://api-prod.etf.com/private/apps/fundflows/BOTZ/charts?startDate=20260701&endDate=20260831,335738.0,,3428991027.66384,,ETF.com daily actual fund-flow fallback; USD-million chart scale validated against canonical issuer-derived references. Issuer exact flow remains preferred when its own unit QA is clean.
2026-07-28,BOTZ,-0.294508,-294508.0,ETFCOM_VALIDATED_ACTUAL,https://api-prod.etf.com/private/apps/fundflows/BOTZ/charts?startDate=20260701&endDate=20260831,146048.0,,3428991027.66384,,ETF.com daily actual fund-flow fallback; USD-million chart scale validated against canonical issuer-derived references. Issuer exact flow remains preferred when its own unit QA is clean.
2026-07-29,BOTZ,-0.068796,-68796.0,ETFCOM_VALIDATED_ACTUAL,https://api-prod.etf.com/private/apps/fundflows/BOTZ/charts?startDate=20260701&endDate=20260831,194888.0,,3428991027.66384,,ETF.com daily actual fund-flow fallback; USD-million chart scale validated against canonical issuer-derived references. Issuer exact flow remains preferred when its own unit QA is clean.
2026-07-30,BOTZ,0.0,0.0,ETFCOM_VALIDATED_ACTUAL,https://api-prod.etf.com/private/apps/fundflows/BOTZ/charts?startDate=20260701&endDate=20260831,-260881.0,,3428991027.66384,,ETF.com daily actual fund-flow fallback; USD-million chart scale validated against canonical issuer-derived references. Issuer exact flow remains preferred when its own unit QA is clean.
2026-07-31,BOTZ,-9.41949,-9419490.0,ETFCOM_VALIDATED_ACTUAL,https://api-prod.etf.com/private/apps/fundflows/BOTZ/charts?startDate=20260701&endDate=20260831,-9288157.0,-7190417.0,3428991027.66384,-0.20969483273622933,ETF.com daily actual fund-flow fallback; USD-million chart scale validated against canonical issuer-derived references. Issuer exact flow remains preferred when its own unit QA is clean.
2026-08-03,BOTZ,56.0663,56066300.0,ETFCOM_VALIDATED_ACTUAL,https://api-prod.etf.com/private/apps/fundflows/BOTZ/charts?startDate=20260701&endDate=20260831,46283506.0,48490881.0,3428991027.66384,1.4141442951816843,ETF.com daily actual fund-flow fallback; USD-million chart scale validated against canonical issuer-derived references. Issuer exact flow remains preferred when its own unit QA is clean.
2026-08-04,BOTZ,0.734318,734318.0,ETFCOM_VALIDATED_ACTUAL,https://api-prod.etf.com/private/apps/fundflows/BOTZ/charts?startDate=20260701&endDate=20260831,47312332.0,49369690.0,3428991027.66384,1.439773087818063,ETF.com daily actual fund-flow fallback; USD-million chart scale validated against canonical issuer-derived references. Issuer exact flow remains preferred when its own unit QA is clean.
2026-08-05,BOTZ,-0.082429,-82429.0,ETFCOM_VALIDATED_ACTUAL,https://api-prod.etf.com/private/apps/fundflows/BOTZ/charts?startDate=20260701&endDate=20260831,47298699.0,47794051.0,3428991027.66384,1.393822573882963,ETF.com daily actual fund-flow fallback; USD-million chart scale validated against canonical issuer-derived references. Issuer exact flow remains preferred when its own unit QA is clean.
2026-08-06,BOTZ,16.1125,16112500.0,ETFCOM_VALIDATED_ACTUAL,https://api-prod.etf.com/private/apps/fundflows/BOTZ/charts?startDate=20260701&endDate=20260831,63411199.0,63293039.0,3428991027.66384,1.8458210735862244,ETF.com daily actual fund-flow fallback; USD-million chart scale validated against canonical issuer-derived references. Issuer exact flow remains preferred when its own unit QA is clean.
2026-08-07,BOTZ,-0.049475,-49475.0,ETFCOM_VALIDATED_ACTUAL,https://api-prod.etf.com/private/apps/fundflows/BOTZ/charts?startDate=20260701&endDate=20260831,72781214.0,63524440.0,3428991027.66384,1.8525694435333355,ETF.com daily actual fund-flow fallback; USD-million chart scale validated against canonical issuer-derived references. Issuer exact flow remains preferred when its own unit QA is clean.
2026-08-10,BOTZ,-0.100725,-100725.0,ETFCOM_VALIDATED_ACTUAL,https://api-prod.etf.com/private/apps/fundflows/BOTZ/charts?startDate=20260701&endDate=20260831,16614189.0,63708457.0,3428991027.66384,1.8579359492638965,ETF.com daily actual fund-flow fallback; USD-million chart scale validated against canonical issuer-derived references. Issuer exact flow remains preferred when its own unit QA is clean.
2026-08-11,BOTZ,5.43309,5433090.0,ETFCOM_VALIDATED_ACTUAL,https://api-prod.etf.com/private/apps/fundflows/BOTZ/charts?startDate=20260701&endDate=20260831,21312961.0,68357835.0,3428991027.66384,1.9935262136446,ETF.com daily actual fund-flow fallback; USD-million chart scale validated against canonical issuer-derived references. Issuer exact flow remains preferred when its own unit QA is clean.
2026-08-12,BOTZ,-0.72077,-720770.0,ETFCOM_VALIDATED_ACTUAL,https://api-prod.etf.com/private/apps/fundflows/BOTZ/charts?startDate=20260701&endDate=20260831,20674620.0,67783037.0,3428991027.66384,1.9767633234718716,ETF.com daily actual fund-flow fallback; USD-million chart scale validated against canonical issuer-derived references. Issuer exact flow remains preferred when its own unit QA is clean.
2026-08-13,BOTZ,6.39571,6395710.0,ETFCOM_VALIDATED_ACTUAL,https://api-prod.etf.com/private/apps/fundflows/BOTZ/charts?startDate=20260701&endDate=20260831,10957830.0,74365319.0,3428991027.66384,2.1687230558507715,ETF.com daily actual fund-flow fallback; USD-million chart scale validated against canonical issuer-derived references. Issuer exact flow remains preferred when its own unit QA is clean.
2026-08-14,BOTZ,-0.866329,-866329.0,ETFCOM_VALIDATED_ACTUAL,https://api-prod.etf.com/private/apps/fundflows/BOTZ/charts?startDate=20260701&endDate=20260831,10140976.0,73460671.0,3428991027.66384,2.1423407179355762,ETF.com daily actual fund-flow fallback; USD-million chart scale validated against canonical issuer-derived references. Issuer exact flow remains preferred when its own unit QA is clean.
2026-08-17,BOTZ,0.463001,463001.0,ETFCOM_VALIDATED_ACTUAL,https://api-prod.etf.com/private/apps/fundflows/BOTZ/charts?startDate=20260701&endDate=20260831,10704702.0,73938135.0,3428991027.66384,2.15626504716677,ETF.com daily actual fund-flow fallback; USD-million chart scale validated against canonical issuer-derived references. Issuer exact flow remains preferred when its own unit QA is clean.
2026-08-18,BOTZ,0.184334,184334.0,ETFCOM_VALIDATED_ACTUAL,https://api-prod.etf.com/private/apps/fundflows/BOTZ/charts?startDate=20260701&endDate=20260831,5455946.0,74227287.0,3428991027.66384,2.164697615163222,ETF.com daily actual fund-flow fallback; USD-million chart scale validated against canonical issuer-derived references. Issuer exact flow remains preferred when its own unit QA is clean.
2026-08-19,BOTZ,-0.078312,-78312.0,ETFCOM_VALIDATED_ACTUAL,https://api-prod.etf.com/private/apps/fundflows/BOTZ/charts?startDate=20260701&endDate=20260831,6098404.0,74266611.0,3428991027.66384,2.165844424813138,ETF.com daily actual fund-flow fallback; USD-million chart scale validated against canonical issuer-derived references. Issuer exact flow remains preferred when its own unit QA is clean.
2026-08-20,BOTZ,0.254529,254529.0,ETFCOM_VALIDATED_ACTUAL,https://api-prod.etf.com/private/apps/fundflows/BOTZ/charts?startDate=20260701&endDate=20260831,-42777.0,74065371.0,3428991027.66384,2.159975643052659,ETF.com daily actual fund-flow fallback; USD-million chart scale validated against canonical issuer-derived references. Issuer exact flow remains preferred when its own unit QA is clean.
2026-08-21,BOTZ,2.97581,2975810.0,ETFCOM_VALIDATED_ACTUAL,https://api-prod.etf.com/private/apps/fundflows/BOTZ/charts?startDate=20260701&endDate=20260831,3799362.0,77433395.0,3428991027.66384,2.2581976556746817,ETF.com daily actual fund-flow fallback; USD-million chart scale validated against canonical issuer-derived references. Issuer exact flow remains preferred when its own unit QA is clean.
2026-08-24,BOTZ,0.084065,84065.0,ETFCOM_VALIDATED_ACTUAL,https://api-prod.etf.com/private/apps/fundflows/BOTZ/charts?startDate=20260701&endDate=20260831,3420426.0,77022823.0,3428991027.66384,2.246224104367966,ETF.com daily actual fund-flow fallback; USD-million chart scale validated against canonical issuer-derived references. Issuer exact flow remains preferred when its own unit QA is clean.
2026-08-25,BOTZ,0.211867,211867.0,ETFCOM_VALIDATED_ACTUAL,https://api-prod.etf.com/private/apps/fundflows/BOTZ/charts?startDate=20260701&endDate=20260831,3447959.0,77529198.0,3428991027.66384,2.260991567913795,ETF.com daily actual fund-flow fallback; USD-million chart scale validated against canonical issuer-derived references. Issuer exact flow remains preferred when its own unit QA is clean.
2026-08-26,BOTZ,-0.264494,-264494.0,ETFCOM_VALIDATED_ACTUAL,https://api-prod.etf.com/private/apps/fundflows/BOTZ/charts?startDate=20260701&endDate=20260831,3261777.0,77333500.0,3428991027.66384,2.2552844080402,ETF.com daily actual fund-flow fallback; USD-million chart scale validated against canonical issuer-derived references. Issuer exact flow remains preferred when its own unit QA is clean.
2026-08-27,BOTZ,0.046917,46917.0,ETFCOM_VALIDATED_ACTUAL,https://api-prod.etf.com/private/apps/fundflows/BOTZ/charts?startDate=20260701&endDate=20260831,3054165.0,77380417.0,3428991027.66384,2.256652653090172,ETF.com daily actual fund-flow fallback; USD-million chart scale validated against canonical issuer-derived references. Issuer exact flow remains preferred when its own unit QA is clean.
2026-08-28,BOTZ,-0.106032,-106032.0,ETFCOM_VALIDATED_ACTUAL,https://api-prod.etf.com/private/apps/fundflows/BOTZ/charts?startDate=20260701&endDate=20260831,-27677.0,86693875.0,3428991027.66384,2.5282619377124544,ETF.com daily actual fund-flow fallback; USD-million chart scale validated against canonical issuer-derived references. Issuer exact flow remains preferred when its own unit QA is clean.
2026-08-31,BOTZ,0.557934,557934.0,ETFCOM_VALIDATED_ACTUAL,https://api-prod.etf.com/private/apps/fundflows/BOTZ/charts?startDate=20260701&endDate=20260831,446192.0,31185509.0,3428991027.66384,0.9094660425882357,ETF.com daily actual fund-flow fallback; USD-million chart scale validated against canonical issuer-derived references. Issuer exact flow remains preferred when its own unit QA is clean.
2026-07-01,CIBR,-8.9819,-8981900.0,ETFCOM_VALIDATED_ACTUAL,https://api-prod.etf.com/private/apps/fundflows/CIBR/charts?startDate=20260701&endDate=20260831,,,15879489797.016,,ETF.com daily actual fund-flow fallback; USD-million chart scale validated against canonical issuer-derived references. Issuer exact flow remains preferred when its own unit QA is clean.
2026-07-02,CIBR,9.1027,9102700.0,ETFCOM_VALIDATED_ACTUAL,https://api-prod.etf.com/private/apps/fundflows/CIBR/charts?startDate=20260701&endDate=20260831,,,15879489797.016,,ETF.com daily actual fund-flow fallback; USD-million chart scale validated against canonical issuer-derived references. Issuer exact flow remains preferred when its own unit QA is clean.
2026-07-06,CIBR,27.2151,27215100.0,ETFCOM_VALIDATED_ACTUAL,https://api-prod.etf.com/private/apps/fundflows/CIBR/charts?startDate=20260701&endDate=20260831,,,15879489797.016,,ETF.com daily actual fund-flow fallback; USD-million chart scale validated against canonical issuer-derived references. Issuer exact flow remains preferred when its own unit QA is clean.
2026-07-07,CIBR,0.0,0.0,ETFCOM_VALIDATED_ACTUAL,https://api-prod.etf.com/private/apps/fundflows/CIBR/charts?startDate=20260701&endDate=20260831,,,15879489797.016,,ETF.com daily actual fund-flow fallback; USD-million chart scale validated against canonical issuer-derived references. Issuer exact flow remains preferred when its own unit QA is clean.
2026-07-08,CIBR,0.0,0.0,ETFCOM_VALIDATED_ACTUAL,https://api-prod.etf.com/private/apps/fundflows/CIBR/charts?startDate=20260701&endDate=20260831,27335900.0,,15879489797.016,,ETF.com daily actual fund-flow fallback; USD-million chart scale validated against canonical issuer-derived references. Issuer exact flow remains preferred when its own unit QA is clean.
2026-07-09,CIBR,77.9135,77913500.0,ETFCOM_VALIDATED_ACTUAL,https://api-prod.etf.com/private/apps/fundflows/CIBR/charts?startDate=20260701&endDate=20260831,114231300.0,,15879489797.016,,ETF.com daily actual fund-flow fallback; USD-million chart scale validated against canonical issuer-derived references. Issuer exact flow remains preferred when its own unit QA is clean.
2026-07-10,CIBR,0.0,0.0,ETFCOM_VALIDATED_ACTUAL,https://api-prod.etf.com/private/apps/fundflows/CIBR/charts?startDate=20260701&endDate=20260831,105128600.0,,15879489797.016,,ETF.com daily actual fund-flow fallback; USD-million chart scale validated against canonical issuer-derived references. Issuer exact flow remains preferred when its own unit QA is clean.
2026-07-13,CIBR,87.2565,87256500.0,ETFCOM_VALIDATED_ACTUAL,https://api-prod.etf.com/private/apps/fundflows/CIBR/charts?startDate=20260701&endDate=20260831,165170000.0,,15879489797.016,,ETF.com daily actual fund-flow fallback; USD-million chart scale validated against canonical issuer-derived references. Issuer exact flow remains preferred when its own unit QA is clean.
2026-07-14,CIBR,-27.5853,-27585300.0,ETFCOM_VALIDATED_ACTUAL,https://api-prod.etf.com/private/apps/fundflows/CIBR/charts?startDate=20260701&endDate=20260831,137584700.0,,15879489797.016,,ETF.com daily actual fund-flow fallback; USD-million chart scale validated against canonical issuer-derived references. Issuer exact flow remains preferred when its own unit QA is clean.
2026-07-15,CIBR,0.0,0.0,ETFCOM_VALIDATED_ACTUAL,https://api-prod.etf.com/private/apps/fundflows/CIBR/charts?startDate=20260701&endDate=20260831,137584700.0,,15879489797.016,,ETF.com daily actual fund-flow fallback; USD-million chart scale validated against canonical issuer-derived references. Issuer exact flow remains preferred when its own unit QA is clean.
2026-07-16,CIBR,0.0,0.0,ETFCOM_VALIDATED_ACTUAL,https://api-prod.etf.com/private/apps/fundflows/CIBR/charts?startDate=20260701&endDate=20260831,59671200.0,,15879489797.016,,ETF.com daily actual fund-flow fallback; USD-million chart scale validated against canonical issuer-derived references. Issuer exact flow remains preferred when its own unit QA is clean.
2026-07-17,CIBR,0.0,0.0,ETFCOM_VALIDATED_ACTUAL,https://api-prod.etf.com/private/apps/fundflows/CIBR/charts?startDate=20260701&endDate=20260831,59671200.0,,15879489797.016,,ETF.com daily actual fund-flow fallback; USD-million chart scale validated against canonical issuer-derived references. Issuer exact flow remains preferred when its own unit QA is clean.
2026-07-20,CIBR,0.0,0.0,ETFCOM_VALIDATED_ACTUAL,https://api-prod.etf.com/private/apps/fundflows/CIBR/charts?startDate=20260701&endDate=20260831,-27585300.0,,15879489797.016,,ETF.com daily actual fund-flow fallback; USD-million chart scale validated against canonical issuer-derived references. Issuer exact flow remains preferred when its own unit QA is clean.
2026-07-21,CIBR,59.6336,59633600.0,ETFCOM_VALIDATED_ACTUAL,https://api-prod.etf.com/private/apps/fundflows/CIBR/charts?startDate=20260701&endDate=20260831,59633600.0,,15879489797.016,,ETF.com daily actual fund-flow fallback; USD-million chart scale validated against canonical issuer-derived references. Issuer exact flow remains preferred when its own unit QA is clean.
2026-07-22,CIBR,22.6303,22630300.0,ETFCOM_VALIDATED_ACTUAL,https://api-prod.etf.com/private/apps/fundflows/CIBR/charts?startDate=20260701&endDate=20260831,82263900.0,,15879489797.016,,ETF.com daily actual fund-flow fallback; USD-million chart scale validated against canonical issuer-derived references. Issuer exact flow remains preferred when its own unit QA is clean.
2026-07-27,CIBR,0.0,0.0,ETFCOM_VALIDATED_ACTUAL,https://api-prod.etf.com/private/apps/fundflows/CIBR/charts?startDate=20260701&endDate=20260831,82263900.0,,15879489797.016,,ETF.com daily actual fund-flow fallback; USD-million chart scale validated against canonical issuer-derived references. Issuer exact flow remains preferred when its own unit QA is clean.
2026-07-28,CIBR,0.0,0.0,ETFCOM_VALIDATED_ACTUAL,https://api-prod.etf.com/private/apps/fundflows/CIBR/charts?startDate=20260701&endDate=20260831,82263900.0,,15879489797.016,,ETF.com daily actual fund-flow fallback; USD-million chart scale validated against canonical issuer-derived references. Issuer exact flow remains preferred when its own unit QA is clean.
2026-07-29,CIBR,-40.189,-40189000.0,ETFCOM_VALIDATED_ACTUAL,https://api-prod.etf.com/private/apps/fundflows/CIBR/charts?startDate=20260701&endDate=20260831,42074900.0,,15879489797.016,,ETF.com daily actual fund-flow fallback; USD-million chart scale validated against canonical issuer-derived references. Issuer exact flow remains preferred when its own unit QA is clean.
2026-07-30,CIBR,-22.1718,-22171800.0,ETFCOM_VALIDATED_ACTUAL,https://api-prod.etf.com/private/apps/fundflows/CIBR/charts?startDate=20260701&endDate=20260831,-39730500.0,,15879489797.016,,ETF.com daily actual fund-flow fallback; USD-million chart scale validated against canonical issuer-derived references. Issuer exact flow remains preferred when its own unit QA is clean.
2026-07-31,CIBR,0.0,0.0,ETFCOM_VALIDATED_ACTUAL,https://api-prod.etf.com/private/apps/fundflows/CIBR/charts?startDate=20260701&endDate=20260831,-62360800.0,184823700.0,15879489797.016,1.1639145990366215,ETF.com daily actual fund-flow fallback; USD-million chart scale validated against canonical issuer-derived references. Issuer exact flow remains preferred when its own unit QA is clean.
2026-08-03,CIBR,0.0,0.0,ETFCOM_VALIDATED_ACTUAL,https://api-prod.etf.com/private/apps/fundflows/CIBR/charts?startDate=20260701&endDate=20260831,-62360800.0,193805600.0,15879489797.016,1.2204774994497558,ETF.com daily actual fund-flow fallback; USD-million chart scale validated against canonical issuer-derived references. Issuer exact flow remains preferred when its own unit QA is clean.
2026-08-04,CIBR,18.7678,18767800.0,ETFCOM_VALIDATED_ACTUAL,https://api-prod.etf.com/private/apps/fundflows/CIBR/charts?startDate=20260701&endDate=20260831,-43593000.0,203470700.0,15879489797.016,1.281342805095887,ETF.com daily actual fund-flow fallback; USD-million chart scale validated against canonical issuer-derived references. Issuer exact flow remains preferred when its own unit QA is clean.
2026-08-05,CIBR,39.1548,39154800.0,ETFCOM_VALIDATED_ACTUAL,https://api-prod.etf.com/private/apps/fundflows/CIBR/charts?startDate=20260701&endDate=20260831,35750800.0,215410400.0,15879489797.016,1.3565322485391118,ETF.com daily actual fund-flow fallback; USD-million chart scale validated against canonical issuer-derived references. Issuer exact flow remains preferred when its own unit QA is clean.
2026-08-06,CIBR,48.7305,48730500.0,ETFCOM_VALIDATED_ACTUAL,https://api-prod.etf.com/private/apps/fundflows/CIBR/charts?startDate=20260701&endDate=20260831,106653100.0,264140900.0,15879489797.016,1.6634092365463538,ETF.com daily actual fund-flow fallback; USD-million chart scale validated against canonical issuer-derived references. Issuer exact flow remains preferred when its own unit QA is clean.
2026-08-07,CIBR,72.2835,72283500.0,ETFCOM_VALIDATED_ACTUAL,https://api-prod.etf.com/private/apps/fundflows/CIBR/charts?startDate=20260701&endDate=20260831,178936600.0,336424400.0,15879489797.016,2.118609629783063,ETF.com daily actual fund-flow fallback; USD-million chart scale validated against canonical issuer-derived references. Issuer exact flow remains preferred when its own unit QA is clean.
2026-08-10,CIBR,4.8902,4890200.0,ETFCOM_VALIDATED_ACTUAL,https://api-prod.etf.com/private/apps/fundflows/CIBR/charts?startDate=20260701&endDate=20260831,183826800.0,263401100.0,15879489797.016,1.6587503966877897,ETF.com daily actual fund-flow fallback; USD-million chart scale validated against canonical issuer-derived references. Issuer exact flow remains preferred when its own unit QA is clean.
2026-08-11,CIBR,0.0,0.0,ETFCOM_VALIDATED_ACTUAL,https://api-prod.etf.com/private/apps/fundflows/CIBR/charts?startDate=20260701&endDate=20260831,165059000.0,263401100.0,15879489797.016,1.6587503966877897,ETF.com daily actual fund-flow fallback; USD-million chart scale validated against canonical issuer-derived references. Issuer exact flow remains preferred when its own unit QA is clean.
2026-08-13,CIBR,10.0279,10027900.0,ETFCOM_VALIDATED_ACTUAL,https://api-prod.etf.com/private/apps/fundflows/CIBR/charts?startDate=20260701&endDate=20260831,135932100.0,186172500.0,15879489797.016,1.1724085747073856,ETF.com daily actual fund-flow fallback; USD-million chart scale validated against canonical issuer-derived references. Issuer exact flow remains preferred when its own unit QA is clean.
2026-08-14,CIBR,56.2249,56224900.0,ETFCOM_VALIDATED_ACTUAL,https://api-prod.etf.com/private/apps/fundflows/CIBR/charts?startDate=20260701&endDate=20260831,143426500.0,269982700.0,15879489797.016,1.7001975721583567,ETF.com daily actual fund-flow fallback; USD-million chart scale validated against canonical issuer-derived references. Issuer exact flow remains preferred when its own unit QA is clean.
2026-08-17,CIBR,39.834,39834000.0,ETFCOM_VALIDATED_ACTUAL,https://api-prod.etf.com/private/apps/fundflows/CIBR/charts?startDate=20260701&endDate=20260831,110977000.0,309816700.0,15879489797.016,1.9510494604065887,ETF.com daily actual fund-flow fallback; USD-million chart scale validated against canonical issuer-derived references. Issuer exact flow remains preferred when its own unit QA is clean.
2026-08-18,CIBR,24.4338,24433800.0,ETFCOM_VALIDATED_ACTUAL,https://api-prod.etf.com/private/apps/fundflows/CIBR/charts?startDate=20260701&endDate=20260831,130520600.0,334250500.0,15879489797.016,2.104919643342765,ETF.com daily actual fund-flow fallback; USD-million chart scale validated against canonical issuer-derived references. Issuer exact flow remains preferred when its own unit QA is clean.
2026-08-19,CIBR,-53.5629,-53562900.0,ETFCOM_VALIDATED_ACTUAL,https://api-prod.etf.com/private/apps/fundflows/CIBR/charts?startDate=20260701&endDate=20260831,76957700.0,280687600.0,15879489797.016,1.7676109471271897,ETF.com daily actual fund-flow fallback; USD-million chart scale validated against canonical issuer-derived references. Issuer exact flow remains preferred when its own unit QA is clean.
2026-08-20,CIBR,0.0,0.0,ETFCOM_VALIDATED_ACTUAL,https://api-prod.etf.com/private/apps/fundflows/CIBR/charts?startDate=20260701&endDate=20260831,66929800.0,280687600.0,15879489797.016,1.7676109471271897,ETF.com daily actual fund-flow fallback; USD-million chart scale validated against canonical issuer-derived references. Issuer exact flow remains preferred when its own unit QA is clean.
2026-08-21,CIBR,0.0,0.0,ETFCOM_VALIDATED_ACTUAL,https://api-prod.etf.com/private/apps/fundflows/CIBR/charts?startDate=20260701&endDate=20260831,10704900.0,221054000.0,15879489797.016,1.3920724332184742,ETF.com daily actual fund-flow fallback; USD-million chart scale validated against canonical issuer-derived references. Issuer exact flow remains preferred when its own unit QA is clean.
2026-08-24,CIBR,137.399,137399000.0,ETFCOM_VALIDATED_ACTUAL,https://api-prod.etf.com/private/apps/fundflows/CIBR/charts?startDate=20260701&endDate=20260831,108269900.0,335822700.0,15879489797.016,2.1148204652211575,ETF.com daily actual fund-flow fallback; USD-million chart scale validated against canonical issuer-derived references. Issuer exact flow remains preferred when its own unit QA is clean.
2026-08-25,CIBR,27.9513,27951300.0,ETFCOM_VALIDATED_ACTUAL,https://api-prod.etf.com/private/apps/fundflows/CIBR/charts?startDate=20260701&endDate=20260831,111787400.0,363774000.0,15879489797.016,2.290841863624351,ETF.com daily actual fund-flow fallback; USD-million chart scale validated against canonical issuer-derived references. Issuer exact flow remains preferred when its own unit QA is clean.
2026-08-26,CIBR,0.0,0.0,ETFCOM_VALIDATED_ACTUAL,https://api-prod.etf.com/private/apps/fundflows/CIBR/charts?startDate=20260701&endDate=20260831,165350300.0,363774000.0,15879489797.016,2.290841863624351,ETF.com daily actual fund-flow fallback; USD-million chart scale validated against canonical issuer-derived references. Issuer exact flow remains preferred when its own unit QA is clean.
2026-08-27,CIBR,0.0,0.0,ETFCOM_VALIDATED_ACTUAL,https://api-prod.etf.com/private/apps/fundflows/CIBR/charts?startDate=20260701&endDate=20260831,165350300.0,403963000.0,15879489797.016,2.543929340071813,ETF.com daily actual fund-flow fallback; USD-million chart scale validated against canonical issuer-derived references. Issuer exact flow remains preferred when its own unit QA is clean.
2026-08-28,CIBR,0.0,0.0,ETFCOM_VALIDATED_ACTUAL,https://api-prod.etf.com/private/apps/fundflows/CIBR/charts?startDate=20260701&endDate=20260831,165350300.0,426134800.0,15879489797.016,2.6835547328483895,ETF.com daily actual fund-flow fallback; USD-million chart scale validated against canonical issuer-derived references. Issuer exact flow remains preferred when its own unit QA is clean.
2026-08-31,CIBR,24.627,24627000.0,ETFCOM_VALIDATED_ACTUAL,https://api-prod.etf.com/private/apps/fundflows/CIBR/charts?startDate=20260701&endDate=20260831,52578300.0,450761800.0,15879489797.016,2.8386415795594706,ETF.com daily actual fund-flow fallback; USD-million chart scale validated against canonical issuer-derived references. Issuer exact flow remains preferred when its own unit QA is clean.
2026-07-01,COPX,-0.534548,-534548.0,ETFCOM_VALIDATED_ACTUAL,https://api-prod.etf.com/private/apps/fundflows/COPX/charts?startDate=20260701&endDate=20260831,,,8644967626.4347,,ETF.com daily actual fund-flow fallback; USD-million chart scale validated against canonical issuer-derived references. Issuer exact flow remains preferred when its own unit QA is clean.
2026-07-02,COPX,0.563055,563055.0,ETFCOM_VALIDATED_ACTUAL,https://api-prod.etf.com/private/apps/fundflows/COPX/charts?startDate=20260701&endDate=20260831,,,8644967626.4347,,ETF.com daily actual fund-flow fallback; USD-million chart scale validated against canonical issuer-derived references. Issuer exact flow remains preferred when its own unit QA is clean.
2026-07-06,COPX,-112.297,-112297000.0,ETFCOM_VALIDATED_ACTUAL,https://api-prod.etf.com/private/apps/fundflows/COPX/charts?startDate=20260701&endDate=20260831,,,8644967626.4347,,ETF.com daily actual fund-flow fallback; USD-million chart scale validated against canonical issuer-derived references. Issuer exact flow remains preferred when its own unit QA is clean.
2026-07-07,COPX,-10.3579,-10357900.0,ETFCOM_VALIDATED_ACTUAL,https://api-prod.etf.com/private/apps/fundflows/COPX/charts?startDate=20260701&endDate=20260831,,,8644967626.4347,,ETF.com daily actual fund-flow fallback; USD-million chart scale validated against canonical issuer-derived references. Issuer exact flow remains preferred when its own unit QA is clean.
2026-07-08,COPX,0.36243,362430.0,ETFCOM_VALIDATED_ACTUAL,https://api-prod.etf.com/private/apps/fundflows/COPX/charts?startDate=20260701&endDate=20260831,-122263963.0,,8644967626.4347,,ETF.com daily actual fund-flow fallback; USD-million chart scale validated against canonical issuer-derived references. Issuer exact flow remains preferred when its own unit QA is clean.
2026-07-09,COPX,-0.439406,-439406.0,ETFCOM_VALIDATED_ACTUAL,https://api-prod.etf.com/private/apps/fundflows/COPX/charts?startDate=20260701&endDate=20260831,-122168821.0,,8644967626.4347,,ETF.com daily actual fund-flow fallback; USD-million chart scale validated against canonical issuer-derived references. Issuer exact flow remains preferred when its own unit QA is clean.
2026-07-10,COPX,0.455761,455761.0,ETFCOM_VALIDATED_ACTUAL,https://api-prod.etf.com/private/apps/fundflows/COPX/charts?startDate=20260701&endDate=20260831,-122276115.0,,8644967626.4347,,ETF.com daily actual fund-flow fallback; USD-million chart scale validated against canonical issuer-derived references. Issuer exact flow remains preferred when its own unit QA is clean.
2026-07-13,COPX,-0.2893,-289300.0,ETFCOM_VALIDATED_ACTUAL,https://api-prod.etf.com/private/apps/fundflows/COPX/charts?startDate=20260701&endDate=20260831,-10268415.0,,8644967626.4347,,ETF.com daily actual fund-flow fallback; USD-million chart scale validated against canonical issuer-derived references. Issuer exact flow remains preferred when its own unit QA is clean.
2026-07-14,COPX,0.435874,435874.0,ETFCOM_VALIDATED_ACTUAL,https://api-prod.etf.com/private/apps/fundflows/COPX/charts?startDate=20260701&endDate=20260831,525359.0,,8644967626.4347,,ETF.com daily actual fund-flow fallback; USD-million chart scale validated against canonical issuer-derived references. Issuer exact flow remains preferred when its own unit QA is clean.
2026-07-15,COPX,0.197365,197365.0,ETFCOM_VALIDATED_ACTUAL,https://api-prod.etf.com/private/apps/fundflows/COPX/charts?startDate=20260701&endDate=20260831,360294.0,,8644967626.4347,,ETF.com daily actual fund-flow fallback; USD-million chart scale validated against canonical issuer-derived references. Issuer exact flow remains preferred when its own unit QA is clean.
2026-07-16,COPX,23.6221,23622100.0,ETFCOM_VALIDATED_ACTUAL,https://api-prod.etf.com/private/apps/fundflows/COPX/charts?startDate=20260701&endDate=20260831,24421800.0,,8644967626.4347,,ETF.com daily actual fund-flow fallback; USD-million chart scale validated against canonical issuer-derived references. Issuer exact flow remains preferred when its own unit QA is clean.
2026-07-17,COPX,-0.290479,-290479.0,ETFCOM_VALIDATED_ACTUAL,https://api-prod.etf.com/private/apps/fundflows/COPX/charts?startDate=20260701&endDate=20260831,23675560.0,,8644967626.4347,,ETF.com daily actual fund-flow fallback; USD-million chart scale validated against canonical issuer-derived references. Issuer exact flow remains preferred when its own unit QA is clean.
2026-07-20,COPX,0.299445,299445.0,ETFCOM_VALIDATED_ACTUAL,https://api-prod.etf.com/private/apps/fundflows/COPX/charts?startDate=20260701&endDate=20260831,24264305.0,,8644967626.4347,,ETF.com daily actual fund-flow fallback; USD-million chart scale validated against canonical issuer-derived references. Issuer exact flow remains preferred when its own unit QA is clean.
2026-07-21,COPX,-0.019148,-19148.0,ETFCOM_VALIDATED_ACTUAL,https://api-prod.etf.com/private/apps/fundflows/COPX/charts?startDate=20260701&endDate=20260831,23809283.0,,8644967626.4347,,ETF.com daily actual fund-flow fallback; USD-million chart scale validated against canonical issuer-derived references. Issuer exact flow remains preferred when its own unit QA is clean.
2026-07-22,COPX,11.8221,11822100.0,ETFCOM_VALIDATED_ACTUAL,https://api-prod.etf.com/private/apps/fundflows/COPX/charts?startDate=20260701&endDate=20260831,35434018.0,,8644967626.4347,,ETF.com daily actual fund-flow fallback; USD-million chart scale validated against canonical issuer-derived references. Issuer exact flow remains preferred when its own unit QA is clean.
2026-07-27,COPX,0.541409,541409.0,ETFCOM_VALIDATED_ACTUAL,https://api-prod.etf.com/private/apps/fundflows/COPX/charts?startDate=20260701&endDate=20260831,12353327.0,,8644967626.4347,,ETF.com daily actual fund-flow fallback; USD-million chart scale validated against canonical issuer-derived references. Issuer exact flow remains preferred when its own unit QA is clean.
2026-07-28,COPX,0.198088,198088.0,ETFCOM_VALIDATED_ACTUAL,https://api-prod.etf.com/private/apps/fundflows/COPX/charts?startDate=20260701&endDate=20260831,12841894.0,,8644967626.4347,,ETF.com daily actual fund-flow fallback; USD-million chart scale validated against canonical issuer-derived references. Issuer exact flow remains preferred when its own unit QA is clean.
2026-07-29,COPX,-20.2081,-20208100.0,ETFCOM_VALIDATED_ACTUAL,https://api-prod.etf.com/private/apps/fundflows/COPX/charts?startDate=20260701&endDate=20260831,-7665651.0,,8644967626.4347,,ETF.com daily actual fund-flow fallback; USD-million chart scale validated against canonical issuer-derived references. Issuer exact flow remains preferred when its own unit QA is clean.
2026-07-30,COPX,44.5004,44500400.0,ETFCOM_VALIDATED_ACTUAL,https://api-prod.etf.com/private/apps/fundflows/COPX/charts?startDate=20260701&endDate=20260831,36853897.0,,8644967626.4347,,ETF.com daily actual fund-flow fallback; USD-million chart scale validated against canonical issuer-derived references. Issuer exact flow remains preferred when its own unit QA is clean.
2026-07-31,COPX,17.4779,17477900.0,ETFCOM_VALIDATED_ACTUAL,https://api-prod.etf.com/private/apps/fundflows/COPX/charts?startDate=20260701&endDate=20260831,42509697.0,-43959954.0,8644967626.4347,-0.5085033964219675,ETF.com daily actual fund-flow fallback; USD-million chart scale validated against canonical issuer-derived references. Issuer exact flow remains preferred when its own unit QA is clean.
2026-08-03,COPX,3.79878,3798780.0,ETFCOM_VALIDATED_ACTUAL,https://api-prod.etf.com/private/apps/fundflows/COPX/charts?startDate=20260701&endDate=20260831,45767068.0,-39626626.0,8644967626.4347,-0.45837795712304535,ETF.com daily actual fund-flow fallback; USD-million chart scale validated against canonical issuer-derived references. Issuer exact flow remains preferred when its own unit QA is clean.
2026-08-04,COPX,10.1169,10116900.0,ETFCOM_VALIDATED_ACTUAL,https://api-prod.etf.com/private/apps/fundflows/COPX/charts?startDate=20260701&endDate=20260831,55685880.0,-30072781.0,8644967626.4347,-0.34786458780994206,ETF.com daily actual fund-flow fallback; USD-million chart scale validated against canonical issuer-derived references. Issuer exact flow remains preferred when its own unit QA is clean.
2026-08-05,COPX,-0.646953,-646953.0,ETFCOM_VALIDATED_ACTUAL,https://api-prod.etf.com/private/apps/fundflows/COPX/charts?startDate=20260701&endDate=20260831,75247027.0,81577266.0,8644967626.4347,0.9436387679527211,ETF.com daily actual fund-flow fallback; USD-million chart scale validated against canonical issuer-derived references. Issuer exact flow remains preferred when its own unit QA is clean.
2026-08-06,COPX,0.260157,260157.00000000003,ETFCOM_VALIDATED_ACTUAL,https://api-prod.etf.com/private/apps/fundflows/COPX/charts?startDate=20260701&endDate=20260831,31006784.0,92195323.0,8644967626.4347,1.0664623279569478,ETF.com daily actual fund-flow fallback; USD-million chart scale validated against canonical issuer-derived references. Issuer exact flow remains preferred when its own unit QA is clean.
2026-08-07,COPX,0.038155,38155.0,ETFCOM_VALIDATED_ACTUAL,https://api-prod.etf.com/private/apps/fundflows/COPX/charts?startDate=20260701&endDate=20260831,13567039.0,91871048.0,8644967626.4347,1.062711301764456,ETF.com daily actual fund-flow fallback; USD-million chart scale validated against canonical issuer-derived references. Issuer exact flow remains preferred when its own unit QA is clean.
2026-08-10,COPX,-21.6914,-21691400.0,ETFCOM_VALIDATED_ACTUAL,https://api-prod.etf.com/private/apps/fundflows/COPX/charts?startDate=20260701&endDate=20260831,-11923141.0,70619054.0,8644967626.4347,0.8168804910739064,ETF.com daily actual fund-flow fallback; USD-million chart scale validated against canonical issuer-derived references. Issuer exact flow remains preferred when its own unit QA is clean.
2026-08-11,COPX,-23.3722,-23372200.0,ETFCOM_VALIDATED_ACTUAL,https://api-prod.etf.com/private/apps/fundflows/COPX/charts?startDate=20260701&endDate=20260831,-45412241.0,46791093.0,8644967626.4347,0.5412523796725572,ETF.com daily actual fund-flow fallback; USD-million chart scale validated against canonical issuer-derived references. Issuer exact flow remains preferred when its own unit QA is clean.
2026-08-12,COPX,-0.41671,-416710.0,ETFCOM_VALIDATED_ACTUAL,https://api-prod.etf.com/private/apps/fundflows/COPX/charts?startDate=20260701&endDate=20260831,-45181998.0,46663683.0,8644967626.4347,0.5397785742691639,ETF.com daily actual fund-flow fallback; USD-million chart scale validated against canonical issuer-derived references. Issuer exact flow remains preferred when its own unit QA is clean.
2026-08-13,COPX,-0.296023,-296023.0,ETFCOM_VALIDATED_ACTUAL,https://api-prod.etf.com/private/apps/fundflows/COPX/charts?startDate=20260701&endDate=20260831,-45738178.0,45931786.0,8644967626.4347,0.5313124118539109,ETF.com daily actual fund-flow fallback; USD-million chart scale validated against canonical issuer-derived references. Issuer exact flow remains preferred when its own unit QA is clean.
2026-08-14,COPX,0.267701,267701.0,ETFCOM_VALIDATED_ACTUAL,https://api-prod.etf.com/private/apps/fundflows/COPX/charts?startDate=20260701&endDate=20260831,-45508632.0,46002122.0,8644967626.4347,0.5321260181395484,ETF.com daily actual fund-flow fallback; USD-million chart scale validated against canonical issuer-derived references. Issuer exact flow remains preferred when its own unit QA is clean.
2026-08-17,COPX,-76.5153,-76515300.0,ETFCOM_VALIDATED_ACTUAL,https://api-prod.etf.com/private/apps/fundflows/COPX/charts?startDate=20260701&endDate=20260831,-100332532.0,-54135278.0,8644967626.4347,-0.6262056764037428,ETF.com daily actual fund-flow fallback; USD-million chart scale validated against canonical issuer-derived references. Issuer exact flow remains preferred when its own unit QA is clean.
2026-08-18,COPX,0.30177,301770.0,ETFCOM_VALIDATED_ACTUAL,https://api-prod.etf.com/private/apps/fundflows/COPX/charts?startDate=20260701&endDate=20260831,-76658562.0,-53543029.0,8644967626.4347,-0.6193548815182996,ETF.com daily actual fund-flow fallback; USD-million chart scale validated against canonical issuer-derived references. Issuer exact flow remains preferred when its own unit QA is clean.
2026-08-19,COPX,-16.8762,-16876200.0,ETFCOM_VALIDATED_ACTUAL,https://api-prod.etf.com/private/apps/fundflows/COPX/charts?startDate=20260701&endDate=20260831,-93118052.0,-70718674.0,8644967626.4347,-0.8180328377836312,ETF.com daily actual fund-flow fallback; USD-million chart scale validated against canonical issuer-derived references. Issuer exact flow remains preferred when its own unit QA is clean.
2026-08-20,COPX,0.077826,77826.0,ETFCOM_VALIDATED_ACTUAL,https://api-prod.etf.com/private/apps/fundflows/COPX/charts?startDate=20260701&endDate=20260831,-92744203.0,-70621700.0,8644967626.4347,-0.8169110984759735,ETF.com daily actual fund-flow fallback; USD-million chart scale validated against canonical issuer-derived references. Issuer exact flow remains preferred when its own unit QA is clean.
2026-08-21,COPX,-0.468259,-468259.0,ETFCOM_VALIDATED_ACTUAL,https://api-prod.etf.com/private/apps/fundflows/COPX/charts?startDate=20260701&endDate=20260831,-93480163.0,-82912059.0,8644967626.4347,-0.9590788836093541,ETF.com daily actual fund-flow fallback; USD-million chart scale validated against canonical issuer-derived references. Issuer exact flow remains preferred when its own unit QA is clean.
2026-08-24,COPX,-28.5383,-28538300.0,ETFCOM_VALIDATED_ACTUAL,https://api-prod.etf.com/private/apps/fundflows/COPX/charts?startDate=20260701&endDate=20260831,-45503163.0,-111991768.0,8644967626.4347,-1.2954561872221482,ETF.com daily actual fund-flow fallback; USD-million chart scale validated against canonical issuer-derived references. Issuer exact flow remains preferred when its own unit QA is clean.
2026-08-25,COPX,-7.32165,-7321650.0,ETFCOM_VALIDATED_ACTUAL,https://api-prod.etf.com/private/apps/fundflows/COPX/charts?startDate=20260701&endDate=20260831,-53126583.0,-119511506.0,8644967626.4347,-1.3824401798169386,ETF.com daily actual fund-flow fallback; USD-million chart scale validated against canonical issuer-derived references. Issuer exact flow remains preferred when its own unit QA is clean.
2026-08-26,COPX,-7.70483,-7704830.0,ETFCOM_VALIDATED_ACTUAL,https://api-prod.etf.com/private/apps/fundflows/COPX/charts?startDate=20260701&endDate=20260831,-43955213.0,-107008236.0,8644967626.4347,-1.2378095630200945,ETF.com daily actual fund-flow fallback; USD-million chart scale validated against canonical issuer-derived references. Issuer exact flow remains preferred when its own unit QA is clean.
2026-08-27,COPX,-52.7884,-52788400.0,ETFCOM_VALIDATED_ACTUAL,https://api-prod.etf.com/private/apps/fundflows/COPX/charts?startDate=20260701&endDate=20260831,-96821439.0,-204297036.0,8644967626.4347,-2.3631902955344533,ETF.com daily actual fund-flow fallback; USD-million chart scale validated against canonical issuer-derived references. Issuer exact flow remains preferred when its own unit QA is clean.
2026-08-28,COPX,-0.134692,-134692.0,ETFCOM_VALIDATED_ACTUAL,https://api-prod.etf.com/private/apps/fundflows/COPX/charts?startDate=20260701&endDate=20260831,-96487872.0,-221909628.0,8644967626.4347,-2.566922602710989,ETF.com daily actual fund-flow fallback; USD-million chart scale validated against canonical issuer-derived references. Issuer exact flow remains preferred when its own unit QA is clean.
2026-07-01,DRIV,0.018121,18121.0,ETFCOM_VALIDATED_ACTUAL,https://api-prod.etf.com/private/apps/fundflows/DRIV/charts?startDate=20260701&endDate=20260831,,,374154869.315681,,ETF.com daily actual fund-flow fallback; USD-million chart scale validated against canonical issuer-derived references. Issuer exact flow remains preferred when its own unit QA is clean.
2026-07-02,DRIV,-0.061409,-61409.0,ETFCOM_VALIDATED_ACTUAL,https://api-prod.etf.com/private/apps/fundflows/DRIV/charts?startDate=20260701&endDate=20260831,,,374154869.315681,,ETF.com daily actual fund-flow fallback; USD-million chart scale validated against canonical issuer-derived references. Issuer exact flow remains preferred when its own unit QA is clean.
2026-07-06,DRIV,-0.002193,-2193.0,ETFCOM_VALIDATED_ACTUAL,https://api-prod.etf.com/private/apps/fundflows/DRIV/charts?startDate=20260701&endDate=20260831,,,374154869.315681,,ETF.com daily actual fund-flow fallback; USD-million chart scale validated against canonical issuer-derived references. Issuer exact flow remains preferred when its own unit QA is clean.
2026-07-07,DRIV,-3.03702,-3037020.0,ETFCOM_VALIDATED_ACTUAL,https://api-prod.etf.com/private/apps/fundflows/DRIV/charts?startDate=20260701&endDate=20260831,,,374154869.315681,,ETF.com daily actual fund-flow fallback; USD-million chart scale validated against canonical issuer-derived references. Issuer exact flow remains preferred when its own unit QA is clean.
2026-07-08,DRIV,0.027727,27727.0,ETFCOM_VALIDATED_ACTUAL,https://api-prod.etf.com/private/apps/fundflows/DRIV/charts?startDate=20260701&endDate=20260831,-3054774.0,,374154869.315681,,ETF.com daily actual fund-flow fallback; USD-million chart scale validated against canonical issuer-derived references. Issuer exact flow remains preferred when its own unit QA is clean.
2026-07-09,DRIV,-1.76532,-1765320.0,ETFCOM_VALIDATED_ACTUAL,https://api-prod.etf.com/private/apps/fundflows/DRIV/charts?startDate=20260701&endDate=20260831,-4838215.0,,374154869.315681,,ETF.com daily actual fund-flow fallback; USD-million chart scale validated against canonical issuer-derived references. Issuer exact flow remains preferred when its own unit QA is clean.
2026-07-10,DRIV,0.02946,29460.0,ETFCOM_VALIDATED_ACTUAL,https://api-prod.etf.com/private/apps/fundflows/DRIV/charts?startDate=20260701&endDate=20260831,-4747346.0,,374154869.315681,,ETF.com daily actual fund-flow fallback; USD-million chart scale validated against canonical issuer-derived references. Issuer exact flow remains preferred when its own unit QA is clean.
2026-07-13,DRIV,-0.090134,-90134.0,ETFCOM_VALIDATED_ACTUAL,https://api-prod.etf.com/private/apps/fundflows/DRIV/charts?startDate=20260701&endDate=20260831,-4835287.0,,374154869.315681,,ETF.com daily actual fund-flow fallback; USD-million chart scale validated against canonical issuer-derived references. Issuer exact flow remains preferred when its own unit QA is clean.
2026-07-14,DRIV,-0.01148,-11480.0,ETFCOM_VALIDATED_ACTUAL,https://api-prod.etf.com/private/apps/fundflows/DRIV/charts?startDate=20260701&endDate=20260831,-1809747.0,,374154869.315681,,ETF.com daily actual fund-flow fallback; USD-million chart scale validated against canonical issuer-derived references. Issuer exact flow remains preferred when its own unit QA is clean.
2026-07-15,DRIV,0.013106,13106.0,ETFCOM_VALIDATED_ACTUAL,https://api-prod.etf.com/private/apps/fundflows/DRIV/charts?startDate=20260701&endDate=20260831,-1824368.0,,374154869.315681,,ETF.com daily actual fund-flow fallback; USD-million chart scale validated against canonical issuer-derived references. Issuer exact flow remains preferred when its own unit QA is clean.
2026-07-16,DRIV,0.072011,72011.0,ETFCOM_VALIDATED_ACTUAL,https://api-prod.etf.com/private/apps/fundflows/DRIV/charts?startDate=20260701&endDate=20260831,12963.0,,374154869.315681,,ETF.com daily actual fund-flow fallback; USD-million chart scale validated against canonical issuer-derived references. Issuer exact flow remains preferred when its own unit QA is clean.
2026-07-17,DRIV,-0.084419,-84419.0,ETFCOM_VALIDATED_ACTUAL,https://api-prod.etf.com/private/apps/fundflows/DRIV/charts?startDate=20260701&endDate=20260831,-100916.0,,374154869.315681,,ETF.com daily actual fund-flow fallback; USD-million chart scale validated against canonical issuer-derived references. Issuer exact flow remains preferred when its own unit QA is clean.
2026-07-20,DRIV,0.012461,12461.0,ETFCOM_VALIDATED_ACTUAL,https://api-prod.etf.com/private/apps/fundflows/DRIV/charts?startDate=20260701&endDate=20260831,1679.0,,374154869.315681,,ETF.com daily actual fund-flow fallback; USD-million chart scale validated against canonical issuer-derived references. Issuer exact flow remains preferred when its own unit QA is clean.
2026-07-21,DRIV,0.038945,38945.0,ETFCOM_VALIDATED_ACTUAL,https://api-prod.etf.com/private/apps/fundflows/DRIV/charts?startDate=20260701&endDate=20260831,52104.0,,374154869.315681,,ETF.com daily actual fund-flow fallback; USD-million chart scale validated against canonical issuer-derived references. Issuer exact flow remains preferred when its own unit QA is clean.
2026-07-22,DRIV,-0.005472,-5472.0,ETFCOM_VALIDATED_ACTUAL,https://api-prod.etf.com/private/apps/fundflows/DRIV/charts?startDate=20260701&endDate=20260831,33526.0,,374154869.315681,,ETF.com daily actual fund-flow fallback; USD-million chart scale validated against canonical issuer-derived references. Issuer exact flow remains preferred when its own unit QA is clean.
2026-07-27,DRIV,-0.028292,-28292.0,ETFCOM_VALIDATED_ACTUAL,https://api-prod.etf.com/private/apps/fundflows/DRIV/charts?startDate=20260701&endDate=20260831,-66777.0,,374154869.315681,,ETF.com daily actual fund-flow fallback; USD-million chart scale validated against canonical issuer-derived references. Issuer exact flow remains preferred when its own unit QA is clean.
2026-07-28,DRIV,0.075302,75302.0,ETFCOM_VALIDATED_ACTUAL,https://api-prod.etf.com/private/apps/fundflows/DRIV/charts?startDate=20260701&endDate=20260831,92944.0,,374154869.315681,,ETF.com daily actual fund-flow fallback; USD-million chart scale validated against canonical issuer-derived references. Issuer exact flow remains preferred when its own unit QA is clean.
2026-07-29,DRIV,-0.031292,-31292.0,ETFCOM_VALIDATED_ACTUAL,https://api-prod.etf.com/private/apps/fundflows/DRIV/charts?startDate=20260701&endDate=20260831,49191.0,,374154869.315681,,ETF.com daily actual fund-flow fallback; USD-million chart scale validated against canonical issuer-derived references. Issuer exact flow remains preferred when its own unit QA is clean.
2026-07-30,DRIV,32.1009,32100900.000000004,ETFCOM_VALIDATED_ACTUAL,https://api-prod.etf.com/private/apps/fundflows/DRIV/charts?startDate=20260701&endDate=20260831,32111146.000000004,,374154869.315681,,ETF.com daily actual fund-flow fallback; USD-million chart scale validated against canonical issuer-derived references. Issuer exact flow remains preferred when its own unit QA is clean.
2026-07-31,DRIV,-0.075249,-75249.0,ETFCOM_VALIDATED_ACTUAL,https://api-prod.etf.com/private/apps/fundflows/DRIV/charts?startDate=20260701&endDate=20260831,32041369.000000004,27195753.000000004,374154869.315681,7.268581870854786,ETF.com daily actual fund-flow fallback; USD-million chart scale validated against canonical issuer-derived references. Issuer exact flow remains preferred when its own unit QA is clean.
2026-08-03,DRIV,-33.4611,-33461100.0,ETFCOM_VALIDATED_ACTUAL,https://api-prod.etf.com/private/apps/fundflows/DRIV/charts?startDate=20260701&endDate=20260831,-1391438.9999999963,-6283467.999999996,374154869.315681,-1.6793762463902415,ETF.com daily actual fund-flow fallback; USD-million chart scale validated against canonical issuer-derived references. Issuer exact flow remains preferred when its own unit QA is clean.
2026-08-04,DRIV,-0.077505,-77505.0,ETFCOM_VALIDATED_ACTUAL,https://api-prod.etf.com/private/apps/fundflows/DRIV/charts?startDate=20260701&endDate=20260831,-1544245.9999999963,-6299563.999999996,374154869.315681,-1.6836782083102986,ETF.com daily actual fund-flow fallback; USD-million chart scale validated against canonical issuer-derived references. Issuer exact flow remains preferred when its own unit QA is clean.
2026-08-05,DRIV,0.082863,82863.0,ETFCOM_VALIDATED_ACTUAL,https://api-prod.etf.com/private/apps/fundflows/DRIV/charts?startDate=20260701&endDate=20260831,-1430090.9999999963,-6214507.999999996,374154869.315681,-1.6609453757387045,ETF.com daily actual fund-flow fallback; USD-million chart scale validated against canonical issuer-derived references. Issuer exact flow remains preferred when its own unit QA is clean.
2026-08-06,DRIV,-9.52196,-9521960.0,ETFCOM_VALIDATED_ACTUAL,https://api-prod.etf.com/private/apps/fundflows/DRIV/charts?startDate=20260701&endDate=20260831,-43052951.0,-12699447.999999996,374154869.315681,-3.3941688432992834,ETF.com daily actual fund-flow fallback; USD-million chart scale validated against canonical issuer-derived references. Issuer exact flow remains preferred when its own unit QA is clean.
2026-08-07,DRIV,0.013284,13284.0,ETFCOM_VALIDATED_ACTUAL,https://api-prod.etf.com/private/apps/fundflows/DRIV/charts?startDate=20260701&endDate=20260831,-42964418.0,-12713890.999999996,374154869.315681,-3.398029009552476,ETF.com daily actual fund-flow fallback; USD-million chart scale validated against canonical issuer-derived references. Issuer exact flow remains preferred when its own unit QA is clean.
2026-08-10,DRIV,0.049872,49872.0,ETFCOM_VALIDATED_ACTUAL,https://api-prod.etf.com/private/apps/fundflows/DRIV/charts?startDate=20260701&endDate=20260831,-9453446.0,-10898698.999999996,374154869.315681,-2.912884448071842,ETF.com daily actual fund-flow fallback; USD-million chart scale validated against canonical issuer-derived references. Issuer exact flow remains preferred when its own unit QA is clean.
2026-08-11,DRIV,-0.069162,-69162.0,ETFCOM_VALIDATED_ACTUAL,https://api-prod.etf.com/private/apps/fundflows/DRIV/charts?startDate=20260701&endDate=20260831,-9445103.0,-10997320.999999996,374154869.315681,-2.9392430519783943,ETF.com daily actual fund-flow fallback; USD-million chart scale validated against canonical issuer-derived references. Issuer exact flow remains preferred when its own unit QA is clean.
2026-08-12,DRIV,-8.0893,-8089300.0,ETFCOM_VALIDATED_ACTUAL,https://api-prod.etf.com/private/apps/fundflows/DRIV/charts?startDate=20260701&endDate=20260831,-17617266.0,-18996486.999999996,374154869.315681,-5.0771721973695145,ETF.com daily actual fund-flow fallback; USD-million chart scale validated against canonical issuer-derived references. Issuer exact flow remains preferred when its own unit QA is clean.
2026-08-13,DRIV,-0.079768,-79768.0,ETFCOM_VALIDATED_ACTUAL,https://api-prod.etf.com/private/apps/fundflows/DRIV/charts?startDate=20260701&endDate=20260831,-8175074.0,-19064774.999999996,374154869.315681,-5.095423463249041,ETF.com daily actual fund-flow fallback; USD-million chart scale validated against canonical issuer-derived references. Issuer exact flow remains preferred when its own unit QA is clean.
2026-08-14,DRIV,0.012566,12566.0,ETFCOM_VALIDATED_ACTUAL,https://api-prod.etf.com/private/apps/fundflows/DRIV/charts?startDate=20260701&endDate=20260831,-8175792.0,-19065314.999999996,374154869.315681,-5.095567788512263,ETF.com daily actual fund-flow fallback; USD-million chart scale validated against canonical issuer-derived references. Issuer exact flow remains preferred when its own unit QA is clean.
2026-08-17,DRIV,0.007049,7049.0,ETFCOM_VALIDATED_ACTUAL,https://api-prod.etf.com/private/apps/fundflows/DRIV/charts?startDate=20260701&endDate=20260831,-8218615.0,-19130276.999999996,374154869.315681,-5.112930117677942,ETF.com daily actual fund-flow fallback; USD-million chart scale validated against canonical issuer-derived references. Issuer exact flow remains preferred when its own unit QA is clean.
2026-08-18,DRIV,0.053134,53134.0,ETFCOM_VALIDATED_ACTUAL,https://api-prod.etf.com/private/apps/fundflows/DRIV/charts?startDate=20260701&endDate=20260831,-8096319.0,-18992723.999999996,374154869.315681,-5.076166464100058,ETF.com daily actual fund-flow fallback; USD-million chart scale validated against canonical issuer-derived references. Issuer exact flow remains preferred when its own unit QA is clean.
2026-08-19,DRIV,-0.08772,-87720.0,ETFCOM_VALIDATED_ACTUAL,https://api-prod.etf.com/private/apps/fundflows/DRIV/charts?startDate=20260701&endDate=20260831,-94739.0,-19092904.999999996,374154869.315681,-5.102941740386914,ETF.com daily actual fund-flow fallback; USD-million chart scale validated against canonical issuer-derived references. Issuer exact flow remains preferred when its own unit QA is clean.
2026-08-20,DRIV,0.061212,61212.0,ETFCOM_VALIDATED_ACTUAL,https://api-prod.etf.com/private/apps/fundflows/DRIV/charts?startDate=20260701&endDate=20260831,46241.0,-19070637.999999996,374154869.315681,-5.09699046143103,ETF.com daily actual fund-flow fallback; USD-million chart scale validated against canonical issuer-derived references. Issuer exact flow remains preferred when its own unit QA is clean.
2026-08-21,DRIV,-0.042314,-42314.0,ETFCOM_VALIDATED_ACTUAL,https://api-prod.etf.com/private/apps/fundflows/DRIV/charts?startDate=20260701&endDate=20260831,-8639.0,-19107479.999999996,374154869.315681,-5.106837186148894,ETF.com daily actual fund-flow fallback; USD-million chart scale validated against canonical issuer-derived references. Issuer exact flow remains preferred when its own unit QA is clean.
2026-08-24,DRIV,-0.012978,-12978.0,ETFCOM_VALIDATED_ACTUAL,https://api-prod.etf.com/private/apps/fundflows/DRIV/charts?startDate=20260701&endDate=20260831,-28666.0,-19092165.999999996,374154869.315681,-5.102744228591504,ETF.com daily actual fund-flow fallback; USD-million chart scale validated against canonical issuer-derived references. Issuer exact flow remains preferred when its own unit QA is clean.
2026-08-25,DRIV,0.077481,77481.0,ETFCOM_VALIDATED_ACTUAL,https://api-prod.etf.com/private/apps/fundflows/DRIV/charts?startDate=20260701&endDate=20260831,-4319.0,-19089986.999999996,374154869.315681,-5.1021618494275005,ETF.com daily actual fund-flow fallback; USD-million chart scale validated against canonical issuer-derived references. Issuer exact flow remains preferred when its own unit QA is clean.
2026-08-26,DRIV,-0.026467,-26467.0,ETFCOM_VALIDATED_ACTUAL,https://api-prod.etf.com/private/apps/fundflows/DRIV/charts?startDate=20260701&endDate=20260831,56934.0,-19085161.999999996,374154869.315681,-5.100872276473706,ETF.com daily actual fund-flow fallback; USD-million chart scale validated against canonical issuer-derived references. Issuer exact flow remains preferred when its own unit QA is clean.
2026-08-27,DRIV,0.009705,9705.0,ETFCOM_VALIDATED_ACTUAL,https://api-prod.etf.com/private/apps/fundflows/DRIV/charts?startDate=20260701&endDate=20260831,5427.0,-51176357.0,374154869.315681,-13.677854064441325,ETF.com daily actual fund-flow fallback; USD-million chart scale validated against canonical issuer-derived references. Issuer exact flow remains preferred when its own unit QA is clean.
2026-08-28,DRIV,-0.057682,-57682.0,ETFCOM_VALIDATED_ACTUAL,https://api-prod.etf.com/private/apps/fundflows/DRIV/charts?startDate=20260701&endDate=20260831,-9941.0,-51158790.0,374154869.315681,-13.67315894981349,ETF.com daily actual fund-flow fallback; USD-million chart scale validated against canonical issuer-derived references. Issuer exact flow remains preferred when its own unit QA is clean.
2026-08-31,DRIV,-0.003875,-3875.0,ETFCOM_VALIDATED_ACTUAL,https://api-prod.etf.com/private/apps/fundflows/DRIV/charts?startDate=20260701&endDate=20260831,-838.0,-17701565.0,374154869.315681,-4.731079681623729,ETF.com daily actual fund-flow fallback; USD-million chart scale validated against canonical issuer-derived references. Issuer exact flow remains preferred when its own unit QA is clean.
2026-07-01,DTCR,1.32851,1328510.0,ETFCOM_VALIDATED_ACTUAL,https://api-prod.etf.com/private/apps/fundflows/DTCR/charts?startDate=20260701&endDate=20260831,,,2152714376.34112,,ETF.com daily actual fund-flow fallback; USD-million chart scale validated against canonical issuer-derived references. Issuer exact flow remains preferred when its own unit QA is clean.
2026-07-02,DTCR,-0.449187,-449187.0,ETFCOM_VALIDATED_ACTUAL,https://api-prod.etf.com/private/apps/fundflows/DTCR/charts?startDate=20260701&endDate=20260831,,,2152714376.34112,,ETF.com daily actual fund-flow fallback; USD-million chart scale validated against canonical issuer-derived references. Issuer exact flow remains preferred when its own unit QA is clean.
2026-07-06,DTCR,0.409852,409852.0,ETFCOM_VALIDATED_ACTUAL,https://api-prod.etf.com/private/apps/fundflows/DTCR/charts?startDate=20260701&endDate=20260831,,,2152714376.34112,,ETF.com daily actual fund-flow fallback; USD-million chart scale validated against canonical issuer-derived references. Issuer exact flow remains preferred when its own unit QA is clean.
2026-07-07,DTCR,-193.961,-193961000.0,ETFCOM_VALIDATED_ACTUAL,https://api-prod.etf.com/private/apps/fundflows/DTCR/charts?startDate=20260701&endDate=20260831,,,2152714376.34112,,ETF.com daily actual fund-flow fallback; USD-million chart scale validated against canonical issuer-derived references. Issuer exact flow remains preferred when its own unit QA is clean.
2026-07-08,DTCR,0.208477,208477.0,ETFCOM_VALIDATED_ACTUAL,https://api-prod.etf.com/private/apps/fundflows/DTCR/charts?startDate=20260701&endDate=20260831,-192463348.0,,2152714376.34112,,ETF.com daily actual fund-flow fallback; USD-million chart scale validated against canonical issuer-derived references. Issuer exact flow remains preferred when its own unit QA is clean.
2026-07-09,DTCR,-31.6018,-31601800.0,ETFCOM_VALIDATED_ACTUAL,https://api-prod.etf.com/private/apps/fundflows/DTCR/charts?startDate=20260701&endDate=20260831,-225393658.0,,2152714376.34112,,ETF.com daily actual fund-flow fallback; USD-million chart scale validated against canonical issuer-derived references. Issuer exact flow remains preferred when its own unit QA is clean.
2026-07-10,DTCR,0.563202,563202.0,ETFCOM_VALIDATED_ACTUAL,https://api-prod.etf.com/private/apps/fundflows/DTCR/charts?startDate=20260701&endDate=20260831,-224381269.0,,2152714376.34112,,ETF.com daily actual fund-flow fallback; USD-million chart scale validated against canonical issuer-derived references. Issuer exact flow remains preferred when its own unit QA is clean.
2026-07-13,DTCR,-8.93799,-8937990.0,ETFCOM_VALIDATED_ACTUAL,https://api-prod.etf.com/private/apps/fundflows/DTCR/charts?startDate=20260701&endDate=20260831,-233729111.0,,2152714376.34112,,ETF.com daily actual fund-flow fallback; USD-million chart scale validated against canonical issuer-derived references. Issuer exact flow remains preferred when its own unit QA is clean.
2026-07-14,DTCR,0.142108,142108.0,ETFCOM_VALIDATED_ACTUAL,https://api-prod.etf.com/private/apps/fundflows/DTCR/charts?startDate=20260701&endDate=20260831,-39626003.0,,2152714376.34112,,ETF.com daily actual fund-flow fallback; USD-million chart scale validated against canonical issuer-derived references. Issuer exact flow remains preferred when its own unit QA is clean.
2026-07-15,DTCR,-0.391206,-391206.0,ETFCOM_VALIDATED_ACTUAL,https://api-prod.etf.com/private/apps/fundflows/DTCR/charts?startDate=20260701&endDate=20260831,-40225686.0,,2152714376.34112,,ETF.com daily actual fund-flow fallback; USD-million chart scale validated against canonical issuer-derived references. Issuer exact flow remains preferred when its own unit QA is clean.
2026-07-16,DTCR,-0.088848,-88848.0,ETFCOM_VALIDATED_ACTUAL,https://api-prod.etf.com/private/apps/fundflows/DTCR/charts?startDate=20260701&endDate=20260831,-8712734.0,,2152714376.34112,,ETF.com daily actual fund-flow fallback; USD-million chart scale validated against canonical issuer-derived references. Issuer exact flow remains preferred when its own unit QA is clean.
2026-07-17,DTCR,-2.34885,-2348850.0,ETFCOM_VALIDATED_ACTUAL,https://api-prod.etf.com/private/apps/fundflows/DTCR/charts?startDate=20260701&endDate=20260831,-11624786.0,,2152714376.34112,,ETF.com daily actual fund-flow fallback; USD-million chart scale validated against canonical issuer-derived references. Issuer exact flow remains preferred when its own unit QA is clean.
2026-07-20,DTCR,0.455019,455019.0,ETFCOM_VALIDATED_ACTUAL,https://api-prod.etf.com/private/apps/fundflows/DTCR/charts?startDate=20260701&endDate=20260831,-2231777.0,,2152714376.34112,,ETF.com daily actual fund-flow fallback; USD-million chart scale validated against canonical issuer-derived references. Issuer exact flow remains preferred when its own unit QA is clean.
2026-07-21,DTCR,-0.450896,-450896.0,ETFCOM_VALIDATED_ACTUAL,https://api-prod.etf.com/private/apps/fundflows/DTCR/charts?startDate=20260701&endDate=20260831,-2824781.0,,2152714376.34112,,ETF.com daily actual fund-flow fallback; USD-million chart scale validated against canonical issuer-derived references. Issuer exact flow remains preferred when its own unit QA is clean.
2026-07-22,DTCR,0.240493,240493.0,ETFCOM_VALIDATED_ACTUAL,https://api-prod.etf.com/private/apps/fundflows/DTCR/charts?startDate=20260701&endDate=20260831,-2193082.0,,2152714376.34112,,ETF.com daily actual fund-flow fallback; USD-million chart scale validated against canonical issuer-derived references. Issuer exact flow remains preferred when its own unit QA is clean.
2026-07-27,DTCR,-0.522072,-522072.0,ETFCOM_VALIDATED_ACTUAL,https://api-prod.etf.com/private/apps/fundflows/DTCR/charts?startDate=20260701&endDate=20260831,-2626306.0,,2152714376.34112,,ETF.com daily actual fund-flow fallback; USD-million chart scale validated against canonical issuer-derived references. Issuer exact flow remains preferred when its own unit QA is clean.
2026-07-28,DTCR,-8.53138,-8531380.0,ETFCOM_VALIDATED_ACTUAL,https://api-prod.etf.com/private/apps/fundflows/DTCR/charts?startDate=20260701&endDate=20260831,-8808836.0,,2152714376.34112,,ETF.com daily actual fund-flow fallback; USD-million chart scale validated against canonical issuer-derived references. Issuer exact flow remains preferred when its own unit QA is clean.
2026-07-29,DTCR,-0.292023,-292023.0,ETFCOM_VALIDATED_ACTUAL,https://api-prod.etf.com/private/apps/fundflows/DTCR/charts?startDate=20260701&endDate=20260831,-9555878.0,,2152714376.34112,,ETF.com daily actual fund-flow fallback; USD-million chart scale validated against canonical issuer-derived references. Issuer exact flow remains preferred when its own unit QA is clean.
2026-07-30,DTCR,189.535,189535000.0,ETFCOM_VALIDATED_ACTUAL,https://api-prod.etf.com/private/apps/fundflows/DTCR/charts?startDate=20260701&endDate=20260831,180430018.0,,2152714376.34112,,ETF.com daily actual fund-flow fallback; USD-million chart scale validated against canonical issuer-derived references. Issuer exact flow remains preferred when its own unit QA is clean.
2026-07-31,DTCR,0.424469,424469.0,ETFCOM_VALIDATED_ACTUAL,https://api-prod.etf.com/private/apps/fundflows/DTCR/charts?startDate=20260701&endDate=20260831,180613994.0,-54268122.0,2152714376.34112,-2.5209160396019326,ETF.com daily actual fund-flow fallback; USD-million chart scale validated against canonical issuer-derived references. Issuer exact flow remains preferred when its own unit QA is clean.
2026-08-03,DTCR,-202.929,-202929000.0,ETFCOM_VALIDATED_ACTUAL,https://api-prod.etf.com/private/apps/fundflows/DTCR/charts?startDate=20260701&endDate=20260831,-21792934.0,-258525632.0,2152714376.34112,-12.009286268594787,ETF.com daily actual fund-flow fallback; USD-million chart scale validated against canonical issuer-derived references. Issuer exact flow remains preferred when its own unit QA is clean.
2026-08-04,DTCR,-0.004865,-4865.0,ETFCOM_VALIDATED_ACTUAL,https://api-prod.etf.com/private/apps/fundflows/DTCR/charts?startDate=20260701&endDate=20260831,-13266419.0,-258081310.0,2152714376.34112,-11.98864618717557,ETF.com daily actual fund-flow fallback; USD-million chart scale validated against canonical issuer-derived references. Issuer exact flow remains preferred when its own unit QA is clean.
2026-08-05,DTCR,0.142509,142509.0,ETFCOM_VALIDATED_ACTUAL,https://api-prod.etf.com/private/apps/fundflows/DTCR/charts?startDate=20260701&endDate=20260831,-12831887.0,-258348653.0,2152714376.34112,-12.001065066472245,ETF.com daily actual fund-flow fallback; USD-million chart scale validated against canonical issuer-derived references. Issuer exact flow remains preferred when its own unit QA is clean.
2026-08-06,DTCR,0.090549,90549.0,ETFCOM_VALIDATED_ACTUAL,https://api-prod.etf.com/private/apps/fundflows/DTCR/charts?startDate=20260701&endDate=20260831,-202276338.0,-64297104.0,2152714376.34112,-2.9867921497919827,ETF.com daily actual fund-flow fallback; USD-million chart scale validated against canonical issuer-derived references. Issuer exact flow remains preferred when its own unit QA is clean.
2026-08-07,DTCR,-0.205473,-205473.0,ETFCOM_VALIDATED_ACTUAL,https://api-prod.etf.com/private/apps/fundflows/DTCR/charts?startDate=20260701&endDate=20260831,-202906280.0,-64711054.0,2152714376.34112,-3.0060213612725866,ETF.com daily actual fund-flow fallback; USD-million chart scale validated against canonical issuer-derived references. Issuer exact flow remains preferred when its own unit QA is clean.
2026-08-10,DTCR,7.38202,7382020.0,ETFCOM_VALIDATED_ACTUAL,https://api-prod.etf.com/private/apps/fundflows/DTCR/charts?startDate=20260701&endDate=20260831,7404740.0,-25727234.0,2152714376.34112,-1.1951067119144494,ETF.com daily actual fund-flow fallback; USD-million chart scale validated against canonical issuer-derived references. Issuer exact flow remains preferred when its own unit QA is clean.
2026-08-11,DTCR,4.00401,4004010.0,ETFCOM_VALIDATED_ACTUAL,https://api-prod.etf.com/private/apps/fundflows/DTCR/charts?startDate=20260701&endDate=20260831,11413615.0,-22286426.0,2152714376.34112,-1.0352709233019255,ETF.com daily actual fund-flow fallback; USD-million chart scale validated against canonical issuer-derived references. Issuer exact flow remains preferred when its own unit QA is clean.
2026-08-12,DTCR,0.053668,53668.0,ETFCOM_VALIDATED_ACTUAL,https://api-prod.etf.com/private/apps/fundflows/DTCR/charts?startDate=20260701&endDate=20260831,11324774.0,-13294768.0,2152714376.34112,-0.6175816051638291,ETF.com daily actual fund-flow fallback; USD-million chart scale validated against canonical issuer-derived references. Issuer exact flow remains preferred when its own unit QA is clean.
2026-08-13,DTCR,0.014497,14497.0,ETFCOM_VALIDATED_ACTUAL,https://api-prod.etf.com/private/apps/fundflows/DTCR/charts?startDate=20260701&endDate=20260831,11248722.0,-13422379.0,2152714376.34112,-0.6235095165208804,ETF.com daily actual fund-flow fallback; USD-million chart scale validated against canonical issuer-derived references. Issuer exact flow remains preferred when its own unit QA is clean.
2026-08-14,DTCR,-0.126415,-126415.0,ETFCOM_VALIDATED_ACTUAL,https://api-prod.etf.com/private/apps/fundflows/DTCR/charts?startDate=20260701&endDate=20260831,11327780.0,-13157588.0,2152714376.34112,-0.6112091852316893,ETF.com daily actual fund-flow fallback; USD-million chart scale validated against canonical issuer-derived references. Issuer exact flow remains preferred when its own unit QA is clean.
2026-08-17,DTCR,0.407458,407458.0,ETFCOM_VALIDATED_ACTUAL,https://api-prod.etf.com/private/apps/fundflows/DTCR/charts?startDate=20260701&endDate=20260831,4353218.0,-12661282.0,2152714376.34112,-0.588154292048714,ETF.com daily actual fund-flow fallback; USD-million chart scale validated against canonical issuer-derived references. Issuer exact flow remains preferred when its own unit QA is clean.
2026-08-18,DTCR,-0.212209,-212209.0,ETFCOM_VALIDATED_ACTUAL,https://api-prod.etf.com/private/apps/fundflows/DTCR/charts?startDate=20260701&endDate=20260831,136999.0,-10524641.0,2152714376.34112,-0.48890094829432507,ETF.com daily actual fund-flow fallback; USD-million chart scale validated against canonical issuer-derived references. Issuer exact flow remains preferred when its own unit QA is clean.
2026-08-19,DTCR,7.31937,7319370.0,ETFCOM_VALIDATED_ACTUAL,https://api-prod.etf.com/private/apps/fundflows/DTCR/charts?startDate=20260701&endDate=20260831,7402701.0,-3660290.0,2152714376.34112,-0.1700313817860614,ETF.com daily actual fund-flow fallback; USD-million chart scale validated against canonical issuer-derived references. Issuer exact flow remains preferred when its own unit QA is clean.
2026-08-20,DTCR,-0.346635,-346635.0,ETFCOM_VALIDATED_ACTUAL,https://api-prod.etf.com/private/apps/fundflows/DTCR/charts?startDate=20260701&endDate=20260831,7041569.0,-3556029.0,2152714376.34112,-0.16518814753511502,ETF.com daily actual fund-flow fallback; USD-million chart scale validated against canonical issuer-derived references. Issuer exact flow remains preferred when its own unit QA is clean.
2026-08-21,DTCR,1.89848,1898480.0,ETFCOM_VALIDATED_ACTUAL,https://api-prod.etf.com/private/apps/fundflows/DTCR/charts?startDate=20260701&endDate=20260831,9066464.0,-1898042.0,2152714376.34112,-0.08816970894327486,ETF.com daily actual fund-flow fallback; USD-million chart scale validated against canonical issuer-derived references. Issuer exact flow remains preferred when its own unit QA is clean.
2026-08-24,DTCR,0.452931,452931.0,ETFCOM_VALIDATED_ACTUAL,https://api-prod.etf.com/private/apps/fundflows/DTCR/charts?startDate=20260701&endDate=20260831,9111937.0,-923039.0,2152714376.34112,-0.04287791311956821,ETF.com daily actual fund-flow fallback; USD-million chart scale validated against canonical issuer-derived references. Issuer exact flow remains preferred when its own unit QA is clean.
2026-08-25,DTCR,4.99229,4992290.0,ETFCOM_VALIDATED_ACTUAL,https://api-prod.etf.com/private/apps/fundflows/DTCR/charts?startDate=20260701&endDate=20260831,14316436.0,12600631.0,2152714376.34112,0.5853368722987197,ETF.com daily actual fund-flow fallback; USD-million chart scale validated against canonical issuer-derived references. Issuer exact flow remains preferred when its own unit QA is clean.
2026-08-26,DTCR,0.343813,343813.0,ETFCOM_VALIDATED_ACTUAL,https://api-prod.etf.com/private/apps/fundflows/DTCR/charts?startDate=20260701&endDate=20260831,7340879.0,13236467.0,2152714376.34112,0.6148733499191602,ETF.com daily actual fund-flow fallback; USD-million chart scale validated against canonical issuer-derived references. Issuer exact flow remains preferred when its own unit QA is clean.
2026-08-27,DTCR,-0.230417,-230417.0,ETFCOM_VALIDATED_ACTUAL,https://api-prod.etf.com/private/apps/fundflows/DTCR/charts?startDate=20260701&endDate=20260831,7457097.0,-176528950.0,2152714376.34112,-8.20029595844661,ETF.com daily actual fund-flow fallback; USD-million chart scale validated against canonical issuer-derived references. Issuer exact flow remains preferred when its own unit QA is clean.
2026-08-28,DTCR,0.319457,319457.0,ETFCOM_VALIDATED_ACTUAL,https://api-prod.etf.com/private/apps/fundflows/DTCR/charts?startDate=20260701&endDate=20260831,5878074.0,-176633962.0,2152714376.34112,-8.20517407888628,ETF.com daily actual fund-flow fallback; USD-million chart scale validated against canonical issuer-derived references. Issuer exact flow remains preferred when its own unit QA is clean.
2026-08-31,DTCR,-0.051231,-51231.0,ETFCOM_VALIDATED_ACTUAL,https://api-prod.etf.com/private/apps/fundflows/DTCR/charts?startDate=20260701&endDate=20260831,5373912.0,26243807.0,2152714376.34112,1.219103067663139,ETF.com daily actual fund-flow fallback; USD-million chart scale validated against canonical issuer-derived references. Issuer exact flow remains preferred when its own unit QA is clean.
2026-07-01,FAN,0.0,0.0,ETFCOM_VALIDATED_ACTUAL,https://api-prod.etf.com/private/apps/fundflows/FAN/charts?startDate=20260701&endDate=20260831,,,246067047.78,,ETF.com daily actual fund-flow fallback; USD-million chart scale validated against canonical issuer-derived references. Issuer exact flow remains preferred when its own unit QA is clean.
2026-07-02,FAN,0.0,0.0,ETFCOM_VALIDATED_ACTUAL,https://api-prod.etf.com/private/apps/fundflows/FAN/charts?startDate=20260701&endDate=20260831,,,246067047.78,,ETF.com daily actual fund-flow fallback; USD-million chart scale validated against canonical issuer-derived references. Issuer exact flow remains preferred when its own unit QA is clean.
2026-07-06,FAN,0.0,0.0,ETFCOM_VALIDATED_ACTUAL,https://api-prod.etf.com/private/apps/fundflows/FAN/charts?startDate=20260701&endDate=20260831,,,246067047.78,,ETF.com daily actual fund-flow fallback; USD-million chart scale validated against canonical issuer-derived references. Issuer exact flow remains preferred when its own unit QA is clean.
2026-07-07,FAN,0.0,0.0,ETFCOM_VALIDATED_ACTUAL,https://api-prod.etf.com/private/apps/fundflows/FAN/charts?startDate=20260701&endDate=20260831,,,246067047.78,,ETF.com daily actual fund-flow fallback; USD-million chart scale validated against canonical issuer-derived references. Issuer exact flow remains preferred when its own unit QA is clean.
2026-07-08,FAN,0.0,0.0,ETFCOM_VALIDATED_ACTUAL,https://api-prod.etf.com/private/apps/fundflows/FAN/charts?startDate=20260701&endDate=20260831,0.0,,246067047.78,,ETF.com daily actual fund-flow fallback; USD-million chart scale validated against canonical issuer-derived references. Issuer exact flow remains preferred when its own unit QA is clean.
2026-07-09,FAN,-12.0,-12000000.0,ETFCOM_VALIDATED_ACTUAL,https://api-prod.etf.com/private/apps/fundflows/FAN/charts?startDate=20260701&endDate=20260831,-12000000.0,,246067047.78,,ETF.com daily actual fund-flow fallback; USD-million chart scale validated against canonical issuer-derived references. Issuer exact flow remains preferred when its own unit QA is clean.
2026-07-10,FAN,0.0,0.0,ETFCOM_VALIDATED_ACTUAL,https://api-prod.etf.com/private/apps/fundflows/FAN/charts?startDate=20260701&endDate=20260831,-12000000.0,,246067047.78,,ETF.com daily actual fund-flow fallback; USD-million chart scale validated against canonical issuer-derived references. Issuer exact flow remains preferred when its own unit QA is clean.
2026-07-13,FAN,0.0,0.0,ETFCOM_VALIDATED_ACTUAL,https://api-prod.etf.com/private/apps/fundflows/FAN/charts?startDate=20260701&endDate=20260831,-12000000.0,,246067047.78,,ETF.com daily actual fund-flow fallback; USD-million chart scale validated against canonical issuer-derived references. Issuer exact flow remains preferred when its own unit QA is clean.
2026-07-14,FAN,0.0,0.0,ETFCOM_VALIDATED_ACTUAL,https://api-prod.etf.com/private/apps/fundflows/FAN/charts?startDate=20260701&endDate=20260831,-12000000.0,,246067047.78,,ETF.com daily actual fund-flow fallback; USD-million chart scale validated against canonical issuer-derived references. Issuer exact flow remains preferred when its own unit QA is clean.
2026-07-15,FAN,0.0,0.0,ETFCOM_VALIDATED_ACTUAL,https://api-prod.etf.com/private/apps/fundflows/FAN/charts?startDate=20260701&endDate=20260831,-12000000.0,,246067047.78,,ETF.com daily actual fund-flow fallback; USD-million chart scale validated against canonical issuer-derived references. Issuer exact flow remains preferred when its own unit QA is clean.
2026-07-16,FAN,0.0,0.0,ETFCOM_VALIDATED_ACTUAL,https://api-prod.etf.com/private/apps/fundflows/FAN/charts?startDate=20260701&endDate=20260831,0.0,,246067047.78,,ETF.com daily actual fund-flow fallback; USD-million chart scale validated against canonical issuer-derived references. Issuer exact flow remains preferred when its own unit QA is clean.
2026-07-17,FAN,0.0,0.0,ETFCOM_VALIDATED_ACTUAL,https://api-prod.etf.com/private/apps/fundflows/FAN/charts?startDate=20260701&endDate=20260831,0.0,,246067047.78,,ETF.com daily actual fund-flow fallback; USD-million chart scale validated against canonical issuer-derived references. Issuer exact flow remains preferred when its own unit QA is clean.
2026-07-20,FAN,0.0,0.0,ETFCOM_VALIDATED_ACTUAL,https://api-prod.etf.com/private/apps/fundflows/FAN/charts?startDate=20260701&endDate=20260831,0.0,,246067047.78,,ETF.com daily actual fund-flow fallback; USD-million chart scale validated against canonical issuer-derived references. Issuer exact flow remains preferred when its own unit QA is clean.
2026-07-21,FAN,0.0,0.0,ETFCOM_VALIDATED_ACTUAL,https://api-prod.etf.com/private/apps/fundflows/FAN/charts?startDate=20260701&endDate=20260831,0.0,,246067047.78,,ETF.com daily actual fund-flow fallback; USD-million chart scale validated against canonical issuer-derived references. Issuer exact flow remains preferred when its own unit QA is clean.
2026-07-22,FAN,0.0,0.0,ETFCOM_VALIDATED_ACTUAL,https://api-prod.etf.com/private/apps/fundflows/FAN/charts?startDate=20260701&endDate=20260831,0.0,,246067047.78,,ETF.com daily actual fund-flow fallback; USD-million chart scale validated against canonical issuer-derived references. Issuer exact flow remains preferred when its own unit QA is clean.
2026-07-27,FAN,0.0,0.0,ETFCOM_VALIDATED_ACTUAL,https://api-prod.etf.com/private/apps/fundflows/FAN/charts?startDate=20260701&endDate=20260831,0.0,,246067047.78,,ETF.com daily actual fund-flow fallback; USD-million chart scale validated against canonical issuer-derived references. Issuer exact flow remains preferred when its own unit QA is clean.
2026-07-28,FAN,0.0,0.0,ETFCOM_VALIDATED_ACTUAL,https://api-prod.etf.com/private/apps/fundflows/FAN/charts?startDate=20260701&endDate=20260831,0.0,,246067047.78,,ETF.com daily actual fund-flow fallback; USD-million chart scale validated against canonical issuer-derived references. Issuer exact flow remains preferred when its own unit QA is clean.
2026-07-29,FAN,0.0,0.0,ETFCOM_VALIDATED_ACTUAL,https://api-prod.etf.com/private/apps/fundflows/FAN/charts?startDate=20260701&endDate=20260831,0.0,,246067047.78,,ETF.com daily actual fund-flow fallback; USD-million chart scale validated against canonical issuer-derived references. Issuer exact flow remains preferred when its own unit QA is clean.
2026-07-30,FAN,0.0,0.0,ETFCOM_VALIDATED_ACTUAL,https://api-prod.etf.com/private/apps/fundflows/FAN/charts?startDate=20260701&endDate=20260831,0.0,,246067047.78,,ETF.com daily actual fund-flow fallback; USD-million chart scale validated against canonical issuer-derived references. Issuer exact flow remains preferred when its own unit QA is clean.
2026-07-31,FAN,0.0,0.0,ETFCOM_VALIDATED_ACTUAL,https://api-prod.etf.com/private/apps/fundflows/FAN/charts?startDate=20260701&endDate=20260831,0.0,-12000000.0,246067047.78,-4.87671962103954,ETF.com daily actual fund-flow fallback; USD-million chart scale validated against canonical issuer-derived references. Issuer exact flow remains preferred when its own unit QA is clean.
2026-08-03,FAN,0.0,0.0,ETFCOM_VALIDATED_ACTUAL,https://api-prod.etf.com/private/apps/fundflows/FAN/charts?startDate=20260701&endDate=20260831,0.0,-12000000.0,246067047.78,-4.87671962103954,ETF.com daily actual fund-flow fallback; USD-million chart scale validated against canonical issuer-derived references. Issuer exact flow remains preferred when its own unit QA is clean.
2026-08-04,FAN,0.0,0.0,ETFCOM_VALIDATED_ACTUAL,https://api-prod.etf.com/private/apps/fundflows/FAN/charts?startDate=20260701&endDate=20260831,0.0,-12000000.0,246067047.78,-4.87671962103954,ETF.com daily actual fund-flow fallback; USD-million chart scale validated against canonical issuer-derived references. Issuer exact flow remains preferred when its own unit QA is clean.
2026-08-05,FAN,0.0,0.0,ETFCOM_VALIDATED_ACTUAL,https://api-prod.etf.com/private/apps/fundflows/FAN/charts?startDate=20260701&endDate=20260831,0.0,-12000000.0,246067047.78,-4.87671962103954,ETF.com daily actual fund-flow fallback; USD-million chart scale validated against canonical issuer-derived references. Issuer exact flow remains preferred when its own unit QA is clean.
2026-08-06,FAN,0.0,0.0,ETFCOM_VALIDATED_ACTUAL,https://api-prod.etf.com/private/apps/fundflows/FAN/charts?startDate=20260701&endDate=20260831,0.0,-12000000.0,246067047.78,-4.87671962103954,ETF.com daily actual fund-flow fallback; USD-million chart scale validated against canonical issuer-derived references. Issuer exact flow remains preferred when its own unit QA is clean.
2026-08-07,FAN,0.0,0.0,ETFCOM_VALIDATED_ACTUAL,https://api-prod.etf.com/private/apps/fundflows/FAN/charts?startDate=20260701&endDate=20260831,0.0,-12000000.0,246067047.78,-4.87671962103954,ETF.com daily actual fund-flow fallback; USD-million chart scale validated against canonical issuer-derived references. Issuer exact flow remains preferred when its own unit QA is clean.
2026-08-10,FAN,-4.7992,-4799200.0,ETFCOM_VALIDATED_ACTUAL,https://api-prod.etf.com/private/apps/fundflows/FAN/charts?startDate=20260701&endDate=20260831,-4799200.0,-4799200.0,246067047.78,-1.9503627337744134,ETF.com daily actual fund-flow fallback; USD-million chart scale validated against canonical issuer-derived references. Issuer exact flow remains preferred when its own unit QA is clean.
2026-08-11,FAN,-4.7554,-4755400.0,ETFCOM_VALIDATED_ACTUAL,https://api-prod.etf.com/private/apps/fundflows/FAN/charts?startDate=20260701&endDate=20260831,-9554600.0,-9554600.0,246067047.78,-3.8829254409320324,ETF.com daily actual fund-flow fallback; USD-million chart scale validated against canonical issuer-derived references. Issuer exact flow remains preferred when its own unit QA is clean.
2026-08-13,FAN,-9.8496,-9849600.0,ETFCOM_VALIDATED_ACTUAL,https://api-prod.etf.com/private/apps/fundflows/FAN/charts?startDate=20260701&endDate=20260831,-19404200.0,-19404200.0,246067047.78,-7.885736905881287,ETF.com daily actual fund-flow fallback; USD-million chart scale validated against canonical issuer-derived references. Issuer exact flow remains preferred when its own unit QA is clean.
2026-08-14,FAN,0.0,0.0,ETFCOM_VALIDATED_ACTUAL,https://api-prod.etf.com/private/apps/fundflows/FAN/charts?startDate=20260701&endDate=20260831,-19404200.0,-19404200.0,246067047.78,-7.885736905881287,ETF.com daily actual fund-flow fallback; USD-million chart scale validated against canonical issuer-derived references. Issuer exact flow remains preferred when its own unit QA is clean.
2026-08-17,FAN,0.0,0.0,ETFCOM_VALIDATED_ACTUAL,https://api-prod.etf.com/private/apps/fundflows/FAN/charts?startDate=20260701&endDate=20260831,-19404200.0,-19404200.0,246067047.78,-7.885736905881287,ETF.com daily actual fund-flow fallback; USD-million chart scale validated against canonical issuer-derived references. Issuer exact flow remains preferred when its own unit QA is clean.
2026-08-18,FAN,0.0,0.0,ETFCOM_VALIDATED_ACTUAL,https://api-prod.etf.com/private/apps/fundflows/FAN/charts?startDate=20260701&endDate=20260831,-14605000.0,-19404200.0,246067047.78,-7.885736905881287,ETF.com daily actual fund-flow fallback; USD-million chart scale validated against canonical issuer-derived references. Issuer exact flow remains preferred when its own unit QA is clean.
2026-08-19,FAN,0.0,0.0,ETFCOM_VALIDATED_ACTUAL,https://api-prod.etf.com/private/apps/fundflows/FAN/charts?startDate=20260701&endDate=20260831,-9849600.0,-19404200.0,246067047.78,-7.885736905881287,ETF.com daily actual fund-flow fallback; USD-million chart scale validated against canonical issuer-derived references. Issuer exact flow remains preferred when its own unit QA is clean.
2026-08-20,FAN,-3.606,-3606000.0,ETFCOM_VALIDATED_ACTUAL,https://api-prod.etf.com/private/apps/fundflows/FAN/charts?startDate=20260701&endDate=20260831,-3606000.0,-23010200.0,246067047.78,-9.351191152003668,ETF.com daily actual fund-flow fallback; USD-million chart scale validated against canonical issuer-derived references. Issuer exact flow remains preferred when its own unit QA is clean.
2026-08-21,FAN,0.0,0.0,ETFCOM_VALIDATED_ACTUAL,https://api-prod.etf.com/private/apps/fundflows/FAN/charts?startDate=20260701&endDate=20260831,-3606000.0,-23010200.0,246067047.78,-9.351191152003668,ETF.com daily actual fund-flow fallback; USD-million chart scale validated against canonical issuer-derived references. Issuer exact flow remains preferred when its own unit QA is clean.
2026-08-24,FAN,-1.1997,-1199700.0,ETFCOM_VALIDATED_ACTUAL,https://api-prod.etf.com/private/apps/fundflows/FAN/charts?startDate=20260701&endDate=20260831,-4805700.0,-24209900.0,246067047.78,-9.838741196117097,ETF.com daily actual fund-flow fallback; USD-million chart scale validated against canonical issuer-derived references. Issuer exact flow remains preferred when its own unit QA is clean.
2026-08-25,FAN,0.0,0.0,ETFCOM_VALIDATED_ACTUAL,https://api-prod.etf.com/private/apps/fundflows/FAN/charts?startDate=20260701&endDate=20260831,-4805700.0,-24209900.0,246067047.78,-9.838741196117097,ETF.com daily actual fund-flow fallback; USD-million chart scale validated against canonical issuer-derived references. Issuer exact flow remains preferred when its own unit QA is clean.
2026-08-26,FAN,0.0,0.0,ETFCOM_VALIDATED_ACTUAL,https://api-prod.etf.com/private/apps/fundflows/FAN/charts?startDate=20260701&endDate=20260831,-4805700.0,-24209900.0,246067047.78,-9.838741196117097,ETF.com daily actual fund-flow fallback; USD-million chart scale validated against canonical issuer-derived references. Issuer exact flow remains preferred when its own unit QA is clean.
2026-08-27,FAN,0.0,0.0,ETFCOM_VALIDATED_ACTUAL,https://api-prod.etf.com/private/apps/fundflows/FAN/charts?startDate=20260701&endDate=20260831,-1199700.0,-24209900.0,246067047.78,-9.838741196117097,ETF.com daily actual fund-flow fallback; USD-million chart scale validated against canonical issuer-derived references. Issuer exact flow remains preferred when its own unit QA is clean.
2026-08-28,FAN,0.0,0.0,ETFCOM_VALIDATED_ACTUAL,https://api-prod.etf.com/private/apps/fundflows/FAN/charts?startDate=20260701&endDate=20260831,-1199700.0,-24209900.0,246067047.78,-9.838741196117097,ETF.com daily actual fund-flow fallback; USD-million chart scale validated against canonical issuer-derived references. Issuer exact flow remains preferred when its own unit QA is clean.
2026-08-31,FAN,0.0,0.0,ETFCOM_VALIDATED_ACTUAL,https://api-prod.etf.com/private/apps/fundflows/FAN/charts?startDate=20260701&endDate=20260831,0.0,-24209900.0,246067047.78,-9.838741196117097,ETF.com daily actual fund-flow fallback; USD-million chart scale validated against canonical issuer-derived references. Issuer exact flow remains preferred when its own unit QA is clean.
2026-07-01,GDX,11.3049,11304900.0,ETFCOM_VALIDATED_ACTUAL,https://api-prod.etf.com/private/apps/fundflows/GDX/charts?startDate=20260701&endDate=20260831,,,30967649499.75,,ETF.com daily actual fund-flow fallback; USD-million chart scale validated against canonical issuer-derived references. Issuer exact flow remains preferred when its own unit QA is clean.
2026-07-02,GDX,67.5707,67570700.0,ETFCOM_VALIDATED_ACTUAL,https://api-prod.etf.com/private/apps/fundflows/GDX/charts?startDate=20260701&endDate=20260831,,,30967649499.75,,ETF.com daily actual fund-flow fallback; USD-million chart scale validated against canonical issuer-derived references. Issuer exact flow remains preferred when its own unit QA is clean.
2026-07-06,GDX,0.0,0.0,ETFCOM_VALIDATED_ACTUAL,https://api-prod.etf.com/private/apps/fundflows/GDX/charts?startDate=20260701&endDate=20260831,,,30967649499.75,,ETF.com daily actual fund-flow fallback; USD-million chart scale validated against canonical issuer-derived references. Issuer exact flow remains preferred when its own unit QA is clean.
2026-07-07,GDX,82.6701,82670100.0,ETFCOM_VALIDATED_ACTUAL,https://api-prod.etf.com/private/apps/fundflows/GDX/charts?startDate=20260701&endDate=20260831,,,30967649499.75,,ETF.com daily actual fund-flow fallback; USD-million chart scale validated against canonical issuer-derived references. Issuer exact flow remains preferred when its own unit QA is clean.
2026-07-08,GDX,83.6429,83642900.0,ETFCOM_VALIDATED_ACTUAL,https://api-prod.etf.com/private/apps/fundflows/GDX/charts?startDate=20260701&endDate=20260831,245188600.0,,30967649499.75,,ETF.com daily actual fund-flow fallback; USD-million chart scale validated against canonical issuer-derived references. Issuer exact flow remains preferred when its own unit QA is clean.
2026-07-09,GDX,0.0,0.0,ETFCOM_VALIDATED_ACTUAL,https://api-prod.etf.com/private/apps/fundflows/GDX/charts?startDate=20260701&endDate=20260831,233883700.0,,30967649499.75,,ETF.com daily actual fund-flow fallback; USD-million chart scale validated against canonical issuer-derived references. Issuer exact flow remains preferred when its own unit QA is clean.
2026-07-10,GDX,15.1365,15136500.0,ETFCOM_VALIDATED_ACTUAL,https://api-prod.etf.com/private/apps/fundflows/GDX/charts?startDate=20260701&endDate=20260831,181449500.0,,30967649499.75,,ETF.com daily actual fund-flow fallback; USD-million chart scale validated against canonical issuer-derived references. Issuer exact flow remains preferred when its own unit QA is clean.
2026-07-13,GDX,15.0986,15098600.0,ETFCOM_VALIDATED_ACTUAL,https://api-prod.etf.com/private/apps/fundflows/GDX/charts?startDate=20260701&endDate=20260831,196548100.0,,30967649499.75,,ETF.com daily actual fund-flow fallback; USD-million chart scale validated against canonical issuer-derived references. Issuer exact flow remains preferred when its own unit QA is clean.
2026-07-14,GDX,11.0336,11033600.0,ETFCOM_VALIDATED_ACTUAL,https://api-prod.etf.com/private/apps/fundflows/GDX/charts?startDate=20260701&endDate=20260831,124911600.0,,30967649499.75,,ETF.com daily actual fund-flow fallback; USD-million chart scale validated against canonical issuer-derived references. Issuer exact flow remains preferred when its own unit QA is clean.
2026-07-15,GDX,-14.937,-14937000.0,ETFCOM_VALIDATED_ACTUAL,https://api-prod.etf.com/private/apps/fundflows/GDX/charts?startDate=20260701&endDate=20260831,26331700.0,,30967649499.75,,ETF.com daily actual fund-flow fallback; USD-million chart scale validated against canonical issuer-derived references. Issuer exact flow remains preferred when its own unit QA is clean.
2026-07-16,GDX,0.0,0.0,ETFCOM_VALIDATED_ACTUAL,https://api-prod.etf.com/private/apps/fundflows/GDX/charts?startDate=20260701&endDate=20260831,26331700.0,,30967649499.75,,ETF.com daily actual fund-flow fallback; USD-million chart scale validated against canonical issuer-derived references. Issuer exact flow remains preferred when its own unit QA is clean.
2026-07-17,GDX,0.0,0.0,ETFCOM_VALIDATED_ACTUAL,https://api-prod.etf.com/private/apps/fundflows/GDX/charts?startDate=20260701&endDate=20260831,11195200.0,,30967649499.75,,ETF.com daily actual fund-flow fallback; USD-million chart scale validated against canonical issuer-derived references. Issuer exact flow remains preferred when its own unit QA is clean.
2026-07-20,GDX,14.2458,14245800.0,ETFCOM_VALIDATED_ACTUAL,https://api-prod.etf.com/private/apps/fundflows/GDX/charts?startDate=20260701&endDate=20260831,10342400.0,,30967649499.75,,ETF.com daily actual fund-flow fallback; USD-million chart scale validated against canonical issuer-derived references. Issuer exact flow remains preferred when its own unit QA is clean.
2026-07-21,GDX,14.1447,14144700.0,ETFCOM_VALIDATED_ACTUAL,https://api-prod.etf.com/private/apps/fundflows/GDX/charts?startDate=20260701&endDate=20260831,13453500.0,,30967649499.75,,ETF.com daily actual fund-flow fallback; USD-million chart scale validated against canonical issuer-derived references. Issuer exact flow remains preferred when its own unit QA is clean.
2026-07-22,GDX,0.0,0.0,ETFCOM_VALIDATED_ACTUAL,https://api-prod.etf.com/private/apps/fundflows/GDX/charts?startDate=20260701&endDate=20260831,28390500.0,,30967649499.75,,ETF.com daily actual fund-flow fallback; USD-million chart scale validated against canonical issuer-derived references. Issuer exact flow remains preferred when its own unit QA is clean.
2026-07-27,GDX,-22.5355,-22535500.0,ETFCOM_VALIDATED_ACTUAL,https://api-prod.etf.com/private/apps/fundflows/GDX/charts?startDate=20260701&endDate=20260831,5855000.0,,30967649499.75,,ETF.com daily actual fund-flow fallback; USD-million chart scale validated against canonical issuer-derived references. Issuer exact flow remains preferred when its own unit QA is clean.
2026-07-28,GDX,7.57127,7571270.0,ETFCOM_VALIDATED_ACTUAL,https://api-prod.etf.com/private/apps/fundflows/GDX/charts?startDate=20260701&endDate=20260831,13426270.0,,30967649499.75,,ETF.com daily actual fund-flow fallback; USD-million chart scale validated against canonical issuer-derived references. Issuer exact flow remains preferred when its own unit QA is clean.
2026-07-29,GDX,0.0,0.0,ETFCOM_VALIDATED_ACTUAL,https://api-prod.etf.com/private/apps/fundflows/GDX/charts?startDate=20260701&endDate=20260831,-819530.0,,30967649499.75,,ETF.com daily actual fund-flow fallback; USD-million chart scale validated against canonical issuer-derived references. Issuer exact flow remains preferred when its own unit QA is clean.
2026-07-30,GDX,0.0,0.0,ETFCOM_VALIDATED_ACTUAL,https://api-prod.etf.com/private/apps/fundflows/GDX/charts?startDate=20260701&endDate=20260831,-14964230.0,,30967649499.75,,ETF.com daily actual fund-flow fallback; USD-million chart scale validated against canonical issuer-derived references. Issuer exact flow remains preferred when its own unit QA is clean.
2026-07-31,GDX,-3.83402,-3834020.0,ETFCOM_VALIDATED_ACTUAL,https://api-prod.etf.com/private/apps/fundflows/GDX/charts?startDate=20260701&endDate=20260831,-18798250.0,281112550.0,30967649499.75,0.9077619856239635,ETF.com daily actual fund-flow fallback; USD-million chart scale validated against canonical issuer-derived references. Issuer exact flow remains preferred when its own unit QA is clean.
2026-08-03,GDX,-11.1397,-11139700.0,ETFCOM_VALIDATED_ACTUAL,https://api-prod.etf.com/private/apps/fundflows/GDX/charts?startDate=20260701&endDate=20260831,-7402450.0,258667950.0,30967649499.75,0.8352844151187135,ETF.com daily actual fund-flow fallback; USD-million chart scale validated against canonical issuer-derived references. Issuer exact flow remains preferred when its own unit QA is clean.
2026-08-04,GDX,0.0,0.0,ETFCOM_VALIDATED_ACTUAL,https://api-prod.etf.com/private/apps/fundflows/GDX/charts?startDate=20260701&endDate=20260831,-14973720.0,191097250.0,30967649499.75,0.617086711736203,ETF.com daily actual fund-flow fallback; USD-million chart scale validated against canonical issuer-derived references. Issuer exact flow remains preferred when its own unit QA is clean.
2026-08-05,GDX,0.0,0.0,ETFCOM_VALIDATED_ACTUAL,https://api-prod.etf.com/private/apps/fundflows/GDX/charts?startDate=20260701&endDate=20260831,-14973720.0,191097250.0,30967649499.75,0.617086711736203,ETF.com daily actual fund-flow fallback; USD-million chart scale validated against canonical issuer-derived references. Issuer exact flow remains preferred when its own unit QA is clean.
2026-08-06,GDX,20.8392,20839200.0,ETFCOM_VALIDATED_ACTUAL,https://api-prod.etf.com/private/apps/fundflows/GDX/charts?startDate=20260701&endDate=20260831,5865480.0,129266350.0,30967649499.75,0.41742383451170084,ETF.com daily actual fund-flow fallback; USD-million chart scale validated against canonical issuer-derived references. Issuer exact flow remains preferred when its own unit QA is clean.
2026-08-07,GDX,54.4679,54467900.0,ETFCOM_VALIDATED_ACTUAL,https://api-prod.etf.com/private/apps/fundflows/GDX/charts?startDate=20260701&endDate=20260831,64167400.0,100091350.0,30967649499.75,0.3232126158002661,ETF.com daily actual fund-flow fallback; USD-million chart scale validated against canonical issuer-derived references. Issuer exact flow remains preferred when its own unit QA is clean.
2026-08-10,GDX,22.3763,22376300.0,ETFCOM_VALIDATED_ACTUAL,https://api-prod.etf.com/private/apps/fundflows/GDX/charts?startDate=20260701&endDate=20260831,97683400.0,122467650.0,30967649499.75,0.395469633563854,ETF.com daily actual fund-flow fallback; USD-million chart scale validated against canonical issuer-derived references. Issuer exact flow remains preferred when its own unit QA is clean.
2026-08-11,GDX,0.0,0.0,ETFCOM_VALIDATED_ACTUAL,https://api-prod.etf.com/private/apps/fundflows/GDX/charts?startDate=20260701&endDate=20260831,97683400.0,107331150.0,30967649499.75,0.3465912064164459,ETF.com daily actual fund-flow fallback; USD-million chart scale validated against canonical issuer-derived references. Issuer exact flow remains preferred when its own unit QA is clean.
2026-08-12,GDX,206.892,206892000.0,ETFCOM_VALIDATED_ACTUAL,https://api-prod.etf.com/private/apps/fundflows/GDX/charts?startDate=20260701&endDate=20260831,304575400.0,299124550.0,30967649499.75,0.9659259092376863,ETF.com daily actual fund-flow fallback; USD-million chart scale validated against canonical issuer-derived references. Issuer exact flow remains preferred when its own unit QA is clean.
2026-08-13,GDX,118.016,118016000.0,ETFCOM_VALIDATED_ACTUAL,https://api-prod.etf.com/private/apps/fundflows/GDX/charts?startDate=20260701&endDate=20260831,401752200.0,406106950.0,30967649499.75,1.3113909404176074,ETF.com daily actual fund-flow fallback; USD-million chart scale validated against canonical issuer-derived references. Issuer exact flow remains preferred when its own unit QA is clean.
2026-08-14,GDX,97.2627,97262700.0,ETFCOM_VALIDATED_ACTUAL,https://api-prod.etf.com/private/apps/fundflows/GDX/charts?startDate=20260701&endDate=20260831,444547000.0,518306650.0,30967649499.75,1.6737035531359403,ETF.com daily actual fund-flow fallback; USD-million chart scale validated against canonical issuer-derived references. Issuer exact flow remains preferred when its own unit QA is clean.
2026-08-17,GDX,49.4835,49483500.0,ETFCOM_VALIDATED_ACTUAL,https://api-prod.etf.com/private/apps/fundflows/GDX/charts?startDate=20260701&endDate=20260831,471654200.0,567790150.0,30967649499.75,1.8334944988465585,ETF.com daily actual fund-flow fallback; USD-million chart scale validated against canonical issuer-derived references. Issuer exact flow remains preferred when its own unit QA is clean.
2026-08-18,GDX,-4.58961,-4589610.0,ETFCOM_VALIDATED_ACTUAL,https://api-prod.etf.com/private/apps/fundflows/GDX/charts?startDate=20260701&endDate=20260831,467064590.0,563200540.0,30967649499.75,1.8186738389833128,ETF.com daily actual fund-flow fallback; USD-million chart scale validated against canonical issuer-derived references. Issuer exact flow remains preferred when its own unit QA is clean.
2026-08-19,GDX,0.0,0.0,ETFCOM_VALIDATED_ACTUAL,https://api-prod.etf.com/private/apps/fundflows/GDX/charts?startDate=20260701&endDate=20260831,260172590.0,548954740.0,30967649499.75,1.772671639171167,ETF.com daily actual fund-flow fallback; USD-million chart scale validated against canonical issuer-derived references. Issuer exact flow remains preferred when its own unit QA is clean.
2026-08-20,GDX,-38.7599,-38759900.0,ETFCOM_VALIDATED_ACTUAL,https://api-prod.etf.com/private/apps/fundflows/GDX/charts?startDate=20260701&endDate=20260831,103396690.0,496050140.0,30967649499.75,1.601833358401982,ETF.com daily actual fund-flow fallback; USD-million chart scale validated against canonical issuer-derived references. Issuer exact flow remains preferred when its own unit QA is clean.
2026-08-21,GDX,-9.98525,-9985250.0,ETFCOM_VALIDATED_ACTUAL,https://api-prod.etf.com/private/apps/fundflows/GDX/charts?startDate=20260701&endDate=20260831,-3851260.0,486064890.0,30967649499.75,1.569589225698011,ETF.com daily actual fund-flow fallback; USD-million chart scale validated against canonical issuer-derived references. Issuer exact flow remains preferred when its own unit QA is clean.
2026-08-24,GDX,51.4596,51459600.0,ETFCOM_VALIDATED_ACTUAL,https://api-prod.etf.com/private/apps/fundflows/GDX/charts?startDate=20260701&endDate=20260831,-1875160.0,560059990.0,30967649499.75,1.8085324493372392,ETF.com daily actual fund-flow fallback; USD-million chart scale validated against canonical issuer-derived references. Issuer exact flow remains preferred when its own unit QA is clean.
2026-08-25,GDX,-51.8028,-51802800.0,ETFCOM_VALIDATED_ACTUAL,https://api-prod.etf.com/private/apps/fundflows/GDX/charts?startDate=20260701&endDate=20260831,-49088350.0,500685920.0,30967649499.75,1.61680310933525,ETF.com daily actual fund-flow fallback; USD-million chart scale validated against canonical issuer-derived references. Issuer exact flow remains preferred when its own unit QA is clean.
2026-08-26,GDX,-63.4251,-63425100.0,ETFCOM_VALIDATED_ACTUAL,https://api-prod.etf.com/private/apps/fundflows/GDX/charts?startDate=20260701&endDate=20260831,-112513450.0,437260820.0,30967649499.75,1.4119922792446034,ETF.com daily actual fund-flow fallback; USD-million chart scale validated against canonical issuer-derived references. Issuer exact flow remains preferred when its own unit QA is clean.
2026-08-27,GDX,-51.3404,-51340400.0,ETFCOM_VALIDATED_ACTUAL,https://api-prod.etf.com/private/apps/fundflows/GDX/charts?startDate=20260701&endDate=20260831,-125093950.0,385920420.0,30967649499.75,1.2462050760523995,ETF.com daily actual fund-flow fallback; USD-million chart scale validated against canonical issuer-derived references. Issuer exact flow remains preferred when its own unit QA is clean.
2026-08-28,GDX,0.0,0.0,ETFCOM_VALIDATED_ACTUAL,https://api-prod.etf.com/private/apps/fundflows/GDX/charts?startDate=20260701&endDate=20260831,-115108700.0,389754440.0,30967649499.75,1.258585802591012,ETF.com daily actual fund-flow fallback; USD-million chart scale validated against canonical issuer-derived references. Issuer exact flow remains preferred when its own unit QA is clean.
2026-08-31,GDX,-5.00119,-5001190.0,ETFCOM_VALIDATED_ACTUAL,https://api-prod.etf.com/private/apps/fundflows/GDX/charts?startDate=20260701&endDate=20260831,-171569490.0,395892950.0,30967649499.75,1.2784081336337652,ETF.com daily actual fund-flow fallback; USD-million chart scale validated against canonical issuer-derived references. Issuer exact flow remains preferred when its own unit QA is clean.
2026-07-01,GNOM,6.80511,6805110.0,ETFCOM_VALIDATED_ACTUAL,https://api-prod.etf.com/private/apps/fundflows/GNOM/charts?startDate=20260701&endDate=20260831,,,92242375.6618354,,ETF.com daily actual fund-flow fallback; USD-million chart scale validated against canonical issuer-derived references. Issuer exact flow remains preferred when its own unit QA is clean.
2026-07-02,GNOM,0.574215,574215.0,ETFCOM_VALIDATED_ACTUAL,https://api-prod.etf.com/private/apps/fundflows/GNOM/charts?startDate=20260701&endDate=20260831,,,92242375.6618354,,ETF.com daily actual fund-flow fallback; USD-million chart scale validated against canonical issuer-derived references. Issuer exact flow remains preferred when its own unit QA is clean.
2026-07-06,GNOM,1.75377,1753770.0,ETFCOM_VALIDATED_ACTUAL,https://api-prod.etf.com/private/apps/fundflows/GNOM/charts?startDate=20260701&endDate=20260831,,,92242375.6618354,,ETF.com daily actual fund-flow fallback; USD-million chart scale validated against canonical issuer-derived references. Issuer exact flow remains preferred when its own unit QA is clean.
2026-07-07,GNOM,1.17899,1178990.0,ETFCOM_VALIDATED_ACTUAL,https://api-prod.etf.com/private/apps/fundflows/GNOM/charts?startDate=20260701&endDate=20260831,,,92242375.6618354,,ETF.com daily actual fund-flow fallback; USD-million chart scale validated against canonical issuer-derived references. Issuer exact flow remains preferred when its own unit QA is clean.
2026-07-08,GNOM,0.002205,2205.0,ETFCOM_VALIDATED_ACTUAL,https://api-prod.etf.com/private/apps/fundflows/GNOM/charts?startDate=20260701&endDate=20260831,10314290.0,,92242375.6618354,,ETF.com daily actual fund-flow fallback; USD-million chart scale validated against canonical issuer-derived references. Issuer exact flow remains preferred when its own unit QA is clean.
2026-07-09,GNOM,-0.000987,-987.0,ETFCOM_VALIDATED_ACTUAL,https://api-prod.etf.com/private/apps/fundflows/GNOM/charts?startDate=20260701&endDate=20260831,3508193.0,,92242375.6618354,,ETF.com daily actual fund-flow fallback; USD-million chart scale validated against canonical issuer-derived references. Issuer exact flow remains preferred when its own unit QA is clean.
2026-07-10,GNOM,0.000253,253.00000000000003,ETFCOM_VALIDATED_ACTUAL,https://api-prod.etf.com/private/apps/fundflows/GNOM/charts?startDate=20260701&endDate=20260831,2934231.0,,92242375.6618354,,ETF.com daily actual fund-flow fallback; USD-million chart scale validated against canonical issuer-derived references. Issuer exact flow remains preferred when its own unit QA is clean.
2026-07-13,GNOM,-0.000566,-566.0,ETFCOM_VALIDATED_ACTUAL,https://api-prod.etf.com/private/apps/fundflows/GNOM/charts?startDate=20260701&endDate=20260831,1179895.0,,92242375.6618354,,ETF.com daily actual fund-flow fallback; USD-million chart scale validated against canonical issuer-derived references. Issuer exact flow remains preferred when its own unit QA is clean.
2026-07-14,GNOM,-0.006305,-6305.0,ETFCOM_VALIDATED_ACTUAL,https://api-prod.etf.com/private/apps/fundflows/GNOM/charts?startDate=20260701&endDate=20260831,-5400.0,,92242375.6618354,,ETF.com daily actual fund-flow fallback; USD-million chart scale validated against canonical issuer-derived references. Issuer exact flow remains preferred when its own unit QA is clean.
2026-07-15,GNOM,0.008105,8104.999999999999,ETFCOM_VALIDATED_ACTUAL,https://api-prod.etf.com/private/apps/fundflows/GNOM/charts?startDate=20260701&endDate=20260831,499.9999999999991,,92242375.6618354,,ETF.com daily actual fund-flow fallback; USD-million chart scale validated against canonical issuer-derived references. Issuer exact flow remains preferred when its own unit QA is clean.
2026-07-16,GNOM,0.001207,1207.0,ETFCOM_VALIDATED_ACTUAL,https://api-prod.etf.com/private/apps/fundflows/GNOM/charts?startDate=20260701&endDate=20260831,2693.999999999999,,92242375.6618354,,ETF.com daily actual fund-flow fallback; USD-million chart scale validated against canonical issuer-derived references. Issuer exact flow remains preferred when its own unit QA is clean.
2026-07-17,GNOM,-0.00978,-9780.0,ETFCOM_VALIDATED_ACTUAL,https://api-prod.etf.com/private/apps/fundflows/GNOM/charts?startDate=20260701&endDate=20260831,-7339.000000000001,,92242375.6618354,,ETF.com daily actual fund-flow fallback; USD-million chart scale validated against canonical issuer-derived references. Issuer exact flow remains preferred when its own unit QA is clean.
2026-07-20,GNOM,0.000532,532.0,ETFCOM_VALIDATED_ACTUAL,https://api-prod.etf.com/private/apps/fundflows/GNOM/charts?startDate=20260701&endDate=20260831,-6241.000000000001,,92242375.6618354,,ETF.com daily actual fund-flow fallback; USD-million chart scale validated against canonical issuer-derived references. Issuer exact flow remains preferred when its own unit QA is clean.
2026-07-21,GNOM,-3.75163,-3751630.0,ETFCOM_VALIDATED_ACTUAL,https://api-prod.etf.com/private/apps/fundflows/GNOM/charts?startDate=20260701&endDate=20260831,-3751566.0,,92242375.6618354,,ETF.com daily actual fund-flow fallback; USD-million chart scale validated against canonical issuer-derived references. Issuer exact flow remains preferred when its own unit QA is clean.
2026-07-22,GNOM,-0.007625,-7625.0,ETFCOM_VALIDATED_ACTUAL,https://api-prod.etf.com/private/apps/fundflows/GNOM/charts?startDate=20260701&endDate=20260831,-3767296.0,,92242375.6618354,,ETF.com daily actual fund-flow fallback; USD-million chart scale validated against canonical issuer-derived references. Issuer exact flow remains preferred when its own unit QA is clean.
2026-07-27,GNOM,0.000199,199.0,ETFCOM_VALIDATED_ACTUAL,https://api-prod.etf.com/private/apps/fundflows/GNOM/charts?startDate=20260701&endDate=20260831,-3768304.0,,92242375.6618354,,ETF.com daily actual fund-flow fallback; USD-million chart scale validated against canonical issuer-derived references. Issuer exact flow remains preferred when its own unit QA is clean.
2026-07-28,GNOM,0.007131,7131.0,ETFCOM_VALIDATED_ACTUAL,https://api-prod.etf.com/private/apps/fundflows/GNOM/charts?startDate=20260701&endDate=20260831,-3751393.0,,92242375.6618354,,ETF.com daily actual fund-flow fallback; USD-million chart scale validated against canonical issuer-derived references. Issuer exact flow remains preferred when its own unit QA is clean.
2026-07-29,GNOM,-0.00725,-7250.0,ETFCOM_VALIDATED_ACTUAL,https://api-prod.etf.com/private/apps/fundflows/GNOM/charts?startDate=20260701&endDate=20260831,-3759175.0,,92242375.6618354,,ETF.com daily actual fund-flow fallback; USD-million chart scale validated against canonical issuer-derived references. Issuer exact flow remains preferred when its own unit QA is clean.
2026-07-30,GNOM,0.009149,9149.0,ETFCOM_VALIDATED_ACTUAL,https://api-prod.etf.com/private/apps/fundflows/GNOM/charts?startDate=20260701&endDate=20260831,1604.0,,92242375.6618354,,ETF.com daily actual fund-flow fallback; USD-million chart scale validated against canonical issuer-derived references. Issuer exact flow remains preferred when its own unit QA is clean.
2026-07-31,GNOM,-0.005782,-5782.0,ETFCOM_VALIDATED_ACTUAL,https://api-prod.etf.com/private/apps/fundflows/GNOM/charts?startDate=20260701&endDate=20260831,3447.0,6550941.0,92242375.6618354,7.101878017556744,ETF.com daily actual fund-flow fallback; USD-million chart scale validated against canonical issuer-derived references. Issuer exact flow remains preferred when its own unit QA is clean.
2026-08-03,GNOM,0.000563,563.0,ETFCOM_VALIDATED_ACTUAL,https://api-prod.etf.com/private/apps/fundflows/GNOM/charts?startDate=20260701&endDate=20260831,3811.0,-253606.0,92242375.6618354,-0.27493437607215443,ETF.com daily actual fund-flow fallback; USD-million chart scale validated against canonical issuer-derived references. Issuer exact flow remains preferred when its own unit QA is clean.
2026-08-04,GNOM,0.002681,2681.0,ETFCOM_VALIDATED_ACTUAL,https://api-prod.etf.com/private/apps/fundflows/GNOM/charts?startDate=20260701&endDate=20260831,-639.0,-825140.0,92242375.6618354,-0.8945346366891064,ETF.com daily actual fund-flow fallback; USD-million chart scale validated against canonical issuer-derived references. Issuer exact flow remains preferred when its own unit QA is clean.
2026-08-05,GNOM,-0.004697,-4697.0,ETFCOM_VALIDATED_ACTUAL,https://api-prod.etf.com/private/apps/fundflows/GNOM/charts?startDate=20260701&endDate=20260831,1914.0,-2583607.0,92242375.6618354,-2.80088948432076,ETF.com daily actual fund-flow fallback; USD-million chart scale validated against canonical issuer-derived references. Issuer exact flow remains preferred when its own unit QA is clean.
2026-08-06,GNOM,0.00078,780.0,ETFCOM_VALIDATED_ACTUAL,https://api-prod.etf.com/private/apps/fundflows/GNOM/charts?startDate=20260701&endDate=20260831,-6455.0,-3761817.0,92242375.6618354,-4.07818746320128,ETF.com daily actual fund-flow fallback; USD-million chart scale validated against canonical issuer-derived references. Issuer exact flow remains preferred when its own unit QA is clean.
2026-08-07,GNOM,0.002848,2848.0,ETFCOM_VALIDATED_ACTUAL,https://api-prod.etf.com/private/apps/fundflows/GNOM/charts?startDate=20260701&endDate=20260831,2175.0,-3761174.0,92242375.6618354,-4.07749038661865,ETF.com daily actual fund-flow fallback; USD-million chart scale validated against canonical issuer-derived references. Issuer exact flow remains preferred when its own unit QA is clean.
2026-08-10,GNOM,-0.001078,-1078.0,ETFCOM_VALIDATED_ACTUAL,https://api-prod.etf.com/private/apps/fundflows/GNOM/charts?startDate=20260701&endDate=20260831,534.0,-3761265.0,92242375.6618354,-4.077589039758649,ETF.com daily actual fund-flow fallback; USD-million chart scale validated against canonical issuer-derived references. Issuer exact flow remains preferred when its own unit QA is clean.
2026-08-11,GNOM,-0.00527,-5270.0,ETFCOM_VALIDATED_ACTUAL,https://api-prod.etf.com/private/apps/fundflows/GNOM/charts?startDate=20260701&endDate=20260831,-7417.0,-3766788.0,92242375.6618354,-4.083576526486276,ETF.com daily actual fund-flow fallback; USD-million chart scale validated against canonical issuer-derived references. Issuer exact flow remains preferred when its own unit QA is clean.
2026-08-12,GNOM,0.008487,8487.0,ETFCOM_VALIDATED_ACTUAL,https://api-prod.etf.com/private/apps/fundflows/GNOM/charts?startDate=20260701&endDate=20260831,5767.0,-3757735.0,92242375.6618354,-4.073762165207043,ETF.com daily actual fund-flow fallback; USD-million chart scale validated against canonical issuer-derived references. Issuer exact flow remains preferred when its own unit QA is clean.
2026-08-13,GNOM,0.001174,1174.0,ETFCOM_VALIDATED_ACTUAL,https://api-prod.etf.com/private/apps/fundflows/GNOM/charts?startDate=20260701&endDate=20260831,6161.0,-3750256.0,92242375.6618354,-4.065654178019659,ETF.com daily actual fund-flow fallback; USD-million chart scale validated against canonical issuer-derived references. Issuer exact flow remains preferred when its own unit QA is clean.
2026-08-14,GNOM,-0.007857,-7856.999999999999,ETFCOM_VALIDATED_ACTUAL,https://api-prod.etf.com/private/apps/fundflows/GNOM/charts?startDate=20260701&endDate=20260831,-4543.999999999999,-3766218.0,92242375.6618354,-4.082958589235733,ETF.com daily actual fund-flow fallback; USD-million chart scale validated against canonical issuer-derived references. Issuer exact flow remains preferred when its own unit QA is clean.
2026-08-17,GNOM,-0.001957,-1957.0,ETFCOM_VALIDATED_ACTUAL,https://api-prod.etf.com/private/apps/fundflows/GNOM/charts?startDate=20260701&endDate=20260831,-5422.999999999999,-3769382.0,92242375.6618354,-4.086388683026465,ETF.com daily actual fund-flow fallback; USD-million chart scale validated against canonical issuer-derived references. Issuer exact flow remains preferred when its own unit QA is clean.
2026-08-18,GNOM,0.007897,7896.999999999999,ETFCOM_VALIDATED_ACTUAL,https://api-prod.etf.com/private/apps/fundflows/GNOM/charts?startDate=20260701&endDate=20260831,7744.0,-3751705.0,92242375.6618354,-4.067225039556565,ETF.com daily actual fund-flow fallback; USD-million chart scale validated against canonical issuer-derived references. Issuer exact flow remains preferred when its own unit QA is clean.
2026-08-19,GNOM,-0.004489,-4489.0,ETFCOM_VALIDATED_ACTUAL,https://api-prod.etf.com/private/apps/fundflows/GNOM/charts?startDate=20260701&endDate=20260831,-5232.0,-3756726.0,92242375.6618354,-4.072668307863538,ETF.com daily actual fund-flow fallback; USD-million chart scale validated against canonical issuer-derived references. Issuer exact flow remains preferred when its own unit QA is clean.
2026-08-20,GNOM,-2.64959,-2649590.0,ETFCOM_VALIDATED_ACTUAL,https://api-prod.etf.com/private/apps/fundflows/GNOM/charts?startDate=20260701&endDate=20260831,-2655996.0,-2654686.0,92242375.6618354,-2.877946259463433,ETF.com daily actual fund-flow fallback; USD-million chart scale validated against canonical issuer-derived references. Issuer exact flow remains preferred when its own unit QA is clean.
2026-08-21,GNOM,0.003963,3963.0000000000005,ETFCOM_VALIDATED_ACTUAL,https://api-prod.etf.com/private/apps/fundflows/GNOM/charts?startDate=20260701&endDate=20260831,-2644176.0,-2643098.0,92242375.6618354,-2.865383703569944,ETF.com daily actual fund-flow fallback; USD-million chart scale validated against canonical issuer-derived references. Issuer exact flow remains preferred when its own unit QA is clean.
2026-08-24,GNOM,-0.003548,-3548.0,ETFCOM_VALIDATED_ACTUAL,https://api-prod.etf.com/private/apps/fundflows/GNOM/charts?startDate=20260701&endDate=20260831,-2645767.0,-2646845.0,92242375.6618354,-2.8694458279169326,ETF.com daily actual fund-flow fallback; USD-million chart scale validated against canonical issuer-derived references. Issuer exact flow remains preferred when its own unit QA is clean.
2026-08-25,GNOM,0.002596,2596.0,ETFCOM_VALIDATED_ACTUAL,https://api-prod.etf.com/private/apps/fundflows/GNOM/charts?startDate=20260701&endDate=20260831,-2651068.0,-2651380.0,92242375.6618354,-2.8743622234102855,ETF.com daily actual fund-flow fallback; USD-million chart scale validated against canonical issuer-derived references. Issuer exact flow remains preferred when its own unit QA is clean.
2026-08-26,GNOM,-0.006065,-6065.0,ETFCOM_VALIDATED_ACTUAL,https://api-prod.etf.com/private/apps/fundflows/GNOM/charts?startDate=20260701&endDate=20260831,-2652644.0,-2650195.0,92242375.6618354,-2.8730775643894204,ETF.com daily actual fund-flow fallback; USD-million chart scale validated against canonical issuer-derived references. Issuer exact flow remains preferred when its own unit QA is clean.
2026-08-27,GNOM,-0.006628,-6628.0,ETFCOM_VALIDATED_ACTUAL,https://api-prod.etf.com/private/apps/fundflows/GNOM/charts?startDate=20260701&endDate=20260831,-9682.0,-2665972.0,92242375.6618354,-2.890181417024178,ETF.com daily actual fund-flow fallback; USD-million chart scale validated against canonical issuer-derived references. Issuer exact flow remains preferred when its own unit QA is clean.
2026-08-28,GNOM,0.013168,13168.0,ETFCOM_VALIDATED_ACTUAL,https://api-prod.etf.com/private/apps/fundflows/GNOM/charts?startDate=20260701&endDate=20260831,-477.0,-2647022.0,92242375.6618354,-2.8696377136947326,ETF.com daily actual fund-flow fallback; USD-million chart scale validated against canonical issuer-derived references. Issuer exact flow remains preferred when its own unit QA is clean.
2026-08-31,GNOM,-0.011219,-11219.0,ETFCOM_VALIDATED_ACTUAL,https://api-prod.etf.com/private/apps/fundflows/GNOM/charts?startDate=20260701&endDate=20260831,-8148.0,-2658804.0,92242375.6618354,-2.882410585073494,ETF.com daily actual fund-flow fallback; USD-million chart scale validated against canonical issuer-derived references. Issuer exact flow remains preferred when its own unit QA is clean.
2026-07-01,GRID,38.217,38217000.0,ETFCOM_VALIDATED_ACTUAL,https://api-prod.etf.com/private/apps/fundflows/GRID/charts?startDate=20260701&endDate=20260831,,,11899145958.408,,ETF.com daily actual fund-flow fallback; USD-million chart scale validated against canonical issuer-derived references. Issuer exact flow remains preferred when its own unit QA is clean.
2026-07-02,GRID,37.4576,37457600.0,ETFCOM_VALIDATED_ACTUAL,https://api-prod.etf.com/private/apps/fundflows/GRID/charts?startDate=20260701&endDate=20260831,,,11899145958.408,,ETF.com daily actual fund-flow fallback; USD-million chart scale validated against canonical issuer-derived references. Issuer exact flow remains preferred when its own unit QA is clean.
2026-07-06,GRID,27.6958,27695800.0,ETFCOM_VALIDATED_ACTUAL,https://api-prod.etf.com/private/apps/fundflows/GRID/charts?startDate=20260701&endDate=20260831,,,11899145958.408,,ETF.com daily actual fund-flow fallback; USD-million chart scale validated against canonical issuer-derived references. Issuer exact flow remains preferred when its own unit QA is clean.
2026-07-07,GRID,0.0,0.0,ETFCOM_VALIDATED_ACTUAL,https://api-prod.etf.com/private/apps/fundflows/GRID/charts?startDate=20260701&endDate=20260831,,,11899145958.408,,ETF.com daily actual fund-flow fallback; USD-million chart scale validated against canonical issuer-derived references. Issuer exact flow remains preferred when its own unit QA is clean.
2026-07-08,GRID,0.0,0.0,ETFCOM_VALIDATED_ACTUAL,https://api-prod.etf.com/private/apps/fundflows/GRID/charts?startDate=20260701&endDate=20260831,103370400.0,,11899145958.408,,ETF.com daily actual fund-flow fallback; USD-million chart scale validated against canonical issuer-derived references. Issuer exact flow remains preferred when its own unit QA is clean.
2026-07-09,GRID,0.0,0.0,ETFCOM_VALIDATED_ACTUAL,https://api-prod.etf.com/private/apps/fundflows/GRID/charts?startDate=20260701&endDate=20260831,65153400.0,,11899145958.408,,ETF.com daily actual fund-flow fallback; USD-million chart scale validated against canonical issuer-derived references. Issuer exact flow remains preferred when its own unit QA is clean.
2026-07-10,GRID,0.0,0.0,ETFCOM_VALIDATED_ACTUAL,https://api-prod.etf.com/private/apps/fundflows/GRID/charts?startDate=20260701&endDate=20260831,27695800.0,,11899145958.408,,ETF.com daily actual fund-flow fallback; USD-million chart scale validated against canonical issuer-derived references. Issuer exact flow remains preferred when its own unit QA is clean.
2026-07-13,GRID,27.6309,27630900.0,ETFCOM_VALIDATED_ACTUAL,https://api-prod.etf.com/private/apps/fundflows/GRID/charts?startDate=20260701&endDate=20260831,27630900.0,,11899145958.408,,ETF.com daily actual fund-flow fallback; USD-million chart scale validated against canonical issuer-derived references. Issuer exact flow remains preferred when its own unit QA is clean.
2026-07-14,GRID,18.1748,18174800.0,ETFCOM_VALIDATED_ACTUAL,https://api-prod.etf.com/private/apps/fundflows/GRID/charts?startDate=20260701&endDate=20260831,45805700.0,,11899145958.408,,ETF.com daily actual fund-flow fallback; USD-million chart scale validated against canonical issuer-derived references. Issuer exact flow remains preferred when its own unit QA is clean.
2026-07-15,GRID,18.4148,18414800.0,ETFCOM_VALIDATED_ACTUAL,https://api-prod.etf.com/private/apps/fundflows/GRID/charts?startDate=20260701&endDate=20260831,64220500.0,,11899145958.408,,ETF.com daily actual fund-flow fallback; USD-million chart scale validated against canonical issuer-derived references. Issuer exact flow remains preferred when its own unit QA is clean.
2026-07-16,GRID,0.0,0.0,ETFCOM_VALIDATED_ACTUAL,https://api-prod.etf.com/private/apps/fundflows/GRID/charts?startDate=20260701&endDate=20260831,64220500.0,,11899145958.408,,ETF.com daily actual fund-flow fallback; USD-million chart scale validated against canonical issuer-derived references. Issuer exact flow remains preferred when its own unit QA is clean.
2026-07-17,GRID,0.0,0.0,ETFCOM_VALIDATED_ACTUAL,https://api-prod.etf.com/private/apps/fundflows/GRID/charts?startDate=20260701&endDate=20260831,64220500.0,,11899145958.408,,ETF.com daily actual fund-flow fallback; USD-million chart scale validated against canonical issuer-derived references. Issuer exact flow remains preferred when its own unit QA is clean.
2026-07-20,GRID,0.0,0.0,ETFCOM_VALIDATED_ACTUAL,https://api-prod.etf.com/private/apps/fundflows/GRID/charts?startDate=20260701&endDate=20260831,36589600.0,,11899145958.408,,ETF.com daily actual fund-flow fallback; USD-million chart scale validated against canonical issuer-derived references. Issuer exact flow remains preferred when its own unit QA is clean.
2026-07-21,GRID,0.0,0.0,ETFCOM_VALIDATED_ACTUAL,https://api-prod.etf.com/private/apps/fundflows/GRID/charts?startDate=20260701&endDate=20260831,18414800.0,,11899145958.408,,ETF.com daily actual fund-flow fallback; USD-million chart scale validated against canonical issuer-derived references. Issuer exact flow remains preferred when its own unit QA is clean.
2026-07-22,GRID,26.9159,26915900.0,ETFCOM_VALIDATED_ACTUAL,https://api-prod.etf.com/private/apps/fundflows/GRID/charts?startDate=20260701&endDate=20260831,26915900.0,,11899145958.408,,ETF.com daily actual fund-flow fallback; USD-million chart scale validated against canonical issuer-derived references. Issuer exact flow remains preferred when its own unit QA is clean.
2026-07-27,GRID,0.0,0.0,ETFCOM_VALIDATED_ACTUAL,https://api-prod.etf.com/private/apps/fundflows/GRID/charts?startDate=20260701&endDate=20260831,26915900.0,,11899145958.408,,ETF.com daily actual fund-flow fallback; USD-million chart scale validated against canonical issuer-derived references. Issuer exact flow remains preferred when its own unit QA is clean.
2026-07-28,GRID,0.0,0.0,ETFCOM_VALIDATED_ACTUAL,https://api-prod.etf.com/private/apps/fundflows/GRID/charts?startDate=20260701&endDate=20260831,26915900.0,,11899145958.408,,ETF.com daily actual fund-flow fallback; USD-million chart scale validated against canonical issuer-derived references. Issuer exact flow remains preferred when its own unit QA is clean.
2026-07-29,GRID,0.0,0.0,ETFCOM_VALIDATED_ACTUAL,https://api-prod.etf.com/private/apps/fundflows/GRID/charts?startDate=20260701&endDate=20260831,26915900.0,,11899145958.408,,ETF.com daily actual fund-flow fallback; USD-million chart scale validated against canonical issuer-derived references. Issuer exact flow remains preferred when its own unit QA is clean.
2026-07-30,GRID,33.4792,33479200.0,ETFCOM_VALIDATED_ACTUAL,https://api-prod.etf.com/private/apps/fundflows/GRID/charts?startDate=20260701&endDate=20260831,60395100.0,,11899145958.408,,ETF.com daily actual fund-flow fallback; USD-million chart scale validated against canonical issuer-derived references. Issuer exact flow remains preferred when its own unit QA is clean.
2026-07-31,GRID,35.3302,35330200.0,ETFCOM_VALIDATED_ACTUAL,https://api-prod.etf.com/private/apps/fundflows/GRID/charts?startDate=20260701&endDate=20260831,68809400.0,263316200.0,11899145958.408,2.2128999923220487,ETF.com daily actual fund-flow fallback; USD-million chart scale validated against canonical issuer-derived references. Issuer exact flow remains preferred when its own unit QA is clean.
2026-08-03,GRID,0.0,0.0,ETFCOM_VALIDATED_ACTUAL,https://api-prod.etf.com/private/apps/fundflows/GRID/charts?startDate=20260701&endDate=20260831,68809400.0,225099200.0,11899145958.408,1.8917256817153645,ETF.com daily actual fund-flow fallback; USD-million chart scale validated against canonical issuer-derived references. Issuer exact flow remains preferred when its own unit QA is clean.
2026-08-04,GRID,18.2238,18223800.0,ETFCOM_VALIDATED_ACTUAL,https://api-prod.etf.com/private/apps/fundflows/GRID/charts?startDate=20260701&endDate=20260831,87033200.0,205865400.0,11899145958.408,1.7300855096624341,ETF.com daily actual fund-flow fallback; USD-million chart scale validated against canonical issuer-derived references. Issuer exact flow remains preferred when its own unit QA is clean.
2026-08-05,GRID,0.0,0.0,ETFCOM_VALIDATED_ACTUAL,https://api-prod.etf.com/private/apps/fundflows/GRID/charts?startDate=20260701&endDate=20260831,87033200.0,178169600.0,11899145958.408,1.4973309901632428,ETF.com daily actual fund-flow fallback; USD-million chart scale validated against canonical issuer-derived references. Issuer exact flow remains preferred when its own unit QA is clean.
2026-08-06,GRID,9.3219,9321900.0,ETFCOM_VALIDATED_ACTUAL,https://api-prod.etf.com/private/apps/fundflows/GRID/charts?startDate=20260701&endDate=20260831,62875900.0,187491500.0,11899145958.408,1.5756719066675327,ETF.com daily actual fund-flow fallback; USD-million chart scale validated against canonical issuer-derived references. Issuer exact flow remains preferred when its own unit QA is clean.
2026-08-07,GRID,37.1354,37135400.0,ETFCOM_VALIDATED_ACTUAL,https://api-prod.etf.com/private/apps/fundflows/GRID/charts?startDate=20260701&endDate=20260831,64681100.0,224626900.0,11899145958.408,1.8877564892905394,ETF.com daily actual fund-flow fallback; USD-million chart scale validated against canonical issuer-derived references. Issuer exact flow remains preferred when its own unit QA is clean.
2026-08-10,GRID,0.0,0.0,ETFCOM_VALIDATED_ACTUAL,https://api-prod.etf.com/private/apps/fundflows/GRID/charts?startDate=20260701&endDate=20260831,64681100.0,224626900.0,11899145958.408,1.8877564892905394,ETF.com daily actual fund-flow fallback; USD-million chart scale validated against canonical issuer-derived references. Issuer exact flow remains preferred when its own unit QA is clean.
2026-08-11,GRID,-231.755,-231755000.0,ETFCOM_VALIDATED_ACTUAL,https://api-prod.etf.com/private/apps/fundflows/GRID/charts?startDate=20260701&endDate=20260831,-185297700.0,-7128100.0,11899145958.408,-0.059904299223787955,ETF.com daily actual fund-flow fallback; USD-million chart scale validated against canonical issuer-derived references. Issuer exact flow remains preferred when its own unit QA is clean.
2026-08-13,GRID,0.0,0.0,ETFCOM_VALIDATED_ACTUAL,https://api-prod.etf.com/private/apps/fundflows/GRID/charts?startDate=20260701&endDate=20260831,-185297700.0,-34759000.0,11899145958.408,-0.2921134014281008,ETF.com daily actual fund-flow fallback; USD-million chart scale validated against canonical issuer-derived references. Issuer exact flow remains preferred when its own unit QA is clean.
2026-08-14,GRID,0.0,0.0,ETFCOM_VALIDATED_ACTUAL,https://api-prod.etf.com/private/apps/fundflows/GRID/charts?startDate=20260701&endDate=20260831,-194619600.0,-52933800.0,11899145958.408,-0.4448537750946461,ETF.com daily actual fund-flow fallback; USD-million chart scale validated against canonical issuer-derived references. Issuer exact flow remains preferred when its own unit QA is clean.
2026-08-17,GRID,18.7603,18760300.0,ETFCOM_VALIDATED_ACTUAL,https://api-prod.etf.com/private/apps/fundflows/GRID/charts?startDate=20260701&endDate=20260831,-212994700.0,-52588300.0,11899145958.408,-0.4419502053661324,ETF.com daily actual fund-flow fallback; USD-million chart scale validated against canonical issuer-derived references. Issuer exact flow remains preferred when its own unit QA is clean.
2026-08-18,GRID,0.0,0.0,ETFCOM_VALIDATED_ACTUAL,https://api-prod.etf.com/private/apps/fundflows/GRID/charts?startDate=20260701&endDate=20260831,-212994700.0,-52588300.0,11899145958.408,-0.4419502053661324,ETF.com daily actual fund-flow fallback; USD-million chart scale validated against canonical issuer-derived references. Issuer exact flow remains preferred when its own unit QA is clean.
2026-08-19,GRID,211.437,211437000.0,ETFCOM_VALIDATED_ACTUAL,https://api-prod.etf.com/private/apps/fundflows/GRID/charts?startDate=20260701&endDate=20260831,230197300.0,158848700.0,11899145958.408,1.3349588328039346,ETF.com daily actual fund-flow fallback; USD-million chart scale validated against canonical issuer-derived references. Issuer exact flow remains preferred when its own unit QA is clean.
2026-08-20,GRID,9.1122,9112200.0,ETFCOM_VALIDATED_ACTUAL,https://api-prod.etf.com/private/apps/fundflows/GRID/charts?startDate=20260701&endDate=20260831,239309500.0,167960900.0,11899145958.408,1.4115374379563594,ETF.com daily actual fund-flow fallback; USD-million chart scale validated against canonical issuer-derived references. Issuer exact flow remains preferred when its own unit QA is clean.
2026-08-21,GRID,27.0537,27053700.0,ETFCOM_VALIDATED_ACTUAL,https://api-prod.etf.com/private/apps/fundflows/GRID/charts?startDate=20260701&endDate=20260831,266363200.0,195014600.0,11899145958.408,1.6388957718616908,ETF.com daily actual fund-flow fallback; USD-million chart scale validated against canonical issuer-derived references. Issuer exact flow remains preferred when its own unit QA is clean.
2026-08-24,GRID,36.124,36124000.0,ETFCOM_VALIDATED_ACTUAL,https://api-prod.etf.com/private/apps/fundflows/GRID/charts?startDate=20260701&endDate=20260831,283726900.0,204222700.0,11899145958.408,1.7162803172079348,ETF.com daily actual fund-flow fallback; USD-million chart scale validated against canonical issuer-derived references. Issuer exact flow remains preferred when its own unit QA is clean.
2026-08-25,GRID,35.5964,35596400.0,ETFCOM_VALIDATED_ACTUAL,https://api-prod.etf.com/private/apps/fundflows/GRID/charts?startDate=20260701&endDate=20260831,319323300.0,239819100.0,11899145958.408,2.0154311984932205,ETF.com daily actual fund-flow fallback; USD-million chart scale validated against canonical issuer-derived references. Issuer exact flow remains preferred when its own unit QA is clean.
2026-08-26,GRID,17.9037,17903700.0,ETFCOM_VALIDATED_ACTUAL,https://api-prod.etf.com/private/apps/fundflows/GRID/charts?startDate=20260701&endDate=20260831,125790000.0,257722800.0,11899145958.408,2.165893257388709,ETF.com daily actual fund-flow fallback; USD-million chart scale validated against canonical issuer-derived references. Issuer exact flow remains preferred when its own unit QA is clean.
2026-08-27,GRID,9.027,9027000.0,ETFCOM_VALIDATED_ACTUAL,https://api-prod.etf.com/private/apps/fundflows/GRID/charts?startDate=20260701&endDate=20260831,125704800.0,266749800.0,11899145958.408,2.241755844767272,ETF.com daily actual fund-flow fallback; USD-million chart scale validated against canonical issuer-derived references. Issuer exact flow remains preferred when its own unit QA is clean.
2026-08-28,GRID,18.1331,18133100.0,ETFCOM_VALIDATED_ACTUAL,https://api-prod.etf.com/private/apps/fundflows/GRID/charts?startDate=20260701&endDate=20260831,116784200.0,251403700.0,11899145958.408,2.1127877654308187,ETF.com daily actual fund-flow fallback; USD-million chart scale validated against canonical issuer-derived references. Issuer exact flow remains preferred when its own unit QA is clean.
2026-08-31,GRID,26.8806,26880600.0,ETFCOM_VALIDATED_ACTUAL,https://api-prod.etf.com/private/apps/fundflows/GRID/charts?startDate=20260701&endDate=20260831,107540800.0,242954100.0,11899145958.408,2.041777627144134,ETF.com daily actual fund-flow fallback; USD-million chart scale validated against canonical issuer-derived references. Issuer exact flow remains preferred when its own unit QA is clean.
2026-07-01,HYDR,-2.12099,-2120990.0,ETFCOM_VALIDATED_ACTUAL,https://api-prod.etf.com/private/apps/fundflows/HYDR/charts?startDate=20260701&endDate=20260831,,,104009878.203465,,ETF.com daily actual fund-flow fallback; USD-million chart scale validated against canonical issuer-derived references. Issuer exact flow remains preferred when its own unit QA is clean.
2026-07-02,HYDR,-3.72862,-3728620.0,ETFCOM_VALIDATED_ACTUAL,https://api-prod.etf.com/private/apps/fundflows/HYDR/charts?startDate=20260701&endDate=20260831,,,104009878.203465,,ETF.com daily actual fund-flow fallback; USD-million chart scale validated against canonical issuer-derived references. Issuer exact flow remains preferred when its own unit QA is clean.
2026-07-06,HYDR,0.00437,4370.0,ETFCOM_VALIDATED_ACTUAL,https://api-prod.etf.com/private/apps/fundflows/HYDR/charts?startDate=20260701&endDate=20260831,,,104009878.203465,,ETF.com daily actual fund-flow fallback; USD-million chart scale validated against canonical issuer-derived references. Issuer exact flow remains preferred when its own unit QA is clean.
2026-07-07,HYDR,0.006893,6893.0,ETFCOM_VALIDATED_ACTUAL,https://api-prod.etf.com/private/apps/fundflows/HYDR/charts?startDate=20260701&endDate=20260831,,,104009878.203465,,ETF.com daily actual fund-flow fallback; USD-million chart scale validated against canonical issuer-derived references. Issuer exact flow remains preferred when its own unit QA is clean.
2026-07-08,HYDR,-0.000361,-361.0,ETFCOM_VALIDATED_ACTUAL,https://api-prod.etf.com/private/apps/fundflows/HYDR/charts?startDate=20260701&endDate=20260831,-5838708.0,,104009878.203465,,ETF.com daily actual fund-flow fallback; USD-million chart scale validated against canonical issuer-derived references. Issuer exact flow remains preferred when its own unit QA is clean.
2026-07-09,HYDR,-0.008272,-8272.0,ETFCOM_VALIDATED_ACTUAL,https://api-prod.etf.com/private/apps/fundflows/HYDR/charts?startDate=20260701&endDate=20260831,-3725990.0,,104009878.203465,,ETF.com daily actual fund-flow fallback; USD-million chart scale validated against canonical issuer-derived references. Issuer exact flow remains preferred when its own unit QA is clean.
2026-07-10,HYDR,0.007344,7344.0,ETFCOM_VALIDATED_ACTUAL,https://api-prod.etf.com/private/apps/fundflows/HYDR/charts?startDate=20260701&endDate=20260831,9974.0,,104009878.203465,,ETF.com daily actual fund-flow fallback; USD-million chart scale validated against canonical issuer-derived references. Issuer exact flow remains preferred when its own unit QA is clean.
2026-07-13,HYDR,-0.000705,-705.0,ETFCOM_VALIDATED_ACTUAL,https://api-prod.etf.com/private/apps/fundflows/HYDR/charts?startDate=20260701&endDate=20260831,4899.0,,104009878.203465,,ETF.com daily actual fund-flow fallback; USD-million chart scale validated against canonical issuer-derived references. Issuer exact flow remains preferred when its own unit QA is clean.
2026-07-14,HYDR,-1.78512,-1785120.0,ETFCOM_VALIDATED_ACTUAL,https://api-prod.etf.com/private/apps/fundflows/HYDR/charts?startDate=20260701&endDate=20260831,-1787114.0,,104009878.203465,,ETF.com daily actual fund-flow fallback; USD-million chart scale validated against canonical issuer-derived references. Issuer exact flow remains preferred when its own unit QA is clean.
2026-07-15,HYDR,0.008158,8158.0,ETFCOM_VALIDATED_ACTUAL,https://api-prod.etf.com/private/apps/fundflows/HYDR/charts?startDate=20260701&endDate=20260831,-1778595.0,,104009878.203465,,ETF.com daily actual fund-flow fallback; USD-million chart scale validated against canonical issuer-derived references. Issuer exact flow remains preferred when its own unit QA is clean.
2026-07-16,HYDR,0.002863,2863.0,ETFCOM_VALIDATED_ACTUAL,https://api-prod.etf.com/private/apps/fundflows/HYDR/charts?startDate=20260701&endDate=20260831,-1767460.0,,104009878.203465,,ETF.com daily actual fund-flow fallback; USD-million chart scale validated against canonical issuer-derived references. Issuer exact flow remains preferred when its own unit QA is clean.
2026-07-17,HYDR,-0.008671,-8671.0,ETFCOM_VALIDATED_ACTUAL,https://api-prod.etf.com/private/apps/fundflows/HYDR/charts?startDate=20260701&endDate=20260831,-1783475.0,,104009878.203465,,ETF.com daily actual fund-flow fallback; USD-million chart scale validated against canonical issuer-derived references. Issuer exact flow remains preferred when its own unit QA is clean.
2026-07-20,HYDR,1.69622,1696220.0,ETFCOM_VALIDATED_ACTUAL,https://api-prod.etf.com/private/apps/fundflows/HYDR/charts?startDate=20260701&endDate=20260831,-86550.0,,104009878.203465,,ETF.com daily actual fund-flow fallback; USD-million chart scale validated against canonical issuer-derived references. Issuer exact flow remains preferred when its own unit QA is clean.
2026-07-21,HYDR,3.30938,3309380.0,ETFCOM_VALIDATED_ACTUAL,https://api-prod.etf.com/private/apps/fundflows/HYDR/charts?startDate=20260701&endDate=20260831,5007950.0,,104009878.203465,,ETF.com daily actual fund-flow fallback; USD-million chart scale validated against canonical issuer-derived references. Issuer exact flow remains preferred when its own unit QA is clean.
2026-07-22,HYDR,-0.007607,-7607.0,ETFCOM_VALIDATED_ACTUAL,https://api-prod.etf.com/private/apps/fundflows/HYDR/charts?startDate=20260701&endDate=20260831,4992185.0,,104009878.203465,,ETF.com daily actual fund-flow fallback; USD-million chart scale validated against canonical issuer-derived references. Issuer exact flow remains preferred when its own unit QA is clean.
2026-07-27,HYDR,0.014624,14624.0,ETFCOM_VALIDATED_ACTUAL,https://api-prod.etf.com/private/apps/fundflows/HYDR/charts?startDate=20260701&endDate=20260831,5003946.0,,104009878.203465,,ETF.com daily actual fund-flow fallback; USD-million chart scale validated against canonical issuer-derived references. Issuer exact flow remains preferred when its own unit QA is clean.
2026-07-28,HYDR,8.55852,8558520.0,ETFCOM_VALIDATED_ACTUAL,https://api-prod.etf.com/private/apps/fundflows/HYDR/charts?startDate=20260701&endDate=20260831,13571137.0,,104009878.203465,,ETF.com daily actual fund-flow fallback; USD-million chart scale validated against canonical issuer-derived references. Issuer exact flow remains preferred when its own unit QA is clean.
2026-07-29,HYDR,0.000473,473.0,ETFCOM_VALIDATED_ACTUAL,https://api-prod.etf.com/private/apps/fundflows/HYDR/charts?startDate=20260701&endDate=20260831,11875390.0,,104009878.203465,,ETF.com daily actual fund-flow fallback; USD-million chart scale validated against canonical issuer-derived references. Issuer exact flow remains preferred when its own unit QA is clean.
2026-07-30,HYDR,-0.0051,-5100.0,ETFCOM_VALIDATED_ACTUAL,https://api-prod.etf.com/private/apps/fundflows/HYDR/charts?startDate=20260701&endDate=20260831,8560910.0,,104009878.203465,,ETF.com daily actual fund-flow fallback; USD-million chart scale validated against canonical issuer-derived references. Issuer exact flow remains preferred when its own unit QA is clean.
2026-07-31,HYDR,-0.004795,-4795.0,ETFCOM_VALIDATED_ACTUAL,https://api-prod.etf.com/private/apps/fundflows/HYDR/charts?startDate=20260701&endDate=20260831,8563722.0,5938604.0,104009878.203465,5.709653835362496,ETF.com daily actual fund-flow fallback; USD-million chart scale validated against canonical issuer-derived references. Issuer exact flow remains preferred when its own unit QA is clean.
2026-08-03,HYDR,0.004816,4816.0,ETFCOM_VALIDATED_ACTUAL,https://api-prod.etf.com/private/apps/fundflows/HYDR/charts?startDate=20260701&endDate=20260831,8553914.0,8064410.0,104009878.203465,7.75350393567843,ETF.com daily actual fund-flow fallback; USD-million chart scale validated against canonical issuer-derived references. Issuer exact flow remains preferred when its own unit QA is clean.
2026-08-04,HYDR,-0.014993,-14993.0,ETFCOM_VALIDATED_ACTUAL,https://api-prod.etf.com/private/apps/fundflows/HYDR/charts?startDate=20260701&endDate=20260831,-19599.0,11778037.0,104009878.203465,11.323959996337756,ETF.com daily actual fund-flow fallback; USD-million chart scale validated against canonical issuer-derived references. Issuer exact flow remains preferred when its own unit QA is clean.
2026-08-05,HYDR,0.017357,17357.0,ETFCOM_VALIDATED_ACTUAL,https://api-prod.etf.com/private/apps/fundflows/HYDR/charts?startDate=20260701&endDate=20260831,-2715.0,11791024.0,104009878.203465,11.336446310353619,ETF.com daily actual fund-flow fallback; USD-million chart scale validated against canonical issuer-derived references. Issuer exact flow remains preferred when its own unit QA is clean.
2026-08-06,HYDR,-0.001696,-1696.0,ETFCOM_VALIDATED_ACTUAL,https://api-prod.etf.com/private/apps/fundflows/HYDR/charts?startDate=20260701&endDate=20260831,689.0,11782435.0,104009878.203465,11.328188440862416,ETF.com daily actual fund-flow fallback; USD-million chart scale validated against canonical issuer-derived references. Issuer exact flow remains preferred when its own unit QA is clean.
2026-08-07,HYDR,-0.009025,-9025.0,ETFCOM_VALIDATED_ACTUAL,https://api-prod.etf.com/private/apps/fundflows/HYDR/charts?startDate=20260701&endDate=20260831,-3541.0,11773771.0,104009878.203465,11.319858462835665,ETF.com daily actual fund-flow fallback; USD-million chart scale validated against canonical issuer-derived references. Issuer exact flow remains preferred when its own unit QA is clean.
2026-08-10,HYDR,0.014742,14742.0,ETFCOM_VALIDATED_ACTUAL,https://api-prod.etf.com/private/apps/fundflows/HYDR/charts?startDate=20260701&endDate=20260831,6385.0,11796785.0,104009878.203465,11.341985207331009,ETF.com daily actual fund-flow fallback; USD-million chart scale validated against canonical issuer-derived references. Issuer exact flow remains preferred when its own unit QA is clean.
2026-08-11,HYDR,-0.021394,-21394.0,ETFCOM_VALIDATED_ACTUAL,https://api-prod.etf.com/private/apps/fundflows/HYDR/charts?startDate=20260701&endDate=20260831,-16.0,11768047.0,104009878.203465,11.314355139402478,ETF.com daily actual fund-flow fallback; USD-million chart scale validated against canonical issuer-derived references. Issuer exact flow remains preferred when its own unit QA is clean.
2026-08-12,HYDR,0.013141,13141.0,ETFCOM_VALIDATED_ACTUAL,https://api-prod.etf.com/private/apps/fundflows/HYDR/charts?startDate=20260701&endDate=20260831,-4232.0,11781893.0,104009878.203465,11.327667336512175,ETF.com daily actual fund-flow fallback; USD-million chart scale validated against canonical issuer-derived references. Issuer exact flow remains preferred when its own unit QA is clean.
2026-08-13,HYDR,-0.005681,-5681.0,ETFCOM_VALIDATED_ACTUAL,https://api-prod.etf.com/private/apps/fundflows/HYDR/charts?startDate=20260701&endDate=20260831,-8217.0,13561332.0,104009878.203465,13.038503875056183,ETF.com daily actual fund-flow fallback; USD-million chart scale validated against canonical issuer-derived references. Issuer exact flow remains preferred when its own unit QA is clean.
2026-08-14,HYDR,3.65971,3659710.0,ETFCOM_VALIDATED_ACTUAL,https://api-prod.etf.com/private/apps/fundflows/HYDR/charts?startDate=20260701&endDate=20260831,3660518.0,17212884.0,104009878.203465,16.549278104458512,ETF.com daily actual fund-flow fallback; USD-million chart scale validated against canonical issuer-derived references. Issuer exact flow remains preferred when its own unit QA is clean.
2026-08-17,HYDR,1.37629,1376290.0,ETFCOM_VALIDATED_ACTUAL,https://api-prod.etf.com/private/apps/fundflows/HYDR/charts?startDate=20260701&endDate=20260831,5022066.0,18586311.0,104009878.203465,17.869755566525424,ETF.com daily actual fund-flow fallback; USD-million chart scale validated against canonical issuer-derived references. Issuer exact flow remains preferred when its own unit QA is clean.
2026-08-18,HYDR,-0.001736,-1736.0,ETFCOM_VALIDATED_ACTUAL,https://api-prod.etf.com/private/apps/fundflows/HYDR/charts?startDate=20260701&endDate=20260831,5041724.0,18593246.0,104009878.203465,17.87642320244596,ETF.com daily actual fund-flow fallback; USD-million chart scale validated against canonical issuer-derived references. Issuer exact flow remains preferred when its own unit QA is clean.
2026-08-19,HYDR,-0.00696,-6960.0,ETFCOM_VALIDATED_ACTUAL,https://api-prod.etf.com/private/apps/fundflows/HYDR/charts?startDate=20260701&endDate=20260831,5021623.0,16890066.0,104009878.203465,16.23890566140219,ETF.com daily actual fund-flow fallback; USD-million chart scale validated against canonical issuer-derived references. Issuer exact flow remains preferred when its own unit QA is clean.
2026-08-20,HYDR,-0.004672,-4672.0,ETFCOM_VALIDATED_ACTUAL,https://api-prod.etf.com/private/apps/fundflows/HYDR/charts?startDate=20260701&endDate=20260831,5022632.0,13576014.0,104009878.203465,13.052619841975478,ETF.com daily actual fund-flow fallback; USD-million chart scale validated against canonical issuer-derived references. Issuer exact flow remains preferred when its own unit QA is clean.
2026-08-21,HYDR,0.005631,5631.0,ETFCOM_VALIDATED_ACTUAL,https://api-prod.etf.com/private/apps/fundflows/HYDR/charts?startDate=20260701&endDate=20260831,1368553.0,13589252.0,104009878.203465,13.065347479223647,ETF.com daily actual fund-flow fallback; USD-million chart scale validated against canonical issuer-derived references. Issuer exact flow remains preferred when its own unit QA is clean.
2026-08-24,HYDR,-0.010583,-10583.0,ETFCOM_VALIDATED_ACTUAL,https://api-prod.etf.com/private/apps/fundflows/HYDR/charts?startDate=20260701&endDate=20260831,-18320.0,13564045.0,104009878.203465,13.041112281148816,ETF.com daily actual fund-flow fallback; USD-million chart scale validated against canonical issuer-derived references. Issuer exact flow remains preferred when its own unit QA is clean.
2026-08-25,HYDR,0.013491,13491.0,ETFCOM_VALIDATED_ACTUAL,https://api-prod.etf.com/private/apps/fundflows/HYDR/charts?startDate=20260701&endDate=20260831,-3093.0,5019016.0,104009878.203465,4.825518582169434,ETF.com daily actual fund-flow fallback; USD-million chart scale validated against canonical issuer-derived references. Issuer exact flow remains preferred when its own unit QA is clean.
2026-08-26,HYDR,-0.002583,-2583.0,ETFCOM_VALIDATED_ACTUAL,https://api-prod.etf.com/private/apps/fundflows/HYDR/charts?startDate=20260701&endDate=20260831,1284.0,5015960.0,104009878.203465,4.822580399707552,ETF.com daily actual fund-flow fallback; USD-million chart scale validated against canonical issuer-derived references. Issuer exact flow remains preferred when its own unit QA is clean.
2026-08-27,HYDR,0.010344,10344.0,ETFCOM_VALIDATED_ACTUAL,https://api-prod.etf.com/private/apps/fundflows/HYDR/charts?startDate=20260701&endDate=20260831,16300.0,5031404.0,104009878.203465,4.837428989348036,ETF.com daily actual fund-flow fallback; USD-million chart scale validated against canonical issuer-derived references. Issuer exact flow remains preferred when its own unit QA is clean.
2026-08-28,HYDR,-0.012748,-12748.0,ETFCOM_VALIDATED_ACTUAL,https://api-prod.etf.com/private/apps/fundflows/HYDR/charts?startDate=20260701&endDate=20260831,-2079.0,5023451.0,104009878.203465,4.8297826002383,ETF.com daily actual fund-flow fallback; USD-million chart scale validated against canonical issuer-derived references. Issuer exact flow remains preferred when its own unit QA is clean.
2026-08-31,HYDR,0.004134,4134.0,ETFCOM_VALIDATED_ACTUAL,https://api-prod.etf.com/private/apps/fundflows/HYDR/charts?startDate=20260701&endDate=20260831,12638.0,5022769.0,104009878.203465,4.829126893288364,ETF.com daily actual fund-flow fallback; USD-million chart scale validated against canonical issuer-derived references. Issuer exact flow remains preferred when its own unit QA is clean.
2026-07-01,IAI,-8.77106,-8771060.0,ETFCOM_VALIDATED_ACTUAL,https://api-prod.etf.com/private/apps/fundflows/IAI/charts?startDate=20260701&endDate=20260831,,,1415295562.25,,ETF.com daily actual fund-flow fallback; USD-million chart scale validated against canonical issuer-derived references. Issuer exact flow remains preferred when its own unit QA is clean.
2026-07-02,IAI,0.0,0.0,ETFCOM_VALIDATED_ACTUAL,https://api-prod.etf.com/private/apps/fundflows/IAI/charts?startDate=20260701&endDate=20260831,,,1415295562.25,,ETF.com daily actual fund-flow fallback; USD-million chart scale validated against canonical issuer-derived references. Issuer exact flow remains preferred when its own unit QA is clean.
2026-07-06,IAI,0.0,0.0,ETFCOM_VALIDATED_ACTUAL,https://api-prod.etf.com/private/apps/fundflows/IAI/charts?startDate=20260701&endDate=20260831,,,1415295562.25,,ETF.com daily actual fund-flow fallback; USD-million chart scale validated against canonical issuer-derived references. Issuer exact flow remains preferred when its own unit QA is clean.
2026-07-07,IAI,0.0,0.0,ETFCOM_VALIDATED_ACTUAL,https://api-prod.etf.com/private/apps/fundflows/IAI/charts?startDate=20260701&endDate=20260831,,,1415295562.25,,ETF.com daily actual fund-flow fallback; USD-million chart scale validated against canonical issuer-derived references. Issuer exact flow remains preferred when its own unit QA is clean.
2026-07-08,IAI,0.0,0.0,ETFCOM_VALIDATED_ACTUAL,https://api-prod.etf.com/private/apps/fundflows/IAI/charts?startDate=20260701&endDate=20260831,-8771060.0,,1415295562.25,,ETF.com daily actual fund-flow fallback; USD-million chart scale validated against canonical issuer-derived references. Issuer exact flow remains preferred when its own unit QA is clean.
2026-07-09,IAI,0.0,0.0,ETFCOM_VALIDATED_ACTUAL,https://api-prod.etf.com/private/apps/fundflows/IAI/charts?startDate=20260701&endDate=20260831,0.0,,1415295562.25,,ETF.com daily actual fund-flow fallback; USD-million chart scale validated against canonical issuer-derived references. Issuer exact flow remains preferred when its own unit QA is clean.
2026-07-10,IAI,-9.43718,-9437180.0,ETFCOM_VALIDATED_ACTUAL,https://api-prod.etf.com/private/apps/fundflows/IAI/charts?startDate=20260701&endDate=20260831,-9437180.0,,1415295562.25,,ETF.com daily actual fund-flow fallback; USD-million chart scale validated against canonical issuer-derived references. Issuer exact flow remains preferred when its own unit QA is clean.
2026-07-13,IAI,0.0,0.0,ETFCOM_VALIDATED_ACTUAL,https://api-prod.etf.com/private/apps/fundflows/IAI/charts?startDate=20260701&endDate=20260831,-9437180.0,,1415295562.25,,ETF.com daily actual fund-flow fallback; USD-million chart scale validated against canonical issuer-derived references. Issuer exact flow remains preferred when its own unit QA is clean.
2026-07-14,IAI,0.0,0.0,ETFCOM_VALIDATED_ACTUAL,https://api-prod.etf.com/private/apps/fundflows/IAI/charts?startDate=20260701&endDate=20260831,-9437180.0,,1415295562.25,,ETF.com daily actual fund-flow fallback; USD-million chart scale validated against canonical issuer-derived references. Issuer exact flow remains preferred when its own unit QA is clean.
2026-07-15,IAI,-48.3261,-48326100.0,ETFCOM_VALIDATED_ACTUAL,https://api-prod.etf.com/private/apps/fundflows/IAI/charts?startDate=20260701&endDate=20260831,-57763280.0,,1415295562.25,,ETF.com daily actual fund-flow fallback; USD-million chart scale validated against canonical issuer-derived references. Issuer exact flow remains preferred when its own unit QA is clean.
2026-07-16,IAI,0.0,0.0,ETFCOM_VALIDATED_ACTUAL,https://api-prod.etf.com/private/apps/fundflows/IAI/charts?startDate=20260701&endDate=20260831,-57763280.0,,1415295562.25,,ETF.com daily actual fund-flow fallback; USD-million chart scale validated against canonical issuer-derived references. Issuer exact flow remains preferred when its own unit QA is clean.
2026-07-17,IAI,0.0,0.0,ETFCOM_VALIDATED_ACTUAL,https://api-prod.etf.com/private/apps/fundflows/IAI/charts?startDate=20260701&endDate=20260831,-48326100.0,,1415295562.25,,ETF.com daily actual fund-flow fallback; USD-million chart scale validated against canonical issuer-derived references. Issuer exact flow remains preferred when its own unit QA is clean.
2026-07-20,IAI,0.0,0.0,ETFCOM_VALIDATED_ACTUAL,https://api-prod.etf.com/private/apps/fundflows/IAI/charts?startDate=20260701&endDate=20260831,-48326100.0,,1415295562.25,,ETF.com daily actual fund-flow fallback; USD-million chart scale validated against canonical issuer-derived references. Issuer exact flow remains preferred when its own unit QA is clean.
2026-07-21,IAI,9.38299,9382990.0,ETFCOM_VALIDATED_ACTUAL,https://api-prod.etf.com/private/apps/fundflows/IAI/charts?startDate=20260701&endDate=20260831,-38943110.0,,1415295562.25,,ETF.com daily actual fund-flow fallback; USD-million chart scale validated against canonical issuer-derived references. Issuer exact flow remains preferred when its own unit QA is clean.
2026-07-22,IAI,0.0,0.0,ETFCOM_VALIDATED_ACTUAL,https://api-prod.etf.com/private/apps/fundflows/IAI/charts?startDate=20260701&endDate=20260831,9382990.0,,1415295562.25,,ETF.com daily actual fund-flow fallback; USD-million chart scale validated against canonical issuer-derived references. Issuer exact flow remains preferred when its own unit QA is clean.
2026-07-27,IAI,0.0,0.0,ETFCOM_VALIDATED_ACTUAL,https://api-prod.etf.com/private/apps/fundflows/IAI/charts?startDate=20260701&endDate=20260831,9382990.0,,1415295562.25,,ETF.com daily actual fund-flow fallback; USD-million chart scale validated against canonical issuer-derived references. Issuer exact flow remains preferred when its own unit QA is clean.
2026-07-28,IAI,0.0,0.0,ETFCOM_VALIDATED_ACTUAL,https://api-prod.etf.com/private/apps/fundflows/IAI/charts?startDate=20260701&endDate=20260831,9382990.0,,1415295562.25,,ETF.com daily actual fund-flow fallback; USD-million chart scale validated against canonical issuer-derived references. Issuer exact flow remains preferred when its own unit QA is clean.
2026-07-29,IAI,0.0,0.0,ETFCOM_VALIDATED_ACTUAL,https://api-prod.etf.com/private/apps/fundflows/IAI/charts?startDate=20260701&endDate=20260831,9382990.0,,1415295562.25,,ETF.com daily actual fund-flow fallback; USD-million chart scale validated against canonical issuer-derived references. Issuer exact flow remains preferred when its own unit QA is clean.
2026-07-30,IAI,0.0,0.0,ETFCOM_VALIDATED_ACTUAL,https://api-prod.etf.com/private/apps/fundflows/IAI/charts?startDate=20260701&endDate=20260831,0.0,,1415295562.25,,ETF.com daily actual fund-flow fallback; USD-million chart scale validated against canonical issuer-derived references. Issuer exact flow remains preferred when its own unit QA is clean.
2026-07-31,IAI,0.0,0.0,ETFCOM_VALIDATED_ACTUAL,https://api-prod.etf.com/private/apps/fundflows/IAI/charts?startDate=20260701&endDate=20260831,0.0,-57151350.0,1415295562.25,-4.03812118997549,ETF.com daily actual fund-flow fallback; USD-million chart scale validated against canonical issuer-derived references. Issuer exact flow remains preferred when its own unit QA is clean.
2026-08-03,IAI,0.0,0.0,ETFCOM_VALIDATED_ACTUAL,https://api-prod.etf.com/private/apps/fundflows/IAI/charts?startDate=20260701&endDate=20260831,0.0,-48380290.0,1415295562.25,-3.4183877410797696,ETF.com daily actual fund-flow fallback; USD-million chart scale validated against canonical issuer-derived references. Issuer exact flow remains preferred when its own unit QA is clean.
2026-08-04,IAI,0.0,0.0,ETFCOM_VALIDATED_ACTUAL,https://api-prod.etf.com/private/apps/fundflows/IAI/charts?startDate=20260701&endDate=20260831,0.0,-48380290.0,1415295562.25,-3.4183877410797696,ETF.com daily actual fund-flow fallback; USD-million chart scale validated against canonical issuer-derived references. Issuer exact flow remains preferred when its own unit QA is clean.
2026-08-05,IAI,0.0,0.0,ETFCOM_VALIDATED_ACTUAL,https://api-prod.etf.com/private/apps/fundflows/IAI/charts?startDate=20260701&endDate=20260831,0.0,-48380290.0,1415295562.25,-3.4183877410797696,ETF.com daily actual fund-flow fallback; USD-million chart scale validated against canonical issuer-derived references. Issuer exact flow remains preferred when its own unit QA is clean.
2026-08-06,IAI,0.0,0.0,ETFCOM_VALIDATED_ACTUAL,https://api-prod.etf.com/private/apps/fundflows/IAI/charts?startDate=20260701&endDate=20260831,0.0,-48380290.0,1415295562.25,-3.4183877410797696,ETF.com daily actual fund-flow fallback; USD-million chart scale validated against canonical issuer-derived references. Issuer exact flow remains preferred when its own unit QA is clean.
2026-08-07,IAI,0.0,0.0,ETFCOM_VALIDATED_ACTUAL,https://api-prod.etf.com/private/apps/fundflows/IAI/charts?startDate=20260701&endDate=20260831,0.0,-48380290.0,1415295562.25,-3.4183877410797696,ETF.com daily actual fund-flow fallback; USD-million chart scale validated against canonical issuer-derived references. Issuer exact flow remains preferred when its own unit QA is clean.
2026-08-10,IAI,0.0,0.0,ETFCOM_VALIDATED_ACTUAL,https://api-prod.etf.com/private/apps/fundflows/IAI/charts?startDate=20260701&endDate=20260831,0.0,-48380290.0,1415295562.25,-3.4183877410797696,ETF.com daily actual fund-flow fallback; USD-million chart scale validated against canonical issuer-derived references. Issuer exact flow remains preferred when its own unit QA is clean.
2026-08-11,IAI,0.0,0.0,ETFCOM_VALIDATED_ACTUAL,https://api-prod.etf.com/private/apps/fundflows/IAI/charts?startDate=20260701&endDate=20260831,0.0,-38943110.0,1415295562.25,-2.751588504813034,ETF.com daily actual fund-flow fallback; USD-million chart scale validated against canonical issuer-derived references. Issuer exact flow remains preferred when its own unit QA is clean.
2026-08-12,IAI,0.0,0.0,ETFCOM_VALIDATED_ACTUAL,https://api-prod.etf.com/private/apps/fundflows/IAI/charts?startDate=20260701&endDate=20260831,0.0,-38943110.0,1415295562.25,-2.751588504813034,ETF.com daily actual fund-flow fallback; USD-million chart scale validated against canonical issuer-derived references. Issuer exact flow remains preferred when its own unit QA is clean.
2026-08-13,IAI,0.0,0.0,ETFCOM_VALIDATED_ACTUAL,https://api-prod.etf.com/private/apps/fundflows/IAI/charts?startDate=20260701&endDate=20260831,0.0,-38943110.0,1415295562.25,-2.751588504813034,ETF.com daily actual fund-flow fallback; USD-million chart scale validated against canonical issuer-derived references. Issuer exact flow remains preferred when its own unit QA is clean.
2026-08-14,IAI,0.0,0.0,ETFCOM_VALIDATED_ACTUAL,https://api-prod.etf.com/private/apps/fundflows/IAI/charts?startDate=20260701&endDate=20260831,0.0,9382990.0,1415295562.25,0.6629703540568704,ETF.com daily actual fund-flow fallback; USD-million chart scale validated against canonical issuer-derived references. Issuer exact flow remains preferred when its own unit QA is clean.
2026-08-17,IAI,-9.561,-9561000.0,ETFCOM_VALIDATED_ACTUAL,https://api-prod.etf.com/private/apps/fundflows/IAI/charts?startDate=20260701&endDate=20260831,-9561000.0,-178010.0,1415295562.25,-0.012577584834435879,ETF.com daily actual fund-flow fallback; USD-million chart scale validated against canonical issuer-derived references. Issuer exact flow remains preferred when its own unit QA is clean.
2026-08-18,IAI,9.55019,9550190.0,ETFCOM_VALIDATED_ACTUAL,https://api-prod.etf.com/private/apps/fundflows/IAI/charts?startDate=20260701&endDate=20260831,-10810.0,9372180.0,1415295562.25,0.662206556000243,ETF.com daily actual fund-flow fallback; USD-million chart scale validated against canonical issuer-derived references. Issuer exact flow remains preferred when its own unit QA is clean.
2026-08-19,IAI,0.0,0.0,ETFCOM_VALIDATED_ACTUAL,https://api-prod.etf.com/private/apps/fundflows/IAI/charts?startDate=20260701&endDate=20260831,-10810.0,9372180.0,1415295562.25,0.662206556000243,ETF.com daily actual fund-flow fallback; USD-million chart scale validated against canonical issuer-derived references. Issuer exact flow remains preferred when its own unit QA is clean.
2026-08-20,IAI,0.0,0.0,ETFCOM_VALIDATED_ACTUAL,https://api-prod.etf.com/private/apps/fundflows/IAI/charts?startDate=20260701&endDate=20260831,-10810.0,-10810.0,1415295562.25,-0.0007637980566274471,ETF.com daily actual fund-flow fallback; USD-million chart scale validated against canonical issuer-derived references. Issuer exact flow remains preferred when its own unit QA is clean.
2026-08-21,IAI,0.0,0.0,ETFCOM_VALIDATED_ACTUAL,https://api-prod.etf.com/private/apps/fundflows/IAI/charts?startDate=20260701&endDate=20260831,-10810.0,-10810.0,1415295562.25,-0.0007637980566274471,ETF.com daily actual fund-flow fallback; USD-million chart scale validated against canonical issuer-derived references. Issuer exact flow remains preferred when its own unit QA is clean.
2026-08-24,IAI,0.0,0.0,ETFCOM_VALIDATED_ACTUAL,https://api-prod.etf.com/private/apps/fundflows/IAI/charts?startDate=20260701&endDate=20260831,9550190.0,-10810.0,1415295562.25,-0.0007637980566274471,ETF.com daily actual fund-flow fallback; USD-million chart scale validated against canonical issuer-derived references. Issuer exact flow remains preferred when its own unit QA is clean.
2026-08-25,IAI,0.0,0.0,ETFCOM_VALIDATED_ACTUAL,https://api-prod.etf.com/private/apps/fundflows/IAI/charts?startDate=20260701&endDate=20260831,0.0,-10810.0,1415295562.25,-0.0007637980566274471,ETF.com daily actual fund-flow fallback; USD-million chart scale validated against canonical issuer-derived references. Issuer exact flow remains preferred when its own unit QA is clean.
2026-08-26,IAI,0.0,0.0,ETFCOM_VALIDATED_ACTUAL,https://api-prod.etf.com/private/apps/fundflows/IAI/charts?startDate=20260701&endDate=20260831,0.0,-10810.0,1415295562.25,-0.0007637980566274471,ETF.com daily actual fund-flow fallback; USD-million chart scale validated against canonical issuer-derived references. Issuer exact flow remains preferred when its own unit QA is clean.
2026-08-27,IAI,0.0,0.0,ETFCOM_VALIDATED_ACTUAL,https://api-prod.etf.com/private/apps/fundflows/IAI/charts?startDate=20260701&endDate=20260831,0.0,-10810.0,1415295562.25,-0.0007637980566274471,ETF.com daily actual fund-flow fallback; USD-million chart scale validated against canonical issuer-derived references. Issuer exact flow remains preferred when its own unit QA is clean.
2026-08-28,IAI,0.0,0.0,ETFCOM_VALIDATED_ACTUAL,https://api-prod.etf.com/private/apps/fundflows/IAI/charts?startDate=20260701&endDate=20260831,0.0,-10810.0,1415295562.25,-0.0007637980566274471,ETF.com daily actual fund-flow fallback; USD-million chart scale validated against canonical issuer-derived references. Issuer exact flow remains preferred when its own unit QA is clean.
2026-08-31,IAI,0.0,0.0,ETFCOM_VALIDATED_ACTUAL,https://api-prod.etf.com/private/apps/fundflows/IAI/charts?startDate=20260701&endDate=20260831,0.0,-10810.0,1415295562.25,-0.0007637980566274471,ETF.com daily actual fund-flow fallback; USD-million chart scale validated against canonical issuer-derived references. Issuer exact flow remains preferred when its own unit QA is clean.
2026-07-01,IBUY,0.0,0.0,ETFCOM_VALIDATED_ACTUAL,https://api-prod.etf.com/private/apps/fundflows/IBUY/charts?startDate=20260701&endDate=20260831,,,128905000.0,,ETF.com daily actual fund-flow fallback; USD-million chart scale validated against canonical issuer-derived references. Issuer exact flow remains preferred when its own unit QA is clean.
2026-07-02,IBUY,0.0,0.0,ETFCOM_VALIDATED_ACTUAL,https://api-prod.etf.com/private/apps/fundflows/IBUY/charts?startDate=20260701&endDate=20260831,,,128905000.0,,ETF.com daily actual fund-flow fallback; USD-million chart scale validated against canonical issuer-derived references. Issuer exact flow remains preferred when its own unit QA is clean.
2026-07-06,IBUY,0.0,0.0,ETFCOM_VALIDATED_ACTUAL,https://api-prod.etf.com/private/apps/fundflows/IBUY/charts?startDate=20260701&endDate=20260831,,,128905000.0,,ETF.com daily actual fund-flow fallback; USD-million chart scale validated against canonical issuer-derived references. Issuer exact flow remains preferred when its own unit QA is clean.
2026-07-07,IBUY,0.0,0.0,ETFCOM_VALIDATED_ACTUAL,https://api-prod.etf.com/private/apps/fundflows/IBUY/charts?startDate=20260701&endDate=20260831,,,128905000.0,,ETF.com daily actual fund-flow fallback; USD-million chart scale validated against canonical issuer-derived references. Issuer exact flow remains preferred when its own unit QA is clean.
2026-07-08,IBUY,0.0,0.0,ETFCOM_VALIDATED_ACTUAL,https://api-prod.etf.com/private/apps/fundflows/IBUY/charts?startDate=20260701&endDate=20260831,0.0,,128905000.0,,ETF.com daily actual fund-flow fallback; USD-million chart scale validated against canonical issuer-derived references. Issuer exact flow remains preferred when its own unit QA is clean.
2026-07-09,IBUY,0.0,0.0,ETFCOM_VALIDATED_ACTUAL,https://api-prod.etf.com/private/apps/fundflows/IBUY/charts?startDate=20260701&endDate=20260831,0.0,,128905000.0,,ETF.com daily actual fund-flow fallback; USD-million chart scale validated against canonical issuer-derived references. Issuer exact flow remains preferred when its own unit QA is clean.
2026-07-10,IBUY,0.0,0.0,ETFCOM_VALIDATED_ACTUAL,https://api-prod.etf.com/private/apps/fundflows/IBUY/charts?startDate=20260701&endDate=20260831,0.0,,128905000.0,,ETF.com daily actual fund-flow fallback; USD-million chart scale validated against canonical issuer-derived references. Issuer exact flow remains preferred when its own unit QA is clean.
2026-07-13,IBUY,0.0,0.0,ETFCOM_VALIDATED_ACTUAL,https://api-prod.etf.com/private/apps/fundflows/IBUY/charts?startDate=20260701&endDate=20260831,0.0,,128905000.0,,ETF.com daily actual fund-flow fallback; USD-million chart scale validated against canonical issuer-derived references. Issuer exact flow remains preferred when its own unit QA is clean.
2026-07-14,IBUY,0.0,0.0,ETFCOM_VALIDATED_ACTUAL,https://api-prod.etf.com/private/apps/fundflows/IBUY/charts?startDate=20260701&endDate=20260831,0.0,,128905000.0,,ETF.com daily actual fund-flow fallback; USD-million chart scale validated against canonical issuer-derived references. Issuer exact flow remains preferred when its own unit QA is clean.
2026-07-15,IBUY,0.0,0.0,ETFCOM_VALIDATED_ACTUAL,https://api-prod.etf.com/private/apps/fundflows/IBUY/charts?startDate=20260701&endDate=20260831,0.0,,128905000.0,,ETF.com daily actual fund-flow fallback; USD-million chart scale validated against canonical issuer-derived references. Issuer exact flow remains preferred when its own unit QA is clean.
2026-07-16,IBUY,0.0,0.0,ETFCOM_VALIDATED_ACTUAL,https://api-prod.etf.com/private/apps/fundflows/IBUY/charts?startDate=20260701&endDate=20260831,0.0,,128905000.0,,ETF.com daily actual fund-flow fallback; USD-million chart scale validated against canonical issuer-derived references. Issuer exact flow remains preferred when its own unit QA is clean.
2026-07-17,IBUY,0.0,0.0,ETFCOM_VALIDATED_ACTUAL,https://api-prod.etf.com/private/apps/fundflows/IBUY/charts?startDate=20260701&endDate=20260831,0.0,,128905000.0,,ETF.com daily actual fund-flow fallback; USD-million chart scale validated against canonical issuer-derived references. Issuer exact flow remains preferred when its own unit QA is clean.
2026-07-20,IBUY,0.0,0.0,ETFCOM_VALIDATED_ACTUAL,https://api-prod.etf.com/private/apps/fundflows/IBUY/charts?startDate=20260701&endDate=20260831,0.0,,128905000.0,,ETF.com daily actual fund-flow fallback; USD-million chart scale validated against canonical issuer-derived references. Issuer exact flow remains preferred when its own unit QA is clean.
2026-07-21,IBUY,0.0,0.0,ETFCOM_VALIDATED_ACTUAL,https://api-prod.etf.com/private/apps/fundflows/IBUY/charts?startDate=20260701&endDate=20260831,0.0,,128905000.0,,ETF.com daily actual fund-flow fallback; USD-million chart scale validated against canonical issuer-derived references. Issuer exact flow remains preferred when its own unit QA is clean.
2026-07-22,IBUY,0.0,0.0,ETFCOM_VALIDATED_ACTUAL,https://api-prod.etf.com/private/apps/fundflows/IBUY/charts?startDate=20260701&endDate=20260831,0.0,,128905000.0,,ETF.com daily actual fund-flow fallback; USD-million chart scale validated against canonical issuer-derived references. Issuer exact flow remains preferred when its own unit QA is clean.
2026-07-27,IBUY,-3.4215,-3421500.0,ETFCOM_VALIDATED_ACTUAL,https://api-prod.etf.com/private/apps/fundflows/IBUY/charts?startDate=20260701&endDate=20260831,-3421500.0,,128905000.0,,ETF.com daily actual fund-flow fallback; USD-million chart scale validated against canonical issuer-derived references. Issuer exact flow remains preferred when its own unit QA is clean.
2026-07-28,IBUY,0.0,0.0,ETFCOM_VALIDATED_ACTUAL,https://api-prod.etf.com/private/apps/fundflows/IBUY/charts?startDate=20260701&endDate=20260831,-3421500.0,,128905000.0,,ETF.com daily actual fund-flow fallback; USD-million chart scale validated against canonical issuer-derived references. Issuer exact flow remains preferred when its own unit QA is clean.
2026-07-29,IBUY,0.0,0.0,ETFCOM_VALIDATED_ACTUAL,https://api-prod.etf.com/private/apps/fundflows/IBUY/charts?startDate=20260701&endDate=20260831,-3421500.0,,128905000.0,,ETF.com daily actual fund-flow fallback; USD-million chart scale validated against canonical issuer-derived references. Issuer exact flow remains preferred when its own unit QA is clean.
2026-07-30,IBUY,0.0,0.0,ETFCOM_VALIDATED_ACTUAL,https://api-prod.etf.com/private/apps/fundflows/IBUY/charts?startDate=20260701&endDate=20260831,-3421500.0,,128905000.0,,ETF.com daily actual fund-flow fallback; USD-million chart scale validated against canonical issuer-derived references. Issuer exact flow remains preferred when its own unit QA is clean.
2026-07-31,IBUY,0.0,0.0,ETFCOM_VALIDATED_ACTUAL,https://api-prod.etf.com/private/apps/fundflows/IBUY/charts?startDate=20260701&endDate=20260831,-3421500.0,-3421500.0,128905000.0,-2.654280283930026,ETF.com daily actual fund-flow fallback; USD-million chart scale validated against canonical issuer-derived references. Issuer exact flow remains preferred when its own unit QA is clean.
2026-08-03,IBUY,0.0,0.0,ETFCOM_VALIDATED_ACTUAL,https://api-prod.etf.com/private/apps/fundflows/IBUY/charts?startDate=20260701&endDate=20260831,0.0,-3421500.0,128905000.0,-2.654280283930026,ETF.com daily actual fund-flow fallback; USD-million chart scale validated against canonical issuer-derived references. Issuer exact flow remains preferred when its own unit QA is clean.
2026-08-04,IBUY,0.0,0.0,ETFCOM_VALIDATED_ACTUAL,https://api-prod.etf.com/private/apps/fundflows/IBUY/charts?startDate=20260701&endDate=20260831,0.0,-3421500.0,128905000.0,-2.654280283930026,ETF.com daily actual fund-flow fallback; USD-million chart scale validated against canonical issuer-derived references. Issuer exact flow remains preferred when its own unit QA is clean.
2026-08-05,IBUY,7.425,7425000.0,ETFCOM_VALIDATED_ACTUAL,https://api-prod.etf.com/private/apps/fundflows/IBUY/charts?startDate=20260701&endDate=20260831,7425000.0,4003500.0,128905000.0,3.1057755711570536,ETF.com daily actual fund-flow fallback; USD-million chart scale validated against canonical issuer-derived references. Issuer exact flow remains preferred when its own unit QA is clean.
2026-08-06,IBUY,7.372,7372000.0,ETFCOM_VALIDATED_ACTUAL,https://api-prod.etf.com/private/apps/fundflows/IBUY/charts?startDate=20260701&endDate=20260831,14797000.0,11375500.0,128905000.0,8.824715876032737,ETF.com daily actual fund-flow fallback; USD-million chart scale validated against canonical issuer-derived references. Issuer exact flow remains preferred when its own unit QA is clean.
2026-08-07,IBUY,0.0,0.0,ETFCOM_VALIDATED_ACTUAL,https://api-prod.etf.com/private/apps/fundflows/IBUY/charts?startDate=20260701&endDate=20260831,14797000.0,11375500.0,128905000.0,8.824715876032737,ETF.com daily actual fund-flow fallback; USD-million chart scale validated against canonical issuer-derived references. Issuer exact flow remains preferred when its own unit QA is clean.
2026-08-10,IBUY,3.7245,3724500.0,ETFCOM_VALIDATED_ACTUAL,https://api-prod.etf.com/private/apps/fundflows/IBUY/charts?startDate=20260701&endDate=20260831,18521500.0,15100000.0,128905000.0,11.714052984756217,ETF.com daily actual fund-flow fallback; USD-million chart scale validated against canonical issuer-derived references. Issuer exact flow remains preferred when its own unit QA is clean.
2026-08-11,IBUY,0.0,0.0,ETFCOM_VALIDATED_ACTUAL,https://api-prod.etf.com/private/apps/fundflows/IBUY/charts?startDate=20260701&endDate=20260831,18521500.0,15100000.0,128905000.0,11.714052984756217,ETF.com daily actual fund-flow fallback; USD-million chart scale validated against canonical issuer-derived references. Issuer exact flow remains preferred when its own unit QA is clean.
2026-08-12,IBUY,0.0,0.0,ETFCOM_VALIDATED_ACTUAL,https://api-prod.etf.com/private/apps/fundflows/IBUY/charts?startDate=20260701&endDate=20260831,11096500.0,15100000.0,128905000.0,11.714052984756217,ETF.com daily actual fund-flow fallback; USD-million chart scale validated against canonical issuer-derived references. Issuer exact flow remains preferred when its own unit QA is clean.
2026-08-13,IBUY,0.0,0.0,ETFCOM_VALIDATED_ACTUAL,https://api-prod.etf.com/private/apps/fundflows/IBUY/charts?startDate=20260701&endDate=20260831,3724500.0,15100000.0,128905000.0,11.714052984756217,ETF.com daily actual fund-flow fallback; USD-million chart scale validated against canonical issuer-derived references. Issuer exact flow remains preferred when its own unit QA is clean.
2026-08-14,IBUY,0.0,0.0,ETFCOM_VALIDATED_ACTUAL,https://api-prod.etf.com/private/apps/fundflows/IBUY/charts?startDate=20260701&endDate=20260831,3724500.0,15100000.0,128905000.0,11.714052984756217,ETF.com daily actual fund-flow fallback; USD-million chart scale validated against canonical issuer-derived references. Issuer exact flow remains preferred when its own unit QA is clean.
2026-08-17,IBUY,0.0,0.0,ETFCOM_VALIDATED_ACTUAL,https://api-prod.etf.com/private/apps/fundflows/IBUY/charts?startDate=20260701&endDate=20260831,0.0,15100000.0,128905000.0,11.714052984756217,ETF.com daily actual fund-flow fallback; USD-million chart scale validated against canonical issuer-derived references. Issuer exact flow remains preferred when its own unit QA is clean.
2026-08-18,IBUY,0.0,0.0,ETFCOM_VALIDATED_ACTUAL,https://api-prod.etf.com/private/apps/fundflows/IBUY/charts?startDate=20260701&endDate=20260831,0.0,15100000.0,128905000.0,11.714052984756217,ETF.com daily actual fund-flow fallback; USD-million chart scale validated against canonical issuer-derived references. Issuer exact flow remains preferred when its own unit QA is clean.
2026-08-19,IBUY,0.0,0.0,ETFCOM_VALIDATED_ACTUAL,https://api-prod.etf.com/private/apps/fundflows/IBUY/charts?startDate=20260701&endDate=20260831,0.0,15100000.0,128905000.0,11.714052984756217,ETF.com daily actual fund-flow fallback; USD-million chart scale validated against canonical issuer-derived references. Issuer exact flow remains preferred when its own unit QA is clean.
2026-08-20,IBUY,0.0,0.0,ETFCOM_VALIDATED_ACTUAL,https://api-prod.etf.com/private/apps/fundflows/IBUY/charts?startDate=20260701&endDate=20260831,0.0,15100000.0,128905000.0,11.714052984756217,ETF.com daily actual fund-flow fallback; USD-million chart scale validated against canonical issuer-derived references. Issuer exact flow remains preferred when its own unit QA is clean.
2026-08-21,IBUY,0.0,0.0,ETFCOM_VALIDATED_ACTUAL,https://api-prod.etf.com/private/apps/fundflows/IBUY/charts?startDate=20260701&endDate=20260831,0.0,15100000.0,128905000.0,11.714052984756217,ETF.com daily actual fund-flow fallback; USD-million chart scale validated against canonical issuer-derived references. Issuer exact flow remains preferred when its own unit QA is clean.
2026-08-24,IBUY,0.0,0.0,ETFCOM_VALIDATED_ACTUAL,https://api-prod.etf.com/private/apps/fundflows/IBUY/charts?startDate=20260701&endDate=20260831,0.0,18521500.0,128905000.0,14.368333268686241,ETF.com daily actual fund-flow fallback; USD-million chart scale validated against canonical issuer-derived references. Issuer exact flow remains preferred when its own unit QA is clean.
2026-08-25,IBUY,0.0,0.0,ETFCOM_VALIDATED_ACTUAL,https://api-prod.etf.com/private/apps/fundflows/IBUY/charts?startDate=20260701&endDate=20260831,0.0,18521500.0,128905000.0,14.368333268686241,ETF.com daily actual fund-flow fallback; USD-million chart scale validated against canonical issuer-derived references. Issuer exact flow remains preferred when its own unit QA is clean.
2026-08-26,IBUY,0.0,0.0,ETFCOM_VALIDATED_ACTUAL,https://api-prod.etf.com/private/apps/fundflows/IBUY/charts?startDate=20260701&endDate=20260831,0.0,18521500.0,128905000.0,14.368333268686241,ETF.com daily actual fund-flow fallback; USD-million chart scale validated against canonical issuer-derived references. Issuer exact flow remains preferred when its own unit QA is clean.
2026-08-27,IBUY,0.0,0.0,ETFCOM_VALIDATED_ACTUAL,https://api-prod.etf.com/private/apps/fundflows/IBUY/charts?startDate=20260701&endDate=20260831,0.0,18521500.0,128905000.0,14.368333268686241,ETF.com daily actual fund-flow fallback; USD-million chart scale validated against canonical issuer-derived references. Issuer exact flow remains preferred when its own unit QA is clean.
2026-08-28,IBUY,0.0,0.0,ETFCOM_VALIDATED_ACTUAL,https://api-prod.etf.com/private/apps/fundflows/IBUY/charts?startDate=20260701&endDate=20260831,0.0,18521500.0,128905000.0,14.368333268686241,ETF.com daily actual fund-flow fallback; USD-million chart scale validated against canonical issuer-derived references. Issuer exact flow remains preferred when its own unit QA is clean.
2026-08-31,IBUY,0.0,0.0,ETFCOM_VALIDATED_ACTUAL,https://api-prod.etf.com/private/apps/fundflows/IBUY/charts?startDate=20260701&endDate=20260831,0.0,18521500.0,128905000.0,14.368333268686241,ETF.com daily actual fund-flow fallback; USD-million chart scale validated against canonical issuer-derived references. Issuer exact flow remains preferred when its own unit QA is clean.
2026-07-01,ICLN,0.0,0.0,ETFCOM_VALIDATED_ACTUAL,https://api-prod.etf.com/private/apps/fundflows/ICLN/charts?startDate=20260701&endDate=20260831,,,2199539604.8,,ETF.com daily actual fund-flow fallback; USD-million chart scale validated against canonical issuer-derived references. Issuer exact flow remains preferred when its own unit QA is clean.
2026-07-02,ICLN,-58.6125,-58612500.0,ETFCOM_VALIDATED_ACTUAL,https://api-prod.etf.com/private/apps/fundflows/ICLN/charts?startDate=20260701&endDate=20260831,,,2199539604.8,,ETF.com daily actual fund-flow fallback; USD-million chart scale validated against canonical issuer-derived references. Issuer exact flow remains preferred when its own unit QA is clean.
2026-07-06,ICLN,-29.6182,-29618200.0,ETFCOM_VALIDATED_ACTUAL,https://api-prod.etf.com/private/apps/fundflows/ICLN/charts?startDate=20260701&endDate=20260831,,,2199539604.8,,ETF.com daily actual fund-flow fallback; USD-million chart scale validated against canonical issuer-derived references. Issuer exact flow remains preferred when its own unit QA is clean.
2026-07-07,ICLN,-46.341,-46341000.0,ETFCOM_VALIDATED_ACTUAL,https://api-prod.etf.com/private/apps/fundflows/ICLN/charts?startDate=20260701&endDate=20260831,,,2199539604.8,,ETF.com daily actual fund-flow fallback; USD-million chart scale validated against canonical issuer-derived references. Issuer exact flow remains preferred when its own unit QA is clean.
2026-07-08,ICLN,0.0,0.0,ETFCOM_VALIDATED_ACTUAL,https://api-prod.etf.com/private/apps/fundflows/ICLN/charts?startDate=20260701&endDate=20260831,-134571700.0,,2199539604.8,,ETF.com daily actual fund-flow fallback; USD-million chart scale validated against canonical issuer-derived references. Issuer exact flow remains preferred when its own unit QA is clean.
2026-07-09,ICLN,0.0,0.0,ETFCOM_VALIDATED_ACTUAL,https://api-prod.etf.com/private/apps/fundflows/ICLN/charts?startDate=20260701&endDate=20260831,-134571700.0,,2199539604.8,,ETF.com daily actual fund-flow fallback; USD-million chart scale validated against canonical issuer-derived references. Issuer exact flow remains preferred when its own unit QA is clean.
2026-07-10,ICLN,-5.80745,-5807450.0,ETFCOM_VALIDATED_ACTUAL,https://api-prod.etf.com/private/apps/fundflows/ICLN/charts?startDate=20260701&endDate=20260831,-81766650.0,,2199539604.8,,ETF.com daily actual fund-flow fallback; USD-million chart scale validated against canonical issuer-derived references. Issuer exact flow remains preferred when its own unit QA is clean.
2026-07-13,ICLN,0.0,0.0,ETFCOM_VALIDATED_ACTUAL,https://api-prod.etf.com/private/apps/fundflows/ICLN/charts?startDate=20260701&endDate=20260831,-52148450.0,,2199539604.8,,ETF.com daily actual fund-flow fallback; USD-million chart scale validated against canonical issuer-derived references. Issuer exact flow remains preferred when its own unit QA is clean.
2026-07-14,ICLN,-13.052,-13052000.0,ETFCOM_VALIDATED_ACTUAL,https://api-prod.etf.com/private/apps/fundflows/ICLN/charts?startDate=20260701&endDate=20260831,-18859450.0,,2199539604.8,,ETF.com daily actual fund-flow fallback; USD-million chart scale validated against canonical issuer-derived references. Issuer exact flow remains preferred when its own unit QA is clean.
2026-07-15,ICLN,0.0,0.0,ETFCOM_VALIDATED_ACTUAL,https://api-prod.etf.com/private/apps/fundflows/ICLN/charts?startDate=20260701&endDate=20260831,-18859450.0,,2199539604.8,,ETF.com daily actual fund-flow fallback; USD-million chart scale validated against canonical issuer-derived references. Issuer exact flow remains preferred when its own unit QA is clean.
2026-07-16,ICLN,0.0,0.0,ETFCOM_VALIDATED_ACTUAL,https://api-prod.etf.com/private/apps/fundflows/ICLN/charts?startDate=20260701&endDate=20260831,-18859450.0,,2199539604.8,,ETF.com daily actual fund-flow fallback; USD-million chart scale validated against canonical issuer-derived references. Issuer exact flow remains preferred when its own unit QA is clean.
2026-07-17,ICLN,0.0,0.0,ETFCOM_VALIDATED_ACTUAL,https://api-prod.etf.com/private/apps/fundflows/ICLN/charts?startDate=20260701&endDate=20260831,-13052000.0,,2199539604.8,,ETF.com daily actual fund-flow fallback; USD-million chart scale validated against canonical issuer-derived references. Issuer exact flow remains preferred when its own unit QA is clean.
2026-07-20,ICLN,-31.2811,-31281100.0,ETFCOM_VALIDATED_ACTUAL,https://api-prod.etf.com/private/apps/fundflows/ICLN/charts?startDate=20260701&endDate=20260831,-44333100.0,,2199539604.8,,ETF.com daily actual fund-flow fallback; USD-million chart scale validated against canonical issuer-derived references. Issuer exact flow remains preferred when its own unit QA is clean.
2026-07-21,ICLN,-7.26134,-7261340.0,ETFCOM_VALIDATED_ACTUAL,https://api-prod.etf.com/private/apps/fundflows/ICLN/charts?startDate=20260701&endDate=20260831,-38542440.0,,2199539604.8,,ETF.com daily actual fund-flow fallback; USD-million chart scale validated against canonical issuer-derived references. Issuer exact flow remains preferred when its own unit QA is clean.
2026-07-22,ICLN,0.0,0.0,ETFCOM_VALIDATED_ACTUAL,https://api-prod.etf.com/private/apps/fundflows/ICLN/charts?startDate=20260701&endDate=20260831,-38542440.0,,2199539604.8,,ETF.com daily actual fund-flow fallback; USD-million chart scale validated against canonical issuer-derived references. Issuer exact flow remains preferred when its own unit QA is clean.
2026-07-27,ICLN,0.0,0.0,ETFCOM_VALIDATED_ACTUAL,https://api-prod.etf.com/private/apps/fundflows/ICLN/charts?startDate=20260701&endDate=20260831,-38542440.0,,2199539604.8,,ETF.com daily actual fund-flow fallback; USD-million chart scale validated against canonical issuer-derived references. Issuer exact flow remains preferred when its own unit QA is clean.
2026-07-28,ICLN,-7.12576,-7125760.0,ETFCOM_VALIDATED_ACTUAL,https://api-prod.etf.com/private/apps/fundflows/ICLN/charts?startDate=20260701&endDate=20260831,-45668200.0,,2199539604.8,,ETF.com daily actual fund-flow fallback; USD-million chart scale validated against canonical issuer-derived references. Issuer exact flow remains preferred when its own unit QA is clean.
2026-07-29,ICLN,0.0,0.0,ETFCOM_VALIDATED_ACTUAL,https://api-prod.etf.com/private/apps/fundflows/ICLN/charts?startDate=20260701&endDate=20260831,-14387100.0,,2199539604.8,,ETF.com daily actual fund-flow fallback; USD-million chart scale validated against canonical issuer-derived references. Issuer exact flow remains preferred when its own unit QA is clean.
2026-07-30,ICLN,-8.45113,-8451130.0,ETFCOM_VALIDATED_ACTUAL,https://api-prod.etf.com/private/apps/fundflows/ICLN/charts?startDate=20260701&endDate=20260831,-15576890.0,,2199539604.8,,ETF.com daily actual fund-flow fallback; USD-million chart scale validated against canonical issuer-derived references. Issuer exact flow remains preferred when its own unit QA is clean.
2026-07-31,ICLN,0.0,0.0,ETFCOM_VALIDATED_ACTUAL,https://api-prod.etf.com/private/apps/fundflows/ICLN/charts?startDate=20260701&endDate=20260831,-15576890.0,-207550480.0,2199539604.8,-9.436087422434577,ETF.com daily actual fund-flow fallback; USD-million chart scale validated against canonical issuer-derived references. Issuer exact flow remains preferred when its own unit QA is clean.
2026-08-03,ICLN,-79.2706,-79270600.0,ETFCOM_VALIDATED_ACTUAL,https://api-prod.etf.com/private/apps/fundflows/ICLN/charts?startDate=20260701&endDate=20260831,-94847490.0,-286821080.0,2199539604.8,-13.040050716708057,ETF.com daily actual fund-flow fallback; USD-million chart scale validated against canonical issuer-derived references. Issuer exact flow remains preferred when its own unit QA is clean.
2026-08-04,ICLN,-86.699,-86699000.0,ETFCOM_VALIDATED_ACTUAL,https://api-prod.etf.com/private/apps/fundflows/ICLN/charts?startDate=20260701&endDate=20260831,-174420730.0,-314907580.0,2199539604.8,-14.316977030683379,ETF.com daily actual fund-flow fallback; USD-million chart scale validated against canonical issuer-derived references. Issuer exact flow remains preferred when its own unit QA is clean.
2026-08-05,ICLN,-101.717,-101717000.0,ETFCOM_VALIDATED_ACTUAL,https://api-prod.etf.com/private/apps/fundflows/ICLN/charts?startDate=20260701&endDate=20260831,-276137730.0,-387006380.0,2199539604.8,-17.594881181291107,ETF.com daily actual fund-flow fallback; USD-million chart scale validated against canonical issuer-derived references. Issuer exact flow remains preferred when its own unit QA is clean.
2026-08-06,ICLN,-21.7646,-21764600.0,ETFCOM_VALIDATED_ACTUAL,https://api-prod.etf.com/private/apps/fundflows/ICLN/charts?startDate=20260701&endDate=20260831,-289451200.0,-362429980.0,2199539604.8,-16.477538263420133,ETF.com daily actual fund-flow fallback; USD-million chart scale validated against canonical issuer-derived references. Issuer exact flow remains preferred when its own unit QA is clean.
2026-08-07,ICLN,-9.0688,-9068800.0,ETFCOM_VALIDATED_ACTUAL,https://api-prod.etf.com/private/apps/fundflows/ICLN/charts?startDate=20260701&endDate=20260831,-298520000.0,-371498780.0,2199539604.8,-16.889842728418596,ETF.com daily actual fund-flow fallback; USD-million chart scale validated against canonical issuer-derived references. Issuer exact flow remains preferred when its own unit QA is clean.
2026-08-10,ICLN,-9.15086,-9150860.0,ETFCOM_VALIDATED_ACTUAL,https://api-prod.etf.com/private/apps/fundflows/ICLN/charts?startDate=20260701&endDate=20260831,-228400260.0,-380649640.0,2199539604.8,-17.305877974159586,ETF.com daily actual fund-flow fallback; USD-million chart scale validated against canonical issuer-derived references. Issuer exact flow remains preferred when its own unit QA is clean.
2026-08-11,ICLN,1.80314,1803140.0,ETFCOM_VALIDATED_ACTUAL,https://api-prod.etf.com/private/apps/fundflows/ICLN/charts?startDate=20260701&endDate=20260831,-139898120.0,-373039050.0,2199539604.8,-16.959869655719142,ETF.com daily actual fund-flow fallback; USD-million chart scale validated against canonical issuer-derived references. Issuer exact flow remains preferred when its own unit QA is clean.
2026-08-12,ICLN,85.4985,85498500.0,ETFCOM_VALIDATED_ACTUAL,https://api-prod.etf.com/private/apps/fundflows/ICLN/charts?startDate=20260701&endDate=20260831,47317380.0,-287540550.0,2199539604.8,-13.072760743771445,ETF.com daily actual fund-flow fallback; USD-million chart scale validated against canonical issuer-derived references. Issuer exact flow remains preferred when its own unit QA is clean.
2026-08-13,ICLN,0.0,0.0,ETFCOM_VALIDATED_ACTUAL,https://api-prod.etf.com/private/apps/fundflows/ICLN/charts?startDate=20260701&endDate=20260831,69081980.0,-274488550.0,2199539604.8,-12.479363836004158,ETF.com daily actual fund-flow fallback; USD-million chart scale validated against canonical issuer-derived references. Issuer exact flow remains preferred when its own unit QA is clean.
2026-08-14,ICLN,40.3619,40361900.0,ETFCOM_VALIDATED_ACTUAL,https://api-prod.etf.com/private/apps/fundflows/ICLN/charts?startDate=20260701&endDate=20260831,118512680.0,-234126650.0,2199539604.8,-10.644348003058061,ETF.com daily actual fund-flow fallback; USD-million chart scale validated against canonical issuer-derived references. Issuer exact flow remains preferred when its own unit QA is clean.
2026-08-17,ICLN,9.09264,9092640.0,ETFCOM_VALIDATED_ACTUAL,https://api-prod.etf.com/private/apps/fundflows/ICLN/charts?startDate=20260701&endDate=20260831,136756180.0,-225034010.0,2199539604.8,-10.23095967487532,ETF.com daily actual fund-flow fallback; USD-million chart scale validated against canonical issuer-derived references. Issuer exact flow remains preferred when its own unit QA is clean.
2026-08-18,ICLN,27.1124,27112400.0,ETFCOM_VALIDATED_ACTUAL,https://api-prod.etf.com/private/apps/fundflows/ICLN/charts?startDate=20260701&endDate=20260831,162065440.0,-197921610.0,2199539604.8,-8.998319901495778,ETF.com daily actual fund-flow fallback; USD-million chart scale validated against canonical issuer-derived references. Issuer exact flow remains preferred when its own unit QA is clean.
2026-08-19,ICLN,26.5305,26530500.0,ETFCOM_VALIDATED_ACTUAL,https://api-prod.etf.com/private/apps/fundflows/ICLN/charts?startDate=20260701&endDate=20260831,103097440.0,-140110010.0,2199539604.8,-6.369969865250048,ETF.com daily actual fund-flow fallback; USD-million chart scale validated against canonical issuer-derived references. Issuer exact flow remains preferred when its own unit QA is clean.
2026-08-20,ICLN,14.2573,14257300.0,ETFCOM_VALIDATED_ACTUAL,https://api-prod.etf.com/private/apps/fundflows/ICLN/charts?startDate=20260701&endDate=20260831,117354740.0,-118591370.0,2199539604.8,-5.391645130699216,ETF.com daily actual fund-flow fallback; USD-million chart scale validated against canonical issuer-derived references. Issuer exact flow remains preferred when its own unit QA is clean.
2026-08-21,ICLN,7.03397,7033970.0,ETFCOM_VALIDATED_ACTUAL,https://api-prod.etf.com/private/apps/fundflows/ICLN/charts?startDate=20260701&endDate=20260831,84026810.0,-111557400.0,2199539604.8,-5.071852298387857,ETF.com daily actual fund-flow fallback; USD-million chart scale validated against canonical issuer-derived references. Issuer exact flow remains preferred when its own unit QA is clean.
2026-08-24,ICLN,0.0,0.0,ETFCOM_VALIDATED_ACTUAL,https://api-prod.etf.com/private/apps/fundflows/ICLN/charts?startDate=20260701&endDate=20260831,74934170.0,-111557400.0,2199539604.8,-5.071852298387857,ETF.com daily actual fund-flow fallback; USD-million chart scale validated against canonical issuer-derived references. Issuer exact flow remains preferred when its own unit QA is clean.
2026-08-25,ICLN,8.71513,8715130.0,ETFCOM_VALIDATED_ACTUAL,https://api-prod.etf.com/private/apps/fundflows/ICLN/charts?startDate=20260701&endDate=20260831,56536900.0,-95716510.0,2199539604.8,-4.3516611290435625,ETF.com daily actual fund-flow fallback; USD-million chart scale validated against canonical issuer-derived references. Issuer exact flow remains preferred when its own unit QA is clean.
2026-08-26,ICLN,0.0,0.0,ETFCOM_VALIDATED_ACTUAL,https://api-prod.etf.com/private/apps/fundflows/ICLN/charts?startDate=20260701&endDate=20260831,30006400.0,-95716510.0,2199539604.8,-4.3516611290435625,ETF.com daily actual fund-flow fallback; USD-million chart scale validated against canonical issuer-derived references. Issuer exact flow remains preferred when its own unit QA is clean.
2026-08-27,ICLN,-19.4874,-19487400.0,ETFCOM_VALIDATED_ACTUAL,https://api-prod.etf.com/private/apps/fundflows/ICLN/charts?startDate=20260701&endDate=20260831,-3738300.0,-106752780.0,2199539604.8,-4.8534147676648365,ETF.com daily actual fund-flow fallback; USD-million chart scale validated against canonical issuer-derived references. Issuer exact flow remains preferred when its own unit QA is clean.
2026-08-28,ICLN,10.7161,10716100.0,ETFCOM_VALIDATED_ACTUAL,https://api-prod.etf.com/private/apps/fundflows/ICLN/charts?startDate=20260701&endDate=20260831,-56170.0,-96036680.0,2199539604.8,-4.36621735705152,ETF.com daily actual fund-flow fallback; USD-million chart scale validated against canonical issuer-derived references. Issuer exact flow remains preferred when its own unit QA is clean.
2026-07-01,IGV,-108.701,-108701000.0,ETFCOM_VALIDATED_ACTUAL,https://api-prod.etf.com/private/apps/fundflows/IGV/charts?startDate=20260701&endDate=20260831,,,15641750247.6,,ETF.com daily actual fund-flow fallback; USD-million chart scale validated against canonical issuer-derived references. Issuer exact flow remains preferred when its own unit QA is clean.
2026-07-02,IGV,51.3543,51354300.0,ETFCOM_VALIDATED_ACTUAL,https://api-prod.etf.com/private/apps/fundflows/IGV/charts?startDate=20260701&endDate=20260831,,,15641750247.6,,ETF.com daily actual fund-flow fallback; USD-million chart scale validated against canonical issuer-derived references. Issuer exact flow remains preferred when its own unit QA is clean.
2026-07-06,IGV,-401.971,-401971000.0,ETFCOM_VALIDATED_ACTUAL,https://api-prod.etf.com/private/apps/fundflows/IGV/charts?startDate=20260701&endDate=20260831,,,15641750247.6,,ETF.com daily actual fund-flow fallback; USD-million chart scale validated against canonical issuer-derived references. Issuer exact flow remains preferred when its own unit QA is clean.
2026-07-07,IGV,137.455,137455000.0,ETFCOM_VALIDATED_ACTUAL,https://api-prod.etf.com/private/apps/fundflows/IGV/charts?startDate=20260701&endDate=20260831,,,15641750247.6,,ETF.com daily actual fund-flow fallback; USD-million chart scale validated against canonical issuer-derived references. Issuer exact flow remains preferred when its own unit QA is clean.
2026-07-08,IGV,164.725,164725000.0,ETFCOM_VALIDATED_ACTUAL,https://api-prod.etf.com/private/apps/fundflows/IGV/charts?startDate=20260701&endDate=20260831,-157137700.0,,15641750247.6,,ETF.com daily actual fund-flow fallback; USD-million chart scale validated against canonical issuer-derived references. Issuer exact flow remains preferred when its own unit QA is clean.
2026-07-09,IGV,106.481,106481000.0,ETFCOM_VALIDATED_ACTUAL,https://api-prod.etf.com/private/apps/fundflows/IGV/charts?startDate=20260701&endDate=20260831,58044300.0,,15641750247.6,,ETF.com daily actual fund-flow fallback; USD-million chart scale validated against canonical issuer-derived references. Issuer exact flow remains preferred when its own unit QA is clean.
2026-07-10,IGV,131.648,131648000.0,ETFCOM_VALIDATED_ACTUAL,https://api-prod.etf.com/private/apps/fundflows/IGV/charts?startDate=20260701&endDate=20260831,138338000.0,,15641750247.6,,ETF.com daily actual fund-flow fallback; USD-million chart scale validated against canonical issuer-derived references. Issuer exact flow remains preferred when its own unit QA is clean.
2026-07-13,IGV,-36.9832,-36983200.0,ETFCOM_VALIDATED_ACTUAL,https://api-prod.etf.com/private/apps/fundflows/IGV/charts?startDate=20260701&endDate=20260831,503325800.0,,15641750247.6,,ETF.com daily actual fund-flow fallback; USD-million chart scale validated against canonical issuer-derived references. Issuer exact flow remains preferred when its own unit QA is clean.
2026-07-14,IGV,-32.4526,-32452599.999999996,ETFCOM_VALIDATED_ACTUAL,https://api-prod.etf.com/private/apps/fundflows/IGV/charts?startDate=20260701&endDate=20260831,333418200.0,,15641750247.6,,ETF.com daily actual fund-flow fallback; USD-million chart scale validated against canonical issuer-derived references. Issuer exact flow remains preferred when its own unit QA is clean.
2026-07-15,IGV,-187.316,-187316000.0,ETFCOM_VALIDATED_ACTUAL,https://api-prod.etf.com/private/apps/fundflows/IGV/charts?startDate=20260701&endDate=20260831,-18622800.0,,15641750247.6,,ETF.com daily actual fund-flow fallback; USD-million chart scale validated against canonical issuer-derived references. Issuer exact flow remains preferred when its own unit QA is clean.
2026-07-16,IGV,18.7774,18777400.0,ETFCOM_VALIDATED_ACTUAL,https://api-prod.etf.com/private/apps/fundflows/IGV/charts?startDate=20260701&endDate=20260831,-106326400.0,,15641750247.6,,ETF.com daily actual fund-flow fallback; USD-million chart scale validated against canonical issuer-derived references. Issuer exact flow remains preferred when its own unit QA is clean.
2026-07-17,IGV,51.5653,51565300.0,ETFCOM_VALIDATED_ACTUAL,https://api-prod.etf.com/private/apps/fundflows/IGV/charts?startDate=20260701&endDate=20260831,-186409100.0,,15641750247.6,,ETF.com daily actual fund-flow fallback; USD-million chart scale validated against canonical issuer-derived references. Issuer exact flow remains preferred when its own unit QA is clean.
2026-07-20,IGV,-181.087,-181087000.0,ETFCOM_VALIDATED_ACTUAL,https://api-prod.etf.com/private/apps/fundflows/IGV/charts?startDate=20260701&endDate=20260831,-330512900.0,,15641750247.6,,ETF.com daily actual fund-flow fallback; USD-million chart scale validated against canonical issuer-derived references. Issuer exact flow remains preferred when its own unit QA is clean.
2026-07-21,IGV,-302.037,-302037000.0,ETFCOM_VALIDATED_ACTUAL,https://api-prod.etf.com/private/apps/fundflows/IGV/charts?startDate=20260701&endDate=20260831,-600097300.0,,15641750247.6,,ETF.com daily actual fund-flow fallback; USD-million chart scale validated against canonical issuer-derived references. Issuer exact flow remains preferred when its own unit QA is clean.
2026-07-22,IGV,-4.59456,-4594560.0,ETFCOM_VALIDATED_ACTUAL,https://api-prod.etf.com/private/apps/fundflows/IGV/charts?startDate=20260701&endDate=20260831,-417375860.0,,15641750247.6,,ETF.com daily actual fund-flow fallback; USD-million chart scale validated against canonical issuer-derived references. Issuer exact flow remains preferred when its own unit QA is clean.
2026-07-27,IGV,321.287,321287000.0,ETFCOM_VALIDATED_ACTUAL,https://api-prod.etf.com/private/apps/fundflows/IGV/charts?startDate=20260701&endDate=20260831,-114866260.0,,15641750247.6,,ETF.com daily actual fund-flow fallback; USD-million chart scale validated against canonical issuer-derived references. Issuer exact flow remains preferred when its own unit QA is clean.
2026-07-28,IGV,640.737,640737000.0,ETFCOM_VALIDATED_ACTUAL,https://api-prod.etf.com/private/apps/fundflows/IGV/charts?startDate=20260701&endDate=20260831,474305440.0,,15641750247.6,,ETF.com daily actual fund-flow fallback; USD-million chart scale validated against canonical issuer-derived references. Issuer exact flow remains preferred when its own unit QA is clean.
2026-07-29,IGV,-403.924,-403924000.0,ETFCOM_VALIDATED_ACTUAL,https://api-prod.etf.com/private/apps/fundflows/IGV/charts?startDate=20260701&endDate=20260831,251468440.0,,15641750247.6,,ETF.com daily actual fund-flow fallback; USD-million chart scale validated against canonical issuer-derived references. Issuer exact flow remains preferred when its own unit QA is clean.
2026-07-30,IGV,36.9173,36917300.0,ETFCOM_VALIDATED_ACTUAL,https://api-prod.etf.com/private/apps/fundflows/IGV/charts?startDate=20260701&endDate=20260831,590422740.0,,15641750247.6,,ETF.com daily actual fund-flow fallback; USD-million chart scale validated against canonical issuer-derived references. Issuer exact flow remains preferred when its own unit QA is clean.
2026-07-31,IGV,-84.0332,-84033200.0,ETFCOM_VALIDATED_ACTUAL,https://api-prod.etf.com/private/apps/fundflows/IGV/charts?startDate=20260701&endDate=20260831,510984100.0,-82152260.0,15641750247.6,-0.5252114290253744,ETF.com daily actual fund-flow fallback; USD-million chart scale validated against canonical issuer-derived references. Issuer exact flow remains preferred when its own unit QA is clean.
2026-08-03,IGV,293.253,293253000.0,ETFCOM_VALIDATED_ACTUAL,https://api-prod.etf.com/private/apps/fundflows/IGV/charts?startDate=20260701&endDate=20260831,482950100.0,319801740.0,15641750247.6,2.0445393574102675,ETF.com daily actual fund-flow fallback; USD-million chart scale validated against canonical issuer-derived references. Issuer exact flow remains preferred when its own unit QA is clean.
2026-08-04,IGV,53.5312,53531200.0,ETFCOM_VALIDATED_ACTUAL,https://api-prod.etf.com/private/apps/fundflows/IGV/charts?startDate=20260701&endDate=20260831,-104255700.0,321978640.0,15641750247.6,2.058456597907916,ETF.com daily actual fund-flow fallback; USD-million chart scale validated against canonical issuer-derived references. Issuer exact flow remains preferred when its own unit QA is clean.
2026-08-05,IGV,270.605,270605000.0,ETFCOM_VALIDATED_ACTUAL,https://api-prod.etf.com/private/apps/fundflows/IGV/charts?startDate=20260701&endDate=20260831,570273300.0,994554640.0,15641750247.6,6.358333461772284,ETF.com daily actual fund-flow fallback; USD-million chart scale validated against canonical issuer-derived references. Issuer exact flow remains preferred when its own unit QA is clean.
2026-08-06,IGV,-354.838,-354838000.0,ETFCOM_VALIDATED_ACTUAL,https://api-prod.etf.com/private/apps/fundflows/IGV/charts?startDate=20260701&endDate=20260831,178518000.0,502261640.0,15641750247.6,3.211032218578383,ETF.com daily actual fund-flow fallback; USD-million chart scale validated against canonical issuer-derived references. Issuer exact flow remains preferred when its own unit QA is clean.
2026-08-07,IGV,-298.395,-298395000.0,ETFCOM_VALIDATED_ACTUAL,https://api-prod.etf.com/private/apps/fundflows/IGV/charts?startDate=20260701&endDate=20260831,-35843800.0,39141640.0,15641750247.6,0.25023823664494144,ETF.com daily actual fund-flow fallback; USD-million chart scale validated against canonical issuer-derived references. Issuer exact flow remains preferred when its own unit QA is clean.
2026-08-10,IGV,66.7283,66728300.00000001,ETFCOM_VALIDATED_ACTUAL,https://api-prod.etf.com/private/apps/fundflows/IGV/charts?startDate=20260701&endDate=20260831,-262368500.0,-611059.9999999925,15641750247.6,-0.0039065960671105255,ETF.com daily actual fund-flow fallback; USD-million chart scale validated against canonical issuer-derived references. Issuer exact flow remains preferred when its own unit QA is clean.
2026-08-11,IGV,-73.5113,-73511300.0,ETFCOM_VALIDATED_ACTUAL,https://api-prod.etf.com/private/apps/fundflows/IGV/charts?startDate=20260701&endDate=20260831,-389411000.0,-205770360.0,15641750247.6,-1.3155200456647904,ETF.com daily actual fund-flow fallback; USD-million chart scale validated against canonical issuer-derived references. Issuer exact flow remains preferred when its own unit QA is clean.
2026-08-12,IGV,-171.551,-171551000.0,ETFCOM_VALIDATED_ACTUAL,https://api-prod.etf.com/private/apps/fundflows/IGV/charts?startDate=20260701&endDate=20260831,-831567000.0,-340338160.0,15641750247.6,-2.175831697940708,ETF.com daily actual fund-flow fallback; USD-million chart scale validated against canonical issuer-derived references. Issuer exact flow remains preferred when its own unit QA is clean.
2026-08-13,IGV,0.0,0.0,ETFCOM_VALIDATED_ACTUAL,https://api-prod.etf.com/private/apps/fundflows/IGV/charts?startDate=20260701&endDate=20260831,-476729000.0,-307885560.0,15641750247.6,-1.9683574735969243,ETF.com daily actual fund-flow fallback; USD-million chart scale validated against canonical issuer-derived references. Issuer exact flow remains preferred when its own unit QA is clean.
2026-08-14,IGV,116.93,116930000.0,ETFCOM_VALIDATED_ACTUAL,https://api-prod.etf.com/private/apps/fundflows/IGV/charts?startDate=20260701&endDate=20260831,-61404000.0,-3639560.0,15641750247.6,-0.023268240077918632,ETF.com daily actual fund-flow fallback; USD-million chart scale validated against canonical issuer-derived references. Issuer exact flow remains preferred when its own unit QA is clean.
2026-08-17,IGV,78.1468,78146800.0,ETFCOM_VALIDATED_ACTUAL,https://api-prod.etf.com/private/apps/fundflows/IGV/charts?startDate=20260701&endDate=20260831,-49985500.0,55729840.0,15641750247.6,0.3562890285155329,ETF.com daily actual fund-flow fallback; USD-million chart scale validated against canonical issuer-derived references. Issuer exact flow remains preferred when its own unit QA is clean.
2026-08-18,IGV,-305.806,-305806000.0,ETFCOM_VALIDATED_ACTUAL,https://api-prod.etf.com/private/apps/fundflows/IGV/charts?startDate=20260701&endDate=20260831,-282280200.0,-301641460.0,15641750247.6,-1.9284380278753173,ETF.com daily actual fund-flow fallback; USD-million chart scale validated against canonical issuer-derived references. Issuer exact flow remains preferred when its own unit QA is clean.
2026-08-19,IGV,-76.5093,-76509300.0,ETFCOM_VALIDATED_ACTUAL,https://api-prod.etf.com/private/apps/fundflows/IGV/charts?startDate=20260701&endDate=20260831,-187238500.0,-197063760.0,15641750247.6,-1.2598574768206428,ETF.com daily actual fund-flow fallback; USD-million chart scale validated against canonical issuer-derived references. Issuer exact flow remains preferred when its own unit QA is clean.
2026-08-20,IGV,92.4636,92463600.0,ETFCOM_VALIDATED_ACTUAL,https://api-prod.etf.com/private/apps/fundflows/IGV/charts?startDate=20260701&endDate=20260831,-94774900.0,197436840.0,15641750247.6,1.2622426318966051,ETF.com daily actual fund-flow fallback; USD-million chart scale validated against canonical issuer-derived references. Issuer exact flow remains preferred when its own unit QA is clean.
2026-08-21,IGV,25.4882,25488200.0,ETFCOM_VALIDATED_ACTUAL,https://api-prod.etf.com/private/apps/fundflows/IGV/charts?startDate=20260701&endDate=20260831,-186216700.0,227519600.0,15641750247.6,1.454566122067507,ETF.com daily actual fund-flow fallback; USD-million chart scale validated against canonical issuer-derived references. Issuer exact flow remains preferred when its own unit QA is clean.
2026-08-24,IGV,-113.74,-113740000.0,ETFCOM_VALIDATED_ACTUAL,https://api-prod.etf.com/private/apps/fundflows/IGV/charts?startDate=20260701&endDate=20260831,-378103500.0,-207507400.0,15641750247.6,-1.3266251967668323,ETF.com daily actual fund-flow fallback; USD-million chart scale validated against canonical issuer-derived references. Issuer exact flow remains preferred when its own unit QA is clean.
2026-08-25,IGV,-71.7557,-71755700.0,ETFCOM_VALIDATED_ACTUAL,https://api-prod.etf.com/private/apps/fundflows/IGV/charts?startDate=20260701&endDate=20260831,-144053200.0,-920000100.0,15641750247.6,-5.881695369360348,ETF.com daily actual fund-flow fallback; USD-million chart scale validated against canonical issuer-derived references. Issuer exact flow remains preferred when its own unit QA is clean.
2026-08-26,IGV,-96.7865,-96786500.0,ETFCOM_VALIDATED_ACTUAL,https://api-prod.etf.com/private/apps/fundflows/IGV/charts?startDate=20260701&endDate=20260831,-164330400.0,-612862600.0,15641750247.6,-3.9181203528935957,ETF.com daily actual fund-flow fallback; USD-million chart scale validated against canonical issuer-derived references. Issuer exact flow remains preferred when its own unit QA is clean.
2026-08-27,IGV,-10.2414,-10241400.0,ETFCOM_VALIDATED_ACTUAL,https://api-prod.etf.com/private/apps/fundflows/IGV/charts?startDate=20260701&endDate=20260831,-267035400.0,-660021300.0,15641750247.6,-4.219612828182515,ETF.com daily actual fund-flow fallback; USD-million chart scale validated against canonical issuer-derived references. Issuer exact flow remains preferred when its own unit QA is clean.
2026-08-28,IGV,655.439,655439000.0,ETFCOM_VALIDATED_ACTUAL,https://api-prod.etf.com/private/apps/fundflows/IGV/charts?startDate=20260701&endDate=20260831,362915400.0,79450900.0,15641750247.6,0.5079412389428133,ETF.com daily actual fund-flow fallback; USD-million chart scale validated against canonical issuer-derived references. Issuer exact flow remains preferred when its own unit QA is clean.
2026-07-01,IHI,-12.3529,-12352900.0,ETFCOM_VALIDATED_ACTUAL,https://api-prod.etf.com/private/apps/fundflows/IHI/charts?startDate=20260701&endDate=20260831,,,3488298277.6,,ETF.com daily actual fund-flow fallback; USD-million chart scale validated against canonical issuer-derived references. Issuer exact flow remains preferred when its own unit QA is clean.
2026-07-02,IHI,47.4735,47473500.0,ETFCOM_VALIDATED_ACTUAL,https://api-prod.etf.com/private/apps/fundflows/IHI/charts?startDate=20260701&endDate=20260831,,,3488298277.6,,ETF.com daily actual fund-flow fallback; USD-million chart scale validated against canonical issuer-derived references. Issuer exact flow remains preferred when its own unit QA is clean.
2026-07-06,IHI,-20.7587,-20758700.0,ETFCOM_VALIDATED_ACTUAL,https://api-prod.etf.com/private/apps/fundflows/IHI/charts?startDate=20260701&endDate=20260831,,,3488298277.6,,ETF.com daily actual fund-flow fallback; USD-million chart scale validated against canonical issuer-derived references. Issuer exact flow remains preferred when its own unit QA is clean.
2026-07-07,IHI,0.0,0.0,ETFCOM_VALIDATED_ACTUAL,https://api-prod.etf.com/private/apps/fundflows/IHI/charts?startDate=20260701&endDate=20260831,,,3488298277.6,,ETF.com daily actual fund-flow fallback; USD-million chart scale validated against canonical issuer-derived references. Issuer exact flow remains preferred when its own unit QA is clean.
2026-07-08,IHI,-91.4439,-91443900.0,ETFCOM_VALIDATED_ACTUAL,https://api-prod.etf.com/private/apps/fundflows/IHI/charts?startDate=20260701&endDate=20260831,-77082000.0,,3488298277.6,,ETF.com daily actual fund-flow fallback; USD-million chart scale validated against canonical issuer-derived references. Issuer exact flow remains preferred when its own unit QA is clean.
2026-07-09,IHI,10.2581,10258100.0,ETFCOM_VALIDATED_ACTUAL,https://api-prod.etf.com/private/apps/fundflows/IHI/charts?startDate=20260701&endDate=20260831,-54471000.0,,3488298277.6,,ETF.com daily actual fund-flow fallback; USD-million chart scale validated against canonical issuer-derived references. Issuer exact flow remains preferred when its own unit QA is clean.
2026-07-10,IHI,61.5571,61557100.0,ETFCOM_VALIDATED_ACTUAL,https://api-prod.etf.com/private/apps/fundflows/IHI/charts?startDate=20260701&endDate=20260831,-40387400.0,,3488298277.6,,ETF.com daily actual fund-flow fallback; USD-million chart scale validated against canonical issuer-derived references. Issuer exact flow remains preferred when its own unit QA is clean.
2026-07-13,IHI,-10.2737,-10273700.0,ETFCOM_VALIDATED_ACTUAL,https://api-prod.etf.com/private/apps/fundflows/IHI/charts?startDate=20260701&endDate=20260831,-29902400.0,,3488298277.6,,ETF.com daily actual fund-flow fallback; USD-million chart scale validated against canonical issuer-derived references. Issuer exact flow remains preferred when its own unit QA is clean.
2026-07-14,IHI,-7.70409,-7704090.0,ETFCOM_VALIDATED_ACTUAL,https://api-prod.etf.com/private/apps/fundflows/IHI/charts?startDate=20260701&endDate=20260831,-37606490.0,,3488298277.6,,ETF.com daily actual fund-flow fallback; USD-million chart scale validated against canonical issuer-derived references. Issuer exact flow remains preferred when its own unit QA is clean.
2026-07-15,IHI,-41.8164,-41816400.0,ETFCOM_VALIDATED_ACTUAL,https://api-prod.etf.com/private/apps/fundflows/IHI/charts?startDate=20260701&endDate=20260831,12021010.0,,3488298277.6,,ETF.com daily actual fund-flow fallback; USD-million chart scale validated against canonical issuer-derived references. Issuer exact flow remains preferred when its own unit QA is clean.
2026-07-16,IHI,7.4788,7478800.0,ETFCOM_VALIDATED_ACTUAL,https://api-prod.etf.com/private/apps/fundflows/IHI/charts?startDate=20260701&endDate=20260831,9241710.0,,3488298277.6,,ETF.com daily actual fund-flow fallback; USD-million chart scale validated against canonical issuer-derived references. Issuer exact flow remains preferred when its own unit QA is clean.
2026-07-17,IHI,44.3666,44366600.0,ETFCOM_VALIDATED_ACTUAL,https://api-prod.etf.com/private/apps/fundflows/IHI/charts?startDate=20260701&endDate=20260831,-7948790.0,,3488298277.6,,ETF.com daily actual fund-flow fallback; USD-million chart scale validated against canonical issuer-derived references. Issuer exact flow remains preferred when its own unit QA is clean.
2026-07-20,IHI,-42.9733,-42973300.0,ETFCOM_VALIDATED_ACTUAL,https://api-prod.etf.com/private/apps/fundflows/IHI/charts?startDate=20260701&endDate=20260831,-40648390.0,,3488298277.6,,ETF.com daily actual fund-flow fallback; USD-million chart scale validated against canonical issuer-derived references. Issuer exact flow remains preferred when its own unit QA is clean.
2026-07-21,IHI,2.5282,2528200.0,ETFCOM_VALIDATED_ACTUAL,https://api-prod.etf.com/private/apps/fundflows/IHI/charts?startDate=20260701&endDate=20260831,-30416100.0,,3488298277.6,,ETF.com daily actual fund-flow fallback; USD-million chart scale validated against canonical issuer-derived references. Issuer exact flow remains preferred when its own unit QA is clean.
2026-07-22,IHI,-42.4685,-42468500.0,ETFCOM_VALIDATED_ACTUAL,https://api-prod.etf.com/private/apps/fundflows/IHI/charts?startDate=20260701&endDate=20260831,-31068200.0,,3488298277.6,,ETF.com daily actual fund-flow fallback; USD-million chart scale validated against canonical issuer-derived references. Issuer exact flow remains preferred when its own unit QA is clean.
2026-07-27,IHI,22.6008,22600800.0,ETFCOM_VALIDATED_ACTUAL,https://api-prod.etf.com/private/apps/fundflows/IHI/charts?startDate=20260701&endDate=20260831,-15946200.0,,3488298277.6,,ETF.com daily actual fund-flow fallback; USD-million chart scale validated against canonical issuer-derived references. Issuer exact flow remains preferred when its own unit QA is clean.
2026-07-28,IHI,43.6544,43654400.0,ETFCOM_VALIDATED_ACTUAL,https://api-prod.etf.com/private/apps/fundflows/IHI/charts?startDate=20260701&endDate=20260831,-16658400.0,,3488298277.6,,ETF.com daily actual fund-flow fallback; USD-million chart scale validated against canonical issuer-derived references. Issuer exact flow remains preferred when its own unit QA is clean.
2026-07-29,IHI,55.3228,55322800.0,ETFCOM_VALIDATED_ACTUAL,https://api-prod.etf.com/private/apps/fundflows/IHI/charts?startDate=20260701&endDate=20260831,81637700.0,,3488298277.6,,ETF.com daily actual fund-flow fallback; USD-million chart scale validated against canonical issuer-derived references. Issuer exact flow remains preferred when its own unit QA is clean.
2026-07-30,IHI,13.3225,13322500.0,ETFCOM_VALIDATED_ACTUAL,https://api-prod.etf.com/private/apps/fundflows/IHI/charts?startDate=20260701&endDate=20260831,92432000.0,,3488298277.6,,ETF.com daily actual fund-flow fallback; USD-million chart scale validated against canonical issuer-derived references. Issuer exact flow remains preferred when its own unit QA is clean.
2026-07-31,IHI,-5.27157,-5271570.0,ETFCOM_VALIDATED_ACTUAL,https://api-prod.etf.com/private/apps/fundflows/IHI/charts?startDate=20260701&endDate=20260831,129628930.0,33499740.0,3488298277.6,0.9603462013302461,ETF.com daily actual fund-flow fallback; USD-million chart scale validated against canonical issuer-derived references. Issuer exact flow remains preferred when its own unit QA is clean.
2026-08-03,IHI,-2.62421,-2624210.0,ETFCOM_VALIDATED_ACTUAL,https://api-prod.etf.com/private/apps/fundflows/IHI/charts?startDate=20260701&endDate=20260831,104403920.0,43228430.0,3488298277.6,1.2392412161996018,ETF.com daily actual fund-flow fallback; USD-million chart scale validated against canonical issuer-derived references. Issuer exact flow remains preferred when its own unit QA is clean.
2026-08-04,IHI,27.1086,27108600.0,ETFCOM_VALIDATED_ACTUAL,https://api-prod.etf.com/private/apps/fundflows/IHI/charts?startDate=20260701&endDate=20260831,87858120.0,22863530.0,3488298277.6,0.655435062615415,ETF.com daily actual fund-flow fallback; USD-million chart scale validated against canonical issuer-derived references. Issuer exact flow remains preferred when its own unit QA is clean.
2026-08-05,IHI,-2.70498,-2704980.0,ETFCOM_VALIDATED_ACTUAL,https://api-prod.etf.com/private/apps/fundflows/IHI/charts?startDate=20260701&endDate=20260831,29830340.0,40917250.0,3488298277.6,1.1729859875443813,ETF.com daily actual fund-flow fallback; USD-million chart scale validated against canonical issuer-derived references. Issuer exact flow remains preferred when its own unit QA is clean.
2026-08-06,IHI,-18.8068,-18806800.0,ETFCOM_VALIDATED_ACTUAL,https://api-prod.etf.com/private/apps/fundflows/IHI/charts?startDate=20260701&endDate=20260831,-2298960.0,22110450.0,3488298277.6,0.6338463124550321,ETF.com daily actual fund-flow fallback; USD-million chart scale validated against canonical issuer-derived references. Issuer exact flow remains preferred when its own unit QA is clean.
2026-08-07,IHI,-10.819,-10819000.0,ETFCOM_VALIDATED_ACTUAL,https://api-prod.etf.com/private/apps/fundflows/IHI/charts?startDate=20260701&endDate=20260831,-7846390.0,102735350.0,3488298277.6,2.945142353786426,ETF.com daily actual fund-flow fallback; USD-million chart scale validated against canonical issuer-derived references. Issuer exact flow remains preferred when its own unit QA is clean.
2026-08-10,IHI,-2.71901,-2719010.0,ETFCOM_VALIDATED_ACTUAL,https://api-prod.etf.com/private/apps/fundflows/IHI/charts?startDate=20260701&endDate=20260831,-7941190.0,89758240.0,3488298277.6,2.573123995054545,ETF.com daily actual fund-flow fallback; USD-million chart scale validated against canonical issuer-derived references. Issuer exact flow remains preferred when its own unit QA is clean.
2026-08-11,IHI,11.0933,11093300.0,ETFCOM_VALIDATED_ACTUAL,https://api-prod.etf.com/private/apps/fundflows/IHI/charts?startDate=20260701&endDate=20260831,-23956490.0,39294440.0,3488298277.6,1.1264644497957081,ETF.com daily actual fund-flow fallback; USD-million chart scale validated against canonical issuer-derived references. Issuer exact flow remains preferred when its own unit QA is clean.
2026-08-12,IHI,0.0,0.0,ETFCOM_VALIDATED_ACTUAL,https://api-prod.etf.com/private/apps/fundflows/IHI/charts?startDate=20260701&endDate=20260831,-21251510.0,49568140.0,3488298277.6,1.4209834152744416,ETF.com daily actual fund-flow fallback; USD-million chart scale validated against canonical issuer-derived references. Issuer exact flow remains preferred when its own unit QA is clean.
2026-08-13,IHI,8.41547,8415470.0,ETFCOM_VALIDATED_ACTUAL,https://api-prod.etf.com/private/apps/fundflows/IHI/charts?startDate=20260701&endDate=20260831,5970760.0,65687700.0,3488298277.6,1.8830872469195523,ETF.com daily actual fund-flow fallback; USD-million chart scale validated against canonical issuer-derived references. Issuer exact flow remains preferred when its own unit QA is clean.
2026-08-14,IHI,-8.41624,-8416240.0,ETFCOM_VALIDATED_ACTUAL,https://api-prod.etf.com/private/apps/fundflows/IHI/charts?startDate=20260701&endDate=20260831,8373520.0,99087860.0,3488298277.6,2.8405787611767503,ETF.com daily actual fund-flow fallback; USD-million chart scale validated against canonical issuer-derived references. Issuer exact flow remains preferred when its own unit QA is clean.
2026-08-17,IHI,-22.3083,-22308300.0,ETFCOM_VALIDATED_ACTUAL,https://api-prod.etf.com/private/apps/fundflows/IHI/charts?startDate=20260701&endDate=20260831,-11215770.0,69300760.0,3488298277.6,1.986663825310258,ETF.com daily actual fund-flow fallback; USD-million chart scale validated against canonical issuer-derived references. Issuer exact flow remains preferred when its own unit QA is clean.
2026-08-18,IHI,-19.2762,-19276200.0,ETFCOM_VALIDATED_ACTUAL,https://api-prod.etf.com/private/apps/fundflows/IHI/charts?startDate=20260701&endDate=20260831,-41585270.0,5657960.0,3488298277.6,0.16219828551739443,ETF.com daily actual fund-flow fallback; USD-million chart scale validated against canonical issuer-derived references. Issuer exact flow remains preferred when its own unit QA is clean.
2026-08-19,IHI,19.4,19400000.0,ETFCOM_VALIDATED_ACTUAL,https://api-prod.etf.com/private/apps/fundflows/IHI/charts?startDate=20260701&endDate=20260831,-22185270.0,68031260.0,3488298277.6,1.9502707218835225,ETF.com daily actual fund-flow fallback; USD-million chart scale validated against canonical issuer-derived references. Issuer exact flow remains preferred when its own unit QA is clean.
2026-08-20,IHI,8.49194,8491940.0,ETFCOM_VALIDATED_ACTUAL,https://api-prod.etf.com/private/apps/fundflows/IHI/charts?startDate=20260701&endDate=20260831,-22108800.0,73995000.0,3488298277.6,2.1212348862239394,ETF.com daily actual fund-flow fallback; USD-million chart scale validated against canonical issuer-derived references. Issuer exact flow remains preferred when its own unit QA is clean.
2026-08-21,IHI,22.1634,22163400.0,ETFCOM_VALIDATED_ACTUAL,https://api-prod.etf.com/private/apps/fundflows/IHI/charts?startDate=20260701&endDate=20260831,8470840.0,138626900.0,3488298277.6,3.974055226016318,ETF.com daily actual fund-flow fallback; USD-million chart scale validated against canonical issuer-derived references. Issuer exact flow remains preferred when its own unit QA is clean.
2026-08-24,IHI,11.2372,11237200.0,ETFCOM_VALIDATED_ACTUAL,https://api-prod.etf.com/private/apps/fundflows/IHI/charts?startDate=20260701&endDate=20260831,42016340.0,127263300.0,3488298277.6,3.648291799391622,ETF.com daily actual fund-flow fallback; USD-million chart scale validated against canonical issuer-derived references. Issuer exact flow remains preferred when its own unit QA is clean.
2026-08-25,IHI,27.9291,27929100.0,ETFCOM_VALIDATED_ACTUAL,https://api-prod.etf.com/private/apps/fundflows/IHI/charts?startDate=20260701&endDate=20260831,89221640.0,111538000.0,3488298277.6,3.197490326909193,ETF.com daily actual fund-flow fallback; USD-million chart scale validated against canonical issuer-derived references. Issuer exact flow remains preferred when its own unit QA is clean.
2026-08-26,IHI,44.5563,44556300.0,ETFCOM_VALIDATED_ACTUAL,https://api-prod.etf.com/private/apps/fundflows/IHI/charts?startDate=20260701&endDate=20260831,114377940.0,100771500.0,3488298277.6,2.8888441291589393,ETF.com daily actual fund-flow fallback; USD-million chart scale validated against canonical issuer-derived references. Issuer exact flow remains preferred when its own unit QA is clean.
2026-08-27,IHI,16.6202,16620200.0,ETFCOM_VALIDATED_ACTUAL,https://api-prod.etf.com/private/apps/fundflows/IHI/charts?startDate=20260701&endDate=20260831,122506200.0,104069200.0,3488298277.6,2.983380196248617,ETF.com daily actual fund-flow fallback; USD-million chart scale validated against canonical issuer-derived references. Issuer exact flow remains preferred when its own unit QA is clean.
2026-08-28,IHI,-30.0506,-30050600.0,ETFCOM_VALIDATED_ACTUAL,https://api-prod.etf.com/private/apps/fundflows/IHI/charts?startDate=20260701&endDate=20260831,70292200.0,79290170.0,3488298277.6,2.2730329716687185,ETF.com daily actual fund-flow fallback; USD-million chart scale validated against canonical issuer-derived references. Issuer exact flow remains preferred when its own unit QA is clean.
2026-08-31,IHI,-11.0389,-11038900.0,ETFCOM_VALIDATED_ACTUAL,https://api-prod.etf.com/private/apps/fundflows/IHI/charts?startDate=20260701&endDate=20260831,48016100.0,70875480.0,3488298277.6,2.0318067538869804,ETF.com daily actual fund-flow fallback; USD-million chart scale validated against canonical issuer-derived references. Issuer exact flow remains preferred when its own unit QA is clean.
2026-07-01,ITA,0.0,0.0,ETFCOM_VALIDATED_ACTUAL,https://api-prod.etf.com/private/apps/fundflows/ITA/charts?startDate=20260701&endDate=20260831,,,13896630903.9,,ETF.com daily actual fund-flow fallback; USD-million chart scale validated against canonical issuer-derived references. Issuer exact flow remains preferred when its own unit QA is clean.
2026-07-02,ITA,-85.3809,-85380900.0,ETFCOM_VALIDATED_ACTUAL,https://api-prod.etf.com/private/apps/fundflows/ITA/charts?startDate=20260701&endDate=20260831,,,13896630903.9,,ETF.com daily actual fund-flow fallback; USD-million chart scale validated against canonical issuer-derived references. Issuer exact flow remains preferred when its own unit QA is clean.
2026-07-06,ITA,-24.8591,-24859100.0,ETFCOM_VALIDATED_ACTUAL,https://api-prod.etf.com/private/apps/fundflows/ITA/charts?startDate=20260701&endDate=20260831,,,13896630903.9,,ETF.com daily actual fund-flow fallback; USD-million chart scale validated against canonical issuer-derived references. Issuer exact flow remains preferred when its own unit QA is clean.
2026-07-07,ITA,75.1558,75155800.0,ETFCOM_VALIDATED_ACTUAL,https://api-prod.etf.com/private/apps/fundflows/ITA/charts?startDate=20260701&endDate=20260831,,,13896630903.9,,ETF.com daily actual fund-flow fallback; USD-million chart scale validated against canonical issuer-derived references. Issuer exact flow remains preferred when its own unit QA is clean.
2026-07-08,ITA,24.5164,24516400.0,ETFCOM_VALIDATED_ACTUAL,https://api-prod.etf.com/private/apps/fundflows/ITA/charts?startDate=20260701&endDate=20260831,-10567800.0,,13896630903.9,,ETF.com daily actual fund-flow fallback; USD-million chart scale validated against canonical issuer-derived references. Issuer exact flow remains preferred when its own unit QA is clean.
2026-07-09,ITA,11.9809,11980900.0,ETFCOM_VALIDATED_ACTUAL,https://api-prod.etf.com/private/apps/fundflows/ITA/charts?startDate=20260701&endDate=20260831,1413100.0,,13896630903.9,,ETF.com daily actual fund-flow fallback; USD-million chart scale validated against canonical issuer-derived references. Issuer exact flow remains preferred when its own unit QA is clean.
2026-07-10,ITA,-11.9799,-11979900.0,ETFCOM_VALIDATED_ACTUAL,https://api-prod.etf.com/private/apps/fundflows/ITA/charts?startDate=20260701&endDate=20260831,74814100.0,,13896630903.9,,ETF.com daily actual fund-flow fallback; USD-million chart scale validated against canonical issuer-derived references. Issuer exact flow remains preferred when its own unit QA is clean.
2026-07-13,ITA,-11.9548,-11954800.0,ETFCOM_VALIDATED_ACTUAL,https://api-prod.etf.com/private/apps/fundflows/ITA/charts?startDate=20260701&endDate=20260831,87718400.0,,13896630903.9,,ETF.com daily actual fund-flow fallback; USD-million chart scale validated against canonical issuer-derived references. Issuer exact flow remains preferred when its own unit QA is clean.
2026-07-14,ITA,-46.9942,-46994200.0,ETFCOM_VALIDATED_ACTUAL,https://api-prod.etf.com/private/apps/fundflows/ITA/charts?startDate=20260701&endDate=20260831,-34431600.0,,13896630903.9,,ETF.com daily actual fund-flow fallback; USD-million chart scale validated against canonical issuer-derived references. Issuer exact flow remains preferred when its own unit QA is clean.
2026-07-15,ITA,-11.7493,-11749300.0,ETFCOM_VALIDATED_ACTUAL,https://api-prod.etf.com/private/apps/fundflows/ITA/charts?startDate=20260701&endDate=20260831,-70697300.0,,13896630903.9,,ETF.com daily actual fund-flow fallback; USD-million chart scale validated against canonical issuer-derived references. Issuer exact flow remains preferred when its own unit QA is clean.
2026-07-16,ITA,-35.4692,-35469200.0,ETFCOM_VALIDATED_ACTUAL,https://api-prod.etf.com/private/apps/fundflows/ITA/charts?startDate=20260701&endDate=20260831,-118147400.0,,13896630903.9,,ETF.com daily actual fund-flow fallback; USD-million chart scale validated against canonical issuer-derived references. Issuer exact flow remains preferred when its own unit QA is clean.
2026-07-17,ITA,-57.7471,-57747100.0,ETFCOM_VALIDATED_ACTUAL,https://api-prod.etf.com/private/apps/fundflows/ITA/charts?startDate=20260701&endDate=20260831,-163914600.0,,13896630903.9,,ETF.com daily actual fund-flow fallback; USD-million chart scale validated against canonical issuer-derived references. Issuer exact flow remains preferred when its own unit QA is clean.
2026-07-20,ITA,0.0,0.0,ETFCOM_VALIDATED_ACTUAL,https://api-prod.etf.com/private/apps/fundflows/ITA/charts?startDate=20260701&endDate=20260831,-151959800.0,,13896630903.9,,ETF.com daily actual fund-flow fallback; USD-million chart scale validated against canonical issuer-derived references. Issuer exact flow remains preferred when its own unit QA is clean.
2026-07-21,ITA,57.2938,57293800.0,ETFCOM_VALIDATED_ACTUAL,https://api-prod.etf.com/private/apps/fundflows/ITA/charts?startDate=20260701&endDate=20260831,-47671800.0,,13896630903.9,,ETF.com daily actual fund-flow fallback; USD-million chart scale validated against canonical issuer-derived references. Issuer exact flow remains preferred when its own unit QA is clean.
2026-07-22,ITA,11.4931,11493100.0,ETFCOM_VALIDATED_ACTUAL,https://api-prod.etf.com/private/apps/fundflows/ITA/charts?startDate=20260701&endDate=20260831,-24429400.0,,13896630903.9,,ETF.com daily actual fund-flow fallback; USD-million chart scale validated against canonical issuer-derived references. Issuer exact flow remains preferred when its own unit QA is clean.
2026-07-27,ITA,0.0,0.0,ETFCOM_VALIDATED_ACTUAL,https://api-prod.etf.com/private/apps/fundflows/ITA/charts?startDate=20260701&endDate=20260831,11039800.0,,13896630903.9,,ETF.com daily actual fund-flow fallback; USD-million chart scale validated against canonical issuer-derived references. Issuer exact flow remains preferred when its own unit QA is clean.
2026-07-28,ITA,-48.7835,-48783500.0,ETFCOM_VALIDATED_ACTUAL,https://api-prod.etf.com/private/apps/fundflows/ITA/charts?startDate=20260701&endDate=20260831,20003400.0,,13896630903.9,,ETF.com daily actual fund-flow fallback; USD-million chart scale validated against canonical issuer-derived references. Issuer exact flow remains preferred when its own unit QA is clean.
2026-07-29,ITA,-36.7312,-36731200.0,ETFCOM_VALIDATED_ACTUAL,https://api-prod.etf.com/private/apps/fundflows/ITA/charts?startDate=20260701&endDate=20260831,-16727800.0,,13896630903.9,,ETF.com daily actual fund-flow fallback; USD-million chart scale validated against canonical issuer-derived references. Issuer exact flow remains preferred when its own unit QA is clean.
2026-07-30,ITA,-35.4086,-35408600.0,ETFCOM_VALIDATED_ACTUAL,https://api-prod.etf.com/private/apps/fundflows/ITA/charts?startDate=20260701&endDate=20260831,-109430200.0,,13896630903.9,,ETF.com daily actual fund-flow fallback; USD-million chart scale validated against canonical issuer-derived references. Issuer exact flow remains preferred when its own unit QA is clean.
2026-07-31,ITA,59.4427,59442700.0,ETFCOM_VALIDATED_ACTUAL,https://api-prod.etf.com/private/apps/fundflows/ITA/charts?startDate=20260701&endDate=20260831,-61480600.0,-167175100.0,13896630903.9,-1.2029901431222685,ETF.com daily actual fund-flow fallback; USD-million chart scale validated against canonical issuer-derived references. Issuer exact flow remains preferred when its own unit QA is clean.
2026-08-03,ITA,0.0,0.0,ETFCOM_VALIDATED_ACTUAL,https://api-prod.etf.com/private/apps/fundflows/ITA/charts?startDate=20260701&endDate=20260831,-61480600.0,-167175100.0,13896630903.9,-1.2029901431222685,ETF.com daily actual fund-flow fallback; USD-million chart scale validated against canonical issuer-derived references. Issuer exact flow remains preferred when its own unit QA is clean.
2026-08-04,ITA,36.9169,36916900.0,ETFCOM_VALIDATED_ACTUAL,https://api-prod.etf.com/private/apps/fundflows/ITA/charts?startDate=20260701&endDate=20260831,24219800.0,-44877300.0,13896630903.9,-0.3229365470691567,ETF.com daily actual fund-flow fallback; USD-million chart scale validated against canonical issuer-derived references. Issuer exact flow remains preferred when its own unit QA is clean.
2026-08-05,ITA,50.0869,50086900.0,ETFCOM_VALIDATED_ACTUAL,https://api-prod.etf.com/private/apps/fundflows/ITA/charts?startDate=20260701&endDate=20260831,111037900.0,30068700.0,13896630903.9,0.2163740276901318,ETF.com daily actual fund-flow fallback; USD-million chart scale validated against canonical issuer-derived references. Issuer exact flow remains preferred when its own unit QA is clean.
2026-08-06,ITA,113.422,113422000.0,ETFCOM_VALIDATED_ACTUAL,https://api-prod.etf.com/private/apps/fundflows/ITA/charts?startDate=20260701&endDate=20260831,259868500.0,68334900.0,13896630903.9,0.4917371733664039,ETF.com daily actual fund-flow fallback; USD-million chart scale validated against canonical issuer-derived references. Issuer exact flow remains preferred when its own unit QA is clean.
2026-08-07,ITA,112.461,112461000.0,ETFCOM_VALIDATED_ACTUAL,https://api-prod.etf.com/private/apps/fundflows/ITA/charts?startDate=20260701&endDate=20260831,312886800.0,156279500.0,13896630903.9,1.1245855278212877,ETF.com daily actual fund-flow fallback; USD-million chart scale validated against canonical issuer-derived references. Issuer exact flow remains preferred when its own unit QA is clean.
2026-08-10,ITA,-100.282,-100282000.0,ETFCOM_VALIDATED_ACTUAL,https://api-prod.etf.com/private/apps/fundflows/ITA/charts?startDate=20260701&endDate=20260831,212604800.0,44016600.0,13896630903.9,0.31674295953019105,ETF.com daily actual fund-flow fallback; USD-million chart scale validated against canonical issuer-derived references. Issuer exact flow remains preferred when its own unit QA is clean.
2026-08-11,ITA,37.6517,37651700.0,ETFCOM_VALIDATED_ACTUAL,https://api-prod.etf.com/private/apps/fundflows/ITA/charts?startDate=20260701&endDate=20260831,213339600.0,93648200.0,13896630903.9,0.6738913960341153,ETF.com daily actual fund-flow fallback; USD-million chart scale validated against canonical issuer-derived references. Issuer exact flow remains preferred when its own unit QA is clean.
2026-08-12,ITA,0.0,0.0,ETFCOM_VALIDATED_ACTUAL,https://api-prod.etf.com/private/apps/fundflows/ITA/charts?startDate=20260701&endDate=20260831,163252700.0,105603000.0,13896630903.9,0.7599180026459738,ETF.com daily actual fund-flow fallback; USD-million chart scale validated against canonical issuer-derived references. Issuer exact flow remains preferred when its own unit QA is clean.
2026-08-13,ITA,0.0,0.0,ETFCOM_VALIDATED_ACTUAL,https://api-prod.etf.com/private/apps/fundflows/ITA/charts?startDate=20260701&endDate=20260831,49830700.0,152597200.0,13896630903.9,1.0980877383537226,ETF.com daily actual fund-flow fallback; USD-million chart scale validated against canonical issuer-derived references. Issuer exact flow remains preferred when its own unit QA is clean.
2026-08-14,ITA,24.9613,24961300.0,ETFCOM_VALIDATED_ACTUAL,https://api-prod.etf.com/private/apps/fundflows/ITA/charts?startDate=20260701&endDate=20260831,-37669000.0,189307800.0,13896630903.9,1.3622568038910208,ETF.com daily actual fund-flow fallback; USD-million chart scale validated against canonical issuer-derived references. Issuer exact flow remains preferred when its own unit QA is clean.
2026-08-17,ITA,0.0,0.0,ETFCOM_VALIDATED_ACTUAL,https://api-prod.etf.com/private/apps/fundflows/ITA/charts?startDate=20260701&endDate=20260831,62613000.0,224777000.0,13896630903.9,1.6174927689625678,ETF.com daily actual fund-flow fallback; USD-million chart scale validated against canonical issuer-derived references. Issuer exact flow remains preferred when its own unit QA is clean.
2026-08-18,ITA,12.5625,12562500.0,ETFCOM_VALIDATED_ACTUAL,https://api-prod.etf.com/private/apps/fundflows/ITA/charts?startDate=20260701&endDate=20260831,37523800.0,295086600.0,13896630903.9,2.1234398613637055,ETF.com daily actual fund-flow fallback; USD-million chart scale validated against canonical issuer-derived references. Issuer exact flow remains preferred when its own unit QA is clean.
2026-08-19,ITA,-12.6075,-12607500.0,ETFCOM_VALIDATED_ACTUAL,https://api-prod.etf.com/private/apps/fundflows/ITA/charts?startDate=20260701&endDate=20260831,24916300.0,282479100.0,13896630903.9,2.0327164328781593,ETF.com daily actual fund-flow fallback; USD-million chart scale validated against canonical issuer-derived references. Issuer exact flow remains preferred when its own unit QA is clean.
2026-08-20,ITA,0.0,0.0,ETFCOM_VALIDATED_ACTUAL,https://api-prod.etf.com/private/apps/fundflows/ITA/charts?startDate=20260701&endDate=20260831,24916300.0,225185300.0,13896630903.9,1.6204308911795535,ETF.com daily actual fund-flow fallback; USD-million chart scale validated against canonical issuer-derived references. Issuer exact flow remains preferred when its own unit QA is clean.
2026-08-21,ITA,47.4775,47477500.0,ETFCOM_VALIDATED_ACTUAL,https://api-prod.etf.com/private/apps/fundflows/ITA/charts?startDate=20260701&endDate=20260831,47432500.0,261169700.0,13896630903.9,1.879374229668174,ETF.com daily actual fund-flow fallback; USD-million chart scale validated against canonical issuer-derived references. Issuer exact flow remains preferred when its own unit QA is clean.
2026-08-24,ITA,0.0,0.0,ETFCOM_VALIDATED_ACTUAL,https://api-prod.etf.com/private/apps/fundflows/ITA/charts?startDate=20260701&endDate=20260831,47432500.0,261169700.0,13896630903.9,1.879374229668174,ETF.com daily actual fund-flow fallback; USD-million chart scale validated against canonical issuer-derived references. Issuer exact flow remains preferred when its own unit QA is clean.
2026-08-25,ITA,0.0,0.0,ETFCOM_VALIDATED_ACTUAL,https://api-prod.etf.com/private/apps/fundflows/ITA/charts?startDate=20260701&endDate=20260831,34870000.0,309953200.0,13896630903.9,2.2304197480917023,ETF.com daily actual fund-flow fallback; USD-million chart scale validated against canonical issuer-derived references. Issuer exact flow remains preferred when its own unit QA is clean.
2026-08-26,ITA,-23.4387,-23438700.0,ETFCOM_VALIDATED_ACTUAL,https://api-prod.etf.com/private/apps/fundflows/ITA/charts?startDate=20260701&endDate=20260831,24038800.0,323245700.0,13896630903.9,2.3260724288883803,ETF.com daily actual fund-flow fallback; USD-million chart scale validated against canonical issuer-derived references. Issuer exact flow remains preferred when its own unit QA is clean.
2026-08-27,ITA,0.0,0.0,ETFCOM_VALIDATED_ACTUAL,https://api-prod.etf.com/private/apps/fundflows/ITA/charts?startDate=20260701&endDate=20260831,24038800.0,358654300.0,13896630903.9,2.5808723170401393,ETF.com daily actual fund-flow fallback; USD-million chart scale validated against canonical issuer-derived references. Issuer exact flow remains preferred when its own unit QA is clean.
2026-08-28,ITA,-35.1335,-35133500.0,ETFCOM_VALIDATED_ACTUAL,https://api-prod.etf.com/private/apps/fundflows/ITA/charts?startDate=20260701&endDate=20260831,-58572200.0,264078100.0,13896630903.9,1.9003030434224757,ETF.com daily actual fund-flow fallback; USD-million chart scale validated against canonical issuer-derived references. Issuer exact flow remains preferred when its own unit QA is clean.
2026-08-31,ITA,-46.5549,-46554900.0,ETFCOM_VALIDATED_ACTUAL,https://api-prod.etf.com/private/apps/fundflows/ITA/charts?startDate=20260701&endDate=20260831,-105127100.0,217523200.0,13896630903.9,1.5652945055837493,ETF.com daily actual fund-flow fallback; USD-million chart scale validated against canonical issuer-derived references. Issuer exact flow remains preferred when its own unit QA is clean.
2026-07-01,IYT,-4.33935,-4339350.0,ETFCOM_VALIDATED_ACTUAL,https://api-prod.etf.com/private/apps/fundflows/IYT/charts?startDate=20260701&endDate=20260831,,,2237445211.4,,ETF.com daily actual fund-flow fallback; USD-million chart scale validated against canonical issuer-derived references. Issuer exact flow remains preferred when its own unit QA is clean.
2026-07-02,IYT,8.75484,8754840.0,ETFCOM_VALIDATED_ACTUAL,https://api-prod.etf.com/private/apps/fundflows/IYT/charts?startDate=20260701&endDate=20260831,,,2237445211.4,,ETF.com daily actual fund-flow fallback; USD-million chart scale validated against canonical issuer-derived references. Issuer exact flow remains preferred when its own unit QA is clean.
2026-07-06,IYT,0.0,0.0,ETFCOM_VALIDATED_ACTUAL,https://api-prod.etf.com/private/apps/fundflows/IYT/charts?startDate=20260701&endDate=20260831,,,2237445211.4,,ETF.com daily actual fund-flow fallback; USD-million chart scale validated against canonical issuer-derived references. Issuer exact flow remains preferred when its own unit QA is clean.
2026-07-07,IYT,8.74058,8740580.0,ETFCOM_VALIDATED_ACTUAL,https://api-prod.etf.com/private/apps/fundflows/IYT/charts?startDate=20260701&endDate=20260831,,,2237445211.4,,ETF.com daily actual fund-flow fallback; USD-million chart scale validated against canonical issuer-derived references. Issuer exact flow remains preferred when its own unit QA is clean.
2026-07-08,IYT,4.35984,4359840.0,ETFCOM_VALIDATED_ACTUAL,https://api-prod.etf.com/private/apps/fundflows/IYT/charts?startDate=20260701&endDate=20260831,17515910.0,,2237445211.4,,ETF.com daily actual fund-flow fallback; USD-million chart scale validated against canonical issuer-derived references. Issuer exact flow remains preferred when its own unit QA is clean.
2026-07-09,IYT,8.65813,8658130.0,ETFCOM_VALIDATED_ACTUAL,https://api-prod.etf.com/private/apps/fundflows/IYT/charts?startDate=20260701&endDate=20260831,30513390.0,,2237445211.4,,ETF.com daily actual fund-flow fallback; USD-million chart scale validated against canonical issuer-derived references. Issuer exact flow remains preferred when its own unit QA is clean.
2026-07-10,IYT,22.0381,22038100.0,ETFCOM_VALIDATED_ACTUAL,https://api-prod.etf.com/private/apps/fundflows/IYT/charts?startDate=20260701&endDate=20260831,43796650.0,,2237445211.4,,ETF.com daily actual fund-flow fallback; USD-million chart scale validated against canonical issuer-derived references. Issuer exact flow remains preferred when its own unit QA is clean.
2026-07-13,IYT,-8.80688,-8806880.0,ETFCOM_VALIDATED_ACTUAL,https://api-prod.etf.com/private/apps/fundflows/IYT/charts?startDate=20260701&endDate=20260831,34989770.0,,2237445211.4,,ETF.com daily actual fund-flow fallback; USD-million chart scale validated against canonical issuer-derived references. Issuer exact flow remains preferred when its own unit QA is clean.
2026-07-14,IYT,-8.80311,-8803110.0,ETFCOM_VALIDATED_ACTUAL,https://api-prod.etf.com/private/apps/fundflows/IYT/charts?startDate=20260701&endDate=20260831,17446080.0,,2237445211.4,,ETF.com daily actual fund-flow fallback; USD-million chart scale validated against canonical issuer-derived references. Issuer exact flow remains preferred when its own unit QA is clean.
2026-07-15,IYT,4.38104,4381040.0,ETFCOM_VALIDATED_ACTUAL,https://api-prod.etf.com/private/apps/fundflows/IYT/charts?startDate=20260701&endDate=20260831,17467280.0,,2237445211.4,,ETF.com daily actual fund-flow fallback; USD-million chart scale validated against canonical issuer-derived references. Issuer exact flow remains preferred when its own unit QA is clean.
2026-07-16,IYT,8.74674,8746740.0,ETFCOM_VALIDATED_ACTUAL,https://api-prod.etf.com/private/apps/fundflows/IYT/charts?startDate=20260701&endDate=20260831,17555890.0,,2237445211.4,,ETF.com daily actual fund-flow fallback; USD-million chart scale validated against canonical issuer-derived references. Issuer exact flow remains preferred when its own unit QA is clean.
2026-07-17,IYT,13.5031,13503100.0,ETFCOM_VALIDATED_ACTUAL,https://api-prod.etf.com/private/apps/fundflows/IYT/charts?startDate=20260701&endDate=20260831,9020890.0,,2237445211.4,,ETF.com daily actual fund-flow fallback; USD-million chart scale validated against canonical issuer-derived references. Issuer exact flow remains preferred when its own unit QA is clean.
2026-07-20,IYT,-4.46217,-4462170.0,ETFCOM_VALIDATED_ACTUAL,https://api-prod.etf.com/private/apps/fundflows/IYT/charts?startDate=20260701&endDate=20260831,13365600.0,,2237445211.4,,ETF.com daily actual fund-flow fallback; USD-million chart scale validated against canonical issuer-derived references. Issuer exact flow remains preferred when its own unit QA is clean.
2026-07-21,IYT,4.41333,4413330.0,ETFCOM_VALIDATED_ACTUAL,https://api-prod.etf.com/private/apps/fundflows/IYT/charts?startDate=20260701&endDate=20260831,26582040.0,,2237445211.4,,ETF.com daily actual fund-flow fallback; USD-million chart scale validated against canonical issuer-derived references. Issuer exact flow remains preferred when its own unit QA is clean.
2026-07-22,IYT,0.0,0.0,ETFCOM_VALIDATED_ACTUAL,https://api-prod.etf.com/private/apps/fundflows/IYT/charts?startDate=20260701&endDate=20260831,22201000.0,,2237445211.4,,ETF.com daily actual fund-flow fallback; USD-million chart scale validated against canonical issuer-derived references. Issuer exact flow remains preferred when its own unit QA is clean.
2026-07-27,IYT,-21.9972,-21997200.0,ETFCOM_VALIDATED_ACTUAL,https://api-prod.etf.com/private/apps/fundflows/IYT/charts?startDate=20260701&endDate=20260831,-8542940.0,,2237445211.4,,ETF.com daily actual fund-flow fallback; USD-million chart scale validated against canonical issuer-derived references. Issuer exact flow remains preferred when its own unit QA is clean.
2026-07-28,IYT,21.7936,21793600.0,ETFCOM_VALIDATED_ACTUAL,https://api-prod.etf.com/private/apps/fundflows/IYT/charts?startDate=20260701&endDate=20260831,-252440.0,,2237445211.4,,ETF.com daily actual fund-flow fallback; USD-million chart scale validated against canonical issuer-derived references. Issuer exact flow remains preferred when its own unit QA is clean.
2026-07-29,IYT,0.0,0.0,ETFCOM_VALIDATED_ACTUAL,https://api-prod.etf.com/private/apps/fundflows/IYT/charts?startDate=20260701&endDate=20260831,4209730.0,,2237445211.4,,ETF.com daily actual fund-flow fallback; USD-million chart scale validated against canonical issuer-derived references. Issuer exact flow remains preferred when its own unit QA is clean.
2026-07-30,IYT,-8.57704,-8577040.0,ETFCOM_VALIDATED_ACTUAL,https://api-prod.etf.com/private/apps/fundflows/IYT/charts?startDate=20260701&endDate=20260831,-8780640.0,,2237445211.4,,ETF.com daily actual fund-flow fallback; USD-million chart scale validated against canonical issuer-derived references. Issuer exact flow remains preferred when its own unit QA is clean.
2026-07-31,IYT,0.0,0.0,ETFCOM_VALIDATED_ACTUAL,https://api-prod.etf.com/private/apps/fundflows/IYT/charts?startDate=20260701&endDate=20260831,-8780640.0,48403550.0,2237445211.4,2.163340123520309,ETF.com daily actual fund-flow fallback; USD-million chart scale validated against canonical issuer-derived references. Issuer exact flow remains preferred when its own unit QA is clean.
2026-08-03,IYT,-4.24628,-4246280.0,ETFCOM_VALIDATED_ACTUAL,https://api-prod.etf.com/private/apps/fundflows/IYT/charts?startDate=20260701&endDate=20260831,8970280.0,48496620.0,2237445211.4,2.1674997784484296,ETF.com daily actual fund-flow fallback; USD-million chart scale validated against canonical issuer-derived references. Issuer exact flow remains preferred when its own unit QA is clean.
2026-08-04,IYT,-12.8794,-12879400.0,ETFCOM_VALIDATED_ACTUAL,https://api-prod.etf.com/private/apps/fundflows/IYT/charts?startDate=20260701&endDate=20260831,-25702720.0,26862380.0,2237445211.4,1.200582694187709,ETF.com daily actual fund-flow fallback; USD-million chart scale validated against canonical issuer-derived references. Issuer exact flow remains preferred when its own unit QA is clean.
2026-08-05,IYT,0.0,0.0,ETFCOM_VALIDATED_ACTUAL,https://api-prod.etf.com/private/apps/fundflows/IYT/charts?startDate=20260701&endDate=20260831,-25702720.0,26862380.0,2237445211.4,1.200582694187709,ETF.com daily actual fund-flow fallback; USD-million chart scale validated against canonical issuer-derived references. Issuer exact flow remains preferred when its own unit QA is clean.
2026-08-06,IYT,0.0,0.0,ETFCOM_VALIDATED_ACTUAL,https://api-prod.etf.com/private/apps/fundflows/IYT/charts?startDate=20260701&endDate=20260831,-17125680.0,18121800.0,2237445211.4,0.8099326815989806,ETF.com daily actual fund-flow fallback; USD-million chart scale validated against canonical issuer-derived references. Issuer exact flow remains preferred when its own unit QA is clean.
2026-08-07,IYT,-12.9396,-12939600.0,ETFCOM_VALIDATED_ACTUAL,https://api-prod.etf.com/private/apps/fundflows/IYT/charts?startDate=20260701&endDate=20260831,-30065280.0,822360.0,2237445211.4,0.03675441954109071,ETF.com daily actual fund-flow fallback; USD-million chart scale validated against canonical issuer-derived references. Issuer exact flow remains preferred when its own unit QA is clean.
2026-08-10,IYT,0.0,0.0,ETFCOM_VALIDATED_ACTUAL,https://api-prod.etf.com/private/apps/fundflows/IYT/charts?startDate=20260701&endDate=20260831,-25819000.0,-7835770.0,2237445211.4,-0.3502105866135176,ETF.com daily actual fund-flow fallback; USD-million chart scale validated against canonical issuer-derived references. Issuer exact flow remains preferred when its own unit QA is clean.
2026-08-11,IYT,0.0,0.0,ETFCOM_VALIDATED_ACTUAL,https://api-prod.etf.com/private/apps/fundflows/IYT/charts?startDate=20260701&endDate=20260831,-12939600.0,-29873870.0,2237445211.4,-1.3351777217958114,ETF.com daily actual fund-flow fallback; USD-million chart scale validated against canonical issuer-derived references. Issuer exact flow remains preferred when its own unit QA is clean.
2026-08-12,IYT,13.045,13045000.0,ETFCOM_VALIDATED_ACTUAL,https://api-prod.etf.com/private/apps/fundflows/IYT/charts?startDate=20260701&endDate=20260831,105400.0,-8021990.0,2237445211.4,-0.3585334719763051,ETF.com daily actual fund-flow fallback; USD-million chart scale validated against canonical issuer-derived references. Issuer exact flow remains preferred when its own unit QA is clean.
2026-08-13,IYT,0.0,0.0,ETFCOM_VALIDATED_ACTUAL,https://api-prod.etf.com/private/apps/fundflows/IYT/charts?startDate=20260701&endDate=20260831,105400.0,781120.0,2237445211.4,0.034911245916553306,ETF.com daily actual fund-flow fallback; USD-million chart scale validated against canonical issuer-derived references. Issuer exact flow remains preferred when its own unit QA is clean.
2026-08-14,IYT,-8.81145,-8811450.0,ETFCOM_VALIDATED_ACTUAL,https://api-prod.etf.com/private/apps/fundflows/IYT/charts?startDate=20260701&endDate=20260831,4233550.0,-12411370.0,2237445211.4,-0.554711683520243,ETF.com daily actual fund-flow fallback; USD-million chart scale validated against canonical issuer-derived references. Issuer exact flow remains preferred when its own unit QA is clean.
2026-08-17,IYT,0.0,0.0,ETFCOM_VALIDATED_ACTUAL,https://api-prod.etf.com/private/apps/fundflows/IYT/charts?startDate=20260701&endDate=20260831,4233550.0,-21158110.0,2237445211.4,-0.9456370101130245,ETF.com daily actual fund-flow fallback; USD-million chart scale validated against canonical issuer-derived references. Issuer exact flow remains preferred when its own unit QA is clean.
2026-08-18,IYT,0.0,0.0,ETFCOM_VALIDATED_ACTUAL,https://api-prod.etf.com/private/apps/fundflows/IYT/charts?startDate=20260701&endDate=20260831,4233550.0,-34661210.0,2237445211.4,-1.5491422906535444,ETF.com daily actual fund-flow fallback; USD-million chart scale validated against canonical issuer-derived references. Issuer exact flow remains preferred when its own unit QA is clean.
2026-08-19,IYT,4.30745,4307450.0,ETFCOM_VALIDATED_ACTUAL,https://api-prod.etf.com/private/apps/fundflows/IYT/charts?startDate=20260701&endDate=20260831,-4504000.0,-25891590.0,2237445211.4,-1.1571943691885656,ETF.com daily actual fund-flow fallback; USD-million chart scale validated against canonical issuer-derived references. Issuer exact flow remains preferred when its own unit QA is clean.
2026-08-20,IYT,8.65496,8654960.0,ETFCOM_VALIDATED_ACTUAL,https://api-prod.etf.com/private/apps/fundflows/IYT/charts?startDate=20260701&endDate=20260831,4150960.0,-21649960.0,2237445211.4,-0.9676196712970381,ETF.com daily actual fund-flow fallback; USD-million chart scale validated against canonical issuer-derived references. Issuer exact flow remains preferred when its own unit QA is clean.
2026-08-21,IYT,-21.5678,-21567800.0,ETFCOM_VALIDATED_ACTUAL,https://api-prod.etf.com/private/apps/fundflows/IYT/charts?startDate=20260701&endDate=20260831,-8605390.0,-43217760.0,2237445211.4,-1.931567297371186,ETF.com daily actual fund-flow fallback; USD-million chart scale validated against canonical issuer-derived references. Issuer exact flow remains preferred when its own unit QA is clean.
2026-08-24,IYT,0.0,0.0,ETFCOM_VALIDATED_ACTUAL,https://api-prod.etf.com/private/apps/fundflows/IYT/charts?startDate=20260701&endDate=20260831,-8605390.0,-21220560.0,2237445211.4,-0.9484281399106084,ETF.com daily actual fund-flow fallback; USD-million chart scale validated against canonical issuer-derived references. Issuer exact flow remains preferred when its own unit QA is clean.
2026-08-25,IYT,-4.34272,-4342720.0,ETFCOM_VALIDATED_ACTUAL,https://api-prod.etf.com/private/apps/fundflows/IYT/charts?startDate=20260701&endDate=20260831,-12948110.0,-47356880.0,2237445211.4,-2.116560430562148,ETF.com daily actual fund-flow fallback; USD-million chart scale validated against canonical issuer-derived references. Issuer exact flow remains preferred when its own unit QA is clean.
2026-08-26,IYT,0.0,0.0,ETFCOM_VALIDATED_ACTUAL,https://api-prod.etf.com/private/apps/fundflows/IYT/charts?startDate=20260701&endDate=20260831,-17255560.0,-47356880.0,2237445211.4,-2.116560430562148,ETF.com daily actual fund-flow fallback; USD-million chart scale validated against canonical issuer-derived references. Issuer exact flow remains preferred when its own unit QA is clean.
2026-08-27,IYT,0.0,0.0,ETFCOM_VALIDATED_ACTUAL,https://api-prod.etf.com/private/apps/fundflows/IYT/charts?startDate=20260701&endDate=20260831,-25910520.0,-38779840.0,2237445211.4,-1.733219647230375,ETF.com daily actual fund-flow fallback; USD-million chart scale validated against canonical issuer-derived references. Issuer exact flow remains preferred when its own unit QA is clean.
2026-08-28,IYT,0.0,0.0,ETFCOM_VALIDATED_ACTUAL,https://api-prod.etf.com/private/apps/fundflows/IYT/charts?startDate=20260701&endDate=20260831,-4342720.0,-38779840.0,2237445211.4,-1.733219647230375,ETF.com daily actual fund-flow fallback; USD-million chart scale validated against canonical issuer-derived references. Issuer exact flow remains preferred when its own unit QA is clean.
2026-08-31,IYT,4.31939,4319390.0,ETFCOM_VALIDATED_ACTUAL,https://api-prod.etf.com/private/apps/fundflows/IYT/charts?startDate=20260701&endDate=20260831,-23330.0,-30214170.0,2237445211.4,-1.350387032766473,ETF.com daily actual fund-flow fallback; USD-million chart scale validated against canonical issuer-derived references. Issuer exact flow remains preferred when its own unit QA is clean.
2026-07-01,JETS,0.0,0.0,ETFCOM_VALIDATED_ACTUAL,https://api-prod.etf.com/private/apps/fundflows/JETS/charts?startDate=20260701&endDate=20260831,,,783483000.0,,ETF.com daily actual fund-flow fallback; USD-million chart scale validated against canonical issuer-derived references. Issuer exact flow remains preferred when its own unit QA is clean.
2026-07-02,JETS,0.0,0.0,ETFCOM_VALIDATED_ACTUAL,https://api-prod.etf.com/private/apps/fundflows/JETS/charts?startDate=20260701&endDate=20260831,,,783483000.0,,ETF.com daily actual fund-flow fallback; USD-million chart scale validated against canonical issuer-derived references. Issuer exact flow remains preferred when its own unit QA is clean.
2026-07-06,JETS,0.0,0.0,ETFCOM_VALIDATED_ACTUAL,https://api-prod.etf.com/private/apps/fundflows/JETS/charts?startDate=20260701&endDate=20260831,,,783483000.0,,ETF.com daily actual fund-flow fallback; USD-million chart scale validated against canonical issuer-derived references. Issuer exact flow remains preferred when its own unit QA is clean.
2026-07-07,JETS,0.0,0.0,ETFCOM_VALIDATED_ACTUAL,https://api-prod.etf.com/private/apps/fundflows/JETS/charts?startDate=20260701&endDate=20260831,,,783483000.0,,ETF.com daily actual fund-flow fallback; USD-million chart scale validated against canonical issuer-derived references. Issuer exact flow remains preferred when its own unit QA is clean.
2026-07-08,JETS,0.0,0.0,ETFCOM_VALIDATED_ACTUAL,https://api-prod.etf.com/private/apps/fundflows/JETS/charts?startDate=20260701&endDate=20260831,0.0,,783483000.0,,ETF.com daily actual fund-flow fallback; USD-million chart scale validated against canonical issuer-derived references. Issuer exact flow remains preferred when its own unit QA is clean.
2026-07-09,JETS,-14.3055,-14305500.0,ETFCOM_VALIDATED_ACTUAL,https://api-prod.etf.com/private/apps/fundflows/JETS/charts?startDate=20260701&endDate=20260831,-14305500.0,,783483000.0,,ETF.com daily actual fund-flow fallback; USD-million chart scale validated against canonical issuer-derived references. Issuer exact flow remains preferred when its own unit QA is clean.
2026-07-10,JETS,-25.944,-25944000.0,ETFCOM_VALIDATED_ACTUAL,https://api-prod.etf.com/private/apps/fundflows/JETS/charts?startDate=20260701&endDate=20260831,-40249500.0,,783483000.0,,ETF.com daily actual fund-flow fallback; USD-million chart scale validated against canonical issuer-derived references. Issuer exact flow remains preferred when its own unit QA is clean.
2026-07-13,JETS,0.0,0.0,ETFCOM_VALIDATED_ACTUAL,https://api-prod.etf.com/private/apps/fundflows/JETS/charts?startDate=20260701&endDate=20260831,-40249500.0,,783483000.0,,ETF.com daily actual fund-flow fallback; USD-million chart scale validated against canonical issuer-derived references. Issuer exact flow remains preferred when its own unit QA is clean.
2026-07-14,JETS,0.0,0.0,ETFCOM_VALIDATED_ACTUAL,https://api-prod.etf.com/private/apps/fundflows/JETS/charts?startDate=20260701&endDate=20260831,-40249500.0,,783483000.0,,ETF.com daily actual fund-flow fallback; USD-million chart scale validated against canonical issuer-derived references. Issuer exact flow remains preferred when its own unit QA is clean.
2026-07-15,JETS,-29.3075,-29307500.0,ETFCOM_VALIDATED_ACTUAL,https://api-prod.etf.com/private/apps/fundflows/JETS/charts?startDate=20260701&endDate=20260831,-69557000.0,,783483000.0,,ETF.com daily actual fund-flow fallback; USD-million chart scale validated against canonical issuer-derived references. Issuer exact flow remains preferred when its own unit QA is clean.
2026-07-16,JETS,0.0,0.0,ETFCOM_VALIDATED_ACTUAL,https://api-prod.etf.com/private/apps/fundflows/JETS/charts?startDate=20260701&endDate=20260831,-55251500.0,,783483000.0,,ETF.com daily actual fund-flow fallback; USD-million chart scale validated against canonical issuer-derived references. Issuer exact flow remains preferred when its own unit QA is clean.
2026-07-17,JETS,0.0,0.0,ETFCOM_VALIDATED_ACTUAL,https://api-prod.etf.com/private/apps/fundflows/JETS/charts?startDate=20260701&endDate=20260831,-29307500.0,,783483000.0,,ETF.com daily actual fund-flow fallback; USD-million chart scale validated against canonical issuer-derived references. Issuer exact flow remains preferred when its own unit QA is clean.
2026-07-20,JETS,-4.5735,-4573500.0,ETFCOM_VALIDATED_ACTUAL,https://api-prod.etf.com/private/apps/fundflows/JETS/charts?startDate=20260701&endDate=20260831,-33881000.0,,783483000.0,,ETF.com daily actual fund-flow fallback; USD-million chart scale validated against canonical issuer-derived references. Issuer exact flow remains preferred when its own unit QA is clean.
2026-07-21,JETS,-15.3,-15300000.0,ETFCOM_VALIDATED_ACTUAL,https://api-prod.etf.com/private/apps/fundflows/JETS/charts?startDate=20260701&endDate=20260831,-49181000.0,,783483000.0,,ETF.com daily actual fund-flow fallback; USD-million chart scale validated against canonical issuer-derived references. Issuer exact flow remains preferred when its own unit QA is clean.
2026-07-22,JETS,-36.66,-36660000.0,ETFCOM_VALIDATED_ACTUAL,https://api-prod.etf.com/private/apps/fundflows/JETS/charts?startDate=20260701&endDate=20260831,-56533500.0,,783483000.0,,ETF.com daily actual fund-flow fallback; USD-million chart scale validated against canonical issuer-derived references. Issuer exact flow remains preferred when its own unit QA is clean.
2026-07-27,JETS,0.0,0.0,ETFCOM_VALIDATED_ACTUAL,https://api-prod.etf.com/private/apps/fundflows/JETS/charts?startDate=20260701&endDate=20260831,-56533500.0,,783483000.0,,ETF.com daily actual fund-flow fallback; USD-million chart scale validated against canonical issuer-derived references. Issuer exact flow remains preferred when its own unit QA is clean.
2026-07-28,JETS,-6.192,-6192000.0,ETFCOM_VALIDATED_ACTUAL,https://api-prod.etf.com/private/apps/fundflows/JETS/charts?startDate=20260701&endDate=20260831,-62725500.0,,783483000.0,,ETF.com daily actual fund-flow fallback; USD-million chart scale validated against canonical issuer-derived references. Issuer exact flow remains preferred when its own unit QA is clean.
2026-07-29,JETS,0.0,0.0,ETFCOM_VALIDATED_ACTUAL,https://api-prod.etf.com/private/apps/fundflows/JETS/charts?startDate=20260701&endDate=20260831,-58152000.0,,783483000.0,,ETF.com daily actual fund-flow fallback; USD-million chart scale validated against canonical issuer-derived references. Issuer exact flow remains preferred when its own unit QA is clean.
2026-07-30,JETS,0.0,0.0,ETFCOM_VALIDATED_ACTUAL,https://api-prod.etf.com/private/apps/fundflows/JETS/charts?startDate=20260701&endDate=20260831,-42852000.0,,783483000.0,,ETF.com daily actual fund-flow fallback; USD-million chart scale validated against canonical issuer-derived references. Issuer exact flow remains preferred when its own unit QA is clean.
2026-07-31,JETS,15.83,15830000.0,ETFCOM_VALIDATED_ACTUAL,https://api-prod.etf.com/private/apps/fundflows/JETS/charts?startDate=20260701&endDate=20260831,9638000.0,-116452500.0,783483000.0,-14.863436730599132,ETF.com daily actual fund-flow fallback; USD-million chart scale validated against canonical issuer-derived references. Issuer exact flow remains preferred when its own unit QA is clean.
2026-08-03,JETS,0.0,0.0,ETFCOM_VALIDATED_ACTUAL,https://api-prod.etf.com/private/apps/fundflows/JETS/charts?startDate=20260701&endDate=20260831,9638000.0,-116452500.0,783483000.0,-14.863436730599132,ETF.com daily actual fund-flow fallback; USD-million chart scale validated against canonical issuer-derived references. Issuer exact flow remains preferred when its own unit QA is clean.
2026-08-04,JETS,48.87,48870000.0,ETFCOM_VALIDATED_ACTUAL,https://api-prod.etf.com/private/apps/fundflows/JETS/charts?startDate=20260701&endDate=20260831,64700000.0,-67582500.0,783483000.0,-8.625905093026907,ETF.com daily actual fund-flow fallback; USD-million chart scale validated against canonical issuer-derived references. Issuer exact flow remains preferred when its own unit QA is clean.
2026-08-05,JETS,0.0,0.0,ETFCOM_VALIDATED_ACTUAL,https://api-prod.etf.com/private/apps/fundflows/JETS/charts?startDate=20260701&endDate=20260831,64700000.0,-67582500.0,783483000.0,-8.625905093026907,ETF.com daily actual fund-flow fallback; USD-million chart scale validated against canonical issuer-derived references. Issuer exact flow remains preferred when its own unit QA is clean.
2026-08-06,JETS,-16.755,-16754999.999999998,ETFCOM_VALIDATED_ACTUAL,https://api-prod.etf.com/private/apps/fundflows/JETS/charts?startDate=20260701&endDate=20260831,47945000.0,-84337500.0,783483000.0,-10.764432667971098,ETF.com daily actual fund-flow fallback; USD-million chart scale validated against canonical issuer-derived references. Issuer exact flow remains preferred when its own unit QA is clean.
2026-08-07,JETS,35.904,35904000.0,ETFCOM_VALIDATED_ACTUAL,https://api-prod.etf.com/private/apps/fundflows/JETS/charts?startDate=20260701&endDate=20260831,68019000.0,-48433500.0,783483000.0,-6.181818878010116,ETF.com daily actual fund-flow fallback; USD-million chart scale validated against canonical issuer-derived references. Issuer exact flow remains preferred when its own unit QA is clean.
2026-08-10,JETS,0.0,0.0,ETFCOM_VALIDATED_ACTUAL,https://api-prod.etf.com/private/apps/fundflows/JETS/charts?startDate=20260701&endDate=20260831,68019000.0,-34128000.0,783483000.0,-4.355933696072538,ETF.com daily actual fund-flow fallback; USD-million chart scale validated against canonical issuer-derived references. Issuer exact flow remains preferred when its own unit QA is clean.
2026-08-11,JETS,0.0,0.0,ETFCOM_VALIDATED_ACTUAL,https://api-prod.etf.com/private/apps/fundflows/JETS/charts?startDate=20260701&endDate=20260831,19149000.0,-8184000.0,783483000.0,-1.0445663785940473,ETF.com daily actual fund-flow fallback; USD-million chart scale validated against canonical issuer-derived references. Issuer exact flow remains preferred when its own unit QA is clean.
2026-08-12,JETS,0.0,0.0,ETFCOM_VALIDATED_ACTUAL,https://api-prod.etf.com/private/apps/fundflows/JETS/charts?startDate=20260701&endDate=20260831,19149000.0,-8184000.0,783483000.0,-1.0445663785940473,ETF.com daily actual fund-flow fallback; USD-million chart scale validated against canonical issuer-derived references. Issuer exact flow remains preferred when its own unit QA is clean.
2026-08-13,JETS,0.0,0.0,ETFCOM_VALIDATED_ACTUAL,https://api-prod.etf.com/private/apps/fundflows/JETS/charts?startDate=20260701&endDate=20260831,35904000.0,-8184000.0,783483000.0,-1.0445663785940473,ETF.com daily actual fund-flow fallback; USD-million chart scale validated against canonical issuer-derived references. Issuer exact flow remains preferred when its own unit QA is clean.
2026-08-14,JETS,-11.151,-11151000.0,ETFCOM_VALIDATED_ACTUAL,https://api-prod.etf.com/private/apps/fundflows/JETS/charts?startDate=20260701&endDate=20260831,-11151000.0,9972500.0,783483000.0,1.2728419123324948,ETF.com daily actual fund-flow fallback; USD-million chart scale validated against canonical issuer-derived references. Issuer exact flow remains preferred when its own unit QA is clean.
2026-08-17,JETS,0.0,0.0,ETFCOM_VALIDATED_ACTUAL,https://api-prod.etf.com/private/apps/fundflows/JETS/charts?startDate=20260701&endDate=20260831,-11151000.0,9972500.0,783483000.0,1.2728419123324948,ETF.com daily actual fund-flow fallback; USD-million chart scale validated against canonical issuer-derived references. Issuer exact flow remains preferred when its own unit QA is clean.
2026-08-18,JETS,0.0,0.0,ETFCOM_VALIDATED_ACTUAL,https://api-prod.etf.com/private/apps/fundflows/JETS/charts?startDate=20260701&endDate=20260831,-11151000.0,9972500.0,783483000.0,1.2728419123324948,ETF.com daily actual fund-flow fallback; USD-million chart scale validated against canonical issuer-derived references. Issuer exact flow remains preferred when its own unit QA is clean.
2026-08-19,JETS,0.0,0.0,ETFCOM_VALIDATED_ACTUAL,https://api-prod.etf.com/private/apps/fundflows/JETS/charts?startDate=20260701&endDate=20260831,-11151000.0,14546000.0,783483000.0,1.8565814446516389,ETF.com daily actual fund-flow fallback; USD-million chart scale validated against canonical issuer-derived references. Issuer exact flow remains preferred when its own unit QA is clean.
2026-08-20,JETS,0.0,0.0,ETFCOM_VALIDATED_ACTUAL,https://api-prod.etf.com/private/apps/fundflows/JETS/charts?startDate=20260701&endDate=20260831,-11151000.0,29846000.0,783483000.0,3.8093998210554663,ETF.com daily actual fund-flow fallback; USD-million chart scale validated against canonical issuer-derived references. Issuer exact flow remains preferred when its own unit QA is clean.
2026-08-21,JETS,0.0,0.0,ETFCOM_VALIDATED_ACTUAL,https://api-prod.etf.com/private/apps/fundflows/JETS/charts?startDate=20260701&endDate=20260831,0.0,66506000.0,783483000.0,8.488505813144638,ETF.com daily actual fund-flow fallback; USD-million chart scale validated against canonical issuer-derived references. Issuer exact flow remains preferred when its own unit QA is clean.
2026-08-24,JETS,0.0,0.0,ETFCOM_VALIDATED_ACTUAL,https://api-prod.etf.com/private/apps/fundflows/JETS/charts?startDate=20260701&endDate=20260831,0.0,66506000.0,783483000.0,8.488505813144638,ETF.com daily actual fund-flow fallback; USD-million chart scale validated against canonical issuer-derived references. Issuer exact flow remains preferred when its own unit QA is clean.
2026-08-25,JETS,0.0,0.0,ETFCOM_VALIDATED_ACTUAL,https://api-prod.etf.com/private/apps/fundflows/JETS/charts?startDate=20260701&endDate=20260831,0.0,72698000.0,783483000.0,9.278822897242186,ETF.com daily actual fund-flow fallback; USD-million chart scale validated against canonical issuer-derived references. Issuer exact flow remains preferred when its own unit QA is clean.
2026-08-26,JETS,0.0,0.0,ETFCOM_VALIDATED_ACTUAL,https://api-prod.etf.com/private/apps/fundflows/JETS/charts?startDate=20260701&endDate=20260831,0.0,72698000.0,783483000.0,9.278822897242186,ETF.com daily actual fund-flow fallback; USD-million chart scale validated against canonical issuer-derived references. Issuer exact flow remains preferred when its own unit QA is clean.
2026-08-27,JETS,0.0,0.0,ETFCOM_VALIDATED_ACTUAL,https://api-prod.etf.com/private/apps/fundflows/JETS/charts?startDate=20260701&endDate=20260831,0.0,72698000.0,783483000.0,9.278822897242186,ETF.com daily actual fund-flow fallback; USD-million chart scale validated against canonical issuer-derived references. Issuer exact flow remains preferred when its own unit QA is clean.
2026-08-28,JETS,0.0,0.0,ETFCOM_VALIDATED_ACTUAL,https://api-prod.etf.com/private/apps/fundflows/JETS/charts?startDate=20260701&endDate=20260831,0.0,56868000.0,783483000.0,7.258357871198227,ETF.com daily actual fund-flow fallback; USD-million chart scale validated against canonical issuer-derived references. Issuer exact flow remains preferred when its own unit QA is clean.
2026-08-31,JETS,0.0,0.0,ETFCOM_VALIDATED_ACTUAL,https://api-prod.etf.com/private/apps/fundflows/JETS/charts?startDate=20260701&endDate=20260831,0.0,56868000.0,783483000.0,7.258357871198227,ETF.com daily actual fund-flow fallback; USD-million chart scale validated against canonical issuer-derived references. Issuer exact flow remains preferred when its own unit QA is clean.
2026-07-01,KBE,27.2794,27279400.0,ETFCOM_VALIDATED_ACTUAL,https://api-prod.etf.com/private/apps/fundflows/KBE/charts?startDate=20260701&endDate=20260831,,,1636675970.33956,,ETF.com daily actual fund-flow fallback; USD-million chart scale validated against canonical issuer-derived references. Issuer exact flow remains preferred when its own unit QA is clean.
2026-07-02,KBE,72.7901,72790100.0,ETFCOM_VALIDATED_ACTUAL,https://api-prod.etf.com/private/apps/fundflows/KBE/charts?startDate=20260701&endDate=20260831,,,1636675970.33956,,ETF.com daily actual fund-flow fallback; USD-million chart scale validated against canonical issuer-derived references. Issuer exact flow remains preferred when its own unit QA is clean.
2026-07-06,KBE,58.3045,58304500.0,ETFCOM_VALIDATED_ACTUAL,https://api-prod.etf.com/private/apps/fundflows/KBE/charts?startDate=20260701&endDate=20260831,,,1636675970.33956,,ETF.com daily actual fund-flow fallback; USD-million chart scale validated against canonical issuer-derived references. Issuer exact flow remains preferred when its own unit QA is clean.
2026-07-07,KBE,-69.1558,-69155800.0,ETFCOM_VALIDATED_ACTUAL,https://api-prod.etf.com/private/apps/fundflows/KBE/charts?startDate=20260701&endDate=20260831,,,1636675970.33956,,ETF.com daily actual fund-flow fallback; USD-million chart scale validated against canonical issuer-derived references. Issuer exact flow remains preferred when its own unit QA is clean.
2026-07-08,KBE,0.0,0.0,ETFCOM_VALIDATED_ACTUAL,https://api-prod.etf.com/private/apps/fundflows/KBE/charts?startDate=20260701&endDate=20260831,89218200.0,,1636675970.33956,,ETF.com daily actual fund-flow fallback; USD-million chart scale validated against canonical issuer-derived references. Issuer exact flow remains preferred when its own unit QA is clean.
2026-07-09,KBE,-50.4222,-50422200.0,ETFCOM_VALIDATED_ACTUAL,https://api-prod.etf.com/private/apps/fundflows/KBE/charts?startDate=20260701&endDate=20260831,11516600.0,,1636675970.33956,,ETF.com daily actual fund-flow fallback; USD-million chart scale validated against canonical issuer-derived references. Issuer exact flow remains preferred when its own unit QA is clean.
2026-07-14,KBE,-92.8826,-92882600.0,ETFCOM_VALIDATED_ACTUAL,https://api-prod.etf.com/private/apps/fundflows/KBE/charts?startDate=20260701&endDate=20260831,-154156100.0,,1636675970.33956,,ETF.com daily actual fund-flow fallback; USD-million chart scale validated against canonical issuer-derived references. Issuer exact flow remains preferred when its own unit QA is clean.
2026-07-15,KBE,20.6404,20640400.0,ETFCOM_VALIDATED_ACTUAL,https://api-prod.etf.com/private/apps/fundflows/KBE/charts?startDate=20260701&endDate=20260831,-191820200.0,,1636675970.33956,,ETF.com daily actual fund-flow fallback; USD-million chart scale validated against canonical issuer-derived references. Issuer exact flow remains preferred when its own unit QA is clean.
2026-07-16,KBE,-6.95593,-6955930.0,ETFCOM_VALIDATED_ACTUAL,https://api-prod.etf.com/private/apps/fundflows/KBE/charts?startDate=20260701&endDate=20260831,-129620330.0,,1636675970.33956,,ETF.com daily actual fund-flow fallback; USD-million chart scale validated against canonical issuer-derived references. Issuer exact flow remains preferred when its own unit QA is clean.
2026-07-17,KBE,14.2552,14255200.0,ETFCOM_VALIDATED_ACTUAL,https://api-prod.etf.com/private/apps/fundflows/KBE/charts?startDate=20260701&endDate=20260831,-115365130.0,,1636675970.33956,,ETF.com daily actual fund-flow fallback; USD-million chart scale validated against canonical issuer-derived references. Issuer exact flow remains preferred when its own unit QA is clean.
2026-07-20,KBE,3.5141,3514100.0,ETFCOM_VALIDATED_ACTUAL,https://api-prod.etf.com/private/apps/fundflows/KBE/charts?startDate=20260701&endDate=20260831,-61428830.0,,1636675970.33956,,ETF.com daily actual fund-flow fallback; USD-million chart scale validated against canonical issuer-derived references. Issuer exact flow remains preferred when its own unit QA is clean.
2026-07-21,KBE,45.1516,45151600.0,ETFCOM_VALIDATED_ACTUAL,https://api-prod.etf.com/private/apps/fundflows/KBE/charts?startDate=20260701&endDate=20260831,76605370.0,,1636675970.33956,,ETF.com daily actual fund-flow fallback; USD-million chart scale validated against canonical issuer-derived references. Issuer exact flow remains preferred when its own unit QA is clean.
2026-07-27,KBE,-6.93375,-6933750.0,ETFCOM_VALIDATED_ACTUAL,https://api-prod.etf.com/private/apps/fundflows/KBE/charts?startDate=20260701&endDate=20260831,49031220.0,,1636675970.33956,,ETF.com daily actual fund-flow fallback; USD-million chart scale validated against canonical issuer-derived references. Issuer exact flow remains preferred when its own unit QA is clean.
2026-07-28,KBE,-6.92339,-6923390.0,ETFCOM_VALIDATED_ACTUAL,https://api-prod.etf.com/private/apps/fundflows/KBE/charts?startDate=20260701&endDate=20260831,49063760.0,,1636675970.33956,,ETF.com daily actual fund-flow fallback; USD-million chart scale validated against canonical issuer-derived references. Issuer exact flow remains preferred when its own unit QA is clean.
2026-07-29,KBE,35.1555,35155500.0,ETFCOM_VALIDATED_ACTUAL,https://api-prod.etf.com/private/apps/fundflows/KBE/charts?startDate=20260701&endDate=20260831,69964060.0,,1636675970.33956,,ETF.com daily actual fund-flow fallback; USD-million chart scale validated against canonical issuer-derived references. Issuer exact flow remains preferred when its own unit QA is clean.
2026-07-30,KBE,-20.9041,-20904100.0,ETFCOM_VALIDATED_ACTUAL,https://api-prod.etf.com/private/apps/fundflows/KBE/charts?startDate=20260701&endDate=20260831,45545860.0,,1636675970.33956,,ETF.com daily actual fund-flow fallback; USD-million chart scale validated against canonical issuer-derived references. Issuer exact flow remains preferred when its own unit QA is clean.
2026-07-31,KBE,-3.47552,-3475520.0,ETFCOM_VALIDATED_ACTUAL,https://api-prod.etf.com/private/apps/fundflows/KBE/charts?startDate=20260701&endDate=20260831,-3081260.0,,1636675970.33956,,ETF.com daily actual fund-flow fallback; USD-million chart scale validated against canonical issuer-derived references. Issuer exact flow remains preferred when its own unit QA is clean.
2026-08-03,KBE,34.8251,34825100.0,ETFCOM_VALIDATED_ACTUAL,https://api-prod.etf.com/private/apps/fundflows/KBE/charts?startDate=20260701&endDate=20260831,38677590.0,,1636675970.33956,,ETF.com daily actual fund-flow fallback; USD-million chart scale validated against canonical issuer-derived references. Issuer exact flow remains preferred when its own unit QA is clean.
2026-08-04,KBE,14.1038,14103800.0,ETFCOM_VALIDATED_ACTUAL,https://api-prod.etf.com/private/apps/fundflows/KBE/charts?startDate=20260701&endDate=20260831,59704780.0,,1636675970.33956,,ETF.com daily actual fund-flow fallback; USD-million chart scale validated against canonical issuer-derived references. Issuer exact flow remains preferred when its own unit QA is clean.
2026-08-05,KBE,3.56356,3563560.0,ETFCOM_VALIDATED_ACTUAL,https://api-prod.etf.com/private/apps/fundflows/KBE/charts?startDate=20260701&endDate=20260831,28112840.0,71929970.0,1636675970.33956,4.394881534496822,ETF.com daily actual fund-flow fallback; USD-million chart scale validated against canonical issuer-derived references. Issuer exact flow remains preferred when its own unit QA is clean.
2026-08-06,KBE,7.10104,7101040.0,ETFCOM_VALIDATED_ACTUAL,https://api-prod.etf.com/private/apps/fundflows/KBE/charts?startDate=20260701&endDate=20260831,56117980.0,51751610.0,1636675970.33956,3.1619948565178193,ETF.com daily actual fund-flow fallback; USD-million chart scale validated against canonical issuer-derived references. Issuer exact flow remains preferred when its own unit QA is clean.
2026-08-07,KBE,206.91,206910000.0,ETFCOM_VALIDATED_ACTUAL,https://api-prod.etf.com/private/apps/fundflows/KBE/charts?startDate=20260701&endDate=20260831,266503500.0,185871510.0,1636675970.33956,11.35664684815024,ETF.com daily actual fund-flow fallback; USD-million chart scale validated against canonical issuer-derived references. Issuer exact flow remains preferred when its own unit QA is clean.
2026-08-10,KBE,-111.985,-111985000.0,ETFCOM_VALIDATED_ACTUAL,https://api-prod.etf.com/private/apps/fundflows/KBE/charts?startDate=20260701&endDate=20260831,119693400.0,15582010.0,1636675970.33956,0.9520522255096842,ETF.com daily actual fund-flow fallback; USD-million chart scale validated against canonical issuer-derived references. Issuer exact flow remains preferred when its own unit QA is clean.
2026-08-11,KBE,-31.4665,-31466500.0,ETFCOM_VALIDATED_ACTUAL,https://api-prod.etf.com/private/apps/fundflows/KBE/charts?startDate=20260701&endDate=20260831,74123100.0,53271310.0,1636675970.33956,3.2548476891823515,ETF.com daily actual fund-flow fallback; USD-million chart scale validated against canonical issuer-derived references. Issuer exact flow remains preferred when its own unit QA is clean.
2026-08-12,KBE,0.0,0.0,ETFCOM_VALIDATED_ACTUAL,https://api-prod.etf.com/private/apps/fundflows/KBE/charts?startDate=20260701&endDate=20260831,70559540.0,53271310.0,1636675970.33956,3.2548476891823515,ETF.com daily actual fund-flow fallback; USD-million chart scale validated against canonical issuer-derived references. Issuer exact flow remains preferred when its own unit QA is clean.
2026-08-14,KBE,3.57119,3571190.0,ETFCOM_VALIDATED_ACTUAL,https://api-prod.etf.com/private/apps/fundflows/KBE/charts?startDate=20260701&endDate=20260831,67029690.0,107264700.0,1636675970.33956,6.553814068507761,ETF.com daily actual fund-flow fallback; USD-million chart scale validated against canonical issuer-derived references. Issuer exact flow remains preferred when its own unit QA is clean.
2026-08-17,KBE,-3.58321,-3583210.0,ETFCOM_VALIDATED_ACTUAL,https://api-prod.etf.com/private/apps/fundflows/KBE/charts?startDate=20260701&endDate=20260831,-143463520.0,196564090.0,1636675970.33956,12.009957594673978,ETF.com daily actual fund-flow fallback; USD-million chart scale validated against canonical issuer-derived references. Issuer exact flow remains preferred when its own unit QA is clean.
2026-08-18,KBE,-3.55287,-3552870.0,ETFCOM_VALIDATED_ACTUAL,https://api-prod.etf.com/private/apps/fundflows/KBE/charts?startDate=20260701&endDate=20260831,-35031390.0,172370820.0,1636675970.33956,10.531762127859576,ETF.com daily actual fund-flow fallback; USD-million chart scale validated against canonical issuer-derived references. Issuer exact flow remains preferred when its own unit QA is clean.
2026-08-19,KBE,-3.52832,-3528320.0,ETFCOM_VALIDATED_ACTUAL,https://api-prod.etf.com/private/apps/fundflows/KBE/charts?startDate=20260701&endDate=20260831,-7093210.0,175798430.0,1636675970.33956,10.741187210289842,ETF.com daily actual fund-flow fallback; USD-million chart scale validated against canonical issuer-derived references. Issuer exact flow remains preferred when its own unit QA is clean.
2026-08-20,KBE,-34.56,-34560000.0,ETFCOM_VALIDATED_ACTUAL,https://api-prod.etf.com/private/apps/fundflows/KBE/charts?startDate=20260701&endDate=20260831,-41653210.0,126983230.0,1636675970.33956,7.758605386847274,ETF.com daily actual fund-flow fallback; USD-million chart scale validated against canonical issuer-derived references. Issuer exact flow remains preferred when its own unit QA is clean.
2026-08-21,KBE,3.4316,3431600.0,ETFCOM_VALIDATED_ACTUAL,https://api-prod.etf.com/private/apps/fundflows/KBE/charts?startDate=20260701&endDate=20260831,-41792800.0,126900730.0,1636675970.33956,7.75356468230373,ETF.com daily actual fund-flow fallback; USD-million chart scale validated against canonical issuer-derived references. Issuer exact flow remains preferred when its own unit QA is clean.
2026-08-24,KBE,24.063,24063000.0,ETFCOM_VALIDATED_ACTUAL,https://api-prod.etf.com/private/apps/fundflows/KBE/charts?startDate=20260701&endDate=20260831,-14146590.0,105812130.0,1636675970.33956,6.465062841855449,ETF.com daily actual fund-flow fallback; USD-million chart scale validated against canonical issuer-derived references. Issuer exact flow remains preferred when its own unit QA is clean.
2026-08-25,KBE,-24.0505,-24050500.0,ETFCOM_VALIDATED_ACTUAL,https://api-prod.etf.com/private/apps/fundflows/KBE/charts?startDate=20260701&endDate=20260831,-34644220.0,88695380.0,1636675970.33956,5.4192388479680815,ETF.com daily actual fund-flow fallback; USD-million chart scale validated against canonical issuer-derived references. Issuer exact flow remains preferred when its own unit QA is clean.
2026-08-26,KBE,-20.5438,-20543800.0,ETFCOM_VALIDATED_ACTUAL,https://api-prod.etf.com/private/apps/fundflows/KBE/charts?startDate=20260701&endDate=20260831,-51659700.0,75074970.0,1636675970.33956,4.587039301641623,ETF.com daily actual fund-flow fallback; USD-million chart scale validated against canonical issuer-derived references. Issuer exact flow remains preferred when its own unit QA is clean.
2026-08-27,KBE,-13.7325,-13732500.0,ETFCOM_VALIDATED_ACTUAL,https://api-prod.etf.com/private/apps/fundflows/KBE/charts?startDate=20260701&endDate=20260831,-30832200.0,26186970.0,1636675970.33956,1.6000094383109327,ETF.com daily actual fund-flow fallback; USD-million chart scale validated against canonical issuer-derived references. Issuer exact flow remains preferred when its own unit QA is clean.
2026-08-28,KBE,-34.2238,-34223800.0,ETFCOM_VALIDATED_ACTUAL,https://api-prod.etf.com/private/apps/fundflows/KBE/charts?startDate=20260701&endDate=20260831,-68487600.0,12867270.0,1636675970.33956,0.7861831072970685,ETF.com daily actual fund-flow fallback; USD-million chart scale validated against canonical issuer-derived references. Issuer exact flow remains preferred when its own unit QA is clean.
2026-08-31,KBE,10.2711,10271100.0,ETFCOM_VALIDATED_ACTUAL,https://api-prod.etf.com/private/apps/fundflows/KBE/charts?startDate=20260701&endDate=20260831,-82279500.0,26613890.0,1636675970.33956,1.6260940150834153,ETF.com daily actual fund-flow fallback; USD-million chart scale validated against canonical issuer-derived references. Issuer exact flow remains preferred when its own unit QA is clean.
2026-07-01,KIE,9.14888,9148880.0,ETFCOM_VALIDATED_ACTUAL,https://api-prod.etf.com/private/apps/fundflows/KIE/charts?startDate=20260701&endDate=20260831,,,607021262.5,,ETF.com daily actual fund-flow fallback; USD-million chart scale validated against canonical issuer-derived references. Issuer exact flow remains preferred when its own unit QA is clean.
2026-07-02,KIE,28.0877,28087700.0,ETFCOM_VALIDATED_ACTUAL,https://api-prod.etf.com/private/apps/fundflows/KIE/charts?startDate=20260701&endDate=20260831,,,607021262.5,,ETF.com daily actual fund-flow fallback; USD-million chart scale validated against canonical issuer-derived references. Issuer exact flow remains preferred when its own unit QA is clean.
2026-07-06,KIE,9.61141,9611410.0,ETFCOM_VALIDATED_ACTUAL,https://api-prod.etf.com/private/apps/fundflows/KIE/charts?startDate=20260701&endDate=20260831,,,607021262.5,,ETF.com daily actual fund-flow fallback; USD-million chart scale validated against canonical issuer-derived references. Issuer exact flow remains preferred when its own unit QA is clean.
2026-07-07,KIE,9.58557,9585570.0,ETFCOM_VALIDATED_ACTUAL,https://api-prod.etf.com/private/apps/fundflows/KIE/charts?startDate=20260701&endDate=20260831,,,607021262.5,,ETF.com daily actual fund-flow fallback; USD-million chart scale validated against canonical issuer-derived references. Issuer exact flow remains preferred when its own unit QA is clean.
2026-07-08,KIE,0.0,0.0,ETFCOM_VALIDATED_ACTUAL,https://api-prod.etf.com/private/apps/fundflows/KIE/charts?startDate=20260701&endDate=20260831,56433560.0,,607021262.5,,ETF.com daily actual fund-flow fallback; USD-million chart scale validated against canonical issuer-derived references. Issuer exact flow remains preferred when its own unit QA is clean.
2026-07-09,KIE,-3.17804,-3178040.0,ETFCOM_VALIDATED_ACTUAL,https://api-prod.etf.com/private/apps/fundflows/KIE/charts?startDate=20260701&endDate=20260831,44106640.0,,607021262.5,,ETF.com daily actual fund-flow fallback; USD-million chart scale validated against canonical issuer-derived references. Issuer exact flow remains preferred when its own unit QA is clean.
2026-07-14,KIE,-6.44339,-6443390.0,ETFCOM_VALIDATED_ACTUAL,https://api-prod.etf.com/private/apps/fundflows/KIE/charts?startDate=20260701&endDate=20260831,9575550.0,,607021262.5,,ETF.com daily actual fund-flow fallback; USD-million chart scale validated against canonical issuer-derived references. Issuer exact flow remains preferred when its own unit QA is clean.
2026-07-15,KIE,0.0,0.0,ETFCOM_VALIDATED_ACTUAL,https://api-prod.etf.com/private/apps/fundflows/KIE/charts?startDate=20260701&endDate=20260831,-35860.0,,607021262.5,,ETF.com daily actual fund-flow fallback; USD-million chart scale validated against canonical issuer-derived references. Issuer exact flow remains preferred when its own unit QA is clean.
2026-07-16,KIE,18.6286,18628600.0,ETFCOM_VALIDATED_ACTUAL,https://api-prod.etf.com/private/apps/fundflows/KIE/charts?startDate=20260701&endDate=20260831,9007170.0,,607021262.5,,ETF.com daily actual fund-flow fallback; USD-million chart scale validated against canonical issuer-derived references. Issuer exact flow remains preferred when its own unit QA is clean.
2026-07-17,KIE,25.3876,25387600.0,ETFCOM_VALIDATED_ACTUAL,https://api-prod.etf.com/private/apps/fundflows/KIE/charts?startDate=20260701&endDate=20260831,34394770.0,,607021262.5,,ETF.com daily actual fund-flow fallback; USD-million chart scale validated against canonical issuer-derived references. Issuer exact flow remains preferred when its own unit QA is clean.
2026-07-20,KIE,6.41645,6416450.0,ETFCOM_VALIDATED_ACTUAL,https://api-prod.etf.com/private/apps/fundflows/KIE/charts?startDate=20260701&endDate=20260831,43989260.0,,607021262.5,,ETF.com daily actual fund-flow fallback; USD-million chart scale validated against canonical issuer-derived references. Issuer exact flow remains preferred when its own unit QA is clean.
2026-07-21,KIE,-3.20576,-3205760.0,ETFCOM_VALIDATED_ACTUAL,https://api-prod.etf.com/private/apps/fundflows/KIE/charts?startDate=20260701&endDate=20260831,47226890.0,,607021262.5,,ETF.com daily actual fund-flow fallback; USD-million chart scale validated against canonical issuer-derived references. Issuer exact flow remains preferred when its own unit QA is clean.
2026-07-27,KIE,0.0,0.0,ETFCOM_VALIDATED_ACTUAL,https://api-prod.etf.com/private/apps/fundflows/KIE/charts?startDate=20260701&endDate=20260831,47226890.0,,607021262.5,,ETF.com daily actual fund-flow fallback; USD-million chart scale validated against canonical issuer-derived references. Issuer exact flow remains preferred when its own unit QA is clean.
2026-07-28,KIE,0.0,0.0,ETFCOM_VALIDATED_ACTUAL,https://api-prod.etf.com/private/apps/fundflows/KIE/charts?startDate=20260701&endDate=20260831,28598290.0,,607021262.5,,ETF.com daily actual fund-flow fallback; USD-million chart scale validated against canonical issuer-derived references. Issuer exact flow remains preferred when its own unit QA is clean.
2026-07-29,KIE,0.0,0.0,ETFCOM_VALIDATED_ACTUAL,https://api-prod.etf.com/private/apps/fundflows/KIE/charts?startDate=20260701&endDate=20260831,3210690.0,,607021262.5,,ETF.com daily actual fund-flow fallback; USD-million chart scale validated against canonical issuer-derived references. Issuer exact flow remains preferred when its own unit QA is clean.
2026-07-30,KIE,-9.86342,-9863420.0,ETFCOM_VALIDATED_ACTUAL,https://api-prod.etf.com/private/apps/fundflows/KIE/charts?startDate=20260701&endDate=20260831,-13069180.0,,607021262.5,,ETF.com daily actual fund-flow fallback; USD-million chart scale validated against canonical issuer-derived references. Issuer exact flow remains preferred when its own unit QA is clean.
2026-07-31,KIE,19.3248,19324800.0,ETFCOM_VALIDATED_ACTUAL,https://api-prod.etf.com/private/apps/fundflows/KIE/charts?startDate=20260701&endDate=20260831,9461380.0,,607021262.5,,ETF.com daily actual fund-flow fallback; USD-million chart scale validated against canonical issuer-derived references. Issuer exact flow remains preferred when its own unit QA is clean.
2026-08-03,KIE,0.0,0.0,ETFCOM_VALIDATED_ACTUAL,https://api-prod.etf.com/private/apps/fundflows/KIE/charts?startDate=20260701&endDate=20260831,9461380.0,,607021262.5,,ETF.com daily actual fund-flow fallback; USD-million chart scale validated against canonical issuer-derived references. Issuer exact flow remains preferred when its own unit QA is clean.
2026-08-04,KIE,0.0,0.0,ETFCOM_VALIDATED_ACTUAL,https://api-prod.etf.com/private/apps/fundflows/KIE/charts?startDate=20260701&endDate=20260831,9461380.0,,607021262.5,,ETF.com daily actual fund-flow fallback; USD-million chart scale validated against canonical issuer-derived references. Issuer exact flow remains preferred when its own unit QA is clean.
2026-08-05,KIE,22.6445,22644500.0,ETFCOM_VALIDATED_ACTUAL,https://api-prod.etf.com/private/apps/fundflows/KIE/charts?startDate=20260701&endDate=20260831,32105880.0,126144900.0,607021262.5,20.780968936817104,ETF.com daily actual fund-flow fallback; USD-million chart scale validated against canonical issuer-derived references. Issuer exact flow remains preferred when its own unit QA is clean.
2026-08-06,KIE,6.48915,6489150.0,ETFCOM_VALIDATED_ACTUAL,https://api-prod.etf.com/private/apps/fundflows/KIE/charts?startDate=20260701&endDate=20260831,48458450.0,123485170.0,607021262.5,20.34280800831091,ETF.com daily actual fund-flow fallback; USD-million chart scale validated against canonical issuer-derived references. Issuer exact flow remains preferred when its own unit QA is clean.
2026-08-07,KIE,16.2895,16289500.0,ETFCOM_VALIDATED_ACTUAL,https://api-prod.etf.com/private/apps/fundflows/KIE/charts?startDate=20260701&endDate=20260831,45423150.0,111686970.0,607021262.5,18.399185811057155,ETF.com daily actual fund-flow fallback; USD-million chart scale validated against canonical issuer-derived references. Issuer exact flow remains preferred when its own unit QA is clean.
2026-08-10,KIE,0.0,0.0,ETFCOM_VALIDATED_ACTUAL,https://api-prod.etf.com/private/apps/fundflows/KIE/charts?startDate=20260701&endDate=20260831,45423150.0,102075560.0,607021262.5,16.815812938677745,ETF.com daily actual fund-flow fallback; USD-million chart scale validated against canonical issuer-derived references. Issuer exact flow remains preferred when its own unit QA is clean.
2026-08-11,KIE,9.57649,9576490.0,ETFCOM_VALIDATED_ACTUAL,https://api-prod.etf.com/private/apps/fundflows/KIE/charts?startDate=20260701&endDate=20260831,54999640.0,102066480.0,607021262.5,16.81431710969103,ETF.com daily actual fund-flow fallback; USD-million chart scale validated against canonical issuer-derived references. Issuer exact flow remains preferred when its own unit QA is clean.
2026-08-12,KIE,0.0,0.0,ETFCOM_VALIDATED_ACTUAL,https://api-prod.etf.com/private/apps/fundflows/KIE/charts?startDate=20260701&endDate=20260831,32355140.0,102066480.0,607021262.5,16.81431710969103,ETF.com daily actual fund-flow fallback; USD-million chart scale validated against canonical issuer-derived references. Issuer exact flow remains preferred when its own unit QA is clean.
2026-08-14,KIE,3.19833,3198330.0,ETFCOM_VALIDATED_ACTUAL,https://api-prod.etf.com/private/apps/fundflows/KIE/charts?startDate=20260701&endDate=20260831,29064320.0,108442850.0,607021262.5,17.86475313127932,ETF.com daily actual fund-flow fallback; USD-million chart scale validated against canonical issuer-derived references. Issuer exact flow remains preferred when its own unit QA is clean.
2026-08-17,KIE,0.0,0.0,ETFCOM_VALIDATED_ACTUAL,https://api-prod.etf.com/private/apps/fundflows/KIE/charts?startDate=20260701&endDate=20260831,12774820.0,114886240.0,607021262.5,18.926229952282767,ETF.com daily actual fund-flow fallback; USD-million chart scale validated against canonical issuer-derived references. Issuer exact flow remains preferred when its own unit QA is clean.
2026-08-18,KIE,-3.15998,-3159980.0,ETFCOM_VALIDATED_ACTUAL,https://api-prod.etf.com/private/apps/fundflows/KIE/charts?startDate=20260701&endDate=20260831,9614840.0,111726260.0,607021262.5,18.405658401463327,ETF.com daily actual fund-flow fallback; USD-million chart scale validated against canonical issuer-derived references. Issuer exact flow remains preferred when its own unit QA is clean.
2026-08-19,KIE,0.0,0.0,ETFCOM_VALIDATED_ACTUAL,https://api-prod.etf.com/private/apps/fundflows/KIE/charts?startDate=20260701&endDate=20260831,38350.0,93097660.0,607021262.5,15.33680379111926,ETF.com daily actual fund-flow fallback; USD-million chart scale validated against canonical issuer-derived references. Issuer exact flow remains preferred when its own unit QA is clean.
2026-08-20,KIE,0.0,0.0,ETFCOM_VALIDATED_ACTUAL,https://api-prod.etf.com/private/apps/fundflows/KIE/charts?startDate=20260701&endDate=20260831,38350.0,67710060.0,607021262.5,11.154479123373376,ETF.com daily actual fund-flow fallback; USD-million chart scale validated against canonical issuer-derived references. Issuer exact flow remains preferred when its own unit QA is clean.
2026-08-21,KIE,-15.7911,-15791100.0,ETFCOM_VALIDATED_ACTUAL,https://api-prod.etf.com/private/apps/fundflows/KIE/charts?startDate=20260701&endDate=20260831,-18951080.0,45502510.0,607021262.5,7.4960323156719735,ETF.com daily actual fund-flow fallback; USD-million chart scale validated against canonical issuer-derived references. Issuer exact flow remains preferred when its own unit QA is clean.
2026-08-24,KIE,0.0,0.0,ETFCOM_VALIDATED_ACTUAL,https://api-prod.etf.com/private/apps/fundflows/KIE/charts?startDate=20260701&endDate=20260831,-18951080.0,48708270.0,607021262.5,8.024145612197563,ETF.com daily actual fund-flow fallback; USD-million chart scale validated against canonical issuer-derived references. Issuer exact flow remains preferred when its own unit QA is clean.
2026-08-25,KIE,-77.1454,-77145400.0,ETFCOM_VALIDATED_ACTUAL,https://api-prod.etf.com/private/apps/fundflows/KIE/charts?startDate=20260701&endDate=20260831,-92936500.0,-28437130.0,607021262.5,-4.684700809800711,ETF.com daily actual fund-flow fallback; USD-million chart scale validated against canonical issuer-derived references. Issuer exact flow remains preferred when its own unit QA is clean.
2026-08-26,KIE,-9.57691,-9576910.0,ETFCOM_VALIDATED_ACTUAL,https://api-prod.etf.com/private/apps/fundflows/KIE/charts?startDate=20260701&endDate=20260831,-102513410.0,-38014040.0,607021262.5,-6.262390190986102,ETF.com daily actual fund-flow fallback; USD-million chart scale validated against canonical issuer-derived references. Issuer exact flow remains preferred when its own unit QA is clean.
2026-08-27,KIE,-3.20534,-3205340.0,ETFCOM_VALIDATED_ACTUAL,https://api-prod.etf.com/private/apps/fundflows/KIE/charts?startDate=20260701&endDate=20260831,-105718750.0,-41219380.0,607021262.5,-6.790434297184112,ETF.com daily actual fund-flow fallback; USD-million chart scale validated against canonical issuer-derived references. Issuer exact flow remains preferred when its own unit QA is clean.
2026-08-28,KIE,-9.54928,-9549280.0,ETFCOM_VALIDATED_ACTUAL,https://api-prod.etf.com/private/apps/fundflows/KIE/charts?startDate=20260701&endDate=20260831,-99476930.0,-40905240.0,607021262.5,-6.738683226932269,ETF.com daily actual fund-flow fallback; USD-million chart scale validated against canonical issuer-derived references. Issuer exact flow remains preferred when its own unit QA is clean.
2026-08-31,KIE,12.7794,12779400.0,ETFCOM_VALIDATED_ACTUAL,https://api-prod.etf.com/private/apps/fundflows/KIE/charts?startDate=20260701&endDate=20260831,-86697530.0,-47450640.0,607021262.5,-7.816965060593739,ETF.com daily actual fund-flow fallback; USD-million chart scale validated against canonical issuer-derived references. Issuer exact flow remains preferred when its own unit QA is clean.
2026-07-01,KRE,329.219,329219000.0,ETFCOM_VALIDATED_ACTUAL,https://api-prod.etf.com/private/apps/fundflows/KRE/charts?startDate=20260701&endDate=20260831,,,4049945820.64968,,ETF.com daily actual fund-flow fallback; USD-million chart scale validated against canonical issuer-derived references. Issuer exact flow remains preferred when its own unit QA is clean.
2026-07-02,KRE,118.06,118060000.0,ETFCOM_VALIDATED_ACTUAL,https://api-prod.etf.com/private/apps/fundflows/KRE/charts?startDate=20260701&endDate=20260831,,,4049945820.64968,,ETF.com daily actual fund-flow fallback; USD-million chart scale validated against canonical issuer-derived references. Issuer exact flow remains preferred when its own unit QA is clean.
2026-07-06,KRE,-26.2634,-26263400.0,ETFCOM_VALIDATED_ACTUAL,https://api-prod.etf.com/private/apps/fundflows/KRE/charts?startDate=20260701&endDate=20260831,,,4049945820.64968,,ETF.com daily actual fund-flow fallback; USD-million chart scale validated against canonical issuer-derived references. Issuer exact flow remains preferred when its own unit QA is clean.
2026-07-07,KRE,41.5276,41527600.0,ETFCOM_VALIDATED_ACTUAL,https://api-prod.etf.com/private/apps/fundflows/KRE/charts?startDate=20260701&endDate=20260831,,,4049945820.64968,,ETF.com daily actual fund-flow fallback; USD-million chart scale validated against canonical issuer-derived references. Issuer exact flow remains preferred when its own unit QA is clean.
2026-07-08,KRE,30.0286,30028600.0,ETFCOM_VALIDATED_ACTUAL,https://api-prod.etf.com/private/apps/fundflows/KRE/charts?startDate=20260701&endDate=20260831,492571800.0,,4049945820.64968,,ETF.com daily actual fund-flow fallback; USD-million chart scale validated against canonical issuer-derived references. Issuer exact flow remains preferred when its own unit QA is clean.
2026-07-09,KRE,-374.062,-374062000.0,ETFCOM_VALIDATED_ACTUAL,https://api-prod.etf.com/private/apps/fundflows/KRE/charts?startDate=20260701&endDate=20260831,-210709200.0,,4049945820.64968,,ETF.com daily actual fund-flow fallback; USD-million chart scale validated against canonical issuer-derived references. Issuer exact flow remains preferred when its own unit QA is clean.
2026-07-14,KRE,-183.903,-183903000.0,ETFCOM_VALIDATED_ACTUAL,https://api-prod.etf.com/private/apps/fundflows/KRE/charts?startDate=20260701&endDate=20260831,-512672200.0,,4049945820.64968,,ETF.com daily actual fund-flow fallback; USD-million chart scale validated against canonical issuer-derived references. Issuer exact flow remains preferred when its own unit QA is clean.
2026-07-15,KRE,-7.50168,-7501680.0,ETFCOM_VALIDATED_ACTUAL,https://api-prod.etf.com/private/apps/fundflows/KRE/charts?startDate=20260701&endDate=20260831,-493910480.0,,4049945820.64968,,ETF.com daily actual fund-flow fallback; USD-million chart scale validated against canonical issuer-derived references. Issuer exact flow remains preferred when its own unit QA is clean.
2026-07-16,KRE,75.7616,75761600.0,ETFCOM_VALIDATED_ACTUAL,https://api-prod.etf.com/private/apps/fundflows/KRE/charts?startDate=20260701&endDate=20260831,-459676480.0,,4049945820.64968,,ETF.com daily actual fund-flow fallback; USD-million chart scale validated against canonical issuer-derived references. Issuer exact flow remains preferred when its own unit QA is clean.
2026-07-17,KRE,124.649,124649000.0,ETFCOM_VALIDATED_ACTUAL,https://api-prod.etf.com/private/apps/fundflows/KRE/charts?startDate=20260701&endDate=20260831,-365056080.0,,4049945820.64968,,ETF.com daily actual fund-flow fallback; USD-million chart scale validated against canonical issuer-derived references. Issuer exact flow remains preferred when its own unit QA is clean.
2026-07-20,KRE,-141.892,-141892000.0,ETFCOM_VALIDATED_ACTUAL,https://api-prod.etf.com/private/apps/fundflows/KRE/charts?startDate=20260701&endDate=20260831,-132886080.0,,4049945820.64968,,ETF.com daily actual fund-flow fallback; USD-million chart scale validated against canonical issuer-derived references. Issuer exact flow remains preferred when its own unit QA is clean.
2026-07-21,KRE,-106.266,-106266000.0,ETFCOM_VALIDATED_ACTUAL,https://api-prod.etf.com/private/apps/fundflows/KRE/charts?startDate=20260701&endDate=20260831,-55249080.0,,4049945820.64968,,ETF.com daily actual fund-flow fallback; USD-million chart scale validated against canonical issuer-derived references. Issuer exact flow remains preferred when its own unit QA is clean.
2026-07-27,KRE,15.1422,15142200.0,ETFCOM_VALIDATED_ACTUAL,https://api-prod.etf.com/private/apps/fundflows/KRE/charts?startDate=20260701&endDate=20260831,-32605200.0,,4049945820.64968,,ETF.com daily actual fund-flow fallback; USD-million chart scale validated against canonical issuer-derived references. Issuer exact flow remains preferred when its own unit QA is clean.
2026-07-28,KRE,207.656,207656000.0,ETFCOM_VALIDATED_ACTUAL,https://api-prod.etf.com/private/apps/fundflows/KRE/charts?startDate=20260701&endDate=20260831,99289200.0,,4049945820.64968,,ETF.com daily actual fund-flow fallback; USD-million chart scale validated against canonical issuer-derived references. Issuer exact flow remains preferred when its own unit QA is clean.
2026-07-29,KRE,88.2983,88298300.0,ETFCOM_VALIDATED_ACTUAL,https://api-prod.etf.com/private/apps/fundflows/KRE/charts?startDate=20260701&endDate=20260831,62938500.0,,4049945820.64968,,ETF.com daily actual fund-flow fallback; USD-million chart scale validated against canonical issuer-derived references. Issuer exact flow remains preferred when its own unit QA is clean.
2026-07-30,KRE,-19.0488,-19048800.0,ETFCOM_VALIDATED_ACTUAL,https://api-prod.etf.com/private/apps/fundflows/KRE/charts?startDate=20260701&endDate=20260831,185781700.0,,4049945820.64968,,ETF.com daily actual fund-flow fallback; USD-million chart scale validated against canonical issuer-derived references. Issuer exact flow remains preferred when its own unit QA is clean.
2026-07-31,KRE,-235.321,-235321000.0,ETFCOM_VALIDATED_ACTUAL,https://api-prod.etf.com/private/apps/fundflows/KRE/charts?startDate=20260701&endDate=20260831,56726700.0,,4049945820.64968,,ETF.com daily actual fund-flow fallback; USD-million chart scale validated against canonical issuer-derived references. Issuer exact flow remains preferred when its own unit QA is clean.
2026-08-03,KRE,-106.543,-106543000.0,ETFCOM_VALIDATED_ACTUAL,https://api-prod.etf.com/private/apps/fundflows/KRE/charts?startDate=20260701&endDate=20260831,-64958500.0,,4049945820.64968,,ETF.com daily actual fund-flow fallback; USD-million chart scale validated against canonical issuer-derived references. Issuer exact flow remains preferred when its own unit QA is clean.
2026-08-04,KRE,69.3237,69323700.0,ETFCOM_VALIDATED_ACTUAL,https://api-prod.etf.com/private/apps/fundflows/KRE/charts?startDate=20260701&endDate=20260831,-203290800.0,,4049945820.64968,,ETF.com daily actual fund-flow fallback; USD-million chart scale validated against canonical issuer-derived references. Issuer exact flow remains preferred when its own unit QA is clean.
2026-08-05,KRE,206.112,206112000.0,ETFCOM_VALIDATED_ACTUAL,https://api-prod.etf.com/private/apps/fundflows/KRE/charts?startDate=20260701&endDate=20260831,-85477100.0,104977120.0,4049945820.64968,2.5920623299390186,ETF.com daily actual fund-flow fallback; USD-million chart scale validated against canonical issuer-derived references. Issuer exact flow remains preferred when its own unit QA is clean.
2026-08-06,KRE,7.73425,7734250.0,ETFCOM_VALIDATED_ACTUAL,https://api-prod.etf.com/private/apps/fundflows/KRE/charts?startDate=20260701&endDate=20260831,-58694050.0,-216507630.0,4049945820.64968,-5.34593892333277,ETF.com daily actual fund-flow fallback; USD-million chart scale validated against canonical issuer-derived references. Issuer exact flow remains preferred when its own unit QA is clean.
2026-08-07,KRE,-30.6006,-30600600.0,ETFCOM_VALIDATED_ACTUAL,https://api-prod.etf.com/private/apps/fundflows/KRE/charts?startDate=20260701&endDate=20260831,146026350.0,-365168230.0,4049945820.64968,-9.016620127066806,ETF.com daily actual fund-flow fallback; USD-million chart scale validated against canonical issuer-derived references. Issuer exact flow remains preferred when its own unit QA is clean.
2026-08-10,KRE,137.176,137176000.0,ETFCOM_VALIDATED_ACTUAL,https://api-prod.etf.com/private/apps/fundflows/KRE/charts?startDate=20260701&endDate=20260831,389745350.0,-201728830.0,4049945820.64968,-4.981025399683971,ETF.com daily actual fund-flow fallback; USD-million chart scale validated against canonical issuer-derived references. Issuer exact flow remains preferred when its own unit QA is clean.
2026-08-11,KRE,-26.6116,-26611600.0,ETFCOM_VALIDATED_ACTUAL,https://api-prod.etf.com/private/apps/fundflows/KRE/charts?startDate=20260701&endDate=20260831,293810050.0,-269868030.0,4049945820.64968,-6.663497289865191,ETF.com daily actual fund-flow fallback; USD-million chart scale validated against canonical issuer-derived references. Issuer exact flow remains preferred when its own unit QA is clean.
2026-08-12,KRE,-115.208,-115208000.0,ETFCOM_VALIDATED_ACTUAL,https://api-prod.etf.com/private/apps/fundflows/KRE/charts?startDate=20260701&endDate=20260831,-27509950.0,-415104630.0,4049945820.64968,-10.249634152720843,ETF.com daily actual fund-flow fallback; USD-million chart scale validated against canonical issuer-derived references. Issuer exact flow remains preferred when its own unit QA is clean.
2026-08-14,KRE,97.1191,97119100.0,ETFCOM_VALIDATED_ACTUAL,https://api-prod.etf.com/private/apps/fundflows/KRE/charts?startDate=20260701&endDate=20260831,61874900.0,56076470.0,4049945820.64968,1.3846227204838109,ETF.com daily actual fund-flow fallback; USD-million chart scale validated against canonical issuer-derived references. Issuer exact flow remains preferred when its own unit QA is clean.
2026-08-17,KRE,46.7627,46762700.0,ETFCOM_VALIDATED_ACTUAL,https://api-prod.etf.com/private/apps/fundflows/KRE/charts?startDate=20260701&endDate=20260831,139238200.0,286742170.0,4049945820.64968,7.0801482957616875,ETF.com daily actual fund-flow fallback; USD-million chart scale validated against canonical issuer-derived references. Issuer exact flow remains preferred when its own unit QA is clean.
2026-08-18,KRE,-73.5076,-73507600.0,ETFCOM_VALIDATED_ACTUAL,https://api-prod.etf.com/private/apps/fundflows/KRE/charts?startDate=20260701&endDate=20260831,-71445400.0,220736250.0,4049945820.64968,5.450350690483809,ETF.com daily actual fund-flow fallback; USD-million chart scale validated against canonical issuer-derived references. Issuer exact flow remains preferred when its own unit QA is clean.
2026-08-19,KRE,-199.761,-199761000.0,ETFCOM_VALIDATED_ACTUAL,https://api-prod.etf.com/private/apps/fundflows/KRE/charts?startDate=20260701&endDate=20260831,-244594800.0,-54786350.0,4049945820.64968,-1.3527674795217715,ETF.com daily actual fund-flow fallback; USD-million chart scale validated against canonical issuer-derived references. Issuer exact flow remains preferred when its own unit QA is clean.
2026-08-20,KRE,-303.925,-303925000.0,ETFCOM_VALIDATED_ACTUAL,https://api-prod.etf.com/private/apps/fundflows/KRE/charts?startDate=20260701&endDate=20260831,-433311800.0,-483360350.0,4049945820.64968,-11.934983118427514,ETF.com daily actual fund-flow fallback; USD-million chart scale validated against canonical issuer-derived references. Issuer exact flow remains preferred when its own unit QA is clean.
2026-08-21,KRE,-127.059,-127059000.0,ETFCOM_VALIDATED_ACTUAL,https://api-prod.etf.com/private/apps/fundflows/KRE/charts?startDate=20260701&endDate=20260831,-657489900.0,-468527350.0,4049945820.64968,-11.568731305270653,ETF.com daily actual fund-flow fallback; USD-million chart scale validated against canonical issuer-derived references. Issuer exact flow remains preferred when its own unit QA is clean.
2026-08-24,KRE,112.274,112274000.0,ETFCOM_VALIDATED_ACTUAL,https://api-prod.etf.com/private/apps/fundflows/KRE/charts?startDate=20260701&endDate=20260831,-591978600.0,-249987350.0,4049945820.64968,-6.172609735304997,ETF.com daily actual fund-flow fallback; USD-million chart scale validated against canonical issuer-derived references. Issuer exact flow remains preferred when its own unit QA is clean.
2026-08-25,KRE,123.246,123246000.0,ETFCOM_VALIDATED_ACTUAL,https://api-prod.etf.com/private/apps/fundflows/KRE/charts?startDate=20260701&endDate=20260831,-395225000.0,-141883550.0,4049945820.64968,-3.503344397265035,ETF.com daily actual fund-flow fallback; USD-million chart scale validated against canonical issuer-derived references. Issuer exact flow remains preferred when its own unit QA is clean.
2026-08-26,KRE,-7.43477,-7434770.0,ETFCOM_VALIDATED_ACTUAL,https://api-prod.etf.com/private/apps/fundflows/KRE/charts?startDate=20260701&endDate=20260831,-202898770.0,-356974320.0,4049945820.64968,-8.81429865505547,ETF.com daily actual fund-flow fallback; USD-million chart scale validated against canonical issuer-derived references. Issuer exact flow remains preferred when its own unit QA is clean.
2026-08-27,KRE,26.0934,26093400.0,ETFCOM_VALIDATED_ACTUAL,https://api-prod.etf.com/private/apps/fundflows/KRE/charts?startDate=20260701&endDate=20260831,127119630.0,-419179220.0,4049945820.64968,-10.350242659116772,ETF.com daily actual fund-flow fallback; USD-million chart scale validated against canonical issuer-derived references. Issuer exact flow remains preferred when its own unit QA is clean.
2026-08-28,KRE,26.0249,26024900.0,ETFCOM_VALIDATED_ACTUAL,https://api-prod.etf.com/private/apps/fundflows/KRE/charts?startDate=20260701&endDate=20260831,280203530.0,-374105520.0,4049945820.64968,-9.237296906356814,ETF.com daily actual fund-flow fallback; USD-million chart scale validated against canonical issuer-derived references. Issuer exact flow remains preferred when its own unit QA is clean.
2026-08-31,KRE,-141.184,-141184000.0,ETFCOM_VALIDATED_ACTUAL,https://api-prod.etf.com/private/apps/fundflows/KRE/charts?startDate=20260701&endDate=20260831,26745530.0,-279968520.0,4049945820.64968,-6.912895441033043,ETF.com daily actual fund-flow fallback; USD-million chart scale validated against canonical issuer-derived references. Issuer exact flow remains preferred when its own unit QA is clean.
2026-07-01,LIT,-0.121022,-121022.0,ETFCOM_VALIDATED_ACTUAL,https://api-prod.etf.com/private/apps/fundflows/LIT/charts?startDate=20260701&endDate=20260831,,,1645451799.08751,,ETF.com daily actual fund-flow fallback; USD-million chart scale validated against canonical issuer-derived references. Issuer exact flow remains preferred when its own unit QA is clean.
2026-07-02,LIT,-0.079851,-79851.0,ETFCOM_VALIDATED_ACTUAL,https://api-prod.etf.com/private/apps/fundflows/LIT/charts?startDate=20260701&endDate=20260831,,,1645451799.08751,,ETF.com daily actual fund-flow fallback; USD-million chart scale validated against canonical issuer-derived references. Issuer exact flow remains preferred when its own unit QA is clean.
2026-07-06,LIT,-16.7436,-16743600.0,ETFCOM_VALIDATED_ACTUAL,https://api-prod.etf.com/private/apps/fundflows/LIT/charts?startDate=20260701&endDate=20260831,,,1645451799.08751,,ETF.com daily actual fund-flow fallback; USD-million chart scale validated against canonical issuer-derived references. Issuer exact flow remains preferred when its own unit QA is clean.
2026-07-07,LIT,-30.5822,-30582200.0,ETFCOM_VALIDATED_ACTUAL,https://api-prod.etf.com/private/apps/fundflows/LIT/charts?startDate=20260701&endDate=20260831,,,1645451799.08751,,ETF.com daily actual fund-flow fallback; USD-million chart scale validated against canonical issuer-derived references. Issuer exact flow remains preferred when its own unit QA is clean.
2026-07-08,LIT,0.0603,60300.0,ETFCOM_VALIDATED_ACTUAL,https://api-prod.etf.com/private/apps/fundflows/LIT/charts?startDate=20260701&endDate=20260831,-47466373.0,,1645451799.08751,,ETF.com daily actual fund-flow fallback; USD-million chart scale validated against canonical issuer-derived references. Issuer exact flow remains preferred when its own unit QA is clean.
2026-07-09,LIT,-0.002559,-2559.0,ETFCOM_VALIDATED_ACTUAL,https://api-prod.etf.com/private/apps/fundflows/LIT/charts?startDate=20260701&endDate=20260831,-47347910.0,,1645451799.08751,,ETF.com daily actual fund-flow fallback; USD-million chart scale validated against canonical issuer-derived references. Issuer exact flow remains preferred when its own unit QA is clean.
2026-07-10,LIT,0.047554,47554.0,ETFCOM_VALIDATED_ACTUAL,https://api-prod.etf.com/private/apps/fundflows/LIT/charts?startDate=20260701&endDate=20260831,-47220505.0,,1645451799.08751,,ETF.com daily actual fund-flow fallback; USD-million chart scale validated against canonical issuer-derived references. Issuer exact flow remains preferred when its own unit QA is clean.
2026-07-13,LIT,-0.048647,-48647.0,ETFCOM_VALIDATED_ACTUAL,https://api-prod.etf.com/private/apps/fundflows/LIT/charts?startDate=20260701&endDate=20260831,-30525552.0,,1645451799.08751,,ETF.com daily actual fund-flow fallback; USD-million chart scale validated against canonical issuer-derived references. Issuer exact flow remains preferred when its own unit QA is clean.
2026-07-14,LIT,-6.36722,-6367220.0,ETFCOM_VALIDATED_ACTUAL,https://api-prod.etf.com/private/apps/fundflows/LIT/charts?startDate=20260701&endDate=20260831,-6310572.0,,1645451799.08751,,ETF.com daily actual fund-flow fallback; USD-million chart scale validated against canonical issuer-derived references. Issuer exact flow remains preferred when its own unit QA is clean.
2026-07-15,LIT,-0.103106,-103106.0,ETFCOM_VALIDATED_ACTUAL,https://api-prod.etf.com/private/apps/fundflows/LIT/charts?startDate=20260701&endDate=20260831,-6473978.0,,1645451799.08751,,ETF.com daily actual fund-flow fallback; USD-million chart scale validated against canonical issuer-derived references. Issuer exact flow remains preferred when its own unit QA is clean.
2026-07-16,LIT,0.162318,162318.0,ETFCOM_VALIDATED_ACTUAL,https://api-prod.etf.com/private/apps/fundflows/LIT/charts?startDate=20260701&endDate=20260831,-6309101.0,,1645451799.08751,,ETF.com daily actual fund-flow fallback; USD-million chart scale validated against canonical issuer-derived references. Issuer exact flow remains preferred when its own unit QA is clean.
2026-07-17,LIT,-9.74975,-9749750.0,ETFCOM_VALIDATED_ACTUAL,https://api-prod.etf.com/private/apps/fundflows/LIT/charts?startDate=20260701&endDate=20260831,-16106405.0,,1645451799.08751,,ETF.com daily actual fund-flow fallback; USD-million chart scale validated against canonical issuer-derived references. Issuer exact flow remains preferred when its own unit QA is clean.
2026-07-20,LIT,-0.091183,-91183.0,ETFCOM_VALIDATED_ACTUAL,https://api-prod.etf.com/private/apps/fundflows/LIT/charts?startDate=20260701&endDate=20260831,-16148941.0,,1645451799.08751,,ETF.com daily actual fund-flow fallback; USD-million chart scale validated against canonical issuer-derived references. Issuer exact flow remains preferred when its own unit QA is clean.
2026-07-21,LIT,0.096056,96056.0,ETFCOM_VALIDATED_ACTUAL,https://api-prod.etf.com/private/apps/fundflows/LIT/charts?startDate=20260701&endDate=20260831,-9685665.0,,1645451799.08751,,ETF.com daily actual fund-flow fallback; USD-million chart scale validated against canonical issuer-derived references. Issuer exact flow remains preferred when its own unit QA is clean.
2026-07-22,LIT,-0.125019,-125018.99999999999,ETFCOM_VALIDATED_ACTUAL,https://api-prod.etf.com/private/apps/fundflows/LIT/charts?startDate=20260701&endDate=20260831,-9707578.0,,1645451799.08751,,ETF.com daily actual fund-flow fallback; USD-million chart scale validated against canonical issuer-derived references. Issuer exact flow remains preferred when its own unit QA is clean.
2026-07-27,LIT,-3.56657,-3566570.0,ETFCOM_VALIDATED_ACTUAL,https://api-prod.etf.com/private/apps/fundflows/LIT/charts?startDate=20260701&endDate=20260831,-13436466.0,,1645451799.08751,,ETF.com daily actual fund-flow fallback; USD-million chart scale validated against canonical issuer-derived references. Issuer exact flow remains preferred when its own unit QA is clean.
2026-07-28,LIT,-10.2306,-10230600.0,ETFCOM_VALIDATED_ACTUAL,https://api-prod.etf.com/private/apps/fundflows/LIT/charts?startDate=20260701&endDate=20260831,-13917316.0,,1645451799.08751,,ETF.com daily actual fund-flow fallback; USD-million chart scale validated against canonical issuer-derived references. Issuer exact flow remains preferred when its own unit QA is clean.
2026-07-29,LIT,0.01533,15330.0,ETFCOM_VALIDATED_ACTUAL,https://api-prod.etf.com/private/apps/fundflows/LIT/charts?startDate=20260701&endDate=20260831,-13810803.0,,1645451799.08751,,ETF.com daily actual fund-flow fallback; USD-million chart scale validated against canonical issuer-derived references. Issuer exact flow remains preferred when its own unit QA is clean.
2026-07-30,LIT,-4.85785,-4857850.0,ETFCOM_VALIDATED_ACTUAL,https://api-prod.etf.com/private/apps/fundflows/LIT/charts?startDate=20260701&endDate=20260831,-18764709.0,,1645451799.08751,,ETF.com daily actual fund-flow fallback; USD-million chart scale validated against canonical issuer-derived references. Issuer exact flow remains preferred when its own unit QA is clean.
2026-07-31,LIT,0.184473,184473.0,ETFCOM_VALIDATED_ACTUAL,https://api-prod.etf.com/private/apps/fundflows/LIT/charts?startDate=20260701&endDate=20260831,-18455217.0,-82103146.0,1645451799.08751,-4.989702283927765,ETF.com daily actual fund-flow fallback; USD-million chart scale validated against canonical issuer-derived references. Issuer exact flow remains preferred when its own unit QA is clean.
2026-08-03,LIT,-0.177895,-177895.0,ETFCOM_VALIDATED_ACTUAL,https://api-prod.etf.com/private/apps/fundflows/LIT/charts?startDate=20260701&endDate=20260831,-15066542.0,-82160019.0,1645451799.08751,-4.99315865986242,ETF.com daily actual fund-flow fallback; USD-million chart scale validated against canonical issuer-derived references. Issuer exact flow remains preferred when its own unit QA is clean.
2026-08-04,LIT,-4.79007,-4790070.0,ETFCOM_VALIDATED_ACTUAL,https://api-prod.etf.com/private/apps/fundflows/LIT/charts?startDate=20260701&endDate=20260831,-9626012.0,-86870238.0,1645451799.08751,-5.27941554095806,ETF.com daily actual fund-flow fallback; USD-million chart scale validated against canonical issuer-derived references. Issuer exact flow remains preferred when its own unit QA is clean.
2026-08-05,LIT,0.09256,92560.0,ETFCOM_VALIDATED_ACTUAL,https://api-prod.etf.com/private/apps/fundflows/LIT/charts?startDate=20260701&endDate=20260831,-9548782.0,-70034078.0,1645451799.08751,-4.256221788984496,ETF.com daily actual fund-flow fallback; USD-million chart scale validated against canonical issuer-derived references. Issuer exact flow remains preferred when its own unit QA is clean.
2026-08-06,LIT,-5.15246,-5152460.0,ETFCOM_VALIDATED_ACTUAL,https://api-prod.etf.com/private/apps/fundflows/LIT/charts?startDate=20260701&endDate=20260831,-9843392.0,-44604338.0,1645451799.08751,-2.710765397365967,ETF.com daily actual fund-flow fallback; USD-million chart scale validated against canonical issuer-derived references. Issuer exact flow remains preferred when its own unit QA is clean.
2026-08-07,LIT,-0.128344,-128344.00000000001,ETFCOM_VALIDATED_ACTUAL,https://api-prod.etf.com/private/apps/fundflows/LIT/charts?startDate=20260701&endDate=20260831,-10156209.0,-44792982.0,1645451799.08751,-2.7222299689872456,ETF.com daily actual fund-flow fallback; USD-million chart scale validated against canonical issuer-derived references. Issuer exact flow remains preferred when its own unit QA is clean.
2026-08-10,LIT,0.056828,56828.0,ETFCOM_VALIDATED_ACTUAL,https://api-prod.etf.com/private/apps/fundflows/LIT/charts?startDate=20260701&endDate=20260831,-9921486.0,-44733595.0,1645451799.08751,-2.7186208082671968,ETF.com daily actual fund-flow fallback; USD-million chart scale validated against canonical issuer-derived references. Issuer exact flow remains preferred when its own unit QA is clean.
2026-08-11,LIT,-0.00914,-9140.0,ETFCOM_VALIDATED_ACTUAL,https://api-prod.etf.com/private/apps/fundflows/LIT/charts?startDate=20260701&endDate=20260831,-5140556.0,-44790289.0,1645451799.08751,-2.7220663057306558,ETF.com daily actual fund-flow fallback; USD-million chart scale validated against canonical issuer-derived references. Issuer exact flow remains preferred when its own unit QA is clean.
2026-08-12,LIT,0.111877,111877.0,ETFCOM_VALIDATED_ACTUAL,https://api-prod.etf.com/private/apps/fundflows/LIT/charts?startDate=20260701&endDate=20260831,-5121239.0,-44629765.0,1645451799.08751,-2.712310687237971,ETF.com daily actual fund-flow fallback; USD-million chart scale validated against canonical issuer-derived references. Issuer exact flow remains preferred when its own unit QA is clean.
2026-08-13,LIT,-0.040585,-40585.0,ETFCOM_VALIDATED_ACTUAL,https://api-prod.etf.com/private/apps/fundflows/LIT/charts?startDate=20260701&endDate=20260831,-9364.000000000015,-38303130.0,1645451799.08751,-2.3278184156619544,ETF.com daily actual fund-flow fallback; USD-million chart scale validated against canonical issuer-derived references. Issuer exact flow remains preferred when its own unit QA is clean.
2026-08-14,LIT,-0.09075,-90750.0,ETFCOM_VALIDATED_ACTUAL,https://api-prod.etf.com/private/apps/fundflows/LIT/charts?startDate=20260701&endDate=20260831,28230.0,-38290774.0,1645451799.08751,-2.3270674972815524,ETF.com daily actual fund-flow fallback; USD-million chart scale validated against canonical issuer-derived references. Issuer exact flow remains preferred when its own unit QA is clean.
2026-08-17,LIT,0.024758,24758.0,ETFCOM_VALIDATED_ACTUAL,https://api-prod.etf.com/private/apps/fundflows/LIT/charts?startDate=20260701&endDate=20260831,-3840.0,-38428334.0,1645451799.08751,-2.335427511234941,ETF.com daily actual fund-flow fallback; USD-million chart scale validated against canonical issuer-derived references. Issuer exact flow remains preferred when its own unit QA is clean.
2026-08-18,LIT,0.04435,44350.0,ETFCOM_VALIDATED_ACTUAL,https://api-prod.etf.com/private/apps/fundflows/LIT/charts?startDate=20260701&endDate=20260831,49650.0,-28634234.0,1645451799.08751,-1.7402049708097918,ETF.com daily actual fund-flow fallback; USD-million chart scale validated against canonical issuer-derived references. Issuer exact flow remains preferred when its own unit QA is clean.
2026-08-19,LIT,-0.004349,-4349.0,ETFCOM_VALIDATED_ACTUAL,https://api-prod.etf.com/private/apps/fundflows/LIT/charts?startDate=20260701&endDate=20260831,-66576.0,-28547400.0,1645451799.08751,-1.7349277575819018,ETF.com daily actual fund-flow fallback; USD-million chart scale validated against canonical issuer-derived references. Issuer exact flow remains preferred when its own unit QA is clean.
2026-08-20,LIT,0.077924,77924.0,ETFCOM_VALIDATED_ACTUAL,https://api-prod.etf.com/private/apps/fundflows/LIT/charts?startDate=20260701&endDate=20260831,51933.0,-28565532.0,1645451799.08751,-1.7360297041725012,ETF.com daily actual fund-flow fallback; USD-million chart scale validated against canonical issuer-derived references. Issuer exact flow remains preferred when its own unit QA is clean.
2026-08-21,LIT,-0.025746,-25746.0,ETFCOM_VALIDATED_ACTUAL,https://api-prod.etf.com/private/apps/fundflows/LIT/charts?startDate=20260701&endDate=20260831,116937.0,-28466259.0,1645451799.08751,-1.7299965283568952,ETF.com daily actual fund-flow fallback; USD-million chart scale validated against canonical issuer-derived references. Issuer exact flow remains preferred when its own unit QA is clean.
2026-08-24,LIT,-0.05712,-57120.0,ETFCOM_VALIDATED_ACTUAL,https://api-prod.etf.com/private/apps/fundflows/LIT/charts?startDate=20260701&endDate=20260831,35059.0,-24956809.0,1645451799.08751,-1.5167146806633818,ETF.com daily actual fund-flow fallback; USD-million chart scale validated against canonical issuer-derived references. Issuer exact flow remains preferred when its own unit QA is clean.
2026-08-25,LIT,0.079891,79891.0,ETFCOM_VALIDATED_ACTUAL,https://api-prod.etf.com/private/apps/fundflows/LIT/charts?startDate=20260701&endDate=20260831,70600.0,-14646318.0,1645451799.08751,-0.8901092094051103,ETF.com daily actual fund-flow fallback; USD-million chart scale validated against canonical issuer-derived references. Issuer exact flow remains preferred when its own unit QA is clean.
2026-08-26,LIT,-0.108929,-108929.0,ETFCOM_VALIDATED_ACTUAL,https://api-prod.etf.com/private/apps/fundflows/LIT/charts?startDate=20260701&endDate=20260831,-33980.0,-14770577.0,1645451799.08751,-0.8976608739430146,ETF.com daily actual fund-flow fallback; USD-million chart scale validated against canonical issuer-derived references. Issuer exact flow remains preferred when its own unit QA is clean.
2026-08-27,LIT,0.049123,49123.0,ETFCOM_VALIDATED_ACTUAL,https://api-prod.etf.com/private/apps/fundflows/LIT/charts?startDate=20260701&endDate=20260831,-62781.0,-9863604.0,1645451799.08751,-0.5994465474752825,ETF.com daily actual fund-flow fallback; USD-million chart scale validated against canonical issuer-derived references. Issuer exact flow remains preferred when its own unit QA is clean.
2026-08-28,LIT,-0.057475,-57475.0,ETFCOM_VALIDATED_ACTUAL,https://api-prod.etf.com/private/apps/fundflows/LIT/charts?startDate=20260701&endDate=20260831,-94510.0,-10105552.0,1645451799.08751,-0.6141505941167078,ETF.com daily actual fund-flow fallback; USD-million chart scale validated against canonical issuer-derived references. Issuer exact flow remains preferred when its own unit QA is clean.
2026-08-31,LIT,0.122028,122028.0,ETFCOM_VALIDATED_ACTUAL,https://api-prod.etf.com/private/apps/fundflows/LIT/charts?startDate=20260701&endDate=20260831,84638.0,-9805629.0,1645451799.08751,-0.595923199053156,ETF.com daily actual fund-flow fallback; USD-million chart scale validated against canonical issuer-derived references. Issuer exact flow remains preferred when its own unit QA is clean.
2026-07-01,MOO,0.0,0.0,ETFCOM_VALIDATED_ACTUAL,https://api-prod.etf.com/private/apps/fundflows/MOO/charts?startDate=20260701&endDate=20260831,,,1044495090.0,,ETF.com daily actual fund-flow fallback; USD-million chart scale validated against canonical issuer-derived references. Issuer exact flow remains preferred when its own unit QA is clean.
2026-07-02,MOO,0.0,0.0,ETFCOM_VALIDATED_ACTUAL,https://api-prod.etf.com/private/apps/fundflows/MOO/charts?startDate=20260701&endDate=20260831,,,1044495090.0,,ETF.com daily actual fund-flow fallback; USD-million chart scale validated against canonical issuer-derived references. Issuer exact flow remains preferred when its own unit QA is clean.
2026-07-06,MOO,0.0,0.0,ETFCOM_VALIDATED_ACTUAL,https://api-prod.etf.com/private/apps/fundflows/MOO/charts?startDate=20260701&endDate=20260831,,,1044495090.0,,ETF.com daily actual fund-flow fallback; USD-million chart scale validated against canonical issuer-derived references. Issuer exact flow remains preferred when its own unit QA is clean.
2026-07-07,MOO,0.0,0.0,ETFCOM_VALIDATED_ACTUAL,https://api-prod.etf.com/private/apps/fundflows/MOO/charts?startDate=20260701&endDate=20260831,,,1044495090.0,,ETF.com daily actual fund-flow fallback; USD-million chart scale validated against canonical issuer-derived references. Issuer exact flow remains preferred when its own unit QA is clean.
2026-07-08,MOO,0.0,0.0,ETFCOM_VALIDATED_ACTUAL,https://api-prod.etf.com/private/apps/fundflows/MOO/charts?startDate=20260701&endDate=20260831,0.0,,1044495090.0,,ETF.com daily actual fund-flow fallback; USD-million chart scale validated against canonical issuer-derived references. Issuer exact flow remains preferred when its own unit QA is clean.
2026-07-09,MOO,0.0,0.0,ETFCOM_VALIDATED_ACTUAL,https://api-prod.etf.com/private/apps/fundflows/MOO/charts?startDate=20260701&endDate=20260831,0.0,,1044495090.0,,ETF.com daily actual fund-flow fallback; USD-million chart scale validated against canonical issuer-derived references. Issuer exact flow remains preferred when its own unit QA is clean.
2026-07-10,MOO,0.0,0.0,ETFCOM_VALIDATED_ACTUAL,https://api-prod.etf.com/private/apps/fundflows/MOO/charts?startDate=20260701&endDate=20260831,0.0,,1044495090.0,,ETF.com daily actual fund-flow fallback; USD-million chart scale validated against canonical issuer-derived references. Issuer exact flow remains preferred when its own unit QA is clean.
2026-07-13,MOO,0.0,0.0,ETFCOM_VALIDATED_ACTUAL,https://api-prod.etf.com/private/apps/fundflows/MOO/charts?startDate=20260701&endDate=20260831,0.0,,1044495090.0,,ETF.com daily actual fund-flow fallback; USD-million chart scale validated against canonical issuer-derived references. Issuer exact flow remains preferred when its own unit QA is clean.
2026-07-14,MOO,0.0,0.0,ETFCOM_VALIDATED_ACTUAL,https://api-prod.etf.com/private/apps/fundflows/MOO/charts?startDate=20260701&endDate=20260831,0.0,,1044495090.0,,ETF.com daily actual fund-flow fallback; USD-million chart scale validated against canonical issuer-derived references. Issuer exact flow remains preferred when its own unit QA is clean.
2026-07-15,MOO,0.0,0.0,ETFCOM_VALIDATED_ACTUAL,https://api-prod.etf.com/private/apps/fundflows/MOO/charts?startDate=20260701&endDate=20260831,0.0,,1044495090.0,,ETF.com daily actual fund-flow fallback; USD-million chart scale validated against canonical issuer-derived references. Issuer exact flow remains preferred when its own unit QA is clean.
2026-07-16,MOO,0.0,0.0,ETFCOM_VALIDATED_ACTUAL,https://api-prod.etf.com/private/apps/fundflows/MOO/charts?startDate=20260701&endDate=20260831,0.0,,1044495090.0,,ETF.com daily actual fund-flow fallback; USD-million chart scale validated against canonical issuer-derived references. Issuer exact flow remains preferred when its own unit QA is clean.
2026-07-17,MOO,0.0,0.0,ETFCOM_VALIDATED_ACTUAL,https://api-prod.etf.com/private/apps/fundflows/MOO/charts?startDate=20260701&endDate=20260831,0.0,,1044495090.0,,ETF.com daily actual fund-flow fallback; USD-million chart scale validated against canonical issuer-derived references. Issuer exact flow remains preferred when its own unit QA is clean.
2026-07-20,MOO,0.0,0.0,ETFCOM_VALIDATED_ACTUAL,https://api-prod.etf.com/private/apps/fundflows/MOO/charts?startDate=20260701&endDate=20260831,0.0,,1044495090.0,,ETF.com daily actual fund-flow fallback; USD-million chart scale validated against canonical issuer-derived references. Issuer exact flow remains preferred when its own unit QA is clean.
2026-07-21,MOO,0.0,0.0,ETFCOM_VALIDATED_ACTUAL,https://api-prod.etf.com/private/apps/fundflows/MOO/charts?startDate=20260701&endDate=20260831,0.0,,1044495090.0,,ETF.com daily actual fund-flow fallback; USD-million chart scale validated against canonical issuer-derived references. Issuer exact flow remains preferred when its own unit QA is clean.
2026-07-22,MOO,0.0,0.0,ETFCOM_VALIDATED_ACTUAL,https://api-prod.etf.com/private/apps/fundflows/MOO/charts?startDate=20260701&endDate=20260831,0.0,,1044495090.0,,ETF.com daily actual fund-flow fallback; USD-million chart scale validated against canonical issuer-derived references. Issuer exact flow remains preferred when its own unit QA is clean.
2026-07-27,MOO,0.0,0.0,ETFCOM_VALIDATED_ACTUAL,https://api-prod.etf.com/private/apps/fundflows/MOO/charts?startDate=20260701&endDate=20260831,0.0,,1044495090.0,,ETF.com daily actual fund-flow fallback; USD-million chart scale validated against canonical issuer-derived references. Issuer exact flow remains preferred when its own unit QA is clean.
2026-07-28,MOO,4.13999,4139990.0,ETFCOM_VALIDATED_ACTUAL,https://api-prod.etf.com/private/apps/fundflows/MOO/charts?startDate=20260701&endDate=20260831,4139990.0,,1044495090.0,,ETF.com daily actual fund-flow fallback; USD-million chart scale validated against canonical issuer-derived references. Issuer exact flow remains preferred when its own unit QA is clean.
2026-07-29,MOO,0.0,0.0,ETFCOM_VALIDATED_ACTUAL,https://api-prod.etf.com/private/apps/fundflows/MOO/charts?startDate=20260701&endDate=20260831,4139990.0,,1044495090.0,,ETF.com daily actual fund-flow fallback; USD-million chart scale validated against canonical issuer-derived references. Issuer exact flow remains preferred when its own unit QA is clean.
2026-07-30,MOO,0.0,0.0,ETFCOM_VALIDATED_ACTUAL,https://api-prod.etf.com/private/apps/fundflows/MOO/charts?startDate=20260701&endDate=20260831,4139990.0,,1044495090.0,,ETF.com daily actual fund-flow fallback; USD-million chart scale validated against canonical issuer-derived references. Issuer exact flow remains preferred when its own unit QA is clean.
2026-07-31,MOO,0.0,0.0,ETFCOM_VALIDATED_ACTUAL,https://api-prod.etf.com/private/apps/fundflows/MOO/charts?startDate=20260701&endDate=20260831,4139990.0,4139990.0,1044495090.0,0.39636280147568714,ETF.com daily actual fund-flow fallback; USD-million chart scale validated against canonical issuer-derived references. Issuer exact flow remains preferred when its own unit QA is clean.
2026-08-03,MOO,-4.08086,-4080860.0000000005,ETFCOM_VALIDATED_ACTUAL,https://api-prod.etf.com/private/apps/fundflows/MOO/charts?startDate=20260701&endDate=20260831,59129.999999999534,59129.999999999534,1044495090.0,0.005661108469164708,ETF.com daily actual fund-flow fallback; USD-million chart scale validated against canonical issuer-derived references. Issuer exact flow remains preferred when its own unit QA is clean.
2026-08-04,MOO,0.0,0.0,ETFCOM_VALIDATED_ACTUAL,https://api-prod.etf.com/private/apps/fundflows/MOO/charts?startDate=20260701&endDate=20260831,-4080860.0000000005,59129.999999999534,1044495090.0,0.005661108469164708,ETF.com daily actual fund-flow fallback; USD-million chart scale validated against canonical issuer-derived references. Issuer exact flow remains preferred when its own unit QA is clean.
2026-08-05,MOO,0.0,0.0,ETFCOM_VALIDATED_ACTUAL,https://api-prod.etf.com/private/apps/fundflows/MOO/charts?startDate=20260701&endDate=20260831,-4080860.0000000005,59129.999999999534,1044495090.0,0.005661108469164708,ETF.com daily actual fund-flow fallback; USD-million chart scale validated against canonical issuer-derived references. Issuer exact flow remains preferred when its own unit QA is clean.
2026-08-06,MOO,8.11854,8118539.999999999,ETFCOM_VALIDATED_ACTUAL,https://api-prod.etf.com/private/apps/fundflows/MOO/charts?startDate=20260701&endDate=20260831,4037679.9999999986,8177669.999999998,1044495090.0,0.7829304396251396,ETF.com daily actual fund-flow fallback; USD-million chart scale validated against canonical issuer-derived references. Issuer exact flow remains preferred when its own unit QA is clean.
2026-08-07,MOO,12.2247,12224700.0,ETFCOM_VALIDATED_ACTUAL,https://api-prod.etf.com/private/apps/fundflows/MOO/charts?startDate=20260701&endDate=20260831,16262379.999999998,20402370.0,1044495090.0,1.9533236867585466,ETF.com daily actual fund-flow fallback; USD-million chart scale validated against canonical issuer-derived references. Issuer exact flow remains preferred when its own unit QA is clean.
2026-08-10,MOO,0.0,0.0,ETFCOM_VALIDATED_ACTUAL,https://api-prod.etf.com/private/apps/fundflows/MOO/charts?startDate=20260701&endDate=20260831,20343240.0,20402370.0,1044495090.0,1.9533236867585466,ETF.com daily actual fund-flow fallback; USD-million chart scale validated against canonical issuer-derived references. Issuer exact flow remains preferred when its own unit QA is clean.
2026-08-11,MOO,-4.07911,-4079110.0,ETFCOM_VALIDATED_ACTUAL,https://api-prod.etf.com/private/apps/fundflows/MOO/charts?startDate=20260701&endDate=20260831,16264130.0,16323259.999999998,1044495090.0,1.5627895388191817,ETF.com daily actual fund-flow fallback; USD-million chart scale validated against canonical issuer-derived references. Issuer exact flow remains preferred when its own unit QA is clean.
2026-08-12,MOO,0.0,0.0,ETFCOM_VALIDATED_ACTUAL,https://api-prod.etf.com/private/apps/fundflows/MOO/charts?startDate=20260701&endDate=20260831,16264129.999999998,16323259.999999998,1044495090.0,1.5627895388191817,ETF.com daily actual fund-flow fallback; USD-million chart scale validated against canonical issuer-derived references. Issuer exact flow remains preferred when its own unit QA is clean.
2026-08-13,MOO,0.0,0.0,ETFCOM_VALIDATED_ACTUAL,https://api-prod.etf.com/private/apps/fundflows/MOO/charts?startDate=20260701&endDate=20260831,8145590.0,16323259.999999998,1044495090.0,1.5627895388191817,ETF.com daily actual fund-flow fallback; USD-million chart scale validated against canonical issuer-derived references. Issuer exact flow remains preferred when its own unit QA is clean.
2026-08-14,MOO,0.0,0.0,ETFCOM_VALIDATED_ACTUAL,https://api-prod.etf.com/private/apps/fundflows/MOO/charts?startDate=20260701&endDate=20260831,-4079110.0,16323259.999999998,1044495090.0,1.5627895388191817,ETF.com daily actual fund-flow fallback; USD-million chart scale validated against canonical issuer-derived references. Issuer exact flow remains preferred when its own unit QA is clean.
2026-08-17,MOO,0.0,0.0,ETFCOM_VALIDATED_ACTUAL,https://api-prod.etf.com/private/apps/fundflows/MOO/charts?startDate=20260701&endDate=20260831,-4079110.0,16323259.999999998,1044495090.0,1.5627895388191817,ETF.com daily actual fund-flow fallback; USD-million chart scale validated against canonical issuer-derived references. Issuer exact flow remains preferred when its own unit QA is clean.
2026-08-18,MOO,0.0,0.0,ETFCOM_VALIDATED_ACTUAL,https://api-prod.etf.com/private/apps/fundflows/MOO/charts?startDate=20260701&endDate=20260831,0.0,16323259.999999998,1044495090.0,1.5627895388191817,ETF.com daily actual fund-flow fallback; USD-million chart scale validated against canonical issuer-derived references. Issuer exact flow remains preferred when its own unit QA is clean.
2026-08-19,MOO,-12.2176,-12217600.0,ETFCOM_VALIDATED_ACTUAL,https://api-prod.etf.com/private/apps/fundflows/MOO/charts?startDate=20260701&endDate=20260831,-12217600.0,4105659.999999998,1044495090.0,0.39307604595824364,ETF.com daily actual fund-flow fallback; USD-million chart scale validated against canonical issuer-derived references. Issuer exact flow remains preferred when its own unit QA is clean.
2026-08-20,MOO,-12.3086,-12308600.0,ETFCOM_VALIDATED_ACTUAL,https://api-prod.etf.com/private/apps/fundflows/MOO/charts?startDate=20260701&endDate=20260831,-24526200.0,-8202940.000000002,1044495090.0,-0.7853497903948982,ETF.com daily actual fund-flow fallback; USD-million chart scale validated against canonical issuer-derived references. Issuer exact flow remains preferred when its own unit QA is clean.
2026-08-21,MOO,0.0,0.0,ETFCOM_VALIDATED_ACTUAL,https://api-prod.etf.com/private/apps/fundflows/MOO/charts?startDate=20260701&endDate=20260831,-24526200.0,-8202940.000000002,1044495090.0,-0.7853497903948982,ETF.com daily actual fund-flow fallback; USD-million chart scale validated against canonical issuer-derived references. Issuer exact flow remains preferred when its own unit QA is clean.
2026-08-24,MOO,0.0,0.0,ETFCOM_VALIDATED_ACTUAL,https://api-prod.etf.com/private/apps/fundflows/MOO/charts?startDate=20260701&endDate=20260831,-24526200.0,-8202940.000000002,1044495090.0,-0.7853497903948982,ETF.com daily actual fund-flow fallback; USD-million chart scale validated against canonical issuer-derived references. Issuer exact flow remains preferred when its own unit QA is clean.
2026-08-25,MOO,25.4735,25473500.0,ETFCOM_VALIDATED_ACTUAL,https://api-prod.etf.com/private/apps/fundflows/MOO/charts?startDate=20260701&endDate=20260831,947300.0,13130569.999999998,1044495090.0,1.2571212756969492,ETF.com daily actual fund-flow fallback; USD-million chart scale validated against canonical issuer-derived references. Issuer exact flow remains preferred when its own unit QA is clean.
2026-08-26,MOO,8.49307,8493070.0,ETFCOM_VALIDATED_ACTUAL,https://api-prod.etf.com/private/apps/fundflows/MOO/charts?startDate=20260701&endDate=20260831,21657970.0,21623640.0,1044495090.0,2.070248123425836,ETF.com daily actual fund-flow fallback; USD-million chart scale validated against canonical issuer-derived references. Issuer exact flow remains preferred when its own unit QA is clean.
2026-08-27,MOO,8.50491,8504910.0,ETFCOM_VALIDATED_ACTUAL,https://api-prod.etf.com/private/apps/fundflows/MOO/charts?startDate=20260701&endDate=20260831,42471480.0,30128550.0,1044495090.0,2.8845085332090936,ETF.com daily actual fund-flow fallback; USD-million chart scale validated against canonical issuer-derived references. Issuer exact flow remains preferred when its own unit QA is clean.
2026-08-28,MOO,0.0,0.0,ETFCOM_VALIDATED_ACTUAL,https://api-prod.etf.com/private/apps/fundflows/MOO/charts?startDate=20260701&endDate=20260831,42471480.0,30128550.0,1044495090.0,2.8845085332090936,ETF.com daily actual fund-flow fallback; USD-million chart scale validated against canonical issuer-derived references. Issuer exact flow remains preferred when its own unit QA is clean.
2026-08-31,MOO,0.0,0.0,ETFCOM_VALIDATED_ACTUAL,https://api-prod.etf.com/private/apps/fundflows/MOO/charts?startDate=20260701&endDate=20260831,42471480.0,34209410.0,1044495090.0,3.275210226215616,ETF.com daily actual fund-flow fallback; USD-million chart scale validated against canonical issuer-derived references. Issuer exact flow remains preferred when its own unit QA is clean.
2026-07-01,NLR,-8.69092,-8690920.0,ETFCOM_VALIDATED_ACTUAL,https://api-prod.etf.com/private/apps/fundflows/NLR/charts?startDate=20260701&endDate=20260831,,,4208901591.384,,ETF.com daily actual fund-flow fallback; USD-million chart scale validated against canonical issuer-derived references. Issuer exact flow remains preferred when its own unit QA is clean.
2026-07-02,NLR,0.0,0.0,ETFCOM_VALIDATED_ACTUAL,https://api-prod.etf.com/private/apps/fundflows/NLR/charts?startDate=20260701&endDate=20260831,,,4208901591.384,,ETF.com daily actual fund-flow fallback; USD-million chart scale validated against canonical issuer-derived references. Issuer exact flow remains preferred when its own unit QA is clean.
2026-07-06,NLR,0.0,0.0,ETFCOM_VALIDATED_ACTUAL,https://api-prod.etf.com/private/apps/fundflows/NLR/charts?startDate=20260701&endDate=20260831,,,4208901591.384,,ETF.com daily actual fund-flow fallback; USD-million chart scale validated against canonical issuer-derived references. Issuer exact flow remains preferred when its own unit QA is clean.
2026-07-07,NLR,-11.6195,-11619500.0,ETFCOM_VALIDATED_ACTUAL,https://api-prod.etf.com/private/apps/fundflows/NLR/charts?startDate=20260701&endDate=20260831,,,4208901591.384,,ETF.com daily actual fund-flow fallback; USD-million chart scale validated against canonical issuer-derived references. Issuer exact flow remains preferred when its own unit QA is clean.
2026-07-08,NLR,0.0,0.0,ETFCOM_VALIDATED_ACTUAL,https://api-prod.etf.com/private/apps/fundflows/NLR/charts?startDate=20260701&endDate=20260831,-20310420.0,,4208901591.384,,ETF.com daily actual fund-flow fallback; USD-million chart scale validated against canonical issuer-derived references. Issuer exact flow remains preferred when its own unit QA is clean.
2026-07-09,NLR,-5.55936,-5559360.0,ETFCOM_VALIDATED_ACTUAL,https://api-prod.etf.com/private/apps/fundflows/NLR/charts?startDate=20260701&endDate=20260831,-17178860.0,,4208901591.384,,ETF.com daily actual fund-flow fallback; USD-million chart scale validated against canonical issuer-derived references. Issuer exact flow remains preferred when its own unit QA is clean.
2026-07-10,NLR,0.0,0.0,ETFCOM_VALIDATED_ACTUAL,https://api-prod.etf.com/private/apps/fundflows/NLR/charts?startDate=20260701&endDate=20260831,-17178860.0,,4208901591.384,,ETF.com daily actual fund-flow fallback; USD-million chart scale validated against canonical issuer-derived references. Issuer exact flow remains preferred when its own unit QA is clean.
2026-07-13,NLR,0.0,0.0,ETFCOM_VALIDATED_ACTUAL,https://api-prod.etf.com/private/apps/fundflows/NLR/charts?startDate=20260701&endDate=20260831,-17178860.0,,4208901591.384,,ETF.com daily actual fund-flow fallback; USD-million chart scale validated against canonical issuer-derived references. Issuer exact flow remains preferred when its own unit QA is clean.
2026-07-14,NLR,-10.9913,-10991300.0,ETFCOM_VALIDATED_ACTUAL,https://api-prod.etf.com/private/apps/fundflows/NLR/charts?startDate=20260701&endDate=20260831,-16550660.0,,4208901591.384,,ETF.com daily actual fund-flow fallback; USD-million chart scale validated against canonical issuer-derived references. Issuer exact flow remains preferred when its own unit QA is clean.
2026-07-15,NLR,0.0,0.0,ETFCOM_VALIDATED_ACTUAL,https://api-prod.etf.com/private/apps/fundflows/NLR/charts?startDate=20260701&endDate=20260831,-16550660.0,,4208901591.384,,ETF.com daily actual fund-flow fallback; USD-million chart scale validated against canonical issuer-derived references. Issuer exact flow remains preferred when its own unit QA is clean.
2026-07-16,NLR,-5.48288,-5482880.0,ETFCOM_VALIDATED_ACTUAL,https://api-prod.etf.com/private/apps/fundflows/NLR/charts?startDate=20260701&endDate=20260831,-16474180.0,,4208901591.384,,ETF.com daily actual fund-flow fallback; USD-million chart scale validated against canonical issuer-derived references. Issuer exact flow remains preferred when its own unit QA is clean.
2026-07-17,NLR,-10.5036,-10503600.0,ETFCOM_VALIDATED_ACTUAL,https://api-prod.etf.com/private/apps/fundflows/NLR/charts?startDate=20260701&endDate=20260831,-26977780.0,,4208901591.384,,ETF.com daily actual fund-flow fallback; USD-million chart scale validated against canonical issuer-derived references. Issuer exact flow remains preferred when its own unit QA is clean.
2026-07-20,NLR,-13.0361,-13036100.0,ETFCOM_VALIDATED_ACTUAL,https://api-prod.etf.com/private/apps/fundflows/NLR/charts?startDate=20260701&endDate=20260831,-40013880.0,,4208901591.384,,ETF.com daily actual fund-flow fallback; USD-million chart scale validated against canonical issuer-derived references. Issuer exact flow remains preferred when its own unit QA is clean.
2026-07-21,NLR,0.0,0.0,ETFCOM_VALIDATED_ACTUAL,https://api-prod.etf.com/private/apps/fundflows/NLR/charts?startDate=20260701&endDate=20260831,-29022580.0,,4208901591.384,,ETF.com daily actual fund-flow fallback; USD-million chart scale validated against canonical issuer-derived references. Issuer exact flow remains preferred when its own unit QA is clean.
2026-07-22,NLR,0.0,0.0,ETFCOM_VALIDATED_ACTUAL,https://api-prod.etf.com/private/apps/fundflows/NLR/charts?startDate=20260701&endDate=20260831,-29022580.0,,4208901591.384,,ETF.com daily actual fund-flow fallback; USD-million chart scale validated against canonical issuer-derived references. Issuer exact flow remains preferred when its own unit QA is clean.
2026-07-27,NLR,0.0,0.0,ETFCOM_VALIDATED_ACTUAL,https://api-prod.etf.com/private/apps/fundflows/NLR/charts?startDate=20260701&endDate=20260831,-23539700.0,,4208901591.384,,ETF.com daily actual fund-flow fallback; USD-million chart scale validated against canonical issuer-derived references. Issuer exact flow remains preferred when its own unit QA is clean.
2026-07-28,NLR,-13.7273,-13727300.0,ETFCOM_VALIDATED_ACTUAL,https://api-prod.etf.com/private/apps/fundflows/NLR/charts?startDate=20260701&endDate=20260831,-26763400.0,,4208901591.384,,ETF.com daily actual fund-flow fallback; USD-million chart scale validated against canonical issuer-derived references. Issuer exact flow remains preferred when its own unit QA is clean.
2026-07-29,NLR,0.0,0.0,ETFCOM_VALIDATED_ACTUAL,https://api-prod.etf.com/private/apps/fundflows/NLR/charts?startDate=20260701&endDate=20260831,-13727300.0,,4208901591.384,,ETF.com daily actual fund-flow fallback; USD-million chart scale validated against canonical issuer-derived references. Issuer exact flow remains preferred when its own unit QA is clean.
2026-07-30,NLR,0.0,0.0,ETFCOM_VALIDATED_ACTUAL,https://api-prod.etf.com/private/apps/fundflows/NLR/charts?startDate=20260701&endDate=20260831,-13727300.0,,4208901591.384,,ETF.com daily actual fund-flow fallback; USD-million chart scale validated against canonical issuer-derived references. Issuer exact flow remains preferred when its own unit QA is clean.
2026-07-31,NLR,0.0,0.0,ETFCOM_VALIDATED_ACTUAL,https://api-prod.etf.com/private/apps/fundflows/NLR/charts?startDate=20260701&endDate=20260831,-13727300.0,-79610960.0,4208901591.384,-1.8914901731836828,ETF.com daily actual fund-flow fallback; USD-million chart scale validated against canonical issuer-derived references. Issuer exact flow remains preferred when its own unit QA is clean.
2026-08-03,NLR,-10.7325,-10732500.0,ETFCOM_VALIDATED_ACTUAL,https://api-prod.etf.com/private/apps/fundflows/NLR/charts?startDate=20260701&endDate=20260831,-24459800.0,-81652540.0,4208901591.384,-1.93999641538662,ETF.com daily actual fund-flow fallback; USD-million chart scale validated against canonical issuer-derived references. Issuer exact flow remains preferred when its own unit QA is clean.
2026-08-04,NLR,0.0,0.0,ETFCOM_VALIDATED_ACTUAL,https://api-prod.etf.com/private/apps/fundflows/NLR/charts?startDate=20260701&endDate=20260831,-10732500.0,-81652540.0,4208901591.384,-1.93999641538662,ETF.com daily actual fund-flow fallback; USD-million chart scale validated against canonical issuer-derived references. Issuer exact flow remains preferred when its own unit QA is clean.
2026-08-05,NLR,0.0,0.0,ETFCOM_VALIDATED_ACTUAL,https://api-prod.etf.com/private/apps/fundflows/NLR/charts?startDate=20260701&endDate=20260831,-10732500.0,-81652540.0,4208901591.384,-1.93999641538662,ETF.com daily actual fund-flow fallback; USD-million chart scale validated against canonical issuer-derived references. Issuer exact flow remains preferred when its own unit QA is clean.
2026-08-06,NLR,0.0,0.0,ETFCOM_VALIDATED_ACTUAL,https://api-prod.etf.com/private/apps/fundflows/NLR/charts?startDate=20260701&endDate=20260831,-10732500.0,-70033040.0,4208901591.384,-1.6639267628248646,ETF.com daily actual fund-flow fallback; USD-million chart scale validated against canonical issuer-derived references. Issuer exact flow remains preferred when its own unit QA is clean.
2026-08-07,NLR,-14.1852,-14185200.0,ETFCOM_VALIDATED_ACTUAL,https://api-prod.etf.com/private/apps/fundflows/NLR/charts?startDate=20260701&endDate=20260831,-24917700.0,-84218240.0,4208901591.384,-2.0009553127210746,ETF.com daily actual fund-flow fallback; USD-million chart scale validated against canonical issuer-derived references. Issuer exact flow remains preferred when its own unit QA is clean.
2026-08-10,NLR,0.0,0.0,ETFCOM_VALIDATED_ACTUAL,https://api-prod.etf.com/private/apps/fundflows/NLR/charts?startDate=20260701&endDate=20260831,-14185200.0,-78658880.0,4208901591.384,-1.86886954451541,ETF.com daily actual fund-flow fallback; USD-million chart scale validated against canonical issuer-derived references. Issuer exact flow remains preferred when its own unit QA is clean.
2026-08-11,NLR,0.0,0.0,ETFCOM_VALIDATED_ACTUAL,https://api-prod.etf.com/private/apps/fundflows/NLR/charts?startDate=20260701&endDate=20260831,-14185200.0,-78658880.0,4208901591.384,-1.86886954451541,ETF.com daily actual fund-flow fallback; USD-million chart scale validated against canonical issuer-derived references. Issuer exact flow remains preferred when its own unit QA is clean.
2026-08-12,NLR,-17.8409,-17840900.0,ETFCOM_VALIDATED_ACTUAL,https://api-prod.etf.com/private/apps/fundflows/NLR/charts?startDate=20260701&endDate=20260831,-32026100.0,-96499780.0,4208901591.384,-2.2927544848647385,ETF.com daily actual fund-flow fallback; USD-million chart scale validated against canonical issuer-derived references. Issuer exact flow remains preferred when its own unit QA is clean.
2026-08-13,NLR,0.0,0.0,ETFCOM_VALIDATED_ACTUAL,https://api-prod.etf.com/private/apps/fundflows/NLR/charts?startDate=20260701&endDate=20260831,-32026100.0,-85508480.0,4208901591.384,-2.031610341639813,ETF.com daily actual fund-flow fallback; USD-million chart scale validated against canonical issuer-derived references. Issuer exact flow remains preferred when its own unit QA is clean.
2026-08-14,NLR,0.0,0.0,ETFCOM_VALIDATED_ACTUAL,https://api-prod.etf.com/private/apps/fundflows/NLR/charts?startDate=20260701&endDate=20260831,-17840900.0,-85508480.0,4208901591.384,-2.031610341639813,ETF.com daily actual fund-flow fallback; USD-million chart scale validated against canonical issuer-derived references. Issuer exact flow remains preferred when its own unit QA is clean.
2026-08-17,NLR,0.0,0.0,ETFCOM_VALIDATED_ACTUAL,https://api-prod.etf.com/private/apps/fundflows/NLR/charts?startDate=20260701&endDate=20260831,-17840900.0,-80025600.0,4208901591.384,-1.9013416746026945,ETF.com daily actual fund-flow fallback; USD-million chart scale validated against canonical issuer-derived references. Issuer exact flow remains preferred when its own unit QA is clean.
2026-08-18,NLR,0.0,0.0,ETFCOM_VALIDATED_ACTUAL,https://api-prod.etf.com/private/apps/fundflows/NLR/charts?startDate=20260701&endDate=20260831,-17840900.0,-69522000.0,4208901591.384,-1.651784877610771,ETF.com daily actual fund-flow fallback; USD-million chart scale validated against canonical issuer-derived references. Issuer exact flow remains preferred when its own unit QA is clean.
2026-08-19,NLR,0.0,0.0,ETFCOM_VALIDATED_ACTUAL,https://api-prod.etf.com/private/apps/fundflows/NLR/charts?startDate=20260701&endDate=20260831,0.0,-56485900.0,4208901591.384,-1.3420579876619525,ETF.com daily actual fund-flow fallback; USD-million chart scale validated against canonical issuer-derived references. Issuer exact flow remains preferred when its own unit QA is clean.
2026-08-20,NLR,0.0,0.0,ETFCOM_VALIDATED_ACTUAL,https://api-prod.etf.com/private/apps/fundflows/NLR/charts?startDate=20260701&endDate=20260831,0.0,-56485900.0,4208901591.384,-1.3420579876619525,ETF.com daily actual fund-flow fallback; USD-million chart scale validated against canonical issuer-derived references. Issuer exact flow remains preferred when its own unit QA is clean.
2026-08-21,NLR,0.0,0.0,ETFCOM_VALIDATED_ACTUAL,https://api-prod.etf.com/private/apps/fundflows/NLR/charts?startDate=20260701&endDate=20260831,0.0,-56485900.0,4208901591.384,-1.3420579876619525,ETF.com daily actual fund-flow fallback; USD-million chart scale validated against canonical issuer-derived references. Issuer exact flow remains preferred when its own unit QA is clean.
2026-08-24,NLR,0.0,0.0,ETFCOM_VALIDATED_ACTUAL,https://api-prod.etf.com/private/apps/fundflows/NLR/charts?startDate=20260701&endDate=20260831,0.0,-56485900.0,4208901591.384,-1.3420579876619525,ETF.com daily actual fund-flow fallback; USD-million chart scale validated against canonical issuer-derived references. Issuer exact flow remains preferred when its own unit QA is clean.
2026-08-25,NLR,0.0,0.0,ETFCOM_VALIDATED_ACTUAL,https://api-prod.etf.com/private/apps/fundflows/NLR/charts?startDate=20260701&endDate=20260831,0.0,-42758600.0,4208901591.384,-1.0159087607923811,ETF.com daily actual fund-flow fallback; USD-million chart scale validated against canonical issuer-derived references. Issuer exact flow remains preferred when its own unit QA is clean.
2026-08-26,NLR,0.0,0.0,ETFCOM_VALIDATED_ACTUAL,https://api-prod.etf.com/private/apps/fundflows/NLR/charts?startDate=20260701&endDate=20260831,0.0,-42758600.0,4208901591.384,-1.0159087607923811,ETF.com daily actual fund-flow fallback; USD-million chart scale validated against canonical issuer-derived references. Issuer exact flow remains preferred when its own unit QA is clean.
2026-08-27,NLR,6.18905,6189050.0,ETFCOM_VALIDATED_ACTUAL,https://api-prod.etf.com/private/apps/fundflows/NLR/charts?startDate=20260701&endDate=20260831,6189050.0,-36569550.0,4208901591.384,-0.8688620820895684,ETF.com daily actual fund-flow fallback; USD-million chart scale validated against canonical issuer-derived references. Issuer exact flow remains preferred when its own unit QA is clean.
2026-08-28,NLR,0.0,0.0,ETFCOM_VALIDATED_ACTUAL,https://api-prod.etf.com/private/apps/fundflows/NLR/charts?startDate=20260701&endDate=20260831,6189050.0,-36569550.0,4208901591.384,-0.8688620820895684,ETF.com daily actual fund-flow fallback; USD-million chart scale validated against canonical issuer-derived references. Issuer exact flow remains preferred when its own unit QA is clean.
2026-08-31,NLR,0.0,0.0,ETFCOM_VALIDATED_ACTUAL,https://api-prod.etf.com/private/apps/fundflows/NLR/charts?startDate=20260701&endDate=20260831,6189050.0,-25837050.0,4208901591.384,-0.6138668115427257,ETF.com daily actual fund-flow fallback; USD-million chart scale validated against canonical issuer-derived references. Issuer exact flow remains preferred when its own unit QA is clean.
2026-07-01,OIH,0.0,0.0,ETFCOM_VALIDATED_ACTUAL,https://api-prod.etf.com/private/apps/fundflows/OIH/charts?startDate=20260701&endDate=20260831,,,1966882991.5082,,ETF.com daily actual fund-flow fallback; USD-million chart scale validated against canonical issuer-derived references. Issuer exact flow remains preferred when its own unit QA is clean.
2026-07-02,OIH,-36.0223,-36022300.0,ETFCOM_VALIDATED_ACTUAL,https://api-prod.etf.com/private/apps/fundflows/OIH/charts?startDate=20260701&endDate=20260831,,,1966882991.5082,,ETF.com daily actual fund-flow fallback; USD-million chart scale validated against canonical issuer-derived references. Issuer exact flow remains preferred when its own unit QA is clean.
2026-07-06,OIH,53.9456,53945600.0,ETFCOM_VALIDATED_ACTUAL,https://api-prod.etf.com/private/apps/fundflows/OIH/charts?startDate=20260701&endDate=20260831,,,1966882991.5082,,ETF.com daily actual fund-flow fallback; USD-million chart scale validated against canonical issuer-derived references. Issuer exact flow remains preferred when its own unit QA is clean.
2026-07-07,OIH,17.9749,17974900.0,ETFCOM_VALIDATED_ACTUAL,https://api-prod.etf.com/private/apps/fundflows/OIH/charts?startDate=20260701&endDate=20260831,,,1966882991.5082,,ETF.com daily actual fund-flow fallback; USD-million chart scale validated against canonical issuer-derived references. Issuer exact flow remains preferred when its own unit QA is clean.
2026-07-08,OIH,0.0,0.0,ETFCOM_VALIDATED_ACTUAL,https://api-prod.etf.com/private/apps/fundflows/OIH/charts?startDate=20260701&endDate=20260831,35898200.0,,1966882991.5082,,ETF.com daily actual fund-flow fallback; USD-million chart scale validated against canonical issuer-derived references. Issuer exact flow remains preferred when its own unit QA is clean.
2026-07-09,OIH,-18.8899,-18889900.0,ETFCOM_VALIDATED_ACTUAL,https://api-prod.etf.com/private/apps/fundflows/OIH/charts?startDate=20260701&endDate=20260831,17008300.0,,1966882991.5082,,ETF.com daily actual fund-flow fallback; USD-million chart scale validated against canonical issuer-derived references. Issuer exact flow remains preferred when its own unit QA is clean.
2026-07-10,OIH,-74.9447,-74944700.0,ETFCOM_VALIDATED_ACTUAL,https://api-prod.etf.com/private/apps/fundflows/OIH/charts?startDate=20260701&endDate=20260831,-21914100.0,,1966882991.5082,,ETF.com daily actual fund-flow fallback; USD-million chart scale validated against canonical issuer-derived references. Issuer exact flow remains preferred when its own unit QA is clean.
2026-07-13,OIH,-19.0239,-19023900.0,ETFCOM_VALIDATED_ACTUAL,https://api-prod.etf.com/private/apps/fundflows/OIH/charts?startDate=20260701&endDate=20260831,-94883600.0,,1966882991.5082,,ETF.com daily actual fund-flow fallback; USD-million chart scale validated against canonical issuer-derived references. Issuer exact flow remains preferred when its own unit QA is clean.
2026-07-14,OIH,0.0,0.0,ETFCOM_VALIDATED_ACTUAL,https://api-prod.etf.com/private/apps/fundflows/OIH/charts?startDate=20260701&endDate=20260831,-112858500.0,,1966882991.5082,,ETF.com daily actual fund-flow fallback; USD-million chart scale validated against canonical issuer-derived references. Issuer exact flow remains preferred when its own unit QA is clean.
2026-07-15,OIH,38.5517,38551700.0,ETFCOM_VALIDATED_ACTUAL,https://api-prod.etf.com/private/apps/fundflows/OIH/charts?startDate=20260701&endDate=20260831,-74306800.0,,1966882991.5082,,ETF.com daily actual fund-flow fallback; USD-million chart scale validated against canonical issuer-derived references. Issuer exact flow remains preferred when its own unit QA is clean.
2026-07-16,OIH,0.0,0.0,ETFCOM_VALIDATED_ACTUAL,https://api-prod.etf.com/private/apps/fundflows/OIH/charts?startDate=20260701&endDate=20260831,-55416900.0,,1966882991.5082,,ETF.com daily actual fund-flow fallback; USD-million chart scale validated against canonical issuer-derived references. Issuer exact flow remains preferred when its own unit QA is clean.
2026-07-17,OIH,-18.8476,-18847600.0,ETFCOM_VALIDATED_ACTUAL,https://api-prod.etf.com/private/apps/fundflows/OIH/charts?startDate=20260701&endDate=20260831,680200.0,,1966882991.5082,,ETF.com daily actual fund-flow fallback; USD-million chart scale validated against canonical issuer-derived references. Issuer exact flow remains preferred when its own unit QA is clean.
2026-07-20,OIH,37.8845,37884500.0,ETFCOM_VALIDATED_ACTUAL,https://api-prod.etf.com/private/apps/fundflows/OIH/charts?startDate=20260701&endDate=20260831,57588600.0,,1966882991.5082,,ETF.com daily actual fund-flow fallback; USD-million chart scale validated against canonical issuer-derived references. Issuer exact flow remains preferred when its own unit QA is clean.
2026-07-21,OIH,0.0,0.0,ETFCOM_VALIDATED_ACTUAL,https://api-prod.etf.com/private/apps/fundflows/OIH/charts?startDate=20260701&endDate=20260831,57588600.0,,1966882991.5082,,ETF.com daily actual fund-flow fallback; USD-million chart scale validated against canonical issuer-derived references. Issuer exact flow remains preferred when its own unit QA is clean.
2026-07-22,OIH,19.1936,19193600.0,ETFCOM_VALIDATED_ACTUAL,https://api-prod.etf.com/private/apps/fundflows/OIH/charts?startDate=20260701&endDate=20260831,38230500.0,,1966882991.5082,,ETF.com daily actual fund-flow fallback; USD-million chart scale validated against canonical issuer-derived references. Issuer exact flow remains preferred when its own unit QA is clean.
2026-07-27,OIH,-19.5886,-19588600.0,ETFCOM_VALIDATED_ACTUAL,https://api-prod.etf.com/private/apps/fundflows/OIH/charts?startDate=20260701&endDate=20260831,18641900.0,,1966882991.5082,,ETF.com daily actual fund-flow fallback; USD-million chart scale validated against canonical issuer-derived references. Issuer exact flow remains preferred when its own unit QA is clean.
2026-07-28,OIH,-38.5929,-38592900.0,ETFCOM_VALIDATED_ACTUAL,https://api-prod.etf.com/private/apps/fundflows/OIH/charts?startDate=20260701&endDate=20260831,-1103400.0,,1966882991.5082,,ETF.com daily actual fund-flow fallback; USD-million chart scale validated against canonical issuer-derived references. Issuer exact flow remains preferred when its own unit QA is clean.
2026-07-29,OIH,-37.1589,-37158900.0,ETFCOM_VALIDATED_ACTUAL,https://api-prod.etf.com/private/apps/fundflows/OIH/charts?startDate=20260701&endDate=20260831,-76146800.0,,1966882991.5082,,ETF.com daily actual fund-flow fallback; USD-million chart scale validated against canonical issuer-derived references. Issuer exact flow remains preferred when its own unit QA is clean.
2026-07-30,OIH,0.0,0.0,ETFCOM_VALIDATED_ACTUAL,https://api-prod.etf.com/private/apps/fundflows/OIH/charts?startDate=20260701&endDate=20260831,-76146800.0,,1966882991.5082,,ETF.com daily actual fund-flow fallback; USD-million chart scale validated against canonical issuer-derived references. Issuer exact flow remains preferred when its own unit QA is clean.
2026-07-31,OIH,0.0,0.0,ETFCOM_VALIDATED_ACTUAL,https://api-prod.etf.com/private/apps/fundflows/OIH/charts?startDate=20260701&endDate=20260831,-95340400.0,-95518500.0,1966882991.5082,-4.856338705067387,ETF.com daily actual fund-flow fallback; USD-million chart scale validated against canonical issuer-derived references. Issuer exact flow remains preferred when its own unit QA is clean.
2026-08-03,OIH,0.0,0.0,ETFCOM_VALIDATED_ACTUAL,https://api-prod.etf.com/private/apps/fundflows/OIH/charts?startDate=20260701&endDate=20260831,-75751800.0,-95518500.0,1966882991.5082,-4.856338705067387,ETF.com daily actual fund-flow fallback; USD-million chart scale validated against canonical issuer-derived references. Issuer exact flow remains preferred when its own unit QA is clean.
2026-08-04,OIH,-57.3203,-57320300.0,ETFCOM_VALIDATED_ACTUAL,https://api-prod.etf.com/private/apps/fundflows/OIH/charts?startDate=20260701&endDate=20260831,-94479200.0,-116816500.0,1966882991.5082,-5.9391687509802225,ETF.com daily actual fund-flow fallback; USD-million chart scale validated against canonical issuer-derived references. Issuer exact flow remains preferred when its own unit QA is clean.
2026-08-05,OIH,0.0,0.0,ETFCOM_VALIDATED_ACTUAL,https://api-prod.etf.com/private/apps/fundflows/OIH/charts?startDate=20260701&endDate=20260831,-57320300.0,-170762100.0,1966882991.5082,-8.681863676550487,ETF.com daily actual fund-flow fallback; USD-million chart scale validated against canonical issuer-derived references. Issuer exact flow remains preferred when its own unit QA is clean.
2026-08-06,OIH,-19.2561,-19256100.0,ETFCOM_VALIDATED_ACTUAL,https://api-prod.etf.com/private/apps/fundflows/OIH/charts?startDate=20260701&endDate=20260831,-76576400.0,-207993100.0,1966882991.5082,-10.57475716135567,ETF.com daily actual fund-flow fallback; USD-million chart scale validated against canonical issuer-derived references. Issuer exact flow remains preferred when its own unit QA is clean.
2026-08-07,OIH,0.0,0.0,ETFCOM_VALIDATED_ACTUAL,https://api-prod.etf.com/private/apps/fundflows/OIH/charts?startDate=20260701&endDate=20260831,-76576400.0,-207993100.0,1966882991.5082,-10.57475716135567,ETF.com daily actual fund-flow fallback; USD-million chart scale validated against canonical issuer-derived references. Issuer exact flow remains preferred when its own unit QA is clean.
2026-08-10,OIH,0.0,0.0,ETFCOM_VALIDATED_ACTUAL,https://api-prod.etf.com/private/apps/fundflows/OIH/charts?startDate=20260701&endDate=20260831,-76576400.0,-189103200.0,1966882991.5082,-9.614359411130819,ETF.com daily actual fund-flow fallback; USD-million chart scale validated against canonical issuer-derived references. Issuer exact flow remains preferred when its own unit QA is clean.
2026-08-11,OIH,-20.5696,-20569600.0,ETFCOM_VALIDATED_ACTUAL,https://api-prod.etf.com/private/apps/fundflows/OIH/charts?startDate=20260701&endDate=20260831,-39825700.0,-134728100.0,1966882991.5082,-6.849827904439343,ETF.com daily actual fund-flow fallback; USD-million chart scale validated against canonical issuer-derived references. Issuer exact flow remains preferred when its own unit QA is clean.
2026-08-12,OIH,0.0,0.0,ETFCOM_VALIDATED_ACTUAL,https://api-prod.etf.com/private/apps/fundflows/OIH/charts?startDate=20260701&endDate=20260831,-39825700.0,-115704200.0,1966882991.5082,-5.882617344272135,ETF.com daily actual fund-flow fallback; USD-million chart scale validated against canonical issuer-derived references. Issuer exact flow remains preferred when its own unit QA is clean.
2026-08-13,OIH,0.0,0.0,ETFCOM_VALIDATED_ACTUAL,https://api-prod.etf.com/private/apps/fundflows/OIH/charts?startDate=20260701&endDate=20260831,-20569600.0,-115704200.0,1966882991.5082,-5.882617344272135,ETF.com daily actual fund-flow fallback; USD-million chart scale validated against canonical issuer-derived references. Issuer exact flow remains preferred when its own unit QA is clean.
2026-08-14,OIH,0.0,0.0,ETFCOM_VALIDATED_ACTUAL,https://api-prod.etf.com/private/apps/fundflows/OIH/charts?startDate=20260701&endDate=20260831,-20569600.0,-154255900.0,1966882991.5082,-7.842657680501729,ETF.com daily actual fund-flow fallback; USD-million chart scale validated against canonical issuer-derived references. Issuer exact flow remains preferred when its own unit QA is clean.
2026-08-17,OIH,0.0,0.0,ETFCOM_VALIDATED_ACTUAL,https://api-prod.etf.com/private/apps/fundflows/OIH/charts?startDate=20260701&endDate=20260831,-20569600.0,-154255900.0,1966882991.5082,-7.842657680501729,ETF.com daily actual fund-flow fallback; USD-million chart scale validated against canonical issuer-derived references. Issuer exact flow remains preferred when its own unit QA is clean.
2026-08-18,OIH,21.3111,21311100.0,ETFCOM_VALIDATED_ACTUAL,https://api-prod.etf.com/private/apps/fundflows/OIH/charts?startDate=20260701&endDate=20260831,21311100.0,-114097200.0,1966882991.5082,-5.800914466829092,ETF.com daily actual fund-flow fallback; USD-million chart scale validated against canonical issuer-derived references. Issuer exact flow remains preferred when its own unit QA is clean.
2026-08-19,OIH,0.0,0.0,ETFCOM_VALIDATED_ACTUAL,https://api-prod.etf.com/private/apps/fundflows/OIH/charts?startDate=20260701&endDate=20260831,21311100.0,-151981700.0,1966882991.5082,-7.727033110569576,ETF.com daily actual fund-flow fallback; USD-million chart scale validated against canonical issuer-derived references. Issuer exact flow remains preferred when its own unit QA is clean.
2026-08-20,OIH,0.0,0.0,ETFCOM_VALIDATED_ACTUAL,https://api-prod.etf.com/private/apps/fundflows/OIH/charts?startDate=20260701&endDate=20260831,21311100.0,-151981700.0,1966882991.5082,-7.727033110569576,ETF.com daily actual fund-flow fallback; USD-million chart scale validated against canonical issuer-derived references. Issuer exact flow remains preferred when its own unit QA is clean.
2026-08-21,OIH,0.0,0.0,ETFCOM_VALIDATED_ACTUAL,https://api-prod.etf.com/private/apps/fundflows/OIH/charts?startDate=20260701&endDate=20260831,21311100.0,-171175300.0,1966882991.5082,-8.702871535268262,ETF.com daily actual fund-flow fallback; USD-million chart scale validated against canonical issuer-derived references. Issuer exact flow remains preferred when its own unit QA is clean.
2026-08-24,OIH,-41.5156,-41515600.0,ETFCOM_VALIDATED_ACTUAL,https://api-prod.etf.com/private/apps/fundflows/OIH/charts?startDate=20260701&endDate=20260831,-20204500.0,-193102300.0,1966882991.5082,-9.817681114417983,ETF.com daily actual fund-flow fallback; USD-million chart scale validated against canonical issuer-derived references. Issuer exact flow remains preferred when its own unit QA is clean.
2026-08-25,OIH,0.0,0.0,ETFCOM_VALIDATED_ACTUAL,https://api-prod.etf.com/private/apps/fundflows/OIH/charts?startDate=20260701&endDate=20260831,-41515600.0,-154509400.0,1966882991.5082,-7.8555460933404415,ETF.com daily actual fund-flow fallback; USD-million chart scale validated against canonical issuer-derived references. Issuer exact flow remains preferred when its own unit QA is clean.
2026-08-26,OIH,-20.2793,-20279300.0,ETFCOM_VALIDATED_ACTUAL,https://api-prod.etf.com/private/apps/fundflows/OIH/charts?startDate=20260701&endDate=20260831,-61794900.0,-137629800.0,1966882991.5082,-6.997355744810518,ETF.com daily actual fund-flow fallback; USD-million chart scale validated against canonical issuer-derived references. Issuer exact flow remains preferred when its own unit QA is clean.
2026-08-27,OIH,0.0,0.0,ETFCOM_VALIDATED_ACTUAL,https://api-prod.etf.com/private/apps/fundflows/OIH/charts?startDate=20260701&endDate=20260831,-61794900.0,-137629800.0,1966882991.5082,-6.997355744810518,ETF.com daily actual fund-flow fallback; USD-million chart scale validated against canonical issuer-derived references. Issuer exact flow remains preferred when its own unit QA is clean.
2026-08-28,OIH,41.4885,41488500.0,ETFCOM_VALIDATED_ACTUAL,https://api-prod.etf.com/private/apps/fundflows/OIH/charts?startDate=20260701&endDate=20260831,-20306400.0,-96141300.0,1966882991.5082,-4.8880030187397745,ETF.com daily actual fund-flow fallback; USD-million chart scale validated against canonical issuer-derived references. Issuer exact flow remains preferred when its own unit QA is clean.
2026-08-31,OIH,0.0,0.0,ETFCOM_VALIDATED_ACTUAL,https://api-prod.etf.com/private/apps/fundflows/OIH/charts?startDate=20260701&endDate=20260831,21209200.0,-96141300.0,1966882991.5082,-4.8880030187397745,ETF.com daily actual fund-flow fallback; USD-million chart scale validated against canonical issuer-derived references. Issuer exact flow remains preferred when its own unit QA is clean.
2026-07-01,PAVE,86.5245,86524500.0,ETFCOM_VALIDATED_ACTUAL,https://api-prod.etf.com/private/apps/fundflows/PAVE/charts?startDate=20260701&endDate=20260831,,,13650487109.9531,,ETF.com daily actual fund-flow fallback; USD-million chart scale validated against canonical issuer-derived references. Issuer exact flow remains preferred when its own unit QA is clean.
2026-07-02,PAVE,42.9501,42950100.0,ETFCOM_VALIDATED_ACTUAL,https://api-prod.etf.com/private/apps/fundflows/PAVE/charts?startDate=20260701&endDate=20260831,,,13650487109.9531,,ETF.com daily actual fund-flow fallback; USD-million chart scale validated against canonical issuer-derived references. Issuer exact flow remains preferred when its own unit QA is clean.
2026-07-06,PAVE,10.6511,10651100.0,ETFCOM_VALIDATED_ACTUAL,https://api-prod.etf.com/private/apps/fundflows/PAVE/charts?startDate=20260701&endDate=20260831,,,13650487109.9531,,ETF.com daily actual fund-flow fallback; USD-million chart scale validated against canonical issuer-derived references. Issuer exact flow remains preferred when its own unit QA is clean.
2026-07-07,PAVE,2.77614,2776140.0,ETFCOM_VALIDATED_ACTUAL,https://api-prod.etf.com/private/apps/fundflows/PAVE/charts?startDate=20260701&endDate=20260831,,,13650487109.9531,,ETF.com daily actual fund-flow fallback; USD-million chart scale validated against canonical issuer-derived references. Issuer exact flow remains preferred when its own unit QA is clean.
2026-07-08,PAVE,0.75302,753020.0,ETFCOM_VALIDATED_ACTUAL,https://api-prod.etf.com/private/apps/fundflows/PAVE/charts?startDate=20260701&endDate=20260831,143654860.0,,13650487109.9531,,ETF.com daily actual fund-flow fallback; USD-million chart scale validated against canonical issuer-derived references. Issuer exact flow remains preferred when its own unit QA is clean.
2026-07-09,PAVE,-162.054,-162054000.0,ETFCOM_VALIDATED_ACTUAL,https://api-prod.etf.com/private/apps/fundflows/PAVE/charts?startDate=20260701&endDate=20260831,-104923640.0,,13650487109.9531,,ETF.com daily actual fund-flow fallback; USD-million chart scale validated against canonical issuer-derived references. Issuer exact flow remains preferred when its own unit QA is clean.
2026-07-10,PAVE,13.543,13543000.0,ETFCOM_VALIDATED_ACTUAL,https://api-prod.etf.com/private/apps/fundflows/PAVE/charts?startDate=20260701&endDate=20260831,-134330740.0,,13650487109.9531,,ETF.com daily actual fund-flow fallback; USD-million chart scale validated against canonical issuer-derived references. Issuer exact flow remains preferred when its own unit QA is clean.
2026-07-13,PAVE,-2.40287,-2402870.0,ETFCOM_VALIDATED_ACTUAL,https://api-prod.etf.com/private/apps/fundflows/PAVE/charts?startDate=20260701&endDate=20260831,-147384710.0,,13650487109.9531,,ETF.com daily actual fund-flow fallback; USD-million chart scale validated against canonical issuer-derived references. Issuer exact flow remains preferred when its own unit QA is clean.
2026-07-14,PAVE,-1.11651,-1116510.0,ETFCOM_VALIDATED_ACTUAL,https://api-prod.etf.com/private/apps/fundflows/PAVE/charts?startDate=20260701&endDate=20260831,-151277360.0,,13650487109.9531,,ETF.com daily actual fund-flow fallback; USD-million chart scale validated against canonical issuer-derived references. Issuer exact flow remains preferred when its own unit QA is clean.
2026-07-15,PAVE,66.4139,66413900.0,ETFCOM_VALIDATED_ACTUAL,https://api-prod.etf.com/private/apps/fundflows/PAVE/charts?startDate=20260701&endDate=20260831,-85616480.0,,13650487109.9531,,ETF.com daily actual fund-flow fallback; USD-million chart scale validated against canonical issuer-derived references. Issuer exact flow remains preferred when its own unit QA is clean.
2026-07-16,PAVE,-62.1002,-62100200.0,ETFCOM_VALIDATED_ACTUAL,https://api-prod.etf.com/private/apps/fundflows/PAVE/charts?startDate=20260701&endDate=20260831,14337320.0,,13650487109.9531,,ETF.com daily actual fund-flow fallback; USD-million chart scale validated against canonical issuer-derived references. Issuer exact flow remains preferred when its own unit QA is clean.
2026-07-17,PAVE,-12.3337,-12333700.0,ETFCOM_VALIDATED_ACTUAL,https://api-prod.etf.com/private/apps/fundflows/PAVE/charts?startDate=20260701&endDate=20260831,-11539380.0,,13650487109.9531,,ETF.com daily actual fund-flow fallback; USD-million chart scale validated against canonical issuer-derived references. Issuer exact flow remains preferred when its own unit QA is clean.
2026-07-20,PAVE,0.062706,62706.0,ETFCOM_VALIDATED_ACTUAL,https://api-prod.etf.com/private/apps/fundflows/PAVE/charts?startDate=20260701&endDate=20260831,-9073804.0,,13650487109.9531,,ETF.com daily actual fund-flow fallback; USD-million chart scale validated against canonical issuer-derived references. Issuer exact flow remains preferred when its own unit QA is clean.
2026-07-21,PAVE,-0.449225,-449225.0,ETFCOM_VALIDATED_ACTUAL,https://api-prod.etf.com/private/apps/fundflows/PAVE/charts?startDate=20260701&endDate=20260831,-8406519.0,,13650487109.9531,,ETF.com daily actual fund-flow fallback; USD-million chart scale validated against canonical issuer-derived references. Issuer exact flow remains preferred when its own unit QA is clean.
2026-07-22,PAVE,-40.9472,-40947200.0,ETFCOM_VALIDATED_ACTUAL,https://api-prod.etf.com/private/apps/fundflows/PAVE/charts?startDate=20260701&endDate=20260831,-115767619.0,,13650487109.9531,,ETF.com daily actual fund-flow fallback; USD-million chart scale validated against canonical issuer-derived references. Issuer exact flow remains preferred when its own unit QA is clean.
2026-07-27,PAVE,-1.51727,-1517270.0,ETFCOM_VALIDATED_ACTUAL,https://api-prod.etf.com/private/apps/fundflows/PAVE/charts?startDate=20260701&endDate=20260831,-55184689.0,,13650487109.9531,,ETF.com daily actual fund-flow fallback; USD-million chart scale validated against canonical issuer-derived references. Issuer exact flow remains preferred when its own unit QA is clean.
2026-07-28,PAVE,-0.631665,-631665.0,ETFCOM_VALIDATED_ACTUAL,https://api-prod.etf.com/private/apps/fundflows/PAVE/charts?startDate=20260701&endDate=20260831,-43482654.0,,13650487109.9531,,ETF.com daily actual fund-flow fallback; USD-million chart scale validated against canonical issuer-derived references. Issuer exact flow remains preferred when its own unit QA is clean.
2026-07-29,PAVE,24.199,24199000.0,ETFCOM_VALIDATED_ACTUAL,https://api-prod.etf.com/private/apps/fundflows/PAVE/charts?startDate=20260701&endDate=20260831,-19346360.0,,13650487109.9531,,ETF.com daily actual fund-flow fallback; USD-million chart scale validated against canonical issuer-derived references. Issuer exact flow remains preferred when its own unit QA is clean.
2026-07-30,PAVE,617.565,617565000.0,ETFCOM_VALIDATED_ACTUAL,https://api-prod.etf.com/private/apps/fundflows/PAVE/charts?startDate=20260701&endDate=20260831,598667865.0,,13650487109.9531,,ETF.com daily actual fund-flow fallback; USD-million chart scale validated against canonical issuer-derived references. Issuer exact flow remains preferred when its own unit QA is clean.
2026-07-31,PAVE,0.55203,552030.0,ETFCOM_VALIDATED_ACTUAL,https://api-prod.etf.com/private/apps/fundflows/PAVE/charts?startDate=20260701&endDate=20260831,640167095.0,582437856.0,13650487109.9531,4.266791736503834,ETF.com daily actual fund-flow fallback; USD-million chart scale validated against canonical issuer-derived references. Issuer exact flow remains preferred when its own unit QA is clean.
2026-08-03,PAVE,-787.718,-787718000.0,ETFCOM_VALIDATED_ACTUAL,https://api-prod.etf.com/private/apps/fundflows/PAVE/charts?startDate=20260701&endDate=20260831,-146033635.0,-291804644.0,13650487109.9531,-2.137686674838394,ETF.com daily actual fund-flow fallback; USD-million chart scale validated against canonical issuer-derived references. Issuer exact flow remains preferred when its own unit QA is clean.
2026-08-04,PAVE,0.168677,168677.0,ETFCOM_VALIDATED_ACTUAL,https://api-prod.etf.com/private/apps/fundflows/PAVE/charts?startDate=20260701&endDate=20260831,-145233293.0,-334586067.0,13650487109.9531,-2.451092509043434,ETF.com daily actual fund-flow fallback; USD-million chart scale validated against canonical issuer-derived references. Issuer exact flow remains preferred when its own unit QA is clean.
2026-08-05,PAVE,40.2373,40237300.0,ETFCOM_VALIDATED_ACTUAL,https://api-prod.etf.com/private/apps/fundflows/PAVE/charts?startDate=20260701&endDate=20260831,-129194993.0,-304999867.0,13650487109.9531,-2.2343515256507787,ETF.com daily actual fund-flow fallback; USD-million chart scale validated against canonical issuer-derived references. Issuer exact flow remains preferred when its own unit QA is clean.
2026-08-06,PAVE,4.99885,4998850.0,ETFCOM_VALIDATED_ACTUAL,https://api-prod.etf.com/private/apps/fundflows/PAVE/charts?startDate=20260701&endDate=20260831,-741761143.0,-302777157.0,13650487109.9531,-2.218068516977928,ETF.com daily actual fund-flow fallback; USD-million chart scale validated against canonical issuer-derived references. Issuer exact flow remains preferred when its own unit QA is clean.
2026-08-07,PAVE,14.8806,14880600.0,ETFCOM_VALIDATED_ACTUAL,https://api-prod.etf.com/private/apps/fundflows/PAVE/charts?startDate=20260701&endDate=20260831,-727432573.0,-288649577.0,13650487109.9531,-2.1145734556940052,ETF.com daily actual fund-flow fallback; USD-million chart scale validated against canonical issuer-derived references. Issuer exact flow remains preferred when its own unit QA is clean.
2026-08-10,PAVE,0.03869,38690.0,ETFCOM_VALIDATED_ACTUAL,https://api-prod.etf.com/private/apps/fundflows/PAVE/charts?startDate=20260701&endDate=20260831,60324117.0,-126556887.0,13650487109.9531,-0.9271235962541033,ETF.com daily actual fund-flow fallback; USD-million chart scale validated against canonical issuer-derived references. Issuer exact flow remains preferred when its own unit QA is clean.
2026-08-11,PAVE,3.7806,3780600.0,ETFCOM_VALIDATED_ACTUAL,https://api-prod.etf.com/private/apps/fundflows/PAVE/charts?startDate=20260701&endDate=20260831,63936040.0,-136319287.0,13650487109.9531,-0.9986404580434666,ETF.com daily actual fund-flow fallback; USD-million chart scale validated against canonical issuer-derived references. Issuer exact flow remains preferred when its own unit QA is clean.
2026-08-12,PAVE,-9.3632,-9363200.0,ETFCOM_VALIDATED_ACTUAL,https://api-prod.etf.com/private/apps/fundflows/PAVE/charts?startDate=20260701&endDate=20260831,14335540.0,-143279617.0,13650487109.9531,-1.049630067014453,ETF.com daily actual fund-flow fallback; USD-million chart scale validated against canonical issuer-derived references. Issuer exact flow remains preferred when its own unit QA is clean.
2026-08-13,PAVE,-2.20886,-2208860.0,ETFCOM_VALIDATED_ACTUAL,https://api-prod.etf.com/private/apps/fundflows/PAVE/charts?startDate=20260701&endDate=20260831,7127830.0,-144371967.0,13650487109.9531,-1.0576323455500192,ETF.com daily actual fund-flow fallback; USD-million chart scale validated against canonical issuer-derived references. Issuer exact flow remains preferred when its own unit QA is clean.
2026-08-14,PAVE,14.2962,14296200.0,ETFCOM_VALIDATED_ACTUAL,https://api-prod.etf.com/private/apps/fundflows/PAVE/charts?startDate=20260701&endDate=20260831,6543430.0,-196489667.0,13650487109.9531,-1.4394333727236133,ETF.com daily actual fund-flow fallback; USD-million chart scale validated against canonical issuer-derived references. Issuer exact flow remains preferred when its own unit QA is clean.
2026-08-17,PAVE,-0.120529,-120529.0,ETFCOM_VALIDATED_ACTUAL,https://api-prod.etf.com/private/apps/fundflows/PAVE/charts?startDate=20260701&endDate=20260831,6384211.0,-134509996.0,13650487109.9531,-0.985386051915492,ETF.com daily actual fund-flow fallback; USD-million chart scale validated against canonical issuer-derived references. Issuer exact flow remains preferred when its own unit QA is clean.
2026-08-18,PAVE,38.6742,38674200.0,ETFCOM_VALIDATED_ACTUAL,https://api-prod.etf.com/private/apps/fundflows/PAVE/charts?startDate=20260701&endDate=20260831,41277811.0,-83502096.0,13650487109.9531,-0.6117151375434462,ETF.com daily actual fund-flow fallback; USD-million chart scale validated against canonical issuer-derived references. Issuer exact flow remains preferred when its own unit QA is clean.
2026-08-19,PAVE,-11.2672,-11267200.0,ETFCOM_VALIDATED_ACTUAL,https://api-prod.etf.com/private/apps/fundflows/PAVE/charts?startDate=20260701&endDate=20260831,39373811.0,-94832002.0,13650487109.9531,-0.6947151499879759,ETF.com daily actual fund-flow fallback; USD-million chart scale validated against canonical issuer-derived references. Issuer exact flow remains preferred when its own unit QA is clean.
2026-08-20,PAVE,-4.50164,-4501640.0,ETFCOM_VALIDATED_ACTUAL,https://api-prod.etf.com/private/apps/fundflows/PAVE/charts?startDate=20260701&endDate=20260831,37081031.0,-98884417.0,13650487109.9531,-0.7244021125656354,ETF.com daily actual fund-flow fallback; USD-million chart scale validated against canonical issuer-derived references. Issuer exact flow remains preferred when its own unit QA is clean.
2026-08-21,PAVE,4.31278,4312780.0,ETFCOM_VALIDATED_ACTUAL,https://api-prod.etf.com/private/apps/fundflows/PAVE/charts?startDate=20260701&endDate=20260831,27097611.0,-53624437.0,13650487109.9531,-0.3928389995760689,ETF.com daily actual fund-flow fallback; USD-million chart scale validated against canonical issuer-derived references. Issuer exact flow remains preferred when its own unit QA is clean.
2026-08-24,PAVE,20.6284,20628400.0,ETFCOM_VALIDATED_ACTUAL,https://api-prod.etf.com/private/apps/fundflows/PAVE/charts?startDate=20260701&endDate=20260831,47846540.0,-31478767.0,13650487109.9531,-0.23060544833632793,ETF.com daily actual fund-flow fallback; USD-million chart scale validated against canonical issuer-derived references. Issuer exact flow remains preferred when its own unit QA is clean.
2026-08-25,PAVE,-0.27238,-272380.0,ETFCOM_VALIDATED_ACTUAL,https://api-prod.etf.com/private/apps/fundflows/PAVE/charts?startDate=20260701&endDate=20260831,8899960.0,-31119482.0,13650487109.9531,-0.22797341772008692,ETF.com daily actual fund-flow fallback; USD-million chart scale validated against canonical issuer-derived references. Issuer exact flow remains preferred when its own unit QA is clean.
2026-08-26,PAVE,4.17924,4179240.0,ETFCOM_VALIDATED_ACTUAL,https://api-prod.etf.com/private/apps/fundflows/PAVE/charts?startDate=20260701&endDate=20260831,24346400.0,-51139242.0,13650487109.9531,-0.3746330924902482,ETF.com daily actual fund-flow fallback; USD-million chart scale validated against canonical issuer-derived references. Issuer exact flow remains preferred when its own unit QA is clean.
2026-08-27,PAVE,18.5665,18566500.0,ETFCOM_VALIDATED_ACTUAL,https://api-prod.etf.com/private/apps/fundflows/PAVE/charts?startDate=20260701&endDate=20260831,47414540.0,-650137742.0,13650487109.9531,-4.762743898904232,ETF.com daily actual fund-flow fallback; USD-million chart scale validated against canonical issuer-derived references. Issuer exact flow remains preferred when its own unit QA is clean.
2026-08-28,PAVE,22.8019,22801900.0,ETFCOM_VALIDATED_ACTUAL,https://api-prod.etf.com/private/apps/fundflows/PAVE/charts?startDate=20260701&endDate=20260831,65903660.0,-627887872.0,13650487109.9531,-4.599747004941549,ETF.com daily actual fund-flow fallback; USD-million chart scale validated against canonical issuer-derived references. Issuer exact flow remains preferred when its own unit QA is clean.
2026-08-31,PAVE,-0.850764,-850764.0,ETFCOM_VALIDATED_ACTUAL,https://api-prod.etf.com/private/apps/fundflows/PAVE/charts?startDate=20260701&endDate=20260831,44424496.0,158979364.0,13650487109.9531,1.1646424242551898,ETF.com daily actual fund-flow fallback; USD-million chart scale validated against canonical issuer-derived references. Issuer exact flow remains preferred when its own unit QA is clean.
2026-07-01,PEJ,-3.99906,-3999060.0,ETFCOM_VALIDATED_ACTUAL,https://api-prod.etf.com/private/apps/fundflows/PEJ/charts?startDate=20260701&endDate=20260831,,,432881820.0,,ETF.com daily actual fund-flow fallback; USD-million chart scale validated against canonical issuer-derived references. Issuer exact flow remains preferred when its own unit QA is clean.
2026-07-02,PEJ,0.0,0.0,ETFCOM_VALIDATED_ACTUAL,https://api-prod.etf.com/private/apps/fundflows/PEJ/charts?startDate=20260701&endDate=20260831,,,432881820.0,,ETF.com daily actual fund-flow fallback; USD-million chart scale validated against canonical issuer-derived references. Issuer exact flow remains preferred when its own unit QA is clean.
2026-07-06,PEJ,0.67254,672540.0,ETFCOM_VALIDATED_ACTUAL,https://api-prod.etf.com/private/apps/fundflows/PEJ/charts?startDate=20260701&endDate=20260831,,,432881820.0,,ETF.com daily actual fund-flow fallback; USD-million chart scale validated against canonical issuer-derived references. Issuer exact flow remains preferred when its own unit QA is clean.
2026-07-07,PEJ,-18.5816,-18581600.0,ETFCOM_VALIDATED_ACTUAL,https://api-prod.etf.com/private/apps/fundflows/PEJ/charts?startDate=20260701&endDate=20260831,,,432881820.0,,ETF.com daily actual fund-flow fallback; USD-million chart scale validated against canonical issuer-derived references. Issuer exact flow remains preferred when its own unit QA is clean.
2026-07-08,PEJ,0.0,0.0,ETFCOM_VALIDATED_ACTUAL,https://api-prod.etf.com/private/apps/fundflows/PEJ/charts?startDate=20260701&endDate=20260831,-21908120.0,,432881820.0,,ETF.com daily actual fund-flow fallback; USD-million chart scale validated against canonical issuer-derived references. Issuer exact flow remains preferred when its own unit QA is clean.
2026-07-09,PEJ,0.0,0.0,ETFCOM_VALIDATED_ACTUAL,https://api-prod.etf.com/private/apps/fundflows/PEJ/charts?startDate=20260701&endDate=20260831,-17909060.0,,432881820.0,,ETF.com daily actual fund-flow fallback; USD-million chart scale validated against canonical issuer-derived references. Issuer exact flow remains preferred when its own unit QA is clean.
2026-07-10,PEJ,-0.66066,-660660.0,ETFCOM_VALIDATED_ACTUAL,https://api-prod.etf.com/private/apps/fundflows/PEJ/charts?startDate=20260701&endDate=20260831,-18569720.0,,432881820.0,,ETF.com daily actual fund-flow fallback; USD-million chart scale validated against canonical issuer-derived references. Issuer exact flow remains preferred when its own unit QA is clean.
2026-07-13,PEJ,1.32468,1324680.0,ETFCOM_VALIDATED_ACTUAL,https://api-prod.etf.com/private/apps/fundflows/PEJ/charts?startDate=20260701&endDate=20260831,-17917580.0,,432881820.0,,ETF.com daily actual fund-flow fallback; USD-million chart scale validated against canonical issuer-derived references. Issuer exact flow remains preferred when its own unit QA is clean.
2026-07-14,PEJ,0.0,0.0,ETFCOM_VALIDATED_ACTUAL,https://api-prod.etf.com/private/apps/fundflows/PEJ/charts?startDate=20260701&endDate=20260831,664020.0,,432881820.0,,ETF.com daily actual fund-flow fallback; USD-million chart scale validated against canonical issuer-derived references. Issuer exact flow remains preferred when its own unit QA is clean.
2026-07-15,PEJ,0.0,0.0,ETFCOM_VALIDATED_ACTUAL,https://api-prod.etf.com/private/apps/fundflows/PEJ/charts?startDate=20260701&endDate=20260831,664020.0,,432881820.0,,ETF.com daily actual fund-flow fallback; USD-million chart scale validated against canonical issuer-derived references. Issuer exact flow remains preferred when its own unit QA is clean.
2026-07-16,PEJ,0.0,0.0,ETFCOM_VALIDATED_ACTUAL,https://api-prod.etf.com/private/apps/fundflows/PEJ/charts?startDate=20260701&endDate=20260831,664020.0,,432881820.0,,ETF.com daily actual fund-flow fallback; USD-million chart scale validated against canonical issuer-derived references. Issuer exact flow remains preferred when its own unit QA is clean.
2026-07-17,PEJ,0.0,0.0,ETFCOM_VALIDATED_ACTUAL,https://api-prod.etf.com/private/apps/fundflows/PEJ/charts?startDate=20260701&endDate=20260831,1324680.0,,432881820.0,,ETF.com daily actual fund-flow fallback; USD-million chart scale validated against canonical issuer-derived references. Issuer exact flow remains preferred when its own unit QA is clean.
2026-07-20,PEJ,0.0,0.0,ETFCOM_VALIDATED_ACTUAL,https://api-prod.etf.com/private/apps/fundflows/PEJ/charts?startDate=20260701&endDate=20260831,0.0,,432881820.0,,ETF.com daily actual fund-flow fallback; USD-million chart scale validated against canonical issuer-derived references. Issuer exact flow remains preferred when its own unit QA is clean.
2026-07-21,PEJ,0.0,0.0,ETFCOM_VALIDATED_ACTUAL,https://api-prod.etf.com/private/apps/fundflows/PEJ/charts?startDate=20260701&endDate=20260831,0.0,,432881820.0,,ETF.com daily actual fund-flow fallback; USD-million chart scale validated against canonical issuer-derived references. Issuer exact flow remains preferred when its own unit QA is clean.
2026-07-22,PEJ,0.0,0.0,ETFCOM_VALIDATED_ACTUAL,https://api-prod.etf.com/private/apps/fundflows/PEJ/charts?startDate=20260701&endDate=20260831,0.0,,432881820.0,,ETF.com daily actual fund-flow fallback; USD-million chart scale validated against canonical issuer-derived references. Issuer exact flow remains preferred when its own unit QA is clean.
2026-07-27,PEJ,0.0,0.0,ETFCOM_VALIDATED_ACTUAL,https://api-prod.etf.com/private/apps/fundflows/PEJ/charts?startDate=20260701&endDate=20260831,0.0,,432881820.0,,ETF.com daily actual fund-flow fallback; USD-million chart scale validated against canonical issuer-derived references. Issuer exact flow remains preferred when its own unit QA is clean.
2026-07-28,PEJ,0.66669,666690.0,ETFCOM_VALIDATED_ACTUAL,https://api-prod.etf.com/private/apps/fundflows/PEJ/charts?startDate=20260701&endDate=20260831,666690.0,,432881820.0,,ETF.com daily actual fund-flow fallback; USD-million chart scale validated against canonical issuer-derived references. Issuer exact flow remains preferred when its own unit QA is clean.
2026-07-29,PEJ,0.0,0.0,ETFCOM_VALIDATED_ACTUAL,https://api-prod.etf.com/private/apps/fundflows/PEJ/charts?startDate=20260701&endDate=20260831,666690.0,,432881820.0,,ETF.com daily actual fund-flow fallback; USD-million chart scale validated against canonical issuer-derived references. Issuer exact flow remains preferred when its own unit QA is clean.
2026-07-30,PEJ,3.38735,3387350.0,ETFCOM_VALIDATED_ACTUAL,https://api-prod.etf.com/private/apps/fundflows/PEJ/charts?startDate=20260701&endDate=20260831,4054040.0,,432881820.0,,ETF.com daily actual fund-flow fallback; USD-million chart scale validated against canonical issuer-derived references. Issuer exact flow remains preferred when its own unit QA is clean.
2026-07-31,PEJ,0.0,0.0,ETFCOM_VALIDATED_ACTUAL,https://api-prod.etf.com/private/apps/fundflows/PEJ/charts?startDate=20260701&endDate=20260831,4054040.0,-17190060.0,432881820.0,-3.9710745995292664,ETF.com daily actual fund-flow fallback; USD-million chart scale validated against canonical issuer-derived references. Issuer exact flow remains preferred when its own unit QA is clean.
2026-08-03,PEJ,0.0,0.0,ETFCOM_VALIDATED_ACTUAL,https://api-prod.etf.com/private/apps/fundflows/PEJ/charts?startDate=20260701&endDate=20260831,4054040.0,-13191000.0,432881820.0,-3.04725201903836,ETF.com daily actual fund-flow fallback; USD-million chart scale validated against canonical issuer-derived references. Issuer exact flow remains preferred when its own unit QA is clean.
2026-08-04,PEJ,45.5008,45500800.0,ETFCOM_VALIDATED_ACTUAL,https://api-prod.etf.com/private/apps/fundflows/PEJ/charts?startDate=20260701&endDate=20260831,48888150.0,32309800.0,432881820.0,7.463884715694459,ETF.com daily actual fund-flow fallback; USD-million chart scale validated against canonical issuer-derived references. Issuer exact flow remains preferred when its own unit QA is clean.
2026-08-05,PEJ,3.3663,3366300.0,ETFCOM_VALIDATED_ACTUAL,https://api-prod.etf.com/private/apps/fundflows/PEJ/charts?startDate=20260701&endDate=20260831,52254450.0,35003560.0,432881820.0,8.086170031349434,ETF.com daily actual fund-flow fallback; USD-million chart scale validated against canonical issuer-derived references. Issuer exact flow remains preferred when its own unit QA is clean.
2026-08-06,PEJ,11.4743,11474300.0,ETFCOM_VALIDATED_ACTUAL,https://api-prod.etf.com/private/apps/fundflows/PEJ/charts?startDate=20260701&endDate=20260831,60341400.0,65059460.0,432881820.0,15.02938146027939,ETF.com daily actual fund-flow fallback; USD-million chart scale validated against canonical issuer-derived references. Issuer exact flow remains preferred when its own unit QA is clean.
2026-08-07,PEJ,6.6555,6655500.0,ETFCOM_VALIDATED_ACTUAL,https://api-prod.etf.com/private/apps/fundflows/PEJ/charts?startDate=20260701&endDate=20260831,66996900.0,71714960.0,432881820.0,16.566868065745982,ETF.com daily actual fund-flow fallback; USD-million chart scale validated against canonical issuer-derived references. Issuer exact flow remains preferred when its own unit QA is clean.
2026-08-10,PEJ,9.44538,9445380.0,ETFCOM_VALIDATED_ACTUAL,https://api-prod.etf.com/private/apps/fundflows/PEJ/charts?startDate=20260701&endDate=20260831,76442280.0,81160340.0,432881820.0,18.7488446615753,ETF.com daily actual fund-flow fallback; USD-million chart scale validated against canonical issuer-derived references. Issuer exact flow remains preferred when its own unit QA is clean.
2026-08-11,PEJ,20.1126,20112600.0,ETFCOM_VALIDATED_ACTUAL,https://api-prod.etf.com/private/apps/fundflows/PEJ/charts?startDate=20260701&endDate=20260831,51054080.0,101933600.0,432881820.0,23.547674051083966,ETF.com daily actual fund-flow fallback; USD-million chart scale validated against canonical issuer-derived references. Issuer exact flow remains preferred when its own unit QA is clean.
2026-08-12,PEJ,1.34792,1347920.0,ETFCOM_VALIDATED_ACTUAL,https://api-prod.etf.com/private/apps/fundflows/PEJ/charts?startDate=20260701&endDate=20260831,49035700.0,101956840.0,432881820.0,23.553042721914263,ETF.com daily actual fund-flow fallback; USD-million chart scale validated against canonical issuer-derived references. Issuer exact flow remains preferred when its own unit QA is clean.
2026-08-13,PEJ,0.0,0.0,ETFCOM_VALIDATED_ACTUAL,https://api-prod.etf.com/private/apps/fundflows/PEJ/charts?startDate=20260701&endDate=20260831,37561400.0,101956840.0,432881820.0,23.553042721914263,ETF.com daily actual fund-flow fallback; USD-million chart scale validated against canonical issuer-derived references. Issuer exact flow remains preferred when its own unit QA is clean.
2026-08-14,PEJ,0.68967,689670.0,ETFCOM_VALIDATED_ACTUAL,https://api-prod.etf.com/private/apps/fundflows/PEJ/charts?startDate=20260701&endDate=20260831,31595570.0,102646510.0,432881820.0,23.712363342031782,ETF.com daily actual fund-flow fallback; USD-million chart scale validated against canonical issuer-derived references. Issuer exact flow remains preferred when its own unit QA is clean.
2026-08-17,PEJ,1.37844,1378440.0,ETFCOM_VALIDATED_ACTUAL,https://api-prod.etf.com/private/apps/fundflows/PEJ/charts?startDate=20260701&endDate=20260831,23528630.0,104024950.0,432881820.0,24.030796673327607,ETF.com daily actual fund-flow fallback; USD-million chart scale validated against canonical issuer-derived references. Issuer exact flow remains preferred when its own unit QA is clean.
2026-08-18,PEJ,0.0,0.0,ETFCOM_VALIDATED_ACTUAL,https://api-prod.etf.com/private/apps/fundflows/PEJ/charts?startDate=20260701&endDate=20260831,3416030.0,104024950.0,432881820.0,24.030796673327607,ETF.com daily actual fund-flow fallback; USD-million chart scale validated against canonical issuer-derived references. Issuer exact flow remains preferred when its own unit QA is clean.
2026-08-19,PEJ,4.0602,4060200.0,ETFCOM_VALIDATED_ACTUAL,https://api-prod.etf.com/private/apps/fundflows/PEJ/charts?startDate=20260701&endDate=20260831,6128310.0,108085150.0,432881820.0,24.968743201088927,ETF.com daily actual fund-flow fallback; USD-million chart scale validated against canonical issuer-derived references. Issuer exact flow remains preferred when its own unit QA is clean.
2026-08-20,PEJ,0.0,0.0,ETFCOM_VALIDATED_ACTUAL,https://api-prod.etf.com/private/apps/fundflows/PEJ/charts?startDate=20260701&endDate=20260831,6128310.0,108085150.0,432881820.0,24.968743201088927,ETF.com daily actual fund-flow fallback; USD-million chart scale validated against canonical issuer-derived references. Issuer exact flow remains preferred when its own unit QA is clean.
2026-08-21,PEJ,2.70616,2706160.0,ETFCOM_VALIDATED_ACTUAL,https://api-prod.etf.com/private/apps/fundflows/PEJ/charts?startDate=20260701&endDate=20260831,8144800.0,110791310.0,432881820.0,25.593893039906366,ETF.com daily actual fund-flow fallback; USD-million chart scale validated against canonical issuer-derived references. Issuer exact flow remains preferred when its own unit QA is clean.
2026-08-24,PEJ,0.0,0.0,ETFCOM_VALIDATED_ACTUAL,https://api-prod.etf.com/private/apps/fundflows/PEJ/charts?startDate=20260701&endDate=20260831,6766360.0,110791310.0,432881820.0,25.593893039906366,ETF.com daily actual fund-flow fallback; USD-million chart scale validated against canonical issuer-derived references. Issuer exact flow remains preferred when its own unit QA is clean.
2026-08-25,PEJ,0.68773,687730.0,ETFCOM_VALIDATED_ACTUAL,https://api-prod.etf.com/private/apps/fundflows/PEJ/charts?startDate=20260701&endDate=20260831,7454090.0,110812350.0,432881820.0,25.598753488885258,ETF.com daily actual fund-flow fallback; USD-million chart scale validated against canonical issuer-derived references. Issuer exact flow remains preferred when its own unit QA is clean.
2026-08-26,PEJ,0.0,0.0,ETFCOM_VALIDATED_ACTUAL,https://api-prod.etf.com/private/apps/fundflows/PEJ/charts?startDate=20260701&endDate=20260831,3393890.0,110812350.0,432881820.0,25.598753488885258,ETF.com daily actual fund-flow fallback; USD-million chart scale validated against canonical issuer-derived references. Issuer exact flow remains preferred when its own unit QA is clean.
2026-08-27,PEJ,0.0,0.0,ETFCOM_VALIDATED_ACTUAL,https://api-prod.etf.com/private/apps/fundflows/PEJ/charts?startDate=20260701&endDate=20260831,3393890.0,107425000.0,432881820.0,24.816241994177535,ETF.com daily actual fund-flow fallback; USD-million chart scale validated against canonical issuer-derived references. Issuer exact flow remains preferred when its own unit QA is clean.
2026-08-28,PEJ,1.33662,1336620.0,ETFCOM_VALIDATED_ACTUAL,https://api-prod.etf.com/private/apps/fundflows/PEJ/charts?startDate=20260701&endDate=20260831,2024350.0,108761620.0,432881820.0,25.125014490098014,ETF.com daily actual fund-flow fallback; USD-million chart scale validated against canonical issuer-derived references. Issuer exact flow remains preferred when its own unit QA is clean.
2026-08-31,PEJ,68.2441,68244100.0,ETFCOM_VALIDATED_ACTUAL,https://api-prod.etf.com/private/apps/fundflows/PEJ/charts?startDate=20260701&endDate=20260831,70268450.0,177005720.0,432881820.0,40.8900794216768,ETF.com daily actual fund-flow fallback; USD-million chart scale validated against canonical issuer-derived references. Issuer exact flow remains preferred when its own unit QA is clean.
2026-07-01,PHO,0.0,0.0,ETFCOM_VALIDATED_ACTUAL,https://api-prod.etf.com/private/apps/fundflows/PHO/charts?startDate=20260701&endDate=20260831,,,2042263040.0,,ETF.com daily actual fund-flow fallback; USD-million chart scale validated against canonical issuer-derived references. Issuer exact flow remains preferred when its own unit QA is clean.
2026-07-02,PHO,0.0,0.0,ETFCOM_VALIDATED_ACTUAL,https://api-prod.etf.com/private/apps/fundflows/PHO/charts?startDate=20260701&endDate=20260831,,,2042263040.0,,ETF.com daily actual fund-flow fallback; USD-million chart scale validated against canonical issuer-derived references. Issuer exact flow remains preferred when its own unit QA is clean.
2026-07-06,PHO,0.0,0.0,ETFCOM_VALIDATED_ACTUAL,https://api-prod.etf.com/private/apps/fundflows/PHO/charts?startDate=20260701&endDate=20260831,,,2042263040.0,,ETF.com daily actual fund-flow fallback; USD-million chart scale validated against canonical issuer-derived references. Issuer exact flow remains preferred when its own unit QA is clean.
2026-07-07,PHO,0.0,0.0,ETFCOM_VALIDATED_ACTUAL,https://api-prod.etf.com/private/apps/fundflows/PHO/charts?startDate=20260701&endDate=20260831,,,2042263040.0,,ETF.com daily actual fund-flow fallback; USD-million chart scale validated against canonical issuer-derived references. Issuer exact flow remains preferred when its own unit QA is clean.
2026-07-08,PHO,0.0,0.0,ETFCOM_VALIDATED_ACTUAL,https://api-prod.etf.com/private/apps/fundflows/PHO/charts?startDate=20260701&endDate=20260831,0.0,,2042263040.0,,ETF.com daily actual fund-flow fallback; USD-million chart scale validated against canonical issuer-derived references. Issuer exact flow remains preferred when its own unit QA is clean.
2026-07-09,PHO,0.0,0.0,ETFCOM_VALIDATED_ACTUAL,https://api-prod.etf.com/private/apps/fundflows/PHO/charts?startDate=20260701&endDate=20260831,0.0,,2042263040.0,,ETF.com daily actual fund-flow fallback; USD-million chart scale validated against canonical issuer-derived references. Issuer exact flow remains preferred when its own unit QA is clean.
2026-07-10,PHO,0.0,0.0,ETFCOM_VALIDATED_ACTUAL,https://api-prod.etf.com/private/apps/fundflows/PHO/charts?startDate=20260701&endDate=20260831,0.0,,2042263040.0,,ETF.com daily actual fund-flow fallback; USD-million chart scale validated against canonical issuer-derived references. Issuer exact flow remains preferred when its own unit QA is clean.
2026-07-13,PHO,-1.38022,-1380220.0,ETFCOM_VALIDATED_ACTUAL,https://api-prod.etf.com/private/apps/fundflows/PHO/charts?startDate=20260701&endDate=20260831,-1380220.0,,2042263040.0,,ETF.com daily actual fund-flow fallback; USD-million chart scale validated against canonical issuer-derived references. Issuer exact flow remains preferred when its own unit QA is clean.
2026-07-14,PHO,-0.68917,-689170.0,ETFCOM_VALIDATED_ACTUAL,https://api-prod.etf.com/private/apps/fundflows/PHO/charts?startDate=20260701&endDate=20260831,-2069390.0,,2042263040.0,,ETF.com daily actual fund-flow fallback; USD-million chart scale validated against canonical issuer-derived references. Issuer exact flow remains preferred when its own unit QA is clean.
2026-07-15,PHO,0.0,0.0,ETFCOM_VALIDATED_ACTUAL,https://api-prod.etf.com/private/apps/fundflows/PHO/charts?startDate=20260701&endDate=20260831,-2069390.0,,2042263040.0,,ETF.com daily actual fund-flow fallback; USD-million chart scale validated against canonical issuer-derived references. Issuer exact flow remains preferred when its own unit QA is clean.
2026-07-16,PHO,0.0,0.0,ETFCOM_VALIDATED_ACTUAL,https://api-prod.etf.com/private/apps/fundflows/PHO/charts?startDate=20260701&endDate=20260831,-2069390.0,,2042263040.0,,ETF.com daily actual fund-flow fallback; USD-million chart scale validated against canonical issuer-derived references. Issuer exact flow remains preferred when its own unit QA is clean.
2026-07-17,PHO,0.0,0.0,ETFCOM_VALIDATED_ACTUAL,https://api-prod.etf.com/private/apps/fundflows/PHO/charts?startDate=20260701&endDate=20260831,-2069390.0,,2042263040.0,,ETF.com daily actual fund-flow fallback; USD-million chart scale validated against canonical issuer-derived references. Issuer exact flow remains preferred when its own unit QA is clean.
2026-07-20,PHO,-3.4507,-3450700.0,ETFCOM_VALIDATED_ACTUAL,https://api-prod.etf.com/private/apps/fundflows/PHO/charts?startDate=20260701&endDate=20260831,-4139870.0,,2042263040.0,,ETF.com daily actual fund-flow fallback; USD-million chart scale validated against canonical issuer-derived references. Issuer exact flow remains preferred when its own unit QA is clean.
2026-07-21,PHO,0.0,0.0,ETFCOM_VALIDATED_ACTUAL,https://api-prod.etf.com/private/apps/fundflows/PHO/charts?startDate=20260701&endDate=20260831,-3450700.0,,2042263040.0,,ETF.com daily actual fund-flow fallback; USD-million chart scale validated against canonical issuer-derived references. Issuer exact flow remains preferred when its own unit QA is clean.
2026-07-22,PHO,-3.3725,-3372500.0,ETFCOM_VALIDATED_ACTUAL,https://api-prod.etf.com/private/apps/fundflows/PHO/charts?startDate=20260701&endDate=20260831,-6823200.0,,2042263040.0,,ETF.com daily actual fund-flow fallback; USD-million chart scale validated against canonical issuer-derived references. Issuer exact flow remains preferred when its own unit QA is clean.
2026-07-27,PHO,-2.73852,-2738520.0,ETFCOM_VALIDATED_ACTUAL,https://api-prod.etf.com/private/apps/fundflows/PHO/charts?startDate=20260701&endDate=20260831,-9561720.0,,2042263040.0,,ETF.com daily actual fund-flow fallback; USD-million chart scale validated against canonical issuer-derived references. Issuer exact flow remains preferred when its own unit QA is clean.
2026-07-28,PHO,-2.07732,-2077319.9999999998,ETFCOM_VALIDATED_ACTUAL,https://api-prod.etf.com/private/apps/fundflows/PHO/charts?startDate=20260701&endDate=20260831,-11639040.0,,2042263040.0,,ETF.com daily actual fund-flow fallback; USD-million chart scale validated against canonical issuer-derived references. Issuer exact flow remains preferred when its own unit QA is clean.
2026-07-29,PHO,-0.715,-715000.0,ETFCOM_VALIDATED_ACTUAL,https://api-prod.etf.com/private/apps/fundflows/PHO/charts?startDate=20260701&endDate=20260831,-8903340.0,,2042263040.0,,ETF.com daily actual fund-flow fallback; USD-million chart scale validated against canonical issuer-derived references. Issuer exact flow remains preferred when its own unit QA is clean.
2026-07-30,PHO,1.4212,1421200.0,ETFCOM_VALIDATED_ACTUAL,https://api-prod.etf.com/private/apps/fundflows/PHO/charts?startDate=20260701&endDate=20260831,-7482140.0,,2042263040.0,,ETF.com daily actual fund-flow fallback; USD-million chart scale validated against canonical issuer-derived references. Issuer exact flow remains preferred when its own unit QA is clean.
2026-07-31,PHO,-1.39862,-1398620.0,ETFCOM_VALIDATED_ACTUAL,https://api-prod.etf.com/private/apps/fundflows/PHO/charts?startDate=20260701&endDate=20260831,-5508260.0,-14400850.0,2042263040.0,-0.7051417823239851,ETF.com daily actual fund-flow fallback; USD-million chart scale validated against canonical issuer-derived references. Issuer exact flow remains preferred when its own unit QA is clean.
2026-08-03,PHO,0.0,0.0,ETFCOM_VALIDATED_ACTUAL,https://api-prod.etf.com/private/apps/fundflows/PHO/charts?startDate=20260701&endDate=20260831,-2769740.0,-14400850.0,2042263040.0,-0.7051417823239851,ETF.com daily actual fund-flow fallback; USD-million chart scale validated against canonical issuer-derived references. Issuer exact flow remains preferred when its own unit QA is clean.
2026-08-04,PHO,0.0,0.0,ETFCOM_VALIDATED_ACTUAL,https://api-prod.etf.com/private/apps/fundflows/PHO/charts?startDate=20260701&endDate=20260831,-692420.0,-14400850.0,2042263040.0,-0.7051417823239851,ETF.com daily actual fund-flow fallback; USD-million chart scale validated against canonical issuer-derived references. Issuer exact flow remains preferred when its own unit QA is clean.
2026-08-05,PHO,0.0,0.0,ETFCOM_VALIDATED_ACTUAL,https://api-prod.etf.com/private/apps/fundflows/PHO/charts?startDate=20260701&endDate=20260831,22580.0,-14400850.0,2042263040.0,-0.7051417823239851,ETF.com daily actual fund-flow fallback; USD-million chart scale validated against canonical issuer-derived references. Issuer exact flow remains preferred when its own unit QA is clean.
2026-08-06,PHO,0.0,0.0,ETFCOM_VALIDATED_ACTUAL,https://api-prod.etf.com/private/apps/fundflows/PHO/charts?startDate=20260701&endDate=20260831,-1398620.0,-14400850.0,2042263040.0,-0.7051417823239851,ETF.com daily actual fund-flow fallback; USD-million chart scale validated against canonical issuer-derived references. Issuer exact flow remains preferred when its own unit QA is clean.
2026-08-07,PHO,0.0,0.0,ETFCOM_VALIDATED_ACTUAL,https://api-prod.etf.com/private/apps/fundflows/PHO/charts?startDate=20260701&endDate=20260831,0.0,-14400850.0,2042263040.0,-0.7051417823239851,ETF.com daily actual fund-flow fallback; USD-million chart scale validated against canonical issuer-derived references. Issuer exact flow remains preferred when its own unit QA is clean.
2026-08-10,PHO,0.0,0.0,ETFCOM_VALIDATED_ACTUAL,https://api-prod.etf.com/private/apps/fundflows/PHO/charts?startDate=20260701&endDate=20260831,0.0,-14400850.0,2042263040.0,-0.7051417823239851,ETF.com daily actual fund-flow fallback; USD-million chart scale validated against canonical issuer-derived references. Issuer exact flow remains preferred when its own unit QA is clean.
2026-08-11,PHO,-3.661,-3661000.0,ETFCOM_VALIDATED_ACTUAL,https://api-prod.etf.com/private/apps/fundflows/PHO/charts?startDate=20260701&endDate=20260831,-3661000.0,-18061850.0,2042263040.0,-0.8844037054110326,ETF.com daily actual fund-flow fallback; USD-million chart scale validated against canonical issuer-derived references. Issuer exact flow remains preferred when its own unit QA is clean.
2026-08-12,PHO,0.0,0.0,ETFCOM_VALIDATED_ACTUAL,https://api-prod.etf.com/private/apps/fundflows/PHO/charts?startDate=20260701&endDate=20260831,-3661000.0,-16681630.0,2042263040.0,-0.8168208342055684,ETF.com daily actual fund-flow fallback; USD-million chart scale validated against canonical issuer-derived references. Issuer exact flow remains preferred when its own unit QA is clean.
2026-08-13,PHO,0.0,0.0,ETFCOM_VALIDATED_ACTUAL,https://api-prod.etf.com/private/apps/fundflows/PHO/charts?startDate=20260701&endDate=20260831,-3661000.0,-15992460.0,2042263040.0,-0.7830754259745111,ETF.com daily actual fund-flow fallback; USD-million chart scale validated against canonical issuer-derived references. Issuer exact flow remains preferred when its own unit QA is clean.
2026-08-14,PHO,0.0,0.0,ETFCOM_VALIDATED_ACTUAL,https://api-prod.etf.com/private/apps/fundflows/PHO/charts?startDate=20260701&endDate=20260831,-3661000.0,-15992460.0,2042263040.0,-0.7830754259745111,ETF.com daily actual fund-flow fallback; USD-million chart scale validated against canonical issuer-derived references. Issuer exact flow remains preferred when its own unit QA is clean.
2026-08-17,PHO,-2.15994,-2159940.0,ETFCOM_VALIDATED_ACTUAL,https://api-prod.etf.com/private/apps/fundflows/PHO/charts?startDate=20260701&endDate=20260831,-5820940.0,-18152400.0,2042263040.0,-0.8888375123314184,ETF.com daily actual fund-flow fallback; USD-million chart scale validated against canonical issuer-derived references. Issuer exact flow remains preferred when its own unit QA is clean.
2026-08-18,PHO,-1.42448,-1424480.0,ETFCOM_VALIDATED_ACTUAL,https://api-prod.etf.com/private/apps/fundflows/PHO/charts?startDate=20260701&endDate=20260831,-3584420.0,-19576880.0,2042263040.0,-0.9585875872287245,ETF.com daily actual fund-flow fallback; USD-million chart scale validated against canonical issuer-derived references. Issuer exact flow remains preferred when its own unit QA is clean.
2026-08-19,PHO,0.0,0.0,ETFCOM_VALIDATED_ACTUAL,https://api-prod.etf.com/private/apps/fundflows/PHO/charts?startDate=20260701&endDate=20260831,-3584420.0,-16126180.0,2042263040.0,-0.7896230644217114,ETF.com daily actual fund-flow fallback; USD-million chart scale validated against canonical issuer-derived references. Issuer exact flow remains preferred when its own unit QA is clean.
2026-08-20,PHO,-2.17176,-2171760.0,ETFCOM_VALIDATED_ACTUAL,https://api-prod.etf.com/private/apps/fundflows/PHO/charts?startDate=20260701&endDate=20260831,-5756180.0,-18297940.0,2042263040.0,-0.895963920494786,ETF.com daily actual fund-flow fallback; USD-million chart scale validated against canonical issuer-derived references. Issuer exact flow remains preferred when its own unit QA is clean.
2026-08-21,PHO,0.0,0.0,ETFCOM_VALIDATED_ACTUAL,https://api-prod.etf.com/private/apps/fundflows/PHO/charts?startDate=20260701&endDate=20260831,-5756180.0,-14925440.0,2042263040.0,-0.7308284832888128,ETF.com daily actual fund-flow fallback; USD-million chart scale validated against canonical issuer-derived references. Issuer exact flow remains preferred when its own unit QA is clean.
2026-08-24,PHO,0.0,0.0,ETFCOM_VALIDATED_ACTUAL,https://api-prod.etf.com/private/apps/fundflows/PHO/charts?startDate=20260701&endDate=20260831,-3596240.0,-12186920.0,2042263040.0,-0.5967360600131117,ETF.com daily actual fund-flow fallback; USD-million chart scale validated against canonical issuer-derived references. Issuer exact flow remains preferred when its own unit QA is clean.
2026-08-25,PHO,0.0,0.0,ETFCOM_VALIDATED_ACTUAL,https://api-prod.etf.com/private/apps/fundflows/PHO/charts?startDate=20260701&endDate=20260831,-2171760.0,-10109600.0,2042263040.0,-0.49501948583469446,ETF.com daily actual fund-flow fallback; USD-million chart scale validated against canonical issuer-derived references. Issuer exact flow remains preferred when its own unit QA is clean.
2026-08-26,PHO,-1.43602,-1436020.0,ETFCOM_VALIDATED_ACTUAL,https://api-prod.etf.com/private/apps/fundflows/PHO/charts?startDate=20260701&endDate=20260831,-3607780.0,-10830620.0,2042263040.0,-0.5303244385209067,ETF.com daily actual fund-flow fallback; USD-million chart scale validated against canonical issuer-derived references. Issuer exact flow remains preferred when its own unit QA is clean.
2026-08-27,PHO,0.0,0.0,ETFCOM_VALIDATED_ACTUAL,https://api-prod.etf.com/private/apps/fundflows/PHO/charts?startDate=20260701&endDate=20260831,-1436020.0,-12251820.0,2042263040.0,-0.5999139072702407,ETF.com daily actual fund-flow fallback; USD-million chart scale validated against canonical issuer-derived references. Issuer exact flow remains preferred when its own unit QA is clean.
2026-08-28,PHO,0.0,0.0,ETFCOM_VALIDATED_ACTUAL,https://api-prod.etf.com/private/apps/fundflows/PHO/charts?startDate=20260701&endDate=20260831,-1436020.0,-10853200.0,2042263040.0,-0.5314300747468848,ETF.com daily actual fund-flow fallback; USD-million chart scale validated against canonical issuer-derived references. Issuer exact flow remains preferred when its own unit QA is clean.
2026-08-31,PHO,-0.71936,-719360.0,ETFCOM_VALIDATED_ACTUAL,https://api-prod.etf.com/private/apps/fundflows/PHO/charts?startDate=20260701&endDate=20260831,-2155380.0,-11572560.0,2042263040.0,-0.5666537450533307,ETF.com daily actual fund-flow fallback; USD-million chart scale validated against canonical issuer-derived references. Issuer exact flow remains preferred when its own unit QA is clean.
2026-07-01,PKB,0.0,0.0,ETFCOM_VALIDATED_ACTUAL,https://api-prod.etf.com/private/apps/fundflows/PKB/charts?startDate=20260701&endDate=20260831,,,341304480.0,,ETF.com daily actual fund-flow fallback; USD-million chart scale validated against canonical issuer-derived references. Issuer exact flow remains preferred when its own unit QA is clean.
2026-07-02,PKB,4.355,4355000.0,ETFCOM_VALIDATED_ACTUAL,https://api-prod.etf.com/private/apps/fundflows/PKB/charts?startDate=20260701&endDate=20260831,,,341304480.0,,ETF.com daily actual fund-flow fallback; USD-million chart scale validated against canonical issuer-derived references. Issuer exact flow remains preferred when its own unit QA is clean.
2026-07-06,PKB,0.0,0.0,ETFCOM_VALIDATED_ACTUAL,https://api-prod.etf.com/private/apps/fundflows/PKB/charts?startDate=20260701&endDate=20260831,,,341304480.0,,ETF.com daily actual fund-flow fallback; USD-million chart scale validated against canonical issuer-derived references. Issuer exact flow remains preferred when its own unit QA is clean.
2026-07-07,PKB,0.0,0.0,ETFCOM_VALIDATED_ACTUAL,https://api-prod.etf.com/private/apps/fundflows/PKB/charts?startDate=20260701&endDate=20260831,,,341304480.0,,ETF.com daily actual fund-flow fallback; USD-million chart scale validated against canonical issuer-derived references. Issuer exact flow remains preferred when its own unit QA is clean.
2026-07-08,PKB,0.0,0.0,ETFCOM_VALIDATED_ACTUAL,https://api-prod.etf.com/private/apps/fundflows/PKB/charts?startDate=20260701&endDate=20260831,4355000.0,,341304480.0,,ETF.com daily actual fund-flow fallback; USD-million chart scale validated against canonical issuer-derived references. Issuer exact flow remains preferred when its own unit QA is clean.
2026-07-09,PKB,0.0,0.0,ETFCOM_VALIDATED_ACTUAL,https://api-prod.etf.com/private/apps/fundflows/PKB/charts?startDate=20260701&endDate=20260831,4355000.0,,341304480.0,,ETF.com daily actual fund-flow fallback; USD-million chart scale validated against canonical issuer-derived references. Issuer exact flow remains preferred when its own unit QA is clean.
2026-07-10,PKB,2.07462,2074620.0,ETFCOM_VALIDATED_ACTUAL,https://api-prod.etf.com/private/apps/fundflows/PKB/charts?startDate=20260701&endDate=20260831,2074620.0,,341304480.0,,ETF.com daily actual fund-flow fallback; USD-million chart scale validated against canonical issuer-derived references. Issuer exact flow remains preferred when its own unit QA is clean.
2026-07-13,PKB,0.0,0.0,ETFCOM_VALIDATED_ACTUAL,https://api-prod.etf.com/private/apps/fundflows/PKB/charts?startDate=20260701&endDate=20260831,2074620.0,,341304480.0,,ETF.com daily actual fund-flow fallback; USD-million chart scale validated against canonical issuer-derived references. Issuer exact flow remains preferred when its own unit QA is clean.
2026-07-14,PKB,0.0,0.0,ETFCOM_VALIDATED_ACTUAL,https://api-prod.etf.com/private/apps/fundflows/PKB/charts?startDate=20260701&endDate=20260831,2074620.0,,341304480.0,,ETF.com daily actual fund-flow fallback; USD-million chart scale validated against canonical issuer-derived references. Issuer exact flow remains preferred when its own unit QA is clean.
2026-07-15,PKB,2.07472,2074720.0000000002,ETFCOM_VALIDATED_ACTUAL,https://api-prod.etf.com/private/apps/fundflows/PKB/charts?startDate=20260701&endDate=20260831,4149340.0,,341304480.0,,ETF.com daily actual fund-flow fallback; USD-million chart scale validated against canonical issuer-derived references. Issuer exact flow remains preferred when its own unit QA is clean.
2026-07-16,PKB,0.0,0.0,ETFCOM_VALIDATED_ACTUAL,https://api-prod.etf.com/private/apps/fundflows/PKB/charts?startDate=20260701&endDate=20260831,4149340.0,,341304480.0,,ETF.com daily actual fund-flow fallback; USD-million chart scale validated against canonical issuer-derived references. Issuer exact flow remains preferred when its own unit QA is clean.
2026-07-17,PKB,0.0,0.0,ETFCOM_VALIDATED_ACTUAL,https://api-prod.etf.com/private/apps/fundflows/PKB/charts?startDate=20260701&endDate=20260831,2074720.0000000002,,341304480.0,,ETF.com daily actual fund-flow fallback; USD-million chart scale validated against canonical issuer-derived references. Issuer exact flow remains preferred when its own unit QA is clean.
2026-07-20,PKB,1.02163,1021630.0,ETFCOM_VALIDATED_ACTUAL,https://api-prod.etf.com/private/apps/fundflows/PKB/charts?startDate=20260701&endDate=20260831,3096350.0,,341304480.0,,ETF.com daily actual fund-flow fallback; USD-million chart scale validated against canonical issuer-derived references. Issuer exact flow remains preferred when its own unit QA is clean.
2026-07-21,PKB,0.0,0.0,ETFCOM_VALIDATED_ACTUAL,https://api-prod.etf.com/private/apps/fundflows/PKB/charts?startDate=20260701&endDate=20260831,3096350.0,,341304480.0,,ETF.com daily actual fund-flow fallback; USD-million chart scale validated against canonical issuer-derived references. Issuer exact flow remains preferred when its own unit QA is clean.
2026-07-22,PKB,0.0,0.0,ETFCOM_VALIDATED_ACTUAL,https://api-prod.etf.com/private/apps/fundflows/PKB/charts?startDate=20260701&endDate=20260831,1021630.0,,341304480.0,,ETF.com daily actual fund-flow fallback; USD-million chart scale validated against canonical issuer-derived references. Issuer exact flow remains preferred when its own unit QA is clean.
2026-07-27,PKB,0.0,0.0,ETFCOM_VALIDATED_ACTUAL,https://api-prod.etf.com/private/apps/fundflows/PKB/charts?startDate=20260701&endDate=20260831,1021630.0,,341304480.0,,ETF.com daily actual fund-flow fallback; USD-million chart scale validated against canonical issuer-derived references. Issuer exact flow remains preferred when its own unit QA is clean.
2026-07-28,PKB,0.0,0.0,ETFCOM_VALIDATED_ACTUAL,https://api-prod.etf.com/private/apps/fundflows/PKB/charts?startDate=20260701&endDate=20260831,1021630.0,,341304480.0,,ETF.com daily actual fund-flow fallback; USD-million chart scale validated against canonical issuer-derived references. Issuer exact flow remains preferred when its own unit QA is clean.
2026-07-29,PKB,0.0,0.0,ETFCOM_VALIDATED_ACTUAL,https://api-prod.etf.com/private/apps/fundflows/PKB/charts?startDate=20260701&endDate=20260831,0.0,,341304480.0,,ETF.com daily actual fund-flow fallback; USD-million chart scale validated against canonical issuer-derived references. Issuer exact flow remains preferred when its own unit QA is clean.
2026-07-30,PKB,0.0,0.0,ETFCOM_VALIDATED_ACTUAL,https://api-prod.etf.com/private/apps/fundflows/PKB/charts?startDate=20260701&endDate=20260831,0.0,,341304480.0,,ETF.com daily actual fund-flow fallback; USD-million chart scale validated against canonical issuer-derived references. Issuer exact flow remains preferred when its own unit QA is clean.
2026-07-31,PKB,0.0,0.0,ETFCOM_VALIDATED_ACTUAL,https://api-prod.etf.com/private/apps/fundflows/PKB/charts?startDate=20260701&endDate=20260831,0.0,9525970.0,341304480.0,2.79104745416761,ETF.com daily actual fund-flow fallback; USD-million chart scale validated against canonical issuer-derived references. Issuer exact flow remains preferred when its own unit QA is clean.
2026-08-03,PKB,0.0,0.0,ETFCOM_VALIDATED_ACTUAL,https://api-prod.etf.com/private/apps/fundflows/PKB/charts?startDate=20260701&endDate=20260831,0.0,9525970.0,341304480.0,2.79104745416761,ETF.com daily actual fund-flow fallback; USD-million chart scale validated against canonical issuer-derived references. Issuer exact flow remains preferred when its own unit QA is clean.
2026-08-04,PKB,-44.2848,-44284800.0,ETFCOM_VALIDATED_ACTUAL,https://api-prod.etf.com/private/apps/fundflows/PKB/charts?startDate=20260701&endDate=20260831,-44284800.0,-39113830.0,341304480.0,-11.46009861927391,ETF.com daily actual fund-flow fallback; USD-million chart scale validated against canonical issuer-derived references. Issuer exact flow remains preferred when its own unit QA is clean.
2026-08-05,PKB,-8.35768,-8357680.0,ETFCOM_VALIDATED_ACTUAL,https://api-prod.etf.com/private/apps/fundflows/PKB/charts?startDate=20260701&endDate=20260831,-52642480.0,-47471510.0,341304480.0,-13.90884467733913,ETF.com daily actual fund-flow fallback; USD-million chart scale validated against canonical issuer-derived references. Issuer exact flow remains preferred when its own unit QA is clean.
2026-08-06,PKB,-6.30876,-6308760.0,ETFCOM_VALIDATED_ACTUAL,https://api-prod.etf.com/private/apps/fundflows/PKB/charts?startDate=20260701&endDate=20260831,-58951240.0,-53780270.0,341304480.0,-15.75727045833093,ETF.com daily actual fund-flow fallback; USD-million chart scale validated against canonical issuer-derived references. Issuer exact flow remains preferred when its own unit QA is clean.
2026-08-07,PKB,-12.4831,-12483100.0,ETFCOM_VALIDATED_ACTUAL,https://api-prod.etf.com/private/apps/fundflows/PKB/charts?startDate=20260701&endDate=20260831,-71434340.0,-66263370.0,341304480.0,-19.41473783174484,ETF.com daily actual fund-flow fallback; USD-million chart scale validated against canonical issuer-derived references. Issuer exact flow remains preferred when its own unit QA is clean.
2026-08-10,PKB,0.0,0.0,ETFCOM_VALIDATED_ACTUAL,https://api-prod.etf.com/private/apps/fundflows/PKB/charts?startDate=20260701&endDate=20260831,-71434340.0,-66263370.0,341304480.0,-19.41473783174484,ETF.com daily actual fund-flow fallback; USD-million chart scale validated against canonical issuer-derived references. Issuer exact flow remains preferred when its own unit QA is clean.
2026-08-11,PKB,0.0,0.0,ETFCOM_VALIDATED_ACTUAL,https://api-prod.etf.com/private/apps/fundflows/PKB/charts?startDate=20260701&endDate=20260831,-27149540.0,-68337990.0,341304480.0,-20.022588042207943,ETF.com daily actual fund-flow fallback; USD-million chart scale validated against canonical issuer-derived references. Issuer exact flow remains preferred when its own unit QA is clean.
2026-08-12,PKB,-2.10984,-2109840.0,ETFCOM_VALIDATED_ACTUAL,https://api-prod.etf.com/private/apps/fundflows/PKB/charts?startDate=20260701&endDate=20260831,-20901700.0,-70447830.0,341304480.0,-20.6407574843436,ETF.com daily actual fund-flow fallback; USD-million chart scale validated against canonical issuer-derived references. Issuer exact flow remains preferred when its own unit QA is clean.
2026-08-13,PKB,0.0,0.0,ETFCOM_VALIDATED_ACTUAL,https://api-prod.etf.com/private/apps/fundflows/PKB/charts?startDate=20260701&endDate=20260831,-14592940.0,-70447830.0,341304480.0,-20.6407574843436,ETF.com daily actual fund-flow fallback; USD-million chart scale validated against canonical issuer-derived references. Issuer exact flow remains preferred when its own unit QA is clean.
2026-08-14,PKB,-3.12705,-3127050.0,ETFCOM_VALIDATED_ACTUAL,https://api-prod.etf.com/private/apps/fundflows/PKB/charts?startDate=20260701&endDate=20260831,-5236890.0,-75649600.0,341304480.0,-22.164842371831742,ETF.com daily actual fund-flow fallback; USD-million chart scale validated against canonical issuer-derived references. Issuer exact flow remains preferred when its own unit QA is clean.
2026-08-17,PKB,-1.0508,-1050800.0,ETFCOM_VALIDATED_ACTUAL,https://api-prod.etf.com/private/apps/fundflows/PKB/charts?startDate=20260701&endDate=20260831,-6287690.0,-76700400.0,341304480.0,-22.472719959609087,ETF.com daily actual fund-flow fallback; USD-million chart scale validated against canonical issuer-derived references. Issuer exact flow remains preferred when its own unit QA is clean.
2026-08-18,PKB,-1.05375,-1053750.0,ETFCOM_VALIDATED_ACTUAL,https://api-prod.etf.com/private/apps/fundflows/PKB/charts?startDate=20260701&endDate=20260831,-7341440.0,-77754150.0,341304480.0,-22.781461878261897,ETF.com daily actual fund-flow fallback; USD-million chart scale validated against canonical issuer-derived references. Issuer exact flow remains preferred when its own unit QA is clean.
2026-08-19,PKB,-2.03628,-2036280.0,ETFCOM_VALIDATED_ACTUAL,https://api-prod.etf.com/private/apps/fundflows/PKB/charts?startDate=20260701&endDate=20260831,-7267880.0,-80812060.0,341304480.0,-23.677409684162363,ETF.com daily actual fund-flow fallback; USD-million chart scale validated against canonical issuer-derived references. Issuer exact flow remains preferred when its own unit QA is clean.
2026-08-20,PKB,0.0,0.0,ETFCOM_VALIDATED_ACTUAL,https://api-prod.etf.com/private/apps/fundflows/PKB/charts?startDate=20260701&endDate=20260831,-7267880.0,-80812060.0,341304480.0,-23.677409684162363,ETF.com daily actual fund-flow fallback; USD-million chart scale validated against canonical issuer-derived references. Issuer exact flow remains preferred when its own unit QA is clean.
2026-08-21,PKB,0.0,0.0,ETFCOM_VALIDATED_ACTUAL,https://api-prod.etf.com/private/apps/fundflows/PKB/charts?startDate=20260701&endDate=20260831,-4140830.0,-80812060.0,341304480.0,-23.677409684162363,ETF.com daily actual fund-flow fallback; USD-million chart scale validated against canonical issuer-derived references. Issuer exact flow remains preferred when its own unit QA is clean.
2026-08-24,PKB,0.0,0.0,ETFCOM_VALIDATED_ACTUAL,https://api-prod.etf.com/private/apps/fundflows/PKB/charts?startDate=20260701&endDate=20260831,-3090030.0,-80812060.0,341304480.0,-23.677409684162363,ETF.com daily actual fund-flow fallback; USD-million chart scale validated against canonical issuer-derived references. Issuer exact flow remains preferred when its own unit QA is clean.
2026-08-25,PKB,-0.99893,-998930.0,ETFCOM_VALIDATED_ACTUAL,https://api-prod.etf.com/private/apps/fundflows/PKB/charts?startDate=20260701&endDate=20260831,-3035210.0,-81810990.0,341304480.0,-23.970089698207303,ETF.com daily actual fund-flow fallback; USD-million chart scale validated against canonical issuer-derived references. Issuer exact flow remains preferred when its own unit QA is clean.
2026-08-26,PKB,-1.984,-1984000.0,ETFCOM_VALIDATED_ACTUAL,https://api-prod.etf.com/private/apps/fundflows/PKB/charts?startDate=20260701&endDate=20260831,-2982930.0,-83794990.0,341304480.0,-24.551388836150057,ETF.com daily actual fund-flow fallback; USD-million chart scale validated against canonical issuer-derived references. Issuer exact flow remains preferred when its own unit QA is clean.
2026-08-27,PKB,0.0,0.0,ETFCOM_VALIDATED_ACTUAL,https://api-prod.etf.com/private/apps/fundflows/PKB/charts?startDate=20260701&endDate=20260831,-2982930.0,-83794990.0,341304480.0,-24.551388836150057,ETF.com daily actual fund-flow fallback; USD-million chart scale validated against canonical issuer-derived references. Issuer exact flow remains preferred when its own unit QA is clean.
2026-08-28,PKB,0.0,0.0,ETFCOM_VALIDATED_ACTUAL,https://api-prod.etf.com/private/apps/fundflows/PKB/charts?startDate=20260701&endDate=20260831,-2982930.0,-83794990.0,341304480.0,-24.551388836150057,ETF.com daily actual fund-flow fallback; USD-million chart scale validated against canonical issuer-derived references. Issuer exact flow remains preferred when its own unit QA is clean.
2026-08-31,PKB,0.0,0.0,ETFCOM_VALIDATED_ACTUAL,https://api-prod.etf.com/private/apps/fundflows/PKB/charts?startDate=20260701&endDate=20260831,-2982930.0,-83794990.0,341304480.0,-24.551388836150057,ETF.com daily actual fund-flow fallback; USD-million chart scale validated against canonical issuer-derived references. Issuer exact flow remains preferred when its own unit QA is clean.
2026-07-01,PPH,54.7053,54705300.0,ETFCOM_VALIDATED_ACTUAL,https://api-prod.etf.com/private/apps/fundflows/PPH/charts?startDate=20260701&endDate=20260831,,,1038899374.3854,,ETF.com daily actual fund-flow fallback; USD-million chart scale validated against canonical issuer-derived references. Issuer exact flow remains preferred when its own unit QA is clean.
2026-07-02,PPH,-26.976,-26976000.0,ETFCOM_VALIDATED_ACTUAL,https://api-prod.etf.com/private/apps/fundflows/PPH/charts?startDate=20260701&endDate=20260831,,,1038899374.3854,,ETF.com daily actual fund-flow fallback; USD-million chart scale validated against canonical issuer-derived references. Issuer exact flow remains preferred when its own unit QA is clean.
2026-07-06,PPH,50.1488,50148800.0,ETFCOM_VALIDATED_ACTUAL,https://api-prod.etf.com/private/apps/fundflows/PPH/charts?startDate=20260701&endDate=20260831,,,1038899374.3854,,ETF.com daily actual fund-flow fallback; USD-million chart scale validated against canonical issuer-derived references. Issuer exact flow remains preferred when its own unit QA is clean.
2026-07-07,PPH,-5.49508,-5495080.0,ETFCOM_VALIDATED_ACTUAL,https://api-prod.etf.com/private/apps/fundflows/PPH/charts?startDate=20260701&endDate=20260831,,,1038899374.3854,,ETF.com daily actual fund-flow fallback; USD-million chart scale validated against canonical issuer-derived references. Issuer exact flow remains preferred when its own unit QA is clean.
2026-07-08,PPH,-11.165,-11165000.0,ETFCOM_VALIDATED_ACTUAL,https://api-prod.etf.com/private/apps/fundflows/PPH/charts?startDate=20260701&endDate=20260831,61218020.0,,1038899374.3854,,ETF.com daily actual fund-flow fallback; USD-million chart scale validated against canonical issuer-derived references. Issuer exact flow remains preferred when its own unit QA is clean.
2026-07-09,PPH,16.5465,16546500.000000002,ETFCOM_VALIDATED_ACTUAL,https://api-prod.etf.com/private/apps/fundflows/PPH/charts?startDate=20260701&endDate=20260831,23059220.0,,1038899374.3854,,ETF.com daily actual fund-flow fallback; USD-million chart scale validated against canonical issuer-derived references. Issuer exact flow remains preferred when its own unit QA is clean.
2026-07-10,PPH,-5.48332,-5483320.0,ETFCOM_VALIDATED_ACTUAL,https://api-prod.etf.com/private/apps/fundflows/PPH/charts?startDate=20260701&endDate=20260831,44551900.0,,1038899374.3854,,ETF.com daily actual fund-flow fallback; USD-million chart scale validated against canonical issuer-derived references. Issuer exact flow remains preferred when its own unit QA is clean.
2026-07-13,PPH,-10.8756,-10875600.0,ETFCOM_VALIDATED_ACTUAL,https://api-prod.etf.com/private/apps/fundflows/PPH/charts?startDate=20260701&endDate=20260831,-16472499.999999998,,1038899374.3854,,ETF.com daily actual fund-flow fallback; USD-million chart scale validated against canonical issuer-derived references. Issuer exact flow remains preferred when its own unit QA is clean.
2026-07-14,PPH,-5.43561,-5435610.0,ETFCOM_VALIDATED_ACTUAL,https://api-prod.etf.com/private/apps/fundflows/PPH/charts?startDate=20260701&endDate=20260831,-16413029.999999998,,1038899374.3854,,ETF.com daily actual fund-flow fallback; USD-million chart scale validated against canonical issuer-derived references. Issuer exact flow remains preferred when its own unit QA is clean.
2026-07-15,PPH,0.0,0.0,ETFCOM_VALIDATED_ACTUAL,https://api-prod.etf.com/private/apps/fundflows/PPH/charts?startDate=20260701&endDate=20260831,-5248029.999999998,,1038899374.3854,,ETF.com daily actual fund-flow fallback; USD-million chart scale validated against canonical issuer-derived references. Issuer exact flow remains preferred when its own unit QA is clean.
2026-07-16,PPH,0.0,0.0,ETFCOM_VALIDATED_ACTUAL,https://api-prod.etf.com/private/apps/fundflows/PPH/charts?startDate=20260701&endDate=20260831,-21794530.0,,1038899374.3854,,ETF.com daily actual fund-flow fallback; USD-million chart scale validated against canonical issuer-derived references. Issuer exact flow remains preferred when its own unit QA is clean.
2026-07-17,PPH,0.0,0.0,ETFCOM_VALIDATED_ACTUAL,https://api-prod.etf.com/private/apps/fundflows/PPH/charts?startDate=20260701&endDate=20260831,-16311210.0,,1038899374.3854,,ETF.com daily actual fund-flow fallback; USD-million chart scale validated against canonical issuer-derived references. Issuer exact flow remains preferred when its own unit QA is clean.
2026-07-20,PPH,16.5036,16503599.999999998,ETFCOM_VALIDATED_ACTUAL,https://api-prod.etf.com/private/apps/fundflows/PPH/charts?startDate=20260701&endDate=20260831,11067989.999999998,,1038899374.3854,,ETF.com daily actual fund-flow fallback; USD-million chart scale validated against canonical issuer-derived references. Issuer exact flow remains preferred when its own unit QA is clean.
2026-07-21,PPH,0.0,0.0,ETFCOM_VALIDATED_ACTUAL,https://api-prod.etf.com/private/apps/fundflows/PPH/charts?startDate=20260701&endDate=20260831,16503599.999999998,,1038899374.3854,,ETF.com daily actual fund-flow fallback; USD-million chart scale validated against canonical issuer-derived references. Issuer exact flow remains preferred when its own unit QA is clean.
2026-07-22,PPH,0.0,0.0,ETFCOM_VALIDATED_ACTUAL,https://api-prod.etf.com/private/apps/fundflows/PPH/charts?startDate=20260701&endDate=20260831,16503599.999999998,,1038899374.3854,,ETF.com daily actual fund-flow fallback; USD-million chart scale validated against canonical issuer-derived references. Issuer exact flow remains preferred when its own unit QA is clean.
2026-07-27,PPH,0.0,0.0,ETFCOM_VALIDATED_ACTUAL,https://api-prod.etf.com/private/apps/fundflows/PPH/charts?startDate=20260701&endDate=20260831,16503599.999999998,,1038899374.3854,,ETF.com daily actual fund-flow fallback; USD-million chart scale validated against canonical issuer-derived references. Issuer exact flow remains preferred when its own unit QA is clean.
2026-07-28,PPH,0.0,0.0,ETFCOM_VALIDATED_ACTUAL,https://api-prod.etf.com/private/apps/fundflows/PPH/charts?startDate=20260701&endDate=20260831,16503599.999999998,,1038899374.3854,,ETF.com daily actual fund-flow fallback; USD-million chart scale validated against canonical issuer-derived references. Issuer exact flow remains preferred when its own unit QA is clean.
2026-07-29,PPH,-11.353,-11353000.0,ETFCOM_VALIDATED_ACTUAL,https://api-prod.etf.com/private/apps/fundflows/PPH/charts?startDate=20260701&endDate=20260831,-11353000.0,,1038899374.3854,,ETF.com daily actual fund-flow fallback; USD-million chart scale validated against canonical issuer-derived references. Issuer exact flow remains preferred when its own unit QA is clean.
2026-07-30,PPH,-17.0033,-17003300.0,ETFCOM_VALIDATED_ACTUAL,https://api-prod.etf.com/private/apps/fundflows/PPH/charts?startDate=20260701&endDate=20260831,-28356300.0,,1038899374.3854,,ETF.com daily actual fund-flow fallback; USD-million chart scale validated against canonical issuer-derived references. Issuer exact flow remains preferred when its own unit QA is clean.
2026-07-31,PPH,-5.57805,-5578050.0,ETFCOM_VALIDATED_ACTUAL,https://api-prod.etf.com/private/apps/fundflows/PPH/charts?startDate=20260701&endDate=20260831,-33934350.0,38539240.0,1038899374.3854,3.709622024057848,ETF.com daily actual fund-flow fallback; USD-million chart scale validated against canonical issuer-derived references. Issuer exact flow remains preferred when its own unit QA is clean.
2026-08-03,PPH,0.0,0.0,ETFCOM_VALIDATED_ACTUAL,https://api-prod.etf.com/private/apps/fundflows/PPH/charts?startDate=20260701&endDate=20260831,-33934350.0,-16166060.0,1038899374.3854,-1.5560756314405946,ETF.com daily actual fund-flow fallback; USD-million chart scale validated against canonical issuer-derived references. Issuer exact flow remains preferred when its own unit QA is clean.
2026-08-04,PPH,10.8605,10860500.0,ETFCOM_VALIDATED_ACTUAL,https://api-prod.etf.com/private/apps/fundflows/PPH/charts?startDate=20260701&endDate=20260831,-23073850.0,21670440.0,1038899374.3854,2.085903652874944,ETF.com daily actual fund-flow fallback; USD-million chart scale validated against canonical issuer-derived references. Issuer exact flow remains preferred when its own unit QA is clean.
2026-08-05,PPH,27.0196,27019600.0,ETFCOM_VALIDATED_ACTUAL,https://api-prod.etf.com/private/apps/fundflows/PPH/charts?startDate=20260701&endDate=20260831,15298750.0,-1458760.0,1038899374.3854,-0.14041398387240192,ETF.com daily actual fund-flow fallback; USD-million chart scale validated against canonical issuer-derived references. Issuer exact flow remains preferred when its own unit QA is clean.
2026-08-06,PPH,16.4816,16481600.0,ETFCOM_VALIDATED_ACTUAL,https://api-prod.etf.com/private/apps/fundflows/PPH/charts?startDate=20260701&endDate=20260831,48783650.0,20517920.0,1038899374.3854,1.9749670185467332,ETF.com daily actual fund-flow fallback; USD-million chart scale validated against canonical issuer-derived references. Issuer exact flow remains preferred when its own unit QA is clean.
2026-08-07,PPH,-22.1271,-22127100.0,ETFCOM_VALIDATED_ACTUAL,https://api-prod.etf.com/private/apps/fundflows/PPH/charts?startDate=20260701&endDate=20260831,32234600.0,9555820.0,1038899374.3854,0.9198022672458633,ETF.com daily actual fund-flow fallback; USD-million chart scale validated against canonical issuer-derived references. Issuer exact flow remains preferred when its own unit QA is clean.
2026-08-10,PPH,0.0,0.0,ETFCOM_VALIDATED_ACTUAL,https://api-prod.etf.com/private/apps/fundflows/PPH/charts?startDate=20260701&endDate=20260831,32234600.0,-6990680.000000002,1038899374.3854,-0.6728928876423284,ETF.com daily actual fund-flow fallback; USD-million chart scale validated against canonical issuer-derived references. Issuer exact flow remains preferred when its own unit QA is clean.
2026-08-11,PPH,0.0,0.0,ETFCOM_VALIDATED_ACTUAL,https://api-prod.etf.com/private/apps/fundflows/PPH/charts?startDate=20260701&endDate=20260831,21374100.0,-1507360.0000000019,1038899374.3854,-0.14509201152341988,ETF.com daily actual fund-flow fallback; USD-million chart scale validated against canonical issuer-derived references. Issuer exact flow remains preferred when its own unit QA is clean.
2026-08-12,PPH,0.0,0.0,ETFCOM_VALIDATED_ACTUAL,https://api-prod.etf.com/private/apps/fundflows/PPH/charts?startDate=20260701&endDate=20260831,-5645500.0,9368239.999999998,1038899374.3854,0.9017466206043422,ETF.com daily actual fund-flow fallback; USD-million chart scale validated against canonical issuer-derived references. Issuer exact flow remains preferred when its own unit QA is clean.
2026-08-13,PPH,11.1408,11140800.0,ETFCOM_VALIDATED_ACTUAL,https://api-prod.etf.com/private/apps/fundflows/PPH/charts?startDate=20260701&endDate=20260831,-10986300.0,25944650.0,1038899374.3854,2.4973207838678824,ETF.com daily actual fund-flow fallback; USD-million chart scale validated against canonical issuer-derived references. Issuer exact flow remains preferred when its own unit QA is clean.
2026-08-14,PPH,-11.1489,-11148900.0,ETFCOM_VALIDATED_ACTUAL,https://api-prod.etf.com/private/apps/fundflows/PPH/charts?startDate=20260701&endDate=20260831,-8100.0,14795749.999999998,1038899374.3854,1.4241754653816188,ETF.com daily actual fund-flow fallback; USD-million chart scale validated against canonical issuer-derived references. Issuer exact flow remains preferred when its own unit QA is clean.
2026-08-17,PPH,0.0,0.0,ETFCOM_VALIDATED_ACTUAL,https://api-prod.etf.com/private/apps/fundflows/PPH/charts?startDate=20260701&endDate=20260831,-8100.0,14795749.999999998,1038899374.3854,1.4241754653816188,ETF.com daily actual fund-flow fallback; USD-million chart scale validated against canonical issuer-derived references. Issuer exact flow remains preferred when its own unit QA is clean.
2026-08-18,PPH,0.0,0.0,ETFCOM_VALIDATED_ACTUAL,https://api-prod.etf.com/private/apps/fundflows/PPH/charts?startDate=20260701&endDate=20260831,-8100.0,14795749.999999998,1038899374.3854,1.4241754653816188,ETF.com daily actual fund-flow fallback; USD-million chart scale validated against canonical issuer-derived references. Issuer exact flow remains preferred when its own unit QA is clean.
2026-08-19,PPH,5.65716,5657160.0,ETFCOM_VALIDATED_ACTUAL,https://api-prod.etf.com/private/apps/fundflows/PPH/charts?startDate=20260701&endDate=20260831,5649060.0,3949310.0,1038899374.3854,0.38014364984446763,ETF.com daily actual fund-flow fallback; USD-million chart scale validated against canonical issuer-derived references. Issuer exact flow remains preferred when its own unit QA is clean.
2026-08-20,PPH,41.0299,41029900.0,ETFCOM_VALIDATED_ACTUAL,https://api-prod.etf.com/private/apps/fundflows/PPH/charts?startDate=20260701&endDate=20260831,35538160.0,44979210.0,1038899374.3854,4.32950592800281,ETF.com daily actual fund-flow fallback; USD-million chart scale validated against canonical issuer-derived references. Issuer exact flow remains preferred when its own unit QA is clean.
2026-08-21,PPH,11.4969,11496900.0,ETFCOM_VALIDATED_ACTUAL,https://api-prod.etf.com/private/apps/fundflows/PPH/charts?startDate=20260701&endDate=20260831,58183960.0,56476110.0,1038899374.3854,5.436148234607472,ETF.com daily actual fund-flow fallback; USD-million chart scale validated against canonical issuer-derived references. Issuer exact flow remains preferred when its own unit QA is clean.
2026-08-24,PPH,0.0,0.0,ETFCOM_VALIDATED_ACTUAL,https://api-prod.etf.com/private/apps/fundflows/PPH/charts?startDate=20260701&endDate=20260831,58183960.0,56476110.0,1038899374.3854,5.436148234607472,ETF.com daily actual fund-flow fallback; USD-million chart scale validated against canonical issuer-derived references. Issuer exact flow remains preferred when its own unit QA is clean.
2026-08-25,PPH,0.0,0.0,ETFCOM_VALIDATED_ACTUAL,https://api-prod.etf.com/private/apps/fundflows/PPH/charts?startDate=20260701&endDate=20260831,58183960.0,56476110.0,1038899374.3854,5.436148234607472,ETF.com daily actual fund-flow fallback; USD-million chart scale validated against canonical issuer-derived references. Issuer exact flow remains preferred when its own unit QA is clean.
2026-08-26,PPH,0.0,0.0,ETFCOM_VALIDATED_ACTUAL,https://api-prod.etf.com/private/apps/fundflows/PPH/charts?startDate=20260701&endDate=20260831,52526800.0,67829110.0,1038899374.3854,6.528939344113751,ETF.com daily actual fund-flow fallback; USD-million chart scale validated against canonical issuer-derived references. Issuer exact flow remains preferred when its own unit QA is clean.
2026-08-27,PPH,-5.79165,-5791650.0,ETFCOM_VALIDATED_ACTUAL,https://api-prod.etf.com/private/apps/fundflows/PPH/charts?startDate=20260701&endDate=20260831,5705250.0,79040760.0,1038899374.3854,7.608124708589754,ETF.com daily actual fund-flow fallback; USD-million chart scale validated against canonical issuer-derived references. Issuer exact flow remains preferred when its own unit QA is clean.
2026-08-28,PPH,-17.118,-17118000.0,ETFCOM_VALIDATED_ACTUAL,https://api-prod.etf.com/private/apps/fundflows/PPH/charts?startDate=20260701&endDate=20260831,-22909650.0,67500810.0,1038899374.3854,6.4973385935411345,ETF.com daily actual fund-flow fallback; USD-million chart scale validated against canonical issuer-derived references. Issuer exact flow remains preferred when its own unit QA is clean.
2026-08-31,PPH,17.0532,17053200.0,ETFCOM_VALIDATED_ACTUAL,https://api-prod.etf.com/private/apps/fundflows/PPH/charts?startDate=20260701&endDate=20260831,-5856450.0,84554010.0,1038899374.3854,8.13880651819827,ETF.com daily actual fund-flow fallback; USD-million chart scale validated against canonical issuer-derived references. Issuer exact flow remains preferred when its own unit QA is clean.
2026-07-01,QTUM,0.0,0.0,ETFCOM_VALIDATED_ACTUAL,https://api-prod.etf.com/private/apps/fundflows/QTUM/charts?startDate=20260701&endDate=20260831,,,5573922000.0,,ETF.com daily actual fund-flow fallback; USD-million chart scale validated against canonical issuer-derived references. Issuer exact flow remains preferred when its own unit QA is clean.
2026-07-02,QTUM,0.0,0.0,ETFCOM_VALIDATED_ACTUAL,https://api-prod.etf.com/private/apps/fundflows/QTUM/charts?startDate=20260701&endDate=20260831,,,5573922000.0,,ETF.com daily actual fund-flow fallback; USD-million chart scale validated against canonical issuer-derived references. Issuer exact flow remains preferred when its own unit QA is clean.
2026-07-06,QTUM,0.0,0.0,ETFCOM_VALIDATED_ACTUAL,https://api-prod.etf.com/private/apps/fundflows/QTUM/charts?startDate=20260701&endDate=20260831,,,5573922000.0,,ETF.com daily actual fund-flow fallback; USD-million chart scale validated against canonical issuer-derived references. Issuer exact flow remains preferred when its own unit QA is clean.
2026-07-07,QTUM,-39.1925,-39192500.0,ETFCOM_VALIDATED_ACTUAL,https://api-prod.etf.com/private/apps/fundflows/QTUM/charts?startDate=20260701&endDate=20260831,,,5573922000.0,,ETF.com daily actual fund-flow fallback; USD-million chart scale validated against canonical issuer-derived references. Issuer exact flow remains preferred when its own unit QA is clean.
2026-07-08,QTUM,0.0,0.0,ETFCOM_VALIDATED_ACTUAL,https://api-prod.etf.com/private/apps/fundflows/QTUM/charts?startDate=20260701&endDate=20260831,-39192500.0,,5573922000.0,,ETF.com daily actual fund-flow fallback; USD-million chart scale validated against canonical issuer-derived references. Issuer exact flow remains preferred when its own unit QA is clean.
2026-07-09,QTUM,7.623,7623000.0,ETFCOM_VALIDATED_ACTUAL,https://api-prod.etf.com/private/apps/fundflows/QTUM/charts?startDate=20260701&endDate=20260831,-31569500.0,,5573922000.0,,ETF.com daily actual fund-flow fallback; USD-million chart scale validated against canonical issuer-derived references. Issuer exact flow remains preferred when its own unit QA is clean.
2026-07-10,QTUM,0.0,0.0,ETFCOM_VALIDATED_ACTUAL,https://api-prod.etf.com/private/apps/fundflows/QTUM/charts?startDate=20260701&endDate=20260831,-31569500.0,,5573922000.0,,ETF.com daily actual fund-flow fallback; USD-million chart scale validated against canonical issuer-derived references. Issuer exact flow remains preferred when its own unit QA is clean.
2026-07-13,QTUM,-7.698,-7698000.0,ETFCOM_VALIDATED_ACTUAL,https://api-prod.etf.com/private/apps/fundflows/QTUM/charts?startDate=20260701&endDate=20260831,-39267500.0,,5573922000.0,,ETF.com daily actual fund-flow fallback; USD-million chart scale validated against canonical issuer-derived references. Issuer exact flow remains preferred when its own unit QA is clean.
2026-07-14,QTUM,0.0,0.0,ETFCOM_VALIDATED_ACTUAL,https://api-prod.etf.com/private/apps/fundflows/QTUM/charts?startDate=20260701&endDate=20260831,-75000.0,,5573922000.0,,ETF.com daily actual fund-flow fallback; USD-million chart scale validated against canonical issuer-derived references. Issuer exact flow remains preferred when its own unit QA is clean.
2026-07-15,QTUM,-14.99,-14990000.0,ETFCOM_VALIDATED_ACTUAL,https://api-prod.etf.com/private/apps/fundflows/QTUM/charts?startDate=20260701&endDate=20260831,-15065000.0,,5573922000.0,,ETF.com daily actual fund-flow fallback; USD-million chart scale validated against canonical issuer-derived references. Issuer exact flow remains preferred when its own unit QA is clean.
2026-07-16,QTUM,0.0,0.0,ETFCOM_VALIDATED_ACTUAL,https://api-prod.etf.com/private/apps/fundflows/QTUM/charts?startDate=20260701&endDate=20260831,-22688000.0,,5573922000.0,,ETF.com daily actual fund-flow fallback; USD-million chart scale validated against canonical issuer-derived references. Issuer exact flow remains preferred when its own unit QA is clean.
2026-07-17,QTUM,0.0,0.0,ETFCOM_VALIDATED_ACTUAL,https://api-prod.etf.com/private/apps/fundflows/QTUM/charts?startDate=20260701&endDate=20260831,-22688000.0,,5573922000.0,,ETF.com daily actual fund-flow fallback; USD-million chart scale validated against canonical issuer-derived references. Issuer exact flow remains preferred when its own unit QA is clean.
2026-07-20,QTUM,-21.2235,-21223500.0,ETFCOM_VALIDATED_ACTUAL,https://api-prod.etf.com/private/apps/fundflows/QTUM/charts?startDate=20260701&endDate=20260831,-36213500.0,,5573922000.0,,ETF.com daily actual fund-flow fallback; USD-million chart scale validated against canonical issuer-derived references. Issuer exact flow remains preferred when its own unit QA is clean.
2026-07-21,QTUM,-28.224,-28224000.0,ETFCOM_VALIDATED_ACTUAL,https://api-prod.etf.com/private/apps/fundflows/QTUM/charts?startDate=20260701&endDate=20260831,-64437500.0,,5573922000.0,,ETF.com daily actual fund-flow fallback; USD-million chart scale validated against canonical issuer-derived references. Issuer exact flow remains preferred when its own unit QA is clean.
2026-07-22,QTUM,-36.2475,-36247500.0,ETFCOM_VALIDATED_ACTUAL,https://api-prod.etf.com/private/apps/fundflows/QTUM/charts?startDate=20260701&endDate=20260831,-85695000.0,,5573922000.0,,ETF.com daily actual fund-flow fallback; USD-million chart scale validated against canonical issuer-derived references. Issuer exact flow remains preferred when its own unit QA is clean.
2026-07-27,QTUM,0.0,0.0,ETFCOM_VALIDATED_ACTUAL,https://api-prod.etf.com/private/apps/fundflows/QTUM/charts?startDate=20260701&endDate=20260831,-85695000.0,,5573922000.0,,ETF.com daily actual fund-flow fallback; USD-million chart scale validated against canonical issuer-derived references. Issuer exact flow remains preferred when its own unit QA is clean.
2026-07-28,QTUM,0.0,0.0,ETFCOM_VALIDATED_ACTUAL,https://api-prod.etf.com/private/apps/fundflows/QTUM/charts?startDate=20260701&endDate=20260831,-85695000.0,,5573922000.0,,ETF.com daily actual fund-flow fallback; USD-million chart scale validated against canonical issuer-derived references. Issuer exact flow remains preferred when its own unit QA is clean.
2026-07-29,QTUM,-13.672,-13672000.0,ETFCOM_VALIDATED_ACTUAL,https://api-prod.etf.com/private/apps/fundflows/QTUM/charts?startDate=20260701&endDate=20260831,-78143500.0,,5573922000.0,,ETF.com daily actual fund-flow fallback; USD-million chart scale validated against canonical issuer-derived references. Issuer exact flow remains preferred when its own unit QA is clean.
2026-07-30,QTUM,0.0,0.0,ETFCOM_VALIDATED_ACTUAL,https://api-prod.etf.com/private/apps/fundflows/QTUM/charts?startDate=20260701&endDate=20260831,-49919500.0,,5573922000.0,,ETF.com daily actual fund-flow fallback; USD-million chart scale validated against canonical issuer-derived references. Issuer exact flow remains preferred when its own unit QA is clean.
2026-07-31,QTUM,0.0,0.0,ETFCOM_VALIDATED_ACTUAL,https://api-prod.etf.com/private/apps/fundflows/QTUM/charts?startDate=20260701&endDate=20260831,-13672000.0,-153624500.0,5573922000.0,-2.756129346625231,ETF.com daily actual fund-flow fallback; USD-million chart scale validated against canonical issuer-derived references. Issuer exact flow remains preferred when its own unit QA is clean.
2026-08-03,QTUM,0.0,0.0,ETFCOM_VALIDATED_ACTUAL,https://api-prod.etf.com/private/apps/fundflows/QTUM/charts?startDate=20260701&endDate=20260831,-13672000.0,-153624500.0,5573922000.0,-2.756129346625231,ETF.com daily actual fund-flow fallback; USD-million chart scale validated against canonical issuer-derived references. Issuer exact flow remains preferred when its own unit QA is clean.
2026-08-04,QTUM,-14.616,-14616000.0,ETFCOM_VALIDATED_ACTUAL,https://api-prod.etf.com/private/apps/fundflows/QTUM/charts?startDate=20260701&endDate=20260831,-28288000.0,-168240500.0,5573922000.0,-3.018350454132656,ETF.com daily actual fund-flow fallback; USD-million chart scale validated against canonical issuer-derived references. Issuer exact flow remains preferred when its own unit QA is clean.
2026-08-05,QTUM,0.0,0.0,ETFCOM_VALIDATED_ACTUAL,https://api-prod.etf.com/private/apps/fundflows/QTUM/charts?startDate=20260701&endDate=20260831,-14616000.0,-168240500.0,5573922000.0,-3.018350454132656,ETF.com daily actual fund-flow fallback; USD-million chart scale validated against canonical issuer-derived references. Issuer exact flow remains preferred when its own unit QA is clean.
2026-08-06,QTUM,0.0,0.0,ETFCOM_VALIDATED_ACTUAL,https://api-prod.etf.com/private/apps/fundflows/QTUM/charts?startDate=20260701&endDate=20260831,-14616000.0,-129048000.0,5573922000.0,-2.3152100083208915,ETF.com daily actual fund-flow fallback; USD-million chart scale validated against canonical issuer-derived references. Issuer exact flow remains preferred when its own unit QA is clean.
2026-08-07,QTUM,0.0,0.0,ETFCOM_VALIDATED_ACTUAL,https://api-prod.etf.com/private/apps/fundflows/QTUM/charts?startDate=20260701&endDate=20260831,-14616000.0,-129048000.0,5573922000.0,-2.3152100083208915,ETF.com daily actual fund-flow fallback; USD-million chart scale validated against canonical issuer-derived references. Issuer exact flow remains preferred when its own unit QA is clean.
2026-08-10,QTUM,0.0,0.0,ETFCOM_VALIDATED_ACTUAL,https://api-prod.etf.com/private/apps/fundflows/QTUM/charts?startDate=20260701&endDate=20260831,-14616000.0,-136671000.0,5573922000.0,-2.4519718790467464,ETF.com daily actual fund-flow fallback; USD-million chart scale validated against canonical issuer-derived references. Issuer exact flow remains preferred when its own unit QA is clean.
2026-08-11,QTUM,0.0,0.0,ETFCOM_VALIDATED_ACTUAL,https://api-prod.etf.com/private/apps/fundflows/QTUM/charts?startDate=20260701&endDate=20260831,0.0,-136671000.0,5573922000.0,-2.4519718790467464,ETF.com daily actual fund-flow fallback; USD-million chart scale validated against canonical issuer-derived references. Issuer exact flow remains preferred when its own unit QA is clean.
2026-08-12,QTUM,0.0,0.0,ETFCOM_VALIDATED_ACTUAL,https://api-prod.etf.com/private/apps/fundflows/QTUM/charts?startDate=20260701&endDate=20260831,0.0,-128973000.0,5573922000.0,-2.3138644566608573,ETF.com daily actual fund-flow fallback; USD-million chart scale validated against canonical issuer-derived references. Issuer exact flow remains preferred when its own unit QA is clean.
2026-08-13,QTUM,0.0,0.0,ETFCOM_VALIDATED_ACTUAL,https://api-prod.etf.com/private/apps/fundflows/QTUM/charts?startDate=20260701&endDate=20260831,0.0,-128973000.0,5573922000.0,-2.3138644566608573,ETF.com daily actual fund-flow fallback; USD-million chart scale validated against canonical issuer-derived references. Issuer exact flow remains preferred when its own unit QA is clean.
2026-08-14,QTUM,23.682,23682000.0,ETFCOM_VALIDATED_ACTUAL,https://api-prod.etf.com/private/apps/fundflows/QTUM/charts?startDate=20260701&endDate=20260831,23682000.0,-90301000.0,5573922000.0,-1.6200621393697292,ETF.com daily actual fund-flow fallback; USD-million chart scale validated against canonical issuer-derived references. Issuer exact flow remains preferred when its own unit QA is clean.
2026-08-17,QTUM,23.79,23790000.0,ETFCOM_VALIDATED_ACTUAL,https://api-prod.etf.com/private/apps/fundflows/QTUM/charts?startDate=20260701&endDate=20260831,47472000.0,-66511000.0,5573922000.0,-1.1932531528069463,ETF.com daily actual fund-flow fallback; USD-million chart scale validated against canonical issuer-derived references. Issuer exact flow remains preferred when its own unit QA is clean.
2026-08-18,QTUM,15.806,15806000.0,ETFCOM_VALIDATED_ACTUAL,https://api-prod.etf.com/private/apps/fundflows/QTUM/charts?startDate=20260701&endDate=20260831,63278000.0,-50705000.0,5573922000.0,-0.9096826256269822,ETF.com daily actual fund-flow fallback; USD-million chart scale validated against canonical issuer-derived references. Issuer exact flow remains preferred when its own unit QA is clean.
2026-08-19,QTUM,15.237,15237000.0,ETFCOM_VALIDATED_ACTUAL,https://api-prod.etf.com/private/apps/fundflows/QTUM/charts?startDate=20260701&endDate=20260831,78515000.0,-14244500.0,5573922000.0,-0.25555614161805634,ETF.com daily actual fund-flow fallback; USD-million chart scale validated against canonical issuer-derived references. Issuer exact flow remains preferred when its own unit QA is clean.
2026-08-20,QTUM,0.0,0.0,ETFCOM_VALIDATED_ACTUAL,https://api-prod.etf.com/private/apps/fundflows/QTUM/charts?startDate=20260701&endDate=20260831,78515000.0,13979500.0,5573922000.0,0.2508018590859363,ETF.com daily actual fund-flow fallback; USD-million chart scale validated against canonical issuer-derived references. Issuer exact flow remains preferred when its own unit QA is clean.
2026-08-21,QTUM,14.915,14915000.0,ETFCOM_VALIDATED_ACTUAL,https://api-prod.etf.com/private/apps/fundflows/QTUM/charts?startDate=20260701&endDate=20260831,69748000.0,65142000.0,5573922000.0,1.1686923498391257,ETF.com daily actual fund-flow fallback; USD-million chart scale validated against canonical issuer-derived references. Issuer exact flow remains preferred when its own unit QA is clean.
2026-08-24,QTUM,15.042,15042000.0,ETFCOM_VALIDATED_ACTUAL,https://api-prod.etf.com/private/apps/fundflows/QTUM/charts?startDate=20260701&endDate=20260831,61000000.0,80184000.0,5573922000.0,1.4385561907755438,ETF.com daily actual fund-flow fallback; USD-million chart scale validated against canonical issuer-derived references. Issuer exact flow remains preferred when its own unit QA is clean.
2026-08-25,QTUM,0.0,0.0,ETFCOM_VALIDATED_ACTUAL,https://api-prod.etf.com/private/apps/fundflows/QTUM/charts?startDate=20260701&endDate=20260831,45194000.0,80184000.0,5573922000.0,1.4385561907755438,ETF.com daily actual fund-flow fallback; USD-million chart scale validated against canonical issuer-derived references. Issuer exact flow remains preferred when its own unit QA is clean.
2026-08-26,QTUM,0.0,0.0,ETFCOM_VALIDATED_ACTUAL,https://api-prod.etf.com/private/apps/fundflows/QTUM/charts?startDate=20260701&endDate=20260831,29957000.0,93856000.0,5573922000.0,1.6838412880553406,ETF.com daily actual fund-flow fallback; USD-million chart scale validated against canonical issuer-derived references. Issuer exact flow remains preferred when its own unit QA is clean.
2026-08-27,QTUM,0.0,0.0,ETFCOM_VALIDATED_ACTUAL,https://api-prod.etf.com/private/apps/fundflows/QTUM/charts?startDate=20260701&endDate=20260831,29957000.0,93856000.0,5573922000.0,1.6838412880553406,ETF.com daily actual fund-flow fallback; USD-million chart scale validated against canonical issuer-derived references. Issuer exact flow remains preferred when its own unit QA is clean.
2026-08-28,QTUM,0.0,0.0,ETFCOM_VALIDATED_ACTUAL,https://api-prod.etf.com/private/apps/fundflows/QTUM/charts?startDate=20260701&endDate=20260831,15042000.0,93856000.0,5573922000.0,1.6838412880553406,ETF.com daily actual fund-flow fallback; USD-million chart scale validated against canonical issuer-derived references. Issuer exact flow remains preferred when its own unit QA is clean.
2026-08-31,QTUM,7.422,7422000.0,ETFCOM_VALIDATED_ACTUAL,https://api-prod.etf.com/private/apps/fundflows/QTUM/charts?startDate=20260701&endDate=20260831,7422000.0,101278000.0,5573922000.0,1.8169970803323046,ETF.com daily actual fund-flow fallback; USD-million chart scale validated against canonical issuer-derived references. Issuer exact flow remains preferred when its own unit QA is clean.
2026-07-01,REMX,-4.42813,-4428130.0,ETFCOM_VALIDATED_ACTUAL,https://api-prod.etf.com/private/apps/fundflows/REMX/charts?startDate=20260701&endDate=20260831,,,2290592612.2297,,ETF.com daily actual fund-flow fallback; USD-million chart scale validated against canonical issuer-derived references. Issuer exact flow remains preferred when its own unit QA is clean.
2026-07-02,REMX,-8.8052,-8805200.0,ETFCOM_VALIDATED_ACTUAL,https://api-prod.etf.com/private/apps/fundflows/REMX/charts?startDate=20260701&endDate=20260831,,,2290592612.2297,,ETF.com daily actual fund-flow fallback; USD-million chart scale validated against canonical issuer-derived references. Issuer exact flow remains preferred when its own unit QA is clean.
2026-07-06,REMX,0.0,0.0,ETFCOM_VALIDATED_ACTUAL,https://api-prod.etf.com/private/apps/fundflows/REMX/charts?startDate=20260701&endDate=20260831,,,2290592612.2297,,ETF.com daily actual fund-flow fallback; USD-million chart scale validated against canonical issuer-derived references. Issuer exact flow remains preferred when its own unit QA is clean.
2026-07-07,REMX,-12.7843,-12784300.0,ETFCOM_VALIDATED_ACTUAL,https://api-prod.etf.com/private/apps/fundflows/REMX/charts?startDate=20260701&endDate=20260831,,,2290592612.2297,,ETF.com daily actual fund-flow fallback; USD-million chart scale validated against canonical issuer-derived references. Issuer exact flow remains preferred when its own unit QA is clean.
2026-07-08,REMX,-4.06851,-4068510.0,ETFCOM_VALIDATED_ACTUAL,https://api-prod.etf.com/private/apps/fundflows/REMX/charts?startDate=20260701&endDate=20260831,-30086140.0,,2290592612.2297,,ETF.com daily actual fund-flow fallback; USD-million chart scale validated against canonical issuer-derived references. Issuer exact flow remains preferred when its own unit QA is clean.
2026-07-09,REMX,-3.99202,-3992020.0,ETFCOM_VALIDATED_ACTUAL,https://api-prod.etf.com/private/apps/fundflows/REMX/charts?startDate=20260701&endDate=20260831,-29650030.0,,2290592612.2297,,ETF.com daily actual fund-flow fallback; USD-million chart scale validated against canonical issuer-derived references. Issuer exact flow remains preferred when its own unit QA is clean.
2026-07-10,REMX,0.0,0.0,ETFCOM_VALIDATED_ACTUAL,https://api-prod.etf.com/private/apps/fundflows/REMX/charts?startDate=20260701&endDate=20260831,-20844830.0,,2290592612.2297,,ETF.com daily actual fund-flow fallback; USD-million chart scale validated against canonical issuer-derived references. Issuer exact flow remains preferred when its own unit QA is clean.
2026-07-13,REMX,0.0,0.0,ETFCOM_VALIDATED_ACTUAL,https://api-prod.etf.com/private/apps/fundflows/REMX/charts?startDate=20260701&endDate=20260831,-20844830.0,,2290592612.2297,,ETF.com daily actual fund-flow fallback; USD-million chart scale validated against canonical issuer-derived references. Issuer exact flow remains preferred when its own unit QA is clean.
2026-07-14,REMX,0.0,0.0,ETFCOM_VALIDATED_ACTUAL,https://api-prod.etf.com/private/apps/fundflows/REMX/charts?startDate=20260701&endDate=20260831,-8060530.0,,2290592612.2297,,ETF.com daily actual fund-flow fallback; USD-million chart scale validated against canonical issuer-derived references. Issuer exact flow remains preferred when its own unit QA is clean.
2026-07-15,REMX,0.0,0.0,ETFCOM_VALIDATED_ACTUAL,https://api-prod.etf.com/private/apps/fundflows/REMX/charts?startDate=20260701&endDate=20260831,-3992020.0,,2290592612.2297,,ETF.com daily actual fund-flow fallback; USD-million chart scale validated against canonical issuer-derived references. Issuer exact flow remains preferred when its own unit QA is clean.
2026-07-16,REMX,0.0,0.0,ETFCOM_VALIDATED_ACTUAL,https://api-prod.etf.com/private/apps/fundflows/REMX/charts?startDate=20260701&endDate=20260831,0.0,,2290592612.2297,,ETF.com daily actual fund-flow fallback; USD-million chart scale validated against canonical issuer-derived references. Issuer exact flow remains preferred when its own unit QA is clean.
2026-07-17,REMX,0.0,0.0,ETFCOM_VALIDATED_ACTUAL,https://api-prod.etf.com/private/apps/fundflows/REMX/charts?startDate=20260701&endDate=20260831,0.0,,2290592612.2297,,ETF.com daily actual fund-flow fallback; USD-million chart scale validated against canonical issuer-derived references. Issuer exact flow remains preferred when its own unit QA is clean.
2026-07-20,REMX,-18.1298,-18129800.0,ETFCOM_VALIDATED_ACTUAL,https://api-prod.etf.com/private/apps/fundflows/REMX/charts?startDate=20260701&endDate=20260831,-18129800.0,,2290592612.2297,,ETF.com daily actual fund-flow fallback; USD-million chart scale validated against canonical issuer-derived references. Issuer exact flow remains preferred when its own unit QA is clean.
2026-07-21,REMX,0.0,0.0,ETFCOM_VALIDATED_ACTUAL,https://api-prod.etf.com/private/apps/fundflows/REMX/charts?startDate=20260701&endDate=20260831,-18129800.0,,2290592612.2297,,ETF.com daily actual fund-flow fallback; USD-million chart scale validated against canonical issuer-derived references. Issuer exact flow remains preferred when its own unit QA is clean.
2026-07-22,REMX,-17.9545,-17954500.0,ETFCOM_VALIDATED_ACTUAL,https://api-prod.etf.com/private/apps/fundflows/REMX/charts?startDate=20260701&endDate=20260831,-36084300.0,,2290592612.2297,,ETF.com daily actual fund-flow fallback; USD-million chart scale validated against canonical issuer-derived references. Issuer exact flow remains preferred when its own unit QA is clean.
2026-07-27,REMX,-10.1943,-10194300.0,ETFCOM_VALIDATED_ACTUAL,https://api-prod.etf.com/private/apps/fundflows/REMX/charts?startDate=20260701&endDate=20260831,-46278600.0,,2290592612.2297,,ETF.com daily actual fund-flow fallback; USD-million chart scale validated against canonical issuer-derived references. Issuer exact flow remains preferred when its own unit QA is clean.
2026-07-28,REMX,0.0,0.0,ETFCOM_VALIDATED_ACTUAL,https://api-prod.etf.com/private/apps/fundflows/REMX/charts?startDate=20260701&endDate=20260831,-46278600.0,,2290592612.2297,,ETF.com daily actual fund-flow fallback; USD-million chart scale validated against canonical issuer-derived references. Issuer exact flow remains preferred when its own unit QA is clean.
2026-07-29,REMX,-3.3269,-3326900.0,ETFCOM_VALIDATED_ACTUAL,https://api-prod.etf.com/private/apps/fundflows/REMX/charts?startDate=20260701&endDate=20260831,-31475700.0,,2290592612.2297,,ETF.com daily actual fund-flow fallback; USD-million chart scale validated against canonical issuer-derived references. Issuer exact flow remains preferred when its own unit QA is clean.
2026-07-30,REMX,-16.224,-16224000.0,ETFCOM_VALIDATED_ACTUAL,https://api-prod.etf.com/private/apps/fundflows/REMX/charts?startDate=20260701&endDate=20260831,-47699700.0,,2290592612.2297,,ETF.com daily actual fund-flow fallback; USD-million chart scale validated against canonical issuer-derived references. Issuer exact flow remains preferred when its own unit QA is clean.
2026-07-31,REMX,-13.2871,-13287100.0,ETFCOM_VALIDATED_ACTUAL,https://api-prod.etf.com/private/apps/fundflows/REMX/charts?startDate=20260701&endDate=20260831,-43032300.0,-113194760.0,2290592612.2297,-4.941723787793691,ETF.com daily actual fund-flow fallback; USD-million chart scale validated against canonical issuer-derived references. Issuer exact flow remains preferred when its own unit QA is clean.
2026-08-03,REMX,3.29136,3291360.0,ETFCOM_VALIDATED_ACTUAL,https://api-prod.etf.com/private/apps/fundflows/REMX/charts?startDate=20260701&endDate=20260831,-29546640.0,-105475270.0,2290592612.2297,-4.604715366532535,ETF.com daily actual fund-flow fallback; USD-million chart scale validated against canonical issuer-derived references. Issuer exact flow remains preferred when its own unit QA is clean.
2026-08-04,REMX,6.74051,6740510.0,ETFCOM_VALIDATED_ACTUAL,https://api-prod.etf.com/private/apps/fundflows/REMX/charts?startDate=20260701&endDate=20260831,-22806130.0,-89929560.0,2290592612.2297,-3.926039031116105,ETF.com daily actual fund-flow fallback; USD-million chart scale validated against canonical issuer-derived references. Issuer exact flow remains preferred when its own unit QA is clean.
2026-08-05,REMX,3.53802,3538020.0,ETFCOM_VALIDATED_ACTUAL,https://api-prod.etf.com/private/apps/fundflows/REMX/charts?startDate=20260701&endDate=20260831,-15941210.0,-86391540.0,2290592612.2297,-3.7715803123937026,ETF.com daily actual fund-flow fallback; USD-million chart scale validated against canonical issuer-derived references. Issuer exact flow remains preferred when its own unit QA is clean.
2026-08-06,REMX,18.0868,18086800.0,ETFCOM_VALIDATED_ACTUAL,https://api-prod.etf.com/private/apps/fundflows/REMX/charts?startDate=20260701&endDate=20260831,18369590.0,-55520440.0,2290592612.2297,-2.423846113166125,ETF.com daily actual fund-flow fallback; USD-million chart scale validated against canonical issuer-derived references. Issuer exact flow remains preferred when its own unit QA is clean.
2026-08-07,REMX,11.042,11042000.0,ETFCOM_VALIDATED_ACTUAL,https://api-prod.etf.com/private/apps/fundflows/REMX/charts?startDate=20260701&endDate=20260831,42698690.0,-40409930.0,2290592612.2297,-1.764169227834203,ETF.com daily actual fund-flow fallback; USD-million chart scale validated against canonical issuer-derived references. Issuer exact flow remains preferred when its own unit QA is clean.
2026-08-10,REMX,0.0,0.0,ETFCOM_VALIDATED_ACTUAL,https://api-prod.etf.com/private/apps/fundflows/REMX/charts?startDate=20260701&endDate=20260831,39407330.0,-36417910.0,2290592612.2297,-1.58989031072401,ETF.com daily actual fund-flow fallback; USD-million chart scale validated against canonical issuer-derived references. Issuer exact flow remains preferred when its own unit QA is clean.
2026-08-11,REMX,0.0,0.0,ETFCOM_VALIDATED_ACTUAL,https://api-prod.etf.com/private/apps/fundflows/REMX/charts?startDate=20260701&endDate=20260831,32666820.0,-36417910.0,2290592612.2297,-1.58989031072401,ETF.com daily actual fund-flow fallback; USD-million chart scale validated against canonical issuer-derived references. Issuer exact flow remains preferred when its own unit QA is clean.
2026-08-12,REMX,0.0,0.0,ETFCOM_VALIDATED_ACTUAL,https://api-prod.etf.com/private/apps/fundflows/REMX/charts?startDate=20260701&endDate=20260831,29128800.0,-36417910.0,2290592612.2297,-1.58989031072401,ETF.com daily actual fund-flow fallback; USD-million chart scale validated against canonical issuer-derived references. Issuer exact flow remains preferred when its own unit QA is clean.
2026-08-13,REMX,0.0,0.0,ETFCOM_VALIDATED_ACTUAL,https://api-prod.etf.com/private/apps/fundflows/REMX/charts?startDate=20260701&endDate=20260831,11042000.0,-36417910.0,2290592612.2297,-1.58989031072401,ETF.com daily actual fund-flow fallback; USD-million chart scale validated against canonical issuer-derived references. Issuer exact flow remains preferred when its own unit QA is clean.
2026-08-14,REMX,-15.2922,-15292200.0,ETFCOM_VALIDATED_ACTUAL,https://api-prod.etf.com/private/apps/fundflows/REMX/charts?startDate=20260701&endDate=20260831,-15292200.0,-51710110.0,2290592612.2297,-2.257499204525266,ETF.com daily actual fund-flow fallback; USD-million chart scale validated against canonical issuer-derived references. Issuer exact flow remains preferred when its own unit QA is clean.
2026-08-17,REMX,0.0,0.0,ETFCOM_VALIDATED_ACTUAL,https://api-prod.etf.com/private/apps/fundflows/REMX/charts?startDate=20260701&endDate=20260831,-15292200.0,-51710110.0,2290592612.2297,-2.257499204525266,ETF.com daily actual fund-flow fallback; USD-million chart scale validated against canonical issuer-derived references. Issuer exact flow remains preferred when its own unit QA is clean.
2026-08-18,REMX,0.0,0.0,ETFCOM_VALIDATED_ACTUAL,https://api-prod.etf.com/private/apps/fundflows/REMX/charts?startDate=20260701&endDate=20260831,-15292200.0,-51710110.0,2290592612.2297,-2.257499204525266,ETF.com daily actual fund-flow fallback; USD-million chart scale validated against canonical issuer-derived references. Issuer exact flow remains preferred when its own unit QA is clean.
2026-08-19,REMX,0.0,0.0,ETFCOM_VALIDATED_ACTUAL,https://api-prod.etf.com/private/apps/fundflows/REMX/charts?startDate=20260701&endDate=20260831,-15292200.0,-33580310.0,2290592612.2297,-1.466009705117855,ETF.com daily actual fund-flow fallback; USD-million chart scale validated against canonical issuer-derived references. Issuer exact flow remains preferred when its own unit QA is clean.
2026-08-20,REMX,-7.60065,-7600650.0,ETFCOM_VALIDATED_ACTUAL,https://api-prod.etf.com/private/apps/fundflows/REMX/charts?startDate=20260701&endDate=20260831,-22892850.0,-41180960.0,2290592612.2297,-1.797829949338472,ETF.com daily actual fund-flow fallback; USD-million chart scale validated against canonical issuer-derived references. Issuer exact flow remains preferred when its own unit QA is clean.
2026-08-21,REMX,0.0,0.0,ETFCOM_VALIDATED_ACTUAL,https://api-prod.etf.com/private/apps/fundflows/REMX/charts?startDate=20260701&endDate=20260831,-7600650.0,-23226460.0,2290592612.2297,-1.0139934912909279,ETF.com daily actual fund-flow fallback; USD-million chart scale validated against canonical issuer-derived references. Issuer exact flow remains preferred when its own unit QA is clean.
2026-08-24,REMX,11.9565,11956500.0,ETFCOM_VALIDATED_ACTUAL,https://api-prod.etf.com/private/apps/fundflows/REMX/charts?startDate=20260701&endDate=20260831,4355850.0,-1075660.0,2290592612.2297,-0.04695989999517789,ETF.com daily actual fund-flow fallback; USD-million chart scale validated against canonical issuer-derived references. Issuer exact flow remains preferred when its own unit QA is clean.
2026-08-25,REMX,11.9635,11963500.0,ETFCOM_VALIDATED_ACTUAL,https://api-prod.etf.com/private/apps/fundflows/REMX/charts?startDate=20260701&endDate=20260831,16319350.0,10887840.0,2290592612.2297,0.4753285216178882,ETF.com daily actual fund-flow fallback; USD-million chart scale validated against canonical issuer-derived references. Issuer exact flow remains preferred when its own unit QA is clean.
2026-08-26,REMX,0.0,0.0,ETFCOM_VALIDATED_ACTUAL,https://api-prod.etf.com/private/apps/fundflows/REMX/charts?startDate=20260701&endDate=20260831,16319350.0,14214740.0,2290592612.2297,0.6205704115217215,ETF.com daily actual fund-flow fallback; USD-million chart scale validated against canonical issuer-derived references. Issuer exact flow remains preferred when its own unit QA is clean.
2026-08-27,REMX,0.0,0.0,ETFCOM_VALIDATED_ACTUAL,https://api-prod.etf.com/private/apps/fundflows/REMX/charts?startDate=20260701&endDate=20260831,23920000.0,30438740.0,2290592612.2297,1.3288587345250553,ETF.com daily actual fund-flow fallback; USD-million chart scale validated against canonical issuer-derived references. Issuer exact flow remains preferred when its own unit QA is clean.
2026-08-28,REMX,0.0,0.0,ETFCOM_VALIDATED_ACTUAL,https://api-prod.etf.com/private/apps/fundflows/REMX/charts?startDate=20260701&endDate=20260831,23920000.0,43725840.0,2290592612.2297,1.9089313292352128,ETF.com daily actual fund-flow fallback; USD-million chart scale validated against canonical issuer-derived references. Issuer exact flow remains preferred when its own unit QA is clean.
2026-08-31,REMX,0.0,0.0,ETFCOM_VALIDATED_ACTUAL,https://api-prod.etf.com/private/apps/fundflows/REMX/charts?startDate=20260701&endDate=20260831,11963500.0,40434480.0,2290592612.2297,1.7652410028791816,ETF.com daily actual fund-flow fallback; USD-million chart scale validated against canonical issuer-derived references. Issuer exact flow remains preferred when its own unit QA is clean.
2026-07-01,SHLD,-27.8186,-27818600.0,ETFCOM_VALIDATED_ACTUAL,https://api-prod.etf.com/private/apps/fundflows/SHLD/charts?startDate=20260701&endDate=20260831,,,7328271294.88009,,ETF.com daily actual fund-flow fallback; USD-million chart scale validated against canonical issuer-derived references. Issuer exact flow remains preferred when its own unit QA is clean.
2026-07-02,SHLD,-42.6363,-42636300.0,ETFCOM_VALIDATED_ACTUAL,https://api-prod.etf.com/private/apps/fundflows/SHLD/charts?startDate=20260701&endDate=20260831,,,7328271294.88009,,ETF.com daily actual fund-flow fallback; USD-million chart scale validated against canonical issuer-derived references. Issuer exact flow remains preferred when its own unit QA is clean.
2026-07-06,SHLD,-0.890281,-890281.0,ETFCOM_VALIDATED_ACTUAL,https://api-prod.etf.com/private/apps/fundflows/SHLD/charts?startDate=20260701&endDate=20260831,,,7328271294.88009,,ETF.com daily actual fund-flow fallback; USD-million chart scale validated against canonical issuer-derived references. Issuer exact flow remains preferred when its own unit QA is clean.
2026-07-07,SHLD,-4.91875,-4918750.0,ETFCOM_VALIDATED_ACTUAL,https://api-prod.etf.com/private/apps/fundflows/SHLD/charts?startDate=20260701&endDate=20260831,,,7328271294.88009,,ETF.com daily actual fund-flow fallback; USD-million chart scale validated against canonical issuer-derived references. Issuer exact flow remains preferred when its own unit QA is clean.
2026-07-08,SHLD,-19.4893,-19489300.0,ETFCOM_VALIDATED_ACTUAL,https://api-prod.etf.com/private/apps/fundflows/SHLD/charts?startDate=20260701&endDate=20260831,-95753231.0,,7328271294.88009,,ETF.com daily actual fund-flow fallback; USD-million chart scale validated against canonical issuer-derived references. Issuer exact flow remains preferred when its own unit QA is clean.
2026-07-09,SHLD,-13.5124,-13512400.0,ETFCOM_VALIDATED_ACTUAL,https://api-prod.etf.com/private/apps/fundflows/SHLD/charts?startDate=20260701&endDate=20260831,-81447031.0,,7328271294.88009,,ETF.com daily actual fund-flow fallback; USD-million chart scale validated against canonical issuer-derived references. Issuer exact flow remains preferred when its own unit QA is clean.
2026-07-10,SHLD,0.0,0.0,ETFCOM_VALIDATED_ACTUAL,https://api-prod.etf.com/private/apps/fundflows/SHLD/charts?startDate=20260701&endDate=20260831,-38810731.0,,7328271294.88009,,ETF.com daily actual fund-flow fallback; USD-million chart scale validated against canonical issuer-derived references. Issuer exact flow remains preferred when its own unit QA is clean.
2026-07-13,SHLD,-15.1709,-15170900.0,ETFCOM_VALIDATED_ACTUAL,https://api-prod.etf.com/private/apps/fundflows/SHLD/charts?startDate=20260701&endDate=20260831,-53091350.0,,7328271294.88009,,ETF.com daily actual fund-flow fallback; USD-million chart scale validated against canonical issuer-derived references. Issuer exact flow remains preferred when its own unit QA is clean.
2026-07-14,SHLD,-0.583514,-583514.0,ETFCOM_VALIDATED_ACTUAL,https://api-prod.etf.com/private/apps/fundflows/SHLD/charts?startDate=20260701&endDate=20260831,-48756114.0,,7328271294.88009,,ETF.com daily actual fund-flow fallback; USD-million chart scale validated against canonical issuer-derived references. Issuer exact flow remains preferred when its own unit QA is clean.
2026-07-15,SHLD,-17.5487,-17548700.0,ETFCOM_VALIDATED_ACTUAL,https://api-prod.etf.com/private/apps/fundflows/SHLD/charts?startDate=20260701&endDate=20260831,-46815514.0,,7328271294.88009,,ETF.com daily actual fund-flow fallback; USD-million chart scale validated against canonical issuer-derived references. Issuer exact flow remains preferred when its own unit QA is clean.
2026-07-16,SHLD,0.457007,457007.0,ETFCOM_VALIDATED_ACTUAL,https://api-prod.etf.com/private/apps/fundflows/SHLD/charts?startDate=20260701&endDate=20260831,-32846107.0,,7328271294.88009,,ETF.com daily actual fund-flow fallback; USD-million chart scale validated against canonical issuer-derived references. Issuer exact flow remains preferred when its own unit QA is clean.
2026-07-17,SHLD,-11.4292,-11429200.0,ETFCOM_VALIDATED_ACTUAL,https://api-prod.etf.com/private/apps/fundflows/SHLD/charts?startDate=20260701&endDate=20260831,-44275307.0,,7328271294.88009,,ETF.com daily actual fund-flow fallback; USD-million chart scale validated against canonical issuer-derived references. Issuer exact flow remains preferred when its own unit QA is clean.
2026-07-20,SHLD,0.230103,230103.0,ETFCOM_VALIDATED_ACTUAL,https://api-prod.etf.com/private/apps/fundflows/SHLD/charts?startDate=20260701&endDate=20260831,-28874304.0,,7328271294.88009,,ETF.com daily actual fund-flow fallback; USD-million chart scale validated against canonical issuer-derived references. Issuer exact flow remains preferred when its own unit QA is clean.
2026-07-21,SHLD,-14.4287,-14428700.0,ETFCOM_VALIDATED_ACTUAL,https://api-prod.etf.com/private/apps/fundflows/SHLD/charts?startDate=20260701&endDate=20260831,-42719490.0,,7328271294.88009,,ETF.com daily actual fund-flow fallback; USD-million chart scale validated against canonical issuer-derived references. Issuer exact flow remains preferred when its own unit QA is clean.
2026-07-22,SHLD,-5.37852,-5378520.0,ETFCOM_VALIDATED_ACTUAL,https://api-prod.etf.com/private/apps/fundflows/SHLD/charts?startDate=20260701&endDate=20260831,-30549310.0,,7328271294.88009,,ETF.com daily actual fund-flow fallback; USD-million chart scale validated against canonical issuer-derived references. Issuer exact flow remains preferred when its own unit QA is clean.
2026-07-27,SHLD,0.244826,244826.0,ETFCOM_VALIDATED_ACTUAL,https://api-prod.etf.com/private/apps/fundflows/SHLD/charts?startDate=20260701&endDate=20260831,-30761491.0,,7328271294.88009,,ETF.com daily actual fund-flow fallback; USD-million chart scale validated against canonical issuer-derived references. Issuer exact flow remains preferred when its own unit QA is clean.
2026-07-28,SHLD,-0.337121,-337121.0,ETFCOM_VALIDATED_ACTUAL,https://api-prod.etf.com/private/apps/fundflows/SHLD/charts?startDate=20260701&endDate=20260831,-19669412.0,,7328271294.88009,,ETF.com daily actual fund-flow fallback; USD-million chart scale validated against canonical issuer-derived references. Issuer exact flow remains preferred when its own unit QA is clean.
2026-07-29,SHLD,0.261752,261751.99999999997,ETFCOM_VALIDATED_ACTUAL,https://api-prod.etf.com/private/apps/fundflows/SHLD/charts?startDate=20260701&endDate=20260831,-19637763.0,,7328271294.88009,,ETF.com daily actual fund-flow fallback; USD-million chart scale validated against canonical issuer-derived references. Issuer exact flow remains preferred when its own unit QA is clean.
2026-07-30,SHLD,-27.909,-27909000.0,ETFCOM_VALIDATED_ACTUAL,https://api-prod.etf.com/private/apps/fundflows/SHLD/charts?startDate=20260701&endDate=20260831,-33118063.0,,7328271294.88009,,ETF.com daily actual fund-flow fallback; USD-million chart scale validated against canonical issuer-derived references. Issuer exact flow remains preferred when its own unit QA is clean.
2026-07-31,SHLD,-34.4526,-34452600.0,ETFCOM_VALIDATED_ACTUAL,https://api-prod.etf.com/private/apps/fundflows/SHLD/charts?startDate=20260701&endDate=20260831,-62192143.0,-235310198.0,7328271294.88009,-3.2109919042489583,ETF.com daily actual fund-flow fallback; USD-million chart scale validated against canonical issuer-derived references. Issuer exact flow remains preferred when its own unit QA is clean.
2026-08-03,SHLD,0.426571,426571.0,ETFCOM_VALIDATED_ACTUAL,https://api-prod.etf.com/private/apps/fundflows/SHLD/charts?startDate=20260701&endDate=20260831,-62010398.0,-207065027.0,7328271294.88009,-2.8255644294264375,ETF.com daily actual fund-flow fallback; USD-million chart scale validated against canonical issuer-derived references. Issuer exact flow remains preferred when its own unit QA is clean.
2026-08-04,SHLD,-0.233478,-233478.0,ETFCOM_VALIDATED_ACTUAL,https://api-prod.etf.com/private/apps/fundflows/SHLD/charts?startDate=20260701&endDate=20260831,-61906755.0,-164662205.0,7328271294.88009,-2.2469447209881754,ETF.com daily actual fund-flow fallback; USD-million chart scale validated against canonical issuer-derived references. Issuer exact flow remains preferred when its own unit QA is clean.
2026-08-05,SHLD,-8.69368,-8693680.0,ETFCOM_VALIDATED_ACTUAL,https://api-prod.etf.com/private/apps/fundflows/SHLD/charts?startDate=20260701&endDate=20260831,-70862187.0,-172465604.0,7328271294.88009,-2.353428210558927,ETF.com daily actual fund-flow fallback; USD-million chart scale validated against canonical issuer-derived references. Issuer exact flow remains preferred when its own unit QA is clean.
2026-08-06,SHLD,-0.13126,-131260.0,ETFCOM_VALIDATED_ACTUAL,https://api-prod.etf.com/private/apps/fundflows/SHLD/charts?startDate=20260701&endDate=20260831,-43084447.0,-167678114.0,7328271294.88009,-2.288099160809571,ETF.com daily actual fund-flow fallback; USD-million chart scale validated against canonical issuer-derived references. Issuer exact flow remains preferred when its own unit QA is clean.
2026-08-07,SHLD,-0.332425,-332425.0,ETFCOM_VALIDATED_ACTUAL,https://api-prod.etf.com/private/apps/fundflows/SHLD/charts?startDate=20260701&endDate=20260831,-8964272.0,-148521239.0,7328271294.88009,-2.0266886012225642,ETF.com daily actual fund-flow fallback; USD-million chart scale validated against canonical issuer-derived references. Issuer exact flow remains preferred when its own unit QA is clean.
2026-08-10,SHLD,0.258242,258242.00000000003,ETFCOM_VALIDATED_ACTUAL,https://api-prod.etf.com/private/apps/fundflows/SHLD/charts?startDate=20260701&endDate=20260831,-9132601.0,-134750597.0,7328271294.88009,-1.838777408447525,ETF.com daily actual fund-flow fallback; USD-million chart scale validated against canonical issuer-derived references. Issuer exact flow remains preferred when its own unit QA is clean.
2026-08-11,SHLD,0.35752,357520.0,ETFCOM_VALIDATED_ACTUAL,https://api-prod.etf.com/private/apps/fundflows/SHLD/charts?startDate=20260701&endDate=20260831,-8541603.0,-134393077.0,7328271294.88009,-1.833898768102294,ETF.com daily actual fund-flow fallback; USD-million chart scale validated against canonical issuer-derived references. Issuer exact flow remains preferred when its own unit QA is clean.
2026-08-12,SHLD,-0.251155,-251155.00000000003,ETFCOM_VALIDATED_ACTUAL,https://api-prod.etf.com/private/apps/fundflows/SHLD/charts?startDate=20260701&endDate=20260831,-99078.00000000003,-119473332.0,7328271294.88009,-1.630307165121879,ETF.com daily actual fund-flow fallback; USD-million chart scale validated against canonical issuer-derived references. Issuer exact flow remains preferred when its own unit QA is clean.
2026-08-13,SHLD,21.3833,21383300.0,ETFCOM_VALIDATED_ACTUAL,https://api-prod.etf.com/private/apps/fundflows/SHLD/charts?startDate=20260701&endDate=20260831,21415482.0,-97506518.0,7328271294.88009,-1.330552787642061,ETF.com daily actual fund-flow fallback; USD-million chart scale validated against canonical issuer-derived references. Issuer exact flow remains preferred when its own unit QA is clean.
2026-08-14,SHLD,0.087854,87854.0,ETFCOM_VALIDATED_ACTUAL,https://api-prod.etf.com/private/apps/fundflows/SHLD/charts?startDate=20260701&endDate=20260831,21835761.0,-79869964.0,7328271294.88009,-1.0898881985414663,ETF.com daily actual fund-flow fallback; USD-million chart scale validated against canonical issuer-derived references. Issuer exact flow remains preferred when its own unit QA is clean.
2026-08-17,SHLD,0.159277,159277.0,ETFCOM_VALIDATED_ACTUAL,https://api-prod.etf.com/private/apps/fundflows/SHLD/charts?startDate=20260701&endDate=20260831,21736796.0,-80167694.0,7328271294.88009,-1.0939509575199449,ETF.com daily actual fund-flow fallback; USD-million chart scale validated against canonical issuer-derived references. Issuer exact flow remains preferred when its own unit QA is clean.
2026-08-18,SHLD,-0.415287,-415287.0,ETFCOM_VALIDATED_ACTUAL,https://api-prod.etf.com/private/apps/fundflows/SHLD/charts?startDate=20260701&endDate=20260831,20963989.0,-69153781.0,7328271294.88009,-0.9436574905232346,ETF.com daily actual fund-flow fallback; USD-million chart scale validated against canonical issuer-derived references. Issuer exact flow remains preferred when its own unit QA is clean.
2026-08-19,SHLD,0.424362,424362.0,ETFCOM_VALIDATED_ACTUAL,https://api-prod.etf.com/private/apps/fundflows/SHLD/charts?startDate=20260701&endDate=20260831,21639506.0,-68959522.0,7328271294.88009,-0.9410066743595955,ETF.com daily actual fund-flow fallback; USD-million chart scale validated against canonical issuer-derived references. Issuer exact flow remains preferred when its own unit QA is clean.
2026-08-20,SHLD,4.01086,4010860.0,ETFCOM_VALIDATED_ACTUAL,https://api-prod.etf.com/private/apps/fundflows/SHLD/charts?startDate=20260701&endDate=20260831,4267066.0,-50519962.0,7328271294.88009,-0.6893844396194211,ETF.com daily actual fund-flow fallback; USD-million chart scale validated against canonical issuer-derived references. Issuer exact flow remains preferred when its own unit QA is clean.
2026-08-21,SHLD,-1.57456,-1574560.0,ETFCOM_VALIDATED_ACTUAL,https://api-prod.etf.com/private/apps/fundflows/SHLD/charts?startDate=20260701&endDate=20260831,2604652.0,-46716002.0,7328271294.88009,-0.637476426843507,ETF.com daily actual fund-flow fallback; USD-million chart scale validated against canonical issuer-derived references. Issuer exact flow remains preferred when its own unit QA is clean.
2026-08-24,SHLD,0.626451,626451.0,ETFCOM_VALIDATED_ACTUAL,https://api-prod.etf.com/private/apps/fundflows/SHLD/charts?startDate=20260701&endDate=20260831,3071826.0,-46334377.0,7328271294.88009,-0.6322688548985843,ETF.com daily actual fund-flow fallback; USD-million chart scale validated against canonical issuer-derived references. Issuer exact flow remains preferred when its own unit QA is clean.
2026-08-25,SHLD,11.5799,11579900.0,ETFCOM_VALIDATED_ACTUAL,https://api-prod.etf.com/private/apps/fundflows/SHLD/charts?startDate=20260701&endDate=20260831,15067013.0,-34417356.0,7328271294.88009,-0.4696517720904485,ETF.com daily actual fund-flow fallback; USD-million chart scale validated against canonical issuer-derived references. Issuer exact flow remains preferred when its own unit QA is clean.
2026-08-26,SHLD,0.182832,182832.0,ETFCOM_VALIDATED_ACTUAL,https://api-prod.etf.com/private/apps/fundflows/SHLD/charts?startDate=20260701&endDate=20260831,14825483.0,-34496276.0,7328271294.88009,-0.4707286972863694,ETF.com daily actual fund-flow fallback; USD-million chart scale validated against canonical issuer-derived references. Issuer exact flow remains preferred when its own unit QA is clean.
2026-08-27,SHLD,-20.4175,-20417500.0,ETFCOM_VALIDATED_ACTUAL,https://api-prod.etf.com/private/apps/fundflows/SHLD/charts?startDate=20260701&endDate=20260831,-9602877.0,-27004776.0,7328271294.88009,-0.3685013137937038,ETF.com daily actual fund-flow fallback; USD-million chart scale validated against canonical issuer-derived references. Issuer exact flow remains preferred when its own unit QA is clean.
2026-08-28,SHLD,-0.341073,-341073.0,ETFCOM_VALIDATED_ACTUAL,https://api-prod.etf.com/private/apps/fundflows/SHLD/charts?startDate=20260701&endDate=20260831,-8369390.0,7106751.0,7328271294.88009,0.0969771821215891,ETF.com daily actual fund-flow fallback; USD-million chart scale validated against canonical issuer-derived references. Issuer exact flow remains preferred when its own unit QA is clean.
2026-08-31,SHLD,0.182796,182796.0,ETFCOM_VALIDATED_ACTUAL,https://api-prod.etf.com/private/apps/fundflows/SHLD/charts?startDate=20260701&endDate=20260831,-8813045.0,6862976.0,7328271294.88009,0.09365068136594275,ETF.com daily actual fund-flow fallback; USD-million chart scale validated against canonical issuer-derived references. Issuer exact flow remains preferred when its own unit QA is clean.
2026-07-01,SIL,0.313095,313095.0,ETFCOM_VALIDATED_ACTUAL,https://api-prod.etf.com/private/apps/fundflows/SIL/charts?startDate=20260701&endDate=20260831,,,5336774365.78668,,ETF.com daily actual fund-flow fallback; USD-million chart scale validated against canonical issuer-derived references. Issuer exact flow remains preferred when its own unit QA is clean.
2026-07-02,SIL,0.117156,117156.0,ETFCOM_VALIDATED_ACTUAL,https://api-prod.etf.com/private/apps/fundflows/SIL/charts?startDate=20260701&endDate=20260831,,,5336774365.78668,,ETF.com daily actual fund-flow fallback; USD-million chart scale validated against canonical issuer-derived references. Issuer exact flow remains preferred when its own unit QA is clean.
2026-07-06,SIL,-0.274391,-274391.0,ETFCOM_VALIDATED_ACTUAL,https://api-prod.etf.com/private/apps/fundflows/SIL/charts?startDate=20260701&endDate=20260831,,,5336774365.78668,,ETF.com daily actual fund-flow fallback; USD-million chart scale validated against canonical issuer-derived references. Issuer exact flow remains preferred when its own unit QA is clean.
2026-07-07,SIL,-0.053012,-53012.0,ETFCOM_VALIDATED_ACTUAL,https://api-prod.etf.com/private/apps/fundflows/SIL/charts?startDate=20260701&endDate=20260831,,,5336774365.78668,,ETF.com daily actual fund-flow fallback; USD-million chart scale validated against canonical issuer-derived references. Issuer exact flow remains preferred when its own unit QA is clean.
2026-07-08,SIL,-0.085683,-85683.0,ETFCOM_VALIDATED_ACTUAL,https://api-prod.etf.com/private/apps/fundflows/SIL/charts?startDate=20260701&endDate=20260831,17165.0,,5336774365.78668,,ETF.com daily actual fund-flow fallback; USD-million chart scale validated against canonical issuer-derived references. Issuer exact flow remains preferred when its own unit QA is clean.
2026-07-09,SIL,-14.5183,-14518300.0,ETFCOM_VALIDATED_ACTUAL,https://api-prod.etf.com/private/apps/fundflows/SIL/charts?startDate=20260701&endDate=20260831,-14814230.0,,5336774365.78668,,ETF.com daily actual fund-flow fallback; USD-million chart scale validated against canonical issuer-derived references. Issuer exact flow remains preferred when its own unit QA is clean.
2026-07-10,SIL,-0.023173,-23173.0,ETFCOM_VALIDATED_ACTUAL,https://api-prod.etf.com/private/apps/fundflows/SIL/charts?startDate=20260701&endDate=20260831,-14954559.0,,5336774365.78668,,ETF.com daily actual fund-flow fallback; USD-million chart scale validated against canonical issuer-derived references. Issuer exact flow remains preferred when its own unit QA is clean.
2026-07-13,SIL,-0.006819,-6819.0,ETFCOM_VALIDATED_ACTUAL,https://api-prod.etf.com/private/apps/fundflows/SIL/charts?startDate=20260701&endDate=20260831,-14686987.0,,5336774365.78668,,ETF.com daily actual fund-flow fallback; USD-million chart scale validated against canonical issuer-derived references. Issuer exact flow remains preferred when its own unit QA is clean.
2026-07-14,SIL,-0.171137,-171137.0,ETFCOM_VALIDATED_ACTUAL,https://api-prod.etf.com/private/apps/fundflows/SIL/charts?startDate=20260701&endDate=20260831,-14805112.0,,5336774365.78668,,ETF.com daily actual fund-flow fallback; USD-million chart scale validated against canonical issuer-derived references. Issuer exact flow remains preferred when its own unit QA is clean.
2026-07-15,SIL,-0.030336,-30336.0,ETFCOM_VALIDATED_ACTUAL,https://api-prod.etf.com/private/apps/fundflows/SIL/charts?startDate=20260701&endDate=20260831,-14749765.0,,5336774365.78668,,ETF.com daily actual fund-flow fallback; USD-million chart scale validated against canonical issuer-derived references. Issuer exact flow remains preferred when its own unit QA is clean.
2026-07-16,SIL,-9.86185,-9861850.0,ETFCOM_VALIDATED_ACTUAL,https://api-prod.etf.com/private/apps/fundflows/SIL/charts?startDate=20260701&endDate=20260831,-10093315.0,,5336774365.78668,,ETF.com daily actual fund-flow fallback; USD-million chart scale validated against canonical issuer-derived references. Issuer exact flow remains preferred when its own unit QA is clean.
2026-07-17,SIL,0.132643,132643.0,ETFCOM_VALIDATED_ACTUAL,https://api-prod.etf.com/private/apps/fundflows/SIL/charts?startDate=20260701&endDate=20260831,-9937499.0,,5336774365.78668,,ETF.com daily actual fund-flow fallback; USD-million chart scale validated against canonical issuer-derived references. Issuer exact flow remains preferred when its own unit QA is clean.
2026-07-20,SIL,0.157377,157377.0,ETFCOM_VALIDATED_ACTUAL,https://api-prod.etf.com/private/apps/fundflows/SIL/charts?startDate=20260701&endDate=20260831,-9773303.0,,5336774365.78668,,ETF.com daily actual fund-flow fallback; USD-million chart scale validated against canonical issuer-derived references. Issuer exact flow remains preferred when its own unit QA is clean.
2026-07-21,SIL,-0.075462,-75462.0,ETFCOM_VALIDATED_ACTUAL,https://api-prod.etf.com/private/apps/fundflows/SIL/charts?startDate=20260701&endDate=20260831,-9677628.0,,5336774365.78668,,ETF.com daily actual fund-flow fallback; USD-million chart scale validated against canonical issuer-derived references. Issuer exact flow remains preferred when its own unit QA is clean.
2026-07-22,SIL,-11.3658,-11365800.0,ETFCOM_VALIDATED_ACTUAL,https://api-prod.etf.com/private/apps/fundflows/SIL/charts?startDate=20260701&endDate=20260831,-21013092.0,,5336774365.78668,,ETF.com daily actual fund-flow fallback; USD-million chart scale validated against canonical issuer-derived references. Issuer exact flow remains preferred when its own unit QA is clean.
2026-07-27,SIL,-7.44456,-7444560.0,ETFCOM_VALIDATED_ACTUAL,https://api-prod.etf.com/private/apps/fundflows/SIL/charts?startDate=20260701&endDate=20260831,-18595802.0,,5336774365.78668,,ETF.com daily actual fund-flow fallback; USD-million chart scale validated against canonical issuer-derived references. Issuer exact flow remains preferred when its own unit QA is clean.
2026-07-28,SIL,-0.282137,-282137.0,ETFCOM_VALIDATED_ACTUAL,https://api-prod.etf.com/private/apps/fundflows/SIL/charts?startDate=20260701&endDate=20260831,-19010582.0,,5336774365.78668,,ETF.com daily actual fund-flow fallback; USD-million chart scale validated against canonical issuer-derived references. Issuer exact flow remains preferred when its own unit QA is clean.
2026-07-29,SIL,0.235276,235276.0,ETFCOM_VALIDATED_ACTUAL,https://api-prod.etf.com/private/apps/fundflows/SIL/charts?startDate=20260701&endDate=20260831,-18932683.0,,5336774365.78668,,ETF.com daily actual fund-flow fallback; USD-million chart scale validated against canonical issuer-derived references. Issuer exact flow remains preferred when its own unit QA is clean.
2026-07-30,SIL,-10.8089,-10808900.0,ETFCOM_VALIDATED_ACTUAL,https://api-prod.etf.com/private/apps/fundflows/SIL/charts?startDate=20260701&endDate=20260831,-29666121.0,,5336774365.78668,,ETF.com daily actual fund-flow fallback; USD-million chart scale validated against canonical issuer-derived references. Issuer exact flow remains preferred when its own unit QA is clean.
2026-07-31,SIL,-0.458488,-458488.0,ETFCOM_VALIDATED_ACTUAL,https://api-prod.etf.com/private/apps/fundflows/SIL/charts?startDate=20260701&endDate=20260831,-18758809.0,-54504501.0,5336774365.78668,-1.0213004572466242,ETF.com daily actual fund-flow fallback; USD-million chart scale validated against canonical issuer-derived references. Issuer exact flow remains preferred when its own unit QA is clean.
2026-08-03,SIL,-10.6829,-10682900.0,ETFCOM_VALIDATED_ACTUAL,https://api-prod.etf.com/private/apps/fundflows/SIL/charts?startDate=20260701&endDate=20260831,-21997149.0,-65500496.0,5336774365.78668,-1.227342426539795,ETF.com daily actual fund-flow fallback; USD-million chart scale validated against canonical issuer-derived references. Issuer exact flow remains preferred when its own unit QA is clean.
2026-08-04,SIL,-0.058715,-58715.0,ETFCOM_VALIDATED_ACTUAL,https://api-prod.etf.com/private/apps/fundflows/SIL/charts?startDate=20260701&endDate=20260831,-21773727.0,-65676367.0,5336774365.78668,-1.2306378815833414,ETF.com daily actual fund-flow fallback; USD-million chart scale validated against canonical issuer-derived references. Issuer exact flow remains preferred when its own unit QA is clean.
2026-08-05,SIL,-0.364844,-364844.0,ETFCOM_VALIDATED_ACTUAL,https://api-prod.etf.com/private/apps/fundflows/SIL/charts?startDate=20260701&endDate=20260831,-22373847.0,-65766820.0,5336774365.78668,-1.2323327817945977,ETF.com daily actual fund-flow fallback; USD-million chart scale validated against canonical issuer-derived references. Issuer exact flow remains preferred when its own unit QA is clean.
2026-08-06,SIL,0.041383,41383.0,ETFCOM_VALIDATED_ACTUAL,https://api-prod.etf.com/private/apps/fundflows/SIL/charts?startDate=20260701&endDate=20260831,-11523564.0,-65672425.0,5336774365.78668,-1.2305640167404641,ETF.com daily actual fund-flow fallback; USD-million chart scale validated against canonical issuer-derived references. Issuer exact flow remains preferred when its own unit QA is clean.
2026-08-07,SIL,-0.013608,-13608.0,ETFCOM_VALIDATED_ACTUAL,https://api-prod.etf.com/private/apps/fundflows/SIL/charts?startDate=20260701&endDate=20260831,-11078684.0,-65600350.0,5336774365.78668,-1.2292134818469138,ETF.com daily actual fund-flow fallback; USD-million chart scale validated against canonical issuer-derived references. Issuer exact flow remains preferred when its own unit QA is clean.
2026-08-10,SIL,0.200672,200672.0,ETFCOM_VALIDATED_ACTUAL,https://api-prod.etf.com/private/apps/fundflows/SIL/charts?startDate=20260701&endDate=20260831,-195112.0,-50881378.0,5336774365.78668,-0.953410703030532,ETF.com daily actual fund-flow fallback; USD-million chart scale validated against canonical issuer-derived references. Issuer exact flow remains preferred when its own unit QA is clean.
2026-08-11,SIL,36.2929,36292900.0,ETFCOM_VALIDATED_ACTUAL,https://api-prod.etf.com/private/apps/fundflows/SIL/charts?startDate=20260701&endDate=20260831,36156503.0,-14565305.0,5336774365.78668,-0.27292338033581015,ETF.com daily actual fund-flow fallback; USD-million chart scale validated against canonical issuer-derived references. Issuer exact flow remains preferred when its own unit QA is clean.
2026-08-12,SIL,2.67242,2672420.0,ETFCOM_VALIDATED_ACTUAL,https://api-prod.etf.com/private/apps/fundflows/SIL/charts?startDate=20260701&endDate=20260831,39193767.0,-11886066.0,5336774365.78668,-0.22272003995896697,ETF.com daily actual fund-flow fallback; USD-million chart scale validated against canonical issuer-derived references. Issuer exact flow remains preferred when its own unit QA is clean.
2026-08-13,SIL,-0.374952,-374952.0,ETFCOM_VALIDATED_ACTUAL,https://api-prod.etf.com/private/apps/fundflows/SIL/charts?startDate=20260701&endDate=20260831,38777432.0,-12089881.0,5336774365.78668,-0.22653910717130088,ETF.com daily actual fund-flow fallback; USD-million chart scale validated against canonical issuer-derived references. Issuer exact flow remains preferred when its own unit QA is clean.
2026-08-14,SIL,0.331032,331032.0,ETFCOM_VALIDATED_ACTUAL,https://api-prod.etf.com/private/apps/fundflows/SIL/charts?startDate=20260701&endDate=20260831,39122072.0,-11728513.0,5336774365.78668,-0.2197678259585016,ETF.com daily actual fund-flow fallback; USD-million chart scale validated against canonical issuer-derived references. Issuer exact flow remains preferred when its own unit QA is clean.
2026-08-17,SIL,23.2427,23242700.0,ETFCOM_VALIDATED_ACTUAL,https://api-prod.etf.com/private/apps/fundflows/SIL/charts?startDate=20260701&endDate=20260831,62164100.0,21376037.0,5336774365.78668,0.40054226644916463,ETF.com daily actual fund-flow fallback; USD-million chart scale validated against canonical issuer-derived references. Issuer exact flow remains preferred when its own unit QA is clean.
2026-08-18,SIL,-0.097704,-97704.0,ETFCOM_VALIDATED_ACTUAL,https://api-prod.etf.com/private/apps/fundflows/SIL/charts?startDate=20260701&endDate=20260831,25773496.0,21145690.0,5336774365.78668,0.39622604499755665,ETF.com daily actual fund-flow fallback; USD-million chart scale validated against canonical issuer-derived references. Issuer exact flow remains preferred when its own unit QA is clean.
2026-08-19,SIL,0.004056,4055.9999999999995,ETFCOM_VALIDATED_ACTUAL,https://api-prod.etf.com/private/apps/fundflows/SIL/charts?startDate=20260701&endDate=20260831,23105132.0,20992369.0,5336774365.78668,0.39335312983399046,ETF.com daily actual fund-flow fallback; USD-million chart scale validated against canonical issuer-derived references. Issuer exact flow remains preferred when its own unit QA is clean.
2026-08-20,SIL,0.125347,125346.99999999999,ETFCOM_VALIDATED_ACTUAL,https://api-prod.etf.com/private/apps/fundflows/SIL/charts?startDate=20260701&endDate=20260831,23605431.0,21193178.0,5336774365.78668,0.39711587088760064,ETF.com daily actual fund-flow fallback; USD-million chart scale validated against canonical issuer-derived references. Issuer exact flow remains preferred when its own unit QA is clean.
2026-08-21,SIL,14.6443,14644300.0,ETFCOM_VALIDATED_ACTUAL,https://api-prod.etf.com/private/apps/fundflows/SIL/charts?startDate=20260701&endDate=20260831,37918699.0,47203278.0,5336774365.78668,0.8844907947132572,ETF.com daily actual fund-flow fallback; USD-million chart scale validated against canonical issuer-derived references. Issuer exact flow remains preferred when its own unit QA is clean.
2026-08-24,SIL,-28.9409,-28940900.0,ETFCOM_VALIDATED_ACTUAL,https://api-prod.etf.com/private/apps/fundflows/SIL/charts?startDate=20260701&endDate=20260831,-14264901.0,25706938.0,5336774365.78668,0.48169430142678715,ETF.com daily actual fund-flow fallback; USD-million chart scale validated against canonical issuer-derived references. Issuer exact flow remains preferred when its own unit QA is clean.
2026-08-25,SIL,-32.2965,-32296500.0,ETFCOM_VALIDATED_ACTUAL,https://api-prod.etf.com/private/apps/fundflows/SIL/charts?startDate=20260701&endDate=20260831,-46463697.0,-6307425.0,5336774365.78668,-0.11818796463339402,ETF.com daily actual fund-flow fallback; USD-million chart scale validated against canonical issuer-derived references. Issuer exact flow remains preferred when its own unit QA is clean.
2026-08-26,SIL,-13.1801,-13180100.0,ETFCOM_VALIDATED_ACTUAL,https://api-prod.etf.com/private/apps/fundflows/SIL/charts?startDate=20260701&endDate=20260831,-59647853.0,-19722801.0,5336774365.78668,-0.36956407837738353,ETF.com daily actual fund-flow fallback; USD-million chart scale validated against canonical issuer-derived references. Issuer exact flow remains preferred when its own unit QA is clean.
2026-08-27,SIL,-0.26415,-264150.0,ETFCOM_VALIDATED_ACTUAL,https://api-prod.etf.com/private/apps/fundflows/SIL/charts?startDate=20260701&endDate=20260831,-60037350.0,-9178051.0,5336774365.78668,-0.17197749747186636,ETF.com daily actual fund-flow fallback; USD-million chart scale validated against canonical issuer-derived references. Issuer exact flow remains preferred when its own unit QA is clean.
2026-08-28,SIL,-0.094128,-94128.0,ETFCOM_VALIDATED_ACTUAL,https://api-prod.etf.com/private/apps/fundflows/SIL/charts?startDate=20260701&endDate=20260831,-74775778.0,-8813691.0,5336774365.78668,-0.16515015243108927,ETF.com daily actual fund-flow fallback; USD-million chart scale validated against canonical issuer-derived references. Issuer exact flow remains preferred when its own unit QA is clean.
2026-08-31,SIL,0.022019,22019.0,ETFCOM_VALIDATED_ACTUAL,https://api-prod.etf.com/private/apps/fundflows/SIL/charts?startDate=20260701&endDate=20260831,-45812859.0,1891228.0,5336774365.78668,0.035437660848553015,ETF.com daily actual fund-flow fallback; USD-million chart scale validated against canonical issuer-derived references. Issuer exact flow remains preferred when its own unit QA is clean.
2026-07-01,SKYY,0.0,0.0,ETFCOM_VALIDATED_ACTUAL,https://api-prod.etf.com/private/apps/fundflows/SKYY/charts?startDate=20260701&endDate=20260831,,,3386210830.362,,ETF.com daily actual fund-flow fallback; USD-million chart scale validated against canonical issuer-derived references. Issuer exact flow remains preferred when its own unit QA is clean.
2026-07-02,SKYY,40.8969,40896900.0,ETFCOM_VALIDATED_ACTUAL,https://api-prod.etf.com/private/apps/fundflows/SKYY/charts?startDate=20260701&endDate=20260831,,,3386210830.362,,ETF.com daily actual fund-flow fallback; USD-million chart scale validated against canonical issuer-derived references. Issuer exact flow remains preferred when its own unit QA is clean.
2026-07-06,SKYY,0.0,0.0,ETFCOM_VALIDATED_ACTUAL,https://api-prod.etf.com/private/apps/fundflows/SKYY/charts?startDate=20260701&endDate=20260831,,,3386210830.362,,ETF.com daily actual fund-flow fallback; USD-million chart scale validated against canonical issuer-derived references. Issuer exact flow remains preferred when its own unit QA is clean.
2026-07-07,SKYY,0.0,0.0,ETFCOM_VALIDATED_ACTUAL,https://api-prod.etf.com/private/apps/fundflows/SKYY/charts?startDate=20260701&endDate=20260831,,,3386210830.362,,ETF.com daily actual fund-flow fallback; USD-million chart scale validated against canonical issuer-derived references. Issuer exact flow remains preferred when its own unit QA is clean.
2026-07-08,SKYY,41.7027,41702700.0,ETFCOM_VALIDATED_ACTUAL,https://api-prod.etf.com/private/apps/fundflows/SKYY/charts?startDate=20260701&endDate=20260831,82599600.0,,3386210830.362,,ETF.com daily actual fund-flow fallback; USD-million chart scale validated against canonical issuer-derived references. Issuer exact flow remains preferred when its own unit QA is clean.
2026-07-09,SKYY,0.0,0.0,ETFCOM_VALIDATED_ACTUAL,https://api-prod.etf.com/private/apps/fundflows/SKYY/charts?startDate=20260701&endDate=20260831,82599600.0,,3386210830.362,,ETF.com daily actual fund-flow fallback; USD-million chart scale validated against canonical issuer-derived references. Issuer exact flow remains preferred when its own unit QA is clean.
2026-07-10,SKYY,0.0,0.0,ETFCOM_VALIDATED_ACTUAL,https://api-prod.etf.com/private/apps/fundflows/SKYY/charts?startDate=20260701&endDate=20260831,41702700.0,,3386210830.362,,ETF.com daily actual fund-flow fallback; USD-million chart scale validated against canonical issuer-derived references. Issuer exact flow remains preferred when its own unit QA is clean.
2026-07-13,SKYY,0.0,0.0,ETFCOM_VALIDATED_ACTUAL,https://api-prod.etf.com/private/apps/fundflows/SKYY/charts?startDate=20260701&endDate=20260831,41702700.0,,3386210830.362,,ETF.com daily actual fund-flow fallback; USD-million chart scale validated against canonical issuer-derived references. Issuer exact flow remains preferred when its own unit QA is clean.
2026-07-14,SKYY,0.0,0.0,ETFCOM_VALIDATED_ACTUAL,https://api-prod.etf.com/private/apps/fundflows/SKYY/charts?startDate=20260701&endDate=20260831,41702700.0,,3386210830.362,,ETF.com daily actual fund-flow fallback; USD-million chart scale validated against canonical issuer-derived references. Issuer exact flow remains preferred when its own unit QA is clean.
2026-07-15,SKYY,0.0,0.0,ETFCOM_VALIDATED_ACTUAL,https://api-prod.etf.com/private/apps/fundflows/SKYY/charts?startDate=20260701&endDate=20260831,0.0,,3386210830.362,,ETF.com daily actual fund-flow fallback; USD-million chart scale validated against canonical issuer-derived references. Issuer exact flow remains preferred when its own unit QA is clean.
2026-07-16,SKYY,-13.6945,-13694500.0,ETFCOM_VALIDATED_ACTUAL,https://api-prod.etf.com/private/apps/fundflows/SKYY/charts?startDate=20260701&endDate=20260831,-13694500.0,,3386210830.362,,ETF.com daily actual fund-flow fallback; USD-million chart scale validated against canonical issuer-derived references. Issuer exact flow remains preferred when its own unit QA is clean.
2026-07-17,SKYY,-6.81965,-6819650.0,ETFCOM_VALIDATED_ACTUAL,https://api-prod.etf.com/private/apps/fundflows/SKYY/charts?startDate=20260701&endDate=20260831,-20514150.0,,3386210830.362,,ETF.com daily actual fund-flow fallback; USD-million chart scale validated against canonical issuer-derived references. Issuer exact flow remains preferred when its own unit QA is clean.
2026-07-20,SKYY,0.0,0.0,ETFCOM_VALIDATED_ACTUAL,https://api-prod.etf.com/private/apps/fundflows/SKYY/charts?startDate=20260701&endDate=20260831,-20514150.0,,3386210830.362,,ETF.com daily actual fund-flow fallback; USD-million chart scale validated against canonical issuer-derived references. Issuer exact flow remains preferred when its own unit QA is clean.
2026-07-21,SKYY,-20.5061,-20506100.0,ETFCOM_VALIDATED_ACTUAL,https://api-prod.etf.com/private/apps/fundflows/SKYY/charts?startDate=20260701&endDate=20260831,-41020250.0,,3386210830.362,,ETF.com daily actual fund-flow fallback; USD-million chart scale validated against canonical issuer-derived references. Issuer exact flow remains preferred when its own unit QA is clean.
2026-07-22,SKYY,0.0,0.0,ETFCOM_VALIDATED_ACTUAL,https://api-prod.etf.com/private/apps/fundflows/SKYY/charts?startDate=20260701&endDate=20260831,-41020250.0,,3386210830.362,,ETF.com daily actual fund-flow fallback; USD-million chart scale validated against canonical issuer-derived references. Issuer exact flow remains preferred when its own unit QA is clean.
2026-07-27,SKYY,0.0,0.0,ETFCOM_VALIDATED_ACTUAL,https://api-prod.etf.com/private/apps/fundflows/SKYY/charts?startDate=20260701&endDate=20260831,-27325750.0,,3386210830.362,,ETF.com daily actual fund-flow fallback; USD-million chart scale validated against canonical issuer-derived references. Issuer exact flow remains preferred when its own unit QA is clean.
2026-07-28,SKYY,-20.3826,-20382600.0,ETFCOM_VALIDATED_ACTUAL,https://api-prod.etf.com/private/apps/fundflows/SKYY/charts?startDate=20260701&endDate=20260831,-40888700.0,,3386210830.362,,ETF.com daily actual fund-flow fallback; USD-million chart scale validated against canonical issuer-derived references. Issuer exact flow remains preferred when its own unit QA is clean.
2026-07-29,SKYY,-6.8974,-6897400.0,ETFCOM_VALIDATED_ACTUAL,https://api-prod.etf.com/private/apps/fundflows/SKYY/charts?startDate=20260701&endDate=20260831,-47786100.0,,3386210830.362,,ETF.com daily actual fund-flow fallback; USD-million chart scale validated against canonical issuer-derived references. Issuer exact flow remains preferred when its own unit QA is clean.
2026-07-30,SKYY,-6.92585,-6925850.0,ETFCOM_VALIDATED_ACTUAL,https://api-prod.etf.com/private/apps/fundflows/SKYY/charts?startDate=20260701&endDate=20260831,-34205850.0,,3386210830.362,,ETF.com daily actual fund-flow fallback; USD-million chart scale validated against canonical issuer-derived references. Issuer exact flow remains preferred when its own unit QA is clean.
2026-07-31,SKYY,-7.00555,-7005550.0,ETFCOM_VALIDATED_ACTUAL,https://api-prod.etf.com/private/apps/fundflows/SKYY/charts?startDate=20260701&endDate=20260831,-41211400.0,367950.0,3386210830.362,0.010866127906178382,ETF.com daily actual fund-flow fallback; USD-million chart scale validated against canonical issuer-derived references. Issuer exact flow remains preferred when its own unit QA is clean.
2026-08-03,SKYY,0.0,0.0,ETFCOM_VALIDATED_ACTUAL,https://api-prod.etf.com/private/apps/fundflows/SKYY/charts?startDate=20260701&endDate=20260831,-41211400.0,367950.0,3386210830.362,0.010866127906178382,ETF.com daily actual fund-flow fallback; USD-million chart scale validated against canonical issuer-derived references. Issuer exact flow remains preferred when its own unit QA is clean.
2026-08-04,SKYY,7.39985,7399850.0,ETFCOM_VALIDATED_ACTUAL,https://api-prod.etf.com/private/apps/fundflows/SKYY/charts?startDate=20260701&endDate=20260831,-13428950.0,-33129100.0,3386210830.362,-0.978353140417378,ETF.com daily actual fund-flow fallback; USD-million chart scale validated against canonical issuer-derived references. Issuer exact flow remains preferred when its own unit QA is clean.
2026-08-05,SKYY,7.67115,7671150.0,ETFCOM_VALIDATED_ACTUAL,https://api-prod.etf.com/private/apps/fundflows/SKYY/charts?startDate=20260701&endDate=20260831,1139600.0,-25457950.0,3386210830.362,-0.7518123139804157,ETF.com daily actual fund-flow fallback; USD-million chart scale validated against canonical issuer-derived references. Issuer exact flow remains preferred when its own unit QA is clean.
2026-08-06,SKYY,23.0261,23026100.0,ETFCOM_VALIDATED_ACTUAL,https://api-prod.etf.com/private/apps/fundflows/SKYY/charts?startDate=20260701&endDate=20260831,31091550.0,-2431850.0,3386210830.362,-0.07181626076542981,ETF.com daily actual fund-flow fallback; USD-million chart scale validated against canonical issuer-derived references. Issuer exact flow remains preferred when its own unit QA is clean.
2026-08-07,SKYY,0.0,0.0,ETFCOM_VALIDATED_ACTUAL,https://api-prod.etf.com/private/apps/fundflows/SKYY/charts?startDate=20260701&endDate=20260831,38097100.0,-44134550.0,3386210830.362,-1.3033609604066452,ETF.com daily actual fund-flow fallback; USD-million chart scale validated against canonical issuer-derived references. Issuer exact flow remains preferred when its own unit QA is clean.
2026-08-10,SKYY,15.6088,15608800.0,ETFCOM_VALIDATED_ACTUAL,https://api-prod.etf.com/private/apps/fundflows/SKYY/charts?startDate=20260701&endDate=20260831,53705900.0,-28525750.0,3386210830.362,-0.8424091537428129,ETF.com daily actual fund-flow fallback; USD-million chart scale validated against canonical issuer-derived references. Issuer exact flow remains preferred when its own unit QA is clean.
2026-08-11,SKYY,24.1305,24130500.0,ETFCOM_VALIDATED_ACTUAL,https://api-prod.etf.com/private/apps/fundflows/SKYY/charts?startDate=20260701&endDate=20260831,70436550.0,-4395250.0,3386210830.362,-0.12979847446563536,ETF.com daily actual fund-flow fallback; USD-million chart scale validated against canonical issuer-derived references. Issuer exact flow remains preferred when its own unit QA is clean.
2026-08-13,SKYY,0.0,0.0,ETFCOM_VALIDATED_ACTUAL,https://api-prod.etf.com/private/apps/fundflows/SKYY/charts?startDate=20260701&endDate=20260831,62765400.0,-4395250.0,3386210830.362,-0.12979847446563536,ETF.com daily actual fund-flow fallback; USD-million chart scale validated against canonical issuer-derived references. Issuer exact flow remains preferred when its own unit QA is clean.
2026-08-14,SKYY,8.44045,8440450.0,ETFCOM_VALIDATED_ACTUAL,https://api-prod.etf.com/private/apps/fundflows/SKYY/charts?startDate=20260701&endDate=20260831,48179750.0,4045200.0,3386210830.362,0.11946096101664028,ETF.com daily actual fund-flow fallback; USD-million chart scale validated against canonical issuer-derived references. Issuer exact flow remains preferred when its own unit QA is clean.
2026-08-17,SKYY,0.0,0.0,ETFCOM_VALIDATED_ACTUAL,https://api-prod.etf.com/private/apps/fundflows/SKYY/charts?startDate=20260701&endDate=20260831,48179750.0,4045200.0,3386210830.362,0.11946096101664028,ETF.com daily actual fund-flow fallback; USD-million chart scale validated against canonical issuer-derived references. Issuer exact flow remains preferred when its own unit QA is clean.
2026-08-18,SKYY,0.0,0.0,ETFCOM_VALIDATED_ACTUAL,https://api-prod.etf.com/private/apps/fundflows/SKYY/charts?startDate=20260701&endDate=20260831,32570950.0,17739700.0,3386210830.362,0.5238805522957811,ETF.com daily actual fund-flow fallback; USD-million chart scale validated against canonical issuer-derived references. Issuer exact flow remains preferred when its own unit QA is clean.
2026-08-19,SKYY,-8.0621,-8062099.999999999,ETFCOM_VALIDATED_ACTUAL,https://api-prod.etf.com/private/apps/fundflows/SKYY/charts?startDate=20260701&endDate=20260831,378350.00000000093,16497250.0,3386210830.362,0.4871890979758155,ETF.com daily actual fund-flow fallback; USD-million chart scale validated against canonical issuer-derived references. Issuer exact flow remains preferred when its own unit QA is clean.
2026-08-20,SKYY,0.0,0.0,ETFCOM_VALIDATED_ACTUAL,https://api-prod.etf.com/private/apps/fundflows/SKYY/charts?startDate=20260701&endDate=20260831,378350.00000000093,16497250.0,3386210830.362,0.4871890979758155,ETF.com daily actual fund-flow fallback; USD-million chart scale validated against canonical issuer-derived references. Issuer exact flow remains preferred when its own unit QA is clean.
2026-08-21,SKYY,7.9743,7974300.0,ETFCOM_VALIDATED_ACTUAL,https://api-prod.etf.com/private/apps/fundflows/SKYY/charts?startDate=20260701&endDate=20260831,-87799.99999999907,44977650.0,3386210830.362,1.3282589966553175,ETF.com daily actual fund-flow fallback; USD-million chart scale validated against canonical issuer-derived references. Issuer exact flow remains preferred when its own unit QA is clean.
2026-08-24,SKYY,0.0,0.0,ETFCOM_VALIDATED_ACTUAL,https://api-prod.etf.com/private/apps/fundflows/SKYY/charts?startDate=20260701&endDate=20260831,-87799.99999999907,44977650.0,3386210830.362,1.3282589966553175,ETF.com daily actual fund-flow fallback; USD-million chart scale validated against canonical issuer-derived references. Issuer exact flow remains preferred when its own unit QA is clean.
2026-08-25,SKYY,0.0,0.0,ETFCOM_VALIDATED_ACTUAL,https://api-prod.etf.com/private/apps/fundflows/SKYY/charts?startDate=20260701&endDate=20260831,-87799.99999999907,44977650.0,3386210830.362,1.3282589966553175,ETF.com daily actual fund-flow fallback; USD-million chart scale validated against canonical issuer-derived references. Issuer exact flow remains preferred when its own unit QA is clean.
2026-08-26,SKYY,0.0,0.0,ETFCOM_VALIDATED_ACTUAL,https://api-prod.etf.com/private/apps/fundflows/SKYY/charts?startDate=20260701&endDate=20260831,7974300.0,65360250.0,3386210830.362,1.930188439950525,ETF.com daily actual fund-flow fallback; USD-million chart scale validated against canonical issuer-derived references. Issuer exact flow remains preferred when its own unit QA is clean.
2026-08-27,SKYY,0.0,0.0,ETFCOM_VALIDATED_ACTUAL,https://api-prod.etf.com/private/apps/fundflows/SKYY/charts?startDate=20260701&endDate=20260831,7974300.0,72257650.0,3386210830.362,2.133879242016226,ETF.com daily actual fund-flow fallback; USD-million chart scale validated against canonical issuer-derived references. Issuer exact flow remains preferred when its own unit QA is clean.
2026-08-28,SKYY,8.3309,8330900.0,ETFCOM_VALIDATED_ACTUAL,https://api-prod.etf.com/private/apps/fundflows/SKYY/charts?startDate=20260701&endDate=20260831,8330900.0,87514400.0,3386210830.362,2.5844344721632218,ETF.com daily actual fund-flow fallback; USD-million chart scale validated against canonical issuer-derived references. Issuer exact flow remains preferred when its own unit QA is clean.
2026-08-31,SKYY,0.0,0.0,ETFCOM_VALIDATED_ACTUAL,https://api-prod.etf.com/private/apps/fundflows/SKYY/charts?startDate=20260701&endDate=20260831,8330900.0,94519950.0,3386210830.362,2.791319109622463,ETF.com daily actual fund-flow fallback; USD-million chart scale validated against canonical issuer-derived references. Issuer exact flow remains preferred when its own unit QA is clean.
2026-07-01,SLX,0.0,0.0,ETFCOM_VALIDATED_ACTUAL,https://api-prod.etf.com/private/apps/fundflows/SLX/charts?startDate=20260701&endDate=20260831,,,173583680.0,,ETF.com daily actual fund-flow fallback; USD-million chart scale validated against canonical issuer-derived references. Issuer exact flow remains preferred when its own unit QA is clean.
2026-07-02,SLX,0.0,0.0,ETFCOM_VALIDATED_ACTUAL,https://api-prod.etf.com/private/apps/fundflows/SLX/charts?startDate=20260701&endDate=20260831,,,173583680.0,,ETF.com daily actual fund-flow fallback; USD-million chart scale validated against canonical issuer-derived references. Issuer exact flow remains preferred when its own unit QA is clean.
2026-07-06,SLX,0.0,0.0,ETFCOM_VALIDATED_ACTUAL,https://api-prod.etf.com/private/apps/fundflows/SLX/charts?startDate=20260701&endDate=20260831,,,173583680.0,,ETF.com daily actual fund-flow fallback; USD-million chart scale validated against canonical issuer-derived references. Issuer exact flow remains preferred when its own unit QA is clean.
2026-07-07,SLX,-2.99985,-2999850.0,ETFCOM_VALIDATED_ACTUAL,https://api-prod.etf.com/private/apps/fundflows/SLX/charts?startDate=20260701&endDate=20260831,,,173583680.0,,ETF.com daily actual fund-flow fallback; USD-million chart scale validated against canonical issuer-derived references. Issuer exact flow remains preferred when its own unit QA is clean.
2026-07-08,SLX,-8.87239,-8872390.0,ETFCOM_VALIDATED_ACTUAL,https://api-prod.etf.com/private/apps/fundflows/SLX/charts?startDate=20260701&endDate=20260831,-11872240.0,,173583680.0,,ETF.com daily actual fund-flow fallback; USD-million chart scale validated against canonical issuer-derived references. Issuer exact flow remains preferred when its own unit QA is clean.
2026-07-09,SLX,0.0,0.0,ETFCOM_VALIDATED_ACTUAL,https://api-prod.etf.com/private/apps/fundflows/SLX/charts?startDate=20260701&endDate=20260831,-11872240.0,,173583680.0,,ETF.com daily actual fund-flow fallback; USD-million chart scale validated against canonical issuer-derived references. Issuer exact flow remains preferred when its own unit QA is clean.
2026-07-10,SLX,0.0,0.0,ETFCOM_VALIDATED_ACTUAL,https://api-prod.etf.com/private/apps/fundflows/SLX/charts?startDate=20260701&endDate=20260831,-11872240.0,,173583680.0,,ETF.com daily actual fund-flow fallback; USD-million chart scale validated against canonical issuer-derived references. Issuer exact flow remains preferred when its own unit QA is clean.
2026-07-13,SLX,0.0,0.0,ETFCOM_VALIDATED_ACTUAL,https://api-prod.etf.com/private/apps/fundflows/SLX/charts?startDate=20260701&endDate=20260831,-11872240.0,,173583680.0,,ETF.com daily actual fund-flow fallback; USD-million chart scale validated against canonical issuer-derived references. Issuer exact flow remains preferred when its own unit QA is clean.
2026-07-14,SLX,0.0,0.0,ETFCOM_VALIDATED_ACTUAL,https://api-prod.etf.com/private/apps/fundflows/SLX/charts?startDate=20260701&endDate=20260831,-8872390.0,,173583680.0,,ETF.com daily actual fund-flow fallback; USD-million chart scale validated against canonical issuer-derived references. Issuer exact flow remains preferred when its own unit QA is clean.
2026-07-15,SLX,0.0,0.0,ETFCOM_VALIDATED_ACTUAL,https://api-prod.etf.com/private/apps/fundflows/SLX/charts?startDate=20260701&endDate=20260831,0.0,,173583680.0,,ETF.com daily actual fund-flow fallback; USD-million chart scale validated against canonical issuer-derived references. Issuer exact flow remains preferred when its own unit QA is clean.
2026-07-16,SLX,0.0,0.0,ETFCOM_VALIDATED_ACTUAL,https://api-prod.etf.com/private/apps/fundflows/SLX/charts?startDate=20260701&endDate=20260831,0.0,,173583680.0,,ETF.com daily actual fund-flow fallback; USD-million chart scale validated against canonical issuer-derived references. Issuer exact flow remains preferred when its own unit QA is clean.
2026-07-17,SLX,0.0,0.0,ETFCOM_VALIDATED_ACTUAL,https://api-prod.etf.com/private/apps/fundflows/SLX/charts?startDate=20260701&endDate=20260831,0.0,,173583680.0,,ETF.com daily actual fund-flow fallback; USD-million chart scale validated against canonical issuer-derived references. Issuer exact flow remains preferred when its own unit QA is clean.
2026-07-20,SLX,0.0,0.0,ETFCOM_VALIDATED_ACTUAL,https://api-prod.etf.com/private/apps/fundflows/SLX/charts?startDate=20260701&endDate=20260831,0.0,,173583680.0,,ETF.com daily actual fund-flow fallback; USD-million chart scale validated against canonical issuer-derived references. Issuer exact flow remains preferred when its own unit QA is clean.
2026-07-21,SLX,0.0,0.0,ETFCOM_VALIDATED_ACTUAL,https://api-prod.etf.com/private/apps/fundflows/SLX/charts?startDate=20260701&endDate=20260831,0.0,,173583680.0,,ETF.com daily actual fund-flow fallback; USD-million chart scale validated against canonical issuer-derived references. Issuer exact flow remains preferred when its own unit QA is clean.
2026-07-22,SLX,0.0,0.0,ETFCOM_VALIDATED_ACTUAL,https://api-prod.etf.com/private/apps/fundflows/SLX/charts?startDate=20260701&endDate=20260831,0.0,,173583680.0,,ETF.com daily actual fund-flow fallback; USD-million chart scale validated against canonical issuer-derived references. Issuer exact flow remains preferred when its own unit QA is clean.
2026-07-27,SLX,0.0,0.0,ETFCOM_VALIDATED_ACTUAL,https://api-prod.etf.com/private/apps/fundflows/SLX/charts?startDate=20260701&endDate=20260831,0.0,,173583680.0,,ETF.com daily actual fund-flow fallback; USD-million chart scale validated against canonical issuer-derived references. Issuer exact flow remains preferred when its own unit QA is clean.
2026-07-28,SLX,0.0,0.0,ETFCOM_VALIDATED_ACTUAL,https://api-prod.etf.com/private/apps/fundflows/SLX/charts?startDate=20260701&endDate=20260831,0.0,,173583680.0,,ETF.com daily actual fund-flow fallback; USD-million chart scale validated against canonical issuer-derived references. Issuer exact flow remains preferred when its own unit QA is clean.
2026-07-29,SLX,0.0,0.0,ETFCOM_VALIDATED_ACTUAL,https://api-prod.etf.com/private/apps/fundflows/SLX/charts?startDate=20260701&endDate=20260831,0.0,,173583680.0,,ETF.com daily actual fund-flow fallback; USD-million chart scale validated against canonical issuer-derived references. Issuer exact flow remains preferred when its own unit QA is clean.
2026-07-30,SLX,0.0,0.0,ETFCOM_VALIDATED_ACTUAL,https://api-prod.etf.com/private/apps/fundflows/SLX/charts?startDate=20260701&endDate=20260831,0.0,,173583680.0,,ETF.com daily actual fund-flow fallback; USD-million chart scale validated against canonical issuer-derived references. Issuer exact flow remains preferred when its own unit QA is clean.
2026-07-31,SLX,0.0,0.0,ETFCOM_VALIDATED_ACTUAL,https://api-prod.etf.com/private/apps/fundflows/SLX/charts?startDate=20260701&endDate=20260831,0.0,-11872240.0,173583680.0,-6.8394909014488,ETF.com daily actual fund-flow fallback; USD-million chart scale validated against canonical issuer-derived references. Issuer exact flow remains preferred when its own unit QA is clean.
2026-08-03,SLX,0.0,0.0,ETFCOM_VALIDATED_ACTUAL,https://api-prod.etf.com/private/apps/fundflows/SLX/charts?startDate=20260701&endDate=20260831,0.0,-11872240.0,173583680.0,-6.8394909014488,ETF.com daily actual fund-flow fallback; USD-million chart scale validated against canonical issuer-derived references. Issuer exact flow remains preferred when its own unit QA is clean.
2026-08-04,SLX,0.0,0.0,ETFCOM_VALIDATED_ACTUAL,https://api-prod.etf.com/private/apps/fundflows/SLX/charts?startDate=20260701&endDate=20260831,0.0,-11872240.0,173583680.0,-6.8394909014488,ETF.com daily actual fund-flow fallback; USD-million chart scale validated against canonical issuer-derived references. Issuer exact flow remains preferred when its own unit QA is clean.
2026-08-05,SLX,0.0,0.0,ETFCOM_VALIDATED_ACTUAL,https://api-prod.etf.com/private/apps/fundflows/SLX/charts?startDate=20260701&endDate=20260831,0.0,-11872240.0,173583680.0,-6.8394909014488,ETF.com daily actual fund-flow fallback; USD-million chart scale validated against canonical issuer-derived references. Issuer exact flow remains preferred when its own unit QA is clean.
2026-08-06,SLX,0.0,0.0,ETFCOM_VALIDATED_ACTUAL,https://api-prod.etf.com/private/apps/fundflows/SLX/charts?startDate=20260701&endDate=20260831,0.0,-8872390.0,173583680.0,-5.111304242426477,ETF.com daily actual fund-flow fallback; USD-million chart scale validated against canonical issuer-derived references. Issuer exact flow remains preferred when its own unit QA is clean.
2026-08-07,SLX,0.0,0.0,ETFCOM_VALIDATED_ACTUAL,https://api-prod.etf.com/private/apps/fundflows/SLX/charts?startDate=20260701&endDate=20260831,0.0,0.0,173583680.0,0.0,ETF.com daily actual fund-flow fallback; USD-million chart scale validated against canonical issuer-derived references. Issuer exact flow remains preferred when its own unit QA is clean.
2026-08-10,SLX,0.0,0.0,ETFCOM_VALIDATED_ACTUAL,https://api-prod.etf.com/private/apps/fundflows/SLX/charts?startDate=20260701&endDate=20260831,0.0,0.0,173583680.0,0.0,ETF.com daily actual fund-flow fallback; USD-million chart scale validated against canonical issuer-derived references. Issuer exact flow remains preferred when its own unit QA is clean.
2026-08-11,SLX,3.30471,3304710.0,ETFCOM_VALIDATED_ACTUAL,https://api-prod.etf.com/private/apps/fundflows/SLX/charts?startDate=20260701&endDate=20260831,3304710.0,3304710.0,173583680.0,1.9038137686676535,ETF.com daily actual fund-flow fallback; USD-million chart scale validated against canonical issuer-derived references. Issuer exact flow remains preferred when its own unit QA is clean.
2026-08-12,SLX,0.0,0.0,ETFCOM_VALIDATED_ACTUAL,https://api-prod.etf.com/private/apps/fundflows/SLX/charts?startDate=20260701&endDate=20260831,3304710.0,3304710.0,173583680.0,1.9038137686676535,ETF.com daily actual fund-flow fallback; USD-million chart scale validated against canonical issuer-derived references. Issuer exact flow remains preferred when its own unit QA is clean.
2026-08-13,SLX,0.0,0.0,ETFCOM_VALIDATED_ACTUAL,https://api-prod.etf.com/private/apps/fundflows/SLX/charts?startDate=20260701&endDate=20260831,3304710.0,3304710.0,173583680.0,1.9038137686676535,ETF.com daily actual fund-flow fallback; USD-million chart scale validated against canonical issuer-derived references. Issuer exact flow remains preferred when its own unit QA is clean.
2026-08-14,SLX,0.0,0.0,ETFCOM_VALIDATED_ACTUAL,https://api-prod.etf.com/private/apps/fundflows/SLX/charts?startDate=20260701&endDate=20260831,3304710.0,3304710.0,173583680.0,1.9038137686676535,ETF.com daily actual fund-flow fallback; USD-million chart scale validated against canonical issuer-derived references. Issuer exact flow remains preferred when its own unit QA is clean.
2026-08-17,SLX,0.0,0.0,ETFCOM_VALIDATED_ACTUAL,https://api-prod.etf.com/private/apps/fundflows/SLX/charts?startDate=20260701&endDate=20260831,3304710.0,3304710.0,173583680.0,1.9038137686676535,ETF.com daily actual fund-flow fallback; USD-million chart scale validated against canonical issuer-derived references. Issuer exact flow remains preferred when its own unit QA is clean.
2026-08-18,SLX,0.0,0.0,ETFCOM_VALIDATED_ACTUAL,https://api-prod.etf.com/private/apps/fundflows/SLX/charts?startDate=20260701&endDate=20260831,0.0,3304710.0,173583680.0,1.9038137686676535,ETF.com daily actual fund-flow fallback; USD-million chart scale validated against canonical issuer-derived references. Issuer exact flow remains preferred when its own unit QA is clean.
2026-08-19,SLX,0.0,0.0,ETFCOM_VALIDATED_ACTUAL,https://api-prod.etf.com/private/apps/fundflows/SLX/charts?startDate=20260701&endDate=20260831,0.0,3304710.0,173583680.0,1.9038137686676535,ETF.com daily actual fund-flow fallback; USD-million chart scale validated against canonical issuer-derived references. Issuer exact flow remains preferred when its own unit QA is clean.
2026-08-20,SLX,0.0,0.0,ETFCOM_VALIDATED_ACTUAL,https://api-prod.etf.com/private/apps/fundflows/SLX/charts?startDate=20260701&endDate=20260831,0.0,3304710.0,173583680.0,1.9038137686676535,ETF.com daily actual fund-flow fallback; USD-million chart scale validated against canonical issuer-derived references. Issuer exact flow remains preferred when its own unit QA is clean.
2026-08-21,SLX,0.0,0.0,ETFCOM_VALIDATED_ACTUAL,https://api-prod.etf.com/private/apps/fundflows/SLX/charts?startDate=20260701&endDate=20260831,0.0,3304710.0,173583680.0,1.9038137686676535,ETF.com daily actual fund-flow fallback; USD-million chart scale validated against canonical issuer-derived references. Issuer exact flow remains preferred when its own unit QA is clean.
2026-08-24,SLX,0.0,0.0,ETFCOM_VALIDATED_ACTUAL,https://api-prod.etf.com/private/apps/fundflows/SLX/charts?startDate=20260701&endDate=20260831,0.0,3304710.0,173583680.0,1.9038137686676535,ETF.com daily actual fund-flow fallback; USD-million chart scale validated against canonical issuer-derived references. Issuer exact flow remains preferred when its own unit QA is clean.
2026-08-25,SLX,-3.23056,-3230560.0,ETFCOM_VALIDATED_ACTUAL,https://api-prod.etf.com/private/apps/fundflows/SLX/charts?startDate=20260701&endDate=20260831,-3230560.0,74150.0,173583680.0,0.0427171494463074,ETF.com daily actual fund-flow fallback; USD-million chart scale validated against canonical issuer-derived references. Issuer exact flow remains preferred when its own unit QA is clean.
2026-08-26,SLX,0.0,0.0,ETFCOM_VALIDATED_ACTUAL,https://api-prod.etf.com/private/apps/fundflows/SLX/charts?startDate=20260701&endDate=20260831,-3230560.0,74150.0,173583680.0,0.0427171494463074,ETF.com daily actual fund-flow fallback; USD-million chart scale validated against canonical issuer-derived references. Issuer exact flow remains preferred when its own unit QA is clean.
2026-08-27,SLX,0.0,0.0,ETFCOM_VALIDATED_ACTUAL,https://api-prod.etf.com/private/apps/fundflows/SLX/charts?startDate=20260701&endDate=20260831,-3230560.0,74150.0,173583680.0,0.0427171494463074,ETF.com daily actual fund-flow fallback; USD-million chart scale validated against canonical issuer-derived references. Issuer exact flow remains preferred when its own unit QA is clean.
2026-08-28,SLX,0.0,0.0,ETFCOM_VALIDATED_ACTUAL,https://api-prod.etf.com/private/apps/fundflows/SLX/charts?startDate=20260701&endDate=20260831,-3230560.0,74150.0,173583680.0,0.0427171494463074,ETF.com daily actual fund-flow fallback; USD-million chart scale validated against canonical issuer-derived references. Issuer exact flow remains preferred when its own unit QA is clean.
2026-08-31,SLX,0.0,0.0,ETFCOM_VALIDATED_ACTUAL,https://api-prod.etf.com/private/apps/fundflows/SLX/charts?startDate=20260701&endDate=20260831,-3230560.0,74150.0,173583680.0,0.0427171494463074,ETF.com daily actual fund-flow fallback; USD-million chart scale validated against canonical issuer-derived references. Issuer exact flow remains preferred when its own unit QA is clean.
2026-07-01,SMH,393.896,393896000.0,ETFCOM_VALIDATED_ACTUAL,https://api-prod.etf.com/private/apps/fundflows/SMH/charts?startDate=20260701&endDate=20260831,,,67366069410.313,,ETF.com daily actual fund-flow fallback; USD-million chart scale validated against canonical issuer-derived references. Issuer exact flow remains preferred when its own unit QA is clean.
2026-07-02,SMH,-1240.07,-1240070000.0,ETFCOM_VALIDATED_ACTUAL,https://api-prod.etf.com/private/apps/fundflows/SMH/charts?startDate=20260701&endDate=20260831,,,67366069410.313,,ETF.com daily actual fund-flow fallback; USD-million chart scale validated against canonical issuer-derived references. Issuer exact flow remains preferred when its own unit QA is clean.
2026-07-06,SMH,1776.79,1776790000.0,ETFCOM_VALIDATED_ACTUAL,https://api-prod.etf.com/private/apps/fundflows/SMH/charts?startDate=20260701&endDate=20260831,,,67366069410.313,,ETF.com daily actual fund-flow fallback; USD-million chart scale validated against canonical issuer-derived references. Issuer exact flow remains preferred when its own unit QA is clean.
2026-07-07,SMH,0.0,0.0,ETFCOM_VALIDATED_ACTUAL,https://api-prod.etf.com/private/apps/fundflows/SMH/charts?startDate=20260701&endDate=20260831,,,67366069410.313,,ETF.com daily actual fund-flow fallback; USD-million chart scale validated against canonical issuer-derived references. Issuer exact flow remains preferred when its own unit QA is clean.
2026-07-08,SMH,552.153,552153000.0,ETFCOM_VALIDATED_ACTUAL,https://api-prod.etf.com/private/apps/fundflows/SMH/charts?startDate=20260701&endDate=20260831,1482769000.0,,67366069410.313,,ETF.com daily actual fund-flow fallback; USD-million chart scale validated against canonical issuer-derived references. Issuer exact flow remains preferred when its own unit QA is clean.
2026-07-09,SMH,682.254,682254000.0,ETFCOM_VALIDATED_ACTUAL,https://api-prod.etf.com/private/apps/fundflows/SMH/charts?startDate=20260701&endDate=20260831,1771127000.0,,67366069410.313,,ETF.com daily actual fund-flow fallback; USD-million chart scale validated against canonical issuer-derived references. Issuer exact flow remains preferred when its own unit QA is clean.
2026-07-10,SMH,-516.564,-516563999.99999994,ETFCOM_VALIDATED_ACTUAL,https://api-prod.etf.com/private/apps/fundflows/SMH/charts?startDate=20260701&endDate=20260831,2494633000.0,,67366069410.313,,ETF.com daily actual fund-flow fallback; USD-million chart scale validated against canonical issuer-derived references. Issuer exact flow remains preferred when its own unit QA is clean.
2026-07-13,SMH,-458.436,-458436000.0,ETFCOM_VALIDATED_ACTUAL,https://api-prod.etf.com/private/apps/fundflows/SMH/charts?startDate=20260701&endDate=20260831,259407000.00000006,,67366069410.313,,ETF.com daily actual fund-flow fallback; USD-million chart scale validated against canonical issuer-derived references. Issuer exact flow remains preferred when its own unit QA is clean.
2026-07-14,SMH,175.716,175716000.0,ETFCOM_VALIDATED_ACTUAL,https://api-prod.etf.com/private/apps/fundflows/SMH/charts?startDate=20260701&endDate=20260831,435123000.00000006,,67366069410.313,,ETF.com daily actual fund-flow fallback; USD-million chart scale validated against canonical issuer-derived references. Issuer exact flow remains preferred when its own unit QA is clean.
2026-07-15,SMH,-29.9991,-29999100.0,ETFCOM_VALIDATED_ACTUAL,https://api-prod.etf.com/private/apps/fundflows/SMH/charts?startDate=20260701&endDate=20260831,-147029099.99999994,,67366069410.313,,ETF.com daily actual fund-flow fallback; USD-million chart scale validated against canonical issuer-derived references. Issuer exact flow remains preferred when its own unit QA is clean.
2026-07-16,SMH,265.734,265733999.99999997,ETFCOM_VALIDATED_ACTUAL,https://api-prod.etf.com/private/apps/fundflows/SMH/charts?startDate=20260701&endDate=20260831,-563549100.0,,67366069410.313,,ETF.com daily actual fund-flow fallback; USD-million chart scale validated against canonical issuer-derived references. Issuer exact flow remains preferred when its own unit QA is clean.
2026-07-17,SMH,454.934,454934000.0,ETFCOM_VALIDATED_ACTUAL,https://api-prod.etf.com/private/apps/fundflows/SMH/charts?startDate=20260701&endDate=20260831,407948899.99999994,,67366069410.313,,ETF.com daily actual fund-flow fallback; USD-million chart scale validated against canonical issuer-derived references. Issuer exact flow remains preferred when its own unit QA is clean.
2026-07-20,SMH,-139.071,-139071000.0,ETFCOM_VALIDATED_ACTUAL,https://api-prod.etf.com/private/apps/fundflows/SMH/charts?startDate=20260701&endDate=20260831,727313900.0,,67366069410.313,,ETF.com daily actual fund-flow fallback; USD-million chart scale validated against canonical issuer-derived references. Issuer exact flow remains preferred when its own unit QA is clean.
2026-07-21,SMH,725.719,725719000.0,ETFCOM_VALIDATED_ACTUAL,https://api-prod.etf.com/private/apps/fundflows/SMH/charts?startDate=20260701&endDate=20260831,1277316900.0,,67366069410.313,,ETF.com daily actual fund-flow fallback; USD-million chart scale validated against canonical issuer-derived references. Issuer exact flow remains preferred when its own unit QA is clean.
2026-07-22,SMH,-993.442,-993442000.0,ETFCOM_VALIDATED_ACTUAL,https://api-prod.etf.com/private/apps/fundflows/SMH/charts?startDate=20260701&endDate=20260831,313874000.0,,67366069410.313,,ETF.com daily actual fund-flow fallback; USD-million chart scale validated against canonical issuer-derived references. Issuer exact flow remains preferred when its own unit QA is clean.
2026-07-27,SMH,-1851.59,-1851590000.0,ETFCOM_VALIDATED_ACTUAL,https://api-prod.etf.com/private/apps/fundflows/SMH/charts?startDate=20260701&endDate=20260831,-1803450000.0,,67366069410.313,,ETF.com daily actual fund-flow fallback; USD-million chart scale validated against canonical issuer-derived references. Issuer exact flow remains preferred when its own unit QA is clean.
2026-07-28,SMH,3480.93,3480930000.0,ETFCOM_VALIDATED_ACTUAL,https://api-prod.etf.com/private/apps/fundflows/SMH/charts?startDate=20260701&endDate=20260831,1222546000.0,,67366069410.313,,ETF.com daily actual fund-flow fallback; USD-million chart scale validated against canonical issuer-derived references. Issuer exact flow remains preferred when its own unit QA is clean.
2026-07-29,SMH,767.049,767049000.0,ETFCOM_VALIDATED_ACTUAL,https://api-prod.etf.com/private/apps/fundflows/SMH/charts?startDate=20260701&endDate=20260831,2128666000.0,,67366069410.313,,ETF.com daily actual fund-flow fallback; USD-million chart scale validated against canonical issuer-derived references. Issuer exact flow remains preferred when its own unit QA is clean.
2026-07-30,SMH,906.631,906631000.0,ETFCOM_VALIDATED_ACTUAL,https://api-prod.etf.com/private/apps/fundflows/SMH/charts?startDate=20260701&endDate=20260831,2309578000.0,,67366069410.313,,ETF.com daily actual fund-flow fallback; USD-million chart scale validated against canonical issuer-derived references. Issuer exact flow remains preferred when its own unit QA is clean.
2026-07-31,SMH,215.465,215465000.0,ETFCOM_VALIDATED_ACTUAL,https://api-prod.etf.com/private/apps/fundflows/SMH/charts?startDate=20260701&endDate=20260831,3518485000.0,5168098900.0,67366069410.313,7.671664600946453,ETF.com daily actual fund-flow fallback; USD-million chart scale validated against canonical issuer-derived references. Issuer exact flow remains preferred when its own unit QA is clean.
2026-08-03,SMH,-1107.58,-1107580000.0,ETFCOM_VALIDATED_ACTUAL,https://api-prod.etf.com/private/apps/fundflows/SMH/charts?startDate=20260701&endDate=20260831,4262495000.0,3666622900.0,67366069410.313,5.442833361209405,ETF.com daily actual fund-flow fallback; USD-million chart scale validated against canonical issuer-derived references. Issuer exact flow remains preferred when its own unit QA is clean.
2026-08-04,SMH,136.404,136404000.0,ETFCOM_VALIDATED_ACTUAL,https://api-prod.etf.com/private/apps/fundflows/SMH/charts?startDate=20260701&endDate=20260831,917969000.0,5043096900.0,67366069410.313,7.486108279946577,ETF.com daily actual fund-flow fallback; USD-million chart scale validated against canonical issuer-derived references. Issuer exact flow remains preferred when its own unit QA is clean.
2026-08-05,SMH,-402.848,-402848000.0,ETFCOM_VALIDATED_ACTUAL,https://api-prod.etf.com/private/apps/fundflows/SMH/charts?startDate=20260701&endDate=20260831,-251928000.0,2863458900.0,67366069410.313,4.25059518102393,ETF.com daily actual fund-flow fallback; USD-million chart scale validated against canonical issuer-derived references. Issuer exact flow remains preferred when its own unit QA is clean.
2026-08-06,SMH,-228.199,-228199000.0,ETFCOM_VALIDATED_ACTUAL,https://api-prod.etf.com/private/apps/fundflows/SMH/charts?startDate=20260701&endDate=20260831,-1386758000.0,2635259900.0,67366069410.313,3.911850465772567,ETF.com daily actual fund-flow fallback; USD-million chart scale validated against canonical issuer-derived references. Issuer exact flow remains preferred when its own unit QA is clean.
2026-08-07,SMH,-200.137,-200137000.0,ETFCOM_VALIDATED_ACTUAL,https://api-prod.etf.com/private/apps/fundflows/SMH/charts?startDate=20260701&endDate=20260831,-1802360000.0,1882969900.0,67366069410.313,2.7951310154837947,ETF.com daily actual fund-flow fallback; USD-million chart scale validated against canonical issuer-derived references. Issuer exact flow remains preferred when its own unit QA is clean.
2026-08-10,SMH,-116.58,-116580000.0,ETFCOM_VALIDATED_ACTUAL,https://api-prod.etf.com/private/apps/fundflows/SMH/charts?startDate=20260701&endDate=20260831,-811360000.0,1084135900.0,67366069410.313,1.6093204034166653,ETF.com daily actual fund-flow fallback; USD-million chart scale validated against canonical issuer-derived references. Issuer exact flow remains preferred when its own unit QA is clean.
2026-08-11,SMH,142.31,142310000.0,ETFCOM_VALIDATED_ACTUAL,https://api-prod.etf.com/private/apps/fundflows/SMH/charts?startDate=20260701&endDate=20260831,-805454000.0,1743009900.0,67366069410.313,2.5873706381526906,ETF.com daily actual fund-flow fallback; USD-million chart scale validated against canonical issuer-derived references. Issuer exact flow remains preferred when its own unit QA is clean.
2026-08-12,SMH,-372.616,-372616000.0,ETFCOM_VALIDATED_ACTUAL,https://api-prod.etf.com/private/apps/fundflows/SMH/charts?startDate=20260701&endDate=20260831,-775222000.0,1828829900.0,67366069410.313,2.7147641476022146,ETF.com daily actual fund-flow fallback; USD-million chart scale validated against canonical issuer-derived references. Issuer exact flow remains preferred when its own unit QA is clean.
2026-08-13,SMH,146.173,146173000.0,ETFCOM_VALIDATED_ACTUAL,https://api-prod.etf.com/private/apps/fundflows/SMH/charts?startDate=20260701&endDate=20260831,-400850000.0,1799286900.0,67366069410.313,2.670909726142563,ETF.com daily actual fund-flow fallback; USD-million chart scale validated against canonical issuer-derived references. Issuer exact flow remains preferred when its own unit QA is clean.
2026-08-14,SMH,-147.197,-147197000.0,ETFCOM_VALIDATED_ACTUAL,https://api-prod.etf.com/private/apps/fundflows/SMH/charts?startDate=20260701&endDate=20260831,-347910000.0,1682089000.0,67366069410.313,2.4969380204665623,ETF.com daily actual fund-flow fallback; USD-million chart scale validated against canonical issuer-derived references. Issuer exact flow remains preferred when its own unit QA is clean.
2026-08-17,SMH,-1028.51,-1028510000.0,ETFCOM_VALIDATED_ACTUAL,https://api-prod.etf.com/private/apps/fundflows/SMH/charts?startDate=20260701&endDate=20260831,-1259840000.0,387845000.0,67366069410.313,0.5757275189052743,ETF.com daily actual fund-flow fallback; USD-million chart scale validated against canonical issuer-derived references. Issuer exact flow remains preferred when its own unit QA is clean.
2026-08-18,SMH,59.3916,59391600.0,ETFCOM_VALIDATED_ACTUAL,https://api-prod.etf.com/private/apps/fundflows/SMH/charts?startDate=20260701&endDate=20260831,-1342758400.0,-7697400.0,67366069410.313,-0.011426226982483875,ETF.com daily actual fund-flow fallback; USD-million chart scale validated against canonical issuer-derived references. Issuer exact flow remains preferred when its own unit QA is clean.
2026-08-19,SMH,-1139.72,-1139720000.0,ETFCOM_VALIDATED_ACTUAL,https://api-prod.etf.com/private/apps/fundflows/SMH/charts?startDate=20260701&endDate=20260831,-2109862400.0,-1008346400.0,67366069410.313,-1.4968164371567643,ETF.com daily actual fund-flow fallback; USD-million chart scale validated against canonical issuer-derived references. Issuer exact flow remains preferred when its own unit QA is clean.
2026-08-20,SMH,252.169,252169000.0,ETFCOM_VALIDATED_ACTUAL,https://api-prod.etf.com/private/apps/fundflows/SMH/charts?startDate=20260701&endDate=20260831,-2003866400.0,-1481896400.0,67366069410.313,-2.199766756427588,ETF.com daily actual fund-flow fallback; USD-million chart scale validated against canonical issuer-derived references. Issuer exact flow remains preferred when its own unit QA is clean.
2026-08-21,SMH,168.773,168773000.0,ETFCOM_VALIDATED_ACTUAL,https://api-prod.etf.com/private/apps/fundflows/SMH/charts?startDate=20260701&endDate=20260831,-1687896400.0,-319681400.0,67366069410.313,-0.47454364311042957,ETF.com daily actual fund-flow fallback; USD-million chart scale validated against canonical issuer-derived references. Issuer exact flow remains preferred when its own unit QA is clean.
2026-08-24,SMH,-420.221,-420221000.0,ETFCOM_VALIDATED_ACTUAL,https://api-prod.etf.com/private/apps/fundflows/SMH/charts?startDate=20260701&endDate=20260831,-1079607400.0,1111687600.0,67366069410.313,1.6502188857552862,ETF.com daily actual fund-flow fallback; USD-million chart scale validated against canonical issuer-derived references. Issuer exact flow remains preferred when its own unit QA is clean.
2026-08-25,SMH,1394.2,1394200000.0,ETFCOM_VALIDATED_ACTUAL,https://api-prod.etf.com/private/apps/fundflows/SMH/charts?startDate=20260701&endDate=20260831,255201000.0,-975042400.0,67366069410.313,-1.4473790864377367,ETF.com daily actual fund-flow fallback; USD-million chart scale validated against canonical issuer-derived references. Issuer exact flow remains preferred when its own unit QA is clean.
2026-08-26,SMH,611.304,611304000.0,ETFCOM_VALIDATED_ACTUAL,https://api-prod.etf.com/private/apps/fundflows/SMH/charts?startDate=20260701&endDate=20260831,2006225000.0,-1130787400.0,67366069410.313,-1.6785711410778685,ETF.com daily actual fund-flow fallback; USD-million chart scale validated against canonical issuer-derived references. Issuer exact flow remains preferred when its own unit QA is clean.
2026-08-27,SMH,222.203,222203000.0,ETFCOM_VALIDATED_ACTUAL,https://api-prod.etf.com/private/apps/fundflows/SMH/charts?startDate=20260701&endDate=20260831,1976259000.0,-1815215400.0,67366069410.313,-2.6945544186998545,ETF.com daily actual fund-flow fallback; USD-million chart scale validated against canonical issuer-derived references. Issuer exact flow remains preferred when its own unit QA is clean.
2026-08-28,SMH,-171.901,-171901000.0,ETFCOM_VALIDATED_ACTUAL,https://api-prod.etf.com/private/apps/fundflows/SMH/charts?startDate=20260701&endDate=20260831,1635585000.0,-2202581400.0,67366069410.313,-3.269570897159704,ETF.com daily actual fund-flow fallback; USD-million chart scale validated against canonical issuer-derived references. Issuer exact flow remains preferred when its own unit QA is clean.
2026-08-31,SMH,-276.562,-276562000.0,ETFCOM_VALIDATED_ACTUAL,https://api-prod.etf.com/private/apps/fundflows/SMH/charts?startDate=20260701&endDate=20260831,1779244000.0,-1371563400.0,67366069410.313,-2.0359854924087775,ETF.com daily actual fund-flow fallback; USD-million chart scale validated against canonical issuer-derived references. Issuer exact flow remains preferred when its own unit QA is clean.
2026-07-01,SOXX,-1954.0,-1954000000.0,ETFCOM_VALIDATED_ACTUAL,https://api-prod.etf.com/private/apps/fundflows/SOXX/charts?startDate=20260701&endDate=20260831,,,41590254167.0,,ETF.com daily actual fund-flow fallback; USD-million chart scale validated against canonical issuer-derived references. Issuer exact flow remains preferred when its own unit QA is clean.
2026-07-02,SOXX,419.405,419405000.0,ETFCOM_VALIDATED_ACTUAL,https://api-prod.etf.com/private/apps/fundflows/SOXX/charts?startDate=20260701&endDate=20260831,,,41590254167.0,,ETF.com daily actual fund-flow fallback; USD-million chart scale validated against canonical issuer-derived references. Issuer exact flow remains preferred when its own unit QA is clean.
2026-07-06,SOXX,1161.67,1161670000.0,ETFCOM_VALIDATED_ACTUAL,https://api-prod.etf.com/private/apps/fundflows/SOXX/charts?startDate=20260701&endDate=20260831,,,41590254167.0,,ETF.com daily actual fund-flow fallback; USD-million chart scale validated against canonical issuer-derived references. Issuer exact flow remains preferred when its own unit QA is clean.
2026-07-07,SOXX,-145.321,-145321000.0,ETFCOM_VALIDATED_ACTUAL,https://api-prod.etf.com/private/apps/fundflows/SOXX/charts?startDate=20260701&endDate=20260831,,,41590254167.0,,ETF.com daily actual fund-flow fallback; USD-million chart scale validated against canonical issuer-derived references. Issuer exact flow remains preferred when its own unit QA is clean.
2026-07-08,SOXX,5429.58,5429580000.0,ETFCOM_VALIDATED_ACTUAL,https://api-prod.etf.com/private/apps/fundflows/SOXX/charts?startDate=20260701&endDate=20260831,4911334000.0,,41590254167.0,,ETF.com daily actual fund-flow fallback; USD-million chart scale validated against canonical issuer-derived references. Issuer exact flow remains preferred when its own unit QA is clean.
2026-07-09,SOXX,-422.123,-422123000.0,ETFCOM_VALIDATED_ACTUAL,https://api-prod.etf.com/private/apps/fundflows/SOXX/charts?startDate=20260701&endDate=20260831,6443211000.0,,41590254167.0,,ETF.com daily actual fund-flow fallback; USD-million chart scale validated against canonical issuer-derived references. Issuer exact flow remains preferred when its own unit QA is clean.
2026-07-10,SOXX,-756.094,-756094000.0,ETFCOM_VALIDATED_ACTUAL,https://api-prod.etf.com/private/apps/fundflows/SOXX/charts?startDate=20260701&endDate=20260831,5267712000.0,,41590254167.0,,ETF.com daily actual fund-flow fallback; USD-million chart scale validated against canonical issuer-derived references. Issuer exact flow remains preferred when its own unit QA is clean.
2026-07-13,SOXX,-697.451,-697451000.0,ETFCOM_VALIDATED_ACTUAL,https://api-prod.etf.com/private/apps/fundflows/SOXX/charts?startDate=20260701&endDate=20260831,3408591000.0,,41590254167.0,,ETF.com daily actual fund-flow fallback; USD-million chart scale validated against canonical issuer-derived references. Issuer exact flow remains preferred when its own unit QA is clean.
2026-07-14,SOXX,1355.48,1355480000.0,ETFCOM_VALIDATED_ACTUAL,https://api-prod.etf.com/private/apps/fundflows/SOXX/charts?startDate=20260701&endDate=20260831,4909392000.0,,41590254167.0,,ETF.com daily actual fund-flow fallback; USD-million chart scale validated against canonical issuer-derived references. Issuer exact flow remains preferred when its own unit QA is clean.
2026-07-15,SOXX,-1249.68,-1249680000.0,ETFCOM_VALIDATED_ACTUAL,https://api-prod.etf.com/private/apps/fundflows/SOXX/charts?startDate=20260701&endDate=20260831,-1769868000.0,,41590254167.0,,ETF.com daily actual fund-flow fallback; USD-million chart scale validated against canonical issuer-derived references. Issuer exact flow remains preferred when its own unit QA is clean.
2026-07-16,SOXX,1609.63,1609630000.0,ETFCOM_VALIDATED_ACTUAL,https://api-prod.etf.com/private/apps/fundflows/SOXX/charts?startDate=20260701&endDate=20260831,261885000.0,,41590254167.0,,ETF.com daily actual fund-flow fallback; USD-million chart scale validated against canonical issuer-derived references. Issuer exact flow remains preferred when its own unit QA is clean.
2026-07-17,SOXX,1378.48,1378480000.0,ETFCOM_VALIDATED_ACTUAL,https://api-prod.etf.com/private/apps/fundflows/SOXX/charts?startDate=20260701&endDate=20260831,2396459000.0,,41590254167.0,,ETF.com daily actual fund-flow fallback; USD-million chart scale validated against canonical issuer-derived references. Issuer exact flow remains preferred when its own unit QA is clean.
2026-07-20,SOXX,1068.62,1068619999.9999999,ETFCOM_VALIDATED_ACTUAL,https://api-prod.etf.com/private/apps/fundflows/SOXX/charts?startDate=20260701&endDate=20260831,4162530000.0,,41590254167.0,,ETF.com daily actual fund-flow fallback; USD-million chart scale validated against canonical issuer-derived references. Issuer exact flow remains preferred when its own unit QA is clean.
2026-07-21,SOXX,-366.866,-366866000.0,ETFCOM_VALIDATED_ACTUAL,https://api-prod.etf.com/private/apps/fundflows/SOXX/charts?startDate=20260701&endDate=20260831,2440184000.0,,41590254167.0,,ETF.com daily actual fund-flow fallback; USD-million chart scale validated against canonical issuer-derived references. Issuer exact flow remains preferred when its own unit QA is clean.
2026-07-22,SOXX,-2792.56,-2792560000.0,ETFCOM_VALIDATED_ACTUAL,https://api-prod.etf.com/private/apps/fundflows/SOXX/charts?startDate=20260701&endDate=20260831,897304000.0,,41590254167.0,,ETF.com daily actual fund-flow fallback; USD-million chart scale validated against canonical issuer-derived references. Issuer exact flow remains preferred when its own unit QA is clean.
2026-07-27,SOXX,606.066,606066000.0,ETFCOM_VALIDATED_ACTUAL,https://api-prod.etf.com/private/apps/fundflows/SOXX/charts?startDate=20260701&endDate=20260831,-106260000.0,,41590254167.0,,ETF.com daily actual fund-flow fallback; USD-million chart scale validated against canonical issuer-derived references. Issuer exact flow remains preferred when its own unit QA is clean.
2026-07-28,SOXX,1160.75,1160750000.0,ETFCOM_VALIDATED_ACTUAL,https://api-prod.etf.com/private/apps/fundflows/SOXX/charts?startDate=20260701&endDate=20260831,-323990000.0,,41590254167.0,,ETF.com daily actual fund-flow fallback; USD-million chart scale validated against canonical issuer-derived references. Issuer exact flow remains preferred when its own unit QA is clean.
2026-07-29,SOXX,1939.13,1939130000.0,ETFCOM_VALIDATED_ACTUAL,https://api-prod.etf.com/private/apps/fundflows/SOXX/charts?startDate=20260701&endDate=20260831,546520000.0,,41590254167.0,,ETF.com daily actual fund-flow fallback; USD-million chart scale validated against canonical issuer-derived references. Issuer exact flow remains preferred when its own unit QA is clean.
2026-07-30,SOXX,371.346,371346000.0,ETFCOM_VALIDATED_ACTUAL,https://api-prod.etf.com/private/apps/fundflows/SOXX/charts?startDate=20260701&endDate=20260831,1284732000.0,,41590254167.0,,ETF.com daily actual fund-flow fallback; USD-million chart scale validated against canonical issuer-derived references. Issuer exact flow remains preferred when its own unit QA is clean.
2026-07-31,SOXX,-505.06,-505060000.0,ETFCOM_VALIDATED_ACTUAL,https://api-prod.etf.com/private/apps/fundflows/SOXX/charts?startDate=20260701&endDate=20260831,3572232000.0,7611002000.0,41590254167.0,18.29996510586124,ETF.com daily actual fund-flow fallback; USD-million chart scale validated against canonical issuer-derived references. Issuer exact flow remains preferred when its own unit QA is clean.
2026-08-03,SOXX,-226.839,-226839000.0,ETFCOM_VALIDATED_ACTUAL,https://api-prod.etf.com/private/apps/fundflows/SOXX/charts?startDate=20260701&endDate=20260831,2739327000.0,9338163000.0,41590254167.0,22.452767329826546,ETF.com daily actual fund-flow fallback; USD-million chart scale validated against canonical issuer-derived references. Issuer exact flow remains preferred when its own unit QA is clean.
2026-08-04,SOXX,-203.198,-203198000.0,ETFCOM_VALIDATED_ACTUAL,https://api-prod.etf.com/private/apps/fundflows/SOXX/charts?startDate=20260701&endDate=20260831,1375379000.0,8715560000.0,41590254167.0,20.955774795229324,ETF.com daily actual fund-flow fallback; USD-million chart scale validated against canonical issuer-derived references. Issuer exact flow remains preferred when its own unit QA is clean.
2026-08-05,SOXX,-1164.89,-1164890000.0,ETFCOM_VALIDATED_ACTUAL,https://api-prod.etf.com/private/apps/fundflows/SOXX/charts?startDate=20260701&endDate=20260831,-1728641000.0,6389000000.0,41590254167.0,15.361771953462561,ETF.com daily actual fund-flow fallback; USD-million chart scale validated against canonical issuer-derived references. Issuer exact flow remains preferred when its own unit QA is clean.
2026-08-06,SOXX,-583.901,-583901000.0,ETFCOM_VALIDATED_ACTUAL,https://api-prod.etf.com/private/apps/fundflows/SOXX/charts?startDate=20260701&endDate=20260831,-2683888000.0,5950420000.0,41590254167.0,14.307246058432101,ETF.com daily actual fund-flow fallback; USD-million chart scale validated against canonical issuer-derived references. Issuer exact flow remains preferred when its own unit QA is clean.
2026-08-07,SOXX,-1516.64,-1516640000.0,ETFCOM_VALIDATED_ACTUAL,https://api-prod.etf.com/private/apps/fundflows/SOXX/charts?startDate=20260701&endDate=20260831,-3695468000.0,-995800000.0,41590254167.0,-2.3943109267894847,ETF.com daily actual fund-flow fallback; USD-million chart scale validated against canonical issuer-derived references. Issuer exact flow remains preferred when its own unit QA is clean.
2026-08-10,SOXX,516.315,516315000.00000006,ETFCOM_VALIDATED_ACTUAL,https://api-prod.etf.com/private/apps/fundflows/SOXX/charts?startDate=20260701&endDate=20260831,-2952314000.0,-57361999.99999994,41590254167.0,-0.1379217346681043,ETF.com daily actual fund-flow fallback; USD-million chart scale validated against canonical issuer-derived references. Issuer exact flow remains preferred when its own unit QA is clean.
2026-08-11,SOXX,-1535.48,-1535480000.0,ETFCOM_VALIDATED_ACTUAL,https://api-prod.etf.com/private/apps/fundflows/SOXX/charts?startDate=20260701&endDate=20260831,-4284596000.0,-836748000.0,41590254167.0,-2.0118847955103916,ETF.com daily actual fund-flow fallback; USD-million chart scale validated against canonical issuer-derived references. Issuer exact flow remains preferred when its own unit QA is clean.
2026-08-12,SOXX,-614.669,-614669000.0,ETFCOM_VALIDATED_ACTUAL,https://api-prod.etf.com/private/apps/fundflows/SOXX/charts?startDate=20260701&endDate=20260831,-3734375000.0,-753966000.0,41590254167.0,-1.8128429727131559,ETF.com daily actual fund-flow fallback; USD-million chart scale validated against canonical issuer-derived references. Issuer exact flow remains preferred when its own unit QA is clean.
2026-08-13,SOXX,410.26,410260000.0,ETFCOM_VALIDATED_ACTUAL,https://api-prod.etf.com/private/apps/fundflows/SOXX/charts?startDate=20260701&endDate=20260831,-2740214000.0,-1699186000.0,41590254167.0,-4.08553886970046,ETF.com daily actual fund-flow fallback; USD-million chart scale validated against canonical issuer-derived references. Issuer exact flow remains preferred when its own unit QA is clean.
2026-08-14,SOXX,-192.652,-192652000.0,ETFCOM_VALIDATED_ACTUAL,https://api-prod.etf.com/private/apps/fundflows/SOXX/charts?startDate=20260701&endDate=20260831,-1416226000.0,-642158000.0,41590254167.0,-1.5440107613228378,ETF.com daily actual fund-flow fallback; USD-million chart scale validated against canonical issuer-derived references. Issuer exact flow remains preferred when its own unit QA is clean.
2026-08-17,SOXX,-165.2,-165200000.0,ETFCOM_VALIDATED_ACTUAL,https://api-prod.etf.com/private/apps/fundflows/SOXX/charts?startDate=20260701&endDate=20260831,-2097741000.0,-2416988000.0,41590254167.0,-5.811428779191668,ETF.com daily actual fund-flow fallback; USD-million chart scale validated against canonical issuer-derived references. Issuer exact flow remains preferred when its own unit QA is clean.
2026-08-18,SOXX,-391.449,-391449000.0,ETFCOM_VALIDATED_ACTUAL,https://api-prod.etf.com/private/apps/fundflows/SOXX/charts?startDate=20260701&endDate=20260831,-953710000.0,-4186917000.0,41590254167.0,-10.067062786363376,ETF.com daily actual fund-flow fallback; USD-million chart scale validated against canonical issuer-derived references. Issuer exact flow remains preferred when its own unit QA is clean.
2026-08-19,SOXX,1566.82,1566820000.0,ETFCOM_VALIDATED_ACTUAL,https://api-prod.etf.com/private/apps/fundflows/SOXX/charts?startDate=20260701&endDate=20260831,1227779000.0,-3688717000.0,41590254167.0,-8.869186000134693,ETF.com daily actual fund-flow fallback; USD-million chart scale validated against canonical issuer-derived references. Issuer exact flow remains preferred when its own unit QA is clean.
2026-08-20,SOXX,311.768,311768000.0,ETFCOM_VALIDATED_ACTUAL,https://api-prod.etf.com/private/apps/fundflows/SOXX/charts?startDate=20260701&endDate=20260831,1129287000.0,-3010083000.0,41590254167.0,-7.237471999842612,ETF.com daily actual fund-flow fallback; USD-million chart scale validated against canonical issuer-derived references. Issuer exact flow remains preferred when its own unit QA is clean.
2026-08-21,SOXX,-653.148,-653148000.0,ETFCOM_VALIDATED_ACTUAL,https://api-prod.etf.com/private/apps/fundflows/SOXX/charts?startDate=20260701&endDate=20260831,668791000.0,-870671000.0,41590254167.0,-2.0934495771628114,ETF.com daily actual fund-flow fallback; USD-million chart scale validated against canonical issuer-derived references. Issuer exact flow remains preferred when its own unit QA is clean.
2026-08-24,SOXX,-156.0,-156000000.0,ETFCOM_VALIDATED_ACTUAL,https://api-prod.etf.com/private/apps/fundflows/SOXX/charts?startDate=20260701&endDate=20260831,677991000.0,-1632737000.0,41590254167.0,-3.9257682663923306,ETF.com daily actual fund-flow fallback; USD-million chart scale validated against canonical issuer-derived references. Issuer exact flow remains preferred when its own unit QA is clean.
2026-08-25,SOXX,379.811,379811000.0,ETFCOM_VALIDATED_ACTUAL,https://api-prod.etf.com/private/apps/fundflows/SOXX/charts?startDate=20260701&endDate=20260831,1449251000.0,-2413676000.0,41590254167.0,-5.803465375104977,ETF.com daily actual fund-flow fallback; USD-million chart scale validated against canonical issuer-derived references. Issuer exact flow remains preferred when its own unit QA is clean.
2026-08-26,SOXX,411.374,411374000.0,ETFCOM_VALIDATED_ACTUAL,https://api-prod.etf.com/private/apps/fundflows/SOXX/charts?startDate=20260701&endDate=20260831,293805000.0,-3941432000.0,41590254167.0,-9.476816333398004,ETF.com daily actual fund-flow fallback; USD-million chart scale validated against canonical issuer-derived references. Issuer exact flow remains preferred when its own unit QA is clean.
2026-08-27,SOXX,386.504,386504000.0,ETFCOM_VALIDATED_ACTUAL,https://api-prod.etf.com/private/apps/fundflows/SOXX/charts?startDate=20260701&endDate=20260831,368541000.0,-3926274000.0,41590254167.0,-9.440370295008494,ETF.com daily actual fund-flow fallback; USD-million chart scale validated against canonical issuer-derived references. Issuer exact flow remains preferred when its own unit QA is clean.
2026-08-28,SOXX,-157.762,-157762000.0,ETFCOM_VALIDATED_ACTUAL,https://api-prod.etf.com/private/apps/fundflows/SOXX/charts?startDate=20260701&endDate=20260831,863927000.0,-3578976000.0,41590254167.0,-8.605323703070217,ETF.com daily actual fund-flow fallback; USD-million chart scale validated against canonical issuer-derived references. Issuer exact flow remains preferred when its own unit QA is clean.
2026-08-31,SOXX,-101.688,-101688000.0,ETFCOM_VALIDATED_ACTUAL,https://api-prod.etf.com/private/apps/fundflows/SOXX/charts?startDate=20260701&endDate=20260831,918239000.0,-3453825000.0,41590254167.0,-8.304409456435723,ETF.com daily actual fund-flow fallback; USD-million chart scale validated against canonical issuer-derived references. Issuer exact flow remains preferred when its own unit QA is clean.
2026-07-01,TAN,14.1686,14168600.0,ETFCOM_VALIDATED_ACTUAL,https://api-prod.etf.com/private/apps/fundflows/TAN/charts?startDate=20260701&endDate=20260831,,,1078181544.0,,ETF.com daily actual fund-flow fallback; USD-million chart scale validated against canonical issuer-derived references. Issuer exact flow remains preferred when its own unit QA is clean.
2026-07-02,TAN,0.0,0.0,ETFCOM_VALIDATED_ACTUAL,https://api-prod.etf.com/private/apps/fundflows/TAN/charts?startDate=20260701&endDate=20260831,,,1078181544.0,,ETF.com daily actual fund-flow fallback; USD-million chart scale validated against canonical issuer-derived references. Issuer exact flow remains preferred when its own unit QA is clean.
2026-07-06,TAN,0.0,0.0,ETFCOM_VALIDATED_ACTUAL,https://api-prod.etf.com/private/apps/fundflows/TAN/charts?startDate=20260701&endDate=20260831,,,1078181544.0,,ETF.com daily actual fund-flow fallback; USD-million chart scale validated against canonical issuer-derived references. Issuer exact flow remains preferred when its own unit QA is clean.
2026-07-07,TAN,-4.61072,-4610720.0,ETFCOM_VALIDATED_ACTUAL,https://api-prod.etf.com/private/apps/fundflows/TAN/charts?startDate=20260701&endDate=20260831,,,1078181544.0,,ETF.com daily actual fund-flow fallback; USD-million chart scale validated against canonical issuer-derived references. Issuer exact flow remains preferred when its own unit QA is clean.
2026-07-08,TAN,0.0,0.0,ETFCOM_VALIDATED_ACTUAL,https://api-prod.etf.com/private/apps/fundflows/TAN/charts?startDate=20260701&endDate=20260831,9557880.0,,1078181544.0,,ETF.com daily actual fund-flow fallback; USD-million chart scale validated against canonical issuer-derived references. Issuer exact flow remains preferred when its own unit QA is clean.
2026-07-09,TAN,0.0,0.0,ETFCOM_VALIDATED_ACTUAL,https://api-prod.etf.com/private/apps/fundflows/TAN/charts?startDate=20260701&endDate=20260831,-4610720.0,,1078181544.0,,ETF.com daily actual fund-flow fallback; USD-million chart scale validated against canonical issuer-derived references. Issuer exact flow remains preferred when its own unit QA is clean.
2026-07-10,TAN,-21.9836,-21983600.0,ETFCOM_VALIDATED_ACTUAL,https://api-prod.etf.com/private/apps/fundflows/TAN/charts?startDate=20260701&endDate=20260831,-26594320.0,,1078181544.0,,ETF.com daily actual fund-flow fallback; USD-million chart scale validated against canonical issuer-derived references. Issuer exact flow remains preferred when its own unit QA is clean.
2026-07-13,TAN,0.0,0.0,ETFCOM_VALIDATED_ACTUAL,https://api-prod.etf.com/private/apps/fundflows/TAN/charts?startDate=20260701&endDate=20260831,-26594320.0,,1078181544.0,,ETF.com daily actual fund-flow fallback; USD-million chart scale validated against canonical issuer-derived references. Issuer exact flow remains preferred when its own unit QA is clean.
2026-07-14,TAN,-8.51776,-8517760.0,ETFCOM_VALIDATED_ACTUAL,https://api-prod.etf.com/private/apps/fundflows/TAN/charts?startDate=20260701&endDate=20260831,-30501360.0,,1078181544.0,,ETF.com daily actual fund-flow fallback; USD-million chart scale validated against canonical issuer-derived references. Issuer exact flow remains preferred when its own unit QA is clean.
2026-07-15,TAN,0.0,0.0,ETFCOM_VALIDATED_ACTUAL,https://api-prod.etf.com/private/apps/fundflows/TAN/charts?startDate=20260701&endDate=20260831,-30501360.0,,1078181544.0,,ETF.com daily actual fund-flow fallback; USD-million chart scale validated against canonical issuer-derived references. Issuer exact flow remains preferred when its own unit QA is clean.
2026-07-16,TAN,0.0,0.0,ETFCOM_VALIDATED_ACTUAL,https://api-prod.etf.com/private/apps/fundflows/TAN/charts?startDate=20260701&endDate=20260831,-30501360.0,,1078181544.0,,ETF.com daily actual fund-flow fallback; USD-million chart scale validated against canonical issuer-derived references. Issuer exact flow remains preferred when its own unit QA is clean.
2026-07-17,TAN,0.0,0.0,ETFCOM_VALIDATED_ACTUAL,https://api-prod.etf.com/private/apps/fundflows/TAN/charts?startDate=20260701&endDate=20260831,-8517760.0,,1078181544.0,,ETF.com daily actual fund-flow fallback; USD-million chart scale validated against canonical issuer-derived references. Issuer exact flow remains preferred when its own unit QA is clean.
2026-07-20,TAN,0.0,0.0,ETFCOM_VALIDATED_ACTUAL,https://api-prod.etf.com/private/apps/fundflows/TAN/charts?startDate=20260701&endDate=20260831,-8517760.0,,1078181544.0,,ETF.com daily actual fund-flow fallback; USD-million chart scale validated against canonical issuer-derived references. Issuer exact flow remains preferred when its own unit QA is clean.
2026-07-21,TAN,0.0,0.0,ETFCOM_VALIDATED_ACTUAL,https://api-prod.etf.com/private/apps/fundflows/TAN/charts?startDate=20260701&endDate=20260831,0.0,,1078181544.0,,ETF.com daily actual fund-flow fallback; USD-million chart scale validated against canonical issuer-derived references. Issuer exact flow remains preferred when its own unit QA is clean.
2026-07-22,TAN,0.0,0.0,ETFCOM_VALIDATED_ACTUAL,https://api-prod.etf.com/private/apps/fundflows/TAN/charts?startDate=20260701&endDate=20260831,0.0,,1078181544.0,,ETF.com daily actual fund-flow fallback; USD-million chart scale validated against canonical issuer-derived references. Issuer exact flow remains preferred when its own unit QA is clean.
2026-07-27,TAN,0.0,0.0,ETFCOM_VALIDATED_ACTUAL,https://api-prod.etf.com/private/apps/fundflows/TAN/charts?startDate=20260701&endDate=20260831,0.0,,1078181544.0,,ETF.com daily actual fund-flow fallback; USD-million chart scale validated against canonical issuer-derived references. Issuer exact flow remains preferred when its own unit QA is clean.
2026-07-28,TAN,0.0,0.0,ETFCOM_VALIDATED_ACTUAL,https://api-prod.etf.com/private/apps/fundflows/TAN/charts?startDate=20260701&endDate=20260831,0.0,,1078181544.0,,ETF.com daily actual fund-flow fallback; USD-million chart scale validated against canonical issuer-derived references. Issuer exact flow remains preferred when its own unit QA is clean.
2026-07-29,TAN,-23.6002,-23600200.0,ETFCOM_VALIDATED_ACTUAL,https://api-prod.etf.com/private/apps/fundflows/TAN/charts?startDate=20260701&endDate=20260831,-23600200.0,,1078181544.0,,ETF.com daily actual fund-flow fallback; USD-million chart scale validated against canonical issuer-derived references. Issuer exact flow remains preferred when its own unit QA is clean.
2026-07-30,TAN,-38.1416,-38141600.0,ETFCOM_VALIDATED_ACTUAL,https://api-prod.etf.com/private/apps/fundflows/TAN/charts?startDate=20260701&endDate=20260831,-61741800.0,,1078181544.0,,ETF.com daily actual fund-flow fallback; USD-million chart scale validated against canonical issuer-derived references. Issuer exact flow remains preferred when its own unit QA is clean.
2026-07-31,TAN,0.0,0.0,ETFCOM_VALIDATED_ACTUAL,https://api-prod.etf.com/private/apps/fundflows/TAN/charts?startDate=20260701&endDate=20260831,-61741800.0,-82685280.0,1078181544.0,-7.6689570935560365,ETF.com daily actual fund-flow fallback; USD-million chart scale validated against canonical issuer-derived references. Issuer exact flow remains preferred when its own unit QA is clean.
2026-08-03,TAN,-31.5488,-31548800.0,ETFCOM_VALIDATED_ACTUAL,https://api-prod.etf.com/private/apps/fundflows/TAN/charts?startDate=20260701&endDate=20260831,-93290600.0,-128402680.0,1078181544.0,-11.909189200515568,ETF.com daily actual fund-flow fallback; USD-million chart scale validated against canonical issuer-derived references. Issuer exact flow remains preferred when its own unit QA is clean.
2026-08-04,TAN,-20.5012,-20501200.0,ETFCOM_VALIDATED_ACTUAL,https://api-prod.etf.com/private/apps/fundflows/TAN/charts?startDate=20260701&endDate=20260831,-113791800.0,-148903880.0,1078181544.0,-13.810650055052324,ETF.com daily actual fund-flow fallback; USD-million chart scale validated against canonical issuer-derived references. Issuer exact flow remains preferred when its own unit QA is clean.
2026-08-05,TAN,-8.5512,-8551200.0,ETFCOM_VALIDATED_ACTUAL,https://api-prod.etf.com/private/apps/fundflows/TAN/charts?startDate=20260701&endDate=20260831,-98742800.0,-157455080.0,1078181544.0,-14.603763241564076,ETF.com daily actual fund-flow fallback; USD-million chart scale validated against canonical issuer-derived references. Issuer exact flow remains preferred when its own unit QA is clean.
2026-08-06,TAN,-24.637,-24637000.0,ETFCOM_VALIDATED_ACTUAL,https://api-prod.etf.com/private/apps/fundflows/TAN/charts?startDate=20260701&endDate=20260831,-85238200.0,-177481360.0,1078181544.0,-16.46117585555703,ETF.com daily actual fund-flow fallback; USD-million chart scale validated against canonical issuer-derived references. Issuer exact flow remains preferred when its own unit QA is clean.
2026-08-07,TAN,-12.3204,-12320400.0,ETFCOM_VALIDATED_ACTUAL,https://api-prod.etf.com/private/apps/fundflows/TAN/charts?startDate=20260701&endDate=20260831,-97558600.0,-189801760.0,1078181544.0,-17.60387766385287,ETF.com daily actual fund-flow fallback; USD-million chart scale validated against canonical issuer-derived references. Issuer exact flow remains preferred when its own unit QA is clean.
2026-08-10,TAN,-4.222,-4222000.0,ETFCOM_VALIDATED_ACTUAL,https://api-prod.etf.com/private/apps/fundflows/TAN/charts?startDate=20260701&endDate=20260831,-70231800.0,-194023760.0,1078181544.0,-17.99546292363543,ETF.com daily actual fund-flow fallback; USD-million chart scale validated against canonical issuer-derived references. Issuer exact flow remains preferred when its own unit QA is clean.
2026-08-11,TAN,16.5949,16594900.0,ETFCOM_VALIDATED_ACTUAL,https://api-prod.etf.com/private/apps/fundflows/TAN/charts?startDate=20260701&endDate=20260831,-33135700.0,-155445260.0,1078181544.0,-14.417354931091271,ETF.com daily actual fund-flow fallback; USD-million chart scale validated against canonical issuer-derived references. Issuer exact flow remains preferred when its own unit QA is clean.
2026-08-12,TAN,16.8515,16851500.0,ETFCOM_VALIDATED_ACTUAL,https://api-prod.etf.com/private/apps/fundflows/TAN/charts?startDate=20260701&endDate=20260831,-7733000.0,-138593760.0,1078181544.0,-12.854399221658351,ETF.com daily actual fund-flow fallback; USD-million chart scale validated against canonical issuer-derived references. Issuer exact flow remains preferred when its own unit QA is clean.
2026-08-13,TAN,0.0,0.0,ETFCOM_VALIDATED_ACTUAL,https://api-prod.etf.com/private/apps/fundflows/TAN/charts?startDate=20260701&endDate=20260831,16904000.0,-130076000.0,1078181544.0,-12.064387553641893,ETF.com daily actual fund-flow fallback; USD-million chart scale validated against canonical issuer-derived references. Issuer exact flow remains preferred when its own unit QA is clean.
2026-08-14,TAN,0.0,0.0,ETFCOM_VALIDATED_ACTUAL,https://api-prod.etf.com/private/apps/fundflows/TAN/charts?startDate=20260701&endDate=20260831,29224400.0,-130076000.0,1078181544.0,-12.064387553641893,ETF.com daily actual fund-flow fallback; USD-million chart scale validated against canonical issuer-derived references. Issuer exact flow remains preferred when its own unit QA is clean.
2026-08-17,TAN,0.0,0.0,ETFCOM_VALIDATED_ACTUAL,https://api-prod.etf.com/private/apps/fundflows/TAN/charts?startDate=20260701&endDate=20260831,33446400.0,-130076000.0,1078181544.0,-12.064387553641893,ETF.com daily actual fund-flow fallback; USD-million chart scale validated against canonical issuer-derived references. Issuer exact flow remains preferred when its own unit QA is clean.
2026-08-18,TAN,0.0,0.0,ETFCOM_VALIDATED_ACTUAL,https://api-prod.etf.com/private/apps/fundflows/TAN/charts?startDate=20260701&endDate=20260831,16851500.0,-130076000.0,1078181544.0,-12.064387553641893,ETF.com daily actual fund-flow fallback; USD-million chart scale validated against canonical issuer-derived references. Issuer exact flow remains preferred when its own unit QA is clean.
2026-08-19,TAN,-7.99232,-7992320.0,ETFCOM_VALIDATED_ACTUAL,https://api-prod.etf.com/private/apps/fundflows/TAN/charts?startDate=20260701&endDate=20260831,-7992320.0,-138068320.0,1078181544.0,-12.80566531381843,ETF.com daily actual fund-flow fallback; USD-million chart scale validated against canonical issuer-derived references. Issuer exact flow remains preferred when its own unit QA is clean.
2026-08-20,TAN,0.0,0.0,ETFCOM_VALIDATED_ACTUAL,https://api-prod.etf.com/private/apps/fundflows/TAN/charts?startDate=20260701&endDate=20260831,-7992320.0,-138068320.0,1078181544.0,-12.80566531381843,ETF.com daily actual fund-flow fallback; USD-million chart scale validated against canonical issuer-derived references. Issuer exact flow remains preferred when its own unit QA is clean.
2026-08-21,TAN,0.0,0.0,ETFCOM_VALIDATED_ACTUAL,https://api-prod.etf.com/private/apps/fundflows/TAN/charts?startDate=20260701&endDate=20260831,-7992320.0,-138068320.0,1078181544.0,-12.80566531381843,ETF.com daily actual fund-flow fallback; USD-million chart scale validated against canonical issuer-derived references. Issuer exact flow remains preferred when its own unit QA is clean.
2026-08-24,TAN,0.0,0.0,ETFCOM_VALIDATED_ACTUAL,https://api-prod.etf.com/private/apps/fundflows/TAN/charts?startDate=20260701&endDate=20260831,-7992320.0,-138068320.0,1078181544.0,-12.80566531381843,ETF.com daily actual fund-flow fallback; USD-million chart scale validated against canonical issuer-derived references. Issuer exact flow remains preferred when its own unit QA is clean.
2026-08-25,TAN,-54.2259,-54225900.0,ETFCOM_VALIDATED_ACTUAL,https://api-prod.etf.com/private/apps/fundflows/TAN/charts?startDate=20260701&endDate=20260831,-62218220.0,-192294220.0,1078181544.0,-17.83505023528765,ETF.com daily actual fund-flow fallback; USD-million chart scale validated against canonical issuer-derived references. Issuer exact flow remains preferred when its own unit QA is clean.
2026-08-26,TAN,-39.1112,-39111200.0,ETFCOM_VALIDATED_ACTUAL,https://api-prod.etf.com/private/apps/fundflows/TAN/charts?startDate=20260701&endDate=20260831,-93337100.0,-207805220.0,1078181544.0,-19.273676233508223,ETF.com daily actual fund-flow fallback; USD-million chart scale validated against canonical issuer-derived references. Issuer exact flow remains preferred when its own unit QA is clean.
2026-08-27,TAN,-23.4658,-23465800.0,ETFCOM_VALIDATED_ACTUAL,https://api-prod.etf.com/private/apps/fundflows/TAN/charts?startDate=20260701&endDate=20260831,-116802900.0,-193129420.0,1078181544.0,-17.91251399866292,ETF.com daily actual fund-flow fallback; USD-million chart scale validated against canonical issuer-derived references. Issuer exact flow remains preferred when its own unit QA is clean.
2026-08-28,TAN,-43.8126,-43812600.0,ETFCOM_VALIDATED_ACTUAL,https://api-prod.etf.com/private/apps/fundflows/TAN/charts?startDate=20260701&endDate=20260831,-160615500.0,-236942020.0,1078181544.0,-21.976078269802027,ETF.com daily actual fund-flow fallback; USD-million chart scale validated against canonical issuer-derived references. Issuer exact flow remains preferred when its own unit QA is clean.
2026-08-31,TAN,-27.3353,-27335300.0,ETFCOM_VALIDATED_ACTUAL,https://api-prod.etf.com/private/apps/fundflows/TAN/charts?startDate=20260701&endDate=20260831,-187950800.0,-232728520.0,1078181544.0,-21.58528137446953,ETF.com daily actual fund-flow fallback; USD-million chart scale validated against canonical issuer-derived references. Issuer exact flow remains preferred when its own unit QA is clean.
2026-07-01,URA,0.930148,930148.0,ETFCOM_VALIDATED_ACTUAL,https://api-prod.etf.com/private/apps/fundflows/URA/charts?startDate=20260701&endDate=20260831,,,6509736714.42215,,ETF.com daily actual fund-flow fallback; USD-million chart scale validated against canonical issuer-derived references. Issuer exact flow remains preferred when its own unit QA is clean.
2026-07-02,URA,-0.692387,-692387.0,ETFCOM_VALIDATED_ACTUAL,https://api-prod.etf.com/private/apps/fundflows/URA/charts?startDate=20260701&endDate=20260831,,,6509736714.42215,,ETF.com daily actual fund-flow fallback; USD-million chart scale validated against canonical issuer-derived references. Issuer exact flow remains preferred when its own unit QA is clean.
2026-07-06,URA,15.8221,15822100.0,ETFCOM_VALIDATED_ACTUAL,https://api-prod.etf.com/private/apps/fundflows/URA/charts?startDate=20260701&endDate=20260831,,,6509736714.42215,,ETF.com daily actual fund-flow fallback; USD-million chart scale validated against canonical issuer-derived references. Issuer exact flow remains preferred when its own unit QA is clean.
2026-07-07,URA,-0.602514,-602514.0,ETFCOM_VALIDATED_ACTUAL,https://api-prod.etf.com/private/apps/fundflows/URA/charts?startDate=20260701&endDate=20260831,,,6509736714.42215,,ETF.com daily actual fund-flow fallback; USD-million chart scale validated against canonical issuer-derived references. Issuer exact flow remains preferred when its own unit QA is clean.
2026-07-08,URA,-0.156134,-156134.0,ETFCOM_VALIDATED_ACTUAL,https://api-prod.etf.com/private/apps/fundflows/URA/charts?startDate=20260701&endDate=20260831,15301213.0,,6509736714.42215,,ETF.com daily actual fund-flow fallback; USD-million chart scale validated against canonical issuer-derived references. Issuer exact flow remains preferred when its own unit QA is clean.
2026-07-09,URA,0.321471,321471.0,ETFCOM_VALIDATED_ACTUAL,https://api-prod.etf.com/private/apps/fundflows/URA/charts?startDate=20260701&endDate=20260831,14692536.0,,6509736714.42215,,ETF.com daily actual fund-flow fallback; USD-million chart scale validated against canonical issuer-derived references. Issuer exact flow remains preferred when its own unit QA is clean.
2026-07-10,URA,-0.47958,-479580.0,ETFCOM_VALIDATED_ACTUAL,https://api-prod.etf.com/private/apps/fundflows/URA/charts?startDate=20260701&endDate=20260831,14905343.0,,6509736714.42215,,ETF.com daily actual fund-flow fallback; USD-million chart scale validated against canonical issuer-derived references. Issuer exact flow remains preferred when its own unit QA is clean.
2026-07-13,URA,0.451245,451245.0,ETFCOM_VALIDATED_ACTUAL,https://api-prod.etf.com/private/apps/fundflows/URA/charts?startDate=20260701&endDate=20260831,-465512.0,,6509736714.42215,,ETF.com daily actual fund-flow fallback; USD-million chart scale validated against canonical issuer-derived references. Issuer exact flow remains preferred when its own unit QA is clean.
2026-07-14,URA,0.184177,184177.0,ETFCOM_VALIDATED_ACTUAL,https://api-prod.etf.com/private/apps/fundflows/URA/charts?startDate=20260701&endDate=20260831,321179.0,,6509736714.42215,,ETF.com daily actual fund-flow fallback; USD-million chart scale validated against canonical issuer-derived references. Issuer exact flow remains preferred when its own unit QA is clean.
2026-07-15,URA,-0.281955,-281955.0,ETFCOM_VALIDATED_ACTUAL,https://api-prod.etf.com/private/apps/fundflows/URA/charts?startDate=20260701&endDate=20260831,195358.0,,6509736714.42215,,ETF.com daily actual fund-flow fallback; USD-million chart scale validated against canonical issuer-derived references. Issuer exact flow remains preferred when its own unit QA is clean.
2026-07-16,URA,6.5761,6576100.0,ETFCOM_VALIDATED_ACTUAL,https://api-prod.etf.com/private/apps/fundflows/URA/charts?startDate=20260701&endDate=20260831,6449987.0,,6509736714.42215,,ETF.com daily actual fund-flow fallback; USD-million chart scale validated against canonical issuer-derived references. Issuer exact flow remains preferred when its own unit QA is clean.
2026-07-17,URA,0.085058,85058.0,ETFCOM_VALIDATED_ACTUAL,https://api-prod.etf.com/private/apps/fundflows/URA/charts?startDate=20260701&endDate=20260831,7014625.0,,6509736714.42215,,ETF.com daily actual fund-flow fallback; USD-million chart scale validated against canonical issuer-derived references. Issuer exact flow remains preferred when its own unit QA is clean.
2026-07-20,URA,-0.870215,-870215.0,ETFCOM_VALIDATED_ACTUAL,https://api-prod.etf.com/private/apps/fundflows/URA/charts?startDate=20260701&endDate=20260831,5693165.0,,6509736714.42215,,ETF.com daily actual fund-flow fallback; USD-million chart scale validated against canonical issuer-derived references. Issuer exact flow remains preferred when its own unit QA is clean.
2026-07-21,URA,0.303632,303632.0,ETFCOM_VALIDATED_ACTUAL,https://api-prod.etf.com/private/apps/fundflows/URA/charts?startDate=20260701&endDate=20260831,5812620.0,,6509736714.42215,,ETF.com daily actual fund-flow fallback; USD-million chart scale validated against canonical issuer-derived references. Issuer exact flow remains preferred when its own unit QA is clean.
2026-07-22,URA,-5.04123,-5041230.0,ETFCOM_VALIDATED_ACTUAL,https://api-prod.etf.com/private/apps/fundflows/URA/charts?startDate=20260701&endDate=20260831,1053345.0,,6509736714.42215,,ETF.com daily actual fund-flow fallback; USD-million chart scale validated against canonical issuer-derived references. Issuer exact flow remains preferred when its own unit QA is clean.
2026-07-27,URA,0.059579,59579.0,ETFCOM_VALIDATED_ACTUAL,https://api-prod.etf.com/private/apps/fundflows/URA/charts?startDate=20260701&endDate=20260831,-5463176.0,,6509736714.42215,,ETF.com daily actual fund-flow fallback; USD-million chart scale validated against canonical issuer-derived references. Issuer exact flow remains preferred when its own unit QA is clean.
2026-07-28,URA,-0.632112,-632112.0,ETFCOM_VALIDATED_ACTUAL,https://api-prod.etf.com/private/apps/fundflows/URA/charts?startDate=20260701&endDate=20260831,-6180346.0,,6509736714.42215,,ETF.com daily actual fund-flow fallback; USD-million chart scale validated against canonical issuer-derived references. Issuer exact flow remains preferred when its own unit QA is clean.
2026-07-29,URA,-7.79986,-7799860.0,ETFCOM_VALIDATED_ACTUAL,https://api-prod.etf.com/private/apps/fundflows/URA/charts?startDate=20260701&endDate=20260831,-13109991.0,,6509736714.42215,,ETF.com daily actual fund-flow fallback; USD-million chart scale validated against canonical issuer-derived references. Issuer exact flow remains preferred when its own unit QA is clean.
2026-07-30,URA,-0.107676,-107676.0,ETFCOM_VALIDATED_ACTUAL,https://api-prod.etf.com/private/apps/fundflows/URA/charts?startDate=20260701&endDate=20260831,-13521299.0,,6509736714.42215,,ETF.com daily actual fund-flow fallback; USD-million chart scale validated against canonical issuer-derived references. Issuer exact flow remains preferred when its own unit QA is clean.
2026-07-31,URA,-0.299839,-299839.0,ETFCOM_VALIDATED_ACTUAL,https://api-prod.etf.com/private/apps/fundflows/URA/charts?startDate=20260701&endDate=20260831,-8779908.0,7770008.0,6509736714.42215,0.11935978889569762,ETF.com daily actual fund-flow fallback; USD-million chart scale validated against canonical issuer-derived references. Issuer exact flow remains preferred when its own unit QA is clean.
2026-08-03,URA,0.640027,640027.0,ETFCOM_VALIDATED_ACTUAL,https://api-prod.etf.com/private/apps/fundflows/URA/charts?startDate=20260701&endDate=20260831,-8199460.0,7479887.0,6509736714.42215,0.11490306487247799,ETF.com daily actual fund-flow fallback; USD-million chart scale validated against canonical issuer-derived references. Issuer exact flow remains preferred when its own unit QA is clean.
2026-08-04,URA,13.8829,13882900.0,ETFCOM_VALIDATED_ACTUAL,https://api-prod.etf.com/private/apps/fundflows/URA/charts?startDate=20260701&endDate=20260831,6315552.0,22055174.0,6509736714.42215,0.3388028574356524,ETF.com daily actual fund-flow fallback; USD-million chart scale validated against canonical issuer-derived references. Issuer exact flow remains preferred when its own unit QA is clean.
2026-08-05,URA,16.772,16771999.999999998,ETFCOM_VALIDATED_ACTUAL,https://api-prod.etf.com/private/apps/fundflows/URA/charts?startDate=20260701&endDate=20260831,30887412.0,23005074.0,6509736714.42215,0.353394845432579,ETF.com daily actual fund-flow fallback; USD-million chart scale validated against canonical issuer-derived references. Issuer exact flow remains preferred when its own unit QA is clean.
2026-08-06,URA,8.1902,8190200.000000001,ETFCOM_VALIDATED_ACTUAL,https://api-prod.etf.com/private/apps/fundflows/URA/charts?startDate=20260701&endDate=20260831,39185288.0,31797788.0,6509736714.42215,0.4884650392934148,ETF.com daily actual fund-flow fallback; USD-million chart scale validated against canonical issuer-derived references. Issuer exact flow remains preferred when its own unit QA is clean.
2026-08-07,URA,27.7328,27732800.0,ETFCOM_VALIDATED_ACTUAL,https://api-prod.etf.com/private/apps/fundflows/URA/charts?startDate=20260701&endDate=20260831,67217927.0,59686722.0,6509736714.42215,0.9168838098746089,ETF.com daily actual fund-flow fallback; USD-million chart scale validated against canonical issuer-derived references. Issuer exact flow remains preferred when its own unit QA is clean.
2026-08-10,URA,0.060393,60393.0,ETFCOM_VALIDATED_ACTUAL,https://api-prod.etf.com/private/apps/fundflows/URA/charts?startDate=20260701&endDate=20260831,66638293.0,59425644.0,6509736714.42215,0.9128732329272865,ETF.com daily actual fund-flow fallback; USD-million chart scale validated against canonical issuer-derived references. Issuer exact flow remains preferred when its own unit QA is clean.
2026-08-11,URA,3.67254,3672540.0,ETFCOM_VALIDATED_ACTUAL,https://api-prod.etf.com/private/apps/fundflows/URA/charts?startDate=20260701&endDate=20260831,56427933.0,63577764.0,6509736714.42215,0.9766564576896811,ETF.com daily actual fund-flow fallback; USD-million chart scale validated against canonical issuer-derived references. Issuer exact flow remains preferred when its own unit QA is clean.
2026-08-12,URA,0.468926,468926.0,ETFCOM_VALIDATED_ACTUAL,https://api-prod.etf.com/private/apps/fundflows/URA/charts?startDate=20260701&endDate=20260831,40124859.0,63595445.0,6509736714.42215,0.9769280662166562,ETF.com daily actual fund-flow fallback; USD-million chart scale validated against canonical issuer-derived references. Issuer exact flow remains preferred when its own unit QA is clean.
2026-08-13,URA,0.526976,526976.0,ETFCOM_VALIDATED_ACTUAL,https://api-prod.etf.com/private/apps/fundflows/URA/charts?startDate=20260701&endDate=20260831,32461635.0,63938244.0,6509736714.42215,0.9821940088352039,ETF.com daily actual fund-flow fallback; USD-million chart scale validated against canonical issuer-derived references. Issuer exact flow remains preferred when its own unit QA is clean.
2026-08-14,URA,-7.23516,-7235160.0,ETFCOM_VALIDATED_ACTUAL,https://api-prod.etf.com/private/apps/fundflows/URA/charts?startDate=20260701&endDate=20260831,-2506325.0,56985039.0,6509736714.42215,0.8753816244787773,ETF.com daily actual fund-flow fallback; USD-million chart scale validated against canonical issuer-derived references. Issuer exact flow remains preferred when its own unit QA is clean.
2026-08-17,URA,0.004844,4844.0,ETFCOM_VALIDATED_ACTUAL,https://api-prod.etf.com/private/apps/fundflows/URA/charts?startDate=20260701&endDate=20260831,-2561874.0,50413783.0,6509736714.42215,0.7744365895522256,ETF.com daily actual fund-flow fallback; USD-million chart scale validated against canonical issuer-derived references. Issuer exact flow remains preferred when its own unit QA is clean.
2026-08-18,URA,0.40784,407840.0,ETFCOM_VALIDATED_ACTUAL,https://api-prod.etf.com/private/apps/fundflows/URA/charts?startDate=20260701&endDate=20260831,-5826574.0,50736565.0,6509736714.42215,0.7793950389359754,ETF.com daily actual fund-flow fallback; USD-million chart scale validated against canonical issuer-derived references. Issuer exact flow remains preferred when its own unit QA is clean.
2026-08-19,URA,0.170695,170695.0,ETFCOM_VALIDATED_ACTUAL,https://api-prod.etf.com/private/apps/fundflows/URA/charts?startDate=20260701&endDate=20260831,-6124805.0,51777475.0,6509736714.42215,0.7953850865471774,ETF.com daily actual fund-flow fallback; USD-million chart scale validated against canonical issuer-derived references. Issuer exact flow remains preferred when its own unit QA is clean.
2026-08-20,URA,4.44571,4445710.0,ETFCOM_VALIDATED_ACTUAL,https://api-prod.etf.com/private/apps/fundflows/URA/charts?startDate=20260701&endDate=20260831,-2206071.0,55919553.0,6509736714.42215,0.8590140500784265,ETF.com daily actual fund-flow fallback; USD-million chart scale validated against canonical issuer-derived references. Issuer exact flow remains preferred when its own unit QA is clean.
2026-08-21,URA,-0.793602,-793602.0,ETFCOM_VALIDATED_ACTUAL,https://api-prod.etf.com/private/apps/fundflows/URA/charts?startDate=20260701&endDate=20260831,4235487.0,60167181.0,6509736714.42215,0.9242644309515806,ETF.com daily actual fund-flow fallback; USD-million chart scale validated against canonical issuer-derived references. Issuer exact flow remains preferred when its own unit QA is clean.
2026-08-24,URA,11.5155,11515500.0,ETFCOM_VALIDATED_ACTUAL,https://api-prod.etf.com/private/apps/fundflows/URA/charts?startDate=20260701&endDate=20260831,15746143.0,71623102.0,6509736714.42215,1.1002457571182704,ETF.com daily actual fund-flow fallback; USD-million chart scale validated against canonical issuer-derived references. Issuer exact flow remains preferred when its own unit QA is clean.
2026-08-25,URA,-0.182116,-182116.0,ETFCOM_VALIDATED_ACTUAL,https://api-prod.etf.com/private/apps/fundflows/URA/charts?startDate=20260701&endDate=20260831,15156187.0,72073098.0,6509736714.42215,1.1071584176411307,ETF.com daily actual fund-flow fallback; USD-million chart scale validated against canonical issuer-derived references. Issuer exact flow remains preferred when its own unit QA is clean.
2026-08-26,URA,0.591966,591966.0,ETFCOM_VALIDATED_ACTUAL,https://api-prod.etf.com/private/apps/fundflows/URA/charts?startDate=20260701&endDate=20260831,15577458.0,80464924.0,6509736714.42215,1.2360703286468113,ETF.com daily actual fund-flow fallback; USD-million chart scale validated against canonical issuer-derived references. Issuer exact flow remains preferred when its own unit QA is clean.
2026-08-27,URA,6.73975,6739750.0,ETFCOM_VALIDATED_ACTUAL,https://api-prod.etf.com/private/apps/fundflows/URA/charts?startDate=20260701&endDate=20260831,17871498.0,87312350.0,6509736714.42215,1.3412577778539307,ETF.com daily actual fund-flow fallback; USD-million chart scale validated against canonical issuer-derived references. Issuer exact flow remains preferred when its own unit QA is clean.
2026-08-28,URA,8.1396,8139600.0,ETFCOM_VALIDATED_ACTUAL,https://api-prod.etf.com/private/apps/fundflows/URA/charts?startDate=20260701&endDate=20260831,26804700.0,95751789.0,6509736714.42215,1.470901100928774,ETF.com daily actual fund-flow fallback; USD-million chart scale validated against canonical issuer-derived references. Issuer exact flow remains preferred when its own unit QA is clean.
2026-08-31,URA,-0.671769,-671769.0,ETFCOM_VALIDATED_ACTUAL,https://api-prod.etf.com/private/apps/fundflows/URA/charts?startDate=20260701&endDate=20260831,14617431.0,94439993.0,6509736714.42215,1.450749809754528,ETF.com daily actual fund-flow fallback; USD-million chart scale validated against canonical issuer-derived references. Issuer exact flow remains preferred when its own unit QA is clean.
2026-07-01,WCLD,-6.411,-6411000.0,ETFCOM_VALIDATED_ACTUAL,https://api-prod.etf.com/private/apps/fundflows/WCLD/charts?startDate=20260701&endDate=20260831,,,365015500.0,,ETF.com daily actual fund-flow fallback; USD-million chart scale validated against canonical issuer-derived references. Issuer exact flow remains preferred when its own unit QA is clean.
2026-07-02,WCLD,2.4891,2489100.0,ETFCOM_VALIDATED_ACTUAL,https://api-prod.etf.com/private/apps/fundflows/WCLD/charts?startDate=20260701&endDate=20260831,,,365015500.0,,ETF.com daily actual fund-flow fallback; USD-million chart scale validated against canonical issuer-derived references. Issuer exact flow remains preferred when its own unit QA is clean.
2026-07-06,WCLD,2.51535,2515350.0,ETFCOM_VALIDATED_ACTUAL,https://api-prod.etf.com/private/apps/fundflows/WCLD/charts?startDate=20260701&endDate=20260831,,,365015500.0,,ETF.com daily actual fund-flow fallback; USD-million chart scale validated against canonical issuer-derived references. Issuer exact flow remains preferred when its own unit QA is clean.
2026-07-07,WCLD,2.55892,2558920.0,ETFCOM_VALIDATED_ACTUAL,https://api-prod.etf.com/private/apps/fundflows/WCLD/charts?startDate=20260701&endDate=20260831,,,365015500.0,,ETF.com daily actual fund-flow fallback; USD-million chart scale validated against canonical issuer-derived references. Issuer exact flow remains preferred when its own unit QA is clean.
2026-07-08,WCLD,1.72215,1722150.0,ETFCOM_VALIDATED_ACTUAL,https://api-prod.etf.com/private/apps/fundflows/WCLD/charts?startDate=20260701&endDate=20260831,2874520.0,,365015500.0,,ETF.com daily actual fund-flow fallback; USD-million chart scale validated against canonical issuer-derived references. Issuer exact flow remains preferred when its own unit QA is clean.
2026-07-14,WCLD,0.865075,865075.0,ETFCOM_VALIDATED_ACTUAL,https://api-prod.etf.com/private/apps/fundflows/WCLD/charts?startDate=20260701&endDate=20260831,10150595.0,,365015500.0,,ETF.com daily actual fund-flow fallback; USD-million chart scale validated against canonical issuer-derived references. Issuer exact flow remains preferred when its own unit QA is clean.
2026-07-15,WCLD,0.874325,874325.0,ETFCOM_VALIDATED_ACTUAL,https://api-prod.etf.com/private/apps/fundflows/WCLD/charts?startDate=20260701&endDate=20260831,8535820.0,,365015500.0,,ETF.com daily actual fund-flow fallback; USD-million chart scale validated against canonical issuer-derived references. Issuer exact flow remains preferred when its own unit QA is clean.
2026-07-16,WCLD,-2.60302,-2603020.0,ETFCOM_VALIDATED_ACTUAL,https://api-prod.etf.com/private/apps/fundflows/WCLD/charts?startDate=20260701&endDate=20260831,3417450.0,,365015500.0,,ETF.com daily actual fund-flow fallback; USD-million chart scale validated against canonical issuer-derived references. Issuer exact flow remains preferred when its own unit QA is clean.
2026-07-17,WCLD,3.4857,3485700.0,ETFCOM_VALIDATED_ACTUAL,https://api-prod.etf.com/private/apps/fundflows/WCLD/charts?startDate=20260701&endDate=20260831,4344230.0,,365015500.0,,ETF.com daily actual fund-flow fallback; USD-million chart scale validated against canonical issuer-derived references. Issuer exact flow remains preferred when its own unit QA is clean.
2026-07-20,WCLD,2.61022,2610220.0,ETFCOM_VALIDATED_ACTUAL,https://api-prod.etf.com/private/apps/fundflows/WCLD/charts?startDate=20260701&endDate=20260831,5232300.0,,365015500.0,,ETF.com daily actual fund-flow fallback; USD-million chart scale validated against canonical issuer-derived references. Issuer exact flow remains preferred when its own unit QA is clean.
2026-07-21,WCLD,0.871375,871375.0,ETFCOM_VALIDATED_ACTUAL,https://api-prod.etf.com/private/apps/fundflows/WCLD/charts?startDate=20260701&endDate=20260831,5238600.0,,365015500.0,,ETF.com daily actual fund-flow fallback; USD-million chart scale validated against canonical issuer-derived references. Issuer exact flow remains preferred when its own unit QA is clean.
2026-07-22,WCLD,0.0,0.0,ETFCOM_VALIDATED_ACTUAL,https://api-prod.etf.com/private/apps/fundflows/WCLD/charts?startDate=20260701&endDate=20260831,4364275.0,,365015500.0,,ETF.com daily actual fund-flow fallback; USD-million chart scale validated against canonical issuer-derived references. Issuer exact flow remains preferred when its own unit QA is clean.
2026-07-27,WCLD,0.811775,811775.0,ETFCOM_VALIDATED_ACTUAL,https://api-prod.etf.com/private/apps/fundflows/WCLD/charts?startDate=20260701&endDate=20260831,7779070.0,,365015500.0,,ETF.com daily actual fund-flow fallback; USD-million chart scale validated against canonical issuer-derived references. Issuer exact flow remains preferred when its own unit QA is clean.
2026-07-28,WCLD,0.0,0.0,ETFCOM_VALIDATED_ACTUAL,https://api-prod.etf.com/private/apps/fundflows/WCLD/charts?startDate=20260701&endDate=20260831,4293370.0,,365015500.0,,ETF.com daily actual fund-flow fallback; USD-million chart scale validated against canonical issuer-derived references. Issuer exact flow remains preferred when its own unit QA is clean.
2026-07-29,WCLD,0.0,0.0,ETFCOM_VALIDATED_ACTUAL,https://api-prod.etf.com/private/apps/fundflows/WCLD/charts?startDate=20260701&endDate=20260831,1683150.0,,365015500.0,,ETF.com daily actual fund-flow fallback; USD-million chart scale validated against canonical issuer-derived references. Issuer exact flow remains preferred when its own unit QA is clean.
2026-07-30,WCLD,1.77285,1772850.0,ETFCOM_VALIDATED_ACTUAL,https://api-prod.etf.com/private/apps/fundflows/WCLD/charts?startDate=20260701&endDate=20260831,2584625.0,,365015500.0,,ETF.com daily actual fund-flow fallback; USD-million chart scale validated against canonical issuer-derived references. Issuer exact flow remains preferred when its own unit QA is clean.
2026-07-31,WCLD,1.7496,1749600.0,ETFCOM_VALIDATED_ACTUAL,https://api-prod.etf.com/private/apps/fundflows/WCLD/charts?startDate=20260701&endDate=20260831,4334225.0,,365015500.0,,ETF.com daily actual fund-flow fallback; USD-million chart scale validated against canonical issuer-derived references. Issuer exact flow remains preferred when its own unit QA is clean.
2026-08-03,WCLD,0.88665,886650.0,ETFCOM_VALIDATED_ACTUAL,https://api-prod.etf.com/private/apps/fundflows/WCLD/charts?startDate=20260701&endDate=20260831,4409100.0,,365015500.0,,ETF.com daily actual fund-flow fallback; USD-million chart scale validated against canonical issuer-derived references. Issuer exact flow remains preferred when its own unit QA is clean.
2026-08-04,WCLD,6.3966,6396600.0,ETFCOM_VALIDATED_ACTUAL,https://api-prod.etf.com/private/apps/fundflows/WCLD/charts?startDate=20260701&endDate=20260831,10805700.0,,365015500.0,,ETF.com daily actual fund-flow fallback; USD-million chart scale validated against canonical issuer-derived references. Issuer exact flow remains preferred when its own unit QA is clean.
2026-08-05,WCLD,-2.84812,-2848120.0,ETFCOM_VALIDATED_ACTUAL,https://api-prod.etf.com/private/apps/fundflows/WCLD/charts?startDate=20260701&endDate=20260831,7957580.0,17747550.0,365015500.0,4.862135991485293,ETF.com daily actual fund-flow fallback; USD-million chart scale validated against canonical issuer-derived references. Issuer exact flow remains preferred when its own unit QA is clean.
2026-08-06,WCLD,0.0,0.0,ETFCOM_VALIDATED_ACTUAL,https://api-prod.etf.com/private/apps/fundflows/WCLD/charts?startDate=20260701&endDate=20260831,6184730.0,24158550.0,365015500.0,6.6184997623388595,ETF.com daily actual fund-flow fallback; USD-million chart scale validated against canonical issuer-derived references. Issuer exact flow remains preferred when its own unit QA is clean.
2026-08-07,WCLD,-0.93695,-936950.0,ETFCOM_VALIDATED_ACTUAL,https://api-prod.etf.com/private/apps/fundflows/WCLD/charts?startDate=20260701&endDate=20260831,3498180.0,20732500.0,365015500.0,5.679895785247476,ETF.com daily actual fund-flow fallback; USD-million chart scale validated against canonical issuer-derived references. Issuer exact flow remains preferred when its own unit QA is clean.
2026-08-10,WCLD,10.7302,10730200.0,ETFCOM_VALIDATED_ACTUAL,https://api-prod.etf.com/private/apps/fundflows/WCLD/charts?startDate=20260701&endDate=20260831,13341730.0,28947350.0,365015500.0,7.9304440496362485,ETF.com daily actual fund-flow fallback; USD-million chart scale validated against canonical issuer-derived references. Issuer exact flow remains preferred when its own unit QA is clean.
2026-08-11,WCLD,4.0046,4004600.0,ETFCOM_VALIDATED_ACTUAL,https://api-prod.etf.com/private/apps/fundflows/WCLD/charts?startDate=20260701&endDate=20260831,10949730.0,30393030.0,365015500.0,8.326503942983242,ETF.com daily actual fund-flow fallback; USD-million chart scale validated against canonical issuer-derived references. Issuer exact flow remains preferred when its own unit QA is clean.
2026-08-12,WCLD,5.0035,5003500.0,ETFCOM_VALIDATED_ACTUAL,https://api-prod.etf.com/private/apps/fundflows/WCLD/charts?startDate=20260701&endDate=20260831,18801350.0,33674380.0,365015500.0,9.225465767892048,ETF.com daily actual fund-flow fallback; USD-million chart scale validated against canonical issuer-derived references. Issuer exact flow remains preferred when its own unit QA is clean.
2026-08-13,WCLD,-1.981,-1981000.0,ETFCOM_VALIDATED_ACTUAL,https://api-prod.etf.com/private/apps/fundflows/WCLD/charts?startDate=20260701&endDate=20260831,16820350.0,30828305.0,365015500.0,8.445752303669297,ETF.com daily actual fund-flow fallback; USD-million chart scale validated against canonical issuer-derived references. Issuer exact flow remains preferred when its own unit QA is clean.
2026-08-14,WCLD,1.0462,1046200.0,ETFCOM_VALIDATED_ACTUAL,https://api-prod.etf.com/private/apps/fundflows/WCLD/charts?startDate=20260701&endDate=20260831,18803500.0,31000180.0,365015500.0,8.492839345178492,ETF.com daily actual fund-flow fallback; USD-million chart scale validated against canonical issuer-derived references. Issuer exact flow remains preferred when its own unit QA is clean.
2026-08-17,WCLD,-1.01917,-1019169.9999999999,ETFCOM_VALIDATED_ACTUAL,https://api-prod.etf.com/private/apps/fundflows/WCLD/charts?startDate=20260701&endDate=20260831,7054130.0,32584030.0,365015500.0,8.926752425581927,ETF.com daily actual fund-flow fallback; USD-million chart scale validated against canonical issuer-derived references. Issuer exact flow remains preferred when its own unit QA is clean.
2026-08-18,WCLD,0.993475,993475.0,ETFCOM_VALIDATED_ACTUAL,https://api-prod.etf.com/private/apps/fundflows/WCLD/charts?startDate=20260701&endDate=20260831,4043005.0,30091805.0,365015500.0,8.243980050162254,ETF.com daily actual fund-flow fallback; USD-million chart scale validated against canonical issuer-derived references. Issuer exact flow remains preferred when its own unit QA is clean.
2026-08-19,WCLD,0.0,0.0,ETFCOM_VALIDATED_ACTUAL,https://api-prod.etf.com/private/apps/fundflows/WCLD/charts?startDate=20260701&endDate=20260831,-960494.9999999999,27481585.0,365015500.0,7.528881650231291,ETF.com daily actual fund-flow fallback; USD-million chart scale validated against canonical issuer-derived references. Issuer exact flow remains preferred when its own unit QA is clean.
2026-08-20,WCLD,1.01305,1013050.0,ETFCOM_VALIDATED_ACTUAL,https://api-prod.etf.com/private/apps/fundflows/WCLD/charts?startDate=20260701&endDate=20260831,2033555.0,27623260.0,365015500.0,7.567695070483309,ETF.com daily actual fund-flow fallback; USD-million chart scale validated against canonical issuer-derived references. Issuer exact flow remains preferred when its own unit QA is clean.
2026-08-21,WCLD,-1.00288,-1002880.0,ETFCOM_VALIDATED_ACTUAL,https://api-prod.etf.com/private/apps/fundflows/WCLD/charts?startDate=20260701&endDate=20260831,-15524.999999999884,26620380.0,365015500.0,7.292945094112442,ETF.com daily actual fund-flow fallback; USD-million chart scale validated against canonical issuer-derived references. Issuer exact flow remains preferred when its own unit QA is clean.
2026-08-24,WCLD,2.0338,2033799.9999999998,ETFCOM_VALIDATED_ACTUAL,https://api-prod.etf.com/private/apps/fundflows/WCLD/charts?startDate=20260701&endDate=20260831,3037445.0,27842405.0,365015500.0,7.627732246986771,ETF.com daily actual fund-flow fallback; USD-million chart scale validated against canonical issuer-derived references. Issuer exact flow remains preferred when its own unit QA is clean.
2026-08-25,WCLD,0.0,0.0,ETFCOM_VALIDATED_ACTUAL,https://api-prod.etf.com/private/apps/fundflows/WCLD/charts?startDate=20260701&endDate=20260831,2043969.9999999998,27842405.0,365015500.0,7.627732246986771,ETF.com daily actual fund-flow fallback; USD-million chart scale validated against canonical issuer-derived references. Issuer exact flow remains preferred when its own unit QA is clean.
2026-08-26,WCLD,-0.997,-997000.0,ETFCOM_VALIDATED_ACTUAL,https://api-prod.etf.com/private/apps/fundflows/WCLD/charts?startDate=20260701&endDate=20260831,1046969.9999999998,26845405.0,365015500.0,7.354593161112336,ETF.com daily actual fund-flow fallback; USD-million chart scale validated against canonical issuer-derived references. Issuer exact flow remains preferred when its own unit QA is clean.
2026-08-27,WCLD,-1.00237,-1002370.0,ETFCOM_VALIDATED_ACTUAL,https://api-prod.etf.com/private/apps/fundflows/WCLD/charts?startDate=20260701&endDate=20260831,-968450.0000000002,24070185.0,365015500.0,6.594291201332546,ETF.com daily actual fund-flow fallback; USD-million chart scale validated against canonical issuer-derived references. Issuer exact flow remains preferred when its own unit QA is clean.
2026-08-28,WCLD,11.8454,11845400.0,ETFCOM_VALIDATED_ACTUAL,https://api-prod.etf.com/private/apps/fundflows/WCLD/charts?startDate=20260701&endDate=20260831,11879830.0,34165985.0,365015500.0,9.360146349949522,ETF.com daily actual fund-flow fallback; USD-million chart scale validated against canonical issuer-derived references. Issuer exact flow remains preferred when its own unit QA is clean.
2026-08-31,WCLD,-1.07357,-1073570.0,ETFCOM_VALIDATED_ACTUAL,https://api-prod.etf.com/private/apps/fundflows/WCLD/charts?startDate=20260701&endDate=20260831,8772460.0,32205765.0,365015500.0,8.823122579726066,ETF.com daily actual fund-flow fallback; USD-million chart scale validated against canonical issuer-derived references. Issuer exact flow remains preferred when its own unit QA is clean.
2026-07-01,WGMI,0.0,0.0,ETFCOM_VALIDATED_ACTUAL,https://api-prod.etf.com/private/apps/fundflows/WGMI/charts?startDate=20260701&endDate=20260831,,,237096000.0,,ETF.com daily actual fund-flow fallback; USD-million chart scale validated against canonical issuer-derived references. Issuer exact flow remains preferred when its own unit QA is clean.
2026-07-02,WGMI,-46.96,-46960000.0,ETFCOM_VALIDATED_ACTUAL,https://api-prod.etf.com/private/apps/fundflows/WGMI/charts?startDate=20260701&endDate=20260831,,,237096000.0,,ETF.com daily actual fund-flow fallback; USD-million chart scale validated against canonical issuer-derived references. Issuer exact flow remains preferred when its own unit QA is clean.
2026-07-06,WGMI,-13.2925,-13292500.0,ETFCOM_VALIDATED_ACTUAL,https://api-prod.etf.com/private/apps/fundflows/WGMI/charts?startDate=20260701&endDate=20260831,,,237096000.0,,ETF.com daily actual fund-flow fallback; USD-million chart scale validated against canonical issuer-derived references. Issuer exact flow remains preferred when its own unit QA is clean.
2026-07-07,WGMI,0.0,0.0,ETFCOM_VALIDATED_ACTUAL,https://api-prod.etf.com/private/apps/fundflows/WGMI/charts?startDate=20260701&endDate=20260831,,,237096000.0,,ETF.com daily actual fund-flow fallback; USD-million chart scale validated against canonical issuer-derived references. Issuer exact flow remains preferred when its own unit QA is clean.
2026-07-08,WGMI,9.20675,9206750.0,ETFCOM_VALIDATED_ACTUAL,https://api-prod.etf.com/private/apps/fundflows/WGMI/charts?startDate=20260701&endDate=20260831,-51045750.0,,237096000.0,,ETF.com daily actual fund-flow fallback; USD-million chart scale validated against canonical issuer-derived references. Issuer exact flow remains preferred when its own unit QA is clean.
2026-07-09,WGMI,0.0,0.0,ETFCOM_VALIDATED_ACTUAL,https://api-prod.etf.com/private/apps/fundflows/WGMI/charts?startDate=20260701&endDate=20260831,-51045750.0,,237096000.0,,ETF.com daily actual fund-flow fallback; USD-million chart scale validated against canonical issuer-derived references. Issuer exact flow remains preferred when its own unit QA is clean.
2026-07-10,WGMI,1.43025,1430250.0,ETFCOM_VALIDATED_ACTUAL,https://api-prod.etf.com/private/apps/fundflows/WGMI/charts?startDate=20260701&endDate=20260831,-2655500.0,,237096000.0,,ETF.com daily actual fund-flow fallback; USD-million chart scale validated against canonical issuer-derived references. Issuer exact flow remains preferred when its own unit QA is clean.
2026-07-13,WGMI,0.0,0.0,ETFCOM_VALIDATED_ACTUAL,https://api-prod.etf.com/private/apps/fundflows/WGMI/charts?startDate=20260701&endDate=20260831,10637000.0,,237096000.0,,ETF.com daily actual fund-flow fallback; USD-million chart scale validated against canonical issuer-derived references. Issuer exact flow remains preferred when its own unit QA is clean.
2026-07-14,WGMI,0.0,0.0,ETFCOM_VALIDATED_ACTUAL,https://api-prod.etf.com/private/apps/fundflows/WGMI/charts?startDate=20260701&endDate=20260831,10637000.0,,237096000.0,,ETF.com daily actual fund-flow fallback; USD-million chart scale validated against canonical issuer-derived references. Issuer exact flow remains preferred when its own unit QA is clean.
2026-07-15,WGMI,0.0,0.0,ETFCOM_VALIDATED_ACTUAL,https://api-prod.etf.com/private/apps/fundflows/WGMI/charts?startDate=20260701&endDate=20260831,1430250.0,,237096000.0,,ETF.com daily actual fund-flow fallback; USD-million chart scale validated against canonical issuer-derived references. Issuer exact flow remains preferred when its own unit QA is clean.
2026-07-16,WGMI,0.0,0.0,ETFCOM_VALIDATED_ACTUAL,https://api-prod.etf.com/private/apps/fundflows/WGMI/charts?startDate=20260701&endDate=20260831,1430250.0,,237096000.0,,ETF.com daily actual fund-flow fallback; USD-million chart scale validated against canonical issuer-derived references. Issuer exact flow remains preferred when its own unit QA is clean.
2026-07-17,WGMI,-1.20375,-1203750.0,ETFCOM_VALIDATED_ACTUAL,https://api-prod.etf.com/private/apps/fundflows/WGMI/charts?startDate=20260701&endDate=20260831,-1203750.0,,237096000.0,,ETF.com daily actual fund-flow fallback; USD-million chart scale validated against canonical issuer-derived references. Issuer exact flow remains preferred when its own unit QA is clean.
2026-07-20,WGMI,0.0,0.0,ETFCOM_VALIDATED_ACTUAL,https://api-prod.etf.com/private/apps/fundflows/WGMI/charts?startDate=20260701&endDate=20260831,-1203750.0,,237096000.0,,ETF.com daily actual fund-flow fallback; USD-million chart scale validated against canonical issuer-derived references. Issuer exact flow remains preferred when its own unit QA is clean.
2026-07-21,WGMI,3.95475,3954750.0,ETFCOM_VALIDATED_ACTUAL,https://api-prod.etf.com/private/apps/fundflows/WGMI/charts?startDate=20260701&endDate=20260831,2751000.0,,237096000.0,,ETF.com daily actual fund-flow fallback; USD-million chart scale validated against canonical issuer-derived references. Issuer exact flow remains preferred when its own unit QA is clean.
2026-07-22,WGMI,0.0,0.0,ETFCOM_VALIDATED_ACTUAL,https://api-prod.etf.com/private/apps/fundflows/WGMI/charts?startDate=20260701&endDate=20260831,2751000.0,,237096000.0,,ETF.com daily actual fund-flow fallback; USD-million chart scale validated against canonical issuer-derived references. Issuer exact flow remains preferred when its own unit QA is clean.
2026-07-27,WGMI,5.362,5362000.0,ETFCOM_VALIDATED_ACTUAL,https://api-prod.etf.com/private/apps/fundflows/WGMI/charts?startDate=20260701&endDate=20260831,8113000.0,,237096000.0,,ETF.com daily actual fund-flow fallback; USD-million chart scale validated against canonical issuer-derived references. Issuer exact flow remains preferred when its own unit QA is clean.
2026-07-28,WGMI,0.0,0.0,ETFCOM_VALIDATED_ACTUAL,https://api-prod.etf.com/private/apps/fundflows/WGMI/charts?startDate=20260701&endDate=20260831,9316750.0,,237096000.0,,ETF.com daily actual fund-flow fallback; USD-million chart scale validated against canonical issuer-derived references. Issuer exact flow remains preferred when its own unit QA is clean.
2026-07-29,WGMI,0.0,0.0,ETFCOM_VALIDATED_ACTUAL,https://api-prod.etf.com/private/apps/fundflows/WGMI/charts?startDate=20260701&endDate=20260831,9316750.0,,237096000.0,,ETF.com daily actual fund-flow fallback; USD-million chart scale validated against canonical issuer-derived references. Issuer exact flow remains preferred when its own unit QA is clean.
2026-07-30,WGMI,1.082,1082000.0,ETFCOM_VALIDATED_ACTUAL,https://api-prod.etf.com/private/apps/fundflows/WGMI/charts?startDate=20260701&endDate=20260831,6444000.0,,237096000.0,,ETF.com daily actual fund-flow fallback; USD-million chart scale validated against canonical issuer-derived references. Issuer exact flow remains preferred when its own unit QA is clean.
2026-07-31,WGMI,0.0,0.0,ETFCOM_VALIDATED_ACTUAL,https://api-prod.etf.com/private/apps/fundflows/WGMI/charts?startDate=20260701&endDate=20260831,6444000.0,-40420500.0,237096000.0,-17.048157708270068,ETF.com daily actual fund-flow fallback; USD-million chart scale validated against canonical issuer-derived references. Issuer exact flow remains preferred when its own unit QA is clean.
2026-08-03,WGMI,0.0,0.0,ETFCOM_VALIDATED_ACTUAL,https://api-prod.etf.com/private/apps/fundflows/WGMI/charts?startDate=20260701&endDate=20260831,1082000.0,-40420500.0,237096000.0,-17.048157708270068,ETF.com daily actual fund-flow fallback; USD-million chart scale validated against canonical issuer-derived references. Issuer exact flow remains preferred when its own unit QA is clean.
2026-08-04,WGMI,4.1055,4105500.0,ETFCOM_VALIDATED_ACTUAL,https://api-prod.etf.com/private/apps/fundflows/WGMI/charts?startDate=20260701&endDate=20260831,5187500.0,10645000.0,237096000.0,4.489742551540305,ETF.com daily actual fund-flow fallback; USD-million chart scale validated against canonical issuer-derived references. Issuer exact flow remains preferred when its own unit QA is clean.
2026-08-05,WGMI,0.0,0.0,ETFCOM_VALIDATED_ACTUAL,https://api-prod.etf.com/private/apps/fundflows/WGMI/charts?startDate=20260701&endDate=20260831,5187500.0,23937500.0,237096000.0,10.096121402301177,ETF.com daily actual fund-flow fallback; USD-million chart scale validated against canonical issuer-derived references. Issuer exact flow remains preferred when its own unit QA is clean.
2026-08-06,WGMI,-6.27,-6270000.0,ETFCOM_VALIDATED_ACTUAL,https://api-prod.etf.com/private/apps/fundflows/WGMI/charts?startDate=20260701&endDate=20260831,-2164500.0,17667500.0,237096000.0,7.451622971285893,ETF.com daily actual fund-flow fallback; USD-million chart scale validated against canonical issuer-derived references. Issuer exact flow remains preferred when its own unit QA is clean.
2026-08-07,WGMI,-2.424,-2424000.0,ETFCOM_VALIDATED_ACTUAL,https://api-prod.etf.com/private/apps/fundflows/WGMI/charts?startDate=20260701&endDate=20260831,-4588500.0,6036750.0,237096000.0,2.5461205587610083,ETF.com daily actual fund-flow fallback; USD-million chart scale validated against canonical issuer-derived references. Issuer exact flow remains preferred when its own unit QA is clean.
2026-08-10,WGMI,0.0,0.0,ETFCOM_VALIDATED_ACTUAL,https://api-prod.etf.com/private/apps/fundflows/WGMI/charts?startDate=20260701&endDate=20260831,-4588500.0,6036750.0,237096000.0,2.5461205587610083,ETF.com daily actual fund-flow fallback; USD-million chart scale validated against canonical issuer-derived references. Issuer exact flow remains preferred when its own unit QA is clean.
2026-08-11,WGMI,0.0,0.0,ETFCOM_VALIDATED_ACTUAL,https://api-prod.etf.com/private/apps/fundflows/WGMI/charts?startDate=20260701&endDate=20260831,-8694000.0,4606500.0,237096000.0,1.942883895131086,ETF.com daily actual fund-flow fallback; USD-million chart scale validated against canonical issuer-derived references. Issuer exact flow remains preferred when its own unit QA is clean.
2026-08-12,WGMI,0.0,0.0,ETFCOM_VALIDATED_ACTUAL,https://api-prod.etf.com/private/apps/fundflows/WGMI/charts?startDate=20260701&endDate=20260831,-8694000.0,4606500.0,237096000.0,1.942883895131086,ETF.com daily actual fund-flow fallback; USD-million chart scale validated against canonical issuer-derived references. Issuer exact flow remains preferred when its own unit QA is clean.
2026-08-13,WGMI,0.0,0.0,ETFCOM_VALIDATED_ACTUAL,https://api-prod.etf.com/private/apps/fundflows/WGMI/charts?startDate=20260701&endDate=20260831,-2424000.0,4606500.0,237096000.0,1.942883895131086,ETF.com daily actual fund-flow fallback; USD-million chart scale validated against canonical issuer-derived references. Issuer exact flow remains preferred when its own unit QA is clean.
2026-08-14,WGMI,-1.183,-1183000.0,ETFCOM_VALIDATED_ACTUAL,https://api-prod.etf.com/private/apps/fundflows/WGMI/charts?startDate=20260701&endDate=20260831,-1183000.0,3423500.0,237096000.0,1.4439298849411208,ETF.com daily actual fund-flow fallback; USD-million chart scale validated against canonical issuer-derived references. Issuer exact flow remains preferred when its own unit QA is clean.
2026-08-17,WGMI,0.0,0.0,ETFCOM_VALIDATED_ACTUAL,https://api-prod.etf.com/private/apps/fundflows/WGMI/charts?startDate=20260701&endDate=20260831,-1183000.0,3423500.0,237096000.0,1.4439298849411208,ETF.com daily actual fund-flow fallback; USD-million chart scale validated against canonical issuer-derived references. Issuer exact flow remains preferred when its own unit QA is clean.
2026-08-18,WGMI,0.0,0.0,ETFCOM_VALIDATED_ACTUAL,https://api-prod.etf.com/private/apps/fundflows/WGMI/charts?startDate=20260701&endDate=20260831,-1183000.0,4627250.0,237096000.0,1.9516356243884334,ETF.com daily actual fund-flow fallback; USD-million chart scale validated against canonical issuer-derived references. Issuer exact flow remains preferred when its own unit QA is clean.
2026-08-19,WGMI,0.0,0.0,ETFCOM_VALIDATED_ACTUAL,https://api-prod.etf.com/private/apps/fundflows/WGMI/charts?startDate=20260701&endDate=20260831,-1183000.0,4627250.0,237096000.0,1.9516356243884334,ETF.com daily actual fund-flow fallback; USD-million chart scale validated against canonical issuer-derived references. Issuer exact flow remains preferred when its own unit QA is clean.
2026-08-20,WGMI,0.0,0.0,ETFCOM_VALIDATED_ACTUAL,https://api-prod.etf.com/private/apps/fundflows/WGMI/charts?startDate=20260701&endDate=20260831,-1183000.0,672500.0,237096000.0,0.2836403819549887,ETF.com daily actual fund-flow fallback; USD-million chart scale validated against canonical issuer-derived references. Issuer exact flow remains preferred when its own unit QA is clean.
2026-08-21,WGMI,0.0,0.0,ETFCOM_VALIDATED_ACTUAL,https://api-prod.etf.com/private/apps/fundflows/WGMI/charts?startDate=20260701&endDate=20260831,0.0,672500.0,237096000.0,0.2836403819549887,ETF.com daily actual fund-flow fallback; USD-million chart scale validated against canonical issuer-derived references. Issuer exact flow remains preferred when its own unit QA is clean.
2026-08-24,WGMI,3.42675,3426750.0,ETFCOM_VALIDATED_ACTUAL,https://api-prod.etf.com/private/apps/fundflows/WGMI/charts?startDate=20260701&endDate=20260831,3426750.0,-1262750.0,237096000.0,-0.5325901744441071,ETF.com daily actual fund-flow fallback; USD-million chart scale validated against canonical issuer-derived references. Issuer exact flow remains preferred when its own unit QA is clean.
2026-08-25,WGMI,6.693,6693000.0,ETFCOM_VALIDATED_ACTUAL,https://api-prod.etf.com/private/apps/fundflows/WGMI/charts?startDate=20260701&endDate=20260831,10119750.0,5430250.0,237096000.0,2.2903170023956543,ETF.com daily actual fund-flow fallback; USD-million chart scale validated against canonical issuer-derived references. Issuer exact flow remains preferred when its own unit QA is clean.
2026-08-26,WGMI,7.0035,7003500.0,ETFCOM_VALIDATED_ACTUAL,https://api-prod.etf.com/private/apps/fundflows/WGMI/charts?startDate=20260701&endDate=20260831,17123250.0,12433750.0,237096000.0,5.244183790532105,ETF.com daily actual fund-flow fallback; USD-million chart scale validated against canonical issuer-derived references. Issuer exact flow remains preferred when its own unit QA is clean.
2026-08-27,WGMI,0.0,0.0,ETFCOM_VALIDATED_ACTUAL,https://api-prod.etf.com/private/apps/fundflows/WGMI/charts?startDate=20260701&endDate=20260831,17123250.0,11351750.0,237096000.0,4.787828558895975,ETF.com daily actual fund-flow fallback; USD-million chart scale validated against canonical issuer-derived references. Issuer exact flow remains preferred when its own unit QA is clean.
2026-08-28,WGMI,3.48825,3488250.0,ETFCOM_VALIDATED_ACTUAL,https://api-prod.etf.com/private/apps/fundflows/WGMI/charts?startDate=20260701&endDate=20260831,20611500.0,14840000.0,237096000.0,6.259068056820865,ETF.com daily actual fund-flow fallback; USD-million chart scale validated against canonical issuer-derived references. Issuer exact flow remains preferred when its own unit QA is clean.
2026-08-31,WGMI,7.476,7476000.0,ETFCOM_VALIDATED_ACTUAL,https://api-prod.etf.com/private/apps/fundflows/WGMI/charts?startDate=20260701&endDate=20260831,24660750.0,22316000.0,237096000.0,9.41222120997402,ETF.com daily actual fund-flow fallback; USD-million chart scale validated against canonical issuer-derived references. Issuer exact flow remains preferred when its own unit QA is clean.
2026-07-01,WOOD,0.0,0.0,ETFCOM_VALIDATED_ACTUAL,https://api-prod.etf.com/private/apps/fundflows/WOOD/charts?startDate=20260701&endDate=20260831,,,271970678.7,,ETF.com daily actual fund-flow fallback; USD-million chart scale validated against canonical issuer-derived references. Issuer exact flow remains preferred when its own unit QA is clean.
2026-07-02,WOOD,0.0,0.0,ETFCOM_VALIDATED_ACTUAL,https://api-prod.etf.com/private/apps/fundflows/WOOD/charts?startDate=20260701&endDate=20260831,,,271970678.7,,ETF.com daily actual fund-flow fallback; USD-million chart scale validated against canonical issuer-derived references. Issuer exact flow remains preferred when its own unit QA is clean.
2026-07-06,WOOD,0.0,0.0,ETFCOM_VALIDATED_ACTUAL,https://api-prod.etf.com/private/apps/fundflows/WOOD/charts?startDate=20260701&endDate=20260831,,,271970678.7,,ETF.com daily actual fund-flow fallback; USD-million chart scale validated against canonical issuer-derived references. Issuer exact flow remains preferred when its own unit QA is clean.
2026-07-07,WOOD,0.0,0.0,ETFCOM_VALIDATED_ACTUAL,https://api-prod.etf.com/private/apps/fundflows/WOOD/charts?startDate=20260701&endDate=20260831,,,271970678.7,,ETF.com daily actual fund-flow fallback; USD-million chart scale validated against canonical issuer-derived references. Issuer exact flow remains preferred when its own unit QA is clean.
2026-07-08,WOOD,0.0,0.0,ETFCOM_VALIDATED_ACTUAL,https://api-prod.etf.com/private/apps/fundflows/WOOD/charts?startDate=20260701&endDate=20260831,0.0,,271970678.7,,ETF.com daily actual fund-flow fallback; USD-million chart scale validated against canonical issuer-derived references. Issuer exact flow remains preferred when its own unit QA is clean.
2026-07-09,WOOD,0.0,0.0,ETFCOM_VALIDATED_ACTUAL,https://api-prod.etf.com/private/apps/fundflows/WOOD/charts?startDate=20260701&endDate=20260831,0.0,,271970678.7,,ETF.com daily actual fund-flow fallback; USD-million chart scale validated against canonical issuer-derived references. Issuer exact flow remains preferred when its own unit QA is clean.
2026-07-10,WOOD,0.0,0.0,ETFCOM_VALIDATED_ACTUAL,https://api-prod.etf.com/private/apps/fundflows/WOOD/charts?startDate=20260701&endDate=20260831,0.0,,271970678.7,,ETF.com daily actual fund-flow fallback; USD-million chart scale validated against canonical issuer-derived references. Issuer exact flow remains preferred when its own unit QA is clean.
2026-07-13,WOOD,0.0,0.0,ETFCOM_VALIDATED_ACTUAL,https://api-prod.etf.com/private/apps/fundflows/WOOD/charts?startDate=20260701&endDate=20260831,0.0,,271970678.7,,ETF.com daily actual fund-flow fallback; USD-million chart scale validated against canonical issuer-derived references. Issuer exact flow remains preferred when its own unit QA is clean.
2026-07-14,WOOD,0.0,0.0,ETFCOM_VALIDATED_ACTUAL,https://api-prod.etf.com/private/apps/fundflows/WOOD/charts?startDate=20260701&endDate=20260831,0.0,,271970678.7,,ETF.com daily actual fund-flow fallback; USD-million chart scale validated against canonical issuer-derived references. Issuer exact flow remains preferred when its own unit QA is clean.
2026-07-15,WOOD,0.0,0.0,ETFCOM_VALIDATED_ACTUAL,https://api-prod.etf.com/private/apps/fundflows/WOOD/charts?startDate=20260701&endDate=20260831,0.0,,271970678.7,,ETF.com daily actual fund-flow fallback; USD-million chart scale validated against canonical issuer-derived references. Issuer exact flow remains preferred when its own unit QA is clean.
2026-07-16,WOOD,0.0,0.0,ETFCOM_VALIDATED_ACTUAL,https://api-prod.etf.com/private/apps/fundflows/WOOD/charts?startDate=20260701&endDate=20260831,0.0,,271970678.7,,ETF.com daily actual fund-flow fallback; USD-million chart scale validated against canonical issuer-derived references. Issuer exact flow remains preferred when its own unit QA is clean.
2026-07-17,WOOD,0.0,0.0,ETFCOM_VALIDATED_ACTUAL,https://api-prod.etf.com/private/apps/fundflows/WOOD/charts?startDate=20260701&endDate=20260831,0.0,,271970678.7,,ETF.com daily actual fund-flow fallback; USD-million chart scale validated against canonical issuer-derived references. Issuer exact flow remains preferred when its own unit QA is clean.
2026-07-20,WOOD,0.0,0.0,ETFCOM_VALIDATED_ACTUAL,https://api-prod.etf.com/private/apps/fundflows/WOOD/charts?startDate=20260701&endDate=20260831,0.0,,271970678.7,,ETF.com daily actual fund-flow fallback; USD-million chart scale validated against canonical issuer-derived references. Issuer exact flow remains preferred when its own unit QA is clean.
2026-07-21,WOOD,0.0,0.0,ETFCOM_VALIDATED_ACTUAL,https://api-prod.etf.com/private/apps/fundflows/WOOD/charts?startDate=20260701&endDate=20260831,0.0,,271970678.7,,ETF.com daily actual fund-flow fallback; USD-million chart scale validated against canonical issuer-derived references. Issuer exact flow remains preferred when its own unit QA is clean.
2026-07-22,WOOD,0.0,0.0,ETFCOM_VALIDATED_ACTUAL,https://api-prod.etf.com/private/apps/fundflows/WOOD/charts?startDate=20260701&endDate=20260831,0.0,,271970678.7,,ETF.com daily actual fund-flow fallback; USD-million chart scale validated against canonical issuer-derived references. Issuer exact flow remains preferred when its own unit QA is clean.
2026-07-27,WOOD,0.0,0.0,ETFCOM_VALIDATED_ACTUAL,https://api-prod.etf.com/private/apps/fundflows/WOOD/charts?startDate=20260701&endDate=20260831,0.0,,271970678.7,,ETF.com daily actual fund-flow fallback; USD-million chart scale validated against canonical issuer-derived references. Issuer exact flow remains preferred when its own unit QA is clean.
2026-07-28,WOOD,0.0,0.0,ETFCOM_VALIDATED_ACTUAL,https://api-prod.etf.com/private/apps/fundflows/WOOD/charts?startDate=20260701&endDate=20260831,0.0,,271970678.7,,ETF.com daily actual fund-flow fallback; USD-million chart scale validated against canonical issuer-derived references. Issuer exact flow remains preferred when its own unit QA is clean.
2026-07-29,WOOD,0.0,0.0,ETFCOM_VALIDATED_ACTUAL,https://api-prod.etf.com/private/apps/fundflows/WOOD/charts?startDate=20260701&endDate=20260831,0.0,,271970678.7,,ETF.com daily actual fund-flow fallback; USD-million chart scale validated against canonical issuer-derived references. Issuer exact flow remains preferred when its own unit QA is clean.
2026-07-30,WOOD,0.0,0.0,ETFCOM_VALIDATED_ACTUAL,https://api-prod.etf.com/private/apps/fundflows/WOOD/charts?startDate=20260701&endDate=20260831,0.0,,271970678.7,,ETF.com daily actual fund-flow fallback; USD-million chart scale validated against canonical issuer-derived references. Issuer exact flow remains preferred when its own unit QA is clean.
2026-07-31,WOOD,0.0,0.0,ETFCOM_VALIDATED_ACTUAL,https://api-prod.etf.com/private/apps/fundflows/WOOD/charts?startDate=20260701&endDate=20260831,0.0,0.0,271970678.7,0.0,ETF.com daily actual fund-flow fallback; USD-million chart scale validated against canonical issuer-derived references. Issuer exact flow remains preferred when its own unit QA is clean.
2026-08-03,WOOD,0.0,0.0,ETFCOM_VALIDATED_ACTUAL,https://api-prod.etf.com/private/apps/fundflows/WOOD/charts?startDate=20260701&endDate=20260831,0.0,0.0,271970678.7,0.0,ETF.com daily actual fund-flow fallback; USD-million chart scale validated against canonical issuer-derived references. Issuer exact flow remains preferred when its own unit QA is clean.
2026-08-04,WOOD,0.0,0.0,ETFCOM_VALIDATED_ACTUAL,https://api-prod.etf.com/private/apps/fundflows/WOOD/charts?startDate=20260701&endDate=20260831,0.0,0.0,271970678.7,0.0,ETF.com daily actual fund-flow fallback; USD-million chart scale validated against canonical issuer-derived references. Issuer exact flow remains preferred when its own unit QA is clean.
2026-08-05,WOOD,0.0,0.0,ETFCOM_VALIDATED_ACTUAL,https://api-prod.etf.com/private/apps/fundflows/WOOD/charts?startDate=20260701&endDate=20260831,0.0,0.0,271970678.7,0.0,ETF.com daily actual fund-flow fallback; USD-million chart scale validated against canonical issuer-derived references. Issuer exact flow remains preferred when its own unit QA is clean.
2026-08-06,WOOD,0.0,0.0,ETFCOM_VALIDATED_ACTUAL,https://api-prod.etf.com/private/apps/fundflows/WOOD/charts?startDate=20260701&endDate=20260831,0.0,0.0,271970678.7,0.0,ETF.com daily actual fund-flow fallback; USD-million chart scale validated against canonical issuer-derived references. Issuer exact flow remains preferred when its own unit QA is clean.
2026-08-07,WOOD,0.0,0.0,ETFCOM_VALIDATED_ACTUAL,https://api-prod.etf.com/private/apps/fundflows/WOOD/charts?startDate=20260701&endDate=20260831,0.0,0.0,271970678.7,0.0,ETF.com daily actual fund-flow fallback; USD-million chart scale validated against canonical issuer-derived references. Issuer exact flow remains preferred when its own unit QA is clean.
2026-08-10,WOOD,0.0,0.0,ETFCOM_VALIDATED_ACTUAL,https://api-prod.etf.com/private/apps/fundflows/WOOD/charts?startDate=20260701&endDate=20260831,0.0,0.0,271970678.7,0.0,ETF.com daily actual fund-flow fallback; USD-million chart scale validated against canonical issuer-derived references. Issuer exact flow remains preferred when its own unit QA is clean.
2026-08-11,WOOD,0.0,0.0,ETFCOM_VALIDATED_ACTUAL,https://api-prod.etf.com/private/apps/fundflows/WOOD/charts?startDate=20260701&endDate=20260831,0.0,0.0,271970678.7,0.0,ETF.com daily actual fund-flow fallback; USD-million chart scale validated against canonical issuer-derived references. Issuer exact flow remains preferred when its own unit QA is clean.
2026-08-12,WOOD,0.0,0.0,ETFCOM_VALIDATED_ACTUAL,https://api-prod.etf.com/private/apps/fundflows/WOOD/charts?startDate=20260701&endDate=20260831,0.0,0.0,271970678.7,0.0,ETF.com daily actual fund-flow fallback; USD-million chart scale validated against canonical issuer-derived references. Issuer exact flow remains preferred when its own unit QA is clean.
2026-08-13,WOOD,0.0,0.0,ETFCOM_VALIDATED_ACTUAL,https://api-prod.etf.com/private/apps/fundflows/WOOD/charts?startDate=20260701&endDate=20260831,0.0,0.0,271970678.7,0.0,ETF.com daily actual fund-flow fallback; USD-million chart scale validated against canonical issuer-derived references. Issuer exact flow remains preferred when its own unit QA is clean.
2026-08-14,WOOD,0.0,0.0,ETFCOM_VALIDATED_ACTUAL,https://api-prod.etf.com/private/apps/fundflows/WOOD/charts?startDate=20260701&endDate=20260831,0.0,0.0,271970678.7,0.0,ETF.com daily actual fund-flow fallback; USD-million chart scale validated against canonical issuer-derived references. Issuer exact flow remains preferred when its own unit QA is clean.
2026-08-17,WOOD,4.32053,4320530.0,ETFCOM_VALIDATED_ACTUAL,https://api-prod.etf.com/private/apps/fundflows/WOOD/charts?startDate=20260701&endDate=20260831,4320530.0,4320530.0,271970678.7,1.5886013965372363,ETF.com daily actual fund-flow fallback; USD-million chart scale validated against canonical issuer-derived references. Issuer exact flow remains preferred when its own unit QA is clean.
2026-08-18,WOOD,0.0,0.0,ETFCOM_VALIDATED_ACTUAL,https://api-prod.etf.com/private/apps/fundflows/WOOD/charts?startDate=20260701&endDate=20260831,4320530.0,4320530.0,271970678.7,1.5886013965372363,ETF.com daily actual fund-flow fallback; USD-million chart scale validated against canonical issuer-derived references. Issuer exact flow remains preferred when its own unit QA is clean.
2026-08-19,WOOD,0.0,0.0,ETFCOM_VALIDATED_ACTUAL,https://api-prod.etf.com/private/apps/fundflows/WOOD/charts?startDate=20260701&endDate=20260831,4320530.0,4320530.0,271970678.7,1.5886013965372363,ETF.com daily actual fund-flow fallback; USD-million chart scale validated against canonical issuer-derived references. Issuer exact flow remains preferred when its own unit QA is clean.
2026-08-20,WOOD,0.0,0.0,ETFCOM_VALIDATED_ACTUAL,https://api-prod.etf.com/private/apps/fundflows/WOOD/charts?startDate=20260701&endDate=20260831,4320530.0,4320530.0,271970678.7,1.5886013965372363,ETF.com daily actual fund-flow fallback; USD-million chart scale validated against canonical issuer-derived references. Issuer exact flow remains preferred when its own unit QA is clean.
2026-08-21,WOOD,0.0,0.0,ETFCOM_VALIDATED_ACTUAL,https://api-prod.etf.com/private/apps/fundflows/WOOD/charts?startDate=20260701&endDate=20260831,4320530.0,4320530.0,271970678.7,1.5886013965372363,ETF.com daily actual fund-flow fallback; USD-million chart scale validated against canonical issuer-derived references. Issuer exact flow remains preferred when its own unit QA is clean.
2026-08-24,WOOD,0.0,0.0,ETFCOM_VALIDATED_ACTUAL,https://api-prod.etf.com/private/apps/fundflows/WOOD/charts?startDate=20260701&endDate=20260831,0.0,4320530.0,271970678.7,1.5886013965372363,ETF.com daily actual fund-flow fallback; USD-million chart scale validated against canonical issuer-derived references. Issuer exact flow remains preferred when its own unit QA is clean.
2026-08-25,WOOD,0.0,0.0,ETFCOM_VALIDATED_ACTUAL,https://api-prod.etf.com/private/apps/fundflows/WOOD/charts?startDate=20260701&endDate=20260831,0.0,4320530.0,271970678.7,1.5886013965372363,ETF.com daily actual fund-flow fallback; USD-million chart scale validated against canonical issuer-derived references. Issuer exact flow remains preferred when its own unit QA is clean.
2026-08-26,WOOD,0.0,0.0,ETFCOM_VALIDATED_ACTUAL,https://api-prod.etf.com/private/apps/fundflows/WOOD/charts?startDate=20260701&endDate=20260831,0.0,4320530.0,271970678.7,1.5886013965372363,ETF.com daily actual fund-flow fallback; USD-million chart scale validated against canonical issuer-derived references. Issuer exact flow remains preferred when its own unit QA is clean.
2026-08-27,WOOD,0.0,0.0,ETFCOM_VALIDATED_ACTUAL,https://api-prod.etf.com/private/apps/fundflows/WOOD/charts?startDate=20260701&endDate=20260831,0.0,4320530.0,271970678.7,1.5886013965372363,ETF.com daily actual fund-flow fallback; USD-million chart scale validated against canonical issuer-derived references. Issuer exact flow remains preferred when its own unit QA is clean.
2026-08-28,WOOD,0.0,0.0,ETFCOM_VALIDATED_ACTUAL,https://api-prod.etf.com/private/apps/fundflows/WOOD/charts?startDate=20260701&endDate=20260831,0.0,4320530.0,271970678.7,1.5886013965372363,ETF.com daily actual fund-flow fallback; USD-million chart scale validated against canonical issuer-derived references. Issuer exact flow remains preferred when its own unit QA is clean.
2026-08-31,WOOD,0.0,0.0,ETFCOM_VALIDATED_ACTUAL,https://api-prod.etf.com/private/apps/fundflows/WOOD/charts?startDate=20260701&endDate=20260831,0.0,4320530.0,271970678.7,1.5886013965372363,ETF.com daily actual fund-flow fallback; USD-million chart scale validated against canonical issuer-derived references. Issuer exact flow remains preferred when its own unit QA is clean.
2026-07-01,XAR,0.0,0.0,ETFCOM_VALIDATED_ACTUAL,https://api-prod.etf.com/private/apps/fundflows/XAR/charts?startDate=20260701&endDate=20260831,,,5967458409.6,,ETF.com daily actual fund-flow fallback; USD-million chart scale validated against canonical issuer-derived references. Issuer exact flow remains preferred when its own unit QA is clean.
2026-07-02,XAR,0.0,0.0,ETFCOM_VALIDATED_ACTUAL,https://api-prod.etf.com/private/apps/fundflows/XAR/charts?startDate=20260701&endDate=20260831,,,5967458409.6,,ETF.com daily actual fund-flow fallback; USD-million chart scale validated against canonical issuer-derived references. Issuer exact flow remains preferred when its own unit QA is clean.
2026-07-06,XAR,0.0,0.0,ETFCOM_VALIDATED_ACTUAL,https://api-prod.etf.com/private/apps/fundflows/XAR/charts?startDate=20260701&endDate=20260831,,,5967458409.6,,ETF.com daily actual fund-flow fallback; USD-million chart scale validated against canonical issuer-derived references. Issuer exact flow remains preferred when its own unit QA is clean.
2026-07-07,XAR,-7.24464,-7244640.0,ETFCOM_VALIDATED_ACTUAL,https://api-prod.etf.com/private/apps/fundflows/XAR/charts?startDate=20260701&endDate=20260831,,,5967458409.6,,ETF.com daily actual fund-flow fallback; USD-million chart scale validated against canonical issuer-derived references. Issuer exact flow remains preferred when its own unit QA is clean.
2026-07-08,XAR,-13.9791,-13979100.0,ETFCOM_VALIDATED_ACTUAL,https://api-prod.etf.com/private/apps/fundflows/XAR/charts?startDate=20260701&endDate=20260831,-21223740.0,,5967458409.6,,ETF.com daily actual fund-flow fallback; USD-million chart scale validated against canonical issuer-derived references. Issuer exact flow remains preferred when its own unit QA is clean.
2026-07-09,XAR,0.0,0.0,ETFCOM_VALIDATED_ACTUAL,https://api-prod.etf.com/private/apps/fundflows/XAR/charts?startDate=20260701&endDate=20260831,-21223740.0,,5967458409.6,,ETF.com daily actual fund-flow fallback; USD-million chart scale validated against canonical issuer-derived references. Issuer exact flow remains preferred when its own unit QA is clean.
2026-07-14,XAR,-13.201,-13201000.0,ETFCOM_VALIDATED_ACTUAL,https://api-prod.etf.com/private/apps/fundflows/XAR/charts?startDate=20260701&endDate=20260831,-34424740.0,,5967458409.6,,ETF.com daily actual fund-flow fallback; USD-million chart scale validated against canonical issuer-derived references. Issuer exact flow remains preferred when its own unit QA is clean.
2026-07-15,XAR,0.0,0.0,ETFCOM_VALIDATED_ACTUAL,https://api-prod.etf.com/private/apps/fundflows/XAR/charts?startDate=20260701&endDate=20260831,-34424740.0,,5967458409.6,,ETF.com daily actual fund-flow fallback; USD-million chart scale validated against canonical issuer-derived references. Issuer exact flow remains preferred when its own unit QA is clean.
2026-07-16,XAR,0.0,0.0,ETFCOM_VALIDATED_ACTUAL,https://api-prod.etf.com/private/apps/fundflows/XAR/charts?startDate=20260701&endDate=20260831,-27180100.0,,5967458409.6,,ETF.com daily actual fund-flow fallback; USD-million chart scale validated against canonical issuer-derived references. Issuer exact flow remains preferred when its own unit QA is clean.
2026-07-17,XAR,-6.47997,-6479970.0,ETFCOM_VALIDATED_ACTUAL,https://api-prod.etf.com/private/apps/fundflows/XAR/charts?startDate=20260701&endDate=20260831,-19680970.0,,5967458409.6,,ETF.com daily actual fund-flow fallback; USD-million chart scale validated against canonical issuer-derived references. Issuer exact flow remains preferred when its own unit QA is clean.
2026-07-20,XAR,-12.9373,-12937300.0,ETFCOM_VALIDATED_ACTUAL,https://api-prod.etf.com/private/apps/fundflows/XAR/charts?startDate=20260701&endDate=20260831,-32618270.0,,5967458409.6,,ETF.com daily actual fund-flow fallback; USD-million chart scale validated against canonical issuer-derived references. Issuer exact flow remains preferred when its own unit QA is clean.
2026-07-21,XAR,-19.4551,-19455100.0,ETFCOM_VALIDATED_ACTUAL,https://api-prod.etf.com/private/apps/fundflows/XAR/charts?startDate=20260701&endDate=20260831,-38872370.0,,5967458409.6,,ETF.com daily actual fund-flow fallback; USD-million chart scale validated against canonical issuer-derived references. Issuer exact flow remains preferred when its own unit QA is clean.
2026-07-27,XAR,0.0,0.0,ETFCOM_VALIDATED_ACTUAL,https://api-prod.etf.com/private/apps/fundflows/XAR/charts?startDate=20260701&endDate=20260831,-38872370.0,,5967458409.6,,ETF.com daily actual fund-flow fallback; USD-million chart scale validated against canonical issuer-derived references. Issuer exact flow remains preferred when its own unit QA is clean.
2026-07-28,XAR,0.0,0.0,ETFCOM_VALIDATED_ACTUAL,https://api-prod.etf.com/private/apps/fundflows/XAR/charts?startDate=20260701&endDate=20260831,-38872370.0,,5967458409.6,,ETF.com daily actual fund-flow fallback; USD-million chart scale validated against canonical issuer-derived references. Issuer exact flow remains preferred when its own unit QA is clean.
2026-07-29,XAR,61.1934,61193400.0,ETFCOM_VALIDATED_ACTUAL,https://api-prod.etf.com/private/apps/fundflows/XAR/charts?startDate=20260701&endDate=20260831,28801000.0,,5967458409.6,,ETF.com daily actual fund-flow fallback; USD-million chart scale validated against canonical issuer-derived references. Issuer exact flow remains preferred when its own unit QA is clean.
2026-07-30,XAR,0.0,0.0,ETFCOM_VALIDATED_ACTUAL,https://api-prod.etf.com/private/apps/fundflows/XAR/charts?startDate=20260701&endDate=20260831,41738300.0,,5967458409.6,,ETF.com daily actual fund-flow fallback; USD-million chart scale validated against canonical issuer-derived references. Issuer exact flow remains preferred when its own unit QA is clean.
2026-07-31,XAR,-6.56949,-6569490.0,ETFCOM_VALIDATED_ACTUAL,https://api-prod.etf.com/private/apps/fundflows/XAR/charts?startDate=20260701&endDate=20260831,54623910.0,,5967458409.6,,ETF.com daily actual fund-flow fallback; USD-million chart scale validated against canonical issuer-derived references. Issuer exact flow remains preferred when its own unit QA is clean.
2026-08-03,XAR,0.0,0.0,ETFCOM_VALIDATED_ACTUAL,https://api-prod.etf.com/private/apps/fundflows/XAR/charts?startDate=20260701&endDate=20260831,54623910.0,,5967458409.6,,ETF.com daily actual fund-flow fallback; USD-million chart scale validated against canonical issuer-derived references. Issuer exact flow remains preferred when its own unit QA is clean.
2026-08-04,XAR,0.0,0.0,ETFCOM_VALIDATED_ACTUAL,https://api-prod.etf.com/private/apps/fundflows/XAR/charts?startDate=20260701&endDate=20260831,54623910.0,,5967458409.6,,ETF.com daily actual fund-flow fallback; USD-million chart scale validated against canonical issuer-derived references. Issuer exact flow remains preferred when its own unit QA is clean.
2026-08-05,XAR,0.0,0.0,ETFCOM_VALIDATED_ACTUAL,https://api-prod.etf.com/private/apps/fundflows/XAR/charts?startDate=20260701&endDate=20260831,-6569490.0,-18673200.0,5967458409.6,-0.3129171368829308,ETF.com daily actual fund-flow fallback; USD-million chart scale validated against canonical issuer-derived references. Issuer exact flow remains preferred when its own unit QA is clean.
2026-08-06,XAR,14.1105,14110500.0,ETFCOM_VALIDATED_ACTUAL,https://api-prod.etf.com/private/apps/fundflows/XAR/charts?startDate=20260701&endDate=20260831,7541010.0,-4562700.0,5967458409.6,-0.07645968663409317,ETF.com daily actual fund-flow fallback; USD-million chart scale validated against canonical issuer-derived references. Issuer exact flow remains preferred when its own unit QA is clean.
2026-08-07,XAR,7.06445,7064450.0,ETFCOM_VALIDATED_ACTUAL,https://api-prod.etf.com/private/apps/fundflows/XAR/charts?startDate=20260701&endDate=20260831,21174950.0,2501750.0,5967458409.6,0.04192320797704047,ETF.com daily actual fund-flow fallback; USD-million chart scale validated against canonical issuer-derived references. Issuer exact flow remains preferred when its own unit QA is clean.
2026-08-10,XAR,0.0,0.0,ETFCOM_VALIDATED_ACTUAL,https://api-prod.etf.com/private/apps/fundflows/XAR/charts?startDate=20260701&endDate=20260831,21174950.0,2501750.0,5967458409.6,0.04192320797704047,ETF.com daily actual fund-flow fallback; USD-million chart scale validated against canonical issuer-derived references. Issuer exact flow remains preferred when its own unit QA is clean.
2026-08-11,XAR,0.0,0.0,ETFCOM_VALIDATED_ACTUAL,https://api-prod.etf.com/private/apps/fundflows/XAR/charts?startDate=20260701&endDate=20260831,21174950.0,9746390.0,5967458409.6,0.16332564604590688,ETF.com daily actual fund-flow fallback; USD-million chart scale validated against canonical issuer-derived references. Issuer exact flow remains preferred when its own unit QA is clean.
2026-08-12,XAR,7.30564,7305640.0,ETFCOM_VALIDATED_ACTUAL,https://api-prod.etf.com/private/apps/fundflows/XAR/charts?startDate=20260701&endDate=20260831,28480590.0,31031130.0,5967458409.6,0.5200058026391846,ETF.com daily actual fund-flow fallback; USD-million chart scale validated against canonical issuer-derived references. Issuer exact flow remains preferred when its own unit QA is clean.
2026-08-14,XAR,-7.2982,-7298200.0,ETFCOM_VALIDATED_ACTUAL,https://api-prod.etf.com/private/apps/fundflows/XAR/charts?startDate=20260701&endDate=20260831,7071890.0,23732930.0,5967458409.6,0.3977058300367915,ETF.com daily actual fund-flow fallback; USD-million chart scale validated against canonical issuer-derived references. Issuer exact flow remains preferred when its own unit QA is clean.
2026-08-17,XAR,14.8306,14830600.0,ETFCOM_VALIDATED_ACTUAL,https://api-prod.etf.com/private/apps/fundflows/XAR/charts?startDate=20260701&endDate=20260831,14838040.0,51764530.0,5967458409.6,0.8674468500144903,ETF.com daily actual fund-flow fallback; USD-million chart scale validated against canonical issuer-derived references. Issuer exact flow remains preferred when its own unit QA is clean.
2026-08-18,XAR,22.1106,22110600.0,ETFCOM_VALIDATED_ACTUAL,https://api-prod.etf.com/private/apps/fundflows/XAR/charts?startDate=20260701&endDate=20260831,36948640.0,73875130.0,5967458409.6,1.2379663992488865,ETF.com daily actual fund-flow fallback; USD-million chart scale validated against canonical issuer-derived references. Issuer exact flow remains preferred when its own unit QA is clean.
2026-08-19,XAR,-7.26274,-7262740.0,ETFCOM_VALIDATED_ACTUAL,https://api-prod.etf.com/private/apps/fundflows/XAR/charts?startDate=20260701&endDate=20260831,29685900.0,66612390.0,5967458409.6,1.1162606494724618,ETF.com daily actual fund-flow fallback; USD-million chart scale validated against canonical issuer-derived references. Issuer exact flow remains preferred when its own unit QA is clean.
2026-08-20,XAR,0.0,0.0,ETFCOM_VALIDATED_ACTUAL,https://api-prod.etf.com/private/apps/fundflows/XAR/charts?startDate=20260701&endDate=20260831,22380260.0,73092360.0,5967458409.6,1.224849089562392,ETF.com daily actual fund-flow fallback; USD-million chart scale validated against canonical issuer-derived references. Issuer exact flow remains preferred when its own unit QA is clean.
2026-08-21,XAR,-6.79561,-6795610.0,ETFCOM_VALIDATED_ACTUAL,https://api-prod.etf.com/private/apps/fundflows/XAR/charts?startDate=20260701&endDate=20260831,22882850.0,79234050.0,5967458409.6,1.3277687846560302,ETF.com daily actual fund-flow fallback; USD-million chart scale validated against canonical issuer-derived references. Issuer exact flow remains preferred when its own unit QA is clean.
2026-08-24,XAR,0.0,0.0,ETFCOM_VALIDATED_ACTUAL,https://api-prod.etf.com/private/apps/fundflows/XAR/charts?startDate=20260701&endDate=20260831,8052250.0,98689150.0,5967458409.6,1.6537886521544294,ETF.com daily actual fund-flow fallback; USD-million chart scale validated against canonical issuer-derived references. Issuer exact flow remains preferred when its own unit QA is clean.
2026-08-25,XAR,6.63594,6635940.0,ETFCOM_VALIDATED_ACTUAL,https://api-prod.etf.com/private/apps/fundflows/XAR/charts?startDate=20260701&endDate=20260831,-7422410.0,105325090.0,5967458409.6,1.7649907677707628,ETF.com daily actual fund-flow fallback; USD-million chart scale validated against canonical issuer-derived references. Issuer exact flow remains preferred when its own unit QA is clean.
2026-08-26,XAR,13.2469,13246900.0,ETFCOM_VALIDATED_ACTUAL,https://api-prod.etf.com/private/apps/fundflows/XAR/charts?startDate=20260701&endDate=20260831,13087230.0,118571990.0,5967458409.6,1.986976395331893,ETF.com daily actual fund-flow fallback; USD-million chart scale validated against canonical issuer-derived references. Issuer exact flow remains preferred when its own unit QA is clean.
2026-08-27,XAR,0.0,0.0,ETFCOM_VALIDATED_ACTUAL,https://api-prod.etf.com/private/apps/fundflows/XAR/charts?startDate=20260701&endDate=20260831,13087230.0,57378590.0,5967458409.6,0.9615247574695053,ETF.com daily actual fund-flow fallback; USD-million chart scale validated against canonical issuer-derived references. Issuer exact flow remains preferred when its own unit QA is clean.
2026-08-28,XAR,0.0,0.0,ETFCOM_VALIDATED_ACTUAL,https://api-prod.etf.com/private/apps/fundflows/XAR/charts?startDate=20260701&endDate=20260831,19882840.0,57378590.0,5967458409.6,0.9615247574695053,ETF.com daily actual fund-flow fallback; USD-million chart scale validated against canonical issuer-derived references. Issuer exact flow remains preferred when its own unit QA is clean.
2026-08-31,XAR,-6.54327,-6543270.0,ETFCOM_VALIDATED_ACTUAL,https://api-prod.etf.com/private/apps/fundflows/XAR/charts?startDate=20260701&endDate=20260831,13339570.0,57404810.0,5967458409.6,0.9619641405066425,ETF.com daily actual fund-flow fallback; USD-million chart scale validated against canonical issuer-derived references. Issuer exact flow remains preferred when its own unit QA is clean.
2026-07-01,XBI,-39.5537,-39553700.0,ETFCOM_VALIDATED_ACTUAL,https://api-prod.etf.com/private/apps/fundflows/XBI/charts?startDate=20260701&endDate=20260831,,,11387610283.8,,ETF.com daily actual fund-flow fallback; USD-million chart scale validated against canonical issuer-derived references. Issuer exact flow remains preferred when its own unit QA is clean.
2026-07-02,XBI,78.2499,78249900.0,ETFCOM_VALIDATED_ACTUAL,https://api-prod.etf.com/private/apps/fundflows/XBI/charts?startDate=20260701&endDate=20260831,,,11387610283.8,,ETF.com daily actual fund-flow fallback; USD-million chart scale validated against canonical issuer-derived references. Issuer exact flow remains preferred when its own unit QA is clean.
2026-07-06,XBI,-84.2743,-84274300.0,ETFCOM_VALIDATED_ACTUAL,https://api-prod.etf.com/private/apps/fundflows/XBI/charts?startDate=20260701&endDate=20260831,,,11387610283.8,,ETF.com daily actual fund-flow fallback; USD-million chart scale validated against canonical issuer-derived references. Issuer exact flow remains preferred when its own unit QA is clean.
2026-07-07,XBI,4.0168,4016800.0,ETFCOM_VALIDATED_ACTUAL,https://api-prod.etf.com/private/apps/fundflows/XBI/charts?startDate=20260701&endDate=20260831,,,11387610283.8,,ETF.com daily actual fund-flow fallback; USD-million chart scale validated against canonical issuer-derived references. Issuer exact flow remains preferred when its own unit QA is clean.
2026-07-08,XBI,12.2918,12291800.0,ETFCOM_VALIDATED_ACTUAL,https://api-prod.etf.com/private/apps/fundflows/XBI/charts?startDate=20260701&endDate=20260831,-29269500.0,,11387610283.8,,ETF.com daily actual fund-flow fallback; USD-million chart scale validated against canonical issuer-derived references. Issuer exact flow remains preferred when its own unit QA is clean.
2026-07-09,XBI,-12.228,-12228000.0,ETFCOM_VALIDATED_ACTUAL,https://api-prod.etf.com/private/apps/fundflows/XBI/charts?startDate=20260701&endDate=20260831,-1943800.0,,11387610283.8,,ETF.com daily actual fund-flow fallback; USD-million chart scale validated against canonical issuer-derived references. Issuer exact flow remains preferred when its own unit QA is clean.
2026-07-14,XBI,89.3039,89303900.0,ETFCOM_VALIDATED_ACTUAL,https://api-prod.etf.com/private/apps/fundflows/XBI/charts?startDate=20260701&endDate=20260831,9110200.0,,11387610283.8,,ETF.com daily actual fund-flow fallback; USD-million chart scale validated against canonical issuer-derived references. Issuer exact flow remains preferred when its own unit QA is clean.
2026-07-15,XBI,-104.938,-104938000.0,ETFCOM_VALIDATED_ACTUAL,https://api-prod.etf.com/private/apps/fundflows/XBI/charts?startDate=20260701&endDate=20260831,-11553500.0,,11387610283.8,,ETF.com daily actual fund-flow fallback; USD-million chart scale validated against canonical issuer-derived references. Issuer exact flow remains preferred when its own unit QA is clean.
2026-07-16,XBI,-74.2123,-74212300.0,ETFCOM_VALIDATED_ACTUAL,https://api-prod.etf.com/private/apps/fundflows/XBI/charts?startDate=20260701&endDate=20260831,-89782600.0,,11387610283.8,,ETF.com daily actual fund-flow fallback; USD-million chart scale validated against canonical issuer-derived references. Issuer exact flow remains preferred when its own unit QA is clean.
2026-07-17,XBI,159.649,159649000.0,ETFCOM_VALIDATED_ACTUAL,https://api-prod.etf.com/private/apps/fundflows/XBI/charts?startDate=20260701&endDate=20260831,57574600.0,,11387610283.8,,ETF.com daily actual fund-flow fallback; USD-million chart scale validated against canonical issuer-derived references. Issuer exact flow remains preferred when its own unit QA is clean.
2026-07-20,XBI,-328.055,-328055000.0,ETFCOM_VALIDATED_ACTUAL,https://api-prod.etf.com/private/apps/fundflows/XBI/charts?startDate=20260701&endDate=20260831,-258252400.0,,11387610283.8,,ETF.com daily actual fund-flow fallback; USD-million chart scale validated against canonical issuer-derived references. Issuer exact flow remains preferred when its own unit QA is clean.
2026-07-21,XBI,362.147,362147000.0,ETFCOM_VALIDATED_ACTUAL,https://api-prod.etf.com/private/apps/fundflows/XBI/charts?startDate=20260701&endDate=20260831,14590700.0,,11387610283.8,,ETF.com daily actual fund-flow fallback; USD-million chart scale validated against canonical issuer-derived references. Issuer exact flow remains preferred when its own unit QA is clean.
2026-07-27,XBI,-124.214,-124214000.0,ETFCOM_VALIDATED_ACTUAL,https://api-prod.etf.com/private/apps/fundflows/XBI/charts?startDate=20260701&endDate=20260831,-4685300.0,,11387610283.8,,ETF.com daily actual fund-flow fallback; USD-million chart scale validated against canonical issuer-derived references. Issuer exact flow remains preferred when its own unit QA is clean.
2026-07-28,XBI,-26.3431,-26343100.0,ETFCOM_VALIDATED_ACTUAL,https://api-prod.etf.com/private/apps/fundflows/XBI/charts?startDate=20260701&endDate=20260831,43183900.0,,11387610283.8,,ETF.com daily actual fund-flow fallback; USD-million chart scale validated against canonical issuer-derived references. Issuer exact flow remains preferred when its own unit QA is clean.
2026-07-29,XBI,56.1759,56175900.0,ETFCOM_VALIDATED_ACTUAL,https://api-prod.etf.com/private/apps/fundflows/XBI/charts?startDate=20260701&endDate=20260831,-60289200.0,,11387610283.8,,ETF.com daily actual fund-flow fallback; USD-million chart scale validated against canonical issuer-derived references. Issuer exact flow remains preferred when its own unit QA is clean.
2026-07-30,XBI,-96.2005,-96200500.0,ETFCOM_VALIDATED_ACTUAL,https://api-prod.etf.com/private/apps/fundflows/XBI/charts?startDate=20260701&endDate=20260831,171565300.0,,11387610283.8,,ETF.com daily actual fund-flow fallback; USD-million chart scale validated against canonical issuer-derived references. Issuer exact flow remains preferred when its own unit QA is clean.
2026-07-31,XBI,22.7389,22738900.0,ETFCOM_VALIDATED_ACTUAL,https://api-prod.etf.com/private/apps/fundflows/XBI/charts?startDate=20260701&endDate=20260831,-167842800.0,,11387610283.8,,ETF.com daily actual fund-flow fallback; USD-million chart scale validated against canonical issuer-derived references. Issuer exact flow remains preferred when its own unit QA is clean.
2026-08-03,XBI,-22.0596,-22059600.0,ETFCOM_VALIDATED_ACTUAL,https://api-prod.etf.com/private/apps/fundflows/XBI/charts?startDate=20260701&endDate=20260831,-65688400.0,,11387610283.8,,ETF.com daily actual fund-flow fallback; USD-million chart scale validated against canonical issuer-derived references. Issuer exact flow remains preferred when its own unit QA is clean.
2026-08-04,XBI,44.2008,44200800.0,ETFCOM_VALIDATED_ACTUAL,https://api-prod.etf.com/private/apps/fundflows/XBI/charts?startDate=20260701&endDate=20260831,4855500.0,,11387610283.8,,ETF.com daily actual fund-flow fallback; USD-million chart scale validated against canonical issuer-derived references. Issuer exact flow remains preferred when its own unit QA is clean.
2026-08-05,XBI,49.366,49366000.0,ETFCOM_VALIDATED_ACTUAL,https://api-prod.etf.com/private/apps/fundflows/XBI/charts?startDate=20260701&endDate=20260831,-1954400.0,-33938500.0,11387610283.8,-0.29803004453252907,ETF.com daily actual fund-flow fallback; USD-million chart scale validated against canonical issuer-derived references. Issuer exact flow remains preferred when its own unit QA is clean.
2026-08-06,XBI,-30.6135,-30613500.0,ETFCOM_VALIDATED_ACTUAL,https://api-prod.etf.com/private/apps/fundflows/XBI/charts?startDate=20260701&endDate=20260831,63632600.0,-24998300.0,11387610283.8,-0.2195219135270422,ETF.com daily actual fund-flow fallback; USD-million chart scale validated against canonical issuer-derived references. Issuer exact flow remains preferred when its own unit QA is clean.
2026-08-07,XBI,166.161,166161000.0,ETFCOM_VALIDATED_ACTUAL,https://api-prod.etf.com/private/apps/fundflows/XBI/charts?startDate=20260701&endDate=20260831,207054700.0,62912800.0,11387610283.8,0.5524670974163883,ETF.com daily actual fund-flow fallback; USD-million chart scale validated against canonical issuer-derived references. Issuer exact flow remains preferred when its own unit QA is clean.
2026-08-10,XBI,70.825,70825000.0,ETFCOM_VALIDATED_ACTUAL,https://api-prod.etf.com/private/apps/fundflows/XBI/charts?startDate=20260701&endDate=20260831,299939300.0,218012100.0,11387610283.8,1.9144675183532032,ETF.com daily actual fund-flow fallback; USD-million chart scale validated against canonical issuer-derived references. Issuer exact flow remains preferred when its own unit QA is clean.
2026-08-11,XBI,-205.487,-205487000.0,ETFCOM_VALIDATED_ACTUAL,https://api-prod.etf.com/private/apps/fundflows/XBI/charts?startDate=20260701&endDate=20260831,50251500.0,8508300.0,11387610283.8,0.07471541252253686,ETF.com daily actual fund-flow fallback; USD-million chart scale validated against canonical issuer-derived references. Issuer exact flow remains preferred when its own unit QA is clean.
2026-08-12,XBI,165.96,165960000.0,ETFCOM_VALIDATED_ACTUAL,https://api-prod.etf.com/private/apps/fundflows/XBI/charts?startDate=20260701&endDate=20260831,166845500.0,162176500.0,11387610283.8,1.4241486664740546,ETF.com daily actual fund-flow fallback; USD-million chart scale validated against canonical issuer-derived references. Issuer exact flow remains preferred when its own unit QA is clean.
2026-08-14,XBI,23.5252,23525200.0,ETFCOM_VALIDATED_ACTUAL,https://api-prod.etf.com/private/apps/fundflows/XBI/charts?startDate=20260701&endDate=20260831,220984200.0,197929700.0,11387610283.8,1.7381144512960243,ETF.com daily actual fund-flow fallback; USD-million chart scale validated against canonical issuer-derived references. Issuer exact flow remains preferred when its own unit QA is clean.
2026-08-17,XBI,11.8044,11804400.0,ETFCOM_VALIDATED_ACTUAL,https://api-prod.etf.com/private/apps/fundflows/XBI/charts?startDate=20260701&endDate=20260831,66627600.0,120430200.0,11387610283.8,1.0575546317327338,ETF.com daily actual fund-flow fallback; USD-million chart scale validated against canonical issuer-derived references. Issuer exact flow remains preferred when its own unit QA is clean.
2026-08-18,XBI,67.7756,67775600.0,ETFCOM_VALIDATED_ACTUAL,https://api-prod.etf.com/private/apps/fundflows/XBI/charts?startDate=20260701&endDate=20260831,63578200.0,293143800.0,11387610283.8,2.5742345645339304,ETF.com daily actual fund-flow fallback; USD-million chart scale validated against canonical issuer-derived references. Issuer exact flow remains preferred when its own unit QA is clean.
2026-08-19,XBI,16.0044,16004400.0,ETFCOM_VALIDATED_ACTUAL,https://api-prod.etf.com/private/apps/fundflows/XBI/charts?startDate=20260701&endDate=20260831,285069600.0,383360500.0,11387610283.8,3.366470141196948,ETF.com daily actual fund-flow fallback; USD-million chart scale validated against canonical issuer-derived references. Issuer exact flow remains preferred when its own unit QA is clean.
2026-08-20,XBI,241.508,241508000.0,ETFCOM_VALIDATED_ACTUAL,https://api-prod.etf.com/private/apps/fundflows/XBI/charts?startDate=20260701&endDate=20260831,360617600.0,465219500.0,11387610283.8,4.085312795273831,ETF.com daily actual fund-flow fallback; USD-million chart scale validated against canonical issuer-derived references. Issuer exact flow remains preferred when its own unit QA is clean.
2026-08-21,XBI,-40.8274,-40827400.0,ETFCOM_VALIDATED_ACTUAL,https://api-prod.etf.com/private/apps/fundflows/XBI/charts?startDate=20260701&endDate=20260831,296265000.0,752447100.0,11387610283.8,6.607594405214502,ETF.com daily actual fund-flow fallback; USD-million chart scale validated against canonical issuer-derived references. Issuer exact flow remains preferred when its own unit QA is clean.
2026-08-24,XBI,-182.25,-182250000.0,ETFCOM_VALIDATED_ACTUAL,https://api-prod.etf.com/private/apps/fundflows/XBI/charts?startDate=20260701&endDate=20260831,102210600.0,208050100.0,11387610283.8,1.826986477540172,ETF.com daily actual fund-flow fallback; USD-million chart scale validated against canonical issuer-derived references. Issuer exact flow remains preferred when its own unit QA is clean.
2026-08-25,XBI,340.479,340479000.0,ETFCOM_VALIDATED_ACTUAL,https://api-prod.etf.com/private/apps/fundflows/XBI/charts?startDate=20260701&endDate=20260831,374914000.0,672743100.0,11387610283.8,5.907675826920803,ETF.com daily actual fund-flow fallback; USD-million chart scale validated against canonical issuer-derived references. Issuer exact flow remains preferred when its own unit QA is clean.
2026-08-26,XBI,211.396,211396000.0,ETFCOM_VALIDATED_ACTUAL,https://api-prod.etf.com/private/apps/fundflows/XBI/charts?startDate=20260701&endDate=20260831,570305600.0,910482200.0,11387610283.8,7.9953754765848535,ETF.com daily actual fund-flow fallback; USD-million chart scale validated against canonical issuer-derived references. Issuer exact flow remains preferred when its own unit QA is clean.
2026-08-27,XBI,-71.5379,-71537900.0,ETFCOM_VALIDATED_ACTUAL,https://api-prod.etf.com/private/apps/fundflows/XBI/charts?startDate=20260701&endDate=20260831,257259700.0,782768400.0,11387610283.8,6.873860103147061,ETF.com daily actual fund-flow fallback; USD-million chart scale validated against canonical issuer-derived references. Issuer exact flow remains preferred when its own unit QA is clean.
2026-08-28,XBI,-71.4962,-71496200.0,ETFCOM_VALIDATED_ACTUAL,https://api-prod.etf.com/private/apps/fundflows/XBI/charts?startDate=20260701&endDate=20260831,226590900.0,807472700.0,11387610283.8,7.090800263411804,ETF.com daily actual fund-flow fallback; USD-million chart scale validated against canonical issuer-derived references. Issuer exact flow remains preferred when its own unit QA is clean.
2026-08-31,XBI,-121.749,-121749000.0,ETFCOM_VALIDATED_ACTUAL,https://api-prod.etf.com/private/apps/fundflows/XBI/charts?startDate=20260701&endDate=20260831,287091900.0,662984800.0,11387610283.8,5.821983572296651,ETF.com daily actual fund-flow fallback; USD-million chart scale validated against canonical issuer-derived references. Issuer exact flow remains preferred when its own unit QA is clean.
2026-07-01,XES,-28.0485,-28048500.0,ETFCOM_VALIDATED_ACTUAL,https://api-prod.etf.com/private/apps/fundflows/XES/charts?startDate=20260701&endDate=20260831,,,390606995.12,,ETF.com daily actual fund-flow fallback; USD-million chart scale validated against canonical issuer-derived references. Issuer exact flow remains preferred when its own unit QA is clean.
2026-07-02,XES,-16.2207,-16220700.0,ETFCOM_VALIDATED_ACTUAL,https://api-prod.etf.com/private/apps/fundflows/XES/charts?startDate=20260701&endDate=20260831,,,390606995.12,,ETF.com daily actual fund-flow fallback; USD-million chart scale validated against canonical issuer-derived references. Issuer exact flow remains preferred when its own unit QA is clean.
2026-07-06,XES,0.0,0.0,ETFCOM_VALIDATED_ACTUAL,https://api-prod.etf.com/private/apps/fundflows/XES/charts?startDate=20260701&endDate=20260831,,,390606995.12,,ETF.com daily actual fund-flow fallback; USD-million chart scale validated against canonical issuer-derived references. Issuer exact flow remains preferred when its own unit QA is clean.
2026-07-07,XES,-21.1514,-21151400.0,ETFCOM_VALIDATED_ACTUAL,https://api-prod.etf.com/private/apps/fundflows/XES/charts?startDate=20260701&endDate=20260831,,,390606995.12,,ETF.com daily actual fund-flow fallback; USD-million chart scale validated against canonical issuer-derived references. Issuer exact flow remains preferred when its own unit QA is clean.
2026-07-08,XES,-10.7843,-10784300.0,ETFCOM_VALIDATED_ACTUAL,https://api-prod.etf.com/private/apps/fundflows/XES/charts?startDate=20260701&endDate=20260831,-76204900.0,,390606995.12,,ETF.com daily actual fund-flow fallback; USD-million chart scale validated against canonical issuer-derived references. Issuer exact flow remains preferred when its own unit QA is clean.
2026-07-09,XES,0.0,0.0,ETFCOM_VALIDATED_ACTUAL,https://api-prod.etf.com/private/apps/fundflows/XES/charts?startDate=20260701&endDate=20260831,-48156400.0,,390606995.12,,ETF.com daily actual fund-flow fallback; USD-million chart scale validated against canonical issuer-derived references. Issuer exact flow remains preferred when its own unit QA is clean.
2026-07-14,XES,-5.6611,-5661100.0,ETFCOM_VALIDATED_ACTUAL,https://api-prod.etf.com/private/apps/fundflows/XES/charts?startDate=20260701&endDate=20260831,-37596800.0,,390606995.12,,ETF.com daily actual fund-flow fallback; USD-million chart scale validated against canonical issuer-derived references. Issuer exact flow remains preferred when its own unit QA is clean.
2026-07-15,XES,-5.71728,-5717280.0,ETFCOM_VALIDATED_ACTUAL,https://api-prod.etf.com/private/apps/fundflows/XES/charts?startDate=20260701&endDate=20260831,-43314080.0,,390606995.12,,ETF.com daily actual fund-flow fallback; USD-million chart scale validated against canonical issuer-derived references. Issuer exact flow remains preferred when its own unit QA is clean.
2026-07-16,XES,0.0,0.0,ETFCOM_VALIDATED_ACTUAL,https://api-prod.etf.com/private/apps/fundflows/XES/charts?startDate=20260701&endDate=20260831,-22162680.0,,390606995.12,,ETF.com daily actual fund-flow fallback; USD-million chart scale validated against canonical issuer-derived references. Issuer exact flow remains preferred when its own unit QA is clean.
2026-07-17,XES,0.0,0.0,ETFCOM_VALIDATED_ACTUAL,https://api-prod.etf.com/private/apps/fundflows/XES/charts?startDate=20260701&endDate=20260831,-11378380.0,,390606995.12,,ETF.com daily actual fund-flow fallback; USD-million chart scale validated against canonical issuer-derived references. Issuer exact flow remains preferred when its own unit QA is clean.
2026-07-20,XES,0.0,0.0,ETFCOM_VALIDATED_ACTUAL,https://api-prod.etf.com/private/apps/fundflows/XES/charts?startDate=20260701&endDate=20260831,-11378380.0,,390606995.12,,ETF.com daily actual fund-flow fallback; USD-million chart scale validated against canonical issuer-derived references. Issuer exact flow remains preferred when its own unit QA is clean.
2026-07-21,XES,0.0,0.0,ETFCOM_VALIDATED_ACTUAL,https://api-prod.etf.com/private/apps/fundflows/XES/charts?startDate=20260701&endDate=20260831,-5717280.0,,390606995.12,,ETF.com daily actual fund-flow fallback; USD-million chart scale validated against canonical issuer-derived references. Issuer exact flow remains preferred when its own unit QA is clean.
2026-07-27,XES,0.0,0.0,ETFCOM_VALIDATED_ACTUAL,https://api-prod.etf.com/private/apps/fundflows/XES/charts?startDate=20260701&endDate=20260831,0.0,,390606995.12,,ETF.com daily actual fund-flow fallback; USD-million chart scale validated against canonical issuer-derived references. Issuer exact flow remains preferred when its own unit QA is clean.
2026-07-28,XES,0.0,0.0,ETFCOM_VALIDATED_ACTUAL,https://api-prod.etf.com/private/apps/fundflows/XES/charts?startDate=20260701&endDate=20260831,0.0,,390606995.12,,ETF.com daily actual fund-flow fallback; USD-million chart scale validated against canonical issuer-derived references. Issuer exact flow remains preferred when its own unit QA is clean.
2026-07-29,XES,-10.5927,-10592700.0,ETFCOM_VALIDATED_ACTUAL,https://api-prod.etf.com/private/apps/fundflows/XES/charts?startDate=20260701&endDate=20260831,-10592700.0,,390606995.12,,ETF.com daily actual fund-flow fallback; USD-million chart scale validated against canonical issuer-derived references. Issuer exact flow remains preferred when its own unit QA is clean.
2026-07-30,XES,-5.22775,-5227750.0,ETFCOM_VALIDATED_ACTUAL,https://api-prod.etf.com/private/apps/fundflows/XES/charts?startDate=20260701&endDate=20260831,-15820450.0,,390606995.12,,ETF.com daily actual fund-flow fallback; USD-million chart scale validated against canonical issuer-derived references. Issuer exact flow remains preferred when its own unit QA is clean.
2026-07-31,XES,0.0,0.0,ETFCOM_VALIDATED_ACTUAL,https://api-prod.etf.com/private/apps/fundflows/XES/charts?startDate=20260701&endDate=20260831,-15820450.0,,390606995.12,,ETF.com daily actual fund-flow fallback; USD-million chart scale validated against canonical issuer-derived references. Issuer exact flow remains preferred when its own unit QA is clean.
2026-08-03,XES,0.0,0.0,ETFCOM_VALIDATED_ACTUAL,https://api-prod.etf.com/private/apps/fundflows/XES/charts?startDate=20260701&endDate=20260831,-15820450.0,,390606995.12,,ETF.com daily actual fund-flow fallback; USD-million chart scale validated against canonical issuer-derived references. Issuer exact flow remains preferred when its own unit QA is clean.
2026-08-04,XES,0.0,0.0,ETFCOM_VALIDATED_ACTUAL,https://api-prod.etf.com/private/apps/fundflows/XES/charts?startDate=20260701&endDate=20260831,-15820450.0,,390606995.12,,ETF.com daily actual fund-flow fallback; USD-million chart scale validated against canonical issuer-derived references. Issuer exact flow remains preferred when its own unit QA is clean.
2026-08-05,XES,0.0,0.0,ETFCOM_VALIDATED_ACTUAL,https://api-prod.etf.com/private/apps/fundflows/XES/charts?startDate=20260701&endDate=20260831,-5227750.0,-103403730.0,390606995.12,-26.472575066975672,ETF.com daily actual fund-flow fallback; USD-million chart scale validated against canonical issuer-derived references. Issuer exact flow remains preferred when its own unit QA is clean.
2026-08-06,XES,0.0,0.0,ETFCOM_VALIDATED_ACTUAL,https://api-prod.etf.com/private/apps/fundflows/XES/charts?startDate=20260701&endDate=20260831,0.0,-75355230.0,390606995.12,-19.291828088447264,ETF.com daily actual fund-flow fallback; USD-million chart scale validated against canonical issuer-derived references. Issuer exact flow remains preferred when its own unit QA is clean.
2026-08-07,XES,0.0,0.0,ETFCOM_VALIDATED_ACTUAL,https://api-prod.etf.com/private/apps/fundflows/XES/charts?startDate=20260701&endDate=20260831,0.0,-59134530.0,390606995.12,-15.139137480585322,ETF.com daily actual fund-flow fallback; USD-million chart scale validated against canonical issuer-derived references. Issuer exact flow remains preferred when its own unit QA is clean.
2026-08-10,XES,0.0,0.0,ETFCOM_VALIDATED_ACTUAL,https://api-prod.etf.com/private/apps/fundflows/XES/charts?startDate=20260701&endDate=20260831,0.0,-59134530.0,390606995.12,-15.139137480585322,ETF.com daily actual fund-flow fallback; USD-million chart scale validated against canonical issuer-derived references. Issuer exact flow remains preferred when its own unit QA is clean.
2026-08-11,XES,-6.00045,-6000450.0,ETFCOM_VALIDATED_ACTUAL,https://api-prod.etf.com/private/apps/fundflows/XES/charts?startDate=20260701&endDate=20260831,-6000450.0,-43983580.0,390606995.12,-11.260315496010925,ETF.com daily actual fund-flow fallback; USD-million chart scale validated against canonical issuer-derived references. Issuer exact flow remains preferred when its own unit QA is clean.
2026-08-12,XES,0.0,0.0,ETFCOM_VALIDATED_ACTUAL,https://api-prod.etf.com/private/apps/fundflows/XES/charts?startDate=20260701&endDate=20260831,-6000450.0,-33199280.0,390606995.12,-8.499407438876181,ETF.com daily actual fund-flow fallback; USD-million chart scale validated against canonical issuer-derived references. Issuer exact flow remains preferred when its own unit QA is clean.
2026-08-14,XES,0.0,0.0,ETFCOM_VALIDATED_ACTUAL,https://api-prod.etf.com/private/apps/fundflows/XES/charts?startDate=20260701&endDate=20260831,-6000450.0,-33199280.0,390606995.12,-8.499407438876181,ETF.com daily actual fund-flow fallback; USD-million chart scale validated against canonical issuer-derived references. Issuer exact flow remains preferred when its own unit QA is clean.
2026-08-17,XES,0.0,0.0,ETFCOM_VALIDATED_ACTUAL,https://api-prod.etf.com/private/apps/fundflows/XES/charts?startDate=20260701&endDate=20260831,-6000450.0,-27538180.0,390606995.12,-7.050099036639086,ETF.com daily actual fund-flow fallback; USD-million chart scale validated against canonical issuer-derived references. Issuer exact flow remains preferred when its own unit QA is clean.
2026-08-18,XES,0.0,0.0,ETFCOM_VALIDATED_ACTUAL,https://api-prod.etf.com/private/apps/fundflows/XES/charts?startDate=20260701&endDate=20260831,-6000450.0,-21820900.0,390606995.12,-5.586407891465515,ETF.com daily actual fund-flow fallback; USD-million chart scale validated against canonical issuer-derived references. Issuer exact flow remains preferred when its own unit QA is clean.
2026-08-19,XES,6.17714,6177140.0,ETFCOM_VALIDATED_ACTUAL,https://api-prod.etf.com/private/apps/fundflows/XES/charts?startDate=20260701&endDate=20260831,6177140.0,-15643760.0,390606995.12,-4.004987159841829,ETF.com daily actual fund-flow fallback; USD-million chart scale validated against canonical issuer-derived references. Issuer exact flow remains preferred when its own unit QA is clean.
2026-08-20,XES,0.0,0.0,ETFCOM_VALIDATED_ACTUAL,https://api-prod.etf.com/private/apps/fundflows/XES/charts?startDate=20260701&endDate=20260831,6177140.0,-15643760.0,390606995.12,-4.004987159841829,ETF.com daily actual fund-flow fallback; USD-million chart scale validated against canonical issuer-derived references. Issuer exact flow remains preferred when its own unit QA is clean.
2026-08-21,XES,6.0729,6072900.0,ETFCOM_VALIDATED_ACTUAL,https://api-prod.etf.com/private/apps/fundflows/XES/charts?startDate=20260701&endDate=20260831,12250040.0,-9570860.0,390606995.12,-2.4502530982732904,ETF.com daily actual fund-flow fallback; USD-million chart scale validated against canonical issuer-derived references. Issuer exact flow remains preferred when its own unit QA is clean.
2026-08-24,XES,0.0,0.0,ETFCOM_VALIDATED_ACTUAL,https://api-prod.etf.com/private/apps/fundflows/XES/charts?startDate=20260701&endDate=20260831,12250040.0,-9570860.0,390606995.12,-2.4502530982732904,ETF.com daily actual fund-flow fallback; USD-million chart scale validated against canonical issuer-derived references. Issuer exact flow remains preferred when its own unit QA is clean.
2026-08-25,XES,0.0,0.0,ETFCOM_VALIDATED_ACTUAL,https://api-prod.etf.com/private/apps/fundflows/XES/charts?startDate=20260701&endDate=20260831,12250040.0,-9570860.0,390606995.12,-2.4502530982732904,ETF.com daily actual fund-flow fallback; USD-million chart scale validated against canonical issuer-derived references. Issuer exact flow remains preferred when its own unit QA is clean.
2026-08-26,XES,0.0,0.0,ETFCOM_VALIDATED_ACTUAL,https://api-prod.etf.com/private/apps/fundflows/XES/charts?startDate=20260701&endDate=20260831,6072900.0,-9570860.0,390606995.12,-2.4502530982732904,ETF.com daily actual fund-flow fallback; USD-million chart scale validated against canonical issuer-derived references. Issuer exact flow remains preferred when its own unit QA is clean.
2026-08-27,XES,0.0,0.0,ETFCOM_VALIDATED_ACTUAL,https://api-prod.etf.com/private/apps/fundflows/XES/charts?startDate=20260701&endDate=20260831,6072900.0,1021840.0,390606995.12,0.2616030979389082,ETF.com daily actual fund-flow fallback; USD-million chart scale validated against canonical issuer-derived references. Issuer exact flow remains preferred when its own unit QA is clean.
2026-08-28,XES,0.0,0.0,ETFCOM_VALIDATED_ACTUAL,https://api-prod.etf.com/private/apps/fundflows/XES/charts?startDate=20260701&endDate=20260831,0.0,6249590.0,390606995.12,1.5999687865497743,ETF.com daily actual fund-flow fallback; USD-million chart scale validated against canonical issuer-derived references. Issuer exact flow remains preferred when its own unit QA is clean.
2026-08-31,XES,0.0,0.0,ETFCOM_VALIDATED_ACTUAL,https://api-prod.etf.com/private/apps/fundflows/XES/charts?startDate=20260701&endDate=20260831,0.0,6249590.0,390606995.12,1.5999687865497743,ETF.com daily actual fund-flow fallback; USD-million chart scale validated against canonical issuer-derived references. Issuer exact flow remains preferred when its own unit QA is clean.
2026-07-01,XHB,317.918,317918000.0,ETFCOM_VALIDATED_ACTUAL,https://api-prod.etf.com/private/apps/fundflows/XHB/charts?startDate=20260701&endDate=20260831,,,1354252494.55565,,ETF.com daily actual fund-flow fallback; USD-million chart scale validated against canonical issuer-derived references. Issuer exact flow remains preferred when its own unit QA is clean.
2026-07-02,XHB,84.3654,84365400.0,ETFCOM_VALIDATED_ACTUAL,https://api-prod.etf.com/private/apps/fundflows/XHB/charts?startDate=20260701&endDate=20260831,,,1354252494.55565,,ETF.com daily actual fund-flow fallback; USD-million chart scale validated against canonical issuer-derived references. Issuer exact flow remains preferred when its own unit QA is clean.
2026-07-06,XHB,90.0362,90036200.0,ETFCOM_VALIDATED_ACTUAL,https://api-prod.etf.com/private/apps/fundflows/XHB/charts?startDate=20260701&endDate=20260831,,,1354252494.55565,,ETF.com daily actual fund-flow fallback; USD-million chart scale validated against canonical issuer-derived references. Issuer exact flow remains preferred when its own unit QA is clean.
2026-07-07,XHB,22.2632,22263200.0,ETFCOM_VALIDATED_ACTUAL,https://api-prod.etf.com/private/apps/fundflows/XHB/charts?startDate=20260701&endDate=20260831,,,1354252494.55565,,ETF.com daily actual fund-flow fallback; USD-million chart scale validated against canonical issuer-derived references. Issuer exact flow remains preferred when its own unit QA is clean.
2026-07-08,XHB,27.3511,27351100.0,ETFCOM_VALIDATED_ACTUAL,https://api-prod.etf.com/private/apps/fundflows/XHB/charts?startDate=20260701&endDate=20260831,541933900.0,,1354252494.55565,,ETF.com daily actual fund-flow fallback; USD-million chart scale validated against canonical issuer-derived references. Issuer exact flow remains preferred when its own unit QA is clean.
2026-07-09,XHB,42.4107,42410700.0,ETFCOM_VALIDATED_ACTUAL,https://api-prod.etf.com/private/apps/fundflows/XHB/charts?startDate=20260701&endDate=20260831,266426600.0,,1354252494.55565,,ETF.com daily actual fund-flow fallback; USD-million chart scale validated against canonical issuer-derived references. Issuer exact flow remains preferred when its own unit QA is clean.
2026-07-14,XHB,-21.4115,-21411500.0,ETFCOM_VALIDATED_ACTUAL,https://api-prod.etf.com/private/apps/fundflows/XHB/charts?startDate=20260701&endDate=20260831,160649700.0,,1354252494.55565,,ETF.com daily actual fund-flow fallback; USD-million chart scale validated against canonical issuer-derived references. Issuer exact flow remains preferred when its own unit QA is clean.
2026-07-15,XHB,-70.3027,-70302700.0,ETFCOM_VALIDATED_ACTUAL,https://api-prod.etf.com/private/apps/fundflows/XHB/charts?startDate=20260701&endDate=20260831,310800.0,,1354252494.55565,,ETF.com daily actual fund-flow fallback; USD-million chart scale validated against canonical issuer-derived references. Issuer exact flow remains preferred when its own unit QA is clean.
2026-07-16,XHB,-43.5659,-43565900.0,ETFCOM_VALIDATED_ACTUAL,https://api-prod.etf.com/private/apps/fundflows/XHB/charts?startDate=20260701&endDate=20260831,-65518300.0,,1354252494.55565,,ETF.com daily actual fund-flow fallback; USD-million chart scale validated against canonical issuer-derived references. Issuer exact flow remains preferred when its own unit QA is clean.
2026-07-17,XHB,-44.3307,-44330700.0,ETFCOM_VALIDATED_ACTUAL,https://api-prod.etf.com/private/apps/fundflows/XHB/charts?startDate=20260701&endDate=20260831,-137200100.0,,1354252494.55565,,ETF.com daily actual fund-flow fallback; USD-million chart scale validated against canonical issuer-derived references. Issuer exact flow remains preferred when its own unit QA is clean.
2026-07-20,XHB,-21.654,-21654000.0,ETFCOM_VALIDATED_ACTUAL,https://api-prod.etf.com/private/apps/fundflows/XHB/charts?startDate=20260701&endDate=20260831,-201264800.0,,1354252494.55565,,ETF.com daily actual fund-flow fallback; USD-million chart scale validated against canonical issuer-derived references. Issuer exact flow remains preferred when its own unit QA is clean.
2026-07-21,XHB,37.1218,37121800.0,ETFCOM_VALIDATED_ACTUAL,https://api-prod.etf.com/private/apps/fundflows/XHB/charts?startDate=20260701&endDate=20260831,-142731500.0,,1354252494.55565,,ETF.com daily actual fund-flow fallback; USD-million chart scale validated against canonical issuer-derived references. Issuer exact flow remains preferred when its own unit QA is clean.
2026-07-27,XHB,75.9141,75914100.0,ETFCOM_VALIDATED_ACTUAL,https://api-prod.etf.com/private/apps/fundflows/XHB/charts?startDate=20260701&endDate=20260831,3485300.0,,1354252494.55565,,ETF.com daily actual fund-flow fallback; USD-million chart scale validated against canonical issuer-derived references. Issuer exact flow remains preferred when its own unit QA is clean.
2026-07-28,XHB,-131.086,-131086000.00000001,ETFCOM_VALIDATED_ACTUAL,https://api-prod.etf.com/private/apps/fundflows/XHB/charts?startDate=20260701&endDate=20260831,-84034800.00000001,,1354252494.55565,,ETF.com daily actual fund-flow fallback; USD-million chart scale validated against canonical issuer-derived references. Issuer exact flow remains preferred when its own unit QA is clean.
2026-07-29,XHB,16.4486,16448599.999999998,ETFCOM_VALIDATED_ACTUAL,https://api-prod.etf.com/private/apps/fundflows/XHB/charts?startDate=20260701&endDate=20260831,-23255500.000000015,,1354252494.55565,,ETF.com daily actual fund-flow fallback; USD-million chart scale validated against canonical issuer-derived references. Issuer exact flow remains preferred when its own unit QA is clean.
2026-07-30,XHB,-52.3696,-52369600.0,ETFCOM_VALIDATED_ACTUAL,https://api-prod.etf.com/private/apps/fundflows/XHB/charts?startDate=20260701&endDate=20260831,-53971100.000000015,,1354252494.55565,,ETF.com daily actual fund-flow fallback; USD-million chart scale validated against canonical issuer-derived references. Issuer exact flow remains preferred when its own unit QA is clean.
2026-07-31,XHB,-88.8255,-88825500.0,ETFCOM_VALIDATED_ACTUAL,https://api-prod.etf.com/private/apps/fundflows/XHB/charts?startDate=20260701&endDate=20260831,-179918400.0,,1354252494.55565,,ETF.com daily actual fund-flow fallback; USD-million chart scale validated against canonical issuer-derived references. Issuer exact flow remains preferred when its own unit QA is clean.
2026-08-03,XHB,-25.9086,-25908600.0,ETFCOM_VALIDATED_ACTUAL,https://api-prod.etf.com/private/apps/fundflows/XHB/charts?startDate=20260701&endDate=20260831,-281741100.0,,1354252494.55565,,ETF.com daily actual fund-flow fallback; USD-million chart scale validated against canonical issuer-derived references. Issuer exact flow remains preferred when its own unit QA is clean.
2026-08-04,XHB,95.7309,95730900.0,ETFCOM_VALIDATED_ACTUAL,https://api-prod.etf.com/private/apps/fundflows/XHB/charts?startDate=20260701&endDate=20260831,-54924200.000000015,,1354252494.55565,,ETF.com daily actual fund-flow fallback; USD-million chart scale validated against canonical issuer-derived references. Issuer exact flow remains preferred when its own unit QA is clean.
2026-08-05,XHB,21.9081,21908100.0,ETFCOM_VALIDATED_ACTUAL,https://api-prod.etf.com/private/apps/fundflows/XHB/charts?startDate=20260701&endDate=20260831,-49464700.0,332013600.0,1354252494.55565,24.516373522275735,ETF.com daily actual fund-flow fallback; USD-million chart scale validated against canonical issuer-derived references. Issuer exact flow remains preferred when its own unit QA is clean.
2026-08-06,XHB,60.9652,60965200.0,ETFCOM_VALIDATED_ACTUAL,https://api-prod.etf.com/private/apps/fundflows/XHB/charts?startDate=20260701&endDate=20260831,63870100.0,75060799.99999999,1354252494.55565,5.542600091324072,ETF.com daily actual fund-flow fallback; USD-million chart scale validated against canonical issuer-derived references. Issuer exact flow remains preferred when its own unit QA is clean.
2026-08-07,XHB,21.7591,21759100.0,ETFCOM_VALIDATED_ACTUAL,https://api-prod.etf.com/private/apps/fundflows/XHB/charts?startDate=20260701&endDate=20260831,174454700.0,12454499.999999985,1354252494.55565,0.9196586345655201,ETF.com daily actual fund-flow fallback; USD-million chart scale validated against canonical issuer-derived references. Issuer exact flow remains preferred when its own unit QA is clean.
2026-08-10,XHB,-44.3332,-44333200.0,ETFCOM_VALIDATED_ACTUAL,https://api-prod.etf.com/private/apps/fundflows/XHB/charts?startDate=20260701&endDate=20260831,156030100.0,-121914900.00000001,1354252494.55565,-9.002375885598946,ETF.com daily actual fund-flow fallback; USD-million chart scale validated against canonical issuer-derived references. Issuer exact flow remains preferred when its own unit QA is clean.
2026-08-11,XHB,-75.7781,-75778100.0,ETFCOM_VALIDATED_ACTUAL,https://api-prod.etf.com/private/apps/fundflows/XHB/charts?startDate=20260701&endDate=20260831,-15478900.0,-219956200.0,1354252494.55565,-16.241889963966493,ETF.com daily actual fund-flow fallback; USD-million chart scale validated against canonical issuer-derived references. Issuer exact flow remains preferred when its own unit QA is clean.
2026-08-12,XHB,11.0333,11033300.0,ETFCOM_VALIDATED_ACTUAL,https://api-prod.etf.com/private/apps/fundflows/XHB/charts?startDate=20260701&endDate=20260831,-26353700.0,-236274000.0,1354252494.55565,-17.446820363991645,ETF.com daily actual fund-flow fallback; USD-million chart scale validated against canonical issuer-derived references. Issuer exact flow remains preferred when its own unit QA is clean.
2026-08-14,XHB,-16.4271,-16427100.0,ETFCOM_VALIDATED_ACTUAL,https://api-prod.etf.com/private/apps/fundflows/XHB/charts?startDate=20260701&endDate=20260831,-103746000.0,-295111800.0,1354252494.55565,-21.791490227000136,ETF.com daily actual fund-flow fallback; USD-million chart scale validated against canonical issuer-derived references. Issuer exact flow remains preferred when its own unit QA is clean.
2026-08-17,XHB,-43.6142,-43614200.0,ETFCOM_VALIDATED_ACTUAL,https://api-prod.etf.com/private/apps/fundflows/XHB/charts?startDate=20260701&endDate=20260831,-169119300.0,-317314500.0,1354252494.55565,-23.43097031577671,ETF.com daily actual fund-flow fallback; USD-million chart scale validated against canonical issuer-derived references. Issuer exact flow remains preferred when its own unit QA is clean.
2026-08-18,XHB,5.40724,5407240.0,ETFCOM_VALIDATED_ACTUAL,https://api-prod.etf.com/private/apps/fundflows/XHB/charts?startDate=20260701&endDate=20260831,-119378860.0,-241604560.0,1354252494.55565,-17.840436770195797,ETF.com daily actual fund-flow fallback; USD-million chart scale validated against canonical issuer-derived references. Issuer exact flow remains preferred when its own unit QA is clean.
2026-08-19,XHB,-21.1805,-21180500.0,ETFCOM_VALIDATED_ACTUAL,https://api-prod.etf.com/private/apps/fundflows/XHB/charts?startDate=20260701&endDate=20260831,-64781260.0,-219219160.0,1354252494.55565,-16.187465844168816,ETF.com daily actual fund-flow fallback; USD-million chart scale validated against canonical issuer-derived references. Issuer exact flow remains preferred when its own unit QA is clean.
2026-08-20,XHB,27.0528,27052800.0,ETFCOM_VALIDATED_ACTUAL,https://api-prod.etf.com/private/apps/fundflows/XHB/charts?startDate=20260701&endDate=20260831,-48761760.0,-147835660.0,1354252494.55565,-10.916403004190665,ETF.com daily actual fund-flow fallback; USD-million chart scale validated against canonical issuer-derived references. Issuer exact flow remains preferred when its own unit QA is clean.
2026-08-21,XHB,-73.952,-73952000.0,ETFCOM_VALIDATED_ACTUAL,https://api-prod.etf.com/private/apps/fundflows/XHB/charts?startDate=20260701&endDate=20260831,-106286660.0,-200133660.0,1354252494.55565,-14.778164397302202,ETF.com daily actual fund-flow fallback; USD-million chart scale validated against canonical issuer-derived references. Issuer exact flow remains preferred when its own unit QA is clean.
2026-08-24,XHB,10.6513,10651300.0,ETFCOM_VALIDATED_ACTUAL,https://api-prod.etf.com/private/apps/fundflows/XHB/charts?startDate=20260701&endDate=20260831,-52021160.0,-226604160.0,1354252494.55565,-16.73278512766204,ETF.com daily actual fund-flow fallback; USD-million chart scale validated against canonical issuer-derived references. Issuer exact flow remains preferred when its own unit QA is clean.
2026-08-25,XHB,10.6244,10624400.0,ETFCOM_VALIDATED_ACTUAL,https://api-prod.etf.com/private/apps/fundflows/XHB/charts?startDate=20260701&endDate=20260831,-46804000.0,-291893860.0,1354252494.55565,-21.55387279502665,ETF.com daily actual fund-flow fallback; USD-million chart scale validated against canonical issuer-derived references. Issuer exact flow remains preferred when its own unit QA is clean.
2026-08-26,XHB,15.961,15961000.0,ETFCOM_VALIDATED_ACTUAL,https://api-prod.etf.com/private/apps/fundflows/XHB/charts?startDate=20260701&endDate=20260831,-9662500.0,-144846860.0,1354252494.55565,-10.695705607507584,ETF.com daily actual fund-flow fallback; USD-million chart scale validated against canonical issuer-derived references. Issuer exact flow remains preferred when its own unit QA is clean.
2026-08-27,XHB,5.30154,5301540.0,ETFCOM_VALIDATED_ACTUAL,https://api-prod.etf.com/private/apps/fundflows/XHB/charts?startDate=20260701&endDate=20260831,-31413760.0,-155993920.0,1354252494.55565,-11.518820945660055,ETF.com daily actual fund-flow fallback; USD-million chart scale validated against canonical issuer-derived references. Issuer exact flow remains preferred when its own unit QA is clean.
2026-08-28,XHB,-10.4514,-10451400.0,ETFCOM_VALIDATED_ACTUAL,https://api-prod.etf.com/private/apps/fundflows/XHB/charts?startDate=20260701&endDate=20260831,32086840.0,-114075720.0,1354252494.55565,-8.423519281567202,ETF.com daily actual fund-flow fallback; USD-million chart scale validated against canonical issuer-derived references. Issuer exact flow remains preferred when its own unit QA is clean.
2026-08-31,XHB,5.22877,5228770.0,ETFCOM_VALIDATED_ACTUAL,https://api-prod.etf.com/private/apps/fundflows/XHB/charts?startDate=20260701&endDate=20260831,26664310.0,-20021450.0,1354252494.55565,-1.4784133742038503,ETF.com daily actual fund-flow fallback; USD-million chart scale validated against canonical issuer-derived references. Issuer exact flow remains preferred when its own unit QA is clean.
2026-07-01,XME,-10.691,-10691000.0,ETFCOM_VALIDATED_ACTUAL,https://api-prod.etf.com/private/apps/fundflows/XME/charts?startDate=20260701&endDate=20260831,,,4909906792.89144,,ETF.com daily actual fund-flow fallback; USD-million chart scale validated against canonical issuer-derived references. Issuer exact flow remains preferred when its own unit QA is clean.
2026-07-02,XME,-83.5179,-83517900.0,ETFCOM_VALIDATED_ACTUAL,https://api-prod.etf.com/private/apps/fundflows/XME/charts?startDate=20260701&endDate=20260831,,,4909906792.89144,,ETF.com daily actual fund-flow fallback; USD-million chart scale validated against canonical issuer-derived references. Issuer exact flow remains preferred when its own unit QA is clean.
2026-07-06,XME,15.7793,15779300.0,ETFCOM_VALIDATED_ACTUAL,https://api-prod.etf.com/private/apps/fundflows/XME/charts?startDate=20260701&endDate=20260831,,,4909906792.89144,,ETF.com daily actual fund-flow fallback; USD-million chart scale validated against canonical issuer-derived references. Issuer exact flow remains preferred when its own unit QA is clean.
2026-07-07,XME,-26.5303,-26530300.0,ETFCOM_VALIDATED_ACTUAL,https://api-prod.etf.com/private/apps/fundflows/XME/charts?startDate=20260701&endDate=20260831,,,4909906792.89144,,ETF.com daily actual fund-flow fallback; USD-million chart scale validated against canonical issuer-derived references. Issuer exact flow remains preferred when its own unit QA is clean.
2026-07-08,XME,-15.3623,-15362300.0,ETFCOM_VALIDATED_ACTUAL,https://api-prod.etf.com/private/apps/fundflows/XME/charts?startDate=20260701&endDate=20260831,-120322200.0,,4909906792.89144,,ETF.com daily actual fund-flow fallback; USD-million chart scale validated against canonical issuer-derived references. Issuer exact flow remains preferred when its own unit QA is clean.
2026-07-09,XME,-20.3824,-20382400.0,ETFCOM_VALIDATED_ACTUAL,https://api-prod.etf.com/private/apps/fundflows/XME/charts?startDate=20260701&endDate=20260831,-130013600.0,,4909906792.89144,,ETF.com daily actual fund-flow fallback; USD-million chart scale validated against canonical issuer-derived references. Issuer exact flow remains preferred when its own unit QA is clean.
2026-07-14,XME,-20.3991,-20399100.0,ETFCOM_VALIDATED_ACTUAL,https://api-prod.etf.com/private/apps/fundflows/XME/charts?startDate=20260701&endDate=20260831,-66894800.0,,4909906792.89144,,ETF.com daily actual fund-flow fallback; USD-million chart scale validated against canonical issuer-derived references. Issuer exact flow remains preferred when its own unit QA is clean.
2026-07-15,XME,0.0,0.0,ETFCOM_VALIDATED_ACTUAL,https://api-prod.etf.com/private/apps/fundflows/XME/charts?startDate=20260701&endDate=20260831,-82674100.0,,4909906792.89144,,ETF.com daily actual fund-flow fallback; USD-million chart scale validated against canonical issuer-derived references. Issuer exact flow remains preferred when its own unit QA is clean.
2026-07-16,XME,5.16133,5161330.0,ETFCOM_VALIDATED_ACTUAL,https://api-prod.etf.com/private/apps/fundflows/XME/charts?startDate=20260701&endDate=20260831,-50982470.0,,4909906792.89144,,ETF.com daily actual fund-flow fallback; USD-million chart scale validated against canonical issuer-derived references. Issuer exact flow remains preferred when its own unit QA is clean.
2026-07-17,XME,-19.803,-19803000.0,ETFCOM_VALIDATED_ACTUAL,https://api-prod.etf.com/private/apps/fundflows/XME/charts?startDate=20260701&endDate=20260831,-55423170.0,,4909906792.89144,,ETF.com daily actual fund-flow fallback; USD-million chart scale validated against canonical issuer-derived references. Issuer exact flow remains preferred when its own unit QA is clean.
2026-07-20,XME,-98.3582,-98358200.0,ETFCOM_VALIDATED_ACTUAL,https://api-prod.etf.com/private/apps/fundflows/XME/charts?startDate=20260701&endDate=20260831,-133398970.0,,4909906792.89144,,ETF.com daily actual fund-flow fallback; USD-million chart scale validated against canonical issuer-derived references. Issuer exact flow remains preferred when its own unit QA is clean.
2026-07-21,XME,-9.77248,-9772480.0,ETFCOM_VALIDATED_ACTUAL,https://api-prod.etf.com/private/apps/fundflows/XME/charts?startDate=20260701&endDate=20260831,-122772350.0,,4909906792.89144,,ETF.com daily actual fund-flow fallback; USD-million chart scale validated against canonical issuer-derived references. Issuer exact flow remains preferred when its own unit QA is clean.
2026-07-27,XME,-45.7995,-45799500.0,ETFCOM_VALIDATED_ACTUAL,https://api-prod.etf.com/private/apps/fundflows/XME/charts?startDate=20260701&endDate=20260831,-168571850.0,,4909906792.89144,,ETF.com daily actual fund-flow fallback; USD-million chart scale validated against canonical issuer-derived references. Issuer exact flow remains preferred when its own unit QA is clean.
2026-07-28,XME,20.6155,20615500.0,ETFCOM_VALIDATED_ACTUAL,https://api-prod.etf.com/private/apps/fundflows/XME/charts?startDate=20260701&endDate=20260831,-153117680.0,,4909906792.89144,,ETF.com daily actual fund-flow fallback; USD-million chart scale validated against canonical issuer-derived references. Issuer exact flow remains preferred when its own unit QA is clean.
2026-07-29,XME,55.7757,55775700.0,ETFCOM_VALIDATED_ACTUAL,https://api-prod.etf.com/private/apps/fundflows/XME/charts?startDate=20260701&endDate=20260831,-77538980.0,,4909906792.89144,,ETF.com daily actual fund-flow fallback; USD-million chart scale validated against canonical issuer-derived references. Issuer exact flow remains preferred when its own unit QA is clean.
2026-07-30,XME,0.0,0.0,ETFCOM_VALIDATED_ACTUAL,https://api-prod.etf.com/private/apps/fundflows/XME/charts?startDate=20260701&endDate=20260831,20819220.0,,4909906792.89144,,ETF.com daily actual fund-flow fallback; USD-million chart scale validated against canonical issuer-derived references. Issuer exact flow remains preferred when its own unit QA is clean.
2026-07-31,XME,-15.27,-15270000.0,ETFCOM_VALIDATED_ACTUAL,https://api-prod.etf.com/private/apps/fundflows/XME/charts?startDate=20260701&endDate=20260831,15321700.0,,4909906792.89144,,ETF.com daily actual fund-flow fallback; USD-million chart scale validated against canonical issuer-derived references. Issuer exact flow remains preferred when its own unit QA is clean.
2026-08-03,XME,-75.5373,-75537300.0,ETFCOM_VALIDATED_ACTUAL,https://api-prod.etf.com/private/apps/fundflows/XME/charts?startDate=20260701&endDate=20260831,-14416100.0,,4909906792.89144,,ETF.com daily actual fund-flow fallback; USD-million chart scale validated against canonical issuer-derived references. Issuer exact flow remains preferred when its own unit QA is clean.
2026-08-04,XME,10.309,10309000.0,ETFCOM_VALIDATED_ACTUAL,https://api-prod.etf.com/private/apps/fundflows/XME/charts?startDate=20260701&endDate=20260831,-24722600.0,,4909906792.89144,,ETF.com daily actual fund-flow fallback; USD-million chart scale validated against canonical issuer-derived references. Issuer exact flow remains preferred when its own unit QA is clean.
2026-08-05,XME,0.0,0.0,ETFCOM_VALIDATED_ACTUAL,https://api-prod.etf.com/private/apps/fundflows/XME/charts?startDate=20260701&endDate=20260831,-80498300.0,-333782650.0,4909906792.89144,-6.798146361622389,ETF.com daily actual fund-flow fallback; USD-million chart scale validated against canonical issuer-derived references. Issuer exact flow remains preferred when its own unit QA is clean.
2026-08-06,XME,145.387,145387000.0,ETFCOM_VALIDATED_ACTUAL,https://api-prod.etf.com/private/apps/fundflows/XME/charts?startDate=20260701&endDate=20260831,64888700.0,-177704650.0,4909906792.89144,-3.6193080132861315,ETF.com daily actual fund-flow fallback; USD-million chart scale validated against canonical issuer-derived references. Issuer exact flow remains preferred when its own unit QA is clean.
2026-08-07,XME,-16.5582,-16558200.0,ETFCOM_VALIDATED_ACTUAL,https://api-prod.etf.com/private/apps/fundflows/XME/charts?startDate=20260701&endDate=20260831,63600500.0,-110744950.0,4909906792.89144,-2.255540780536536,ETF.com daily actual fund-flow fallback; USD-million chart scale validated against canonical issuer-derived references. Issuer exact flow remains preferred when its own unit QA is clean.
2026-08-10,XME,46.2823,46282300.0,ETFCOM_VALIDATED_ACTUAL,https://api-prod.etf.com/private/apps/fundflows/XME/charts?startDate=20260701&endDate=20260831,185420100.0,-80241950.0,4909906792.89144,-1.6342866246702328,ETF.com daily actual fund-flow fallback; USD-million chart scale validated against canonical issuer-derived references. Issuer exact flow remains preferred when its own unit QA is clean.
2026-08-11,XME,35.2669,35266900.0,ETFCOM_VALIDATED_ACTUAL,https://api-prod.etf.com/private/apps/fundflows/XME/charts?startDate=20260701&endDate=20260831,210378000.0,-18444750.0,4909906792.89144,-0.37566395408369657,ETF.com daily actual fund-flow fallback; USD-million chart scale validated against canonical issuer-derived references. Issuer exact flow remains preferred when its own unit QA is clean.
2026-08-12,XME,0.0,0.0,ETFCOM_VALIDATED_ACTUAL,https://api-prod.etf.com/private/apps/fundflows/XME/charts?startDate=20260701&endDate=20260831,210378000.0,-3082450.0,4909906792.89144,-0.06278021416746177,ETF.com daily actual fund-flow fallback; USD-million chart scale validated against canonical issuer-derived references. Issuer exact flow remains preferred when its own unit QA is clean.
2026-08-14,XME,-11.5265,-11526500.0,ETFCOM_VALIDATED_ACTUAL,https://api-prod.etf.com/private/apps/fundflows/XME/charts?startDate=20260701&endDate=20260831,53464500.0,5773450.0,4909906792.89144,0.11758777189739726,ETF.com daily actual fund-flow fallback; USD-million chart scale validated against canonical issuer-derived references. Issuer exact flow remains preferred when its own unit QA is clean.
2026-08-17,XME,-41.0036,-41003600.0,ETFCOM_VALIDATED_ACTUAL,https://api-prod.etf.com/private/apps/fundflows/XME/charts?startDate=20260701&endDate=20260831,29019100.0,-14831050.0,4909906792.89144,-0.3020637789188256,ETF.com daily actual fund-flow fallback; USD-million chart scale validated against canonical issuer-derived references. Issuer exact flow remains preferred when its own unit QA is clean.
2026-08-18,XME,53.136,53136000.0,ETFCOM_VALIDATED_ACTUAL,https://api-prod.etf.com/private/apps/fundflows/XME/charts?startDate=20260701&endDate=20260831,35872800.0,38304950.0,4909906792.89144,0.7801563576615728,ETF.com daily actual fund-flow fallback; USD-million chart scale validated against canonical issuer-derived references. Issuer exact flow remains preferred when its own unit QA is clean.
2026-08-19,XME,-34.0933,-34093300.0,ETFCOM_VALIDATED_ACTUAL,https://api-prod.etf.com/private/apps/fundflows/XME/charts?startDate=20260701&endDate=20260831,-33487400.0,-949680.0,4909906792.89144,-0.019342118701213353,ETF.com daily actual fund-flow fallback; USD-million chart scale validated against canonical issuer-derived references. Issuer exact flow remains preferred when its own unit QA is clean.
2026-08-20,XME,169.691,169691000.0,ETFCOM_VALIDATED_ACTUAL,https://api-prod.etf.com/private/apps/fundflows/XME/charts?startDate=20260701&endDate=20260831,136203600.0,188544320.0,4909906792.89144,3.8400794139916123,ETF.com daily actual fund-flow fallback; USD-million chart scale validated against canonical issuer-derived references. Issuer exact flow remains preferred when its own unit QA is clean.
2026-08-21,XME,0.0,0.0,ETFCOM_VALIDATED_ACTUAL,https://api-prod.etf.com/private/apps/fundflows/XME/charts?startDate=20260701&endDate=20260831,147730100.0,286902520.0,4909906792.89144,5.843339438039379,ETF.com daily actual fund-flow fallback; USD-million chart scale validated against canonical issuer-derived references. Issuer exact flow remains preferred when its own unit QA is clean.
2026-08-24,XME,131.246,131246000.00000001,ETFCOM_VALIDATED_ACTUAL,https://api-prod.etf.com/private/apps/fundflows/XME/charts?startDate=20260701&endDate=20260831,319979700.0,427921000.0,4909906792.89144,8.7154607623009,ETF.com daily actual fund-flow fallback; USD-million chart scale validated against canonical issuer-derived references. Issuer exact flow remains preferred when its own unit QA is clean.
2026-08-25,XME,11.7852,11785200.0,ETFCOM_VALIDATED_ACTUAL,https://api-prod.etf.com/private/apps/fundflows/XME/charts?startDate=20260701&endDate=20260831,278628900.0,485505700.0,4909906792.89144,9.888287506860921,ETF.com daily actual fund-flow fallback; USD-million chart scale validated against canonical issuer-derived references. Issuer exact flow remains preferred when its own unit QA is clean.
2026-08-26,XME,-24.1901,-24190100.0,ETFCOM_VALIDATED_ACTUAL,https://api-prod.etf.com/private/apps/fundflows/XME/charts?startDate=20260701&endDate=20260831,288532100.0,440700100.0,4909906792.89144,8.975732505514062,ETF.com daily actual fund-flow fallback; USD-million chart scale validated against canonical issuer-derived references. Issuer exact flow remains preferred when its own unit QA is clean.
2026-08-27,XME,12.0348,12034800.0,ETFCOM_VALIDATED_ACTUAL,https://api-prod.etf.com/private/apps/fundflows/XME/charts?startDate=20260701&endDate=20260831,130875900.00000001,396959200.0,4909906792.89144,8.084862233529917,ETF.com daily actual fund-flow fallback; USD-million chart scale validated against canonical issuer-derived references. Issuer exact flow remains preferred when its own unit QA is clean.
2026-08-28,XME,61.4886,61488600.0,ETFCOM_VALIDATED_ACTUAL,https://api-prod.etf.com/private/apps/fundflows/XME/charts?startDate=20260701&endDate=20260831,192364500.0,458447800.0,4909906792.89144,9.337199652419887,ETF.com daily actual fund-flow fallback; USD-million chart scale validated against canonical issuer-derived references. Issuer exact flow remains preferred when its own unit QA is clean.
2026-08-31,XME,-23.7479,-23747900.0,ETFCOM_VALIDATED_ACTUAL,https://api-prod.etf.com/private/apps/fundflows/XME/charts?startDate=20260701&endDate=20260831,37370600.0,449969900.0,4909906792.89144,9.164530386838832,ETF.com daily actual fund-flow fallback; USD-million chart scale validated against canonical issuer-derived references. Issuer exact flow remains preferred when its own unit QA is clean.
2026-07-01,XOP,77.1034,77103400.0,ETFCOM_VALIDATED_ACTUAL,https://api-prod.etf.com/private/apps/fundflows/XOP/charts?startDate=20260701&endDate=20260831,,,3921402506.0,,ETF.com daily actual fund-flow fallback; USD-million chart scale validated against canonical issuer-derived references. Issuer exact flow remains preferred when its own unit QA is clean.
2026-07-02,XOP,153.753,153753000.0,ETFCOM_VALIDATED_ACTUAL,https://api-prod.etf.com/private/apps/fundflows/XOP/charts?startDate=20260701&endDate=20260831,,,3921402506.0,,ETF.com daily actual fund-flow fallback; USD-million chart scale validated against canonical issuer-derived references. Issuer exact flow remains preferred when its own unit QA is clean.
2026-07-06,XOP,23.2033,23203300.0,ETFCOM_VALIDATED_ACTUAL,https://api-prod.etf.com/private/apps/fundflows/XOP/charts?startDate=20260701&endDate=20260831,,,3921402506.0,,ETF.com daily actual fund-flow fallback; USD-million chart scale validated against canonical issuer-derived references. Issuer exact flow remains preferred when its own unit QA is clean.
2026-07-07,XOP,-92.3797,-92379700.0,ETFCOM_VALIDATED_ACTUAL,https://api-prod.etf.com/private/apps/fundflows/XOP/charts?startDate=20260701&endDate=20260831,,,3921402506.0,,ETF.com daily actual fund-flow fallback; USD-million chart scale validated against canonical issuer-derived references. Issuer exact flow remains preferred when its own unit QA is clean.
2026-07-08,XOP,86.5415,86541500.0,ETFCOM_VALIDATED_ACTUAL,https://api-prod.etf.com/private/apps/fundflows/XOP/charts?startDate=20260701&endDate=20260831,248221500.0,,3921402506.0,,ETF.com daily actual fund-flow fallback; USD-million chart scale validated against canonical issuer-derived references. Issuer exact flow remains preferred when its own unit QA is clean.
2026-07-09,XOP,-8.1013,-8101300.0,ETFCOM_VALIDATED_ACTUAL,https://api-prod.etf.com/private/apps/fundflows/XOP/charts?startDate=20260701&endDate=20260831,163016800.0,,3921402506.0,,ETF.com daily actual fund-flow fallback; USD-million chart scale validated against canonical issuer-derived references. Issuer exact flow remains preferred when its own unit QA is clean.
2026-07-14,XOP,181.634,181634000.0,ETFCOM_VALIDATED_ACTUAL,https://api-prod.etf.com/private/apps/fundflows/XOP/charts?startDate=20260701&endDate=20260831,190897800.0,,3921402506.0,,ETF.com daily actual fund-flow fallback; USD-million chart scale validated against canonical issuer-derived references. Issuer exact flow remains preferred when its own unit QA is clean.
2026-07-15,XOP,-182.372,-182372000.0,ETFCOM_VALIDATED_ACTUAL,https://api-prod.etf.com/private/apps/fundflows/XOP/charts?startDate=20260701&endDate=20260831,-14677500.0,,3921402506.0,,ETF.com daily actual fund-flow fallback; USD-million chart scale validated against canonical issuer-derived references. Issuer exact flow remains preferred when its own unit QA is clean.
2026-07-16,XOP,-41.2059,-41205900.0,ETFCOM_VALIDATED_ACTUAL,https://api-prod.etf.com/private/apps/fundflows/XOP/charts?startDate=20260701&endDate=20260831,36496300.0,,3921402506.0,,ETF.com daily actual fund-flow fallback; USD-million chart scale validated against canonical issuer-derived references. Issuer exact flow remains preferred when its own unit QA is clean.
2026-07-17,XOP,58.2369,58236900.0,ETFCOM_VALIDATED_ACTUAL,https://api-prod.etf.com/private/apps/fundflows/XOP/charts?startDate=20260701&endDate=20260831,8191700.0,,3921402506.0,,ETF.com daily actual fund-flow fallback; USD-million chart scale validated against canonical issuer-derived references. Issuer exact flow remains preferred when its own unit QA is clean.
2026-07-20,XOP,42.5747,42574700.0,ETFCOM_VALIDATED_ACTUAL,https://api-prod.etf.com/private/apps/fundflows/XOP/charts?startDate=20260701&endDate=20260831,58867700.0,,3921402506.0,,ETF.com daily actual fund-flow fallback; USD-million chart scale validated against canonical issuer-derived references. Issuer exact flow remains preferred when its own unit QA is clean.
2026-07-21,XOP,8.50033,8500330.0,ETFCOM_VALIDATED_ACTUAL,https://api-prod.etf.com/private/apps/fundflows/XOP/charts?startDate=20260701&endDate=20260831,-114265970.0,,3921402506.0,,ETF.com daily actual fund-flow fallback; USD-million chart scale validated against canonical issuer-derived references. Issuer exact flow remains preferred when its own unit QA is clean.
2026-07-27,XOP,-43.5194,-43519400.0,ETFCOM_VALIDATED_ACTUAL,https://api-prod.etf.com/private/apps/fundflows/XOP/charts?startDate=20260701&endDate=20260831,24586630.0,,3921402506.0,,ETF.com daily actual fund-flow fallback; USD-million chart scale validated against canonical issuer-derived references. Issuer exact flow remains preferred when its own unit QA is clean.
2026-07-28,XOP,-42.2643,-42264300.0,ETFCOM_VALIDATED_ACTUAL,https://api-prod.etf.com/private/apps/fundflows/XOP/charts?startDate=20260701&endDate=20260831,23528230.0,,3921402506.0,,ETF.com daily actual fund-flow fallback; USD-million chart scale validated against canonical issuer-derived references. Issuer exact flow remains preferred when its own unit QA is clean.
2026-07-29,XOP,0.0,0.0,ETFCOM_VALIDATED_ACTUAL,https://api-prod.etf.com/private/apps/fundflows/XOP/charts?startDate=20260701&endDate=20260831,-34708670.0,,3921402506.0,,ETF.com daily actual fund-flow fallback; USD-million chart scale validated against canonical issuer-derived references. Issuer exact flow remains preferred when its own unit QA is clean.
2026-07-30,XOP,120.383,120383000.0,ETFCOM_VALIDATED_ACTUAL,https://api-prod.etf.com/private/apps/fundflows/XOP/charts?startDate=20260701&endDate=20260831,43099630.0,,3921402506.0,,ETF.com daily actual fund-flow fallback; USD-million chart scale validated against canonical issuer-derived references. Issuer exact flow remains preferred when its own unit QA is clean.
2026-07-31,XOP,52.4416,52441600.0,ETFCOM_VALIDATED_ACTUAL,https://api-prod.etf.com/private/apps/fundflows/XOP/charts?startDate=20260701&endDate=20260831,87040900.0,,3921402506.0,,ETF.com daily actual fund-flow fallback; USD-million chart scale validated against canonical issuer-derived references. Issuer exact flow remains preferred when its own unit QA is clean.
2026-08-03,XOP,0.0,0.0,ETFCOM_VALIDATED_ACTUAL,https://api-prod.etf.com/private/apps/fundflows/XOP/charts?startDate=20260701&endDate=20260831,130560300.0,,3921402506.0,,ETF.com daily actual fund-flow fallback; USD-million chart scale validated against canonical issuer-derived references. Issuer exact flow remains preferred when its own unit QA is clean.
2026-08-04,XOP,-61.0345,-61034500.0,ETFCOM_VALIDATED_ACTUAL,https://api-prod.etf.com/private/apps/fundflows/XOP/charts?startDate=20260701&endDate=20260831,111790100.0,,3921402506.0,,ETF.com daily actual fund-flow fallback; USD-million chart scale validated against canonical issuer-derived references. Issuer exact flow remains preferred when its own unit QA is clean.
2026-08-05,XOP,-68.821,-68821000.0,ETFCOM_VALIDATED_ACTUAL,https://api-prod.etf.com/private/apps/fundflows/XOP/charts?startDate=20260701&endDate=20260831,42969100.0,264673630.0,3921402506.0,6.749463478819942,ETF.com daily actual fund-flow fallback; USD-million chart scale validated against canonical issuer-derived references. Issuer exact flow remains preferred when its own unit QA is clean.
2026-08-06,XOP,-8.2572,-8257199.999999999,ETFCOM_VALIDATED_ACTUAL,https://api-prod.etf.com/private/apps/fundflows/XOP/charts?startDate=20260701&endDate=20260831,-85671100.0,179313030.0,3921402506.0,4.5726759679894995,ETF.com daily actual fund-flow fallback; USD-million chart scale validated against canonical issuer-derived references. Issuer exact flow remains preferred when its own unit QA is clean.
2026-08-07,XOP,41.7405,41740500.0,ETFCOM_VALIDATED_ACTUAL,https://api-prod.etf.com/private/apps/fundflows/XOP/charts?startDate=20260701&endDate=20260831,-96372200.0,67300530.0,3921402506.0,1.716236216430877,ETF.com daily actual fund-flow fallback; USD-million chart scale validated against canonical issuer-derived references. Issuer exact flow remains preferred when its own unit QA is clean.
2026-08-10,XOP,-58.2609,-58260900.0,ETFCOM_VALIDATED_ACTUAL,https://api-prod.etf.com/private/apps/fundflows/XOP/charts?startDate=20260701&endDate=20260831,-154633100.0,-14163670.0,3921402506.0,-0.36118888531153504,ETF.com daily actual fund-flow fallback; USD-million chart scale validated against canonical issuer-derived references. Issuer exact flow remains preferred when its own unit QA is clean.
2026-08-11,XOP,-8.79715,-8797150.0,ETFCOM_VALIDATED_ACTUAL,https://api-prod.etf.com/private/apps/fundflows/XOP/charts?startDate=20260701&endDate=20260831,-102395750.0,69418880.0,3921402506.0,1.7702564297795143,ETF.com daily actual fund-flow fallback; USD-million chart scale validated against canonical issuer-derived references. Issuer exact flow remains preferred when its own unit QA is clean.
2026-08-12,XOP,-17.8475,-17847500.0,ETFCOM_VALIDATED_ACTUAL,https://api-prod.etf.com/private/apps/fundflows/XOP/charts?startDate=20260701&endDate=20260831,-51422250.0,-34970120.0,3921402506.0,-0.8917758364894562,ETF.com daily actual fund-flow fallback; USD-million chart scale validated against canonical issuer-derived references. Issuer exact flow remains preferred when its own unit QA is clean.
2026-08-14,XOP,-17.909,-17909000.0,ETFCOM_VALIDATED_ACTUAL,https://api-prod.etf.com/private/apps/fundflows/XOP/charts?startDate=20260701&endDate=20260831,-61074050.0,-44777820.0,3921402506.0,-1.1418827812622405,ETF.com daily actual fund-flow fallback; USD-million chart scale validated against canonical issuer-derived references. Issuer exact flow remains preferred when its own unit QA is clean.
2026-08-17,XOP,45.128,45128000.0,ETFCOM_VALIDATED_ACTUAL,https://api-prod.etf.com/private/apps/fundflows/XOP/charts?startDate=20260701&endDate=20260831,-57686550.0,-181283820.0,3921402506.0,-4.622933241936374,ETF.com daily actual fund-flow fallback; USD-million chart scale validated against canonical issuer-derived references. Issuer exact flow remains preferred when its own unit QA is clean.
2026-08-18,XOP,36.6681,36668100.0,ETFCOM_VALIDATED_ACTUAL,https://api-prod.etf.com/private/apps/fundflows/XOP/charts?startDate=20260701&endDate=20260831,37242450.0,37756280.0,3921402506.0,0.9628259262401767,ETF.com daily actual fund-flow fallback; USD-million chart scale validated against canonical issuer-derived references. Issuer exact flow remains preferred when its own unit QA is clean.
2026-08-19,XOP,-101.944,-101944000.0,ETFCOM_VALIDATED_ACTUAL,https://api-prod.etf.com/private/apps/fundflows/XOP/charts?startDate=20260701&endDate=20260831,-55904400.0,-22981820.0,3921402506.0,-0.5860612361224415,ETF.com daily actual fund-flow fallback; USD-million chart scale validated against canonical issuer-derived references. Issuer exact flow remains preferred when its own unit QA is clean.
2026-08-20,XOP,-37.2669,-37266900.0,ETFCOM_VALIDATED_ACTUAL,https://api-prod.etf.com/private/apps/fundflows/XOP/charts?startDate=20260701&endDate=20260831,-75323800.0,-118485620.0,3921402506.0,-3.0215113041497097,ETF.com daily actual fund-flow fallback; USD-million chart scale validated against canonical issuer-derived references. Issuer exact flow remains preferred when its own unit QA is clean.
2026-08-21,XOP,46.8805,46880500.0,ETFCOM_VALIDATED_ACTUAL,https://api-prod.etf.com/private/apps/fundflows/XOP/charts?startDate=20260701&endDate=20260831,-10534300.0,-114179820.0,3921402506.0,-2.9117087528071264,ETF.com daily actual fund-flow fallback; USD-million chart scale validated against canonical issuer-derived references. Issuer exact flow remains preferred when its own unit QA is clean.
2026-08-24,XOP,104.225,104225000.0,ETFCOM_VALIDATED_ACTUAL,https://api-prod.etf.com/private/apps/fundflows/XOP/charts?startDate=20260701&endDate=20260831,48562700.0,-18455150.0,3921402506.0,-0.4706262611849313,ETF.com daily actual fund-flow fallback; USD-million chart scale validated against canonical issuer-derived references. Issuer exact flow remains preferred when its own unit QA is clean.
2026-08-25,XOP,9.31005,9310050.0,ETFCOM_VALIDATED_ACTUAL,https://api-prod.etf.com/private/apps/fundflows/XOP/charts?startDate=20260701&endDate=20260831,21204650.0,34374300.0,3921402506.0,0.8765817828546061,ETF.com daily actual fund-flow fallback; USD-million chart scale validated against canonical issuer-derived references. Issuer exact flow remains preferred when its own unit QA is clean.
2026-08-26,XOP,-82.248,-82248000.0,ETFCOM_VALIDATED_ACTUAL,https://api-prod.etf.com/private/apps/fundflows/XOP/charts?startDate=20260701&endDate=20260831,40900650.0,-5609400.0,3921402506.0,-0.14304575955712923,ETF.com daily actual fund-flow fallback; USD-million chart scale validated against canonical issuer-derived references. Issuer exact flow remains preferred when its own unit QA is clean.
2026-08-27,XOP,101.425,101425000.0,ETFCOM_VALIDATED_ACTUAL,https://api-prod.etf.com/private/apps/fundflows/XOP/charts?startDate=20260701&endDate=20260831,179592550.0,95815600.0,3921402506.0,2.4434013048493726,ETF.com daily actual fund-flow fallback; USD-million chart scale validated against canonical issuer-derived references. Issuer exact flow remains preferred when its own unit QA is clean.
2026-08-28,XOP,-18.5421,-18542100.0,ETFCOM_VALIDATED_ACTUAL,https://api-prod.etf.com/private/apps/fundflows/XOP/charts?startDate=20260701&endDate=20260831,114169950.0,-43109500.0,3921402506.0,-1.0993388190587339,ETF.com daily actual fund-flow fallback; USD-million chart scale validated against canonical issuer-derived references. Issuer exact flow remains preferred when its own unit QA is clean.
2026-08-31,XOP,-18.5848,-18584800.0,ETFCOM_VALIDATED_ACTUAL,https://api-prod.etf.com/private/apps/fundflows/XOP/charts?startDate=20260701&endDate=20260831,-8639850.0,-114135900.0,3921402506.0,-2.9105887453625248,ETF.com daily actual fund-flow fallback; USD-million chart scale validated against canonical issuer-derived references. Issuer exact flow remains preferred when its own unit QA is clean.
2026-07-01,XRT,21.917,21917000.0,ETFCOM_VALIDATED_ACTUAL,https://api-prod.etf.com/private/apps/fundflows/XRT/charts?startDate=20260701&endDate=20260831,,,364847171.1962,,ETF.com daily actual fund-flow fallback; USD-million chart scale validated against canonical issuer-derived references. Issuer exact flow remains preferred when its own unit QA is clean.
2026-07-02,XRT,136.066,136066000.0,ETFCOM_VALIDATED_ACTUAL,https://api-prod.etf.com/private/apps/fundflows/XRT/charts?startDate=20260701&endDate=20260831,,,364847171.1962,,ETF.com daily actual fund-flow fallback; USD-million chart scale validated against canonical issuer-derived references. Issuer exact flow remains preferred when its own unit QA is clean.
2026-07-06,XRT,-8.80919,-8809190.0,ETFCOM_VALIDATED_ACTUAL,https://api-prod.etf.com/private/apps/fundflows/XRT/charts?startDate=20260701&endDate=20260831,,,364847171.1962,,ETF.com daily actual fund-flow fallback; USD-million chart scale validated against canonical issuer-derived references. Issuer exact flow remains preferred when its own unit QA is clean.
2026-07-07,XRT,-43.7687,-43768700.0,ETFCOM_VALIDATED_ACTUAL,https://api-prod.etf.com/private/apps/fundflows/XRT/charts?startDate=20260701&endDate=20260831,,,364847171.1962,,ETF.com daily actual fund-flow fallback; USD-million chart scale validated against canonical issuer-derived references. Issuer exact flow remains preferred when its own unit QA is clean.
2026-07-08,XRT,0.0,0.0,ETFCOM_VALIDATED_ACTUAL,https://api-prod.etf.com/private/apps/fundflows/XRT/charts?startDate=20260701&endDate=20260831,105405110.0,,364847171.1962,,ETF.com daily actual fund-flow fallback; USD-million chart scale validated against canonical issuer-derived references. Issuer exact flow remains preferred when its own unit QA is clean.
2026-07-09,XRT,-42.9945,-42994500.0,ETFCOM_VALIDATED_ACTUAL,https://api-prod.etf.com/private/apps/fundflows/XRT/charts?startDate=20260701&endDate=20260831,40493610.0,,364847171.1962,,ETF.com daily actual fund-flow fallback; USD-million chart scale validated against canonical issuer-derived references. Issuer exact flow remains preferred when its own unit QA is clean.
2026-07-14,XRT,-61.2511,-61251100.0,ETFCOM_VALIDATED_ACTUAL,https://api-prod.etf.com/private/apps/fundflows/XRT/charts?startDate=20260701&endDate=20260831,-156823490.0,,364847171.1962,,ETF.com daily actual fund-flow fallback; USD-million chart scale validated against canonical issuer-derived references. Issuer exact flow remains preferred when its own unit QA is clean.
2026-07-15,XRT,-8.77673,-8776730.0,ETFCOM_VALIDATED_ACTUAL,https://api-prod.etf.com/private/apps/fundflows/XRT/charts?startDate=20260701&endDate=20260831,-156791030.0,,364847171.1962,,ETF.com daily actual fund-flow fallback; USD-million chart scale validated against canonical issuer-derived references. Issuer exact flow remains preferred when its own unit QA is clean.
2026-07-16,XRT,8.90336,8903360.0,ETFCOM_VALIDATED_ACTUAL,https://api-prod.etf.com/private/apps/fundflows/XRT/charts?startDate=20260701&endDate=20260831,-104118970.0,,364847171.1962,,ETF.com daily actual fund-flow fallback; USD-million chart scale validated against canonical issuer-derived references. Issuer exact flow remains preferred when its own unit QA is clean.
2026-07-17,XRT,99.5344,99534400.0,ETFCOM_VALIDATED_ACTUAL,https://api-prod.etf.com/private/apps/fundflows/XRT/charts?startDate=20260701&endDate=20260831,-4584570.0,,364847171.1962,,ETF.com daily actual fund-flow fallback; USD-million chart scale validated against canonical issuer-derived references. Issuer exact flow remains preferred when its own unit QA is clean.
2026-07-20,XRT,-89.453,-89453000.0,ETFCOM_VALIDATED_ACTUAL,https://api-prod.etf.com/private/apps/fundflows/XRT/charts?startDate=20260701&endDate=20260831,-51043070.0,,364847171.1962,,ETF.com daily actual fund-flow fallback; USD-million chart scale validated against canonical issuer-derived references. Issuer exact flow remains preferred when its own unit QA is clean.
2026-07-21,XRT,8.89653,8896530.0,ETFCOM_VALIDATED_ACTUAL,https://api-prod.etf.com/private/apps/fundflows/XRT/charts?startDate=20260701&endDate=20260831,19104560.0,,364847171.1962,,ETF.com daily actual fund-flow fallback; USD-million chart scale validated against canonical issuer-derived references. Issuer exact flow remains preferred when its own unit QA is clean.
2026-07-27,XRT,0.0,0.0,ETFCOM_VALIDATED_ACTUAL,https://api-prod.etf.com/private/apps/fundflows/XRT/charts?startDate=20260701&endDate=20260831,27881290.0,,364847171.1962,,ETF.com daily actual fund-flow fallback; USD-million chart scale validated against canonical issuer-derived references. Issuer exact flow remains preferred when its own unit QA is clean.
2026-07-28,XRT,-31.3276,-31327600.0,ETFCOM_VALIDATED_ACTUAL,https://api-prod.etf.com/private/apps/fundflows/XRT/charts?startDate=20260701&endDate=20260831,-12349670.0,,364847171.1962,,ETF.com daily actual fund-flow fallback; USD-million chart scale validated against canonical issuer-derived references. Issuer exact flow remains preferred when its own unit QA is clean.
2026-07-29,XRT,-54.9398,-54939800.0,ETFCOM_VALIDATED_ACTUAL,https://api-prod.etf.com/private/apps/fundflows/XRT/charts?startDate=20260701&endDate=20260831,-166823870.0,,364847171.1962,,ETF.com daily actual fund-flow fallback; USD-million chart scale validated against canonical issuer-derived references. Issuer exact flow remains preferred when its own unit QA is clean.
2026-07-30,XRT,-118.896,-118896000.0,ETFCOM_VALIDATED_ACTUAL,https://api-prod.etf.com/private/apps/fundflows/XRT/charts?startDate=20260701&endDate=20260831,-196266870.0,,364847171.1962,,ETF.com daily actual fund-flow fallback; USD-million chart scale validated against canonical issuer-derived references. Issuer exact flow remains preferred when its own unit QA is clean.
2026-07-31,XRT,90.5592,90559200.0,ETFCOM_VALIDATED_ACTUAL,https://api-prod.etf.com/private/apps/fundflows/XRT/charts?startDate=20260701&endDate=20260831,-114604200.0,,364847171.1962,,ETF.com daily actual fund-flow fallback; USD-million chart scale validated against canonical issuer-derived references. Issuer exact flow remains preferred when its own unit QA is clean.
2026-08-03,XRT,80.7902,80790200.0,ETFCOM_VALIDATED_ACTUAL,https://api-prod.etf.com/private/apps/fundflows/XRT/charts?startDate=20260701&endDate=20260831,-33814000.0,,364847171.1962,,ETF.com daily actual fund-flow fallback; USD-million chart scale validated against canonical issuer-derived references. Issuer exact flow remains preferred when its own unit QA is clean.
2026-08-04,XRT,-22.8759,-22875900.0,ETFCOM_VALIDATED_ACTUAL,https://api-prod.etf.com/private/apps/fundflows/XRT/charts?startDate=20260701&endDate=20260831,-25362300.0,,364847171.1962,,ETF.com daily actual fund-flow fallback; USD-million chart scale validated against canonical issuer-derived references. Issuer exact flow remains preferred when its own unit QA is clean.
2026-08-05,XRT,138.488,138488000.0,ETFCOM_VALIDATED_ACTUAL,https://api-prod.etf.com/private/apps/fundflows/XRT/charts?startDate=20260701&endDate=20260831,168065500.0,102062170.0,364847171.1962,27.97395130278127,ETF.com daily actual fund-flow fallback; USD-million chart scale validated against canonical issuer-derived references. Issuer exact flow remains preferred when its own unit QA is clean.
2026-08-06,XRT,41.1551,41155100.0,ETFCOM_VALIDATED_ACTUAL,https://api-prod.etf.com/private/apps/fundflows/XRT/charts?startDate=20260701&endDate=20260831,328116600.0,121300270.0,364847171.1962,33.2468714509423,ETF.com daily actual fund-flow fallback; USD-million chart scale validated against canonical issuer-derived references. Issuer exact flow remains preferred when its own unit QA is clean.
2026-08-07,XRT,85.4066,85406600.0,ETFCOM_VALIDATED_ACTUAL,https://api-prod.etf.com/private/apps/fundflows/XRT/charts?startDate=20260701&endDate=20260831,322964000.0,70640870.0,364847171.1962,19.361769962034927,ETF.com daily actual fund-flow fallback; USD-million chart scale validated against canonical issuer-derived references. Issuer exact flow remains preferred when its own unit QA is clean.
2026-08-10,XRT,-72.6477,-72647700.0,ETFCOM_VALIDATED_ACTUAL,https://api-prod.etf.com/private/apps/fundflows/XRT/charts?startDate=20260701&endDate=20260831,169526100.0,6802360.0,364847171.1962,1.8644409322669426,ETF.com daily actual fund-flow fallback; USD-million chart scale validated against canonical issuer-derived references. Issuer exact flow remains preferred when its own unit QA is clean.
2026-08-11,XRT,-22.6702,-22670200.0,ETFCOM_VALIDATED_ACTUAL,https://api-prod.etf.com/private/apps/fundflows/XRT/charts?startDate=20260701&endDate=20260831,169731800.0,27900860.0,364847171.1962,7.647273215391342,ETF.com daily actual fund-flow fallback; USD-million chart scale validated against canonical issuer-derived references. Issuer exact flow remains preferred when its own unit QA is clean.
2026-08-12,XRT,-98.5815,-98581500.0,ETFCOM_VALIDATED_ACTUAL,https://api-prod.etf.com/private/apps/fundflows/XRT/charts?startDate=20260701&endDate=20260831,-67337700.0,-70680640.0,364847171.1962,-19.372670416564862,ETF.com daily actual fund-flow fallback; USD-million chart scale validated against canonical issuer-derived references. Issuer exact flow remains preferred when its own unit QA is clean.
2026-08-14,XRT,40.1828,40182800.0,ETFCOM_VALIDATED_ACTUAL,https://api-prod.etf.com/private/apps/fundflows/XRT/charts?startDate=20260701&endDate=20260831,-68310000.0,12496660.0,364847171.1962,3.425176618206477,ETF.com daily actual fund-flow fallback; USD-million chart scale validated against canonical issuer-derived references. Issuer exact flow remains preferred when its own unit QA is clean.
2026-08-17,XRT,-53.3775,-53377500.0,ETFCOM_VALIDATED_ACTUAL,https://api-prod.etf.com/private/apps/fundflows/XRT/charts?startDate=20260701&endDate=20260831,-207094100.0,20370260.0,364847171.1962,5.583230899999414,ETF.com daily actual fund-flow fallback; USD-million chart scale validated against canonical issuer-derived references. Issuer exact flow remains preferred when its own unit QA is clean.
2026-08-18,XRT,17.5076,17507600.0,ETFCOM_VALIDATED_ACTUAL,https://api-prod.etf.com/private/apps/fundflows/XRT/charts?startDate=20260701&endDate=20260831,-116938800.0,46654590.0,364847171.1962,12.787433666276407,ETF.com daily actual fund-flow fallback; USD-million chart scale validated against canonical issuer-derived references. Issuer exact flow remains preferred when its own unit QA is clean.
2026-08-19,XRT,-130.632,-130632000.0,ETFCOM_VALIDATED_ACTUAL,https://api-prod.etf.com/private/apps/fundflows/XRT/charts?startDate=20260701&endDate=20260831,-224900600.0,-92880770.0,364847171.1962,-25.45744556425586,ETF.com daily actual fund-flow fallback; USD-million chart scale validated against canonical issuer-derived references. Issuer exact flow remains preferred when its own unit QA is clean.
2026-08-20,XRT,-39.979,-39979000.0,ETFCOM_VALIDATED_ACTUAL,https://api-prod.etf.com/private/apps/fundflows/XRT/charts?startDate=20260701&endDate=20260831,-166298100.0,-232394170.0,364847171.1962,-63.69630583623954,ETF.com daily actual fund-flow fallback; USD-million chart scale validated against canonical issuer-derived references. Issuer exact flow remains preferred when its own unit QA is clean.
2026-08-21,XRT,-78.0844,-78084400.0,ETFCOM_VALIDATED_ACTUAL,https://api-prod.etf.com/private/apps/fundflows/XRT/charts?startDate=20260701&endDate=20260831,-284565300.0,-221025570.0,364847171.1962,-60.58031621167248,ETF.com daily actual fund-flow fallback; USD-million chart scale validated against canonical issuer-derived references. Issuer exact flow remains preferred when its own unit QA is clean.
2026-08-24,XRT,122.756,122756000.0,ETFCOM_VALIDATED_ACTUAL,https://api-prod.etf.com/private/apps/fundflows/XRT/charts?startDate=20260701&endDate=20260831,-108431800.0,-107166100.0,364847171.1962,-29.37287403069117,ETF.com daily actual fund-flow fallback; USD-million chart scale validated against canonical issuer-derived references. Issuer exact flow remains preferred when its own unit QA is clean.
2026-08-25,XRT,-35.5638,-35563800.0,ETFCOM_VALIDATED_ACTUAL,https://api-prod.etf.com/private/apps/fundflows/XRT/charts?startDate=20260701&endDate=20260831,-161503200.0,-142729900.0,364847171.1962,-39.12046228343803,ETF.com daily actual fund-flow fallback; USD-million chart scale validated against canonical issuer-derived references. Issuer exact flow remains preferred when its own unit QA is clean.
2026-08-26,XRT,4.39554,4395540.0,ETFCOM_VALIDATED_ACTUAL,https://api-prod.etf.com/private/apps/fundflows/XRT/charts?startDate=20260701&endDate=20260831,-26475660.0,-107006760.0,364847171.1962,-29.32920094985637,ETF.com daily actual fund-flow fallback; USD-million chart scale validated against canonical issuer-derived references. Issuer exact flow remains preferred when its own unit QA is clean.
2026-08-27,XRT,22.0611,22061100.0,ETFCOM_VALIDATED_ACTUAL,https://api-prod.etf.com/private/apps/fundflows/XRT/charts?startDate=20260701&endDate=20260831,35564440.0,-30005860.0,364847171.1962,-8.22422711998062,ETF.com daily actual fund-flow fallback; USD-million chart scale validated against canonical issuer-derived references. Issuer exact flow remains preferred when its own unit QA is clean.
2026-08-28,XRT,8.65968,8659680.0,ETFCOM_VALIDATED_ACTUAL,https://api-prod.etf.com/private/apps/fundflows/XRT/charts?startDate=20260701&endDate=20260831,122308520.0,97549820.0,364847171.1962,26.73717317861337,ETF.com daily actual fund-flow fallback; USD-million chart scale validated against canonical issuer-derived references. Issuer exact flow remains preferred when its own unit QA is clean.
2026-08-31,XRT,0.0,0.0,ETFCOM_VALIDATED_ACTUAL,https://api-prod.etf.com/private/apps/fundflows/XRT/charts?startDate=20260701&endDate=20260831,-447480.0,6990620.0,364847171.1962,1.916040619714913,ETF.com daily actual fund-flow fallback; USD-million chart scale validated against canonical issuer-derived references. Issuer exact flow remains preferred when its own unit QA is clean.
2026-07-01,XSD,0.0,0.0,ETFCOM_VALIDATED_ACTUAL,https://api-prod.etf.com/private/apps/fundflows/XSD/charts?startDate=20260701&endDate=20260831,,,2579593145.05,,ETF.com daily actual fund-flow fallback; USD-million chart scale validated against canonical issuer-derived references. Issuer exact flow remains preferred when its own unit QA is clean.
2026-07-02,XSD,-14.8861,-14886100.0,ETFCOM_VALIDATED_ACTUAL,https://api-prod.etf.com/private/apps/fundflows/XSD/charts?startDate=20260701&endDate=20260831,,,2579593145.05,,ETF.com daily actual fund-flow fallback; USD-million chart scale validated against canonical issuer-derived references. Issuer exact flow remains preferred when its own unit QA is clean.
2026-07-06,XSD,0.0,0.0,ETFCOM_VALIDATED_ACTUAL,https://api-prod.etf.com/private/apps/fundflows/XSD/charts?startDate=20260701&endDate=20260831,,,2579593145.05,,ETF.com daily actual fund-flow fallback; USD-million chart scale validated against canonical issuer-derived references. Issuer exact flow remains preferred when its own unit QA is clean.
2026-07-07,XSD,14.2688,14268800.0,ETFCOM_VALIDATED_ACTUAL,https://api-prod.etf.com/private/apps/fundflows/XSD/charts?startDate=20260701&endDate=20260831,,,2579593145.05,,ETF.com daily actual fund-flow fallback; USD-million chart scale validated against canonical issuer-derived references. Issuer exact flow remains preferred when its own unit QA is clean.
2026-07-08,XSD,0.0,0.0,ETFCOM_VALIDATED_ACTUAL,https://api-prod.etf.com/private/apps/fundflows/XSD/charts?startDate=20260701&endDate=20260831,-617300.0,,2579593145.05,,ETF.com daily actual fund-flow fallback; USD-million chart scale validated against canonical issuer-derived references. Issuer exact flow remains preferred when its own unit QA is clean.
2026-07-09,XSD,13.7201,13720100.0,ETFCOM_VALIDATED_ACTUAL,https://api-prod.etf.com/private/apps/fundflows/XSD/charts?startDate=20260701&endDate=20260831,13102800.0,,2579593145.05,,ETF.com daily actual fund-flow fallback; USD-million chart scale validated against canonical issuer-derived references. Issuer exact flow remains preferred when its own unit QA is clean.
2026-07-14,XSD,0.0,0.0,ETFCOM_VALIDATED_ACTUAL,https://api-prod.etf.com/private/apps/fundflows/XSD/charts?startDate=20260701&endDate=20260831,27988900.0,,2579593145.05,,ETF.com daily actual fund-flow fallback; USD-million chart scale validated against canonical issuer-derived references. Issuer exact flow remains preferred when its own unit QA is clean.
2026-07-15,XSD,0.0,0.0,ETFCOM_VALIDATED_ACTUAL,https://api-prod.etf.com/private/apps/fundflows/XSD/charts?startDate=20260701&endDate=20260831,27988900.0,,2579593145.05,,ETF.com daily actual fund-flow fallback; USD-million chart scale validated against canonical issuer-derived references. Issuer exact flow remains preferred when its own unit QA is clean.
2026-07-16,XSD,13.4111,13411100.0,ETFCOM_VALIDATED_ACTUAL,https://api-prod.etf.com/private/apps/fundflows/XSD/charts?startDate=20260701&endDate=20260831,27131200.0,,2579593145.05,,ETF.com daily actual fund-flow fallback; USD-million chart scale validated against canonical issuer-derived references. Issuer exact flow remains preferred when its own unit QA is clean.
2026-07-17,XSD,-12.6521,-12652100.0,ETFCOM_VALIDATED_ACTUAL,https://api-prod.etf.com/private/apps/fundflows/XSD/charts?startDate=20260701&endDate=20260831,14479100.0,,2579593145.05,,ETF.com daily actual fund-flow fallback; USD-million chart scale validated against canonical issuer-derived references. Issuer exact flow remains preferred when its own unit QA is clean.
2026-07-20,XSD,0.0,0.0,ETFCOM_VALIDATED_ACTUAL,https://api-prod.etf.com/private/apps/fundflows/XSD/charts?startDate=20260701&endDate=20260831,759000.0,,2579593145.05,,ETF.com daily actual fund-flow fallback; USD-million chart scale validated against canonical issuer-derived references. Issuer exact flow remains preferred when its own unit QA is clean.
2026-07-21,XSD,0.0,0.0,ETFCOM_VALIDATED_ACTUAL,https://api-prod.etf.com/private/apps/fundflows/XSD/charts?startDate=20260701&endDate=20260831,759000.0,,2579593145.05,,ETF.com daily actual fund-flow fallback; USD-million chart scale validated against canonical issuer-derived references. Issuer exact flow remains preferred when its own unit QA is clean.
2026-07-27,XSD,-12.3622,-12362200.0,ETFCOM_VALIDATED_ACTUAL,https://api-prod.etf.com/private/apps/fundflows/XSD/charts?startDate=20260701&endDate=20260831,-11603200.0,,2579593145.05,,ETF.com daily actual fund-flow fallback; USD-million chart scale validated against canonical issuer-derived references. Issuer exact flow remains preferred when its own unit QA is clean.
2026-07-28,XSD,0.0,0.0,ETFCOM_VALIDATED_ACTUAL,https://api-prod.etf.com/private/apps/fundflows/XSD/charts?startDate=20260701&endDate=20260831,-25014300.0,,2579593145.05,,ETF.com daily actual fund-flow fallback; USD-million chart scale validated against canonical issuer-derived references. Issuer exact flow remains preferred when its own unit QA is clean.
2026-07-29,XSD,0.0,0.0,ETFCOM_VALIDATED_ACTUAL,https://api-prod.etf.com/private/apps/fundflows/XSD/charts?startDate=20260701&endDate=20260831,-12362200.0,,2579593145.05,,ETF.com daily actual fund-flow fallback; USD-million chart scale validated against canonical issuer-derived references. Issuer exact flow remains preferred when its own unit QA is clean.
2026-07-30,XSD,0.0,0.0,ETFCOM_VALIDATED_ACTUAL,https://api-prod.etf.com/private/apps/fundflows/XSD/charts?startDate=20260701&endDate=20260831,-12362200.0,,2579593145.05,,ETF.com daily actual fund-flow fallback; USD-million chart scale validated against canonical issuer-derived references. Issuer exact flow remains preferred when its own unit QA is clean.
2026-07-31,XSD,0.0,0.0,ETFCOM_VALIDATED_ACTUAL,https://api-prod.etf.com/private/apps/fundflows/XSD/charts?startDate=20260701&endDate=20260831,-12362200.0,,2579593145.05,,ETF.com daily actual fund-flow fallback; USD-million chart scale validated against canonical issuer-derived references. Issuer exact flow remains preferred when its own unit QA is clean.
2026-08-03,XSD,-12.167,-12167000.0,ETFCOM_VALIDATED_ACTUAL,https://api-prod.etf.com/private/apps/fundflows/XSD/charts?startDate=20260701&endDate=20260831,-12167000.0,,2579593145.05,,ETF.com daily actual fund-flow fallback; USD-million chart scale validated against canonical issuer-derived references. Issuer exact flow remains preferred when its own unit QA is clean.
2026-08-04,XSD,-12.3706,-12370600.0,ETFCOM_VALIDATED_ACTUAL,https://api-prod.etf.com/private/apps/fundflows/XSD/charts?startDate=20260701&endDate=20260831,-24537600.0,,2579593145.05,,ETF.com daily actual fund-flow fallback; USD-million chart scale validated against canonical issuer-derived references. Issuer exact flow remains preferred when its own unit QA is clean.
2026-08-05,XSD,-52.6184,-52618400.0,ETFCOM_VALIDATED_ACTUAL,https://api-prod.etf.com/private/apps/fundflows/XSD/charts?startDate=20260701&endDate=20260831,-77156000.0,-75656400.0,2579593145.05,-2.9328811074404353,ETF.com daily actual fund-flow fallback; USD-million chart scale validated against canonical issuer-derived references. Issuer exact flow remains preferred when its own unit QA is clean.
2026-08-06,XSD,-25.4615,-25461500.0,ETFCOM_VALIDATED_ACTUAL,https://api-prod.etf.com/private/apps/fundflows/XSD/charts?startDate=20260701&endDate=20260831,-102617500.0,-101117900.0,2579593145.05,-3.9199166036720117,ETF.com daily actual fund-flow fallback; USD-million chart scale validated against canonical issuer-derived references. Issuer exact flow remains preferred when its own unit QA is clean.
2026-08-07,XSD,13.0171,13017100.0,ETFCOM_VALIDATED_ACTUAL,https://api-prod.etf.com/private/apps/fundflows/XSD/charts?startDate=20260701&endDate=20260831,-89600400.0,-73214700.0,2579593145.05,-2.838226645953538,ETF.com daily actual fund-flow fallback; USD-million chart scale validated against canonical issuer-derived references. Issuer exact flow remains preferred when its own unit QA is clean.
2026-08-10,XSD,0.0,0.0,ETFCOM_VALIDATED_ACTUAL,https://api-prod.etf.com/private/apps/fundflows/XSD/charts?startDate=20260701&endDate=20260831,-77433400.0,-73214700.0,2579593145.05,-2.838226645953538,ETF.com daily actual fund-flow fallback; USD-million chart scale validated against canonical issuer-derived references. Issuer exact flow remains preferred when its own unit QA is clean.
2026-08-11,XSD,0.0,0.0,ETFCOM_VALIDATED_ACTUAL,https://api-prod.etf.com/private/apps/fundflows/XSD/charts?startDate=20260701&endDate=20260831,-65062800.0,-87483500.0,2579593145.05,-3.3913681375635814,ETF.com daily actual fund-flow fallback; USD-million chart scale validated against canonical issuer-derived references. Issuer exact flow remains preferred when its own unit QA is clean.
2026-08-12,XSD,0.0,0.0,ETFCOM_VALIDATED_ACTUAL,https://api-prod.etf.com/private/apps/fundflows/XSD/charts?startDate=20260701&endDate=20260831,-12444400.0,-87483500.0,2579593145.05,-3.3913681375635814,ETF.com daily actual fund-flow fallback; USD-million chart scale validated against canonical issuer-derived references. Issuer exact flow remains preferred when its own unit QA is clean.
2026-08-14,XSD,0.0,0.0,ETFCOM_VALIDATED_ACTUAL,https://api-prod.etf.com/private/apps/fundflows/XSD/charts?startDate=20260701&endDate=20260831,13017100.0,-101203600.0,2579593145.05,-3.9232388329997043,ETF.com daily actual fund-flow fallback; USD-million chart scale validated against canonical issuer-derived references. Issuer exact flow remains preferred when its own unit QA is clean.
2026-08-17,XSD,-13.6028,-13602800.0,ETFCOM_VALIDATED_ACTUAL,https://api-prod.etf.com/private/apps/fundflows/XSD/charts?startDate=20260701&endDate=20260831,-13602800.0,-114806400.0,2579593145.05,-4.450562299729429,ETF.com daily actual fund-flow fallback; USD-million chart scale validated against canonical issuer-derived references. Issuer exact flow remains preferred when its own unit QA is clean.
2026-08-18,XSD,0.0,0.0,ETFCOM_VALIDATED_ACTUAL,https://api-prod.etf.com/private/apps/fundflows/XSD/charts?startDate=20260701&endDate=20260831,-13602800.0,-114806400.0,2579593145.05,-4.450562299729429,ETF.com daily actual fund-flow fallback; USD-million chart scale validated against canonical issuer-derived references. Issuer exact flow remains preferred when its own unit QA is clean.
2026-08-19,XSD,-12.9299,-12929900.0,ETFCOM_VALIDATED_ACTUAL,https://api-prod.etf.com/private/apps/fundflows/XSD/charts?startDate=20260701&endDate=20260831,-26532700.0,-141147400.0,2579593145.05,-5.471692319808213,ETF.com daily actual fund-flow fallback; USD-million chart scale validated against canonical issuer-derived references. Issuer exact flow remains preferred when its own unit QA is clean.
2026-08-20,XSD,12.5733,12573300.0,ETFCOM_VALIDATED_ACTUAL,https://api-prod.etf.com/private/apps/fundflows/XSD/charts?startDate=20260701&endDate=20260831,-13959400.0,-115922000.0,2579593145.05,-4.493809429694119,ETF.com daily actual fund-flow fallback; USD-million chart scale validated against canonical issuer-derived references. Issuer exact flow remains preferred when its own unit QA is clean.
2026-08-21,XSD,12.409,12409000.0,ETFCOM_VALIDATED_ACTUAL,https://api-prod.etf.com/private/apps/fundflows/XSD/charts?startDate=20260701&endDate=20260831,-1550400.0,-103513000.0,2579593145.05,-4.012764578733349,ETF.com daily actual fund-flow fallback; USD-million chart scale validated against canonical issuer-derived references. Issuer exact flow remains preferred when its own unit QA is clean.
2026-08-24,XSD,-24.9035,-24903500.0,ETFCOM_VALIDATED_ACTUAL,https://api-prod.etf.com/private/apps/fundflows/XSD/charts?startDate=20260701&endDate=20260831,-12851100.0,-128416500.0,2579593145.05,-4.978168756821956,ETF.com daily actual fund-flow fallback; USD-million chart scale validated against canonical issuer-derived references. Issuer exact flow remains preferred when its own unit QA is clean.
2026-08-25,XSD,-24.078,-24078000.0,ETFCOM_VALIDATED_ACTUAL,https://api-prod.etf.com/private/apps/fundflows/XSD/charts?startDate=20260701&endDate=20260831,-36929100.0,-140132300.0,2579593145.05,-5.432341153057445,ETF.com daily actual fund-flow fallback; USD-million chart scale validated against canonical issuer-derived references. Issuer exact flow remains preferred when its own unit QA is clean.
2026-08-26,XSD,24.5528,24552800.0,ETFCOM_VALIDATED_ACTUAL,https://api-prod.etf.com/private/apps/fundflows/XSD/charts?startDate=20260701&endDate=20260831,553600.0,-115579500.0,2579593145.05,-4.480532142124286,ETF.com daily actual fund-flow fallback; USD-million chart scale validated against canonical issuer-derived references. Issuer exact flow remains preferred when its own unit QA is clean.
2026-08-27,XSD,0.0,0.0,ETFCOM_VALIDATED_ACTUAL,https://api-prod.etf.com/private/apps/fundflows/XSD/charts?startDate=20260701&endDate=20260831,-12019700.0,-115579500.0,2579593145.05,-4.480532142124286,ETF.com daily actual fund-flow fallback; USD-million chart scale validated against canonical issuer-derived references. Issuer exact flow remains preferred when its own unit QA is clean.
2026-08-28,XSD,0.0,0.0,ETFCOM_VALIDATED_ACTUAL,https://api-prod.etf.com/private/apps/fundflows/XSD/charts?startDate=20260701&endDate=20260831,-24428700.0,-115579500.0,2579593145.05,-4.480532142124286,ETF.com daily actual fund-flow fallback; USD-million chart scale validated against canonical issuer-derived references. Issuer exact flow remains preferred when its own unit QA is clean.
2026-08-31,XSD,0.0,0.0,ETFCOM_VALIDATED_ACTUAL,https://api-prod.etf.com/private/apps/fundflows/XSD/charts?startDate=20260701&endDate=20260831,474800.0,-115579500.0,2579593145.05,-4.480532142124286,ETF.com daily actual fund-flow fallback; USD-million chart scale validated against canonical issuer-derived references. Issuer exact flow remains preferred when its own unit QA is clean.
