etf,holding_rank,holding_weight_pct,symbol,name,group,group_sector,group_phase,group_rank,group_score,group_pioneer_score,group_breadth_score,stock_rank_within_group,role,strength,rs189,rs63,rs21,acceleration,slow_acceleration,breakout_status
XLC,1,16.732253,META,Meta Platforms Inc Class A,Internet-Content,Technology Services,LOSING,65,49.5,64.2,27.5,16,FOLLOWER,31.6,21.8,23.0,70.5,47.5,1.2,NONE
XLC,2,10.392656,GOOGL,Alphabet Inc. Class A,Internet-Content,Technology Services,LOSING,65,49.5,64.2,27.5,14,FOLLOWER,44.7,42.7,22.8,61.6,38.8,-19.9,NONE
XLC,4,5.212383,T,AT&T Inc,Telecom/Cable Services,Communications,EMERGING,17,58.3,72.9,36.4,4,FOLLOWER,59.6,38.8,56.1,79.4,23.4,17.3,BREAKOUT_WATCH
XLC,5,4.967645,VZ,Verizon Communications Inc.,Telecom/Cable Services,Communications,EMERGING,17,58.3,72.9,36.4,3,FOLLOWER,66.9,67.8,56.6,73.6,17.0,-11.2,BREAKOUT_WATCH
XLC,6,4.885451,CMCSA,Comcast Corporation Class A,Telecom/Cable Services,Communications,EMERGING,17,58.3,72.9,36.4,5,FOLLOWER,59.3,48.9,64.0,83.0,19.0,15.1,BREAKOUT_WATCH
XLC,7,4.843291,NFLX,"Netflix, Inc.",Leisure-Movies & Related,Technology Services,LOSING,69,55.5,63.5,43.5,9,FOLLOWER,31.9,12.5,28.4,79.1,50.7,15.9,BREAKOUT_WATCH
XLC,8,4.792568,DIS,Walt Disney Company,Media,Consumer Services,LOSING,87,50.9,57.6,40.9,9,FOLLOWER,59.3,40.9,57.3,80.2,22.9,16.4,NONE
XLC,9,4.637036,WBD,"Warner Bros. Discovery, Inc. Series A",Media,Consumer Services,LOSING,87,50.9,57.6,40.9,6,FOLLOWER,65.0,63.5,56.4,81.0,24.6,-7.1,BREAKOUT_WATCH
XLC,10,4.558677,TMUS,"T-Mobile US, Inc.",Telecom/Cable Services,Communications,EMERGING,17,58.3,72.9,36.4,16,FOLLOWER,32.5,20.2,32.9,65.7,32.9,12.6,NONE
XLC,11,4.522742,OMC,Omnicom Group Inc,Comml Svcs-Advertising,Technology Services,LOSING,56,60.8,65.4,53.9,7,FOLLOWER,75.0,63.0,82.6,77.8,-4.8,19.5,BREAKOUT_WATCH
XLC,12,4.350955,LYV,"Live Nation Entertainment, Inc.",Leisure-Services,Consumer Services,LOSING,133,39.3,43.8,32.6,6,FOLLOWER,61.5,76.4,59.1,38.2,-21.0,-17.2,NONE
XLC,13,4.164678,TTWO,"Take-Two Interactive Software, Inc.",Computer Sftwr-Gaming,Technology Services,LOSING,82,49.3,58.8,35.1,4,FOLLOWER,38.1,28.4,52.8,22.4,-30.4,24.4,NONE
XLC,14,3.162151,CHTR,"Charter Communications, Inc. Class A",Telecom/Cable Services,Communications,EMERGING,17,58.3,72.9,36.4,11,FOLLOWER,44.0,11.4,56.7,72.8,16.1,45.3,NONE
XLC,15,2.453401,FOXA,Fox Corporation Class A,Media,Consumer Services,LOSING,87,50.9,57.6,40.9,7,FOLLOWER,60.0,41.1,57.5,85.8,28.3,16.4,NONE
XLC,16,2.12733,ECHO,EchoStar Corporation Class A,Specialty Telecommunications,Communications,LOSING,148,35.9,37.9,32.9,2,FOLLOWER,34.8,60.6,6.1,50.6,44.5,-54.5,NONE
XLC,17,2.090059,TKO,"TKO Group Holdings, Inc. Class A",Media,Consumer Services,LOSING,87,50.9,57.6,40.9,22,FOLLOWER,35.1,31.2,21.6,47.1,25.6,-9.7,NONE
XLC,18,2.031399,NWSA,News Corporation Class A,Media,Consumer Services,LOSING,87,50.9,57.6,40.9,3,FOLLOWER,75.3,60.7,78.2,76.5,-1.8,17.5,NONE
XLC,20,1.331245,APP,AppLovin Corp. Class A,Comp Sftwr - Specialty Enterprise,Technology Services,EMERGING,18,57.9,72.8,35.6,27,FOLLOWER,6.5,4.1,1.8,3.1,1.4,-2.4,NONE
XLC,21,1.041582,TTD,"Trade Desk, Inc. Class A",Comml Svcs-Advertising,Technology Services,LOSING,56,60.8,65.4,53.9,22,FOLLOWER,3.4,0.8,4.5,1.8,-2.7,3.7,NONE
XLC,23,0.616894,PSKY,Paramount Skydance Corporation Class B,Media,Consumer Services,LOSING,87,50.9,57.6,40.9,20,FOLLOWER,40.3,8.5,49.2,96.9,47.7,40.7,BREAKOUT_WATCH
XLC,24,0.311202,RDDT,"Reddit, Inc. Class A",Internet-Content,Technology Services,LOSING,65,49.5,64.2,27.5,31,FOLLOWER,10.7,8.1,17.8,6.9,-10.9,9.6,NONE
XLY,1,24.881536,AMZN,"Amazon.com, Inc.",Retail-Internet,Retail Trade,LOSING,52,51.9,67.3,28.7,6,FOLLOWER,60.7,54.0,35.0,81.3,46.3,-19.0,NONE
XLY,2,16.312037,TSLA,"Tesla, Inc.",Auto Manufacturers,Consumer Durables,LOSING,135,37.3,43.7,27.7,8,FOLLOWER,28.2,15.1,12.0,81.0,69.0,-3.1,NONE
XLY,3,5.463952,HD,"Home Depot, Inc.",Retail/Whlsle-Bldg Prds,Distribution Services,LOSING,130,39.7,44.2,33.0,4,FOLLOWER,39.2,26.8,52.7,38.5,-14.2,26.0,NONE
XLY,4,4.079028,MCD,McDonald's Corporation,Retail-Restaurants,Consumer Services,LOSING,93,49.8,56.5,39.6,30,FOLLOWER,24.9,17.8,29.4,37.2,7.8,11.7,NONE
XLY,5,3.971108,BKNG,Booking Holdings Inc.,Leisure-Travel Booking,Consumer Services,EMERGING,13,68.8,74.3,60.6,5,FOLLOWER,60.6,40.2,83.2,68.5,-14.7,43.0,NONE
XLY,6,3.5047,TJX,TJX Companies Inc,Retail-Apparel/Shoes/Acc,Retail Trade,LOSING,105,42.4,50.7,29.8,18,FOLLOWER,16.3,20.2,18.6,6.2,-12.4,-1.6,NONE
XLY,7,3.063405,SBUX,Starbucks Corporation,Retail-Restaurants,Consumer Services,LOSING,93,49.8,56.5,39.6,6,FOLLOWER,71.7,66.0,62.3,57.2,-5.1,-3.7,NONE
XLY,8,2.904011,LOW,"Lowe's Companies, Inc.",Retail/Whlsle-Bldg Prds,Distribution Services,LOSING,130,39.7,44.2,33.0,8,FOLLOWER,27.2,19.6,33.6,38.5,4.8,14.1,NONE
XLY,9,2.232822,DASH,"DoorDash, Inc. Class A",Retail-Internet,Retail Trade,LOSING,52,51.9,67.3,28.7,4,FOLLOWER,70.5,59.2,95.2,88.4,-6.8,36.0,BREAKOUT_WATCH
XLY,10,1.973104,ABNB,"Airbnb, Inc. Class A",Leisure-Travel Booking,Consumer Services,EMERGING,13,68.8,74.3,60.6,1,LEADER,91.8,85.9,93.6,91.7,-2.0,7.7,NONE
XLY,11,1.938665,GM,General Motors Company,Auto Manufacturers,Consumer Durables,LOSING,135,37.3,43.7,27.7,4,FOLLOWER,53.5,57.5,50.7,32.3,-18.5,-6.8,NONE
XLY,12,1.915023,MAR,"Marriott International, Inc. Class A",Leisure-Lodging,Consumer Services,LOSING,100,46.6,52.0,38.6,9,FOLLOWER,34.5,54.2,25.8,18.5,-7.3,-28.4,NONE
XLY,13,1.834995,ROST,"Ross Stores, Inc.",Retail-Apparel/Shoes/Acc,Retail Trade,LOSING,105,42.4,50.7,29.8,7,FOLLOWER,50.8,68.4,35.9,12.2,-23.6,-32.5,NONE
XLY,14,1.827875,ORLY,"O'Reilly Automotive, Inc.",Retail/Whlsle-Auto Parts,Retail Trade,LOSING,164,26.5,30.4,20.7,3,FOLLOWER,34.2,18.1,46.0,52.5,6.5,27.9,NONE
XLY,15,1.82606,HLT,Hilton Worldwide Holdings Inc.,Leisure-Lodging,Consumer Services,LOSING,100,46.6,52.0,38.6,7,FOLLOWER,43.4,50.5,34.9,43.2,8.3,-15.6,NONE
XLY,16,1.736894,RCL,Royal Caribbean Group,Leisure-Services,Consumer Services,LOSING,133,39.3,43.8,32.6,25,FOLLOWER,28.3,41.4,35.6,7.7,-27.9,-5.8,NONE
XLY,17,1.353926,F,Ford Motor Company,Auto Manufacturers,Consumer Durables,LOSING,135,37.3,43.7,27.7,11,FOLLOWER,25.7,45.0,12.1,20.4,8.3,-32.9,NONE
XLY,18,1.321604,CVNA,Carvana Co. Class A,Retail/Whlsle-Automobile,Retail Trade,LOSING,142,38.7,40.3,36.4,5,FOLLOWER,50.3,40.2,44.9,89.0,44.1,4.8,NONE
XLY,19,1.216268,AZO,"AutoZone, Inc.",Retail/Whlsle-Auto Parts,Retail Trade,LOSING,164,26.5,30.4,20.7,4,FOLLOWER,29.0,10.7,42.6,36.3,-6.3,31.9,NONE
XLY,20,1.215666,CMG,"Chipotle Mexican Grill, Inc.",Retail-Restaurants,Consumer Services,LOSING,93,49.8,56.5,39.6,11,FOLLOWER,56.8,51.2,79.0,37.3,-41.8,27.8,BREAKOUT_WATCH
XLY,21,1.183702,NKE,"NIKE, Inc. Class B",Apparel - Clothing & Shoes,Consumer Non-Durables,LOSING,163,25.8,30.7,18.3,17,FOLLOWER,16.6,5.9,17.3,18.4,1.1,11.4,NONE
XLY,22,1.168634,EBAY,eBay Inc.,Retail-Internet,Retail Trade,LOSING,52,51.9,67.3,28.7,11,FOLLOWER,43.2,67.6,32.2,17.7,-14.5,-35.4,NONE
XLY,23,1.165171,GRMN,Garmin Ltd.,Consumer Prod-Electronic,Consumer Durables,LOSING,141,39.0,40.5,36.7,1,FOLLOWER,65.4,81.7,82.4,24.7,-57.7,0.7,NONE
XLY,24,1.056787,YUM,"Yum! Brands, Inc.",Retail-Restaurants,Consumer Services,LOSING,93,49.8,56.5,39.6,18,FOLLOWER,40.9,33.6,51.1,34.2,-16.9,17.5,NONE
XLY,25,0.968659,DHI,"D.R. Horton, Inc.",Bldg-Resident/Comml,Consumer Durables,LOSING,125,42.2,46.0,36.5,11,FOLLOWER,39.0,27.1,40.2,53.8,13.6,13.1,NONE
XLY,26,0.940043,EXPE,"Expedia Group, Inc.",Leisure-Travel Booking,Consumer Services,EMERGING,13,68.8,74.3,60.6,4,FOLLOWER,78.0,66.7,94.8,80.4,-14.4,28.1,NONE
XLY,27,0.793772,CCL,Carnival Corporation Ltd.,Leisure-Services,Consumer Services,LOSING,133,39.3,43.8,32.6,30,FOLLOWER,20.9,29.0,19.8,10.9,-8.8,-9.2,NONE
XLY,29,0.631873,TPR,"Tapestry, Inc.",Apparel - Clothing & Shoes,Consumer Non-Durables,LOSING,163,25.8,30.7,18.3,11,FOLLOWER,27.7,55.9,17.4,4.5,-12.9,-38.5,NONE
XLY,30,0.615562,DRI,"Darden Restaurants, Inc.",Retail-Restaurants,Consumer Services,LOSING,93,49.8,56.5,39.6,8,FOLLOWER,61.6,61.6,56.7,62.5,5.9,-4.9,NONE
XLY,31,0.610256,PHM,"PulteGroup, Inc.",Bldg-Resident/Comml,Consumer Durables,LOSING,125,42.2,46.0,36.5,7,FOLLOWER,50.9,37.1,61.5,42.4,-19.1,24.5,NONE
XLY,32,0.561736,ULTA,Ulta Beauty Inc.,Retail - Specialty,Retail Trade,LOSING,129,39.4,44.3,32.1,9,FOLLOWER,40.0,30.7,45.8,44.4,-1.4,15.1,NONE
XLY,33,0.471699,GPC,Genuine Parts Company,Retail/Whlsle-Auto Parts,Retail Trade,LOSING,164,26.5,30.4,20.7,1,FOLLOWER,67.7,45.9,93.5,76.3,-17.1,47.6,NONE
XLY,34,0.463086,LEN,Lennar Corporation Class A,Bldg-Resident/Comml,Consumer Durables,LOSING,125,42.2,46.0,36.5,16,FOLLOWER,28.5,7.1,31.9,59.1,27.2,24.8,NONE
XLY,35,0.453855,TSCO,Tractor Supply Company,Retail - Specialty,Retail Trade,LOSING,129,39.4,44.3,32.1,8,FOLLOWER,41.7,6.7,65.3,84.9,19.6,58.7,NONE
XLY,36,0.430268,NVR,"NVR, Inc.",Bldg-Resident/Comml,Consumer Durables,LOSING,125,42.2,46.0,36.5,14,FOLLOWER,36.4,16.9,52.5,54.3,1.7,35.6,NONE
XLY,37,0.402639,BBY,"Best Buy Co., Inc.",Retail - Home Furnishings/Electronics,Retail Trade,LOSING,123,44.8,46.6,42.1,6,FOLLOWER,46.0,43.5,57.6,19.1,-38.5,14.1,NONE
XLY,38,0.341028,RL,Ralph Lauren Corporation Class A,Apparel - Clothing & Shoes,Consumer Non-Durables,LOSING,163,25.8,30.7,18.3,13,FOLLOWER,27.1,29.0,33.5,14.1,-19.4,4.4,NONE
XLY,39,0.334747,LVS,Las Vegas Sands Corp.,Leisure-Gaming/Equip,Consumer Services,LOSING,156,31.2,35.8,24.4,19,FOLLOWER,15.0,7.4,21.0,12.8,-8.2,13.6,NONE
XLY,40,0.315714,HAS,"Hasbro, Inc.",Leisure-Products,Consumer Durables,EMERGING,12,60.3,74.8,38.7,7,FOLLOWER,55.4,56.4,65.8,47.0,-18.8,9.3,NONE
XLY,41,0.315161,LULU,lululemon athletica inc.,Retail-Apparel/Shoes/Acc,Retail Trade,LOSING,105,42.4,50.7,29.8,15,FOLLOWER,23.9,7.5,23.8,51.8,28.0,16.3,NONE
XLY,42,0.310518,DECK,Deckers Outdoor Corporation,Apparel - Clothing & Shoes,Consumer Non-Durables,LOSING,163,25.8,30.7,18.3,15,FOLLOWER,21.3,36.4,9.7,8.8,-1.0,-26.7,NONE
XLY,43,0.266975,DPZ,"Domino's Pizza, Inc.",Retail-Restaurants,Consumer Services,LOSING,93,49.8,56.5,39.6,22,FOLLOWER,39.9,16.4,70.1,40.3,-29.7,53.7,NONE
XLY,44,0.241206,APTV,Aptiv PLC,Auto/Truck Equipment Parts & Tires,Producer Manufacturing,LOSING,104,40.4,51.2,24.2,36,FOLLOWER,6.6,5.0,6.1,3.2,-2.9,1.2,NONE
XLY,45,0.202123,MGM,MGM Resorts International,Leisure-Gaming/Equip,Consumer Services,LOSING,156,31.2,35.8,24.4,11,FOLLOWER,37.0,62.1,32.0,16.0,-16.0,-30.1,NONE
XLY,46,0.199151,WYNN,"Wynn Resorts, Limited",Leisure-Gaming/Equip,Consumer Services,LOSING,156,31.2,35.8,24.4,16,FOLLOWER,18.4,10.7,27.0,21.7,-5.3,16.3,NONE
XLY,47,0.190483,NCLH,Norwegian Cruise Line Holdings Ltd.,Leisure-Services,Consumer Services,LOSING,133,39.3,43.8,32.6,34,FOLLOWER,18.4,21.3,22.2,9.8,-12.4,0.9,NONE
XLP,2,8.920893,COST,Costco Wholesale Corporation,Retail - General,Retail Trade,LOSING,108,46.6,50.1,41.3,8,FOLLOWER,38.3,41.0,36.3,38.9,2.5,-4.6,NONE
XLP,3,7.383759,KO,Coca-Cola Company,Beverages-Non-Alcoholic,Consumer Non-Durables,LOSING,76,53.1,61.8,39.9,2,FOLLOWER,64.6,64.0,71.6,52.6,-19.0,7.6,NONE
XLP,4,7.120499,PG,Procter & Gamble Company,Cosmetics/Personal Care,Consumer Non-Durables,LOSING,70,56.7,63.4,46.7,15,FOLLOWER,37.3,30.3,42.2,42.5,0.3,11.9,NONE
XLP,5,6.360523,PM,Philip Morris International Inc.,Tobacco,Consumer Non-Durables,LOSING,172,25.0,24.9,25.1,1,FOLLOWER,57.4,63.3,61.7,43.0,-18.7,-1.6,NONE
XLP,6,4.702006,TGT,Target Corporation,Retail - General,Retail Trade,LOSING,108,46.6,50.1,41.3,1,LEADER,92.9,93.5,88.5,82.2,-6.3,-5.0,NONE
XLP,7,4.544731,CL,Colgate-Palmolive Company,Cosmetics/Personal Care,Consumer Non-Durables,LOSING,70,56.7,63.4,46.7,12,FOLLOWER,47.8,53.8,44.3,38.6,-5.6,-9.5,NONE
XLP,8,4.403224,PEP,"PepsiCo, Inc.",Food - Packaged,Consumer Non-Durables,LOSING,40,64.0,71.5,52.8,23,FOLLOWER,35.7,30.9,36.0,49.3,13.3,5.2,NONE
XLP,9,4.376924,MDLZ,"Mondelez International, Inc. Class A",Food - Packaged,Consumer Non-Durables,LOSING,40,64.0,71.5,52.8,15,FOLLOWER,51.1,50.5,48.8,37.8,-10.9,-1.8,NONE
XLP,10,4.245117,MNST,Monster Beverage Corporation,Beverages-Non-Alcoholic,Consumer Non-Durables,LOSING,76,53.1,61.8,39.9,14,FOLLOWER,4.3,6.1,1.9,0.2,-1.7,-4.3,NONE
XLP,11,4.228708,MO,"Altria Group, Inc.",Tobacco,Consumer Non-Durables,LOSING,172,25.0,24.9,25.1,2,FOLLOWER,49.9,61.9,39.1,51.6,12.5,-22.8,NONE
XLP,12,2.777765,KDP,Keurig Dr Pepper Inc.,Beverages-Non-Alcoholic,Consumer Non-Durables,LOSING,76,53.1,61.8,39.9,4,FOLLOWER,60.8,60.0,59.3,55.4,-4.0,-0.7,NONE
XLP,13,2.49328,ADM,Archer-Daniels-Midland Company,Food - Foodstuffs,Consumer Non-Durables,LOSING,114,44.1,48.9,36.8,2,FOLLOWER,66.1,75.7,48.9,54.8,5.9,-26.8,NONE
XLP,14,2.485891,SYY,Sysco Corporation,Food - Wholesale,Distribution Services,LOSING,177,23.9,22.6,25.8,2,FOLLOWER,48.5,46.6,61.0,28.1,-33.0,14.4,NONE
XLP,15,2.335164,KVUE,"Kenvue, Inc.",Cosmetics/Personal Care,Consumer Non-Durables,LOSING,70,56.7,63.4,46.7,8,FOLLOWER,58.3,54.6,67.5,46.3,-21.2,12.9,NONE
XLP,16,2.307087,KMB,Kimberly-Clark Corporation,Cosmetics/Personal Care,Consumer Non-Durables,LOSING,70,56.7,63.4,46.7,9,FOLLOWER,50.9,42.7,70.7,40.6,-30.1,28.0,NONE
XLP,17,2.077219,KR,Kroger Co.,Retail-Super/Mini Mkts,Retail Trade,LOSING,103,41.1,51.4,25.5,9,FOLLOWER,26.1,19.6,25.6,47.1,21.4,6.0,NONE
XLP,18,1.771449,CASY,"Casey's General Stores, Inc.",Retail-Super/Mini Mkts,Retail Trade,LOSING,103,41.1,51.4,25.5,4,FOLLOWER,46.5,71.9,35.2,8.2,-27.0,-36.7,NONE
XLP,19,1.717027,DG,Dollar General Corporation,Retail - General,Retail Trade,LOSING,108,46.6,50.1,41.3,5,FOLLOWER,48.8,57.8,66.7,26.5,-40.2,8.9,NONE
XLP,20,1.683848,HSY,Hershey Company,Food - Packaged,Consumer Non-Durables,LOSING,40,64.0,71.5,52.8,21,FOLLOWER,38.3,29.2,24.8,55.0,30.1,-4.4,NONE
XLP,21,1.616595,EL,Estee Lauder Companies Inc. Class A,Cosmetics/Personal Care,Consumer Non-Durables,LOSING,70,56.7,63.4,46.7,6,FOLLOWER,66.7,51.0,74.8,89.9,15.1,23.7,NONE
XLP,22,1.522214,CHD,"Church & Dwight Co., Inc.",Consumer - Specialty,Consumer Non-Durables,LOSING,138,41.5,42.0,40.8,3,FOLLOWER,60.0,59.6,55.8,62.0,6.2,-3.8,NONE
XLP,23,1.473629,DLTR,"Dollar Tree, Inc.",Retail - General,Retail Trade,LOSING,108,46.6,50.1,41.3,4,FOLLOWER,57.4,59.6,63.7,41.9,-21.8,4.1,NONE
XLP,24,1.40684,GIS,"General Mills, Inc.",Food - Packaged,Consumer Non-Durables,LOSING,40,64.0,71.5,52.8,9,FOLLOWER,58.1,23.4,85.2,82.6,-2.5,61.7,BREAKOUT_NOW
XLP,25,1.39207,KHC,Kraft Heinz Company,Food - Packaged,Consumer Non-Durables,LOSING,40,64.0,71.5,52.8,16,FOLLOWER,48.1,41.2,61.4,31.4,-29.9,20.2,NONE
XLP,26,1.156337,STZ,"Constellation Brands, Inc. Class A",Beverages-Alcoholic,Consumer Non-Durables,LOSING,157,34.4,35.6,32.5,8,FOLLOWER,33.6,32.9,28.1,45.3,17.2,-4.8,NONE
XLP,27,0.995036,BG,Bunge Global SA,Agricultural Operations,Process Industries,LOSING,73,54.2,62.0,42.4,2,FOLLOWER,56.1,60.0,26.8,77.1,50.3,-33.2,NONE
XLP,28,0.991598,TSN,"Tyson Foods, Inc. Class A",Food - Foodstuffs,Consumer Non-Durables,LOSING,114,44.1,48.9,36.8,11,FOLLOWER,26.3,30.9,23.2,13.4,-9.8,-7.7,NONE
XLP,29,0.89544,SJM,J.M. Smucker Company,Food - Packaged,Consumer Non-Durables,LOSING,40,64.0,71.5,52.8,3,LEADER,82.7,73.3,88.6,75.0,-13.6,15.2,NONE
XLP,30,0.891588,MKC,"McCormick & Company, Incorporated",Food - Packaged,Consumer Non-Durables,LOSING,40,64.0,71.5,52.8,17,FOLLOWER,47.6,16.0,77.2,73.3,-3.8,61.2,NONE
XLP,31,0.786583,CLX,Clorox Company,Consumer - Specialty,Consumer Non-Durables,LOSING,138,41.5,42.0,40.8,5,FOLLOWER,50.0,30.8,73.5,70.5,-3.0,42.7,NONE
XLP,32,0.422,TAP,Molson Coors Beverage Company Class B,Beverages-Alcoholic,Consumer Non-Durables,LOSING,157,34.4,35.6,32.5,5,FOLLOWER,37.6,24.0,55.6,51.1,-4.5,31.6,NONE
XLP,33,0.399121,HRL,Hormel Foods Corporation,Food - Foodstuffs,Consumer Non-Durables,LOSING,114,44.1,48.9,36.8,10,FOLLOWER,28.7,28.7,26.3,6.2,-20.1,-2.4,NONE
XLP,34,0.290736,BF.B,Brown-Forman Corporation Class B,Beverages-Alcoholic,Consumer Non-Durables,LOSING,157,34.4,35.6,32.5,6,FOLLOWER,36.6,27.9,56.9,20.4,-36.6,29.0,NONE
XLE,1,19.764421,XOM,Exxonmobil Holdings Corporation,Oil&Gas-Integrated,Energy Minerals,LOSING,119,48.7,47.7,50.1,9,FOLLOWER,64.0,75.8,60.6,47.4,-13.2,-15.2,NONE
XLE,2,14.90298,CVX,Chevron Corporation,Oil&Gas-Integrated,Energy Minerals,LOSING,119,48.7,47.7,50.1,4,FOLLOWER,72.5,75.9,66.6,67.1,0.5,-9.3,NONE
XLE,3,6.262641,COP,ConocoPhillips,Oil&Gas-Explorers/Producers,Energy Minerals,MATURE,22,64.4,67.6,59.5,7,LEADER,81.8,83.8,73.1,76.4,3.3,-10.7,NONE
XLE,4,5.472836,MPC,Marathon Petroleum Corporation,Oil&Gas-Refining/Mktg,Energy Minerals,EMERGING,10,71.9,76.7,64.8,2,LEADER,90.8,94.0,95.3,86.9,-8.3,1.3,BREAKOUT_NOW
XLE,5,5.392633,PSX,Phillips 66,Oil&Gas-Refining/Mktg,Energy Minerals,EMERGING,10,71.9,76.7,64.8,3,LEADER,88.4,92.1,93.0,85.9,-7.2,0.9,BREAKOUT_WATCH
XLE,6,5.08918,VLO,Valero Energy Corporation,Oil&Gas-Refining/Mktg,Energy Minerals,EMERGING,10,71.9,76.7,64.8,1,LEADER,92.7,95.0,94.4,81.8,-12.7,-0.6,BREAKOUT_WATCH
XLE,7,4.754614,SLB,SLB Limited,Oil&Gas-Field Services,Industrial Services,EMERGING,5,66.5,81.9,43.5,4,LEADER,77.3,86.8,54.6,86.5,31.9,-32.2,BREAKOUT_RECENT
XLE,8,4.179387,EOG,"EOG Resources, Inc.",Oil&Gas-Explorers/Producers,Energy Minerals,MATURE,22,64.4,67.6,59.5,26,FOLLOWER,65.8,75.5,60.0,36.2,-23.8,-15.6,NONE
XLE,9,3.792266,WMB,"Williams Companies, Inc.",Oil&Gas-Integrated,Energy Minerals,LOSING,119,48.7,47.7,50.1,13,FOLLOWER,58.8,65.1,51.2,62.0,10.7,-13.9,NONE
XLE,10,3.657881,BKR,Baker Hughes Company Class A,Oil&Gas-Machinery/Equip,Industrial Services,LOSING,85,53.7,58.2,46.9,8,FOLLOWER,53.1,65.8,34.4,63.8,29.4,-31.5,NONE
XLE,11,3.650496,KMI,Kinder Morgan Inc Class P,Oil&Gas - Pipeline,Industrial Services,LOSING,53,59.7,66.8,49.0,15,FOLLOWER,52.7,60.8,48.0,49.3,1.3,-12.8,NONE
XLE,12,3.649809,TRGP,Targa Resources Corp.,Oil&Gas - Pipeline,Industrial Services,LOSING,53,59.7,66.8,49.0,7,LEADER,76.5,89.5,70.0,71.7,1.8,-19.5,NONE
XLE,13,3.527152,OKE,"ONEOK, Inc.",Oil&Gas - Pipeline,Industrial Services,LOSING,53,59.7,66.8,49.0,9,FOLLOWER,72.3,75.2,71.7,71.4,-0.3,-3.5,NONE
XLE,14,3.225278,DVN,Devon Energy Corporation,Oil&Gas-Explorers/Producers,Energy Minerals,MATURE,22,64.4,67.6,59.5,20,FOLLOWER,69.7,72.5,57.7,70.5,12.8,-14.8,NONE
XLE,15,2.53516,OXY,Occidental Petroleum Corporation,Oil&Gas-Explorers/Producers,Energy Minerals,MATURE,22,64.4,67.6,59.5,24,FOLLOWER,67.8,79.2,52.6,66.5,13.9,-26.5,NONE
XLE,16,2.266851,FANG,"Diamondback Energy, Inc.",Oil&Gas-Explorers/Producers,Energy Minerals,MATURE,22,64.4,67.6,59.5,29,FOLLOWER,62.9,73.9,50.6,40.9,-9.8,-23.3,NONE
XLE,17,2.016518,EQT,EQT Corporation,Oil&Gas-Integrated,Energy Minerals,LOSING,119,48.7,47.7,50.1,19,FOLLOWER,35.6,27.9,37.7,61.5,23.9,9.7,NONE
XLE,18,1.785661,HAL,Halliburton Company,Oil&Gas-Field Services,Industrial Services,EMERGING,5,66.5,81.9,43.5,10,FOLLOWER,57.2,78.2,25.6,83.1,57.4,-52.6,BREAKOUT_NOW
XLE,19,1.387353,EXE,Expand Energy Corporation,Oil&Gas-Explorers/Producers,Energy Minerals,MATURE,22,64.4,67.6,59.5,48,FOLLOWER,39.1,17.2,55.8,69.6,13.8,38.6,BREAKOUT_WATCH
XLE,20,1.247213,TPL,Texas Pacific Land Corporation,Oil&Gas-Royalty Trust,Miscellaneous,LOSING,57,61.8,65.2,56.6,4,FOLLOWER,34.2,65.1,24.6,15.6,-9.1,-40.5,NONE
XLE,21,0.888345,APA,APA Corporation,Oil&Gas-Explorers/Producers,Energy Minerals,MATURE,22,64.4,67.6,59.5,2,LEADER,86.6,91.2,76.9,86.4,9.5,-14.4,NONE
XLF,1,11.673741,JPM,JPMorgan Chase & Co.,Banks-Money Center,Finance,LOSING,78,55.6,60.8,47.7,8,FOLLOWER,70.0,58.1,79.8,55.3,-24.5,21.7,NONE
XLF,2,11.279296,BRK.B,Berkshire Hathaway Inc. Class B,Diversified Operations,Producer Manufacturing,LOSING,99,46.1,52.4,36.6,8,FOLLOWER,45.2,30.7,56.2,38.7,-17.5,25.6,NONE
XLF,3,7.715426,V,Visa Inc. Class A,Finance-CrdtCard/PmtPr,Commercial Services,LOSING,58,57.9,65.2,46.9,11,FOLLOWER,65.3,52.5,76.4,63.2,-13.2,23.9,BREAKOUT_WATCH
XLF,4,5.851993,MA,Mastercard Incorporated Class A,Finance-CrdtCard/PmtPr,Commercial Services,LOSING,58,57.9,65.2,46.9,14,FOLLOWER,63.4,45.6,80.7,59.2,-21.5,35.1,BREAKOUT_WATCH
XLF,5,4.956774,BAC,Bank of America Corp,Banks-Money Center,Finance,LOSING,78,55.6,60.8,47.7,9,FOLLOWER,67.5,59.0,81.4,51.2,-30.2,22.4,NONE
XLF,6,3.715482,GS,"Goldman Sachs Group, Inc.",Banks-Money Center,Finance,LOSING,78,55.6,60.8,47.7,18,FOLLOWER,56.7,68.7,44.3,50.8,6.6,-24.4,NONE
XLF,7,3.231786,WFC,Wells Fargo & Company,Banks-Money Center,Finance,LOSING,78,55.6,60.8,47.7,19,FOLLOWER,56.7,38.2,67.9,55.8,-12.2,29.7,NONE
XLF,8,3.136567,MS,Morgan Stanley,Banks-Money Center,Finance,LOSING,78,55.6,60.8,47.7,11,FOLLOWER,65.5,69.9,50.7,58.5,7.8,-19.2,NONE
XLF,9,2.761341,C,Citigroup Inc.,Banks-Money Center,Finance,LOSING,78,55.6,60.8,47.7,14,FOLLOWER,61.6,71.4,55.5,51.1,-4.4,-15.9,NONE
XLF,10,2.193836,SCHW,Charles Schwab Corp,Finance-Invest Bnk/Bkrs,Finance,LOSING,39,61.5,71.6,46.4,7,FOLLOWER,72.9,61.0,86.4,67.1,-19.3,25.4,NONE
XLF,11,2.160285,AXP,American Express Company,Finance-CrdtCard/PmtPr,Commercial Services,LOSING,58,57.9,65.2,46.9,26,FOLLOWER,37.4,23.0,54.2,37.2,-17.0,31.1,NONE
XLF,12,2.048557,BLK,"BlackRock, Inc.",Finance-Investment Mgmt,Finance,LOSING,34,65.4,75.1,51.0,21,FOLLOWER,63.8,52.7,67.0,67.5,0.4,14.3,NONE
XLF,13,1.635184,SPGI,"S&P Global, Inc.",Financial Svcs-Specialty,Finance,LOSING,90,54.1,57.2,49.4,22,FOLLOWER,47.6,25.9,65.0,69.9,4.9,39.0,BREAKOUT_WATCH
XLF,14,1.634964,COF,Capital One Financial Corp,Finance-CrdtCard/PmtPr,Commercial Services,LOSING,58,57.9,65.2,46.9,19,FOLLOWER,50.2,34.3,73.2,58.9,-14.3,38.9,NONE
XLF,15,1.556579,PGR,Progressive Corporation,Insurance,Finance,LOSING,49,59.6,68.3,46.4,55,FOLLOWER,53.3,36.7,72.6,57.3,-15.3,35.9,NONE
XLF,16,1.493732,CB,Chubb Limited,Insurance,Finance,LOSING,49,59.6,68.3,46.4,62,FOLLOWER,51.3,52.6,62.3,29.8,-32.5,9.7,NONE
XLF,17,1.358712,BNY,Bank of New York Mellon Corp,Investment Banks/Brokers,Finance,LOSING,116,50.6,48.5,53.9,1,FOLLOWER,75.5,82.4,76.0,62.4,-13.6,-6.4,NONE
XLF,18,1.288528,BX,Blackstone Inc.,Finance-Investment Mgmt,Finance,LOSING,34,65.4,75.1,51.0,30,FOLLOWER,55.5,35.8,83.0,79.8,-3.2,47.2,NONE
XLF,19,1.261226,CME,CME Group Inc. Class A,Financial Svcs-Specialty,Finance,LOSING,90,54.1,57.2,49.4,15,FOLLOWER,53.3,42.0,52.9,69.8,17.0,10.9,BREAKOUT_NOW
XLF,20,1.185186,PNC,"PNC Financial Services Group, Inc.",Banks-Super Regional,Finance,LOSING,145,37.6,39.2,35.2,5,FOLLOWER,57.8,67.1,64.3,31.3,-32.9,-2.9,NONE
XLF,21,1.181307,USB,U.S. Bancorp,Banks-Super Regional,Finance,LOSING,145,37.6,39.2,35.2,3,FOLLOWER,65.0,69.2,72.5,40.1,-32.4,3.4,NONE
XLF,22,1.130698,MRSH,"Marsh & McLennan Companies, Inc.",Insurance,Finance,LOSING,49,59.6,68.3,46.4,43,FOLLOWER,58.2,42.9,81.0,48.8,-32.3,38.1,NONE
XLF,23,1.118102,ICE,"Intercontinental Exchange, Inc.",Financial Svcs-Specialty,Finance,LOSING,90,54.1,57.2,49.4,13,FOLLOWER,54.1,39.8,63.8,61.6,-2.2,24.0,BREAKOUT_WATCH
XLF,24,1.004784,HOOD,"Robinhood Markets, Inc. Class A",Finance-Invest Bnk/Bkrs,Finance,LOSING,39,61.5,71.6,46.4,14,FOLLOWER,51.4,20.9,64.7,88.8,24.2,43.7,NONE
XLF,25,0.958553,TRV,"Travelers Companies, Inc.",Insurance,Finance,LOSING,49,59.6,68.3,46.4,26,FOLLOWER,65.5,65.6,87.1,35.7,-51.4,21.5,NONE
XLF,26,0.942822,MCO,Moody's Corporation,Financial Svcs-Specialty,Finance,LOSING,90,54.1,57.2,49.4,8,FOLLOWER,61.0,42.1,70.9,70.1,-0.8,28.8,BREAKOUT_WATCH
XLF,27,0.924588,AON,Aon Plc Class A,Insurance,Finance,LOSING,49,59.6,68.3,46.4,69,FOLLOWER,47.3,34.4,68.5,30.5,-38.0,34.1,NONE
XLF,28,0.915416,KKR,KKR & Co Inc,Finance-Investment Mgmt,Finance,LOSING,34,65.4,75.1,51.0,43,FOLLOWER,48.8,21.1,70.2,71.9,1.7,49.2,NONE
XLF,29,0.837455,AJG,Arthur J. Gallagher & Co.,Insurance,Finance,LOSING,49,59.6,68.3,46.4,34,FOLLOWER,60.6,43.5,91.0,63.0,-28.0,47.4,NONE
XLF,30,0.813959,ALL,Allstate Corporation,Insurance,Finance,LOSING,49,59.6,68.3,46.4,31,FOLLOWER,63.3,62.5,87.0,35.0,-51.9,24.4,NONE
XLF,31,0.765433,TFC,Truist Financial Corporation,Banks-Super Regional,Finance,LOSING,145,37.6,39.2,35.2,9,FOLLOWER,49.9,48.8,54.6,33.9,-20.7,5.8,NONE
XLF,32,0.758543,APO,Apollo Global Management Inc,Finance-Investment Mgmt,Finance,LOSING,34,65.4,75.1,51.0,33,FOLLOWER,52.8,39.3,53.7,80.7,27.0,14.4,NONE
XLF,33,0.65192,STT,State Street Corporation,Finance-Investment Mgmt,Finance,LOSING,34,65.4,75.1,51.0,5,LEADER,80.5,89.1,84.9,66.8,-18.1,-4.2,BREAKOUT_WATCH
XLF,34,0.650149,AFL,Aflac Incorporated,Insurance,Finance,LOSING,49,59.6,68.3,46.4,76,FOLLOWER,40.6,40.7,51.5,14.6,-37.0,10.8,NONE
XLF,35,0.635435,MET,"MetLife, Inc.",Insurance,Finance,LOSING,49,59.6,68.3,46.4,20,FOLLOWER,68.4,68.2,76.7,43.7,-33.0,8.5,NONE
XLF,36,0.612444,AMP,"Ameriprise Financial, Inc.",Finance-Invest Bnk/Bkrs,Finance,LOSING,39,61.5,71.6,46.4,10,FOLLOWER,70.3,62.9,85.8,59.1,-26.8,22.9,NONE
XLF,37,0.602141,FITB,Fifth Third Bancorp,Banks-Super Regional,Finance,LOSING,145,37.6,39.2,35.2,6,FOLLOWER,56.1,67.5,63.4,26.5,-36.9,-4.1,NONE
XLF,38,0.576647,PYPL,"PayPal Holdings, Inc.",Finance-CrdtCard/PmtPr,Commercial Services,LOSING,58,57.9,65.2,46.9,25,FOLLOWER,39.1,19.1,80.1,17.0,-63.1,61.1,NONE
XLF,39,0.544863,XYZ,"Block, Inc. Class A",Finance-CrdtCard/PmtPr,Commercial Services,LOSING,58,57.9,65.2,46.9,8,FOLLOWER,71.2,69.1,64.2,52.0,-12.1,-4.9,NONE
XLF,40,0.540484,NDAQ,"Nasdaq, Inc.",Financial Svcs-Specialty,Finance,LOSING,90,54.1,57.2,49.4,9,FOLLOWER,59.2,49.2,58.9,63.1,4.2,9.7,NONE
XLF,41,0.520156,IBKR,"Interactive Brokers Group, Inc. Class A",Finance-Invest Bnk/Bkrs,Finance,LOSING,39,61.5,71.6,46.4,6,FOLLOWER,73.1,83.1,64.1,67.2,3.1,-19.0,NONE
XLF,42,0.506431,PRU,"Prudential Financial, Inc.",Insurance,Finance,LOSING,49,59.6,68.3,46.4,40,FOLLOWER,59.1,52.6,80.2,37.1,-43.1,27.6,NONE
XLF,43,0.506036,MSCI,MSCI Inc. Class A,Financial Svcs-Specialty,Finance,LOSING,90,54.1,57.2,49.4,31,FOLLOWER,33.3,36.1,22.1,40.9,18.8,-14.0,NONE
XLF,44,0.49693,AIG,"American International Group, Inc.",Insurance,Finance,LOSING,49,59.6,68.3,46.4,75,FOLLOWER,41.9,38.9,51.8,32.0,-19.8,12.8,NONE
XLF,45,0.484044,COIN,"Coinbase Global, Inc. Class A",Finance - Crypto/Blockchain,Technology Services,LOSING,60,49.4,64.7,26.6,12,FOLLOWER,29.2,8.3,27.3,74.7,47.4,19.0,NONE
XLF,46,0.46276,HIG,"Hartford Insurance Group, Inc.",Insurance,Finance,LOSING,49,59.6,68.3,46.4,70,FOLLOWER,45.8,35.0,62.4,28.7,-33.7,27.4,NONE
XLF,47,0.423315,MTB,M&T Bank Corporation,Banks-Super Regional,Finance,LOSING,145,37.6,39.2,35.2,8,FOLLOWER,55.5,64.5,64.7,25.4,-39.2,0.1,NONE
XLF,48,0.420975,NTRS,Northern Trust Corporation,Banks-Super Regional,Finance,LOSING,145,37.6,39.2,35.2,1,FOLLOWER,74.9,79.7,70.1,56.8,-13.3,-9.6,NONE
XLF,49,0.419102,ACGL,Arch Capital Group Ltd.,Insurance,Finance,LOSING,49,59.6,68.3,46.4,61,FOLLOWER,51.3,40.4,64.8,33.1,-31.7,24.4,NONE
XLF,50,0.417843,HBAN,Huntington Bancshares Incorporated,Banks-Super Regional,Finance,LOSING,145,37.6,39.2,35.2,11,FOLLOWER,45.1,43.0,51.8,38.6,-13.3,8.9,NONE
XLF,51,0.395195,WTW,Willis Towers Watson Public Limited Company,Insurance-Brokers,Finance,MATURE,29,56.7,47.7,70.1,2,FOLLOWER,65.3,44.1,92.7,56.7,-36.1,48.6,NONE
XLF,53,0.378711,RJF,"Raymond James Financial, Inc.",Finance-Invest Bnk/Bkrs,Finance,LOSING,39,61.5,71.6,46.4,5,FOLLOWER,73.9,55.5,85.6,57.3,-28.3,30.0,NONE
XLF,54,0.366214,ARES,Ares Management Corporation Class A,Finance-Investment Mgmt,Finance,LOSING,34,65.4,75.1,51.0,41,FOLLOWER,49.9,26.9,67.3,83.7,16.5,40.4,NONE
XLF,55,0.359139,CFG,"Citizens Financial Group, Inc.",Banks-Super Regional,Finance,LOSING,145,37.6,39.2,35.2,4,FOLLOWER,58.9,69.1,68.5,30.5,-38.0,-0.6,NONE
XLF,56,0.3455,FISV,"Fiserv, Inc.",Comp Sftwr - Financial,Technology Services,EMERGING,11,64.0,75.2,47.3,19,FOLLOWER,23.1,18.3,26.4,35.5,9.1,8.1,NONE
XLF,57,0.324937,CPAY,"Corpay, Inc.",Financial Svcs-Specialty,Finance,LOSING,90,54.1,57.2,49.4,6,FOLLOWER,73.1,75.9,68.6,63.7,-4.9,-7.2,NONE
XLF,58,0.324029,CINF,Cincinnati Financial Corporation,Insurance,Finance,LOSING,49,59.6,68.3,46.4,72,FOLLOWER,45.6,38.5,63.2,35.8,-27.3,24.7,NONE
XLF,59,0.319881,SYF,Synchrony Financial,Finance-CrdtCard/PmtPr,Commercial Services,LOSING,58,57.9,65.2,46.9,20,FOLLOWER,49.9,37.8,62.9,53.7,-9.2,25.2,NONE
XLF,60,0.315284,RF,Regions Financial Corporation,Banks-Super Regional,Finance,LOSING,145,37.6,39.2,35.2,7,FOLLOWER,55.7,61.3,62.2,35.3,-26.9,0.9,NONE
XLF,61,0.290369,TROW,"T. Rowe Price Group, Inc.",Finance-Investment Mgmt,Finance,LOSING,34,65.4,75.1,51.0,46,FOLLOWER,46.3,52.0,58.9,17.4,-41.4,6.9,NONE
XLF,62,0.266745,PFG,"Principal Financial Group, Inc.",Insurance,Finance,LOSING,49,59.6,68.3,46.4,39,FOLLOWER,59.6,72.7,60.3,33.3,-27.0,-12.5,NONE
XLF,63,0.260976,FIS,"Fidelity National Information Services, Inc.",Comp Sftwr - Specialty Enterprise,Technology Services,EMERGING,18,57.9,72.8,35.6,23,FOLLOWER,16.3,6.5,33.4,11.5,-21.9,26.9,NONE
XLF,64,0.260386,BRO,"Brown & Brown, Inc.",Insurance,Finance,LOSING,49,59.6,68.3,46.4,65,FOLLOWER,49.2,22.4,89.1,61.1,-28.0,66.8,NONE
XLF,65,0.26014,GPN,Global Payments Inc.,Finance-CrdtCard/PmtPr,Commercial Services,LOSING,58,57.9,65.2,46.9,9,FOLLOWER,69.8,63.5,81.9,66.7,-15.2,18.4,NONE
XLF,66,0.245992,KEY,KeyCorp,Banks-Super Regional,Finance,LOSING,145,37.6,39.2,35.2,10,FOLLOWER,49.8,61.5,50.3,29.0,-21.3,-11.2,NONE
XLF,67,0.245258,WRB,W. R. Berkley Corporation,Insurance-Prop/Cas/Titl,Finance,LOSING,106,48.2,50.6,44.5,3,FOLLOWER,35.3,20.8,60.9,17.5,-43.4,40.1,NONE
XLF,68,0.225505,L,Loews Corporation,Insurance,Finance,LOSING,49,59.6,68.3,46.4,77,FOLLOWER,40.1,34.7,55.4,20.1,-35.2,20.7,NONE
XLF,70,0.182062,EG,"Everest Group, Ltd.",Insurance,Finance,LOSING,49,59.6,68.3,46.4,32,FOLLOWER,63.1,59.9,76.5,49.0,-27.5,16.6,BREAKOUT_WATCH
XLF,71,0.177477,IVZ,Invesco Ltd.,Finance-Investment Mgmt,Finance,LOSING,34,65.4,75.1,51.0,4,LEADER,80.9,75.1,74.7,80.2,5.5,-0.4,NONE
XLF,72,0.171701,AIZ,"Assurant, Inc.",Insurance,Finance,LOSING,49,59.6,68.3,46.4,30,FOLLOWER,63.5,64.6,73.3,51.9,-21.4,8.7,NONE
XLF,73,0.163303,GL,Globe Life Inc.,Insurance,Finance,LOSING,49,59.6,68.3,46.4,51,FOLLOWER,55.0,66.7,69.1,20.4,-48.6,2.3,NONE
XLF,74,0.146989,JKHY,"Jack Henry & Associates, Inc.",Comp Sftwr - Financial,Technology Services,EMERGING,11,64.0,75.2,47.3,8,FOLLOWER,58.4,30.2,85.2,76.0,-9.2,55.0,NONE
XLF,75,0.136603,FDS,FactSet Research Systems Inc.,Comml Svcs-Market Rsrch,Technology Services,EMERGING,16,66.3,73.5,55.7,4,FOLLOWER,64.1,49.1,85.8,86.7,0.9,36.7,BREAKOUT_WATCH
XLF,76,0.129401,BEN,"Franklin Templeton, Inc.",Finance-Investment Mgmt,Finance,LOSING,34,65.4,75.1,51.0,10,FOLLOWER,72.6,86.5,68.8,63.4,-5.5,-17.6,NONE
XLF,77,0.080587,ERIE,Erie Indemnity Company Class A,Insurance,Finance,LOSING,49,59.6,68.3,46.4,63,FOLLOWER,50.5,20.3,82.9,78.7,-4.2,62.6,NONE
XLV,1,15.044442,LLY,Eli Lilly and Company,Medical - Pharmaceuticals,Health Technology,LOSING,83,53.5,58.3,46.2,22,FOLLOWER,50.2,41.3,56.4,55.2,-1.2,15.1,NONE
XLV,2,10.446856,JNJ,Johnson & Johnson,Medical - Pharmaceuticals,Health Technology,LOSING,83,53.5,58.3,46.2,7,FOLLOWER,73.8,69.7,79.4,65.9,-13.5,9.7,NONE
XLV,3,7.308286,ABBV,"AbbVie, Inc.",Medical - Pharmaceuticals,Health Technology,LOSING,83,53.5,58.3,46.2,15,FOLLOWER,59.6,49.8,77.6,39.7,-37.9,27.8,NONE
XLV,4,5.932339,MRK,"Merck & Co., Inc.",Medical - Pharmaceuticals,Health Technology,LOSING,83,53.5,58.3,46.2,4,LEADER,79.1,78.5,85.8,83.0,-2.8,7.2,NONE
XLV,5,5.777798,UNH,UnitedHealth Group Incorporated,Medical-Managed Care,Health Services,LOSING,126,43.7,45.7,40.7,8,FOLLOWER,49.5,61.3,50.9,17.3,-33.5,-10.4,NONE
XLV,6,3.778646,AMGN,Amgen Inc.,Medical - Profitable Biotech,Health Technology,LOSING,91,54.2,56.6,50.7,4,LEADER,76.4,67.6,88.3,79.7,-8.7,20.7,NONE
XLV,7,3.743584,TMO,Thermo Fisher Scientific Inc.,Medical - Research,Health Technology,EMERGING,9,70.4,76.9,60.7,12,FOLLOWER,65.5,38.9,86.4,72.1,-14.3,47.5,NONE
XLV,8,3.171836,ABT,Abbott Laboratories,Medical-Products,Health Technology,EMERGING,6,70.1,81.0,53.7,42,FOLLOWER,52.6,20.1,90.1,68.8,-21.3,70.0,NONE
XLV,9,2.928483,GILD,"Gilead Sciences, Inc.",Medical - Profitable Biotech,Health Technology,LOSING,91,54.2,56.6,50.7,19,FOLLOWER,62.2,54.9,61.8,78.1,16.4,6.8,NONE
XLV,10,2.58013,PFE,Pfizer Inc.,Medical - Pharmaceuticals,Health Technology,LOSING,83,53.5,58.3,46.2,12,FOLLOWER,64.9,51.9,60.8,79.8,19.0,8.9,NONE
XLV,11,2.226005,VRTX,Vertex Pharmaceuticals Incorporated,Medical - Profitable Biotech,Health Technology,LOSING,91,54.2,56.6,50.7,6,FOLLOWER,73.6,64.0,81.0,80.2,-0.8,17.0,NONE
XLV,12,2.203698,DHR,Danaher Corporation,Medical - Research,Health Technology,EMERGING,9,70.4,76.9,60.7,16,FOLLOWER,54.7,24.7,78.1,76.3,-1.8,53.4,NONE
XLV,13,2.201342,BMY,Bristol-Myers Squibb Company,Medical - Pharmaceuticals,Health Technology,LOSING,83,53.5,58.3,46.2,6,FOLLOWER,75.3,76.4,77.0,57.8,-19.2,0.6,NONE
XLV,14,2.136562,ISRG,"Intuitive Surgical, Inc.",Medical-Systems,Health Technology,EMERGING,8,66.3,79.6,46.5,23,FOLLOWER,23.6,6.3,18.7,66.3,47.6,12.5,NONE
XLV,15,1.922471,CVS,CVS Health Corporation,Medical-Managed Care,Health Services,LOSING,126,43.7,45.7,40.7,10,FOLLOWER,44.7,59.5,49.0,9.2,-39.8,-10.5,NONE
XLV,16,1.896427,MDT,Medtronic Plc,Medical-Products,Health Technology,EMERGING,6,70.1,81.0,53.7,41,FOLLOWER,52.9,19.6,84.8,68.7,-16.1,65.2,NONE
XLV,17,1.847322,SYK,Stryker Corporation,Medical-Products,Health Technology,EMERGING,6,70.1,81.0,53.7,57,FOLLOWER,35.6,19.7,60.8,22.1,-38.7,41.1,NONE
XLV,18,1.738717,MCK,McKesson Corporation,Medical-Distribution,Distribution Services,LOSING,143,42.5,40.0,46.2,2,FOLLOWER,54.1,32.5,80.3,59.6,-20.7,47.8,NONE
XLV,19,1.386836,ELV,"Elevance Health, Inc.",Medical-Managed Care,Health Services,LOSING,126,43.7,45.7,40.7,7,FOLLOWER,52.3,57.2,41.0,64.5,23.4,-16.2,NONE
XLV,20,1.284891,REGN,"Regeneron Pharmaceuticals, Inc.",Medical - Profitable Biotech,Health Technology,LOSING,91,54.2,56.6,50.7,20,FOLLOWER,61.6,33.4,88.5,71.5,-17.0,55.1,NONE
XLV,21,1.194451,CI,Cigna Group,Medical-Managed Care,Health Services,LOSING,126,43.7,45.7,40.7,11,FOLLOWER,38.3,34.9,43.5,29.2,-14.3,8.7,NONE
XLV,22,1.127222,BSX,Boston Scientific Corporation,Medical-Products,Health Technology,EMERGING,6,70.1,81.0,53.7,66,FOLLOWER,25.6,1.8,32.2,55.0,22.8,30.5,NONE
XLV,23,1.050499,HCA,HCA Healthcare Inc,Medical-Hospitals,Health Services,LOSING,102,51.7,51.5,51.9,8,FOLLOWER,40.3,14.0,64.8,66.4,1.6,50.8,NONE
XLV,24,1.01444,COR,"Cencora, Inc.",Medical-Distribution,Distribution Services,LOSING,143,42.5,40.0,46.2,3,FOLLOWER,46.7,17.4,79.6,60.0,-19.6,62.2,NONE
XLV,25,0.889414,CAH,"Cardinal Health, Inc.",Medical-Distribution,Distribution Services,LOSING,143,42.5,40.0,46.2,1,FOLLOWER,60.0,46.8,79.2,59.8,-19.4,32.4,NONE
XLV,26,0.845503,BDX,"Becton, Dickinson and Company",Medical-Products,Health Technology,EMERGING,6,70.1,81.0,53.7,17,LEADER,77.2,63.7,88.7,83.4,-5.4,25.0,NONE
XLV,27,0.841016,EW,Edwards Lifesciences Corporation,Medical-Products,Health Technology,EMERGING,6,70.1,81.0,53.7,46,FOLLOWER,50.2,38.5,51.7,61.4,9.6,13.2,NONE
XLV,28,0.788974,MRNA,"Moderna, Inc.",Medical - Revenue Biotech,Health Technology,LOSING,51,58.4,67.9,44.2,3,LEADER,87.0,99.7,99.8,99.8,-0.1,0.2,NONE
XLV,29,0.74947,HUM,Humana Inc.,Medical-Managed Care,Health Services,LOSING,126,43.7,45.7,40.7,2,LEADER,76.2,87.5,86.5,65.4,-21.1,-1.0,NONE
XLV,30,0.708805,IDXX,"IDEXX Laboratories, Inc.",Medical-Systems,Health Technology,EMERGING,8,66.3,79.6,46.5,22,FOLLOWER,23.8,9.6,35.1,40.1,5.1,25.5,NONE
XLV,31,0.707327,IQV,IQVIA Holdings Inc,Medical - Research,Health Technology,EMERGING,9,70.4,76.9,60.7,7,FOLLOWER,74.0,49.9,94.1,76.1,-18.0,44.3,BREAKOUT_WATCH
XLV,32,0.703918,A,"Agilent Technologies, Inc.",Medical - Research,Health Technology,EMERGING,9,70.4,76.9,60.7,14,FOLLOWER,59.6,29.7,70.5,77.8,7.3,40.8,NONE
XLV,33,0.672619,VEEV,Veeva Systems Inc. Class A,Computer Sftwr-Medical,Technology Services,EMERGING,19,65.1,72.1,54.7,2,LEADER,76.2,53.4,96.8,96.5,-0.4,43.5,NONE
XLV,34,0.659245,WAT,Waters Corporation,Medical-Systems,Health Technology,EMERGING,8,66.3,79.6,46.5,13,FOLLOWER,54.6,32.2,59.6,74.5,14.8,27.5,NONE
XLV,35,0.567401,DXCM,"DexCom, Inc.",Medical-Products,Health Technology,EMERGING,6,70.1,81.0,53.7,11,LEADER,81.7,80.4,83.2,89.9,6.7,2.8,NONE
XLV,36,0.564438,RMD,ResMed Inc.,Medical-Products,Health Technology,EMERGING,6,70.1,81.0,53.7,37,FOLLOWER,57.2,25.2,86.4,84.8,-1.6,61.2,BREAKOUT_NOW
XLV,37,0.528271,GEHC,GE Healthcare Technologies Inc.,Medical-Systems,Health Technology,EMERGING,8,66.3,79.6,46.5,16,FOLLOWER,44.4,20.5,73.1,57.6,-15.5,52.6,NONE
XLV,39,0.522321,BIIB,Biogen Inc.,Medical - Profitable Biotech,Health Technology,LOSING,91,54.2,56.6,50.7,16,FOLLOWER,64.3,58.5,66.4,65.1,-1.2,7.9,NONE
XLV,40,0.491795,CNC,Centene Corporation,Medical-Managed Care,Health Services,LOSING,126,43.7,45.7,40.7,3,FOLLOWER,70.6,87.0,60.8,68.6,7.8,-26.2,NONE
XLV,41,0.457602,MTD,Mettler-Toledo International Inc.,Machinery-Gen Industrial,Producer Manufacturing,LOSING,92,46.6,56.6,31.7,15,FOLLOWER,51.1,23.4,78.0,52.5,-25.5,54.6,NONE
XLV,42,0.444912,LH,Labcorp Holdings Inc.,Medical-Services,Health Services,LOSING,68,59.8,63.6,54.2,9,FOLLOWER,73.7,63.6,88.3,68.6,-19.7,24.7,NONE
XLV,43,0.435084,DGX,Quest Diagnostics Incorporated,Medical-Services,Health Services,LOSING,68,59.8,63.6,54.2,10,FOLLOWER,73.6,66.2,85.2,60.9,-24.3,19.0,NONE
XLV,44,0.386025,WST,"West Pharmaceutical Services, Inc.",Medical-Supplies,Health Technology,LOSING,174,24.5,23.6,26.0,1,FOLLOWER,50.4,58.9,52.4,40.4,-12.0,-6.5,NONE
XLV,45,0.371223,STE,STERIS plc,Medical-Systems,Health Technology,EMERGING,8,66.3,79.6,46.5,18,FOLLOWER,43.0,18.7,63.9,51.8,-12.1,45.2,NONE
XLV,46,0.33793,INCY,Incyte Corporation,Medical - Profitable Biotech,Health Technology,LOSING,91,54.2,56.6,50.7,9,FOLLOWER,71.1,56.2,87.9,51.8,-36.1,31.7,NONE
XLV,47,0.316089,ZBH,"Zimmer Biomet Holdings, Inc.",Medical-Products,Health Technology,EMERGING,6,70.1,81.0,53.7,33,FOLLOWER,61.7,39.4,82.8,68.0,-14.8,43.4,BREAKOUT_WATCH
XLV,48,0.308095,VTRS,"Viatris, Inc.",Medical - Pharmaceuticals,Health Technology,LOSING,83,53.5,58.3,46.2,20,FOLLOWER,52.1,85.4,44.1,16.2,-27.9,-41.3,NONE
XLV,49,0.232635,RVTY,"Revvity, Inc.",Medical - Research,Health Technology,EMERGING,9,70.4,76.9,60.7,5,LEADER,76.3,60.5,83.4,81.7,-1.7,22.9,BREAKOUT_WATCH
XLV,50,0.227359,CRL,"Charles River Laboratories International, Inc.",Medical - Research,Health Technology,EMERGING,9,70.4,76.9,60.7,1,LEADER,88.0,87.3,97.3,91.3,-6.0,10.0,NONE
XLV,51,0.22483,COO,"Cooper Companies, Inc.",Medical-Products,Health Technology,EMERGING,6,70.1,81.0,53.7,52,FOLLOWER,42.6,21.7,74.9,34.0,-40.9,53.2,NONE
XLV,52,0.218504,BAX,Baxter International Inc.,Medical-Products,Health Technology,EMERGING,6,70.1,81.0,53.7,23,FOLLOWER,67.5,76.4,92.9,33.0,-59.9,16.5,NONE
XLV,53,0.217163,SOLV,Solventum Corporation,Medical-Products,Health Technology,EMERGING,6,70.1,81.0,53.7,27,FOLLOWER,65.8,41.1,81.5,64.8,-16.7,40.4,NONE
XLV,54,0.183399,TECH,Bio-Techne Corporation,Medical - Research,Health Technology,EMERGING,9,70.4,76.9,60.7,11,FOLLOWER,65.6,46.6,93.3,48.6,-44.7,46.6,BREAKOUT_WATCH
XLV,55,0.169942,ALGN,"Align Technology, Inc.",Medical-Products,Health Technology,EMERGING,6,70.1,81.0,53.7,63,FOLLOWER,26.1,42.2,21.2,12.8,-8.5,-20.9,NONE
XLV,56,0.162752,PODD,Insulet Corporation,Medical-Products,Health Technology,EMERGING,6,70.1,81.0,53.7,72,FOLLOWER,15.7,1.5,39.1,8.5,-30.6,37.6,NONE
XLV,57,0.148096,UHS,"Universal Health Services, Inc. Class B",Medical-Hospitals,Health Services,LOSING,102,51.7,51.5,51.9,6,FOLLOWER,41.9,8.6,77.0,65.4,-11.6,68.4,NONE
XLV,58,0.140344,HSIC,"Henry Schein, Inc.",Medical-Products,Health Technology,EMERGING,6,70.1,81.0,53.7,26,FOLLOWER,66.2,56.8,75.9,65.2,-10.7,19.2,NONE
XLV,59,0.093902,DVA,DaVita Inc.,Medical-Services,Health Services,LOSING,68,59.8,63.6,54.2,29,FOLLOWER,36.9,81.3,24.8,2.3,-22.4,-56.5,NONE
XLI,1,6.621064,CAT,Caterpillar Inc.,Machinery-Constr/Mining/Farming,Producer Manufacturing,LOSING,37,62.9,72.5,48.5,9,FOLLOWER,48.6,77.6,23.2,38.0,14.8,-54.5,NONE
XLI,2,6.420558,GE,GE Aerospace,Aerospace/Defense,Electronic Technology,LOSING,81,46.5,60.2,25.9,20,FOLLOWER,47.0,55.2,55.2,27.1,-28.2,-0.0,NONE
XLI,3,5.121511,RTX,RTX Corporation,Aerospace/Defense,Electronic Technology,LOSING,81,46.5,60.2,25.9,8,FOLLOWER,61.0,62.4,77.7,38.8,-38.9,15.3,NONE
XLI,4,4.402099,GEV,GE Vernova Inc.,Energy-Alternative/Other,Producer Manufacturing,LOSING,84,44.7,58.3,24.4,7,FOLLOWER,41.0,85.8,26.7,16.5,-10.2,-59.0,NONE
XLI,5,3.263585,UNP,Union Pacific Corporation,Transportation-Rail,Transportation,LOSING,122,50.0,46.7,54.9,1,FOLLOWER,72.7,73.7,76.1,67.9,-8.2,2.4,NONE
XLI,6,2.971332,BA,Boeing Company,Aerospace/Defense,Electronic Technology,LOSING,81,46.5,60.2,25.9,34,FOLLOWER,32.7,52.9,22.1,22.1,0.0,-30.8,NONE
XLI,7,2.88237,UBER,"Uber Technologies, Inc.",Leisure-Services,Consumer Services,LOSING,133,39.3,43.8,32.6,15,FOLLOWER,52.3,24.7,67.1,79.4,12.3,42.4,NONE
XLI,8,2.844483,DE,Deere & Company,Machinery-Constr/Mining/Farming,Producer Manufacturing,LOSING,37,62.9,72.5,48.5,3,FOLLOWER,71.4,65.9,75.4,65.4,-10.0,9.5,NONE
XLI,9,2.809661,ETN,Eaton Corp. Plc,Electrical-Power/Equipmt,Producer Manufacturing,LOSING,117,37.8,48.5,21.7,5,FOLLOWER,50.1,59.0,41.3,63.2,21.9,-17.7,NONE
XLI,10,2.249257,PH,Parker-Hannifin Corporation,Machinery-Gen Industrial,Producer Manufacturing,LOSING,92,46.6,56.6,31.7,6,FOLLOWER,62.0,55.4,77.2,60.1,-17.1,21.8,NONE
XLI,11,2.064485,ADP,"Automatic Data Processing, Inc.",Comml Svcs-Outsourcing,Commercial Services,LOSING,62,57.6,64.4,47.4,4,FOLLOWER,72.1,52.4,89.1,74.2,-14.9,36.7,BREAKOUT_NOW
XLI,12,2.055279,LMT,Lockheed Martin Corporation,Aerospace/Defense,Electronic Technology,LOSING,81,46.5,60.2,25.9,15,FOLLOWER,52.4,65.2,57.4,35.1,-22.2,-7.8,NONE
XLI,13,1.90375,HWM,Howmet Aerospace Inc.,Aerospace/Defense,Electronic Technology,LOSING,81,46.5,60.2,25.9,19,FOLLOWER,47.5,68.3,48.4,23.7,-24.7,-19.9,NONE
XLI,14,1.782983,TT,Trane Technologies plc,Building - Construction Products,Producer Manufacturing,LOSING,43,55.6,69.8,34.2,18,FOLLOWER,44.0,43.1,37.9,55.5,17.6,-5.3,NONE
XLI,15,1.774035,VRT,Vertiv Holdings Co. Class A,Electrical-Power/Equipmt,Producer Manufacturing,LOSING,117,37.8,48.5,21.7,3,FOLLOWER,52.6,82.8,12.8,81.2,68.4,-70.0,NONE
XLI,16,1.729741,GD,General Dynamics Corporation,Aerospace/Defense,Electronic Technology,LOSING,81,46.5,60.2,25.9,12,FOLLOWER,53.5,49.6,63.2,39.6,-23.6,13.6,NONE
XLI,17,1.707221,CSX,CSX Corporation,Transportation-Rail,Transportation,LOSING,122,50.0,46.7,54.9,2,FOLLOWER,70.0,81.0,69.8,56.2,-13.7,-11.2,NONE
XLI,18,1.633612,MMM,3M Company,Diversified Operations,Producer Manufacturing,LOSING,99,46.1,52.4,36.6,4,FOLLOWER,52.4,37.4,71.9,40.6,-31.3,34.5,NONE
XLI,19,1.624843,PWR,"Quanta Services, Inc.",Bldg-Heavy Construction,Industrial Services,LOSING,75,46.8,61.9,24.3,9,FOLLOWER,39.6,71.9,15.5,13.8,-1.8,-56.4,NONE
XLI,20,1.561542,EMR,Emerson Electric Co.,Elec-Scientific/Msrng,Electronic Technology,LOSING,134,38.7,43.8,31.1,1,FOLLOWER,61.2,58.3,59.9,64.3,4.4,1.6,NONE
XLI,21,1.530067,JCI,Johnson Controls International plc,Diversified Operations,Producer Manufacturing,LOSING,99,46.1,52.4,36.6,6,FOLLOWER,49.1,60.8,51.9,29.4,-22.5,-8.9,NONE
XLI,22,1.45809,WM,"Waste Management, Inc.",Pollution Control,Industrial Services,LOSING,74,55.2,61.9,45.1,12,FOLLOWER,41.2,36.8,51.8,29.7,-22.1,14.9,NONE
XLI,23,1.412847,UPS,"United Parcel Service, Inc. Class B",Transport-Air Freight,Transportation,LOSING,124,45.6,46.4,44.5,2,FOLLOWER,49.9,54.8,39.5,54.0,14.5,-15.2,NONE
XLI,24,1.406957,NSC,Norfolk Southern Corporation,Transportation-Rail,Transportation,LOSING,122,50.0,46.7,54.9,3,FOLLOWER,68.3,60.4,72.4,64.6,-7.8,12.0,NONE
XLI,25,1.400327,CMI,Cummins Inc.,Trucks & Parts-Hvy Duty,Producer Manufacturing,LOSING,153,34.9,36.2,33.0,5,FOLLOWER,28.1,53.3,18.7,10.8,-7.9,-34.6,NONE
XLI,26,1.317551,ITW,Illinois Tool Works Inc.,Machinery-Gen Industrial,Producer Manufacturing,LOSING,92,46.6,56.6,31.7,11,FOLLOWER,55.6,52.7,71.0,37.3,-33.7,18.3,NONE
XLI,27,1.304292,FDX,FedEx Corporation,Transport-Air Freight,Transportation,LOSING,124,45.6,46.4,44.5,1,FOLLOWER,64.7,83.0,39.0,70.6,31.6,-44.0,NONE
XLI,28,1.302684,NOC,Northrop Grumman Corp.,Aerospace/Defense,Electronic Technology,LOSING,81,46.5,60.2,25.9,35,FOLLOWER,32.6,27.8,32.7,55.5,22.8,4.9,NONE
XLI,29,1.24688,CTAS,Cintas Corporation,Comml Svcs-Outsourcing,Commercial Services,LOSING,62,57.6,64.4,47.4,9,FOLLOWER,58.5,48.5,79.3,38.3,-41.0,30.8,NONE
XLI,30,1.237666,HON,Honeywell International Inc.,Diversified Operations,Producer Manufacturing,LOSING,99,46.1,52.4,36.6,13,FOLLOWER,27.7,46.2,18.4,11.6,-6.8,-27.9,NONE
XLI,31,1.191235,TDG,TransDigm Group Incorporated,Aerospace/Defense,Electronic Technology,LOSING,81,46.5,60.2,25.9,48,FOLLOWER,22.3,18.5,26.8,21.8,-5.0,8.3,NONE
XLI,32,1.18454,PCAR,PACCAR Inc,Trucks & Parts-Hvy Duty,Producer Manufacturing,LOSING,153,34.9,36.2,33.0,3,FOLLOWER,52.7,60.2,70.9,19.3,-51.6,10.7,NONE
XLI,33,1.158959,URI,"United Rentals, Inc.",Comml Svcs-Leasing,Finance,LOSING,160,32.1,34.4,28.6,4,FOLLOWER,54.2,66.3,50.1,27.4,-22.7,-16.2,NONE
XLI,34,1.026234,FAST,Fastenal Company,Retail - Specialty,Retail Trade,LOSING,129,39.4,44.3,32.1,2,FOLLOWER,66.5,64.2,69.6,69.4,-0.2,5.5,NONE
XLI,35,1.018971,GWW,"W.W. Grainger, Inc.",Retail - Specialty,Retail Trade,LOSING,129,39.4,44.3,32.1,6,FOLLOWER,55.9,75.7,55.4,27.4,-28.0,-20.3,NONE
XLI,36,0.972357,AME,"AMETEK, Inc.",Electrical-Power/Equipmt,Producer Manufacturing,LOSING,117,37.8,48.5,21.7,4,FOLLOWER,51.6,58.8,52.5,35.9,-16.6,-6.3,NONE
XLI,37,0.95848,FIX,"Comfort Systems USA, Inc.",Building - Construction Products,Producer Manufacturing,LOSING,43,55.6,69.8,34.2,26,FOLLOWER,37.4,85.5,14.1,10.7,-3.4,-71.4,NONE
XLI,38,0.939534,DAL,"Delta Air Lines, Inc.",Transportation-Airline,Transportation,LOSING,182,17.1,19.2,13.9,1,FOLLOWER,39.6,67.9,33.0,12.2,-20.8,-34.9,NONE
XLI,39,0.923748,HONA,Honeywell Aerospace Inc,Aerospace & Defense,Electronic Technology,LOSING,166,32.5,28.7,38.1,3,FOLLOWER,6.4,,,3.5,,,NONE
XLI,40,0.890444,WAB,Westinghouse Air Brake Technologies Corporation,Transportation-Equip Mfg,Producer Manufacturing,LOSING,96,43.0,55.1,24.9,3,FOLLOWER,65.1,77.9,67.2,43.6,-23.6,-10.7,NONE
XLI,41,0.879201,LHX,L3Harris Technologies Inc,Aerospace/Defense,Electronic Technology,LOSING,81,46.5,60.2,25.9,43,FOLLOWER,25.7,26.5,14.7,27.7,13.0,-11.8,NONE
XLI,42,0.869565,AXON,Axon Enterprise Inc,Security/Sfty,Electronic Technology,LOSING,63,51.4,64.4,31.9,5,FOLLOWER,63.7,50.9,91.1,83.1,-8.0,40.2,NONE
XLI,43,0.860936,ROK,"Rockwell Automation, Inc.",Electrical-Power/Equipmt,Producer Manufacturing,LOSING,117,37.8,48.5,21.7,12,FOLLOWER,33.4,47.6,29.9,14.1,-15.7,-17.7,NONE
XLI,44,0.824231,CARR,Carrier Global Corp.,Building - Construction Products,Producer Manufacturing,LOSING,43,55.6,69.8,34.2,27,FOLLOWER,34.9,46.6,24.2,24.4,0.2,-22.4,NONE
XLI,45,0.797636,RSG,"Republic Services, Inc.",Pollution Control,Industrial Services,LOSING,74,55.2,61.9,45.1,4,FOLLOWER,56.5,37.6,65.8,65.2,-0.6,28.3,BREAKOUT_WATCH
XLI,46,0.795705,FERG,Ferguson Enterprises Inc.,Retail/Whlsle-Bldg Prds,Distribution Services,LOSING,130,39.7,44.2,33.0,5,FOLLOWER,36.3,24.1,45.1,52.5,7.4,21.0,NONE
XLI,47,0.735616,PAYX,"Paychex, Inc.",Comml Svcs-Outsourcing,Commercial Services,LOSING,62,57.6,64.4,47.4,5,FOLLOWER,70.9,55.2,90.2,74.8,-15.4,35.0,BREAKOUT_WATCH
XLI,48,0.652796,ODFL,"Old Dominion Freight Line, Inc.",Transportation-Truck,Transportation,LOSING,113,40.9,49.1,28.6,10,FOLLOWER,43.3,81.2,19.4,18.1,-1.3,-61.8,NONE
XLI,49,0.644599,UAL,"United Airlines Holdings, Inc.",Transportation-Airline,Transportation,LOSING,182,17.1,19.2,13.9,4,FOLLOWER,30.0,48.2,31.1,10.8,-20.3,-17.2,NONE
XLI,50,0.590601,EME,"EMCOR Group, Inc.",Bldg-Heavy Construction,Industrial Services,LOSING,75,46.8,61.9,24.3,13,FOLLOWER,36.6,60.8,20.8,15.2,-5.6,-40.0,NONE
XLI,51,0.525016,CPRT,"Copart, Inc.",Retail/Whlsle-Automobile,Retail Trade,LOSING,142,38.7,40.3,36.4,8,FOLLOWER,37.5,16.0,40.6,78.9,38.3,24.7,NONE
XLI,52,0.502508,IR,Ingersoll Rand Inc.,Machinery-Gen Industrial,Producer Manufacturing,LOSING,92,46.6,56.6,31.7,28,FOLLOWER,35.0,30.3,62.9,17.2,-45.7,32.6,NONE
XLI,53,0.494327,OTIS,Otis Worldwide Corporation,Machinery-Gen Industrial,Producer Manufacturing,LOSING,92,46.6,56.6,31.7,31,FOLLOWER,32.1,14.6,46.1,49.8,3.7,31.5,NONE
XLI,54,0.47925,DOV,Dover Corporation,Machinery-Gen Industrial,Producer Manufacturing,LOSING,92,46.6,56.6,31.7,30,FOLLOWER,34.3,43.1,26.3,31.3,5.0,-16.7,NONE
XLI,56,0.451144,VRSK,"Verisk Analytics, Inc.",Comml Svcs-Market Rsrch,Technology Services,EMERGING,16,66.3,73.5,55.7,10,FOLLOWER,32.0,17.6,63.3,24.1,-39.1,45.7,NONE
XLI,57,0.448507,EXPD,"Expeditors International of Washington, Inc.",Transportation-Logistics,Transportation,LOSING,54,53.4,66.8,33.3,1,LEADER,82.0,68.6,81.5,83.0,1.6,12.8,BREAKOUT_WATCH
XLI,58,0.434831,HUBB,Hubbell Incorporated,Electrical-Power/Equipmt,Producer Manufacturing,LOSING,117,37.8,48.5,21.7,13,FOLLOWER,33.1,43.5,32.5,29.6,-2.9,-11.1,NONE
XLI,59,0.434672,VLTO,Veralto Corporation,Pollution Control,Industrial Services,LOSING,74,55.2,61.9,45.1,6,FOLLOWER,54.6,25.8,79.8,62.2,-17.6,54.0,NONE
XLI,60,0.414381,EFX,Equifax Inc.,Financial Svcs-Specialty,Finance,LOSING,90,54.1,57.2,49.4,20,FOLLOWER,49.0,21.7,76.5,76.6,0.1,54.8,BREAKOUT_WATCH
XLI,61,0.381487,BR,"Broadridge Financial Solutions, Inc.",Financial Svcs-Specialty,Finance,LOSING,90,54.1,57.2,49.4,21,FOLLOWER,48.8,14.1,80.0,87.6,7.5,66.0,NONE
XLI,62,0.364557,SNA,Snap-on Incorporated,Building - Tools,Consumer Durables,LOSING,144,44.1,39.7,50.8,3,FOLLOWER,49.7,55.6,55.9,26.6,-29.3,0.3,NONE
XLI,63,0.349157,JBHT,"J.B. Hunt Transport Services, Inc.",Transportation-Truck,Transportation,LOSING,113,40.9,49.1,28.6,6,FOLLOWER,48.5,83.2,27.6,30.1,2.6,-55.7,NONE
XLI,64,0.347921,LUV,Southwest Airlines Co.,Transportation-Airline,Transportation,LOSING,182,17.1,19.2,13.9,5,FOLLOWER,29.6,55.0,24.4,8.0,-16.4,-30.6,NONE
XLI,65,0.334667,DD,"DuPont de Nemours, Inc.",Chemicals-Basic,Process Industries,LOSING,147,30.4,38.0,18.8,3,FOLLOWER,40.8,57.5,26.9,36.8,9.9,-30.6,NONE
XLI,66,0.326824,FTV,Fortive Corp.,Machinery-Gen Industrial,Producer Manufacturing,LOSING,92,46.6,56.6,31.7,9,FOLLOWER,56.9,49.0,47.9,55.8,8.0,-1.2,NONE
XLI,67,0.322282,J,Jacobs Solutions Inc.,Bldg-Heavy Construction,Industrial Services,LOSING,75,46.8,61.9,24.3,3,FOLLOWER,69.1,52.9,87.0,83.7,-3.3,34.1,BREAKOUT_WATCH
XLI,68,0.318294,CHRW,"C.H. Robinson Worldwide, Inc.",Transportation-Logistics,Transportation,LOSING,54,53.4,66.8,33.3,7,FOLLOWER,31.4,27.5,15.2,56.9,41.6,-12.3,NONE
XLI,69,0.317789,LDOS,"Leidos Holdings, Inc.",Computer-Tech Services,Technology Services,LOSING,32,63.8,77.6,43.1,24,FOLLOWER,43.9,10.4,64.3,92.1,27.8,54.0,NONE
XLI,70,0.308985,NDSN,Nordson Corporation,Machinery-Gen Industrial,Producer Manufacturing,LOSING,92,46.6,56.6,31.7,2,FOLLOWER,72.1,74.4,69.8,75.8,6.0,-4.7,NONE
XLI,71,0.306106,IEX,IDEX Corporation,Machinery-Gen Industrial,Producer Manufacturing,LOSING,92,46.6,56.6,31.7,7,FOLLOWER,60.0,72.0,62.6,36.2,-26.4,-9.4,NONE
XLI,72,0.273045,SWK,"Stanley Black & Decker, Inc.",Building - Tools,Consumer Durables,LOSING,144,44.1,39.7,50.8,1,LEADER,76.4,78.2,84.5,56.9,-27.6,6.3,NONE
XLI,73,0.265413,MAS,Masco Corporation,Building - Construction Products,Producer Manufacturing,LOSING,43,55.6,69.8,34.2,13,FOLLOWER,56.0,55.3,52.5,55.6,3.1,-2.8,NONE
XLI,75,0.259339,TXT,Textron Inc.,Aerospace/Defense,Electronic Technology,LOSING,81,46.5,60.2,25.9,42,FOLLOWER,26.4,31.8,21.7,22.9,1.2,-10.1,NONE
XLI,76,0.243056,ALLE,Allegion Public Limited Company,Security/Sfty,Electronic Technology,LOSING,63,51.4,64.4,31.9,6,FOLLOWER,50.5,26.3,81.5,45.4,-36.1,55.2,NONE
XLI,77,0.223823,LII,Lennox International Inc.,Building - Construction Products,Producer Manufacturing,LOSING,43,55.6,69.8,34.2,38,FOLLOWER,14.2,14.3,10.8,20.0,9.2,-3.5,NONE
XLI,78,0.208163,HII,"Huntington Ingalls Industries, Inc.",Aerospace/Defense,Electronic Technology,LOSING,81,46.5,60.2,25.9,45,FOLLOWER,24.9,25.6,30.1,15.5,-14.6,4.5,NONE
XLI,79,0.194273,GNRC,Generac Holdings Inc.,Electrical-Power/Equipmt,Producer Manufacturing,LOSING,117,37.8,48.5,21.7,10,FOLLOWER,38.4,62.0,5.7,24.4,18.8,-56.3,NONE
XLI,80,0.191893,ROL,"Rollins, Inc.",Bldg-Maintenance & Svc,Commercial Services,LOSING,155,39.3,36.0,44.4,5,FOLLOWER,11.0,5.0,9.5,22.8,13.3,4.5,NONE
XLI,81,0.179001,PNR,Pentair plc,Machinery-Gen Industrial,Producer Manufacturing,LOSING,92,46.6,56.6,31.7,40,FOLLOWER,13.7,4.4,18.4,17.2,-1.3,14.0,NONE
XLI,82,0.13083,BLDR,"Builders FirstSource, Inc.",Building - Construction Products,Producer Manufacturing,LOSING,43,55.6,69.8,34.2,31,FOLLOWER,23.8,5.6,20.0,57.7,37.8,14.3,NONE
XLI,83,0.121424,AOS,A. O. Smith Corporation,Building - Construction Products,Producer Manufacturing,LOSING,43,55.6,69.8,34.2,20,FOLLOWER,41.5,24.5,57.6,53.7,-3.9,33.1,NONE
XLB,1,13.030001,LIN,Linde plc,Chemicals-Specialty,Process Industries,LOSING,33,60.9,76.2,37.9,23,FOLLOWER,42.6,59.3,35.6,26.1,-9.5,-23.8,NONE
XLB,2,7.865872,NEM,Newmont Corporation,Mining-Gold/Silver/Gems,Non-Energy Minerals,LOSING,47,63.3,68.6,55.4,8,PIONEER,80.5,81.6,75.4,95.5,20.1,-6.2,NONE
XLB,3,6.327332,FCX,"Freeport-McMoRan, Inc.",Mining-Metal Ores,Non-Energy Minerals,LOSING,48,56.4,68.5,38.2,3,LEADER,83.5,92.5,75.6,89.0,13.4,-17.0,NONE
XLB,4,4.860064,SHW,Sherwin-Williams Company,Building - Construction Products,Producer Manufacturing,LOSING,43,55.6,69.8,34.2,15,FOLLOWER,52.0,33.7,70.7,45.2,-25.4,37.0,NONE
XLB,5,4.825961,CTVA,Corteva Inc,Agricultural Operations,Process Industries,LOSING,73,54.2,62.0,42.4,4,FOLLOWER,51.9,66.3,58.1,19.2,-38.9,-8.2,BREAKOUT_WATCH
XLB,6,4.778965,ECL,Ecolab Inc.,Pollution Control,Industrial Services,LOSING,74,55.2,61.9,45.1,7,FOLLOWER,54.4,40.5,67.7,57.9,-9.9,27.2,NONE
XLB,7,4.772133,APD,"Air Products and Chemicals, Inc.",Chemicals-Specialty,Process Industries,LOSING,33,60.9,76.2,37.9,13,FOLLOWER,63.8,59.5,66.1,57.8,-8.3,6.6,BREAKOUT_WATCH
XLB,8,4.311804,VMC,Vulcan Materials Company,Bldg-Cement/Concrt/Ag,Non-Energy Minerals,LOSING,137,33.8,42.2,21.3,4,FOLLOWER,33.1,24.8,32.7,52.8,20.1,7.9,NONE
XLB,9,4.283212,NUE,Nucor Corporation,Steel-Producers,Non-Energy Minerals,LOSING,109,46.5,50.0,41.2,3,FOLLOWER,56.0,86.5,39.9,31.7,-8.2,-46.6,NONE
XLB,10,4.113786,MLM,"Martin Marietta Materials, Inc.",Bldg-Cement/Concrt/Ag,Non-Energy Minerals,LOSING,137,33.8,42.2,21.3,5,FOLLOWER,22.7,17.3,23.0,35.5,12.5,5.7,NONE
XLB,11,4.106431,CRH,CRH public limited company,Bldg-Cement/Concrt/Ag,Non-Energy Minerals,LOSING,137,33.8,42.2,21.3,6,FOLLOWER,22.6,15.2,19.6,45.4,25.8,4.3,NONE
XLB,12,3.745349,STLD,"Steel Dynamics, Inc.",Steel-Producers,Non-Energy Minerals,LOSING,109,46.5,50.0,41.2,7,FOLLOWER,40.6,78.8,21.6,16.7,-4.9,-57.2,NONE
XLB,13,3.347465,PPG,"PPG Industries, Inc.",Building - Construction Products,Producer Manufacturing,LOSING,43,55.6,69.8,34.2,16,FOLLOWER,50.2,55.0,45.9,57.7,11.8,-9.1,NONE
XLB,14,3.329973,SW,Smurfit Westrock PLC,Containers/Packaging,Process Industries,LOSING,110,50.2,49.7,50.9,4,FOLLOWER,72.5,77.7,78.0,57.5,-20.4,0.2,NONE
XLB,15,2.952306,IFF,International Flavors & Fragrances Inc.,Cosmetics/Personal Care,Consumer Non-Durables,LOSING,70,56.7,63.4,46.7,4,FOLLOWER,72.9,67.6,74.8,77.3,2.5,7.2,NONE
XLB,16,2.858094,DOW,"Dow, Inc.",Chemicals-Plastics,Process Industries,LOSING,115,46.5,48.8,43.2,4,FOLLOWER,44.5,73.7,21.6,52.8,31.2,-52.2,NONE
XLB,17,2.837063,AMCR,Amcor PLC,Containers/Packaging,Process Industries,LOSING,110,50.2,49.7,50.9,8,FOLLOWER,64.3,50.1,80.0,60.2,-19.8,29.9,NONE
XLB,18,2.798504,PKG,Packaging Corporation of America,Paper & Paper Products,Process Industries,LOSING,150,41.1,37.3,46.8,3,FOLLOWER,54.0,59.8,64.5,27.8,-36.7,4.7,NONE
XLB,19,2.736829,IP,International Paper Company,Paper & Paper Products,Process Industries,LOSING,150,41.1,37.3,46.8,5,FOLLOWER,42.8,38.8,78.5,15.0,-63.5,39.7,NONE
XLB,20,2.540883,CF,"CF Industries Holdings, Inc.",Chemicals-Agricultural,Process Industries,LOSING,118,44.4,48.0,39.0,1,FOLLOWER,69.9,87.6,68.2,48.4,-19.8,-19.4,NONE
XLB,21,2.232405,BALL,Ball Corporation,Containers/Packaging,Process Industries,LOSING,110,50.2,49.7,50.9,9,FOLLOWER,62.0,68.4,76.2,32.5,-43.7,7.8,NONE
XLB,22,2.161776,LYB,LyondellBasell Industries NV,Chemicals-Plastics,Process Industries,LOSING,115,46.5,48.8,43.2,3,FOLLOWER,52.7,78.7,33.5,68.6,35.1,-45.3,NONE
XLB,23,2.129976,ALB,Albemarle Corporation,Chemicals-Specialty,Process Industries,LOSING,33,60.9,76.2,37.9,26,FOLLOWER,38.9,46.8,10.4,86.0,75.6,-36.4,NONE
XLB,24,1.787691,AVY,Avery Dennison Corporation,Containers/Packaging,Process Industries,LOSING,110,50.2,49.7,50.9,10,FOLLOWER,54.7,40.8,68.0,54.1,-13.9,27.2,NONE
XLB,25,0.986281,MOS,Mosaic Company,Chemicals-Agricultural,Process Industries,LOSING,118,44.4,48.0,39.0,6,FOLLOWER,37.7,32.0,35.7,61.0,25.3,3.7,NONE
XLRE,1,11.422528,WELL,Welltower Inc.,REITs,Finance,LOSING,120,41.1,46.9,32.5,19,FOLLOWER,61.4,55.9,75.0,53.0,-22.1,19.1,NONE
XLRE,2,9.06666,PLD,"Prologis, Inc.",REITs,Finance,LOSING,120,41.1,46.9,32.5,58,FOLLOWER,48.0,50.2,35.8,26.1,-9.7,-14.4,NONE
XLRE,3,7.001188,EQIX,"Equinix, Inc.",REITs,Finance,LOSING,120,41.1,46.9,32.5,29,FOLLOWER,56.4,77.3,34.8,44.5,9.7,-42.5,NONE
XLRE,4,5.580421,AMT,American Tower Corporation,REITs,Finance,LOSING,120,41.1,46.9,32.5,82,FOLLOWER,42.6,32.8,28.7,51.5,22.8,-4.2,NONE
XLRE,5,4.928508,VMRK,Vivmark Residential,Real Estate Development,Finance,LOSING,127,41.6,45.4,35.9,2,FOLLOWER,44.3,47.2,43.9,32.6,-11.3,-3.4,NONE
XLRE,6,4.873745,DLR,"Digital Realty Trust, Inc.",REITs,Finance,LOSING,120,41.1,46.9,32.5,68,FOLLOWER,45.8,58.9,34.8,25.3,-9.6,-24.0,NONE
XLRE,7,4.729069,SPG,"Simon Property Group, Inc.",REITs,Finance,LOSING,120,41.1,46.9,32.5,48,FOLLOWER,50.7,58.4,55.0,17.0,-38.0,-3.3,NONE
XLRE,8,4.636526,PSA,Public Storage,REITs,Finance,LOSING,120,41.1,46.9,32.5,45,FOLLOWER,51.3,56.8,51.5,37.4,-14.1,-5.3,NONE
XLRE,9,4.574146,VTR,"Ventas, Inc.",REITs,Finance,LOSING,120,41.1,46.9,32.5,31,FOLLOWER,55.1,56.0,62.3,42.5,-19.8,6.3,NONE
XLRE,10,4.525773,CBRE,"CBRE Group, Inc. Class A",Real Estate Dvlpmt/Ops,Finance,LOSING,35,57.7,74.1,33.1,9,FOLLOWER,48.8,23.6,80.5,50.9,-29.7,57.0,NONE
XLRE,11,4.482908,O,Realty Income Corporation,REITs,Finance,LOSING,120,41.1,46.9,32.5,57,FOLLOWER,48.3,51.0,46.6,27.6,-19.0,-4.4,NONE
XLRE,12,3.57949,IRM,"Iron Mountain, Inc.",REITs,Finance,LOSING,120,41.1,46.9,32.5,79,FOLLOWER,42.9,76.6,23.9,19.9,-4.0,-52.7,NONE
XLRE,13,3.405509,CCI,Crown Castle Inc.,REITs,Finance,LOSING,120,41.1,46.9,32.5,138,FOLLOWER,21.4,19.2,14.9,41.1,26.2,-4.3,NONE
XLRE,14,3.093907,EXR,Extra Space Storage Inc.,REITs,Finance,LOSING,120,41.1,46.9,32.5,83,FOLLOWER,42.5,48.2,39.0,26.8,-12.2,-9.1,NONE
XLRE,15,2.897245,VICI,VICI Properties Inc,REITs,Finance,LOSING,120,41.1,46.9,32.5,132,FOLLOWER,25.5,25.0,25.3,35.3,10.0,0.3,NONE
XLRE,16,2.074262,SBAC,SBA Communications Corp. Class A,REITs,Finance,LOSING,120,41.1,46.9,32.5,103,FOLLOWER,38.2,32.5,27.6,66.6,38.9,-4.9,BREAKOUT_NOW
XLRE,17,1.869588,ESS,"Essex Property Trust, Inc.",REITs,Finance,LOSING,120,41.1,46.9,32.5,39,FOLLOWER,53.5,48.5,53.0,50.4,-2.6,4.5,NONE
XLRE,18,1.745826,WY,Weyerhaeuser Company,Finance-Property REIT,Finance,LOSING,176,23.4,23.1,23.8,2,FOLLOWER,40.8,45.8,32.9,48.9,16.0,-12.9,NONE
XLRE,19,1.642538,KIM,Kimco Realty Corporation,REITs,Finance,LOSING,120,41.1,46.9,32.5,71,FOLLOWER,45.5,57.1,38.3,17.3,-21.0,-18.9,NONE
XLRE,20,1.636706,INVH,"Invitation Homes, Inc.",REITs,Finance,LOSING,120,41.1,46.9,32.5,63,FOLLOWER,47.0,43.3,42.9,36.3,-6.5,-0.5,NONE
XLRE,21,1.545021,MAA,"Mid-America Apartment Communities, Inc.",REITs,Finance,LOSING,120,41.1,46.9,32.5,90,FOLLOWER,39.9,30.8,45.5,30.7,-14.8,14.6,NONE
XLRE,22,1.480019,DOC,"Healthpeak Properties, Inc.",REITs,Finance,LOSING,120,41.1,46.9,32.5,44,FOLLOWER,52.5,59.8,65.7,23.4,-42.3,5.9,NONE
XLRE,23,1.453453,HST,"Host Hotels & Resorts, Inc.",REITs,Finance,LOSING,120,41.1,46.9,32.5,76,FOLLOWER,43.3,71.9,40.6,9.6,-31.0,-31.3,NONE
XLRE,24,1.347576,CSGP,"CoStar Group, Inc.",Comml Svcs-Market Rsrch,Technology Services,EMERGING,16,66.3,73.5,55.7,8,FOLLOWER,37.6,1.8,38.9,75.0,36.1,37.1,NONE
XLRE,25,1.274587,REG,Regency Centers Corporation,REITs,Finance,LOSING,120,41.1,46.9,32.5,109,FOLLOWER,37.2,45.6,35.2,19.4,-15.8,-10.4,NONE
XLRE,26,1.124111,UDR,"UDR, Inc.",REITs,Finance,LOSING,120,41.1,46.9,32.5,78,FOLLOWER,43.1,41.0,44.7,31.1,-13.6,3.7,NONE
XLRE,27,1.094925,CPT,Camden Property Trust,REITs,Finance,LOSING,120,41.1,46.9,32.5,115,FOLLOWER,36.0,37.6,41.0,19.1,-21.9,3.4,NONE
XLRE,28,1.053005,BXP,BXP Inc,REITs,Finance,LOSING,120,41.1,46.9,32.5,65,FOLLOWER,46.5,30.4,75.7,27.9,-47.8,45.3,NONE
XLRE,29,0.94006,FRT,Federal Realty Investment Trust,REITs,Finance,LOSING,120,41.1,46.9,32.5,80,FOLLOWER,42.8,60.8,35.1,19.6,-15.5,-25.7,NONE
XLRE,30,0.828443,ARE,"Alexandria Real Estate Equities, Inc.",REITs,Finance,LOSING,120,41.1,46.9,32.5,110,FOLLOWER,37.1,35.6,53.1,35.2,-17.9,17.5,NONE
XLK,1,14.215713,NVDA,NVIDIA Corporation,Elec-Semicondctor Fablss,Electronic Technology,LOSING,46,51.6,69.0,25.5,2,FOLLOWER,69.3,60.9,49.4,78.9,29.4,-11.5,NONE
XLK,2,12.66811,AAPL,Apple Inc.,Telecom-Consumer Prods,Electronic Technology,MATURE,25,62.6,60.8,65.1,3,FOLLOWER,48.0,53.8,48.1,25.0,-23.1,-5.7,BREAKOUT_WATCH
XLK,3,10.291744,MSFT,Microsoft Corporation,Comp Sftwr - Enterprise,Technology Services,EMERGING,3,73.3,82.5,59.6,29,FOLLOWER,64.6,44.3,71.8,82.6,10.8,27.5,BREAKOUT_NOW
XLK,4,4.710795,AVGO,Broadcom Inc.,Elec-Semicondctor Fablss,Electronic Technology,LOSING,46,51.6,69.0,25.5,27,FOLLOWER,23.3,27.2,13.9,22.3,8.4,-13.3,NONE
XLK,5,3.908377,MU,"Micron Technology, Inc.",Computer-Hardware/Perip,Electronic Technology,LOSING,31,63.4,77.9,41.6,9,FOLLOWER,66.9,99.4,30.4,69.2,38.8,-69.0,NONE
XLK,6,3.902557,AMD,"Advanced Micro Devices, Inc.",Elec-Semicondctor Fablss,Electronic Technology,LOSING,46,51.6,69.0,25.5,9,FOLLOWER,49.3,96.5,21.4,24.9,3.6,-75.2,NONE
XLK,7,2.911027,INTC,Intel Corporation,Elec-Semiconductor Mfg,Electronic Technology,LOSING,112,41.2,49.4,29.0,13,FOLLOWER,45.7,97.4,10.3,35.0,24.7,-87.2,NONE
XLK,8,2.860289,CSCO,"Cisco Systems, Inc.",Computer-Networking,Electronic Technology,LOSING,97,47.0,55.1,34.8,5,FOLLOWER,45.7,79.7,23.3,28.4,5.1,-56.4,NONE
XLK,9,2.817622,PLTR,Palantir Technologies Inc. Class A,Comp Sftwr - Enterprise,Technology Services,EMERGING,3,73.3,82.5,59.6,24,PIONEER,69.7,51.3,78.7,98.6,20.0,27.3,BREAKOUT_WATCH
XLK,10,2.487008,LRCX,Lam Research Corporation,Elec-Semiconductor Equip,Electronic Technology,LOSING,98,43.6,54.7,26.9,8,FOLLOWER,54.1,94.3,28.2,52.9,24.6,-66.1,NONE
XLK,11,2.4135,AMAT,"Applied Materials, Inc.",Elec-Semiconductor Equip,Electronic Technology,LOSING,98,43.6,54.7,26.9,4,FOLLOWER,57.7,93.2,48.6,14.9,-33.7,-44.6,NONE
XLK,12,1.985136,PANW,"Palo Alto Networks, Inc.",Computer Sftwr-Security,Technology Services,MATURE,26,60.6,60.1,61.2,4,LEADER,83.6,94.3,89.8,82.7,-7.2,-4.5,NONE
XLK,13,1.68617,ORCL,Oracle Corporation,Computer Sftwr-Database,Technology Services,EMERGING,4,75.1,81.9,65.0,13,FOLLOWER,26.1,11.9,6.0,87.3,81.3,-5.9,NONE
XLK,14,1.550558,TXN,Texas Instruments Incorporated,Elec-Semiconductor Mfg,Electronic Technology,LOSING,112,41.2,49.4,29.0,12,FOLLOWER,45.9,86.7,15.9,17.4,1.5,-70.8,NONE
XLK,15,1.510498,KLAC,KLA Corporation,Elec-Semiconductor Equip,Electronic Technology,LOSING,98,43.6,54.7,26.9,15,FOLLOWER,44.6,83.8,23.0,31.6,8.6,-60.8,NONE
XLK,16,1.464774,CRWD,"CrowdStrike Holdings, Inc. Class A",Computer Sftwr-Security,Technology Services,MATURE,26,60.6,60.1,61.2,1,LEADER,87.0,89.4,79.3,87.0,7.7,-10.1,NONE
XLK,17,1.45861,IBM,International Business Machines Corporation,Computer-Tech Services,Technology Services,LOSING,32,63.8,77.6,43.1,44,FOLLOWER,24.5,12.8,11.6,70.1,58.5,-1.2,NONE
XLK,18,1.448616,SNDK,Sandisk Corporation,Computer-Hardware/Perip,Electronic Technology,LOSING,31,63.4,77.9,41.6,11,FOLLOWER,59.1,99.8,18.6,85.4,66.7,-81.2,NONE
XLK,19,1.379522,CRM,"Salesforce, Inc.",Comp Sftwr - Enterprise,Technology Services,EMERGING,3,73.3,82.5,59.6,13,PIONEER,79.4,46.4,91.3,97.4,6.1,44.9,BREAKOUT_RECENT
XLK,20,1.328911,ANET,Arista Networks Inc,Computer-Networking,Electronic Technology,LOSING,97,47.0,55.1,34.8,1,LEADER,81.7,84.7,82.4,82.9,0.5,-2.3,NONE
XLK,21,1.278312,APH,Amphenol Corporation Class A,Electronic-Parts,Electronic Technology,LOSING,50,53.2,68.1,30.9,5,FOLLOWER,50.1,53.0,55.7,37.1,-18.6,2.8,NONE
XLK,22,1.249371,MRVL,"Marvell Technology, Inc.",Elec-Semicondctor Fablss,Electronic Technology,LOSING,46,51.6,69.0,25.5,1,FOLLOWER,72.5,97.5,54.7,87.2,32.6,-42.9,NONE
XLK,23,1.225614,STX,Seagate Technology Holdings PLC,Computer-Hardware/Perip,Electronic Technology,LOSING,31,63.4,77.9,41.6,13,FOLLOWER,51.6,98.7,27.2,31.5,4.3,-71.5,NONE
XLK,24,1.163467,ADI,"Analog Devices, Inc.",Elec-Semiconductor Mfg,Electronic Technology,LOSING,112,41.2,49.4,29.0,16,FOLLOWER,44.7,79.2,18.7,36.9,18.2,-60.5,NONE
XLK,25,1.139972,QCOM,QUALCOMM Incorporated,Elec-Semicondctor Fablss,Electronic Technology,LOSING,46,51.6,69.0,25.5,23,FOLLOWER,31.0,35.1,5.5,73.0,67.6,-29.6,NONE
XLK,26,1.043196,WDC,Western Digital Corporation,Computer-Hardware/Perip,Electronic Technology,LOSING,31,63.4,77.9,41.6,15,FOLLOWER,49.2,98.3,17.4,7.2,-10.2,-80.9,NONE
XLK,27,0.983094,NOW,"ServiceNow, Inc.",Comp Sftwr - Enterprise,Technology Services,EMERGING,3,73.3,82.5,59.6,41,FOLLOWER,52.4,18.5,75.0,94.7,19.7,56.6,BREAKOUT_RECENT
XLK,28,0.869406,DELL,"Dell Technologies, Inc. Class C",Computer-Hardware/Perip,Electronic Technology,LOSING,31,63.4,77.9,41.6,4,LEADER,80.7,99.1,60.6,80.5,20.0,-38.5,NONE
XLK,29,0.776195,ADBE,Adobe Inc.,Computer Sftwr-Design,Technology Services,LOSING,45,61.0,69.1,49.0,3,FOLLOWER,48.3,21.9,68.0,86.8,18.8,46.0,BREAKOUT_RECENT
XLK,30,0.76715,GLW,Corning Inc,Elec-Misc Products,Electronic Technology,LOSING,136,39.3,42.4,34.5,7,FOLLOWER,52.8,91.2,13.5,76.3,62.8,-77.6,NONE
XLK,31,0.766825,ACN,Accenture Plc Class A,Computer-Tech Services,Technology Services,LOSING,32,63.8,77.6,43.1,29,FOLLOWER,38.8,12.2,48.3,85.6,37.3,36.1,BREAKOUT_WATCH
XLK,32,0.680975,FTNT,"Fortinet, Inc.",Computer Sftwr-Security,Technology Services,MATURE,26,60.6,60.1,61.2,5,LEADER,81.8,95.0,80.2,71.3,-8.9,-14.8,NONE
XLK,33,0.652285,INTU,Intuit Inc.,Comp Sftwr - Financial,Technology Services,EMERGING,11,64.0,75.2,47.3,17,FOLLOWER,39.2,3.8,60.5,81.8,21.3,56.7,NONE
XLK,34,0.618451,CDNS,"Cadence Design Systems, Inc.",Computer Sftwr-Design,Technology Services,LOSING,45,61.0,69.1,49.0,9,FOLLOWER,38.2,48.6,22.2,56.6,34.4,-26.4,NONE
XLK,35,0.55852,SNPS,"Synopsys, Inc.",Computer Sftwr-Design,Technology Services,LOSING,45,61.0,69.1,49.0,6,FOLLOWER,44.7,46.5,25.0,87.7,62.7,-21.5,NONE
XLK,36,0.531428,MSI,"Motorola Solutions, Inc.",Telecom-Consumer Prods,Electronic Technology,MATURE,25,62.6,60.8,65.1,2,LEADER,77.5,70.8,80.8,80.8,-0.0,10.0,NONE
XLK,37,0.51643,DDOG,"Datadog, Inc. Class A",Comp Sftwr - Enterprise,Technology Services,EMERGING,3,73.3,82.5,59.6,49,FOLLOWER,44.5,81.4,29.9,9.0,-20.9,-51.5,NONE
XLK,38,0.45867,LITE,"Lumentum Holdings, Inc.",Telecom - Equipment,Electronic Technology,LOSING,111,43.4,49.7,33.9,1,FOLLOWER,73.5,98.5,52.4,93.8,41.4,-46.0,NONE
XLK,39,0.457208,HPE,Hewlett Packard Enterprise Co.,Computer-Tech Services,Technology Services,LOSING,32,63.8,77.6,43.1,5,LEADER,84.7,97.3,81.9,78.1,-3.8,-15.5,NONE
XLK,40,0.406565,MPWR,"Monolithic Power Systems, Inc.",Elec-Semicondctor Fablss,Electronic Technology,LOSING,46,51.6,69.0,25.5,14,FOLLOWER,42.2,75.4,12.0,23.3,11.3,-63.4,NONE
XLK,41,0.389675,TEL,TE Connectivity plc,Electronic-Parts,Electronic Technology,LOSING,50,53.2,68.1,30.9,15,FOLLOWER,26.3,22.7,29.0,36.1,7.1,6.3,NONE
XLK,42,0.371829,NXPI,NXP Semiconductors NV,Elec-Semiconductor Mfg,Electronic Technology,LOSING,112,41.2,49.4,29.0,22,FOLLOWER,32.5,56.8,6.8,13.1,6.3,-50.0,NONE
XLK,43,0.366043,TER,"Teradyne, Inc.",Elec-Semiconductor Equip,Electronic Technology,LOSING,98,43.6,54.7,26.9,6,FOLLOWER,57.0,95.7,28.0,30.0,2.0,-67.7,NONE
XLK,44,0.362554,ADSK,"Autodesk, Inc.",Computer Sftwr-Design,Technology Services,LOSING,45,61.0,69.1,49.0,2,FOLLOWER,49.3,19.4,68.5,77.9,9.5,49.1,NONE
XLK,45,0.361484,KEYS,Keysight Technologies Inc,Elec-Scientific/Msrng,Electronic Technology,LOSING,134,38.7,43.8,31.1,2,FOLLOWER,57.7,87.3,27.5,56.8,29.3,-59.8,NONE
XLK,46,0.359818,COHR,Coherent Corp.,Electronic-Parts,Electronic Technology,LOSING,50,53.2,68.1,30.9,4,FOLLOWER,58.5,92.5,9.9,79.5,69.5,-82.6,NONE
XLK,47,0.352491,CIEN,Ciena Corporation,Telecom - Equipment,Electronic Technology,LOSING,111,43.4,49.7,33.9,8,FOLLOWER,52.2,93.4,5.3,54.3,49.0,-88.1,NONE
XLK,48,0.283318,ROP,"Roper Technologies, Inc.",Diversified Operations,Producer Manufacturing,LOSING,99,46.1,52.4,36.6,3,FOLLOWER,54.3,27.0,89.4,75.2,-14.3,62.5,BREAKOUT_RECENT
XLK,49,0.274711,WDAY,"Workday, Inc. Class A",Comp Sftwr - Enterprise,Technology Services,EMERGING,3,73.3,82.5,59.6,33,FOLLOWER,59.1,18.4,93.2,93.9,0.7,74.8,NONE
XLK,50,0.267625,FLEX,Flex Ltd,Elec-Contract Mfg,Electronic Technology,LOSING,154,30.8,36.1,23.0,3,FOLLOWER,43.8,93.4,8.1,37.4,29.3,-85.3,NONE
XLK,51,0.259968,MCHP,Microchip Technology Incorporated,Elec-Semiconductor Mfg,Electronic Technology,LOSING,112,41.2,49.4,29.0,17,FOLLOWER,40.9,78.3,10.0,33.4,23.4,-68.2,NONE
XLK,52,0.243105,NTAP,"NetApp, Inc.",Computer-Hardware/Perip,Electronic Technology,LOSING,31,63.4,77.9,41.6,7,FOLLOWER,69.3,89.2,58.7,71.0,12.3,-30.6,NONE
XLK,53,0.209504,JBL,Jabil Inc.,Elec-Contract Mfg,Electronic Technology,LOSING,154,30.8,36.1,23.0,6,FOLLOWER,41.2,80.7,13.9,33.1,19.2,-66.8,NONE
XLK,54,0.199904,CTSH,Cognizant Technology Solutions Corporation Class A,Computer-Tech Services,Technology Services,LOSING,32,63.8,77.6,43.1,21,FOLLOWER,48.1,16.6,73.8,88.2,14.3,57.3,BREAKOUT_WATCH
XLK,55,0.189806,TDY,Teledyne Technologies Incorporated,Aerospace/Defense,Electronic Technology,LOSING,81,46.5,60.2,25.9,22,FOLLOWER,44.9,63.1,39.6,24.6,-15.0,-23.5,NONE
XLK,56,0.18745,ON,ON Semiconductor Corporation,Elec-Semiconductor Mfg,Electronic Technology,LOSING,112,41.2,49.4,29.0,20,FOLLOWER,36.7,82.1,3.7,7.6,3.9,-78.4,NONE
XLK,57,0.183865,HPQ,HP Inc.,Computer-Hardware/Perip,Electronic Technology,LOSING,31,63.4,77.9,41.6,5,LEADER,78.0,68.5,71.7,82.0,10.3,3.2,NONE
XLK,58,0.176231,FICO,Fair Isaac Corporation,Comp Sftwr - Financial,Technology Services,EMERGING,11,64.0,75.2,47.3,20,FOLLOWER,21.7,6.0,24.1,52.2,28.1,18.1,NONE
XLK,59,0.165727,Q,"Qnity Electronics, Inc.",Elec-Semiconductor Equip,Electronic Technology,LOSING,98,43.6,54.7,26.9,19,FOLLOWER,37.5,84.1,9.8,15.0,5.2,-74.3,NONE
XLK,60,0.157492,VRSN,"VeriSign, Inc.",Computer Sftwr-Security,Technology Services,MATURE,26,60.6,60.1,61.2,14,FOLLOWER,53.6,53.2,48.4,56.1,7.8,-4.8,NONE
XLK,61,0.146523,FFIV,"F5, Inc.",Internet-Network Sltns,Technology Services,LOSING,140,34.7,41.2,24.9,1,FOLLOWER,62.5,87.6,48.8,52.9,4.1,-38.8,NONE
XLK,62,0.144729,FSLR,"First Solar, Inc.",Energy-Solar,Electronic Technology,LOSING,167,21.8,26.2,15.1,3,FOLLOWER,16.0,12.7,5.9,39.7,33.8,-6.8,NONE
XLK,63,0.137462,SMCI,"Super Micro Computer, Inc.",Computer-Hardware/Perip,Electronic Technology,LOSING,31,63.4,77.9,41.6,16,FOLLOWER,42.8,51.7,12.1,95.5,83.4,-39.6,NONE
XLK,64,0.124288,CDW,CDW Corporation,Computer-Tech Services,Technology Services,LOSING,32,63.8,77.6,43.1,15,FOLLOWER,55.9,39.4,77.8,55.4,-22.3,38.4,NONE
XLK,65,0.119565,PTC,PTC Inc.,Computer Sftwr-Design,Technology Services,LOSING,45,61.0,69.1,49.0,4,FOLLOWER,48.1,21.2,69.7,84.3,14.6,48.5,BREAKOUT_WATCH
XLK,66,0.112622,GEN,Gen Digital Inc.,Computer Sftwr-Security,Technology Services,MATURE,26,60.6,60.1,61.2,11,FOLLOWER,73.0,56.4,80.8,82.7,2.0,24.4,BREAKOUT_RECENT
XLK,67,0.111841,ZBRA,Zebra Technologies Corporation Class A,Elec-Misc Products,Electronic Technology,LOSING,136,39.3,42.4,34.5,1,LEADER,87.7,78.2,94.9,91.0,-3.9,16.7,NONE
XLK,68,0.104979,TYL,"Tyler Technologies, Inc.",Comp Sftwr - Specialty Enterprise,Technology Services,EMERGING,18,57.9,72.8,35.6,11,FOLLOWER,50.2,13.3,80.6,86.2,5.5,67.3,BREAKOUT_RECENT
XLK,69,0.102921,AKAM,"Akamai Technologies, Inc.",Comp Sftwr - Enterprise,Technology Services,EMERGING,3,73.3,82.5,59.6,60,FOLLOWER,27.9,56.7,7.7,20.7,13.0,-49.0,NONE
XLK,70,0.093684,TRMB,Trimble Inc.,Computer Sftwr-Design,Technology Services,LOSING,45,61.0,69.1,49.0,8,FOLLOWER,38.6,10.8,59.7,69.8,10.1,48.8,NONE
XLK,71,0.087496,IT,"Gartner, Inc.",Comml Svcs-Market Rsrch,Technology Services,EMERGING,16,66.3,73.5,55.7,5,FOLLOWER,55.0,15.8,82.2,94.0,11.9,66.4,NONE
XLK,72,0.085217,GDDY,"GoDaddy, Inc. Class A",Comp Sftwr - Enterprise,Technology Services,EMERGING,3,73.3,82.5,59.6,56,FOLLOWER,36.6,11.9,70.8,35.5,-35.3,58.9,NONE
XLK,73,0.065183,SWKS,"Skyworks Solutions, Inc.",Elec-Semiconductor Mfg,Electronic Technology,LOSING,112,41.2,49.4,29.0,21,FOLLOWER,34.8,40.6,15.3,65.9,50.6,-25.3,NONE
XLU,1,12.79988,NEE,"NextEra Energy, Inc.",Utilities,Utilities,LOSING,67,49.0,63.7,27.1,58,FOLLOWER,28.0,29.8,29.2,18.7,-10.5,-0.6,NONE
XLU,2,7.461354,SO,Southern Company,Utilities,Utilities,LOSING,67,49.0,63.7,27.1,45,FOLLOWER,34.2,33.4,31.8,20.1,-11.7,-1.6,NONE
XLU,3,7.031046,DUK,Duke Energy Corporation,Utilities,Utilities,LOSING,67,49.0,63.7,27.1,44,FOLLOWER,34.6,33.3,35.9,25.5,-10.5,2.6,NONE
XLU,4,6.63536,CEG,Constellation Energy Corporation,Energy-Alternative/Other,Producer Manufacturing,LOSING,84,44.7,58.3,24.4,16,FOLLOWER,33.3,12.9,31.0,65.5,34.5,18.1,NONE
XLU,5,4.991247,AEP,"American Electric Power Company, Inc.",Utilities,Utilities,LOSING,67,49.0,63.7,27.1,46,FOLLOWER,33.9,37.1,32.9,26.9,-6.0,-4.2,NONE
XLU,6,4.323643,D,Dominion Energy Inc,Utilities,Utilities,LOSING,67,49.0,63.7,27.1,38,FOLLOWER,37.4,46.2,34.1,19.5,-14.6,-12.0,NONE
XLU,7,4.13349,SRE,Sempra,Utilities,Utilities,LOSING,67,49.0,63.7,27.1,54,FOLLOWER,29.9,23.8,29.0,19.8,-9.2,5.2,NONE
XLU,8,3.631644,ETR,Entergy Corporation,Utilities,Utilities,LOSING,67,49.0,63.7,27.1,29,FOLLOWER,41.5,50.1,33.5,36.1,2.6,-16.6,NONE
XLU,9,3.579413,XEL,Xcel Energy Inc.,Utility-Diversified,Utilities,LOSING,180,22.0,21.1,23.5,1,FOLLOWER,36.0,28.3,32.1,33.0,0.9,3.8,NONE
XLU,10,3.371236,EXC,Exelon Corporation,Utilities,Utilities,LOSING,67,49.0,63.7,27.1,43,FOLLOWER,35.3,28.9,32.7,26.5,-6.1,3.8,NONE
XLU,11,3.258834,VST,Vistra Corp.,Utilities,Utilities,LOSING,67,49.0,63.7,27.1,70,FOLLOWER,14.6,13.5,16.6,15.2,-1.4,3.0,NONE
XLU,12,2.970988,ED,"Consolidated Edison, Inc.",Utilities,Utilities,LOSING,67,49.0,63.7,27.1,11,FOLLOWER,51.6,47.8,48.3,37.7,-10.6,0.6,NONE
XLU,13,2.741786,PCG,PG&E Corporation,Utilities,Utilities,LOSING,67,49.0,63.7,27.1,34,FOLLOWER,40.3,41.6,46.2,17.8,-28.4,4.6,NONE
XLU,14,2.735412,PEG,Public Service Enterprise Group Inc,Utilities,Utilities,LOSING,67,49.0,63.7,27.1,63,FOLLOWER,24.3,22.0,26.1,20.2,-5.8,4.1,NONE
XLU,15,2.594915,WEC,WEC Energy Group Inc,Utilities,Utilities,LOSING,67,49.0,63.7,27.1,40,FOLLOWER,36.2,29.1,31.3,31.3,0.0,2.1,NONE
XLU,16,2.202673,AEE,Ameren Corporation,Utilities,Utilities,LOSING,67,49.0,63.7,27.1,39,FOLLOWER,37.2,37.8,36.2,32.2,-4.0,-1.5,NONE
XLU,17,2.11972,DTE,DTE Energy Company,Utilities,Utilities,LOSING,67,49.0,63.7,27.1,50,FOLLOWER,31.8,35.6,30.0,24.8,-5.2,-5.7,NONE
XLU,18,2.086328,ATO,Atmos Energy Corporation,Utilities,Utilities,LOSING,67,49.0,63.7,27.1,42,FOLLOWER,35.5,28.9,36.6,25.9,-10.7,7.7,NONE
XLU,19,2.025537,AWK,"American Water Works Company, Inc.",Utilities,Utilities,LOSING,67,49.0,63.7,27.1,7,FOLLOWER,59.7,44.2,69.1,54.6,-14.5,24.9,BREAKOUT_WATCH
XLU,20,2.025098,EIX,Edison International,Utilities,Utilities,LOSING,67,49.0,63.7,27.1,17,FOLLOWER,47.6,62.8,45.2,10.3,-35.0,-17.6,NONE
XLU,21,1.998132,ES,Eversource Energy,Utilities,Utilities,LOSING,67,49.0,63.7,27.1,23,FOLLOWER,44.7,47.4,50.6,25.0,-25.6,3.1,NONE
XLU,22,1.929787,PPL,PPL Corporation,Utilities,Utilities,LOSING,67,49.0,63.7,27.1,55,FOLLOWER,29.5,27.0,33.3,25.9,-7.5,6.3,NONE
XLU,23,1.925227,CNP,"CenterPoint Energy, Inc.",Utilities,Utilities,LOSING,67,49.0,63.7,27.1,52,FOLLOWER,31.0,33.4,25.6,18.4,-7.1,-7.9,NONE
XLU,24,1.791352,FE,FirstEnergy Corp.,Utilities,Utilities,LOSING,67,49.0,63.7,27.1,47,FOLLOWER,33.6,32.4,38.4,22.4,-16.0,6.0,NONE
XLU,25,1.758361,NRG,"NRG Energy, Inc.",Utilities,Utilities,LOSING,67,49.0,63.7,27.1,74,FOLLOWER,11.2,7.6,14.2,5.0,-9.1,6.6,NONE
XLU,26,1.580392,CMS,CMS Energy Corporation,Utilities,Utilities,LOSING,67,49.0,63.7,27.1,62,FOLLOWER,26.0,23.9,27.8,22.5,-5.4,3.9,NONE
XLU,27,1.458825,NI,NiSource Inc,Utilities,Utilities,LOSING,67,49.0,63.7,27.1,65,FOLLOWER,20.5,26.7,19.4,12.3,-7.1,-7.3,NONE
XLU,28,1.394352,EVRG,"Evergy, Inc.",Utilities,Utilities,LOSING,67,49.0,63.7,27.1,32,FOLLOWER,40.6,43.8,36.6,32.8,-3.8,-7.2,NONE
XLU,29,1.317786,LNT,Alliant Energy Corporation,Utilities,Utilities,LOSING,67,49.0,63.7,27.1,49,FOLLOWER,32.1,34.2,29.7,27.9,-1.8,-4.5,NONE
XLU,30,0.887448,PNW,Pinnacle West Capital Corp,Utilities,Utilities,LOSING,67,49.0,63.7,27.1,35,FOLLOWER,39.9,48.7,35.8,30.9,-5.0,-12.8,NONE
XLU,31,0.787863,AES,AES Corporation,Utilities,Utilities,LOSING,67,49.0,63.7,27.1,25,FOLLOWER,44.1,46.9,45.6,46.3,0.7,-1.3,BREAKOUT_WATCH
XBI,1,2.763482,MRNA,"Moderna, Inc.",Medical - Revenue Biotech,Health Technology,LOSING,51,58.4,67.9,44.2,3,LEADER,87.0,99.7,99.8,99.8,-0.1,0.2,NONE
XBI,2,1.921365,TWST,Twist Bioscience Corp.,Medical - Revenue Biotech,Health Technology,LOSING,51,58.4,67.9,44.2,1,LEADER,91.9,99.5,99.4,98.8,-0.6,-0.1,NONE
XBI,3,1.502796,APGE,"Apogee Therapeutics, Inc.",Medical - Development Biotech,Health Technology,EMERGING,1,74.2,87.5,54.2,31,LEADER,82.5,92.9,97.6,47.9,-49.7,4.7,BREAKOUT_WATCH
XBI,4,1.391029,KYMR,"Kymera Therapeutics, Inc.",Medical - Development Biotech,Health Technology,EMERGING,1,74.2,87.5,54.2,30,LEADER,82.6,91.0,94.6,76.8,-17.8,3.6,NONE
XBI,5,1.388056,NTRA,"Natera, Inc.",Medical-Services,Health Services,LOSING,68,59.8,63.6,54.2,5,LEADER,81.8,74.8,94.8,89.3,-5.5,20.0,NONE
XBI,6,1.376406,HALO,"Halozyme Therapeutics, Inc.",Medical - Profitable Biotech,Health Technology,LOSING,91,54.2,56.6,50.7,1,LEADER,85.3,79.0,96.7,92.8,-3.9,17.7,NONE
XBI,7,1.327796,RVMD,"Revolution Medicines, Inc.",Medical - Development Biotech,Health Technology,EMERGING,1,74.2,87.5,54.2,22,LEADER,84.6,97.8,89.9,72.8,-17.1,-8.0,NONE
XBI,8,1.319271,PRAX,"Praxis Precision Medicines, Inc.",Medical - Development Biotech,Health Technology,EMERGING,1,74.2,87.5,54.2,97,FOLLOWER,64.3,92.4,35.1,79.4,44.3,-57.3,NONE
XBI,9,1.310981,ORKA,"Oruka Therapeutics, Inc.",Medical - Development Biotech,Health Technology,EMERGING,1,74.2,87.5,54.2,86,FOLLOWER,67.9,98.4,96.3,17.2,-79.2,-2.1,NONE
XBI,10,1.294107,TVTX,"Travere Therapeutics, Inc.",Medical - Revenue Biotech,Health Technology,LOSING,51,58.4,67.9,44.2,5,LEADER,86.4,91.6,92.9,83.5,-9.4,1.3,NONE
XBI,11,1.275823,DNTH,"Dianthus Therapeutics, Inc.",Medical - Development Biotech,Health Technology,EMERGING,1,74.2,87.5,54.2,94,FOLLOWER,64.8,97.1,70.8,19.4,-51.4,-26.3,NONE
XBI,12,1.256908,PTGX,"Protagonist Therapeutics, Inc.",Medical - Pharmaceuticals,Health Technology,LOSING,83,53.5,58.3,46.2,5,LEADER,78.2,86.2,94.6,62.4,-32.2,8.4,NONE
XBI,13,1.24674,CGON,"CG Oncology, Inc.",Medical - Development Biotech,Health Technology,EMERGING,1,74.2,87.5,54.2,65,FOLLOWER,72.8,87.0,79.0,54.7,-24.3,-8.0,NONE
XBI,14,1.242101,ERAS,"Erasca, Inc.",Medical - Development Biotech,Health Technology,EMERGING,1,74.2,87.5,54.2,75,FOLLOWER,70.0,99.7,93.4,27.2,-66.2,-6.3,NONE
XBI,15,1.215617,REGN,"Regeneron Pharmaceuticals, Inc.",Medical - Profitable Biotech,Health Technology,LOSING,91,54.2,56.6,50.7,20,FOLLOWER,61.6,33.4,88.5,71.5,-17.0,55.1,NONE
XBI,16,1.21343,PCVX,"Vaxcyte, Inc.",Medical - Development Biotech,Health Technology,EMERGING,1,74.2,87.5,54.2,93,FOLLOWER,64.8,57.2,75.1,69.8,-5.2,17.9,NONE
XBI,17,1.207493,SRRK,Scholar Rock Holding Corp.,Medical - Development Biotech,Health Technology,EMERGING,1,74.2,87.5,54.2,56,FOLLOWER,75.8,75.6,76.5,87.2,10.6,0.9,NONE
XBI,18,1.188283,INSM,Insmed Incorporated,Medical - Revenue Biotech,Health Technology,LOSING,51,58.4,67.9,44.2,32,FOLLOWER,40.9,4.0,65.4,86.1,20.8,61.4,NONE
XBI,19,1.179486,AMGN,Amgen Inc.,Medical - Profitable Biotech,Health Technology,LOSING,91,54.2,56.6,50.7,4,LEADER,76.4,67.6,88.3,79.7,-8.7,20.7,NONE
XBI,20,1.151659,RYTM,"Rhythm Pharmaceuticals, Inc.",Medical - Revenue Biotech,Health Technology,LOSING,51,58.4,67.9,44.2,24,FOLLOWER,51.3,29.8,81.4,52.7,-28.7,51.6,NONE
XBI,21,1.144328,VRTX,Vertex Pharmaceuticals Incorporated,Medical - Profitable Biotech,Health Technology,LOSING,91,54.2,56.6,50.7,6,FOLLOWER,73.6,64.0,81.0,80.2,-0.8,17.0,NONE
XBI,22,1.125348,ROIV,Roivant Sciences Ltd.,Medical - Development Biotech,Health Technology,EMERGING,1,74.2,87.5,54.2,69,FOLLOWER,71.7,88.3,74.1,48.5,-25.6,-14.2,NONE
XBI,23,1.108536,SYRE,"Spyre Therapeutics, Inc",Medical - Development Biotech,Health Technology,EMERGING,1,74.2,87.5,54.2,95,FOLLOWER,64.7,98.5,82.9,10.1,-72.8,-15.6,NONE
XBI,24,1.10581,ARWR,"Arrowhead Pharmaceuticals, Inc.",Medical - Revenue Biotech,Health Technology,LOSING,51,58.4,67.9,44.2,17,FOLLOWER,63.2,91.4,61.4,30.8,-30.6,-29.9,NONE
XBI,25,1.10372,GILD,"Gilead Sciences, Inc.",Medical - Profitable Biotech,Health Technology,LOSING,91,54.2,56.6,50.7,19,FOLLOWER,62.2,54.9,61.8,78.1,16.4,6.8,NONE
XBI,26,1.094714,RLAY,"Relay Therapeutics, Inc.",Medical - Development Biotech,Health Technology,EMERGING,1,74.2,87.5,54.2,62,FOLLOWER,73.1,96.8,91.0,27.1,-63.9,-5.8,NONE
XBI,27,1.087068,INCY,Incyte Corporation,Medical - Profitable Biotech,Health Technology,LOSING,91,54.2,56.6,50.7,9,FOLLOWER,71.1,56.2,87.9,51.8,-36.1,31.7,NONE
XBI,28,1.080132,QURE,uniQure N.V.,Medical - Development Biotech,Health Technology,EMERGING,1,74.2,87.5,54.2,42,LEADER,79.9,90.2,98.2,84.6,-13.6,8.0,NONE
XBI,29,1.075886,IOVA,Iovance Biotherapeutics Inc,Medical - Revenue Biotech,Health Technology,LOSING,51,58.4,67.9,44.2,2,LEADER,88.2,98.8,99.2,99.3,0.1,0.4,NONE
XBI,30,1.075434,CRSP,CRISPR Therapeutics AG,Medical - Development Biotech,Health Technology,EMERGING,1,74.2,87.5,54.2,139,FOLLOWER,50.1,43.3,48.6,87.8,39.2,5.4,NONE
XBI,31,1.071002,ACAD,ACADIA Pharmaceuticals Inc.,Medical - Profitable Biotech,Health Technology,LOSING,91,54.2,56.6,50.7,7,FOLLOWER,73.5,57.6,91.4,75.3,-16.1,33.8,NONE
XBI,32,1.067501,VKTX,"Viking Therapeutics, Inc.",Medical - Development Biotech,Health Technology,EMERGING,1,74.2,87.5,54.2,199,FOLLOWER,27.2,21.3,34.8,30.2,-4.5,13.5,NONE
XBI,33,1.06561,TGTX,"TG Therapeutics, Inc.",Medical - Profitable Biotech,Health Technology,LOSING,91,54.2,56.6,50.7,5,FOLLOWER,75.2,87.2,93.7,50.3,-43.4,6.5,NONE
XBI,34,1.060437,BMRN,BioMarin Pharmaceutical Inc.,Medical - Revenue Biotech,Health Technology,LOSING,51,58.4,67.9,44.2,13,FOLLOWER,66.2,52.6,68.9,69.5,0.6,16.3,NONE
XBI,35,1.057487,SLS,"SELLAS Life Sciences Group, Inc.",Medical - Development Biotech,Health Technology,EMERGING,1,74.2,87.5,54.2,16,LEADER,86.7,99.9,93.6,93.7,0.1,-6.3,NONE
XBI,36,1.055067,GRAL,GRAIL Inc,Medical-Services,Health Services,LOSING,68,59.8,63.6,54.2,25,FOLLOWER,42.6,10.4,66.6,80.2,13.6,56.2,NONE
XBI,37,1.046748,BBIO,"BridgeBio Pharma, Inc.",Medical - Revenue Biotech,Health Technology,LOSING,51,58.4,67.9,44.2,28,FOLLOWER,44.3,44.4,74.0,17.4,-56.6,29.6,NONE
XBI,38,1.045247,ABBV,"AbbVie, Inc.",Medical - Pharmaceuticals,Health Technology,LOSING,83,53.5,58.3,46.2,15,FOLLOWER,59.6,49.8,77.6,39.7,-37.9,27.8,NONE
XBI,39,1.042096,MDGL,"Madrigal Pharmaceuticals, Inc.",Medical - Revenue Biotech,Health Technology,LOSING,51,58.4,67.9,44.2,27,FOLLOWER,45.3,20.8,58.0,72.9,14.9,37.2,NONE
XBI,40,1.036389,KRYS,"Krystal Biotech, Inc.",Medical - Profitable Biotech,Health Technology,LOSING,91,54.2,56.6,50.7,17,FOLLOWER,63.2,86.5,70.5,24.6,-46.0,-16.0,NONE
XBI,41,1.036218,BIIB,Biogen Inc.,Medical - Profitable Biotech,Health Technology,LOSING,91,54.2,56.6,50.7,16,FOLLOWER,64.3,58.5,66.4,65.1,-1.2,7.9,NONE
XBI,42,1.017682,COGT,"Cogent Biosciences, Inc.",Medical - Development Biotech,Health Technology,EMERGING,1,74.2,87.5,54.2,213,FOLLOWER,20.7,18.1,36.8,5.4,-31.4,18.7,NONE
XBI,43,0.99615,ALKS,Alkermes Public Limited Company,Medical - Profitable Biotech,Health Technology,LOSING,91,54.2,56.6,50.7,22,FOLLOWER,59.7,87.2,67.8,21.4,-46.3,-19.4,NONE
XBI,44,0.990095,CYTK,"Cytokinetics, Incorporated",Medical - Development Biotech,Health Technology,EMERGING,1,74.2,87.5,54.2,188,FOLLOWER,30.3,42.0,26.2,11.0,-15.2,-15.8,NONE
XBI,45,0.982052,IMVT,Immunovant Inc,Medical - Development Biotech,Health Technology,EMERGING,1,74.2,87.5,54.2,51,LEADER,76.7,89.7,83.8,63.0,-20.8,-5.9,NONE
XBI,46,0.962929,DYN,Dyne Therapeutics Inc,Medical - Development Biotech,Health Technology,EMERGING,1,74.2,87.5,54.2,103,FOLLOWER,61.0,59.0,88.7,31.5,-57.2,29.7,NONE
XBI,47,0.955107,MIRM,"Mirum Pharmaceuticals, Inc.",Medical - Revenue Biotech,Health Technology,LOSING,51,58.4,67.9,44.2,37,FOLLOWER,37.3,73.2,30.2,7.5,-22.8,-43.0,NONE
XBI,48,0.953009,EXEL,"Exelixis, Inc.",Medical - Profitable Biotech,Health Technology,LOSING,91,54.2,56.6,50.7,24,FOLLOWER,55.0,64.3,59.2,31.0,-28.2,-5.1,NONE
XBI,49,0.946705,SMMT,Summit Therapeutics Inc,Medical - Development Biotech,Health Technology,EMERGING,1,74.2,87.5,54.2,211,FOLLOWER,21.1,12.3,10.6,56.1,45.5,-1.7,NONE
XBI,50,0.929721,IBRX,ImmunityBio Inc,Medical - Development Biotech,Health Technology,EMERGING,1,74.2,87.5,54.2,81,FOLLOWER,68.5,99.3,57.5,72.4,14.9,-41.8,NONE
XBI,51,0.922422,CELC,Celcuity Inc.,Medical - Development Biotech,Health Technology,EMERGING,1,74.2,87.5,54.2,210,FOLLOWER,21.4,20.0,5.8,50.9,45.1,-14.2,NONE
XBI,52,0.915049,BEAM,"Beam Therapeutics, Inc.",Medical - Development Biotech,Health Technology,EMERGING,1,74.2,87.5,54.2,159,FOLLOWER,43.8,56.9,20.2,77.3,57.1,-36.7,NONE
XBI,53,0.881461,NBIX,"Neurocrine Biosciences, Inc.",Medical - Profitable Biotech,Health Technology,LOSING,91,54.2,56.6,50.7,36,FOLLOWER,30.0,42.6,33.0,4.9,-28.1,-9.6,NONE
XBI,54,0.879397,PTCT,"PTC Therapeutics, Inc.",Medical - Revenue Biotech,Health Technology,LOSING,51,58.4,67.9,44.2,49,FOLLOWER,19.2,16.1,28.2,16.4,-11.8,12.1,NONE
XBI,55,0.87208,UTHR,United Therapeutics Corporation,Medical - Profitable Biotech,Health Technology,LOSING,91,54.2,56.6,50.7,33,FOLLOWER,33.7,40.9,24.3,34.4,10.1,-16.6,NONE
XBI,56,0.869626,BCRX,"BioCryst Pharmaceuticals, Inc.",Medical - Profitable Biotech,Health Technology,LOSING,91,54.2,56.6,50.7,15,FOLLOWER,66.0,78.4,63.8,68.1,4.2,-14.6,NONE
XBI,57,0.867972,RARE,"Ultragenyx Pharmaceutical, Inc.",Medical - Revenue Biotech,Health Technology,LOSING,51,58.4,67.9,44.2,43,FOLLOWER,30.5,11.3,57.3,35.5,-21.9,46.0,NONE
XBI,58,0.859966,SRPT,"Sarepta Therapeutics, Inc.",Medical - Revenue Biotech,Health Technology,LOSING,51,58.4,67.9,44.2,19,PIONEER,61.6,43.3,75.7,95.6,19.9,32.4,NONE
XBI,59,0.858735,IDYA,"IDEAYA Biosciences, Inc.",Medical - Revenue Biotech,Health Technology,LOSING,51,58.4,67.9,44.2,10,FOLLOWER,70.1,50.1,91.9,76.4,-15.5,41.7,NONE
XBI,60,0.837452,VERA,"Vera Therapeutics, Inc. Class A",Medical - Development Biotech,Health Technology,EMERGING,1,74.2,87.5,54.2,167,FOLLOWER,42.0,54.2,30.9,60.5,29.6,-23.4,NONE
XBI,61,0.836804,VRDN,"Viridian Therapeutics, Inc.",Medical - Development Biotech,Health Technology,EMERGING,1,74.2,87.5,54.2,141,FOLLOWER,49.5,10.1,89.3,85.3,-3.9,79.2,NONE
XBI,62,0.770898,DNLI,Denali Therapeutics Inc.,Medical - Development Biotech,Health Technology,EMERGING,1,74.2,87.5,54.2,114,FOLLOWER,56.4,63.6,71.2,36.3,-34.9,7.6,NONE
XBI,63,0.766268,IONS,"Ionis Pharmaceuticals, Inc.",Medical - Revenue Biotech,Health Technology,LOSING,51,58.4,67.9,44.2,45,FOLLOWER,26.8,10.8,11.7,83.4,71.7,0.9,NONE
XBI,64,0.76446,IMNM,"Immunome, Inc.",Medical - Development Biotech,Health Technology,EMERGING,1,74.2,87.5,54.2,41,LEADER,80.0,82.4,86.3,88.1,1.8,3.9,NONE
XBI,65,0.74922,ALNY,"Alnylam Pharmaceuticals, Inc",Medical - Revenue Biotech,Health Technology,LOSING,51,58.4,67.9,44.2,47,FOLLOWER,24.6,3.7,10.8,84.5,73.7,7.1,NONE
XBI,66,0.732417,CLDX,"Celldex Therapeutics, Inc.",Medical - Development Biotech,Health Technology,EMERGING,1,74.2,87.5,54.2,80,FOLLOWER,69.0,80.8,84.5,54.0,-30.5,3.8,NONE
XBI,67,0.708884,IRON,"Disc Medicine, Inc.",Medical - Development Biotech,Health Technology,EMERGING,1,74.2,87.5,54.2,163,FOLLOWER,43.3,17.5,73.0,51.5,-21.4,55.5,NONE
XBI,68,0.698487,RCUS,"Arcus Biosciences, Inc.",Medical - Revenue Biotech,Health Technology,LOSING,51,58.4,67.9,44.2,18,FOLLOWER,63.0,58.7,73.6,60.3,-13.3,14.9,NONE
XBI,69,0.684732,NTLA,"Intellia Therapeutics, Inc.",Medical - Development Biotech,Health Technology,EMERGING,1,74.2,87.5,54.2,118,FOLLOWER,55.3,82.2,23.1,85.4,62.4,-59.2,NONE
XBI,70,0.683285,RXRX,"Recursion Pharmaceuticals, Inc. Class A",Medical - Development Biotech,Health Technology,EMERGING,1,74.2,87.5,54.2,191,FOLLOWER,29.1,11.4,24.9,75.7,50.8,13.5,NONE
XBI,71,0.681013,PURR,"Hyperliquid Strategies, Inc",Finance - Crypto/Blockchain,Technology Services,LOSING,60,49.4,64.7,26.6,1,PIONEER,74.4,,74.7,99.4,24.8,,NONE
XBI,72,0.672594,ADMA,"ADMA Biologics, Inc.",Medical - Profitable Biotech,Health Technology,LOSING,91,54.2,56.6,50.7,30,FOLLOWER,40.8,2.5,76.1,71.6,-4.5,73.6,NONE
XBI,73,0.667331,MLYS,"Mineralys Therapeutics, Inc.",Medical - Development Biotech,Health Technology,EMERGING,1,74.2,87.5,54.2,222,FOLLOWER,15.2,5.2,12.7,33.2,20.6,7.5,NONE
XBI,74,0.644295,NVAX,"Novavax, Inc.",Medical - Profitable Biotech,Health Technology,LOSING,91,54.2,56.6,50.7,25,FOLLOWER,51.6,75.0,15.1,91.5,76.4,-59.9,NONE
XBI,75,0.640409,ARQT,Arcutis Biotherapeutics Inc,Medical - Revenue Biotech,Health Technology,LOSING,51,58.4,67.9,44.2,44,FOLLOWER,27.1,12.0,65.2,6.1,-59.2,53.2,NONE
XBI,76,0.637022,SNDX,Syndax Pharmaceuticals Inc,Medical - Revenue Biotech,Health Technology,LOSING,51,58.4,67.9,44.2,39,FOLLOWER,34.0,32.1,38.0,45.8,7.8,5.9,NONE
XBI,77,0.623617,TNGX,"Tango Therapeutics, Inc.",Medical - Development Biotech,Health Technology,EMERGING,1,74.2,87.5,54.2,128,FOLLOWER,53.0,96.2,55.7,5.7,-50.0,-40.5,NONE
XBI,78,0.617443,AGIO,"Agios Pharmaceuticals, Inc.",Medical - Development Biotech,Health Technology,EMERGING,1,74.2,87.5,54.2,130,FOLLOWER,52.7,55.3,69.9,54.4,-15.5,14.6,NONE
XBI,79,0.599374,VCYT,"Veracyte, Inc.",Medical-Services,Health Services,LOSING,68,59.8,63.6,54.2,33,FOLLOWER,17.1,18.6,25.7,1.5,-24.2,7.0,NONE
XBI,80,0.597343,NRIX,"Nurix Therapeutics, Inc.",Medical - Development Biotech,Health Technology,EMERGING,1,74.2,87.5,54.2,33,LEADER,82.2,84.0,95.1,78.4,-16.7,11.1,NONE
XBI,81,0.5681,PVLA,"Palvella Therapeutics, Inc.",Medical - Development Biotech,Health Technology,EMERGING,1,74.2,87.5,54.2,63,FOLLOWER,72.9,85.3,86.6,42.4,-44.2,1.3,NONE
XBI,82,0.541367,BHVN,Biohaven Ltd.,Medical - Development Biotech,Health Technology,EMERGING,1,74.2,87.5,54.2,46,LEADER,78.3,87.4,93.1,78.8,-14.4,5.7,NONE
XBI,83,0.527553,CDNA,"CareDx, Inc.",Medical-Services,Health Services,LOSING,68,59.8,63.6,54.2,1,LEADER,97.2,97.9,99.5,94.5,-5.0,1.5,NONE
XBI,84,0.52267,KOD,"Kodiak Sciences, Inc.",Medical - Development Biotech,Health Technology,EMERGING,1,74.2,87.5,54.2,146,FOLLOWER,48.5,87.5,48.7,9.5,-39.2,-38.9,NONE
XBI,85,0.496353,VIR,"Vir Biotechnology, Inc.",Medical - Development Biotech,Health Technology,EMERGING,1,74.2,87.5,54.2,43,LEADER,79.3,88.6,70.3,89.7,19.4,-18.3,NONE
XBI,86,0.478154,CGEM,"Cullinan Therapeutics, Inc.",Medical - Development Biotech,Health Technology,EMERGING,1,74.2,87.5,54.2,17,LEADER,86.4,91.9,89.9,91.2,1.3,-2.1,NONE
XBI,87,0.46848,XNCR,"Xencor, Inc.",Medical-Biomed/Biotech,Health Technology,LOSING,72,56.9,62.0,49.3,1,LEADER,83.1,82.6,99.5,89.5,-10.1,17.0,NONE
XBI,88,0.461138,STOK,"Stoke Therapeutics, Inc.",Medical - Revenue Biotech,Health Technology,LOSING,51,58.4,67.9,44.2,31,FOLLOWER,43.9,40.8,47.4,65.8,18.4,6.6,NONE
XBI,89,0.458681,INBX,"Inhibrx Biosciences, Inc.",Medical - Development Biotech,Health Technology,EMERGING,1,74.2,87.5,54.2,59,FOLLOWER,74.1,81.6,78.2,98.0,19.8,-3.4,NONE
XBI,90,0.456358,PGEN,Precigen Inc,Medical - Development Biotech,Health Technology,EMERGING,1,74.2,87.5,54.2,20,LEADER,85.1,92.8,97.1,86.3,-10.8,4.4,NONE
XBI,91,0.4532,VCEL,Vericel Corporation,Medical - Profitable Biotech,Health Technology,LOSING,91,54.2,56.6,50.7,31,FOLLOWER,39.6,27.1,82.8,7.0,-75.8,55.6,NONE
XBI,92,0.417426,ABSI,Absci Corporation,Medical - Pharmaceuticals,Health Technology,LOSING,83,53.5,58.3,46.2,3,LEADER,79.6,98.0,88.2,82.5,-5.7,-9.8,NONE
XBI,93,0.410206,ANAB,"AnaptysBio, Inc.",Medical - Revenue Biotech,Health Technology,LOSING,51,58.4,67.9,44.2,20,FOLLOWER,59.5,94.7,43.4,56.4,13.0,-51.3,NONE
XBI,94,0.400638,ORIC,"Oric Pharmaceuticals, Inc.",Medical - Development Biotech,Health Technology,EMERGING,1,74.2,87.5,54.2,77,FOLLOWER,69.6,51.4,96.5,82.1,-14.3,45.0,NONE
XBI,95,0.394534,REPL,"Replimune Group, Inc.",Medical - Development Biotech,Health Technology,EMERGING,1,74.2,87.5,54.2,11,LEADER,89.3,86.7,98.6,99.8,1.3,11.9,NONE
XBI,96,0.391057,ZBIO,"Zenas BioPharma, Inc.",Medical-Biomed/Biotech,Health Technology,LOSING,72,56.9,62.0,49.3,11,FOLLOWER,41.5,12.6,98.1,29.0,-69.1,85.5,NONE
XBI,97,0.384705,CRVS,"Corvus Pharmaceuticals, Inc.",Medical - Development Biotech,Health Technology,EMERGING,1,74.2,87.5,54.2,87,FOLLOWER,67.7,85.8,71.3,70.8,-0.5,-14.5,NONE
XBI,98,0.368645,VOR,"Vor Biopharma, Inc.",Medical - Development Biotech,Health Technology,EMERGING,1,74.2,87.5,54.2,50,LEADER,76.8,98.0,95.7,61.8,-33.9,-2.4,NONE
XBI,99,0.368407,AVTX,Avalo Therapeutics Inc,Medical - Development Biotech,Health Technology,EMERGING,1,74.2,87.5,54.2,135,FOLLOWER,51.3,37.5,82.7,51.5,-31.2,45.2,NONE
XBI,100,0.360899,TRAX,First Tracks Biotherapeutics Inc,Medical - Development Biotech,Health Technology,EMERGING,1,74.2,87.5,54.2,123,FOLLOWER,53.9,,99.8,8.5,-91.3,,NONE
XBI,101,0.360816,KURA,"Kura Oncology, Inc.",Medical - Development Biotech,Health Technology,EMERGING,1,74.2,87.5,54.2,82,PIONEER,68.5,45.2,84.2,96.1,11.9,39.0,NONE
XBI,102,0.322231,JANX,"Janux Therapeutics, Inc.",Medical - Development Biotech,Health Technology,EMERGING,1,74.2,87.5,54.2,154,FOLLOWER,46.3,3.0,83.7,84.9,1.3,80.6,NONE
XBI,103,0.321853,TYRA,"Tyra Bioscience, Inc",Medical - Development Biotech,Health Technology,EMERGING,1,74.2,87.5,54.2,208,FOLLOWER,21.7,51.3,8.7,2.2,-6.5,-42.7,NONE
XBI,104,0.311804,MNKD,MannKind Corporation,Medical - Profitable Biotech,Health Technology,LOSING,91,54.2,56.6,50.7,37,FOLLOWER,26.0,10.2,52.6,25.7,-26.9,42.4,NONE
XBI,105,0.305296,GERN,Geron Corporation,Medical - Revenue Biotech,Health Technology,LOSING,51,58.4,67.9,44.2,14,FOLLOWER,66.1,68.3,80.7,80.5,-0.2,12.4,NONE
XBI,106,0.297612,TSHA,"Taysha Gene Therapies, Inc.",Medical - Development Biotech,Health Technology,EMERGING,1,74.2,87.5,54.2,168,FOLLOWER,41.6,63.8,34.9,35.1,0.2,-28.9,NONE
XBI,107,0.296204,JBIO,"Jade Biosciences, Inc.",Medical - Development Biotech,Health Technology,EMERGING,1,74.2,87.5,54.2,116,FOLLOWER,55.5,88.2,36.4,62.6,26.2,-51.8,NONE
XBI,108,0.287117,ANNX,"Annexon, Inc.",Medical - Development Biotech,Health Technology,EMERGING,1,74.2,87.5,54.2,190,FOLLOWER,29.4,48.4,23.4,20.1,-3.3,-25.0,NONE
XBI,109,0.280088,RIGL,"Rigel Pharmaceuticals, Inc.",Medical - Profitable Biotech,Health Technology,LOSING,91,54.2,56.6,50.7,18,FOLLOWER,62.4,24.4,95.8,90.2,-5.7,71.4,NONE
XBI,110,0.271823,IMMX,"Immix Biopharma, Inc.",Medical - Development Biotech,Health Technology,EMERGING,1,74.2,87.5,54.2,3,LEADER,91.3,98.8,96.2,99.1,2.9,-2.6,NONE
XBI,111,0.262098,GLUE,"Monte Rosa Therapeutics, Inc.",Medical - Revenue Biotech,Health Technology,LOSING,51,58.4,67.9,44.2,52,FOLLOWER,8.9,15.3,6.4,0.4,-6.0,-8.9,NONE
XBI,112,0.261874,ARDX,"Ardelyx, Inc.",Medical - Revenue Biotech,Health Technology,LOSING,51,58.4,67.9,44.2,53,FOLLOWER,6.7,7.0,4.5,2.2,-2.3,-2.4,NONE
XBI,113,0.258577,OLMA,"Olema Pharmaceuticals, Inc.",Medical - Development Biotech,Health Technology,EMERGING,1,74.2,87.5,54.2,230,FOLLOWER,7.1,1.1,10.2,7.8,-2.3,9.0,NONE
XBI,114,0.257763,SANA,"Sana Biotechnology, Inc.",Medical - Development Biotech,Health Technology,EMERGING,1,74.2,87.5,54.2,102,FOLLOWER,61.1,48.5,78.8,89.3,10.5,30.4,NONE
XBI,115,0.245236,AVBP,"ArriVent BioPharma, Inc.",Medical - Development Biotech,Health Technology,EMERGING,1,74.2,87.5,54.2,151,FOLLOWER,47.1,70.5,37.8,35.8,-2.0,-32.8,NONE
XBI,116,0.24514,CADL,"Candel Therapeutics, Inc.",Medical - Development Biotech,Health Technology,EMERGING,1,74.2,87.5,54.2,2,LEADER,91.4,98.2,96.6,95.0,-1.6,-1.6,NONE
XBI,117,0.238096,BCAX,Bicara Therapeutics Inc.,Medical - Development Biotech,Health Technology,EMERGING,1,74.2,87.5,54.2,158,FOLLOWER,44.0,65.0,59.0,10.3,-48.6,-6.0,NONE
XBI,118,0.236915,CTMX,"CytomX Therapeutics, Inc.",Medical - Development Biotech,Health Technology,EMERGING,1,74.2,87.5,54.2,215,FOLLOWER,19.4,12.0,20.4,33.6,13.2,8.4,NONE
XBI,119,0.233804,SLDB,Solid Biosciences Inc.,Medical - Development Biotech,Health Technology,EMERGING,1,74.2,87.5,54.2,38,LEADER,81.0,92.8,90.7,84.1,-6.6,-2.1,NONE
XBI,120,0.233356,ALT,"Altimmune, Inc.",Medical - Development Biotech,Health Technology,EMERGING,1,74.2,87.5,54.2,187,FOLLOWER,30.8,5.2,46.5,63.1,16.7,41.3,NONE
XBI,121,0.227315,ALLO,"Allogene Therapeutics, Inc.",Medical - Development Biotech,Health Technology,EMERGING,1,74.2,87.5,54.2,142,FOLLOWER,49.2,81.1,25.0,57.5,32.4,-56.1,NONE
XBI,122,0.226759,VSTM,"Verastem, Inc.",Medical - Development Biotech,Health Technology,EMERGING,1,74.2,87.5,54.2,132,FOLLOWER,52.2,8.4,97.9,87.4,-10.4,89.4,NONE
XBI,123,0.218701,FDMT,"4D Molecular Therapeutics, Inc.",Medical - Development Biotech,Health Technology,EMERGING,1,74.2,87.5,54.2,39,LEADER,80.4,74.3,95.2,98.0,2.8,20.9,NONE
XBI,124,0.210504,IRWD,"Ironwood Pharmaceuticals, Inc. Class A",Medical - Revenue Biotech,Health Technology,LOSING,51,58.4,67.9,44.2,15,FOLLOWER,64.1,69.9,74.1,77.4,3.3,4.2,NONE
XBI,125,0.193024,CAPR,"Capricor Therapeutics, Inc.",Medical - Development Biotech,Health Technology,EMERGING,1,74.2,87.5,54.2,120,FOLLOWER,54.8,95.2,0.3,99.7,99.4,-94.9,NONE
XBI,126,0.192124,DMRA,"Damora Therapeutics, Inc.",Medical - Development Biotech,Health Technology,EMERGING,1,74.2,87.5,54.2,96,FOLLOWER,64.5,90.3,75.4,39.9,-35.5,-14.9,NONE
XBI,127,0.175358,RGNX,"REGENXBIO, Inc.",Medical - Revenue Biotech,Health Technology,LOSING,51,58.4,67.9,44.2,33,FOLLOWER,39.0,9.3,92.5,23.3,-69.2,83.2,NONE
XBI,128,0.174847,PRME,"Prime Medicine, Inc.",Medical - Development Biotech,Health Technology,EMERGING,1,74.2,87.5,54.2,157,FOLLOWER,44.3,28.0,45.8,88.2,42.4,17.8,NONE
XBI,129,0.1727,ABUS,Arbutus Biopharma Corporation,Medical - Development Biotech,Health Technology,EMERGING,1,74.2,87.5,54.2,89,FOLLOWER,65.9,55.6,65.9,83.9,17.9,10.4,NONE
XBI,130,0.171094,OCGN,Ocugen Inc,Medical - Development Biotech,Health Technology,EMERGING,1,74.2,87.5,54.2,169,FOLLOWER,41.4,49.8,29.6,64.3,34.7,-20.2,NONE
XBI,131,0.1558,SVRA,"Savara, Inc.",Medical - Development Biotech,Health Technology,EMERGING,1,74.2,87.5,54.2,183,FOLLOWER,31.9,35.3,43.7,21.9,-21.7,8.4,NONE
XBI,132,0.152131,CMPX,"Compass Therapeutics, Inc.",Medical - Development Biotech,Health Technology,EMERGING,1,74.2,87.5,54.2,180,FOLLOWER,34.5,2.3,41.8,91.1,49.3,39.5,NONE
XBI,133,0.151978,CABA,"Cabaletta Bio, Inc.",Medical - Development Biotech,Health Technology,EMERGING,1,74.2,87.5,54.2,140,FOLLOWER,50.0,77.4,13.6,83.5,69.9,-63.8,NONE
XBI,134,0.127683,OVID,Ovid Therapeutics Inc.,Medical - Development Biotech,Health Technology,EMERGING,1,74.2,87.5,54.2,68,FOLLOWER,71.9,92.4,48.2,87.2,39.0,-44.2,NONE
XBI,135,0.125658,PRTA,Prothena Corp. Plc,Medical - Development Biotech,Health Technology,EMERGING,1,74.2,87.5,54.2,182,FOLLOWER,33.1,19.7,23.4,78.0,54.6,3.6,NONE
XBI,136,0.12484,SPRY,"ARS Pharmaceuticals, Inc.",Medical - Development Biotech,Health Technology,EMERGING,1,74.2,87.5,54.2,216,FOLLOWER,18.7,5.8,5.2,64.0,58.7,-0.6,NONE
XBI,137,0.123311,MDXG,"MiMedx Group, Inc.",Medical-Products,Health Technology,EMERGING,6,70.1,81.0,53.7,51,FOLLOWER,42.6,6.4,82.1,66.1,-16.1,75.7,NONE
XBI,138,0.116327,CATX,"Perspective Therapeutics, Inc.",Medical - Pharmaceuticals,Health Technology,LOSING,83,53.5,58.3,46.2,24,FOLLOWER,44.9,77.5,11.0,62.2,51.2,-66.5,NONE
XBI,139,0.112351,VNDA,Vanda Pharmaceuticals Inc.,Medical - Revenue Biotech,Health Technology,LOSING,51,58.4,67.9,44.2,41,FOLLOWER,31.1,40.7,13.4,56.0,42.6,-27.3,NONE
XBI,140,0.109427,LXEO,"Lexeo Therapeutics, Inc.",Medical - Development Biotech,Health Technology,EMERGING,1,74.2,87.5,54.2,196,FOLLOWER,27.7,2.6,27.5,79.1,51.6,24.8,NONE
XBI,141,0.101322,ACHV,"Achieve Life Sciences, Inc.",Medical - Development Biotech,Health Technology,EMERGING,1,74.2,87.5,54.2,12,LEADER,88.3,90.6,96.1,93.7,-2.4,5.5,NONE
XBI,142,0.096113,SGMT,Sagimet Biosciences Inc. Class A,Medical - Development Biotech,Health Technology,EMERGING,1,74.2,87.5,54.2,19,LEADER,85.6,82.6,94.5,97.9,3.3,11.9,NONE
XBI,143,0.093454,EBS,Emergent BioSolutions Inc.,Medical - Profitable Biotech,Health Technology,LOSING,91,54.2,56.6,50.7,41,FOLLOWER,5.8,3.5,5.2,4.3,-0.9,1.7,NONE
XBI,144,0.088309,MYGN,"Myriad Genetics, Inc.",Medical - Research,Health Technology,EMERGING,9,70.4,76.9,60.7,23,FOLLOWER,5.5,1.2,11.5,0.4,-11.1,10.4,NONE
XBI,145,0.065867,BBOT,"BridgeBio Oncology Therapeutics, Inc.",Medical - Development Biotech,Health Technology,EMERGING,1,74.2,87.5,54.2,198,FOLLOWER,27.2,8.7,33.4,58.6,25.2,24.7,NONE
XBI,147,0.058207,MPLT,"MapLight Therapeutics, Inc.",Medical - Development Biotech,Health Technology,EMERGING,1,74.2,87.5,54.2,224,FOLLOWER,14.3,29.5,0.8,11.2,10.4,-28.7,NONE
XBI,148,0.035231,SION,"Sionna Therapeutics, Inc.",Medical - Development Biotech,Health Technology,EMERGING,1,74.2,87.5,54.2,234,FOLLOWER,0.9,0.1,0.0,0.0,0.0,-0.1,NONE
XME,1,5.495755,HL,Hecla Mining Company,Mining-Gold/Silver/Gems,Non-Energy Minerals,LOSING,47,63.3,68.6,55.4,22,FOLLOWER,70.4,73.5,72.3,96.3,24.0,-1.2,NONE
XME,2,5.226696,NEM,Newmont Corporation,Mining-Gold/Silver/Gems,Non-Energy Minerals,LOSING,47,63.3,68.6,55.4,8,PIONEER,80.5,81.6,75.4,95.5,20.1,-6.2,NONE
XME,3,5.195128,CDE,"Coeur Mining, Inc.",Mining-Gold/Silver/Gems,Non-Energy Minerals,LOSING,47,63.3,68.6,55.4,26,FOLLOWER,66.6,76.5,62.2,96.4,34.2,-14.3,NONE
XME,4,5.053315,RGLD,"Royal Gold, Inc.",Mining-Gold/Silver/Gems,Non-Energy Minerals,LOSING,47,63.3,68.6,55.4,20,PIONEER,73.4,74.5,76.7,93.9,17.2,2.2,NONE
XME,5,4.987342,UEC,Uranium Energy Corp.,Mining-Metal Ores,Non-Energy Minerals,LOSING,48,56.4,68.5,38.2,25,FOLLOWER,41.2,35.9,21.2,93.3,72.1,-14.7,NONE
XME,6,4.665792,FCX,"Freeport-McMoRan, Inc.",Mining-Metal Ores,Non-Energy Minerals,LOSING,48,56.4,68.5,38.2,3,LEADER,83.5,92.5,75.6,89.0,13.4,-17.0,NONE
XME,7,4.335666,LEU,Centrus Energy Corp. Class A,Energy-Alternative/Other,Producer Manufacturing,LOSING,84,44.7,58.3,24.4,22,FOLLOWER,24.1,8.6,31.0,40.7,9.7,22.4,NONE
XME,8,4.259875,HCC,"Warrior Met Coal, Inc.",Energy-Coal,Energy Minerals,EMERGING,7,70.3,79.6,56.5,2,LEADER,76.7,75.1,69.9,95.3,25.4,-5.2,NONE
XME,9,4.186419,CNR,"Core Natural Resources, Inc.",Energy-Coal,Energy Minerals,EMERGING,7,70.3,79.6,56.5,4,FOLLOWER,69.5,68.0,71.5,91.4,19.9,3.6,BREAKOUT_WATCH
XME,10,3.978721,MP,MP Materials Corp Class A,Mining-Metal Ores,Non-Energy Minerals,LOSING,48,56.4,68.5,38.2,28,FOLLOWER,36.5,27.2,17.6,95.7,78.2,-9.7,NONE
XME,11,3.7939,BTU,Peabody Energy Corporation,Energy-Coal,Energy Minerals,EMERGING,7,70.3,79.6,56.5,7,FOLLOWER,54.9,45.9,57.8,96.0,38.2,11.8,NONE
XME,12,3.789127,NUE,Nucor Corporation,Steel-Producers,Non-Energy Minerals,LOSING,109,46.5,50.0,41.2,3,FOLLOWER,56.0,86.5,39.9,31.7,-8.2,-46.6,NONE
XME,13,3.72429,RS,"Reliance, Inc.",Metal Products - Distributors/Fabrication,Producer Manufacturing,LOSING,94,47.2,56.4,33.3,7,FOLLOWER,52.7,76.1,46.9,29.2,-17.7,-29.2,NONE
XME,14,3.54759,CLF,Cleveland-Cliffs Inc,Steel-Producers,Non-Energy Minerals,LOSING,109,46.5,50.0,41.2,9,FOLLOWER,24.1,24.6,16.3,42.9,26.6,-8.3,NONE
XME,15,3.482889,CMC,Commercial Metals Company,Metal Products - Distributors/Fabrication,Producer Manufacturing,LOSING,94,47.2,56.4,33.3,17,FOLLOWER,32.6,44.9,20.5,37.9,17.4,-24.5,NONE
XME,16,3.352687,USAR,"USA Rare Earth, Inc. Class A",Mining-Metal Ores,Non-Energy Minerals,LOSING,48,56.4,68.5,38.2,16,FOLLOWER,50.6,81.2,5.0,90.6,85.6,-76.2,NONE
XME,17,3.313322,STLD,"Steel Dynamics, Inc.",Steel-Producers,Non-Energy Minerals,LOSING,109,46.5,50.0,41.2,7,FOLLOWER,40.6,78.8,21.6,16.7,-4.9,-57.2,NONE
XME,18,3.037281,MTRN,Materion Corporation,Metal Products - Distributors/Fabrication,Producer Manufacturing,LOSING,94,47.2,56.4,33.3,3,FOLLOWER,73.0,94.1,59.6,83.0,23.4,-34.5,NONE
XME,19,2.989829,CENX,Century Aluminum Company,Metal Products - Distributors/Fabrication,Producer Manufacturing,LOSING,94,47.2,56.4,33.3,6,FOLLOWER,54.3,87.3,7.1,61.4,54.3,-80.2,NONE
XME,20,2.908489,AA,Alcoa Corporation,Mining-Metal Ores,Non-Energy Minerals,LOSING,48,56.4,68.5,38.2,22,FOLLOWER,42.6,67.3,5.2,79.5,74.3,-62.1,NONE
XME,21,2.587259,AMR,"Alpha Metallurgical Resources, Inc.",Energy-Coal,Energy Minerals,EMERGING,7,70.3,79.6,56.5,3,FOLLOWER,75.3,78.0,70.5,98.9,28.4,-7.5,BREAKOUT_WATCH
XME,22,2.454972,HYMC,Hycroft Mining Holding Corporation Class A,Mining-Gold/Silver/Gems,Non-Energy Minerals,LOSING,47,63.3,68.6,55.4,36,FOLLOWER,56.9,97.0,7.9,87.7,79.8,-89.2,NONE
XME,23,2.118171,KALU,Kaiser Aluminum Corporation,Metal Products - Distributors/Fabrication,Producer Manufacturing,LOSING,94,47.2,56.4,33.3,9,FOLLOWER,50.3,88.5,17.2,33.8,16.6,-71.3,NONE
XME,24,1.822867,IE,Ivanhoe Electric Inc.,Mining-Metal Ores,Non-Energy Minerals,LOSING,48,56.4,68.5,38.2,33,FOLLOWER,31.5,20.6,14.2,88.3,74.2,-6.4,NONE
XME,25,1.356499,MUX,McEwen Inc.,Mining-Gold/Silver/Gems,Non-Energy Minerals,LOSING,47,63.3,68.6,55.4,53,FOLLOWER,46.2,54.9,25.4,84.5,59.1,-29.5,NONE
XME,26,0.856762,SXC,"SunCoke Energy, Inc.",Energy-Coal,Energy Minerals,EMERGING,7,70.3,79.6,56.5,1,LEADER,80.4,87.1,71.6,89.9,18.2,-15.5,NONE
XME,27,0.836159,UAMY,United States Antimony Corporation,Mining-Metal Ores,Non-Energy Minerals,LOSING,48,56.4,68.5,38.2,44,FOLLOWER,12.3,15.5,2.1,16.6,14.5,-13.4,NONE
XME,28,0.802672,CMP,"Compass Minerals International, Inc.",Chemicals-Basic,Process Industries,LOSING,147,30.4,38.0,18.8,5,FOLLOWER,30.2,71.5,9.8,4.9,-5.0,-61.6,NONE
XME,29,0.711894,CTGO,Contango Silver & Gold Inc.,Mining-Gold/Silver/Gems,Non-Energy Minerals,LOSING,47,63.3,68.6,55.4,66,FOLLOWER,35.5,15.8,29.9,87.7,57.8,14.1,NONE
XME,30,0.653097,DC,Dakota Gold Corp,Mining-Gold/Silver/Gems,Non-Energy Minerals,LOSING,47,63.3,68.6,55.4,27,FOLLOWER,65.9,77.9,52.7,93.9,41.2,-25.2,NONE
XME,31,0.605671,IDR,Idaho Strategic Resources Inc,Mining-Gold/Silver/Gems,Non-Energy Minerals,LOSING,47,63.3,68.6,55.4,72,FOLLOWER,28.4,17.7,13.8,77.4,63.6,-3.9,NONE
XME,32,0.588916,METC,"Ramaco Resources, Inc. Class A",Energy-Coal,Energy Minerals,EMERGING,7,70.3,79.6,56.5,9,FOLLOWER,32.4,14.7,16.1,96.2,80.1,1.3,NONE
XME,33,0.587463,URG,Ur-Energy Inc.,Mining-Metal Ores,Non-Energy Minerals,LOSING,48,56.4,68.5,38.2,24,FOLLOWER,41.5,49.7,17.9,80.8,62.8,-31.8,NONE
XME,34,0.580991,RYZ,Ryerson Holding Corporation,Metal Products - Distributors/Fabrication,Producer Manufacturing,LOSING,94,47.2,56.4,33.3,18,FOLLOWER,28.8,50.0,20.3,20.5,0.2,-29.7,NONE
XME,35,0.54502,WS,"Worthington Steel, Inc.",Steel-Specialty Alloys,Non-Energy Minerals,LOSING,162,29.5,30.8,27.4,6,FOLLOWER,24.4,35.9,12.4,29.3,16.8,-23.4,NONE
XME,36,0.430351,ABAT,American Battery Technology Co.,Mining-Metal Ores,Non-Energy Minerals,LOSING,48,56.4,68.5,38.2,36,FOLLOWER,28.3,9.4,7.4,92.6,85.2,-2.1,NONE
XME,37,0.388047,MTUS,Metallus Inc.,Steel-Specialty Alloys,Non-Energy Minerals,LOSING,162,29.5,30.8,27.4,3,FOLLOWER,42.9,54.0,37.6,36.7,-0.9,-16.4,NONE
XME,38,0.34135,LTBR,Lightbridge Corporation,Energy-Alternative/Other,Producer Manufacturing,LOSING,84,44.7,58.3,24.4,36,FOLLOWER,6.8,2.7,5.5,10.7,5.1,2.9,NONE
XME,39,0.338478,ALOY,REalloys Inc.,Mining-Metal Ores,Non-Energy Minerals,LOSING,48,56.4,68.5,38.2,9,FOLLOWER,70.0,84.5,70.3,87.1,16.8,-14.1,NONE
SOXX,1,9.33,NVDA,NVIDIA Corporation,Elec-Semicondctor Fablss,Electronic Technology,LOSING,46,51.6,69.0,25.5,2,FOLLOWER,69.3,60.9,49.4,78.9,29.4,-11.5,NONE
SOXX,2,8.7,MU,"Micron Technology, Inc.",Computer-Hardware/Perip,Electronic Technology,LOSING,31,63.4,77.9,41.6,9,FOLLOWER,66.9,99.4,30.4,69.2,38.8,-69.0,NONE
SOXX,3,8.17,AMD,"Advanced Micro Devices, Inc.",Elec-Semicondctor Fablss,Electronic Technology,LOSING,46,51.6,69.0,25.5,9,FOLLOWER,49.3,96.5,21.4,24.9,3.6,-75.2,NONE
SOXX,4,7.48,AVGO,Broadcom Inc.,Elec-Semicondctor Fablss,Electronic Technology,LOSING,46,51.6,69.0,25.5,27,FOLLOWER,23.3,27.2,13.9,22.3,8.4,-13.3,NONE
SOXX,5,5.11,INTC,Intel Corporation,Elec-Semiconductor Mfg,Electronic Technology,LOSING,112,41.2,49.4,29.0,13,FOLLOWER,45.7,97.4,10.3,35.0,24.7,-87.2,NONE
SOXX,6,4.79,MRVL,"Marvell Technology, Inc.",Elec-Semicondctor Fablss,Electronic Technology,LOSING,46,51.6,69.0,25.5,1,FOLLOWER,72.5,97.5,54.7,87.2,32.6,-42.9,NONE
SOXX,7,4.7,TSM,"Taiwan Semiconductor Manufacturing Co., Ltd. Sponsored ADR",Elec-Semiconductor Mfg,Electronic Technology,LOSING,112,41.2,49.4,29.0,3,FOLLOWER,63.1,80.7,38.8,60.7,21.9,-41.8,NONE
SOXX,8,4.65,AMAT,"Applied Materials, Inc.",Elec-Semiconductor Equip,Electronic Technology,LOSING,98,43.6,54.7,26.9,4,FOLLOWER,57.7,93.2,48.6,14.9,-33.7,-44.6,NONE
SOXX,9,4.3,LRCX,Lam Research Corporation,Elec-Semiconductor Equip,Electronic Technology,LOSING,98,43.6,54.7,26.9,8,FOLLOWER,54.1,94.3,28.2,52.9,24.6,-66.1,NONE
SOXX,10,4.14,KLAC,KLA Corporation,Elec-Semiconductor Equip,Electronic Technology,LOSING,98,43.6,54.7,26.9,15,FOLLOWER,44.6,83.8,23.0,31.6,8.6,-60.8,NONE
SOXX,11,3.96,ADI,"Analog Devices, Inc.",Elec-Semiconductor Mfg,Electronic Technology,LOSING,112,41.2,49.4,29.0,16,FOLLOWER,44.7,79.2,18.7,36.9,18.2,-60.5,NONE
SOXX,12,3.83,TXN,Texas Instruments Incorporated,Elec-Semiconductor Mfg,Electronic Technology,LOSING,112,41.2,49.4,29.0,12,FOLLOWER,45.9,86.7,15.9,17.4,1.5,-70.8,NONE
SOXX,13,3.35,MPWR,"Monolithic Power Systems, Inc.",Elec-Semicondctor Fablss,Electronic Technology,LOSING,46,51.6,69.0,25.5,14,FOLLOWER,42.2,75.4,12.0,23.3,11.3,-63.4,NONE
SOXX,14,3.15,NXPI,NXP Semiconductors NV,Elec-Semiconductor Mfg,Electronic Technology,LOSING,112,41.2,49.4,29.0,22,FOLLOWER,32.5,56.8,6.8,13.1,6.3,-50.0,NONE
SOXX,15,3.11,TER,"Teradyne, Inc.",Elec-Semiconductor Equip,Electronic Technology,LOSING,98,43.6,54.7,26.9,6,FOLLOWER,57.0,95.7,28.0,30.0,2.0,-67.7,NONE
SOXX,16,2.96,QCOM,QUALCOMM Incorporated,Elec-Semicondctor Fablss,Electronic Technology,LOSING,46,51.6,69.0,25.5,23,FOLLOWER,31.0,35.1,5.5,73.0,67.6,-29.6,NONE
SOXX,17,2.48,ASML,ASML Holding NV Sponsored ADR,Elec-Semiconductor Equip,Electronic Technology,LOSING,98,43.6,54.7,26.9,3,FOLLOWER,63.6,89.2,53.5,58.0,4.5,-35.7,NONE
SOXX,18,2.28,ALAB,"Astera Labs, Inc.",Elec-Semicondctor Fablss,Electronic Technology,LOSING,46,51.6,69.0,25.5,10,FOLLOWER,45.6,94.4,15.1,27.5,12.3,-79.2,NONE
SOXX,19,2.18,MCHP,Microchip Technology Incorporated,Elec-Semiconductor Mfg,Electronic Technology,LOSING,112,41.2,49.4,29.0,17,FOLLOWER,40.9,78.3,10.0,33.4,23.4,-68.2,NONE
SOXX,20,2.17,CRDO,Credo Technology Group Holding Ltd.,Elec-Semicondctor Fablss,Electronic Technology,LOSING,46,51.6,69.0,25.5,4,FOLLOWER,60.1,82.5,35.4,85.0,49.5,-47.0,NONE
SOXX,21,1.59,ON,ON Semiconductor Corporation,Elec-Semiconductor Mfg,Electronic Technology,LOSING,112,41.2,49.4,29.0,20,FOLLOWER,36.7,82.1,3.7,7.6,3.9,-78.4,NONE
SOXX,22,1.28,ASX,"ASE Technology Holding Co., Ltd. Sponsored ADR",Elec-Semiconductor Mfg,Electronic Technology,LOSING,112,41.2,49.4,29.0,1,FOLLOWER,71.9,97.8,37.4,73.6,36.2,-60.4,NONE
SOXX,23,1.15,ENTG,"Entegris, Inc.",Elec-Semiconductor Equip,Electronic Technology,LOSING,98,43.6,54.7,26.9,2,FOLLOWER,66.1,91.9,32.9,84.3,51.3,-58.9,NONE
SOXX,24,1.03,MTSI,"MACOM Technology Solutions Holdings, Inc.",Elec-Semiconductor Mfg,Electronic Technology,LOSING,112,41.2,49.4,29.0,7,FOLLOWER,53.7,86.0,8.0,69.3,61.3,-78.0,NONE
SOXX,25,0.93,UMC,United Microelectronics Corp. Sponsored ADR,Elec-Semiconductor Mfg,Electronic Technology,LOSING,112,41.2,49.4,29.0,2,FOLLOWER,64.8,97.9,22.2,63.5,41.2,-75.7,NONE
SOXX,26,0.67,ARM,ARM Holdings PLC Sponsored ADR,Elec-Semicondctor Fablss,Electronic Technology,LOSING,46,51.6,69.0,25.5,13,FOLLOWER,43.2,91.5,6.3,38.2,31.9,-85.2,NONE
SOXX,27,0.66,STM,STMicroelectronics NV Sponsored ADR RegS,Elec-Semiconductor Mfg,Electronic Technology,LOSING,112,41.2,49.4,29.0,11,FOLLOWER,46.4,96.3,7.5,16.9,9.5,-88.8,NONE
SOXX,28,0.62,NVMI,Nova Ltd.,Elec-Semiconductor Equip,Electronic Technology,LOSING,98,43.6,54.7,26.9,23,FOLLOWER,26.4,53.9,6.8,9.3,2.5,-47.1,NONE
SOXX,29,0.56,SWKS,"Skyworks Solutions, Inc.",Elec-Semiconductor Mfg,Electronic Technology,LOSING,112,41.2,49.4,29.0,21,FOLLOWER,34.8,40.6,15.3,65.9,50.6,-25.3,NONE
SOXX,30,0.52,RMBS,Rambus Inc.,Elec-Semicondctor Fablss,Electronic Technology,LOSING,46,51.6,69.0,25.5,30,FOLLOWER,18.5,23.2,3.4,24.2,20.8,-19.8,NONE
IGV,1,10.35,PLTR,Palantir Technologies Inc. Class A,Comp Sftwr - Enterprise,Technology Services,EMERGING,3,73.3,82.5,59.6,24,PIONEER,69.7,51.3,78.7,98.6,20.0,27.3,BREAKOUT_WATCH
IGV,2,9.51,PANW,"Palo Alto Networks, Inc.",Computer Sftwr-Security,Technology Services,MATURE,26,60.6,60.1,61.2,4,LEADER,83.6,94.3,89.8,82.7,-7.2,-4.5,NONE
IGV,3,9.35,MSFT,Microsoft Corporation,Comp Sftwr - Enterprise,Technology Services,EMERGING,3,73.3,82.5,59.6,29,FOLLOWER,64.6,44.3,71.8,82.6,10.8,27.5,BREAKOUT_NOW
IGV,4,7.02,CRWD,"CrowdStrike Holdings, Inc. Class A",Computer Sftwr-Security,Technology Services,MATURE,26,60.6,60.1,61.2,1,LEADER,87.0,89.4,79.3,87.0,7.7,-10.1,NONE
IGV,5,6.61,CRM,"Salesforce, Inc.",Comp Sftwr - Enterprise,Technology Services,EMERGING,3,73.3,82.5,59.6,13,PIONEER,79.4,46.4,91.3,97.4,6.1,44.9,BREAKOUT_RECENT
IGV,6,5.42,ORCL,Oracle Corporation,Computer Sftwr-Database,Technology Services,EMERGING,4,75.1,81.9,65.0,13,FOLLOWER,26.1,11.9,6.0,87.3,81.3,-5.9,NONE
IGV,7,4.75,NOW,"ServiceNow, Inc.",Comp Sftwr - Enterprise,Technology Services,EMERGING,3,73.3,82.5,59.6,41,FOLLOWER,52.4,18.5,75.0,94.7,19.7,56.6,BREAKOUT_RECENT
IGV,8,3.75,ADBE,Adobe Inc.,Computer Sftwr-Design,Technology Services,LOSING,45,61.0,69.1,49.0,3,FOLLOWER,48.3,21.9,68.0,86.8,18.8,46.0,BREAKOUT_RECENT
IGV,9,3.29,FTNT,"Fortinet, Inc.",Computer Sftwr-Security,Technology Services,MATURE,26,60.6,60.1,61.2,5,LEADER,81.8,95.0,80.2,71.3,-8.9,-14.8,NONE
IGV,10,3.15,INTU,Intuit Inc.,Comp Sftwr - Financial,Technology Services,EMERGING,11,64.0,75.2,47.3,17,FOLLOWER,39.2,3.8,60.5,81.8,21.3,56.7,NONE
IGV,11,2.99,CDNS,"Cadence Design Systems, Inc.",Computer Sftwr-Design,Technology Services,LOSING,45,61.0,69.1,49.0,9,FOLLOWER,38.2,48.6,22.2,56.6,34.4,-26.4,NONE
IGV,12,2.7,SNPS,"Synopsys, Inc.",Computer Sftwr-Design,Technology Services,LOSING,45,61.0,69.1,49.0,6,FOLLOWER,44.7,46.5,25.0,87.7,62.7,-21.5,NONE
IGV,13,2.49,DDOG,"Datadog, Inc. Class A",Comp Sftwr - Enterprise,Technology Services,EMERGING,3,73.3,82.5,59.6,49,FOLLOWER,44.5,81.4,29.9,9.0,-20.9,-51.5,NONE
IGV,14,2.47,APP,AppLovin Corp. Class A,Comp Sftwr - Specialty Enterprise,Technology Services,EMERGING,18,57.9,72.8,35.6,27,FOLLOWER,6.5,4.1,1.8,3.1,1.4,-2.4,NONE
IGV,15,1.75,ADSK,"Autodesk, Inc.",Computer Sftwr-Design,Technology Services,LOSING,45,61.0,69.1,49.0,2,FOLLOWER,49.3,19.4,68.5,77.9,9.5,49.1,NONE
IGV,16,1.37,ROP,"Roper Technologies, Inc.",Diversified Operations,Producer Manufacturing,LOSING,99,46.1,52.4,36.6,3,FOLLOWER,54.3,27.0,89.4,75.2,-14.3,62.5,BREAKOUT_RECENT
IGV,17,1.34,MSTR,Strategy Inc Class A,Finance - Crypto/Blockchain,Technology Services,LOSING,60,49.4,64.7,26.6,10,FOLLOWER,29.9,10.3,11.9,94.3,82.4,1.6,NONE
IGV,18,1.33,WDAY,"Workday, Inc. Class A",Comp Sftwr - Enterprise,Technology Services,EMERGING,3,73.3,82.5,59.6,33,FOLLOWER,59.1,18.4,93.2,93.9,0.7,74.8,NONE
IGV,19,1.3,TTWO,"Take-Two Interactive Software, Inc.",Computer Sftwr-Gaming,Technology Services,LOSING,82,49.3,58.8,35.1,4,FOLLOWER,38.1,28.4,52.8,22.4,-30.4,24.4,NONE
IGV,20,0.97,TEAM,Atlassian Corp Class A,Comp Sftwr - Enterprise,Technology Services,EMERGING,3,73.3,82.5,59.6,3,LEADER,89.7,66.0,98.5,99.6,1.0,32.5,BREAKOUT_RECENT
IGV,21,0.85,FICO,Fair Isaac Corporation,Comp Sftwr - Financial,Technology Services,EMERGING,11,64.0,75.2,47.3,20,FOLLOWER,21.7,6.0,24.1,52.2,28.1,18.1,NONE
IGV,22,0.83,ZM,"Zoom Communications, Inc. Class A",Computer Sftwr-Enterprse,Technology Services,LOSING,38,67.4,71.7,61.0,2,FOLLOWER,48.2,51.6,32.1,69.2,37.0,-19.4,NONE
IGV,23,0.6,ZS,"Zscaler, Inc.",Computer Sftwr-Security,Technology Services,MATURE,26,60.6,60.1,61.2,17,FOLLOWER,50.3,5.9,89.8,91.2,1.4,83.8,NONE
IGV,24,0.58,NTNX,"Nutanix, Inc. Class A",Comp Sftwr - Enterprise,Technology Services,EMERGING,3,73.3,82.5,59.6,23,FOLLOWER,70.6,56.0,90.4,86.0,-4.4,34.5,NONE
IGV,25,0.58,PTC,PTC Inc.,Computer Sftwr-Design,Technology Services,LOSING,45,61.0,69.1,49.0,4,FOLLOWER,48.1,21.2,69.7,84.3,14.6,48.5,BREAKOUT_WATCH
IGV,26,0.55,GWRE,"Guidewire Software, Inc.",Comp Sftwr - Financial,Technology Services,EMERGING,11,64.0,75.2,47.3,4,FOLLOWER,60.2,26.8,91.5,95.6,4.1,64.7,BREAKOUT_RECENT
IGV,27,0.54,GEN,Gen Digital Inc.,Computer Sftwr-Security,Technology Services,MATURE,26,60.6,60.1,61.2,11,FOLLOWER,73.0,56.4,80.8,82.7,2.0,24.4,BREAKOUT_RECENT
IGV,28,0.51,TYL,"Tyler Technologies, Inc.",Comp Sftwr - Specialty Enterprise,Technology Services,EMERGING,18,57.9,72.8,35.6,11,FOLLOWER,50.2,13.3,80.6,86.2,5.5,67.3,BREAKOUT_RECENT
IGV,29,0.5,DT,"Dynatrace, Inc.",Comp Sftwr - Enterprise,Technology Services,EMERGING,3,73.3,82.5,59.6,17,FOLLOWER,75.8,58.7,85.9,89.8,3.9,27.2,BREAKOUT_WATCH
IGV,30,0.49,IOT,"Samsara, Inc. Class A",Comp Sftwr - Enterprise,Technology Services,EMERGING,3,73.3,82.5,59.6,30,FOLLOWER,63.7,46.1,76.9,83.9,7.0,30.8,NONE
IGV,31,0.48,U,"Unity Software, Inc.",Computer Sftwr-Design,Technology Services,LOSING,45,61.0,69.1,49.0,1,FOLLOWER,65.7,34.2,93.7,94.1,0.4,59.4,NONE
IGV,32,0.48,RBRK,"Rubrik, Inc. Class A",Computer Sftwr-Security,Technology Services,MATURE,26,60.6,60.1,61.2,10,PIONEER,76.0,72.8,77.8,94.2,16.3,5.1,NONE
IGV,33,0.45,TRMB,Trimble Inc.,Computer Sftwr-Design,Technology Services,LOSING,45,61.0,69.1,49.0,8,FOLLOWER,38.6,10.8,59.7,69.8,10.1,48.8,NONE
IGV,34,0.43,BMNR,BitMine Immersion Technologies Inc,Financial Svcs-Specialty,Finance,LOSING,90,54.1,57.2,49.4,16,FOLLOWER,53.1,14.5,83.5,94.8,11.3,69.0,NONE
IGV,35,0.43,HUBS,"HubSpot, Inc.",Comp Sftwr - Enterprise,Technology Services,EMERGING,3,73.3,82.5,59.6,48,FOLLOWER,44.5,8.3,77.6,79.3,1.7,69.3,BREAKOUT_NOW
IGV,36,0.42,MANH,"Manhattan Associates, Inc.",Comp Sftwr - Enterprise,Technology Services,EMERGING,3,73.3,82.5,59.6,12,LEADER,79.5,64.3,95.3,86.2,-9.1,30.9,NONE
IGV,37,0.4,DOCU,"DocuSign, Inc.",Comp Sftwr - Enterprise,Technology Services,EMERGING,3,73.3,82.5,59.6,39,FOLLOWER,54.4,24.7,81.8,87.0,5.2,57.1,NONE
IGV,38,0.29,ESTC,Elastic NV,Computer Sftwr-Database,Technology Services,EMERGING,4,75.1,81.9,65.0,2,LEADER,91.5,78.6,96.0,98.8,2.8,17.5,BREAKOUT_NOW
IGV,39,0.28,IDCC,"InterDigital, Inc.",Elec-Misc Products,Electronic Technology,LOSING,136,39.3,42.4,34.5,3,FOLLOWER,58.8,24.9,90.8,76.9,-13.9,65.9,NONE
IGV,40,0.25,HUT,Hut 8 Corp.,Finance - Crypto/Blockchain,Technology Services,LOSING,60,49.4,64.7,26.6,8,FOLLOWER,36.1,94.2,4.7,1.6,-3.1,-89.5,NONE
IGV,41,0.25,PATH,"UiPath, Inc. Class A",Comp Sftwr - Enterprise,Technology Services,EMERGING,3,73.3,82.5,59.6,8,LEADER,83.1,71.5,96.2,98.1,2.0,24.7,BREAKOUT_WATCH
IGV,42,0.24,PCOR,Procore Technologies Inc,Comp Sftwr - Specialty Enterprise,Technology Services,EMERGING,18,57.9,72.8,35.6,8,FOLLOWER,52.0,17.4,88.0,87.5,-0.5,70.7,BREAKOUT_WATCH
IGV,43,0.23,AUR,"Aurora Innovation, Inc. Class A",Auto/Truck Equipment Parts & Tires,Producer Manufacturing,LOSING,104,40.4,51.2,24.2,10,FOLLOWER,37.5,81.2,11.4,17.8,6.4,-69.8,NONE
IGV,44,0.23,S,"SentinelOne, Inc. Class A",Computer Sftwr-Security,Technology Services,MATURE,26,60.6,60.1,61.2,8,LEADER,78.9,70.9,88.9,86.4,-2.5,18.0,NONE
IGV,45,0.22,DSGX,Descartes Systems Group Inc.,Comp Sftwr - Specialty Enterprise,Technology Services,EMERGING,18,57.9,72.8,35.6,9,FOLLOWER,51.6,30.9,65.5,75.6,10.1,34.6,BREAKOUT_RECENT
IGV,46,0.21,QLYS,"Qualys, Inc.",Computer Sftwr-Security,Technology Services,MATURE,26,60.6,60.1,61.2,6,LEADER,81.4,69.9,98.2,94.9,-3.3,28.3,NONE
IGV,47,0.21,GTLB,"Gitlab, Inc. Class A",Computer-Tech Services,Technology Services,LOSING,32,63.8,77.6,43.1,7,FOLLOWER,70.2,44.6,94.5,95.2,0.8,49.8,BREAKOUT_RECENT
IGV,48,0.2,ZETA,Zeta Global Holdings Corp. Class A,Computer Sftwr-Database,Technology Services,EMERGING,4,75.1,81.9,65.0,1,PIONEER,93.1,89.1,90.9,97.7,6.8,1.8,BREAKOUT_RECENT
IGV,49,0.2,QBTS,D-Wave Quantum Inc.,Comp Sftwr - Enterprise,Technology Services,EMERGING,3,73.3,82.5,59.6,66,FOLLOWER,11.5,10.7,2.8,20.7,18.0,-8.0,NONE
IGV,50,0.2,WULF,TeraWulf Inc.,Financial Svcs-Specialty,Finance,LOSING,90,54.1,57.2,49.4,35,FOLLOWER,20.7,46.4,3.6,7.1,3.5,-42.8,NONE
IGV,51,0.19,RIOT,"Riot Platforms, Inc.",Finance - Crypto/Blockchain,Technology Services,LOSING,60,49.4,64.7,26.6,11,FOLLOWER,29.3,69.9,6.9,6.7,-0.2,-63.0,NONE
IGV,52,0.19,OTEX,Open Text Corporation,Computer Sftwr-Database,Technology Services,EMERGING,4,75.1,81.9,65.0,12,FOLLOWER,30.9,11.5,56.4,38.2,-18.2,44.9,NONE
IGV,53,0.19,TTAN,"ServiceTitan, Inc. Class A",Comp Sftwr - Specialty Enterprise,Technology Services,EMERGING,18,57.9,72.8,35.6,2,FOLLOWER,67.9,48.0,92.6,92.0,-0.7,44.7,BREAKOUT_WATCH
IGV,54,0.19,SNAP,"Snap, Inc. Class A",Internet-Content,Technology Services,LOSING,65,49.5,64.2,27.5,17,FOLLOWER,31.1,8.8,28.5,85.0,56.5,19.7,NONE
IGV,55,0.18,APPF,AppFolio Inc Class A,Comp Sftwr - Specialty Enterprise,Technology Services,EMERGING,18,57.9,72.8,35.6,4,FOLLOWER,63.4,34.9,94.7,95.3,0.6,59.8,BREAKOUT_RECENT
IGV,56,0.18,CVLT,"Commvault Systems, Inc.",Computer Sftwr-Database,Technology Services,EMERGING,4,75.1,81.9,65.0,10,FOLLOWER,59.3,46.3,72.5,86.5,13.9,26.2,NONE
IGV,57,0.18,BSY,"Bentley Systems, Incorporated Class B",Computer Sftwr-Design,Technology Services,LOSING,45,61.0,69.1,49.0,5,FOLLOWER,45.5,21.6,72.1,67.3,-4.8,50.5,NONE
IGV,58,0.17,ACIW,"ACI Worldwide, Inc.",Comp Sftwr - Financial,Technology Services,EMERGING,11,64.0,75.2,47.3,9,FOLLOWER,57.9,51.5,83.3,17.6,-65.7,31.8,NONE
IGV,59,0.17,DBX,"Dropbox, Inc. Class A",Computer Sftwr-Database,Technology Services,EMERGING,4,75.1,81.9,65.0,5,FOLLOWER,74.4,58.0,90.4,78.5,-12.0,32.5,NONE
IGV,60,0.17,CORZ,Core Scientific Inc,Finance - Crypto/Blockchain,Technology Services,LOSING,60,49.4,64.7,26.6,19,FOLLOWER,18.2,40.9,4.1,2.4,-1.8,-36.8,NONE
IGV,61,0.16,RNG,"RingCentral, Inc. Class A",Comp Sftwr - Enterprise,Technology Services,EMERGING,3,73.3,82.5,59.6,1,LEADER,93.5,97.2,97.2,94.2,-3.0,0.0,BREAKOUT_WATCH
IGV,62,0.16,VRNS,"Varonis Systems, Inc.",Computer Sftwr-Database,Technology Services,EMERGING,4,75.1,81.9,65.0,7,FOLLOWER,70.0,73.0,88.0,75.8,-12.1,15.0,NONE
IGV,63,0.16,CRCL,"Circle Internet Group, Inc. Class A",Financial Svcs-Specialty,Finance,LOSING,90,54.1,57.2,49.4,23,FOLLOWER,46.8,62.4,9.8,96.0,86.2,-52.6,NONE
IGV,64,0.15,BOX,"Box, Inc. Class A",Computer Sftwr-Database,Technology Services,EMERGING,4,75.1,81.9,65.0,4,LEADER,77.8,54.7,88.8,80.2,-8.5,34.1,BREAKOUT_RECENT
IGV,65,0.15,CIFR,Cipher Digital Inc.,Finance - Crypto/Blockchain,Technology Services,LOSING,60,49.4,64.7,26.6,28,FOLLOWER,9.8,17.6,5.0,0.9,-4.1,-12.6,NONE
IGV,66,0.14,BILL,"BILL Holdings, Inc.",Comp Sftwr - Financial,Technology Services,EMERGING,11,64.0,75.2,47.3,3,FOLLOWER,69.4,34.1,91.8,77.7,-14.1,57.7,NONE
IGV,67,0.14,BB,BlackBerry Limited,Computer Sftwr-Security,Technology Services,MATURE,26,60.6,60.1,61.2,18,FOLLOWER,49.6,94.8,22.1,27.8,5.8,-72.7,NONE
IGV,68,0.13,WK,Workiva Inc. Class A,Computer Sftwr-Database,Technology Services,EMERGING,4,75.1,81.9,65.0,8,FOLLOWER,61.5,16.4,96.9,95.8,-1.0,80.4,BREAKOUT_RECENT
IGV,69,0.13,TENB,"Tenable Holdings, Inc.",Computer Sftwr-Security,Technology Services,MATURE,26,60.6,60.1,61.2,3,LEADER,85.1,77.5,90.9,85.0,-6.0,13.4,NONE
IGV,70,0.13,QTWO,"Q2 Holdings, Inc.",Comp Sftwr - Financial,Technology Services,EMERGING,11,64.0,75.2,47.3,10,FOLLOWER,53.8,20.3,92.3,76.5,-15.9,72.0,NONE
IGV,71,0.13,MARA,"MARA Holdings, Inc.",Finance - Crypto/Blockchain,Technology Services,LOSING,60,49.4,64.7,26.6,23,FOLLOWER,16.2,26.2,8.5,11.9,3.4,-17.7,NONE
IGV,72,0.13,CCC,CCC Intelligent Solutions Holdings Inc,Comp Sftwr - Specialty Enterprise,Technology Services,EMERGING,18,57.9,72.8,35.6,5,FOLLOWER,62.8,37.8,96.9,91.0,-5.9,59.1,NONE
IGV,73,0.13,YOU,"Clear Secure, Inc. Class A",Security/Sfty,Electronic Technology,LOSING,63,51.4,64.4,31.9,13,FOLLOWER,32.7,61.8,10.8,2.7,-8.1,-50.9,NONE
IGV,74,0.12,DLB,"Dolby Laboratories, Inc. Class A",Elec-Misc Products,Electronic Technology,LOSING,136,39.3,42.4,34.5,6,FOLLOWER,53.0,24.0,65.3,88.1,22.9,41.3,NONE
IGV,75,0.11,LIF,"Life360, Inc.",Computer Sftwr-Security,Technology Services,MATURE,26,60.6,60.1,61.2,23,FOLLOWER,23.0,3.6,47.5,3.0,-44.6,43.9,NONE
IGV,76,0.11,BRZE,"Braze, Inc. Class A",Comp Sftwr - Enterprise,Technology Services,EMERGING,3,73.3,82.5,59.6,15,PIONEER,77.9,60.1,91.5,96.5,5.0,31.3,BREAKOUT_RECENT
IGV,77,0.1,PEGA,Pegasystems Inc.,Comp Sftwr - Financial,Technology Services,EMERGING,11,64.0,75.2,47.3,18,FOLLOWER,38.4,7.0,45.6,89.1,43.5,38.5,BREAKOUT_RECENT
IGV,78,0.1,SPSC,"SPS Commerce, Inc.",Comp Sftwr - Specialty Enterprise,Technology Services,EMERGING,18,57.9,72.8,35.6,3,FOLLOWER,63.6,35.5,95.4,93.8,-1.6,60.0,BREAKOUT_WATCH
IGV,79,0.1,AGYS,"Agilysys, Inc.",Computer-Tech Services,Technology Services,LOSING,32,63.8,77.6,43.1,13,FOLLOWER,58.3,24.2,91.9,75.2,-16.8,67.8,NONE
IGV,80,0.1,CLSK,"Cleanspark, Inc.",Finance - Crypto/Blockchain,Technology Services,LOSING,60,49.4,64.7,26.6,24,FOLLOWER,14.8,29.9,4.8,3.8,-1.0,-25.1,NONE
IGV,81,0.09,FRSH,"Freshworks, Inc. Class A",Comp Sftwr - Enterprise,Technology Services,EMERGING,3,73.3,82.5,59.6,16,LEADER,76.5,48.8,93.9,90.7,-3.1,45.1,BREAKOUT_RECENT
IGV,82,0.09,ALRM,"Alarm.com Holdings, Inc.",Security/Sfty,Electronic Technology,LOSING,63,51.4,64.4,31.9,4,FOLLOWER,68.2,45.6,87.2,67.4,-19.8,41.6,BREAKOUT_WATCH
IGV,83,0.09,SOUN,"SoundHound AI, Inc Class A",Computer-Tech Services,Technology Services,LOSING,32,63.8,77.6,43.1,43,FOLLOWER,24.9,4.7,11.2,85.1,73.9,6.4,NONE
IGV,84,0.09,KVYO,"Klaviyo, Inc. Class A",Comp Sftwr - Enterprise,Technology Services,EMERGING,3,73.3,82.5,59.6,46,FOLLOWER,47.2,8.7,87.0,75.6,-11.4,78.4,BREAKOUT_NOW
IGV,85,0.09,ADEA,Adeia Inc.,Internet-Content,Technology Services,LOSING,65,49.5,64.2,27.5,8,FOLLOWER,55.4,95.4,31.4,53.2,21.8,-64.0,NONE
IGV,86,0.09,TDC,Teradata Corporation,Computer Sftwr-Database,Technology Services,EMERGING,4,75.1,81.9,65.0,14,FOLLOWER,22.9,32.9,15.3,19.8,4.5,-17.6,NONE
IGV,87,0.08,FIVN,"Five9, Inc.",Comp Sftwr - Enterprise,Technology Services,EMERGING,3,73.3,82.5,59.6,5,LEADER,87.6,90.3,93.1,90.8,-2.3,2.8,NONE
IGV,88,0.08,RAMP,"LiveRamp Holdings, Inc.",Computer-Tech Services,Technology Services,LOSING,32,63.8,77.6,43.1,17,FOLLOWER,54.5,65.6,40.0,42.5,2.4,-25.6,BREAKOUT_WATCH
IGV,89,0.07,INTA,"Intapp, Inc.",Comp Sftwr - Financial,Technology Services,EMERGING,11,64.0,75.2,47.3,2,FOLLOWER,73.7,38.2,99.0,95.9,-3.0,60.7,BREAKOUT_WATCH
IGV,90,0.07,NCNO,nCino Inc,Comp Sftwr - Financial,Technology Services,EMERGING,11,64.0,75.2,47.3,6,FOLLOWER,59.7,23.9,93.9,92.1,-1.8,70.0,NONE
IGV,91,0.06,AVPT,"AvePoint, Inc. Class A",Computer Sftwr-Database,Technology Services,EMERGING,4,75.1,81.9,65.0,9,FOLLOWER,60.6,44.0,87.7,74.7,-13.0,43.8,NONE
IGV,92,0.06,PRGS,Progress Software Corporation,Comp Sftwr - Enterprise,Technology Services,EMERGING,3,73.3,82.5,59.6,25,FOLLOWER,68.5,42.9,92.0,78.0,-14.0,49.2,NONE
IGV,93,0.06,ATEN,"A10 Networks, Inc.",Internet-Network Sltns,Technology Services,LOSING,140,34.7,41.2,24.9,4,FOLLOWER,36.6,82.8,16.3,6.9,-9.4,-66.4,NONE
IGV,94,0.05,BLKB,"Blackbaud, Inc.",Comp Sftwr - Specialty Enterprise,Technology Services,EMERGING,18,57.9,72.8,35.6,7,FOLLOWER,55.3,17.3,96.7,89.5,-7.2,79.5,BREAKOUT_WATCH
IGV,95,0.05,APPN,Appian Corporation Class A,Comp Sftwr - Enterprise,Technology Services,EMERGING,3,73.3,82.5,59.6,22,FOLLOWER,70.8,32.6,98.7,99.0,0.3,66.1,BREAKOUT_RECENT
IGV,96,0.05,ALKT,Alkami Technology Inc,Comp Sftwr - Financial,Technology Services,EMERGING,11,64.0,75.2,47.3,12,FOLLOWER,48.6,24.4,66.2,81.9,15.7,41.8,NONE
IGV,97,0.05,BL,"BlackLine, Inc.",Comp Sftwr - Financial,Technology Services,EMERGING,11,64.0,75.2,47.3,15,FOLLOWER,40.6,4.1,67.5,71.1,3.6,63.4,NONE
IGV,98,0.04,NN,NextNav Inc.,Consumer Prod-Electronic,Consumer Durables,LOSING,141,39.0,40.5,36.7,2,FOLLOWER,38.1,47.4,8.6,83.2,74.7,-38.8,NONE
IGV,99,0.04,AI,"C3.ai, Inc. Class A",Comp Sftwr - Enterprise,Technology Services,EMERGING,3,73.3,82.5,59.6,57,FOLLOWER,35.1,10.4,33.9,85.5,51.6,23.5,NONE
IGV,100,0.04,LSPD,Lightspeed Commerce Inc,Comp Sftwr - Enterprise,Technology Services,EMERGING,3,73.3,82.5,59.6,47,FOLLOWER,45.3,25.9,62.5,75.5,13.1,36.5,NONE
IGV,101,0.04,VYX,NCR Voyix Corporation,Computer-Tech Services,Technology Services,LOSING,32,63.8,77.6,43.1,20,FOLLOWER,48.6,17.9,82.0,71.2,-10.8,64.2,NONE
IGV,102,0.03,PD,"PagerDuty, Inc.",Comp Sftwr - Enterprise,Technology Services,EMERGING,3,73.3,82.5,59.6,32,FOLLOWER,60.3,21.8,92.8,95.4,2.6,71.0,NONE
IGV,103,0.03,VERX,"Vertex, Inc. Class A",Comp Sftwr - Financial,Technology Services,EMERGING,11,64.0,75.2,47.3,16,FOLLOWER,39.9,9.2,56.5,81.0,24.4,47.3,BREAKOUT_WATCH
IGV,104,0.03,ASAN,"Asana, Inc. Class A",Comp Sftwr - Enterprise,Technology Services,EMERGING,3,73.3,82.5,59.6,40,FOLLOWER,54.0,14.4,90.2,93.5,3.4,75.7,NONE
IGV,105,0.03,CXM,"Sprinklr, Inc. Class A",Comp Sftwr - Enterprise,Technology Services,EMERGING,3,73.3,82.5,59.6,18,FOLLOWER,75.1,49.6,94.9,94.8,-0.1,45.2,BREAKOUT_RECENT
IGV,106,0.02,AIP,"Arteris, Inc.",Elec-Semicondctor Fablss,Electronic Technology,LOSING,46,51.6,69.0,25.5,21,FOLLOWER,33.7,86.4,4.1,2.1,-2.0,-82.3,NONE
