sector_etf,provider_symbol,symbol,weight_pct,name,as_of,shares,market_value,source_url,provider,quality
CIBR,CRWD,CRWD,9.63,"CrowdStrike Holdings, Inc. Class A",2024-11-21T00:00:00.000Z,1943300.0,694826915.0,https://api-prod.etf.com/private/fund/CIBR/holdings?type=securities&formatValues=true,ETFCOM,ETFCOM_VALIDATED_CURRENT_MEMBERSHIP
CIBR,CSCO,CSCO,8.51,"Cisco Systems, Inc.",2024-11-21T00:00:00.000Z,10661605.0,613681983.8,https://api-prod.etf.com/private/fund/CIBR/holdings?type=securities&formatValues=true,ETFCOM,ETFCOM_VALIDATED_CURRENT_MEMBERSHIP
CIBR,PANW,PANW,8.19,"Palo Alto Networks, Inc.",2024-11-21T00:00:00.000Z,1485543.0,590800451.1,https://api-prod.etf.com/private/fund/CIBR/holdings?type=securities&formatValues=true,ETFCOM,ETFCOM_VALIDATED_CURRENT_MEMBERSHIP
CIBR,AVGO,AVGO,7.52,Broadcom Inc.,2024-11-21T00:00:00.000Z,3309400.0,542543036.0,https://api-prod.etf.com/private/fund/CIBR/holdings?type=securities&formatValues=true,ETFCOM,ETFCOM_VALIDATED_CURRENT_MEMBERSHIP
CIBR,INFY,INFY,7.05,Infosys Limited Sponsored ADR,2024-11-21T00:00:00.000Z,23145946.0,508284974.16,https://api-prod.etf.com/private/fund/CIBR/holdings?type=securities&formatValues=true,ETFCOM,ETFCOM_VALIDATED_CURRENT_MEMBERSHIP
CIBR,NET,NET,4.74,Cloudflare Inc Class A,2024-11-21T00:00:00.000Z,3279991.0,341906261.84,https://api-prod.etf.com/private/fund/CIBR/holdings?type=securities&formatValues=true,ETFCOM,ETFCOM_VALIDATED_CURRENT_MEMBERSHIP
CIBR,FTNT,FTNT,4.58,"Fortinet, Inc.",2024-11-21T00:00:00.000Z,3512177.0,330214881.54,https://api-prod.etf.com/private/fund/CIBR/holdings?type=securities&formatValues=true,ETFCOM,ETFCOM_VALIDATED_CURRENT_MEMBERSHIP
CIBR,GEN,GEN,3.94,Gen Digital Inc.,2024-11-21T00:00:00.000Z,9544759.0,284529265.79,https://api-prod.etf.com/private/fund/CIBR/holdings?type=securities&formatValues=true,ETFCOM,ETFCOM_VALIDATED_CURRENT_MEMBERSHIP
CIBR,LDOS,LDOS,3.88,"Leidos Holdings, Inc.",2024-11-21T00:00:00.000Z,1699639.0,279913546.91,https://api-prod.etf.com/private/fund/CIBR/holdings?type=securities&formatValues=true,ETFCOM,ETFCOM_VALIDATED_CURRENT_MEMBERSHIP
CIBR,ZS,ZS,3.87,"Zscaler, Inc.",2024-11-21T00:00:00.000Z,1347230.0,279280779.0,https://api-prod.etf.com/private/fund/CIBR/holdings?type=securities&formatValues=true,ETFCOM,ETFCOM_VALIDATED_CURRENT_MEMBERSHIP
CIBR,CHKP,CHKP,3.53,Check Point Software Technologies Ltd.,2024-11-21T00:00:00.000Z,1399578.0,254709200.22,https://api-prod.etf.com/private/fund/CIBR/holdings?type=securities&formatValues=true,ETFCOM,ETFCOM_VALIDATED_CURRENT_MEMBERSHIP
CIBR,BAH,BAH,3.53,Booz Allen Hamilton Holding Corporation Class A,2024-11-21T00:00:00.000Z,1696808.0,254317583.04,https://api-prod.etf.com/private/fund/CIBR/holdings?type=securities&formatValues=true,ETFCOM,ETFCOM_VALIDATED_CURRENT_MEMBERSHIP
CIBR,AKAM,AKAM,3.34,"Akamai Technologies, Inc.",2024-11-21T00:00:00.000Z,2645507.0,240952777.56,https://api-prod.etf.com/private/fund/CIBR/holdings?type=securities&formatValues=true,ETFCOM,ETFCOM_VALIDATED_CURRENT_MEMBERSHIP
CIBR,FFIV,FFIV,3.21,"F5, Inc.",2024-11-21T00:00:00.000Z,948985.0,231827545.65,https://api-prod.etf.com/private/fund/CIBR/holdings?type=securities&formatValues=true,ETFCOM,ETFCOM_VALIDATED_CURRENT_MEMBERSHIP
CIBR,OKTA,OKTA,2.77,"Okta, Inc. Class A",2024-11-21T00:00:00.000Z,2644434.0,199522545.3,https://api-prod.etf.com/private/fund/CIBR/holdings?type=securities&formatValues=true,ETFCOM,ETFCOM_VALIDATED_CURRENT_MEMBERSHIP
CIBR,S,S,2.2,"SentinelOne, Inc. Class A",2024-11-21T00:00:00.000Z,5640799.0,158675675.87,https://api-prod.etf.com/private/fund/CIBR/holdings?type=securities&formatValues=true,ETFCOM,ETFCOM_VALIDATED_CURRENT_MEMBERSHIP
CIBR,SAIC,SAIC,1.51,Science Applications International Corp.,2024-11-21T00:00:00.000Z,873474.0,108992085.72,https://api-prod.etf.com/private/fund/CIBR/holdings?type=securities&formatValues=true,ETFCOM,ETFCOM_VALIDATED_CURRENT_MEMBERSHIP
CIBR,VRNS,VRNS,1.39,"Varonis Systems, Inc.",2024-11-21T00:00:00.000Z,2000471.0,100423644.2,https://api-prod.etf.com/private/fund/CIBR/holdings?type=securities&formatValues=true,ETFCOM,ETFCOM_VALIDATED_CURRENT_MEMBERSHIP
CIBR,QLYS,QLYS,1.31,"Qualys, Inc.",2024-11-21T00:00:00.000Z,627900.0,94298022.0,https://api-prod.etf.com/private/fund/CIBR/holdings?type=securities&formatValues=true,ETFCOM,ETFCOM_VALIDATED_CURRENT_MEMBERSHIP
CIBR,TENB,TENB,1.11,"Tenable Holdings, Inc.",2024-11-21T00:00:00.000Z,1916278.0,80196234.29999998,https://api-prod.etf.com/private/fund/CIBR/holdings?type=securities&formatValues=true,ETFCOM,ETFCOM_VALIDATED_CURRENT_MEMBERSHIP
CIBR,RBRK,RBRK,0.69,"Rubrik, Inc. Class A",2024-11-21T00:00:00.000Z,1012540.0,49735964.8,https://api-prod.etf.com/private/fund/CIBR/holdings?type=securities&formatValues=true,ETFCOM,ETFCOM_VALIDATED_CURRENT_MEMBERSHIP
CIBR,RPD,RPD,0.61,Rapid7 Inc.,2024-11-21T00:00:00.000Z,1033596.0,43865814.24,https://api-prod.etf.com/private/fund/CIBR/holdings?type=securities&formatValues=true,ETFCOM,ETFCOM_VALIDATED_CURRENT_MEMBERSHIP
CIBR,NTCT,NTCT,0.35,"NetScout Systems, Inc.",2024-11-21T00:00:00.000Z,1175019.0,25333409.64,https://api-prod.etf.com/private/fund/CIBR/holdings?type=securities&formatValues=true,ETFCOM,ETFCOM_VALIDATED_CURRENT_MEMBERSHIP
CIBR,ATEN,ATEN,0.28,"A10 Networks, Inc.",2024-11-21T00:00:00.000Z,1225600.0,20295936.0,https://api-prod.etf.com/private/fund/CIBR/holdings?type=securities&formatValues=true,ETFCOM,ETFCOM_VALIDATED_CURRENT_MEMBERSHIP
CIBR,OSPN,OSPN,0.26,OneSpan Inc.,2024-11-21T00:00:00.000Z,1046927.0,18499200.09,https://api-prod.etf.com/private/fund/CIBR/holdings?type=securities&formatValues=true,ETFCOM,ETFCOM_VALIDATED_CURRENT_MEMBERSHIP
IGV,CRM,CRM,9.4,"Salesforce, Inc.",2024-11-21T00:00:00.000Z,2638836.0,886068352.08,https://api-prod.etf.com/private/fund/IGV/holdings?type=securities&formatValues=true,ETFCOM,ETFCOM_VALIDATED_CURRENT_MEMBERSHIP
IGV,ORCL,ORCL,8.46,Oracle Corporation,2024-11-21T00:00:00.000Z,4143054.0,797247881.22,https://api-prod.etf.com/private/fund/IGV/holdings?type=securities&formatValues=true,ETFCOM,ETFCOM_VALIDATED_CURRENT_MEMBERSHIP
IGV,NOW,NOW,7.08,"ServiceNow, Inc.",2024-11-21T00:00:00.000Z,637015.0,666986555.75,https://api-prod.etf.com/private/fund/IGV/holdings?type=securities&formatValues=true,ETFCOM,ETFCOM_VALIDATED_CURRENT_MEMBERSHIP
IGV,MSFT,MSFT,6.86,Microsoft Corporation,2024-11-21T00:00:00.000Z,1565800.0,646471846.0,https://api-prod.etf.com/private/fund/IGV/holdings?type=securities&formatValues=true,ETFCOM,ETFCOM_VALIDATED_CURRENT_MEMBERSHIP
IGV,ADBE,ADBE,6.1,Adobe Inc.,2024-11-21T00:00:00.000Z,1139833.0,574977358.52,https://api-prod.etf.com/private/fund/IGV/holdings?type=securities&formatValues=true,ETFCOM,ETFCOM_VALIDATED_CURRENT_MEMBERSHIP
IGV,PANW,PANW,4.33,"Palo Alto Networks, Inc.",2024-11-21T00:00:00.000Z,1025375.0,407791637.5,https://api-prod.etf.com/private/fund/IGV/holdings?type=securities&formatValues=true,ETFCOM,ETFCOM_VALIDATED_CURRENT_MEMBERSHIP
IGV,PLTR,PLTR,4.27,Palantir Technologies Inc. Class A,2024-11-21T00:00:00.000Z,6555909.0,402270576.24,https://api-prod.etf.com/private/fund/IGV/holdings?type=securities&formatValues=true,ETFCOM,ETFCOM_VALIDATED_CURRENT_MEMBERSHIP
IGV,INTU,INTU,3.94,Intuit Inc.,2024-11-21T00:00:00.000Z,547732.0,371745708.4,https://api-prod.etf.com/private/fund/IGV/holdings?type=securities&formatValues=true,ETFCOM,ETFCOM_VALIDATED_CURRENT_MEMBERSHIP
IGV,SNPS,SNPS,2.95,"Synopsys, Inc.",2024-11-21T00:00:00.000Z,498654.0,278219012.76,https://api-prod.etf.com/private/fund/IGV/holdings?type=securities&formatValues=true,ETFCOM,ETFCOM_VALIDATED_CURRENT_MEMBERSHIP
IGV,CDNS,CDNS,2.9,"Cadence Design Systems, Inc.",2024-11-21T00:00:00.000Z,891386.0,273218722.86,https://api-prod.etf.com/private/fund/IGV/holdings?type=securities&formatValues=true,ETFCOM,ETFCOM_VALIDATED_CURRENT_MEMBERSHIP
IGV,CRWD,CRWD,2.85,"CrowdStrike Holdings, Inc. Class A",2024-11-21T00:00:00.000Z,751743.0,268785709.65,https://api-prod.etf.com/private/fund/IGV/holdings?type=securities&formatValues=true,ETFCOM,ETFCOM_VALIDATED_CURRENT_MEMBERSHIP
IGV,MSTR,MSTR,2.4,MicroStrategy Incorporated Class A,2024-11-21T00:00:00.000Z,568616.0,225899764.48,https://api-prod.etf.com/private/fund/IGV/holdings?type=securities&formatValues=true,ETFCOM,ETFCOM_VALIDATED_CURRENT_MEMBERSHIP
IGV,APP,APP,2.35,AppLovin Corp. Class A,2024-11-21T00:00:00.000Z,696319.0,221596558.56,https://api-prod.etf.com/private/fund/IGV/holdings?type=securities&formatValues=true,ETFCOM,ETFCOM_VALIDATED_CURRENT_MEMBERSHIP
IGV,ADSK,ADSK,2.35,"Autodesk, Inc.",2024-11-21T00:00:00.000Z,701459.0,221247183.19,https://api-prod.etf.com/private/fund/IGV/holdings?type=securities&formatValues=true,ETFCOM,ETFCOM_VALIDATED_CURRENT_MEMBERSHIP
IGV,FTNT,FTNT,2.06,"Fortinet, Inc.",2024-11-21T00:00:00.000Z,2066919.0,194331724.38,https://api-prod.etf.com/private/fund/IGV/holdings?type=securities&formatValues=true,ETFCOM,ETFCOM_VALIDATED_CURRENT_MEMBERSHIP
IGV,ROP,ROP,2.05,"Roper Technologies, Inc.",2024-11-21T00:00:00.000Z,348882.0,193371337.32,https://api-prod.etf.com/private/fund/IGV/holdings?type=securities&formatValues=true,ETFCOM,ETFCOM_VALIDATED_CURRENT_MEMBERSHIP
IGV,FICO,FICO,1.98,Fair Isaac Corporation,2024-11-21T00:00:00.000Z,79765.0,186477009.95,https://api-prod.etf.com/private/fund/IGV/holdings?type=securities&formatValues=true,ETFCOM,ETFCOM_VALIDATED_CURRENT_MEMBERSHIP
IGV,WDAY,WDAY,1.97,"Workday, Inc. Class A",2024-11-21T00:00:00.000Z,691380.0,185338236.6,https://api-prod.etf.com/private/fund/IGV/holdings?type=securities&formatValues=true,ETFCOM,ETFCOM_VALIDATED_CURRENT_MEMBERSHIP
IGV,DDOG,DDOG,1.55,Datadog Inc Class A,2024-11-21T00:00:00.000Z,1012716.0,145689323.76,https://api-prod.etf.com/private/fund/IGV/holdings?type=securities&formatValues=true,ETFCOM,ETFCOM_VALIDATED_CURRENT_MEMBERSHIP
IGV,TEAM,TEAM,1.4,Atlassian Corp Class A,2024-11-21T00:00:00.000Z,518452.0,131671254.44,https://api-prod.etf.com/private/fund/IGV/holdings?type=securities&formatValues=true,ETFCOM,ETFCOM_VALIDATED_CURRENT_MEMBERSHIP
IGV,EA,EA,1.4,Electronic Arts Inc.,2024-11-21T00:00:00.000Z,782721.0,131473646.37,https://api-prod.etf.com/private/fund/IGV/holdings?type=securities&formatValues=true,ETFCOM,ETFCOM_VALIDATED_CURRENT_MEMBERSHIP
IGV,HUBS,HUBS,1.28,"HubSpot, Inc.",2024-11-21T00:00:00.000Z,167242.0,120414240.0,https://api-prod.etf.com/private/fund/IGV/holdings?type=securities&formatValues=true,ETFCOM,ETFCOM_VALIDATED_CURRENT_MEMBERSHIP
IGV,ANSS,ANSS,1.05,"ANSYS, Inc.",2024-11-21T00:00:00.000Z,284555.0,99292621.7,https://api-prod.etf.com/private/fund/IGV/holdings?type=securities&formatValues=true,ETFCOM,ETFCOM_VALIDATED_CURRENT_MEMBERSHIP
IGV,TTWO,TTWO,1.05,"Take-Two Interactive Software, Inc.",2024-11-21T00:00:00.000Z,530647.0,99008117.26,https://api-prod.etf.com/private/fund/IGV/holdings?type=securities&formatValues=true,ETFCOM,ETFCOM_VALIDATED_CURRENT_MEMBERSHIP
IGV,TYL,TYL,0.88,"Tyler Technologies, Inc.",2024-11-21T00:00:00.000Z,138928.0,82969190.87999998,https://api-prod.etf.com/private/fund/IGV/holdings?type=securities&formatValues=true,ETFCOM,ETFCOM_VALIDATED_CURRENT_MEMBERSHIP
IGV,PTC,PTC,0.8,PTC Inc.,2024-11-21T00:00:00.000Z,391228.0,75409197.0,https://api-prod.etf.com/private/fund/IGV/holdings?type=securities&formatValues=true,ETFCOM,ETFCOM_VALIDATED_CURRENT_MEMBERSHIP
IGV,ZM,ZM,0.74,"Zoom Video Communications, Inc. Class A",2024-11-21T00:00:00.000Z,858587.0,69717264.4,https://api-prod.etf.com/private/fund/IGV/holdings?type=securities&formatValues=true,ETFCOM,ETFCOM_VALIDATED_CURRENT_MEMBERSHIP
IGV,ZS,ZS,0.67,"Zscaler, Inc.",2024-11-21T00:00:00.000Z,305163.0,63260289.9,https://api-prod.etf.com/private/fund/IGV/holdings?type=securities&formatValues=true,ETFCOM,ETFCOM_VALIDATED_CURRENT_MEMBERSHIP
IGV,NTNX,NTNX,0.6,"Nutanix, Inc. Class A",2024-11-21T00:00:00.000Z,798508.0,56646157.52,https://api-prod.etf.com/private/fund/IGV/holdings?type=securities&formatValues=true,ETFCOM,ETFCOM_VALIDATED_CURRENT_MEMBERSHIP
IGV,MANH,MANH,0.58,"Manhattan Associates, Inc.",2024-11-21T00:00:00.000Z,199613.0,54272778.57,https://api-prod.etf.com/private/fund/IGV/holdings?type=securities&formatValues=true,ETFCOM,ETFCOM_VALIDATED_CURRENT_MEMBERSHIP
IGV,GWRE,GWRE,0.57,"Guidewire Software, Inc.",2024-11-21T00:00:00.000Z,269249.0,53812105.14,https://api-prod.etf.com/private/fund/IGV/holdings?type=securities&formatValues=true,ETFCOM,ETFCOM_VALIDATED_CURRENT_MEMBERSHIP
IGV,DOCU,DOCU,0.57,"DocuSign, Inc.",2024-11-21T00:00:00.000Z,667103.0,53468305.45,https://api-prod.etf.com/private/fund/IGV/holdings?type=securities&formatValues=true,ETFCOM,ETFCOM_VALIDATED_CURRENT_MEMBERSHIP
IGV,GEN,GEN,0.56,Gen Digital Inc.,2024-11-21T00:00:00.000Z,1764896.0,52611549.76,https://api-prod.etf.com/private/fund/IGV/holdings?type=securities&formatValues=true,ETFCOM,ETFCOM_VALIDATED_CURRENT_MEMBERSHIP
IGV,DT,DT,0.54,"Dynatrace, Inc.",2024-11-21T00:00:00.000Z,969944.0,50892961.68,https://api-prod.etf.com/private/fund/IGV/holdings?type=securities&formatValues=true,ETFCOM,ETFCOM_VALIDATED_CURRENT_MEMBERSHIP
IGV,IOT,IOT,0.39,"Samsara, Inc. Class A",2024-11-21T00:00:00.000Z,665666.0,36531750.08,https://api-prod.etf.com/private/fund/IGV/holdings?type=securities&formatValues=true,ETFCOM,ETFCOM_VALIDATED_CURRENT_MEMBERSHIP
IGV,SNAP,SNAP,0.39,"Snap, Inc. Class A",2024-11-21T00:00:00.000Z,3427794.0,36437450.22,https://api-prod.etf.com/private/fund/IGV/holdings?type=securities&formatValues=true,ETFCOM,ETFCOM_VALIDATED_CURRENT_MEMBERSHIP
IGV,BILL,BILL,0.3,"BILL Holdings, Inc.",2024-11-21T00:00:00.000Z,317570.0,28574948.6,https://api-prod.etf.com/private/fund/IGV/holdings?type=securities&formatValues=true,ETFCOM,ETFCOM_VALIDATED_CURRENT_MEMBERSHIP
IGV,S,S,0.28,"SentinelOne, Inc. Class A",2024-11-21T00:00:00.000Z,935709.0,26321494.17,https://api-prod.etf.com/private/fund/IGV/holdings?type=securities&formatValues=true,ETFCOM,ETFCOM_VALIDATED_CURRENT_MEMBERSHIP
IGV,ESTC,ESTC,0.28,Elastic NV,2024-11-21T00:00:00.000Z,279027.0,26264811.51,https://api-prod.etf.com/private/fund/IGV/holdings?type=securities&formatValues=true,ETFCOM,ETFCOM_VALIDATED_CURRENT_MEMBERSHIP
IGV,PCOR,PCOR,0.28,Procore Technologies Inc,2024-11-21T00:00:00.000Z,346912.0,26098189.76,https://api-prod.etf.com/private/fund/IGV/holdings?type=securities&formatValues=true,ETFCOM,ETFCOM_VALIDATED_CURRENT_MEMBERSHIP
IGV,SMAR,SMAR,0.27,"Smartsheet, Inc. Class A",2024-11-21T00:00:00.000Z,449852.0,25133231.24,https://api-prod.etf.com/private/fund/IGV/holdings?type=securities&formatValues=true,ETFCOM,ETFCOM_VALIDATED_CURRENT_MEMBERSHIP
IGV,CFLT,CFLT,0.26,Confluent Inc Class A,2024-11-21T00:00:00.000Z,813329.0,24896000.69,https://api-prod.etf.com/private/fund/IGV/holdings?type=securities&formatValues=true,ETFCOM,ETFCOM_VALIDATED_CURRENT_MEMBERSHIP
IGV,GTLB,GTLB,0.26,"Gitlab, Inc. Class A",2024-11-21T00:00:00.000Z,376970.0,24427656.0,https://api-prod.etf.com/private/fund/IGV/holdings?type=securities&formatValues=true,ETFCOM,ETFCOM_VALIDATED_CURRENT_MEMBERSHIP
IGV,CVLT,CVLT,0.26,"Commvault Systems, Inc.",2024-11-21T00:00:00.000Z,142217.0,24275019.73,https://api-prod.etf.com/private/fund/IGV/holdings?type=securities&formatValues=true,ETFCOM,ETFCOM_VALIDATED_CURRENT_MEMBERSHIP
IGV,BSY,BSY,0.25,"Bentley Systems, Incorporated Class B",2024-11-21T00:00:00.000Z,501888.0,23980208.64,https://api-prod.etf.com/private/fund/IGV/holdings?type=securities&formatValues=true,ETFCOM,ETFCOM_VALIDATED_CURRENT_MEMBERSHIP
IGV,MARA,MARA,0.25,"MARA Holdings, Inc.",2024-11-21T00:00:00.000Z,961916.0,23259128.88,https://api-prod.etf.com/private/fund/IGV/holdings?type=securities&formatValues=true,ETFCOM,ETFCOM_VALIDATED_CURRENT_MEMBERSHIP
IGV,SPSC,SPSC,0.24,"SPS Commerce, Inc.",2024-11-21T00:00:00.000Z,121062.0,22556271.84,https://api-prod.etf.com/private/fund/IGV/holdings?type=securities&formatValues=true,ETFCOM,ETFCOM_VALIDATED_CURRENT_MEMBERSHIP
IGV,AZPN,AZPN,0.23,"Aspen Technology, Inc.",2024-11-21T00:00:00.000Z,86448.0,21481463.52,https://api-prod.etf.com/private/fund/IGV/holdings?type=securities&formatValues=true,ETFCOM,ETFCOM_VALIDATED_CURRENT_MEMBERSHIP
IGV,DBX,DBX,0.23,"Dropbox, Inc. Class A",2024-11-21T00:00:00.000Z,771771.0,21331750.44,https://api-prod.etf.com/private/fund/IGV/holdings?type=securities&formatValues=true,ETFCOM,ETFCOM_VALIDATED_CURRENT_MEMBERSHIP
IGV,U,U,0.23,"Unity Software, Inc.",2024-11-21T00:00:00.000Z,945664.0,21239613.44,https://api-prod.etf.com/private/fund/IGV/holdings?type=securities&formatValues=true,ETFCOM,ETFCOM_VALIDATED_CURRENT_MEMBERSHIP
IGV,QTWO,QTWO,0.22,"Q2 Holdings, Inc.",2024-11-21T00:00:00.000Z,196140.0,20584893.0,https://api-prod.etf.com/private/fund/IGV/holdings?type=securities&formatValues=true,ETFCOM,ETFCOM_VALIDATED_CURRENT_MEMBERSHIP
IGV,ALTR,ALTR,0.22,Altair Engineering Inc. Class A,2024-11-21T00:00:00.000Z,194192.0,20263935.2,https://api-prod.etf.com/private/fund/IGV/holdings?type=securities&formatValues=true,ETFCOM,ETFCOM_VALIDATED_CURRENT_MEMBERSHIP
IGV,PATH,PATH,0.21,"UiPath, Inc. Class A",2024-11-21T00:00:00.000Z,1457521.0,19938887.28,https://api-prod.etf.com/private/fund/IGV/holdings?type=securities&formatValues=true,ETFCOM,ETFCOM_VALIDATED_CURRENT_MEMBERSHIP
IGV,AUR,AUR,0.2,"Aurora Innovation, Inc. Class A",2024-11-21T00:00:00.000Z,3229789.0,19184946.66,https://api-prod.etf.com/private/fund/IGV/holdings?type=securities&formatValues=true,ETFCOM,ETFCOM_VALIDATED_CURRENT_MEMBERSHIP
IGV,CWAN,CWAN,0.2,"Clearwater Analytics Holdings, Inc. Class A",2024-11-21T00:00:00.000Z,603662.0,19166268.5,https://api-prod.etf.com/private/fund/IGV/holdings?type=securities&formatValues=true,ETFCOM,ETFCOM_VALIDATED_CURRENT_MEMBERSHIP
IGV,ACIW,ACIW,0.2,"ACI Worldwide, Inc.",2024-11-21T00:00:00.000Z,340479.0,18971489.88,https://api-prod.etf.com/private/fund/IGV/holdings?type=securities&formatValues=true,ETFCOM,ETFCOM_VALIDATED_CURRENT_MEMBERSHIP
IGV,VRNS,VRNS,0.2,"Varonis Systems, Inc.",2024-11-21T00:00:00.000Z,366304.0,18388460.8,https://api-prod.etf.com/private/fund/IGV/holdings?type=securities&formatValues=true,ETFCOM,ETFCOM_VALIDATED_CURRENT_MEMBERSHIP
IGV,QLYS,QLYS,0.19,"Qualys, Inc.",2024-11-21T00:00:00.000Z,119646.0,17968436.28,https://api-prod.etf.com/private/fund/IGV/holdings?type=securities&formatValues=true,ETFCOM,ETFCOM_VALIDATED_CURRENT_MEMBERSHIP
IGV,APPF,APPF,0.19,AppFolio Inc Class A,2024-11-21T00:00:00.000Z,75323.0,17831213.79,https://api-prod.etf.com/private/fund/IGV/holdings?type=securities&formatValues=true,ETFCOM,ETFCOM_VALIDATED_CURRENT_MEMBERSHIP
IGV,HCP,HCP,0.18,"HashiCorp, Inc. Class A",2024-11-21T00:00:00.000Z,498192.0,16863799.2,https://api-prod.etf.com/private/fund/IGV/holdings?type=securities&formatValues=true,ETFCOM,ETFCOM_VALIDATED_CURRENT_MEMBERSHIP
IGV,CCCS,CCCS,0.18,CCC Intelligent Solutions Holdings Inc,2024-11-21T00:00:00.000Z,1365101.0,16845346.34,https://api-prod.etf.com/private/fund/IGV/holdings?type=securities&formatValues=true,ETFCOM,ETFCOM_VALIDATED_CURRENT_MEMBERSHIP
IGV,TENB,TENB,0.17,"Tenable Holdings, Inc.",2024-11-21T00:00:00.000Z,387460.0,16215201.0,https://api-prod.etf.com/private/fund/IGV/holdings?type=securities&formatValues=true,ETFCOM,ETFCOM_VALIDATED_CURRENT_MEMBERSHIP
IGV,WK,WK,0.17,Workiva Inc. Class A,2024-11-21T00:00:00.000Z,167208.0,15863022.96,https://api-prod.etf.com/private/fund/IGV/holdings?type=securities&formatValues=true,ETFCOM,ETFCOM_VALIDATED_CURRENT_MEMBERSHIP
IGV,BOX,BOX,0.17,"Box, Inc. Class A",2024-11-21T00:00:00.000Z,473118.0,15854184.18,https://api-prod.etf.com/private/fund/IGV/holdings?type=securities&formatValues=true,ETFCOM,ETFCOM_VALIDATED_CURRENT_MEMBERSHIP
IGV,DLB,DLB,0.17,"Dolby Laboratories, Inc. Class A",2024-11-21T00:00:00.000Z,194197.0,15584309.25,https://api-prod.etf.com/private/fund/IGV/holdings?type=securities&formatValues=true,ETFCOM,ETFCOM_VALIDATED_CURRENT_MEMBERSHIP
IGV,IDCC,IDCC,0.16,"InterDigital, Inc.",2024-11-21T00:00:00.000Z,82655.0,15160580.1,https://api-prod.etf.com/private/fund/IGV/holdings?type=securities&formatValues=true,ETFCOM,ETFCOM_VALIDATED_CURRENT_MEMBERSHIP
IGV,ZETA,ZETA,0.15,Zeta Global Holdings Corp. Class A,2024-11-21T00:00:00.000Z,658272.0,14297667.84,https://api-prod.etf.com/private/fund/IGV/holdings?type=securities&formatValues=true,ETFCOM,ETFCOM_VALIDATED_CURRENT_MEMBERSHIP
IGV,PEGA,PEGA,0.14,Pegasystems Inc.,2024-11-21T00:00:00.000Z,144432.0,12926664.0,https://api-prod.etf.com/private/fund/IGV/holdings?type=securities&formatValues=true,ETFCOM,ETFCOM_VALIDATED_CURRENT_MEMBERSHIP
IGV,AI,AI,0.13,"C3.ai, Inc. Class A",2024-11-21T00:00:00.000Z,358936.0,12559170.64,https://api-prod.etf.com/private/fund/IGV/holdings?type=securities&formatValues=true,ETFCOM,ETFCOM_VALIDATED_CURRENT_MEMBERSHIP
IGV,NCNO,NCNO,0.13,nCino Inc,2024-11-21T00:00:00.000Z,301351.0,12189647.95,https://api-prod.etf.com/private/fund/IGV/holdings?type=securities&formatValues=true,ETFCOM,ETFCOM_VALIDATED_CURRENT_MEMBERSHIP
IGV,BLKB,BLKB,0.12,"Blackbaud, Inc.",2024-11-21T00:00:00.000Z,129838.0,11084270.06,https://api-prod.etf.com/private/fund/IGV/holdings?type=securities&formatValues=true,ETFCOM,ETFCOM_VALIDATED_CURRENT_MEMBERSHIP
IGV,CLSK,CLSK,0.11,"Cleanspark, Inc.",2024-11-21T00:00:00.000Z,815762.0,10576354.33,https://api-prod.etf.com/private/fund/IGV/holdings?type=securities&formatValues=true,ETFCOM,ETFCOM_VALIDATED_CURRENT_MEMBERSHIP
IGV,BL,BL,0.11,"BlackLine, Inc.",2024-11-21T00:00:00.000Z,167834.0,10353679.46,https://api-prod.etf.com/private/fund/IGV/holdings?type=securities&formatValues=true,ETFCOM,ETFCOM_VALIDATED_CURRENT_MEMBERSHIP
IGV,RIOT,RIOT,0.11,"Riot Platforms, Inc.",2024-11-21T00:00:00.000Z,867380.0,10200388.8,https://api-prod.etf.com/private/fund/IGV/holdings?type=securities&formatValues=true,ETFCOM,ETFCOM_VALIDATED_CURRENT_MEMBERSHIP
IGV,ALRM,ALRM,0.1,"Alarm.com Holdings, Inc.",2024-11-21T00:00:00.000Z,160388.0,9748382.64,https://api-prod.etf.com/private/fund/IGV/holdings?type=securities&formatValues=true,ETFCOM,ETFCOM_VALIDATED_CURRENT_MEMBERSHIP
IGV,FRSH,FRSH,0.1,"Freshworks, Inc. Class A",2024-11-21T00:00:00.000Z,586825.0,9706085.5,https://api-prod.etf.com/private/fund/IGV/holdings?type=securities&formatValues=true,ETFCOM,ETFCOM_VALIDATED_CURRENT_MEMBERSHIP
IGV,PRGS,PRGS,0.1,Progress Software Corporation,2024-11-21T00:00:00.000Z,139107.0,9560824.11,https://api-prod.etf.com/private/fund/IGV/holdings?type=securities&formatValues=true,ETFCOM,ETFCOM_VALIDATED_CURRENT_MEMBERSHIP
IGV,AGYS,AGYS,0.1,"Agilysys, Inc.",2024-11-21T00:00:00.000Z,72422.0,9558255.56,https://api-prod.etf.com/private/fund/IGV/holdings?type=securities&formatValues=true,ETFCOM,ETFCOM_VALIDATED_CURRENT_MEMBERSHIP
IGV,TDC,TDC,0.1,Teradata Corporation,2024-11-21T00:00:00.000Z,312515.0,9491080.55,https://api-prod.etf.com/private/fund/IGV/holdings?type=securities&formatValues=true,ETFCOM,ETFCOM_VALIDATED_CURRENT_MEMBERSHIP
IGV,INTA,INTA,0.1,"Intapp, Inc.",2024-11-21T00:00:00.000Z,159997.0,9463822.55,https://api-prod.etf.com/private/fund/IGV/holdings?type=securities&formatValues=true,ETFCOM,ETFCOM_VALIDATED_CURRENT_MEMBERSHIP
IGV,FIVN,FIVN,0.1,"Five9, Inc.",2024-11-21T00:00:00.000Z,243133.0,9350895.18,https://api-prod.etf.com/private/fund/IGV/holdings?type=securities&formatValues=true,ETFCOM,ETFCOM_VALIDATED_CURRENT_MEMBERSHIP
IGV,RNG,RNG,0.1,"RingCentral, Inc. Class A",2024-11-21T00:00:00.000Z,266448.0,9291041.76,https://api-prod.etf.com/private/fund/IGV/holdings?type=securities&formatValues=true,ETFCOM,ETFCOM_VALIDATED_CURRENT_MEMBERSHIP
IGV,DV,DV,0.1,"DoubleVerify Holdings, Inc.",2024-11-21T00:00:00.000Z,458941.0,9178820.0,https://api-prod.etf.com/private/fund/IGV/holdings?type=securities&formatValues=true,ETFCOM,ETFCOM_VALIDATED_CURRENT_MEMBERSHIP
IGV,VERX,VERX,0.1,"Vertex, Inc. Class A",2024-11-21T00:00:00.000Z,167889.0,8971988.16,https://api-prod.etf.com/private/fund/IGV/holdings?type=securities&formatValues=true,ETFCOM,ETFCOM_VALIDATED_CURRENT_MEMBERSHIP
IGV,RPD,RPD,0.09,Rapid7 Inc.,2024-11-21T00:00:00.000Z,204013.0,8658311.72,https://api-prod.etf.com/private/fund/IGV/holdings?type=securities&formatValues=true,ETFCOM,ETFCOM_VALIDATED_CURRENT_MEMBERSHIP
IGV,ENV,ENV,0.09,"Envestnet, Inc.",2024-11-21T00:00:00.000Z,131345.0,8286556.05,https://api-prod.etf.com/private/fund/IGV/holdings?type=securities&formatValues=true,ETFCOM,ETFCOM_VALIDATED_CURRENT_MEMBERSHIP
IGV,ALKT,ALKT,0.09,Alkami Technology Inc,2024-11-21T00:00:00.000Z,212481.0,8231513.94,https://api-prod.etf.com/private/fund/IGV/holdings?type=securities&formatValues=true,ETFCOM,ETFCOM_VALIDATED_CURRENT_MEMBERSHIP
IGV,YOU,YOU,0.08,"Clear Secure, Inc. Class A",2024-11-21T00:00:00.000Z,299917.0,7764851.13,https://api-prod.etf.com/private/fund/IGV/holdings?type=securities&formatValues=true,ETFCOM,ETFCOM_VALIDATED_CURRENT_MEMBERSHIP
IGV,BRZE,BRZE,0.08,"Braze, Inc. Class A",2024-11-21T00:00:00.000Z,196473.0,7462044.54,https://api-prod.etf.com/private/fund/IGV/holdings?type=securities&formatValues=true,ETFCOM,ETFCOM_VALIDATED_CURRENT_MEMBERSHIP
IGV,VYX,VYX,0.07,NCR Voyix Corporation,2024-11-21T00:00:00.000Z,472725.0,6882876.0,https://api-prod.etf.com/private/fund/IGV/holdings?type=securities&formatValues=true,ETFCOM,ETFCOM_VALIDATED_CURRENT_MEMBERSHIP
IGV,RAMP,RAMP,0.07,"LiveRamp Holdings, Inc.",2024-11-21T00:00:00.000Z,216629.0,6583355.31,https://api-prod.etf.com/private/fund/IGV/holdings?type=securities&formatValues=true,ETFCOM,ETFCOM_VALIDATED_CURRENT_MEMBERSHIP
IGV,PD,PD,0.07,"PagerDuty, Inc.",2024-11-21T00:00:00.000Z,310859.0,6167442.56,https://api-prod.etf.com/private/fund/IGV/holdings?type=securities&formatValues=true,ETFCOM,ETFCOM_VALIDATED_CURRENT_MEMBERSHIP
IGV,AVPT,AVPT,0.06,"AvePoint, Inc. Class A",2024-11-21T00:00:00.000Z,333926.0,6110845.8,https://api-prod.etf.com/private/fund/IGV/holdings?type=securities&formatValues=true,ETFCOM,ETFCOM_VALIDATED_CURRENT_MEMBERSHIP
IGV,APPN,APPN,0.05,Appian Corporation Class A,2024-11-21T00:00:00.000Z,133804.0,5158144.2,https://api-prod.etf.com/private/fund/IGV/holdings?type=securities&formatValues=true,ETFCOM,ETFCOM_VALIDATED_CURRENT_MEMBERSHIP
IGV,SPT,SPT,0.05,"Sprout Social, Inc. Class A",2024-11-21T00:00:00.000Z,164012.0,4972843.84,https://api-prod.etf.com/private/fund/IGV/holdings?type=securities&formatValues=true,ETFCOM,ETFCOM_VALIDATED_CURRENT_MEMBERSHIP
IGV,VRNT,VRNT,0.05,Verint Systems Inc.,2024-11-21T00:00:00.000Z,200669.0,4783948.96,https://api-prod.etf.com/private/fund/IGV/holdings?type=securities&formatValues=true,ETFCOM,ETFCOM_VALIDATED_CURRENT_MEMBERSHIP
IGV,ZUO,ZUO,0.05,"Zuora, Inc. Class A",2024-11-21T00:00:00.000Z,454539.0,4499936.1,https://api-prod.etf.com/private/fund/IGV/holdings?type=securities&formatValues=true,ETFCOM,ETFCOM_VALIDATED_CURRENT_MEMBERSHIP
IGV,MTTR,MTTR,0.05,"Matterport, Inc. Class A",2024-11-21T00:00:00.000Z,922232.0,4408268.96,https://api-prod.etf.com/private/fund/IGV/holdings?type=securities&formatValues=true,ETFCOM,ETFCOM_VALIDATED_CURRENT_MEMBERSHIP
IGV,ADEA,ADEA,0.05,Adeia Inc.,2024-11-21T00:00:00.000Z,355525.0,4301852.5,https://api-prod.etf.com/private/fund/IGV/holdings?type=securities&formatValues=true,ETFCOM,ETFCOM_VALIDATED_CURRENT_MEMBERSHIP
IGV,ASAN,ASAN,0.04,"Asana, Inc. Class A",2024-11-21T00:00:00.000Z,273782.0,4030071.04,https://api-prod.etf.com/private/fund/IGV/holdings?type=securities&formatValues=true,ETFCOM,ETFCOM_VALIDATED_CURRENT_MEMBERSHIP
IGV,ATEN,ATEN,0.04,"A10 Networks, Inc.",2024-11-21T00:00:00.000Z,240170.0,3977215.2,https://api-prod.etf.com/private/fund/IGV/holdings?type=securities&formatValues=true,ETFCOM,ETFCOM_VALIDATED_CURRENT_MEMBERSHIP
IGV,PRO,PRO,0.04,"PROS Holdings, Inc.",2024-11-21T00:00:00.000Z,142983.0,3378688.29,https://api-prod.etf.com/private/fund/IGV/holdings?type=securities&formatValues=true,ETFCOM,ETFCOM_VALIDATED_CURRENT_MEMBERSHIP
IGV,CXM,CXM,0.03,"Sprinklr, Inc. Class A",2024-11-21T00:00:00.000Z,394674.0,3173178.96,https://api-prod.etf.com/private/fund/IGV/holdings?type=securities&formatValues=true,ETFCOM,ETFCOM_VALIDATED_CURRENT_MEMBERSHIP
IGV,JAMF,JAMF,0.03,Jamf Holding Corp,2024-11-21T00:00:00.000Z,203452.0,2921570.72,https://api-prod.etf.com/private/fund/IGV/holdings?type=securities&formatValues=true,ETFCOM,ETFCOM_VALIDATED_CURRENT_MEMBERSHIP
IGV,NABL,NABL,0.03,"N-able, Inc.",2024-11-21T00:00:00.000Z,232416.0,2389236.48,https://api-prod.etf.com/private/fund/IGV/holdings?type=securities&formatValues=true,ETFCOM,ETFCOM_VALIDATED_CURRENT_MEMBERSHIP
IGV,SWI,SWI,0.02,SolarWinds Corp.,2024-11-21T00:00:00.000Z,176368.0,2301602.4,https://api-prod.etf.com/private/fund/IGV/holdings?type=securities&formatValues=true,ETFCOM,ETFCOM_VALIDATED_CURRENT_MEMBERSHIP
IGV,ETWO,ETWO,0.02,"E2open Parent Holdings, Inc. Class A",2024-11-21T00:00:00.000Z,680671.0,2035206.29,https://api-prod.etf.com/private/fund/IGV/holdings?type=securities&formatValues=true,ETFCOM,ETFCOM_VALIDATED_CURRENT_MEMBERSHIP
IGV,MLNK,MLNK,0.02,"MeridianLink, Inc.",2024-11-21T00:00:00.000Z,86250.0,1934587.5,https://api-prod.etf.com/private/fund/IGV/holdings?type=securities&formatValues=true,ETFCOM,ETFCOM_VALIDATED_CURRENT_MEMBERSHIP
IGV,SEMR,SEMR,0.02,"SEMrush Holdings, Inc. Class A",2024-11-21T00:00:00.000Z,108293.0,1598404.68,https://api-prod.etf.com/private/fund/IGV/holdings?type=securities&formatValues=true,ETFCOM,ETFCOM_VALIDATED_CURRENT_MEMBERSHIP
WCLD,BILL,BILL,2.3,"BILL Holdings, Inc.",2024-11-20T00:00:00.000Z,122041.0,10722522.26,https://api-prod.etf.com/private/fund/WCLD/holdings?type=securities&formatValues=true,ETFCOM,ETFCOM_VALIDATED_CURRENT_MEMBERSHIP
WCLD,TOST,TOST,2.22,"Toast, Inc. Class A",2024-11-20T00:00:00.000Z,243460.0,10347050.0,https://api-prod.etf.com/private/fund/WCLD/holdings?type=securities&formatValues=true,ETFCOM,ETFCOM_VALIDATED_CURRENT_MEMBERSHIP
WCLD,AVPT,AVPT,2.09,"AvePoint, Inc. Class A",2024-11-20T00:00:00.000Z,556786.0,9743755.0,https://api-prod.etf.com/private/fund/WCLD/holdings?type=securities&formatValues=true,ETFCOM,ETFCOM_VALIDATED_CURRENT_MEMBERSHIP
WCLD,TWLO,TWLO,2.06,"Twilio, Inc. Class A",2024-11-20T00:00:00.000Z,97643.0,9611976.920000002,https://api-prod.etf.com/private/fund/WCLD/holdings?type=securities&formatValues=true,ETFCOM,ETFCOM_VALIDATED_CURRENT_MEMBERSHIP
WCLD,TEAM,TEAM,2.05,Atlassian Corp Class A,2024-11-20T00:00:00.000Z,39015.0,9576231.75,https://api-prod.etf.com/private/fund/WCLD/holdings?type=securities&formatValues=true,ETFCOM,ETFCOM_VALIDATED_CURRENT_MEMBERSHIP
WCLD,QTWO,QTWO,1.81,"Q2 Holdings, Inc.",2024-11-20T00:00:00.000Z,83456.0,8465776.64,https://api-prod.etf.com/private/fund/WCLD/holdings?type=securities&formatValues=true,ETFCOM,ETFCOM_VALIDATED_CURRENT_MEMBERSHIP
WCLD,SHOP,SHOP,1.8,"Shopify, Inc. Class A",2024-11-20T00:00:00.000Z,80750.0,8393155.0,https://api-prod.etf.com/private/fund/WCLD/holdings?type=securities&formatValues=true,ETFCOM,ETFCOM_VALIDATED_CURRENT_MEMBERSHIP
WCLD,HUBS,HUBS,1.8,"HubSpot, Inc.",2024-11-20T00:00:00.000Z,12081.0,8390012.88,https://api-prod.etf.com/private/fund/WCLD/holdings?type=securities&formatValues=true,ETFCOM,ETFCOM_VALIDATED_CURRENT_MEMBERSHIP
WCLD,DOCU,DOCU,1.79,"DocuSign, Inc.",2024-11-20T00:00:00.000Z,106131.0,8364184.11,https://api-prod.etf.com/private/fund/WCLD/holdings?type=securities&formatValues=true,ETFCOM,ETFCOM_VALIDATED_CURRENT_MEMBERSHIP
WCLD,PAYC,PAYC,1.78,"Paycom Software, Inc.",2024-11-20T00:00:00.000Z,37697.0,8285046.66,https://api-prod.etf.com/private/fund/WCLD/holdings?type=securities&formatValues=true,ETFCOM,ETFCOM_VALIDATED_CURRENT_MEMBERSHIP
WCLD,GTLB,GTLB,1.76,"Gitlab, Inc. Class A",2024-11-20T00:00:00.000Z,132513.0,8235682.95,https://api-prod.etf.com/private/fund/WCLD/holdings?type=securities&formatValues=true,ETFCOM,ETFCOM_VALIDATED_CURRENT_MEMBERSHIP
WCLD,ZM,ZM,1.75,"Zoom Video Communications, Inc. Class A",2024-11-20T00:00:00.000Z,103812.0,8186614.32,https://api-prod.etf.com/private/fund/WCLD/holdings?type=securities&formatValues=true,ETFCOM,ETFCOM_VALIDATED_CURRENT_MEMBERSHIP
WCLD,SQ,SQ,1.74,"Block, Inc. Class A",2024-11-20T00:00:00.000Z,90690.0,8134893.0,https://api-prod.etf.com/private/fund/WCLD/holdings?type=securities&formatValues=true,ETFCOM,ETFCOM_VALIDATED_CURRENT_MEMBERSHIP
WCLD,IOT,IOT,1.73,"Samsara, Inc. Class A",2024-11-20T00:00:00.000Z,152992.0,8051968.96,https://api-prod.etf.com/private/fund/WCLD/holdings?type=securities&formatValues=true,ETFCOM,ETFCOM_VALIDATED_CURRENT_MEMBERSHIP
WCLD,CRWD,CRWD,1.72,"CrowdStrike Holdings, Inc. Class A",2024-11-20T00:00:00.000Z,22913.0,8022986.95,https://api-prod.etf.com/private/fund/WCLD/holdings?type=securities&formatValues=true,ETFCOM,ETFCOM_VALIDATED_CURRENT_MEMBERSHIP
WCLD,FRSH,FRSH,1.71,"Freshworks, Inc. Class A",2024-11-20T00:00:00.000Z,523550.0,7999844.0,https://api-prod.etf.com/private/fund/WCLD/holdings?type=securities&formatValues=true,ETFCOM,ETFCOM_VALIDATED_CURRENT_MEMBERSHIP
WCLD,AVDX,AVDX,1.7,"AvidXchange Holdings, Inc.",2024-11-20T00:00:00.000Z,741830.0,7944999.3,https://api-prod.etf.com/private/fund/WCLD/holdings?type=securities&formatValues=true,ETFCOM,ETFCOM_VALIDATED_CURRENT_MEMBERSHIP
WCLD,CWAN,CWAN,1.69,"Clearwater Analytics Holdings, Inc. Class A",2024-11-20T00:00:00.000Z,254509.0,7864328.099999999,https://api-prod.etf.com/private/fund/WCLD/holdings?type=securities&formatValues=true,ETFCOM,ETFCOM_VALIDATED_CURRENT_MEMBERSHIP
WCLD,CFLT,CFLT,1.68,Confluent Inc Class A,2024-11-20T00:00:00.000Z,274142.0,7832236.94,https://api-prod.etf.com/private/fund/WCLD/holdings?type=securities&formatValues=true,ETFCOM,ETFCOM_VALIDATED_CURRENT_MEMBERSHIP
WCLD,AI,AI,1.64,"C3.ai, Inc. Class A",2024-11-20T00:00:00.000Z,236427.0,7650777.719999999,https://api-prod.etf.com/private/fund/WCLD/holdings?type=securities&formatValues=true,ETFCOM,ETFCOM_VALIDATED_CURRENT_MEMBERSHIP
WCLD,PCTY,PCTY,1.64,Paylocity Holding Corp.,2024-11-20T00:00:00.000Z,39098.0,7635057.44,https://api-prod.etf.com/private/fund/WCLD/holdings?type=securities&formatValues=true,ETFCOM,ETFCOM_VALIDATED_CURRENT_MEMBERSHIP
WCLD,PYPL,PYPL,1.61,"PayPal Holdings, Inc.",2024-11-20T00:00:00.000Z,88708.0,7517115.92,https://api-prod.etf.com/private/fund/WCLD/holdings?type=securities&formatValues=true,ETFCOM,ETFCOM_VALIDATED_CURRENT_MEMBERSHIP
WCLD,CRM,CRM,1.6,"Salesforce, Inc.",2024-11-20T00:00:00.000Z,22897.0,7457552.9,https://api-prod.etf.com/private/fund/WCLD/holdings?type=securities&formatValues=true,ETFCOM,ETFCOM_VALIDATED_CURRENT_MEMBERSHIP
WCLD,NOW,NOW,1.59,"ServiceNow, Inc.",2024-11-20T00:00:00.000Z,7247.0,7413536.059999999,https://api-prod.etf.com/private/fund/WCLD/holdings?type=securities&formatValues=true,ETFCOM,ETFCOM_VALIDATED_CURRENT_MEMBERSHIP
WCLD,PCOR,PCOR,1.58,Procore Technologies Inc,2024-11-20T00:00:00.000Z,104632.0,7351444.32,https://api-prod.etf.com/private/fund/WCLD/holdings?type=securities&formatValues=true,ETFCOM,ETFCOM_VALIDATED_CURRENT_MEMBERSHIP
WCLD,AMPL,AMPL,1.55,Amplitude Inc Class A,2024-11-20T00:00:00.000Z,699032.0,7224495.719999999,https://api-prod.etf.com/private/fund/WCLD/holdings?type=securities&formatValues=true,ETFCOM,ETFCOM_VALIDATED_CURRENT_MEMBERSHIP
WCLD,QLYS,QLYS,1.55,"Qualys, Inc.",2024-11-20T00:00:00.000Z,49071.0,7214909.13,https://api-prod.etf.com/private/fund/WCLD/holdings?type=securities&formatValues=true,ETFCOM,ETFCOM_VALIDATED_CURRENT_MEMBERSHIP
WCLD,WK,WK,1.52,Workiva Inc. Class A,2024-11-20T00:00:00.000Z,77108.0,7107815.44,https://api-prod.etf.com/private/fund/WCLD/holdings?type=securities&formatValues=true,ETFCOM,ETFCOM_VALIDATED_CURRENT_MEMBERSHIP
WCLD,DDOG,DDOG,1.52,Datadog Inc Class A,2024-11-20T00:00:00.000Z,52393.0,7096631.85,https://api-prod.etf.com/private/fund/WCLD/holdings?type=securities&formatValues=true,ETFCOM,ETFCOM_VALIDATED_CURRENT_MEMBERSHIP
WCLD,BOX,BOX,1.52,"Box, Inc. Class A",2024-11-20T00:00:00.000Z,213734.0,7089556.78,https://api-prod.etf.com/private/fund/WCLD/holdings?type=securities&formatValues=true,ETFCOM,ETFCOM_VALIDATED_CURRENT_MEMBERSHIP
WCLD,DBX,DBX,1.52,"Dropbox, Inc. Class A",2024-11-20T00:00:00.000Z,263578.0,7087612.42,https://api-prod.etf.com/private/fund/WCLD/holdings?type=securities&formatValues=true,ETFCOM,ETFCOM_VALIDATED_CURRENT_MEMBERSHIP
WCLD,PANW,PANW,1.51,"Palo Alto Networks, Inc.",2024-11-20T00:00:00.000Z,17973.0,7061411.97,https://api-prod.etf.com/private/fund/WCLD/holdings?type=securities&formatValues=true,ETFCOM,ETFCOM_VALIDATED_CURRENT_MEMBERSHIP
WCLD,NET,NET,1.51,Cloudflare Inc Class A,2024-11-20T00:00:00.000Z,73180.0,7059674.6,https://api-prod.etf.com/private/fund/WCLD/holdings?type=securities&formatValues=true,ETFCOM,ETFCOM_VALIDATED_CURRENT_MEMBERSHIP
WCLD,NCNO,NCNO,1.51,nCino Inc,2024-11-20T00:00:00.000Z,176038.0,7055603.04,https://api-prod.etf.com/private/fund/WCLD/holdings?type=securities&formatValues=true,ETFCOM,ETFCOM_VALIDATED_CURRENT_MEMBERSHIP
WCLD,S,S,1.51,"SentinelOne, Inc. Class A",2024-11-20T00:00:00.000Z,259820.0,7033327.4,https://api-prod.etf.com/private/fund/WCLD/holdings?type=securities&formatValues=true,ETFCOM,ETFCOM_VALIDATED_CURRENT_MEMBERSHIP
WCLD,ZI,ZI,1.49,ZoomInfo Technologies Inc,2024-11-20T00:00:00.000Z,653972.0,6945182.64,https://api-prod.etf.com/private/fund/WCLD/holdings?type=securities&formatValues=true,ETFCOM,ETFCOM_VALIDATED_CURRENT_MEMBERSHIP
WCLD,FIVN,FIVN,1.48,"Five9, Inc.",2024-11-20T00:00:00.000Z,181210.0,6885980.0,https://api-prod.etf.com/private/fund/WCLD/holdings?type=securities&formatValues=true,ETFCOM,ETFCOM_VALIDATED_CURRENT_MEMBERSHIP
WCLD,BL,BL,1.47,"BlackLine, Inc.",2024-11-20T00:00:00.000Z,116909.0,6842683.77,https://api-prod.etf.com/private/fund/WCLD/holdings?type=securities&formatValues=true,ETFCOM,ETFCOM_VALIDATED_CURRENT_MEMBERSHIP
WCLD,SMAR,SMAR,1.46,"Smartsheet, Inc. Class A",2024-11-20T00:00:00.000Z,121376.0,6789773.44,https://api-prod.etf.com/private/fund/WCLD/holdings?type=securities&formatValues=true,ETFCOM,ETFCOM_VALIDATED_CURRENT_MEMBERSHIP
WCLD,MDB,MDB,1.45,"MongoDB, Inc. Class A",2024-11-20T00:00:00.000Z,23958.0,6750406.08,https://api-prod.etf.com/private/fund/WCLD/holdings?type=securities&formatValues=true,ETFCOM,ETFCOM_VALIDATED_CURRENT_MEMBERSHIP
WCLD,ZUO,ZUO,1.44,"Zuora, Inc. Class A",2024-11-20T00:00:00.000Z,679864.0,6730653.6,https://api-prod.etf.com/private/fund/WCLD/holdings?type=securities&formatValues=true,ETFCOM,ETFCOM_VALIDATED_CURRENT_MEMBERSHIP
WCLD,WDAY,WDAY,1.44,"Workday, Inc. Class A",2024-11-20T00:00:00.000Z,25925.0,6725982.0,https://api-prod.etf.com/private/fund/WCLD/holdings?type=securities&formatValues=true,ETFCOM,ETFCOM_VALIDATED_CURRENT_MEMBERSHIP
WCLD,KVYO,KVYO,1.42,"Klaviyo, Inc. Class A",2024-11-20T00:00:00.000Z,189379.0,6639627.74,https://api-prod.etf.com/private/fund/WCLD/holdings?type=securities&formatValues=true,ETFCOM,ETFCOM_VALIDATED_CURRENT_MEMBERSHIP
WCLD,VEEV,VEEV,1.41,Veeva Systems Inc Class A,2024-11-20T00:00:00.000Z,31248.0,6581766.24,https://api-prod.etf.com/private/fund/WCLD/holdings?type=securities&formatValues=true,ETFCOM,ETFCOM_VALIDATED_CURRENT_MEMBERSHIP
WCLD,PATH,PATH,1.39,"UiPath, Inc. Class A",2024-11-20T00:00:00.000Z,504209.0,6489169.83,https://api-prod.etf.com/private/fund/WCLD/holdings?type=securities&formatValues=true,ETFCOM,ETFCOM_VALIDATED_CURRENT_MEMBERSHIP
WCLD,BIGC,BIGC,1.37,BigCommerce Holdings Inc,2024-11-20T00:00:00.000Z,1002256.0,6384370.72,https://api-prod.etf.com/private/fund/WCLD/holdings?type=securities&formatValues=true,ETFCOM,ETFCOM_VALIDATED_CURRENT_MEMBERSHIP
WCLD,APPF,APPF,1.35,AppFolio Inc Class A,2024-11-20T00:00:00.000Z,27361.0,6310814.65,https://api-prod.etf.com/private/fund/WCLD/holdings?type=securities&formatValues=true,ETFCOM,ETFCOM_VALIDATED_CURRENT_MEMBERSHIP
WCLD,ASAN,ASAN,1.34,"Asana, Inc. Class A",2024-11-20T00:00:00.000Z,450443.0,6274670.99,https://api-prod.etf.com/private/fund/WCLD/holdings?type=securities&formatValues=true,ETFCOM,ETFCOM_VALIDATED_CURRENT_MEMBERSHIP
WCLD,ZS,ZS,1.34,"Zscaler, Inc.",2024-11-20T00:00:00.000Z,31203.0,6269930.82,https://api-prod.etf.com/private/fund/WCLD/holdings?type=securities&formatValues=true,ETFCOM,ETFCOM_VALIDATED_CURRENT_MEMBERSHIP
WCLD,RNG,RNG,1.34,"RingCentral, Inc. Class A",2024-11-20T00:00:00.000Z,178576.0,6257303.04,https://api-prod.etf.com/private/fund/WCLD/holdings?type=securities&formatValues=true,ETFCOM,ETFCOM_VALIDATED_CURRENT_MEMBERSHIP
WCLD,DT,DT,1.33,"Dynatrace, Inc.",2024-11-20T00:00:00.000Z,121426.0,6203654.34,https://api-prod.etf.com/private/fund/WCLD/holdings?type=securities&formatValues=true,ETFCOM,ETFCOM_VALIDATED_CURRENT_MEMBERSHIP
WCLD,SNOW,SNOW,1.3,"Snowflake, Inc. Class A",2024-11-20T00:00:00.000Z,46802.0,6043074.24,https://api-prod.etf.com/private/fund/WCLD/holdings?type=securities&formatValues=true,ETFCOM,ETFCOM_VALIDATED_CURRENT_MEMBERSHIP
WCLD,FSLY,FSLY,1.29,"Fastly, Inc. Class A",2024-11-20T00:00:00.000Z,931644.0,6037053.12,https://api-prod.etf.com/private/fund/WCLD/holdings?type=securities&formatValues=true,ETFCOM,ETFCOM_VALIDATED_CURRENT_MEMBERSHIP
WCLD,DOCN,DOCN,1.29,"DigitalOcean Holdings, Inc.",2024-11-20T00:00:00.000Z,160291.0,6015721.23,https://api-prod.etf.com/private/fund/WCLD/holdings?type=securities&formatValues=true,ETFCOM,ETFCOM_VALIDATED_CURRENT_MEMBERSHIP
WCLD,PD,PD,1.27,"PagerDuty, Inc.",2024-11-20T00:00:00.000Z,314273.0,5920903.32,https://api-prod.etf.com/private/fund/WCLD/holdings?type=securities&formatValues=true,ETFCOM,ETFCOM_VALIDATED_CURRENT_MEMBERSHIP
WCLD,TENB,TENB,1.26,"Tenable Holdings, Inc.",2024-11-20T00:00:00.000Z,143540.0,5859302.8,https://api-prod.etf.com/private/fund/WCLD/holdings?type=securities&formatValues=true,ETFCOM,ETFCOM_VALIDATED_CURRENT_MEMBERSHIP
WCLD,ADBE,ADBE,1.16,Adobe Inc.,2024-11-20T00:00:00.000Z,10867.0,5428066.5,https://api-prod.etf.com/private/fund/WCLD/holdings?type=securities&formatValues=true,ETFCOM,ETFCOM_VALIDATED_CURRENT_MEMBERSHIP
WCLD,SPT,SPT,1.15,"Sprout Social, Inc. Class A",2024-11-20T00:00:00.000Z,181803.0,5386822.89,https://api-prod.etf.com/private/fund/WCLD/holdings?type=securities&formatValues=true,ETFCOM,ETFCOM_VALIDATED_CURRENT_MEMBERSHIP
WCLD,CXM,CXM,1.13,"Sprinklr, Inc. Class A",2024-11-20T00:00:00.000Z,674191.0,5272173.62,https://api-prod.etf.com/private/fund/WCLD/holdings?type=securities&formatValues=true,ETFCOM,ETFCOM_VALIDATED_CURRENT_MEMBERSHIP
WCLD,BRZE,BRZE,1.1,"Braze, Inc. Class A",2024-11-20T00:00:00.000Z,142738.0,5141422.76,https://api-prod.etf.com/private/fund/WCLD/holdings?type=securities&formatValues=true,ETFCOM,ETFCOM_VALIDATED_CURRENT_MEMBERSHIP
WCLD,ESTC,ESTC,1.05,Elastic NV,2024-11-20T00:00:00.000Z,55340.0,4902017.2,https://api-prod.etf.com/private/fund/WCLD/holdings?type=securities&formatValues=true,ETFCOM,ETFCOM_VALIDATED_CURRENT_MEMBERSHIP
WCLD,OKTA,OKTA,0.98,"Okta, Inc. Class A",2024-11-20T00:00:00.000Z,61866.0,4558905.54,https://api-prod.etf.com/private/fund/WCLD/holdings?type=securities&formatValues=true,ETFCOM,ETFCOM_VALIDATED_CURRENT_MEMBERSHIP
OIH,SLB,SLB,19.9,Schlumberger Limited,2024-11-20T00:00:00.000Z,7959752.0,346488004.56,https://api-prod.etf.com/private/fund/OIH/holdings?type=securities&formatValues=true,ETFCOM,ETFCOM_VALIDATED_CURRENT_MEMBERSHIP
OIH,BKR,BKR,15.07,Baker Hughes Company Class A,2024-11-20T00:00:00.000Z,5920737.0,262347856.47,https://api-prod.etf.com/private/fund/OIH/holdings?type=securities&formatValues=true,ETFCOM,ETFCOM_VALIDATED_CURRENT_MEMBERSHIP
OIH,HAL,HAL,7.68,Halliburton Company,2024-11-20T00:00:00.000Z,4290226.0,133769246.68,https://api-prod.etf.com/private/fund/OIH/holdings?type=securities&formatValues=true,ETFCOM,ETFCOM_VALIDATED_CURRENT_MEMBERSHIP
OIH,TS,TS,5.93,Tenaris S.A. Sponsored ADR,2024-11-20T00:00:00.000Z,2791276.0,103305124.76,https://api-prod.etf.com/private/fund/OIH/holdings?type=securities&formatValues=true,ETFCOM,ETFCOM_VALIDATED_CURRENT_MEMBERSHIP
OIH,FTI,FTI,4.97,TechnipFMC plc,2024-11-20T00:00:00.000Z,2986417.0,86606093.0,https://api-prod.etf.com/private/fund/OIH/holdings?type=securities&formatValues=true,ETFCOM,ETFCOM_VALIDATED_CURRENT_MEMBERSHIP
OIH,CHX,CHX,4.92,ChampionX Corporation,2024-11-20T00:00:00.000Z,2791513.0,85699449.09999998,https://api-prod.etf.com/private/fund/OIH/holdings?type=securities&formatValues=true,ETFCOM,ETFCOM_VALIDATED_CURRENT_MEMBERSHIP
OIH,WHD,WHD,4.22,"Cactus, Inc. Class A",2024-11-20T00:00:00.000Z,1126516.0,73550229.64,https://api-prod.etf.com/private/fund/OIH/holdings?type=securities&formatValues=true,ETFCOM,ETFCOM_VALIDATED_CURRENT_MEMBERSHIP
OIH,NOV,NOV,4.17,NOV Inc.,2024-11-20T00:00:00.000Z,4462701.0,72563518.26,https://api-prod.etf.com/private/fund/OIH/holdings?type=securities&formatValues=true,ETFCOM,ETFCOM_VALIDATED_CURRENT_MEMBERSHIP
OIH,NE,NE,4.02,Noble Corporation PLC Class A,2024-11-20T00:00:00.000Z,2038182.0,70072697.16,https://api-prod.etf.com/private/fund/OIH/holdings?type=securities&formatValues=true,ETFCOM,ETFCOM_VALIDATED_CURRENT_MEMBERSHIP
OIH,WFRD,WFRD,3.74,Weatherford International plc,2024-11-20T00:00:00.000Z,790052.0,65123986.36,https://api-prod.etf.com/private/fund/OIH/holdings?type=securities&formatValues=true,ETFCOM,ETFCOM_VALIDATED_CURRENT_MEMBERSHIP
OIH,RIG,RIG,3.1,Transocean Ltd.,2024-11-20T00:00:00.000Z,12774619.0,54036638.37,https://api-prod.etf.com/private/fund/OIH/holdings?type=securities&formatValues=true,ETFCOM,ETFCOM_VALIDATED_CURRENT_MEMBERSHIP
OIH,PTEN,PTEN,2.89,"Patterson-UTI Energy, Inc.",2024-11-20T00:00:00.000Z,6197799.0,50388105.87,https://api-prod.etf.com/private/fund/OIH/holdings?type=securities&formatValues=true,ETFCOM,ETFCOM_VALIDATED_CURRENT_MEMBERSHIP
OIH,VAL,VAL,2.88,Valaris Ltd.,2024-11-20T00:00:00.000Z,1061557.0,50105490.4,https://api-prod.etf.com/private/fund/OIH/holdings?type=securities&formatValues=true,ETFCOM,ETFCOM_VALIDATED_CURRENT_MEMBERSHIP
OIH,OII,OII,2.57,"Oceaneering International, Inc.",2024-11-20T00:00:00.000Z,1600207.0,44757789.79,https://api-prod.etf.com/private/fund/OIH/holdings?type=securities&formatValues=true,ETFCOM,ETFCOM_VALIDATED_CURRENT_MEMBERSHIP
OIH,HP,HP,2.57,"Helmerich & Payne, Inc.",2024-11-20T00:00:00.000Z,1324802.0,44685571.46,https://api-prod.etf.com/private/fund/OIH/holdings?type=securities&formatValues=true,ETFCOM,ETFCOM_VALIDATED_CURRENT_MEMBERSHIP
OIH,TDW,TDW,2.29,Tidewater Inc,2024-11-20T00:00:00.000Z,790649.0,39880335.56,https://api-prod.etf.com/private/fund/OIH/holdings?type=securities&formatValues=true,ETFCOM,ETFCOM_VALIDATED_CURRENT_MEMBERSHIP
OIH,LBRT,LBRT,2.16,"Liberty Energy, Inc. Class A",2024-11-20T00:00:00.000Z,2140107.0,37601679.99,https://api-prod.etf.com/private/fund/OIH/holdings?type=securities&formatValues=true,ETFCOM,ETFCOM_VALIDATED_CURRENT_MEMBERSHIP
OIH,HLX,HLX,1.5,"Helix Energy Solutions Group, Inc.",2024-11-20T00:00:00.000Z,2397643.0,26110332.27,https://api-prod.etf.com/private/fund/OIH/holdings?type=securities&formatValues=true,ETFCOM,ETFCOM_VALIDATED_CURRENT_MEMBERSHIP
OIH,WTTR,WTTR,1.42,"Select Water Solutions, Inc. Class A",2024-11-20T00:00:00.000Z,1741901.0,24734994.2,https://api-prod.etf.com/private/fund/OIH/holdings?type=securities&formatValues=true,ETFCOM,ETFCOM_VALIDATED_CURRENT_MEMBERSHIP
OIH,XPRO,XPRO,1.15,Expro Group Holdings N.V.,2024-11-20T00:00:00.000Z,1548159.0,20033177.46,https://api-prod.etf.com/private/fund/OIH/holdings?type=securities&formatValues=true,ETFCOM,ETFCOM_VALIDATED_CURRENT_MEMBERSHIP
OIH,RES,RES,0.85,"RPC, Inc.",2024-11-20T00:00:00.000Z,2479522.0,14802746.34,https://api-prod.etf.com/private/fund/OIH/holdings?type=securities&formatValues=true,ETFCOM,ETFCOM_VALIDATED_CURRENT_MEMBERSHIP
OIH,NBR,NBR,0.66,Nabors Industries Ltd.,2024-11-20T00:00:00.000Z,159555.0,11574119.7,https://api-prod.etf.com/private/fund/OIH/holdings?type=securities&formatValues=true,ETFCOM,ETFCOM_VALIDATED_CURRENT_MEMBERSHIP
OIH,CLB,CLB,0.54,Core Laboratories Inc.,2024-11-20T00:00:00.000Z,463719.0,9418132.89,https://api-prod.etf.com/private/fund/OIH/holdings?type=securities&formatValues=true,ETFCOM,ETFCOM_VALIDATED_CURRENT_MEMBERSHIP
OIH,PUMP,PUMP,0.48,ProPetro Holding Corp.,2024-11-20T00:00:00.000Z,1078641.0,8424186.21,https://api-prod.etf.com/private/fund/OIH/holdings?type=securities&formatValues=true,ETFCOM,ETFCOM_VALIDATED_CURRENT_MEMBERSHIP
OIH,INVX,INVX,0.29,"Innovex International, Inc.",2024-11-20T00:00:00.000Z,300007.0,5070118.3,https://api-prod.etf.com/private/fund/OIH/holdings?type=securities&formatValues=true,ETFCOM,ETFCOM_VALIDATED_CURRENT_MEMBERSHIP
SKYY,APP,APP,5.36,AppLovin Corp. Class A,2024-11-21T00:00:00.000Z,602464.0,191728143.36,https://api-prod.etf.com/private/fund/SKYY/holdings?type=securities&formatValues=true,ETFCOM,ETFCOM_VALIDATED_CURRENT_MEMBERSHIP
SKYY,ORCL,ORCL,4.26,Oracle Corporation,2024-11-21T00:00:00.000Z,791997.0,152403982.71,https://api-prod.etf.com/private/fund/SKYY/holdings?type=securities&formatValues=true,ETFCOM,ETFCOM_VALIDATED_CURRENT_MEMBERSHIP
SKYY,LUMN,LUMN,3.9,"Lumen Technologies, Inc.",2024-11-21T00:00:00.000Z,17762055.0,139432131.75,https://api-prod.etf.com/private/fund/SKYY/holdings?type=securities&formatValues=true,ETFCOM,ETFCOM_VALIDATED_CURRENT_MEMBERSHIP
SKYY,ANET,ANET,3.58,"Arista Networks, Inc.",2024-11-21T00:00:00.000Z,316660.0,128237800.2,https://api-prod.etf.com/private/fund/SKYY/holdings?type=securities&formatValues=true,ETFCOM,ETFCOM_VALIDATED_CURRENT_MEMBERSHIP
SKYY,NTNX,NTNX,3.51,"Nutanix, Inc. Class A",2024-11-21T00:00:00.000Z,1770862.0,125624950.28,https://api-prod.etf.com/private/fund/SKYY/holdings?type=securities&formatValues=true,ETFCOM,ETFCOM_VALIDATED_CURRENT_MEMBERSHIP
SKYY,AMZN,AMZN,3.47,"Amazon.com, Inc.",2024-11-21T00:00:00.000Z,626897.0,124363826.86,https://api-prod.etf.com/private/fund/SKYY/holdings?type=securities&formatValues=true,ETFCOM,ETFCOM_VALIDATED_CURRENT_MEMBERSHIP
SKYY,IBM,IBM,3.44,International Business Machines Corporation,2024-11-21T00:00:00.000Z,553607.0,123122196.8,https://api-prod.etf.com/private/fund/SKYY/holdings?type=securities&formatValues=true,ETFCOM,ETFCOM_VALIDATED_CURRENT_MEMBERSHIP
SKYY,GOOGL,GOOGL,3.21,Alphabet Inc. Class A,2024-11-21T00:00:00.000Z,684913.0,114811966.19,https://api-prod.etf.com/private/fund/SKYY/holdings?type=securities&formatValues=true,ETFCOM,ETFCOM_VALIDATED_CURRENT_MEMBERSHIP
SKYY,PSTG,PSTG,3.14,"Pure Storage, Inc. Class A",2024-11-21T00:00:00.000Z,2181728.0,112489895.68,https://api-prod.etf.com/private/fund/SKYY/holdings?type=securities&formatValues=true,ETFCOM,ETFCOM_VALIDATED_CURRENT_MEMBERSHIP
SKYY,MSFT,MSFT,3.09,Microsoft Corporation,2024-11-21T00:00:00.000Z,268256.0,110754854.72,https://api-prod.etf.com/private/fund/SKYY/holdings?type=securities&formatValues=true,ETFCOM,ETFCOM_VALIDATED_CURRENT_MEMBERSHIP
SKYY,MDB,MDB,2.83,"MongoDB, Inc. Class A",2024-11-21T00:00:00.000Z,320684.0,101156560.96,https://api-prod.etf.com/private/fund/SKYY/holdings?type=securities&formatValues=true,ETFCOM,ETFCOM_VALIDATED_CURRENT_MEMBERSHIP
SKYY,NET,NET,2.65,Cloudflare Inc Class A,2024-11-21T00:00:00.000Z,908212.0,94672018.88,https://api-prod.etf.com/private/fund/SKYY/holdings?type=securities&formatValues=true,ETFCOM,ETFCOM_VALIDATED_CURRENT_MEMBERSHIP
SKYY,TWLO,TWLO,2.54,"Twilio, Inc. Class A",2024-11-21T00:00:00.000Z,891500.0,90995405.0,https://api-prod.etf.com/private/fund/SKYY/holdings?type=securities&formatValues=true,ETFCOM,ETFCOM_VALIDATED_CURRENT_MEMBERSHIP
SKYY,TEAM,TEAM,2.4,Atlassian Corp Class A,2024-11-21T00:00:00.000Z,337868.0,85808335.95999998,https://api-prod.etf.com/private/fund/SKYY/holdings?type=securities&formatValues=true,ETFCOM,ETFCOM_VALIDATED_CURRENT_MEMBERSHIP
SKYY,CSCO,CSCO,2.37,"Cisco Systems, Inc.",2024-11-21T00:00:00.000Z,1476068.0,84962474.08,https://api-prod.etf.com/private/fund/SKYY/holdings?type=securities&formatValues=true,ETFCOM,ETFCOM_VALIDATED_CURRENT_MEMBERSHIP
SKYY,HUBS,HUBS,2.26,"HubSpot, Inc.",2024-11-21T00:00:00.000Z,112106.0,80716320.0,https://api-prod.etf.com/private/fund/SKYY/holdings?type=securities&formatValues=true,ETFCOM,ETFCOM_VALIDATED_CURRENT_MEMBERSHIP
SKYY,CFLT,CFLT,2.25,Confluent Inc Class A,2024-11-21T00:00:00.000Z,2636688.0,80709019.68,https://api-prod.etf.com/private/fund/SKYY/holdings?type=securities&formatValues=true,ETFCOM,ETFCOM_VALIDATED_CURRENT_MEMBERSHIP
SKYY,SHOP,SHOP,2.25,"Shopify, Inc. Class A",2024-11-21T00:00:00.000Z,755373.0,80432117.04,https://api-prod.etf.com/private/fund/SKYY/holdings?type=securities&formatValues=true,ETFCOM,ETFCOM_VALIDATED_CURRENT_MEMBERSHIP
SKYY,GTLB,GTLB,2.14,"Gitlab, Inc. Class A",2024-11-21T00:00:00.000Z,1180391.0,76489336.79999998,https://api-prod.etf.com/private/fund/SKYY/holdings?type=securities&formatValues=true,ETFCOM,ETFCOM_VALIDATED_CURRENT_MEMBERSHIP
SKYY,CRM,CRM,2.08,"Salesforce, Inc.",2024-11-21T00:00:00.000Z,221239.0,74287631.42,https://api-prod.etf.com/private/fund/SKYY/holdings?type=securities&formatValues=true,ETFCOM,ETFCOM_VALIDATED_CURRENT_MEMBERSHIP
SKYY,NOW,NOW,1.91,"ServiceNow, Inc.",2024-11-21T00:00:00.000Z,65444.0,68523140.2,https://api-prod.etf.com/private/fund/SKYY/holdings?type=securities&formatValues=true,ETFCOM,ETFCOM_VALIDATED_CURRENT_MEMBERSHIP
SKYY,WK,WK,1.9,Workiva Inc. Class A,2024-11-21T00:00:00.000Z,715754.0,67903581.98,https://api-prod.etf.com/private/fund/SKYY/holdings?type=securities&formatValues=true,ETFCOM,ETFCOM_VALIDATED_CURRENT_MEMBERSHIP
SKYY,DELL,DELL,1.88,"Dell Technologies, Inc. Class C",2024-11-21T00:00:00.000Z,484252.0,67272287.84,https://api-prod.etf.com/private/fund/SKYY/holdings?type=securities&formatValues=true,ETFCOM,ETFCOM_VALIDATED_CURRENT_MEMBERSHIP
SKYY,AKAM,AKAM,1.86,"Akamai Technologies, Inc.",2024-11-21T00:00:00.000Z,732524.0,66718285.92,https://api-prod.etf.com/private/fund/SKYY/holdings?type=securities&formatValues=true,ETFCOM,ETFCOM_VALIDATED_CURRENT_MEMBERSHIP
SKYY,HPE,HPE,1.75,Hewlett Packard Enterprise Co.,2024-11-21T00:00:00.000Z,2888511.0,62796229.14,https://api-prod.etf.com/private/fund/SKYY/holdings?type=securities&formatValues=true,ETFCOM,ETFCOM_VALIDATED_CURRENT_MEMBERSHIP
SKYY,NTAP,NTAP,1.64,"NetApp, Inc.",2024-11-21T00:00:00.000Z,463474.0,58712886.32,https://api-prod.etf.com/private/fund/SKYY/holdings?type=securities&formatValues=true,ETFCOM,ETFCOM_VALIDATED_CURRENT_MEMBERSHIP
SKYY,RBRK,RBRK,1.57,"Rubrik, Inc. Class A",2024-11-21T00:00:00.000Z,1146356.0,56309006.72,https://api-prod.etf.com/private/fund/SKYY/holdings?type=securities&formatValues=true,ETFCOM,ETFCOM_VALIDATED_CURRENT_MEMBERSHIP
SKYY,FIVN,FIVN,1.57,"Five9, Inc.",2024-11-21T00:00:00.000Z,1459680.0,56139292.8,https://api-prod.etf.com/private/fund/SKYY/holdings?type=securities&formatValues=true,ETFCOM,ETFCOM_VALIDATED_CURRENT_MEMBERSHIP
SKYY,DOCN,DOCN,1.38,"DigitalOcean Holdings, Inc.",2024-11-21T00:00:00.000Z,1267753.0,49277559.11,https://api-prod.etf.com/private/fund/SKYY/holdings?type=securities&formatValues=true,ETFCOM,ETFCOM_VALIDATED_CURRENT_MEMBERSHIP
SKYY,ADBE,ADBE,1.37,Adobe Inc.,2024-11-21T00:00:00.000Z,97410.0,49137500.4,https://api-prod.etf.com/private/fund/SKYY/holdings?type=securities&formatValues=true,ETFCOM,ETFCOM_VALIDATED_CURRENT_MEMBERSHIP
SKYY,RNG,RNG,1.28,"RingCentral, Inc. Class A",2024-11-21T00:00:00.000Z,1311951.0,45747731.37,https://api-prod.etf.com/private/fund/SKYY/holdings?type=securities&formatValues=true,ETFCOM,ETFCOM_VALIDATED_CURRENT_MEMBERSHIP
SKYY,SAP,SAP,1.12,SAP SE Sponsored ADR,2024-11-21T00:00:00.000Z,169773.0,40071521.19,https://api-prod.etf.com/private/fund/SKYY/holdings?type=securities&formatValues=true,ETFCOM,ETFCOM_VALIDATED_CURRENT_MEMBERSHIP
SKYY,APPN,APPN,0.9,Appian Corporation Class A,2024-11-21T00:00:00.000Z,839888.0,32377682.4,https://api-prod.etf.com/private/fund/SKYY/holdings?type=securities&formatValues=true,ETFCOM,ETFCOM_VALIDATED_CURRENT_MEMBERSHIP
SKYY,TOST,TOST,0.89,"Toast, Inc. Class A",2024-11-21T00:00:00.000Z,750205.0,31778683.8,https://api-prod.etf.com/private/fund/SKYY/holdings?type=securities&formatValues=true,ETFCOM,ETFCOM_VALIDATED_CURRENT_MEMBERSHIP
SKYY,SNOW,SNOW,0.78,"Snowflake, Inc. Class A",2024-11-21T00:00:00.000Z,163271.0,27976485.85,https://api-prod.etf.com/private/fund/SKYY/holdings?type=securities&formatValues=true,ETFCOM,ETFCOM_VALIDATED_CURRENT_MEMBERSHIP
SKYY,QTWO,QTWO,0.74,"Q2 Holdings, Inc.",2024-11-21T00:00:00.000Z,251321.0,26376138.95,https://api-prod.etf.com/private/fund/SKYY/holdings?type=securities&formatValues=true,ETFCOM,ETFCOM_VALIDATED_CURRENT_MEMBERSHIP
SKYY,PAYC,PAYC,0.73,"Paycom Software, Inc.",2024-11-21T00:00:00.000Z,114577.0,26011270.54,https://api-prod.etf.com/private/fund/SKYY/holdings?type=securities&formatValues=true,ETFCOM,ETFCOM_VALIDATED_CURRENT_MEMBERSHIP
SKYY,DOCU,DOCU,0.71,"DocuSign, Inc.",2024-11-21T00:00:00.000Z,314983.0,25245887.45,https://api-prod.etf.com/private/fund/SKYY/holdings?type=securities&formatValues=true,ETFCOM,ETFCOM_VALIDATED_CURRENT_MEMBERSHIP
SKYY,CRWD,CRWD,0.67,"CrowdStrike Holdings, Inc. Class A",2024-11-21T00:00:00.000Z,67265.0,24050600.75,https://api-prod.etf.com/private/fund/SKYY/holdings?type=securities&formatValues=true,ETFCOM,ETFCOM_VALIDATED_CURRENT_MEMBERSHIP
SKYY,PCTY,PCTY,0.65,Paylocity Holding Corp.,2024-11-21T00:00:00.000Z,115551.0,23312414.25,https://api-prod.etf.com/private/fund/SKYY/holdings?type=securities&formatValues=true,ETFCOM,ETFCOM_VALIDATED_CURRENT_MEMBERSHIP
SKYY,BL,BL,0.65,"BlackLine, Inc.",2024-11-21T00:00:00.000Z,376393.0,23219684.17,https://api-prod.etf.com/private/fund/SKYY/holdings?type=securities&formatValues=true,ETFCOM,ETFCOM_VALIDATED_CURRENT_MEMBERSHIP
SKYY,DDOG,DDOG,0.64,Datadog Inc Class A,2024-11-21T00:00:00.000Z,160418.0,23077733.48,https://api-prod.etf.com/private/fund/SKYY/holdings?type=securities&formatValues=true,ETFCOM,ETFCOM_VALIDATED_CURRENT_MEMBERSHIP
SKYY,ESTC,ESTC,0.64,Elastic NV,2024-11-21T00:00:00.000Z,244780.0,23041141.4,https://api-prod.etf.com/private/fund/SKYY/holdings?type=securities&formatValues=true,ETFCOM,ETFCOM_VALIDATED_CURRENT_MEMBERSHIP
SKYY,TTD,TTD,0.63,"Trade Desk, Inc. Class A",2024-11-21T00:00:00.000Z,178415.0,22721150.25,https://api-prod.etf.com/private/fund/SKYY/holdings?type=securities&formatValues=true,ETFCOM,ETFCOM_VALIDATED_CURRENT_MEMBERSHIP
SKYY,QLYS,QLYS,0.63,"Qualys, Inc.",2024-11-21T00:00:00.000Z,149002.0,22377120.36,https://api-prod.etf.com/private/fund/SKYY/holdings?type=securities&formatValues=true,ETFCOM,ETFCOM_VALIDATED_CURRENT_MEMBERSHIP
SKYY,ZM,ZM,0.61,"Zoom Video Communications, Inc. Class A",2024-11-21T00:00:00.000Z,269979.0,21922294.8,https://api-prod.etf.com/private/fund/SKYY/holdings?type=securities&formatValues=true,ETFCOM,ETFCOM_VALIDATED_CURRENT_MEMBERSHIP
SKYY,KVYO,KVYO,0.61,"Klaviyo, Inc. Class A",2024-11-21T00:00:00.000Z,592817.0,21708958.54,https://api-prod.etf.com/private/fund/SKYY/holdings?type=securities&formatValues=true,ETFCOM,ETFCOM_VALIDATED_CURRENT_MEMBERSHIP
SKYY,SMAR,SMAR,0.6,"Smartsheet, Inc. Class A",2024-11-21T00:00:00.000Z,382180.0,21352396.6,https://api-prod.etf.com/private/fund/SKYY/holdings?type=securities&formatValues=true,ETFCOM,ETFCOM_VALIDATED_CURRENT_MEMBERSHIP
SKYY,ZUO,ZUO,0.59,"Zuora, Inc. Class A",2024-11-21T00:00:00.000Z,2121747.0,21005295.3,https://api-prod.etf.com/private/fund/SKYY/holdings?type=securities&formatValues=true,ETFCOM,ETFCOM_VALIDATED_CURRENT_MEMBERSHIP
SKYY,DBX,DBX,0.57,"Dropbox, Inc. Class A",2024-11-21T00:00:00.000Z,741851.0,20504761.64,https://api-prod.etf.com/private/fund/SKYY/holdings?type=securities&formatValues=true,ETFCOM,ETFCOM_VALIDATED_CURRENT_MEMBERSHIP
SKYY,PANW,PANW,0.57,"Palo Alto Networks, Inc.",2024-11-21T00:00:00.000Z,51419.0,20449336.3,https://api-prod.etf.com/private/fund/SKYY/holdings?type=securities&formatValues=true,ETFCOM,ETFCOM_VALIDATED_CURRENT_MEMBERSHIP
SKYY,FSLY,FSLY,0.57,"Fastly, Inc. Class A",2024-11-21T00:00:00.000Z,2676587.0,20368827.07,https://api-prod.etf.com/private/fund/SKYY/holdings?type=securities&formatValues=true,ETFCOM,ETFCOM_VALIDATED_CURRENT_MEMBERSHIP
SKYY,INTU,INTU,0.56,Intuit Inc.,2024-11-21T00:00:00.000Z,29591.0,20083411.7,https://api-prod.etf.com/private/fund/SKYY/holdings?type=securities&formatValues=true,ETFCOM,ETFCOM_VALIDATED_CURRENT_MEMBERSHIP
SKYY,ASAN,ASAN,0.55,"Asana, Inc. Class A",2024-11-21T00:00:00.000Z,1326473.0,19525682.56,https://api-prod.etf.com/private/fund/SKYY/holdings?type=securities&formatValues=true,ETFCOM,ETFCOM_VALIDATED_CURRENT_MEMBERSHIP
SKYY,ZS,ZS,0.54,"Zscaler, Inc.",2024-11-21T00:00:00.000Z,93265.0,19333834.5,https://api-prod.etf.com/private/fund/SKYY/holdings?type=securities&formatValues=true,ETFCOM,ETFCOM_VALIDATED_CURRENT_MEMBERSHIP
SKYY,BOX,BOX,0.54,"Box, Inc. Class A",2024-11-21T00:00:00.000Z,572087.0,19170635.37,https://api-prod.etf.com/private/fund/SKYY/holdings?type=securities&formatValues=true,ETFCOM,ETFCOM_VALIDATED_CURRENT_MEMBERSHIP
SKYY,BLKB,BLKB,0.53,"Blackbaud, Inc.",2024-11-21T00:00:00.000Z,223090.0,19045193.3,https://api-prod.etf.com/private/fund/SKYY/holdings?type=securities&formatValues=true,ETFCOM,ETFCOM_VALIDATED_CURRENT_MEMBERSHIP
SKYY,APPF,APPF,0.53,AppFolio Inc Class A,2024-11-21T00:00:00.000Z,80394.0,19031671.62,https://api-prod.etf.com/private/fund/SKYY/holdings?type=securities&formatValues=true,ETFCOM,ETFCOM_VALIDATED_CURRENT_MEMBERSHIP
SKYY,WDAY,WDAY,0.53,"Workday, Inc. Class A",2024-11-21T00:00:00.000Z,70865.0,18996780.55,https://api-prod.etf.com/private/fund/SKYY/holdings?type=securities&formatValues=true,ETFCOM,ETFCOM_VALIDATED_CURRENT_MEMBERSHIP
SKYY,VEEV,VEEV,0.52,Veeva Systems Inc Class A,2024-11-21T00:00:00.000Z,86172.0,18487340.88,https://api-prod.etf.com/private/fund/SKYY/holdings?type=securities&formatValues=true,ETFCOM,ETFCOM_VALIDATED_CURRENT_MEMBERSHIP
SKYY,SPT,SPT,0.51,"Sprout Social, Inc. Class A",2024-11-21T00:00:00.000Z,599684.0,18182418.88,https://api-prod.etf.com/private/fund/SKYY/holdings?type=securities&formatValues=true,ETFCOM,ETFCOM_VALIDATED_CURRENT_MEMBERSHIP
XES,BKR,BKR,5.9,Baker Hughes Company Class A,2024-11-20T00:00:00.000Z,289760.0,12839265.6,https://api-prod.etf.com/private/fund/XES/holdings?type=securities&formatValues=true,ETFCOM,ETFCOM_VALIDATED_CURRENT_MEMBERSHIP
XES,FTI,FTI,5.32,TechnipFMC plc,2024-11-20T00:00:00.000Z,399403.0,11582687.0,https://api-prod.etf.com/private/fund/XES/holdings?type=securities&formatValues=true,ETFCOM,ETFCOM_VALIDATED_CURRENT_MEMBERSHIP
XES,WHD,WHD,5.17,"Cactus, Inc. Class A",2024-11-20T00:00:00.000Z,172386.0,11255081.94,https://api-prod.etf.com/private/fund/XES/holdings?type=securities&formatValues=true,ETFCOM,ETFCOM_VALIDATED_CURRENT_MEMBERSHIP
XES,HAL,HAL,4.98,Halliburton Company,2024-11-20T00:00:00.000Z,347843.0,10845744.74,https://api-prod.etf.com/private/fund/XES/holdings?type=securities&formatValues=true,ETFCOM,ETFCOM_VALIDATED_CURRENT_MEMBERSHIP
XES,HP,HP,4.96,"Helmerich & Payne, Inc.",2024-11-20T00:00:00.000Z,320557.0,10812387.61,https://api-prod.etf.com/private/fund/XES/holdings?type=securities&formatValues=true,ETFCOM,ETFCOM_VALIDATED_CURRENT_MEMBERSHIP
XES,AROC,AROC,4.92,Archrock Inc.,2024-11-20T00:00:00.000Z,440927.0,10723344.64,https://api-prod.etf.com/private/fund/XES/holdings?type=securities&formatValues=true,ETFCOM,ETFCOM_VALIDATED_CURRENT_MEMBERSHIP
XES,SLB,SLB,4.87,Schlumberger Limited,2024-11-20T00:00:00.000Z,243857.0,10615095.21,https://api-prod.etf.com/private/fund/XES/holdings?type=securities&formatValues=true,ETFCOM,ETFCOM_VALIDATED_CURRENT_MEMBERSHIP
XES,CHX,CHX,4.83,ChampionX Corporation,2024-11-20T00:00:00.000Z,342880.0,10526416.0,https://api-prod.etf.com/private/fund/XES/holdings?type=securities&formatValues=true,ETFCOM,ETFCOM_VALIDATED_CURRENT_MEMBERSHIP
XES,PTEN,PTEN,4.6,"Patterson-UTI Energy, Inc.",2024-11-20T00:00:00.000Z,1233482.0,10028208.66,https://api-prod.etf.com/private/fund/XES/holdings?type=securities&formatValues=true,ETFCOM,ETFCOM_VALIDATED_CURRENT_MEMBERSHIP
XES,NOV,NOV,4.59,NOV Inc.,2024-11-20T00:00:00.000Z,615237.0,10003753.62,https://api-prod.etf.com/private/fund/XES/holdings?type=securities&formatValues=true,ETFCOM,ETFCOM_VALIDATED_CURRENT_MEMBERSHIP
XES,RIG,RIG,4.58,Transocean Ltd.,2024-11-20T00:00:00.000Z,2356285.0,9967085.55,https://api-prod.etf.com/private/fund/XES/holdings?type=securities&formatValues=true,ETFCOM,ETFCOM_VALIDATED_CURRENT_MEMBERSHIP
XES,NE,NE,4.52,Noble Corporation PLC Class A,2024-11-20T00:00:00.000Z,286211.0,9839934.18,https://api-prod.etf.com/private/fund/XES/holdings?type=securities&formatValues=true,ETFCOM,ETFCOM_VALIDATED_CURRENT_MEMBERSHIP
XES,LBRT,LBRT,4.08,"Liberty Energy, Inc. Class A",2024-11-20T00:00:00.000Z,506118.0,8892493.259999998,https://api-prod.etf.com/private/fund/XES/holdings?type=securities&formatValues=true,ETFCOM,ETFCOM_VALIDATED_CURRENT_MEMBERSHIP
XES,WFRD,WFRD,4.05,Weatherford International plc,2024-11-20T00:00:00.000Z,106978.0,8818196.54,https://api-prod.etf.com/private/fund/XES/holdings?type=securities&formatValues=true,ETFCOM,ETFCOM_VALIDATED_CURRENT_MEMBERSHIP
XES,VAL,VAL,3.9,Valaris Ltd.,2024-11-20T00:00:00.000Z,180122.0,8501758.4,https://api-prod.etf.com/private/fund/XES/holdings?type=securities&formatValues=true,ETFCOM,ETFCOM_VALIDATED_CURRENT_MEMBERSHIP
XES,OII,OII,3.61,"Oceaneering International, Inc.",2024-11-20T00:00:00.000Z,281370.0,7869918.9,https://api-prod.etf.com/private/fund/XES/holdings?type=securities&formatValues=true,ETFCOM,ETFCOM_VALIDATED_CURRENT_MEMBERSHIP
XES,TDW,TDW,3.17,Tidewater Inc,2024-11-20T00:00:00.000Z,136844.0,6902411.36,https://api-prod.etf.com/private/fund/XES/holdings?type=securities&formatValues=true,ETFCOM,ETFCOM_VALIDATED_CURRENT_MEMBERSHIP
XES,HLX,HLX,3.05,"Helix Energy Solutions Group, Inc.",2024-11-20T00:00:00.000Z,610819.0,6651818.91,https://api-prod.etf.com/private/fund/XES/holdings?type=securities&formatValues=true,ETFCOM,ETFCOM_VALIDATED_CURRENT_MEMBERSHIP
XES,AESI,AESI,2.74,Atlas Energy Solutions Inc.,2024-11-20T00:00:00.000Z,281653.0,5973860.13,https://api-prod.etf.com/private/fund/XES/holdings?type=securities&formatValues=true,ETFCOM,ETFCOM_VALIDATED_CURRENT_MEMBERSHIP
XES,XPRO,XPRO,2.27,Expro Group Holdings N.V.,2024-11-20T00:00:00.000Z,381388.0,4935160.72,https://api-prod.etf.com/private/fund/XES/holdings?type=securities&formatValues=true,ETFCOM,ETFCOM_VALIDATED_CURRENT_MEMBERSHIP
XES,WTTR,WTTR,2.19,"Select Water Solutions, Inc. Class A",2024-11-20T00:00:00.000Z,336282.0,4775204.4,https://api-prod.etf.com/private/fund/XES/holdings?type=securities&formatValues=true,ETFCOM,ETFCOM_VALIDATED_CURRENT_MEMBERSHIP
XES,KGS,KGS,1.96,"Kodiak Gas Services, Inc.",2024-11-20T00:00:00.000Z,109386.0,4276992.6,https://api-prod.etf.com/private/fund/XES/holdings?type=securities&formatValues=true,ETFCOM,ETFCOM_VALIDATED_CURRENT_MEMBERSHIP
XES,NBR,NBR,1.85,Nabors Industries Ltd.,2024-11-20T00:00:00.000Z,55425.0,4020529.5,https://api-prod.etf.com/private/fund/XES/holdings?type=securities&formatValues=true,ETFCOM,ETFCOM_VALIDATED_CURRENT_MEMBERSHIP
XES,CLB,CLB,1.75,Core Laboratories Inc.,2024-11-20T00:00:00.000Z,187919.0,3816634.89,https://api-prod.etf.com/private/fund/XES/holdings?type=securities&formatValues=true,ETFCOM,ETFCOM_VALIDATED_CURRENT_MEMBERSHIP
XES,PUMP,PUMP,1.61,ProPetro Holding Corp.,2024-11-20T00:00:00.000Z,449489.0,3510509.09,https://api-prod.etf.com/private/fund/XES/holdings?type=securities&formatValues=true,ETFCOM,ETFCOM_VALIDATED_CURRENT_MEMBERSHIP
XES,RES,RES,1.3,"RPC, Inc.",2024-11-20T00:00:00.000Z,474006.0,2829815.82,https://api-prod.etf.com/private/fund/XES/holdings?type=securities&formatValues=true,ETFCOM,ETFCOM_VALIDATED_CURRENT_MEMBERSHIP
XES,INVX,INVX,0.84,"Innovex International, Inc.",2024-11-20T00:00:00.000Z,108786.0,1838483.4,https://api-prod.etf.com/private/fund/XES/holdings?type=securities&formatValues=true,ETFCOM,ETFCOM_VALIDATED_CURRENT_MEMBERSHIP
XES,NR,NR,0.82,"Newpark Resources, Inc.",2024-11-20T00:00:00.000Z,241555.0,1787507.0,https://api-prod.etf.com/private/fund/XES/holdings?type=securities&formatValues=true,ETFCOM,ETFCOM_VALIDATED_CURRENT_MEMBERSHIP
XES,TTI,TTI,0.79,"TETRA Technologies, Inc.",2024-11-20T00:00:00.000Z,430906.0,1710696.82,https://api-prod.etf.com/private/fund/XES/holdings?type=securities&formatValues=true,ETFCOM,ETFCOM_VALIDATED_CURRENT_MEMBERSHIP
XES,VTOL,VTOL,0.69,Bristow Group Inc,2024-11-20T00:00:00.000Z,39928.0,1497699.28,https://api-prod.etf.com/private/fund/XES/holdings?type=securities&formatValues=true,ETFCOM,ETFCOM_VALIDATED_CURRENT_MEMBERSHIP
AIQ,TSLA,TSLA,3.88,"Tesla, Inc.",2024-11-20T00:00:00.000Z,274064.0,93738109.92,https://api-prod.etf.com/private/fund/AIQ/holdings?type=securities&formatValues=true,ETFCOM,ETFCOM_VALIDATED_CURRENT_MEMBERSHIP
AIQ,NFLX,NFLX,3.85,"Netflix, Inc.",2024-11-20T00:00:00.000Z,105186.0,92968646.1,https://api-prod.etf.com/private/fund/AIQ/holdings?type=securities&formatValues=true,ETFCOM,ETFCOM_VALIDATED_CURRENT_MEMBERSHIP
AIQ,NOW,NOW,3.74,"ServiceNow, Inc.",2024-11-20T00:00:00.000Z,88248.0,90275939.04,https://api-prod.etf.com/private/fund/AIQ/holdings?type=securities&formatValues=true,ETFCOM,ETFCOM_VALIDATED_CURRENT_MEMBERSHIP
AIQ,ORCL,ORCL,3.72,Oracle Corporation,2024-11-20T00:00:00.000Z,471824.0,90000428.0,https://api-prod.etf.com/private/fund/AIQ/holdings?type=securities&formatValues=true,ETFCOM,ETFCOM_VALIDATED_CURRENT_MEMBERSHIP
AIQ,CRM,CRM,3.56,"Salesforce, Inc.",2024-11-20T00:00:00.000Z,263864.0,85940504.79999998,https://api-prod.etf.com/private/fund/AIQ/holdings?type=securities&formatValues=true,ETFCOM,ETFCOM_VALIDATED_CURRENT_MEMBERSHIP
AIQ,CSCO,CSCO,3.47,"Cisco Systems, Inc.",2024-11-20T00:00:00.000Z,1456890.0,83771175.0,https://api-prod.etf.com/private/fund/AIQ/holdings?type=securities&formatValues=true,ETFCOM,ETFCOM_VALIDATED_CURRENT_MEMBERSHIP
AIQ,NVDA,NVDA,3.33,NVIDIA Corporation,2024-11-20T00:00:00.000Z,550959.0,80379408.51,https://api-prod.etf.com/private/fund/AIQ/holdings?type=securities&formatValues=true,ETFCOM,ETFCOM_VALIDATED_CURRENT_MEMBERSHIP
AIQ,IBM,IBM,3.26,International Business Machines Corporation,2024-11-20T00:00:00.000Z,366895.0,78735667.0,https://api-prod.etf.com/private/fund/AIQ/holdings?type=securities&formatValues=true,ETFCOM,ETFCOM_VALIDATED_CURRENT_MEMBERSHIP
AIQ,META,META,3.24,Meta Platforms Inc Class A,2024-11-20T00:00:00.000Z,138256.0,78186533.12,https://api-prod.etf.com/private/fund/AIQ/holdings?type=securities&formatValues=true,ETFCOM,ETFCOM_VALIDATED_CURRENT_MEMBERSHIP
AIQ,BABA,BABA,3.19,Alibaba Group Holding Limited Sponsored ADR,2024-11-20T00:00:00.000Z,887506.0,77008895.62,https://api-prod.etf.com/private/fund/AIQ/holdings?type=securities&formatValues=true,ETFCOM,ETFCOM_VALIDATED_CURRENT_MEMBERSHIP
AIQ,AMZN,AMZN,3.04,"Amazon.com, Inc.",2024-11-20T00:00:00.000Z,362276.0,73498554.87999998,https://api-prod.etf.com/private/fund/AIQ/holdings?type=securities&formatValues=true,ETFCOM,ETFCOM_VALIDATED_CURRENT_MEMBERSHIP
AIQ,ACN,ACN,3.02,Accenture Plc Class A,2024-11-20T00:00:00.000Z,204394.0,72982965.58,https://api-prod.etf.com/private/fund/AIQ/holdings?type=securities&formatValues=true,ETFCOM,ETFCOM_VALIDATED_CURRENT_MEMBERSHIP
AIQ,AAPL,AAPL,2.84,Apple Inc.,2024-11-20T00:00:00.000Z,300071.0,68716259.0,https://api-prod.etf.com/private/fund/AIQ/holdings?type=securities&formatValues=true,ETFCOM,ETFCOM_VALIDATED_CURRENT_MEMBERSHIP
AIQ,AVGO,AVGO,2.79,Broadcom Inc.,2024-11-20T00:00:00.000Z,412388.0,67322341.0,https://api-prod.etf.com/private/fund/AIQ/holdings?type=securities&formatValues=true,ETFCOM,ETFCOM_VALIDATED_CURRENT_MEMBERSHIP
AIQ,GOOGL,GOOGL,2.71,Alphabet Inc. Class A,2024-11-20T00:00:00.000Z,371625.0,65398567.5,https://api-prod.etf.com/private/fund/AIQ/holdings?type=securities&formatValues=true,ETFCOM,ETFCOM_VALIDATED_CURRENT_MEMBERSHIP
AIQ,MSFT,MSFT,2.61,Microsoft Corporation,2024-11-20T00:00:00.000Z,151838.0,63087170.62,https://api-prod.etf.com/private/fund/AIQ/holdings?type=securities&formatValues=true,ETFCOM,ETFCOM_VALIDATED_CURRENT_MEMBERSHIP
AIQ,ADBE,ADBE,2.55,Adobe Inc.,2024-11-20T00:00:00.000Z,123564.0,61720218.0,https://api-prod.etf.com/private/fund/AIQ/holdings?type=securities&formatValues=true,ETFCOM,ETFCOM_VALIDATED_CURRENT_MEMBERSHIP
AIQ,UBER,UBER,2.25,"Uber Technologies, Inc.",2024-11-20T00:00:00.000Z,781166.0,54369153.6,https://api-prod.etf.com/private/fund/AIQ/holdings?type=securities&formatValues=true,ETFCOM,ETFCOM_VALIDATED_CURRENT_MEMBERSHIP
AIQ,QCOM,QCOM,2.23,QUALCOMM Incorporated,2024-11-20T00:00:00.000Z,349284.0,53884042.68,https://api-prod.etf.com/private/fund/AIQ/holdings?type=securities&formatValues=true,ETFCOM,ETFCOM_VALIDATED_CURRENT_MEMBERSHIP
AIQ,SHOP,SHOP,1.94,"Shopify, Inc. Class A",2024-11-20T00:00:00.000Z,452093.0,46990546.42,https://api-prod.etf.com/private/fund/AIQ/holdings?type=securities&formatValues=true,ETFCOM,ETFCOM_VALIDATED_CURRENT_MEMBERSHIP
AIQ,MU,MU,1.69,"Micron Technology, Inc.",2024-11-20T00:00:00.000Z,414469.0,40771315.53,https://api-prod.etf.com/private/fund/AIQ/holdings?type=securities&formatValues=true,ETFCOM,ETFCOM_VALIDATED_CURRENT_MEMBERSHIP
AIQ,INTC,INTC,1.58,Intel Corporation,2024-11-20T00:00:00.000Z,1591582.0,38213883.82,https://api-prod.etf.com/private/fund/AIQ/holdings?type=securities&formatValues=true,ETFCOM,ETFCOM_VALIDATED_CURRENT_MEMBERSHIP
AIQ,SNPS,SNPS,1.28,"Synopsys, Inc.",2024-11-20T00:00:00.000Z,57159.0,30955028.04,https://api-prod.etf.com/private/fund/AIQ/holdings?type=securities&formatValues=true,ETFCOM,ETFCOM_VALIDATED_CURRENT_MEMBERSHIP
AIQ,CDNS,CDNS,1.28,"Cadence Design Systems, Inc.",2024-11-20T00:00:00.000Z,101746.0,30931801.46,https://api-prod.etf.com/private/fund/AIQ/holdings?type=securities&formatValues=true,ETFCOM,ETFCOM_VALIDATED_CURRENT_MEMBERSHIP
AIQ,FTNT,FTNT,1.09,"Fortinet, Inc.",2024-11-20T00:00:00.000Z,284174.0,26271886.3,https://api-prod.etf.com/private/fund/AIQ/holdings?type=securities&formatValues=true,ETFCOM,ETFCOM_VALIDATED_CURRENT_MEMBERSHIP
AIQ,NXPI,NXPI,0.87,NXP Semiconductors NV,2024-11-20T00:00:00.000Z,95574.0,21058775.16,https://api-prod.etf.com/private/fund/AIQ/holdings?type=securities&formatValues=true,ETFCOM,ETFCOM_VALIDATED_CURRENT_MEMBERSHIP
AIQ,WDAY,WDAY,0.85,"Workday, Inc. Class A",2024-11-20T00:00:00.000Z,79174.0,20540902.56,https://api-prod.etf.com/private/fund/AIQ/holdings?type=securities&formatValues=true,ETFCOM,ETFCOM_VALIDATED_CURRENT_MEMBERSHIP
AIQ,TTD,TTD,0.85,"Trade Desk, Inc. Class A",2024-11-20T00:00:00.000Z,165520.0,20507928.0,https://api-prod.etf.com/private/fund/AIQ/holdings?type=securities&formatValues=true,ETFCOM,ETFCOM_VALIDATED_CURRENT_MEMBERSHIP
AIQ,DDOG,DDOG,0.65,Datadog Inc Class A,2024-11-20T00:00:00.000Z,115275.0,15613998.75,https://api-prod.etf.com/private/fund/AIQ/holdings?type=securities&formatValues=true,ETFCOM,ETFCOM_VALIDATED_CURRENT_MEMBERSHIP
AIQ,GEHC,GEHC,0.6,GE Healthcare Technologies Inc.,2024-11-20T00:00:00.000Z,169837.0,14419161.3,https://api-prod.etf.com/private/fund/AIQ/holdings?type=securities&formatValues=true,ETFCOM,ETFCOM_VALIDATED_CURRENT_MEMBERSHIP
AIQ,ROK,ROK,0.49,"Rockwell Automation, Inc.",2024-11-20T00:00:00.000Z,42353.0,11862228.24,https://api-prod.etf.com/private/fund/AIQ/holdings?type=securities&formatValues=true,ETFCOM,ETFCOM_VALIDATED_CURRENT_MEMBERSHIP
AIQ,EBAY,EBAY,0.47,eBay Inc.,2024-11-20T00:00:00.000Z,186593.0,11348586.26,https://api-prod.etf.com/private/fund/AIQ/holdings?type=securities&formatValues=true,ETFCOM,ETFCOM_VALIDATED_CURRENT_MEMBERSHIP
AIQ,ZS,ZS,0.47,"Zscaler, Inc.",2024-11-20T00:00:00.000Z,56166.0,11285996.04,https://api-prod.etf.com/private/fund/AIQ/holdings?type=securities&formatValues=true,ETFCOM,ETFCOM_VALIDATED_CURRENT_MEMBERSHIP
AIQ,TWLO,TWLO,0.45,"Twilio, Inc. Class A",2024-11-20T00:00:00.000Z,111632.0,10989054.08,https://api-prod.etf.com/private/fund/AIQ/holdings?type=securities&formatValues=true,ETFCOM,ETFCOM_VALIDATED_CURRENT_MEMBERSHIP
AIQ,HPE,HPE,0.43,Hewlett Packard Enterprise Co.,2024-11-20T00:00:00.000Z,486419.0,10302354.42,https://api-prod.etf.com/private/fund/AIQ/holdings?type=securities&formatValues=true,ETFCOM,ETFCOM_VALIDATED_CURRENT_MEMBERSHIP
AIQ,DOCU,DOCU,0.39,"DocuSign, Inc.",2024-11-20T00:00:00.000Z,119373.0,9407786.13,https://api-prod.etf.com/private/fund/AIQ/holdings?type=securities&formatValues=true,ETFCOM,ETFCOM_VALIDATED_CURRENT_MEMBERSHIP
AIQ,BIDU,BIDU,0.39,"Baidu, Inc. Sponsored ADR Class A",2024-11-20T00:00:00.000Z,107363.0,9313740.25,https://api-prod.etf.com/private/fund/AIQ/holdings?type=securities&formatValues=true,ETFCOM,ETFCOM_VALIDATED_CURRENT_MEMBERSHIP
AIQ,PEGA,PEGA,0.38,Pegasystems Inc.,2024-11-20T00:00:00.000Z,106638.0,9267908.58,https://api-prod.etf.com/private/fund/AIQ/holdings?type=securities&formatValues=true,ETFCOM,ETFCOM_VALIDATED_CURRENT_MEMBERSHIP
AIQ,ERIC,ERIC,0.38,Telefonaktiebolaget LM Ericsson Sponsored ADR Class B,2024-11-20T00:00:00.000Z,1157949.0,9252012.51,https://api-prod.etf.com/private/fund/AIQ/holdings?type=securities&formatValues=true,ETFCOM,ETFCOM_VALIDATED_CURRENT_MEMBERSHIP
AIQ,HUBB,HUBB,0.37,Hubbell Incorporated,2024-11-20T00:00:00.000Z,20111.0,8961059.38,https://api-prod.etf.com/private/fund/AIQ/holdings?type=securities&formatValues=true,ETFCOM,ETFCOM_VALIDATED_CURRENT_MEMBERSHIP
AIQ,G,G,0.37,Genpact Limited,2024-11-20T00:00:00.000Z,199929.0,8924830.56,https://api-prod.etf.com/private/fund/AIQ/holdings?type=securities&formatValues=true,ETFCOM,ETFCOM_VALIDATED_CURRENT_MEMBERSHIP
AIQ,ZBRA,ZBRA,0.32,Zebra Technologies Corporation Class A,2024-11-20T00:00:00.000Z,20180.0,7759815.4,https://api-prod.etf.com/private/fund/AIQ/holdings?type=securities&formatValues=true,ETFCOM,ETFCOM_VALIDATED_CURRENT_MEMBERSHIP
AIQ,SMAR,SMAR,0.32,"Smartsheet, Inc. Class A",2024-11-20T00:00:00.000Z,138672.0,7757311.679999999,https://api-prod.etf.com/private/fund/AIQ/holdings?type=securities&formatValues=true,ETFCOM,ETFCOM_VALIDATED_CURRENT_MEMBERSHIP
AIQ,AI,AI,0.32,"C3.ai, Inc. Class A",2024-11-20T00:00:00.000Z,235800.0,7630488.0,https://api-prod.etf.com/private/fund/AIQ/holdings?type=securities&formatValues=true,ETFCOM,ETFCOM_VALIDATED_CURRENT_MEMBERSHIP
AIQ,STX,STX,0.32,Seagate Technology Holdings PLC,2024-11-20T00:00:00.000Z,77834.0,7629288.679999999,https://api-prod.etf.com/private/fund/AIQ/holdings?type=securities&formatValues=true,ETFCOM,ETFCOM_VALIDATED_CURRENT_MEMBERSHIP
AIQ,CCCS,CCCS,0.3,CCC Intelligent Solutions Holdings Inc,2024-11-20T00:00:00.000Z,600070.0,7212841.4,https://api-prod.etf.com/private/fund/AIQ/holdings?type=securities&formatValues=true,ETFCOM,ETFCOM_VALIDATED_CURRENT_MEMBERSHIP
AIQ,DXC,DXC,0.3,DXC Technology Co.,2024-11-20T00:00:00.000Z,339065.0,7178006.05,https://api-prod.etf.com/private/fund/AIQ/holdings?type=securities&formatValues=true,ETFCOM,ETFCOM_VALIDATED_CURRENT_MEMBERSHIP
AIQ,PATH,PATH,0.29,"UiPath, Inc. Class A",2024-11-20T00:00:00.000Z,543932.0,7000404.84,https://api-prod.etf.com/private/fund/AIQ/holdings?type=securities&formatValues=true,ETFCOM,ETFCOM_VALIDATED_CURRENT_MEMBERSHIP
AIQ,INFA,INFA,0.29,"Informatica, Inc. Class A",2024-11-20T00:00:00.000Z,268902.0,6953805.72,https://api-prod.etf.com/private/fund/AIQ/holdings?type=securities&formatValues=true,ETFCOM,ETFCOM_VALIDATED_CURRENT_MEMBERSHIP
AIQ,AMBA,AMBA,0.28,"Ambarella, Inc.",2024-11-20T00:00:00.000Z,115759.0,6837884.13,https://api-prod.etf.com/private/fund/AIQ/holdings?type=securities&formatValues=true,ETFCOM,ETFCOM_VALIDATED_CURRENT_MEMBERSHIP
AIQ,PCOR,PCOR,0.28,Procore Technologies Inc,2024-11-20T00:00:00.000Z,95641.0,6719736.66,https://api-prod.etf.com/private/fund/AIQ/holdings?type=securities&formatValues=true,ETFCOM,ETFCOM_VALIDATED_CURRENT_MEMBERSHIP
AIQ,TDC,TDC,0.26,Teradata Corporation,2024-11-20T00:00:00.000Z,207382.0,6215238.54,https://api-prod.etf.com/private/fund/AIQ/holdings?type=securities&formatValues=true,ETFCOM,ETFCOM_VALIDATED_CURRENT_MEMBERSHIP
AIQ,SMCI,SMCI,0.23,"Super Micro Computer, Inc.",2024-11-20T00:00:00.000Z,216710.0,5591118.0,https://api-prod.etf.com/private/fund/AIQ/holdings?type=securities&formatValues=true,ETFCOM,ETFCOM_VALIDATED_CURRENT_MEMBERSHIP
AIQ,SNAP,SNAP,0.23,"Snap, Inc. Class A",2024-11-20T00:00:00.000Z,520605.0,5513206.95,https://api-prod.etf.com/private/fund/AIQ/holdings?type=securities&formatValues=true,ETFCOM,ETFCOM_VALIDATED_CURRENT_MEMBERSHIP
AIQ,OKTA,OKTA,0.21,"Okta, Inc. Class A",2024-11-20T00:00:00.000Z,69701.0,5136266.69,https://api-prod.etf.com/private/fund/AIQ/holdings?type=securities&formatValues=true,ETFCOM,ETFCOM_VALIDATED_CURRENT_MEMBERSHIP
AIQ,VRNT,VRNT,0.19,Verint Systems Inc.,2024-11-20T00:00:00.000Z,193186.0,4499301.94,https://api-prod.etf.com/private/fund/AIQ/holdings?type=securities&formatValues=true,ETFCOM,ETFCOM_VALIDATED_CURRENT_MEMBERSHIP
AIQ,VSAT,VSAT,0.11,"ViaSat, Inc.",2024-11-20T00:00:00.000Z,387079.0,2682457.47,https://api-prod.etf.com/private/fund/AIQ/holdings?type=securities&formatValues=true,ETFCOM,ETFCOM_VALIDATED_CURRENT_MEMBERSHIP
ARKW,TSLA,TSLA,10.11,"Tesla, Inc.",2024-11-21T00:00:00.000Z,511808.0,173830469.12,https://api-prod.etf.com/private/fund/ARKW/holdings?type=securities&formatValues=true,ETFCOM,ETFCOM_VALIDATED_CURRENT_MEMBERSHIP
ARKW,COIN,COIN,7.03,"Coinbase Global, Inc. Class A",2024-11-21T00:00:00.000Z,409584.0,120921484.32,https://api-prod.etf.com/private/fund/ARKW/holdings?type=securities&formatValues=true,ETFCOM,ETFCOM_VALIDATED_CURRENT_MEMBERSHIP
ARKW,ROKU,ROKU,7.03,"Roku, Inc. Class A",2024-11-21T00:00:00.000Z,1759748.0,120859492.64,https://api-prod.etf.com/private/fund/ARKW/holdings?type=securities&formatValues=true,ETFCOM,ETFCOM_VALIDATED_CURRENT_MEMBERSHIP
ARKW,RBLX,RBLX,5.22,Roblox Corp. Class A,2024-11-21T00:00:00.000Z,1818149.0,89725653.15,https://api-prod.etf.com/private/fund/ARKW/holdings?type=securities&formatValues=true,ETFCOM,ETFCOM_VALIDATED_CURRENT_MEMBERSHIP
ARKW,HOOD,HOOD,5.14,"Robinhood Markets, Inc. Class A",2024-11-21T00:00:00.000Z,2517709.0,88346408.81,https://api-prod.etf.com/private/fund/ARKW/holdings?type=securities&formatValues=true,ETFCOM,ETFCOM_VALIDATED_CURRENT_MEMBERSHIP
ARKW,SQ,SQ,5.11,"Block, Inc. Class A",2024-11-21T00:00:00.000Z,947794.0,87860503.79999998,https://api-prod.etf.com/private/fund/ARKW/holdings?type=securities&formatValues=true,ETFCOM,ETFCOM_VALIDATED_CURRENT_MEMBERSHIP
ARKW,PLTR,PLTR,4.32,Palantir Technologies Inc. Class A,2024-11-21T00:00:00.000Z,1211802.0,74356170.72,https://api-prod.etf.com/private/fund/ARKW/holdings?type=securities&formatValues=true,ETFCOM,ETFCOM_VALIDATED_CURRENT_MEMBERSHIP
ARKW,META,META,4.17,Meta Platforms Inc Class A,2024-11-21T00:00:00.000Z,127307.0,71685298.63,https://api-prod.etf.com/private/fund/ARKW/holdings?type=securities&formatValues=true,ETFCOM,ETFCOM_VALIDATED_CURRENT_MEMBERSHIP
ARKW,SHOP,SHOP,3.99,"Shopify, Inc. Class A",2024-11-21T00:00:00.000Z,644918.0,68670868.64,https://api-prod.etf.com/private/fund/ARKW/holdings?type=securities&formatValues=true,ETFCOM,ETFCOM_VALIDATED_CURRENT_MEMBERSHIP
ARKW,DKNG,DKNG,2.36,"DraftKings, Inc. Class A",2024-11-21T00:00:00.000Z,931599.0,40571136.45,https://api-prod.etf.com/private/fund/ARKW/holdings?type=securities&formatValues=true,ETFCOM,ETFCOM_VALIDATED_CURRENT_MEMBERSHIP
ARKW,CRWD,CRWD,2.08,"CrowdStrike Holdings, Inc. Class A",2024-11-21T00:00:00.000Z,99963.0,35741770.65,https://api-prod.etf.com/private/fund/ARKW/holdings?type=securities&formatValues=true,ETFCOM,ETFCOM_VALIDATED_CURRENT_MEMBERSHIP
ARKW,NET,NET,2.07,Cloudflare Inc Class A,2024-11-21T00:00:00.000Z,342119.0,35662484.56,https://api-prod.etf.com/private/fund/ARKW/holdings?type=securities&formatValues=true,ETFCOM,ETFCOM_VALIDATED_CURRENT_MEMBERSHIP
ARKW,TTD,TTD,1.86,"Trade Desk, Inc. Class A",2024-11-21T00:00:00.000Z,251571.0,32037566.85,https://api-prod.etf.com/private/fund/ARKW/holdings?type=securities&formatValues=true,ETFCOM,ETFCOM_VALIDATED_CURRENT_MEMBERSHIP
ARKW,SPOT,SPOT,1.77,Spotify Technology SA,2024-11-21T00:00:00.000Z,64493.0,30356855.1,https://api-prod.etf.com/private/fund/ARKW/holdings?type=securities&formatValues=true,ETFCOM,ETFCOM_VALIDATED_CURRENT_MEMBERSHIP
ARKW,PATH,PATH,1.58,"UiPath, Inc. Class A",2024-11-21T00:00:00.000Z,1983649.0,27136318.32,https://api-prod.etf.com/private/fund/ARKW/holdings?type=securities&formatValues=true,ETFCOM,ETFCOM_VALIDATED_CURRENT_MEMBERSHIP
ARKW,MELI,MELI,1.51,"MercadoLibre, Inc.",2024-11-21T00:00:00.000Z,13231.0,26040592.65,https://api-prod.etf.com/private/fund/ARKW/holdings?type=securities&formatValues=true,ETFCOM,ETFCOM_VALIDATED_CURRENT_MEMBERSHIP
ARKW,PD,PD,1.5,"PagerDuty, Inc.",2024-11-21T00:00:00.000Z,1302980.0,25851123.2,https://api-prod.etf.com/private/fund/ARKW/holdings?type=securities&formatValues=true,ETFCOM,ETFCOM_VALIDATED_CURRENT_MEMBERSHIP
ARKW,RDDT,RDDT,1.43,"Reddit, Inc. Class A",2024-11-21T00:00:00.000Z,155401.0,24556466.02,https://api-prod.etf.com/private/fund/ARKW/holdings?type=securities&formatValues=true,ETFCOM,ETFCOM_VALIDATED_CURRENT_MEMBERSHIP
ARKW,AMD,AMD,1.4,"Advanced Micro Devices, Inc.",2024-11-21T00:00:00.000Z,174733.0,24024040.17,https://api-prod.etf.com/private/fund/ARKW/holdings?type=securities&formatValues=true,ETFCOM,ETFCOM_VALIDATED_CURRENT_MEMBERSHIP
ARKW,U,U,1.4,"Unity Software, Inc.",2024-11-21T00:00:00.000Z,1068189.0,23991524.94,https://api-prod.etf.com/private/fund/ARKW/holdings?type=securities&formatValues=true,ETFCOM,ETFCOM_VALIDATED_CURRENT_MEMBERSHIP
ARKW,TOST,TOST,1.35,"Toast, Inc. Class A",2024-11-21T00:00:00.000Z,546412.0,23146012.32,https://api-prod.etf.com/private/fund/ARKW/holdings?type=securities&formatValues=true,ETFCOM,ETFCOM_VALIDATED_CURRENT_MEMBERSHIP
ARKW,NVDA,NVDA,1.21,NVIDIA Corporation,2024-11-21T00:00:00.000Z,141918.0,20815113.06,https://api-prod.etf.com/private/fund/ARKW/holdings?type=securities&formatValues=true,ETFCOM,ETFCOM_VALIDATED_CURRENT_MEMBERSHIP
ARKW,RBRK,RBRK,1.18,"Rubrik, Inc. Class A",2024-11-21T00:00:00.000Z,412900.0,20281648.0,https://api-prod.etf.com/private/fund/ARKW/holdings?type=securities&formatValues=true,ETFCOM,ETFCOM_VALIDATED_CURRENT_MEMBERSHIP
ARKW,PINS,PINS,1.11,"Pinterest, Inc. Class A",2024-11-21T00:00:00.000Z,653253.0,19146845.43,https://api-prod.etf.com/private/fund/ARKW/holdings?type=securities&formatValues=true,ETFCOM,ETFCOM_VALIDATED_CURRENT_MEMBERSHIP
ARKW,GTLB,GTLB,1.06,"Gitlab, Inc. Class A",2024-11-21T00:00:00.000Z,281437.0,18237117.6,https://api-prod.etf.com/private/fund/ARKW/holdings?type=securities&formatValues=true,ETFCOM,ETFCOM_VALIDATED_CURRENT_MEMBERSHIP
ARKW,DDOG,DDOG,1.02,Datadog Inc Class A,2024-11-21T00:00:00.000Z,121697.0,17507330.42,https://api-prod.etf.com/private/fund/ARKW/holdings?type=securities&formatValues=true,ETFCOM,ETFCOM_VALIDATED_CURRENT_MEMBERSHIP
ARKW,TSM,TSM,1.0,"Taiwan Semiconductor Manufacturing Co., Ltd. Sponsored ADR",2024-11-21T00:00:00.000Z,90206.0,17250995.44,https://api-prod.etf.com/private/fund/ARKW/holdings?type=securities&formatValues=true,ETFCOM,ETFCOM_VALIDATED_CURRENT_MEMBERSHIP
ARKW,AMZN,AMZN,0.98,"Amazon.com, Inc.",2024-11-21T00:00:00.000Z,85248.0,16911498.24,https://api-prod.etf.com/private/fund/ARKW/holdings?type=securities&formatValues=true,ETFCOM,ETFCOM_VALIDATED_CURRENT_MEMBERSHIP
ARKW,KIND,KIND,0.97,"Nextdoor Holdings, Inc. Class A",2024-11-21T00:00:00.000Z,6764327.0,16707887.69,https://api-prod.etf.com/private/fund/ARKW/holdings?type=securities&formatValues=true,ETFCOM,ETFCOM_VALIDATED_CURRENT_MEMBERSHIP
ARKW,MSFT,MSFT,0.71,Microsoft Corporation,2024-11-21T00:00:00.000Z,29511.0,12184206.57,https://api-prod.etf.com/private/fund/ARKW/holdings?type=securities&formatValues=true,ETFCOM,ETFCOM_VALIDATED_CURRENT_MEMBERSHIP
ARKW,PSTG,PSTG,0.57,"Pure Storage, Inc. Class A",2024-11-21T00:00:00.000Z,189536.0,9772476.16,https://api-prod.etf.com/private/fund/ARKW/holdings?type=securities&formatValues=true,ETFCOM,ETFCOM_VALIDATED_CURRENT_MEMBERSHIP
ARKW,QCOM,QCOM,0.38,QUALCOMM Incorporated,2024-11-21T00:00:00.000Z,42081.0,6541912.26,https://api-prod.etf.com/private/fund/ARKW/holdings?type=securities&formatValues=true,ETFCOM,ETFCOM_VALIDATED_CURRENT_MEMBERSHIP
BOTZ,NVDA,NVDA,14.01,NVIDIA Corporation,2024-11-20T00:00:00.000Z,2500361.0,364777666.29,https://api-prod.etf.com/private/fund/BOTZ/holdings?type=securities&formatValues=true,ETFCOM,ETFCOM_VALIDATED_CURRENT_MEMBERSHIP
BOTZ,ISRG,ISRG,10.67,"Intuitive Surgical, Inc.",2024-11-20T00:00:00.000Z,512828.0,277860466.96,https://api-prod.etf.com/private/fund/BOTZ/holdings?type=securities&formatValues=true,ETFCOM,ETFCOM_VALIDATED_CURRENT_MEMBERSHIP
BOTZ,DT,DT,4.4,"Dynatrace, Inc.",2024-11-20T00:00:00.000Z,2241905.0,114538926.45,https://api-prod.etf.com/private/fund/BOTZ/holdings?type=securities&formatValues=true,ETFCOM,ETFCOM_VALIDATED_CURRENT_MEMBERSHIP
BOTZ,PEGA,PEGA,3.18,Pegasystems Inc.,2024-11-20T00:00:00.000Z,952057.0,82743273.87,https://api-prod.etf.com/private/fund/BOTZ/holdings?type=securities&formatValues=true,ETFCOM,ETFCOM_VALIDATED_CURRENT_MEMBERSHIP
BOTZ,CGNX,CGNX,2.92,Cognex Corporation,2024-11-20T00:00:00.000Z,1947640.0,76055342.0,https://api-prod.etf.com/private/fund/BOTZ/holdings?type=securities&formatValues=true,ETFCOM,ETFCOM_VALIDATED_CURRENT_MEMBERSHIP
BOTZ,UPST,UPST,2.66,"Upstart Holdings, Inc.",2024-11-20T00:00:00.000Z,983110.0,69210944.0,https://api-prod.etf.com/private/fund/BOTZ/holdings?type=securities&formatValues=true,ETFCOM,ETFCOM_VALIDATED_CURRENT_MEMBERSHIP
BOTZ,AVAV,AVAV,2.43,"AeroVironment, Inc.",2024-11-20T00:00:00.000Z,319077.0,63285732.18,https://api-prod.etf.com/private/fund/BOTZ/holdings?type=securities&formatValues=true,ETFCOM,ETFCOM_VALIDATED_CURRENT_MEMBERSHIP
BOTZ,PATH,PATH,2.31,"UiPath, Inc. Class A",2024-11-20T00:00:00.000Z,4666551.0,60058511.37,https://api-prod.etf.com/private/fund/BOTZ/holdings?type=securities&formatValues=true,ETFCOM,ETFCOM_VALIDATED_CURRENT_MEMBERSHIP
BOTZ,PRCT,PRCT,2.04,PROCEPT BioRobotics Corp.,2024-11-20T00:00:00.000Z,571996.0,53024029.2,https://api-prod.etf.com/private/fund/BOTZ/holdings?type=securities&formatValues=true,ETFCOM,ETFCOM_VALIDATED_CURRENT_MEMBERSHIP
BOTZ,JBT,JBT,1.65,John Bean Technologies Corporation,2024-11-20T00:00:00.000Z,361886.0,42897966.44,https://api-prod.etf.com/private/fund/BOTZ/holdings?type=securities&formatValues=true,ETFCOM,ETFCOM_VALIDATED_CURRENT_MEMBERSHIP
BOTZ,AI,AI,1.65,"C3.ai, Inc. Class A",2024-11-20T00:00:00.000Z,1325052.0,42878682.72,https://api-prod.etf.com/private/fund/BOTZ/holdings?type=securities&formatValues=true,ETFCOM,ETFCOM_VALIDATED_CURRENT_MEMBERSHIP
BOTZ,SYM,SYM,1.42,"Symbotic, Inc. Class A",2024-11-20T00:00:00.000Z,1015172.0,36860895.32,https://api-prod.etf.com/private/fund/BOTZ/holdings?type=securities&formatValues=true,ETFCOM,ETFCOM_VALIDATED_CURRENT_MEMBERSHIP
BOTZ,OMCL,OMCL,0.83,"Omnicell, Inc.",2024-11-20T00:00:00.000Z,516377.0,21594886.14,https://api-prod.etf.com/private/fund/BOTZ/holdings?type=securities&formatValues=true,ETFCOM,ETFCOM_VALIDATED_CURRENT_MEMBERSHIP
BOTZ,HLX,HLX,0.72,"Helix Energy Solutions Group, Inc.",2024-11-20T00:00:00.000Z,1715978.0,18687000.42,https://api-prod.etf.com/private/fund/BOTZ/holdings?type=securities&formatValues=true,ETFCOM,ETFCOM_VALIDATED_CURRENT_MEMBERSHIP
BOTZ,APPN,APPN,0.67,Appian Corporation Class A,2024-11-20T00:00:00.000Z,480352.0,17350314.24,https://api-prod.etf.com/private/fund/BOTZ/holdings?type=securities&formatValues=true,ETFCOM,ETFCOM_VALIDATED_CURRENT_MEMBERSHIP
BOTZ,SOUN,SOUN,0.59,"SoundHound AI, Inc Class A",2024-11-20T00:00:00.000Z,2384367.0,15355323.48,https://api-prod.etf.com/private/fund/BOTZ/holdings?type=securities&formatValues=true,ETFCOM,ETFCOM_VALIDATED_CURRENT_MEMBERSHIP
BOTZ,PRO,PRO,0.46,"PROS Holdings, Inc.",2024-11-20T00:00:00.000Z,532005.0,11980752.6,https://api-prod.etf.com/private/fund/BOTZ/holdings?type=securities&formatValues=true,ETFCOM,ETFCOM_VALIDATED_CURRENT_MEMBERSHIP
BOTZ,FARO,FARO,0.21,"FARO Technologies, Inc.",2024-11-20T00:00:00.000Z,215621.0,5498335.5,https://api-prod.etf.com/private/fund/BOTZ/holdings?type=securities&formatValues=true,ETFCOM,ETFCOM_VALIDATED_CURRENT_MEMBERSHIP
BOTZ,IRBT,IRBT,0.08,iRobot Corporation,2024-11-20T00:00:00.000Z,317745.0,2070108.68,https://api-prod.etf.com/private/fund/BOTZ/holdings?type=securities&formatValues=true,ETFCOM,ETFCOM_VALIDATED_CURRENT_MEMBERSHIP
BOTZ,CRNC,CRNC,0.05,Cerence Inc.,2024-11-20T00:00:00.000Z,472605.0,1332746.1,https://api-prod.etf.com/private/fund/BOTZ/holdings?type=securities&formatValues=true,ETFCOM,ETFCOM_VALIDATED_CURRENT_MEMBERSHIP
SMH,NVDA,NVDA,24.03,NVIDIA Corporation,2024-11-20T00:00:00.000Z,38985869.0,5687648428.41,https://api-prod.etf.com/private/fund/SMH/holdings?type=securities&formatValues=true,ETFCOM,ETFCOM_VALIDATED_CURRENT_MEMBERSHIP
SMH,TSM,TSM,13.21,"Taiwan Semiconductor Manufacturing Co., Ltd. Sponsored ADR",2024-11-20T00:00:00.000Z,16604472.0,3127618345.92,https://api-prod.etf.com/private/fund/SMH/holdings?type=securities&formatValues=true,ETFCOM,ETFCOM_VALIDATED_CURRENT_MEMBERSHIP
SMH,AVGO,AVGO,7.54,Broadcom Inc.,2024-11-20T00:00:00.000Z,10938618.0,1785729388.5,https://api-prod.etf.com/private/fund/SMH/holdings?type=securities&formatValues=true,ETFCOM,ETFCOM_VALIDATED_CURRENT_MEMBERSHIP
SMH,AMD,AMD,4.42,"Advanced Micro Devices, Inc.",2024-11-20T00:00:00.000Z,7603478.0,1046238572.8,https://api-prod.etf.com/private/fund/SMH/holdings?type=securities&formatValues=true,ETFCOM,ETFCOM_VALIDATED_CURRENT_MEMBERSHIP
SMH,TXN,TXN,4.24,Texas Instruments Incorporated,2024-11-20T00:00:00.000Z,5066483.0,1004126265.77,https://api-prod.etf.com/private/fund/SMH/holdings?type=securities&formatValues=true,ETFCOM,ETFCOM_VALIDATED_CURRENT_MEMBERSHIP
SMH,QCOM,QCOM,4.01,QUALCOMM Incorporated,2024-11-20T00:00:00.000Z,6157032.0,949845326.64,https://api-prod.etf.com/private/fund/SMH/holdings?type=securities&formatValues=true,ETFCOM,ETFCOM_VALIDATED_CURRENT_MEMBERSHIP
SMH,INTC,INTC,3.99,Intel Corporation,2024-11-20T00:00:00.000Z,39345121.0,944676355.21,https://api-prod.etf.com/private/fund/SMH/holdings?type=securities&formatValues=true,ETFCOM,ETFCOM_VALIDATED_CURRENT_MEMBERSHIP
SMH,AMAT,AMAT,3.97,"Applied Materials, Inc.",2024-11-20T00:00:00.000Z,5515259.0,940296506.91,https://api-prod.etf.com/private/fund/SMH/holdings?type=securities&formatValues=true,ETFCOM,ETFCOM_VALIDATED_CURRENT_MEMBERSHIP
SMH,ASML,ASML,3.96,ASML Holding NV ADR,2024-11-20T00:00:00.000Z,1424065.0,937647117.95,https://api-prod.etf.com/private/fund/SMH/holdings?type=securities&formatValues=true,ETFCOM,ETFCOM_VALIDATED_CURRENT_MEMBERSHIP
SMH,MU,MU,3.93,"Micron Technology, Inc.",2024-11-20T00:00:00.000Z,9465314.0,931102938.18,https://api-prod.etf.com/private/fund/SMH/holdings?type=securities&formatValues=true,ETFCOM,ETFCOM_VALIDATED_CURRENT_MEMBERSHIP
SMH,ADI,ADI,3.78,"Analog Devices, Inc.",2024-11-20T00:00:00.000Z,4238183.0,894298994.83,https://api-prod.etf.com/private/fund/SMH/holdings?type=securities&formatValues=true,ETFCOM,ETFCOM_VALIDATED_CURRENT_MEMBERSHIP
SMH,LRCX,LRCX,3.49,Lam Research Corporation,2024-11-20T00:00:00.000Z,11806384.0,827037199.2,https://api-prod.etf.com/private/fund/SMH/holdings?type=securities&formatValues=true,ETFCOM,ETFCOM_VALIDATED_CURRENT_MEMBERSHIP
SMH,SNPS,SNPS,3.23,"Synopsys, Inc.",2024-11-20T00:00:00.000Z,1413484.0,765486395.0399998,https://api-prod.etf.com/private/fund/SMH/holdings?type=securities&formatValues=true,ETFCOM,ETFCOM_VALIDATED_CURRENT_MEMBERSHIP
SMH,KLAC,KLAC,3.18,KLA Corporation,2024-11-20T00:00:00.000Z,1222011.0,753773045.13,https://api-prod.etf.com/private/fund/SMH/holdings?type=securities&formatValues=true,ETFCOM,ETFCOM_VALIDATED_CURRENT_MEMBERSHIP
SMH,CDNS,CDNS,3.12,"Cadence Design Systems, Inc.",2024-11-20T00:00:00.000Z,2428429.0,738266700.2899998,https://api-prod.etf.com/private/fund/SMH/holdings?type=securities&formatValues=true,ETFCOM,ETFCOM_VALIDATED_CURRENT_MEMBERSHIP
SMH,MRVL,MRVL,2.55,"Marvell Technology, Inc.",2024-11-20T00:00:00.000Z,6721885.0,604028586.1,https://api-prod.etf.com/private/fund/SMH/holdings?type=securities&formatValues=true,ETFCOM,ETFCOM_VALIDATED_CURRENT_MEMBERSHIP
SMH,NXPI,NXPI,1.81,NXP Semiconductors NV,2024-11-20T00:00:00.000Z,1948515.0,429335795.1,https://api-prod.etf.com/private/fund/SMH/holdings?type=securities&formatValues=true,ETFCOM,ETFCOM_VALIDATED_CURRENT_MEMBERSHIP
SMH,MCHP,MCHP,1.29,Microchip Technology Incorporated,2024-11-20T00:00:00.000Z,4698685.0,305978367.2,https://api-prod.etf.com/private/fund/SMH/holdings?type=securities&formatValues=true,ETFCOM,ETFCOM_VALIDATED_CURRENT_MEMBERSHIP
SMH,MPWR,MPWR,0.93,"Monolithic Power Systems, Inc.",2024-11-20T00:00:00.000Z,394552.0,220972793.12,https://api-prod.etf.com/private/fund/SMH/holdings?type=securities&formatValues=true,ETFCOM,ETFCOM_VALIDATED_CURRENT_MEMBERSHIP
SMH,ON,ON,0.89,ON Semiconductor Corporation,2024-11-20T00:00:00.000Z,3134197.0,210962800.07,https://api-prod.etf.com/private/fund/SMH/holdings?type=securities&formatValues=true,ETFCOM,ETFCOM_VALIDATED_CURRENT_MEMBERSHIP
SMH,STM,STM,0.76,STMicroelectronics NV ADR RegS,2024-11-20T00:00:00.000Z,7374802.0,180682649.0,https://api-prod.etf.com/private/fund/SMH/holdings?type=securities&formatValues=true,ETFCOM,ETFCOM_VALIDATED_CURRENT_MEMBERSHIP
SMH,TER,TER,0.57,"Teradyne, Inc.",2024-11-20T00:00:00.000Z,1302449.0,134907667.42,https://api-prod.etf.com/private/fund/SMH/holdings?type=securities&formatValues=true,ETFCOM,ETFCOM_VALIDATED_CURRENT_MEMBERSHIP
SMH,SWKS,SWKS,0.49,"Skyworks Solutions, Inc.",2024-11-20T00:00:00.000Z,1398779.0,116700131.97,https://api-prod.etf.com/private/fund/SMH/holdings?type=securities&formatValues=true,ETFCOM,ETFCOM_VALIDATED_CURRENT_MEMBERSHIP
SMH,OLED,OLED,0.3,Universal Display Corporation,2024-11-20T00:00:00.000Z,431370.0,71564283.0,https://api-prod.etf.com/private/fund/SMH/holdings?type=securities&formatValues=true,ETFCOM,ETFCOM_VALIDATED_CURRENT_MEMBERSHIP
SMH,QRVO,QRVO,0.23,"Qorvo, Inc.",2024-11-20T00:00:00.000Z,820299.0,53860832.34,https://api-prod.etf.com/private/fund/SMH/holdings?type=securities&formatValues=true,ETFCOM,ETFCOM_VALIDATED_CURRENT_MEMBERSHIP
HYDR,BE,BE,30.47,Bloom Energy Corporation Class A,2024-11-20T00:00:00.000Z,459945.0,11406636.0,https://api-prod.etf.com/private/fund/HYDR/holdings?type=securities&formatValues=true,ETFCOM,ETFCOM_VALIDATED_CURRENT_MEMBERSHIP
HYDR,PLUG,PLUG,8.95,Plug Power Inc.,2024-11-20T00:00:00.000Z,1744962.0,3350327.04,https://api-prod.etf.com/private/fund/HYDR/holdings?type=securities&formatValues=true,ETFCOM,ETFCOM_VALIDATED_CURRENT_MEMBERSHIP
HYDR,CMI,CMI,3.19,Cummins Inc.,2024-11-20T00:00:00.000Z,3310.0,1194744.5,https://api-prod.etf.com/private/fund/HYDR/holdings?type=securities&formatValues=true,ETFCOM,ETFCOM_VALIDATED_CURRENT_MEMBERSHIP
HYDR,APD,APD,3.15,"Air Products and Chemicals, Inc.",2024-11-20T00:00:00.000Z,3601.0,1180587.85,https://api-prod.etf.com/private/fund/HYDR/holdings?type=securities&formatValues=true,ETFCOM,ETFCOM_VALIDATED_CURRENT_MEMBERSHIP
HYDR,FCEL,FCEL,1.94,"FuelCell Energy, Inc.",2024-11-20T00:00:00.000Z,87878.0,725872.28,https://api-prod.etf.com/private/fund/HYDR/holdings?type=securities&formatValues=true,ETFCOM,ETFCOM_VALIDATED_CURRENT_MEMBERSHIP
HYDR,HY,HY,0.3,"Hyster-Yale, Inc. Class A",2024-11-20T00:00:00.000Z,2090.0,113319.8,https://api-prod.etf.com/private/fund/HYDR/holdings?type=securities&formatValues=true,ETFCOM,ETFCOM_VALIDATED_CURRENT_MEMBERSHIP
HYDR,HYZN,HYZN,0.17,Hyzon Motors Inc. Class A,2024-11-20T00:00:00.000Z,38231.0,62316.53,https://api-prod.etf.com/private/fund/HYDR/holdings?type=securities&formatValues=true,ETFCOM,ETFCOM_VALIDATED_CURRENT_MEMBERSHIP
XOP,TPL,TPL,4.27,Texas Pacific Land Corporation,2024-11-20T00:00:00.000Z,79120.0,114779384.0,https://api-prod.etf.com/private/fund/XOP/holdings?type=securities&formatValues=true,ETFCOM,ETFCOM_VALIDATED_CURRENT_MEMBERSHIP
XOP,CNX,CNX,3.5,CNX Resources Corporation,2024-11-20T00:00:00.000Z,2340539.0,93879019.29,https://api-prod.etf.com/private/fund/XOP/holdings?type=securities&formatValues=true,ETFCOM,ETFCOM_VALIDATED_CURRENT_MEMBERSHIP
XOP,EQT,EQT,3.34,EQT Corporation,2024-11-20T00:00:00.000Z,1928013.0,89729725.01999998,https://api-prod.etf.com/private/fund/XOP/holdings?type=securities&formatValues=true,ETFCOM,ETFCOM_VALIDATED_CURRENT_MEMBERSHIP
XOP,EXE,EXE,3.2,Expand Energy Corporation,2024-11-20T00:00:00.000Z,873968.0,85876095.68,https://api-prod.etf.com/private/fund/XOP/holdings?type=securities&formatValues=true,ETFCOM,ETFCOM_VALIDATED_CURRENT_MEMBERSHIP
XOP,AR,AR,2.98,Antero Resources Corporation,2024-11-20T00:00:00.000Z,2415585.0,80149110.29999998,https://api-prod.etf.com/private/fund/XOP/holdings?type=securities&formatValues=true,ETFCOM,ETFCOM_VALIDATED_CURRENT_MEMBERSHIP
XOP,RRC,RRC,2.89,Range Resources Corporation,2024-11-20T00:00:00.000Z,2204260.0,77501781.59999998,https://api-prod.etf.com/private/fund/XOP/holdings?type=securities&formatValues=true,ETFCOM,ETFCOM_VALIDATED_CURRENT_MEMBERSHIP
XOP,MTDR,MTDR,2.83,Matador Resources Company,2024-11-20T00:00:00.000Z,1283923.0,75982563.14,https://api-prod.etf.com/private/fund/XOP/holdings?type=securities&formatValues=true,ETFCOM,ETFCOM_VALIDATED_CURRENT_MEMBERSHIP
XOP,OVV,OVV,2.81,Ovintiv Inc,2024-11-20T00:00:00.000Z,1648818.0,75416935.31999998,https://api-prod.etf.com/private/fund/XOP/holdings?type=securities&formatValues=true,ETFCOM,ETFCOM_VALIDATED_CURRENT_MEMBERSHIP
XOP,CTRA,CTRA,2.81,Coterra Energy Inc.,2024-11-20T00:00:00.000Z,2808988.0,75365148.04,https://api-prod.etf.com/private/fund/XOP/holdings?type=securities&formatValues=true,ETFCOM,ETFCOM_VALIDATED_CURRENT_MEMBERSHIP
XOP,CVX,CVX,2.73,Chevron Corporation,2024-11-20T00:00:00.000Z,455136.0,73427090.87999998,https://api-prod.etf.com/private/fund/XOP/holdings?type=securities&formatValues=true,ETFCOM,ETFCOM_VALIDATED_CURRENT_MEMBERSHIP
XOP,HES,HES,2.73,Hess Corporation,2024-11-20T00:00:00.000Z,497740.0,73401717.79999998,https://api-prod.etf.com/private/fund/XOP/holdings?type=securities&formatValues=true,ETFCOM,ETFCOM_VALIDATED_CURRENT_MEMBERSHIP
XOP,PR,PR,2.73,Permian Resources Corporation Class A,2024-11-20T00:00:00.000Z,4743465.0,73333968.9,https://api-prod.etf.com/private/fund/XOP/holdings?type=securities&formatValues=true,ETFCOM,ETFCOM_VALIDATED_CURRENT_MEMBERSHIP
XOP,SM,SM,2.72,SM Energy Company,2024-11-20T00:00:00.000Z,1633997.0,73137705.72,https://api-prod.etf.com/private/fund/XOP/holdings?type=securities&formatValues=true,ETFCOM,ETFCOM_VALIDATED_CURRENT_MEMBERSHIP
XOP,EOG,EOG,2.72,"EOG Resources, Inc.",2024-11-20T00:00:00.000Z,536062.0,73027726.26,https://api-prod.etf.com/private/fund/XOP/holdings?type=securities&formatValues=true,ETFCOM,ETFCOM_VALIDATED_CURRENT_MEMBERSHIP
XOP,MRO,MRO,2.64,Marathon Oil Corporation,2024-11-20T00:00:00.000Z,2448875.0,70821465.0,https://api-prod.etf.com/private/fund/XOP/holdings?type=securities&formatValues=true,ETFCOM,ETFCOM_VALIDATED_CURRENT_MEMBERSHIP
XOP,COP,COP,2.61,ConocoPhillips,2024-11-20T00:00:00.000Z,618287.0,70132294.41,https://api-prod.etf.com/private/fund/XOP/holdings?type=securities&formatValues=true,ETFCOM,ETFCOM_VALIDATED_CURRENT_MEMBERSHIP
XOP,MGY,MGY,2.59,Magnolia Oil & Gas Corp. Class A,2024-11-20T00:00:00.000Z,2507344.0,69478502.24,https://api-prod.etf.com/private/fund/XOP/holdings?type=securities&formatValues=true,ETFCOM,ETFCOM_VALIDATED_CURRENT_MEMBERSHIP
XOP,XOM,XOM,2.58,Exxon Mobil Corporation,2024-11-20T00:00:00.000Z,575706.0,69268945.92,https://api-prod.etf.com/private/fund/XOP/holdings?type=securities&formatValues=true,ETFCOM,ETFCOM_VALIDATED_CURRENT_MEMBERSHIP
XOP,FANG,FANG,2.51,"Diamondback Energy, Inc.",2024-11-20T00:00:00.000Z,371100.0,67339806.0,https://api-prod.etf.com/private/fund/XOP/holdings?type=securities&formatValues=true,ETFCOM,ETFCOM_VALIDATED_CURRENT_MEMBERSHIP
XOP,VLO,VLO,2.51,Valero Energy Corporation,2024-11-20T00:00:00.000Z,476614.0,67297896.8,https://api-prod.etf.com/private/fund/XOP/holdings?type=securities&formatValues=true,ETFCOM,ETFCOM_VALIDATED_CURRENT_MEMBERSHIP
XOP,PSX,PSX,2.47,Phillips 66,2024-11-20T00:00:00.000Z,505055.0,66389479.75,https://api-prod.etf.com/private/fund/XOP/holdings?type=securities&formatValues=true,ETFCOM,ETFCOM_VALIDATED_CURRENT_MEMBERSHIP
XOP,OXY,OXY,2.38,Occidental Petroleum Corporation,2024-11-20T00:00:00.000Z,1253498.0,63815583.18,https://api-prod.etf.com/private/fund/XOP/holdings?type=securities&formatValues=true,ETFCOM,ETFCOM_VALIDATED_CURRENT_MEMBERSHIP
XOP,NOG,NOG,2.36,"Northern Oil and Gas, Inc.",2024-11-20T00:00:00.000Z,1527169.0,63484415.33,https://api-prod.etf.com/private/fund/XOP/holdings?type=securities&formatValues=true,ETFCOM,ETFCOM_VALIDATED_CURRENT_MEMBERSHIP
XOP,CIVI,CIVI,2.32,"Civitas Resources, Inc.",2024-11-20T00:00:00.000Z,1208469.0,62357000.4,https://api-prod.etf.com/private/fund/XOP/holdings?type=securities&formatValues=true,ETFCOM,ETFCOM_VALIDATED_CURRENT_MEMBERSHIP
XOP,MPC,MPC,2.32,Marathon Petroleum Corporation,2024-11-20T00:00:00.000Z,391203.0,62349934.14,https://api-prod.etf.com/private/fund/XOP/holdings?type=securities&formatValues=true,ETFCOM,ETFCOM_VALIDATED_CURRENT_MEMBERSHIP
XOP,DVN,DVN,2.31,Devon Energy Corporation,2024-11-20T00:00:00.000Z,1622001.0,62122638.3,https://api-prod.etf.com/private/fund/XOP/holdings?type=securities&formatValues=true,ETFCOM,ETFCOM_VALIDATED_CURRENT_MEMBERSHIP
XOP,CHRD,CHRD,2.31,Chord Energy Corporation,2024-11-20T00:00:00.000Z,477301.0,61972761.84,https://api-prod.etf.com/private/fund/XOP/holdings?type=securities&formatValues=true,ETFCOM,ETFCOM_VALIDATED_CURRENT_MEMBERSHIP
XOP,MUR,MUR,2.3,Murphy Oil Corporation,2024-11-20T00:00:00.000Z,1872685.0,61761151.3,https://api-prod.etf.com/private/fund/XOP/holdings?type=securities&formatValues=true,ETFCOM,ETFCOM_VALIDATED_CURRENT_MEMBERSHIP
XOP,PBF,PBF,2.24,"PBF Energy, Inc. Class A",2024-11-20T00:00:00.000Z,1905405.0,60267960.15,https://api-prod.etf.com/private/fund/XOP/holdings?type=securities&formatValues=true,ETFCOM,ETFCOM_VALIDATED_CURRENT_MEMBERSHIP
XOP,DINO,DINO,2.23,HF Sinclair Corporation,2024-11-20T00:00:00.000Z,1416025.0,59940338.25,https://api-prod.etf.com/private/fund/XOP/holdings?type=securities&formatValues=true,ETFCOM,ETFCOM_VALIDATED_CURRENT_MEMBERSHIP
XOP,APA,APA,2.2,APA Corporation,2024-11-20T00:00:00.000Z,2672853.0,59150236.89,https://api-prod.etf.com/private/fund/XOP/holdings?type=securities&formatValues=true,ETFCOM,ETFCOM_VALIDATED_CURRENT_MEMBERSHIP
XOP,CRC,CRC,1.91,California Resources Corp,2024-11-20T00:00:00.000Z,884149.0,51422105.84,https://api-prod.etf.com/private/fund/XOP/holdings?type=securities&formatValues=true,ETFCOM,ETFCOM_VALIDATED_CURRENT_MEMBERSHIP
XOP,VNOM,VNOM,1.87,"Viper Energy, Inc.",2024-11-20T00:00:00.000Z,930690.0,50266566.9,https://api-prod.etf.com/private/fund/XOP/holdings?type=securities&formatValues=true,ETFCOM,ETFCOM_VALIDATED_CURRENT_MEMBERSHIP
XOP,CRGY,CRGY,1.71,Crescent Energy Company Class A,2024-11-20T00:00:00.000Z,3149548.0,45857418.88,https://api-prod.etf.com/private/fund/XOP/holdings?type=securities&formatValues=true,ETFCOM,ETFCOM_VALIDATED_CURRENT_MEMBERSHIP
XOP,GPOR,GPOR,1.53,Gulfport Energy Corp,2024-11-20T00:00:00.000Z,235457.0,41129628.76,https://api-prod.etf.com/private/fund/XOP/holdings?type=securities&formatValues=true,ETFCOM,ETFCOM_VALIDATED_CURRENT_MEMBERSHIP
XOP,KOS,KOS,1.08,Kosmos Energy Ltd.,2024-11-20T00:00:00.000Z,7448006.0,29047223.4,https://api-prod.etf.com/private/fund/XOP/holdings?type=securities&formatValues=true,ETFCOM,ETFCOM_VALIDATED_CURRENT_MEMBERSHIP
XOP,CRK,CRK,0.98,"Comstock Resources, Inc.",2024-11-20T00:00:00.000Z,1760874.0,26413110.0,https://api-prod.etf.com/private/fund/XOP/holdings?type=securities&formatValues=true,ETFCOM,ETFCOM_VALIDATED_CURRENT_MEMBERSHIP
XOP,TALO,TALO,0.97,"Talos Energy, Inc.",2024-11-20T00:00:00.000Z,2279544.0,26100778.8,https://api-prod.etf.com/private/fund/XOP/holdings?type=securities&formatValues=true,ETFCOM,ETFCOM_VALIDATED_CURRENT_MEMBERSHIP
XOP,DK,DK,0.84,Delek US Holdings Inc,2024-11-20T00:00:00.000Z,1244545.0,22451591.8,https://api-prod.etf.com/private/fund/XOP/holdings?type=securities&formatValues=true,ETFCOM,ETFCOM_VALIDATED_CURRENT_MEMBERSHIP
XOP,VTLE,VTLE,0.81,"Vital Energy, Inc.",2024-11-20T00:00:00.000Z,670966.0,21819814.32,https://api-prod.etf.com/private/fund/XOP/holdings?type=securities&formatValues=true,ETFCOM,ETFCOM_VALIDATED_CURRENT_MEMBERSHIP
XOP,PARR,PARR,0.79,Par Pacific Holdings Inc,2024-11-20T00:00:00.000Z,1238395.0,21300394.0,https://api-prod.etf.com/private/fund/XOP/holdings?type=securities&formatValues=true,ETFCOM,ETFCOM_VALIDATED_CURRENT_MEMBERSHIP
XOP,STR,STR,0.59,Sitio Royalties Corp. Class A,2024-11-20T00:00:00.000Z,646495.0,15955496.6,https://api-prod.etf.com/private/fund/XOP/holdings?type=securities&formatValues=true,ETFCOM,ETFCOM_VALIDATED_CURRENT_MEMBERSHIP
XOP,WKC,WKC,0.56,World Kinect Corporation,2024-11-20T00:00:00.000Z,537615.0,15063972.3,https://api-prod.etf.com/private/fund/XOP/holdings?type=securities&formatValues=true,ETFCOM,ETFCOM_VALIDATED_CURRENT_MEMBERSHIP
XOP,GPRE,GPRE,0.53,Green Plains Inc.,2024-11-20T00:00:00.000Z,1315321.0,14310692.48,https://api-prod.etf.com/private/fund/XOP/holdings?type=securities&formatValues=true,ETFCOM,ETFCOM_VALIDATED_CURRENT_MEMBERSHIP
XOP,CVI,CVI,0.5,"CVR Energy, Inc.",2024-11-20T00:00:00.000Z,718667.0,13439072.9,https://api-prod.etf.com/private/fund/XOP/holdings?type=securities&formatValues=true,ETFCOM,ETFCOM_VALIDATED_CURRENT_MEMBERSHIP
XOP,REX,REX,0.3,REX American Resources Corporation,2024-11-20T00:00:00.000Z,180368.0,8080486.4,https://api-prod.etf.com/private/fund/XOP/holdings?type=securities&formatValues=true,ETFCOM,ETFCOM_VALIDATED_CURRENT_MEMBERSHIP
XOP,EGY,EGY,0.25,"VAALCO Energy, Inc.",2024-11-20T00:00:00.000Z,1278895.0,6778143.5,https://api-prod.etf.com/private/fund/XOP/holdings?type=securities&formatValues=true,ETFCOM,ETFCOM_VALIDATED_CURRENT_MEMBERSHIP
XOP,SOC,SOC,0.23,Sable Offshore Corp.,2024-11-20T00:00:00.000Z,274005.0,6055510.5,https://api-prod.etf.com/private/fund/XOP/holdings?type=securities&formatValues=true,ETFCOM,ETFCOM_VALIDATED_CURRENT_MEMBERSHIP
XOP,BRY,BRY,0.2,Berry Corporation,2024-11-20T00:00:00.000Z,1293686.0,5420544.34,https://api-prod.etf.com/private/fund/XOP/holdings?type=securities&formatValues=true,ETFCOM,ETFCOM_VALIDATED_CURRENT_MEMBERSHIP
XOP,HPK,HPK,0.2,HighPeak Energy Inc,2024-11-20T00:00:00.000Z,348220.0,5251157.6,https://api-prod.etf.com/private/fund/XOP/holdings?type=securities&formatValues=true,ETFCOM,ETFCOM_VALIDATED_CURRENT_MEMBERSHIP
XOP,VTS,VTS,0.19,"Vitesse Energy, Inc.",2024-11-20T00:00:00.000Z,183494.0,5101133.2,https://api-prod.etf.com/private/fund/XOP/holdings?type=securities&formatValues=true,ETFCOM,ETFCOM_VALIDATED_CURRENT_MEMBERSHIP
XOP,CLNE,CLNE,0.16,Clean Energy Fuels Corp.,2024-11-20T00:00:00.000Z,1634167.0,4281517.54,https://api-prod.etf.com/private/fund/XOP/holdings?type=securities&formatValues=true,ETFCOM,ETFCOM_VALIDATED_CURRENT_MEMBERSHIP
XOP,SD,SD,0.14,"SandRidge Energy, Inc.",2024-11-20T00:00:00.000Z,330906.0,3871600.2,https://api-prod.etf.com/private/fund/XOP/holdings?type=securities&formatValues=true,ETFCOM,ETFCOM_VALIDATED_CURRENT_MEMBERSHIP
MOO,DE,DE,8.54,Deere & Company,2024-11-20T00:00:00.000Z,130840.0,52984966.4,https://api-prod.etf.com/private/fund/MOO/holdings?type=securities&formatValues=true,ETFCOM,ETFCOM_VALIDATED_CURRENT_MEMBERSHIP
MOO,CTVA,CTVA,7.64,Corteva Inc,2024-11-20T00:00:00.000Z,806668.0,47399811.68,https://api-prod.etf.com/private/fund/MOO/holdings?type=securities&formatValues=true,ETFCOM,ETFCOM_VALIDATED_CURRENT_MEMBERSHIP
MOO,ZTS,ZTS,7.58,"Zoetis, Inc. Class A",2024-11-20T00:00:00.000Z,267609.0,47010873.03,https://api-prod.etf.com/private/fund/MOO/holdings?type=securities&formatValues=true,ETFCOM,ETFCOM_VALIDATED_CURRENT_MEMBERSHIP
MOO,TSN,TSN,5.26,"Tyson Foods, Inc. Class A",2024-11-20T00:00:00.000Z,515441.0,32601643.25,https://api-prod.etf.com/private/fund/MOO/holdings?type=securities&formatValues=true,ETFCOM,ETFCOM_VALIDATED_CURRENT_MEMBERSHIP
MOO,ADM,ADM,5.11,Archer-Daniels-Midland Company,2024-11-20T00:00:00.000Z,592451.0,31707977.52,https://api-prod.etf.com/private/fund/MOO/holdings?type=securities&formatValues=true,ETFCOM,ETFCOM_VALIDATED_CURRENT_MEMBERSHIP
MOO,CF,CF,4.09,"CF Industries Holdings, Inc.",2024-11-20T00:00:00.000Z,281923.0,25347696.93,https://api-prod.etf.com/private/fund/MOO/holdings?type=securities&formatValues=true,ETFCOM,ETFCOM_VALIDATED_CURRENT_MEMBERSHIP
MOO,BG,BG,3.1,Bunge Global SA,2024-11-20T00:00:00.000Z,217949.0,19196947.92,https://api-prod.etf.com/private/fund/MOO/holdings?type=securities&formatValues=true,ETFCOM,ETFCOM_VALIDATED_CURRENT_MEMBERSHIP
MOO,CNH,CNH,2.66,CNH Industrial NV,2024-11-20T00:00:00.000Z,1446813.0,16493668.2,https://api-prod.etf.com/private/fund/MOO/holdings?type=securities&formatValues=true,ETFCOM,ETFCOM_VALIDATED_CURRENT_MEMBERSHIP
MOO,MOS,MOS,2.33,Mosaic Company,2024-11-20T00:00:00.000Z,566865.0,14421045.6,https://api-prod.etf.com/private/fund/MOO/holdings?type=securities&formatValues=true,ETFCOM,ETFCOM_VALIDATED_CURRENT_MEMBERSHIP
MOO,TTC,TTC,2.02,Toro Company,2024-11-20T00:00:00.000Z,152952.0,12522180.24,https://api-prod.etf.com/private/fund/MOO/holdings?type=securities&formatValues=true,ETFCOM,ETFCOM_VALIDATED_CURRENT_MEMBERSHIP
MOO,DAR,DAR,2.01,Darling Ingredients Inc,2024-11-20T00:00:00.000Z,298200.0,12458796.0,https://api-prod.etf.com/private/fund/MOO/holdings?type=securities&formatValues=true,ETFCOM,ETFCOM_VALIDATED_CURRENT_MEMBERSHIP
MOO,FMC,FMC,1.85,FMC Corporation,2024-11-20T00:00:00.000Z,201060.0,11500632.0,https://api-prod.etf.com/private/fund/MOO/holdings?type=securities&formatValues=true,ETFCOM,ETFCOM_VALIDATED_CURRENT_MEMBERSHIP
MOO,AGCO,AGCO,1.73,AGCO Corporation,2024-11-20T00:00:00.000Z,116641.0,10728639.18,https://api-prod.etf.com/private/fund/MOO/holdings?type=securities&formatValues=true,ETFCOM,ETFCOM_VALIDATED_CURRENT_MEMBERSHIP
MOO,ELAN,ELAN,1.29,"Elanco Animal Health, Inc.",2024-11-20T00:00:00.000Z,594202.0,7986074.88,https://api-prod.etf.com/private/fund/MOO/holdings?type=securities&formatValues=true,ETFCOM,ETFCOM_VALIDATED_CURRENT_MEMBERSHIP
MOO,BCPC,BCPC,1.28,Balchem Corp,2024-11-20T00:00:00.000Z,44459.0,7915035.769999999,https://api-prod.etf.com/private/fund/MOO/holdings?type=securities&formatValues=true,ETFCOM,ETFCOM_VALIDATED_CURRENT_MEMBERSHIP
MOO,PPC,PPC,0.86,Pilgrim's Pride Corporation,2024-11-20T00:00:00.000Z,102611.0,5357320.31,https://api-prod.etf.com/private/fund/MOO/holdings?type=securities&formatValues=true,ETFCOM,ETFCOM_VALIDATED_CURRENT_MEMBERSHIP
MOO,NEOG,NEOG,0.75,Neogen Corp,2024-11-20T00:00:00.000Z,312572.0,4657322.8,https://api-prod.etf.com/private/fund/MOO/holdings?type=securities&formatValues=true,ETFCOM,ETFCOM_VALIDATED_CURRENT_MEMBERSHIP
SOXX,NVDA,NVDA,10.48,NVIDIA Corporation,2024-11-21T00:00:00.000Z,10071285.0,1477155370.95,https://api-prod.etf.com/private/fund/SOXX/holdings?type=securities&formatValues=true,ETFCOM,ETFCOM_VALIDATED_CURRENT_MEMBERSHIP
SOXX,AVGO,AVGO,8.59,Broadcom Inc.,2024-11-21T00:00:00.000Z,7383669.0,1210478695.86,https://api-prod.etf.com/private/fund/SOXX/holdings?type=securities&formatValues=true,ETFCOM,ETFCOM_VALIDATED_CURRENT_MEMBERSHIP
SOXX,AMD,AMD,7.9,"Advanced Micro Devices, Inc.",2024-11-21T00:00:00.000Z,8092437.0,1112629163.13,https://api-prod.etf.com/private/fund/SOXX/holdings?type=securities&formatValues=true,ETFCOM,ETFCOM_VALIDATED_CURRENT_MEMBERSHIP
SOXX,TXN,TXN,6.16,Texas Instruments Incorporated,2024-11-21T00:00:00.000Z,4380288.0,868173081.6,https://api-prod.etf.com/private/fund/SOXX/holdings?type=securities&formatValues=true,ETFCOM,ETFCOM_VALIDATED_CURRENT_MEMBERSHIP
SOXX,QCOM,QCOM,5.91,QUALCOMM Incorporated,2024-11-21T00:00:00.000Z,5355797.0,832612201.62,https://api-prod.etf.com/private/fund/SOXX/holdings?type=securities&formatValues=true,ETFCOM,ETFCOM_VALIDATED_CURRENT_MEMBERSHIP
SOXX,MRVL,MRVL,5.2,"Marvell Technology, Inc.",2024-11-21T00:00:00.000Z,7884379.0,732774184.26,https://api-prod.etf.com/private/fund/SOXX/holdings?type=securities&formatValues=true,ETFCOM,ETFCOM_VALIDATED_CURRENT_MEMBERSHIP
SOXX,INTC,INTC,4.73,Intel Corporation,2024-11-21T00:00:00.000Z,27273386.0,666561553.84,https://api-prod.etf.com/private/fund/SOXX/holdings?type=securities&formatValues=true,ETFCOM,ETFCOM_VALIDATED_CURRENT_MEMBERSHIP
SOXX,MU,MU,4.55,"Micron Technology, Inc.",2024-11-21T00:00:00.000Z,6245906.0,641829300.56,https://api-prod.etf.com/private/fund/SOXX/holdings?type=securities&formatValues=true,ETFCOM,ETFCOM_VALIDATED_CURRENT_MEMBERSHIP
SOXX,TSM,TSM,4.37,"Taiwan Semiconductor Manufacturing Co., Ltd. Sponsored ADR",2024-11-21T00:00:00.000Z,3217796.0,615371307.04,https://api-prod.etf.com/private/fund/SOXX/holdings?type=securities&formatValues=true,ETFCOM,ETFCOM_VALIDATED_CURRENT_MEMBERSHIP
SOXX,ADI,ADI,3.89,"Analog Devices, Inc.",2024-11-21T00:00:00.000Z,2559640.0,547660574.4,https://api-prod.etf.com/private/fund/SOXX/holdings?type=securities&formatValues=true,ETFCOM,ETFCOM_VALIDATED_CURRENT_MEMBERSHIP
SOXX,AMAT,AMAT,3.8,"Applied Materials, Inc.",2024-11-21T00:00:00.000Z,3047283.0,535559987.25,https://api-prod.etf.com/private/fund/SOXX/holdings?type=securities&formatValues=true,ETFCOM,ETFCOM_VALIDATED_CURRENT_MEMBERSHIP
SOXX,LRCX,LRCX,3.8,Lam Research Corporation,2024-11-21T00:00:00.000Z,7321537.0,535424000.81,https://api-prod.etf.com/private/fund/SOXX/holdings?type=securities&formatValues=true,ETFCOM,ETFCOM_VALIDATED_CURRENT_MEMBERSHIP
SOXX,NXPI,NXPI,3.74,NXP Semiconductors NV,2024-11-21T00:00:00.000Z,2344770.0,526564998.9,https://api-prod.etf.com/private/fund/SOXX/holdings?type=securities&formatValues=true,ETFCOM,ETFCOM_VALIDATED_CURRENT_MEMBERSHIP
SOXX,MCHP,MCHP,3.45,Microchip Technology Incorporated,2024-11-21T00:00:00.000Z,7316289.0,486606381.39,https://api-prod.etf.com/private/fund/SOXX/holdings?type=securities&formatValues=true,ETFCOM,ETFCOM_VALIDATED_CURRENT_MEMBERSHIP
SOXX,KLAC,KLAC,3.3,KLA Corporation,2024-11-21T00:00:00.000Z,733577.0,464471613.32,https://api-prod.etf.com/private/fund/SOXX/holdings?type=securities&formatValues=true,ETFCOM,ETFCOM_VALIDATED_CURRENT_MEMBERSHIP
SOXX,ON,ON,3.13,ON Semiconductor Corporation,2024-11-21T00:00:00.000Z,6443011.0,441152963.17,https://api-prod.etf.com/private/fund/SOXX/holdings?type=securities&formatValues=true,ETFCOM,ETFCOM_VALIDATED_CURRENT_MEMBERSHIP
SOXX,ASML,ASML,2.92,ASML Holding NV ADR,2024-11-21T00:00:00.000Z,611263.0,410866538.08,https://api-prod.etf.com/private/fund/SOXX/holdings?type=securities&formatValues=true,ETFCOM,ETFCOM_VALIDATED_CURRENT_MEMBERSHIP
SOXX,MPWR,MPWR,2.61,"Monolithic Power Systems, Inc.",2024-11-21T00:00:00.000Z,643106.0,368158891.82,https://api-prod.etf.com/private/fund/SOXX/holdings?type=securities&formatValues=true,ETFCOM,ETFCOM_VALIDATED_CURRENT_MEMBERSHIP
SOXX,TER,TER,1.81,"Teradyne, Inc.",2024-11-21T00:00:00.000Z,2423117.0,255687305.84,https://api-prod.etf.com/private/fund/SOXX/holdings?type=securities&formatValues=true,ETFCOM,ETFCOM_VALIDATED_CURRENT_MEMBERSHIP
SOXX,ENTG,ENTG,1.7,"Entegris, Inc.",2024-11-21T00:00:00.000Z,2272041.0,239109594.84,https://api-prod.etf.com/private/fund/SOXX/holdings?type=securities&formatValues=true,ETFCOM,ETFCOM_VALIDATED_CURRENT_MEMBERSHIP
SOXX,SWKS,SWKS,1.45,"Skyworks Solutions, Inc.",2024-11-21T00:00:00.000Z,2407059.0,204720367.95,https://api-prod.etf.com/private/fund/SOXX/holdings?type=securities&formatValues=true,ETFCOM,ETFCOM_VALIDATED_CURRENT_MEMBERSHIP
SOXX,ONTO,ONTO,0.88,"Onto Innovation, Inc.",2024-11-21T00:00:00.000Z,740693.0,123325384.5,https://api-prod.etf.com/private/fund/SOXX/holdings?type=securities&formatValues=true,ETFCOM,ETFCOM_VALIDATED_CURRENT_MEMBERSHIP
SOXX,MKSI,MKSI,0.82,"MKS Instruments, Inc.",2024-11-21T00:00:00.000Z,1011050.0,114966495.5,https://api-prod.etf.com/private/fund/SOXX/holdings?type=securities&formatValues=true,ETFCOM,ETFCOM_VALIDATED_CURRENT_MEMBERSHIP
SOXX,OLED,OLED,0.78,Universal Display Corporation,2024-11-21T00:00:00.000Z,661817.0,110563148.02,https://api-prod.etf.com/private/fund/SOXX/holdings?type=securities&formatValues=true,ETFCOM,ETFCOM_VALIDATED_CURRENT_MEMBERSHIP
SOXX,LSCC,LSCC,0.76,Lattice Semiconductor Corporation,2024-11-21T00:00:00.000Z,2061107.0,107713451.82,https://api-prod.etf.com/private/fund/SOXX/holdings?type=securities&formatValues=true,ETFCOM,ETFCOM_VALIDATED_CURRENT_MEMBERSHIP
SOXX,STM,STM,0.7,STMicroelectronics NV ADR RegS,2024-11-21T00:00:00.000Z,4018858.0,98622775.32,https://api-prod.etf.com/private/fund/SOXX/holdings?type=securities&formatValues=true,ETFCOM,ETFCOM_VALIDATED_CURRENT_MEMBERSHIP
SOXX,QRVO,QRVO,0.69,"Qorvo, Inc.",2024-11-21T00:00:00.000Z,1423685.0,96625500.95,https://api-prod.etf.com/private/fund/SOXX/holdings?type=securities&formatValues=true,ETFCOM,ETFCOM_VALIDATED_CURRENT_MEMBERSHIP
SOXX,ASX,ASX,0.68,"ASE Technology Holding Co., Ltd. Sponsored ADR",2024-11-21T00:00:00.000Z,9771953.0,95862858.93,https://api-prod.etf.com/private/fund/SOXX/holdings?type=securities&formatValues=true,ETFCOM,ETFCOM_VALIDATED_CURRENT_MEMBERSHIP
DRIV,TSLA,TSLA,4.39,"Tesla, Inc.",2024-11-20T00:00:00.000Z,52954.0,18111856.62,https://api-prod.etf.com/private/fund/DRIV/holdings?type=securities&formatValues=true,ETFCOM,ETFCOM_VALIDATED_CURRENT_MEMBERSHIP
DRIV,NVDA,NVDA,3.68,NVIDIA Corporation,2024-11-20T00:00:00.000Z,104161.0,15196048.29,https://api-prod.etf.com/private/fund/DRIV/holdings?type=securities&formatValues=true,ETFCOM,ETFCOM_VALIDATED_CURRENT_MEMBERSHIP
DRIV,GOOGL,GOOGL,3.05,Alphabet Inc. Class A,2024-11-20T00:00:00.000Z,71522.0,12586441.56,https://api-prod.etf.com/private/fund/DRIV/holdings?type=securities&formatValues=true,ETFCOM,ETFCOM_VALIDATED_CURRENT_MEMBERSHIP
DRIV,MSFT,MSFT,2.96,Microsoft Corporation,2024-11-20T00:00:00.000Z,29442.0,12232856.58,https://api-prod.etf.com/private/fund/DRIV/holdings?type=securities&formatValues=true,ETFCOM,ETFCOM_VALIDATED_CURRENT_MEMBERSHIP
DRIV,HON,HON,2.79,Honeywell International Inc.,2024-11-20T00:00:00.000Z,50845.0,11525036.15,https://api-prod.etf.com/private/fund/DRIV/holdings?type=securities&formatValues=true,ETFCOM,ETFCOM_VALIDATED_CURRENT_MEMBERSHIP
DRIV,QCOM,QCOM,2.4,QUALCOMM Incorporated,2024-11-20T00:00:00.000Z,64100.0,9888707.0,https://api-prod.etf.com/private/fund/DRIV/holdings?type=securities&formatValues=true,ETFCOM,ETFCOM_VALIDATED_CURRENT_MEMBERSHIP
DRIV,GM,GM,1.91,General Motors Company,2024-11-20T00:00:00.000Z,143807.0,7890690.09,https://api-prod.etf.com/private/fund/DRIV/holdings?type=securities&formatValues=true,ETFCOM,ETFCOM_VALIDATED_CURRENT_MEMBERSHIP
DRIV,BE,BE,1.91,Bloom Energy Corporation Class A,2024-11-20T00:00:00.000Z,317693.0,7878786.4,https://api-prod.etf.com/private/fund/DRIV/holdings?type=securities&formatValues=true,ETFCOM,ETFCOM_VALIDATED_CURRENT_MEMBERSHIP
DRIV,INTC,INTC,1.89,Intel Corporation,2024-11-20T00:00:00.000Z,325571.0,7816959.71,https://api-prod.etf.com/private/fund/DRIV/holdings?type=securities&formatValues=true,ETFCOM,ETFCOM_VALIDATED_CURRENT_MEMBERSHIP
DRIV,WAB,WAB,1.67,Westinghouse Air Brake Technologies Corporation,2024-11-20T00:00:00.000Z,35536.0,6909264.48,https://api-prod.etf.com/private/fund/DRIV/holdings?type=securities&formatValues=true,ETFCOM,ETFCOM_VALIDATED_CURRENT_MEMBERSHIP
DRIV,ALTM,ALTM,1.66,Arcadium Lithium Plc,2024-11-20T00:00:00.000Z,1311334.0,6832050.14,https://api-prod.etf.com/private/fund/DRIV/holdings?type=securities&formatValues=true,ETFCOM,ETFCOM_VALIDATED_CURRENT_MEMBERSHIP
DRIV,COHR,COHR,1.6,Coherent Corp.,2024-11-20T00:00:00.000Z,63730.0,6588407.4,https://api-prod.etf.com/private/fund/DRIV/holdings?type=securities&formatValues=true,ETFCOM,ETFCOM_VALIDATED_CURRENT_MEMBERSHIP
DRIV,SITM,SITM,1.52,SiTime Corporation,2024-11-20T00:00:00.000Z,30038.0,6268029.46,https://api-prod.etf.com/private/fund/DRIV/holdings?type=securities&formatValues=true,ETFCOM,ETFCOM_VALIDATED_CURRENT_MEMBERSHIP
DRIV,CEVA,CEVA,1.49,"CEVA, Inc.",2024-11-20T00:00:00.000Z,219728.0,6163370.4,https://api-prod.etf.com/private/fund/DRIV/holdings?type=securities&formatValues=true,ETFCOM,ETFCOM_VALIDATED_CURRENT_MEMBERSHIP
DRIV,NXPI,NXPI,1.48,NXP Semiconductors NV,2024-11-20T00:00:00.000Z,27728.0,6109587.52,https://api-prod.etf.com/private/fund/DRIV/holdings?type=securities&formatValues=true,ETFCOM,ETFCOM_VALIDATED_CURRENT_MEMBERSHIP
DRIV,ALB,ALB,1.4,Albemarle Corporation,2024-11-20T00:00:00.000Z,52630.0,5765616.5,https://api-prod.etf.com/private/fund/DRIV/holdings?type=securities&formatValues=true,ETFCOM,ETFCOM_VALIDATED_CURRENT_MEMBERSHIP
DRIV,ITT,ITT,1.35,"ITT, Inc.",2024-11-20T00:00:00.000Z,36599.0,5570367.8,https://api-prod.etf.com/private/fund/DRIV/holdings?type=securities&formatValues=true,ETFCOM,ETFCOM_VALIDATED_CURRENT_MEMBERSHIP
DRIV,BIDU,BIDU,1.29,"Baidu, Inc. Sponsored ADR Class A",2024-11-20T00:00:00.000Z,61500.0,5335125.0,https://api-prod.etf.com/private/fund/DRIV/holdings?type=securities&formatValues=true,ETFCOM,ETFCOM_VALIDATED_CURRENT_MEMBERSHIP
DRIV,F,F,1.29,Ford Motor Company,2024-11-20T00:00:00.000Z,496566.0,5328153.18,https://api-prod.etf.com/private/fund/DRIV/holdings?type=securities&formatValues=true,ETFCOM,ETFCOM_VALIDATED_CURRENT_MEMBERSHIP
DRIV,ON,ON,1.29,ON Semiconductor Corporation,2024-11-20T00:00:00.000Z,78830.0,5306047.3,https://api-prod.etf.com/private/fund/DRIV/holdings?type=securities&formatValues=true,ETFCOM,ETFCOM_VALIDATED_CURRENT_MEMBERSHIP
DRIV,CBT,CBT,1.28,Cabot Corporation,2024-11-20T00:00:00.000Z,49186.0,5273231.06,https://api-prod.etf.com/private/fund/DRIV/holdings?type=securities&formatValues=true,ETFCOM,ETFCOM_VALIDATED_CURRENT_MEMBERSHIP
DRIV,NIO,NIO,1.2,NIO Inc. Sponsored ADR Class A,2024-11-20T00:00:00.000Z,1065011.0,4952301.15,https://api-prod.etf.com/private/fund/DRIV/holdings?type=securities&formatValues=true,ETFCOM,ETFCOM_VALIDATED_CURRENT_MEMBERSHIP
DRIV,ATI,ATI,1.15,ATI Inc.,2024-11-20T00:00:00.000Z,81898.0,4751721.96,https://api-prod.etf.com/private/fund/DRIV/holdings?type=securities&formatValues=true,ETFCOM,ETFCOM_VALIDATED_CURRENT_MEMBERSHIP
DRIV,SQM,SQM,1.08,Sociedad Quimica y Minera de Chile S.A. Sponsored ADR Pfd Series B,2024-11-20T00:00:00.000Z,115301.0,4466760.74,https://api-prod.etf.com/private/fund/DRIV/holdings?type=securities&formatValues=true,ETFCOM,ETFCOM_VALIDATED_CURRENT_MEMBERSHIP
DRIV,AMBA,AMBA,1.04,"Ambarella, Inc.",2024-11-20T00:00:00.000Z,72311.0,4271410.77,https://api-prod.etf.com/private/fund/DRIV/holdings?type=securities&formatValues=true,ETFCOM,ETFCOM_VALIDATED_CURRENT_MEMBERSHIP
DRIV,ENS,ENS,1.02,EnerSys,2024-11-20T00:00:00.000Z,44480.0,4192684.8,https://api-prod.etf.com/private/fund/DRIV/holdings?type=securities&formatValues=true,ETFCOM,ETFCOM_VALIDATED_CURRENT_MEMBERSHIP
DRIV,AXL,AXL,0.96,"American Axle & Manufacturing Holdings, Inc.",2024-11-20T00:00:00.000Z,637549.0,3946428.31,https://api-prod.etf.com/private/fund/DRIV/holdings?type=securities&formatValues=true,ETFCOM,ETFCOM_VALIDATED_CURRENT_MEMBERSHIP
DRIV,APTV,APTV,0.96,Aptiv PLC,2024-11-20T00:00:00.000Z,75017.0,3945144.03,https://api-prod.etf.com/private/fund/DRIV/holdings?type=securities&formatValues=true,ETFCOM,ETFCOM_VALIDATED_CURRENT_MEMBERSHIP
DRIV,LEA,LEA,0.92,Lear Corporation,2024-11-20T00:00:00.000Z,40668.0,3804898.08,https://api-prod.etf.com/private/fund/DRIV/holdings?type=securities&formatValues=true,ETFCOM,ETFCOM_VALIDATED_CURRENT_MEMBERSHIP
DRIV,THRM,THRM,0.9,Gentherm Incorporated,2024-11-20T00:00:00.000Z,89176.0,3715072.16,https://api-prod.etf.com/private/fund/DRIV/holdings?type=securities&formatValues=true,ETFCOM,ETFCOM_VALIDATED_CURRENT_MEMBERSHIP
DRIV,VC,VC,0.89,Visteon Corporation,2024-11-20T00:00:00.000Z,41821.0,3658291.98,https://api-prod.etf.com/private/fund/DRIV/holdings?type=securities&formatValues=true,ETFCOM,ETFCOM_VALIDATED_CURRENT_MEMBERSHIP
DRIV,HY,HY,0.85,"Hyster-Yale, Inc. Class A",2024-11-20T00:00:00.000Z,64429.0,3493340.38,https://api-prod.etf.com/private/fund/DRIV/holdings?type=securities&formatValues=true,ETFCOM,ETFCOM_VALIDATED_CURRENT_MEMBERSHIP
DRIV,ALGM,ALGM,0.71,"Allegro MicroSystems, Inc.",2024-11-20T00:00:00.000Z,145442.0,2929201.88,https://api-prod.etf.com/private/fund/DRIV/holdings?type=securities&formatValues=true,ETFCOM,ETFCOM_VALIDATED_CURRENT_MEMBERSHIP
DRIV,MBLY,MBLY,0.7,"Mobileye Global, Inc. Class A",2024-11-20T00:00:00.000Z,170707.0,2888362.44,https://api-prod.etf.com/private/fund/DRIV/holdings?type=securities&formatValues=true,ETFCOM,ETFCOM_VALIDATED_CURRENT_MEMBERSHIP
DRIV,INDI,INDI,0.7,"indie Semiconductor, Inc. Class A",2024-11-20T00:00:00.000Z,634108.0,2885191.4,https://api-prod.etf.com/private/fund/DRIV/holdings?type=securities&formatValues=true,ETFCOM,ETFCOM_VALIDATED_CURRENT_MEMBERSHIP
DRIV,PLUG,PLUG,0.66,Plug Power Inc.,2024-11-20T00:00:00.000Z,1428773.0,2743244.16,https://api-prod.etf.com/private/fund/DRIV/holdings?type=securities&formatValues=true,ETFCOM,ETFCOM_VALIDATED_CURRENT_MEMBERSHIP
DRIV,QS,QS,0.66,QuantumScape Corporation Class A,2024-11-20T00:00:00.000Z,536246.0,2718767.22,https://api-prod.etf.com/private/fund/DRIV/holdings?type=securities&formatValues=true,ETFCOM,ETFCOM_VALIDATED_CURRENT_MEMBERSHIP
DRIV,LCID,LCID,0.64,"Lucid Group, Inc.",2024-11-20T00:00:00.000Z,1291915.0,2622587.45,https://api-prod.etf.com/private/fund/DRIV/holdings?type=securities&formatValues=true,ETFCOM,ETFCOM_VALIDATED_CURRENT_MEMBERSHIP
DRIV,LAZR,LAZR,0.42,"Luminar Technologies, Inc. Class A",2024-11-20T00:00:00.000Z,2298733.0,1745657.84,https://api-prod.etf.com/private/fund/DRIV/holdings?type=securities&formatValues=true,ETFCOM,ETFCOM_VALIDATED_CURRENT_MEMBERSHIP
DRIV,NKLA,NKLA,0.22,Nikola Corporation,2024-11-20T00:00:00.000Z,467277.0,892499.0699999998,https://api-prod.etf.com/private/fund/DRIV/holdings?type=securities&formatValues=true,ETFCOM,ETFCOM_VALIDATED_CURRENT_MEMBERSHIP
XSD,CRDO,CRDO,4.48,Credo Technology Group Holding Ltd.,2024-11-20T00:00:00.000Z,1341804.0,57657317.88,https://api-prod.etf.com/private/fund/XSD/holdings?type=securities&formatValues=true,ETFCOM,ETFCOM_VALIDATED_CURRENT_MEMBERSHIP
XSD,RMBS,RMBS,3.85,Rambus Inc.,2024-11-20T00:00:00.000Z,936009.0,49561676.55,https://api-prod.etf.com/private/fund/XSD/holdings?type=securities&formatValues=true,ETFCOM,ETFCOM_VALIDATED_CURRENT_MEMBERSHIP
XSD,MTSI,MTSI,3.73,"MACOM Technology Solutions Holdings, Inc.",2024-11-20T00:00:00.000Z,377023.0,48093053.88,https://api-prod.etf.com/private/fund/XSD/holdings?type=securities&formatValues=true,ETFCOM,ETFCOM_VALIDATED_CURRENT_MEMBERSHIP
XSD,SITM,SITM,3.66,SiTime Corporation,2024-11-20T00:00:00.000Z,226161.0,47193015.87,https://api-prod.etf.com/private/fund/XSD/holdings?type=securities&formatValues=true,ETFCOM,ETFCOM_VALIDATED_CURRENT_MEMBERSHIP
XSD,NVDA,NVDA,3.64,NVIDIA Corporation,2024-11-20T00:00:00.000Z,321196.0,46859284.44,https://api-prod.etf.com/private/fund/XSD/holdings?type=securities&formatValues=true,ETFCOM,ETFCOM_VALIDATED_CURRENT_MEMBERSHIP
XSD,INTC,INTC,3.63,Intel Corporation,2024-11-20T00:00:00.000Z,1945744.0,46717313.44,https://api-prod.etf.com/private/fund/XSD/holdings?type=securities&formatValues=true,ETFCOM,ETFCOM_VALIDATED_CURRENT_MEMBERSHIP
XSD,MRVL,MRVL,3.58,"Marvell Technology, Inc.",2024-11-20T00:00:00.000Z,513636.0,46155330.96,https://api-prod.etf.com/private/fund/XSD/holdings?type=securities&formatValues=true,ETFCOM,ETFCOM_VALIDATED_CURRENT_MEMBERSHIP
XSD,SMTC,SMTC,3.51,Semtech Corporation,2024-11-20T00:00:00.000Z,918850.0,45179854.5,https://api-prod.etf.com/private/fund/XSD/holdings?type=securities&formatValues=true,ETFCOM,ETFCOM_VALIDATED_CURRENT_MEMBERSHIP
XSD,LSCC,LSCC,3.37,Lattice Semiconductor Corporation,2024-11-20T00:00:00.000Z,854038.0,43342428.5,https://api-prod.etf.com/private/fund/XSD/holdings?type=securities&formatValues=true,ETFCOM,ETFCOM_VALIDATED_CURRENT_MEMBERSHIP
XSD,AMBA,AMBA,3.28,"Ambarella, Inc.",2024-11-20T00:00:00.000Z,716115.0,42300913.05,https://api-prod.etf.com/private/fund/XSD/holdings?type=securities&formatValues=true,ETFCOM,ETFCOM_VALIDATED_CURRENT_MEMBERSHIP
XSD,MU,MU,3.2,"Micron Technology, Inc.",2024-11-20T00:00:00.000Z,419355.0,41251951.35,https://api-prod.etf.com/private/fund/XSD/holdings?type=securities&formatValues=true,ETFCOM,ETFCOM_VALIDATED_CURRENT_MEMBERSHIP
XSD,PI,PI,2.97,"Impinj, Inc.",2024-11-20T00:00:00.000Z,205767.0,38260315.98,https://api-prod.etf.com/private/fund/XSD/holdings?type=securities&formatValues=true,ETFCOM,ETFCOM_VALIDATED_CURRENT_MEMBERSHIP
XSD,TXN,TXN,2.95,Texas Instruments Incorporated,2024-11-20T00:00:00.000Z,191384.0,37930394.96,https://api-prod.etf.com/private/fund/XSD/holdings?type=securities&formatValues=true,ETFCOM,ETFCOM_VALIDATED_CURRENT_MEMBERSHIP
XSD,ALAB,ALAB,2.91,"Astera Labs, Inc.",2024-11-20T00:00:00.000Z,384744.0,37481760.48,https://api-prod.etf.com/private/fund/XSD/holdings?type=securities&formatValues=true,ETFCOM,ETFCOM_VALIDATED_CURRENT_MEMBERSHIP
XSD,AVGO,AVGO,2.89,Broadcom Inc.,2024-11-20T00:00:00.000Z,228148.0,37245161.0,https://api-prod.etf.com/private/fund/XSD/holdings?type=securities&formatValues=true,ETFCOM,ETFCOM_VALIDATED_CURRENT_MEMBERSHIP
XSD,NXPI,NXPI,2.85,NXP Semiconductors NV,2024-11-20T00:00:00.000Z,166380.0,36660169.2,https://api-prod.etf.com/private/fund/XSD/holdings?type=securities&formatValues=true,ETFCOM,ETFCOM_VALIDATED_CURRENT_MEMBERSHIP
XSD,ON,ON,2.79,ON Semiconductor Corporation,2024-11-20T00:00:00.000Z,533352.0,35899923.12,https://api-prod.etf.com/private/fund/XSD/holdings?type=securities&formatValues=true,ETFCOM,ETFCOM_VALIDATED_CURRENT_MEMBERSHIP
XSD,ADI,ADI,2.78,"Analog Devices, Inc.",2024-11-20T00:00:00.000Z,169666.0,35801222.66,https://api-prod.etf.com/private/fund/XSD/holdings?type=securities&formatValues=true,ETFCOM,ETFCOM_VALIDATED_CURRENT_MEMBERSHIP
XSD,QCOM,QCOM,2.73,QUALCOMM Incorporated,2024-11-20T00:00:00.000Z,228112.0,35190838.24,https://api-prod.etf.com/private/fund/XSD/holdings?type=securities&formatValues=true,ETFCOM,ETFCOM_VALIDATED_CURRENT_MEMBERSHIP
XSD,SLAB,SLAB,2.72,Silicon Laboratories Inc.,2024-11-20T00:00:00.000Z,345438.0,35079228.9,https://api-prod.etf.com/private/fund/XSD/holdings?type=securities&formatValues=true,ETFCOM,ETFCOM_VALIDATED_CURRENT_MEMBERSHIP
XSD,AMD,AMD,2.68,"Advanced Micro Devices, Inc.",2024-11-20T00:00:00.000Z,251185.0,34563056.0,https://api-prod.etf.com/private/fund/XSD/holdings?type=securities&formatValues=true,ETFCOM,ETFCOM_VALIDATED_CURRENT_MEMBERSHIP
XSD,ALGM,ALGM,2.67,"Allegro MicroSystems, Inc.",2024-11-20T00:00:00.000Z,1704672.0,34332094.08,https://api-prod.etf.com/private/fund/XSD/holdings?type=securities&formatValues=true,ETFCOM,ETFCOM_VALIDATED_CURRENT_MEMBERSHIP
XSD,POWI,POWI,2.51,"Power Integrations, Inc.",2024-11-20T00:00:00.000Z,529800.0,32389323.0,https://api-prod.etf.com/private/fund/XSD/holdings?type=securities&formatValues=true,ETFCOM,ETFCOM_VALIDATED_CURRENT_MEMBERSHIP
XSD,MCHP,MCHP,2.49,Microchip Technology Incorporated,2024-11-20T00:00:00.000Z,492864.0,32095303.68,https://api-prod.etf.com/private/fund/XSD/holdings?type=securities&formatValues=true,ETFCOM,ETFCOM_VALIDATED_CURRENT_MEMBERSHIP
XSD,SWKS,SWKS,2.42,"Skyworks Solutions, Inc.",2024-11-20T00:00:00.000Z,373303.0,31144669.29,https://api-prod.etf.com/private/fund/XSD/holdings?type=securities&formatValues=true,ETFCOM,ETFCOM_VALIDATED_CURRENT_MEMBERSHIP
XSD,FSLR,FSLR,2.4,"First Solar, Inc.",2024-11-20T00:00:00.000Z,167182.0,30901920.88,https://api-prod.etf.com/private/fund/XSD/holdings?type=securities&formatValues=true,ETFCOM,ETFCOM_VALIDATED_CURRENT_MEMBERSHIP
XSD,OLED,OLED,2.36,Universal Display Corporation,2024-11-20T00:00:00.000Z,182890.0,30341451.0,https://api-prod.etf.com/private/fund/XSD/holdings?type=securities&formatValues=true,ETFCOM,ETFCOM_VALIDATED_CURRENT_MEMBERSHIP
XSD,CRUS,CRUS,2.24,"Cirrus Logic, Inc.",2024-11-20T00:00:00.000Z,287295.0,28791268.43,https://api-prod.etf.com/private/fund/XSD/holdings?type=securities&formatValues=true,ETFCOM,ETFCOM_VALIDATED_CURRENT_MEMBERSHIP
XSD,SYNA,SYNA,2.17,Synaptics Incorporated,2024-11-20T00:00:00.000Z,385379.0,27959246.45,https://api-prod.etf.com/private/fund/XSD/holdings?type=securities&formatValues=true,ETFCOM,ETFCOM_VALIDATED_CURRENT_MEMBERSHIP
XSD,MPWR,MPWR,1.82,"Monolithic Power Systems, Inc.",2024-11-20T00:00:00.000Z,41833.0,23428989.98,https://api-prod.etf.com/private/fund/XSD/holdings?type=securities&formatValues=true,ETFCOM,ETFCOM_VALIDATED_CURRENT_MEMBERSHIP
XSD,QRVO,QRVO,1.81,"Qorvo, Inc.",2024-11-20T00:00:00.000Z,355324.0,23330573.84,https://api-prod.etf.com/private/fund/XSD/holdings?type=securities&formatValues=true,ETFCOM,ETFCOM_VALIDATED_CURRENT_MEMBERSHIP
XSD,DIOD,DIOD,1.72,Diodes Incorporated,2024-11-20T00:00:00.000Z,398803.0,22169458.77,https://api-prod.etf.com/private/fund/XSD/holdings?type=securities&formatValues=true,ETFCOM,ETFCOM_VALIDATED_CURRENT_MEMBERSHIP
XSD,PENG,PENG,1.42,"Penguin Solutions, Inc.",2024-11-20T00:00:00.000Z,1076166.0,18241013.7,https://api-prod.etf.com/private/fund/XSD/holdings?type=securities&formatValues=true,ETFCOM,ETFCOM_VALIDATED_CURRENT_MEMBERSHIP
XSD,WOLF,WOLF,1.34,Wolfspeed Inc,2024-11-20T00:00:00.000Z,2682446.0,17274952.24,https://api-prod.etf.com/private/fund/XSD/holdings?type=securities&formatValues=true,ETFCOM,ETFCOM_VALIDATED_CURRENT_MEMBERSHIP
XSD,MXL,MXL,1.31,"MaxLinear, Inc.",2024-11-20T00:00:00.000Z,1144831.0,16817567.39,https://api-prod.etf.com/private/fund/XSD/holdings?type=securities&formatValues=true,ETFCOM,ETFCOM_VALIDATED_CURRENT_MEMBERSHIP
XSD,INDI,INDI,1.17,"indie Semiconductor, Inc. Class A",2024-11-20T00:00:00.000Z,3302498.0,15026365.9,https://api-prod.etf.com/private/fund/XSD/holdings?type=securities&formatValues=true,ETFCOM,ETFCOM_VALIDATED_CURRENT_MEMBERSHIP
XSD,AOSL,AOSL,1.03,Alpha and Omega Semiconductor Limited,2024-11-20T00:00:00.000Z,436764.0,13273257.96,https://api-prod.etf.com/private/fund/XSD/holdings?type=securities&formatValues=true,ETFCOM,ETFCOM_VALIDATED_CURRENT_MEMBERSHIP
XSD,NVTS,NVTS,0.41,Navitas Semiconductor Corporation,2024-11-20T00:00:00.000Z,2887847.0,5284760.01,https://api-prod.etf.com/private/fund/XSD/holdings?type=securities&formatValues=true,ETFCOM,ETFCOM_VALIDATED_CURRENT_MEMBERSHIP
XSD,CEVA,CEVA,0.3,"CEVA, Inc.",2024-11-20T00:00:00.000Z,139018.0,3899454.9,https://api-prod.etf.com/private/fund/XSD/holdings?type=securities&formatValues=true,ETFCOM,ETFCOM_VALIDATED_CURRENT_MEMBERSHIP
XSD,NVEC,NVEC,0.16,NVE Corporation,2024-11-20T00:00:00.000Z,27888.0,2107775.04,https://api-prod.etf.com/private/fund/XSD/holdings?type=securities&formatValues=true,ETFCOM,ETFCOM_VALIDATED_CURRENT_MEMBERSHIP
QTUM,IONQ,IONQ,5.02,"IonQ, Inc.",2024-11-20T00:00:00.000Z,542930.0,15668959.8,https://api-prod.etf.com/private/fund/QTUM/holdings?type=securities&formatValues=true,ETFCOM,ETFCOM_VALIDATED_CURRENT_MEMBERSHIP
QTUM,MSTR,MSTR,4.52,MicroStrategy Incorporated Class A,2024-11-20T00:00:00.000Z,29773.0,14107340.59,https://api-prod.etf.com/private/fund/QTUM/holdings?type=securities&formatValues=true,ETFCOM,ETFCOM_VALIDATED_CURRENT_MEMBERSHIP
QTUM,RGTI,RGTI,2.03,"Rigetti Computing, Inc.",2024-11-20T00:00:00.000Z,4702121.0,6347863.35,https://api-prod.etf.com/private/fund/QTUM/holdings?type=securities&formatValues=true,ETFCOM,ETFCOM_VALIDATED_CURRENT_MEMBERSHIP
QTUM,COHR,COHR,2.03,Coherent Corp.,2024-11-20T00:00:00.000Z,61285.0,6335643.3,https://api-prod.etf.com/private/fund/QTUM/holdings?type=securities&formatValues=true,ETFCOM,ETFCOM_VALIDATED_CURRENT_MEMBERSHIP
QTUM,RDNT,RDNT,1.84,"RadNet, Inc.",2024-11-20T00:00:00.000Z,69899.0,5742901.84,https://api-prod.etf.com/private/fund/QTUM/holdings?type=securities&formatValues=true,ETFCOM,ETFCOM_VALIDATED_CURRENT_MEMBERSHIP
QTUM,IBM,IBM,1.75,International Business Machines Corporation,2024-11-20T00:00:00.000Z,25539.0,5480669.4,https://api-prod.etf.com/private/fund/QTUM/holdings?type=securities&formatValues=true,ETFCOM,ETFCOM_VALIDATED_CURRENT_MEMBERSHIP
QTUM,ACN,ACN,1.73,Accenture Plc Class A,2024-11-20T00:00:00.000Z,15108.0,5394613.56,https://api-prod.etf.com/private/fund/QTUM/holdings?type=securities&formatValues=true,ETFCOM,ETFCOM_VALIDATED_CURRENT_MEMBERSHIP
QTUM,WIT,WIT,1.7,Wipro Limited Sponsored ADR,2024-11-20T00:00:00.000Z,773528.0,5321872.64,https://api-prod.etf.com/private/fund/QTUM/holdings?type=securities&formatValues=true,ETFCOM,ETFCOM_VALIDATED_CURRENT_MEMBERSHIP
QTUM,MRVL,MRVL,1.69,"Marvell Technology, Inc.",2024-11-20T00:00:00.000Z,58837.0,5287092.82,https://api-prod.etf.com/private/fund/QTUM/holdings?type=securities&formatValues=true,ETFCOM,ETFCOM_VALIDATED_CURRENT_MEMBERSHIP
QTUM,NVDA,NVDA,1.61,NVIDIA Corporation,2024-11-20T00:00:00.000Z,34474.0,5029411.86,https://api-prod.etf.com/private/fund/QTUM/holdings?type=securities&formatValues=true,ETFCOM,ETFCOM_VALIDATED_CURRENT_MEMBERSHIP
QTUM,LMT,LMT,1.61,Lockheed Martin Corporation,2024-11-20T00:00:00.000Z,9401.0,5026996.73,https://api-prod.etf.com/private/fund/QTUM/holdings?type=securities&formatValues=true,ETFCOM,ETFCOM_VALIDATED_CURRENT_MEMBERSHIP
QTUM,NOC,NOC,1.59,Northrop Grumman Corp.,2024-11-20T00:00:00.000Z,10105.0,4971457.9,https://api-prod.etf.com/private/fund/QTUM/holdings?type=securities&formatValues=true,ETFCOM,ETFCOM_VALIDATED_CURRENT_MEMBERSHIP
QTUM,RTX,RTX,1.54,RTX Corporation,2024-11-20T00:00:00.000Z,40425.0,4816638.75,https://api-prod.etf.com/private/fund/QTUM/holdings?type=securities&formatValues=true,ETFCOM,ETFCOM_VALIDATED_CURRENT_MEMBERSHIP
QTUM,NOK,NOK,1.54,Nokia Oyj Sponsored ADR,2024-11-20T00:00:00.000Z,1132882.0,4814748.5,https://api-prod.etf.com/private/fund/QTUM/holdings?type=securities&formatValues=true,ETFCOM,ETFCOM_VALIDATED_CURRENT_MEMBERSHIP
QTUM,BABA,BABA,1.54,Alibaba Group Holding Limited Sponsored ADR,2024-11-20T00:00:00.000Z,55309.0,4799161.93,https://api-prod.etf.com/private/fund/QTUM/holdings?type=securities&formatValues=true,ETFCOM,ETFCOM_VALIDATED_CURRENT_MEMBERSHIP
QTUM,TSM,TSM,1.5,"Taiwan Semiconductor Manufacturing Co., Ltd. Sponsored ADR",2024-11-20T00:00:00.000Z,24952.0,4699958.72,https://api-prod.etf.com/private/fund/QTUM/holdings?type=securities&formatValues=true,ETFCOM,ETFCOM_VALIDATED_CURRENT_MEMBERSHIP
QTUM,HON,HON,1.5,Honeywell International Inc.,2024-11-20T00:00:00.000Z,20701.0,4692295.67,https://api-prod.etf.com/private/fund/QTUM/holdings?type=securities&formatValues=true,ETFCOM,ETFCOM_VALIDATED_CURRENT_MEMBERSHIP
QTUM,HPE,HPE,1.4,Hewlett Packard Enterprise Co.,2024-11-20T00:00:00.000Z,206422.0,4372017.96,https://api-prod.etf.com/private/fund/QTUM/holdings?type=securities&formatValues=true,ETFCOM,ETFCOM_VALIDATED_CURRENT_MEMBERSHIP
QTUM,JNPR,JNPR,1.39,"Juniper Networks, Inc.",2024-11-20T00:00:00.000Z,121449.0,4330871.34,https://api-prod.etf.com/private/fund/QTUM/holdings?type=securities&formatValues=true,ETFCOM,ETFCOM_VALIDATED_CURRENT_MEMBERSHIP
QTUM,TXN,TXN,1.38,Texas Instruments Incorporated,2024-11-20T00:00:00.000Z,21692.0,4299137.48,https://api-prod.etf.com/private/fund/QTUM/holdings?type=securities&formatValues=true,ETFCOM,ETFCOM_VALIDATED_CURRENT_MEMBERSHIP
QTUM,GOOGL,GOOGL,1.37,Alphabet Inc. Class A,2024-11-20T00:00:00.000Z,24277.0,4272266.46,https://api-prod.etf.com/private/fund/QTUM/holdings?type=securities&formatValues=true,ETFCOM,ETFCOM_VALIDATED_CURRENT_MEMBERSHIP
QTUM,CDNS,CDNS,1.35,"Cadence Design Systems, Inc.",2024-11-20T00:00:00.000Z,13846.0,4209322.46,https://api-prod.etf.com/private/fund/QTUM/holdings?type=securities&formatValues=true,ETFCOM,ETFCOM_VALIDATED_CURRENT_MEMBERSHIP
QTUM,BAH,BAH,1.31,Booz Allen Hamilton Holding Corporation Class A,2024-11-20T00:00:00.000Z,28413.0,4096870.47,https://api-prod.etf.com/private/fund/QTUM/holdings?type=securities&formatValues=true,ETFCOM,ETFCOM_VALIDATED_CURRENT_MEMBERSHIP
QTUM,MSFT,MSFT,1.3,Microsoft Corporation,2024-11-20T00:00:00.000Z,9788.0,4066816.12,https://api-prod.etf.com/private/fund/QTUM/holdings?type=securities&formatValues=true,ETFCOM,ETFCOM_VALIDATED_CURRENT_MEMBERSHIP
QTUM,BIDU,BIDU,1.27,"Baidu, Inc. Sponsored ADR Class A",2024-11-20T00:00:00.000Z,45733.0,3967337.75,https://api-prod.etf.com/private/fund/QTUM/holdings?type=securities&formatValues=true,ETFCOM,ETFCOM_VALIDATED_CURRENT_MEMBERSHIP
QTUM,SNPS,SNPS,1.27,"Synopsys, Inc.",2024-11-20T00:00:00.000Z,7303.0,3955012.68,https://api-prod.etf.com/private/fund/QTUM/holdings?type=securities&formatValues=true,ETFCOM,ETFCOM_VALIDATED_CURRENT_MEMBERSHIP
QTUM,TDC,TDC,1.23,Teradata Corporation,2024-11-20T00:00:00.000Z,128042.0,3837418.74,https://api-prod.etf.com/private/fund/QTUM/holdings?type=securities&formatValues=true,ETFCOM,ETFCOM_VALIDATED_CURRENT_MEMBERSHIP
QTUM,ADI,ADI,1.22,"Analog Devices, Inc.",2024-11-20T00:00:00.000Z,18102.0,3819703.02,https://api-prod.etf.com/private/fund/QTUM/holdings?type=securities&formatValues=true,ETFCOM,ETFCOM_VALIDATED_CURRENT_MEMBERSHIP
QTUM,ON,ON,1.22,ON Semiconductor Corporation,2024-11-20T00:00:00.000Z,56630.0,3811765.3,https://api-prod.etf.com/private/fund/QTUM/holdings?type=securities&formatValues=true,ETFCOM,ETFCOM_VALIDATED_CURRENT_MEMBERSHIP
QTUM,AMD,AMD,1.19,"Advanced Micro Devices, Inc.",2024-11-20T00:00:00.000Z,26936.0,3706393.6,https://api-prod.etf.com/private/fund/QTUM/holdings?type=securities&formatValues=true,ETFCOM,ETFCOM_VALIDATED_CURRENT_MEMBERSHIP
QTUM,NVEC,NVEC,1.18,NVE Corporation,2024-11-20T00:00:00.000Z,48717.0,3682030.86,https://api-prod.etf.com/private/fund/QTUM/holdings?type=securities&formatValues=true,ETFCOM,ETFCOM_VALIDATED_CURRENT_MEMBERSHIP
QTUM,CRUS,CRUS,1.12,"Cirrus Logic, Inc.",2024-11-20T00:00:00.000Z,34883.0,3495799.85,https://api-prod.etf.com/private/fund/QTUM/holdings?type=securities&formatValues=true,ETFCOM,ETFCOM_VALIDATED_CURRENT_MEMBERSHIP
QTUM,LSCC,LSCC,1.11,Lattice Semiconductor Corporation,2024-11-20T00:00:00.000Z,68448.0,3473736.0,https://api-prod.etf.com/private/fund/QTUM/holdings?type=securities&formatValues=true,ETFCOM,ETFCOM_VALIDATED_CURRENT_MEMBERSHIP
QTUM,MKSI,MKSI,1.1,"MKS Instruments, Inc.",2024-11-20T00:00:00.000Z,31709.0,3435670.15,https://api-prod.etf.com/private/fund/QTUM/holdings?type=securities&formatValues=true,ETFCOM,ETFCOM_VALIDATED_CURRENT_MEMBERSHIP
QTUM,INTC,INTC,1.08,Intel Corporation,2024-11-20T00:00:00.000Z,140324.0,3369179.24,https://api-prod.etf.com/private/fund/QTUM/holdings?type=securities&formatValues=true,ETFCOM,ETFCOM_VALIDATED_CURRENT_MEMBERSHIP
QTUM,NXPI,NXPI,1.08,NXP Semiconductors NV,2024-11-20T00:00:00.000Z,15252.0,3360625.68,https://api-prod.etf.com/private/fund/QTUM/holdings?type=securities&formatValues=true,ETFCOM,ETFCOM_VALIDATED_CURRENT_MEMBERSHIP
QTUM,ESTC,ESTC,1.07,Elastic NV,2024-11-20T00:00:00.000Z,37651.0,3335125.58,https://api-prod.etf.com/private/fund/QTUM/holdings?type=securities&formatValues=true,ETFCOM,ETFCOM_VALIDATED_CURRENT_MEMBERSHIP
QTUM,SYNA,SYNA,1.05,Synaptics Incorporated,2024-11-20T00:00:00.000Z,45164.0,3276648.2,https://api-prod.etf.com/private/fund/QTUM/holdings?type=securities&formatValues=true,ETFCOM,ETFCOM_VALIDATED_CURRENT_MEMBERSHIP
QTUM,KLAC,KLAC,1.03,KLA Corporation,2024-11-20T00:00:00.000Z,5212.0,3214917.96,https://api-prod.etf.com/private/fund/QTUM/holdings?type=securities&formatValues=true,ETFCOM,ETFCOM_VALIDATED_CURRENT_MEMBERSHIP
QTUM,ONTO,ONTO,1.0,"Onto Innovation, Inc.",2024-11-20T00:00:00.000Z,19205.0,3109481.55,https://api-prod.etf.com/private/fund/QTUM/holdings?type=securities&formatValues=true,ETFCOM,ETFCOM_VALIDATED_CURRENT_MEMBERSHIP
QTUM,AMAT,AMAT,0.99,"Applied Materials, Inc.",2024-11-20T00:00:00.000Z,18164.0,3096780.36,https://api-prod.etf.com/private/fund/QTUM/holdings?type=securities&formatValues=true,ETFCOM,ETFCOM_VALIDATED_CURRENT_MEMBERSHIP
QTUM,QCOM,QCOM,0.99,QUALCOMM Incorporated,2024-11-20T00:00:00.000Z,20039.0,3091416.53,https://api-prod.etf.com/private/fund/QTUM/holdings?type=securities&formatValues=true,ETFCOM,ETFCOM_VALIDATED_CURRENT_MEMBERSHIP
QTUM,MU,MU,0.97,"Micron Technology, Inc.",2024-11-20T00:00:00.000Z,30665.0,3016516.05,https://api-prod.etf.com/private/fund/QTUM/holdings?type=securities&formatValues=true,ETFCOM,ETFCOM_VALIDATED_CURRENT_MEMBERSHIP
QTUM,TER,TER,0.96,"Teradyne, Inc.",2024-11-20T00:00:00.000Z,28996.0,3003405.68,https://api-prod.etf.com/private/fund/QTUM/holdings?type=securities&formatValues=true,ETFCOM,ETFCOM_VALIDATED_CURRENT_MEMBERSHIP
QTUM,FORM,FORM,0.96,"FormFactor, Inc.",2024-11-20T00:00:00.000Z,75301.0,2986437.66,https://api-prod.etf.com/private/fund/QTUM/holdings?type=securities&formatValues=true,ETFCOM,ETFCOM_VALIDATED_CURRENT_MEMBERSHIP
QTUM,MCHP,MCHP,0.95,Microchip Technology Incorporated,2024-11-20T00:00:00.000Z,45665.0,2973704.8,https://api-prod.etf.com/private/fund/QTUM/holdings?type=securities&formatValues=true,ETFCOM,ETFCOM_VALIDATED_CURRENT_MEMBERSHIP
QTUM,LRCX,LRCX,0.93,Lam Research Corporation,2024-11-20T00:00:00.000Z,41580.0,2912679.0,https://api-prod.etf.com/private/fund/QTUM/holdings?type=securities&formatValues=true,ETFCOM,ETFCOM_VALIDATED_CURRENT_MEMBERSHIP
QTUM,ASML,ASML,0.85,ASML Holding NV ADR,2024-11-20T00:00:00.000Z,4037.0,2658081.91,https://api-prod.etf.com/private/fund/QTUM/holdings?type=securities&formatValues=true,ETFCOM,ETFCOM_VALIDATED_CURRENT_MEMBERSHIP
QTUM,STM,STM,0.75,STMicroelectronics NV ADR RegS,2024-11-20T00:00:00.000Z,95411.0,2337569.5,https://api-prod.etf.com/private/fund/QTUM/holdings?type=securities&formatValues=true,ETFCOM,ETFCOM_VALIDATED_CURRENT_MEMBERSHIP
QTUM,FGXXX,FGXXX,0.2,First American Funds Inc X Government Obligations Fund,2024-11-20T00:00:00.000Z,626299.83,626299.83,https://api-prod.etf.com/private/fund/QTUM/holdings?type=securities&formatValues=true,ETFCOM,ETFCOM_VALIDATED_CURRENT_MEMBERSHIP
SLX,RIO,RIO,9.61,Rio Tinto plc Sponsored ADR,2024-11-20T00:00:00.000Z,136852.0,8538196.28,https://api-prod.etf.com/private/fund/SLX/holdings?type=securities&formatValues=true,ETFCOM,ETFCOM_VALIDATED_CURRENT_MEMBERSHIP
SLX,VALE,VALE,7.52,Vale S.A. Sponsored ADR,2024-11-20T00:00:00.000Z,666327.0,6683259.81,https://api-prod.etf.com/private/fund/SLX/holdings?type=securities&formatValues=true,ETFCOM,ETFCOM_VALIDATED_CURRENT_MEMBERSHIP
SLX,TS,TS,5.86,Tenaris S.A. Sponsored ADR,2024-11-20T00:00:00.000Z,140711.0,5207714.11,https://api-prod.etf.com/private/fund/SLX/holdings?type=securities&formatValues=true,ETFCOM,ETFCOM_VALIDATED_CURRENT_MEMBERSHIP
SLX,STLD,STLD,5.84,"Steel Dynamics, Inc.",2024-11-20T00:00:00.000Z,36010.0,5186880.4,https://api-prod.etf.com/private/fund/SLX/holdings?type=securities&formatValues=true,ETFCOM,ETFCOM_VALIDATED_CURRENT_MEMBERSHIP
SLX,NUE,NUE,5.81,Nucor Corporation,2024-11-20T00:00:00.000Z,34841.0,5162390.97,https://api-prod.etf.com/private/fund/SLX/holdings?type=securities&formatValues=true,ETFCOM,ETFCOM_VALIDATED_CURRENT_MEMBERSHIP
SLX,HCC,HCC,5.47,"Warrior Met Coal, Inc.",2024-11-20T00:00:00.000Z,69499.0,4862845.03,https://api-prod.etf.com/private/fund/SLX/holdings?type=securities&formatValues=true,ETFCOM,ETFCOM_VALIDATED_CURRENT_MEMBERSHIP
SLX,CRS,CRS,5.27,Carpenter Technology Corporation,2024-11-20T00:00:00.000Z,25892.0,4678684.4,https://api-prod.etf.com/private/fund/SLX/holdings?type=securities&formatValues=true,ETFCOM,ETFCOM_VALIDATED_CURRENT_MEMBERSHIP
SLX,RS,RS,5.19,"Reliance, Inc.",2024-11-20T00:00:00.000Z,14692.0,4606382.76,https://api-prod.etf.com/private/fund/SLX/holdings?type=securities&formatValues=true,ETFCOM,ETFCOM_VALIDATED_CURRENT_MEMBERSHIP
SLX,MT,MT,5.0,ArcelorMittal SA ADR,2024-11-20T00:00:00.000Z,177022.0,4439711.76,https://api-prod.etf.com/private/fund/SLX/holdings?type=securities&formatValues=true,ETFCOM,ETFCOM_VALIDATED_CURRENT_MEMBERSHIP
SLX,CMC,CMC,4.85,Commercial Metals Company,2024-11-20T00:00:00.000Z,72092.0,4305334.24,https://api-prod.etf.com/private/fund/SLX/holdings?type=securities&formatValues=true,ETFCOM,ETFCOM_VALIDATED_CURRENT_MEMBERSHIP
SLX,X,X,4.42,United States Steel Corporation,2024-11-20T00:00:00.000Z,102313.0,3926772.94,https://api-prod.etf.com/private/fund/SLX/holdings?type=securities&formatValues=true,ETFCOM,ETFCOM_VALIDATED_CURRENT_MEMBERSHIP
SLX,GGB,GGB,4.3,Gerdau S.A. Pfd Sponsored ADR Repr 1 Pfd Sh,2024-11-20T00:00:00.000Z,1101054.0,3820657.38,https://api-prod.etf.com/private/fund/SLX/holdings?type=securities&formatValues=true,ETFCOM,ETFCOM_VALIDATED_CURRENT_MEMBERSHIP
SLX,CLF,CLF,4.12,Cleveland-Cliffs Inc,2024-11-20T00:00:00.000Z,314187.0,3663420.42,https://api-prod.etf.com/private/fund/SLX/holdings?type=securities&formatValues=true,ETFCOM,ETFCOM_VALIDATED_CURRENT_MEMBERSHIP
SLX,TX,TX,4.06,Ternium S.A. Sponsored ADR,2024-11-20T00:00:00.000Z,107552.0,3608369.6,https://api-prod.etf.com/private/fund/SLX/holdings?type=securities&formatValues=true,ETFCOM,ETFCOM_VALIDATED_CURRENT_MEMBERSHIP
SLX,ATI,ATI,3.92,ATI Inc.,2024-11-20T00:00:00.000Z,60002.0,3481316.04,https://api-prod.etf.com/private/fund/SLX/holdings?type=securities&formatValues=true,ETFCOM,ETFCOM_VALIDATED_CURRENT_MEMBERSHIP
SLX,SID,SID,3.78,Companhia Siderurgica Nacional Sponsored ADR,2024-11-20T00:00:00.000Z,1678983.0,3357966.0,https://api-prod.etf.com/private/fund/SLX/holdings?type=securities&formatValues=true,ETFCOM,ETFCOM_VALIDATED_CURRENT_MEMBERSHIP
SLX,PKX,PKX,3.51,POSCO Holdings Inc. Sponsored ADR,2024-11-20T00:00:00.000Z,59304.0,3117018.24,https://api-prod.etf.com/private/fund/SLX/holdings?type=securities&formatValues=true,ETFCOM,ETFCOM_VALIDATED_CURRENT_MEMBERSHIP
SLX,WS,WS,2.39,"Worthington Steel, Inc.",2024-11-20T00:00:00.000Z,48256.0,2120851.2,https://api-prod.etf.com/private/fund/SLX/holdings?type=securities&formatValues=true,ETFCOM,ETFCOM_VALIDATED_CURRENT_MEMBERSHIP
SLX,ROCK,ROCK,2.26,"Gibraltar Industries, Inc.",2024-11-20T00:00:00.000Z,29188.0,2011636.96,https://api-prod.etf.com/private/fund/SLX/holdings?type=securities&formatValues=true,ETFCOM,ETFCOM_VALIDATED_CURRENT_MEMBERSHIP
SLX,USAP,USAP,1.32,"Universal Stainless & Alloy Products, Inc.",2024-11-20T00:00:00.000Z,26540.0,1169087.0,https://api-prod.etf.com/private/fund/SLX/holdings?type=securities&formatValues=true,ETFCOM,ETFCOM_VALIDATED_CURRENT_MEMBERSHIP
SLX,SXC,SXC,1.14,"SunCoke Energy, Inc.",2024-11-20T00:00:00.000Z,80530.0,1012262.1,https://api-prod.etf.com/private/fund/SLX/holdings?type=securities&formatValues=true,ETFCOM,ETFCOM_VALIDATED_CURRENT_MEMBERSHIP
SLX,ZEUS,ZEUS,0.97,"Olympic Steel, Inc.",2024-11-20T00:00:00.000Z,21322.0,863327.78,https://api-prod.etf.com/private/fund/SLX/holdings?type=securities&formatValues=true,ETFCOM,ETFCOM_VALIDATED_CURRENT_MEMBERSHIP
SLX,RYI,RYI,0.87,Ryerson Holding Corporation,2024-11-20T00:00:00.000Z,31795.0,775480.05,https://api-prod.etf.com/private/fund/SLX/holdings?type=securities&formatValues=true,ETFCOM,ETFCOM_VALIDATED_CURRENT_MEMBERSHIP
SLX,MTUS,MTUS,0.68,Metallus Inc.,2024-11-20T00:00:00.000Z,41618.0,608455.16,https://api-prod.etf.com/private/fund/SLX/holdings?type=securities&formatValues=true,ETFCOM,ETFCOM_VALIDATED_CURRENT_MEMBERSHIP
SLX,RDUS,RDUS,0.55,"Radius Recycling, Inc. Class A",2024-11-20T00:00:00.000Z,26660.0,492143.6,https://api-prod.etf.com/private/fund/SLX/holdings?type=securities&formatValues=true,ETFCOM,ETFCOM_VALIDATED_CURRENT_MEMBERSHIP
BLOK,MSTR,MSTR,7.26,MicroStrategy Incorporated Class A,2024-11-20T00:00:00.000Z,138426.0,65590391.58,https://api-prod.etf.com/private/fund/BLOK/holdings?type=securities&formatValues=true,ETFCOM,ETFCOM_VALIDATED_CURRENT_MEMBERSHIP
BLOK,CORZ,CORZ,5.36,Core Scientific Inc,2024-11-20T00:00:00.000Z,2804910.000001,48412746.6,https://api-prod.etf.com/private/fund/BLOK/holdings?type=securities&formatValues=true,ETFCOM,ETFCOM_VALIDATED_CURRENT_MEMBERSHIP
BLOK,COIN,COIN,4.85,"Coinbase Global, Inc. Class A",2024-11-20T00:00:00.000Z,136840.0,43790168.4,https://api-prod.etf.com/private/fund/BLOK/holdings?type=securities&formatValues=true,ETFCOM,ETFCOM_VALIDATED_CURRENT_MEMBERSHIP
BLOK,HOOD,HOOD,3.96,"Robinhood Markets, Inc. Class A",2024-11-20T00:00:00.000Z,991844.0,35785731.52,https://api-prod.etf.com/private/fund/BLOK/holdings?type=securities&formatValues=true,ETFCOM,ETFCOM_VALIDATED_CURRENT_MEMBERSHIP
BLOK,CLSK,CLSK,3.56,"Cleanspark, Inc.",2024-11-20T00:00:00.000Z,2294267.0,32119738.0,https://api-prod.etf.com/private/fund/BLOK/holdings?type=securities&formatValues=true,ETFCOM,ETFCOM_VALIDATED_CURRENT_MEMBERSHIP
BLOK,SQ,SQ,3.35,"Block, Inc. Class A",2024-11-20T00:00:00.000Z,337516.0,30275185.2,https://api-prod.etf.com/private/fund/BLOK/holdings?type=securities&formatValues=true,ETFCOM,ETFCOM_VALIDATED_CURRENT_MEMBERSHIP
BLOK,PYPL,PYPL,3.13,"PayPal Holdings, Inc.",2024-11-20T00:00:00.000Z,333467.0,28257993.58,https://api-prod.etf.com/private/fund/BLOK/holdings?type=securities&formatValues=true,ETFCOM,ETFCOM_VALIDATED_CURRENT_MEMBERSHIP
BLOK,MARA,MARA,2.78,"MARA Holdings, Inc.",2024-11-20T00:00:00.000Z,1109781.0,25114344.03,https://api-prod.etf.com/private/fund/BLOK/holdings?type=securities&formatValues=true,ETFCOM,ETFCOM_VALIDATED_CURRENT_MEMBERSHIP
BLOK,CIFR,CIFR,2.69,Cipher Mining Inc,2024-11-20T00:00:00.000Z,3728983.0,24275679.33,https://api-prod.etf.com/private/fund/BLOK/holdings?type=securities&formatValues=true,ETFCOM,ETFCOM_VALIDATED_CURRENT_MEMBERSHIP
BLOK,CMPO,CMPO,2.62,"CompoSecure, Inc. Class A",2024-11-20T00:00:00.000Z,1538420.0,23691668.0,https://api-prod.etf.com/private/fund/BLOK/holdings?type=securities&formatValues=true,ETFCOM,ETFCOM_VALIDATED_CURRENT_MEMBERSHIP
BLOK,IBM,IBM,2.36,International Business Machines Corporation,2024-11-20T00:00:00.000Z,99369.0,21324587.4,https://api-prod.etf.com/private/fund/BLOK/holdings?type=securities&formatValues=true,ETFCOM,ETFCOM_VALIDATED_CURRENT_MEMBERSHIP
BLOK,RBLX,RBLX,2.3,Roblox Corp. Class A,2024-11-20T00:00:00.000Z,402193.0,20720983.36,https://api-prod.etf.com/private/fund/BLOK/holdings?type=securities&formatValues=true,ETFCOM,ETFCOM_VALIDATED_CURRENT_MEMBERSHIP
BLOK,MELI,MELI,2.24,"MercadoLibre, Inc.",2024-11-20T00:00:00.000Z,10488.0,20255054.88,https://api-prod.etf.com/private/fund/BLOK/holdings?type=securities&formatValues=true,ETFCOM,ETFCOM_VALIDATED_CURRENT_MEMBERSHIP
BLOK,RIOT,RIOT,2.0,"Riot Platforms, Inc.",2024-11-20T00:00:00.000Z,1486263.0,18058095.45,https://api-prod.etf.com/private/fund/BLOK/holdings?type=securities&formatValues=true,ETFCOM,ETFCOM_VALIDATED_CURRENT_MEMBERSHIP
BLOK,BLK,BLK,1.85,"BlackRock, Inc.",2024-11-20T00:00:00.000Z,16302.0,16704170.34,https://api-prod.etf.com/private/fund/BLOK/holdings?type=securities&formatValues=true,ETFCOM,ETFCOM_VALIDATED_CURRENT_MEMBERSHIP
BLOK,HODL,HODL,1.84,VanEck Bitcoin ETF,2024-11-20T00:00:00.000Z,156052.0,16628901.12,https://api-prod.etf.com/private/fund/BLOK/holdings?type=securities&formatValues=true,ETFCOM,ETFCOM_VALIDATED_CURRENT_MEMBERSHIP
BLOK,FBTC,FBTC,1.84,Fidelity Wise Origin Bitcoin Fund,2024-11-20T00:00:00.000Z,200811.0,16574939.94,https://api-prod.etf.com/private/fund/BLOK/holdings?type=securities&formatValues=true,ETFCOM,ETFCOM_VALIDATED_CURRENT_MEMBERSHIP
BLOK,CME,CME,1.66,CME Group Inc. Class A,2024-11-20T00:00:00.000Z,65923.0,15030444.0,https://api-prod.etf.com/private/fund/BLOK/holdings?type=securities&formatValues=true,ETFCOM,ETFCOM_VALIDATED_CURRENT_MEMBERSHIP
BLOK,ORCL,ORCL,1.64,Oracle Corporation,2024-11-20T00:00:00.000Z,77659.0,14813454.25,https://api-prod.etf.com/private/fund/BLOK/holdings?type=securities&formatValues=true,ETFCOM,ETFCOM_VALIDATED_CURRENT_MEMBERSHIP
BLOK,APLD,APLD,1.58,Applied Digital Corporation,2024-11-20T00:00:00.000Z,1623389.0,14220887.64,https://api-prod.etf.com/private/fund/BLOK/holdings?type=securities&formatValues=true,ETFCOM,ETFCOM_VALIDATED_CURRENT_MEMBERSHIP
BLOK,NVDA,NVDA,1.57,NVIDIA Corporation,2024-11-20T00:00:00.000Z,97440.0,14215521.6,https://api-prod.etf.com/private/fund/BLOK/holdings?type=securities&formatValues=true,ETFCOM,ETFCOM_VALIDATED_CURRENT_MEMBERSHIP
BLOK,DELL,DELL,1.53,"Dell Technologies, Inc. Class C",2024-11-20T00:00:00.000Z,103371.0,13847579.16,https://api-prod.etf.com/private/fund/BLOK/holdings?type=securities&formatValues=true,ETFCOM,ETFCOM_VALIDATED_CURRENT_MEMBERSHIP
BLOK,BTCO,BTCO,1.14,Invesco Galaxy Bitcoin ETF,2024-11-20T00:00:00.000Z,108835.0,10274024.0,https://api-prod.etf.com/private/fund/BLOK/holdings?type=securities&formatValues=true,ETFCOM,ETFCOM_VALIDATED_CURRENT_MEMBERSHIP
BLOK,BITB,BITB,1.14,Bitwise Bitcoin ETF Trust,2024-11-20T00:00:00.000Z,199715.0,10271342.45,https://api-prod.etf.com/private/fund/BLOK/holdings?type=securities&formatValues=true,ETFCOM,ETFCOM_VALIDATED_CURRENT_MEMBERSHIP
BLOK,IBIT,IBIT,1.13,iShares Bitcoin Trust ETF,2024-11-20T00:00:00.000Z,189263.0,10167208.36,https://api-prod.etf.com/private/fund/BLOK/holdings?type=securities&formatValues=true,ETFCOM,ETFCOM_VALIDATED_CURRENT_MEMBERSHIP
BLOK,AMD,AMD,1.08,"Advanced Micro Devices, Inc.",2024-11-20T00:00:00.000Z,70607.0,9715523.2,https://api-prod.etf.com/private/fund/BLOK/holdings?type=securities&formatValues=true,ETFCOM,ETFCOM_VALIDATED_CURRENT_MEMBERSHIP
BLOK,TSM,TSM,1.05,"Taiwan Semiconductor Manufacturing Co., Ltd. Sponsored ADR",2024-11-20T00:00:00.000Z,50557.0,9522916.52,https://api-prod.etf.com/private/fund/BLOK/holdings?type=securities&formatValues=true,ETFCOM,ETFCOM_VALIDATED_CURRENT_MEMBERSHIP
BLOK,MA,MA,0.92,Mastercard Incorporated Class A,2024-11-20T00:00:00.000Z,16123.0,8263682.42,https://api-prod.etf.com/private/fund/BLOK/holdings?type=securities&formatValues=true,ETFCOM,ETFCOM_VALIDATED_CURRENT_MEMBERSHIP
BLOK,QCOM,QCOM,0.91,QUALCOMM Incorporated,2024-11-20T00:00:00.000Z,53348.0,8229995.96,https://api-prod.etf.com/private/fund/BLOK/holdings?type=securities&formatValues=true,ETFCOM,ETFCOM_VALIDATED_CURRENT_MEMBERSHIP
BLOK,CACI,CACI,0.84,CACI International Inc Class A,2024-11-20T00:00:00.000Z,16748.0,7618665.2,https://api-prod.etf.com/private/fund/BLOK/holdings?type=securities&formatValues=true,ETFCOM,ETFCOM_VALIDATED_CURRENT_MEMBERSHIP
BLOK,AVGO,AVGO,0.8,Broadcom Inc.,2024-11-20T00:00:00.000Z,44320.0,7235240.0,https://api-prod.etf.com/private/fund/BLOK/holdings?type=securities&formatValues=true,ETFCOM,ETFCOM_VALIDATED_CURRENT_MEMBERSHIP
BLOK,V,V,0.79,Visa Inc. Class A,2024-11-20T00:00:00.000Z,23297.0,7161264.83,https://api-prod.etf.com/private/fund/BLOK/holdings?type=securities&formatValues=true,ETFCOM,ETFCOM_VALIDATED_CURRENT_MEMBERSHIP
BLOK,CUBI,CUBI,0.73,"Customers Bancorp, Inc.",2024-11-20T00:00:00.000Z,121793.0,6565860.63,https://api-prod.etf.com/private/fund/BLOK/holdings?type=securities&formatValues=true,ETFCOM,ETFCOM_VALIDATED_CURRENT_MEMBERSHIP
BLOK,BYON,BYON,0.66,"Beyond, Inc.",2024-11-20T00:00:00.000Z,1005545.0,5952826.4,https://api-prod.etf.com/private/fund/BLOK/holdings?type=securities&formatValues=true,ETFCOM,ETFCOM_VALIDATED_CURRENT_MEMBERSHIP
BLOK,WULF,WULF,0.66,TeraWulf Inc.,2024-11-20T00:00:00.000Z,821378.0,5913921.6,https://api-prod.etf.com/private/fund/BLOK/holdings?type=securities&formatValues=true,ETFCOM,ETFCOM_VALIDATED_CURRENT_MEMBERSHIP
BLOK,AGPXX,AGPXX,0.61,Short Term Investments Trust Government & Agency Portfolio Institutional,2024-11-20T00:00:00.000Z,5480047.11,5480047.11,https://api-prod.etf.com/private/fund/BLOK/holdings?type=securities&formatValues=true,ETFCOM,ETFCOM_VALIDATED_CURRENT_MEMBERSHIP
BLOK,BEN,BEN,0.56,"Franklin Resources, Inc.",2024-11-20T00:00:00.000Z,234941.0,5084123.24,https://api-prod.etf.com/private/fund/BLOK/holdings?type=securities&formatValues=true,ETFCOM,ETFCOM_VALIDATED_CURRENT_MEMBERSHIP
BLOK,BABA,BABA,0.56,Alibaba Group Holding Limited Sponsored ADR,2024-11-20T00:00:00.000Z,57883.0,5022507.91,https://api-prod.etf.com/private/fund/BLOK/holdings?type=securities&formatValues=true,ETFCOM,ETFCOM_VALIDATED_CURRENT_MEMBERSHIP
BLOK,WT,WT,0.54,"WisdomTree, Inc.",2024-11-20T00:00:00.000Z,412613.0,4839950.49,https://api-prod.etf.com/private/fund/BLOK/holdings?type=securities&formatValues=true,ETFCOM,ETFCOM_VALIDATED_CURRENT_MEMBERSHIP
XME,AA,AA,5.82,Alcoa Corporation,2024-11-20T00:00:00.000Z,2408434.0,110161771.16,https://api-prod.etf.com/private/fund/XME/holdings?type=securities&formatValues=true,ETFCOM,ETFCOM_VALIDATED_CURRENT_MEMBERSHIP
XME,STLD,STLD,5.29,"Steel Dynamics, Inc.",2024-11-20T00:00:00.000Z,694093.0,99977155.72,https://api-prod.etf.com/private/fund/XME/holdings?type=securities&formatValues=true,ETFCOM,ETFCOM_VALIDATED_CURRENT_MEMBERSHIP
XME,CRS,CRS,5.25,Carpenter Technology Corporation,2024-11-20T00:00:00.000Z,550017.0,99388071.9,https://api-prod.etf.com/private/fund/XME/holdings?type=securities&formatValues=true,ETFCOM,ETFCOM_VALIDATED_CURRENT_MEMBERSHIP
XME,HCC,HCC,5.0,"Warrior Met Coal, Inc.",2024-11-20T00:00:00.000Z,1352484.0,94633305.48,https://api-prod.etf.com/private/fund/XME/holdings?type=securities&formatValues=true,ETFCOM,ETFCOM_VALIDATED_CURRENT_MEMBERSHIP
XME,CMC,CMC,4.77,Commercial Metals Company,2024-11-20T00:00:00.000Z,1509654.0,90156536.88,https://api-prod.etf.com/private/fund/XME/holdings?type=securities&formatValues=true,ETFCOM,ETFCOM_VALIDATED_CURRENT_MEMBERSHIP
XME,RS,RS,4.67,"Reliance, Inc.",2024-11-20T00:00:00.000Z,281849.0,88368116.97,https://api-prod.etf.com/private/fund/XME/holdings?type=securities&formatValues=true,ETFCOM,ETFCOM_VALIDATED_CURRENT_MEMBERSHIP
XME,X,X,4.41,United States Steel Corporation,2024-11-20T00:00:00.000Z,2171378.0,83337487.64,https://api-prod.etf.com/private/fund/XME/holdings?type=securities&formatValues=true,ETFCOM,ETFCOM_VALIDATED_CURRENT_MEMBERSHIP
XME,CEIX,CEIX,4.39,CONSOL Energy Inc,2024-11-20T00:00:00.000Z,659579.0,83113549.79,https://api-prod.etf.com/private/fund/XME/holdings?type=securities&formatValues=true,ETFCOM,ETFCOM_VALIDATED_CURRENT_MEMBERSHIP
XME,BTU,BTU,4.37,Peabody Energy Corporation,2024-11-20T00:00:00.000Z,3104109.0,82600340.48999998,https://api-prod.etf.com/private/fund/XME/holdings?type=securities&formatValues=true,ETFCOM,ETFCOM_VALIDATED_CURRENT_MEMBERSHIP
XME,NUE,NUE,4.27,Nucor Corporation,2024-11-20T00:00:00.000Z,545439.0,80817696.62999998,https://api-prod.etf.com/private/fund/XME/holdings?type=securities&formatValues=true,ETFCOM,ETFCOM_VALIDATED_CURRENT_MEMBERSHIP
XME,FCX,FCX,4.24,"Freeport-McMoRan, Inc.",2024-11-20T00:00:00.000Z,1836005.0,80233418.5,https://api-prod.etf.com/private/fund/XME/holdings?type=securities&formatValues=true,ETFCOM,ETFCOM_VALIDATED_CURRENT_MEMBERSHIP
XME,UEC,UEC,4.21,Uranium Energy Corp.,2024-11-20T00:00:00.000Z,9782207.0,79627164.98,https://api-prod.etf.com/private/fund/XME/holdings?type=securities&formatValues=true,ETFCOM,ETFCOM_VALIDATED_CURRENT_MEMBERSHIP
XME,CLF,CLF,4.05,Cleveland-Cliffs Inc,2024-11-20T00:00:00.000Z,6576152.0,76677932.31999998,https://api-prod.etf.com/private/fund/XME/holdings?type=securities&formatValues=true,ETFCOM,ETFCOM_VALIDATED_CURRENT_MEMBERSHIP
XME,RGLD,RGLD,3.96,"Royal Gold, Inc.",2024-11-20T00:00:00.000Z,503838.0,74870326.79999998,https://api-prod.etf.com/private/fund/XME/holdings?type=securities&formatValues=true,ETFCOM,ETFCOM_VALIDATED_CURRENT_MEMBERSHIP
XME,ARCH,ARCH,3.95,"Arch Resources, Inc. Class A",2024-11-20T00:00:00.000Z,447584.0,74777858.87999998,https://api-prod.etf.com/private/fund/XME/holdings?type=securities&formatValues=true,ETFCOM,ETFCOM_VALIDATED_CURRENT_MEMBERSHIP
XME,ATI,ATI,3.89,ATI Inc.,2024-11-20T00:00:00.000Z,1267959.0,73566981.18,https://api-prod.etf.com/private/fund/XME/holdings?type=securities&formatValues=true,ETFCOM,ETFCOM_VALIDATED_CURRENT_MEMBERSHIP
XME,AMR,AMR,3.71,"Alpha Metallurgical Resources, Inc.",2024-11-20T00:00:00.000Z,288478.0,70204006.08,https://api-prod.etf.com/private/fund/XME/holdings?type=securities&formatValues=true,ETFCOM,ETFCOM_VALIDATED_CURRENT_MEMBERSHIP
XME,HL,HL,3.42,Hecla Mining Company,2024-11-20T00:00:00.000Z,11484204.0,64656068.52,https://api-prod.etf.com/private/fund/XME/holdings?type=securities&formatValues=true,ETFCOM,ETFCOM_VALIDATED_CURRENT_MEMBERSHIP
XME,NEM,NEM,3.31,Newmont Corporation,2024-11-20T00:00:00.000Z,1458282.0,62691543.18,https://api-prod.etf.com/private/fund/XME/holdings?type=securities&formatValues=true,ETFCOM,ETFCOM_VALIDATED_CURRENT_MEMBERSHIP
XME,CDE,CDE,2.7,"Coeur Mining, Inc.",2024-11-20T00:00:00.000Z,7826919.0,51109781.07,https://api-prod.etf.com/private/fund/XME/holdings?type=securities&formatValues=true,ETFCOM,ETFCOM_VALIDATED_CURRENT_MEMBERSHIP
XME,MP,MP,2.56,MP Materials Corp Class A,2024-11-20T00:00:00.000Z,2659173.0,48476723.79,https://api-prod.etf.com/private/fund/XME/holdings?type=securities&formatValues=true,ETFCOM,ETFCOM_VALIDATED_CURRENT_MEMBERSHIP
XME,CENX,CENX,1.55,Century Aluminum Company,2024-11-20T00:00:00.000Z,1271478.0,29345712.24,https://api-prod.etf.com/private/fund/XME/holdings?type=securities&formatValues=true,ETFCOM,ETFCOM_VALIDATED_CURRENT_MEMBERSHIP
XME,LEU,LEU,1.32,Centrus Energy Corp. Class A,2024-11-20T00:00:00.000Z,333321.0,25045739.94,https://api-prod.etf.com/private/fund/XME/holdings?type=securities&formatValues=true,ETFCOM,ETFCOM_VALIDATED_CURRENT_MEMBERSHIP
XME,KALU,KALU,1.2,Kaiser Aluminum Corporation,2024-11-20T00:00:00.000Z,282635.0,22678632.4,https://api-prod.etf.com/private/fund/XME/holdings?type=securities&formatValues=true,ETFCOM,ETFCOM_VALIDATED_CURRENT_MEMBERSHIP
XME,MTRN,MTRN,1.07,Materion Corporation,2024-11-20T00:00:00.000Z,179788.0,20202777.56,https://api-prod.etf.com/private/fund/XME/holdings?type=securities&formatValues=true,ETFCOM,ETFCOM_VALIDATED_CURRENT_MEMBERSHIP
XME,SXC,SXC,0.98,"SunCoke Energy, Inc.",2024-11-20T00:00:00.000Z,1469661.0,18473638.77,https://api-prod.etf.com/private/fund/XME/holdings?type=securities&formatValues=true,ETFCOM,ETFCOM_VALIDATED_CURRENT_MEMBERSHIP
XME,RYI,RYI,0.89,Ryerson Holding Corporation,2024-11-20T00:00:00.000Z,693396.0,16911928.44,https://api-prod.etf.com/private/fund/XME/holdings?type=securities&formatValues=true,ETFCOM,ETFCOM_VALIDATED_CURRENT_MEMBERSHIP
XME,WS,WS,0.74,"Worthington Steel, Inc.",2024-11-20T00:00:00.000Z,318991.0,14019654.45,https://api-prod.etf.com/private/fund/XME/holdings?type=securities&formatValues=true,ETFCOM,ETFCOM_VALIDATED_CURRENT_MEMBERSHIP
XME,IE,IE,0.68,Ivanhoe Electric Inc.,2024-11-20T00:00:00.000Z,1407799.0,12782814.92,https://api-prod.etf.com/private/fund/XME/holdings?type=securities&formatValues=true,ETFCOM,ETFCOM_VALIDATED_CURRENT_MEMBERSHIP
XME,MTUS,MTUS,0.51,Metallus Inc.,2024-11-20T00:00:00.000Z,655773.0,9587401.26,https://api-prod.etf.com/private/fund/XME/holdings?type=securities&formatValues=true,ETFCOM,ETFCOM_VALIDATED_CURRENT_MEMBERSHIP
XME,HAYN,HAYN,0.5,"Haynes International, Inc.",2024-11-20T00:00:00.000Z,155746.0,9498948.54,https://api-prod.etf.com/private/fund/XME/holdings?type=securities&formatValues=true,ETFCOM,ETFCOM_VALIDATED_CURRENT_MEMBERSHIP
XME,GATO,GATO,0.49,"Gatos Silver, Inc.",2024-11-20T00:00:00.000Z,569553.0,9357755.79,https://api-prod.etf.com/private/fund/XME/holdings?type=securities&formatValues=true,ETFCOM,ETFCOM_VALIDATED_CURRENT_MEMBERSHIP
XME,METC,METC,0.47,"Ramaco Resources, Inc. Class A",2024-11-20T00:00:00.000Z,714832.0,8885361.759999998,https://api-prod.etf.com/private/fund/XME/holdings?type=securities&formatValues=true,ETFCOM,ETFCOM_VALIDATED_CURRENT_MEMBERSHIP
XME,MUX,MUX,0.43,McEwen Mining Inc.,2024-11-20T00:00:00.000Z,958473.0,8070342.66,https://api-prod.etf.com/private/fund/XME/holdings?type=securities&formatValues=true,ETFCOM,ETFCOM_VALIDATED_CURRENT_MEMBERSHIP
XME,RDUS,RDUS,0.41,"Radius Recycling, Inc. Class A",2024-11-20T00:00:00.000Z,418296.0,7721744.16,https://api-prod.etf.com/private/fund/XME/holdings?type=securities&formatValues=true,ETFCOM,ETFCOM_VALIDATED_CURRENT_MEMBERSHIP
XME,ZEUS,ZEUS,0.4,"Olympic Steel, Inc.",2024-11-20T00:00:00.000Z,188674.0,7639410.259999999,https://api-prod.etf.com/private/fund/XME/holdings?type=securities&formatValues=true,ETFCOM,ETFCOM_VALIDATED_CURRENT_MEMBERSHIP
GRID,ETN,ETN,9.5,Eaton Corp. Plc,2024-11-21T00:00:00.000Z,505160.0,187389102.0,https://api-prod.etf.com/private/fund/GRID/holdings?type=securities&formatValues=true,ETFCOM,ETFCOM_VALIDATED_CURRENT_MEMBERSHIP
GRID,JCI,JCI,8.98,Johnson Controls International plc,2024-11-21T00:00:00.000Z,2109153.0,177147760.47,https://api-prod.etf.com/private/fund/GRID/holdings?type=securities&formatValues=true,ETFCOM,ETFCOM_VALIDATED_CURRENT_MEMBERSHIP
GRID,PWR,PWR,4.86,"Quanta Services, Inc.",2024-11-21T00:00:00.000Z,281774.0,95805977.74,https://api-prod.etf.com/private/fund/GRID/holdings?type=securities&formatValues=true,ETFCOM,ETFCOM_VALIDATED_CURRENT_MEMBERSHIP
GRID,HUBB,HUBB,4.19,Hubbell Incorporated,2024-11-21T00:00:00.000Z,180889.0,82572210.72,https://api-prod.etf.com/private/fund/GRID/holdings?type=securities&formatValues=true,ETFCOM,ETFCOM_VALIDATED_CURRENT_MEMBERSHIP
GRID,TSLA,TSLA,3.12,"Tesla, Inc.",2024-11-21T00:00:00.000Z,181038.0,61487746.32,https://api-prod.etf.com/private/fund/GRID/holdings?type=securities&formatValues=true,ETFCOM,ETFCOM_VALIDATED_CURRENT_MEMBERSHIP
GRID,NVDA,NVDA,2.41,NVIDIA Corporation,2024-11-21T00:00:00.000Z,324721.0,47626829.07,https://api-prod.etf.com/private/fund/GRID/holdings?type=securities&formatValues=true,ETFCOM,ETFCOM_VALIDATED_CURRENT_MEMBERSHIP
GRID,ORCL,ORCL,2.27,Oracle Corporation,2024-11-21T00:00:00.000Z,232543.0,44748249.49,https://api-prod.etf.com/private/fund/GRID/holdings?type=securities&formatValues=true,ETFCOM,ETFCOM_VALIDATED_CURRENT_MEMBERSHIP
GRID,APTV,APTV,2.04,Aptiv PLC,2024-11-21T00:00:00.000Z,753339.0,40198169.04,https://api-prod.etf.com/private/fund/GRID/holdings?type=securities&formatValues=true,ETFCOM,ETFCOM_VALIDATED_CURRENT_MEMBERSHIP
GRID,NVT,NVT,1.9,nVent Electric plc,2024-11-21T00:00:00.000Z,481685.0,37552162.6,https://api-prod.etf.com/private/fund/GRID/holdings?type=securities&formatValues=true,ETFCOM,ETFCOM_VALIDATED_CURRENT_MEMBERSHIP
GRID,CSCO,CSCO,1.61,"Cisco Systems, Inc.",2024-11-21T00:00:00.000Z,550970.0,31713833.2,https://api-prod.etf.com/private/fund/GRID/holdings?type=securities&formatValues=true,ETFCOM,ETFCOM_VALIDATED_CURRENT_MEMBERSHIP
GRID,IBM,IBM,1.42,International Business Machines Corporation,2024-11-21T00:00:00.000Z,125973.0,28016395.2,https://api-prod.etf.com/private/fund/GRID/holdings?type=securities&formatValues=true,ETFCOM,ETFCOM_VALIDATED_CURRENT_MEMBERSHIP
GRID,ENPH,ENPH,1.37,"Enphase Energy, Inc.",2024-11-21T00:00:00.000Z,424392.0,26978599.44,https://api-prod.etf.com/private/fund/GRID/holdings?type=securities&formatValues=true,ETFCOM,ETFCOM_VALIDATED_CURRENT_MEMBERSHIP
GRID,TXN,TXN,1.25,Texas Instruments Incorporated,2024-11-21T00:00:00.000Z,124868.0,24748837.6,https://api-prod.etf.com/private/fund/GRID/holdings?type=securities&formatValues=true,ETFCOM,ETFCOM_VALIDATED_CURRENT_MEMBERSHIP
GRID,QCOM,QCOM,1.2,QUALCOMM Incorporated,2024-11-21T00:00:00.000Z,152348.0,23684020.08,https://api-prod.etf.com/private/fund/GRID/holdings?type=securities&formatValues=true,ETFCOM,ETFCOM_VALIDATED_CURRENT_MEMBERSHIP
GRID,HON,HON,1.08,Honeywell International Inc.,2024-11-21T00:00:00.000Z,94516.0,21369122.44,https://api-prod.etf.com/private/fund/GRID/holdings?type=securities&formatValues=true,ETFCOM,ETFCOM_VALIDATED_CURRENT_MEMBERSHIP
GRID,ITRI,ITRI,0.76,"Itron, Inc.",2024-11-21T00:00:00.000Z,128785.0,14986710.45,https://api-prod.etf.com/private/fund/GRID/holdings?type=securities&formatValues=true,ETFCOM,ETFCOM_VALIDATED_CURRENT_MEMBERSHIP
GRID,ADI,ADI,0.74,"Analog Devices, Inc.",2024-11-21T00:00:00.000Z,68621.0,14682149.16,https://api-prod.etf.com/private/fund/GRID/holdings?type=securities&formatValues=true,ETFCOM,ETFCOM_VALIDATED_CURRENT_MEMBERSHIP
GRID,GEV,GEV,0.63,GE Vernova Inc.,2024-11-21T00:00:00.000Z,36782.0,12500362.7,https://api-prod.etf.com/private/fund/GRID/holdings?type=securities&formatValues=true,ETFCOM,ETFCOM_VALIDATED_CURRENT_MEMBERSHIP
GRID,AEIS,AEIS,0.56,"Advanced Energy Industries, Inc.",2024-11-21T00:00:00.000Z,97748.0,10999582.44,https://api-prod.etf.com/private/fund/GRID/holdings?type=securities&formatValues=true,ETFCOM,ETFCOM_VALIDATED_CURRENT_MEMBERSHIP
GRID,EMR,EMR,0.54,Emerson Electric Co.,2024-11-21T00:00:00.000Z,83319.0,10687328.13,https://api-prod.etf.com/private/fund/GRID/holdings?type=securities&formatValues=true,ETFCOM,ETFCOM_VALIDATED_CURRENT_MEMBERSHIP
GRID,ATKR,ATKR,0.49,Atkore Inc,2024-11-21T00:00:00.000Z,112391.0,9568969.74,https://api-prod.etf.com/private/fund/GRID/holdings?type=securities&formatValues=true,ETFCOM,ETFCOM_VALIDATED_CURRENT_MEMBERSHIP
GRID,NXPI,NXPI,0.36,NXP Semiconductors NV,2024-11-21T00:00:00.000Z,31501.0,7074179.57,https://api-prod.etf.com/private/fund/GRID/holdings?type=securities&formatValues=true,ETFCOM,ETFCOM_VALIDATED_CURRENT_MEMBERSHIP
GRID,MYRG,MYRG,0.33,MYR Group Inc.,2024-11-21T00:00:00.000Z,43387.0,6415201.82,https://api-prod.etf.com/private/fund/GRID/holdings?type=securities&formatValues=true,ETFCOM,ETFCOM_VALIDATED_CURRENT_MEMBERSHIP
GRID,AMSC,AMSC,0.2,American Superconductor Corporation,2024-11-21T00:00:00.000Z,113559.0,3856463.64,https://api-prod.etf.com/private/fund/GRID/holdings?type=securities&formatValues=true,ETFCOM,ETFCOM_VALIDATED_CURRENT_MEMBERSHIP
GRID,FLNC,FLNC,0.19,"Fluence Energy, Inc. Class A",2024-11-21T00:00:00.000Z,173865.0,3682460.7,https://api-prod.etf.com/private/fund/GRID/holdings?type=securities&formatValues=true,ETFCOM,ETFCOM_VALIDATED_CURRENT_MEMBERSHIP
GRID,TRMB,TRMB,0.12,Trimble Inc.,2024-11-21T00:00:00.000Z,33752.0,2410905.36,https://api-prod.etf.com/private/fund/GRID/holdings?type=securities&formatValues=true,ETFCOM,ETFCOM_VALIDATED_CURRENT_MEMBERSHIP
GRID,WLDN,WLDN,0.09,"Willdan Group, Inc.",2024-11-21T00:00:00.000Z,44326.0,1851940.28,https://api-prod.etf.com/private/fund/GRID/holdings?type=securities&formatValues=true,ETFCOM,ETFCOM_VALIDATED_CURRENT_MEMBERSHIP
GRID,SEDG,SEDG,0.09,"SolarEdge Technologies, Inc.",2024-11-21T00:00:00.000Z,171842.0,1843864.66,https://api-prod.etf.com/private/fund/GRID/holdings?type=securities&formatValues=true,ETFCOM,ETFCOM_VALIDATED_CURRENT_MEMBERSHIP
GRID,GNRC,GNRC,0.08,Generac Holdings Inc.,2024-11-21T00:00:00.000Z,8313.0,1525601.76,https://api-prod.etf.com/private/fund/GRID/holdings?type=securities&formatValues=true,ETFCOM,ETFCOM_VALIDATED_CURRENT_MEMBERSHIP
GRID,WCC,WCC,0.06,"WESCO International, Inc.",2024-11-21T00:00:00.000Z,6078.0,1260637.98,https://api-prod.etf.com/private/fund/GRID/holdings?type=securities&formatValues=true,ETFCOM,ETFCOM_VALIDATED_CURRENT_MEMBERSHIP
GRID,PLPC,PLPC,0.06,Preformed Line Products Company,2024-11-21T00:00:00.000Z,8779.0,1195699.8,https://api-prod.etf.com/private/fund/GRID/holdings?type=securities&formatValues=true,ETFCOM,ETFCOM_VALIDATED_CURRENT_MEMBERSHIP
GRID,MTZ,MTZ,0.06,"MasTec, Inc.",2024-11-21T00:00:00.000Z,8411.0,1194866.66,https://api-prod.etf.com/private/fund/GRID/holdings?type=securities&formatValues=true,ETFCOM,ETFCOM_VALIDATED_CURRENT_MEMBERSHIP
GRID,AES,AES,0.05,AES Corporation,2024-11-21T00:00:00.000Z,81709.0,1082644.25,https://api-prod.etf.com/private/fund/GRID/holdings?type=securities&formatValues=true,ETFCOM,ETFCOM_VALIDATED_CURRENT_MEMBERSHIP
GRID,VMI,VMI,0.05,"Valmont Industries, Inc.",2024-11-21T00:00:00.000Z,2696.0,913243.04,https://api-prod.etf.com/private/fund/GRID/holdings?type=securities&formatValues=true,ETFCOM,ETFCOM_VALIDATED_CURRENT_MEMBERSHIP
GRID,LFUS,LFUS,0.04,"Littelfuse, Inc.",2024-11-21T00:00:00.000Z,3315.0,791157.9,https://api-prod.etf.com/private/fund/GRID/holdings?type=securities&formatValues=true,ETFCOM,ETFCOM_VALIDATED_CURRENT_MEMBERSHIP
GRID,ACA,ACA,0.03,"Arcosa, Inc.",2024-11-21T00:00:00.000Z,6103.0,661199.02,https://api-prod.etf.com/private/fund/GRID/holdings?type=securities&formatValues=true,ETFCOM,ETFCOM_VALIDATED_CURRENT_MEMBERSHIP
GRID,BDC,BDC,0.03,Belden Inc.,2024-11-21T00:00:00.000Z,4866.0,587034.24,https://api-prod.etf.com/private/fund/GRID/holdings?type=securities&formatValues=true,ETFCOM,ETFCOM_VALIDATED_CURRENT_MEMBERSHIP
GRID,ENS,ENS,0.03,EnerSys,2024-11-21T00:00:00.000Z,5208.0,494968.32,https://api-prod.etf.com/private/fund/GRID/holdings?type=securities&formatValues=true,ETFCOM,ETFCOM_VALIDATED_CURRENT_MEMBERSHIP
GRID,ESE,ESE,0.02,ESCO Technologies Inc.,2024-11-21T00:00:00.000Z,3221.0,478382.92,https://api-prod.etf.com/private/fund/GRID/holdings?type=securities&formatValues=true,ETFCOM,ETFCOM_VALIDATED_CURRENT_MEMBERSHIP
GRID,AZZ,AZZ,0.01,AZZ Inc.,2024-11-21T00:00:00.000Z,3040.0,290046.4,https://api-prod.etf.com/private/fund/GRID/holdings?type=securities&formatValues=true,ETFCOM,ETFCOM_VALIDATED_CURRENT_MEMBERSHIP
GRID,STM,STM,0.01,STMicroelectronics NV ADR RegS,2024-11-21T00:00:00.000Z,11079.0,271878.66,https://api-prod.etf.com/private/fund/GRID/holdings?type=securities&formatValues=true,ETFCOM,ETFCOM_VALIDATED_CURRENT_MEMBERSHIP
GRID,DGII,DGII,0.01,Digi International Inc.,2024-11-21T00:00:00.000Z,4236.0,133349.28,https://api-prod.etf.com/private/fund/GRID/holdings?type=securities&formatValues=true,ETFCOM,ETFCOM_VALIDATED_CURRENT_MEMBERSHIP
GRID,EBR,EBR,0.0,Centrais Eletricas Brasileiras SA-Eletrobras Sponsored ADR,2024-11-21T00:00:00.000Z,7051.0,42799.57,https://api-prod.etf.com/private/fund/GRID/holdings?type=securities&formatValues=true,ETFCOM,ETFCOM_VALIDATED_CURRENT_MEMBERSHIP
IAI,GS,GS,14.27,"Goldman Sachs Group, Inc.",2024-11-21T00:00:00.000Z,412617.0,245965119.87,https://api-prod.etf.com/private/fund/IAI/holdings?type=securities&formatValues=true,ETFCOM,ETFCOM_VALIDATED_CURRENT_MEMBERSHIP
IAI,MS,MS,12.74,Morgan Stanley,2024-11-21T00:00:00.000Z,1627339.0,219674491.61,https://api-prod.etf.com/private/fund/IAI/holdings?type=securities&formatValues=true,ETFCOM,ETFCOM_VALIDATED_CURRENT_MEMBERSHIP
IAI,SPGI,SPGI,12.41,"S&P Global, Inc.",2024-11-21T00:00:00.000Z,418342.0,213927548.54,https://api-prod.etf.com/private/fund/IAI/holdings?type=securities&formatValues=true,ETFCOM,ETFCOM_VALIDATED_CURRENT_MEMBERSHIP
IAI,COIN,COIN,6.9,"Coinbase Global, Inc. Class A",2024-11-21T00:00:00.000Z,403098.0,119006622.54,https://api-prod.etf.com/private/fund/IAI/holdings?type=securities&formatValues=true,ETFCOM,ETFCOM_VALIDATED_CURRENT_MEMBERSHIP
IAI,SCHW,SCHW,4.82,Charles Schwab Corp,2024-11-21T00:00:00.000Z,1028964.0,83140291.2,https://api-prod.etf.com/private/fund/IAI/holdings?type=securities&formatValues=true,ETFCOM,ETFCOM_VALIDATED_CURRENT_MEMBERSHIP
IAI,NDAQ,NDAQ,3.94,"Nasdaq, Inc.",2024-11-21T00:00:00.000Z,839050.0,67862364.0,https://api-prod.etf.com/private/fund/IAI/holdings?type=securities&formatValues=true,ETFCOM,ETFCOM_VALIDATED_CURRENT_MEMBERSHIP
IAI,CME,CME,3.81,CME Group Inc. Class A,2024-11-21T00:00:00.000Z,289641.0,65621064.96,https://api-prod.etf.com/private/fund/IAI/holdings?type=securities&formatValues=true,ETFCOM,ETFCOM_VALIDATED_CURRENT_MEMBERSHIP
IAI,MSCI,MSCI,3.8,MSCI Inc. Class A,2024-11-21T00:00:00.000Z,112655.0,65490857.7,https://api-prod.etf.com/private/fund/IAI/holdings?type=securities&formatValues=true,ETFCOM,ETFCOM_VALIDATED_CURRENT_MEMBERSHIP
IAI,MCO,MCO,3.68,Moody's Corporation,2024-11-21T00:00:00.000Z,132625.0,63384140.0,https://api-prod.etf.com/private/fund/IAI/holdings?type=securities&formatValues=true,ETFCOM,ETFCOM_VALIDATED_CURRENT_MEMBERSHIP
IAI,ICE,ICE,3.64,"Intercontinental Exchange, Inc.",2024-11-21T00:00:00.000Z,396732.0,62822512.2,https://api-prod.etf.com/private/fund/IAI/holdings?type=securities&formatValues=true,ETFCOM,ETFCOM_VALIDATED_CURRENT_MEMBERSHIP
IAI,RJF,RJF,3.57,"Raymond James Financial, Inc.",2024-11-21T00:00:00.000Z,376194.0,61613053.32,https://api-prod.etf.com/private/fund/IAI/holdings?type=securities&formatValues=true,ETFCOM,ETFCOM_VALIDATED_CURRENT_MEMBERSHIP
IAI,HOOD,HOOD,2.93,"Robinhood Markets, Inc. Class A",2024-11-21T00:00:00.000Z,1440562.0,50549320.58,https://api-prod.etf.com/private/fund/IAI/holdings?type=securities&formatValues=true,ETFCOM,ETFCOM_VALIDATED_CURRENT_MEMBERSHIP
IAI,LPLA,LPLA,2.84,LPL Financial Holdings Inc.,2024-11-21T00:00:00.000Z,151221.0,48880676.04,https://api-prod.etf.com/private/fund/IAI/holdings?type=securities&formatValues=true,ETFCOM,ETFCOM_VALIDATED_CURRENT_MEMBERSHIP
IAI,CBOE,CBOE,2.59,Cboe Global Markets Inc,2024-11-21T00:00:00.000Z,211828.0,44691471.44,https://api-prod.etf.com/private/fund/IAI/holdings?type=securities&formatValues=true,ETFCOM,ETFCOM_VALIDATED_CURRENT_MEMBERSHIP
IAI,IBKR,IBKR,2.46,"Interactive Brokers Group, Inc. Class A",2024-11-21T00:00:00.000Z,220949.0,42358132.79,https://api-prod.etf.com/private/fund/IAI/holdings?type=securities&formatValues=true,ETFCOM,ETFCOM_VALIDATED_CURRENT_MEMBERSHIP
IAI,FDS,FDS,2.17,FactSet Research Systems Inc.,2024-11-21T00:00:00.000Z,76944.0,37377086.88,https://api-prod.etf.com/private/fund/IAI/holdings?type=securities&formatValues=true,ETFCOM,ETFCOM_VALIDATED_CURRENT_MEMBERSHIP
IAI,TW,TW,1.85,"Tradeweb Markets, Inc. Class A",2024-11-21T00:00:00.000Z,236728.0,31974850.96,https://api-prod.etf.com/private/fund/IAI/holdings?type=securities&formatValues=true,ETFCOM,ETFCOM_VALIDATED_CURRENT_MEMBERSHIP
IAI,JEF,JEF,1.48,Jefferies Financial Group Inc.,2024-11-21T00:00:00.000Z,331361.0,25438583.97,https://api-prod.etf.com/private/fund/IAI/holdings?type=securities&formatValues=true,ETFCOM,ETFCOM_VALIDATED_CURRENT_MEMBERSHIP
IAI,SF,SF,1.4,Stifel Financial Corp,2024-11-21T00:00:00.000Z,209374.0,24080103.74,https://api-prod.etf.com/private/fund/IAI/holdings?type=securities&formatValues=true,ETFCOM,ETFCOM_VALIDATED_CURRENT_MEMBERSHIP
IAI,EVR,EVR,1.31,Evercore Inc. Class A,2024-11-21T00:00:00.000Z,72837.0,22545236.61,https://api-prod.etf.com/private/fund/IAI/holdings?type=securities&formatValues=true,ETFCOM,ETFCOM_VALIDATED_CURRENT_MEMBERSHIP
IAI,HLI,HLI,1.19,"Houlihan Lokey, Inc. Class A",2024-11-21T00:00:00.000Z,108608.0,20489985.28,https://api-prod.etf.com/private/fund/IAI/holdings?type=securities&formatValues=true,ETFCOM,ETFCOM_VALIDATED_CURRENT_MEMBERSHIP
IAI,MKTX,MKTX,1.16,MarketAxess Holdings Inc.,2024-11-21T00:00:00.000Z,76535.0,19922825.85,https://api-prod.etf.com/private/fund/IAI/holdings?type=securities&formatValues=true,ETFCOM,ETFCOM_VALIDATED_CURRENT_MEMBERSHIP
IAI,MORN,MORN,1.08,"Morningstar, Inc.",2024-11-21T00:00:00.000Z,54983.0,18698068.81,https://api-prod.etf.com/private/fund/IAI/holdings?type=securities&formatValues=true,ETFCOM,ETFCOM_VALIDATED_CURRENT_MEMBERSHIP
IAI,LAZ,LAZ,0.77,Lazard Inc,2024-11-21T00:00:00.000Z,231879.0,13244928.48,https://api-prod.etf.com/private/fund/IAI/holdings?type=securities&formatValues=true,ETFCOM,ETFCOM_VALIDATED_CURRENT_MEMBERSHIP
IAI,PIPR,PIPR,0.65,Piper Sandler Companies,2024-11-21T00:00:00.000Z,32696.0,11127756.64,https://api-prod.etf.com/private/fund/IAI/holdings?type=securities&formatValues=true,ETFCOM,ETFCOM_VALIDATED_CURRENT_MEMBERSHIP
IAI,PJT,PJT,0.46,"PJT Partners, Inc. Class A",2024-11-21T00:00:00.000Z,49547.0,7967653.07,https://api-prod.etf.com/private/fund/IAI/holdings?type=securities&formatValues=true,ETFCOM,ETFCOM_VALIDATED_CURRENT_MEMBERSHIP
IAI,MC,MC,0.45,Moelis & Co. Class A,2024-11-21T00:00:00.000Z,103594.0,7732256.16,https://api-prod.etf.com/private/fund/IAI/holdings?type=securities&formatValues=true,ETFCOM,ETFCOM_VALIDATED_CURRENT_MEMBERSHIP
IAI,BGC,BGC,0.41,"BGC Group, Inc. Class A",2024-11-21T00:00:00.000Z,700894.0,7121083.04,https://api-prod.etf.com/private/fund/IAI/holdings?type=securities&formatValues=true,ETFCOM,ETFCOM_VALIDATED_CURRENT_MEMBERSHIP
IAI,VIRT,VIRT,0.39,"Virtu Financial, Inc. Class A",2024-11-21T00:00:00.000Z,179894.0,6805390.02,https://api-prod.etf.com/private/fund/IAI/holdings?type=securities&formatValues=true,ETFCOM,ETFCOM_VALIDATED_CURRENT_MEMBERSHIP
IAI,SNEX,SNEX,0.35,StoneX Group Inc.,2024-11-21T00:00:00.000Z,58345.0,5975694.9,https://api-prod.etf.com/private/fund/IAI/holdings?type=securities&formatValues=true,ETFCOM,ETFCOM_VALIDATED_CURRENT_MEMBERSHIP
IAI,DFIN,DFIN,0.2,"Donnelley Financial Solutions, Inc.",2024-11-21T00:00:00.000Z,56188.0,3455000.12,https://api-prod.etf.com/private/fund/IAI/holdings?type=securities&formatValues=true,ETFCOM,ETFCOM_VALIDATED_CURRENT_MEMBERSHIP
IAI,LPRO,LPRO,0.08,Open Lending Corporation,2024-11-21T00:00:00.000Z,227100.0,1444356.0,https://api-prod.etf.com/private/fund/IAI/holdings?type=securities&formatValues=true,ETFCOM,ETFCOM_VALIDATED_CURRENT_MEMBERSHIP
NLR,CEG,CEG,7.84,Constellation Energy Corporation,2024-11-20T00:00:00.000Z,216871.0,51055770.82,https://api-prod.etf.com/private/fund/NLR/holdings?type=securities&formatValues=true,ETFCOM,ETFCOM_VALIDATED_CURRENT_MEMBERSHIP
NLR,PEG,PEG,6.87,Public Service Enterprise Group Inc,2024-11-20T00:00:00.000Z,494009.0,44702874.41,https://api-prod.etf.com/private/fund/NLR/holdings?type=securities&formatValues=true,ETFCOM,ETFCOM_VALIDATED_CURRENT_MEMBERSHIP
NLR,BWXT,BWXT,6.29,"BWX Technologies, Inc.",2024-11-20T00:00:00.000Z,315438.0,40931234.88,https://api-prod.etf.com/private/fund/NLR/holdings?type=securities&formatValues=true,ETFCOM,ETFCOM_VALIDATED_CURRENT_MEMBERSHIP
NLR,PCG,PCG,5.86,PG&E Corporation,2024-11-20T00:00:00.000Z,1808202.0,38153062.2,https://api-prod.etf.com/private/fund/NLR/holdings?type=securities&formatValues=true,ETFCOM,ETFCOM_VALIDATED_CURRENT_MEMBERSHIP
NLR,UEC,UEC,5.51,Uranium Energy Corp.,2024-11-20T00:00:00.000Z,4409555.0,35893777.7,https://api-prod.etf.com/private/fund/NLR/holdings?type=securities&formatValues=true,ETFCOM,ETFCOM_VALIDATED_CURRENT_MEMBERSHIP
NLR,SMR,SMR,5.01,NuScale Power Corporation Class A,2024-11-20T00:00:00.000Z,1268238.0,32644446.12,https://api-prod.etf.com/private/fund/NLR/holdings?type=securities&formatValues=true,ETFCOM,ETFCOM_VALIDATED_CURRENT_MEMBERSHIP
NLR,OKLO,OKLO,3.73,Oklo Inc. Class A,2024-11-20T00:00:00.000Z,1158884.0,24278619.8,https://api-prod.etf.com/private/fund/NLR/holdings?type=securities&formatValues=true,ETFCOM,ETFCOM_VALIDATED_CURRENT_MEMBERSHIP
NLR,LEU,LEU,2.47,Centrus Energy Corp. Class A,2024-11-20T00:00:00.000Z,213622.0,16051557.08,https://api-prod.etf.com/private/fund/NLR/holdings?type=securities&formatValues=true,ETFCOM,ETFCOM_VALIDATED_CURRENT_MEMBERSHIP
DTCR,DLR,DLR,13.13,"Digital Realty Trust, Inc.",2024-11-20T00:00:00.000Z,91132.0,16942350.12,https://api-prod.etf.com/private/fund/DTCR/holdings?type=securities&formatValues=true,ETFCOM,ETFCOM_VALIDATED_CURRENT_MEMBERSHIP
DTCR,EQIX,EQIX,12.88,"Equinix, Inc.",2024-11-20T00:00:00.000Z,18086.0,16619948.84,https://api-prod.etf.com/private/fund/DTCR/holdings?type=securities&formatValues=true,ETFCOM,ETFCOM_VALIDATED_CURRENT_MEMBERSHIP
DTCR,AMT,AMT,10.84,American Tower Corporation,2024-11-20T00:00:00.000Z,69623.0,13985868.24,https://api-prod.etf.com/private/fund/DTCR/holdings?type=securities&formatValues=true,ETFCOM,ETFCOM_VALIDATED_CURRENT_MEMBERSHIP
DTCR,CCI,CCI,8.56,Crown Castle Inc.,2024-11-20T00:00:00.000Z,105768.0,11039006.16,https://api-prod.etf.com/private/fund/DTCR/holdings?type=securities&formatValues=true,ETFCOM,ETFCOM_VALIDATED_CURRENT_MEMBERSHIP
DTCR,GDS,GDS,6.78,GDS Holdings Ltd. Sponsored ADR Class A,2024-11-20T00:00:00.000Z,471221.0,8750573.97,https://api-prod.etf.com/private/fund/DTCR/holdings?type=securities&formatValues=true,ETFCOM,ETFCOM_VALIDATED_CURRENT_MEMBERSHIP
DTCR,SBAC,SBAC,4.4,SBA Communications Corp. Class A,2024-11-20T00:00:00.000Z,25935.0,5678208.9,https://api-prod.etf.com/private/fund/DTCR/holdings?type=securities&formatValues=true,ETFCOM,ETFCOM_VALIDATED_CURRENT_MEMBERSHIP
DTCR,UNIT,UNIT,4.17,Uniti Group Inc.,2024-11-20T00:00:00.000Z,950505.0,5379858.3,https://api-prod.etf.com/private/fund/DTCR/holdings?type=securities&formatValues=true,ETFCOM,ETFCOM_VALIDATED_CURRENT_MEMBERSHIP
DTCR,VNET,VNET,2.99,"VNET Group, Inc. Sponsored ADR",2024-11-20T00:00:00.000Z,1024405.0,3851762.8,https://api-prod.etf.com/private/fund/DTCR/holdings?type=securities&formatValues=true,ETFCOM,ETFCOM_VALIDATED_CURRENT_MEMBERSHIP
DTCR,APLD,APLD,2.98,Applied Digital Corporation,2024-11-20T00:00:00.000Z,439586.0,3850773.36,https://api-prod.etf.com/private/fund/DTCR/holdings?type=securities&formatValues=true,ETFCOM,ETFCOM_VALIDATED_CURRENT_MEMBERSHIP
DTCR,VRT,VRT,2.94,Vertiv Holdings Co. Class A,2024-11-20T00:00:00.000Z,27545.0,3788539.3,https://api-prod.etf.com/private/fund/DTCR/holdings?type=securities&formatValues=true,ETFCOM,ETFCOM_VALIDATED_CURRENT_MEMBERSHIP
DTCR,NVDA,NVDA,2.12,NVIDIA Corporation,2024-11-20T00:00:00.000Z,18784.0,2740397.76,https://api-prod.etf.com/private/fund/DTCR/holdings?type=securities&formatValues=true,ETFCOM,ETFCOM_VALIDATED_CURRENT_MEMBERSHIP
DTCR,AMD,AMD,1.43,"Advanced Micro Devices, Inc.",2024-11-20T00:00:00.000Z,13435.0,1848656.0,https://api-prod.etf.com/private/fund/DTCR/holdings?type=securities&formatValues=true,ETFCOM,ETFCOM_VALIDATED_CURRENT_MEMBERSHIP
DTCR,MU,MU,1.4,"Micron Technology, Inc.",2024-11-20T00:00:00.000Z,18345.0,1804597.65,https://api-prod.etf.com/private/fund/DTCR/holdings?type=securities&formatValues=true,ETFCOM,ETFCOM_VALIDATED_CURRENT_MEMBERSHIP
DTCR,MCHP,MCHP,1.32,Microchip Technology Incorporated,2024-11-20T00:00:00.000Z,26210.0,1706795.2,https://api-prod.etf.com/private/fund/DTCR/holdings?type=securities&formatValues=true,ETFCOM,ETFCOM_VALIDATED_CURRENT_MEMBERSHIP
DTCR,INTC,INTC,1.3,Intel Corporation,2024-11-20T00:00:00.000Z,70010.0,1680940.1,https://api-prod.etf.com/private/fund/DTCR/holdings?type=securities&formatValues=true,ETFCOM,ETFCOM_VALIDATED_CURRENT_MEMBERSHIP
DTCR,SMCI,SMCI,0.54,"Super Micro Computer, Inc.",2024-11-20T00:00:00.000Z,27082.0,698715.6,https://api-prod.etf.com/private/fund/DTCR/holdings?type=securities&formatValues=true,ETFCOM,ETFCOM_VALIDATED_CURRENT_MEMBERSHIP
FAN,GEV,GEV,3.68,GE Vernova Inc.,2024-11-21T00:00:00.000Z,17422.0,5920866.7,https://api-prod.etf.com/private/fund/FAN/holdings?type=securities&formatValues=true,ETFCOM,ETFCOM_VALIDATED_CURRENT_MEMBERSHIP
FAN,OC,OC,2.55,Owens Corning,2024-11-21T00:00:00.000Z,20757.0,4101168.06,https://api-prod.etf.com/private/fund/FAN/holdings?type=securities&formatValues=true,ETFCOM,ETFCOM_VALIDATED_CURRENT_MEMBERSHIP
FAN,LNT,LNT,2.36,Alliant Energy Corporation,2024-11-21T00:00:00.000Z,60110.0,3798952.0,https://api-prod.etf.com/private/fund/FAN/holdings?type=securities&formatValues=true,ETFCOM,ETFCOM_VALIDATED_CURRENT_MEMBERSHIP
FAN,ACA,ACA,2.3,"Arcosa, Inc.",2024-11-21T00:00:00.000Z,34101.0,3694502.34,https://api-prod.etf.com/private/fund/FAN/holdings?type=securities&formatValues=true,ETFCOM,ETFCOM_VALIDATED_CURRENT_MEMBERSHIP
FAN,NEE,NEE,2.09,"NextEra Energy, Inc.",2024-11-21T00:00:00.000Z,43509.0,3365856.24,https://api-prod.etf.com/private/fund/FAN/holdings?type=securities&formatValues=true,ETFCOM,ETFCOM_VALIDATED_CURRENT_MEMBERSHIP
FAN,HXL,HXL,2.05,Hexcel Corporation,2024-11-21T00:00:00.000Z,55340.0,3293836.8,https://api-prod.etf.com/private/fund/FAN/holdings?type=securities&formatValues=true,ETFCOM,ETFCOM_VALIDATED_CURRENT_MEMBERSHIP
FAN,TKR,TKR,1.94,Timken Company,2024-11-21T00:00:00.000Z,41439.0,3117041.58,https://api-prod.etf.com/private/fund/FAN/holdings?type=securities&formatValues=true,ETFCOM,ETFCOM_VALIDATED_CURRENT_MEMBERSHIP
FAN,CWEN,CWEN,1.03,"Clearway Energy, Inc. Class C",2024-11-21T00:00:00.000Z,58585.0,1660884.75,https://api-prod.etf.com/private/fund/FAN/holdings?type=securities&formatValues=true,ETFCOM,ETFCOM_VALIDATED_CURRENT_MEMBERSHIP
FAN,AMSC,AMSC,0.58,American Superconductor Corporation,2024-11-21T00:00:00.000Z,27396.0,930368.16,https://api-prod.etf.com/private/fund/FAN/holdings?type=securities&formatValues=true,ETFCOM,ETFCOM_VALIDATED_CURRENT_MEMBERSHIP
FAN,TPIC,TPIC,0.15,"TPI Composites, Inc.",2024-11-21T00:00:00.000Z,120748.0,235458.6,https://api-prod.etf.com/private/fund/FAN/holdings?type=securities&formatValues=true,ETFCOM,ETFCOM_VALIDATED_CURRENT_MEMBERSHIP
ICLN,FSLR,FSLR,6.95,"First Solar, Inc.",2024-11-20T00:00:00.000Z,683367.0,126313556.28,https://api-prod.etf.com/private/fund/ICLN/holdings?type=securities&formatValues=true,ETFCOM,ETFCOM_VALIDATED_CURRENT_MEMBERSHIP
ICLN,ENPH,ENPH,4.26,"Enphase Energy, Inc.",2024-11-20T00:00:00.000Z,1219687.0,77303762.06,https://api-prod.etf.com/private/fund/ICLN/holdings?type=securities&formatValues=true,ETFCOM,ETFCOM_VALIDATED_CURRENT_MEMBERSHIP
ICLN,NXT,NXT,2.67,Nextracker Inc. Class A,2024-11-20T00:00:00.000Z,1291898.0,48562445.82,https://api-prod.etf.com/private/fund/ICLN/holdings?type=securities&formatValues=true,ETFCOM,ETFCOM_VALIDATED_CURRENT_MEMBERSHIP
ICLN,ORA,ORA,2.12,"Ormat Technologies, Inc.",2024-11-20T00:00:00.000Z,484582.0,38466119.16,https://api-prod.etf.com/private/fund/ICLN/holdings?type=securities&formatValues=true,ETFCOM,ETFCOM_VALIDATED_CURRENT_MEMBERSHIP
ICLN,CWEN,CWEN,1.15,"Clearway Energy, Inc. Class C",2024-11-20T00:00:00.000Z,746162.0,20832843.04,https://api-prod.etf.com/private/fund/ICLN/holdings?type=securities&formatValues=true,ETFCOM,ETFCOM_VALIDATED_CURRENT_MEMBERSHIP
ICLN,AGR,AGR,0.93,"Avangrid, Inc.",2024-11-20T00:00:00.000Z,470483.0,16975026.64,https://api-prod.etf.com/private/fund/ICLN/holdings?type=securities&formatValues=true,ETFCOM,ETFCOM_VALIDATED_CURRENT_MEMBERSHIP
ICLN,RUN,RUN,0.84,Sunrun Inc.,2024-11-20T00:00:00.000Z,1503307.0,15333731.4,https://api-prod.etf.com/private/fund/ICLN/holdings?type=securities&formatValues=true,ETFCOM,ETFCOM_VALIDATED_CURRENT_MEMBERSHIP
ICLN,PLUG,PLUG,0.78,Plug Power Inc.,2024-11-20T00:00:00.000Z,7366405.0,14143497.6,https://api-prod.etf.com/private/fund/ICLN/holdings?type=securities&formatValues=true,ETFCOM,ETFCOM_VALIDATED_CURRENT_MEMBERSHIP
ICLN,ARRY,ARRY,0.46,Array Technologies Inc,2024-11-20T00:00:00.000Z,1300076.0,8281484.12,https://api-prod.etf.com/private/fund/ICLN/holdings?type=securities&formatValues=true,ETFCOM,ETFCOM_VALIDATED_CURRENT_MEMBERSHIP
ICLN,SHLS,SHLS,0.37,"Shoals Technologies Group, Inc. Class A",2024-11-20T00:00:00.000Z,1515569.0,6683659.29,https://api-prod.etf.com/private/fund/ICLN/holdings?type=securities&formatValues=true,ETFCOM,ETFCOM_VALIDATED_CURRENT_MEMBERSHIP
ICLN,REX,REX,0.34,REX American Resources Corporation,2024-11-20T00:00:00.000Z,138659.0,6211923.2,https://api-prod.etf.com/private/fund/ICLN/holdings?type=securities&formatValues=true,ETFCOM,ETFCOM_VALIDATED_CURRENT_MEMBERSHIP
ICLN,SEDG,SEDG,0.31,"SolarEdge Technologies, Inc.",2024-11-20T00:00:00.000Z,516002.0,5608941.74,https://api-prod.etf.com/private/fund/ICLN/holdings?type=securities&formatValues=true,ETFCOM,ETFCOM_VALIDATED_CURRENT_MEMBERSHIP
ICLN,AMPS,AMPS,0.11,"Altus Power, Inc. Class A",2024-11-20T00:00:00.000Z,518672.0,2048754.4,https://api-prod.etf.com/private/fund/ICLN/holdings?type=securities&formatValues=true,ETFCOM,ETFCOM_VALIDATED_CURRENT_MEMBERSHIP
SHLD,PLTR,PLTR,11.1,Palantir Technologies Inc. Class A,2024-11-20T00:00:00.000Z,1321446.0,82088225.51999998,https://api-prod.etf.com/private/fund/SHLD/holdings?type=securities&formatValues=true,ETFCOM,ETFCOM_VALIDATED_CURRENT_MEMBERSHIP
SHLD,LMT,LMT,7.93,Lockheed Martin Corporation,2024-11-20T00:00:00.000Z,109698.0,58658811.54,https://api-prod.etf.com/private/fund/SHLD/holdings?type=securities&formatValues=true,ETFCOM,ETFCOM_VALIDATED_CURRENT_MEMBERSHIP
SHLD,RTX,RTX,7.91,RTX Corporation,2024-11-20T00:00:00.000Z,490649.0,58460828.35,https://api-prod.etf.com/private/fund/SHLD/holdings?type=securities&formatValues=true,ETFCOM,ETFCOM_VALIDATED_CURRENT_MEMBERSHIP
SHLD,NOC,NOC,7.22,Northrop Grumman Corp.,2024-11-20T00:00:00.000Z,108543.0,53400985.14,https://api-prod.etf.com/private/fund/SHLD/holdings?type=securities&formatValues=true,ETFCOM,ETFCOM_VALIDATED_CURRENT_MEMBERSHIP
SHLD,GD,GD,6.47,General Dynamics Corporation,2024-11-20T00:00:00.000Z,170834.0,47842061.7,https://api-prod.etf.com/private/fund/SHLD/holdings?type=securities&formatValues=true,ETFCOM,ETFCOM_VALIDATED_CURRENT_MEMBERSHIP
SHLD,LHX,LHX,4.25,L3Harris Technologies Inc,2024-11-20T00:00:00.000Z,128606.0,31426162.16,https://api-prod.etf.com/private/fund/SHLD/holdings?type=securities&formatValues=true,ETFCOM,ETFCOM_VALIDATED_CURRENT_MEMBERSHIP
SHLD,LDOS,LDOS,4.24,"Leidos Holdings, Inc.",2024-11-20T00:00:00.000Z,193293.0,31342459.95,https://api-prod.etf.com/private/fund/SHLD/holdings?type=securities&formatValues=true,ETFCOM,ETFCOM_VALIDATED_CURRENT_MEMBERSHIP
SHLD,BWXT,BWXT,4.12,"BWX Technologies, Inc.",2024-11-20T00:00:00.000Z,234524.0,30431834.24,https://api-prod.etf.com/private/fund/SHLD/holdings?type=securities&formatValues=true,ETFCOM,ETFCOM_VALIDATED_CURRENT_MEMBERSHIP
SHLD,PSN,PSN,3.49,Parsons Corporation,2024-11-20T00:00:00.000Z,270857.0,25812672.1,https://api-prod.etf.com/private/fund/SHLD/holdings?type=securities&formatValues=true,ETFCOM,ETFCOM_VALIDATED_CURRENT_MEMBERSHIP
SHLD,HII,HII,2.59,"Huntington Ingalls Industries, Inc.",2024-11-20T00:00:00.000Z,100830.0,19182907.5,https://api-prod.etf.com/private/fund/SHLD/holdings?type=securities&formatValues=true,ETFCOM,ETFCOM_VALIDATED_CURRENT_MEMBERSHIP
SHLD,MOG.A,MOG-A,2.12,Moog Inc. Class A,2024-11-20T00:00:00.000Z,72367.0,15709428.36,https://api-prod.etf.com/private/fund/SHLD/holdings?type=securities&formatValues=true,ETFCOM,ETFCOM_VALIDATED_CURRENT_MEMBERSHIP
SHLD,AVAV,AVAV,1.92,"AeroVironment, Inc.",2024-11-20T00:00:00.000Z,71734.0,14227721.56,https://api-prod.etf.com/private/fund/SHLD/holdings?type=securities&formatValues=true,ETFCOM,ETFCOM_VALIDATED_CURRENT_MEMBERSHIP
SHLD,KTOS,KTOS,1.28,"Kratos Defense & Security Solutions, Inc.",2024-11-20T00:00:00.000Z,376160.0,9486755.2,https://api-prod.etf.com/private/fund/SHLD/holdings?type=securities&formatValues=true,ETFCOM,ETFCOM_VALIDATED_CURRENT_MEMBERSHIP
SHLD,OSIS,OSIS,0.88,"OSI Systems, Inc.",2024-11-20T00:00:00.000Z,40830.0,6499727.7,https://api-prod.etf.com/private/fund/SHLD/holdings?type=securities&formatValues=true,ETFCOM,ETFCOM_VALIDATED_CURRENT_MEMBERSHIP
SHLD,MRCY,MRCY,0.75,"Mercury Systems, Inc.",2024-11-20T00:00:00.000Z,143258.0,5575601.36,https://api-prod.etf.com/private/fund/SHLD/holdings?type=securities&formatValues=true,ETFCOM,ETFCOM_VALIDATED_CURRENT_MEMBERSHIP
SHLD,NPK,NPK,0.14,"National Presto Industries, Inc.",2024-11-20T00:00:00.000Z,13376.0,1010556.8,https://api-prod.etf.com/private/fund/SHLD/holdings?type=securities&formatValues=true,ETFCOM,ETFCOM_VALIDATED_CURRENT_MEMBERSHIP
LIT,ALB,ALB,9.66,Albemarle Corporation,2024-11-20T00:00:00.000Z,1137314.0,124592748.7,https://api-prod.etf.com/private/fund/LIT/holdings?type=securities&formatValues=true,ETFCOM,ETFCOM_VALIDATED_CURRENT_MEMBERSHIP
LIT,TSLA,TSLA,5.72,"Tesla, Inc.",2024-11-20T00:00:00.000Z,215867.0,73832990.01,https://api-prod.etf.com/private/fund/LIT/holdings?type=securities&formatValues=true,ETFCOM,ETFCOM_VALIDATED_CURRENT_MEMBERSHIP
LIT,SQM,SQM,4.15,Sociedad Quimica y Minera de Chile S.A. Sponsored ADR Pfd Series B,2024-11-20T00:00:00.000Z,1380193.0,53468676.82,https://api-prod.etf.com/private/fund/LIT/holdings?type=securities&formatValues=true,ETFCOM,ETFCOM_VALIDATED_CURRENT_MEMBERSHIP
LIT,ALTM,ALTM,4.05,Arcadium Lithium Plc,2024-11-20T00:00:00.000Z,10029034.0,52251267.14,https://api-prod.etf.com/private/fund/LIT/holdings?type=securities&formatValues=true,ETFCOM,ETFCOM_VALIDATED_CURRENT_MEMBERSHIP
LIT,ENS,ENS,2.8,EnerSys,2024-11-20T00:00:00.000Z,383557.0,36154082.82,https://api-prod.etf.com/private/fund/LIT/holdings?type=securities&formatValues=true,ETFCOM,ETFCOM_VALIDATED_CURRENT_MEMBERSHIP
LIT,LCID,LCID,1.33,"Lucid Group, Inc.",2024-11-20T00:00:00.000Z,8448699.0,17150858.97,https://api-prod.etf.com/private/fund/LIT/holdings?type=securities&formatValues=true,ETFCOM,ETFCOM_VALIDATED_CURRENT_MEMBERSHIP
WOOD,RYN,RYN,7.56,Rayonier Inc.,2024-11-20T00:00:00.000Z,440652.0,13285657.8,https://api-prod.etf.com/private/fund/WOOD/holdings?type=securities&formatValues=true,ETFCOM,ETFCOM_VALIDATED_CURRENT_MEMBERSHIP
WOOD,IP,IP,6.95,International Paper Company,2024-11-20T00:00:00.000Z,207347.0,12200297.48,https://api-prod.etf.com/private/fund/WOOD/holdings?type=securities&formatValues=true,ETFCOM,ETFCOM_VALIDATED_CURRENT_MEMBERSHIP
WOOD,SLVM,SLVM,5.96,Sylvamo Corporation,2024-11-20T00:00:00.000Z,119803.0,10468386.14,https://api-prod.etf.com/private/fund/WOOD/holdings?type=securities&formatValues=true,ETFCOM,ETFCOM_VALIDATED_CURRENT_MEMBERSHIP
WOOD,PCH,PCH,5.0,PotlatchDeltic Corporation,2024-11-20T00:00:00.000Z,211235.0,8783151.3,https://api-prod.etf.com/private/fund/WOOD/holdings?type=securities&formatValues=true,ETFCOM,ETFCOM_VALIDATED_CURRENT_MEMBERSHIP
WOOD,WY,WY,4.82,Weyerhaeuser Company,2024-11-20T00:00:00.000Z,275935.0,8462926.45,https://api-prod.etf.com/private/fund/WOOD/holdings?type=securities&formatValues=true,ETFCOM,ETFCOM_VALIDATED_CURRENT_MEMBERSHIP
WOOD,CLW,CLW,1.72,Clearwater Paper Corporation,2024-11-20T00:00:00.000Z,116301.0,3027315.03,https://api-prod.etf.com/private/fund/WOOD/holdings?type=securities&formatValues=true,ETFCOM,ETFCOM_VALIDATED_CURRENT_MEMBERSHIP
XBI,NTRA,NTRA,3.53,"Natera, Inc.",2024-11-20T00:00:00.000Z,1422156.0,238751549.28,https://api-prod.etf.com/private/fund/XBI/holdings?type=securities&formatValues=true,ETFCOM,ETFCOM_VALIDATED_CURRENT_MEMBERSHIP
XBI,INCY,INCY,2.97,Incyte Corporation,2024-11-20T00:00:00.000Z,2830684.0,201120098.2,https://api-prod.etf.com/private/fund/XBI/holdings?type=securities&formatValues=true,ETFCOM,ETFCOM_VALIDATED_CURRENT_MEMBERSHIP
XBI,UTHR,UTHR,2.86,United Therapeutics Corporation,2024-11-20T00:00:00.000Z,530498.0,193276336.34,https://api-prod.etf.com/private/fund/XBI/holdings?type=securities&formatValues=true,ETFCOM,ETFCOM_VALIDATED_CURRENT_MEMBERSHIP
XBI,GILD,GILD,2.85,"Gilead Sciences, Inc.",2024-11-20T00:00:00.000Z,2172657.0,192562589.91,https://api-prod.etf.com/private/fund/XBI/holdings?type=securities&formatValues=true,ETFCOM,ETFCOM_VALIDATED_CURRENT_MEMBERSHIP
XBI,NBIX,NBIX,2.68,"Neurocrine Biosciences, Inc.",2024-11-20T00:00:00.000Z,1471722.0,181448605.38,https://api-prod.etf.com/private/fund/XBI/holdings?type=securities&formatValues=true,ETFCOM,ETFCOM_VALIDATED_CURRENT_MEMBERSHIP
XBI,INSM,INSM,2.59,Insmed Incorporated,2024-11-20T00:00:00.000Z,2409919.0,175128813.73,https://api-prod.etf.com/private/fund/XBI/holdings?type=securities&formatValues=true,ETFCOM,ETFCOM_VALIDATED_CURRENT_MEMBERSHIP
XBI,ALNY,ALNY,2.5,"Alnylam Pharmaceuticals, Inc",2024-11-20T00:00:00.000Z,678209.0,168731617.11,https://api-prod.etf.com/private/fund/XBI/holdings?type=securities&formatValues=true,ETFCOM,ETFCOM_VALIDATED_CURRENT_MEMBERSHIP
XBI,VRTX,VRTX,2.47,Vertex Pharmaceuticals Incorporated,2024-11-20T00:00:00.000Z,370685.0,167264192.55,https://api-prod.etf.com/private/fund/XBI/holdings?type=securities&formatValues=true,ETFCOM,ETFCOM_VALIDATED_CURRENT_MEMBERSHIP
XBI,SRPT,SRPT,2.37,"Sarepta Therapeutics, Inc.",2024-11-20T00:00:00.000Z,1443435.0,160019204.1,https://api-prod.etf.com/private/fund/XBI/holdings?type=securities&formatValues=true,ETFCOM,ETFCOM_VALIDATED_CURRENT_MEMBERSHIP
XBI,AMGN,AMGN,2.3,Amgen Inc.,2024-11-20T00:00:00.000Z,541187.0,155791501.69,https://api-prod.etf.com/private/fund/XBI/holdings?type=securities&formatValues=true,ETFCOM,ETFCOM_VALIDATED_CURRENT_MEMBERSHIP
XBI,ABBV,ABBV,2.3,"AbbVie, Inc.",2024-11-20T00:00:00.000Z,926489.0,155427794.64,https://api-prod.etf.com/private/fund/XBI/holdings?type=securities&formatValues=true,ETFCOM,ETFCOM_VALIDATED_CURRENT_MEMBERSHIP
XBI,MDGL,MDGL,2.22,"Madrigal Pharmaceuticals, Inc.",2024-11-20T00:00:00.000Z,474130.0,150341881.7,https://api-prod.etf.com/private/fund/XBI/holdings?type=securities&formatValues=true,ETFCOM,ETFCOM_VALIDATED_CURRENT_MEMBERSHIP
XBI,EXAS,EXAS,2.14,Exact Sciences Corporation,2024-11-20T00:00:00.000Z,2745188.0,144671407.6,https://api-prod.etf.com/private/fund/XBI/holdings?type=securities&formatValues=true,ETFCOM,ETFCOM_VALIDATED_CURRENT_MEMBERSHIP
XBI,BIIB,BIIB,2.12,Biogen Inc.,2024-11-20T00:00:00.000Z,919740.0,143479440.0,https://api-prod.etf.com/private/fund/XBI/holdings?type=securities&formatValues=true,ETFCOM,ETFCOM_VALIDATED_CURRENT_MEMBERSHIP
XBI,VKTX,VKTX,2.05,"Viking Therapeutics, Inc.",2024-11-20T00:00:00.000Z,2696267.0,138938638.51,https://api-prod.etf.com/private/fund/XBI/holdings?type=securities&formatValues=true,ETFCOM,ETFCOM_VALIDATED_CURRENT_MEMBERSHIP
XBI,BMRN,BMRN,1.96,BioMarin Pharmaceutical Inc.,2024-11-20T00:00:00.000Z,2119187.0,132576338.72,https://api-prod.etf.com/private/fund/XBI/holdings?type=securities&formatValues=true,ETFCOM,ETFCOM_VALIDATED_CURRENT_MEMBERSHIP
XBI,BPMC,BPMC,1.74,Blueprint Medicines Corp.,2024-11-20T00:00:00.000Z,1243387.0,117885521.47,https://api-prod.etf.com/private/fund/XBI/holdings?type=securities&formatValues=true,ETFCOM,ETFCOM_VALIDATED_CURRENT_MEMBERSHIP
XBI,REGN,REGN,1.72,"Regeneron Pharmaceuticals, Inc.",2024-11-20T00:00:00.000Z,156035.0,115988617.25,https://api-prod.etf.com/private/fund/XBI/holdings?type=securities&formatValues=true,ETFCOM,ETFCOM_VALIDATED_CURRENT_MEMBERSHIP
XBI,CYTK,CYTK,1.68,"Cytokinetics, Incorporated",2024-11-20T00:00:00.000Z,2274965.0,113429754.9,https://api-prod.etf.com/private/fund/XBI/holdings?type=securities&formatValues=true,ETFCOM,ETFCOM_VALIDATED_CURRENT_MEMBERSHIP
XBI,TGTX,TGTX,1.67,"TG Therapeutics, Inc.",2024-11-20T00:00:00.000Z,3617550.0,112686682.5,https://api-prod.etf.com/private/fund/XBI/holdings?type=securities&formatValues=true,ETFCOM,ETFCOM_VALIDATED_CURRENT_MEMBERSHIP
XBI,CRSP,CRSP,1.59,CRISPR Therapeutics AG,2024-11-20T00:00:00.000Z,2274824.0,107508182.24,https://api-prod.etf.com/private/fund/XBI/holdings?type=securities&formatValues=true,ETFCOM,ETFCOM_VALIDATED_CURRENT_MEMBERSHIP
XBI,RVMD,RVMD,1.51,"Revolution Medicines, Inc.",2024-11-20T00:00:00.000Z,1783415.0,101779494.05,https://api-prod.etf.com/private/fund/XBI/holdings?type=securities&formatValues=true,ETFCOM,ETFCOM_VALIDATED_CURRENT_MEMBERSHIP
XBI,MRNA,MRNA,1.44,"Moderna, Inc.",2024-11-20T00:00:00.000Z,2634970.0,97335791.8,https://api-prod.etf.com/private/fund/XBI/holdings?type=securities&formatValues=true,ETFCOM,ETFCOM_VALIDATED_CURRENT_MEMBERSHIP
XBI,RNA,RNA,1.37,Avidity Biosciences Inc,2024-11-20T00:00:00.000Z,2118394.0,92467898.1,https://api-prod.etf.com/private/fund/XBI/holdings?type=securities&formatValues=true,ETFCOM,ETFCOM_VALIDATED_CURRENT_MEMBERSHIP
XBI,HALO,HALO,1.33,"Halozyme Therapeutics, Inc.",2024-11-20T00:00:00.000Z,1972328.0,90253729.28,https://api-prod.etf.com/private/fund/XBI/holdings?type=securities&formatValues=true,ETFCOM,ETFCOM_VALIDATED_CURRENT_MEMBERSHIP
XBI,ADMA,ADMA,1.31,"ADMA Biologics, Inc.",2024-11-20T00:00:00.000Z,4154289.0,88777155.93,https://api-prod.etf.com/private/fund/XBI/holdings?type=securities&formatValues=true,ETFCOM,ETFCOM_VALIDATED_CURRENT_MEMBERSHIP
XBI,KRYS,KRYS,1.28,"Krystal Biotech, Inc.",2024-11-20T00:00:00.000Z,487112.0,86754647.2,https://api-prod.etf.com/private/fund/XBI/holdings?type=securities&formatValues=true,ETFCOM,ETFCOM_VALIDATED_CURRENT_MEMBERSHIP
XBI,EXEL,EXEL,1.2,"Exelixis, Inc.",2024-11-20T00:00:00.000Z,2350228.0,81435400.2,https://api-prod.etf.com/private/fund/XBI/holdings?type=securities&formatValues=true,ETFCOM,ETFCOM_VALIDATED_CURRENT_MEMBERSHIP
XBI,ROIV,ROIV,1.19,Roivant Sciences Ltd.,2024-11-20T00:00:00.000Z,6974660.0,80138843.4,https://api-prod.etf.com/private/fund/XBI/holdings?type=securities&formatValues=true,ETFCOM,ETFCOM_VALIDATED_CURRENT_MEMBERSHIP
XBI,ALKS,ALKS,1.12,Alkermes Public Limited Company,2024-11-20T00:00:00.000Z,2714627.0,75765239.56999998,https://api-prod.etf.com/private/fund/XBI/holdings?type=securities&formatValues=true,ETFCOM,ETFCOM_VALIDATED_CURRENT_MEMBERSHIP
XBI,IONS,IONS,1.11,"Ionis Pharmaceuticals, Inc.",2024-11-20T00:00:00.000Z,2111898.0,74761189.2,https://api-prod.etf.com/private/fund/XBI/holdings?type=securities&formatValues=true,ETFCOM,ETFCOM_VALIDATED_CURRENT_MEMBERSHIP
XBI,BHVN,BHVN,1.01,Biohaven Ltd.,2024-11-20T00:00:00.000Z,1461469.0,68440593.27,https://api-prod.etf.com/private/fund/XBI/holdings?type=securities&formatValues=true,ETFCOM,ETFCOM_VALIDATED_CURRENT_MEMBERSHIP
XBI,TWST,TWST,0.9,Twist Bioscience Corp.,2024-11-20T00:00:00.000Z,1478071.0,60763498.81,https://api-prod.etf.com/private/fund/XBI/holdings?type=securities&formatValues=true,ETFCOM,ETFCOM_VALIDATED_CURRENT_MEMBERSHIP
XBI,GERN,GERN,0.89,Geron Corporation,2024-11-20T00:00:00.000Z,15130604.0,60371109.96,https://api-prod.etf.com/private/fund/XBI/holdings?type=securities&formatValues=true,ETFCOM,ETFCOM_VALIDATED_CURRENT_MEMBERSHIP
XBI,APLS,APLS,0.88,"Apellis Pharmaceuticals, Inc.",2024-11-20T00:00:00.000Z,2169087.0,59628201.63,https://api-prod.etf.com/private/fund/XBI/holdings?type=securities&formatValues=true,ETFCOM,ETFCOM_VALIDATED_CURRENT_MEMBERSHIP
XBI,BBIO,BBIO,0.88,"BridgeBio Pharma, Inc.",2024-11-20T00:00:00.000Z,2585446.0,59568675.84,https://api-prod.etf.com/private/fund/XBI/holdings?type=securities&formatValues=true,ETFCOM,ETFCOM_VALIDATED_CURRENT_MEMBERSHIP
XBI,PCVX,PCVX,0.87,"Vaxcyte, Inc.",2024-11-20T00:00:00.000Z,685431.0,58919648.76,https://api-prod.etf.com/private/fund/XBI/holdings?type=securities&formatValues=true,ETFCOM,ETFCOM_VALIDATED_CURRENT_MEMBERSHIP
XBI,CRNX,CRNX,0.86,Crinetics Pharmaceuticals Inc,2024-11-20T00:00:00.000Z,1035504.0,58060709.28,https://api-prod.etf.com/private/fund/XBI/holdings?type=securities&formatValues=true,ETFCOM,ETFCOM_VALIDATED_CURRENT_MEMBERSHIP
XBI,IOVA,IOVA,0.84,Iovance Biotherapeutics Inc,2024-11-20T00:00:00.000Z,6938104.0,56476166.56,https://api-prod.etf.com/private/fund/XBI/holdings?type=securities&formatValues=true,ETFCOM,ETFCOM_VALIDATED_CURRENT_MEMBERSHIP
XBI,SWTX,SWTX,0.81,"Springworks Therapeutics, Inc.",2024-11-20T00:00:00.000Z,1467277.0,54934850.88,https://api-prod.etf.com/private/fund/XBI/holdings?type=securities&formatValues=true,ETFCOM,ETFCOM_VALIDATED_CURRENT_MEMBERSHIP
XBI,DYN,DYN,0.78,Dyne Therapeutics Inc,2024-11-20T00:00:00.000Z,1752820.0,52567071.8,https://api-prod.etf.com/private/fund/XBI/holdings?type=securities&formatValues=true,ETFCOM,ETFCOM_VALIDATED_CURRENT_MEMBERSHIP
XBI,AGIO,AGIO,0.77,"Agios Pharmaceuticals, Inc.",2024-11-20T00:00:00.000Z,950999.0,51943565.38,https://api-prod.etf.com/private/fund/XBI/holdings?type=securities&formatValues=true,ETFCOM,ETFCOM_VALIDATED_CURRENT_MEMBERSHIP
XBI,ACLX,ACLX,0.76,"Arcellx, Inc.",2024-11-20T00:00:00.000Z,592309.0,51661190.98,https://api-prod.etf.com/private/fund/XBI/holdings?type=securities&formatValues=true,ETFCOM,ETFCOM_VALIDATED_CURRENT_MEMBERSHIP
XBI,ACAD,ACAD,0.73,ACADIA Pharmaceuticals Inc.,2024-11-20T00:00:00.000Z,3036429.0,49402699.83,https://api-prod.etf.com/private/fund/XBI/holdings?type=securities&formatValues=true,ETFCOM,ETFCOM_VALIDATED_CURRENT_MEMBERSHIP
XBI,BEAM,BEAM,0.72,"Beam Therapeutics, Inc.",2024-11-20T00:00:00.000Z,1987888.0,48683377.12,https://api-prod.etf.com/private/fund/XBI/holdings?type=securities&formatValues=true,ETFCOM,ETFCOM_VALIDATED_CURRENT_MEMBERSHIP
XBI,RARE,RARE,0.72,"Ultragenyx Pharmaceutical, Inc.",2024-11-20T00:00:00.000Z,1045494.0,48510921.6,https://api-prod.etf.com/private/fund/XBI/holdings?type=securities&formatValues=true,ETFCOM,ETFCOM_VALIDATED_CURRENT_MEMBERSHIP
XBI,PTCT,PTCT,0.67,"PTC Therapeutics, Inc.",2024-11-20T00:00:00.000Z,1076045.0,45150848.2,https://api-prod.etf.com/private/fund/XBI/holdings?type=securities&formatValues=true,ETFCOM,ETFCOM_VALIDATED_CURRENT_MEMBERSHIP
XBI,RXRX,RXRX,0.64,"Recursion Pharmaceuticals, Inc. Class A",2024-11-20T00:00:00.000Z,7180678.0,43371295.12,https://api-prod.etf.com/private/fund/XBI/holdings?type=securities&formatValues=true,ETFCOM,ETFCOM_VALIDATED_CURRENT_MEMBERSHIP
XBI,IMVT,IMVT,0.63,Immunovant Inc,2024-11-20T00:00:00.000Z,1618864.0,42365670.88,https://api-prod.etf.com/private/fund/XBI/holdings?type=securities&formatValues=true,ETFCOM,ETFCOM_VALIDATED_CURRENT_MEMBERSHIP
XBI,NUVL,NUVL,0.61,"Nuvalent, Inc. Class A",2024-11-20T00:00:00.000Z,455272.0,41507148.24,https://api-prod.etf.com/private/fund/XBI/holdings?type=securities&formatValues=true,ETFCOM,ETFCOM_VALIDATED_CURRENT_MEMBERSHIP
XBI,FOLD,FOLD,0.61,"Amicus Therapeutics, Inc.",2024-11-20T00:00:00.000Z,4327512.0,41500840.08,https://api-prod.etf.com/private/fund/XBI/holdings?type=securities&formatValues=true,ETFCOM,ETFCOM_VALIDATED_CURRENT_MEMBERSHIP
XBI,RYTM,RYTM,0.6,"Rhythm Pharmaceuticals, Inc.",2024-11-20T00:00:00.000Z,686102.0,40727014.72,https://api-prod.etf.com/private/fund/XBI/holdings?type=securities&formatValues=true,ETFCOM,ETFCOM_VALIDATED_CURRENT_MEMBERSHIP
XBI,MIRM,MIRM,0.59,"Mirum Pharmaceuticals, Inc.",2024-11-20T00:00:00.000Z,907989.0,39670039.41,https://api-prod.etf.com/private/fund/XBI/holdings?type=securities&formatValues=true,ETFCOM,ETFCOM_VALIDATED_CURRENT_MEMBERSHIP
XBI,PTGX,PTGX,0.57,"Protagonist Therapeutics, Inc.",2024-11-20T00:00:00.000Z,955014.0,38821319.1,https://api-prod.etf.com/private/fund/XBI/holdings?type=securities&formatValues=true,ETFCOM,ETFCOM_VALIDATED_CURRENT_MEMBERSHIP
XBI,VERA,VERA,0.57,"Vera Therapeutics, Inc. Class A",2024-11-20T00:00:00.000Z,838792.0,38374734.0,https://api-prod.etf.com/private/fund/XBI/holdings?type=securities&formatValues=true,ETFCOM,ETFCOM_VALIDATED_CURRENT_MEMBERSHIP
XBI,VCYT,VCYT,0.56,"Veracyte, Inc.",2024-11-20T00:00:00.000Z,960795.0,37663164.0,https://api-prod.etf.com/private/fund/XBI/holdings?type=securities&formatValues=true,ETFCOM,ETFCOM_VALIDATED_CURRENT_MEMBERSHIP
XBI,NTLA,NTLA,0.53,"Intellia Therapeutics, Inc.",2024-11-20T00:00:00.000Z,2715331.0,35625142.72,https://api-prod.etf.com/private/fund/XBI/holdings?type=securities&formatValues=true,ETFCOM,ETFCOM_VALIDATED_CURRENT_MEMBERSHIP
XBI,ARWR,ARWR,0.52,"Arrowhead Pharmaceuticals, Inc.",2024-11-20T00:00:00.000Z,1891734.0,35394343.14,https://api-prod.etf.com/private/fund/XBI/holdings?type=securities&formatValues=true,ETFCOM,ETFCOM_VALIDATED_CURRENT_MEMBERSHIP
XBI,SRRK,SRRK,0.51,Scholar Rock Holding Corp.,2024-11-20T00:00:00.000Z,1229053.0,34241416.58,https://api-prod.etf.com/private/fund/XBI/holdings?type=securities&formatValues=true,ETFCOM,ETFCOM_VALIDATED_CURRENT_MEMBERSHIP
XBI,IDYA,IDYA,0.51,"IDEAYA Biosciences, Inc.",2024-11-20T00:00:00.000Z,1338920.0,34196016.8,https://api-prod.etf.com/private/fund/XBI/holdings?type=securities&formatValues=true,ETFCOM,ETFCOM_VALIDATED_CURRENT_MEMBERSHIP
XBI,JANX,JANX,0.51,"Janux Therapeutics, Inc.",2024-11-20T00:00:00.000Z,698033.0,34175695.68,https://api-prod.etf.com/private/fund/XBI/holdings?type=securities&formatValues=true,ETFCOM,ETFCOM_VALIDATED_CURRENT_MEMBERSHIP
XBI,DVAX,DVAX,0.5,Dynavax Technologies Corporation,2024-11-20T00:00:00.000Z,2787625.0,33925396.25,https://api-prod.etf.com/private/fund/XBI/holdings?type=securities&formatValues=true,ETFCOM,ETFCOM_VALIDATED_CURRENT_MEMBERSHIP
XBI,SLNO,SLNO,0.49,Soleno Therapeutics Inc,2024-11-20T00:00:00.000Z,601742.0,32993513.86,https://api-prod.etf.com/private/fund/XBI/holdings?type=securities&formatValues=true,ETFCOM,ETFCOM_VALIDATED_CURRENT_MEMBERSHIP
XBI,VCEL,VCEL,0.48,Vericel Corporation,2024-11-20T00:00:00.000Z,570734.0,32680228.84,https://api-prod.etf.com/private/fund/XBI/holdings?type=securities&formatValues=true,ETFCOM,ETFCOM_VALIDATED_CURRENT_MEMBERSHIP
XBI,NVAX,NVAX,0.48,"Novavax, Inc.",2024-11-20T00:00:00.000Z,3989237.0,32153250.22,https://api-prod.etf.com/private/fund/XBI/holdings?type=securities&formatValues=true,ETFCOM,ETFCOM_VALIDATED_CURRENT_MEMBERSHIP
XBI,ARDX,ARDX,0.46,"Ardelyx, Inc.",2024-11-20T00:00:00.000Z,6316406.0,31076717.52,https://api-prod.etf.com/private/fund/XBI/holdings?type=securities&formatValues=true,ETFCOM,ETFCOM_VALIDATED_CURRENT_MEMBERSHIP
XBI,KYMR,KYMR,0.45,"Kymera Therapeutics, Inc.",2024-11-20T00:00:00.000Z,695418.0,30633162.9,https://api-prod.etf.com/private/fund/XBI/holdings?type=securities&formatValues=true,ETFCOM,ETFCOM_VALIDATED_CURRENT_MEMBERSHIP
XBI,DNLI,DNLI,0.45,Denali Therapeutics Inc.,2024-11-20T00:00:00.000Z,1250385.0,30534401.7,https://api-prod.etf.com/private/fund/XBI/holdings?type=securities&formatValues=true,ETFCOM,ETFCOM_VALIDATED_CURRENT_MEMBERSHIP
XBI,ARQT,ARQT,0.44,Arcutis Biotherapeutics Inc,2024-11-20T00:00:00.000Z,2941604.0,29945528.72,https://api-prod.etf.com/private/fund/XBI/holdings?type=securities&formatValues=true,ETFCOM,ETFCOM_VALIDATED_CURRENT_MEMBERSHIP
XBI,AKRO,AKRO,0.44,"Akero Therapeutics, Inc.",2024-11-20T00:00:00.000Z,960682.0,29430493.07,https://api-prod.etf.com/private/fund/XBI/holdings?type=securities&formatValues=true,ETFCOM,ETFCOM_VALIDATED_CURRENT_MEMBERSHIP
XBI,SNDX,SNDX,0.43,Syndax Pharmaceuticals Inc,2024-11-20T00:00:00.000Z,1822488.0,29068683.6,https://api-prod.etf.com/private/fund/XBI/holdings?type=securities&formatValues=true,ETFCOM,ETFCOM_VALIDATED_CURRENT_MEMBERSHIP
XBI,BCRX,BCRX,0.43,"BioCryst Pharmaceuticals, Inc.",2024-11-20T00:00:00.000Z,3942403.0,28779541.9,https://api-prod.etf.com/private/fund/XBI/holdings?type=securities&formatValues=true,ETFCOM,ETFCOM_VALIDATED_CURRENT_MEMBERSHIP
XBI,PRAX,PRAX,0.41,"Praxis Precision Medicines, Inc.",2024-11-20T00:00:00.000Z,375642.0,27677302.56,https://api-prod.etf.com/private/fund/XBI/holdings?type=securities&formatValues=true,ETFCOM,ETFCOM_VALIDATED_CURRENT_MEMBERSHIP
XBI,CPRX,CPRX,0.41,"Catalyst Pharmaceuticals, Inc.",2024-11-20T00:00:00.000Z,1301454.0,27525752.1,https://api-prod.etf.com/private/fund/XBI/holdings?type=securities&formatValues=true,ETFCOM,ETFCOM_VALIDATED_CURRENT_MEMBERSHIP
XBI,CGON,CGON,0.4,"CG Oncology, Inc.",2024-11-20T00:00:00.000Z,835065.0,26922495.6,https://api-prod.etf.com/private/fund/XBI/holdings?type=securities&formatValues=true,ETFCOM,ETFCOM_VALIDATED_CURRENT_MEMBERSHIP
XBI,APGE,APGE,0.39,"Apogee Therapeutics, Inc.",2024-11-20T00:00:00.000Z,579720.0,26110588.8,https://api-prod.etf.com/private/fund/XBI/holdings?type=securities&formatValues=true,ETFCOM,ETFCOM_VALIDATED_CURRENT_MEMBERSHIP
XBI,CLDX,CLDX,0.38,"Celldex Therapeutics, Inc.",2024-11-20T00:00:00.000Z,966908.0,25526371.2,https://api-prod.etf.com/private/fund/XBI/holdings?type=securities&formatValues=true,ETFCOM,ETFCOM_VALIDATED_CURRENT_MEMBERSHIP
XBI,IRON,IRON,0.36,"Disc Medicine, Inc.",2024-11-20T00:00:00.000Z,390115.0,24401693.25,https://api-prod.etf.com/private/fund/XBI/holdings?type=securities&formatValues=true,ETFCOM,ETFCOM_VALIDATED_CURRENT_MEMBERSHIP
XBI,KROS,KROS,0.35,"Keros Therapeutics, Inc.",2024-11-20T00:00:00.000Z,436842.0,23650625.88,https://api-prod.etf.com/private/fund/XBI/holdings?type=securities&formatValues=true,ETFCOM,ETFCOM_VALIDATED_CURRENT_MEMBERSHIP
XBI,IBRX,IBRX,0.35,ImmunityBio Inc,2024-11-20T00:00:00.000Z,4842089.0,23605183.88,https://api-prod.etf.com/private/fund/XBI/holdings?type=securities&formatValues=true,ETFCOM,ETFCOM_VALIDATED_CURRENT_MEMBERSHIP
XBI,MNKD,MNKD,0.34,MannKind Corporation,2024-11-20T00:00:00.000Z,3342452.0,22996069.76,https://api-prod.etf.com/private/fund/XBI/holdings?type=securities&formatValues=true,ETFCOM,ETFCOM_VALIDATED_CURRENT_MEMBERSHIP
XBI,NRIX,NRIX,0.33,"Nurix Therapeutics, Inc.",2024-11-20T00:00:00.000Z,994449.0,22514325.36,https://api-prod.etf.com/private/fund/XBI/holdings?type=securities&formatValues=true,ETFCOM,ETFCOM_VALIDATED_CURRENT_MEMBERSHIP
XBI,SMMT,SMMT,0.32,Summit Therapeutics Inc,2024-11-20T00:00:00.000Z,1150973.0,21431117.26,https://api-prod.etf.com/private/fund/XBI/holdings?type=securities&formatValues=true,ETFCOM,ETFCOM_VALIDATED_CURRENT_MEMBERSHIP
XBI,SYRE,SYRE,0.31,"Spyre Therapeutics, Inc",2024-11-20T00:00:00.000Z,750078.0,20627145.0,https://api-prod.etf.com/private/fund/XBI/holdings?type=securities&formatValues=true,ETFCOM,ETFCOM_VALIDATED_CURRENT_MEMBERSHIP
XBI,DAWN,DAWN,0.29,"Day One Biopharmaceuticals, Inc.",2024-11-20T00:00:00.000Z,1449719.0,19745172.78,https://api-prod.etf.com/private/fund/XBI/holdings?type=securities&formatValues=true,ETFCOM,ETFCOM_VALIDATED_CURRENT_MEMBERSHIP
XBI,VRDN,VRDN,0.28,"Viridian Therapeutics, Inc.",2024-11-20T00:00:00.000Z,963231.0,19062341.49,https://api-prod.etf.com/private/fund/XBI/holdings?type=securities&formatValues=true,ETFCOM,ETFCOM_VALIDATED_CURRENT_MEMBERSHIP
XBI,MYGN,MYGN,0.27,"Myriad Genetics, Inc.",2024-11-20T00:00:00.000Z,1173578.0,17955743.4,https://api-prod.etf.com/private/fund/XBI/holdings?type=securities&formatValues=true,ETFCOM,ETFCOM_VALIDATED_CURRENT_MEMBERSHIP
XBI,RCKT,RCKT,0.26,"Rocket Pharmaceuticals, Inc.",2024-11-20T00:00:00.000Z,1367813.0,17836281.52,https://api-prod.etf.com/private/fund/XBI/holdings?type=securities&formatValues=true,ETFCOM,ETFCOM_VALIDATED_CURRENT_MEMBERSHIP
XBI,TVTX,TVTX,0.26,"Travere Therapeutics, Inc.",2024-11-20T00:00:00.000Z,975188.0,17416857.68,https://api-prod.etf.com/private/fund/XBI/holdings?type=securities&formatValues=true,ETFCOM,ETFCOM_VALIDATED_CURRENT_MEMBERSHIP
XBI,CDNA,CDNA,0.24,"CareDx, Inc.",2024-11-20T00:00:00.000Z,725110.0,16220710.7,https://api-prod.etf.com/private/fund/XBI/holdings?type=securities&formatValues=true,ETFCOM,ETFCOM_VALIDATED_CURRENT_MEMBERSHIP
XBI,XNCR,XNCR,0.24,"Xencor, Inc.",2024-11-20T00:00:00.000Z,682871.0,16197700.12,https://api-prod.etf.com/private/fund/XBI/holdings?type=securities&formatValues=true,ETFCOM,ETFCOM_VALIDATED_CURRENT_MEMBERSHIP
XBI,APLT,APLT,0.24,"Applied Therapeutics, Inc.",2024-11-20T00:00:00.000Z,1692201.0,15957455.43,https://api-prod.etf.com/private/fund/XBI/holdings?type=securities&formatValues=true,ETFCOM,ETFCOM_VALIDATED_CURRENT_MEMBERSHIP
XBI,KURA,KURA,0.23,"Kura Oncology, Inc.",2024-11-20T00:00:00.000Z,974823.0,15509433.93,https://api-prod.etf.com/private/fund/XBI/holdings?type=securities&formatValues=true,ETFCOM,ETFCOM_VALIDATED_CURRENT_MEMBERSHIP
XBI,CGEM,CGEM,0.23,"Cullinan Therapeutics, Inc.",2024-11-20T00:00:00.000Z,1218410.0,15327597.8,https://api-prod.etf.com/private/fund/XBI/holdings?type=securities&formatValues=true,ETFCOM,ETFCOM_VALIDATED_CURRENT_MEMBERSHIP
XBI,CDMO,CDMO,0.22,"Avid Bioservices, Inc.",2024-11-20T00:00:00.000Z,1216048.0,14860106.56,https://api-prod.etf.com/private/fund/XBI/holdings?type=securities&formatValues=true,ETFCOM,ETFCOM_VALIDATED_CURRENT_MEMBERSHIP
XBI,IRWD,IRWD,0.22,"Ironwood Pharmaceuticals, Inc. Class A",2024-11-20T00:00:00.000Z,4214809.0,14836127.68,https://api-prod.etf.com/private/fund/XBI/holdings?type=securities&formatValues=true,ETFCOM,ETFCOM_VALIDATED_CURRENT_MEMBERSHIP
XBI,EBS,EBS,0.2,Emergent BioSolutions Inc.,2024-11-20T00:00:00.000Z,1530592.0,13591656.96,https://api-prod.etf.com/private/fund/XBI/holdings?type=securities&formatValues=true,ETFCOM,ETFCOM_VALIDATED_CURRENT_MEMBERSHIP
XBI,ALT,ALT,0.2,"Altimmune, Inc.",2024-11-20T00:00:00.000Z,1655399.0,13325961.95,https://api-prod.etf.com/private/fund/XBI/holdings?type=securities&formatValues=true,ETFCOM,ETFCOM_VALIDATED_CURRENT_MEMBERSHIP
XBI,RCUS,RCUS,0.19,"Arcus Biosciences, Inc.",2024-11-20T00:00:00.000Z,894624.0,13079402.88,https://api-prod.etf.com/private/fund/XBI/holdings?type=securities&formatValues=true,ETFCOM,ETFCOM_VALIDATED_CURRENT_MEMBERSHIP
XBI,AVXL,AVXL,0.19,Anavex Life Sciences Corp.,2024-11-20T00:00:00.000Z,1483155.0,12569738.63,https://api-prod.etf.com/private/fund/XBI/holdings?type=securities&formatValues=true,ETFCOM,ETFCOM_VALIDATED_CURRENT_MEMBERSHIP
XBI,VIR,VIR,0.18,"Vir Biotechnology, Inc.",2024-11-20T00:00:00.000Z,1847216.0,12450235.84,https://api-prod.etf.com/private/fund/XBI/holdings?type=securities&formatValues=true,ETFCOM,ETFCOM_VALIDATED_CURRENT_MEMBERSHIP
XBI,REPL,REPL,0.18,"Replimune Group, Inc.",2024-11-20T00:00:00.000Z,1075418.0,12076944.14,https://api-prod.etf.com/private/fund/XBI/holdings?type=securities&formatValues=true,ETFCOM,ETFCOM_VALIDATED_CURRENT_MEMBERSHIP
XBI,SPRY,SPRY,0.17,"ARS Pharmaceuticals, Inc.",2024-11-20T00:00:00.000Z,863758.0,11703920.9,https://api-prod.etf.com/private/fund/XBI/holdings?type=securities&formatValues=true,ETFCOM,ETFCOM_VALIDATED_CURRENT_MEMBERSHIP
XBI,HUMA,HUMA,0.17,"Humacyte, Inc.",2024-11-20T00:00:00.000Z,2624540.0,11574221.4,https://api-prod.etf.com/private/fund/XBI/holdings?type=securities&formatValues=true,ETFCOM,ETFCOM_VALIDATED_CURRENT_MEMBERSHIP
XBI,ARCT,ARCT,0.17,"Arcturus Therapeutics Holdings, Inc.",2024-11-20T00:00:00.000Z,693009.0,11205955.53,https://api-prod.etf.com/private/fund/XBI/holdings?type=securities&formatValues=true,ETFCOM,ETFCOM_VALIDATED_CURRENT_MEMBERSHIP
XBI,COGT,COGT,0.16,"Cogent Biosciences, Inc.",2024-11-20T00:00:00.000Z,1208044.0,10969039.52,https://api-prod.etf.com/private/fund/XBI/holdings?type=securities&formatValues=true,ETFCOM,ETFCOM_VALIDATED_CURRENT_MEMBERSHIP
XBI,ETNB,ETNB,0.16,89bio Inc,2024-11-20T00:00:00.000Z,1353386.0,10800020.28,https://api-prod.etf.com/private/fund/XBI/holdings?type=securities&formatValues=true,ETFCOM,ETFCOM_VALIDATED_CURRENT_MEMBERSHIP
XBI,MDXG,MDXG,0.16,"MiMedx Group, Inc.",2024-11-20T00:00:00.000Z,1181770.0,10706836.2,https://api-prod.etf.com/private/fund/XBI/holdings?type=securities&formatValues=true,ETFCOM,ETFCOM_VALIDATED_CURRENT_MEMBERSHIP
XBI,VERV,VERV,0.15,"Verve Therapeutics, Inc.",2024-11-20T00:00:00.000Z,2241587.0,10199220.85,https://api-prod.etf.com/private/fund/XBI/holdings?type=securities&formatValues=true,ETFCOM,ETFCOM_VALIDATED_CURRENT_MEMBERSHIP
XBI,STOK,STOK,0.15,"Stoke Therapeutics, Inc.",2024-11-20T00:00:00.000Z,879616.0,9948456.96,https://api-prod.etf.com/private/fund/XBI/holdings?type=securities&formatValues=true,ETFCOM,ETFCOM_VALIDATED_CURRENT_MEMBERSHIP
XBI,ANNX,ANNX,0.14,"Annexon, Inc.",2024-11-20T00:00:00.000Z,1878806.0,9694638.96,https://api-prod.etf.com/private/fund/XBI/holdings?type=securities&formatValues=true,ETFCOM,ETFCOM_VALIDATED_CURRENT_MEMBERSHIP
XBI,PRTA,PRTA,0.14,Prothena Corp. Plc,2024-11-20T00:00:00.000Z,661288.0,9522547.2,https://api-prod.etf.com/private/fund/XBI/holdings?type=securities&formatValues=true,ETFCOM,ETFCOM_VALIDATED_CURRENT_MEMBERSHIP
XBI,RLAY,RLAY,0.13,"Relay Therapeutics, Inc.",2024-11-20T00:00:00.000Z,1912798.0,8913638.679999998,https://api-prod.etf.com/private/fund/XBI/holdings?type=securities&formatValues=true,ETFCOM,ETFCOM_VALIDATED_CURRENT_MEMBERSHIP
XBI,SANA,SANA,0.13,"Sana Biotechnology, Inc.",2024-11-20T00:00:00.000Z,3448322.0,8724254.66,https://api-prod.etf.com/private/fund/XBI/holdings?type=securities&formatValues=true,ETFCOM,ETFCOM_VALIDATED_CURRENT_MEMBERSHIP
XBI,IMNM,IMNM,0.13,"Immunome, Inc.",2024-11-20T00:00:00.000Z,925291.0,8632965.03,https://api-prod.etf.com/private/fund/XBI/holdings?type=securities&formatValues=true,ETFCOM,ETFCOM_VALIDATED_CURRENT_MEMBERSHIP
XBI,ANAB,ANAB,0.12,"AnaptysBio, Inc.",2024-11-20T00:00:00.000Z,411157.0,8350598.67,https://api-prod.etf.com/private/fund/XBI/holdings?type=securities&formatValues=true,ETFCOM,ETFCOM_VALIDATED_CURRENT_MEMBERSHIP
XBI,FDMT,FDMT,0.12,"4D Molecular Therapeutics, Inc.",2024-11-20T00:00:00.000Z,960015.0,8073726.15,https://api-prod.etf.com/private/fund/XBI/holdings?type=securities&formatValues=true,ETFCOM,ETFCOM_VALIDATED_CURRENT_MEMBERSHIP
XBI,OLMA,OLMA,0.12,"Olema Pharmaceuticals, Inc.",2024-11-20T00:00:00.000Z,961587.0,7961940.36,https://api-prod.etf.com/private/fund/XBI/holdings?type=securities&formatValues=true,ETFCOM,ETFCOM_VALIDATED_CURRENT_MEMBERSHIP
XBI,RGNX,RGNX,0.12,"REGENXBIO, Inc.",2024-11-20T00:00:00.000Z,814397.0,7842643.11,https://api-prod.etf.com/private/fund/XBI/holdings?type=securities&formatValues=true,ETFCOM,ETFCOM_VALIDATED_CURRENT_MEMBERSHIP
XBI,OCGN,OCGN,0.12,Ocugen Inc,2024-11-20T00:00:00.000Z,8472099.0,7781622.929999999,https://api-prod.etf.com/private/fund/XBI/holdings?type=securities&formatValues=true,ETFCOM,ETFCOM_VALIDATED_CURRENT_MEMBERSHIP
XBI,SAGE,SAGE,0.12,"SAGE Therapeutics, Inc.",2024-11-20T00:00:00.000Z,1584509.0,7779939.19,https://api-prod.etf.com/private/fund/XBI/holdings?type=securities&formatValues=true,ETFCOM,ETFCOM_VALIDATED_CURRENT_MEMBERSHIP
XBI,CELC,CELC,0.11,Celcuity Inc.,2024-11-20T00:00:00.000Z,601313.0,7684780.139999999,https://api-prod.etf.com/private/fund/XBI/holdings?type=securities&formatValues=true,ETFCOM,ETFCOM_VALIDATED_CURRENT_MEMBERSHIP
XBI,ALLO,ALLO,0.1,"Allogene Therapeutics, Inc.",2024-11-20T00:00:00.000Z,3367625.0,6903631.25,https://api-prod.etf.com/private/fund/XBI/holdings?type=securities&formatValues=true,ETFCOM,ETFCOM_VALIDATED_CURRENT_MEMBERSHIP
XBI,DNTH,DNTH,0.1,"Dianthus Therapeutics, Inc.",2024-11-20T00:00:00.000Z,325641.0,6763563.57,https://api-prod.etf.com/private/fund/XBI/holdings?type=securities&formatValues=true,ETFCOM,ETFCOM_VALIDATED_CURRENT_MEMBERSHIP
XBI,CATX,CATX,0.1,"Perspective Therapeutics, Inc.",2024-11-20T00:00:00.000Z,1074646.0,6630565.82,https://api-prod.etf.com/private/fund/XBI/holdings?type=securities&formatValues=true,ETFCOM,ETFCOM_VALIDATED_CURRENT_MEMBERSHIP
XBI,ERAS,ERAS,0.1,"Erasca, Inc.",2024-11-20T00:00:00.000Z,2466969.0,6512798.16,https://api-prod.etf.com/private/fund/XBI/holdings?type=securities&formatValues=true,ETFCOM,ETFCOM_VALIDATED_CURRENT_MEMBERSHIP
XBI,CCCC,CCCC,0.09,"C4 Therapeutics, Inc.",2024-11-20T00:00:00.000Z,1528473.0,6190315.65,https://api-prod.etf.com/private/fund/XBI/holdings?type=securities&formatValues=true,ETFCOM,ETFCOM_VALIDATED_CURRENT_MEMBERSHIP
XBI,ORIC,ORIC,0.09,ORIC Pharmaceuticals Inc,2024-11-20T00:00:00.000Z,686174.0,5997160.76,https://api-prod.etf.com/private/fund/XBI/holdings?type=securities&formatValues=true,ETFCOM,ETFCOM_VALIDATED_CURRENT_MEMBERSHIP
XBI,CRBP,CRBP,0.09,Corbus Pharmaceuticals Holdings Inc,2024-11-20T00:00:00.000Z,361666.0,5815589.28,https://api-prod.etf.com/private/fund/XBI/holdings?type=securities&formatValues=true,ETFCOM,ETFCOM_VALIDATED_CURRENT_MEMBERSHIP
XBI,SVRA,SVRA,0.08,"Savara, Inc.",2024-11-20T00:00:00.000Z,1786362.0,5591313.06,https://api-prod.etf.com/private/fund/XBI/holdings?type=securities&formatValues=true,ETFCOM,ETFCOM_VALIDATED_CURRENT_MEMBERSHIP
XBI,ATXS,ATXS,0.08,"Astria Therapeutics, Inc.",2024-11-20T00:00:00.000Z,567252.0,5434274.16,https://api-prod.etf.com/private/fund/XBI/holdings?type=securities&formatValues=true,ETFCOM,ETFCOM_VALIDATED_CURRENT_MEMBERSHIP
XBI,FATE,FATE,0.07,"Fate Therapeutics, Inc.",2024-11-20T00:00:00.000Z,2278352.0,5057941.44,https://api-prod.etf.com/private/fund/XBI/holdings?type=securities&formatValues=true,ETFCOM,ETFCOM_VALIDATED_CURRENT_MEMBERSHIP
XBI,CRGX,CRGX,0.07,"CARGO Therapeutics, Inc.",2024-11-20T00:00:00.000Z,293859.0,4648849.38,https://api-prod.etf.com/private/fund/XBI/holdings?type=securities&formatValues=true,ETFCOM,ETFCOM_VALIDATED_CURRENT_MEMBERSHIP
XBI,TNGX,TNGX,0.07,"Tango Therapeutics, Inc.",2024-11-20T00:00:00.000Z,1093968.0,4463389.44,https://api-prod.etf.com/private/fund/XBI/holdings?type=securities&formatValues=true,ETFCOM,ETFCOM_VALIDATED_CURRENT_MEMBERSHIP
XBI,ABUS,ABUS,0.06,Arbutus Biopharma Corporation,2024-11-20T00:00:00.000Z,1222153.0,4204206.32,https://api-prod.etf.com/private/fund/XBI/holdings?type=securities&formatValues=true,ETFCOM,ETFCOM_VALIDATED_CURRENT_MEMBERSHIP
XBI,KALV,KALV,0.06,"KalVista Pharmaceuticals, Inc.",2024-11-20T00:00:00.000Z,465734.0,4172976.64,https://api-prod.etf.com/private/fund/XBI/holdings?type=securities&formatValues=true,ETFCOM,ETFCOM_VALIDATED_CURRENT_MEMBERSHIP
XBI,ITOS,ITOS,0.06,"iTeos Therapeutics, Inc.",2024-11-20T00:00:00.000Z,529618.0,4157501.3,https://api-prod.etf.com/private/fund/XBI/holdings?type=securities&formatValues=true,ETFCOM,ETFCOM_VALIDATED_CURRENT_MEMBERSHIP
XBI,YMAB,YMAB,0.06,"Y-mAbs Therapeutics, Inc.",2024-11-20T00:00:00.000Z,372638.0,3927604.52,https://api-prod.etf.com/private/fund/XBI/holdings?type=securities&formatValues=true,ETFCOM,ETFCOM_VALIDATED_CURRENT_MEMBERSHIP
XBI,SCLX,SCLX,0.05,Scilex Holding Company,2024-11-20T00:00:00.000Z,5938524.0,3352890.65,https://api-prod.etf.com/private/fund/XBI/holdings?type=securities&formatValues=true,ETFCOM,ETFCOM_VALIDATED_CURRENT_MEMBERSHIP
XBI,ALEC,ALEC,0.04,"Alector, Inc.",2024-11-20T00:00:00.000Z,773058.0,2810065.83,https://api-prod.etf.com/private/fund/XBI/holdings?type=securities&formatValues=true,ETFCOM,ETFCOM_VALIDATED_CURRENT_MEMBERSHIP
XBI,AVBP,AVBP,0.04,"ArriVent BioPharma, Inc.",2024-11-20T00:00:00.000Z,101095.0,2771013.95,https://api-prod.etf.com/private/fund/XBI/holdings?type=securities&formatValues=true,ETFCOM,ETFCOM_VALIDATED_CURRENT_MEMBERSHIP
GNOM,NTRA,NTRA,6.14,"Natera, Inc.",2024-11-20T00:00:00.000Z,26220.0,4401813.6,https://api-prod.etf.com/private/fund/GNOM/holdings?type=securities&formatValues=true,ETFCOM,ETFCOM_VALIDATED_CURRENT_MEMBERSHIP
GNOM,VCYT,VCYT,5.24,"Veracyte, Inc.",2024-11-20T00:00:00.000Z,95872.0,3758182.4,https://api-prod.etf.com/private/fund/GNOM/holdings?type=securities&formatValues=true,ETFCOM,ETFCOM_VALIDATED_CURRENT_MEMBERSHIP
GNOM,CRSP,CRSP,4.45,CRISPR Therapeutics AG,2024-11-20T00:00:00.000Z,67632.0,3196288.32,https://api-prod.etf.com/private/fund/GNOM/holdings?type=securities&formatValues=true,ETFCOM,ETFCOM_VALIDATED_CURRENT_MEMBERSHIP
GNOM,TECH,TECH,4.3,Bio-Techne Corporation,2024-11-20T00:00:00.000Z,44867.0,3083260.24,https://api-prod.etf.com/private/fund/GNOM/holdings?type=securities&formatValues=true,ETFCOM,ETFCOM_VALIDATED_CURRENT_MEMBERSHIP
GNOM,A,A,4.19,"Agilent Technologies, Inc.",2024-11-20T00:00:00.000Z,23386.0,3006738.02,https://api-prod.etf.com/private/fund/GNOM/holdings?type=securities&formatValues=true,ETFCOM,ETFCOM_VALIDATED_CURRENT_MEMBERSHIP
GNOM,RNA,RNA,4.17,Avidity Biosciences Inc,2024-11-20T00:00:00.000Z,68525.0,2991116.25,https://api-prod.etf.com/private/fund/GNOM/holdings?type=securities&formatValues=true,ETFCOM,ETFCOM_VALIDATED_CURRENT_MEMBERSHIP
GNOM,ARWR,ARWR,4.07,"Arrowhead Pharmaceuticals, Inc.",2024-11-20T00:00:00.000Z,156177.0,2922071.67,https://api-prod.etf.com/private/fund/GNOM/holdings?type=securities&formatValues=true,ETFCOM,ETFCOM_VALIDATED_CURRENT_MEMBERSHIP
GNOM,ILMN,ILMN,3.99,"Illumina, Inc.",2024-11-20T00:00:00.000Z,21765.0,2866015.2,https://api-prod.etf.com/private/fund/GNOM/holdings?type=securities&formatValues=true,ETFCOM,ETFCOM_VALIDATED_CURRENT_MEMBERSHIP
GNOM,BNTX,BNTX,3.99,BioNTech SE Sponsored ADR,2024-11-20T00:00:00.000Z,28033.0,2863290.62,https://api-prod.etf.com/private/fund/GNOM/holdings?type=securities&formatValues=true,ETFCOM,ETFCOM_VALIDATED_CURRENT_MEMBERSHIP
GNOM,LEGN,LEGN,3.96,Legend Biotech Corp. Sponsored ADR,2024-11-20T00:00:00.000Z,70786.0,2841350.04,https://api-prod.etf.com/private/fund/GNOM/holdings?type=securities&formatValues=true,ETFCOM,ETFCOM_VALIDATED_CURRENT_MEMBERSHIP
GNOM,BMRN,BMRN,3.88,BioMarin Pharmaceutical Inc.,2024-11-20T00:00:00.000Z,44456.0,2781167.36,https://api-prod.etf.com/private/fund/GNOM/holdings?type=securities&formatValues=true,ETFCOM,ETFCOM_VALIDATED_CURRENT_MEMBERSHIP
GNOM,SRPT,SRPT,3.7,"Sarepta Therapeutics, Inc.",2024-11-20T00:00:00.000Z,23953.0,2655429.58,https://api-prod.etf.com/private/fund/GNOM/holdings?type=securities&formatValues=true,ETFCOM,ETFCOM_VALIDATED_CURRENT_MEMBERSHIP
GNOM,RARE,RARE,3.68,"Ultragenyx Pharmaceutical, Inc.",2024-11-20T00:00:00.000Z,56885.0,2639464.0,https://api-prod.etf.com/private/fund/GNOM/holdings?type=securities&formatValues=true,ETFCOM,ETFCOM_VALIDATED_CURRENT_MEMBERSHIP
GNOM,ALNY,ALNY,3.66,"Alnylam Pharmaceuticals, Inc",2024-11-20T00:00:00.000Z,10551.0,2624983.29,https://api-prod.etf.com/private/fund/GNOM/holdings?type=securities&formatValues=true,ETFCOM,ETFCOM_VALIDATED_CURRENT_MEMBERSHIP
GNOM,BEAM,BEAM,3.6,"Beam Therapeutics, Inc.",2024-11-20T00:00:00.000Z,105555.0,2585041.95,https://api-prod.etf.com/private/fund/GNOM/holdings?type=securities&formatValues=true,ETFCOM,ETFCOM_VALIDATED_CURRENT_MEMBERSHIP
GNOM,MRNA,MRNA,3.0,"Moderna, Inc.",2024-11-20T00:00:00.000Z,58270.0,2152493.8,https://api-prod.etf.com/private/fund/GNOM/holdings?type=securities&formatValues=true,ETFCOM,ETFCOM_VALIDATED_CURRENT_MEMBERSHIP
GNOM,MYGN,MYGN,2.74,"Myriad Genetics, Inc.",2024-11-20T00:00:00.000Z,128713.0,1969308.9,https://api-prod.etf.com/private/fund/GNOM/holdings?type=securities&formatValues=true,ETFCOM,ETFCOM_VALIDATED_CURRENT_MEMBERSHIP
GNOM,TXG,TXG,2.72,10x Genomics Inc Class A,2024-11-20T00:00:00.000Z,146738.0,1954550.16,https://api-prod.etf.com/private/fund/GNOM/holdings?type=securities&formatValues=true,ETFCOM,ETFCOM_VALIDATED_CURRENT_MEMBERSHIP
GNOM,NTLA,NTLA,2.69,"Intellia Therapeutics, Inc.",2024-11-20T00:00:00.000Z,146991.0,1928521.92,https://api-prod.etf.com/private/fund/GNOM/holdings?type=securities&formatValues=true,ETFCOM,ETFCOM_VALIDATED_CURRENT_MEMBERSHIP
GNOM,CDNA,CDNA,2.27,"CareDx, Inc.",2024-11-20T00:00:00.000Z,72698.0,1626254.26,https://api-prod.etf.com/private/fund/GNOM/holdings?type=securities&formatValues=true,ETFCOM,ETFCOM_VALIDATED_CURRENT_MEMBERSHIP
GNOM,RCKT,RCKT,2.24,"Rocket Pharmaceuticals, Inc.",2024-11-20T00:00:00.000Z,123474.0,1610100.96,https://api-prod.etf.com/private/fund/GNOM/holdings?type=securities&formatValues=true,ETFCOM,ETFCOM_VALIDATED_CURRENT_MEMBERSHIP
GNOM,GILD,GILD,2.2,"Gilead Sciences, Inc.",2024-11-20T00:00:00.000Z,17832.0,1580450.16,https://api-prod.etf.com/private/fund/GNOM/holdings?type=securities&formatValues=true,ETFCOM,ETFCOM_VALIDATED_CURRENT_MEMBERSHIP
GNOM,VRTX,VRTX,2.08,Vertex Pharmaceuticals Incorporated,2024-11-20T00:00:00.000Z,3309.0,1493120.07,https://api-prod.etf.com/private/fund/GNOM/holdings?type=securities&formatValues=true,ETFCOM,ETFCOM_VALIDATED_CURRENT_MEMBERSHIP
GNOM,VIR,VIR,1.22,"Vir Biotechnology, Inc.",2024-11-20T00:00:00.000Z,129875.0,875357.5,https://api-prod.etf.com/private/fund/GNOM/holdings?type=securities&formatValues=true,ETFCOM,ETFCOM_VALIDATED_CURRENT_MEMBERSHIP
GNOM,MRVI,MRVI,1.15,"Maravai Lifesciences Holdings, Inc. Class A",2024-11-20T00:00:00.000Z,171403.0,826162.4599999998,https://api-prod.etf.com/private/fund/GNOM/holdings?type=securities&formatValues=true,ETFCOM,ETFCOM_VALIDATED_CURRENT_MEMBERSHIP
GNOM,PACB,PACB,0.91,"Pacific Biosciences of California, Inc.",2024-11-20T00:00:00.000Z,377973.0,650113.56,https://api-prod.etf.com/private/fund/GNOM/holdings?type=securities&formatValues=true,ETFCOM,ETFCOM_VALIDATED_CURRENT_MEMBERSHIP
GNOM,RGNX,RGNX,0.87,"REGENXBIO, Inc.",2024-11-20T00:00:00.000Z,64818.0,624197.34,https://api-prod.etf.com/private/fund/GNOM/holdings?type=securities&formatValues=true,ETFCOM,ETFCOM_VALIDATED_CURRENT_MEMBERSHIP
GNOM,SGMO,SGMO,0.79,"Sangamo Therapeutics, Inc.",2024-11-20T00:00:00.000Z,289646.0,564809.7,https://api-prod.etf.com/private/fund/GNOM/holdings?type=securities&formatValues=true,ETFCOM,ETFCOM_VALIDATED_CURRENT_MEMBERSHIP
GNOM,FLGT,FLGT,0.69,"Fulgent Genetics, Inc.",2024-11-20T00:00:00.000Z,28728.0,496419.84,https://api-prod.etf.com/private/fund/GNOM/holdings?type=securities&formatValues=true,ETFCOM,ETFCOM_VALIDATED_CURRENT_MEMBERSHIP
GNOM,SANA,SANA,0.62,"Sana Biotechnology, Inc.",2024-11-20T00:00:00.000Z,177163.0,448222.39,https://api-prod.etf.com/private/fund/GNOM/holdings?type=securities&formatValues=true,ETFCOM,ETFCOM_VALIDATED_CURRENT_MEMBERSHIP
GNOM,VERV,VERV,0.58,"Verve Therapeutics, Inc.",2024-11-20T00:00:00.000Z,90897.0,413581.35,https://api-prod.etf.com/private/fund/GNOM/holdings?type=securities&formatValues=true,ETFCOM,ETFCOM_VALIDATED_CURRENT_MEMBERSHIP
GNOM,ALLO,ALLO,0.57,"Allogene Therapeutics, Inc.",2024-11-20T00:00:00.000Z,200937.0,411920.85,https://api-prod.etf.com/private/fund/GNOM/holdings?type=securities&formatValues=true,ETFCOM,ETFCOM_VALIDATED_CURRENT_MEMBERSHIP
GNOM,QURE,QURE,0.52,uniQure N.V.,2024-11-20T00:00:00.000Z,65452.0,373076.4,https://api-prod.etf.com/private/fund/GNOM/holdings?type=securities&formatValues=true,ETFCOM,ETFCOM_VALIDATED_CURRENT_MEMBERSHIP
GNOM,EDIT,EDIT,0.4,"Editas Medicine, Inc.",2024-11-20T00:00:00.000Z,118628.0,285893.48,https://api-prod.etf.com/private/fund/GNOM/holdings?type=securities&formatValues=true,ETFCOM,ETFCOM_VALIDATED_CURRENT_MEMBERSHIP
GNOM,PSTX,PSTX,0.36,"Poseida Therapeutics, Inc.",2024-11-20T00:00:00.000Z,94278.0,256436.16,https://api-prod.etf.com/private/fund/GNOM/holdings?type=securities&formatValues=true,ETFCOM,ETFCOM_VALIDATED_CURRENT_MEMBERSHIP
GNOM,CRBU,CRBU,0.33,"Caribou Biosciences, Inc.",2024-11-20T00:00:00.000Z,119714.0,234639.44,https://api-prod.etf.com/private/fund/GNOM/holdings?type=securities&formatValues=true,ETFCOM,ETFCOM_VALIDATED_CURRENT_MEMBERSHIP
GNOM,TSVT,TSVT,0.3,"2seventy Bio, Inc.",2024-11-20T00:00:00.000Z,69956.0,217563.16,https://api-prod.etf.com/private/fund/GNOM/holdings?type=securities&formatValues=true,ETFCOM,ETFCOM_VALIDATED_CURRENT_MEMBERSHIP
GNOM,LYEL,LYEL,0.29,"Lyell Immunopharma, Inc.",2024-11-20T00:00:00.000Z,199421.0,205403.63,https://api-prod.etf.com/private/fund/GNOM/holdings?type=securities&formatValues=true,ETFCOM,ETFCOM_VALIDATED_CURRENT_MEMBERSHIP
PHO,FERG,FERG,7.99,Ferguson Enterprises Inc.,2024-11-21T00:00:00.000Z,883407.0,182379375.15,https://api-prod.etf.com/private/fund/PHO/holdings?type=securities&formatValues=true,ETFCOM,ETFCOM_VALIDATED_CURRENT_MEMBERSHIP
PHO,ROP,ROP,7.96,"Roper Technologies, Inc.",2024-11-21T00:00:00.000Z,327771.0,181670354.46,https://api-prod.etf.com/private/fund/PHO/holdings?type=securities&formatValues=true,ETFCOM,ETFCOM_VALIDATED_CURRENT_MEMBERSHIP
PHO,ECL,ECL,7.65,Ecolab Inc.,2024-11-21T00:00:00.000Z,717615.0,174681843.3,https://api-prod.etf.com/private/fund/PHO/holdings?type=securities&formatValues=true,ETFCOM,ETFCOM_VALIDATED_CURRENT_MEMBERSHIP
PHO,XYL,XYL,6.25,Xylem Inc.,2024-11-21T00:00:00.000Z,1138135.0,142676603.6,https://api-prod.etf.com/private/fund/PHO/holdings?type=securities&formatValues=true,ETFCOM,ETFCOM_VALIDATED_CURRENT_MEMBERSHIP
PHO,VLTO,VLTO,6.12,Veralto Corporation,2024-11-21T00:00:00.000Z,1317411.0,139658740.11,https://api-prod.etf.com/private/fund/PHO/holdings?type=securities&formatValues=true,ETFCOM,ETFCOM_VALIDATED_CURRENT_MEMBERSHIP
PHO,PNR,PNR,4.76,Pentair plc,2024-11-21T00:00:00.000Z,1024346.0,108631893.3,https://api-prod.etf.com/private/fund/PHO/holdings?type=securities&formatValues=true,ETFCOM,ETFCOM_VALIDATED_CURRENT_MEMBERSHIP
PHO,ACM,ACM,4.47,AECOM,2024-11-21T00:00:00.000Z,907262.0,102121410.72,https://api-prod.etf.com/private/fund/PHO/holdings?type=securities&formatValues=true,ETFCOM,ETFCOM_VALIDATED_CURRENT_MEMBERSHIP
PHO,IEX,IEX,4.38,IDEX Corporation,2024-11-21T00:00:00.000Z,439997.0,100077317.65,https://api-prod.etf.com/private/fund/PHO/holdings?type=securities&formatValues=true,ETFCOM,ETFCOM_VALIDATED_CURRENT_MEMBERSHIP
PHO,WAT,WAT,4.23,Waters Corporation,2024-11-21T00:00:00.000Z,262345.0,96674132.5,https://api-prod.etf.com/private/fund/PHO/holdings?type=securities&formatValues=true,ETFCOM,ETFCOM_VALIDATED_CURRENT_MEMBERSHIP
PHO,ITRI,ITRI,4.0,"Itron, Inc.",2024-11-21T00:00:00.000Z,784272.0,91265732.64,https://api-prod.etf.com/private/fund/PHO/holdings?type=securities&formatValues=true,ETFCOM,ETFCOM_VALIDATED_CURRENT_MEMBERSHIP
PHO,AWK,AWK,3.86,"American Water Works Company, Inc.",2024-11-21T00:00:00.000Z,634662.0,88084738.98,https://api-prod.etf.com/private/fund/PHO/holdings?type=securities&formatValues=true,ETFCOM,ETFCOM_VALIDATED_CURRENT_MEMBERSHIP
PHO,CNM,CNM,3.69,"Core & Main, Inc. Class A",2024-11-21T00:00:00.000Z,1892063.0,84329247.90999998,https://api-prod.etf.com/private/fund/PHO/holdings?type=securities&formatValues=true,ETFCOM,ETFCOM_VALIDATED_CURRENT_MEMBERSHIP
PHO,TTC,TTC,3.6,Toro Company,2024-11-21T00:00:00.000Z,981369.0,82248535.89,https://api-prod.etf.com/private/fund/PHO/holdings?type=securities&formatValues=true,ETFCOM,ETFCOM_VALIDATED_CURRENT_MEMBERSHIP
PHO,AOS,AOS,3.47,A. O. Smith Corporation,2024-11-21T00:00:00.000Z,1085375.0,79199813.75,https://api-prod.etf.com/private/fund/PHO/holdings?type=securities&formatValues=true,ETFCOM,ETFCOM_VALIDATED_CURRENT_MEMBERSHIP
PHO,WMS,WMS,3.26,"Advanced Drainage Systems, Inc.",2024-11-21T00:00:00.000Z,579737.0,74444028.17,https://api-prod.etf.com/private/fund/PHO/holdings?type=securities&formatValues=true,ETFCOM,ETFCOM_VALIDATED_CURRENT_MEMBERSHIP
PHO,MLI,MLI,2.96,"Mueller Industries, Inc.",2024-11-21T00:00:00.000Z,735836.0,67476161.2,https://api-prod.etf.com/private/fund/PHO/holdings?type=securities&formatValues=true,ETFCOM,ETFCOM_VALIDATED_CURRENT_MEMBERSHIP
PHO,TTEK,TTEK,2.72,"Tetra Tech, Inc.",2024-11-21T00:00:00.000Z,1521799.0,62074181.21,https://api-prod.etf.com/private/fund/PHO/holdings?type=securities&formatValues=true,ETFCOM,ETFCOM_VALIDATED_CURRENT_MEMBERSHIP
PHO,VMI,VMI,2.63,"Valmont Industries, Inc.",2024-11-21T00:00:00.000Z,177289.0,60054875.86,https://api-prod.etf.com/private/fund/PHO/holdings?type=securities&formatValues=true,ETFCOM,ETFCOM_VALIDATED_CURRENT_MEMBERSHIP
PHO,WTRG,WTRG,2.61,"Essential Utilities, Inc.",2024-11-21T00:00:00.000Z,1516067.0,59672397.12,https://api-prod.etf.com/private/fund/PHO/holdings?type=securities&formatValues=true,ETFCOM,ETFCOM_VALIDATED_CURRENT_MEMBERSHIP
PHO,WTS,WTS,1.82,"Watts Water Technologies, Inc. Class A",2024-11-21T00:00:00.000Z,197617.0,41657663.6,https://api-prod.etf.com/private/fund/PHO/holdings?type=securities&formatValues=true,ETFCOM,ETFCOM_VALIDATED_CURRENT_MEMBERSHIP
PHO,ZWS,ZWS,1.7,Zurn Elkay Water Solutions Corporation,2024-11-21T00:00:00.000Z,987015.0,38839040.25,https://api-prod.etf.com/private/fund/PHO/holdings?type=securities&formatValues=true,ETFCOM,ETFCOM_VALIDATED_CURRENT_MEMBERSHIP
PHO,BMI,BMI,1.67,"Badger Meter, Inc.",2024-11-21T00:00:00.000Z,174037.0,38154131.51,https://api-prod.etf.com/private/fund/PHO/holdings?type=securities&formatValues=true,ETFCOM,ETFCOM_VALIDATED_CURRENT_MEMBERSHIP
PHO,MWA,MWA,1.44,"Mueller Water Products, Inc. Class A",2024-11-21T00:00:00.000Z,1314521.0,32823589.37,https://api-prod.etf.com/private/fund/PHO/holdings?type=securities&formatValues=true,ETFCOM,ETFCOM_VALIDATED_CURRENT_MEMBERSHIP
PHO,SBS,SBS,1.13,Companhia de Saneamento Basico do Estado de Sao Paulo SABESP Sponsored ADR,2024-11-21T00:00:00.000Z,1543648.0,25717175.68,https://api-prod.etf.com/private/fund/PHO/holdings?type=securities&formatValues=true,ETFCOM,ETFCOM_VALIDATED_CURRENT_MEMBERSHIP
PHO,AWR,AWR,0.85,American States Water Company,2024-11-21T00:00:00.000Z,231916.0,19492539.8,https://api-prod.etf.com/private/fund/PHO/holdings?type=securities&formatValues=true,ETFCOM,ETFCOM_VALIDATED_CURRENT_MEMBERSHIP
PHO,FELE,FELE,0.85,"Franklin Electric Co., Inc.",2024-11-21T00:00:00.000Z,181236.0,19327007.04,https://api-prod.etf.com/private/fund/PHO/holdings?type=securities&formatValues=true,ETFCOM,ETFCOM_VALIDATED_CURRENT_MEMBERSHIP
PHO,CWT,CWT,0.73,California Water Service Group,2024-11-21T00:00:00.000Z,325142.0,16702544.54,https://api-prod.etf.com/private/fund/PHO/holdings?type=securities&formatValues=true,ETFCOM,ETFCOM_VALIDATED_CURRENT_MEMBERSHIP
PHO,LNN,LNN,0.7,Lindsay Corporation,2024-11-21T00:00:00.000Z,122561.0,16021173.92,https://api-prod.etf.com/private/fund/PHO/holdings?type=securities&formatValues=true,ETFCOM,ETFCOM_VALIDATED_CURRENT_MEMBERSHIP
PHO,SJW,SJW,0.54,SJW Group,2024-11-21T00:00:00.000Z,221811.0,12277238.85,https://api-prod.etf.com/private/fund/PHO/holdings?type=securities&formatValues=true,ETFCOM,ETFCOM_VALIDATED_CURRENT_MEMBERSHIP
PHO,MSEX,MSEX,0.41,Middlesex Water Company,2024-11-21T00:00:00.000Z,142817.0,9404499.45,https://api-prod.etf.com/private/fund/PHO/holdings?type=securities&formatValues=true,ETFCOM,ETFCOM_VALIDATED_CURRENT_MEMBERSHIP
PHO,ERII,ERII,0.3,"Energy Recovery, Inc.",2024-11-21T00:00:00.000Z,433361.0,6773432.43,https://api-prod.etf.com/private/fund/PHO/holdings?type=securities&formatValues=true,ETFCOM,ETFCOM_VALIDATED_CURRENT_MEMBERSHIP
PHO,GRC,GRC,0.23,Gorman-Rupp Company,2024-11-21T00:00:00.000Z,125365.0,5264076.35,https://api-prod.etf.com/private/fund/PHO/holdings?type=securities&formatValues=true,ETFCOM,ETFCOM_VALIDATED_CURRENT_MEMBERSHIP
PHO,ARTNA,ARTNA,0.15,Artesian Resources Corporation Class A,2024-11-21T00:00:00.000Z,99595.0,3378262.4,https://api-prod.etf.com/private/fund/PHO/holdings?type=securities&formatValues=true,ETFCOM,ETFCOM_VALIDATED_CURRENT_MEMBERSHIP
PHO,CWCO,CWCO,0.13,Consolidated Water Co. Ltd.,2024-11-21T00:00:00.000Z,115940.0,3048062.6,https://api-prod.etf.com/private/fund/PHO/holdings?type=securities&formatValues=true,ETFCOM,ETFCOM_VALIDATED_CURRENT_MEMBERSHIP
PHO,YORW,YORW,0.1,York Water Company,2024-11-21T00:00:00.000Z,66706.0,2366061.82,https://api-prod.etf.com/private/fund/PHO/holdings?type=securities&formatValues=true,ETFCOM,ETFCOM_VALIDATED_CURRENT_MEMBERSHIP
PHO,NWPX,NWPX,0.09,Northwest Pipe Company,2024-11-21T00:00:00.000Z,38105.0,2103777.05,https://api-prod.etf.com/private/fund/PHO/holdings?type=securities&formatValues=true,ETFCOM,ETFCOM_VALIDATED_CURRENT_MEMBERSHIP
PHO,AGPXX,AGPXX,0.03,Short Term Investments Trust Government & Agency Portfolio Institutional,2024-11-21T00:00:00.000Z,571156.71,571156.71,https://api-prod.etf.com/private/fund/PHO/holdings?type=securities&formatValues=true,ETFCOM,ETFCOM_VALIDATED_CURRENT_MEMBERSHIP
PHO,GWRS,GWRS,0.02,"Global Water Resources, Inc.",2024-11-21T00:00:00.000Z,27296.0,357304.64,https://api-prod.etf.com/private/fund/PHO/holdings?type=securities&formatValues=true,ETFCOM,ETFCOM_VALIDATED_CURRENT_MEMBERSHIP
KBE,APO,APO,1.45,Apollo Global Management Inc,2024-11-21T00:00:00.000Z,216866.0,35787227.32,https://api-prod.etf.com/private/fund/KBE/holdings?type=securities&formatValues=true,ETFCOM,ETFCOM_VALIDATED_CURRENT_MEMBERSHIP
KBE,WFC,WFC,1.42,Wells Fargo & Company,2024-11-21T00:00:00.000Z,470013.0,35171072.79,https://api-prod.etf.com/private/fund/KBE/holdings?type=securities&formatValues=true,ETFCOM,ETFCOM_VALIDATED_CURRENT_MEMBERSHIP
KBE,WBS,WBS,1.36,Webster Financial Corporation,2024-11-21T00:00:00.000Z,555097.0,33577817.53,https://api-prod.etf.com/private/fund/KBE/holdings?type=securities&formatValues=true,ETFCOM,ETFCOM_VALIDATED_CURRENT_MEMBERSHIP
KBE,EWBC,EWBC,1.35,"East West Bancorp, Inc.",2024-11-21T00:00:00.000Z,312041.0,33335340.03,https://api-prod.etf.com/private/fund/KBE/holdings?type=securities&formatValues=true,ETFCOM,ETFCOM_VALIDATED_CURRENT_MEMBERSHIP
KBE,AX,AX,1.31,"Axos Financial, Inc.",2024-11-21T00:00:00.000Z,392520.0,32233742.4,https://api-prod.etf.com/private/fund/KBE/holdings?type=securities&formatValues=true,ETFCOM,ETFCOM_VALIDATED_CURRENT_MEMBERSHIP
KBE,PNFP,PNFP,1.3,"Pinnacle Financial Partners, Inc.",2024-11-21T00:00:00.000Z,261377.0,32008227.42,https://api-prod.etf.com/private/fund/KBE/holdings?type=securities&formatValues=true,ETFCOM,ETFCOM_VALIDATED_CURRENT_MEMBERSHIP
KBE,GBCI,GBCI,1.29,"Glacier Bancorp, Inc.",2024-11-21T00:00:00.000Z,559352.0,31933405.68,https://api-prod.etf.com/private/fund/KBE/holdings?type=securities&formatValues=true,ETFCOM,ETFCOM_VALIDATED_CURRENT_MEMBERSHIP
KBE,MTB,MTB,1.29,M&T Bank Corporation,2024-11-21T00:00:00.000Z,146892.0,31819745.04,https://api-prod.etf.com/private/fund/KBE/holdings?type=securities&formatValues=true,ETFCOM,ETFCOM_VALIDATED_CURRENT_MEMBERSHIP
KBE,FHN,FHN,1.28,First Horizon Corporation,2024-11-21T00:00:00.000Z,1569098.0,31648706.66,https://api-prod.etf.com/private/fund/KBE/holdings?type=securities&formatValues=true,ETFCOM,ETFCOM_VALIDATED_CURRENT_MEMBERSHIP
KBE,CFR,CFR,1.28,"Cullen/Frost Bankers, Inc.",2024-11-21T00:00:00.000Z,226737.0,31636613.61,https://api-prod.etf.com/private/fund/KBE/holdings?type=securities&formatValues=true,ETFCOM,ETFCOM_VALIDATED_CURRENT_MEMBERSHIP
KBE,ZION,ZION,1.28,"Zions Bancorporation, N.A.",2024-11-21T00:00:00.000Z,533612.0,31557813.68,https://api-prod.etf.com/private/fund/KBE/holdings?type=securities&formatValues=true,ETFCOM,ETFCOM_VALIDATED_CURRENT_MEMBERSHIP
KBE,WTFC,WTFC,1.28,Wintrust Financial Corporation,2024-11-21T00:00:00.000Z,236080.0,31547370.4,https://api-prod.etf.com/private/fund/KBE/holdings?type=securities&formatValues=true,ETFCOM,ETFCOM_VALIDATED_CURRENT_MEMBERSHIP
KBE,FCNCA,FCNCA,1.28,"First Citizens BancShares, Inc. Class A",2024-11-21T00:00:00.000Z,13557.0,31509586.11,https://api-prod.etf.com/private/fund/KBE/holdings?type=securities&formatValues=true,ETFCOM,ETFCOM_VALIDATED_CURRENT_MEMBERSHIP
KBE,COLB,COLB,1.26,"Columbia Banking System, Inc.",2024-11-21T00:00:00.000Z,1017943.0,31220311.81,https://api-prod.etf.com/private/fund/KBE/holdings?type=securities&formatValues=true,ETFCOM,ETFCOM_VALIDATED_CURRENT_MEMBERSHIP
KBE,ASB,ASB,1.26,Associated Banc-Corp,2024-11-21T00:00:00.000Z,1166303.0,31151953.13,https://api-prod.etf.com/private/fund/KBE/holdings?type=securities&formatValues=true,ETFCOM,ETFCOM_VALIDATED_CURRENT_MEMBERSHIP
KBE,SNV,SNV,1.26,Synovus Financial Corp.,2024-11-21T00:00:00.000Z,555967.0,31145271.34,https://api-prod.etf.com/private/fund/KBE/holdings?type=securities&formatValues=true,ETFCOM,ETFCOM_VALIDATED_CURRENT_MEMBERSHIP
KBE,NTRS,NTRS,1.24,Northern Trust Corporation,2024-11-21T00:00:00.000Z,281134.0,30626737.96,https://api-prod.etf.com/private/fund/KBE/holdings?type=securities&formatValues=true,ETFCOM,ETFCOM_VALIDATED_CURRENT_MEMBERSHIP
KBE,HBAN,HBAN,1.23,Huntington Bancshares Incorporated,2024-11-21T00:00:00.000Z,1725122.0,30396649.64,https://api-prod.etf.com/private/fund/KBE/holdings?type=securities&formatValues=true,ETFCOM,ETFCOM_VALIDATED_CURRENT_MEMBERSHIP
KBE,RF,RF,1.22,Regions Financial Corporation,2024-11-21T00:00:00.000Z,1129154.0,30193577.96,https://api-prod.etf.com/private/fund/KBE/holdings?type=securities&formatValues=true,ETFCOM,ETFCOM_VALIDATED_CURRENT_MEMBERSHIP
KBE,TCBI,TCBI,1.22,"Texas Capital Bancshares, Inc.",2024-11-21T00:00:00.000Z,353733.0,30095603.64,https://api-prod.etf.com/private/fund/KBE/holdings?type=securities&formatValues=true,ETFCOM,ETFCOM_VALIDATED_CURRENT_MEMBERSHIP
KBE,BOH,BOH,1.21,Bank of Hawaii Corp,2024-11-21T00:00:00.000Z,384788.0,29994224.6,https://api-prod.etf.com/private/fund/KBE/holdings?type=securities&formatValues=true,ETFCOM,ETFCOM_VALIDATED_CURRENT_MEMBERSHIP
KBE,VLY,VLY,1.21,Valley National Bancorp,2024-11-21T00:00:00.000Z,2911661.0,29844525.25,https://api-prod.etf.com/private/fund/KBE/holdings?type=securities&formatValues=true,ETFCOM,ETFCOM_VALIDATED_CURRENT_MEMBERSHIP
KBE,BAC,BAC,1.21,Bank of America Corp,2024-11-21T00:00:00.000Z,641855.0,29820583.3,https://api-prod.etf.com/private/fund/KBE/holdings?type=securities&formatValues=true,ETFCOM,ETFCOM_VALIDATED_CURRENT_MEMBERSHIP
KBE,CMA,CMA,1.2,Comerica Incorporated,2024-11-21T00:00:00.000Z,431506.0,29730763.4,https://api-prod.etf.com/private/fund/KBE/holdings?type=securities&formatValues=true,ETFCOM,ETFCOM_VALIDATED_CURRENT_MEMBERSHIP
KBE,JPM,JPM,1.2,JPMorgan Chase & Co.,2024-11-21T00:00:00.000Z,121414.0,29717290.64,https://api-prod.etf.com/private/fund/KBE/holdings?type=securities&formatValues=true,ETFCOM,ETFCOM_VALIDATED_CURRENT_MEMBERSHIP
KBE,CADE,CADE,1.2,Cadence Bank,2024-11-21T00:00:00.000Z,782571.0,29714220.87,https://api-prod.etf.com/private/fund/KBE/holdings?type=securities&formatValues=true,ETFCOM,ETFCOM_VALIDATED_CURRENT_MEMBERSHIP
KBE,C,C,1.2,Citigroup Inc.,2024-11-21T00:00:00.000Z,430159.0,29659463.05,https://api-prod.etf.com/private/fund/KBE/holdings?type=securities&formatValues=true,ETFCOM,ETFCOM_VALIDATED_CURRENT_MEMBERSHIP
KBE,FNB,FNB,1.2,F.N.B. Corporation,2024-11-21T00:00:00.000Z,1769427.0,29655596.52,https://api-prod.etf.com/private/fund/KBE/holdings?type=securities&formatValues=true,ETFCOM,ETFCOM_VALIDATED_CURRENT_MEMBERSHIP
KBE,KEY,KEY,1.2,KeyCorp,2024-11-21T00:00:00.000Z,1541789.0,29633184.58,https://api-prod.etf.com/private/fund/KBE/holdings?type=securities&formatValues=true,ETFCOM,ETFCOM_VALIDATED_CURRENT_MEMBERSHIP
KBE,FULT,FULT,1.2,Fulton Financial Corporation,2024-11-21T00:00:00.000Z,1391333.0,29551912.92,https://api-prod.etf.com/private/fund/KBE/holdings?type=securities&formatValues=true,ETFCOM,ETFCOM_VALIDATED_CURRENT_MEMBERSHIP
KBE,JXN,JXN,1.19,Jackson Financial Incorporation Class A,2024-11-21T00:00:00.000Z,296737.0,29344321.93,https://api-prod.etf.com/private/fund/KBE/holdings?type=securities&formatValues=true,ETFCOM,ETFCOM_VALIDATED_CURRENT_MEMBERSHIP
KBE,UMBF,UMBF,1.18,UMB Financial Corporation,2024-11-21T00:00:00.000Z,235990.0,29057448.7,https://api-prod.etf.com/private/fund/KBE/holdings?type=securities&formatValues=true,ETFCOM,ETFCOM_VALIDATED_CURRENT_MEMBERSHIP
KBE,CFG,CFG,1.17,"Citizens Financial Group, Inc.",2024-11-21T00:00:00.000Z,618797.0,28941135.69,https://api-prod.etf.com/private/fund/KBE/holdings?type=securities&formatValues=true,ETFCOM,ETFCOM_VALIDATED_CURRENT_MEMBERSHIP
KBE,EQH,EQH,1.17,"Equitable Holdings, Inc.",2024-11-21T00:00:00.000Z,618327.0,28937703.6,https://api-prod.etf.com/private/fund/KBE/holdings?type=securities&formatValues=true,ETFCOM,ETFCOM_VALIDATED_CURRENT_MEMBERSHIP
KBE,OZK,OZK,1.17,Bank OZK,2024-11-21T00:00:00.000Z,596770.0,28853829.5,https://api-prod.etf.com/private/fund/KBE/holdings?type=securities&formatValues=true,ETFCOM,ETFCOM_VALIDATED_CURRENT_MEMBERSHIP
KBE,HWC,HWC,1.17,Hancock Whitney Corporation,2024-11-21T00:00:00.000Z,498138.0,28842190.2,https://api-prod.etf.com/private/fund/KBE/holdings?type=securities&formatValues=true,ETFCOM,ETFCOM_VALIDATED_CURRENT_MEMBERSHIP
KBE,PNC,PNC,1.17,"PNC Financial Services Group, Inc.",2024-11-21T00:00:00.000Z,139964.0,28797593.0,https://api-prod.etf.com/private/fund/KBE/holdings?type=securities&formatValues=true,ETFCOM,ETFCOM_VALIDATED_CURRENT_MEMBERSHIP
KBE,BKU,BKU,1.17,"BankUnited, Inc.",2024-11-21T00:00:00.000Z,688528.0,28780470.4,https://api-prod.etf.com/private/fund/KBE/holdings?type=securities&formatValues=true,ETFCOM,ETFCOM_VALIDATED_CURRENT_MEMBERSHIP
KBE,CBSH,CBSH,1.16,"Commerce Bancshares, Inc.",2024-11-21T00:00:00.000Z,400247.0,28741737.07,https://api-prod.etf.com/private/fund/KBE/holdings?type=securities&formatValues=true,ETFCOM,ETFCOM_VALIDATED_CURRENT_MEMBERSHIP
KBE,USB,USB,1.16,U.S. Bancorp,2024-11-21T00:00:00.000Z,555967.0,28571144.13,https://api-prod.etf.com/private/fund/KBE/holdings?type=securities&formatValues=true,ETFCOM,ETFCOM_VALIDATED_CURRENT_MEMBERSHIP
KBE,BK,BK,1.15,Bank of New York Mellon Corp,2024-11-21T00:00:00.000Z,361096.0,28483252.48,https://api-prod.etf.com/private/fund/KBE/holdings?type=securities&formatValues=true,ETFCOM,ETFCOM_VALIDATED_CURRENT_MEMBERSHIP
KBE,CRBG,CRBG,1.15,"Corebridge Financial, Inc.",2024-11-21T00:00:00.000Z,905044.0,28481734.68,https://api-prod.etf.com/private/fund/KBE/holdings?type=securities&formatValues=true,ETFCOM,ETFCOM_VALIDATED_CURRENT_MEMBERSHIP
KBE,BANC,BANC,1.15,"Banc of California, Inc.",2024-11-21T00:00:00.000Z,1733569.0,28361188.84,https://api-prod.etf.com/private/fund/KBE/holdings?type=securities&formatValues=true,ETFCOM,ETFCOM_VALIDATED_CURRENT_MEMBERSHIP
KBE,ABCB,ABCB,1.15,Ameris Bancorp,2024-11-21T00:00:00.000Z,406476.0,28347636.24,https://api-prod.etf.com/private/fund/KBE/holdings?type=securities&formatValues=true,ETFCOM,ETFCOM_VALIDATED_CURRENT_MEMBERSHIP
KBE,HOMB,HOMB,1.15,"Home BancShares, Inc.",2024-11-21T00:00:00.000Z,921187.0,28326500.25,https://api-prod.etf.com/private/fund/KBE/holdings?type=securities&formatValues=true,ETFCOM,ETFCOM_VALIDATED_CURRENT_MEMBERSHIP
KBE,PB,PB,1.14,"Prosperity Bancshares, Inc.(R)",2024-11-21T00:00:00.000Z,342075.0,28166455.5,https://api-prod.etf.com/private/fund/KBE/holdings?type=securities&formatValues=true,ETFCOM,ETFCOM_VALIDATED_CURRENT_MEMBERSHIP
KBE,TBBK,TBBK,1.13,Bancorp Inc,2024-11-21T00:00:00.000Z,501258.0,28020322.2,https://api-prod.etf.com/private/fund/KBE/holdings?type=securities&formatValues=true,ETFCOM,ETFCOM_VALIDATED_CURRENT_MEMBERSHIP
KBE,ONB,ONB,1.13,Old National Bancorp,2024-11-21T00:00:00.000Z,1322356.0,27981052.96,https://api-prod.etf.com/private/fund/KBE/holdings?type=securities&formatValues=true,ETFCOM,ETFCOM_VALIDATED_CURRENT_MEMBERSHIP
KBE,FFIN,FFIN,1.13,First Financial Bankshares Inc,2024-11-21T00:00:00.000Z,674661.0,27951205.23,https://api-prod.etf.com/private/fund/KBE/holdings?type=securities&formatValues=true,ETFCOM,ETFCOM_VALIDATED_CURRENT_MEMBERSHIP
KBE,SSB,SSB,1.13,SouthState Corporation,2024-11-21T00:00:00.000Z,261377.0,27922904.91,https://api-prod.etf.com/private/fund/KBE/holdings?type=securities&formatValues=true,ETFCOM,ETFCOM_VALIDATED_CURRENT_MEMBERSHIP
KBE,UBSI,UBSI,1.13,"United Bankshares, Inc.",2024-11-21T00:00:00.000Z,668659.0,27909826.66,https://api-prod.etf.com/private/fund/KBE/holdings?type=securities&formatValues=true,ETFCOM,ETFCOM_VALIDATED_CURRENT_MEMBERSHIP
KBE,FITB,FITB,1.13,Fifth Third Bancorp,2024-11-21T00:00:00.000Z,589666.0,27785061.92,https://api-prod.etf.com/private/fund/KBE/holdings?type=securities&formatValues=true,ETFCOM,ETFCOM_VALIDATED_CURRENT_MEMBERSHIP
KBE,TFC,TFC,1.12,Truist Financial Corporation,2024-11-21T00:00:00.000Z,592908.0,27754023.48,https://api-prod.etf.com/private/fund/KBE/holdings?type=securities&formatValues=true,ETFCOM,ETFCOM_VALIDATED_CURRENT_MEMBERSHIP
KBE,WAL,WAL,1.12,Western Alliance Bancorp,2024-11-21T00:00:00.000Z,302860.0,27645060.8,https://api-prod.etf.com/private/fund/KBE/holdings?type=securities&formatValues=true,ETFCOM,ETFCOM_VALIDATED_CURRENT_MEMBERSHIP
KBE,FIBK,FIBK,1.1,"First Interstate BancSystem, Inc.",2024-11-21T00:00:00.000Z,805729.0,27257812.07,https://api-prod.etf.com/private/fund/KBE/holdings?type=securities&formatValues=true,ETFCOM,ETFCOM_VALIDATED_CURRENT_MEMBERSHIP
KBE,VOYA,VOYA,1.08,"Voya Financial, Inc.",2024-11-21T00:00:00.000Z,330323.0,26650459.64,https://api-prod.etf.com/private/fund/KBE/holdings?type=securities&formatValues=true,ETFCOM,ETFCOM_VALIDATED_CURRENT_MEMBERSHIP
KBE,COOP,COOP,1.05,"Mr. Cooper Group, Inc.",2024-11-21T00:00:00.000Z,262427.0,25804446.91,https://api-prod.etf.com/private/fund/KBE/holdings?type=securities&formatValues=true,ETFCOM,ETFCOM_VALIDATED_CURRENT_MEMBERSHIP
KBE,FBP,FBP,1.04,First Bancorp,2024-11-21T00:00:00.000Z,1225663.0,25763436.26,https://api-prod.etf.com/private/fund/KBE/holdings?type=securities&formatValues=true,ETFCOM,ETFCOM_VALIDATED_CURRENT_MEMBERSHIP
KBE,CVBF,CVBF,1.04,CVB Financial Corp.,2024-11-21T00:00:00.000Z,1109935.0,25739392.65,https://api-prod.etf.com/private/fund/KBE/holdings?type=securities&formatValues=true,ETFCOM,ETFCOM_VALIDATED_CURRENT_MEMBERSHIP
KBE,EBC,EBC,1.03,"Eastern Bankshares, Inc.",2024-11-21T00:00:00.000Z,1366745.0,25325784.85,https://api-prod.etf.com/private/fund/KBE/holdings?type=securities&formatValues=true,ETFCOM,ETFCOM_VALIDATED_CURRENT_MEMBERSHIP
KBE,FLG,FLG,1.02,"Flagstar Financial, Inc.",2024-11-21T00:00:00.000Z,2340315.0,25228595.7,https://api-prod.etf.com/private/fund/KBE/holdings?type=securities&formatValues=true,ETFCOM,ETFCOM_VALIDATED_CURRENT_MEMBERSHIP
KBE,AUB,AUB,1.02,Atlantic Union Bankshares Corporation,2024-11-21T00:00:00.000Z,598452.0,25069154.28,https://api-prod.etf.com/private/fund/KBE/holdings?type=securities&formatValues=true,ETFCOM,ETFCOM_VALIDATED_CURRENT_MEMBERSHIP
KBE,BPOP,BPOP,1.01,"Popular, Inc.",2024-11-21T00:00:00.000Z,254250.0,24926670.0,https://api-prod.etf.com/private/fund/KBE/holdings?type=securities&formatValues=true,ETFCOM,ETFCOM_VALIDATED_CURRENT_MEMBERSHIP
KBE,MTG,MTG,0.99,MGIC Investment Corporation,2024-11-21T00:00:00.000Z,982473.0,24532350.81,https://api-prod.etf.com/private/fund/KBE/holdings?type=securities&formatValues=true,ETFCOM,ETFCOM_VALIDATED_CURRENT_MEMBERSHIP
KBE,CBU,CBU,0.99,"Community Financial System, Inc.",2024-11-21T00:00:00.000Z,355435.0,24493025.85,https://api-prod.etf.com/private/fund/KBE/holdings?type=securities&formatValues=true,ETFCOM,ETFCOM_VALIDATED_CURRENT_MEMBERSHIP
KBE,WD,WD,0.99,"Walker & Dunlop, Inc.",2024-11-21T00:00:00.000Z,228512.0,24407366.72,https://api-prod.etf.com/private/fund/KBE/holdings?type=securities&formatValues=true,ETFCOM,ETFCOM_VALIDATED_CURRENT_MEMBERSHIP
KBE,PFS,PFS,0.98,"Provident Financial Services, Inc.",2024-11-21T00:00:00.000Z,1163802.0,24265271.7,https://api-prod.etf.com/private/fund/KBE/holdings?type=securities&formatValues=true,ETFCOM,ETFCOM_VALIDATED_CURRENT_MEMBERSHIP
KBE,INDB,INDB,0.97,Independent Bank Corp.,2024-11-21T00:00:00.000Z,333454.0,24055371.56,https://api-prod.etf.com/private/fund/KBE/holdings?type=securities&formatValues=true,ETFCOM,ETFCOM_VALIDATED_CURRENT_MEMBERSHIP
KBE,RDN,RDN,0.97,Radian Group Inc.,2024-11-21T00:00:00.000Z,706156.0,24023427.12,https://api-prod.etf.com/private/fund/KBE/holdings?type=securities&formatValues=true,ETFCOM,ETFCOM_VALIDATED_CURRENT_MEMBERSHIP
KBE,CATY,CATY,0.96,Cathay General Bancorp,2024-11-21T00:00:00.000Z,461725.0,23783454.75,https://api-prod.etf.com/private/fund/KBE/holdings?type=securities&formatValues=true,ETFCOM,ETFCOM_VALIDATED_CURRENT_MEMBERSHIP
KBE,BOKF,BOKF,0.94,BOK Financial Corporation,2024-11-21T00:00:00.000Z,201592.0,23314114.8,https://api-prod.etf.com/private/fund/KBE/holdings?type=securities&formatValues=true,ETFCOM,ETFCOM_VALIDATED_CURRENT_MEMBERSHIP
KBE,NMIH,NMIH,0.94,"NMI Holdings, Inc.",2024-11-21T00:00:00.000Z,604031.0,23116266.37,https://api-prod.etf.com/private/fund/KBE/holdings?type=securities&formatValues=true,ETFCOM,ETFCOM_VALIDATED_CURRENT_MEMBERSHIP
KBE,PFSI,PFSI,0.91,"PennyMac Financial Services, Inc.",2024-11-21T00:00:00.000Z,215266.0,22376900.7,https://api-prod.etf.com/private/fund/KBE/holdings?type=securities&formatValues=true,ETFCOM,ETFCOM_VALIDATED_CURRENT_MEMBERSHIP
KBE,UCB,UCB,0.9,"United Community Banks, Inc.",2024-11-21T00:00:00.000Z,672148.0,22268263.24,https://api-prod.etf.com/private/fund/KBE/holdings?type=securities&formatValues=true,ETFCOM,ETFCOM_VALIDATED_CURRENT_MEMBERSHIP
KBE,IBOC,IBOC,0.89,International Bancshares Corporation,2024-11-21T00:00:00.000Z,308073.0,22076511.18,https://api-prod.etf.com/private/fund/KBE/holdings?type=securities&formatValues=true,ETFCOM,ETFCOM_VALIDATED_CURRENT_MEMBERSHIP
KBE,SFBS,SFBS,0.89,ServisFirst Bancshares Inc,2024-11-21T00:00:00.000Z,235343.0,21945734.75,https://api-prod.etf.com/private/fund/KBE/holdings?type=securities&formatValues=true,ETFCOM,ETFCOM_VALIDATED_CURRENT_MEMBERSHIP
KBE,FHB,FHB,0.89,"First Hawaiian, Inc.",2024-11-21T00:00:00.000Z,804114.0,21944271.06,https://api-prod.etf.com/private/fund/KBE/holdings?type=securities&formatValues=true,ETFCOM,ETFCOM_VALIDATED_CURRENT_MEMBERSHIP
KBE,ESNT,ESNT,0.88,Essent Group Ltd.,2024-11-21T00:00:00.000Z,389316.0,21774443.88,https://api-prod.etf.com/private/fund/KBE/holdings?type=securities&formatValues=true,ETFCOM,ETFCOM_VALIDATED_CURRENT_MEMBERSHIP
KBE,WAFD,WAFD,0.83,"WaFd, Inc.",2024-11-21T00:00:00.000Z,566822.0,20603979.7,https://api-prod.etf.com/private/fund/KBE/holdings?type=securities&formatValues=true,ETFCOM,ETFCOM_VALIDATED_CURRENT_MEMBERSHIP
KBE,RNST,RNST,0.82,Renasant Corporation,2024-11-21T00:00:00.000Z,545318.0,20340361.4,https://api-prod.etf.com/private/fund/KBE/holdings?type=securities&formatValues=true,ETFCOM,ETFCOM_VALIDATED_CURRENT_MEMBERSHIP
KBE,WSFS,WSFS,0.82,WSFS Financial Corporation,2024-11-21T00:00:00.000Z,343545.0,20169526.95,https://api-prod.etf.com/private/fund/KBE/holdings?type=securities&formatValues=true,ETFCOM,ETFCOM_VALIDATED_CURRENT_MEMBERSHIP
KBE,TFIN,TFIN,0.81,"Triumph Financial, Inc.",2024-11-21T00:00:00.000Z,196788.0,20109765.72,https://api-prod.etf.com/private/fund/KBE/holdings?type=securities&formatValues=true,ETFCOM,ETFCOM_VALIDATED_CURRENT_MEMBERSHIP
KBE,PPBI,PPBI,0.79,"Pacific Premier Bancorp, Inc.",2024-11-21T00:00:00.000Z,695354.0,19407330.14,https://api-prod.etf.com/private/fund/KBE/holdings?type=securities&formatValues=true,ETFCOM,ETFCOM_VALIDATED_CURRENT_MEMBERSHIP
KBE,IBTX,IBTX,0.78,"Independent Bank Group, Inc.",2024-11-21T00:00:00.000Z,298388.0,19296751.96,https://api-prod.etf.com/private/fund/KBE/holdings?type=securities&formatValues=true,ETFCOM,ETFCOM_VALIDATED_CURRENT_MEMBERSHIP
KBE,BANR,BANR,0.74,Banner Corporation,2024-11-21T00:00:00.000Z,250846.0,18356910.28,https://api-prod.etf.com/private/fund/KBE/holdings?type=securities&formatValues=true,ETFCOM,ETFCOM_VALIDATED_CURRENT_MEMBERSHIP
KBE,SBCF,SBCF,0.73,Seacoast Banking Corporation of Florida,2024-11-21T00:00:00.000Z,602498.0,18080964.98,https://api-prod.etf.com/private/fund/KBE/holdings?type=securities&formatValues=true,ETFCOM,ETFCOM_VALIDATED_CURRENT_MEMBERSHIP
KBE,RKT,RKT,0.7,"Rocket Companies, Inc. Class A",2024-11-21T00:00:00.000Z,1264398.0,17208456.78,https://api-prod.etf.com/private/fund/KBE/holdings?type=securities&formatValues=true,ETFCOM,ETFCOM_VALIDATED_CURRENT_MEMBERSHIP
KBE,SFNC,SFNC,0.63,Simmons First National Corporation Class A,2024-11-21T00:00:00.000Z,643227.0,15566093.4,https://api-prod.etf.com/private/fund/KBE/holdings?type=securities&formatValues=true,ETFCOM,ETFCOM_VALIDATED_CURRENT_MEMBERSHIP
KBE,FFBC,FFBC,0.62,First Financial Bancorp.,2024-11-21T00:00:00.000Z,519196.0,15243594.56,https://api-prod.etf.com/private/fund/KBE/holdings?type=securities&formatValues=true,ETFCOM,ETFCOM_VALIDATED_CURRENT_MEMBERSHIP
KBE,TRMK,TRMK,0.61,Trustmark Corporation,2024-11-21T00:00:00.000Z,394493.0,15069632.6,https://api-prod.etf.com/private/fund/KBE/holdings?type=securities&formatValues=true,ETFCOM,ETFCOM_VALIDATED_CURRENT_MEMBERSHIP
KBE,HTH,HTH,0.57,Hilltop Holdings Inc.,2024-11-21T00:00:00.000Z,444995.0,14084091.75,https://api-prod.etf.com/private/fund/KBE/holdings?type=securities&formatValues=true,ETFCOM,ETFCOM_VALIDATED_CURRENT_MEMBERSHIP
KBE,FRME,FRME,0.56,First Merchants Corporation,2024-11-21T00:00:00.000Z,319264.0,13856057.6,https://api-prod.etf.com/private/fund/KBE/holdings?type=securities&formatValues=true,ETFCOM,ETFCOM_VALIDATED_CURRENT_MEMBERSHIP
KBE,LKFN,LKFN,0.45,Lakeland Financial Corporation,2024-11-21T00:00:00.000Z,150641.0,11088684.01,https://api-prod.etf.com/private/fund/KBE/holdings?type=securities&formatValues=true,ETFCOM,ETFCOM_VALIDATED_CURRENT_MEMBERSHIP
KBE,WSBC,WSBC,0.45,"WesBanco, Inc.",2024-11-21T00:00:00.000Z,306435.0,11050046.1,https://api-prod.etf.com/private/fund/KBE/holdings?type=securities&formatValues=true,ETFCOM,ETFCOM_VALIDATED_CURRENT_MEMBERSHIP
TAN,FSLR,FSLR,9.32,"First Solar, Inc.",2024-11-21T00:00:00.000Z,428503.0,77966120.84999998,https://api-prod.etf.com/private/fund/TAN/holdings?type=securities&formatValues=true,ETFCOM,ETFCOM_VALIDATED_CURRENT_MEMBERSHIP
TAN,NXT,NXT,8.26,Nextracker Inc. Class A,2024-11-21T00:00:00.000Z,1847926.0,69112432.4,https://api-prod.etf.com/private/fund/TAN/holdings?type=securities&formatValues=true,ETFCOM,ETFCOM_VALIDATED_CURRENT_MEMBERSHIP
TAN,ENPH,ENPH,6.78,"Enphase Energy, Inc.",2024-11-21T00:00:00.000Z,891977.0,56702977.89,https://api-prod.etf.com/private/fund/TAN/holdings?type=securities&formatValues=true,ETFCOM,ETFCOM_VALIDATED_CURRENT_MEMBERSHIP
TAN,RUN,RUN,4.15,Sunrun Inc.,2024-11-21T00:00:00.000Z,3400046.0,34748470.12,https://api-prod.etf.com/private/fund/TAN/holdings?type=securities&formatValues=true,ETFCOM,ETFCOM_VALIDATED_CURRENT_MEMBERSHIP
TAN,HASI,HASI,3.62,"HA Sustainable Infrastructure Capital, Inc.",2024-11-21T00:00:00.000Z,1057571.0,30235954.89,https://api-prod.etf.com/private/fund/TAN/holdings?type=securities&formatValues=true,ETFCOM,ETFCOM_VALIDATED_CURRENT_MEMBERSHIP
TAN,CWEN,CWEN,3.21,"Clearway Energy, Inc. Class C",2024-11-21T00:00:00.000Z,945565.0,26806767.75,https://api-prod.etf.com/private/fund/TAN/holdings?type=securities&formatValues=true,ETFCOM,ETFCOM_VALIDATED_CURRENT_MEMBERSHIP
TAN,JKS,JKS,2.86,"JinkoSolar Holding Co., Ltd. Sponsored ADR",2024-11-21T00:00:00.000Z,1104644.0,23937635.48,https://api-prod.etf.com/private/fund/TAN/holdings?type=securities&formatValues=true,ETFCOM,ETFCOM_VALIDATED_CURRENT_MEMBERSHIP
TAN,DQ,DQ,2.79,Daqo New Energy Corp Sponsored ADR,2024-11-21T00:00:00.000Z,1216825.0,23375208.25,https://api-prod.etf.com/private/fund/TAN/holdings?type=securities&formatValues=true,ETFCOM,ETFCOM_VALIDATED_CURRENT_MEMBERSHIP
TAN,ARRY,ARRY,2.64,Array Technologies Inc,2024-11-21T00:00:00.000Z,3492737.0,22109025.21,https://api-prod.etf.com/private/fund/TAN/holdings?type=securities&formatValues=true,ETFCOM,ETFCOM_VALIDATED_CURRENT_MEMBERSHIP
TAN,SEDG,SEDG,1.99,"SolarEdge Technologies, Inc.",2024-11-21T00:00:00.000Z,1550161.0,16633227.53,https://api-prod.etf.com/private/fund/TAN/holdings?type=securities&formatValues=true,ETFCOM,ETFCOM_VALIDATED_CURRENT_MEMBERSHIP
TAN,SHLS,SHLS,1.92,"Shoals Technologies Group, Inc. Class A",2024-11-21T00:00:00.000Z,3648752.0,16054508.8,https://api-prod.etf.com/private/fund/TAN/holdings?type=securities&formatValues=true,ETFCOM,ETFCOM_VALIDATED_CURRENT_MEMBERSHIP
TAN,NOVA,NOVA,1.26,Sunnova Energy International Inc,2024-11-21T00:00:00.000Z,2403619.0,10503815.03,https://api-prod.etf.com/private/fund/TAN/holdings?type=securities&formatValues=true,ETFCOM,ETFCOM_VALIDATED_CURRENT_MEMBERSHIP
TAN,AMPS,AMPS,1.18,"Altus Power, Inc. Class A",2024-11-21T00:00:00.000Z,2439531.0,9904495.86,https://api-prod.etf.com/private/fund/TAN/holdings?type=securities&formatValues=true,ETFCOM,ETFCOM_VALIDATED_CURRENT_MEMBERSHIP
TAN,AGPXX,AGPXX,0.12,Short Term Investments Trust Government & Agency Portfolio Institutional,2024-11-21T00:00:00.000Z,1000905.46,1000905.46,https://api-prod.etf.com/private/fund/TAN/holdings?type=securities&formatValues=true,ETFCOM,ETFCOM_VALIDATED_CURRENT_MEMBERSHIP
KRE,MTB,MTB,5.02,M&T Bank Corporation,2024-11-20T00:00:00.000Z,1147302.0,244971923.04,https://api-prod.etf.com/private/fund/KRE/holdings?type=securities&formatValues=true,ETFCOM,ETFCOM_VALIDATED_CURRENT_MEMBERSHIP
KRE,HBAN,HBAN,4.83,Huntington Bancshares Incorporated,2024-11-20T00:00:00.000Z,13475530.0,235417509.1,https://api-prod.etf.com/private/fund/KRE/holdings?type=securities&formatValues=true,ETFCOM,ETFCOM_VALIDATED_CURRENT_MEMBERSHIP
KRE,RF,RF,4.75,Regions Financial Corporation,2024-11-20T00:00:00.000Z,8819694.0,231605164.44,https://api-prod.etf.com/private/fund/KRE/holdings?type=securities&formatValues=true,ETFCOM,ETFCOM_VALIDATED_CURRENT_MEMBERSHIP
KRE,CFG,CFG,4.57,"Citizens Financial Group, Inc.",2024-11-20T00:00:00.000Z,4833596.0,222925447.52,https://api-prod.etf.com/private/fund/KRE/holdings?type=securities&formatValues=true,ETFCOM,ETFCOM_VALIDATED_CURRENT_MEMBERSHIP
KRE,TFC,TFC,4.38,Truist Financial Corporation,2024-11-20T00:00:00.000Z,4631265.0,213871817.7,https://api-prod.etf.com/private/fund/KRE/holdings?type=securities&formatValues=true,ETFCOM,ETFCOM_VALIDATED_CURRENT_MEMBERSHIP
KRE,FHN,FHN,3.83,First Horizon Corporation,2024-11-20T00:00:00.000Z,9410644.0,186989496.28,https://api-prod.etf.com/private/fund/KRE/holdings?type=securities&formatValues=true,ETFCOM,ETFCOM_VALIDATED_CURRENT_MEMBERSHIP
KRE,ZION,ZION,3.08,"Zions Bancorporation, N.A.",2024-11-20T00:00:00.000Z,2558138.0,150060375.08,https://api-prod.etf.com/private/fund/KRE/holdings?type=securities&formatValues=true,ETFCOM,ETFCOM_VALIDATED_CURRENT_MEMBERSHIP
KRE,WBS,WBS,2.43,Webster Financial Corporation,2024-11-20T00:00:00.000Z,1990562.0,118537967.1,https://api-prod.etf.com/private/fund/KRE/holdings?type=securities&formatValues=true,ETFCOM,ETFCOM_VALIDATED_CURRENT_MEMBERSHIP
KRE,SNV,SNV,2.29,Synovus Financial Corp.,2024-11-20T00:00:00.000Z,2028775.0,111643488.25,https://api-prod.etf.com/private/fund/KRE/holdings?type=securities&formatValues=true,ETFCOM,ETFCOM_VALIDATED_CURRENT_MEMBERSHIP
KRE,OZK,OZK,2.28,Bank OZK,2024-11-20T00:00:00.000Z,2332058.0,111215846.02,https://api-prod.etf.com/private/fund/KRE/holdings?type=securities&formatValues=true,ETFCOM,ETFCOM_VALIDATED_CURRENT_MEMBERSHIP
KRE,WAL,WAL,2.28,Western Alliance Bancorp,2024-11-20T00:00:00.000Z,1245086.0,111024318.62,https://api-prod.etf.com/private/fund/KRE/holdings?type=securities&formatValues=true,ETFCOM,ETFCOM_VALIDATED_CURRENT_MEMBERSHIP
KRE,EWBC,EWBC,2.14,"East West Bancorp, Inc.",2024-11-20T00:00:00.000Z,989798.0,104423689.0,https://api-prod.etf.com/private/fund/KRE/holdings?type=securities&formatValues=true,ETFCOM,ETFCOM_VALIDATED_CURRENT_MEMBERSHIP
KRE,CFR,CFR,1.87,"Cullen/Frost Bankers, Inc.",2024-11-20T00:00:00.000Z,661873.0,91199480.67,https://api-prod.etf.com/private/fund/KRE/holdings?type=securities&formatValues=true,ETFCOM,ETFCOM_VALIDATED_CURRENT_MEMBERSHIP
KRE,COLB,COLB,1.84,"Columbia Banking System, Inc.",2024-11-20T00:00:00.000Z,2996812.0,89844423.76,https://api-prod.etf.com/private/fund/KRE/holdings?type=securities&formatValues=true,ETFCOM,ETFCOM_VALIDATED_CURRENT_MEMBERSHIP
KRE,FLG,FLG,1.61,"Flagstar Financial, Inc.",2024-11-20T00:00:00.000Z,7291065.0,78451859.4,https://api-prod.etf.com/private/fund/KRE/holdings?type=securities&formatValues=true,ETFCOM,ETFCOM_VALIDATED_CURRENT_MEMBERSHIP
KRE,SSB,SSB,1.59,SouthState Corporation,2024-11-20T00:00:00.000Z,739877.0,77553907.14,https://api-prod.etf.com/private/fund/KRE/holdings?type=securities&formatValues=true,ETFCOM,ETFCOM_VALIDATED_CURRENT_MEMBERSHIP
KRE,PNFP,PNFP,1.56,"Pinnacle Financial Partners, Inc.",2024-11-20T00:00:00.000Z,627954.0,76265013.29999998,https://api-prod.etf.com/private/fund/KRE/holdings?type=securities&formatValues=true,ETFCOM,ETFCOM_VALIDATED_CURRENT_MEMBERSHIP
KRE,VLY,VLY,1.5,Valley National Bancorp,2024-11-20T00:00:00.000Z,7210896.0,73190594.4,https://api-prod.etf.com/private/fund/KRE/holdings?type=securities&formatValues=true,ETFCOM,ETFCOM_VALIDATED_CURRENT_MEMBERSHIP
KRE,CADE,CADE,1.47,Cadence Bank,2024-11-20T00:00:00.000Z,1936634.0,71868487.74,https://api-prod.etf.com/private/fund/KRE/holdings?type=securities&formatValues=true,ETFCOM,ETFCOM_VALIDATED_CURRENT_MEMBERSHIP
KRE,AX,AX,1.45,"Axos Financial, Inc.",2024-11-20T00:00:00.000Z,890136.0,70970543.28,https://api-prod.etf.com/private/fund/KRE/holdings?type=securities&formatValues=true,ETFCOM,ETFCOM_VALIDATED_CURRENT_MEMBERSHIP
KRE,WTFC,WTFC,1.43,Wintrust Financial Corporation,2024-11-20T00:00:00.000Z,534549.0,69935045.67,https://api-prod.etf.com/private/fund/KRE/holdings?type=securities&formatValues=true,ETFCOM,ETFCOM_VALIDATED_CURRENT_MEMBERSHIP
KRE,UMBF,UMBF,1.34,UMB Financial Corporation,2024-11-20T00:00:00.000Z,543281.0,65296943.39,https://api-prod.etf.com/private/fund/KRE/holdings?type=securities&formatValues=true,ETFCOM,ETFCOM_VALIDATED_CURRENT_MEMBERSHIP
KRE,PB,PB,1.31,"Prosperity Bancshares, Inc.(R)",2024-11-20T00:00:00.000Z,783293.0,63995038.1,https://api-prod.etf.com/private/fund/KRE/holdings?type=securities&formatValues=true,ETFCOM,ETFCOM_VALIDATED_CURRENT_MEMBERSHIP
KRE,FNB,FNB,1.15,F.N.B. Corporation,2024-11-20T00:00:00.000Z,3431277.0,56307255.57,https://api-prod.etf.com/private/fund/KRE/holdings?type=securities&formatValues=true,ETFCOM,ETFCOM_VALIDATED_CURRENT_MEMBERSHIP
KRE,ONB,ONB,1.15,Old National Bancorp,2024-11-20T00:00:00.000Z,2680858.0,56110357.94,https://api-prod.etf.com/private/fund/KRE/holdings?type=securities&formatValues=true,ETFCOM,ETFCOM_VALIDATED_CURRENT_MEMBERSHIP
KRE,CBSH,CBSH,1.13,"Commerce Bancshares, Inc.",2024-11-20T00:00:00.000Z,777639.0,55189039.83,https://api-prod.etf.com/private/fund/KRE/holdings?type=securities&formatValues=true,ETFCOM,ETFCOM_VALIDATED_CURRENT_MEMBERSHIP
KRE,BPOP,BPOP,1.12,"Popular, Inc.",2024-11-20T00:00:00.000Z,565831.0,54670591.22,https://api-prod.etf.com/private/fund/KRE/holdings?type=securities&formatValues=true,ETFCOM,ETFCOM_VALIDATED_CURRENT_MEMBERSHIP
KRE,ASB,ASB,1.06,Associated Banc-Corp,2024-11-20T00:00:00.000Z,1951657.0,51816493.35,https://api-prod.etf.com/private/fund/KRE/holdings?type=securities&formatValues=true,ETFCOM,ETFCOM_VALIDATED_CURRENT_MEMBERSHIP
KRE,TBBK,TBBK,0.95,Bancorp Inc,2024-11-20T00:00:00.000Z,839900.0,46177702.0,https://api-prod.etf.com/private/fund/KRE/holdings?type=securities&formatValues=true,ETFCOM,ETFCOM_VALIDATED_CURRENT_MEMBERSHIP
KRE,BANC,BANC,0.94,"Banc of California, Inc.",2024-11-20T00:00:00.000Z,2865655.0,46051075.85,https://api-prod.etf.com/private/fund/KRE/holdings?type=securities&formatValues=true,ETFCOM,ETFCOM_VALIDATED_CURRENT_MEMBERSHIP
KRE,HWC,HWC,0.89,Hancock Whitney Corporation,2024-11-20T00:00:00.000Z,760428.0,43549711.56,https://api-prod.etf.com/private/fund/KRE/holdings?type=securities&formatValues=true,ETFCOM,ETFCOM_VALIDATED_CURRENT_MEMBERSHIP
KRE,FULT,FULT,0.86,Fulton Financial Corporation,2024-11-20T00:00:00.000Z,2003031.0,41743166.04,https://api-prod.etf.com/private/fund/KRE/holdings?type=securities&formatValues=true,ETFCOM,ETFCOM_VALIDATED_CURRENT_MEMBERSHIP
KRE,GBCI,GBCI,0.85,"Glacier Bancorp, Inc.",2024-11-20T00:00:00.000Z,743230.0,41501963.2,https://api-prod.etf.com/private/fund/KRE/holdings?type=securities&formatValues=true,ETFCOM,ETFCOM_VALIDATED_CURRENT_MEMBERSHIP
KRE,BKU,BKU,0.85,"BankUnited, Inc.",2024-11-20T00:00:00.000Z,1005743.0,41235463.0,https://api-prod.etf.com/private/fund/KRE/holdings?type=securities&formatValues=true,ETFCOM,ETFCOM_VALIDATED_CURRENT_MEMBERSHIP
KRE,TCBI,TCBI,0.84,"Texas Capital Bancshares, Inc.",2024-11-20T00:00:00.000Z,490192.0,41127108.8,https://api-prod.etf.com/private/fund/KRE/holdings?type=securities&formatValues=true,ETFCOM,ETFCOM_VALIDATED_CURRENT_MEMBERSHIP
KRE,HOMB,HOMB,0.79,"Home BancShares, Inc.",2024-11-20T00:00:00.000Z,1266212.0,38594141.76,https://api-prod.etf.com/private/fund/KRE/holdings?type=securities&formatValues=true,ETFCOM,ETFCOM_VALIDATED_CURRENT_MEMBERSHIP
KRE,CUBI,CUBI,0.77,"Customers Bancorp, Inc.",2024-11-20T00:00:00.000Z,698916.0,37678561.56,https://api-prod.etf.com/private/fund/KRE/holdings?type=securities&formatValues=true,ETFCOM,ETFCOM_VALIDATED_CURRENT_MEMBERSHIP
KRE,FFIN,FFIN,0.77,First Financial Bankshares Inc,2024-11-20T00:00:00.000Z,926170.0,37621025.4,https://api-prod.etf.com/private/fund/KRE/holdings?type=securities&formatValues=true,ETFCOM,ETFCOM_VALIDATED_CURRENT_MEMBERSHIP
KRE,BOH,BOH,0.75,Bank of Hawaii Corp,2024-11-20T00:00:00.000Z,481014.0,36763900.02,https://api-prod.etf.com/private/fund/KRE/holdings?type=securities&formatValues=true,ETFCOM,ETFCOM_VALIDATED_CURRENT_MEMBERSHIP
KRE,FBP,FBP,0.69,First Bancorp,2024-11-20T00:00:00.000Z,1625414.0,33629815.66,https://api-prod.etf.com/private/fund/KRE/holdings?type=securities&formatValues=true,ETFCOM,ETFCOM_VALIDATED_CURRENT_MEMBERSHIP
KRE,ABCB,ABCB,0.65,Ameris Bancorp,2024-11-20T00:00:00.000Z,468775.0,31928265.25,https://api-prod.etf.com/private/fund/KRE/holdings?type=securities&formatValues=true,ETFCOM,ETFCOM_VALIDATED_CURRENT_MEMBERSHIP
KRE,UBSI,UBSI,0.62,"United Bankshares, Inc.",2024-11-20T00:00:00.000Z,732886.0,30341480.4,https://api-prod.etf.com/private/fund/KRE/holdings?type=securities&formatValues=true,ETFCOM,ETFCOM_VALIDATED_CURRENT_MEMBERSHIP
KRE,FIBK,FIBK,0.59,"First Interstate BancSystem, Inc.",2024-11-20T00:00:00.000Z,863312.0,28825987.68,https://api-prod.etf.com/private/fund/KRE/holdings?type=securities&formatValues=true,ETFCOM,ETFCOM_VALIDATED_CURRENT_MEMBERSHIP
KRE,EBC,EBC,0.55,"Eastern Bankshares, Inc.",2024-11-20T00:00:00.000Z,1464640.0,26905436.8,https://api-prod.etf.com/private/fund/KRE/holdings?type=securities&formatValues=true,ETFCOM,ETFCOM_VALIDATED_CURRENT_MEMBERSHIP
KRE,CVBF,CVBF,0.55,CVB Financial Corp.,2024-11-20T00:00:00.000Z,1189199.0,26840221.43,https://api-prod.etf.com/private/fund/KRE/holdings?type=securities&formatValues=true,ETFCOM,ETFCOM_VALIDATED_CURRENT_MEMBERSHIP
KRE,AUB,AUB,0.54,Atlantic Union Bankshares Corporation,2024-11-20T00:00:00.000Z,641250.0,26445150.0,https://api-prod.etf.com/private/fund/KRE/holdings?type=securities&formatValues=true,ETFCOM,ETFCOM_VALIDATED_CURRENT_MEMBERSHIP
KRE,CBU,CBU,0.53,"Community Financial System, Inc.",2024-11-20T00:00:00.000Z,380768.0,25835108.8,https://api-prod.etf.com/private/fund/KRE/holdings?type=securities&formatValues=true,ETFCOM,ETFCOM_VALIDATED_CURRENT_MEMBERSHIP
KRE,PFS,PFS,0.53,"Provident Financial Services, Inc.",2024-11-20T00:00:00.000Z,1247075.0,25826923.25,https://api-prod.etf.com/private/fund/KRE/holdings?type=securities&formatValues=true,ETFCOM,ETFCOM_VALIDATED_CURRENT_MEMBERSHIP
KRE,INDB,INDB,0.52,Independent Bank Corp.,2024-11-20T00:00:00.000Z,357255.0,25297226.55,https://api-prod.etf.com/private/fund/KRE/holdings?type=securities&formatValues=true,ETFCOM,ETFCOM_VALIDATED_CURRENT_MEMBERSHIP
KRE,CATY,CATY,0.51,Cathay General Bancorp,2024-11-20T00:00:00.000Z,494702.0,25106126.5,https://api-prod.etf.com/private/fund/KRE/holdings?type=securities&formatValues=true,ETFCOM,ETFCOM_VALIDATED_CURRENT_MEMBERSHIP
KRE,BOKF,BOKF,0.51,BOK Financial Corporation,2024-11-20T00:00:00.000Z,216001.0,24691074.31,https://api-prod.etf.com/private/fund/KRE/holdings?type=securities&formatValues=true,ETFCOM,ETFCOM_VALIDATED_CURRENT_MEMBERSHIP
KRE,UCB,UCB,0.48,"United Community Banks, Inc.",2024-11-20T00:00:00.000Z,720141.0,23397381.09,https://api-prod.etf.com/private/fund/KRE/holdings?type=securities&formatValues=true,ETFCOM,ETFCOM_VALIDATED_CURRENT_MEMBERSHIP
KRE,SFBS,SFBS,0.48,ServisFirst Bancshares Inc,2024-11-20T00:00:00.000Z,252127.0,23379736.71,https://api-prod.etf.com/private/fund/KRE/holdings?type=securities&formatValues=true,ETFCOM,ETFCOM_VALIDATED_CURRENT_MEMBERSHIP
KRE,FHB,FHB,0.48,"First Hawaiian, Inc.",2024-11-20T00:00:00.000Z,861715.0,23257687.85,https://api-prod.etf.com/private/fund/KRE/holdings?type=securities&formatValues=true,ETFCOM,ETFCOM_VALIDATED_CURRENT_MEMBERSHIP
KRE,IBOC,IBOC,0.47,International Bancshares Corporation,2024-11-20T00:00:00.000Z,330108.0,23074549.2,https://api-prod.etf.com/private/fund/KRE/holdings?type=securities&formatValues=true,ETFCOM,ETFCOM_VALIDATED_CURRENT_MEMBERSHIP
KRE,WAFD,WAFD,0.45,"WaFd, Inc.",2024-11-20T00:00:00.000Z,607282.0,21813569.44,https://api-prod.etf.com/private/fund/KRE/holdings?type=securities&formatValues=true,ETFCOM,ETFCOM_VALIDATED_CURRENT_MEMBERSHIP
KRE,RNST,RNST,0.44,Renasant Corporation,2024-11-20T00:00:00.000Z,584319.0,21245838.84,https://api-prod.etf.com/private/fund/KRE/holdings?type=securities&formatValues=true,ETFCOM,ETFCOM_VALIDATED_CURRENT_MEMBERSHIP
KRE,WSFS,WSFS,0.43,WSFS Financial Corporation,2024-11-20T00:00:00.000Z,368353.0,21180297.5,https://api-prod.etf.com/private/fund/KRE/holdings?type=securities&formatValues=true,ETFCOM,ETFCOM_VALIDATED_CURRENT_MEMBERSHIP
KRE,TFIN,TFIN,0.43,"Triumph Financial, Inc.",2024-11-20T00:00:00.000Z,210854.0,20849243.52,https://api-prod.etf.com/private/fund/KRE/holdings?type=securities&formatValues=true,ETFCOM,ETFCOM_VALIDATED_CURRENT_MEMBERSHIP
KRE,PPBI,PPBI,0.42,"Pacific Premier Bancorp, Inc.",2024-11-20T00:00:00.000Z,744973.0,20568704.53,https://api-prod.etf.com/private/fund/KRE/holdings?type=securities&formatValues=true,ETFCOM,ETFCOM_VALIDATED_CURRENT_MEMBERSHIP
KRE,HTLF,HTLF,0.42,"Heartland Financial USA, Inc.",2024-11-20T00:00:00.000Z,315281.0,20430208.8,https://api-prod.etf.com/private/fund/KRE/holdings?type=securities&formatValues=true,ETFCOM,ETFCOM_VALIDATED_CURRENT_MEMBERSHIP
KRE,IBTX,IBTX,0.41,"Independent Bank Group, Inc.",2024-11-20T00:00:00.000Z,319581.0,20152777.86,https://api-prod.etf.com/private/fund/KRE/holdings?type=securities&formatValues=true,ETFCOM,ETFCOM_VALIDATED_CURRENT_MEMBERSHIP
KRE,BANR,BANR,0.4,Banner Corporation,2024-11-20T00:00:00.000Z,268705.0,19411249.2,https://api-prod.etf.com/private/fund/KRE/holdings?type=securities&formatValues=true,ETFCOM,ETFCOM_VALIDATED_CURRENT_MEMBERSHIP
KRE,SBCF,SBCF,0.39,Seacoast Banking Corporation of Florida,2024-11-20T00:00:00.000Z,645670.0,18892304.2,https://api-prod.etf.com/private/fund/KRE/holdings?type=securities&formatValues=true,ETFCOM,ETFCOM_VALIDATED_CURRENT_MEMBERSHIP
KRE,NBHC,NBHC,0.35,National Bank Holdings Corporation Class A,2024-11-20T00:00:00.000Z,368486.0,17318842.0,https://api-prod.etf.com/private/fund/KRE/holdings?type=securities&formatValues=true,ETFCOM,ETFCOM_VALIDATED_CURRENT_MEMBERSHIP
KRE,SFNC,SFNC,0.34,Simmons First National Corporation Class A,2024-11-20T00:00:00.000Z,689201.0,16616636.11,https://api-prod.etf.com/private/fund/KRE/holdings?type=securities&formatValues=true,ETFCOM,ETFCOM_VALIDATED_CURRENT_MEMBERSHIP
KRE,FFBC,FFBC,0.33,First Financial Bancorp.,2024-11-20T00:00:00.000Z,556233.0,15947200.11,https://api-prod.etf.com/private/fund/KRE/holdings?type=securities&formatValues=true,ETFCOM,ETFCOM_VALIDATED_CURRENT_MEMBERSHIP
KRE,TRMK,TRMK,0.33,Trustmark Corporation,2024-11-20T00:00:00.000Z,422705.0,15919070.3,https://api-prod.etf.com/private/fund/KRE/holdings?type=securities&formatValues=true,ETFCOM,ETFCOM_VALIDATED_CURRENT_MEMBERSHIP
KRE,HTH,HTH,0.31,Hilltop Holdings Inc.,2024-11-20T00:00:00.000Z,476881.0,14921606.49,https://api-prod.etf.com/private/fund/KRE/holdings?type=securities&formatValues=true,ETFCOM,ETFCOM_VALIDATED_CURRENT_MEMBERSHIP
KRE,SASR,SASR,0.3,"Sandy Spring Bancorp, Inc.",2024-11-20T00:00:00.000Z,400076.0,14630779.32,https://api-prod.etf.com/private/fund/KRE/holdings?type=securities&formatValues=true,ETFCOM,ETFCOM_VALIDATED_CURRENT_MEMBERSHIP
KRE,FRME,FRME,0.3,First Merchants Corporation,2024-11-20T00:00:00.000Z,342053.0,14612504.16,https://api-prod.etf.com/private/fund/KRE/holdings?type=securities&formatValues=true,ETFCOM,ETFCOM_VALIDATED_CURRENT_MEMBERSHIP
KRE,OFG,OFG,0.29,OFG Bancorp,2024-11-20T00:00:00.000Z,329594.0,14317563.36,https://api-prod.etf.com/private/fund/KRE/holdings?type=securities&formatValues=true,ETFCOM,ETFCOM_VALIDATED_CURRENT_MEMBERSHIP
KRE,FCF,FCF,0.28,First Commonwealth Financial Corporation,2024-11-20T00:00:00.000Z,743255.0,13802245.35,https://api-prod.etf.com/private/fund/KRE/holdings?type=securities&formatValues=true,ETFCOM,ETFCOM_VALIDATED_CURRENT_MEMBERSHIP
KRE,PRK,PRK,0.28,Park National Corporation,2024-11-20T00:00:00.000Z,72048.0,13736671.68,https://api-prod.etf.com/private/fund/KRE/holdings?type=securities&formatValues=true,ETFCOM,ETFCOM_VALIDATED_CURRENT_MEMBERSHIP
KRE,NWBI,NWBI,0.28,"Northwest Bancshares, Inc.",2024-11-20T00:00:00.000Z,941639.0,13616099.94,https://api-prod.etf.com/private/fund/KRE/holdings?type=securities&formatValues=true,ETFCOM,ETFCOM_VALIDATED_CURRENT_MEMBERSHIP
KRE,VBTX,VBTX,0.28,"Veritex Holdings, Inc.",2024-11-20T00:00:00.000Z,466072.0,13506766.56,https://api-prod.etf.com/private/fund/KRE/holdings?type=securities&formatValues=true,ETFCOM,ETFCOM_VALIDATED_CURRENT_MEMBERSHIP
KRE,HOPE,HOPE,0.27,"Hope Bancorp, Inc.",2024-11-20T00:00:00.000Z,998046.0,13343875.02,https://api-prod.etf.com/private/fund/KRE/holdings?type=securities&formatValues=true,ETFCOM,ETFCOM_VALIDATED_CURRENT_MEMBERSHIP
KRE,BHLB,BHLB,0.26,"Berkshire Hills Bancorp, Inc.",2024-11-20T00:00:00.000Z,419998.0,12591540.04,https://api-prod.etf.com/private/fund/KRE/holdings?type=securities&formatValues=true,ETFCOM,ETFCOM_VALIDATED_CURRENT_MEMBERSHIP
KRE,NBTB,NBTB,0.25,NBT Bancorp Inc.,2024-11-20T00:00:00.000Z,252048.0,12284819.52,https://api-prod.etf.com/private/fund/KRE/holdings?type=securities&formatValues=true,ETFCOM,ETFCOM_VALIDATED_CURRENT_MEMBERSHIP
KRE,EGBN,EGBN,0.25,"Eagle Bancorp, Inc.",2024-11-20T00:00:00.000Z,429003.0,12123624.78,https://api-prod.etf.com/private/fund/KRE/holdings?type=securities&formatValues=true,ETFCOM,ETFCOM_VALIDATED_CURRENT_MEMBERSHIP
KRE,BANF,BANF,0.25,BancFirst Corporation,2024-11-20T00:00:00.000Z,98926.0,11990820.46,https://api-prod.etf.com/private/fund/KRE/holdings?type=securities&formatValues=true,ETFCOM,ETFCOM_VALIDATED_CURRENT_MEMBERSHIP
KRE,TOWN,TOWN,0.24,TowneBank,2024-11-20T00:00:00.000Z,334816.0,11688426.56,https://api-prod.etf.com/private/fund/KRE/holdings?type=securities&formatValues=true,ETFCOM,ETFCOM_VALIDATED_CURRENT_MEMBERSHIP
KRE,LKFN,LKFN,0.24,Lakeland Financial Corporation,2024-11-20T00:00:00.000Z,161502.0,11645909.22,https://api-prod.etf.com/private/fund/KRE/holdings?type=securities&formatValues=true,ETFCOM,ETFCOM_VALIDATED_CURRENT_MEMBERSHIP
KRE,WSBC,WSBC,0.24,"WesBanco, Inc.",2024-11-20T00:00:00.000Z,328286.0,11516272.88,https://api-prod.etf.com/private/fund/KRE/holdings?type=securities&formatValues=true,ETFCOM,ETFCOM_VALIDATED_CURRENT_MEMBERSHIP
KRE,FBMS,FBMS,0.23,"First Bancshares, Inc.",2024-11-20T00:00:00.000Z,318847.0,11443418.83,https://api-prod.etf.com/private/fund/KRE/holdings?type=securities&formatValues=true,ETFCOM,ETFCOM_VALIDATED_CURRENT_MEMBERSHIP
KRE,LOB,LOB,0.21,"Live Oak Bancshares, Inc.",2024-11-20T00:00:00.000Z,225872.0,10394629.44,https://api-prod.etf.com/private/fund/KRE/holdings?type=securities&formatValues=true,ETFCOM,ETFCOM_VALIDATED_CURRENT_MEMBERSHIP
KRE,EFSC,EFSC,0.21,Enterprise Financial Services Corp,2024-11-20T00:00:00.000Z,173350.0,10187779.5,https://api-prod.etf.com/private/fund/KRE/holdings?type=securities&formatValues=true,ETFCOM,ETFCOM_VALIDATED_CURRENT_MEMBERSHIP
KRE,FBK,FBK,0.21,FB Financial Corporation,2024-11-20T00:00:00.000Z,186993.0,10161199.62,https://api-prod.etf.com/private/fund/KRE/holdings?type=securities&formatValues=true,ETFCOM,ETFCOM_VALIDATED_CURRENT_MEMBERSHIP
KRE,FBNC,FBNC,0.2,First Bancorp,2024-11-20T00:00:00.000Z,220458.0,9913996.26,https://api-prod.etf.com/private/fund/KRE/holdings?type=securities&formatValues=true,ETFCOM,ETFCOM_VALIDATED_CURRENT_MEMBERSHIP
KRE,PFBC,PFBC,0.2,Preferred Bank,2024-11-20T00:00:00.000Z,105924.0,9859405.920000002,https://api-prod.etf.com/private/fund/KRE/holdings?type=securities&formatValues=true,ETFCOM,ETFCOM_VALIDATED_CURRENT_MEMBERSHIP
KRE,CHCO,CHCO,0.2,City Holding Company,2024-11-20T00:00:00.000Z,74903.0,9618294.23,https://api-prod.etf.com/private/fund/KRE/holdings?type=securities&formatValues=true,ETFCOM,ETFCOM_VALIDATED_CURRENT_MEMBERSHIP
KRE,BRKL,BRKL,0.19,"Brookline Bancorp, Inc.",2024-11-20T00:00:00.000Z,777967.0,9358943.01,https://api-prod.etf.com/private/fund/KRE/holdings?type=securities&formatValues=true,ETFCOM,ETFCOM_VALIDATED_CURRENT_MEMBERSHIP
KRE,DCOM,DCOM,0.19,"Dime Community Bancshares, Inc.",2024-11-20T00:00:00.000Z,268876.0,9327308.44,https://api-prod.etf.com/private/fund/KRE/holdings?type=securities&formatValues=true,ETFCOM,ETFCOM_VALIDATED_CURRENT_MEMBERSHIP
KRE,OCFC,OCFC,0.19,OceanFirst Financial Corp.,2024-11-20T00:00:00.000Z,452363.0,9038212.74,https://api-prod.etf.com/private/fund/KRE/holdings?type=securities&formatValues=true,ETFCOM,ETFCOM_VALIDATED_CURRENT_MEMBERSHIP
KRE,WABC,WABC,0.18,Westamerica Bancorporation,2024-11-20T00:00:00.000Z,162001.0,9016975.66,https://api-prod.etf.com/private/fund/KRE/holdings?type=securities&formatValues=true,ETFCOM,ETFCOM_VALIDATED_CURRENT_MEMBERSHIP
KRE,QCRH,QCRH,0.18,"QCR Holdings, Inc.",2024-11-20T00:00:00.000Z,97017.0,8664588.269999998,https://api-prod.etf.com/private/fund/KRE/holdings?type=securities&formatValues=true,ETFCOM,ETFCOM_VALIDATED_CURRENT_MEMBERSHIP
KRE,STBA,STBA,0.16,"S&T Bancorp, Inc.",2024-11-20T00:00:00.000Z,182658.0,7664329.679999999,https://api-prod.etf.com/private/fund/KRE/holdings?type=securities&formatValues=true,ETFCOM,ETFCOM_VALIDATED_CURRENT_MEMBERSHIP
KRE,SYBT,SYBT,0.15,"Stock Yards Bancorp, Inc.",2024-11-20T00:00:00.000Z,103121.0,7556706.88,https://api-prod.etf.com/private/fund/KRE/holdings?type=securities&formatValues=true,ETFCOM,ETFCOM_VALIDATED_CURRENT_MEMBERSHIP
KRE,PFC,PFC,0.15,Premier Financial Corp.,2024-11-20T00:00:00.000Z,274764.0,7556010.0,https://api-prod.etf.com/private/fund/KRE/holdings?type=securities&formatValues=true,ETFCOM,ETFCOM_VALIDATED_CURRENT_MEMBERSHIP
KRE,CFFN,CFFN,0.15,"Capitol Federal Financial, Inc.",2024-11-20T00:00:00.000Z,1124722.0,7490648.519999999,https://api-prod.etf.com/private/fund/KRE/holdings?type=securities&formatValues=true,ETFCOM,ETFCOM_VALIDATED_CURRENT_MEMBERSHIP
KRE,NBBK,NBBK,0.15,"NB Bancorp, Inc.",2024-11-20T00:00:00.000Z,375027.0,7474288.11,https://api-prod.etf.com/private/fund/KRE/holdings?type=securities&formatValues=true,ETFCOM,ETFCOM_VALIDATED_CURRENT_MEMBERSHIP
KRE,MCB,MCB,0.15,Metropolitan Bank Holding Corp.,2024-11-20T00:00:00.000Z,119420.0,7470915.2,https://api-prod.etf.com/private/fund/KRE/holdings?type=securities&formatValues=true,ETFCOM,ETFCOM_VALIDATED_CURRENT_MEMBERSHIP
KRE,AMAL,AMAL,0.15,Amalgamated Financial Corp,2024-11-20T00:00:00.000Z,209913.0,7462407.15,https://api-prod.etf.com/private/fund/KRE/holdings?type=securities&formatValues=true,ETFCOM,ETFCOM_VALIDATED_CURRENT_MEMBERSHIP
KRE,HAFC,HAFC,0.15,Hanmi Financial Corporation,2024-11-20T00:00:00.000Z,286652.0,7266628.2,https://api-prod.etf.com/private/fund/KRE/holdings?type=securities&formatValues=true,ETFCOM,ETFCOM_VALIDATED_CURRENT_MEMBERSHIP
KRE,TCBK,TCBK,0.15,TriCo Bancshares,2024-11-20T00:00:00.000Z,154621.0,7192968.92,https://api-prod.etf.com/private/fund/KRE/holdings?type=securities&formatValues=true,ETFCOM,ETFCOM_VALIDATED_CURRENT_MEMBERSHIP
KRE,SRCE,SRCE,0.15,1st Source Corporation,2024-11-20T00:00:00.000Z,110899.0,7121933.78,https://api-prod.etf.com/private/fund/KRE/holdings?type=securities&formatValues=true,ETFCOM,ETFCOM_VALIDATED_CURRENT_MEMBERSHIP
KRE,CPF,CPF,0.15,Central Pacific Financial Corp.,2024-11-20T00:00:00.000Z,232329.0,7120883.85,https://api-prod.etf.com/private/fund/KRE/holdings?type=securities&formatValues=true,ETFCOM,ETFCOM_VALIDATED_CURRENT_MEMBERSHIP
KRE,BUSE,BUSE,0.14,First Busey Corporation,2024-11-20T00:00:00.000Z,263862.0,6984427.14,https://api-prod.etf.com/private/fund/KRE/holdings?type=securities&formatValues=true,ETFCOM,ETFCOM_VALIDATED_CURRENT_MEMBERSHIP
KRE,FFWM,FFWM,0.14,"First Foundation, Inc.",2024-11-20T00:00:00.000Z,896176.0,6837822.88,https://api-prod.etf.com/private/fund/KRE/holdings?type=securities&formatValues=true,ETFCOM,ETFCOM_VALIDATED_CURRENT_MEMBERSHIP
KRE,HFWA,HFWA,0.14,Heritage Financial Corporation,2024-11-20T00:00:00.000Z,267075.0,6807741.75,https://api-prod.etf.com/private/fund/KRE/holdings?type=securities&formatValues=true,ETFCOM,ETFCOM_VALIDATED_CURRENT_MEMBERSHIP
KRE,OSBC,OSBC,0.14,"Old Second Bancorp, Inc.",2024-11-20T00:00:00.000Z,361015.0,6635455.7,https://api-prod.etf.com/private/fund/KRE/holdings?type=securities&formatValues=true,ETFCOM,ETFCOM_VALIDATED_CURRENT_MEMBERSHIP
KRE,BY,BY,0.14,"Byline Bancorp, Inc.",2024-11-20T00:00:00.000Z,213874.0,6615122.82,https://api-prod.etf.com/private/fund/KRE/holdings?type=securities&formatValues=true,ETFCOM,ETFCOM_VALIDATED_CURRENT_MEMBERSHIP
KRE,NFBK,NFBK,0.13,"Northfield Bancorp, Inc.",2024-11-20T00:00:00.000Z,492727.0,6430087.35,https://api-prod.etf.com/private/fund/KRE/holdings?type=securities&formatValues=true,ETFCOM,ETFCOM_VALIDATED_CURRENT_MEMBERSHIP
KRE,CFB,CFB,0.13,"CrossFirst Bankshares, Inc.",2024-11-20T00:00:00.000Z,371716.0,6404666.68,https://api-prod.etf.com/private/fund/KRE/holdings?type=securities&formatValues=true,ETFCOM,ETFCOM_VALIDATED_CURRENT_MEMBERSHIP
KRE,HTBK,HTBK,0.13,Heritage Commerce Corp,2024-11-20T00:00:00.000Z,607416.0,6390016.32,https://api-prod.etf.com/private/fund/KRE/holdings?type=securities&formatValues=true,ETFCOM,ETFCOM_VALIDATED_CURRENT_MEMBERSHIP
KRE,STEL,STEL,0.13,"Stellar Bancorp, Inc.",2024-11-20T00:00:00.000Z,217171.0,6380483.98,https://api-prod.etf.com/private/fund/KRE/holdings?type=securities&formatValues=true,ETFCOM,ETFCOM_VALIDATED_CURRENT_MEMBERSHIP
KRE,PEBO,PEBO,0.13,Peoples Bancorp Inc.,2024-11-20T00:00:00.000Z,178885.0,6223409.15,https://api-prod.etf.com/private/fund/KRE/holdings?type=securities&formatValues=true,ETFCOM,ETFCOM_VALIDATED_CURRENT_MEMBERSHIP
KRE,NIC,NIC,0.13,"Nicolet Bankshares, Inc.",2024-11-20T00:00:00.000Z,56549.0,6190984.52,https://api-prod.etf.com/private/fund/KRE/holdings?type=securities&formatValues=true,ETFCOM,ETFCOM_VALIDATED_CURRENT_MEMBERSHIP
KRE,TMP,TMP,0.12,Tompkins Financial Corporation,2024-11-20T00:00:00.000Z,82070.0,6031324.3,https://api-prod.etf.com/private/fund/KRE/holdings?type=securities&formatValues=true,ETFCOM,ETFCOM_VALIDATED_CURRENT_MEMBERSHIP
KRE,IBCP,IBCP,0.12,Independent Bank Corporation,2024-11-20T00:00:00.000Z,157589.0,5841824.23,https://api-prod.etf.com/private/fund/KRE/holdings?type=securities&formatValues=true,ETFCOM,ETFCOM_VALIDATED_CURRENT_MEMBERSHIP
KRE,CNOB,CNOB,0.12,"ConnectOne Bancorp, Inc.",2024-11-20T00:00:00.000Z,211744.0,5628155.52,https://api-prod.etf.com/private/fund/KRE/holdings?type=securities&formatValues=true,ETFCOM,ETFCOM_VALIDATED_CURRENT_MEMBERSHIP
KRE,CCB,CCB,0.11,Coastal Financial Corporation,2024-11-20T00:00:00.000Z,72634.0,5432296.86,https://api-prod.etf.com/private/fund/KRE/holdings?type=securities&formatValues=true,ETFCOM,ETFCOM_VALIDATED_CURRENT_MEMBERSHIP
KRE,TFSL,TFSL,0.11,TFS Financial Corporation,2024-11-20T00:00:00.000Z,383336.0,5401204.24,https://api-prod.etf.com/private/fund/KRE/holdings?type=securities&formatValues=true,ETFCOM,ETFCOM_VALIDATED_CURRENT_MEMBERSHIP
KRE,SBSI,SBSI,0.11,"Southside Bancshares, Inc.",2024-11-20T00:00:00.000Z,151129.0,5307650.48,https://api-prod.etf.com/private/fund/KRE/holdings?type=securities&formatValues=true,ETFCOM,ETFCOM_VALIDATED_CURRENT_MEMBERSHIP
KRE,KRNY,KRNY,0.11,Kearny Financial Corp.,2024-11-20T00:00:00.000Z,654178.0,5279216.46,https://api-prod.etf.com/private/fund/KRE/holdings?type=securities&formatValues=true,ETFCOM,ETFCOM_VALIDATED_CURRENT_MEMBERSHIP
KRE,PGC,PGC,0.11,Peapack-Gladstone Financial Corporation,2024-11-20T00:00:00.000Z,139504.0,5128167.04,https://api-prod.etf.com/private/fund/KRE/holdings?type=securities&formatValues=true,ETFCOM,ETFCOM_VALIDATED_CURRENT_MEMBERSHIP
KRE,OBK,OBK,0.1,"Origin Bancorp, Inc.",2024-11-20T00:00:00.000Z,143539.0,4858795.15,https://api-prod.etf.com/private/fund/KRE/holdings?type=securities&formatValues=true,ETFCOM,ETFCOM_VALIDATED_CURRENT_MEMBERSHIP
KRE,WASH,WASH,0.1,"Washington Trust Bancorp, Inc.",2024-11-20T00:00:00.000Z,132129.0,4809495.6,https://api-prod.etf.com/private/fund/KRE/holdings?type=securities&formatValues=true,ETFCOM,ETFCOM_VALIDATED_CURRENT_MEMBERSHIP
KRE,HIFS,HIFS,0.1,Hingham Institution for Savings,2024-11-20T00:00:00.000Z,17656.0,4728983.04,https://api-prod.etf.com/private/fund/KRE/holdings?type=securities&formatValues=true,ETFCOM,ETFCOM_VALIDATED_CURRENT_MEMBERSHIP
KRE,AMTB,AMTB,0.09,Amerant Bancorp Inc. Class A,2024-11-20T00:00:00.000Z,186387.0,4454649.3,https://api-prod.etf.com/private/fund/KRE/holdings?type=securities&formatValues=true,ETFCOM,ETFCOM_VALIDATED_CURRENT_MEMBERSHIP
KRE,MBWM,MBWM,0.09,Mercantile Bank Corporation,2024-11-20T00:00:00.000Z,90377.0,4367920.41,https://api-prod.etf.com/private/fund/KRE/holdings?type=securities&formatValues=true,ETFCOM,ETFCOM_VALIDATED_CURRENT_MEMBERSHIP
KRE,FFIC,FFIC,0.09,Flushing Financial Corporation,2024-11-20T00:00:00.000Z,246234.0,4203214.38,https://api-prod.etf.com/private/fund/KRE/holdings?type=securities&formatValues=true,ETFCOM,ETFCOM_VALIDATED_CURRENT_MEMBERSHIP
KRE,TRST,TRST,0.08,TrustCo Bank Corp NY,2024-11-20T00:00:00.000Z,112733.0,4091080.57,https://api-prod.etf.com/private/fund/KRE/holdings?type=securities&formatValues=true,ETFCOM,ETFCOM_VALIDATED_CURRENT_MEMBERSHIP
KRE,CTBI,CTBI,0.08,"Community Trust Bancorp, Inc.",2024-11-20T00:00:00.000Z,68362.0,3943120.16,https://api-prod.etf.com/private/fund/KRE/holdings?type=securities&formatValues=true,ETFCOM,ETFCOM_VALIDATED_CURRENT_MEMBERSHIP
KRE,UVSP,UVSP,0.08,Univest Financial Corporation,2024-11-20T00:00:00.000Z,129058.0,3929816.1,https://api-prod.etf.com/private/fund/KRE/holdings?type=securities&formatValues=true,ETFCOM,ETFCOM_VALIDATED_CURRENT_MEMBERSHIP
KRE,HBNC,HBNC,0.07,"Horizon Bancorp, Inc.",2024-11-20T00:00:00.000Z,184263.0,3329632.41,https://api-prod.etf.com/private/fund/KRE/holdings?type=securities&formatValues=true,ETFCOM,ETFCOM_VALIDATED_CURRENT_MEMBERSHIP
KRE,MSBI,MSBI,0.07,"Midland States Bancorp, Inc.",2024-11-20T00:00:00.000Z,121193.0,3181316.25,https://api-prod.etf.com/private/fund/KRE/holdings?type=securities&formatValues=true,ETFCOM,ETFCOM_VALIDATED_CURRENT_MEMBERSHIP
KRE,CAC,CAC,0.06,Camden National Corporation,2024-11-20T00:00:00.000Z,66337.0,3072066.47,https://api-prod.etf.com/private/fund/KRE/holdings?type=securities&formatValues=true,ETFCOM,ETFCOM_VALIDATED_CURRENT_MEMBERSHIP
KRE,THFF,THFF,0.06,First Financial Corporation,2024-11-20T00:00:00.000Z,63474.0,3058812.06,https://api-prod.etf.com/private/fund/KRE/holdings?type=securities&formatValues=true,ETFCOM,ETFCOM_VALIDATED_CURRENT_MEMBERSHIP
KRE,GSBC,GSBC,0.05,"Great Southern Bancorp, Inc.",2024-11-20T00:00:00.000Z,37769.0,2333746.51,https://api-prod.etf.com/private/fund/KRE/holdings?type=securities&formatValues=true,ETFCOM,ETFCOM_VALIDATED_CURRENT_MEMBERSHIP
KRE,HONE,HONE,0.04,HarborOne Bancorp Inc,2024-11-20T00:00:00.000Z,162296.0,2103356.16,https://api-prod.etf.com/private/fund/KRE/holdings?type=securities&formatValues=true,ETFCOM,ETFCOM_VALIDATED_CURRENT_MEMBERSHIP
KRE,CLBK,CLBK,0.04,"Columbia Financial, Inc.",2024-11-20T00:00:00.000Z,113919.0,2044846.05,https://api-prod.etf.com/private/fund/KRE/holdings?type=securities&formatValues=true,ETFCOM,ETFCOM_VALIDATED_CURRENT_MEMBERSHIP
IHI,ABT,ABT,16.84,Abbott Laboratories,2024-11-21T00:00:00.000Z,7082249.0,830464517.74,https://api-prod.etf.com/private/fund/IHI/holdings?type=securities&formatValues=true,ETFCOM,ETFCOM_VALIDATED_CURRENT_MEMBERSHIP
IHI,ISRG,ISRG,16.12,"Intuitive Surgical, Inc.",2024-11-21T00:00:00.000Z,1443830.0,795001674.6,https://api-prod.etf.com/private/fund/IHI/holdings?type=securities&formatValues=true,ETFCOM,ETFCOM_VALIDATED_CURRENT_MEMBERSHIP
IHI,SYK,SYK,11.04,Stryker Corporation,2024-11-21T00:00:00.000Z,1395591.0,544475872.74,https://api-prod.etf.com/private/fund/IHI/holdings?type=securities&formatValues=true,ETFCOM,ETFCOM_VALIDATED_CURRENT_MEMBERSHIP
IHI,BSX,BSX,4.86,Boston Scientific Corporation,2024-11-21T00:00:00.000Z,2619188.0,239655702.0,https://api-prod.etf.com/private/fund/IHI/holdings?type=securities&formatValues=true,ETFCOM,ETFCOM_VALIDATED_CURRENT_MEMBERSHIP
IHI,EW,EW,4.54,Edwards Lifesciences Corporation,2024-11-21T00:00:00.000Z,3182937.0,224015106.06,https://api-prod.etf.com/private/fund/IHI/holdings?type=securities&formatValues=true,ETFCOM,ETFCOM_VALIDATED_CURRENT_MEMBERSHIP
IHI,GEHC,GEHC,4.35,GE Healthcare Technologies Inc.,2024-11-21T00:00:00.000Z,2614042.0,214351444.0,https://api-prod.etf.com/private/fund/IHI/holdings?type=securities&formatValues=true,ETFCOM,ETFCOM_VALIDATED_CURRENT_MEMBERSHIP
IHI,BDX,BDX,4.25,"Becton, Dickinson and Company",2024-11-21T00:00:00.000Z,929588.0,209575614.6,https://api-prod.etf.com/private/fund/IHI/holdings?type=securities&formatValues=true,ETFCOM,ETFCOM_VALIDATED_CURRENT_MEMBERSHIP
IHI,RMD,RMD,4.15,ResMed Inc.,2024-11-21T00:00:00.000Z,840685.0,204790866.0,https://api-prod.etf.com/private/fund/IHI/holdings?type=securities&formatValues=true,ETFCOM,ETFCOM_VALIDATED_CURRENT_MEMBERSHIP
IHI,MDT,MDT,4.13,Medtronic Plc,2024-11-21T00:00:00.000Z,2404377.0,203746906.98,https://api-prod.etf.com/private/fund/IHI/holdings?type=securities&formatValues=true,ETFCOM,ETFCOM_VALIDATED_CURRENT_MEMBERSHIP
IHI,IDXX,IDXX,3.76,"IDEXX Laboratories, Inc.",2024-11-21T00:00:00.000Z,443102.0,185460342.1,https://api-prod.etf.com/private/fund/IHI/holdings?type=securities&formatValues=true,ETFCOM,ETFCOM_VALIDATED_CURRENT_MEMBERSHIP
IHI,DXCM,DXCM,3.46,"DexCom, Inc.",2024-11-21T00:00:00.000Z,2292797.0,170721664.62,https://api-prod.etf.com/private/fund/IHI/holdings?type=securities&formatValues=true,ETFCOM,ETFCOM_VALIDATED_CURRENT_MEMBERSHIP
IHI,ZBH,ZBH,2.56,"Zimmer Biomet Holdings, Inc.",2024-11-21T00:00:00.000Z,1165214.0,126309197.6,https://api-prod.etf.com/private/fund/IHI/holdings?type=securities&formatValues=true,ETFCOM,ETFCOM_VALIDATED_CURRENT_MEMBERSHIP
IHI,STE,STE,2.47,STERIS plc,2024-11-21T00:00:00.000Z,564246.0,121747359.42,https://api-prod.etf.com/private/fund/IHI/holdings?type=securities&formatValues=true,ETFCOM,ETFCOM_VALIDATED_CURRENT_MEMBERSHIP
IHI,PODD,PODD,2.13,Insulet Corporation,2024-11-21T00:00:00.000Z,401169.0,105106278.0,https://api-prod.etf.com/private/fund/IHI/holdings?type=securities&formatValues=true,ETFCOM,ETFCOM_VALIDATED_CURRENT_MEMBERSHIP
IHI,HOLX,HOLX,2.12,"Hologic, Inc.",2024-11-21T00:00:00.000Z,1328966.0,104616203.52,https://api-prod.etf.com/private/fund/IHI/holdings?type=securities&formatValues=true,ETFCOM,ETFCOM_VALIDATED_CURRENT_MEMBERSHIP
IHI,BAX,BAX,1.95,Baxter International Inc.,2024-11-21T00:00:00.000Z,2919031.0,96298832.69,https://api-prod.etf.com/private/fund/IHI/holdings?type=securities&formatValues=true,ETFCOM,ETFCOM_VALIDATED_CURRENT_MEMBERSHIP
IHI,GMED,GMED,1.11,Globus Medical Inc Class A,2024-11-21T00:00:00.000Z,646409.0,54886588.19,https://api-prod.etf.com/private/fund/IHI/holdings?type=securities&formatValues=true,ETFCOM,ETFCOM_VALIDATED_CURRENT_MEMBERSHIP
IHI,PEN,PEN,1.08,"Penumbra, Inc.",2024-11-21T00:00:00.000Z,222250.0,53448902.5,https://api-prod.etf.com/private/fund/IHI/holdings?type=securities&formatValues=true,ETFCOM,ETFCOM_VALIDATED_CURRENT_MEMBERSHIP
IHI,TFX,TFX,1.04,Teleflex Incorporated,2024-11-21T00:00:00.000Z,269585.0,51393684.4,https://api-prod.etf.com/private/fund/IHI/holdings?type=securities&formatValues=true,ETFCOM,ETFCOM_VALIDATED_CURRENT_MEMBERSHIP
IHI,GKOS,GKOS,0.9,Glaukos Corp,2024-11-21T00:00:00.000Z,314401.0,44277092.83,https://api-prod.etf.com/private/fund/IHI/holdings?type=securities&formatValues=true,ETFCOM,ETFCOM_VALIDATED_CURRENT_MEMBERSHIP
IHI,MASI,MASI,0.87,Masimo Corporation,2024-11-21T00:00:00.000Z,252628.0,42724447.36,https://api-prod.etf.com/private/fund/IHI/holdings?type=securities&formatValues=true,ETFCOM,ETFCOM_VALIDATED_CURRENT_MEMBERSHIP
IHI,INSP,INSP,0.64,"Inspire Medical Systems, Inc.",2024-11-21T00:00:00.000Z,170629.0,31769413.51,https://api-prod.etf.com/private/fund/IHI/holdings?type=securities&formatValues=true,ETFCOM,ETFCOM_VALIDATED_CURRENT_MEMBERSHIP
IHI,PRCT,PRCT,0.56,PROCEPT BioRobotics Corp.,2024-11-21T00:00:00.000Z,294228.0,27789834.6,https://api-prod.etf.com/private/fund/IHI/holdings?type=securities&formatValues=true,ETFCOM,ETFCOM_VALIDATED_CURRENT_MEMBERSHIP
IHI,ITGR,ITGR,0.53,Integer Holdings Corporation,2024-11-21T00:00:00.000Z,191850.0,26068578.0,https://api-prod.etf.com/private/fund/IHI/holdings?type=securities&formatValues=true,ETFCOM,ETFCOM_VALIDATED_CURRENT_MEMBERSHIP
IHI,NVST,NVST,0.43,Envista Holdings Corp.,2024-11-21T00:00:00.000Z,983799.0,21043460.61,https://api-prod.etf.com/private/fund/IHI/holdings?type=securities&formatValues=true,ETFCOM,ETFCOM_VALIDATED_CURRENT_MEMBERSHIP
IHI,LIVN,LIVN,0.33,LivaNova Plc,2024-11-21T00:00:00.000Z,310671.0,16061690.7,https://api-prod.etf.com/private/fund/IHI/holdings?type=securities&formatValues=true,ETFCOM,ETFCOM_VALIDATED_CURRENT_MEMBERSHIP
IHI,TMDX,TMDX,0.31,"TransMedics Group, Inc.",2024-11-21T00:00:00.000Z,190867.0,15143387.78,https://api-prod.etf.com/private/fund/IHI/holdings?type=securities&formatValues=true,ETFCOM,ETFCOM_VALIDATED_CURRENT_MEMBERSHIP
IHI,ENOV,ENOV,0.3,Enovis Corporation,2024-11-21T00:00:00.000Z,319557.0,14753946.69,https://api-prod.etf.com/private/fund/IHI/holdings?type=securities&formatValues=true,ETFCOM,ETFCOM_VALIDATED_CURRENT_MEMBERSHIP
IHI,NARI,NARI,0.29,"Inari Medical, Inc.",2024-11-21T00:00:00.000Z,286707.0,14263673.25,https://api-prod.etf.com/private/fund/IHI/holdings?type=securities&formatValues=true,ETFCOM,ETFCOM_VALIDATED_CURRENT_MEMBERSHIP
IHI,IRTC,IRTC,0.27,"iRhythm Technologies, Inc.",2024-11-21T00:00:00.000Z,178719.0,13207334.1,https://api-prod.etf.com/private/fund/IHI/holdings?type=securities&formatValues=true,ETFCOM,ETFCOM_VALIDATED_CURRENT_MEMBERSHIP
IHI,CNMD,CNMD,0.26,CONMED Corporation,2024-11-21T00:00:00.000Z,176231.0,12637525.01,https://api-prod.etf.com/private/fund/IHI/holdings?type=securities&formatValues=true,ETFCOM,ETFCOM_VALIDATED_CURRENT_MEMBERSHIP
IHI,QDEL,QDEL,0.25,QuidelOrtho Corporation,2024-11-21T00:00:00.000Z,330834.0,12535300.26,https://api-prod.etf.com/private/fund/IHI/holdings?type=securities&formatValues=true,ETFCOM,ETFCOM_VALIDATED_CURRENT_MEMBERSHIP
IHI,LMAT,LMAT,0.25,"LeMaitre Vascular, Inc.",2024-11-21T00:00:00.000Z,116988.0,12385519.56,https://api-prod.etf.com/private/fund/IHI/holdings?type=securities&formatValues=true,ETFCOM,ETFCOM_VALIDATED_CURRENT_MEMBERSHIP
IHI,OMCL,OMCL,0.24,"Omnicell, Inc.",2024-11-21T00:00:00.000Z,263159.0,11607943.49,https://api-prod.etf.com/private/fund/IHI/holdings?type=securities&formatValues=true,ETFCOM,ETFCOM_VALIDATED_CURRENT_MEMBERSHIP
IHI,TNDM,TNDM,0.23,"Tandem Diabetes Care, Inc.",2024-11-21T00:00:00.000Z,374646.0,11516618.04,https://api-prod.etf.com/private/fund/IHI/holdings?type=securities&formatValues=true,ETFCOM,ETFCOM_VALIDATED_CURRENT_MEMBERSHIP
IHI,ATRC,ATRC,0.2,"AtriCure, Inc.",2024-11-21T00:00:00.000Z,278630.0,9941518.4,https://api-prod.etf.com/private/fund/IHI/holdings?type=securities&formatValues=true,ETFCOM,ETFCOM_VALIDATED_CURRENT_MEMBERSHIP
IHI,NVCR,NVCR,0.2,NovoCure Ltd.,2024-11-21T00:00:00.000Z,563448.0,9629326.32,https://api-prod.etf.com/private/fund/IHI/holdings?type=securities&formatValues=true,ETFCOM,ETFCOM_VALIDATED_CURRENT_MEMBERSHIP
IHI,IART,IART,0.18,Integra LifeSciences Holdings Corporation,2024-11-21T00:00:00.000Z,381748.0,8780204.0,https://api-prod.etf.com/private/fund/IHI/holdings?type=securities&formatValues=true,ETFCOM,ETFCOM_VALIDATED_CURRENT_MEMBERSHIP
IHI,AORT,AORT,0.12,"Artivion, Inc.",2024-11-21T00:00:00.000Z,215568.0,6042371.04,https://api-prod.etf.com/private/fund/IHI/holdings?type=securities&formatValues=true,ETFCOM,ETFCOM_VALIDATED_CURRENT_MEMBERSHIP
IHI,ATEC,ATEC,0.12,"Alphatec Holdings, Inc.",2024-11-21T00:00:00.000Z,578213.0,5903554.73,https://api-prod.etf.com/private/fund/IHI/holdings?type=securities&formatValues=true,ETFCOM,ETFCOM_VALIDATED_CURRENT_MEMBERSHIP
IHI,OFIX,OFIX,0.08,"Orthofix Medical, Inc.",2024-11-21T00:00:00.000Z,218240.0,4076723.2,https://api-prod.etf.com/private/fund/IHI/holdings?type=securities&formatValues=true,ETFCOM,ETFCOM_VALIDATED_CURRENT_MEMBERSHIP
IHI,VREX,VREX,0.08,Varex Imaging Corporation,2024-11-21T00:00:00.000Z,233854.0,3860929.54,https://api-prod.etf.com/private/fund/IHI/holdings?type=securities&formatValues=true,ETFCOM,ETFCOM_VALIDATED_CURRENT_MEMBERSHIP
IHI,AXGN,AXGN,0.07,"Axogen, Inc.",2024-11-21T00:00:00.000Z,250559.0,3282322.9,https://api-prod.etf.com/private/fund/IHI/holdings?type=securities&formatValues=true,ETFCOM,ETFCOM_VALIDATED_CURRENT_MEMBERSHIP
IHI,SRDX,SRDX,0.06,"SurModics, Inc.",2024-11-21T00:00:00.000Z,81526.0,3195003.94,https://api-prod.etf.com/private/fund/IHI/holdings?type=securities&formatValues=true,ETFCOM,ETFCOM_VALIDATED_CURRENT_MEMBERSHIP
IHI,SIBN,SIBN,0.05,"SI-BONE, Inc.",2024-11-21T00:00:00.000Z,214567.0,2637028.43,https://api-prod.etf.com/private/fund/IHI/holdings?type=securities&formatValues=true,ETFCOM,ETFCOM_VALIDATED_CURRENT_MEMBERSHIP
IHI,FNA,FNA,0.05,"Paragon 28, Inc.",2024-11-21T00:00:00.000Z,225605.0,2353060.15,https://api-prod.etf.com/private/fund/IHI/holdings?type=securities&formatValues=true,ETFCOM,ETFCOM_VALIDATED_CURRENT_MEMBERSHIP
IHI,TMCI,TMCI,0.04,"Treace Medical Concepts, Inc.",2024-11-21T00:00:00.000Z,248880.0,1976107.2,https://api-prod.etf.com/private/fund/IHI/holdings?type=securities&formatValues=true,ETFCOM,ETFCOM_VALIDATED_CURRENT_MEMBERSHIP
KIE,UNM,UNM,2.51,Unum Group,2024-11-21T00:00:00.000Z,336843.0,25408067.49,https://api-prod.etf.com/private/fund/KIE/holdings?type=securities&formatValues=true,ETFCOM,ETFCOM_VALIDATED_CURRENT_MEMBERSHIP
KIE,GSHD,GSHD,2.51,"Goosehead Insurance, Inc. Class A",2024-11-21T00:00:00.000Z,207767.0,25384972.06,https://api-prod.etf.com/private/fund/KIE/holdings?type=securities&formatValues=true,ETFCOM,ETFCOM_VALIDATED_CURRENT_MEMBERSHIP
KIE,KMPR,KMPR,2.2,Kemper Corp,2024-11-21T00:00:00.000Z,308844.0,22267652.4,https://api-prod.etf.com/private/fund/KIE/holdings?type=securities&formatValues=true,ETFCOM,ETFCOM_VALIDATED_CURRENT_MEMBERSHIP
KIE,CNO,CNO,2.18,"CNO Financial Group, Inc.",2024-11-21T00:00:00.000Z,560771.0,22083161.98,https://api-prod.etf.com/private/fund/KIE/holdings?type=securities&formatValues=true,ETFCOM,ETFCOM_VALIDATED_CURRENT_MEMBERSHIP
KIE,LNC,LNC,2.17,Lincoln National Corp,2024-11-21T00:00:00.000Z,629314.0,21912713.48,https://api-prod.etf.com/private/fund/KIE/holdings?type=securities&formatValues=true,ETFCOM,ETFCOM_VALIDATED_CURRENT_MEMBERSHIP
KIE,BHF,BHF,2.16,"Brighthouse Financial, Inc.",2024-11-21T00:00:00.000Z,434038.0,21897217.1,https://api-prod.etf.com/private/fund/KIE/holdings?type=securities&formatValues=true,ETFCOM,ETFCOM_VALIDATED_CURRENT_MEMBERSHIP
KIE,RLI,RLI,2.15,RLI Corp.,2024-11-21T00:00:00.000Z,122226.0,21759894.78,https://api-prod.etf.com/private/fund/KIE/holdings?type=securities&formatValues=true,ETFCOM,ETFCOM_VALIDATED_CURRENT_MEMBERSHIP
KIE,AIZ,AIZ,2.15,"Assurant, Inc.",2024-11-21T00:00:00.000Z,96405.0,21712334.1,https://api-prod.etf.com/private/fund/KIE/holdings?type=securities&formatValues=true,ETFCOM,ETFCOM_VALIDATED_CURRENT_MEMBERSHIP
KIE,PRI,PRI,2.14,"Primerica, Inc.",2024-11-21T00:00:00.000Z,72792.0,21609761.04,https://api-prod.etf.com/private/fund/KIE/holdings?type=securities&formatValues=true,ETFCOM,ETFCOM_VALIDATED_CURRENT_MEMBERSHIP
KIE,AGO,AGO,2.1,Assured Guaranty Ltd.,2024-11-21T00:00:00.000Z,231148.0,21291042.28,https://api-prod.etf.com/private/fund/KIE/holdings?type=securities&formatValues=true,ETFCOM,ETFCOM_VALIDATED_CURRENT_MEMBERSHIP
KIE,WTM,WTM,2.09,White Mountains Insurance Group Ltd,2024-11-21T00:00:00.000Z,10741.0,21173948.12,https://api-prod.etf.com/private/fund/KIE/holdings?type=securities&formatValues=true,ETFCOM,ETFCOM_VALIDATED_CURRENT_MEMBERSHIP
KIE,CINF,CINF,2.09,Cincinnati Financial Corporation,2024-11-21T00:00:00.000Z,136457.0,21130366.45,https://api-prod.etf.com/private/fund/KIE/holdings?type=securities&formatValues=true,ETFCOM,ETFCOM_VALIDATED_CURRENT_MEMBERSHIP
KIE,GNW,GNW,2.09,"Genworth Financial, Inc.",2024-11-21T00:00:00.000Z,2770385.0,21110333.7,https://api-prod.etf.com/private/fund/KIE/holdings?type=securities&formatValues=true,ETFCOM,ETFCOM_VALIDATED_CURRENT_MEMBERSHIP
KIE,AXS,AXS,2.08,Axis Capital Holdings Limited,2024-11-21T00:00:00.000Z,238620.0,21024808.2,https://api-prod.etf.com/private/fund/KIE/holdings?type=securities&formatValues=true,ETFCOM,ETFCOM_VALIDATED_CURRENT_MEMBERSHIP
KIE,RYAN,RYAN,2.05,"Ryan Specialty Holdings, Inc. Class A",2024-11-21T00:00:00.000Z,289222.0,20745894.06,https://api-prod.etf.com/private/fund/KIE/holdings?type=securities&formatValues=true,ETFCOM,ETFCOM_VALIDATED_CURRENT_MEMBERSHIP
KIE,MET,MET,2.05,"MetLife, Inc.",2024-11-21T00:00:00.000Z,243255.0,20722893.45,https://api-prod.etf.com/private/fund/KIE/holdings?type=securities&formatValues=true,ETFCOM,ETFCOM_VALIDATED_CURRENT_MEMBERSHIP
KIE,THG,THG,2.04,"Hanover Insurance Group, Inc.",2024-11-21T00:00:00.000Z,126762.0,20629247.88,https://api-prod.etf.com/private/fund/KIE/holdings?type=securities&formatValues=true,ETFCOM,ETFCOM_VALIDATED_CURRENT_MEMBERSHIP
KIE,MKL,MKL,2.02,Markel Group Inc.,2024-11-21T00:00:00.000Z,11878.0,20411749.1,https://api-prod.etf.com/private/fund/KIE/holdings?type=securities&formatValues=true,ETFCOM,ETFCOM_VALIDATED_CURRENT_MEMBERSHIP
KIE,AON,AON,2.01,Aon Plc Class A,2024-11-21T00:00:00.000Z,53286.0,20388289.32,https://api-prod.etf.com/private/fund/KIE/holdings?type=securities&formatValues=true,ETFCOM,ETFCOM_VALIDATED_CURRENT_MEMBERSHIP
KIE,TRV,TRV,2.01,"Travelers Companies, Inc.",2024-11-21T00:00:00.000Z,77925.0,20323619.25,https://api-prod.etf.com/private/fund/KIE/holdings?type=securities&formatValues=true,ETFCOM,ETFCOM_VALIDATED_CURRENT_MEMBERSHIP
KIE,ORI,ORI,2.0,Old Republic International Corporation,2024-11-21T00:00:00.000Z,528783.0,20210086.26,https://api-prod.etf.com/private/fund/KIE/holdings?type=securities&formatValues=true,ETFCOM,ETFCOM_VALIDATED_CURRENT_MEMBERSHIP
KIE,L,L,1.99,Loews Corporation,2024-11-21T00:00:00.000Z,236580.0,20149518.6,https://api-prod.etf.com/private/fund/KIE/holdings?type=securities&formatValues=true,ETFCOM,ETFCOM_VALIDATED_CURRENT_MEMBERSHIP
KIE,PRU,PRU,1.99,"Prudential Financial, Inc.",2024-11-21T00:00:00.000Z,159418.0,20128116.68,https://api-prod.etf.com/private/fund/KIE/holdings?type=securities&formatValues=true,ETFCOM,ETFCOM_VALIDATED_CURRENT_MEMBERSHIP
KIE,WTW,WTW,1.98,Willis Towers Watson Public Limited Company,2024-11-21T00:00:00.000Z,63756.0,20029584.96,https://api-prod.etf.com/private/fund/KIE/holdings?type=securities&formatValues=true,ETFCOM,ETFCOM_VALIDATED_CURRENT_MEMBERSHIP
KIE,ALL,ALL,1.98,Allstate Corporation,2024-11-21T00:00:00.000Z,98423.0,20027112.04,https://api-prod.etf.com/private/fund/KIE/holdings?type=securities&formatValues=true,ETFCOM,ETFCOM_VALIDATED_CURRENT_MEMBERSHIP
KIE,BRO,BRO,1.97,"Brown & Brown, Inc.",2024-11-21T00:00:00.000Z,179714.0,19903325.5,https://api-prod.etf.com/private/fund/KIE/holdings?type=securities&formatValues=true,ETFCOM,ETFCOM_VALIDATED_CURRENT_MEMBERSHIP
KIE,RGA,RGA,1.96,"Reinsurance Group of America, Incorporated",2024-11-21T00:00:00.000Z,86708.0,19870872.36,https://api-prod.etf.com/private/fund/KIE/holdings?type=securities&formatValues=true,ETFCOM,ETFCOM_VALIDATED_CURRENT_MEMBERSHIP
KIE,AFG,AFG,1.96,"American Financial Group, Inc.",2024-11-21T00:00:00.000Z,138034.0,19847908.86,https://api-prod.etf.com/private/fund/KIE/holdings?type=securities&formatValues=true,ETFCOM,ETFCOM_VALIDATED_CURRENT_MEMBERSHIP
KIE,WRB,WRB,1.95,W. R. Berkley Corporation,2024-11-21T00:00:00.000Z,317688.0,19741132.32,https://api-prod.etf.com/private/fund/KIE/holdings?type=securities&formatValues=true,ETFCOM,ETFCOM_VALIDATED_CURRENT_MEMBERSHIP
KIE,SIGI,SIGI,1.94,"Selective Insurance Group, Inc.",2024-11-21T00:00:00.000Z,203780.0,19640316.4,https://api-prod.etf.com/private/fund/KIE/holdings?type=securities&formatValues=true,ETFCOM,ETFCOM_VALIDATED_CURRENT_MEMBERSHIP
KIE,KNSL,KNSL,1.93,"Kinsale Capital Group, Inc.",2024-11-21T00:00:00.000Z,39856.0,19526251.52,https://api-prod.etf.com/private/fund/KIE/holdings?type=securities&formatValues=true,ETFCOM,ETFCOM_VALIDATED_CURRENT_MEMBERSHIP
KIE,GL,GL,1.92,Globe Life Inc.,2024-11-21T00:00:00.000Z,178548.0,19459946.52,https://api-prod.etf.com/private/fund/KIE/holdings?type=securities&formatValues=true,ETFCOM,ETFCOM_VALIDATED_CURRENT_MEMBERSHIP
KIE,PFG,PFG,1.91,"Principal Financial Group, Inc.",2024-11-21T00:00:00.000Z,227909.0,19303892.3,https://api-prod.etf.com/private/fund/KIE/holdings?type=securities&formatValues=true,ETFCOM,ETFCOM_VALIDATED_CURRENT_MEMBERSHIP
KIE,AIG,AIG,1.9,"American International Group, Inc.",2024-11-21T00:00:00.000Z,253508.0,19261537.84,https://api-prod.etf.com/private/fund/KIE/holdings?type=securities&formatValues=true,ETFCOM,ETFCOM_VALIDATED_CURRENT_MEMBERSHIP
KIE,HIG,HIG,1.9,"Hartford Financial Services Group, Inc.",2024-11-21T00:00:00.000Z,160663.0,19221721.32,https://api-prod.etf.com/private/fund/KIE/holdings?type=securities&formatValues=true,ETFCOM,ETFCOM_VALIDATED_CURRENT_MEMBERSHIP
KIE,PGR,PGR,1.89,Progressive Corporation,2024-11-21T00:00:00.000Z,72468.0,19090969.92,https://api-prod.etf.com/private/fund/KIE/holdings?type=securities&formatValues=true,ETFCOM,ETFCOM_VALIDATED_CURRENT_MEMBERSHIP
KIE,AFL,AFL,1.88,Aflac Incorporated,2024-11-21T00:00:00.000Z,170679.0,19069964.67,https://api-prod.etf.com/private/fund/KIE/holdings?type=securities&formatValues=true,ETFCOM,ETFCOM_VALIDATED_CURRENT_MEMBERSHIP
KIE,RNR,RNR,1.88,RenaissanceRe Holdings Ltd.,2024-11-21T00:00:00.000Z,71696.0,18973629.44,https://api-prod.etf.com/private/fund/KIE/holdings?type=securities&formatValues=true,ETFCOM,ETFCOM_VALIDATED_CURRENT_MEMBERSHIP
KIE,AJG,AJG,1.86,Arthur J. Gallagher & Co.,2024-11-21T00:00:00.000Z,62262.0,18830519.28,https://api-prod.etf.com/private/fund/KIE/holdings?type=securities&formatValues=true,ETFCOM,ETFCOM_VALIDATED_CURRENT_MEMBERSHIP
KIE,ESGR,ESGR,1.85,Enstar Group Limited,2024-11-21T00:00:00.000Z,57758.0,18743048.58,https://api-prod.etf.com/private/fund/KIE/holdings?type=securities&formatValues=true,ETFCOM,ETFCOM_VALIDATED_CURRENT_MEMBERSHIP
KIE,EG,EG,1.84,"Everest Group, Ltd.",2024-11-21T00:00:00.000Z,48365.0,18627779.75,https://api-prod.etf.com/private/fund/KIE/holdings?type=securities&formatValues=true,ETFCOM,ETFCOM_VALIDATED_CURRENT_MEMBERSHIP
KIE,FNF,FNF,1.84,"Fidelity National Financial, Inc. - FNF Group",2024-11-21T00:00:00.000Z,306194.0,18573728.04,https://api-prod.etf.com/private/fund/KIE/holdings?type=securities&formatValues=true,ETFCOM,ETFCOM_VALIDATED_CURRENT_MEMBERSHIP
KIE,FAF,FAF,1.83,First American Financial Corporation,2024-11-21T00:00:00.000Z,279325.0,18552766.5,https://api-prod.etf.com/private/fund/KIE/holdings?type=securities&formatValues=true,ETFCOM,ETFCOM_VALIDATED_CURRENT_MEMBERSHIP
KIE,CB,CB,1.81,Chubb Limited,2024-11-21T00:00:00.000Z,64157.0,18291802.27,https://api-prod.etf.com/private/fund/KIE/holdings?type=securities&formatValues=true,ETFCOM,ETFCOM_VALIDATED_CURRENT_MEMBERSHIP
KIE,MMC,MMC,1.79,"Marsh & McLennan Companies, Inc.",2024-11-21T00:00:00.000Z,80697.0,18110020.74,https://api-prod.etf.com/private/fund/KIE/holdings?type=securities&formatValues=true,ETFCOM,ETFCOM_VALIDATED_CURRENT_MEMBERSHIP
KIE,PLMR,PLMR,1.79,"Palomar Holdings, Inc.",2024-11-21T00:00:00.000Z,166461.0,18089316.87,https://api-prod.etf.com/private/fund/KIE/holdings?type=securities&formatValues=true,ETFCOM,ETFCOM_VALIDATED_CURRENT_MEMBERSHIP
KIE,BWIN,BWIN,1.77,"Baldwin Insurance Group, Inc. Class A",2024-11-21T00:00:00.000Z,383954.0,17957528.58,https://api-prod.etf.com/private/fund/KIE/holdings?type=securities&formatValues=true,ETFCOM,ETFCOM_VALIDATED_CURRENT_MEMBERSHIP
KIE,ACGL,ACGL,1.61,Arch Capital Group Ltd.,2024-11-21T00:00:00.000Z,165266.0,16293574.94,https://api-prod.etf.com/private/fund/KIE/holdings?type=securities&formatValues=true,ETFCOM,ETFCOM_VALIDATED_CURRENT_MEMBERSHIP
KIE,ERIE,ERIE,1.49,Erie Indemnity Company Class A,2024-11-21T00:00:00.000Z,35536.0,15103866.08,https://api-prod.etf.com/private/fund/KIE/holdings?type=securities&formatValues=true,ETFCOM,ETFCOM_VALIDATED_CURRENT_MEMBERSHIP
KIE,OSCR,OSCR,1.38,"Oscar Health, Inc. Class A",2024-11-21T00:00:00.000Z,856741.0,13973445.71,https://api-prod.etf.com/private/fund/KIE/holdings?type=securities&formatValues=true,ETFCOM,ETFCOM_VALIDATED_CURRENT_MEMBERSHIP
KIE,STC,STC,1.38,Stewart Information Services Corporation,2024-11-21T00:00:00.000Z,188581.0,13915391.99,https://api-prod.etf.com/private/fund/KIE/holdings?type=securities&formatValues=true,ETFCOM,ETFCOM_VALIDATED_CURRENT_MEMBERSHIP
IYT,UBER,UBER,16.07,"Uber Technologies, Inc.",2024-11-21T00:00:00.000Z,1766655.0,123029854.2,https://api-prod.etf.com/private/fund/IYT/holdings?type=securities&formatValues=true,ETFCOM,ETFCOM_VALIDATED_CURRENT_MEMBERSHIP
IYT,UNP,UNP,16.0,Union Pacific Corporation,2024-11-21T00:00:00.000Z,512271.0,122443014.42,https://api-prod.etf.com/private/fund/IYT/holdings?type=securities&formatValues=true,ETFCOM,ETFCOM_VALIDATED_CURRENT_MEMBERSHIP
IYT,UPS,UPS,8.04,"United Parcel Service, Inc. Class B",2024-11-21T00:00:00.000Z,468291.0,61519388.67,https://api-prod.etf.com/private/fund/IYT/holdings?type=securities&formatValues=true,ETFCOM,ETFCOM_VALIDATED_CURRENT_MEMBERSHIP
IYT,DAL,DAL,5.81,"Delta Air Lines, Inc.",2024-11-21T00:00:00.000Z,701953.0,44461703.02,https://api-prod.etf.com/private/fund/IYT/holdings?type=securities&formatValues=true,ETFCOM,ETFCOM_VALIDATED_CURRENT_MEMBERSHIP
IYT,UAL,UAL,5.08,"United Airlines Holdings, Inc.",2024-11-21T00:00:00.000Z,412232.0,38914700.8,https://api-prod.etf.com/private/fund/IYT/holdings?type=securities&formatValues=true,ETFCOM,ETFCOM_VALIDATED_CURRENT_MEMBERSHIP
IYT,ODFL,ODFL,4.7,"Old Dominion Freight Line, Inc.",2024-11-21T00:00:00.000Z,164586.0,35943936.54,https://api-prod.etf.com/private/fund/IYT/holdings?type=securities&formatValues=true,ETFCOM,ETFCOM_VALIDATED_CURRENT_MEMBERSHIP
IYT,CSX,CSX,4.31,CSX Corporation,2024-11-21T00:00:00.000Z,933407.0,32986603.38,https://api-prod.etf.com/private/fund/IYT/holdings?type=securities&formatValues=true,ETFCOM,ETFCOM_VALIDATED_CURRENT_MEMBERSHIP
IYT,NSC,NSC,4.23,Norfolk Southern Corporation,2024-11-21T00:00:00.000Z,122500.0,32371850.0,https://api-prod.etf.com/private/fund/IYT/holdings?type=securities&formatValues=true,ETFCOM,ETFCOM_VALIDATED_CURRENT_MEMBERSHIP
IYT,FDX,FDX,4.21,FedEx Corporation,2024-11-21T00:00:00.000Z,109111.0,32205202.76,https://api-prod.etf.com/private/fund/IYT/holdings?type=securities&formatValues=true,ETFCOM,ETFCOM_VALIDATED_CURRENT_MEMBERSHIP
IYT,LUV,LUV,3.12,Southwest Airlines Co.,2024-11-21T00:00:00.000Z,751106.0,23877659.74,https://api-prod.etf.com/private/fund/IYT/holdings?type=securities&formatValues=true,ETFCOM,ETFCOM_VALIDATED_CURRENT_MEMBERSHIP
IYT,XPO,XPO,2.85,"XPO, Inc.",2024-11-21T00:00:00.000Z,145891.0,21838423.79,https://api-prod.etf.com/private/fund/IYT/holdings?type=securities&formatValues=true,ETFCOM,ETFCOM_VALIDATED_CURRENT_MEMBERSHIP
IYT,EXPD,EXPD,2.79,"Expeditors International of Washington, Inc.",2024-11-21T00:00:00.000Z,176907.0,21352674.9,https://api-prod.etf.com/private/fund/IYT/holdings?type=securities&formatValues=true,ETFCOM,ETFCOM_VALIDATED_CURRENT_MEMBERSHIP
IYT,JBHT,JBHT,2.4,"J.B. Hunt Transport Services, Inc.",2024-11-21T00:00:00.000Z,101009.0,18340204.13,https://api-prod.etf.com/private/fund/IYT/holdings?type=securities&formatValues=true,ETFCOM,ETFCOM_VALIDATED_CURRENT_MEMBERSHIP
IYT,SAIA,SAIA,2.39,"Saia, Inc.",2024-11-21T00:00:00.000Z,33334.0,18306699.46,https://api-prod.etf.com/private/fund/IYT/holdings?type=securities&formatValues=true,ETFCOM,ETFCOM_VALIDATED_CURRENT_MEMBERSHIP
IYT,CHRW,CHRW,2.08,"C.H. Robinson Worldwide, Inc.",2024-11-21T00:00:00.000Z,147030.0,15958636.2,https://api-prod.etf.com/private/fund/IYT/holdings?type=securities&formatValues=true,ETFCOM,ETFCOM_VALIDATED_CURRENT_MEMBERSHIP
IYT,AAL,AAL,1.53,American Airlines Group Inc.,2024-11-21T00:00:00.000Z,823249.0,11690135.8,https://api-prod.etf.com/private/fund/IYT/holdings?type=securities&formatValues=true,ETFCOM,ETFCOM_VALIDATED_CURRENT_MEMBERSHIP
IYT,KNX,KNX,1.49,Knight-Swift Transportation Holdings Inc. Class A,2024-11-21T00:00:00.000Z,202919.0,11406076.99,https://api-prod.etf.com/private/fund/IYT/holdings?type=securities&formatValues=true,ETFCOM,ETFCOM_VALIDATED_CURRENT_MEMBERSHIP
IYT,KEX,KEX,1.22,Kirby Corporation,2024-11-21T00:00:00.000Z,72583.0,9349416.23,https://api-prod.etf.com/private/fund/IYT/holdings?type=securities&formatValues=true,ETFCOM,ETFCOM_VALIDATED_CURRENT_MEMBERSHIP
IYT,GXO,GXO,1.17,GXO Logistics Inc,2024-11-21T00:00:00.000Z,149767.0,8986020.0,https://api-prod.etf.com/private/fund/IYT/holdings?type=securities&formatValues=true,ETFCOM,ETFCOM_VALIDATED_CURRENT_MEMBERSHIP
IYT,R,R,1.14,"Ryder System, Inc.",2024-11-21T00:00:00.000Z,54256.0,8746609.759999998,https://api-prod.etf.com/private/fund/IYT/holdings?type=securities&formatValues=true,ETFCOM,ETFCOM_VALIDATED_CURRENT_MEMBERSHIP
IYT,ALK,ALK,1.08,"Alaska Air Group, Inc.",2024-11-21T00:00:00.000Z,158162.0,8271872.599999999,https://api-prod.etf.com/private/fund/IYT/holdings?type=securities&formatValues=true,ETFCOM,ETFCOM_VALIDATED_CURRENT_MEMBERSHIP
IYT,LSTR,LSTR,1.04,"Landstar System, Inc.",2024-11-21T00:00:00.000Z,44452.0,7976911.4,https://api-prod.etf.com/private/fund/IYT/holdings?type=securities&formatValues=true,ETFCOM,ETFCOM_VALIDATED_CURRENT_MEMBERSHIP
IYT,LYFT,LYFT,0.96,"Lyft, Inc. Class A",2024-11-21T00:00:00.000Z,453140.0,7381650.599999999,https://api-prod.etf.com/private/fund/IYT/holdings?type=securities&formatValues=true,ETFCOM,ETFCOM_VALIDATED_CURRENT_MEMBERSHIP
IYT,MATX,MATX,0.84,"Matson, Inc.",2024-11-21T00:00:00.000Z,42109.0,6427517.76,https://api-prod.etf.com/private/fund/IYT/holdings?type=securities&formatValues=true,ETFCOM,ETFCOM_VALIDATED_CURRENT_MEMBERSHIP
IYT,SKYW,SKYW,0.72,"SkyWest, Inc",2024-11-21T00:00:00.000Z,50268.0,5507362.08,https://api-prod.etf.com/private/fund/IYT/holdings?type=securities&formatValues=true,ETFCOM,ETFCOM_VALIDATED_CURRENT_MEMBERSHIP
IYT,RXO,RXO,0.63,"RXO, Inc.",2024-11-21T00:00:00.000Z,172085.0,4802892.35,https://api-prod.etf.com/private/fund/IYT/holdings?type=securities&formatValues=true,ETFCOM,ETFCOM_VALIDATED_CURRENT_MEMBERSHIP
IYT,JOBY,JOBY,0.53,"Joby Aviation, Inc.",2024-11-21T00:00:00.000Z,597766.0,4064808.8,https://api-prod.etf.com/private/fund/IYT/holdings?type=securities&formatValues=true,ETFCOM,ETFCOM_VALIDATED_CURRENT_MEMBERSHIP
IYT,HUBG,HUBG,0.5,"Hub Group, Inc. Class A",2024-11-21T00:00:00.000Z,77219.0,3857089.05,https://api-prod.etf.com/private/fund/IYT/holdings?type=securities&formatValues=true,ETFCOM,ETFCOM_VALIDATED_CURRENT_MEMBERSHIP
IYT,ARCB,ARCB,0.42,ArcBest Corporation,2024-11-21T00:00:00.000Z,29661.0,3233049.0,https://api-prod.etf.com/private/fund/IYT/holdings?type=securities&formatValues=true,ETFCOM,ETFCOM_VALIDATED_CURRENT_MEMBERSHIP
IYT,WERN,WERN,0.4,"Werner Enterprises, Inc.",2024-11-21T00:00:00.000Z,77467.0,3044453.1,https://api-prod.etf.com/private/fund/IYT/holdings?type=securities&formatValues=true,ETFCOM,ETFCOM_VALIDATED_CURRENT_MEMBERSHIP
IYT,JBLU,JBLU,0.3,JetBlue Airways Corporation,2024-11-21T00:00:00.000Z,373915.0,2299577.25,https://api-prod.etf.com/private/fund/IYT/holdings?type=securities&formatValues=true,ETFCOM,ETFCOM_VALIDATED_CURRENT_MEMBERSHIP
IYT,CAR,CAR,0.28,"Avis Budget Group, Inc.",2024-11-21T00:00:00.000Z,21464.0,2181600.96,https://api-prod.etf.com/private/fund/IYT/holdings?type=securities&formatValues=true,ETFCOM,ETFCOM_VALIDATED_CURRENT_MEMBERSHIP
IYT,SNDR,SNDR,0.24,"Schneider National, Inc. Class B",2024-11-21T00:00:00.000Z,58901.0,1850080.41,https://api-prod.etf.com/private/fund/IYT/holdings?type=securities&formatValues=true,ETFCOM,ETFCOM_VALIDATED_CURRENT_MEMBERSHIP
IYT,ATSG,ATSG,0.18,"Air Transport Services Group, Inc.",2024-11-21T00:00:00.000Z,62828.0,1379702.88,https://api-prod.etf.com/private/fund/IYT/holdings?type=securities&formatValues=true,ETFCOM,ETFCOM_VALIDATED_CURRENT_MEMBERSHIP
IYT,ALGT,ALGT,0.18,Allegiant Travel Company,2024-11-21T00:00:00.000Z,18267.0,1373130.39,https://api-prod.etf.com/private/fund/IYT/holdings?type=securities&formatValues=true,ETFCOM,ETFCOM_VALIDATED_CURRENT_MEMBERSHIP
IYT,MRTN,MRTN,0.16,"Marten Transport, Ltd.",2024-11-21T00:00:00.000Z,72327.0,1204244.55,https://api-prod.etf.com/private/fund/IYT/holdings?type=securities&formatValues=true,ETFCOM,ETFCOM_VALIDATED_CURRENT_MEMBERSHIP
IYT,FIP,FIP,0.15,FTAI Infrastructure Incorporation,2024-11-21T00:00:00.000Z,131385.0,1111517.1,https://api-prod.etf.com/private/fund/IYT/holdings?type=securities&formatValues=true,ETFCOM,ETFCOM_VALIDATED_CURRENT_MEMBERSHIP
IYT,GNK,GNK,0.12,Genco Shipping & Trading Ltd,2024-11-21T00:00:00.000Z,53408.0,893515.8399999999,https://api-prod.etf.com/private/fund/IYT/holdings?type=securities&formatValues=true,ETFCOM,ETFCOM_VALIDATED_CURRENT_MEMBERSHIP
IYT,FWRD,FWRD,0.11,Forward Air Corporation,2024-11-21T00:00:00.000Z,24049.0,858068.3199999998,https://api-prod.etf.com/private/fund/IYT/holdings?type=securities&formatValues=true,ETFCOM,ETFCOM_VALIDATED_CURRENT_MEMBERSHIP
IYT,UHAL,UHAL,0.11,U-Haul Holding Company,2024-11-21T00:00:00.000Z,12084.0,837421.1999999998,https://api-prod.etf.com/private/fund/IYT/holdings?type=securities&formatValues=true,ETFCOM,ETFCOM_VALIDATED_CURRENT_MEMBERSHIP
IYT,SNCY,SNCY,0.09,"Sun Country Airlines Holdings, Inc.",2024-11-21T00:00:00.000Z,49169.0,683940.79,https://api-prod.etf.com/private/fund/IYT/holdings?type=securities&formatValues=true,ETFCOM,ETFCOM_VALIDATED_CURRENT_MEMBERSHIP
IYT,HTLD,HTLD,0.09,"Heartland Express, Inc.",2024-11-21T00:00:00.000Z,54314.0,663717.08,https://api-prod.etf.com/private/fund/IYT/holdings?type=securities&formatValues=true,ETFCOM,ETFCOM_VALIDATED_CURRENT_MEMBERSHIP
IYT,HTZ,HTZ,0.08,Hertz Global Holdings Inc,2024-11-21T00:00:00.000Z,154232.0,599191.32,https://api-prod.etf.com/private/fund/IYT/holdings?type=securities&formatValues=true,ETFCOM,ETFCOM_VALIDATED_CURRENT_MEMBERSHIP
IYT,CVLG,CVLG,0.07,"Covenant Logistics Group, Inc. Class A",2024-11-21T00:00:00.000Z,9938.0,566068.48,https://api-prod.etf.com/private/fund/IYT/holdings?type=securities&formatValues=true,ETFCOM,ETFCOM_VALIDATED_CURRENT_MEMBERSHIP
ITA,GE,GE,17.78,GE Aerospace,2024-11-21T00:00:00.000Z,6436798.0,1150255802.6,https://api-prod.etf.com/private/fund/ITA/holdings?type=securities&formatValues=true,ETFCOM,ETFCOM_VALIDATED_CURRENT_MEMBERSHIP
ITA,RTX,RTX,14.71,RTX Corporation,2024-11-21T00:00:00.000Z,7896695.0,951788648.35,https://api-prod.etf.com/private/fund/ITA/holdings?type=securities&formatValues=true,ETFCOM,ETFCOM_VALIDATED_CURRENT_MEMBERSHIP
ITA,LMT,LMT,9.85,Lockheed Martin Corporation,2024-11-21T00:00:00.000Z,1176023.0,637416226.23,https://api-prod.etf.com/private/fund/ITA/holdings?type=securities&formatValues=true,ETFCOM,ETFCOM_VALIDATED_CURRENT_MEMBERSHIP
ITA,AXON,AXON,7.23,Axon Enterprise Inc,2024-11-21T00:00:00.000Z,740730.0,467600627.1,https://api-prod.etf.com/private/fund/ITA/holdings?type=securities&formatValues=true,ETFCOM,ETFCOM_VALIDATED_CURRENT_MEMBERSHIP
ITA,HWM,HWM,5.15,Howmet Aerospace Inc.,2024-11-21T00:00:00.000Z,2847573.0,333109089.54,https://api-prod.etf.com/private/fund/ITA/holdings?type=securities&formatValues=true,ETFCOM,ETFCOM_VALIDATED_CURRENT_MEMBERSHIP
ITA,BA,BA,4.59,Boeing Company,2024-11-21T00:00:00.000Z,2072606.0,297232426.46,https://api-prod.etf.com/private/fund/ITA/holdings?type=securities&formatValues=true,ETFCOM,ETFCOM_VALIDATED_CURRENT_MEMBERSHIP
ITA,LHX,LHX,4.5,L3Harris Technologies Inc,2024-11-21T00:00:00.000Z,1180244.0,291048170.4,https://api-prod.etf.com/private/fund/ITA/holdings?type=securities&formatValues=true,ETFCOM,ETFCOM_VALIDATED_CURRENT_MEMBERSHIP
ITA,NOC,NOC,3.98,Northrop Grumman Corp.,2024-11-21T00:00:00.000Z,519309.0,257790180.69,https://api-prod.etf.com/private/fund/ITA/holdings?type=securities&formatValues=true,ETFCOM,ETFCOM_VALIDATED_CURRENT_MEMBERSHIP
ITA,GD,GD,3.87,General Dynamics Corporation,2024-11-21T00:00:00.000Z,894317.0,250346157.81,https://api-prod.etf.com/private/fund/ITA/holdings?type=securities&formatValues=true,ETFCOM,ETFCOM_VALIDATED_CURRENT_MEMBERSHIP
ITA,TDG,TDG,3.87,TransDigm Group Incorporated,2024-11-21T00:00:00.000Z,201747.0,250192507.11,https://api-prod.etf.com/private/fund/ITA/holdings?type=securities&formatValues=true,ETFCOM,ETFCOM_VALIDATED_CURRENT_MEMBERSHIP
ITA,TXT,TXT,2.92,Textron Inc.,2024-11-21T00:00:00.000Z,2251274.0,189016965.04,https://api-prod.etf.com/private/fund/ITA/holdings?type=securities&formatValues=true,ETFCOM,ETFCOM_VALIDATED_CURRENT_MEMBERSHIP
ITA,HEI.A,HEI-A,2.66,HEICO Corporation Class A,2024-11-21T00:00:00.000Z,799248.0,172174004.16,https://api-prod.etf.com/private/fund/ITA/holdings?type=securities&formatValues=true,ETFCOM,ETFCOM_VALIDATED_CURRENT_MEMBERSHIP
ITA,CW,CW,2.61,Curtiss-Wright Corporation,2024-11-21T00:00:00.000Z,460182.0,169139894.1,https://api-prod.etf.com/private/fund/ITA/holdings?type=securities&formatValues=true,ETFCOM,ETFCOM_VALIDATED_CURRENT_MEMBERSHIP
ITA,BWXT,BWXT,2.26,"BWX Technologies, Inc.",2024-11-21T00:00:00.000Z,1098465.0,146403415.2,https://api-prod.etf.com/private/fund/ITA/holdings?type=securities&formatValues=true,ETFCOM,ETFCOM_VALIDATED_CURRENT_MEMBERSHIP
ITA,WWD,WWD,1.91,"Woodward, Inc.",2024-11-21T00:00:00.000Z,716834.0,123682538.36,https://api-prod.etf.com/private/fund/ITA/holdings?type=securities&formatValues=true,ETFCOM,ETFCOM_VALIDATED_CURRENT_MEMBERSHIP
ITA,HEI,HEI,1.84,HEICO Corporation,2024-11-21T00:00:00.000Z,429679.0,119171470.65,https://api-prod.etf.com/private/fund/ITA/holdings?type=securities&formatValues=true,ETFCOM,ETFCOM_VALIDATED_CURRENT_MEMBERSHIP
ITA,RKLB,RKLB,1.45,"Rocket Lab USA, Inc.",2024-11-21T00:00:00.000Z,4177196.0,93610962.36000001,https://api-prod.etf.com/private/fund/ITA/holdings?type=securities&formatValues=true,ETFCOM,ETFCOM_VALIDATED_CURRENT_MEMBERSHIP
ITA,HII,HII,1.42,"Huntington Ingalls Industries, Inc.",2024-11-21T00:00:00.000Z,471188.0,92023016.4,https://api-prod.etf.com/private/fund/ITA/holdings?type=securities&formatValues=true,ETFCOM,ETFCOM_VALIDATED_CURRENT_MEMBERSHIP
ITA,MOG.A,MOG-A,1.18,Moog Inc. Class A,2024-11-21T00:00:00.000Z,345627.0,76148540.64,https://api-prod.etf.com/private/fund/ITA/holdings?type=securities&formatValues=true,ETFCOM,ETFCOM_VALIDATED_CURRENT_MEMBERSHIP
ITA,AVAV,AVAV,1.01,"AeroVironment, Inc.",2024-11-21T00:00:00.000Z,336613.0,65390441.38,https://api-prod.etf.com/private/fund/ITA/holdings?type=securities&formatValues=true,ETFCOM,ETFCOM_VALIDATED_CURRENT_MEMBERSHIP
ITA,HXL,HXL,0.9,Hexcel Corporation,2024-11-21T00:00:00.000Z,982253.0,58463698.56,https://api-prod.etf.com/private/fund/ITA/holdings?type=securities&formatValues=true,ETFCOM,ETFCOM_VALIDATED_CURRENT_MEMBERSHIP
ITA,KTOS,KTOS,0.74,"Kratos Defense & Security Solutions, Inc.",2024-11-21T00:00:00.000Z,1814338.0,47608229.12,https://api-prod.etf.com/private/fund/ITA/holdings?type=securities&formatValues=true,ETFCOM,ETFCOM_VALIDATED_CURRENT_MEMBERSHIP
ITA,SPR,SPR,0.68,"Spirit AeroSystems Holdings, Inc. Class A",2024-11-21T00:00:00.000Z,1401252.0,43971287.76,https://api-prod.etf.com/private/fund/ITA/holdings?type=securities&formatValues=true,ETFCOM,ETFCOM_VALIDATED_CURRENT_MEMBERSHIP
ITA,DRS,DRS,0.49,"Leonardo DRS, Inc.",2024-11-21T00:00:00.000Z,887188.0,31672611.6,https://api-prod.etf.com/private/fund/ITA/holdings?type=securities&formatValues=true,ETFCOM,ETFCOM_VALIDATED_CURRENT_MEMBERSHIP
ITA,AIR,AIR,0.44,AAR CORP.,2024-11-21T00:00:00.000Z,423120.0,28704460.8,https://api-prod.etf.com/private/fund/ITA/holdings?type=securities&formatValues=true,ETFCOM,ETFCOM_VALIDATED_CURRENT_MEMBERSHIP
ITA,MRCY,MRCY,0.37,"Mercury Systems, Inc.",2024-11-21T00:00:00.000Z,606724.0,24256825.52,https://api-prod.etf.com/private/fund/ITA/holdings?type=securities&formatValues=true,ETFCOM,ETFCOM_VALIDATED_CURRENT_MEMBERSHIP
ITA,TGI,TGI,0.27,"Triumph Group, Inc.",2024-11-21T00:00:00.000Z,929127.0,17746325.7,https://api-prod.etf.com/private/fund/ITA/holdings?type=securities&formatValues=true,ETFCOM,ETFCOM_VALIDATED_CURRENT_MEMBERSHIP
ITA,ACHR,ACHR,0.24,Archer Aviation Inc Class A,2024-11-21T00:00:00.000Z,2648421.0,15307873.38,https://api-prod.etf.com/private/fund/ITA/holdings?type=securities&formatValues=true,ETFCOM,ETFCOM_VALIDATED_CURRENT_MEMBERSHIP
ITA,LOAR,LOAR,0.2,Loar Holdings Inc.,2024-11-21T00:00:00.000Z,140116.0,12714125.84,https://api-prod.etf.com/private/fund/ITA/holdings?type=securities&formatValues=true,ETFCOM,ETFCOM_VALIDATED_CURRENT_MEMBERSHIP
ITA,DCO,DCO,0.16,Ducommun Incorporated,2024-11-21T00:00:00.000Z,163024.0,10621013.6,https://api-prod.etf.com/private/fund/ITA/holdings?type=securities&formatValues=true,ETFCOM,ETFCOM_VALIDATED_CURRENT_MEMBERSHIP
ITA,VVX,VVX,0.16,V2X Inc,2024-11-21T00:00:00.000Z,170531.0,10429675.96,https://api-prod.etf.com/private/fund/ITA/holdings?type=securities&formatValues=true,ETFCOM,ETFCOM_VALIDATED_CURRENT_MEMBERSHIP
ITA,CDRE,CDRE,0.16,"Cadre Holdings, Inc.",2024-11-21T00:00:00.000Z,312277.0,10242685.6,https://api-prod.etf.com/private/fund/ITA/holdings?type=securities&formatValues=true,ETFCOM,ETFCOM_VALIDATED_CURRENT_MEMBERSHIP
ITA,RGR,RGR,0.12,"Sturm, Ruger & Company, Inc.",2024-11-21T00:00:00.000Z,202521.0,7600613.13,https://api-prod.etf.com/private/fund/ITA/holdings?type=securities&formatValues=true,ETFCOM,ETFCOM_VALIDATED_CURRENT_MEMBERSHIP
ITA,SWBI,SWBI,0.11,"Smith & Wesson Brands, Inc.",2024-11-21T00:00:00.000Z,541646.0,7176809.5,https://api-prod.etf.com/private/fund/ITA/holdings?type=securities&formatValues=true,ETFCOM,ETFCOM_VALIDATED_CURRENT_MEMBERSHIP
ITA,NPK,NPK,0.07,"National Presto Industries, Inc.",2024-11-21T00:00:00.000Z,62073.0,4749825.96,https://api-prod.etf.com/private/fund/ITA/holdings?type=securities&formatValues=true,ETFCOM,ETFCOM_VALIDATED_CURRENT_MEMBERSHIP
PAVE,TT,TT,3.78,Trane Technologies plc,2024-11-20T00:00:00.000Z,848659.0,348934634.44,https://api-prod.etf.com/private/fund/PAVE/holdings?type=securities&formatValues=true,ETFCOM,ETFCOM_VALIDATED_CURRENT_MEMBERSHIP
PAVE,ETN,ETN,3.45,Eaton Corp. Plc,2024-11-20T00:00:00.000Z,883452.0,318449107.92,https://api-prod.etf.com/private/fund/PAVE/holdings?type=securities&formatValues=true,ETFCOM,ETFCOM_VALIDATED_CURRENT_MEMBERSHIP
PAVE,PH,PH,3.42,Parker-Hannifin Corporation,2024-11-20T00:00:00.000Z,458261.0,316397142.23,https://api-prod.etf.com/private/fund/PAVE/holdings?type=securities&formatValues=true,ETFCOM,ETFCOM_VALIDATED_CURRENT_MEMBERSHIP
PAVE,HWM,HWM,3.39,Howmet Aerospace Inc.,2024-11-20T00:00:00.000Z,2654033.0,313441297.3,https://api-prod.etf.com/private/fund/PAVE/holdings?type=securities&formatValues=true,ETFCOM,ETFCOM_VALIDATED_CURRENT_MEMBERSHIP
PAVE,PWR,PWR,3.37,"Quanta Services, Inc.",2024-11-20T00:00:00.000Z,936658.0,311288919.72,https://api-prod.etf.com/private/fund/PAVE/holdings?type=securities&formatValues=true,ETFCOM,ETFCOM_VALIDATED_CURRENT_MEMBERSHIP
PAVE,URI,URI,3.3,"United Rentals, Inc.",2024-11-20T00:00:00.000Z,371977.0,305225727.35,https://api-prod.etf.com/private/fund/PAVE/holdings?type=securities&formatValues=true,ETFCOM,ETFCOM_VALIDATED_CURRENT_MEMBERSHIP
PAVE,EMR,EMR,3.13,Emerson Electric Co.,2024-11-20T00:00:00.000Z,2243907.0,289688393.7,https://api-prod.etf.com/private/fund/PAVE/holdings?type=securities&formatValues=true,ETFCOM,ETFCOM_VALIDATED_CURRENT_MEMBERSHIP
PAVE,SRE,SRE,3.02,Sempra,2024-11-20T00:00:00.000Z,2996745.0,279056894.4,https://api-prod.etf.com/private/fund/PAVE/holdings?type=securities&formatValues=true,ETFCOM,ETFCOM_VALIDATED_CURRENT_MEMBERSHIP
PAVE,FAST,FAST,2.74,Fastenal Company,2024-11-20T00:00:00.000Z,3091651.0,252958884.82,https://api-prod.etf.com/private/fund/PAVE/holdings?type=securities&formatValues=true,ETFCOM,ETFCOM_VALIDATED_CURRENT_MEMBERSHIP
PAVE,MLM,MLM,2.72,"Martin Marietta Materials, Inc.",2024-11-20T00:00:00.000Z,429229.0,251210564.54,https://api-prod.etf.com/private/fund/PAVE/holdings?type=securities&formatValues=true,ETFCOM,ETFCOM_VALIDATED_CURRENT_MEMBERSHIP
PAVE,VMC,VMC,2.57,Vulcan Materials Company,2024-11-20T00:00:00.000Z,856533.0,237953432.73,https://api-prod.etf.com/private/fund/PAVE/holdings?type=securities&formatValues=true,ETFCOM,ETFCOM_VALIDATED_CURRENT_MEMBERSHIP
PAVE,NSC,NSC,2.49,Norfolk Southern Corporation,2024-11-20T00:00:00.000Z,889432.0,230300627.76,https://api-prod.etf.com/private/fund/PAVE/holdings?type=securities&formatValues=true,ETFCOM,ETFCOM_VALIDATED_CURRENT_MEMBERSHIP
PAVE,DE,DE,2.43,Deere & Company,2024-11-20T00:00:00.000Z,554386.0,224504154.56,https://api-prod.etf.com/private/fund/PAVE/holdings?type=securities&formatValues=true,ETFCOM,ETFCOM_VALIDATED_CURRENT_MEMBERSHIP
PAVE,CSX,CSX,2.3,CSX Corporation,2024-11-20T00:00:00.000Z,6160015.0,212951718.55,https://api-prod.etf.com/private/fund/PAVE/holdings?type=securities&formatValues=true,ETFCOM,ETFCOM_VALIDATED_CURRENT_MEMBERSHIP
PAVE,UNP,UNP,2.23,Union Pacific Corporation,2024-11-20T00:00:00.000Z,883170.0,206273185.2,https://api-prod.etf.com/private/fund/PAVE/holdings?type=securities&formatValues=true,ETFCOM,ETFCOM_VALIDATED_CURRENT_MEMBERSHIP
PAVE,ROK,ROK,2.14,"Rockwell Automation, Inc.",2024-11-20T00:00:00.000Z,706567.0,197895285.36,https://api-prod.etf.com/private/fund/PAVE/holdings?type=securities&formatValues=true,ETFCOM,ETFCOM_VALIDATED_CURRENT_MEMBERSHIP
PAVE,NUE,NUE,2.01,Nucor Corporation,2024-11-20T00:00:00.000Z,1251656.0,185457869.52,https://api-prod.etf.com/private/fund/PAVE/holdings?type=securities&formatValues=true,ETFCOM,ETFCOM_VALIDATED_CURRENT_MEMBERSHIP
PAVE,FTV,FTV,1.86,Fortive Corp.,2024-11-20T00:00:00.000Z,2265126.0,171583294.5,https://api-prod.etf.com/private/fund/PAVE/holdings?type=securities&formatValues=true,ETFCOM,ETFCOM_VALIDATED_CURRENT_MEMBERSHIP
PAVE,EME,EME,1.69,"EMCOR Group, Inc.",2024-11-20T00:00:00.000Z,302907.0,156245488.74,https://api-prod.etf.com/private/fund/PAVE/holdings?type=securities&formatValues=true,ETFCOM,ETFCOM_VALIDATED_CURRENT_MEMBERSHIP
PAVE,HUBB,HUBB,1.66,Hubbell Incorporated,2024-11-20T00:00:00.000Z,345288.0,153853427.04,https://api-prod.etf.com/private/fund/PAVE/holdings?type=securities&formatValues=true,ETFCOM,ETFCOM_VALIDATED_CURRENT_MEMBERSHIP
PAVE,STLD,STLD,1.62,"Steel Dynamics, Inc.",2024-11-20T00:00:00.000Z,1041649.0,150039121.96,https://api-prod.etf.com/private/fund/PAVE/holdings?type=securities&formatValues=true,ETFCOM,ETFCOM_VALIDATED_CURRENT_MEMBERSHIP
PAVE,BLDR,BLDR,1.5,"Builders FirstSource, Inc.",2024-11-20T00:00:00.000Z,795082.0,139004186.06,https://api-prod.etf.com/private/fund/PAVE/holdings?type=securities&formatValues=true,ETFCOM,ETFCOM_VALIDATED_CURRENT_MEMBERSHIP
PAVE,CSL,CSL,1.46,Carlisle Companies Incorporated,2024-11-20T00:00:00.000Z,313342.0,135279141.66,https://api-prod.etf.com/private/fund/PAVE/holdings?type=securities&formatValues=true,ETFCOM,ETFCOM_VALIDATED_CURRENT_MEMBERSHIP
PAVE,RS,RS,1.26,"Reliance, Inc.",2024-11-20T00:00:00.000Z,370208.0,116071314.24,https://api-prod.etf.com/private/fund/PAVE/holdings?type=securities&formatValues=true,ETFCOM,ETFCOM_VALIDATED_CURRENT_MEMBERSHIP
PAVE,TRMB,TRMB,1.22,Trimble Inc.,2024-11-20T00:00:00.000Z,1600471.0,112801196.08,https://api-prod.etf.com/private/fund/PAVE/holdings?type=securities&formatValues=true,ETFCOM,ETFCOM_VALIDATED_CURRENT_MEMBERSHIP
PAVE,RPM,RPM,1.21,RPM International Inc.,2024-11-20T00:00:00.000Z,829773.0,111554682.12,https://api-prod.etf.com/private/fund/PAVE/holdings?type=securities&formatValues=true,ETFCOM,ETFCOM_VALIDATED_CURRENT_MEMBERSHIP
PAVE,PNR,PNR,1.2,Pentair plc,2024-11-20T00:00:00.000Z,1063988.0,110835629.96,https://api-prod.etf.com/private/fund/PAVE/holdings?type=securities&formatValues=true,ETFCOM,ETFCOM_VALIDATED_CURRENT_MEMBERSHIP
PAVE,IEX,IEX,1.17,IDEX Corporation,2024-11-20T00:00:00.000Z,486437.0,108528959.07,https://api-prod.etf.com/private/fund/PAVE/holdings?type=securities&formatValues=true,ETFCOM,ETFCOM_VALIDATED_CURRENT_MEMBERSHIP
PAVE,J,J,1.17,Jacobs Solutions Inc.,2024-11-20T00:00:00.000Z,813096.0,107735220.0,https://api-prod.etf.com/private/fund/PAVE/holdings?type=securities&formatValues=true,ETFCOM,ETFCOM_VALIDATED_CURRENT_MEMBERSHIP
PAVE,WLK,WLK,1.14,Westlake Corporation,2024-11-20T00:00:00.000Z,825659.0,105610042.69,https://api-prod.etf.com/private/fund/PAVE/holdings?type=securities&formatValues=true,ETFCOM,ETFCOM_VALIDATED_CURRENT_MEMBERSHIP
PAVE,GGG,GGG,1.04,Graco Inc.,2024-11-20T00:00:00.000Z,1087993.0,96309140.36000001,https://api-prod.etf.com/private/fund/PAVE/holdings?type=securities&formatValues=true,ETFCOM,ETFCOM_VALIDATED_CURRENT_MEMBERSHIP
PAVE,ACM,ACM,1.04,AECOM,2024-11-20T00:00:00.000Z,876634.0,95965123.98,https://api-prod.etf.com/private/fund/PAVE/holdings?type=securities&formatValues=true,ETFCOM,ETFCOM_VALIDATED_CURRENT_MEMBERSHIP
PAVE,LECO,LECO,0.81,"Lincoln Electric Holdings, Inc.",2024-11-20T00:00:00.000Z,368546.0,74884861.73999998,https://api-prod.etf.com/private/fund/PAVE/holdings?type=securities&formatValues=true,ETFCOM,ETFCOM_VALIDATED_CURRENT_MEMBERSHIP
PAVE,RRX,RRX,0.79,Regal Rexnord Corporation,2024-11-20T00:00:00.000Z,426811.0,73070043.2,https://api-prod.etf.com/private/fund/PAVE/holdings?type=securities&formatValues=true,ETFCOM,ETFCOM_VALIDATED_CURRENT_MEMBERSHIP
PAVE,TPC,TPC,0.79,Tutor Perini Corporation,2024-11-20T00:00:00.000Z,2527384.0,72839206.87999998,https://api-prod.etf.com/private/fund/PAVE/holdings?type=securities&formatValues=true,ETFCOM,ETFCOM_VALIDATED_CURRENT_MEMBERSHIP
PAVE,BLD,BLD,0.78,TopBuild Corp.,2024-11-20T00:00:00.000Z,204725.0,71878947.5,https://api-prod.etf.com/private/fund/PAVE/holdings?type=securities&formatValues=true,ETFCOM,ETFCOM_VALIDATED_CURRENT_MEMBERSHIP
PAVE,POWL,POWL,0.78,"Powell Industries, Inc.",2024-11-20T00:00:00.000Z,273638.0,71643901.16,https://api-prod.etf.com/private/fund/PAVE/holdings?type=securities&formatValues=true,ETFCOM,ETFCOM_VALIDATED_CURRENT_MEMBERSHIP
PAVE,AGX,AGX,0.77,"Argan, Inc.",2024-11-20T00:00:00.000Z,487615.0,71616015.05,https://api-prod.etf.com/private/fund/PAVE/holdings?type=securities&formatValues=true,ETFCOM,ETFCOM_VALIDATED_CURRENT_MEMBERSHIP
PAVE,MTZ,MTZ,0.77,"MasTec, Inc.",2024-11-20T00:00:00.000Z,507033.0,71400387.06,https://api-prod.etf.com/private/fund/PAVE/holdings?type=securities&formatValues=true,ETFCOM,ETFCOM_VALIDATED_CURRENT_MEMBERSHIP
PAVE,TTEK,TTEK,0.75,"Tetra Tech, Inc.",2024-11-20T00:00:00.000Z,1712572.0,68879645.84,https://api-prod.etf.com/private/fund/PAVE/holdings?type=securities&formatValues=true,ETFCOM,ETFCOM_VALIDATED_CURRENT_MEMBERSHIP
PAVE,EXP,EXP,0.73,Eagle Materials Inc.,2024-11-20T00:00:00.000Z,224803.0,67501596.81,https://api-prod.etf.com/private/fund/PAVE/holdings?type=securities&formatValues=true,ETFCOM,ETFCOM_VALIDATED_CURRENT_MEMBERSHIP
PAVE,WWD,WWD,0.72,"Woodward, Inc.",2024-11-20T00:00:00.000Z,386786.0,66592945.62,https://api-prod.etf.com/private/fund/PAVE/holdings?type=securities&formatValues=true,ETFCOM,ETFCOM_VALIDATED_CURRENT_MEMBERSHIP
PAVE,MLI,MLI,0.72,"Mueller Industries, Inc.",2024-11-20T00:00:00.000Z,730675.0,66491425.0,https://api-prod.etf.com/private/fund/PAVE/holdings?type=securities&formatValues=true,ETFCOM,ETFCOM_VALIDATED_CURRENT_MEMBERSHIP
PAVE,WCC,WCC,0.72,"WESCO International, Inc.",2024-11-20T00:00:00.000Z,329014.0,66408185.76,https://api-prod.etf.com/private/fund/PAVE/holdings?type=securities&formatValues=true,ETFCOM,ETFCOM_VALIDATED_CURRENT_MEMBERSHIP
PAVE,USLM,USLM,0.71,"United States Lime & Minerals, Inc.",2024-11-20T00:00:00.000Z,467707.0,65418178.09,https://api-prod.etf.com/private/fund/PAVE/holdings?type=securities&formatValues=true,ETFCOM,ETFCOM_VALIDATED_CURRENT_MEMBERSHIP
PAVE,CR,CR,0.71,Crane Company,2024-11-20T00:00:00.000Z,365153.0,65358735.47,https://api-prod.etf.com/private/fund/PAVE/holdings?type=securities&formatValues=true,ETFCOM,ETFCOM_VALIDATED_CURRENT_MEMBERSHIP
PAVE,WMS,WMS,0.7,"Advanced Drainage Systems, Inc.",2024-11-20T00:00:00.000Z,501434.0,64379111.26,https://api-prod.etf.com/private/fund/PAVE/holdings?type=securities&formatValues=true,ETFCOM,ETFCOM_VALIDATED_CURRENT_MEMBERSHIP
PAVE,AYI,AYI,0.68,"Acuity Brands, Inc.",2024-11-20T00:00:00.000Z,197831.0,62439420.22,https://api-prod.etf.com/private/fund/PAVE/holdings?type=securities&formatValues=true,ETFCOM,ETFCOM_VALIDATED_CURRENT_MEMBERSHIP
PAVE,RBC,RBC,0.66,RBC Bearings Incorporated,2024-11-20T00:00:00.000Z,187506.0,60838196.76,https://api-prod.etf.com/private/fund/PAVE/holdings?type=securities&formatValues=true,ETFCOM,ETFCOM_VALIDATED_CURRENT_MEMBERSHIP
PAVE,CRS,CRS,0.62,Carpenter Technology Corporation,2024-11-20T00:00:00.000Z,318397.0,57534337.9,https://api-prod.etf.com/private/fund/PAVE/holdings?type=securities&formatValues=true,ETFCOM,ETFCOM_VALIDATED_CURRENT_MEMBERSHIP
PAVE,STRL,STRL,0.61,"Sterling Infrastructure, Inc.",2024-11-20T00:00:00.000Z,297429.0,56341975.47,https://api-prod.etf.com/private/fund/PAVE/holdings?type=securities&formatValues=true,ETFCOM,ETFCOM_VALIDATED_CURRENT_MEMBERSHIP
PAVE,X,X,0.6,United States Steel Corporation,2024-11-20T00:00:00.000Z,1435933.0,55111108.54,https://api-prod.etf.com/private/fund/PAVE/holdings?type=securities&formatValues=true,ETFCOM,ETFCOM_VALIDATED_CURRENT_MEMBERSHIP
PAVE,PRIM,PRIM,0.57,Primoris Services Corporation,2024-11-20T00:00:00.000Z,658855.0,52985119.1,https://api-prod.etf.com/private/fund/PAVE/holdings?type=securities&formatValues=true,ETFCOM,ETFCOM_VALIDATED_CURRENT_MEMBERSHIP
PAVE,AA,AA,0.57,Alcoa Corporation,2024-11-20T00:00:00.000Z,1149130.0,52561206.2,https://api-prod.etf.com/private/fund/PAVE/holdings?type=securities&formatValues=true,ETFCOM,ETFCOM_VALIDATED_CURRENT_MEMBERSHIP
PAVE,LPX,LPX,0.56,Louisiana-Pacific Corporation,2024-11-20T00:00:00.000Z,463924.0,51676494.36,https://api-prod.etf.com/private/fund/PAVE/holdings?type=securities&formatValues=true,ETFCOM,ETFCOM_VALIDATED_CURRENT_MEMBERSHIP
PAVE,SPXC,SPXC,0.53,"SPX Technologies, Inc.",2024-11-20T00:00:00.000Z,293738.0,48942625.56,https://api-prod.etf.com/private/fund/PAVE/holdings?type=securities&formatValues=true,ETFCOM,ETFCOM_VALIDATED_CURRENT_MEMBERSHIP
PAVE,ATI,ATI,0.52,ATI Inc.,2024-11-20T00:00:00.000Z,820806.0,47623164.12,https://api-prod.etf.com/private/fund/PAVE/holdings?type=securities&formatValues=true,ETFCOM,ETFCOM_VALIDATED_CURRENT_MEMBERSHIP
PAVE,ROAD,ROAD,0.5,"Construction Partners, Inc. Class A",2024-11-20T00:00:00.000Z,510699.0,46631925.69,https://api-prod.etf.com/private/fund/PAVE/holdings?type=securities&formatValues=true,ETFCOM,ETFCOM_VALIDATED_CURRENT_MEMBERSHIP
PAVE,GVA,GVA,0.5,Granite Construction Incorporated,2024-11-20T00:00:00.000Z,473453.0,46043304.25,https://api-prod.etf.com/private/fund/PAVE/holdings?type=securities&formatValues=true,ETFCOM,ETFCOM_VALIDATED_CURRENT_MEMBERSHIP
PAVE,VMI,VMI,0.49,"Valmont Industries, Inc.",2024-11-20T00:00:00.000Z,134004.0,45593520.96,https://api-prod.etf.com/private/fund/PAVE/holdings?type=securities&formatValues=true,ETFCOM,ETFCOM_VALIDATED_CURRENT_MEMBERSHIP
PAVE,DXPE,DXPE,0.49,"DXP Enterprises, Inc.",2024-11-20T00:00:00.000Z,667204.0,45443264.44,https://api-prod.etf.com/private/fund/PAVE/holdings?type=securities&formatValues=true,ETFCOM,ETFCOM_VALIDATED_CURRENT_MEMBERSHIP
PAVE,CMC,CMC,0.48,Commercial Metals Company,2024-11-20T00:00:00.000Z,746823.0,44600269.56,https://api-prod.etf.com/private/fund/PAVE/holdings?type=securities&formatValues=true,ETFCOM,ETFCOM_VALIDATED_CURRENT_MEMBERSHIP
PAVE,CENX,CENX,0.48,Century Aluminum Company,2024-11-20T00:00:00.000Z,1904883.0,43964699.64,https://api-prod.etf.com/private/fund/PAVE/holdings?type=securities&formatValues=true,ETFCOM,ETFCOM_VALIDATED_CURRENT_MEMBERSHIP
PAVE,ZWS,ZWS,0.47,Zurn Elkay Water Solutions Corporation,2024-11-20T00:00:00.000Z,1111791.0,43148608.71,https://api-prod.etf.com/private/fund/PAVE/holdings?type=securities&formatValues=true,ETFCOM,ETFCOM_VALIDATED_CURRENT_MEMBERSHIP
PAVE,CSWI,CSWI,0.45,"CSW Industrials, Inc.",2024-11-20T00:00:00.000Z,101040.0,41631511.2,https://api-prod.etf.com/private/fund/PAVE/holdings?type=securities&formatValues=true,ETFCOM,ETFCOM_VALIDATED_CURRENT_MEMBERSHIP
PAVE,BMI,BMI,0.44,"Badger Meter, Inc.",2024-11-20T00:00:00.000Z,188843.0,40931720.25,https://api-prod.etf.com/private/fund/PAVE/holdings?type=securities&formatValues=true,ETFCOM,ETFCOM_VALIDATED_CURRENT_MEMBERSHIP
PAVE,NWPX,NWPX,0.44,Northwest Pipe Company,2024-11-20T00:00:00.000Z,751332.0,40677114.48,https://api-prod.etf.com/private/fund/PAVE/holdings?type=securities&formatValues=true,ETFCOM,ETFCOM_VALIDATED_CURRENT_MEMBERSHIP
PAVE,HRI,HRI,0.42,"Herc Holdings, Inc.",2024-11-20T00:00:00.000Z,182147.0,38879277.15,https://api-prod.etf.com/private/fund/PAVE/holdings?type=securities&formatValues=true,ETFCOM,ETFCOM_VALIDATED_CURRENT_MEMBERSHIP
PAVE,CLF,CLF,0.41,Cleveland-Cliffs Inc,2024-11-20T00:00:00.000Z,3240236.0,37781151.76,https://api-prod.etf.com/private/fund/PAVE/holdings?type=securities&formatValues=true,ETFCOM,ETFCOM_VALIDATED_CURRENT_MEMBERSHIP
PAVE,MWA,MWA,0.41,"Mueller Water Products, Inc. Class A",2024-11-20T00:00:00.000Z,1509008.0,37453578.56,https://api-prod.etf.com/private/fund/PAVE/holdings?type=securities&formatValues=true,ETFCOM,ETFCOM_VALIDATED_CURRENT_MEMBERSHIP
PAVE,SUM,SUM,0.4,"Summit Materials, Inc. Class A",2024-11-20T00:00:00.000Z,769333.0,37235717.2,https://api-prod.etf.com/private/fund/PAVE/holdings?type=securities&formatValues=true,ETFCOM,ETFCOM_VALIDATED_CURRENT_MEMBERSHIP
PAVE,KNF,KNF,0.39,Knife River Corporation,2024-11-20T00:00:00.000Z,363633.0,35745123.9,https://api-prod.etf.com/private/fund/PAVE/holdings?type=securities&formatValues=true,ETFCOM,ETFCOM_VALIDATED_CURRENT_MEMBERSHIP
PAVE,DY,DY,0.36,"Dycom Industries, Inc.",2024-11-20T00:00:00.000Z,188789.0,33332585.84,https://api-prod.etf.com/private/fund/PAVE/holdings?type=securities&formatValues=true,ETFCOM,ETFCOM_VALIDATED_CURRENT_MEMBERSHIP
PAVE,ACA,ACA,0.36,"Arcosa, Inc.",2024-11-20T00:00:00.000Z,313928.0,33223000.24,https://api-prod.etf.com/private/fund/PAVE/holdings?type=securities&formatValues=true,ETFCOM,ETFCOM_VALIDATED_CURRENT_MEMBERSHIP
PAVE,DNOW,DNOW,0.35,DNOW Inc.,2024-11-20T00:00:00.000Z,2177273.0,31897049.45,https://api-prod.etf.com/private/fund/PAVE/holdings?type=securities&formatValues=true,ETFCOM,ETFCOM_VALIDATED_CURRENT_MEMBERSHIP
PAVE,TRN,TRN,0.34,"Trinity Industries, Inc.",2024-11-20T00:00:00.000Z,839483.0,31102845.15,https://api-prod.etf.com/private/fund/PAVE/holdings?type=securities&formatValues=true,ETFCOM,ETFCOM_VALIDATED_CURRENT_MEMBERSHIP
PAVE,EXPO,EXPO,0.34,"Exponent, Inc.",2024-11-20T00:00:00.000Z,326241.0,31009207.05,https://api-prod.etf.com/private/fund/PAVE/holdings?type=securities&formatValues=true,ETFCOM,ETFCOM_VALIDATED_CURRENT_MEMBERSHIP
PAVE,GBX,GBX,0.33,"Greenbrier Companies, Inc.",2024-11-20T00:00:00.000Z,468782.0,30161433.88,https://api-prod.etf.com/private/fund/PAVE/holdings?type=securities&formatValues=true,ETFCOM,ETFCOM_VALIDATED_CURRENT_MEMBERSHIP
PAVE,MRC,MRC,0.31,MRC Global Inc.,2024-11-20T00:00:00.000Z,2070295.0,28466556.25,https://api-prod.etf.com/private/fund/PAVE/holdings?type=securities&formatValues=true,ETFCOM,ETFCOM_VALIDATED_CURRENT_MEMBERSHIP
PAVE,GRC,GRC,0.29,Gorman-Rupp Company,2024-11-20T00:00:00.000Z,646496.0,26493406.08,https://api-prod.etf.com/private/fund/PAVE/holdings?type=securities&formatValues=true,ETFCOM,ETFCOM_VALIDATED_CURRENT_MEMBERSHIP
PAVE,MTX,MTX,0.28,Minerals Technologies Inc.,2024-11-20T00:00:00.000Z,324075.0,25893592.5,https://api-prod.etf.com/private/fund/PAVE/holdings?type=securities&formatValues=true,ETFCOM,ETFCOM_VALIDATED_CURRENT_MEMBERSHIP
PAVE,HAYN,HAYN,0.27,"Haynes International, Inc.",2024-11-20T00:00:00.000Z,404675.0,24681128.25,https://api-prod.etf.com/private/fund/PAVE/holdings?type=securities&formatValues=true,ETFCOM,ETFCOM_VALIDATED_CURRENT_MEMBERSHIP
PAVE,MDU,MDU,0.27,"MDU Resources Group, Inc.",2024-11-20T00:00:00.000Z,1310453.0,24636516.4,https://api-prod.etf.com/private/fund/PAVE/holdings?type=securities&formatValues=true,ETFCOM,ETFCOM_VALIDATED_CURRENT_MEMBERSHIP
PAVE,HEES,HEES,0.25,"H&E Equipment Services, Inc.",2024-11-20T00:00:00.000Z,421797.0,23312720.19,https://api-prod.etf.com/private/fund/PAVE/holdings?type=securities&formatValues=true,ETFCOM,ETFCOM_VALIDATED_CURRENT_MEMBERSHIP
PAVE,MYRG,MYRG,0.24,MYR Group Inc.,2024-11-20T00:00:00.000Z,155402.0,22604774.92,https://api-prod.etf.com/private/fund/PAVE/holdings?type=securities&formatValues=true,ETFCOM,ETFCOM_VALIDATED_CURRENT_MEMBERSHIP
PAVE,TEX,TEX,0.24,Terex Corporation,2024-11-20T00:00:00.000Z,431758.0,22511862.12,https://api-prod.etf.com/private/fund/PAVE/holdings?type=securities&formatValues=true,ETFCOM,ETFCOM_VALIDATED_CURRENT_MEMBERSHIP
PAVE,ASTE,ASTE,0.24,"Astec Industries, Inc.",2024-11-20T00:00:00.000Z,613947.0,22095952.53,https://api-prod.etf.com/private/fund/PAVE/holdings?type=securities&formatValues=true,ETFCOM,ETFCOM_VALIDATED_CURRENT_MEMBERSHIP
PAVE,CXT,CXT,0.22,"Crane NXT, Co.",2024-11-20T00:00:00.000Z,365096.0,20759358.56,https://api-prod.etf.com/private/fund/PAVE/holdings?type=securities&formatValues=true,ETFCOM,ETFCOM_VALIDATED_CURRENT_MEMBERSHIP
PAVE,CMCO,CMCO,0.22,Columbus McKinnon Corporation,2024-11-20T00:00:00.000Z,571153.0,20564363.77,https://api-prod.etf.com/private/fund/PAVE/holdings?type=securities&formatValues=true,ETFCOM,ETFCOM_VALIDATED_CURRENT_MEMBERSHIP
PAVE,MTRN,MTRN,0.22,Materion Corporation,2024-11-20T00:00:00.000Z,180345.0,20265367.65,https://api-prod.etf.com/private/fund/PAVE/holdings?type=securities&formatValues=true,ETFCOM,ETFCOM_VALIDATED_CURRENT_MEMBERSHIP
PAVE,ATKR,ATKR,0.22,Atkore Inc,2024-11-20T00:00:00.000Z,237983.0,20026269.45,https://api-prod.etf.com/private/fund/PAVE/holdings?type=securities&formatValues=true,ETFCOM,ETFCOM_VALIDATED_CURRENT_MEMBERSHIP
PAVE,ECG,ECG,0.21,"Everus Construction Group, Inc.",2024-11-20T00:00:00.000Z,328281.0,19723122.48,https://api-prod.etf.com/private/fund/PAVE/holdings?type=securities&formatValues=true,ETFCOM,ETFCOM_VALIDATED_CURRENT_MEMBERSHIP
PAVE,IIIN,IIIN,0.2,"Insteel Industries, Inc.",2024-11-20T00:00:00.000Z,630123.0,18758761.71,https://api-prod.etf.com/private/fund/PAVE/holdings?type=securities&formatValues=true,ETFCOM,ETFCOM_VALIDATED_CURRENT_MEMBERSHIP
PAVE,ROCK,ROCK,0.2,"Gibraltar Industries, Inc.",2024-11-20T00:00:00.000Z,267983.0,18469388.36,https://api-prod.etf.com/private/fund/PAVE/holdings?type=securities&formatValues=true,ETFCOM,ETFCOM_VALIDATED_CURRENT_MEMBERSHIP
PAVE,AMTM,AMTM,0.2,"Amentum Holdings, Inc.",2024-11-20T00:00:00.000Z,813096.0,18221481.36,https://api-prod.etf.com/private/fund/PAVE/holdings?type=securities&formatValues=true,ETFCOM,ETFCOM_VALIDATED_CURRENT_MEMBERSHIP
PAVE,CTOS,CTOS,0.19,Custom Truck One Source Inc,2024-11-20T00:00:00.000Z,3339867.0,17300511.06,https://api-prod.etf.com/private/fund/PAVE/holdings?type=securities&formatValues=true,ETFCOM,ETFCOM_VALIDATED_CURRENT_MEMBERSHIP
PAVE,WNC,WNC,0.17,Wabash National Corporation,2024-11-20T00:00:00.000Z,847424.0,15626498.56,https://api-prod.etf.com/private/fund/PAVE/holdings?type=securities&formatValues=true,ETFCOM,ETFCOM_VALIDATED_CURRENT_MEMBERSHIP
PAVE,MTUS,MTUS,0.17,Metallus Inc.,2024-11-20T00:00:00.000Z,1055088.0,15425386.56,https://api-prod.etf.com/private/fund/PAVE/holdings?type=securities&formatValues=true,ETFCOM,ETFCOM_VALIDATED_CURRENT_MEMBERSHIP
PAVE,RYI,RYI,0.17,Ryerson Holding Corporation,2024-11-20T00:00:00.000Z,632251.0,15420601.89,https://api-prod.etf.com/private/fund/PAVE/holdings?type=securities&formatValues=true,ETFCOM,ETFCOM_VALIDATED_CURRENT_MEMBERSHIP
PAVE,CALX,CALX,0.16,"Calix, Inc.",2024-11-20T00:00:00.000Z,484578.0,14740862.76,https://api-prod.etf.com/private/fund/PAVE/holdings?type=securities&formatValues=true,ETFCOM,ETFCOM_VALIDATED_CURRENT_MEMBERSHIP
PAVE,TITN,TITN,0.12,Titan Machinery Inc.,2024-11-20T00:00:00.000Z,795205.0,11172630.25,https://api-prod.etf.com/private/fund/PAVE/holdings?type=securities&formatValues=true,ETFCOM,ETFCOM_VALIDATED_CURRENT_MEMBERSHIP
SIL,CDE,CDE,4.53,"Coeur Mining, Inc.",2024-11-20T00:00:00.000Z,8757411.0,57185893.83,https://api-prod.etf.com/private/fund/SIL/holdings?type=securities&formatValues=true,ETFCOM,ETFCOM_VALIDATED_CURRENT_MEMBERSHIP
SIL,BVN,BVN,4.36,Compania de Minas Buenaventura SAA Sponsored ADR,2024-11-20T00:00:00.000Z,4536889.0,55077832.46,https://api-prod.etf.com/private/fund/SIL/holdings?type=securities&formatValues=true,ETFCOM,ETFCOM_VALIDATED_CURRENT_MEMBERSHIP
SIL,HL,HL,4.03,Hecla Mining Company,2024-11-20T00:00:00.000Z,9030198.0,50840014.74,https://api-prod.etf.com/private/fund/SIL/holdings?type=securities&formatValues=true,ETFCOM,ETFCOM_VALIDATED_CURRENT_MEMBERSHIP
SIL,GATO,GATO,1.35,"Gatos Silver, Inc.",2024-11-20T00:00:00.000Z,1038573.0,17063754.39,https://api-prod.etf.com/private/fund/SIL/holdings?type=securities&formatValues=true,ETFCOM,ETFCOM_VALIDATED_CURRENT_MEMBERSHIP
SIL,MUX,MUX,0.66,McEwen Mining Inc.,2024-11-20T00:00:00.000Z,993404.0,8364461.679999999,https://api-prod.etf.com/private/fund/SIL/holdings?type=securities&formatValues=true,ETFCOM,ETFCOM_VALIDATED_CURRENT_MEMBERSHIP
SIL,HYMC,HYMC,0.07,Hycroft Mining Holding Corporation Class A,2024-11-20T00:00:00.000Z,383359.0,939229.55,https://api-prod.etf.com/private/fund/SIL/holdings?type=securities&formatValues=true,ETFCOM,ETFCOM_VALIDATED_CURRENT_MEMBERSHIP
SIL,GORO,GORO,0.01,Gold Resource Corporation,2024-11-20T00:00:00.000Z,1265507.0,175652.37,https://api-prod.etf.com/private/fund/SIL/holdings?type=securities&formatValues=true,ETFCOM,ETFCOM_VALIDATED_CURRENT_MEMBERSHIP
IBUY,AFRM,AFRM,3.21,"Affirm Holdings, Inc. Class A",2024-11-20T00:00:00.000Z,90160.0,5697210.4,https://api-prod.etf.com/private/fund/IBUY/holdings?type=securities&formatValues=true,ETFCOM,ETFCOM_VALIDATED_CURRENT_MEMBERSHIP
IBUY,LYFT,LYFT,2.96,"Lyft, Inc. Class A",2024-11-20T00:00:00.000Z,313055.0,5249932.35,https://api-prod.etf.com/private/fund/IBUY/holdings?type=securities&formatValues=true,ETFCOM,ETFCOM_VALIDATED_CURRENT_MEMBERSHIP
IBUY,CHWY,CHWY,2.96,"Chewy, Inc. Class A",2024-11-20T00:00:00.000Z,151529.0,5245933.98,https://api-prod.etf.com/private/fund/IBUY/holdings?type=securities&formatValues=true,ETFCOM,ETFCOM_VALIDATED_CURRENT_MEMBERSHIP
IBUY,BIGC,BIGC,2.84,BigCommerce Holdings Inc,2024-11-20T00:00:00.000Z,792266.0,5046734.42,https://api-prod.etf.com/private/fund/IBUY/holdings?type=securities&formatValues=true,ETFCOM,ETFCOM_VALIDATED_CURRENT_MEMBERSHIP
IBUY,W,W,2.66,"Wayfair, Inc. Class A",2024-11-20T00:00:00.000Z,111500.0,4728715.0,https://api-prod.etf.com/private/fund/IBUY/holdings?type=securities&formatValues=true,ETFCOM,ETFCOM_VALIDATED_CURRENT_MEMBERSHIP
IBUY,EXPE,EXPE,2.65,"Expedia Group, Inc.",2024-11-20T00:00:00.000Z,26231.0,4697972.1,https://api-prod.etf.com/private/fund/IBUY/holdings?type=securities&formatValues=true,ETFCOM,ETFCOM_VALIDATED_CURRENT_MEMBERSHIP
IBUY,LQDT,LQDT,2.65,"Liquidity Services, Inc.",2024-11-20T00:00:00.000Z,187832.0,4695800.0,https://api-prod.etf.com/private/fund/IBUY/holdings?type=securities&formatValues=true,ETFCOM,ETFCOM_VALIDATED_CURRENT_MEMBERSHIP
IBUY,PYPL,PYPL,2.64,"PayPal Holdings, Inc.",2024-11-20T00:00:00.000Z,55373.0,4692308.02,https://api-prod.etf.com/private/fund/IBUY/holdings?type=securities&formatValues=true,ETFCOM,ETFCOM_VALIDATED_CURRENT_MEMBERSHIP
IBUY,UPWK,UPWK,2.61,"Upwork, Inc.",2024-11-20T00:00:00.000Z,309190.0,4628574.3,https://api-prod.etf.com/private/fund/IBUY/holdings?type=securities&formatValues=true,ETFCOM,ETFCOM_VALIDATED_CURRENT_MEMBERSHIP
IBUY,CVNA,CVNA,2.6,Carvana Co. Class A,2024-11-20T00:00:00.000Z,18867.0,4612981.5,https://api-prod.etf.com/private/fund/IBUY/holdings?type=securities&formatValues=true,ETFCOM,ETFCOM_VALIDATED_CURRENT_MEMBERSHIP
IBUY,DASH,DASH,2.58,"DoorDash, Inc. Class A",2024-11-20T00:00:00.000Z,26573.0,4575870.6,https://api-prod.etf.com/private/fund/IBUY/holdings?type=securities&formatValues=true,ETFCOM,ETFCOM_VALIDATED_CURRENT_MEMBERSHIP
IBUY,RVLV,RVLV,2.58,"Revolve Group, Inc Class A",2024-11-20T00:00:00.000Z,135456.0,4575703.68,https://api-prod.etf.com/private/fund/IBUY/holdings?type=securities&formatValues=true,ETFCOM,ETFCOM_VALIDATED_CURRENT_MEMBERSHIP
IBUY,BKNG,BKNG,2.55,Booking Holdings Inc.,2024-11-20T00:00:00.000Z,901.0,4519803.43,https://api-prod.etf.com/private/fund/IBUY/holdings?type=securities&formatValues=true,ETFCOM,ETFCOM_VALIDATED_CURRENT_MEMBERSHIP
IBUY,CPRT,CPRT,2.54,"Copart, Inc.",2024-11-20T00:00:00.000Z,81312.0,4506311.04,https://api-prod.etf.com/private/fund/IBUY/holdings?type=securities&formatValues=true,ETFCOM,ETFCOM_VALIDATED_CURRENT_MEMBERSHIP
IBUY,EBAY,EBAY,2.53,eBay Inc.,2024-11-20T00:00:00.000Z,73804.0,4488759.28,https://api-prod.etf.com/private/fund/IBUY/holdings?type=securities&formatValues=true,ETFCOM,ETFCOM_VALIDATED_CURRENT_MEMBERSHIP
IBUY,AMZN,AMZN,2.49,"Amazon.com, Inc.",2024-11-20T00:00:00.000Z,21767.0,4416088.96,https://api-prod.etf.com/private/fund/IBUY/holdings?type=securities&formatValues=true,ETFCOM,ETFCOM_VALIDATED_CURRENT_MEMBERSHIP
IBUY,ABNB,ABNB,2.44,"Airbnb, Inc. Class A",2024-11-20T00:00:00.000Z,31991.0,4326782.75,https://api-prod.etf.com/private/fund/IBUY/holdings?type=securities&formatValues=true,ETFCOM,ETFCOM_VALIDATED_CURRENT_MEMBERSHIP
IBUY,ETSY,ETSY,2.43,"Etsy, Inc.",2024-11-20T00:00:00.000Z,84927.0,4319387.22,https://api-prod.etf.com/private/fund/IBUY/holdings?type=securities&formatValues=true,ETFCOM,ETFCOM_VALIDATED_CURRENT_MEMBERSHIP
IBUY,UBER,UBER,2.38,"Uber Technologies, Inc.",2024-11-20T00:00:00.000Z,60623.0,4219360.8,https://api-prod.etf.com/private/fund/IBUY/holdings?type=securities&formatValues=true,ETFCOM,ETFCOM_VALIDATED_CURRENT_MEMBERSHIP
IBUY,HIMS,HIMS,2.36,"Hims & Hers Health, Inc. Class A",2024-11-20T00:00:00.000Z,192484.0,4194226.36,https://api-prod.etf.com/private/fund/IBUY/holdings?type=securities&formatValues=true,ETFCOM,ETFCOM_VALIDATED_CURRENT_MEMBERSHIP
IBUY,MSM,MSM,2.33,"MSC Industrial Direct Co., Inc. Class A",2024-11-20T00:00:00.000Z,50770.0,4129631.8,https://api-prod.etf.com/private/fund/IBUY/holdings?type=securities&formatValues=true,ETFCOM,ETFCOM_VALIDATED_CURRENT_MEMBERSHIP
IBUY,SSTK,SSTK,2.24,"Shutterstock, Inc.",2024-11-20T00:00:00.000Z,130402.0,3972044.92,https://api-prod.etf.com/private/fund/IBUY/holdings?type=securities&formatValues=true,ETFCOM,ETFCOM_VALIDATED_CURRENT_MEMBERSHIP
IBUY,CART,CART,2.21,Maplebear Inc.,2024-11-20T00:00:00.000Z,94427.0,3926274.66,https://api-prod.etf.com/private/fund/IBUY/holdings?type=securities&formatValues=true,ETFCOM,ETFCOM_VALIDATED_CURRENT_MEMBERSHIP
IBUY,FLWS,FLWS,2.16,"1-800-FLOWERS.COM, Inc. Class A",2024-11-20T00:00:00.000Z,510530.0,3834080.3,https://api-prod.etf.com/private/fund/IBUY/holdings?type=securities&formatValues=true,ETFCOM,ETFCOM_VALIDATED_CURRENT_MEMBERSHIP
IBUY,TRIP,TRIP,1.95,"TripAdvisor, Inc.",2024-11-20T00:00:00.000Z,258930.0,3456715.5,https://api-prod.etf.com/private/fund/IBUY/holdings?type=securities&formatValues=true,ETFCOM,ETFCOM_VALIDATED_CURRENT_MEMBERSHIP
IBUY,FIGS,FIGS,1.85,"FIGS, Inc. Class A",2024-11-20T00:00:00.000Z,703274.0,3284289.58,https://api-prod.etf.com/private/fund/IBUY/holdings?type=securities&formatValues=true,ETFCOM,ETFCOM_VALIDATED_CURRENT_MEMBERSHIP
IBUY,SHOP,SHOP,1.01,"Shopify, Inc. Class A",2024-11-20T00:00:00.000Z,17272.0,1795251.68,https://api-prod.etf.com/private/fund/IBUY/holdings?type=securities&formatValues=true,ETFCOM,ETFCOM_VALIDATED_CURRENT_MEMBERSHIP
IBUY,SPOT,SPOT,0.96,Spotify Technology SA,2024-11-20T00:00:00.000Z,3617.0,1700026.17,https://api-prod.etf.com/private/fund/IBUY/holdings?type=securities&formatValues=true,ETFCOM,ETFCOM_VALIDATED_CURRENT_MEMBERSHIP
IBUY,SE,SE,0.96,Sea Limited Sponsored ADR Class A,2024-11-20T00:00:00.000Z,14836.0,1698128.56,https://api-prod.etf.com/private/fund/IBUY/holdings?type=securities&formatValues=true,ETFCOM,ETFCOM_VALIDATED_CURRENT_MEMBERSHIP
IBUY,WSM,WSM,0.81,"Williams-Sonoma, Inc.",2024-11-20T00:00:00.000Z,8215.0,1437953.6,https://api-prod.etf.com/private/fund/IBUY/holdings?type=securities&formatValues=true,ETFCOM,ETFCOM_VALIDATED_CURRENT_MEMBERSHIP
IBUY,PDD,PDD,0.77,PDD Holdings Inc. Sponsored ADR Class A,2024-11-20T00:00:00.000Z,11735.0,1367010.15,https://api-prod.etf.com/private/fund/IBUY/holdings?type=securities&formatValues=true,ETFCOM,ETFCOM_VALIDATED_CURRENT_MEMBERSHIP
IBUY,MMYT,MMYT,0.75,MakeMyTrip Ltd.,2024-11-20T00:00:00.000Z,12472.0,1337871.44,https://api-prod.etf.com/private/fund/IBUY/holdings?type=securities&formatValues=true,ETFCOM,ETFCOM_VALIDATED_CURRENT_MEMBERSHIP
IBUY,VIPS,VIPS,0.74,Vipshop Holdings Ltd Sponsored ADR,2024-11-20T00:00:00.000Z,96391.0,1305134.14,https://api-prod.etf.com/private/fund/IBUY/holdings?type=securities&formatValues=true,ETFCOM,ETFCOM_VALIDATED_CURRENT_MEMBERSHIP
IBUY,MELI,MELI,0.73,"MercadoLibre, Inc.",2024-11-20T00:00:00.000Z,669.0,1292012.94,https://api-prod.etf.com/private/fund/IBUY/holdings?type=securities&formatValues=true,ETFCOM,ETFCOM_VALIDATED_CURRENT_MEMBERSHIP
IBUY,AGPXX,AGPXX,0.71,Short Term Investments Trust Government & Agency Portfolio Institutional,2024-11-20T00:00:00.000Z,1267288.28,1267288.28,https://api-prod.etf.com/private/fund/IBUY/holdings?type=securities&formatValues=true,ETFCOM,ETFCOM_VALIDATED_CURRENT_MEMBERSHIP
IBUY,TPR,TPR,0.67,"Tapestry, Inc.",2024-11-20T00:00:00.000Z,21377.0,1182148.1,https://api-prod.etf.com/private/fund/IBUY/holdings?type=securities&formatValues=true,ETFCOM,ETFCOM_VALIDATED_CURRENT_MEMBERSHIP
IBUY,WMT,WMT,0.63,Walmart Inc.,2024-11-20T00:00:00.000Z,12748.0,1111370.64,https://api-prod.etf.com/private/fund/IBUY/holdings?type=securities&formatValues=true,ETFCOM,ETFCOM_VALIDATED_CURRENT_MEMBERSHIP
IBUY,HD,HD,0.62,"Home Depot, Inc.",2024-11-20T00:00:00.000Z,2738.0,1095200.0,https://api-prod.etf.com/private/fund/IBUY/holdings?type=securities&formatValues=true,ETFCOM,ETFCOM_VALIDATED_CURRENT_MEMBERSHIP
IBUY,AAPL,AAPL,0.62,Apple Inc.,2024-11-20T00:00:00.000Z,4775.0,1093475.0,https://api-prod.etf.com/private/fund/IBUY/holdings?type=securities&formatValues=true,ETFCOM,ETFCOM_VALIDATED_CURRENT_MEMBERSHIP
IBUY,KMX,KMX,0.6,"CarMax, Inc.",2024-11-20T00:00:00.000Z,13827.0,1059977.82,https://api-prod.etf.com/private/fund/IBUY/holdings?type=securities&formatValues=true,ETFCOM,ETFCOM_VALIDATED_CURRENT_MEMBERSHIP
IBUY,DKS,DKS,0.6,"Dick's Sporting Goods, Inc.",2024-11-20T00:00:00.000Z,5450.0,1058281.0,https://api-prod.etf.com/private/fund/IBUY/holdings?type=securities&formatValues=true,ETFCOM,ETFCOM_VALIDATED_CURRENT_MEMBERSHIP
IBUY,JWN,JWN,0.59,"Nordstrom, Inc.",2024-11-20T00:00:00.000Z,47131.0,1048664.75,https://api-prod.etf.com/private/fund/IBUY/holdings?type=securities&formatValues=true,ETFCOM,ETFCOM_VALIDATED_CURRENT_MEMBERSHIP
IBUY,LULU,LULU,0.59,lululemon athletica inc.,2024-11-20T00:00:00.000Z,3396.0,1047020.76,https://api-prod.etf.com/private/fund/IBUY/holdings?type=securities&formatValues=true,ETFCOM,ETFCOM_VALIDATED_CURRENT_MEMBERSHIP
IBUY,NKE,NKE,0.58,"NIKE, Inc. Class B",2024-11-20T00:00:00.000Z,14122.0,1035989.92,https://api-prod.etf.com/private/fund/IBUY/holdings?type=securities&formatValues=true,ETFCOM,ETFCOM_VALIDATED_CURRENT_MEMBERSHIP
IBUY,BBY,BBY,0.58,"Best Buy Co., Inc.",2024-11-20T00:00:00.000Z,11897.0,1032302.69,https://api-prod.etf.com/private/fund/IBUY/holdings?type=securities&formatValues=true,ETFCOM,ETFCOM_VALIDATED_CURRENT_MEMBERSHIP
IBUY,GAP,GAP,0.57,"Gap, Inc.",2024-11-20T00:00:00.000Z,49431.0,1019267.22,https://api-prod.etf.com/private/fund/IBUY/holdings?type=securities&formatValues=true,ETFCOM,ETFCOM_VALIDATED_CURRENT_MEMBERSHIP
IBUY,KSS,KSS,0.55,Kohl's Corporation,2024-11-20T00:00:00.000Z,59897.0,976920.07,https://api-prod.etf.com/private/fund/IBUY/holdings?type=securities&formatValues=true,ETFCOM,ETFCOM_VALIDATED_CURRENT_MEMBERSHIP
IBUY,M,M,0.54,"Macy's, Inc.",2024-11-20T00:00:00.000Z,66113.0,962605.28,https://api-prod.etf.com/private/fund/IBUY/holdings?type=securities&formatValues=true,ETFCOM,ETFCOM_VALIDATED_CURRENT_MEMBERSHIP
IBUY,ULTA,ULTA,0.53,Ulta Beauty Inc.,2024-11-20T00:00:00.000Z,2744.0,941905.44,https://api-prod.etf.com/private/fund/IBUY/holdings?type=securities&formatValues=true,ETFCOM,ETFCOM_VALIDATED_CURRENT_MEMBERSHIP
IBUY,TGT,TGT,0.5,Target Corporation,2024-11-20T00:00:00.000Z,7221.0,878940.12,https://api-prod.etf.com/private/fund/IBUY/holdings?type=securities&formatValues=true,ETFCOM,ETFCOM_VALIDATED_CURRENT_MEMBERSHIP
REMX,ALTM,ALTM,8.96,Arcadium Lithium Plc,2024-11-20T00:00:00.000Z,4451744.0,23193586.24,https://api-prod.etf.com/private/fund/REMX/holdings?type=securities&formatValues=true,ETFCOM,ETFCOM_VALIDATED_CURRENT_MEMBERSHIP
REMX,ALB,ALB,8.0,Albemarle Corporation,2024-11-20T00:00:00.000Z,189225.0,20729598.75,https://api-prod.etf.com/private/fund/REMX/holdings?type=securities&formatValues=true,ETFCOM,ETFCOM_VALIDATED_CURRENT_MEMBERSHIP
REMX,SQM,SQM,6.58,Sociedad Quimica y Minera de Chile S.A. Sponsored ADR Pfd Series B,2024-11-20T00:00:00.000Z,440030.0,17046762.2,https://api-prod.etf.com/private/fund/REMX/holdings?type=securities&formatValues=true,ETFCOM,ETFCOM_VALIDATED_CURRENT_MEMBERSHIP
REMX,MP,MP,5.39,MP Materials Corp Class A,2024-11-20T00:00:00.000Z,765766.0,13959914.18,https://api-prod.etf.com/private/fund/REMX/holdings?type=securities&formatValues=true,ETFCOM,ETFCOM_VALIDATED_CURRENT_MEMBERSHIP
REMX,TROX,TROX,3.43,Tronox Holdings Plc,2024-11-20T00:00:00.000Z,759498.0,8870936.64,https://api-prod.etf.com/private/fund/REMX/holdings?type=securities&formatValues=true,ETFCOM,ETFCOM_VALIDATED_CURRENT_MEMBERSHIP
PPH,LLY,LLY,11.87,Eli Lilly and Company,2024-11-20T00:00:00.000Z,95539.0,71980037.99,https://api-prod.etf.com/private/fund/PPH/holdings?type=securities&formatValues=true,ETFCOM,ETFCOM_VALIDATED_CURRENT_MEMBERSHIP
PPH,NVO,NVO,8.03,Novo Nordisk A/S Sponsored ADR Class B,2024-11-20T00:00:00.000Z,462504.0,48687796.08,https://api-prod.etf.com/private/fund/PPH/holdings?type=securities&formatValues=true,ETFCOM,ETFCOM_VALIDATED_CURRENT_MEMBERSHIP
PPH,JNJ,JNJ,6.72,Johnson & Johnson,2024-11-20T00:00:00.000Z,266184.0,40755432.24,https://api-prod.etf.com/private/fund/PPH/holdings?type=securities&formatValues=true,ETFCOM,ETFCOM_VALIDATED_CURRENT_MEMBERSHIP
PPH,MCK,MCK,6.07,McKesson Corporation,2024-11-20T00:00:00.000Z,59310.0,36839813.4,https://api-prod.etf.com/private/fund/PPH/holdings?type=securities&formatValues=true,ETFCOM,ETFCOM_VALIDATED_CURRENT_MEMBERSHIP
PPH,BMY,BMY,5.95,Bristol-Myers Squibb Company,2024-11-20T00:00:00.000Z,623085.0,36064159.8,https://api-prod.etf.com/private/fund/PPH/holdings?type=securities&formatValues=true,ETFCOM,ETFCOM_VALIDATED_CURRENT_MEMBERSHIP
PPH,ABBV,ABBV,5.75,"AbbVie, Inc.",2024-11-20T00:00:00.000Z,208000.0,34894080.0,https://api-prod.etf.com/private/fund/PPH/holdings?type=securities&formatValues=true,ETFCOM,ETFCOM_VALIDATED_CURRENT_MEMBERSHIP
PPH,COR,COR,5.14,"Cencora, Inc.",2024-11-20T00:00:00.000Z,128171.0,31171187.2,https://api-prod.etf.com/private/fund/PPH/holdings?type=securities&formatValues=true,ETFCOM,ETFCOM_VALIDATED_CURRENT_MEMBERSHIP
PPH,NVS,NVS,4.96,Novartis AG Sponsored ADR,2024-11-20T00:00:00.000Z,291811.0,30082795.99,https://api-prod.etf.com/private/fund/PPH/holdings?type=securities&formatValues=true,ETFCOM,ETFCOM_VALIDATED_CURRENT_MEMBERSHIP
PPH,MRK,MRK,4.8,"Merck & Co., Inc.",2024-11-20T00:00:00.000Z,298497.0,29085547.68,https://api-prod.etf.com/private/fund/PPH/holdings?type=securities&formatValues=true,ETFCOM,ETFCOM_VALIDATED_CURRENT_MEMBERSHIP
PPH,ZTS,ZTS,4.62,"Zoetis, Inc. Class A",2024-11-20T00:00:00.000Z,159350.0,27993014.5,https://api-prod.etf.com/private/fund/PPH/holdings?type=securities&formatValues=true,ETFCOM,ETFCOM_VALIDATED_CURRENT_MEMBERSHIP
PPH,TAK,TAK,4.48,Takeda Pharmaceutical Co. Ltd. Sponsored ADR,2024-11-20T00:00:00.000Z,2042892.0,27150034.68,https://api-prod.etf.com/private/fund/PPH/holdings?type=securities&formatValues=true,ETFCOM,ETFCOM_VALIDATED_CURRENT_MEMBERSHIP
PPH,AZN,AZN,4.35,AstraZeneca PLC Sponsored ADR,2024-11-20T00:00:00.000Z,417730.0,26400536.0,https://api-prod.etf.com/private/fund/PPH/holdings?type=securities&formatValues=true,ETFCOM,ETFCOM_VALIDATED_CURRENT_MEMBERSHIP
PPH,PFE,PFE,4.2,Pfizer Inc.,2024-11-20T00:00:00.000Z,1020747.0,25457430.18,https://api-prod.etf.com/private/fund/PPH/holdings?type=securities&formatValues=true,ETFCOM,ETFCOM_VALIDATED_CURRENT_MEMBERSHIP
PPH,SNY,SNY,4.15,Sanofi Sponsored ADR,2024-11-20T00:00:00.000Z,526902.0,25175377.56,https://api-prod.etf.com/private/fund/PPH/holdings?type=securities&formatValues=true,ETFCOM,ETFCOM_VALIDATED_CURRENT_MEMBERSHIP
PPH,GSK,GSK,3.8,GSK plc Sponsored ADR,2024-11-20T00:00:00.000Z,691698.0,23068128.3,https://api-prod.etf.com/private/fund/PPH/holdings?type=securities&formatValues=true,ETFCOM,ETFCOM_VALIDATED_CURRENT_MEMBERSHIP
PPH,TEVA,TEVA,3.73,Teva Pharmaceutical Industries Limited Sponsored ADR,2024-11-20T00:00:00.000Z,1329983.0,22649610.49,https://api-prod.etf.com/private/fund/PPH/holdings?type=securities&formatValues=true,ETFCOM,ETFCOM_VALIDATED_CURRENT_MEMBERSHIP
PPH,VTRS,VTRS,2.27,"Viatris, Inc.",2024-11-20T00:00:00.000Z,1050854.0,13797713.02,https://api-prod.etf.com/private/fund/PPH/holdings?type=securities&formatValues=true,ETFCOM,ETFCOM_VALIDATED_CURRENT_MEMBERSHIP
PPH,CTLT,CTLT,1.14,Catalent Inc,2024-11-20T00:00:00.000Z,116855.0,6894445.0,https://api-prod.etf.com/private/fund/PPH/holdings?type=securities&formatValues=true,ETFCOM,ETFCOM_VALIDATED_CURRENT_MEMBERSHIP
PPH,JAZZ,JAZZ,1.11,Jazz Pharmaceuticals Public Limited Company,2024-11-20T00:00:00.000Z,56548.0,6742783.52,https://api-prod.etf.com/private/fund/PPH/holdings?type=securities&formatValues=true,ETFCOM,ETFCOM_VALIDATED_CURRENT_MEMBERSHIP
PPH,ELAN,ELAN,0.64,"Elanco Animal Health, Inc.",2024-11-20T00:00:00.000Z,290160.0,3899750.4,https://api-prod.etf.com/private/fund/PPH/holdings?type=securities&formatValues=true,ETFCOM,ETFCOM_VALIDATED_CURRENT_MEMBERSHIP
PPH,OGN,OGN,0.55,Organon & Co.,2024-11-20T00:00:00.000Z,226697.0,3339246.81,https://api-prod.etf.com/private/fund/PPH/holdings?type=securities&formatValues=true,ETFCOM,ETFCOM_VALIDATED_CURRENT_MEMBERSHIP
PPH,PRGO,PRGO,0.49,Perrigo Co. Plc,2024-11-20T00:00:00.000Z,110500.0,3000075.0,https://api-prod.etf.com/private/fund/PPH/holdings?type=securities&formatValues=true,ETFCOM,ETFCOM_VALIDATED_CURRENT_MEMBERSHIP
PPH,PDCO,PDCO,0.23,Patterson Companies Incorporated,2024-11-20T00:00:00.000Z,68292.0,1369937.52,https://api-prod.etf.com/private/fund/PPH/holdings?type=securities&formatValues=true,ETFCOM,ETFCOM_VALIDATED_CURRENT_MEMBERSHIP
PKB,TT,TT,5.1,Trane Technologies plc,2024-11-21T00:00:00.000Z,53482.0,22215887.98,https://api-prod.etf.com/private/fund/PKB/holdings?type=securities&formatValues=true,ETFCOM,ETFCOM_VALIDATED_CURRENT_MEMBERSHIP
PKB,CRH,CRH,4.94,CRH public limited company,2024-11-21T00:00:00.000Z,213983.0,21505291.5,https://api-prod.etf.com/private/fund/PKB/holdings?type=securities&formatValues=true,ETFCOM,ETFCOM_VALIDATED_CURRENT_MEMBERSHIP
PKB,MLM,MLM,4.93,"Martin Marietta Materials, Inc.",2024-11-21T00:00:00.000Z,36364.0,21476578.4,https://api-prod.etf.com/private/fund/PKB/holdings?type=securities&formatValues=true,ETFCOM,ETFCOM_VALIDATED_CURRENT_MEMBERSHIP
PKB,AGX,AGX,4.73,"Argan, Inc.",2024-11-21T00:00:00.000Z,133803.0,20616366.24,https://api-prod.etf.com/private/fund/PKB/holdings?type=securities&formatValues=true,ETFCOM,ETFCOM_VALIDATED_CURRENT_MEMBERSHIP
PKB,CSL,CSL,4.59,Carlisle Companies Incorporated,2024-11-21T00:00:00.000Z,45280.0,19992025.6,https://api-prod.etf.com/private/fund/PKB/holdings?type=securities&formatValues=true,ETFCOM,ETFCOM_VALIDATED_CURRENT_MEMBERSHIP
PKB,USLM,USLM,4.49,"United States Lime & Minerals, Inc.",2024-11-21T00:00:00.000Z,130196.0,19572364.68,https://api-prod.etf.com/private/fund/PKB/holdings?type=securities&formatValues=true,ETFCOM,ETFCOM_VALIDATED_CURRENT_MEMBERSHIP
PKB,NVR,NVR,4.27,"NVR, Inc.",2024-11-21T00:00:00.000Z,2077.0,18581942.81,https://api-prod.etf.com/private/fund/PKB/holdings?type=securities&formatValues=true,ETFCOM,ETFCOM_VALIDATED_CURRENT_MEMBERSHIP
PKB,PHM,PHM,4.21,"PulteGroup, Inc.",2024-11-21T00:00:00.000Z,143304.0,18360108.48,https://api-prod.etf.com/private/fund/PKB/holdings?type=securities&formatValues=true,ETFCOM,ETFCOM_VALIDATED_CURRENT_MEMBERSHIP
PKB,LEN,LEN,3.99,Lennar Corporation Class A,2024-11-21T00:00:00.000Z,103406.0,17379446.42,https://api-prod.etf.com/private/fund/PKB/holdings?type=securities&formatValues=true,ETFCOM,ETFCOM_VALIDATED_CURRENT_MEMBERSHIP
PKB,STRL,STRL,3.97,"Sterling Infrastructure, Inc.",2024-11-21T00:00:00.000Z,87604.0,17293905.64,https://api-prod.etf.com/private/fund/PKB/holdings?type=securities&formatValues=true,ETFCOM,ETFCOM_VALIDATED_CURRENT_MEMBERSHIP
PKB,DHI,DHI,3.74,"D.R. Horton, Inc.",2024-11-21T00:00:00.000Z,100546.0,16274375.56,https://api-prod.etf.com/private/fund/PKB/holdings?type=securities&formatValues=true,ETFCOM,ETFCOM_VALIDATED_CURRENT_MEMBERSHIP
PKB,PRIM,PRIM,3.56,Primoris Services Corporation,2024-11-21T00:00:00.000Z,186325.0,15513419.5,https://api-prod.etf.com/private/fund/PKB/holdings?type=securities&formatValues=true,ETFCOM,ETFCOM_VALIDATED_CURRENT_MEMBERSHIP
PKB,MDU,MDU,3.39,"MDU Resources Group, Inc.",2024-11-21T00:00:00.000Z,766800.0,14783904.0,https://api-prod.etf.com/private/fund/PKB/holdings?type=securities&formatValues=true,ETFCOM,ETFCOM_VALIDATED_CURRENT_MEMBERSHIP
PKB,TILE,TILE,3.23,"Interface, Inc.",2024-11-21T00:00:00.000Z,558678.0,14084272.38,https://api-prod.etf.com/private/fund/PKB/holdings?type=securities&formatValues=true,ETFCOM,ETFCOM_VALIDATED_CURRENT_MEMBERSHIP
PKB,KNF,KNF,3.08,Knife River Corporation,2024-11-21T00:00:00.000Z,133504.0,13419822.08,https://api-prod.etf.com/private/fund/PKB/holdings?type=securities&formatValues=true,ETFCOM,ETFCOM_VALIDATED_CURRENT_MEMBERSHIP
PKB,MTZ,MTZ,3.04,"MasTec, Inc.",2024-11-21T00:00:00.000Z,93301.0,13254340.06,https://api-prod.etf.com/private/fund/PKB/holdings?type=securities&formatValues=true,ETFCOM,ETFCOM_VALIDATED_CURRENT_MEMBERSHIP
PKB,APOG,APOG,2.93,"Apogee Enterprises, Inc.",2024-11-21T00:00:00.000Z,155622.0,12778122.42,https://api-prod.etf.com/private/fund/PKB/holdings?type=securities&formatValues=true,ETFCOM,ETFCOM_VALIDATED_CURRENT_MEMBERSHIP
PKB,TPC,TPC,2.93,Tutor Perini Corporation,2024-11-21T00:00:00.000Z,445062.0,12768828.78,https://api-prod.etf.com/private/fund/PKB/holdings?type=securities&formatValues=true,ETFCOM,ETFCOM_VALIDATED_CURRENT_MEMBERSHIP
PKB,EXP,EXP,2.85,Eagle Materials Inc.,2024-11-21T00:00:00.000Z,40185.0,12421585.35,https://api-prod.etf.com/private/fund/PKB/holdings?type=securities&formatValues=true,ETFCOM,ETFCOM_VALIDATED_CURRENT_MEMBERSHIP
PKB,LPX,LPX,2.78,Louisiana-Pacific Corporation,2024-11-21T00:00:00.000Z,105941.0,12119650.4,https://api-prod.etf.com/private/fund/PKB/holdings?type=securities&formatValues=true,ETFCOM,ETFCOM_VALIDATED_CURRENT_MEMBERSHIP
PKB,SKY,SKY,2.6,"Champion Homes, Inc.",2024-11-21T00:00:00.000Z,113362.0,11345268.96,https://api-prod.etf.com/private/fund/PKB/holdings?type=securities&formatValues=true,ETFCOM,ETFCOM_VALIDATED_CURRENT_MEMBERSHIP
PKB,SPXC,SPXC,2.56,"SPX Technologies, Inc.",2024-11-21T00:00:00.000Z,64647.0,11154839.85,https://api-prod.etf.com/private/fund/PKB/holdings?type=securities&formatValues=true,ETFCOM,ETFCOM_VALIDATED_CURRENT_MEMBERSHIP
PKB,SWX,SWX,2.53,"Southwest Gas Holdings, Inc.",2024-11-21T00:00:00.000Z,142005.0,11001127.35,https://api-prod.etf.com/private/fund/PKB/holdings?type=securities&formatValues=true,ETFCOM,ETFCOM_VALIDATED_CURRENT_MEMBERSHIP
PKB,TOL,TOL,2.5,"Toll Brothers, Inc.",2024-11-21T00:00:00.000Z,71550.0,10901358.0,https://api-prod.etf.com/private/fund/PKB/holdings?type=securities&formatValues=true,ETFCOM,ETFCOM_VALIDATED_CURRENT_MEMBERSHIP
PKB,MHO,MHO,2.27,"M/I Homes, Inc.",2024-11-21T00:00:00.000Z,63373.0,9898228.87,https://api-prod.etf.com/private/fund/PKB/holdings?type=securities&formatValues=true,ETFCOM,ETFCOM_VALIDATED_CURRENT_MEMBERSHIP
PKB,TPH,TPH,2.2,"Tri Pointe Homes, Inc.",2024-11-21T00:00:00.000Z,228457.0,9588340.29,https://api-prod.etf.com/private/fund/PKB/holdings?type=securities&formatValues=true,ETFCOM,ETFCOM_VALIDATED_CURRENT_MEMBERSHIP
PKB,KBH,KBH,2.19,KB Home,2024-11-21T00:00:00.000Z,122705.0,9545221.95,https://api-prod.etf.com/private/fund/PKB/holdings?type=securities&formatValues=true,ETFCOM,ETFCOM_VALIDATED_CURRENT_MEMBERSHIP
PKB,MTH,MTH,2.11,Meritage Homes Corporation,2024-11-21T00:00:00.000Z,51700.0,9186056.0,https://api-prod.etf.com/private/fund/PKB/holdings?type=securities&formatValues=true,ETFCOM,ETFCOM_VALIDATED_CURRENT_MEMBERSHIP
PKB,MHK,MHK,2.11,"Mohawk Industries, Inc.",2024-11-21T00:00:00.000Z,66756.0,9178282.44,https://api-prod.etf.com/private/fund/PKB/holdings?type=securities&formatValues=true,ETFCOM,ETFCOM_VALIDATED_CURRENT_MEMBERSHIP
PKB,GRBK,GRBK,2.06,"Green Brick Partners, Inc.",2024-11-21T00:00:00.000Z,130970.0,8992400.2,https://api-prod.etf.com/private/fund/PKB/holdings?type=securities&formatValues=true,ETFCOM,ETFCOM_VALIDATED_CURRENT_MEMBERSHIP
PKB,AGPXX,AGPXX,0.1,Short Term Investments Trust Government & Agency Portfolio Institutional,2024-11-21T00:00:00.000Z,433125.33,433125.33,https://api-prod.etf.com/private/fund/PKB/holdings?type=securities&formatValues=true,ETFCOM,ETFCOM_VALIDATED_CURRENT_MEMBERSHIP
BOAT,MATX,MATX,5.61,"Matson, Inc.",2024-11-20T00:00:00.000Z,15855.0,2406154.8,https://api-prod.etf.com/private/fund/BOAT/holdings?type=securities&formatValues=true,ETFCOM,ETFCOM_VALIDATED_CURRENT_MEMBERSHIP
BOAT,INSW,INSW,3.04,"International Seaways, Inc.",2024-11-20T00:00:00.000Z,31091.0,1301780.17,https://api-prod.etf.com/private/fund/BOAT/holdings?type=securities&formatValues=true,ETFCOM,ETFCOM_VALIDATED_CURRENT_MEMBERSHIP
BOAT,DAC,DAC,1.59,Danaos Corporation,2024-11-20T00:00:00.000Z,7986.0,681764.82,https://api-prod.etf.com/private/fund/BOAT/holdings?type=securities&formatValues=true,ETFCOM,ETFCOM_VALIDATED_CURRENT_MEMBERSHIP
BOAT,LPG,LPG,1.0,Dorian LPG Ltd.,2024-11-20T00:00:00.000Z,16746.0,430372.2,https://api-prod.etf.com/private/fund/BOAT/holdings?type=securities&formatValues=true,ETFCOM,ETFCOM_VALIDATED_CURRENT_MEMBERSHIP
BOAT,GNK,GNK,0.7,Genco Shipping & Trading Ltd,2024-11-20T00:00:00.000Z,17628.0,302143.92,https://api-prod.etf.com/private/fund/BOAT/holdings?type=securities&formatValues=true,ETFCOM,ETFCOM_VALIDATED_CURRENT_MEMBERSHIP
BOAT,PANL,PANL,0.27,Pangaea Logistics Solutions Ltd.,2024-11-20T00:00:00.000Z,19533.0,116612.01,https://api-prod.etf.com/private/fund/BOAT/holdings?type=securities&formatValues=true,ETFCOM,ETFCOM_VALIDATED_CURRENT_MEMBERSHIP
BOAT,DSX,DSX,0.25,Diana Shipping Inc.,2024-11-20T00:00:00.000Z,50170.0,108868.9,https://api-prod.etf.com/private/fund/BOAT/holdings?type=securities&formatValues=true,ETFCOM,ETFCOM_VALIDATED_CURRENT_MEMBERSHIP
XRT,CVNA,CVNA,2.29,Carvana Co. Class A,2024-11-20T00:00:00.000Z,39273.0,9602248.5,https://api-prod.etf.com/private/fund/XRT/holdings?type=securities&formatValues=true,ETFCOM,ETFCOM_VALIDATED_CURRENT_MEMBERSHIP
XRT,WRBY,WRBY,2.11,"Warby Parker, Inc. Class A",2024-11-20T00:00:00.000Z,380339.0,8850488.53,https://api-prod.etf.com/private/fund/XRT/holdings?type=securities&formatValues=true,ETFCOM,ETFCOM_VALIDATED_CURRENT_MEMBERSHIP
XRT,VSCO,VSCO,2.04,Victoria's Secret & Company,2024-11-20T00:00:00.000Z,236901.0,8540281.05,https://api-prod.etf.com/private/fund/XRT/holdings?type=securities&formatValues=true,ETFCOM,ETFCOM_VALIDATED_CURRENT_MEMBERSHIP
XRT,SFM,SFM,1.86,"Sprouts Farmers Market, Inc.",2024-11-20T00:00:00.000Z,54585.0,7792008.75,https://api-prod.etf.com/private/fund/XRT/holdings?type=securities&formatValues=true,ETFCOM,ETFCOM_VALIDATED_CURRENT_MEMBERSHIP
XRT,GME,GME,1.83,GameStop Corp. Class A,2024-11-20T00:00:00.000Z,269827.0,7676578.15,https://api-prod.etf.com/private/fund/XRT/holdings?type=securities&formatValues=true,ETFCOM,ETFCOM_VALIDATED_CURRENT_MEMBERSHIP
XRT,RVLV,RVLV,1.82,"Revolve Group, Inc Class A",2024-11-20T00:00:00.000Z,226032.0,7635360.96,https://api-prod.etf.com/private/fund/XRT/holdings?type=securities&formatValues=true,ETFCOM,ETFCOM_VALIDATED_CURRENT_MEMBERSHIP
XRT,LAD,LAD,1.77,"Lithia Motors, Inc.",2024-11-20T00:00:00.000Z,19942.0,7401473.3,https://api-prod.etf.com/private/fund/XRT/holdings?type=securities&formatValues=true,ETFCOM,ETFCOM_VALIDATED_CURRENT_MEMBERSHIP
XRT,DDS,DDS,1.6,"Dillard's, Inc. Class A",2024-11-20T00:00:00.000Z,15947.0,6683706.64,https://api-prod.etf.com/private/fund/XRT/holdings?type=securities&formatValues=true,ETFCOM,ETFCOM_VALIDATED_CURRENT_MEMBERSHIP
XRT,ABG,ABG,1.5,"Asbury Automotive Group, Inc.",2024-11-20T00:00:00.000Z,25137.0,6296315.76,https://api-prod.etf.com/private/fund/XRT/holdings?type=securities&formatValues=true,ETFCOM,ETFCOM_VALIDATED_CURRENT_MEMBERSHIP
XRT,GO,GO,1.49,Grocery Outlet Holding Corp.,2024-11-20T00:00:00.000Z,338918.0,6249647.92,https://api-prod.etf.com/private/fund/XRT/holdings?type=securities&formatValues=true,ETFCOM,ETFCOM_VALIDATED_CURRENT_MEMBERSHIP
XRT,BBWI,BBWI,1.49,"Bath & Body Works, Inc.",2024-11-20T00:00:00.000Z,204765.0,6247380.15,https://api-prod.etf.com/private/fund/XRT/holdings?type=securities&formatValues=true,ETFCOM,ETFCOM_VALIDATED_CURRENT_MEMBERSHIP
XRT,GPI,GPI,1.47,"Group 1 Automotive, Inc.",2024-11-20T00:00:00.000Z,15298.0,6145665.54,https://api-prod.etf.com/private/fund/XRT/holdings?type=securities&formatValues=true,ETFCOM,ETFCOM_VALIDATED_CURRENT_MEMBERSHIP
XRT,SAH,SAH,1.47,"Sonic Automotive, Inc. Class A",2024-11-20T00:00:00.000Z,99586.0,6142464.48,https://api-prod.etf.com/private/fund/XRT/holdings?type=securities&formatValues=true,ETFCOM,ETFCOM_VALIDATED_CURRENT_MEMBERSHIP
XRT,WINA,WINA,1.45,Winmark Corporation,2024-11-20T00:00:00.000Z,15344.0,6067477.92,https://api-prod.etf.com/private/fund/XRT/holdings?type=securities&formatValues=true,ETFCOM,ETFCOM_VALIDATED_CURRENT_MEMBERSHIP
XRT,AMZN,AMZN,1.45,"Amazon.com, Inc.",2024-11-20T00:00:00.000Z,29884.0,6062865.92,https://api-prod.etf.com/private/fund/XRT/holdings?type=securities&formatValues=true,ETFCOM,ETFCOM_VALIDATED_CURRENT_MEMBERSHIP
XRT,CASY,CASY,1.44,"Casey's General Stores, Inc.",2024-11-20T00:00:00.000Z,14596.0,6042014.2,https://api-prod.etf.com/private/fund/XRT/holdings?type=securities&formatValues=true,ETFCOM,ETFCOM_VALIDATED_CURRENT_MEMBERSHIP
XRT,CHWY,CHWY,1.44,"Chewy, Inc. Class A",2024-11-20T00:00:00.000Z,174219.0,6031461.78,https://api-prod.etf.com/private/fund/XRT/holdings?type=securities&formatValues=true,ETFCOM,ETFCOM_VALIDATED_CURRENT_MEMBERSHIP
XRT,WMT,WMT,1.44,Walmart Inc.,2024-11-20T00:00:00.000Z,69134.0,6027102.12,https://api-prod.etf.com/private/fund/XRT/holdings?type=securities&formatValues=true,ETFCOM,ETFCOM_VALIDATED_CURRENT_MEMBERSHIP
XRT,BKE,BKE,1.43,"Buckle, Inc.",2024-11-20T00:00:00.000Z,126701.0,5982821.22,https://api-prod.etf.com/private/fund/XRT/holdings?type=securities&formatValues=true,ETFCOM,ETFCOM_VALIDATED_CURRENT_MEMBERSHIP
XRT,SIG,SIG,1.41,Signet Jewelers Limited,2024-11-20T00:00:00.000Z,61110.0,5909337.0,https://api-prod.etf.com/private/fund/XRT/holdings?type=securities&formatValues=true,ETFCOM,ETFCOM_VALIDATED_CURRENT_MEMBERSHIP
XRT,ORLY,ORLY,1.41,"O'Reilly Automotive, Inc.",2024-11-20T00:00:00.000Z,4954.0,5889661.98,https://api-prod.etf.com/private/fund/XRT/holdings?type=securities&formatValues=true,ETFCOM,ETFCOM_VALIDATED_CURRENT_MEMBERSHIP
XRT,BJ,BJ,1.4,"BJ's Wholesale Club Holdings, Inc.",2024-11-20T00:00:00.000Z,68404.0,5862222.8,https://api-prod.etf.com/private/fund/XRT/holdings?type=securities&formatValues=true,ETFCOM,ETFCOM_VALIDATED_CURRENT_MEMBERSHIP
XRT,EYE,EYE,1.39,"National Vision Holdings, Inc.",2024-11-20T00:00:00.000Z,512133.0,5807588.22,https://api-prod.etf.com/private/fund/XRT/holdings?type=securities&formatValues=true,ETFCOM,ETFCOM_VALIDATED_CURRENT_MEMBERSHIP
XRT,UPBD,UPBD,1.38,"Upbound Group, Inc.",2024-11-20T00:00:00.000Z,180139.0,5784263.29,https://api-prod.etf.com/private/fund/XRT/holdings?type=securities&formatValues=true,ETFCOM,ETFCOM_VALIDATED_CURRENT_MEMBERSHIP
XRT,MNRO,MNRO,1.38,"Monro, Inc.",2024-11-20T00:00:00.000Z,215212.0,5761225.24,https://api-prod.etf.com/private/fund/XRT/holdings?type=securities&formatValues=true,ETFCOM,ETFCOM_VALIDATED_CURRENT_MEMBERSHIP
XRT,PAG,PAG,1.37,"Penske Automotive Group, Inc.",2024-11-20T00:00:00.000Z,36606.0,5755561.38,https://api-prod.etf.com/private/fund/XRT/holdings?type=securities&formatValues=true,ETFCOM,ETFCOM_VALIDATED_CURRENT_MEMBERSHIP
XRT,KR,KR,1.37,Kroger Co.,2024-11-20T00:00:00.000Z,99643.0,5740433.23,https://api-prod.etf.com/private/fund/XRT/holdings?type=securities&formatValues=true,ETFCOM,ETFCOM_VALIDATED_CURRENT_MEMBERSHIP
XRT,URBN,URBN,1.36,"Urban Outfitters, Inc.",2024-11-20T00:00:00.000Z,154654.0,5708279.14,https://api-prod.etf.com/private/fund/XRT/holdings?type=securities&formatValues=true,ETFCOM,ETFCOM_VALIDATED_CURRENT_MEMBERSHIP
XRT,SBH,SBH,1.35,"Sally Beauty Holdings, Inc.",2024-11-20T00:00:00.000Z,430598.0,5653751.74,https://api-prod.etf.com/private/fund/XRT/holdings?type=securities&formatValues=true,ETFCOM,ETFCOM_VALIDATED_CURRENT_MEMBERSHIP
XRT,COST,COST,1.35,Costco Wholesale Corporation,2024-11-20T00:00:00.000Z,6079.0,5641798.32,https://api-prod.etf.com/private/fund/XRT/holdings?type=securities&formatValues=true,ETFCOM,ETFCOM_VALIDATED_CURRENT_MEMBERSHIP
XRT,ACI,ACI,1.33,"Albertsons Companies, Inc. Class A",2024-11-20T00:00:00.000Z,292342.0,5589579.04,https://api-prod.etf.com/private/fund/XRT/holdings?type=securities&formatValues=true,ETFCOM,ETFCOM_VALIDATED_CURRENT_MEMBERSHIP
XRT,EVGO,EVGO,1.33,"EVgo, Inc. Class A",2024-11-20T00:00:00.000Z,933483.0,5582228.34,https://api-prod.etf.com/private/fund/XRT/holdings?type=securities&formatValues=true,ETFCOM,ETFCOM_VALIDATED_CURRENT_MEMBERSHIP
XRT,TJX,TJX,1.33,TJX Companies Inc,2024-11-20T00:00:00.000Z,46512.0,5569346.88,https://api-prod.etf.com/private/fund/XRT/holdings?type=securities&formatValues=true,ETFCOM,ETFCOM_VALIDATED_CURRENT_MEMBERSHIP
XRT,JWN,JWN,1.32,"Nordstrom, Inc.",2024-11-20T00:00:00.000Z,248754.0,5534776.5,https://api-prod.etf.com/private/fund/XRT/holdings?type=securities&formatValues=true,ETFCOM,ETFCOM_VALIDATED_CURRENT_MEMBERSHIP
XRT,AN,AN,1.31,"AutoNation, Inc.",2024-11-20T00:00:00.000Z,33371.0,5501209.35,https://api-prod.etf.com/private/fund/XRT/holdings?type=securities&formatValues=true,ETFCOM,ETFCOM_VALIDATED_CURRENT_MEMBERSHIP
XRT,MUSA,MUSA,1.31,"Murphy USA, Inc.",2024-11-20T00:00:00.000Z,10452.0,5487509.04,https://api-prod.etf.com/private/fund/XRT/holdings?type=securities&formatValues=true,ETFCOM,ETFCOM_VALIDATED_CURRENT_MEMBERSHIP
XRT,AZO,AZO,1.31,"AutoZone, Inc.",2024-11-20T00:00:00.000Z,1794.0,5470946.52,https://api-prod.etf.com/private/fund/XRT/holdings?type=securities&formatValues=true,ETFCOM,ETFCOM_VALIDATED_CURRENT_MEMBERSHIP
XRT,CWH,CWH,1.3,"Camping World Holdings, Inc. Class A",2024-11-20T00:00:00.000Z,239048.0,5455075.36,https://api-prod.etf.com/private/fund/XRT/holdings?type=securities&formatValues=true,ETFCOM,ETFCOM_VALIDATED_CURRENT_MEMBERSHIP
XRT,PSMT,PSMT,1.3,"PriceSmart, Inc.",2024-11-20T00:00:00.000Z,62074.0,5443889.8,https://api-prod.etf.com/private/fund/XRT/holdings?type=securities&formatValues=true,ETFCOM,ETFCOM_VALIDATED_CURRENT_MEMBERSHIP
XRT,KMX,KMX,1.29,"CarMax, Inc.",2024-11-20T00:00:00.000Z,70711.0,5420705.26,https://api-prod.etf.com/private/fund/XRT/holdings?type=securities&formatValues=true,ETFCOM,ETFCOM_VALIDATED_CURRENT_MEMBERSHIP
XRT,GAP,GAP,1.29,"Gap, Inc.",2024-11-20T00:00:00.000Z,262703.0,5416935.86,https://api-prod.etf.com/private/fund/XRT/holdings?type=securities&formatValues=true,ETFCOM,ETFCOM_VALIDATED_CURRENT_MEMBERSHIP
XRT,M,M,1.29,"Macy's, Inc.",2024-11-20T00:00:00.000Z,371469.0,5408588.64,https://api-prod.etf.com/private/fund/XRT/holdings?type=securities&formatValues=true,ETFCOM,ETFCOM_VALIDATED_CURRENT_MEMBERSHIP
XRT,BURL,BURL,1.29,"Burlington Stores, Inc.",2024-11-20T00:00:00.000Z,20083.0,5402728.66,https://api-prod.etf.com/private/fund/XRT/holdings?type=securities&formatValues=true,ETFCOM,ETFCOM_VALIDATED_CURRENT_MEMBERSHIP
XRT,ANF,ANF,1.28,Abercrombie & Fitch Co. Class A,2024-11-20T00:00:00.000Z,39188.0,5361310.28,https://api-prod.etf.com/private/fund/XRT/holdings?type=securities&formatValues=true,ETFCOM,ETFCOM_VALIDATED_CURRENT_MEMBERSHIP
XRT,EBAY,EBAY,1.28,eBay Inc.,2024-11-20T00:00:00.000Z,87841.0,5342489.62,https://api-prod.etf.com/private/fund/XRT/holdings?type=securities&formatValues=true,ETFCOM,ETFCOM_VALIDATED_CURRENT_MEMBERSHIP
XRT,TSCO,TSCO,1.27,Tractor Supply Company,2024-11-20T00:00:00.000Z,19669.0,5310630.0,https://api-prod.etf.com/private/fund/XRT/holdings?type=securities&formatValues=true,ETFCOM,ETFCOM_VALIDATED_CURRENT_MEMBERSHIP
XRT,VVV,VVV,1.25,"Valvoline, Inc.",2024-11-20T00:00:00.000Z,136554.0,5254597.92,https://api-prod.etf.com/private/fund/XRT/holdings?type=securities&formatValues=true,ETFCOM,ETFCOM_VALIDATED_CURRENT_MEMBERSHIP
XRT,CAL,CAL,1.24,"Caleres, Inc.",2024-11-20T00:00:00.000Z,175203.0,5212289.25,https://api-prod.etf.com/private/fund/XRT/holdings?type=securities&formatValues=true,ETFCOM,ETFCOM_VALIDATED_CURRENT_MEMBERSHIP
XRT,AAP,AAP,1.24,"Advance Auto Parts, Inc.",2024-11-20T00:00:00.000Z,134490.0,5195348.7,https://api-prod.etf.com/private/fund/XRT/holdings?type=securities&formatValues=true,ETFCOM,ETFCOM_VALIDATED_CURRENT_MEMBERSHIP
XRT,ETSY,ETSY,1.22,"Etsy, Inc.",2024-11-20T00:00:00.000Z,100138.0,5093018.68,https://api-prod.etf.com/private/fund/XRT/holdings?type=securities&formatValues=true,ETFCOM,ETFCOM_VALIDATED_CURRENT_MEMBERSHIP
XRT,DLTR,DLTR,1.21,"Dollar Tree, Inc.",2024-11-20T00:00:00.000Z,79954.0,5051493.72,https://api-prod.etf.com/private/fund/XRT/holdings?type=securities&formatValues=true,ETFCOM,ETFCOM_VALIDATED_CURRENT_MEMBERSHIP
XRT,ULTA,ULTA,1.21,Ulta Beauty Inc.,2024-11-20T00:00:00.000Z,14711.0,5049697.86,https://api-prod.etf.com/private/fund/XRT/holdings?type=securities&formatValues=true,ETFCOM,ETFCOM_VALIDATED_CURRENT_MEMBERSHIP
XRT,ROST,ROST,1.19,"Ross Stores, Inc.",2024-11-20T00:00:00.000Z,35897.0,5001170.04,https://api-prod.etf.com/private/fund/XRT/holdings?type=securities&formatValues=true,ETFCOM,ETFCOM_VALIDATED_CURRENT_MEMBERSHIP
XRT,DKS,DKS,1.19,"Dick's Sporting Goods, Inc.",2024-11-20T00:00:00.000Z,25686.0,4987707.48,https://api-prod.etf.com/private/fund/XRT/holdings?type=securities&formatValues=true,ETFCOM,ETFCOM_VALIDATED_CURRENT_MEMBERSHIP
XRT,WBA,WBA,1.19,"Walgreens Boots Alliance, Inc.",2024-11-20T00:00:00.000Z,604984.0,4985068.16,https://api-prod.etf.com/private/fund/XRT/holdings?type=securities&formatValues=true,ETFCOM,ETFCOM_VALIDATED_CURRENT_MEMBERSHIP
XRT,OLLI,OLLI,1.19,Ollie's Bargain Outlet Holdings Inc,2024-11-20T00:00:00.000Z,56764.0,4970255.84,https://api-prod.etf.com/private/fund/XRT/holdings?type=securities&formatValues=true,ETFCOM,ETFCOM_VALIDATED_CURRENT_MEMBERSHIP
XRT,BBY,BBY,1.17,"Best Buy Co., Inc.",2024-11-20T00:00:00.000Z,56577.0,4909186.29,https://api-prod.etf.com/private/fund/XRT/holdings?type=securities&formatValues=true,ETFCOM,ETFCOM_VALIDATED_CURRENT_MEMBERSHIP
XRT,ODP,ODP,1.17,ODP Corporation,2024-11-20T00:00:00.000Z,189642.0,4904142.12,https://api-prod.etf.com/private/fund/XRT/holdings?type=securities&formatValues=true,ETFCOM,ETFCOM_VALIDATED_CURRENT_MEMBERSHIP
XRT,AEO,AEO,1.16,"American Eagle Outfitters, Inc.",2024-11-20T00:00:00.000Z,281697.0,4864907.19,https://api-prod.etf.com/private/fund/XRT/holdings?type=securities&formatValues=true,ETFCOM,ETFCOM_VALIDATED_CURRENT_MEMBERSHIP
XRT,DG,DG,1.15,Dollar General Corporation,2024-11-20T00:00:00.000Z,65744.0,4817062.88,https://api-prod.etf.com/private/fund/XRT/holdings?type=securities&formatValues=true,ETFCOM,ETFCOM_VALIDATED_CURRENT_MEMBERSHIP
XRT,FIVE,FIVE,1.15,"Five Below, Inc.",2024-11-20T00:00:00.000Z,57716.0,4796199.6,https://api-prod.etf.com/private/fund/XRT/holdings?type=securities&formatValues=true,ETFCOM,ETFCOM_VALIDATED_CURRENT_MEMBERSHIP
XRT,BOOT,BOOT,1.14,"Boot Barn Holdings, Inc.",2024-11-20T00:00:00.000Z,36054.0,4782563.1,https://api-prod.etf.com/private/fund/XRT/holdings?type=securities&formatValues=true,ETFCOM,ETFCOM_VALIDATED_CURRENT_MEMBERSHIP
XRT,LESL,LESL,1.13,"Leslie's, Inc.",2024-11-20T00:00:00.000Z,1709791.0,4719023.16,https://api-prod.etf.com/private/fund/XRT/holdings?type=securities&formatValues=true,ETFCOM,ETFCOM_VALIDATED_CURRENT_MEMBERSHIP
XRT,FL,FL,1.11,"Foot Locker, Inc.",2024-11-20T00:00:00.000Z,206817.0,4640973.48,https://api-prod.etf.com/private/fund/XRT/holdings?type=securities&formatValues=true,ETFCOM,ETFCOM_VALIDATED_CURRENT_MEMBERSHIP
XRT,KSS,KSS,1.1,Kohl's Corporation,2024-11-20T00:00:00.000Z,282555.0,4608472.05,https://api-prod.etf.com/private/fund/XRT/holdings?type=securities&formatValues=true,ETFCOM,ETFCOM_VALIDATED_CURRENT_MEMBERSHIP
XRT,GES,GES,1.07,"Guess?, Inc.",2024-11-20T00:00:00.000Z,277275.0,4491855.0,https://api-prod.etf.com/private/fund/XRT/holdings?type=securities&formatValues=true,ETFCOM,ETFCOM_VALIDATED_CURRENT_MEMBERSHIP
XRT,TGT,TGT,1.07,Target Corporation,2024-11-20T00:00:00.000Z,36813.0,4480878.36,https://api-prod.etf.com/private/fund/XRT/holdings?type=securities&formatValues=true,ETFCOM,ETFCOM_VALIDATED_CURRENT_MEMBERSHIP
XRT,ASO,ASO,1.02,"Academy Sports and Outdoors, Inc.",2024-11-20T00:00:00.000Z,94430.0,4273901.8,https://api-prod.etf.com/private/fund/XRT/holdings?type=securities&formatValues=true,ETFCOM,ETFCOM_VALIDATED_CURRENT_MEMBERSHIP
XRT,HZO,HZO,1.02,"MarineMax, Inc.",2024-11-20T00:00:00.000Z,146847.0,4252689.12,https://api-prod.etf.com/private/fund/XRT/holdings?type=securities&formatValues=true,ETFCOM,ETFCOM_VALIDATED_CURRENT_MEMBERSHIP
XRT,SCVL,SCVL,0.94,"Shoe Carnival, Inc.",2024-11-20T00:00:00.000Z,117446.0,3932092.08,https://api-prod.etf.com/private/fund/XRT/holdings?type=securities&formatValues=true,ETFCOM,ETFCOM_VALIDATED_CURRENT_MEMBERSHIP
XRT,BBW,BBW,0.84,"Build-A-Bear Workshop, Inc.",2024-11-20T00:00:00.000Z,97353.0,3530993.31,https://api-prod.etf.com/private/fund/XRT/holdings?type=securities&formatValues=true,ETFCOM,ETFCOM_VALIDATED_CURRENT_MEMBERSHIP
XRT,IMKTA,IMKTA,0.83,"Ingles Markets, Incorporated Class A",2024-11-20T00:00:00.000Z,50267.0,3491545.82,https://api-prod.etf.com/private/fund/XRT/holdings?type=securities&formatValues=true,ETFCOM,ETFCOM_VALIDATED_CURRENT_MEMBERSHIP
XRT,WMK,WMK,0.78,"Weis Markets, Inc.",2024-11-20T00:00:00.000Z,46307.0,3246583.77,https://api-prod.etf.com/private/fund/XRT/holdings?type=securities&formatValues=true,ETFCOM,ETFCOM_VALIDATED_CURRENT_MEMBERSHIP
XRT,ZUMZ,ZUMZ,0.72,Zumiez Inc.,2024-11-20T00:00:00.000Z,139997.0,3005735.59,https://api-prod.etf.com/private/fund/XRT/holdings?type=securities&formatValues=true,ETFCOM,ETFCOM_VALIDATED_CURRENT_MEMBERSHIP
XRT,GRPN,GRPN,0.55,"Groupon, Inc.",2024-11-20T00:00:00.000Z,268816.0,2284936.0,https://api-prod.etf.com/private/fund/XRT/holdings?type=securities&formatValues=true,ETFCOM,ETFCOM_VALIDATED_CURRENT_MEMBERSHIP
XRT,GCO,GCO,0.54,Genesco Inc.,2024-11-20T00:00:00.000Z,78041.0,2252263.26,https://api-prod.etf.com/private/fund/XRT/holdings?type=securities&formatValues=true,ETFCOM,ETFCOM_VALIDATED_CURRENT_MEMBERSHIP
XRT,CRMT,CRMT,0.44,"America's Car-Mart, Inc.",2024-11-20T00:00:00.000Z,44032.0,1838336.0,https://api-prod.etf.com/private/fund/XRT/holdings?type=securities&formatValues=true,ETFCOM,ETFCOM_VALIDATED_CURRENT_MEMBERSHIP
XRT,ARKO,ARKO,0.3,ARKO Corp,2024-11-20T00:00:00.000Z,192870.0,1276799.4,https://api-prod.etf.com/private/fund/XRT/holdings?type=securities&formatValues=true,ETFCOM,ETFCOM_VALIDATED_CURRENT_MEMBERSHIP
XHB,WSM,WSM,4.14,"Williams-Sonoma, Inc.",2024-11-20T00:00:00.000Z,501716.0,87820368.64,https://api-prod.etf.com/private/fund/XHB/holdings?type=securities&formatValues=true,ETFCOM,ETFCOM_VALIDATED_CURRENT_MEMBERSHIP
XHB,OC,OC,4.01,Owens Corning,2024-11-20T00:00:00.000Z,437747.0,84975447.64,https://api-prod.etf.com/private/fund/XHB/holdings?type=securities&formatValues=true,ETFCOM,ETFCOM_VALIDATED_CURRENT_MEMBERSHIP
XHB,JCI,JCI,3.91,Johnson Controls International plc,2024-11-20T00:00:00.000Z,999729.0,82957512.42,https://api-prod.etf.com/private/fund/XHB/holdings?type=securities&formatValues=true,ETFCOM,ETFCOM_VALIDATED_CURRENT_MEMBERSHIP
XHB,TT,TT,3.86,Trane Technologies plc,2024-11-20T00:00:00.000Z,199081.0,81854143.95999998,https://api-prod.etf.com/private/fund/XHB/holdings?type=securities&formatValues=true,ETFCOM,ETFCOM_VALIDATED_CURRENT_MEMBERSHIP
XHB,LII,LII,3.62,Lennox International Inc.,2024-11-20T00:00:00.000Z,122646.0,76696676.09999998,https://api-prod.etf.com/private/fund/XHB/holdings?type=securities&formatValues=true,ETFCOM,ETFCOM_VALIDATED_CURRENT_MEMBERSHIP
XHB,HD,HD,3.6,"Home Depot, Inc.",2024-11-20T00:00:00.000Z,190862.0,76344800.0,https://api-prod.etf.com/private/fund/XHB/holdings?type=securities&formatValues=true,ETFCOM,ETFCOM_VALIDATED_CURRENT_MEMBERSHIP
XHB,CSL,CSL,3.59,Carlisle Companies Incorporated,2024-11-20T00:00:00.000Z,176320.0,76122633.59999998,https://api-prod.etf.com/private/fund/XHB/holdings?type=securities&formatValues=true,ETFCOM,ETFCOM_VALIDATED_CURRENT_MEMBERSHIP
XHB,LOW,LOW,3.52,"Lowe's Companies, Inc.",2024-11-20T00:00:00.000Z,283930.0,74682107.9,https://api-prod.etf.com/private/fund/XHB/holdings?type=securities&formatValues=true,ETFCOM,ETFCOM_VALIDATED_CURRENT_MEMBERSHIP
XHB,TOL,TOL,3.47,"Toll Brothers, Inc.",2024-11-20T00:00:00.000Z,484161.0,73548897.51,https://api-prod.etf.com/private/fund/XHB/holdings?type=securities&formatValues=true,ETFCOM,ETFCOM_VALIDATED_CURRENT_MEMBERSHIP
XHB,TMHC,TMHC,3.45,Taylor Morrison Home Corporation,2024-11-20T00:00:00.000Z,1055975.0,73179067.5,https://api-prod.etf.com/private/fund/XHB/holdings?type=securities&formatValues=true,ETFCOM,ETFCOM_VALIDATED_CURRENT_MEMBERSHIP
XHB,ALLE,ALLE,3.38,Allegion Public Limited Company,2024-11-20T00:00:00.000Z,513776.0,71635787.68,https://api-prod.etf.com/private/fund/XHB/holdings?type=securities&formatValues=true,ETFCOM,ETFCOM_VALIDATED_CURRENT_MEMBERSHIP
XHB,CARR,CARR,3.33,Carrier Global Corp.,2024-11-20T00:00:00.000Z,947984.0,70624808.0,https://api-prod.etf.com/private/fund/XHB/holdings?type=securities&formatValues=true,ETFCOM,ETFCOM_VALIDATED_CURRENT_MEMBERSHIP
XHB,NVR,NVR,3.29,"NVR, Inc.",2024-11-20T00:00:00.000Z,7744.0,69696000.0,https://api-prod.etf.com/private/fund/XHB/holdings?type=securities&formatValues=true,ETFCOM,ETFCOM_VALIDATED_CURRENT_MEMBERSHIP
XHB,MAS,MAS,3.28,Masco Corporation,2024-11-20T00:00:00.000Z,904249.0,69636215.49,https://api-prod.etf.com/private/fund/XHB/holdings?type=securities&formatValues=true,ETFCOM,ETFCOM_VALIDATED_CURRENT_MEMBERSHIP
XHB,BLDR,BLDR,3.26,"Builders FirstSource, Inc.",2024-11-20T00:00:00.000Z,395486.0,69142817.38,https://api-prod.etf.com/private/fund/XHB/holdings?type=securities&formatValues=true,ETFCOM,ETFCOM_VALIDATED_CURRENT_MEMBERSHIP
XHB,IBP,IBP,3.19,"Installed Building Products, Inc.",2024-11-20T00:00:00.000Z,324711.0,67711984.83,https://api-prod.etf.com/private/fund/XHB/holdings?type=securities&formatValues=true,ETFCOM,ETFCOM_VALIDATED_CURRENT_MEMBERSHIP
XHB,PHM,PHM,3.14,"PulteGroup, Inc.",2024-11-20T00:00:00.000Z,519479.0,66524480.74,https://api-prod.etf.com/private/fund/XHB/holdings?type=securities&formatValues=true,ETFCOM,ETFCOM_VALIDATED_CURRENT_MEMBERSHIP
XHB,BLD,BLD,3.11,TopBuild Corp.,2024-11-20T00:00:00.000Z,187625.0,65875137.5,https://api-prod.etf.com/private/fund/XHB/holdings?type=securities&formatValues=true,ETFCOM,ETFCOM_VALIDATED_CURRENT_MEMBERSHIP
XHB,FND,FND,3.11,"Floor & Decor Holdings, Inc. Class A",2024-11-20T00:00:00.000Z,636423.0,65857052.04,https://api-prod.etf.com/private/fund/XHB/holdings?type=securities&formatValues=true,ETFCOM,ETFCOM_VALIDATED_CURRENT_MEMBERSHIP
XHB,KBH,KBH,3.1,KB Home,2024-11-20T00:00:00.000Z,842679.0,65703681.63,https://api-prod.etf.com/private/fund/XHB/holdings?type=securities&formatValues=true,ETFCOM,ETFCOM_VALIDATED_CURRENT_MEMBERSHIP
XHB,LEN,LEN,3.09,Lennar Corporation Class A,2024-11-20T00:00:00.000Z,389986.0,65607344.78,https://api-prod.etf.com/private/fund/XHB/holdings?type=securities&formatValues=true,ETFCOM,ETFCOM_VALIDATED_CURRENT_MEMBERSHIP
XHB,AOS,AOS,3.07,A. O. Smith Corporation,2024-11-20T00:00:00.000Z,906642.0,65051563.5,https://api-prod.etf.com/private/fund/XHB/holdings?type=securities&formatValues=true,ETFCOM,ETFCOM_VALIDATED_CURRENT_MEMBERSHIP
XHB,MTH,MTH,2.99,Meritage Homes Corporation,2024-11-20T00:00:00.000Z,356265.0,63497110.95,https://api-prod.etf.com/private/fund/XHB/holdings?type=securities&formatValues=true,ETFCOM,ETFCOM_VALIDATED_CURRENT_MEMBERSHIP
XHB,WMS,WMS,2.97,"Advanced Drainage Systems, Inc.",2024-11-20T00:00:00.000Z,491147.0,63058363.33,https://api-prod.etf.com/private/fund/XHB/holdings?type=securities&formatValues=true,ETFCOM,ETFCOM_VALIDATED_CURRENT_MEMBERSHIP
XHB,DHI,DHI,2.86,"D.R. Horton, Inc.",2024-11-20T00:00:00.000Z,372190.0,60711632.8,https://api-prod.etf.com/private/fund/XHB/holdings?type=securities&formatValues=true,ETFCOM,ETFCOM_VALIDATED_CURRENT_MEMBERSHIP
XHB,MHO,MHO,2.38,"M/I Homes, Inc.",2024-11-20T00:00:00.000Z,326312.0,50451098.32,https://api-prod.etf.com/private/fund/XHB/holdings?type=securities&formatValues=true,ETFCOM,ETFCOM_VALIDATED_CURRENT_MEMBERSHIP
XHB,SKY,SKY,2.29,"Champion Homes, Inc.",2024-11-20T00:00:00.000Z,494473.0,48527580.22,https://api-prod.etf.com/private/fund/XHB/holdings?type=securities&formatValues=true,ETFCOM,ETFCOM_VALIDATED_CURRENT_MEMBERSHIP
XHB,TPH,TPH,2.21,"Tri Pointe Homes, Inc.",2024-11-20T00:00:00.000Z,1120858.0,46762195.76,https://api-prod.etf.com/private/fund/XHB/holdings?type=securities&formatValues=true,ETFCOM,ETFCOM_VALIDATED_CURRENT_MEMBERSHIP
XHB,CVCO,CVCO,1.78,"Cavco Industries, Inc.",2024-11-20T00:00:00.000Z,79221.0,37662455.61,https://api-prod.etf.com/private/fund/XHB/holdings?type=securities&formatValues=true,ETFCOM,ETFCOM_VALIDATED_CURRENT_MEMBERSHIP
XHB,GRBK,GRBK,1.76,"Green Brick Partners, Inc.",2024-11-20T00:00:00.000Z,543542.0,37330464.56,https://api-prod.etf.com/private/fund/XHB/holdings?type=securities&formatValues=true,ETFCOM,ETFCOM_VALIDATED_CURRENT_MEMBERSHIP
XHB,CCS,CCS,1.51,"Century Communities, Inc.",2024-11-20T00:00:00.000Z,369658.0,31956934.1,https://api-prod.etf.com/private/fund/XHB/holdings?type=securities&formatValues=true,ETFCOM,ETFCOM_VALIDATED_CURRENT_MEMBERSHIP
XHB,LGIH,LGIH,1.34,"LGI Homes, Inc.",2024-11-20T00:00:00.000Z,278817.0,28380782.43,https://api-prod.etf.com/private/fund/XHB/holdings?type=securities&formatValues=true,ETFCOM,ETFCOM_VALIDATED_CURRENT_MEMBERSHIP
XHB,HOV,HOV,0.85,"Hovnanian Enterprises, Inc. Class A",2024-11-20T00:00:00.000Z,104781.0,18017092.95,https://api-prod.etf.com/private/fund/XHB/holdings?type=securities&formatValues=true,ETFCOM,ETFCOM_VALIDATED_CURRENT_MEMBERSHIP
XHB,BZH,BZH,0.78,"Beazer Homes USA, Inc.",2024-11-20T00:00:00.000Z,506664.0,16547646.24,https://api-prod.etf.com/private/fund/XHB/holdings?type=securities&formatValues=true,ETFCOM,ETFCOM_VALIDATED_CURRENT_MEMBERSHIP
XHB,DFH,DFH,0.72,"Dream Finders Homes, Inc. Class A",2024-11-20T00:00:00.000Z,544222.0,15189236.02,https://api-prod.etf.com/private/fund/XHB/holdings?type=securities&formatValues=true,ETFCOM,ETFCOM_VALIDATED_CURRENT_MEMBERSHIP
XAR,AXON,AXON,6.85,Axon Enterprise Inc,2024-11-20T00:00:00.000Z,291926.0,178022313.32,https://api-prod.etf.com/private/fund/XAR/holdings?type=securities&formatValues=true,ETFCOM,ETFCOM_VALIDATED_CURRENT_MEMBERSHIP
XAR,RKLB,RKLB,6.22,"Rocket Lab USA, Inc.",2024-11-20T00:00:00.000Z,8013156.0,161705488.08,https://api-prod.etf.com/private/fund/XAR/holdings?type=securities&formatValues=true,ETFCOM,ETFCOM_VALIDATED_CURRENT_MEMBERSHIP
XAR,HWM,HWM,5.28,Howmet Aerospace Inc.,2024-11-20T00:00:00.000Z,1163103.0,137362464.3,https://api-prod.etf.com/private/fund/XAR/holdings?type=securities&formatValues=true,ETFCOM,ETFCOM_VALIDATED_CURRENT_MEMBERSHIP
XAR,CW,CW,4.97,Curtiss-Wright Corporation,2024-11-20T00:00:00.000Z,357542.0,129233555.9,https://api-prod.etf.com/private/fund/XAR/holdings?type=securities&formatValues=true,ETFCOM,ETFCOM_VALIDATED_CURRENT_MEMBERSHIP
XAR,HEI,HEI,4.56,HEICO Corporation,2024-11-20T00:00:00.000Z,427303.0,118542398.26,https://api-prod.etf.com/private/fund/XAR/holdings?type=securities&formatValues=true,ETFCOM,ETFCOM_VALIDATED_CURRENT_MEMBERSHIP
XAR,LHX,LHX,4.53,L3Harris Technologies Inc,2024-11-20T00:00:00.000Z,482308.0,117856782.88,https://api-prod.etf.com/private/fund/XAR/holdings?type=securities&formatValues=true,ETFCOM,ETFCOM_VALIDATED_CURRENT_MEMBERSHIP
XAR,WWD,WWD,4.44,"Woodward, Inc.",2024-11-20T00:00:00.000Z,671174.0,115556027.58,https://api-prod.etf.com/private/fund/XAR/holdings?type=securities&formatValues=true,ETFCOM,ETFCOM_VALIDATED_CURRENT_MEMBERSHIP
XAR,BWXT,BWXT,4.37,"BWX Technologies, Inc.",2024-11-20T00:00:00.000Z,875312.0,113580485.12,https://api-prod.etf.com/private/fund/XAR/holdings?type=securities&formatValues=true,ETFCOM,ETFCOM_VALIDATED_CURRENT_MEMBERSHIP
XAR,RTX,RTX,4.26,RTX Corporation,2024-11-20T00:00:00.000Z,930327.0,110848462.05,https://api-prod.etf.com/private/fund/XAR/holdings?type=securities&formatValues=true,ETFCOM,ETFCOM_VALIDATED_CURRENT_MEMBERSHIP
XAR,GE,GE,4.25,GE Aerospace,2024-11-20T00:00:00.000Z,621617.0,110635393.66,https://api-prod.etf.com/private/fund/XAR/holdings?type=securities&formatValues=true,ETFCOM,ETFCOM_VALIDATED_CURRENT_MEMBERSHIP
XAR,SPR,SPR,4.09,"Spirit AeroSystems Holdings, Inc. Class A",2024-11-20T00:00:00.000Z,3330944.0,106357041.92,https://api-prod.etf.com/private/fund/XAR/holdings?type=securities&formatValues=true,ETFCOM,ETFCOM_VALIDATED_CURRENT_MEMBERSHIP
XAR,NOC,NOC,4.03,Northrop Grumman Corp.,2024-11-20T00:00:00.000Z,213215.0,104897515.7,https://api-prod.etf.com/private/fund/XAR/holdings?type=securities&formatValues=true,ETFCOM,ETFCOM_VALIDATED_CURRENT_MEMBERSHIP
XAR,TDG,TDG,4.03,TransDigm Group Incorporated,2024-11-20T00:00:00.000Z,81031.0,104781996.41,https://api-prod.etf.com/private/fund/XAR/holdings?type=securities&formatValues=true,ETFCOM,ETFCOM_VALIDATED_CURRENT_MEMBERSHIP
XAR,LMT,LMT,4.0,Lockheed Martin Corporation,2024-11-20T00:00:00.000Z,194447.0,103976644.31,https://api-prod.etf.com/private/fund/XAR/holdings?type=securities&formatValues=true,ETFCOM,ETFCOM_VALIDATED_CURRENT_MEMBERSHIP
XAR,TXT,TXT,3.98,Textron Inc.,2024-11-20T00:00:00.000Z,1263631.0,103440833.66,https://api-prod.etf.com/private/fund/XAR/holdings?type=securities&formatValues=true,ETFCOM,ETFCOM_VALIDATED_CURRENT_MEMBERSHIP
XAR,BA,BA,3.97,Boeing Company,2024-11-20T00:00:00.000Z,706899.0,103263805.92,https://api-prod.etf.com/private/fund/XAR/holdings?type=securities&formatValues=true,ETFCOM,ETFCOM_VALIDATED_CURRENT_MEMBERSHIP
XAR,GD,GD,3.92,General Dynamics Corporation,2024-11-20T00:00:00.000Z,363587.0,101822539.35,https://api-prod.etf.com/private/fund/XAR/holdings?type=securities&formatValues=true,ETFCOM,ETFCOM_VALIDATED_CURRENT_MEMBERSHIP
XAR,AVAV,AVAV,3.53,"AeroVironment, Inc.",2024-11-20T00:00:00.000Z,463126.0,91856410.84,https://api-prod.etf.com/private/fund/XAR/holdings?type=securities&formatValues=true,ETFCOM,ETFCOM_VALIDATED_CURRENT_MEMBERSHIP
XAR,HXL,HXL,3.52,Hexcel Corporation,2024-11-20T00:00:00.000Z,1563542.0,91561019.52,https://api-prod.etf.com/private/fund/XAR/holdings?type=securities&formatValues=true,ETFCOM,ETFCOM_VALIDATED_CURRENT_MEMBERSHIP
XAR,HII,HII,3.1,"Huntington Ingalls Industries, Inc.",2024-11-20T00:00:00.000Z,423712.0,80611208.0,https://api-prod.etf.com/private/fund/XAR/holdings?type=securities&formatValues=true,ETFCOM,ETFCOM_VALIDATED_CURRENT_MEMBERSHIP
XAR,MOG.A,MOG-A,2.03,Moog Inc. Class A,2024-11-20T00:00:00.000Z,243526.0,52864624.08,https://api-prod.etf.com/private/fund/XAR/holdings?type=securities&formatValues=true,ETFCOM,ETFCOM_VALIDATED_CURRENT_MEMBERSHIP
XAR,KTOS,KTOS,1.45,"Kratos Defense & Security Solutions, Inc.",2024-11-20T00:00:00.000Z,1490697.0,37595378.34,https://api-prod.etf.com/private/fund/XAR/holdings?type=securities&formatValues=true,ETFCOM,ETFCOM_VALIDATED_CURRENT_MEMBERSHIP
XAR,DRS,DRS,1.32,"Leonardo DRS, Inc.",2024-11-20T00:00:00.000Z,984496.0,34417980.16,https://api-prod.etf.com/private/fund/XAR/holdings?type=securities&formatValues=true,ETFCOM,ETFCOM_VALIDATED_CURRENT_MEMBERSHIP
XAR,MRCY,MRCY,1.31,"Mercury Systems, Inc.",2024-11-20T00:00:00.000Z,876132.0,34099057.44,https://api-prod.etf.com/private/fund/XAR/holdings?type=securities&formatValues=true,ETFCOM,ETFCOM_VALIDATED_CURRENT_MEMBERSHIP
XAR,TGI,TGI,1.27,"Triumph Group, Inc.",2024-11-20T00:00:00.000Z,1719500.0,32980010.0,https://api-prod.etf.com/private/fund/XAR/holdings?type=securities&formatValues=true,ETFCOM,ETFCOM_VALIDATED_CURRENT_MEMBERSHIP
XAR,ACHR,ACHR,1.21,Archer Aviation Inc Class A,2024-11-20T00:00:00.000Z,6209168.0,31418390.08,https://api-prod.etf.com/private/fund/XAR/holdings?type=securities&formatValues=true,ETFCOM,ETFCOM_VALIDATED_CURRENT_MEMBERSHIP
XAR,AIR,AIR,1.14,AAR CORP.,2024-11-20T00:00:00.000Z,439235.0,29665931.9,https://api-prod.etf.com/private/fund/XAR/holdings?type=securities&formatValues=true,ETFCOM,ETFCOM_VALIDATED_CURRENT_MEMBERSHIP
XAR,LOAR,LOAR,0.97,Loar Holdings Inc.,2024-11-20T00:00:00.000Z,286995.0,25272779.7,https://api-prod.etf.com/private/fund/XAR/holdings?type=securities&formatValues=true,ETFCOM,ETFCOM_VALIDATED_CURRENT_MEMBERSHIP
XAR,CDRE,CDRE,0.44,"Cadre Holdings, Inc.",2024-11-20T00:00:00.000Z,348948.0,11316383.64,https://api-prod.etf.com/private/fund/XAR/holdings?type=securities&formatValues=true,ETFCOM,ETFCOM_VALIDATED_CURRENT_MEMBERSHIP
XAR,VVX,VVX,0.33,V2X Inc,2024-11-20T00:00:00.000Z,137035.0,8471503.7,https://api-prod.etf.com/private/fund/XAR/holdings?type=securities&formatValues=true,ETFCOM,ETFCOM_VALIDATED_CURRENT_MEMBERSHIP
XAR,DCO,DCO,0.2,Ducommun Incorporated,2024-11-20T00:00:00.000Z,79818.0,5198546.34,https://api-prod.etf.com/private/fund/XAR/holdings?type=securities&formatValues=true,ETFCOM,ETFCOM_VALIDATED_CURRENT_MEMBERSHIP
XAR,ATRO,ATRO,0.19,Astronics Corporation,2024-11-20T00:00:00.000Z,287985.0,4947582.3,https://api-prod.etf.com/private/fund/XAR/holdings?type=securities&formatValues=true,ETFCOM,ETFCOM_VALIDATED_CURRENT_MEMBERSHIP
XAR,NPK,NPK,0.18,"National Presto Industries, Inc.",2024-11-20T00:00:00.000Z,62739.0,4739931.45,https://api-prod.etf.com/private/fund/XAR/holdings?type=securities&formatValues=true,ETFCOM,ETFCOM_VALIDATED_CURRENT_MEMBERSHIP
WGMI,CORZ,CORZ,15.65,Core Scientific Inc,2024-11-20T00:00:00.000Z,2085557.0,35996713.82,https://api-prod.etf.com/private/fund/WGMI/holdings?type=securities&formatValues=true,ETFCOM,ETFCOM_VALIDATED_CURRENT_MEMBERSHIP
WGMI,CIFR,CIFR,11.29,Cipher Mining Inc,2024-11-20T00:00:00.000Z,3990094.0,25975511.94,https://api-prod.etf.com/private/fund/WGMI/holdings?type=securities&formatValues=true,ETFCOM,ETFCOM_VALIDATED_CURRENT_MEMBERSHIP
WGMI,CLSK,CLSK,10.04,"Cleanspark, Inc.",2024-11-20T00:00:00.000Z,1649589.0,23094246.0,https://api-prod.etf.com/private/fund/WGMI/holdings?type=securities&formatValues=true,ETFCOM,ETFCOM_VALIDATED_CURRENT_MEMBERSHIP
WGMI,RIOT,RIOT,5.52,"Riot Platforms, Inc.",2024-11-20T00:00:00.000Z,1044423.0,12689739.45,https://api-prod.etf.com/private/fund/WGMI/holdings?type=securities&formatValues=true,ETFCOM,ETFCOM_VALIDATED_CURRENT_MEMBERSHIP
WGMI,WULF,WULF,5.25,TeraWulf Inc.,2024-11-20T00:00:00.000Z,1677192.0,12075782.4,https://api-prod.etf.com/private/fund/WGMI/holdings?type=securities&formatValues=true,ETFCOM,ETFCOM_VALIDATED_CURRENT_MEMBERSHIP
WGMI,MARA,MARA,4.68,"MARA Holdings, Inc.",2024-11-20T00:00:00.000Z,475342.0,10756989.46,https://api-prod.etf.com/private/fund/WGMI/holdings?type=securities&formatValues=true,ETFCOM,ETFCOM_VALIDATED_CURRENT_MEMBERSHIP
WGMI,NVDA,NVDA,3.61,NVIDIA Corporation,2024-11-20T00:00:00.000Z,56878.0,8297931.42,https://api-prod.etf.com/private/fund/WGMI/holdings?type=securities&formatValues=true,ETFCOM,ETFCOM_VALIDATED_CURRENT_MEMBERSHIP
WGMI,APLD,APLD,3.24,Applied Digital Corporation,2024-11-20T00:00:00.000Z,850456.0,7449994.559999999,https://api-prod.etf.com/private/fund/WGMI/holdings?type=securities&formatValues=true,ETFCOM,ETFCOM_VALIDATED_CURRENT_MEMBERSHIP
WGMI,TSM,TSM,0.51,"Taiwan Semiconductor Manufacturing Co., Ltd. Sponsored ADR",2024-11-20T00:00:00.000Z,6219.0,1171410.84,https://api-prod.etf.com/private/fund/WGMI/holdings?type=securities&formatValues=true,ETFCOM,ETFCOM_VALIDATED_CURRENT_MEMBERSHIP
JETS,UAL,UAL,15.32,"United Airlines Holdings, Inc.",2024-11-20T00:00:00.000Z,1695584.0,160453113.92,https://api-prod.etf.com/private/fund/JETS/holdings?type=securities&formatValues=true,ETFCOM,ETFCOM_VALIDATED_CURRENT_MEMBERSHIP
JETS,DAL,DAL,11.48,"Delta Air Lines, Inc.",2024-11-20T00:00:00.000Z,1889328.0,120236833.92,https://api-prod.etf.com/private/fund/JETS/holdings?type=securities&formatValues=true,ETFCOM,ETFCOM_VALIDATED_CURRENT_MEMBERSHIP
JETS,AAL,AAL,10.35,American Airlines Group Inc.,2024-11-20T00:00:00.000Z,7495098.0,108379117.08,https://api-prod.etf.com/private/fund/JETS/holdings?type=securities&formatValues=true,ETFCOM,ETFCOM_VALIDATED_CURRENT_MEMBERSHIP
JETS,LUV,LUV,8.51,Southwest Airlines Co.,2024-11-20T00:00:00.000Z,2804774.0,89107669.98,https://api-prod.etf.com/private/fund/JETS/holdings?type=securities&formatValues=true,ETFCOM,ETFCOM_VALIDATED_CURRENT_MEMBERSHIP
JETS,ALGT,ALGT,4.25,Allegiant Travel Company,2024-11-20T00:00:00.000Z,611601.0,44463392.7,https://api-prod.etf.com/private/fund/JETS/holdings?type=securities&formatValues=true,ETFCOM,ETFCOM_VALIDATED_CURRENT_MEMBERSHIP
JETS,SKYW,SKYW,3.44,"SkyWest, Inc",2024-11-20T00:00:00.000Z,330750.0,36045135.0,https://api-prod.etf.com/private/fund/JETS/holdings?type=securities&formatValues=true,ETFCOM,ETFCOM_VALIDATED_CURRENT_MEMBERSHIP
JETS,ULCC,ULCC,3.26,"Frontier Group Holdings, Inc.",2024-11-20T00:00:00.000Z,6238774.0,34126093.78,https://api-prod.etf.com/private/fund/JETS/holdings?type=securities&formatValues=true,ETFCOM,ETFCOM_VALIDATED_CURRENT_MEMBERSHIP
JETS,ALK,ALK,3.17,"Alaska Air Group, Inc.",2024-11-20T00:00:00.000Z,624188.0,33169350.32,https://api-prod.etf.com/private/fund/JETS/holdings?type=securities&formatValues=true,ETFCOM,ETFCOM_VALIDATED_CURRENT_MEMBERSHIP
JETS,SNCY,SNCY,2.98,"Sun Country Airlines Holdings, Inc.",2024-11-20T00:00:00.000Z,2231489.0,31196216.22,https://api-prod.etf.com/private/fund/JETS/holdings?type=securities&formatValues=true,ETFCOM,ETFCOM_VALIDATED_CURRENT_MEMBERSHIP
JETS,JBLU,JBLU,2.45,JetBlue Airways Corporation,2024-11-20T00:00:00.000Z,4250347.0,25672095.88,https://api-prod.etf.com/private/fund/JETS/holdings?type=securities&formatValues=true,ETFCOM,ETFCOM_VALIDATED_CURRENT_MEMBERSHIP
JETS,ATSG,ATSG,2.34,"Air Transport Services Group, Inc.",2024-11-20T00:00:00.000Z,1114119.0,24499476.81,https://api-prod.etf.com/private/fund/JETS/holdings?type=securities&formatValues=true,ETFCOM,ETFCOM_VALIDATED_CURRENT_MEMBERSHIP
JETS,EXPE,EXPE,2.15,"Expedia Group, Inc.",2024-11-20T00:00:00.000Z,125847.0,22539197.7,https://api-prod.etf.com/private/fund/JETS/holdings?type=securities&formatValues=true,ETFCOM,ETFCOM_VALIDATED_CURRENT_MEMBERSHIP
JETS,BKNG,BKNG,2.12,Booking Holdings Inc.,2024-11-20T00:00:00.000Z,4428.0,22212752.04,https://api-prod.etf.com/private/fund/JETS/holdings?type=securities&formatValues=true,ETFCOM,ETFCOM_VALIDATED_CURRENT_MEMBERSHIP
JETS,TRIP,TRIP,1.59,"TripAdvisor, Inc.",2024-11-20T00:00:00.000Z,1247498.0,16654098.3,https://api-prod.etf.com/private/fund/JETS/holdings?type=securities&formatValues=true,ETFCOM,ETFCOM_VALIDATED_CURRENT_MEMBERSHIP
JETS,TXT,TXT,1.49,Textron Inc.,2024-11-20T00:00:00.000Z,191195.0,15651222.7,https://api-prod.etf.com/private/fund/JETS/holdings?type=securities&formatValues=true,ETFCOM,ETFCOM_VALIDATED_CURRENT_MEMBERSHIP
JETS,GD,GD,1.48,General Dynamics Corporation,2024-11-20T00:00:00.000Z,55279.0,15480883.95,https://api-prod.etf.com/private/fund/JETS/holdings?type=securities&formatValues=true,ETFCOM,ETFCOM_VALIDATED_CURRENT_MEMBERSHIP
JETS,BA,BA,1.43,Boeing Company,2024-11-20T00:00:00.000Z,102226.0,14933174.08,https://api-prod.etf.com/private/fund/JETS/holdings?type=securities&formatValues=true,ETFCOM,ETFCOM_VALIDATED_CURRENT_MEMBERSHIP
JETS,TCOM,TCOM,1.09,Trip.com Group Ltd. Sponsored ADR,2024-11-20T00:00:00.000Z,176480.0,11434139.2,https://api-prod.etf.com/private/fund/JETS/holdings?type=securities&formatValues=true,ETFCOM,ETFCOM_VALIDATED_CURRENT_MEMBERSHIP
JETS,MMYT,MMYT,0.89,MakeMyTrip Ltd.,2024-11-20T00:00:00.000Z,86921.0,9324015.670000002,https://api-prod.etf.com/private/fund/JETS/holdings?type=securities&formatValues=true,ETFCOM,ETFCOM_VALIDATED_CURRENT_MEMBERSHIP
JETS,RYAAY,RYAAY,0.82,Ryanair Holdings PLC Sponsored ADR,2024-11-20T00:00:00.000Z,194263.0,8535916.22,https://api-prod.etf.com/private/fund/JETS/holdings?type=securities&formatValues=true,ETFCOM,ETFCOM_VALIDATED_CURRENT_MEMBERSHIP
JETS,CPA,CPA,0.48,"Copa Holdings, S.A. Class A",2024-11-20T00:00:00.000Z,47110.0,4984709.1,https://api-prod.etf.com/private/fund/JETS/holdings?type=securities&formatValues=true,ETFCOM,ETFCOM_VALIDATED_CURRENT_MEMBERSHIP
JETS,ERJ,ERJ,0.41,Embraer S.A. Sponsored ADR,2024-11-20T00:00:00.000Z,115405.0,4327687.5,https://api-prod.etf.com/private/fund/JETS/holdings?type=securities&formatValues=true,ETFCOM,ETFCOM_VALIDATED_CURRENT_MEMBERSHIP
JETS,ASR,ASR,0.38,Grupo Aeroportuario del Sureste SAB de CV Sponsored ADR Class B,2024-11-20T00:00:00.000Z,14962.0,4008619.04,https://api-prod.etf.com/private/fund/JETS/holdings?type=securities&formatValues=true,ETFCOM,ETFCOM_VALIDATED_CURRENT_MEMBERSHIP
JETS,FGXXX,FGXXX,0.13,First American Funds Inc X Government Obligations Fund,2024-11-20T00:00:00.000Z,1319913.28,1319913.28,https://api-prod.etf.com/private/fund/JETS/holdings?type=securities&formatValues=true,ETFCOM,ETFCOM_VALIDATED_CURRENT_MEMBERSHIP
JETS,SAVE,SAVE,0.09,"Spirit Airlines, Inc.",2024-11-20T00:00:00.000Z,6902097.0,897272.61,https://api-prod.etf.com/private/fund/JETS/holdings?type=securities&formatValues=true,ETFCOM,ETFCOM_VALIDATED_CURRENT_MEMBERSHIP
GDX,NEM,NEM,12.23,Newmont Corporation,2024-11-20T00:00:00.000Z,39922471.0,1716267028.29,https://api-prod.etf.com/private/fund/GDX/holdings?type=securities&formatValues=true,ETFCOM,ETFCOM_VALIDATED_CURRENT_MEMBERSHIP
GDX,GFI,GFI,4.2,Gold Fields Limited Sponsored ADR,2024-11-20T00:00:00.000Z,39467574.0,589645555.56,https://api-prod.etf.com/private/fund/GDX/holdings?type=securities&formatValues=true,ETFCOM,ETFCOM_VALIDATED_CURRENT_MEMBERSHIP
GDX,RGLD,RGLD,3.07,"Royal Gold, Inc.",2024-11-20T00:00:00.000Z,2898851.0,430769258.6,https://api-prod.etf.com/private/fund/GDX/holdings?type=securities&formatValues=true,ETFCOM,ETFCOM_VALIDATED_CURRENT_MEMBERSHIP
GDX,HMY,HMY,1.89,Harmony Gold Mining Co. Ltd. Sponsored ADR,2024-11-20T00:00:00.000Z,27896984.0,265300317.84,https://api-prod.etf.com/private/fund/GDX/holdings?type=securities&formatValues=true,ETFCOM,ETFCOM_VALIDATED_CURRENT_MEMBERSHIP
GDX,HL,HL,1.11,Hecla Mining Company,2024-11-20T00:00:00.000Z,27768253.0,156335264.39,https://api-prod.etf.com/private/fund/GDX/holdings?type=securities&formatValues=true,ETFCOM,ETFCOM_VALIDATED_CURRENT_MEMBERSHIP
GDX,BVN,BVN,0.97,Compania de Minas Buenaventura SAA Sponsored ADR,2024-11-20T00:00:00.000Z,11187893.0,135821021.02,https://api-prod.etf.com/private/fund/GDX/holdings?type=securities&formatValues=true,ETFCOM,ETFCOM_VALIDATED_CURRENT_MEMBERSHIP
GDX,CDE,CDE,0.82,"Coeur Mining, Inc.",2024-11-20T00:00:00.000Z,17605455.0,114963621.15,https://api-prod.etf.com/private/fund/GDX/holdings?type=securities&formatValues=true,ETFCOM,ETFCOM_VALIDATED_CURRENT_MEMBERSHIP
GDX,DRD,DRD,0.26,DRDGOLD Ltd. Sponsored ADR,2024-11-20T00:00:00.000Z,3812595.0,36639037.95,https://api-prod.etf.com/private/fund/GDX/holdings?type=securities&formatValues=true,ETFCOM,ETFCOM_VALIDATED_CURRENT_MEMBERSHIP
PEJ,LYV,LYV,6.22,"Live Nation Entertainment, Inc.",2024-11-21T00:00:00.000Z,117742.0,16315508.94,https://api-prod.etf.com/private/fund/PEJ/holdings?type=securities&formatValues=true,ETFCOM,ETFCOM_VALIDATED_CURRENT_MEMBERSHIP
PEJ,RCL,RCL,6.09,Royal Caribbean Group,2024-11-21T00:00:00.000Z,67274.0,15982284.18,https://api-prod.etf.com/private/fund/PEJ/holdings?type=securities&formatValues=true,ETFCOM,ETFCOM_VALIDATED_CURRENT_MEMBERSHIP
PEJ,BKNG,BKNG,5.81,Booking Holdings Inc.,2024-11-21T00:00:00.000Z,2929.0,15262784.68,https://api-prod.etf.com/private/fund/PEJ/holdings?type=securities&formatValues=true,ETFCOM,ETFCOM_VALIDATED_CURRENT_MEMBERSHIP
PEJ,WBD,WBD,5.46,"Warner Bros. Discovery, Inc. Series A",2024-11-21T00:00:00.000Z,1402189.0,14344393.47,https://api-prod.etf.com/private/fund/PEJ/holdings?type=securities&formatValues=true,ETFCOM,ETFCOM_VALIDATED_CURRENT_MEMBERSHIP
PEJ,HLT,HLT,5.0,Hilton Worldwide Holdings Inc.,2024-11-21T00:00:00.000Z,52079.0,13115054.57,https://api-prod.etf.com/private/fund/PEJ/holdings?type=securities&formatValues=true,ETFCOM,ETFCOM_VALIDATED_CURRENT_MEMBERSHIP
PEJ,FOXA,FOXA,4.92,Fox Corporation Class A,2024-11-21T00:00:00.000Z,277097.0,12923804.08,https://api-prod.etf.com/private/fund/PEJ/holdings?type=securities&formatValues=true,ETFCOM,ETFCOM_VALIDATED_CURRENT_MEMBERSHIP
PEJ,FWONK,FWONK,4.76,Liberty Media Corp. Series C Liberty Formula One,2024-11-21T00:00:00.000Z,146931.0,12508236.03,https://api-prod.etf.com/private/fund/PEJ/holdings?type=securities&formatValues=true,ETFCOM,ETFCOM_VALIDATED_CURRENT_MEMBERSHIP
PEJ,SYY,SYY,4.27,Sysco Corporation,2024-11-21T00:00:00.000Z,149246.0,11205389.68,https://api-prod.etf.com/private/fund/PEJ/holdings?type=securities&formatValues=true,ETFCOM,ETFCOM_VALIDATED_CURRENT_MEMBERSHIP
PEJ,EAT,EAT,4.09,"Brinker International, Inc.",2024-11-21T00:00:00.000Z,86749.0,10731718.79,https://api-prod.etf.com/private/fund/PEJ/holdings?type=securities&formatValues=true,ETFCOM,ETFCOM_VALIDATED_CURRENT_MEMBERSHIP
PEJ,SKYW,SKYW,3.43,"SkyWest, Inc",2024-11-21T00:00:00.000Z,82202.0,9006051.12,https://api-prod.etf.com/private/fund/PEJ/holdings?type=securities&formatValues=true,ETFCOM,ETFCOM_VALIDATED_CURRENT_MEMBERSHIP
PEJ,EXPE,EXPE,3.08,"Expedia Group, Inc.",2024-11-21T00:00:00.000Z,44040.0,8081780.4,https://api-prod.etf.com/private/fund/PEJ/holdings?type=securities&formatValues=true,ETFCOM,ETFCOM_VALIDATED_CURRENT_MEMBERSHIP
PEJ,CAVA,CAVA,2.9,"CAVA Group, Inc.",2024-11-21T00:00:00.000Z,52514.0,7604027.2,https://api-prod.etf.com/private/fund/PEJ/holdings?type=securities&formatValues=true,ETFCOM,ETFCOM_VALIDATED_CURRENT_MEMBERSHIP
PEJ,CART,CART,2.86,Maplebear Inc.,2024-11-21T00:00:00.000Z,173753.0,7514817.25,https://api-prod.etf.com/private/fund/PEJ/holdings?type=securities&formatValues=true,ETFCOM,ETFCOM_VALIDATED_CURRENT_MEMBERSHIP
PEJ,USFD,USFD,2.74,US Foods Holding Corp.,2024-11-21T00:00:00.000Z,105855.0,7189671.6,https://api-prod.etf.com/private/fund/PEJ/holdings?type=securities&formatValues=true,ETFCOM,ETFCOM_VALIDATED_CURRENT_MEMBERSHIP
PEJ,CNK,CNK,2.7,"Cinemark Holdings, Inc.",2024-11-21T00:00:00.000Z,220117.0,7098773.25,https://api-prod.etf.com/private/fund/PEJ/holdings?type=securities&formatValues=true,ETFCOM,ETFCOM_VALIDATED_CURRENT_MEMBERSHIP
PEJ,TXRH,TXRH,2.69,"Texas Roadhouse, Inc.",2024-11-21T00:00:00.000Z,36689.0,7064833.84,https://api-prod.etf.com/private/fund/PEJ/holdings?type=securities&formatValues=true,ETFCOM,ETFCOM_VALIDATED_CURRENT_MEMBERSHIP
PEJ,ARMK,ARMK,2.68,Aramark,2024-11-21T00:00:00.000Z,174033.0,7034413.86,https://api-prod.etf.com/private/fund/PEJ/holdings?type=securities&formatValues=true,ETFCOM,ETFCOM_VALIDATED_CURRENT_MEMBERSHIP
PEJ,MCRI,MCRI,2.66,"Monarch Casino & Resort, Inc.",2024-11-21T00:00:00.000Z,83617.0,6992053.54,https://api-prod.etf.com/private/fund/PEJ/holdings?type=securities&formatValues=true,ETFCOM,ETFCOM_VALIDATED_CURRENT_MEMBERSHIP
PEJ,MMYT,MMYT,2.65,MakeMyTrip Ltd.,2024-11-21T00:00:00.000Z,63311.0,6944583.59,https://api-prod.etf.com/private/fund/PEJ/holdings?type=securities&formatValues=true,ETFCOM,ETFCOM_VALIDATED_CURRENT_MEMBERSHIP
PEJ,MSGS,MSGS,2.58,Madison Square Garden Sports Corp. Class A,2024-11-21T00:00:00.000Z,29618.0,6767416.82,https://api-prod.etf.com/private/fund/PEJ/holdings?type=securities&formatValues=true,ETFCOM,ETFCOM_VALIDATED_CURRENT_MEMBERSHIP
PEJ,H,H,2.48,Hyatt Hotels Corporation Class A,2024-11-21T00:00:00.000Z,41763.0,6515028.0,https://api-prod.etf.com/private/fund/PEJ/holdings?type=securities&formatValues=true,ETFCOM,ETFCOM_VALIDATED_CURRENT_MEMBERSHIP
PEJ,CHDN,CHDN,2.45,Churchill Downs Incorporated,2024-11-21T00:00:00.000Z,45103.0,6421765.14,https://api-prod.etf.com/private/fund/PEJ/holdings?type=securities&formatValues=true,ETFCOM,ETFCOM_VALIDATED_CURRENT_MEMBERSHIP
PEJ,LTH,LTH,2.36,"Life Time Group Holdings, Inc.",2024-11-21T00:00:00.000Z,254006.0,6192666.28,https://api-prod.etf.com/private/fund/PEJ/holdings?type=securities&formatValues=true,ETFCOM,ETFCOM_VALIDATED_CURRENT_MEMBERSHIP
PEJ,ACEL,ACEL,2.36,"Accel Entertainment, Inc. Class A",2024-11-21T00:00:00.000Z,537503.0,6186659.53,https://api-prod.etf.com/private/fund/PEJ/holdings?type=securities&formatValues=true,ETFCOM,ETFCOM_VALIDATED_CURRENT_MEMBERSHIP
PEJ,LGF.A,LGF-A,2.24,Lions Gate Entertainment Corp Class A,2024-11-21T00:00:00.000Z,720419.0,5878619.04,https://api-prod.etf.com/private/fund/PEJ/holdings?type=securities&formatValues=true,ETFCOM,ETFCOM_VALIDATED_CURRENT_MEMBERSHIP
PEJ,TRIP,TRIP,2.18,"TripAdvisor, Inc.",2024-11-21T00:00:00.000Z,424838.0,5714071.1,https://api-prod.etf.com/private/fund/PEJ/holdings?type=securities&formatValues=true,ETFCOM,ETFCOM_VALIDATED_CURRENT_MEMBERSHIP
PEJ,BATRK,BATRK,2.17,Atlanta Braves Holdings Inc Class C,2024-11-21T00:00:00.000Z,143888.0,5699403.68,https://api-prod.etf.com/private/fund/PEJ/holdings?type=securities&formatValues=true,ETFCOM,ETFCOM_VALIDATED_CURRENT_MEMBERSHIP
PEJ,RRR,RRR,2.11,"Red Rock Resorts, Inc. Class A",2024-11-21T00:00:00.000Z,110475.0,5527064.25,https://api-prod.etf.com/private/fund/PEJ/holdings?type=securities&formatValues=true,ETFCOM,ETFCOM_VALIDATED_CURRENT_MEMBERSHIP
PEJ,MSGE,MSGE,2.05,Madison Square Garden Entertainment Corp.,2024-11-21T00:00:00.000Z,148456.0,5377076.32,https://api-prod.etf.com/private/fund/PEJ/holdings?type=securities&formatValues=true,ETFCOM,ETFCOM_VALIDATED_CURRENT_MEMBERSHIP
PEJ,WING,WING,1.96,"Wingstop, Inc.",2024-11-21T00:00:00.000Z,15221.0,5150938.61,https://api-prod.etf.com/private/fund/PEJ/holdings?type=securities&formatValues=true,ETFCOM,ETFCOM_VALIDATED_CURRENT_MEMBERSHIP
PEJ,AGPXX,AGPXX,0.06,Short Term Investments Trust Government & Agency Portfolio Institutional,2024-11-21T00:00:00.000Z,161076.3,161076.3,https://api-prod.etf.com/private/fund/PEJ/holdings?type=securities&formatValues=true,ETFCOM,ETFCOM_VALIDATED_CURRENT_MEMBERSHIP
