sector_etf,symbol,weight_pct,name,source_url
IAI,GS,,GOLDMAN SACHS GROUP INC,https://www.ishares.com/us/products/239504/ishares-us-brokerdealers-etf/latest-holdings.csv
IAI,MS,,MORGAN STANLEY,https://www.ishares.com/us/products/239504/ishares-us-brokerdealers-etf/latest-holdings.csv
IAI,SCHW,,CHARLES SCHWAB,https://www.ishares.com/us/products/239504/ishares-us-brokerdealers-etf/latest-holdings.csv
IAI,HOOD,,ROBINHOOD MARKETS CLASS A,https://www.ishares.com/us/products/239504/ishares-us-brokerdealers-etf/latest-holdings.csv
IAI,ICE,,INTERCONTINENTAL EXCHANGE INC,https://www.ishares.com/us/products/239504/ishares-us-brokerdealers-etf/latest-holdings.csv
IAI,MCO,,MOODYS CORP,https://www.ishares.com/us/products/239504/ishares-us-brokerdealers-etf/latest-holdings.csv
IAI,CME,,CME GROUP CLASS A,https://www.ishares.com/us/products/239504/ishares-us-brokerdealers-etf/latest-holdings.csv
IAI,SPGI,,S&P GLOBAL INC,https://www.ishares.com/us/products/239504/ishares-us-brokerdealers-etf/latest-holdings.csv
IAI,NDAQ,,NASDAQ INC,https://www.ishares.com/us/products/239504/ishares-us-brokerdealers-etf/latest-holdings.csv
IAI,IBKR,,INTERACTIVE BROKERS GROUP INC CLAS,https://www.ishares.com/us/products/239504/ishares-us-brokerdealers-etf/latest-holdings.csv
IAI,MSCI,,MSCI INC,https://www.ishares.com/us/products/239504/ishares-us-brokerdealers-etf/latest-holdings.csv
IAI,COIN,,COINBASE GLOBAL INC CLASS A,https://www.ishares.com/us/products/239504/ishares-us-brokerdealers-etf/latest-holdings.csv
IAI,CBOE,,CBOE GLOBAL MARKETS,https://www.ishares.com/us/products/239504/ishares-us-brokerdealers-etf/latest-holdings.csv
IAI,RJF,,RAYMOND JAMES,https://www.ishares.com/us/products/239504/ishares-us-brokerdealers-etf/latest-holdings.csv
IAI,LPLA,,LPL FINANCIAL HOLDINGS,https://www.ishares.com/us/products/239504/ishares-us-brokerdealers-etf/latest-holdings.csv
IAI,TW,,TRADEWEB MARKETS INC CLASS A,https://www.ishares.com/us/products/239504/ishares-us-brokerdealers-etf/latest-holdings.csv
IAI,SF,,STIFEL FINANCIAL,https://www.ishares.com/us/products/239504/ishares-us-brokerdealers-etf/latest-holdings.csv
IAI,EVR,,EVERCORE CLASS A,https://www.ishares.com/us/products/239504/ishares-us-brokerdealers-etf/latest-holdings.csv
IAI,FDS,,FACTSET RESEARCH SYSTEMS,https://www.ishares.com/us/products/239504/ishares-us-brokerdealers-etf/latest-holdings.csv
IAI,JEF,,JEFFERIES FINANCIAL GROUP INC,https://www.ishares.com/us/products/239504/ishares-us-brokerdealers-etf/latest-holdings.csv
IAI,SNEX,,STONEX GROUP INC,https://www.ishares.com/us/products/239504/ishares-us-brokerdealers-etf/latest-holdings.csv
IAI,HLI,,HOULIHAN LOKEY INC CLASS A,https://www.ishares.com/us/products/239504/ishares-us-brokerdealers-etf/latest-holdings.csv
IAI,MKTX,,MARKETAXESS HOLDINGS,https://www.ishares.com/us/products/239504/ishares-us-brokerdealers-etf/latest-holdings.csv
IAI,VIRT,,VIRTU FINANCIAL INC CLASS A,https://www.ishares.com/us/products/239504/ishares-us-brokerdealers-etf/latest-holdings.csv
IAI,PIPR,,PIPER SANDLER COMPANIES,https://www.ishares.com/us/products/239504/ishares-us-brokerdealers-etf/latest-holdings.csv
IAI,MC,,MOELIS CLASS A,https://www.ishares.com/us/products/239504/ishares-us-brokerdealers-etf/latest-holdings.csv
IAI,LAZ,,LAZARD,https://www.ishares.com/us/products/239504/ishares-us-brokerdealers-etf/latest-holdings.csv
IAI,MORN,,MORNINGSTAR,https://www.ishares.com/us/products/239504/ishares-us-brokerdealers-etf/latest-holdings.csv
IAI,PJT,,PJT PARTNERS CLASS A,https://www.ishares.com/us/products/239504/ishares-us-brokerdealers-etf/latest-holdings.csv
IAI,BGC,,BGC GROUP INC CLASS A,https://www.ishares.com/us/products/239504/ishares-us-brokerdealers-etf/latest-holdings.csv
IAI,MBGL,,MOBILITY GLOBAL INC,https://www.ishares.com/us/products/239504/ishares-us-brokerdealers-etf/latest-holdings.csv
IAI,MIAX,,MIAMI INTERNATIONAL HOLDINGS,https://www.ishares.com/us/products/239504/ishares-us-brokerdealers-etf/latest-holdings.csv
IAI,DFIN,,DONNELLEY FINANCIAL SOLUTIONS,https://www.ishares.com/us/products/239504/ishares-us-brokerdealers-etf/latest-holdings.csv
IAI,PWP,,PERELLA WEINBERG PARTNERS CLASS A,https://www.ishares.com/us/products/239504/ishares-us-brokerdealers-etf/latest-holdings.csv
IAI,OPY,,OPPENHEIMER HOLDINGS NON VOTING CL,https://www.ishares.com/us/products/239504/ishares-us-brokerdealers-etf/latest-holdings.csv
ICLN,FSLR,7.89,FIRST SOLAR,https://www.ishares.com/us/products/239738/ishares-global-clean-energy-etf/latest-holdings.csv
ICLN,600900,7.66,CHINA YANGTZE POWER LTD A,https://www.ishares.com/us/products/239738/ishares-global-clean-energy-etf/latest-holdings.csv
ICLN,BE,7.17,BLOOM ENERGY CLASS A,https://www.ishares.com/us/products/239738/ishares-global-clean-energy-etf/latest-holdings.csv
ICLN,NXT,6.74,NEXTPOWER INC,https://www.ishares.com/us/products/239738/ishares-global-clean-energy-etf/latest-holdings.csv
ICLN,ENPH,4.6,ENPHASE ENERGY,https://www.ishares.com/us/products/239738/ishares-global-clean-energy-etf/latest-holdings.csv
ICLN,VWS,4.48,VESTAS WIND SYSTEMS,https://www.ishares.com/us/products/239738/ishares-global-clean-energy-etf/latest-holdings.csv
ICLN,EQTL3,3.09,EQUATORIAL SA,https://www.ishares.com/us/products/239738/ishares-global-clean-energy-etf/latest-holdings.csv
ICLN,EDP,2.9,EDP ENERGIAS DE PORTUGAL,https://www.ishares.com/us/products/239738/ishares-global-clean-energy-etf/latest-holdings.csv
ICLN,PLUG,2.87,PLUG POWER,https://www.ishares.com/us/products/239738/ishares-global-clean-energy-etf/latest-holdings.csv
ICLN,9502,2.61,CHUBU ELECTRIC POWER INC,https://www.ishares.com/us/products/239738/ishares-global-clean-energy-etf/latest-holdings.csv
ICLN,ENLT,2.07,ENLIGHT RENEWABLE ENERGY,https://www.ishares.com/us/products/239738/ishares-global-clean-energy-etf/latest-holdings.csv
ICLN,SUZLON,2.01,SUZLON ENERGY,https://www.ishares.com/us/products/239738/ishares-global-clean-energy-etf/latest-holdings.csv
ICLN,CWEN,1.94,CLEARWAY ENERGY INC CLASS C,https://www.ishares.com/us/products/239738/ishares-global-clean-energy-etf/latest-holdings.csv
ICLN,SEDG,1.79,SOLAREDGE TECHNOLOGIES,https://www.ishares.com/us/products/239738/ishares-global-clean-energy-etf/latest-holdings.csv
ICLN,ORSTED,1.6,ORSTED A/S,https://www.ishares.com/us/products/239738/ishares-global-clean-energy-etf/latest-holdings.csv
ICLN,NDX1,1.47,NORDEX,https://www.ishares.com/us/products/239738/ishares-global-clean-energy-etf/latest-holdings.csv
ICLN,ENGI11,1.35,ENERGISA UNITS,https://www.ishares.com/us/products/239738/ishares-global-clean-energy-etf/latest-holdings.csv
ICLN,336260,1.26,DOOSAN FUEL CELL LTD,https://www.ishares.com/us/products/239738/ishares-global-clean-energy-etf/latest-holdings.csv
ICLN,916,1.22,CHINA LONGYUAN POWER GROUP H,https://www.ishares.com/us/products/239738/ishares-global-clean-energy-etf/latest-holdings.csv
ICLN,600905,1.18,CHINA THREE GORGES RENEWABLES(GROU,https://www.ishares.com/us/products/239738/ishares-global-clean-energy-etf/latest-holdings.csv
ICLN,SHLS,1.12,SHOALS TECHNOLOGIES GROUP CLASS A,https://www.ishares.com/us/products/239738/ishares-global-clean-energy-etf/latest-holdings.csv
ICLN,SLR,1.11,SOLARIA ENERGIA Y MEDIO AMBIENTE S,https://www.ishares.com/us/products/239738/ishares-global-clean-energy-etf/latest-holdings.csv
ICLN,601012,1.05,LONGI GREEN ENERGY TECHNOLOGY A,https://www.ishares.com/us/products/239738/ishares-global-clean-energy-etf/latest-holdings.csv
ICLN,600025,0.99,HUANENG LANCANG RIVER HYDROPOWER I,https://www.ishares.com/us/products/239738/ishares-global-clean-energy-etf/latest-holdings.csv
ICLN,GPRE,0.96,GREEN PLAINS,https://www.ishares.com/us/products/239738/ishares-global-clean-energy-etf/latest-holdings.csv
ICLN,TE,0.94,T1 ENERGY,https://www.ishares.com/us/products/239738/ishares-global-clean-energy-etf/latest-holdings.csv
ICLN,CPFE3,0.92,CPFL ENERGIA,https://www.ishares.com/us/products/239738/ishares-global-clean-energy-etf/latest-holdings.csv
ICLN,2208,0.9,XINJIANG GOLDWIND SCIENCE AND TECH,https://www.ishares.com/us/products/239738/ishares-global-clean-energy-etf/latest-holdings.csv
ICLN,EDPR,0.87,EDP RENEWABLES SA,https://www.ishares.com/us/products/239738/ishares-global-clean-energy-etf/latest-holdings.csv
ICLN,600674,0.84,SICHUAN CHUANTOU ENERGY LTD A,https://www.ishares.com/us/products/239738/ishares-global-clean-energy-etf/latest-holdings.csv
ICLN,WAAREEENER,0.82,WAAREE ENERGIES LTD,https://www.ishares.com/us/products/239738/ishares-global-clean-energy-etf/latest-holdings.csv
ICLN,112610,0.81,CS WIND,https://www.ishares.com/us/products/239738/ishares-global-clean-energy-etf/latest-holdings.csv
ICLN,PREMIERENE,0.8,PREMIER ENERGIES LTD,https://www.ishares.com/us/products/239738/ishares-global-clean-energy-etf/latest-holdings.csv
ICLN,3576,0.74,UNITED RENEWABLE ENERGY,https://www.ishares.com/us/products/239738/ishares-global-clean-energy-etf/latest-holdings.csv
ICLN,NHPC,0.72,NHPC LTD,https://www.ishares.com/us/products/239738/ishares-global-clean-energy-etf/latest-holdings.csv
ICLN,300751,0.67,SUZHOU MAXWELL TECHNOLOGIES LTD A,https://www.ishares.com/us/products/239738/ishares-global-clean-energy-etf/latest-holdings.csv
ICLN,DORL,0.62,DORAL GROUP RENEWABLE ENERGY RESOU,https://www.ishares.com/us/products/239738/ishares-global-clean-energy-etf/latest-holdings.csv
ICLN,CWR,0.62,CERES POWER HOLDINGS PLC,https://www.ishares.com/us/products/239738/ishares-global-clean-energy-etf/latest-holdings.csv
ICLN,ARRY,0.61,ARRAY TECHNOLOGIES INC,https://www.ishares.com/us/products/239738/ishares-global-clean-energy-etf/latest-holdings.csv
ICLN,EGIE3,0.59,ENGIE BRASIL ENERGIA SA,https://www.ishares.com/us/products/239738/ishares-global-clean-energy-etf/latest-holdings.csv
ICLN,VER,0.59,VERBUND AG,https://www.ishares.com/us/products/239738/ishares-global-clean-energy-etf/latest-holdings.csv
ICLN,CSIQ,0.57,CANADIAN SOLAR,https://www.ishares.com/us/products/239738/ishares-global-clean-energy-etf/latest-holdings.csv
ICLN,INOXWIND,0.53,INOX WIND,https://www.ishares.com/us/products/239738/ishares-global-clean-energy-etf/latest-holdings.csv
ICLN,BEPC,0.51,BROOKFIELD RENEWABLE SUBORDINATE V,https://www.ishares.com/us/products/239738/ishares-global-clean-energy-etf/latest-holdings.csv
ICLN,MAGEN.E,0.49,MARGUN ENERJI URETIM SANAYI & TICA,https://www.ishares.com/us/products/239738/ishares-global-clean-energy-etf/latest-holdings.csv
ICLN,688223,0.48,JINKO SOLAR LTD A,https://www.ishares.com/us/products/239738/ishares-global-clean-energy-etf/latest-holdings.csv
ICLN,600995,0.45,CHINA SOUTHERN POWER GRID ENERGY S,https://www.ishares.com/us/products/239738/ishares-global-clean-energy-etf/latest-holdings.csv
ICLN,002129,0.45,TCL ZHONGHUAN RENEWABLE ENERGY TEC,https://www.ishares.com/us/products/239738/ishares-global-clean-energy-etf/latest-holdings.csv
ICLN,600236,0.44,GUANGXI GUIGUAN ELECTRIC POWER LTD,https://www.ishares.com/us/products/239738/ishares-global-clean-energy-etf/latest-holdings.csv
ICLN,BREN,0.42,BARITO RENEWABLES ENERGY,https://www.ishares.com/us/products/239738/ishares-global-clean-energy-etf/latest-holdings.csv
ICLN,6443,0.41,TSEC CORP,https://www.ishares.com/us/products/239738/ishares-global-clean-energy-etf/latest-holdings.csv
ICLN,688472,0.4,CSI SOLAR LTD A,https://www.ishares.com/us/products/239738/ishares-global-clean-energy-etf/latest-holdings.csv
ICLN,JKS,0.39,JINKOSOLAR HOLDING ADR REP,https://www.ishares.com/us/products/239738/ishares-global-clean-energy-etf/latest-holdings.csv
ICLN,S92,0.39,SMA SOLAR TECHNOLOGY AG,https://www.ishares.com/us/products/239738/ishares-global-clean-energy-etf/latest-holdings.csv
ICLN,ERG,0.38,ERG,https://www.ishares.com/us/products/239738/ishares-global-clean-energy-etf/latest-holdings.csv
ICLN,AURE3,0.36,AUREN ENERGIA SA,https://www.ishares.com/us/products/239738/ishares-global-clean-energy-etf/latest-holdings.csv
ICLN,VBK,0.35,VERBIO,https://www.ishares.com/us/products/239738/ishares-global-clean-energy-etf/latest-holdings.csv
ICLN,REX,0.35,REX AMERICAN RESOURCES,https://www.ishares.com/us/products/239738/ishares-global-clean-energy-etf/latest-holdings.csv
ICLN,ENELAM,0.34,ENEL AMERICAS SA,https://www.ishares.com/us/products/239738/ishares-global-clean-energy-etf/latest-holdings.csv
ICLN,688599,0.33,TRINA SOLAR A,https://www.ishares.com/us/products/239738/ishares-global-clean-energy-etf/latest-holdings.csv
ICLN,ANE,0.33,CORPORACION ACCIONA ENERGIAS RENOV,https://www.ishares.com/us/products/239738/ishares-global-clean-energy-etf/latest-holdings.csv
ICLN,CEN,0.31,CONTACT ENERGY LTD,https://www.ishares.com/us/products/239738/ishares-global-clean-energy-etf/latest-holdings.csv
ICLN,NOFR,0.29,O.Y. NOFAR ENERGY,https://www.ishares.com/us/products/239738/ishares-global-clean-energy-etf/latest-holdings.csv
ICLN,ENRG,0.28,ENERGIX RENEWABLE ENERGIES LTD,https://www.ishares.com/us/products/239738/ishares-global-clean-energy-etf/latest-holdings.csv
ICLN,6244,0.28,MOTECH INDUSTRIES INC,https://www.ishares.com/us/products/239738/ishares-global-clean-energy-etf/latest-holdings.csv
ICLN,600732,0.28,SHANGHAI AIKO SOLAR ENERGY LTD A,https://www.ishares.com/us/products/239738/ishares-global-clean-energy-etf/latest-holdings.csv
ICLN,300763,0.28,GINLONG TECHNOLOGIES LTD A,https://www.ishares.com/us/products/239738/ishares-global-clean-energy-etf/latest-holdings.csv
ICLN,002459,0.27,JA SOLAR TECHNOLOGY LTD A,https://www.ishares.com/us/products/239738/ishares-global-clean-energy-etf/latest-holdings.csv
ICLN,601615,0.27,MING YANG SMART ENERGY GROUP LTD A,https://www.ishares.com/us/products/239738/ishares-global-clean-energy-etf/latest-holdings.csv
ICLN,9958,0.27,CENTURY IRON AND STEEL INDUSTRIAL,https://www.ishares.com/us/products/239738/ishares-global-clean-energy-etf/latest-holdings.csv
ICLN,NTPCGREEN,0.26,NTPC GREEN ENERGY LTD,https://www.ishares.com/us/products/239738/ishares-global-clean-energy-etf/latest-holdings.csv
ICLN,RNW,0.26,RENEW ENERGY GLOBAL PLC CLASS A,https://www.ishares.com/us/products/239738/ishares-global-clean-energy-etf/latest-holdings.csv
ICLN,EA.R,0.26,ENERGY ABSOLUTE NON-VOTING DR PCL,https://www.ishares.com/us/products/239738/ishares-global-clean-energy-etf/latest-holdings.csv
ICLN,002487,0.25,DAJIN HEAVY INDUSTRY LTD A,https://www.ishares.com/us/products/239738/ishares-global-clean-energy-etf/latest-holdings.csv
ICLN,000155,0.25,SICHUAN NEW ENERGY POWER LTD A,https://www.ishares.com/us/products/239738/ishares-global-clean-energy-etf/latest-holdings.csv
ICLN,9519,0.25,RENOVA,https://www.ishares.com/us/products/239738/ishares-global-clean-energy-etf/latest-holdings.csv
ICLN,601016,0.25,CECEP WIND-POWER CORP A,https://www.ishares.com/us/products/239738/ishares-global-clean-energy-etf/latest-holdings.csv
ICLN,300724,0.23,SHENZHEN S.C NEW ENERGY TECHNOLOGY,https://www.ishares.com/us/products/239738/ishares-global-clean-energy-etf/latest-holdings.csv
ICLN,CWENE.E,0.22,CW ENERJI MUHENDISLIK TICARET VE S,https://www.ishares.com/us/products/239738/ishares-global-clean-energy-etf/latest-holdings.csv
ICLN,MEL,0.21,MERIDIAN ENERGY LTD,https://www.ishares.com/us/products/239738/ishares-global-clean-energy-etf/latest-holdings.csv
ICLN,000591,0.19,CECEP SOLAR ENERGY LTD A,https://www.ishares.com/us/products/239738/ishares-global-clean-energy-etf/latest-holdings.csv
ICLN,688390,0.18,JIANGSU GOODWE POWER SUPPLY TECHNO,https://www.ishares.com/us/products/239738/ishares-global-clean-energy-etf/latest-holdings.csv
ICLN,002506,0.18,GCL SYSTEM INTEGRATION TECHNOLOGY,https://www.ishares.com/us/products/239738/ishares-global-clean-energy-etf/latest-holdings.csv
ICLN,SJVN,0.18,SJVN LTD,https://www.ishares.com/us/products/239738/ishares-global-clean-energy-etf/latest-holdings.csv
ICLN,000537,0.17,GREEN DEVELOPMENT ELECTRICITY GROU,https://www.ishares.com/us/products/239738/ishares-global-clean-energy-etf/latest-holdings.csv
ICLN,688516,0.16,WUXI AUTOWELL TECHNOLOGY LTD A,https://www.ishares.com/us/products/239738/ishares-global-clean-energy-etf/latest-holdings.csv
ICLN,688349,0.15,SANY HEAVY ENERGY LTD A,https://www.ishares.com/us/products/239738/ishares-global-clean-energy-etf/latest-holdings.csv
ICLN,300140,0.14,CECEP ENVIRONMENTAL PROTECTION LTD,https://www.ishares.com/us/products/239738/ishares-global-clean-energy-etf/latest-holdings.csv
ICLN,600032,0.14,ZHEJIANG PROVINCIAL NEW ENERGY INV,https://www.ishares.com/us/products/239738/ishares-global-clean-energy-etf/latest-holdings.csv
ICLN,600116,0.13,CHONGQING THREE GORGES WATER CONSE,https://www.ishares.com/us/products/239738/ishares-global-clean-energy-etf/latest-holdings.csv
ICLN,601619,0.13,JIAZE RENEWABLES CORP LTD A,https://www.ishares.com/us/products/239738/ishares-global-clean-energy-etf/latest-holdings.csv
ICLN,600821,0.13,NYOCOR LTD A,https://www.ishares.com/us/products/239738/ishares-global-clean-energy-etf/latest-holdings.csv
ICLN,300118,0.12,RISEN ENERGY LTD A,https://www.ishares.com/us/products/239738/ishares-global-clean-energy-etf/latest-holdings.csv
ICLN,002531,0.12,TITAN WIND ENERGY (SUZHOU) LTD A,https://www.ishares.com/us/products/239738/ishares-global-clean-energy-etf/latest-holdings.csv
ICLN,1798,0.12,CHINA DATANG CORPORATION RENEWABLE,https://www.ishares.com/us/products/239738/ishares-global-clean-energy-etf/latest-holdings.csv
ICLN,688032,0.11,HOYMILES POWER ELECTRONICS INC A,https://www.ishares.com/us/products/239738/ishares-global-clean-energy-etf/latest-holdings.csv
ICLN,002865,0.1,HAINAN DRINDA NEW ENERGY TECHNOLOG,https://www.ishares.com/us/products/239738/ishares-global-clean-energy-etf/latest-holdings.csv
ICLN,301155,0.1,JIANGSU HAILI WIND POWER EQUIPMENT,https://www.ishares.com/us/products/239738/ishares-global-clean-energy-etf/latest-holdings.csv
ICLN,300772,0.09,WINDEY ENERGY TECHNOLOGY GROUP LTD,https://www.ishares.com/us/products/239738/ishares-global-clean-energy-etf/latest-holdings.csv
ICLN,ZOREN.E,0.08,ZORLU ENERJI ELEKTRIK URETIMI A,https://www.ishares.com/us/products/239738/ishares-global-clean-energy-etf/latest-holdings.csv
ICLN,300393,0.08,JOLYWOOD SUZHOU SUNWATT LTD A,https://www.ishares.com/us/products/239738/ishares-global-clean-energy-etf/latest-holdings.csv
ICLN,300443,0.07,JINLEI TECHNOLOGY LTD A,https://www.ishares.com/us/products/239738/ishares-global-clean-energy-etf/latest-holdings.csv
ICLN,-,0.0,CENTURY IRON AND STEEL INDUS DUMMY,https://www.ishares.com/us/products/239738/ishares-global-clean-energy-etf/latest-holdings.csv
ICLN,002610,0.0,ZHEJIANG AKCOME NEW ENERGY TECHNOL,https://www.ishares.com/us/products/239738/ishares-global-clean-energy-etf/latest-holdings.csv
IGV,PLTR,10.29,PALANTIR TECHNOLOGIES CLASS A,https://www.ishares.com/us/products/239771/ishares-north-american-techsoftware-etf/latest-holdings.csv
IGV,PANW,9.72,PALO ALTO NETWORKS,https://www.ishares.com/us/products/239771/ishares-north-american-techsoftware-etf/latest-holdings.csv
IGV,MSFT,9.18,MICROSOFT,https://www.ishares.com/us/products/239771/ishares-north-american-techsoftware-etf/latest-holdings.csv
IGV,CRWD,7.37,CROWDSTRIKE HOLDINGS CLASS A,https://www.ishares.com/us/products/239771/ishares-north-american-techsoftware-etf/latest-holdings.csv
IGV,CRM,6.6,SALESFORCE,https://www.ishares.com/us/products/239771/ishares-north-american-techsoftware-etf/latest-holdings.csv
IGV,ORCL,5.33,ORACLE,https://www.ishares.com/us/products/239771/ishares-north-american-techsoftware-etf/latest-holdings.csv
IGV,NOW,4.82,SERVICENOW,https://www.ishares.com/us/products/239771/ishares-north-american-techsoftware-etf/latest-holdings.csv
IGV,ADBE,3.74,ADOBE INC,https://www.ishares.com/us/products/239771/ishares-north-american-techsoftware-etf/latest-holdings.csv
IGV,FTNT,3.36,FORTINET,https://www.ishares.com/us/products/239771/ishares-north-american-techsoftware-etf/latest-holdings.csv
IGV,INTU,3.14,INTUIT,https://www.ishares.com/us/products/239771/ishares-north-american-techsoftware-etf/latest-holdings.csv
IGV,CDNS,2.95,CADENCE DESIGN SYSTEMS,https://www.ishares.com/us/products/239771/ishares-north-american-techsoftware-etf/latest-holdings.csv
IGV,SNPS,2.66,SYNOPSYS,https://www.ishares.com/us/products/239771/ishares-north-american-techsoftware-etf/latest-holdings.csv
IGV,DDOG,2.48,DATADOG INC CLASS A,https://www.ishares.com/us/products/239771/ishares-north-american-techsoftware-etf/latest-holdings.csv
IGV,APP,2.41,APPLOVIN CLASS A,https://www.ishares.com/us/products/239771/ishares-north-american-techsoftware-etf/latest-holdings.csv
IGV,ADSK,1.73,AUTODESK,https://www.ishares.com/us/products/239771/ishares-north-american-techsoftware-etf/latest-holdings.csv
IGV,MSTR,1.39,STRATEGY INC CLASS A,https://www.ishares.com/us/products/239771/ishares-north-american-techsoftware-etf/latest-holdings.csv
IGV,ROP,1.35,ROPER TECHNOLOGIES,https://www.ishares.com/us/products/239771/ishares-north-american-techsoftware-etf/latest-holdings.csv
IGV,WDAY,1.27,WORKDAY CLASS A,https://www.ishares.com/us/products/239771/ishares-north-american-techsoftware-etf/latest-holdings.csv
IGV,TTWO,1.21,TAKE TWO INTERACTIVE SOFTWARE,https://www.ishares.com/us/products/239771/ishares-north-american-techsoftware-etf/latest-holdings.csv
IGV,TEAM,0.98,ATLASSIAN CORP CLASS A,https://www.ishares.com/us/products/239771/ishares-north-american-techsoftware-etf/latest-holdings.csv
IGV,FICO,0.84,FAIR ISAAC,https://www.ishares.com/us/products/239771/ishares-north-american-techsoftware-etf/latest-holdings.csv
IGV,ZM,0.81,ZOOM COMMUNICATIONS CLASS A,https://www.ishares.com/us/products/239771/ishares-north-american-techsoftware-etf/latest-holdings.csv
IGV,ZS,0.61,ZSCALER,https://www.ishares.com/us/products/239771/ishares-north-american-techsoftware-etf/latest-holdings.csv
IGV,NTNX,0.58,NUTANIX CLASS A,https://www.ishares.com/us/products/239771/ishares-north-american-techsoftware-etf/latest-holdings.csv
IGV,PTC,0.57,PTC,https://www.ishares.com/us/products/239771/ishares-north-american-techsoftware-etf/latest-holdings.csv
IGV,GWRE,0.55,GUIDEWIRE SOFTWARE,https://www.ishares.com/us/products/239771/ishares-north-american-techsoftware-etf/latest-holdings.csv
IGV,GEN,0.54,GEN DIGITAL,https://www.ishares.com/us/products/239771/ishares-north-american-techsoftware-etf/latest-holdings.csv
IGV,DT,0.51,DYNATRACE INC,https://www.ishares.com/us/products/239771/ishares-north-american-techsoftware-etf/latest-holdings.csv
IGV,TYL,0.5,TYLER TECHNOLOGIES,https://www.ishares.com/us/products/239771/ishares-north-american-techsoftware-etf/latest-holdings.csv
IGV,IOT,0.48,SAMSARA CLASS A,https://www.ishares.com/us/products/239771/ishares-north-american-techsoftware-etf/latest-holdings.csv
IGV,RBRK,0.47,RUBRIK CLASS A,https://www.ishares.com/us/products/239771/ishares-north-american-techsoftware-etf/latest-holdings.csv
IGV,U,0.47,UNITY SOFTWARE,https://www.ishares.com/us/products/239771/ishares-north-american-techsoftware-etf/latest-holdings.csv
IGV,BMNR,0.46,BITMINE IMMERSION TECHNOLOGIES,https://www.ishares.com/us/products/239771/ishares-north-american-techsoftware-etf/latest-holdings.csv
IGV,TRMB,0.44,TRIMBLE INC,https://www.ishares.com/us/products/239771/ishares-north-american-techsoftware-etf/latest-holdings.csv
IGV,HUBS,0.42,HUBSPOT,https://www.ishares.com/us/products/239771/ishares-north-american-techsoftware-etf/latest-holdings.csv
IGV,MANH,0.42,MANHATTAN ASSOCIATES,https://www.ishares.com/us/products/239771/ishares-north-american-techsoftware-etf/latest-holdings.csv
IGV,DOCU,0.41,DOCUSIGN,https://www.ishares.com/us/products/239771/ishares-north-american-techsoftware-etf/latest-holdings.csv
IGV,ESTC,0.28,ELASTIC,https://www.ishares.com/us/products/239771/ishares-north-american-techsoftware-etf/latest-holdings.csv
IGV,IDCC,0.27,INTERDIGITAL INC,https://www.ishares.com/us/products/239771/ishares-north-american-techsoftware-etf/latest-holdings.csv
IGV,PATH,0.25,UIPATH INC CLASS A,https://www.ishares.com/us/products/239771/ishares-north-american-techsoftware-etf/latest-holdings.csv
IGV,HUT,0.25,HUT CORP,https://www.ishares.com/us/products/239771/ishares-north-american-techsoftware-etf/latest-holdings.csv
IGV,S,0.23,SENTINELONE INC CLASS A,https://www.ishares.com/us/products/239771/ishares-north-american-techsoftware-etf/latest-holdings.csv
IGV,PCOR,0.23,PROCORE TECHNOLOGIES INC,https://www.ishares.com/us/products/239771/ishares-north-american-techsoftware-etf/latest-holdings.csv
IGV,AUR,0.22,AURORA INNOVATION CLASS A,https://www.ishares.com/us/products/239771/ishares-north-american-techsoftware-etf/latest-holdings.csv
IGV,DSGX,0.22,DESCARTES SYSTEMS GROUP,https://www.ishares.com/us/products/239771/ishares-north-american-techsoftware-etf/latest-holdings.csv
IGV,GTLB,0.21,GITLAB CLASS A,https://www.ishares.com/us/products/239771/ishares-north-american-techsoftware-etf/latest-holdings.csv
IGV,QLYS,0.21,QUALYS,https://www.ishares.com/us/products/239771/ishares-north-american-techsoftware-etf/latest-holdings.csv
IGV,ZETA,0.2,ZETA GLOBAL HOLDINGS CLASS A,https://www.ishares.com/us/products/239771/ishares-north-american-techsoftware-etf/latest-holdings.csv
IGV,QBTS,0.2,D WAVE QUANTUM,https://www.ishares.com/us/products/239771/ishares-north-american-techsoftware-etf/latest-holdings.csv
IGV,RIOT,0.19,RIOT PLATFORMS,https://www.ishares.com/us/products/239771/ishares-north-american-techsoftware-etf/latest-holdings.csv
IGV,WULF,0.19,TERAWULF,https://www.ishares.com/us/products/239771/ishares-north-american-techsoftware-etf/latest-holdings.csv
IGV,OTEX,0.19,OPEN TEXT,https://www.ishares.com/us/products/239771/ishares-north-american-techsoftware-etf/latest-holdings.csv
IGV,SNAP,0.19,SNAP INC CLASS A,https://www.ishares.com/us/products/239771/ishares-north-american-techsoftware-etf/latest-holdings.csv
IGV,TTAN,0.18,SERVICETITAN CLASS A,https://www.ishares.com/us/products/239771/ishares-north-american-techsoftware-etf/latest-holdings.csv
IGV,CVLT,0.18,COMMVAULT SYSTEMS,https://www.ishares.com/us/products/239771/ishares-north-american-techsoftware-etf/latest-holdings.csv
IGV,APPF,0.18,APPFOLIO CLASS A,https://www.ishares.com/us/products/239771/ishares-north-american-techsoftware-etf/latest-holdings.csv
IGV,CRCL,0.17,CIRCLE INTERNET GROUP CLASS A,https://www.ishares.com/us/products/239771/ishares-north-american-techsoftware-etf/latest-holdings.csv
IGV,BSY,0.17,BENTLEY SYSTEMS INC CLASS B,https://www.ishares.com/us/products/239771/ishares-north-american-techsoftware-etf/latest-holdings.csv
IGV,ACIW,0.17,ACI WORLDWIDE,https://www.ishares.com/us/products/239771/ishares-north-american-techsoftware-etf/latest-holdings.csv
IGV,DBX,0.17,DROPBOX INC CLASS A,https://www.ishares.com/us/products/239771/ishares-north-american-techsoftware-etf/latest-holdings.csv
IGV,CORZ,0.16,CORE SCIENTIFIC INC,https://www.ishares.com/us/products/239771/ishares-north-american-techsoftware-etf/latest-holdings.csv
IGV,RNG,0.16,RINGCENTRAL INC CLASS A,https://www.ishares.com/us/products/239771/ishares-north-american-techsoftware-etf/latest-holdings.csv
IGV,VRNS,0.16,VARONIS SYSTEMS,https://www.ishares.com/us/products/239771/ishares-north-american-techsoftware-etf/latest-holdings.csv
IGV,BOX,0.16,BOX INC CLASS A,https://www.ishares.com/us/products/239771/ishares-north-american-techsoftware-etf/latest-holdings.csv
IGV,CIFR,0.15,CIPHER DIGITAL INC,https://www.ishares.com/us/products/239771/ishares-north-american-techsoftware-etf/latest-holdings.csv
IGV,BB,0.14,BLACKBERRY,https://www.ishares.com/us/products/239771/ishares-north-american-techsoftware-etf/latest-holdings.csv
IGV,BILL,0.14,BILL HOLDINGS,https://www.ishares.com/us/products/239771/ishares-north-american-techsoftware-etf/latest-holdings.csv
IGV,TENB,0.13,TENABLE HOLDINGS,https://www.ishares.com/us/products/239771/ishares-north-american-techsoftware-etf/latest-holdings.csv
IGV,WK,0.13,WORKIVA CLASS A,https://www.ishares.com/us/products/239771/ishares-north-american-techsoftware-etf/latest-holdings.csv
IGV,MARA,0.13,MARA HOLDINGS,https://www.ishares.com/us/products/239771/ishares-north-american-techsoftware-etf/latest-holdings.csv
IGV,QTWO,0.13,Q2 HOLDINGS INC,https://www.ishares.com/us/products/239771/ishares-north-american-techsoftware-etf/latest-holdings.csv
IGV,YOU,0.13,CLEAR SECURE CLASS A,https://www.ishares.com/us/products/239771/ishares-north-american-techsoftware-etf/latest-holdings.csv
IGV,CCC,0.13,CCC INTELLIGENT SOLUTIONS HOLDINGS,https://www.ishares.com/us/products/239771/ishares-north-american-techsoftware-etf/latest-holdings.csv
IGV,DLB,0.12,DOLBY LABORATORIES CLASS A,https://www.ishares.com/us/products/239771/ishares-north-american-techsoftware-etf/latest-holdings.csv
IGV,LIF,0.11,LIFE360,https://www.ishares.com/us/products/239771/ishares-north-american-techsoftware-etf/latest-holdings.csv
IGV,BRZE,0.11,BRAZE INC CLASS A,https://www.ishares.com/us/products/239771/ishares-north-american-techsoftware-etf/latest-holdings.csv
IGV,PEGA,0.1,PEGASYSTEMS,https://www.ishares.com/us/products/239771/ishares-north-american-techsoftware-etf/latest-holdings.csv
IGV,SPSC,0.1,SPS COMMERCE,https://www.ishares.com/us/products/239771/ishares-north-american-techsoftware-etf/latest-holdings.csv
IGV,CLSK,0.09,CLEANSPARK,https://www.ishares.com/us/products/239771/ishares-north-american-techsoftware-etf/latest-holdings.csv
IGV,AGYS,0.09,AGILYSYS INC,https://www.ishares.com/us/products/239771/ishares-north-american-techsoftware-etf/latest-holdings.csv
IGV,FRSH,0.09,FRESHWORKS CLASS A,https://www.ishares.com/us/products/239771/ishares-north-american-techsoftware-etf/latest-holdings.csv
IGV,ALRM,0.09,ALARM.COM HOLDINGS,https://www.ishares.com/us/products/239771/ishares-north-american-techsoftware-etf/latest-holdings.csv
IGV,KVYO,0.09,KLAVIYO SERIES A,https://www.ishares.com/us/products/239771/ishares-north-american-techsoftware-etf/latest-holdings.csv
IGV,SOUN,0.09,SOUNDHOUND AI CLASS A,https://www.ishares.com/us/products/239771/ishares-north-american-techsoftware-etf/latest-holdings.csv
IGV,ADEA,0.09,ADEIA,https://www.ishares.com/us/products/239771/ishares-north-american-techsoftware-etf/latest-holdings.csv
IGV,TDC,0.09,TERADATA,https://www.ishares.com/us/products/239771/ishares-north-american-techsoftware-etf/latest-holdings.csv
IGV,FIVN,0.08,FIVE9,https://www.ishares.com/us/products/239771/ishares-north-american-techsoftware-etf/latest-holdings.csv
IGV,RAMP,0.08,LIVERAMP HOLDINGS INC,https://www.ishares.com/us/products/239771/ishares-north-american-techsoftware-etf/latest-holdings.csv
IGV,INTA,0.07,INTAPP,https://www.ishares.com/us/products/239771/ishares-north-american-techsoftware-etf/latest-holdings.csv
IGV,NCNO,0.07,NCINO,https://www.ishares.com/us/products/239771/ishares-north-american-techsoftware-etf/latest-holdings.csv
IGV,PRGS,0.06,PROGRESS SOFTWARE CORP,https://www.ishares.com/us/products/239771/ishares-north-american-techsoftware-etf/latest-holdings.csv
IGV,AVPT,0.06,AVEPOINT CLASS A,https://www.ishares.com/us/products/239771/ishares-north-american-techsoftware-etf/latest-holdings.csv
IGV,ATEN,0.06,A10 NETWORKS INC,https://www.ishares.com/us/products/239771/ishares-north-american-techsoftware-etf/latest-holdings.csv
IGV,APPN,0.05,APPIAN CORP CLASS A,https://www.ishares.com/us/products/239771/ishares-north-american-techsoftware-etf/latest-holdings.csv
IGV,BLKB,0.05,BLACKBAUD,https://www.ishares.com/us/products/239771/ishares-north-american-techsoftware-etf/latest-holdings.csv
IGV,ALKT,0.05,ALKAMI TECHNOLOGY,https://www.ishares.com/us/products/239771/ishares-north-american-techsoftware-etf/latest-holdings.csv
IGV,BL,0.05,BLACKLINE INC,https://www.ishares.com/us/products/239771/ishares-north-american-techsoftware-etf/latest-holdings.csv
IGV,NN,0.05,NEXTNAV,https://www.ishares.com/us/products/239771/ishares-north-american-techsoftware-etf/latest-holdings.csv
IGV,AI,0.04,C3 AI INC CLASS A,https://www.ishares.com/us/products/239771/ishares-north-american-techsoftware-etf/latest-holdings.csv
IGV,LSPD,0.04,LIGHTSPEED COMMERCE,https://www.ishares.com/us/products/239771/ishares-north-american-techsoftware-etf/latest-holdings.csv
IGV,VYX,0.04,NCR VOYIX,https://www.ishares.com/us/products/239771/ishares-north-american-techsoftware-etf/latest-holdings.csv
IGV,PD,0.03,PAGERDUTY,https://www.ishares.com/us/products/239771/ishares-north-american-techsoftware-etf/latest-holdings.csv
IGV,VERX,0.03,VERTEX CLASS A,https://www.ishares.com/us/products/239771/ishares-north-american-techsoftware-etf/latest-holdings.csv
IGV,ASAN,0.03,ASANA CLASS A,https://www.ishares.com/us/products/239771/ishares-north-american-techsoftware-etf/latest-holdings.csv
IGV,CXM,0.03,SPRINKLR CLASS A,https://www.ishares.com/us/products/239771/ishares-north-american-techsoftware-etf/latest-holdings.csv
IGV,AIP,0.02,ARTERIS INC,https://www.ishares.com/us/products/239771/ishares-north-american-techsoftware-etf/latest-holdings.csv
IHI,ABT,18.81,ABBOTT LABORATORIES,https://www.ishares.com/us/products/239516/ishares-us-medical-devices-etf/latest-holdings.csv
IHI,ISRG,12.67,INTUITIVE SURGICAL,https://www.ishares.com/us/products/239516/ishares-us-medical-devices-etf/latest-holdings.csv
IHI,SYK,10.96,STRYKER,https://www.ishares.com/us/products/239516/ishares-us-medical-devices-etf/latest-holdings.csv
IHI,BDX,5.19,BECTON DICKINSON,https://www.ishares.com/us/products/239516/ishares-us-medical-devices-etf/latest-holdings.csv
IHI,DXCM,4.86,DEXCOM INC,https://www.ishares.com/us/products/239516/ishares-us-medical-devices-etf/latest-holdings.csv
IHI,RMD,4.84,RESMED,https://www.ishares.com/us/products/239516/ishares-us-medical-devices-etf/latest-holdings.csv
IHI,MDT,4.6,MEDTRONIC PLC,https://www.ishares.com/us/products/239516/ishares-us-medical-devices-etf/latest-holdings.csv
IHI,GEHC,4.53,GE HEALTHCARE TECHNOLOGIES,https://www.ishares.com/us/products/239516/ishares-us-medical-devices-etf/latest-holdings.csv
IHI,EW,4.25,EDWARDS LIFESCIENCES,https://www.ishares.com/us/products/239516/ishares-us-medical-devices-etf/latest-holdings.csv
IHI,IDXX,4.04,IDEXX LABORATORIES INC,https://www.ishares.com/us/products/239516/ishares-us-medical-devices-etf/latest-holdings.csv
IHI,BSX,3.92,BOSTON SCIENTIFIC CORP,https://www.ishares.com/us/products/239516/ishares-us-medical-devices-etf/latest-holdings.csv
IHI,STE,3.18,STERIS,https://www.ishares.com/us/products/239516/ishares-us-medical-devices-etf/latest-holdings.csv
IHI,ZBH,2.71,ZIMMER BIOMET HOLDINGS,https://www.ishares.com/us/products/239516/ishares-us-medical-devices-etf/latest-holdings.csv
IHI,BAX,1.87,BAXTER INTERNATIONAL,https://www.ishares.com/us/products/239516/ishares-us-medical-devices-etf/latest-holdings.csv
IHI,PEN,1.76,PENUMBRA,https://www.ishares.com/us/products/239516/ishares-us-medical-devices-etf/latest-holdings.csv
IHI,GKOS,1.47,GLAUKOS,https://www.ishares.com/us/products/239516/ishares-us-medical-devices-etf/latest-holdings.csv
IHI,PODD,1.4,INSULET,https://www.ishares.com/us/products/239516/ishares-us-medical-devices-etf/latest-holdings.csv
IHI,GMED,1.31,GLOBUS MEDICAL CLASS A,https://www.ishares.com/us/products/239516/ishares-us-medical-devices-etf/latest-holdings.csv
IHI,TFX,0.86,TELEFLEX,https://www.ishares.com/us/products/239516/ishares-us-medical-devices-etf/latest-holdings.csv
IHI,NVST,0.61,ENVISTA HOLDINGS,https://www.ishares.com/us/products/239516/ishares-us-medical-devices-etf/latest-holdings.csv
IHI,LIVN,0.61,LIVANOVA PLC,https://www.ishares.com/us/products/239516/ishares-us-medical-devices-etf/latest-holdings.csv
IHI,ITGR,0.59,INTEGER HOLDINGS CORP,https://www.ishares.com/us/products/239516/ishares-us-medical-devices-etf/latest-holdings.csv
IHI,IRTC,0.55,IRHYTHM HOLDINGS INC,https://www.ishares.com/us/products/239516/ishares-us-medical-devices-etf/latest-holdings.csv
IHI,TMDX,0.42,TRANSMEDICS GROUP,https://www.ishares.com/us/products/239516/ishares-us-medical-devices-etf/latest-holdings.csv
IHI,AXGN,0.38,AXOGEN,https://www.ishares.com/us/products/239516/ishares-us-medical-devices-etf/latest-holdings.csv
IHI,ATRC,0.34,ATRICURE,https://www.ishares.com/us/products/239516/ishares-us-medical-devices-etf/latest-holdings.csv
IHI,NVCR,0.26,NOVOCURE,https://www.ishares.com/us/products/239516/ishares-us-medical-devices-etf/latest-holdings.csv
IHI,BFLY,0.25,BUTTERFLY NETWORK CLASS A,https://www.ishares.com/us/products/239516/ishares-us-medical-devices-etf/latest-holdings.csv
IHI,LMAT,0.24,LEMAITRE VASCULAR,https://www.ishares.com/us/products/239516/ishares-us-medical-devices-etf/latest-holdings.csv
IHI,INSP,0.22,INSPIRE MEDICAL SYSTEMS,https://www.ishares.com/us/products/239516/ishares-us-medical-devices-etf/latest-holdings.csv
IHI,CNMD,0.21,CONMED CORP,https://www.ishares.com/us/products/239516/ishares-us-medical-devices-etf/latest-holdings.csv
IHI,OMCL,0.21,OMNICELL INC,https://www.ishares.com/us/products/239516/ishares-us-medical-devices-etf/latest-holdings.csv
IHI,TNDM,0.2,TANDEM DIABETES CARE,https://www.ishares.com/us/products/239516/ishares-us-medical-devices-etf/latest-holdings.csv
IHI,ENOV,0.2,ENOVIS CORP,https://www.ishares.com/us/products/239516/ishares-us-medical-devices-etf/latest-holdings.csv
IHI,PRCT,0.16,PROCEPT BIOROBOTICS CORP,https://www.ishares.com/us/products/239516/ishares-us-medical-devices-etf/latest-holdings.csv
IHI,AORT,0.16,ARTIVION INC,https://www.ishares.com/us/products/239516/ishares-us-medical-devices-etf/latest-holdings.csv
IHI,IART,0.16,INTEGRA LIFESCIENCES HOLDINGS,https://www.ishares.com/us/products/239516/ishares-us-medical-devices-etf/latest-holdings.csv
IHI,ATEC,0.15,ALPHATEC HOLDNGS,https://www.ishares.com/us/products/239516/ishares-us-medical-devices-etf/latest-holdings.csv
IHI,QDEL,0.14,QUIDELORTHO CORP,https://www.ishares.com/us/products/239516/ishares-us-medical-devices-etf/latest-holdings.csv
IHI,BBNX,0.11,BETA BIONICS INC,https://www.ishares.com/us/products/239516/ishares-us-medical-devices-etf/latest-holdings.csv
IHI,VREX,0.11,VAREX IMAGING,https://www.ishares.com/us/products/239516/ishares-us-medical-devices-etf/latest-holdings.csv
IHI,SIBN,0.11,SI BONE,https://www.ishares.com/us/products/239516/ishares-us-medical-devices-etf/latest-holdings.csv
IHI,IRMD,0.1,IRADIMED,https://www.ishares.com/us/products/239516/ishares-us-medical-devices-etf/latest-holdings.csv
IHI,ANGO,0.09,ANGIODYNAMICS,https://www.ishares.com/us/products/239516/ishares-us-medical-devices-etf/latest-holdings.csv
IHI,OFIX,0.05,ORTHOFIX MEDICAL,https://www.ishares.com/us/products/239516/ishares-us-medical-devices-etf/latest-holdings.csv
IHI,HOLX,0.0,HOLOGIC INC,https://www.ishares.com/us/products/239516/ishares-us-medical-devices-etf/latest-holdings.csv
ITA,GE,21.58,GE AEROSPACE,https://www.ishares.com/us/products/239502/ishares-us-aerospace-defense-etf/latest-holdings.csv
ITA,RTX,17.24,RTX,https://www.ishares.com/us/products/239502/ishares-us-aerospace-defense-etf/latest-holdings.csv
ITA,BA,9.07,BOEING,https://www.ishares.com/us/products/239502/ishares-us-aerospace-defense-etf/latest-holdings.csv
ITA,GD,4.83,GENERAL DYNAMICS CORP,https://www.ishares.com/us/products/239502/ishares-us-aerospace-defense-etf/latest-holdings.csv
ITA,LMT,4.74,LOCKHEED MARTIN CORP,https://www.ishares.com/us/products/239502/ishares-us-aerospace-defense-etf/latest-holdings.csv
ITA,NOC,4.41,NORTHROP GRUMMAN CORP,https://www.ishares.com/us/products/239502/ishares-us-aerospace-defense-etf/latest-holdings.csv
ITA,HWM,4.35,HOWMET AEROSPACE,https://www.ishares.com/us/products/239502/ishares-us-aerospace-defense-etf/latest-holdings.csv
ITA,TDG,4.29,TRANSDIGM GROUP,https://www.ishares.com/us/products/239502/ishares-us-aerospace-defense-etf/latest-holdings.csv
ITA,LHX,3.7,L3HARRIS TECHNOLOGIES,https://www.ishares.com/us/products/239502/ishares-us-aerospace-defense-etf/latest-holdings.csv
ITA,AXON,3.4,AXON ENTERPRISE,https://www.ishares.com/us/products/239502/ishares-us-aerospace-defense-etf/latest-holdings.csv
ITA,RKLB,2.43,ROCKET LAB CORP,https://www.ishares.com/us/products/239502/ishares-us-aerospace-defense-etf/latest-holdings.csv
ITA,ATI,2.08,ATI,https://www.ishares.com/us/products/239502/ishares-us-aerospace-defense-etf/latest-holdings.csv
ITA,CRS,1.76,CARPENTER TECHNOLOGY,https://www.ishares.com/us/products/239502/ishares-us-aerospace-defense-etf/latest-holdings.csv
ITA,CW,1.6,CURTISS WRIGHT,https://www.ishares.com/us/products/239502/ishares-us-aerospace-defense-etf/latest-holdings.csv
ITA,WWD,1.51,WOODWARD,https://www.ishares.com/us/products/239502/ishares-us-aerospace-defense-etf/latest-holdings.csv
ITA,FTAI,1.45,FTAI AVIATION,https://www.ishares.com/us/products/239502/ishares-us-aerospace-defense-etf/latest-holdings.csv
ITA,HEIA,1.41,HEICO CLASS A,https://www.ishares.com/us/products/239502/ishares-us-aerospace-defense-etf/latest-holdings.csv
ITA,TXT,1.04,TEXTRON INC,https://www.ishares.com/us/products/239502/ishares-us-aerospace-defense-etf/latest-holdings.csv
ITA,BWXT,1.04,BWX TECHNOLOGIES INC,https://www.ishares.com/us/products/239502/ishares-us-aerospace-defense-etf/latest-holdings.csv
ITA,HEI,0.99,HEICO,https://www.ishares.com/us/products/239502/ishares-us-aerospace-defense-etf/latest-holdings.csv
ITA,HII,0.86,HUNTINGTON INGALLS INDUSTRIES,https://www.ishares.com/us/products/239502/ishares-us-aerospace-defense-etf/latest-holdings.csv
ITA,MOGA,0.79,MOOG INC CLASS A,https://www.ishares.com/us/products/239502/ishares-us-aerospace-defense-etf/latest-holdings.csv
ITA,KTOS,0.71,KRATOS DEFENSE AND SECURITY SOLUTI,https://www.ishares.com/us/products/239502/ishares-us-aerospace-defense-etf/latest-holdings.csv
ITA,HXL,0.52,HEXCEL,https://www.ishares.com/us/products/239502/ishares-us-aerospace-defense-etf/latest-holdings.csv
ITA,VSEC,0.44,VSE CORP,https://www.ishares.com/us/products/239502/ishares-us-aerospace-defense-etf/latest-holdings.csv
ITA,AIR,0.38,AAR,https://www.ishares.com/us/products/239502/ishares-us-aerospace-defense-etf/latest-holdings.csv
ITA,AVAV,0.36,AEROVIRONMENT,https://www.ishares.com/us/products/239502/ishares-us-aerospace-defense-etf/latest-holdings.csv
ITA,SARO,0.35,STANDARDAERO,https://www.ishares.com/us/products/239502/ishares-us-aerospace-defense-etf/latest-holdings.csv
ITA,MRCY,0.34,MERCURY SYSTEMS INC,https://www.ishares.com/us/products/239502/ishares-us-aerospace-defense-etf/latest-holdings.csv
ITA,KRMN,0.28,KARMAN HOLDINGS INC,https://www.ishares.com/us/products/239502/ishares-us-aerospace-defense-etf/latest-holdings.csv
ITA,ACHR,0.27,ARCHER AVIATION CLASS A,https://www.ishares.com/us/products/239502/ishares-us-aerospace-defense-etf/latest-holdings.csv
ITA,DRS,0.22,LEONARDO DRS INC,https://www.ishares.com/us/products/239502/ishares-us-aerospace-defense-etf/latest-holdings.csv
ITA,ATRO,0.21,ASTRONICS,https://www.ishares.com/us/products/239502/ishares-us-aerospace-defense-etf/latest-holdings.csv
ITA,LOAR,0.19,LOAR HOLDINGS,https://www.ishares.com/us/products/239502/ishares-us-aerospace-defense-etf/latest-holdings.csv
ITA,DCO,0.18,DUCOMMUN,https://www.ishares.com/us/products/239502/ishares-us-aerospace-defense-etf/latest-holdings.csv
ITA,LUNR,0.14,INTUITIVE MACHINES INC CLASS A,https://www.ishares.com/us/products/239502/ishares-us-aerospace-defense-etf/latest-holdings.csv
ITA,VVX,0.12,V2X,https://www.ishares.com/us/products/239502/ishares-us-aerospace-defense-etf/latest-holdings.csv
ITA,RDW,0.09,REDWIRE,https://www.ishares.com/us/products/239502/ishares-us-aerospace-defense-etf/latest-holdings.csv
ITA,RCAT,0.08,RED CAT HOLDINGS INC,https://www.ishares.com/us/products/239502/ishares-us-aerospace-defense-etf/latest-holdings.csv
ITA,CDRE,0.07,CADRE HOLDINGS INC,https://www.ishares.com/us/products/239502/ishares-us-aerospace-defense-etf/latest-holdings.csv
ITA,NPK,0.06,NATIONAL PRESTO INDUSTRIES INC,https://www.ishares.com/us/products/239502/ishares-us-aerospace-defense-etf/latest-holdings.csv
ITA,FLY,0.05,FIREFLY AEROSPACE,https://www.ishares.com/us/products/239502/ishares-us-aerospace-defense-etf/latest-holdings.csv
ITA,BETA,0.05,BETA TECHNOLOGIES CLASS A,https://www.ishares.com/us/products/239502/ishares-us-aerospace-defense-etf/latest-holdings.csv
ITA,RGR,0.05,STURM RUGER,https://www.ishares.com/us/products/239502/ishares-us-aerospace-defense-etf/latest-holdings.csv
ITA,SWBI,0.04,SMITH WESSON BRANDS INC,https://www.ishares.com/us/products/239502/ishares-us-aerospace-defense-etf/latest-holdings.csv
ITA,VOYG,0.03,VOYAGER TECHNOLOGIES CLASS A,https://www.ishares.com/us/products/239502/ishares-us-aerospace-defense-etf/latest-holdings.csv
ITA,SPCE,0.02,VIRGIN GALACTIC HOLDINGS INC SHS C,https://www.ishares.com/us/products/239502/ishares-us-aerospace-defense-etf/latest-holdings.csv
ITA,YSS,0.01,YORK SPACE SYSTEMS INC,https://www.ishares.com/us/products/239502/ishares-us-aerospace-defense-etf/latest-holdings.csv
IYT,UNP,17.98,UNION PACIFIC,https://www.ishares.com/us/products/239501/ishares-transportation-average-etf/latest-holdings.csv
IYT,UBER,15.8,UBER TECHNOLOGIES,https://www.ishares.com/us/products/239501/ishares-transportation-average-etf/latest-holdings.csv
IYT,CSX,9.38,CSX,https://www.ishares.com/us/products/239501/ishares-transportation-average-etf/latest-holdings.csv
IYT,UPS,5.6,UNITED PARCEL SERVICE INC CLASS B,https://www.ishares.com/us/products/239501/ishares-transportation-average-etf/latest-holdings.csv
IYT,NSC,4.89,NORFOLK SOUTHERN CORP,https://www.ishares.com/us/products/239501/ishares-transportation-average-etf/latest-holdings.csv
IYT,DAL,4.54,DELTA AIR LINES,https://www.ishares.com/us/products/239501/ishares-transportation-average-etf/latest-holdings.csv
IYT,UAL,4.51,UNITED AIRLINES HOLDINGS,https://www.ishares.com/us/products/239501/ishares-transportation-average-etf/latest-holdings.csv
IYT,FDX,4.49,FEDEX CORP,https://www.ishares.com/us/products/239501/ishares-transportation-average-etf/latest-holdings.csv
IYT,ODFL,3.65,OLD DOMINION FREIGHT LINE,https://www.ishares.com/us/products/239501/ishares-transportation-average-etf/latest-holdings.csv
IYT,EXPD,3.13,EXPEDITORS INTERNATIONAL OF WASHIN,https://www.ishares.com/us/products/239501/ishares-transportation-average-etf/latest-holdings.csv
IYT,XPO,2.78,XPO,https://www.ishares.com/us/products/239501/ishares-transportation-average-etf/latest-holdings.csv
IYT,JBHT,2.44,JB HUNT TRANSPORT SERVICES,https://www.ishares.com/us/products/239501/ishares-transportation-average-etf/latest-holdings.csv
IYT,LUV,2.43,SOUTHWEST AIRLINES,https://www.ishares.com/us/products/239501/ishares-transportation-average-etf/latest-holdings.csv
IYT,CHRW,2.22,CH ROBINSON WORLDWIDE,https://www.ishares.com/us/products/239501/ishares-transportation-average-etf/latest-holdings.csv
IYT,FDXF,1.82,FEDEX FREIGHT HOLDING COMPANY INC,https://www.ishares.com/us/products/239501/ishares-transportation-average-etf/latest-holdings.csv
IYT,KNX,1.37,KNIGHT-SWIFT TRANSPORTATION HOLDIN,https://www.ishares.com/us/products/239501/ishares-transportation-average-etf/latest-holdings.csv
IYT,R,1.19,RYDER SYSTEM,https://www.ishares.com/us/products/239501/ishares-transportation-average-etf/latest-holdings.csv
IYT,SAIA,1.18,SAIA INC,https://www.ishares.com/us/products/239501/ishares-transportation-average-etf/latest-holdings.csv
IYT,AAL,1.13,AMERICAN AIRLINES GROUP,https://www.ishares.com/us/products/239501/ishares-transportation-average-etf/latest-holdings.csv
IYT,KEX,0.93,KIRBY CORP,https://www.ishares.com/us/products/239501/ishares-transportation-average-etf/latest-holdings.csv
IYT,MATX,0.85,MATSON INC,https://www.ishares.com/us/products/239501/ishares-transportation-average-etf/latest-holdings.csv
IYT,LYFT,0.84,LYFT CLASS A,https://www.ishares.com/us/products/239501/ishares-transportation-average-etf/latest-holdings.csv
IYT,LSTR,0.77,LANDSTAR SYSTEM,https://www.ishares.com/us/products/239501/ishares-transportation-average-etf/latest-holdings.csv
IYT,UHALB,0.76,U HAUL NON VOTING SERIES N,https://www.ishares.com/us/products/239501/ishares-transportation-average-etf/latest-holdings.csv
IYT,GXO,0.69,GXO LOGISTICS,https://www.ishares.com/us/products/239501/ishares-transportation-average-etf/latest-holdings.csv
IYT,ALK,0.59,ALASKA AIR GROUP INC,https://www.ishares.com/us/products/239501/ishares-transportation-average-etf/latest-holdings.csv
IYT,JOBY,0.54,JOBY AVIATION CLASS A,https://www.ishares.com/us/products/239501/ishares-transportation-average-etf/latest-holdings.csv
IYT,SKYW,0.49,SKYWEST,https://www.ishares.com/us/products/239501/ishares-transportation-average-etf/latest-holdings.csv
IYT,RXO,0.45,RXO INC,https://www.ishares.com/us/products/239501/ishares-transportation-average-etf/latest-holdings.csv
IYT,ARCB,0.38,ARCBEST,https://www.ishares.com/us/products/239501/ishares-transportation-average-etf/latest-holdings.csv
IYT,HUBG,0.3,HUB GROUP CLASS A,https://www.ishares.com/us/products/239501/ishares-transportation-average-etf/latest-holdings.csv
IYT,CAR,0.29,AVIS BUDGET GROUP INC,https://www.ishares.com/us/products/239501/ishares-transportation-average-etf/latest-holdings.csv
IYT,WERN,0.29,WERNER ENTERPRISES,https://www.ishares.com/us/products/239501/ishares-transportation-average-etf/latest-holdings.csv
IYT,ALGT,0.22,ALLEGIANT TRAVEL,https://www.ishares.com/us/products/239501/ishares-transportation-average-etf/latest-holdings.csv
IYT,SNDR,0.21,SCHNEIDER NATIONAL CLASS B,https://www.ishares.com/us/products/239501/ishares-transportation-average-etf/latest-holdings.csv
IYT,JBLU,0.18,JETBLUE AIRWAYS,https://www.ishares.com/us/products/239501/ishares-transportation-average-etf/latest-holdings.csv
IYT,GNK,0.12,GENCO SHIPPING AND TRADING,https://www.ishares.com/us/products/239501/ishares-transportation-average-etf/latest-holdings.csv
IYT,MRTN,0.1,MARTEN TRANSPORT,https://www.ishares.com/us/products/239501/ishares-transportation-average-etf/latest-holdings.csv
IYT,HTLD,0.07,HEARTLAND EXPRESS INC,https://www.ishares.com/us/products/239501/ishares-transportation-average-etf/latest-holdings.csv
IYT,CVLG,0.07,COVENANT LOGISTICS GROUP INC CLASS,https://www.ishares.com/us/products/239501/ishares-transportation-average-etf/latest-holdings.csv
IYT,ULCC,0.06,FRONTIER GROUP HOLDINGS,https://www.ishares.com/us/products/239501/ishares-transportation-average-etf/latest-holdings.csv
IYT,FIP,0.05,FTAI INFRASTRUCTURE,https://www.ishares.com/us/products/239501/ishares-transportation-average-etf/latest-holdings.csv
IYT,HTZ,0.03,HERTZ GLOBAL HLDGS INC,https://www.ishares.com/us/products/239501/ishares-transportation-average-etf/latest-holdings.csv
KBE,JXN,1.184571,JACKSON FINANCIAL INC A,https://www.ssga.com/library-content/products/fund-data/etfs/us/holdings-daily-us-en-kbe.xlsx
KBE,NMIH,1.139089,NMI HOLDINGS INC,https://www.ssga.com/library-content/products/fund-data/etfs/us/holdings-daily-us-en-kbe.xlsx
KBE,MTG,1.134504,MGIC INVESTMENT CORP,https://www.ssga.com/library-content/products/fund-data/etfs/us/holdings-daily-us-en-kbe.xlsx
KBE,CRBG,1.129687,COREBRIDGE FINANCIAL INC,https://www.ssga.com/library-content/products/fund-data/etfs/us/holdings-daily-us-en-kbe.xlsx
KBE,EQH,1.127822,EQUITABLE HOLDINGS INC,https://www.ssga.com/library-content/products/fund-data/etfs/us/holdings-daily-us-en-kbe.xlsx
KBE,TBBK,1.125776,BANCORP INC/THE,https://www.ssga.com/library-content/products/fund-data/etfs/us/holdings-daily-us-en-kbe.xlsx
KBE,NIC,1.116531,NICOLET BANKSHARES INC,https://www.ssga.com/library-content/products/fund-data/etfs/us/holdings-daily-us-en-kbe.xlsx
KBE,ESNT,1.09752,ESSENT GROUP LTD,https://www.ssga.com/library-content/products/fund-data/etfs/us/holdings-daily-us-en-kbe.xlsx
KBE,BNY,1.094853,BANK OF NEW YORK MELLON CORP,https://www.ssga.com/library-content/products/fund-data/etfs/us/holdings-daily-us-en-kbe.xlsx
KBE,JPM,1.08922,JPMORGAN CHASE + CO,https://www.ssga.com/library-content/products/fund-data/etfs/us/holdings-daily-us-en-kbe.xlsx
KBE,VOYA,1.083223,VOYA FINANCIAL INC,https://www.ssga.com/library-content/products/fund-data/etfs/us/holdings-daily-us-en-kbe.xlsx
KBE,BAC,1.075893,BANK OF AMERICA CORP,https://www.ssga.com/library-content/products/fund-data/etfs/us/holdings-daily-us-en-kbe.xlsx
KBE,FBP,1.065169,FIRST BANCORP PUERTO RICO,https://www.ssga.com/library-content/products/fund-data/etfs/us/holdings-daily-us-en-kbe.xlsx
KBE,WSBC,1.063975,WESBANCO INC,https://www.ssga.com/library-content/products/fund-data/etfs/us/holdings-daily-us-en-kbe.xlsx
KBE,NTRS,1.05866,NORTHERN TRUST CORP,https://www.ssga.com/library-content/products/fund-data/etfs/us/holdings-daily-us-en-kbe.xlsx
KBE,PRK,1.057688,PARK NATIONAL CORP,https://www.ssga.com/library-content/products/fund-data/etfs/us/holdings-daily-us-en-kbe.xlsx
KBE,SBCF,1.047991,SEACOAST BANKING CORP/FL,https://www.ssga.com/library-content/products/fund-data/etfs/us/holdings-daily-us-en-kbe.xlsx
KBE,CFR,1.046862,CULLEN/FROST BANKERS INC,https://www.ssga.com/library-content/products/fund-data/etfs/us/holdings-daily-us-en-kbe.xlsx
KBE,AX,1.045182,AXOS FINANCIAL INC,https://www.ssga.com/library-content/products/fund-data/etfs/us/holdings-daily-us-en-kbe.xlsx
KBE,USB,1.035383,US BANCORP,https://www.ssga.com/library-content/products/fund-data/etfs/us/holdings-daily-us-en-kbe.xlsx
KBE,RKT,1.033932,ROCKET COS INC CLASS A,https://www.ssga.com/library-content/products/fund-data/etfs/us/holdings-daily-us-en-kbe.xlsx
KBE,SSB,1.032257,SOUTHSTATE BANK CORP,https://www.ssga.com/library-content/products/fund-data/etfs/us/holdings-daily-us-en-kbe.xlsx
KBE,UMBF,1.031668,UMB FINANCIAL CORP,https://www.ssga.com/library-content/products/fund-data/etfs/us/holdings-daily-us-en-kbe.xlsx
KBE,EBC,1.025795,EASTERN BANKSHARES INC,https://www.ssga.com/library-content/products/fund-data/etfs/us/holdings-daily-us-en-kbe.xlsx
KBE,BPOP,1.023597,POPULAR INC,https://www.ssga.com/library-content/products/fund-data/etfs/us/holdings-daily-us-en-kbe.xlsx
KBE,PNFP,1.02228,PINNACLE FINANCIAL PARTNERS,https://www.ssga.com/library-content/products/fund-data/etfs/us/holdings-daily-us-en-kbe.xlsx
KBE,ASB,1.017246,ASSOCIATED BANC CORP,https://www.ssga.com/library-content/products/fund-data/etfs/us/holdings-daily-us-en-kbe.xlsx
KBE,SFBS,1.015129,SERVISFIRST BANCSHARES INC,https://www.ssga.com/library-content/products/fund-data/etfs/us/holdings-daily-us-en-kbe.xlsx
KBE,CFG,1.010429,CITIZENS FINANCIAL GROUP,https://www.ssga.com/library-content/products/fund-data/etfs/us/holdings-daily-us-en-kbe.xlsx
KBE,HOMB,1.010123,HOME BANCSHARES INC,https://www.ssga.com/library-content/products/fund-data/etfs/us/holdings-daily-us-en-kbe.xlsx
KBE,FBK,1.009267,FB FINANCIAL CORP,https://www.ssga.com/library-content/products/fund-data/etfs/us/holdings-daily-us-en-kbe.xlsx
KBE,BUSE,1.006717,FIRST BUSEY CORP,https://www.ssga.com/library-content/products/fund-data/etfs/us/holdings-daily-us-en-kbe.xlsx
KBE,TOWN,1.005797,TOWNE BANK,https://www.ssga.com/library-content/products/fund-data/etfs/us/holdings-daily-us-en-kbe.xlsx
KBE,CBSH,1.001638,COMMERCE BANCSHARES INC,https://www.ssga.com/library-content/products/fund-data/etfs/us/holdings-daily-us-en-kbe.xlsx
KBE,CVBF,1.001131,CVB FINANCIAL CORP,https://www.ssga.com/library-content/products/fund-data/etfs/us/holdings-daily-us-en-kbe.xlsx
KBE,RF,0.999228,REGIONS FINANCIAL CORP,https://www.ssga.com/library-content/products/fund-data/etfs/us/holdings-daily-us-en-kbe.xlsx
KBE,ONB,0.998761,OLD NATIONAL BANCORP,https://www.ssga.com/library-content/products/fund-data/etfs/us/holdings-daily-us-en-kbe.xlsx
KBE,UBSI,0.99864,UNITED BANKSHARES INC,https://www.ssga.com/library-content/products/fund-data/etfs/us/holdings-daily-us-en-kbe.xlsx
KBE,BANR,0.99821,BANNER CORPORATION,https://www.ssga.com/library-content/products/fund-data/etfs/us/holdings-daily-us-en-kbe.xlsx
KBE,HWC,0.997803,HANCOCK WHITNEY CORP,https://www.ssga.com/library-content/products/fund-data/etfs/us/holdings-daily-us-en-kbe.xlsx
KBE,MTB,0.997743,M + T BANK CORP,https://www.ssga.com/library-content/products/fund-data/etfs/us/holdings-daily-us-en-kbe.xlsx
KBE,BBT,0.996161,BEACON FINANCIAL CORP,https://www.ssga.com/library-content/products/fund-data/etfs/us/holdings-daily-us-en-kbe.xlsx
KBE,WFC,0.995798,WELLS FARGO + CO,https://www.ssga.com/library-content/products/fund-data/etfs/us/holdings-daily-us-en-kbe.xlsx
KBE,WSFS,0.99575,WSFS FINANCIAL CORP,https://www.ssga.com/library-content/products/fund-data/etfs/us/holdings-daily-us-en-kbe.xlsx
KBE,NWBI,0.992019,NORTHWEST BANCSHARES INC,https://www.ssga.com/library-content/products/fund-data/etfs/us/holdings-daily-us-en-kbe.xlsx
KBE,AUB,0.987481,ATLANTIC UNION BANKSHARES CO,https://www.ssga.com/library-content/products/fund-data/etfs/us/holdings-daily-us-en-kbe.xlsx
KBE,RDN,0.98712,RADIAN GROUP INC,https://www.ssga.com/library-content/products/fund-data/etfs/us/holdings-daily-us-en-kbe.xlsx
KBE,BOKF,0.983643,BOK FINANCIAL CORPORATION,https://www.ssga.com/library-content/products/fund-data/etfs/us/holdings-daily-us-en-kbe.xlsx
KBE,FULT,0.981155,FULTON FINANCIAL CORP,https://www.ssga.com/library-content/products/fund-data/etfs/us/holdings-daily-us-en-kbe.xlsx
KBE,PNC,0.980364,PNC FINANCIAL SERVICES GROUP,https://www.ssga.com/library-content/products/fund-data/etfs/us/holdings-daily-us-en-kbe.xlsx
KBE,FFBC,0.979477,FIRST FINANCIAL BANCORP,https://www.ssga.com/library-content/products/fund-data/etfs/us/holdings-daily-us-en-kbe.xlsx
KBE,CATY,0.979252,CATHAY GENERAL BANCORP,https://www.ssga.com/library-content/products/fund-data/etfs/us/holdings-daily-us-en-kbe.xlsx
KBE,FCNCA,0.977006,FIRST CITIZENS BCSHS   CL A,https://www.ssga.com/library-content/products/fund-data/etfs/us/holdings-daily-us-en-kbe.xlsx
KBE,FITB,0.975376,FIFTH THIRD BANCORP,https://www.ssga.com/library-content/products/fund-data/etfs/us/holdings-daily-us-en-kbe.xlsx
KBE,UCB,0.975113,UNITED COMMUNITY BANKS/GA,https://www.ssga.com/library-content/products/fund-data/etfs/us/holdings-daily-us-en-kbe.xlsx
KBE,CUBI,0.974691,CUSTOMERS BANCORP INC,https://www.ssga.com/library-content/products/fund-data/etfs/us/holdings-daily-us-en-kbe.xlsx
KBE,SFNC,0.973322,SIMMONS FIRST NATL CORP CL A,https://www.ssga.com/library-content/products/fund-data/etfs/us/holdings-daily-us-en-kbe.xlsx
KBE,ZION,0.969612,ZIONS BANCORP NA,https://www.ssga.com/library-content/products/fund-data/etfs/us/holdings-daily-us-en-kbe.xlsx
KBE,APO,0.969576,APOLLO GLOBAL MANAGEMENT INC,https://www.ssga.com/library-content/products/fund-data/etfs/us/holdings-daily-us-en-kbe.xlsx
KBE,TRMK,0.963441,TRUSTMARK CORP,https://www.ssga.com/library-content/products/fund-data/etfs/us/holdings-daily-us-en-kbe.xlsx
KBE,FIBK,0.962891,FIRST INTERSTATE BANCSYS A,https://www.ssga.com/library-content/products/fund-data/etfs/us/holdings-daily-us-en-kbe.xlsx
KBE,FRME,0.959188,FIRST MERCHANTS CORP,https://www.ssga.com/library-content/products/fund-data/etfs/us/holdings-daily-us-en-kbe.xlsx
KBE,PFS,0.957459,PROVIDENT FINANCIAL SERVICES,https://www.ssga.com/library-content/products/fund-data/etfs/us/holdings-daily-us-en-kbe.xlsx
KBE,PB,0.957336,PROSPERITY BANCSHARES INC,https://www.ssga.com/library-content/products/fund-data/etfs/us/holdings-daily-us-en-kbe.xlsx
KBE,FNB,0.957173,FNB CORP,https://www.ssga.com/library-content/products/fund-data/etfs/us/holdings-daily-us-en-kbe.xlsx
KBE,TFC,0.954259,TRUIST FINANCIAL CORP,https://www.ssga.com/library-content/products/fund-data/etfs/us/holdings-daily-us-en-kbe.xlsx
KBE,EWBC,0.951497,EAST WEST BANCORP INC,https://www.ssga.com/library-content/products/fund-data/etfs/us/holdings-daily-us-en-kbe.xlsx
KBE,INDB,0.950029,INDEPENDENT BANK CORP/MA,https://www.ssga.com/library-content/products/fund-data/etfs/us/holdings-daily-us-en-kbe.xlsx
KBE,EFSC,0.949641,ENTERPRISE FINANCIAL SERVICE,https://www.ssga.com/library-content/products/fund-data/etfs/us/holdings-daily-us-en-kbe.xlsx
KBE,FFIN,0.946681,FIRST FINL BANKSHARES INC,https://www.ssga.com/library-content/products/fund-data/etfs/us/holdings-daily-us-en-kbe.xlsx
KBE,HBAN,0.94605,HUNTINGTON BANCSHARES INC,https://www.ssga.com/library-content/products/fund-data/etfs/us/holdings-daily-us-en-kbe.xlsx
KBE,FHN,0.938911,FIRST HORIZON CORP,https://www.ssga.com/library-content/products/fund-data/etfs/us/holdings-daily-us-en-kbe.xlsx
KBE,KEY,0.93858,KEYCORP,https://www.ssga.com/library-content/products/fund-data/etfs/us/holdings-daily-us-en-kbe.xlsx
KBE,C,0.93819,CITIGROUP INC,https://www.ssga.com/library-content/products/fund-data/etfs/us/holdings-daily-us-en-kbe.xlsx
KBE,COLB,0.933815,COLUMBIA BANKING SYSTEM INC,https://www.ssga.com/library-content/products/fund-data/etfs/us/holdings-daily-us-en-kbe.xlsx
KBE,WTFC,0.931357,WINTRUST FINANCIAL CORP,https://www.ssga.com/library-content/products/fund-data/etfs/us/holdings-daily-us-en-kbe.xlsx
KBE,ABCB,0.931029,AMERIS BANCORP,https://www.ssga.com/library-content/products/fund-data/etfs/us/holdings-daily-us-en-kbe.xlsx
KBE,WAFD,0.929725,WAFD INC,https://www.ssga.com/library-content/products/fund-data/etfs/us/holdings-daily-us-en-kbe.xlsx
KBE,TCBI,0.927008,TEXAS CAPITAL BANCSHARES INC,https://www.ssga.com/library-content/products/fund-data/etfs/us/holdings-daily-us-en-kbe.xlsx
KBE,TFIN,0.925988,TRIUMPH FINANCIAL INC,https://www.ssga.com/library-content/products/fund-data/etfs/us/holdings-daily-us-en-kbe.xlsx
KBE,VLY,0.925618,VALLEY NATIONAL BANCORP,https://www.ssga.com/library-content/products/fund-data/etfs/us/holdings-daily-us-en-kbe.xlsx
KBE,RNST,0.92227,RENASANT CORP,https://www.ssga.com/library-content/products/fund-data/etfs/us/holdings-daily-us-en-kbe.xlsx
KBE,GBCI,0.92172,GLACIER BANCORP INC,https://www.ssga.com/library-content/products/fund-data/etfs/us/holdings-daily-us-en-kbe.xlsx
KBE,BOH,0.921129,BANK OF HAWAII CORP,https://www.ssga.com/library-content/products/fund-data/etfs/us/holdings-daily-us-en-kbe.xlsx
KBE,CBU,0.916048,COMMUNITY FINANCIAL SYSTEM I,https://www.ssga.com/library-content/products/fund-data/etfs/us/holdings-daily-us-en-kbe.xlsx
KBE,BANF,0.912681,BANCFIRST CORP,https://www.ssga.com/library-content/products/fund-data/etfs/us/holdings-daily-us-en-kbe.xlsx
KBE,OZK,0.911319,BANK OZK,https://www.ssga.com/library-content/products/fund-data/etfs/us/holdings-daily-us-en-kbe.xlsx
KBE,BKU,0.907913,BANKUNITED INC,https://www.ssga.com/library-content/products/fund-data/etfs/us/holdings-daily-us-en-kbe.xlsx
KBE,WAL,0.906489,WESTERN ALLIANCE BANCORP,https://www.ssga.com/library-content/products/fund-data/etfs/us/holdings-daily-us-en-kbe.xlsx
KBE,BANC,0.891264,BANC OF CALIFORNIA INC,https://www.ssga.com/library-content/products/fund-data/etfs/us/holdings-daily-us-en-kbe.xlsx
KBE,IBOC,0.886818,INTERNATIONAL BANCSHARES CRP,https://www.ssga.com/library-content/products/fund-data/etfs/us/holdings-daily-us-en-kbe.xlsx
KBE,SYBT,0.882341,STOCK YARDS BANCORP INC,https://www.ssga.com/library-content/products/fund-data/etfs/us/holdings-daily-us-en-kbe.xlsx
KBE,FLG,0.874599,FLAGSTAR BANK NA,https://www.ssga.com/library-content/products/fund-data/etfs/us/holdings-daily-us-en-kbe.xlsx
KBE,OFG,0.872032,OFG BANCORP,https://www.ssga.com/library-content/products/fund-data/etfs/us/holdings-daily-us-en-kbe.xlsx
KBE,FHB,0.866947,FIRST HAWAIIAN INC,https://www.ssga.com/library-content/products/fund-data/etfs/us/holdings-daily-us-en-kbe.xlsx
KBE,PFSI,0.862796,PENNYMAC FINANCIAL SERVICES,https://www.ssga.com/library-content/products/fund-data/etfs/us/holdings-daily-us-en-kbe.xlsx
KBE,FBNC,0.85588,FIRST BANCORP/NC,https://www.ssga.com/library-content/products/fund-data/etfs/us/holdings-daily-us-en-kbe.xlsx
KBE,NBTB,0.847553,N B T BANCORP INC,https://www.ssga.com/library-content/products/fund-data/etfs/us/holdings-daily-us-en-kbe.xlsx
KBE,HTH,0.83443,HILLTOP HOLDINGS INC,https://www.ssga.com/library-content/products/fund-data/etfs/us/holdings-daily-us-en-kbe.xlsx
KBE,WD,0.762368,WALKER + DUNLOP INC,https://www.ssga.com/library-content/products/fund-data/etfs/us/holdings-daily-us-en-kbe.xlsx
KBE,LKFN,0.62962,LAKELAND FINANCIAL CORP,https://www.ssga.com/library-content/products/fund-data/etfs/us/holdings-daily-us-en-kbe.xlsx
KBE,-,0.139514,SSI US GOV MONEY MARKET CLASS,https://www.ssga.com/library-content/products/fund-data/etfs/us/holdings-daily-us-en-kbe.xlsx
KIE,BWIN,2.711638,BALDWIN INSURANCE GROUP INC/,https://www.ssga.com/library-content/products/fund-data/etfs/us/holdings-daily-us-en-kie.xlsx
KIE,WTW,2.230842,WILLIS TOWERS WATSON PLC,https://www.ssga.com/library-content/products/fund-data/etfs/us/holdings-daily-us-en-kie.xlsx
KIE,RYAN,2.166416,RYAN SPECIALTY HOLDINGS INC,https://www.ssga.com/library-content/products/fund-data/etfs/us/holdings-daily-us-en-kie.xlsx
KIE,TRV,2.088552,TRAVELERS COS INC/THE,https://www.ssga.com/library-content/products/fund-data/etfs/us/holdings-daily-us-en-kie.xlsx
KIE,BRO,2.083875,BROWN + BROWN INC,https://www.ssga.com/library-content/products/fund-data/etfs/us/holdings-daily-us-en-kie.xlsx
KIE,AJG,2.08046,ARTHUR J GALLAGHER + CO,https://www.ssga.com/library-content/products/fund-data/etfs/us/holdings-daily-us-en-kie.xlsx
KIE,KNSL,2.077356,KINSALE CAPITAL GROUP INC,https://www.ssga.com/library-content/products/fund-data/etfs/us/holdings-daily-us-en-kie.xlsx
KIE,LNC,2.046846,LINCOLN NATIONAL CORP,https://www.ssga.com/library-content/products/fund-data/etfs/us/holdings-daily-us-en-kie.xlsx
KIE,RGA,2.046648,REINSURANCE GROUP OF AMERICA,https://www.ssga.com/library-content/products/fund-data/etfs/us/holdings-daily-us-en-kie.xlsx
KIE,SKWD,2.038897,SKYWARD SPECIALTY INSURANCE,https://www.ssga.com/library-content/products/fund-data/etfs/us/holdings-daily-us-en-kie.xlsx
KIE,RLI,2.035523,RLI CORP,https://www.ssga.com/library-content/products/fund-data/etfs/us/holdings-daily-us-en-kie.xlsx
KIE,ALL,1.988034,ALLSTATE CORP,https://www.ssga.com/library-content/products/fund-data/etfs/us/holdings-daily-us-en-kie.xlsx
KIE,PLMR,1.98711,PALOMAR HOLDINGS INC,https://www.ssga.com/library-content/products/fund-data/etfs/us/holdings-daily-us-en-kie.xlsx
KIE,THG,1.975184,HANOVER INSURANCE GROUP INC/,https://www.ssga.com/library-content/products/fund-data/etfs/us/holdings-daily-us-en-kie.xlsx
KIE,MRSH,1.97292,MARSH + MCLENNAN COS,https://www.ssga.com/library-content/products/fund-data/etfs/us/holdings-daily-us-en-kie.xlsx
KIE,PRU,1.949923,PRUDENTIAL FINANCIAL INC,https://www.ssga.com/library-content/products/fund-data/etfs/us/holdings-daily-us-en-kie.xlsx
KIE,KMPR,1.932633,KEMPER CORP,https://www.ssga.com/library-content/products/fund-data/etfs/us/holdings-daily-us-en-kie.xlsx
KIE,FAF,1.928006,FIRST AMERICAN FINANCIAL,https://www.ssga.com/library-content/products/fund-data/etfs/us/holdings-daily-us-en-kie.xlsx
KIE,ERIE,1.920844,ERIE INDEMNITY COMPANY CL A,https://www.ssga.com/library-content/products/fund-data/etfs/us/holdings-daily-us-en-kie.xlsx
KIE,EG,1.919647,EVEREST GROUP LTD,https://www.ssga.com/library-content/products/fund-data/etfs/us/holdings-daily-us-en-kie.xlsx
KIE,MET,1.918351,METLIFE INC,https://www.ssga.com/library-content/products/fund-data/etfs/us/holdings-daily-us-en-kie.xlsx
KIE,RNR,1.913376,RENAISSANCERE HOLDINGS LTD,https://www.ssga.com/library-content/products/fund-data/etfs/us/holdings-daily-us-en-kie.xlsx
KIE,GNW,1.911733,GENWORTH FINANCIAL INC,https://www.ssga.com/library-content/products/fund-data/etfs/us/holdings-daily-us-en-kie.xlsx
KIE,CNO,1.908428,CNO FINANCIAL GROUP INC,https://www.ssga.com/library-content/products/fund-data/etfs/us/holdings-daily-us-en-kie.xlsx
KIE,AIZ,1.892692,ASSURANT INC,https://www.ssga.com/library-content/products/fund-data/etfs/us/holdings-daily-us-en-kie.xlsx
KIE,ORI,1.874059,OLD REPUBLIC INTL CORP,https://www.ssga.com/library-content/products/fund-data/etfs/us/holdings-daily-us-en-kie.xlsx
KIE,OSCR,1.873192,OSCAR HEALTH INC   CLASS A,https://www.ssga.com/library-content/products/fund-data/etfs/us/holdings-daily-us-en-kie.xlsx
KIE,AFG,1.85727,AMERICAN FINANCIAL GROUP INC,https://www.ssga.com/library-content/products/fund-data/etfs/us/holdings-daily-us-en-kie.xlsx
KIE,ACGL,1.8515,ARCH CAPITAL GROUP LTD,https://www.ssga.com/library-content/products/fund-data/etfs/us/holdings-daily-us-en-kie.xlsx
KIE,HIG,1.834981,HARTFORD INSURANCE GROUP INC,https://www.ssga.com/library-content/products/fund-data/etfs/us/holdings-daily-us-en-kie.xlsx
KIE,PGR,1.832045,PROGRESSIVE CORP,https://www.ssga.com/library-content/products/fund-data/etfs/us/holdings-daily-us-en-kie.xlsx
KIE,GL,1.819213,GLOBE LIFE INC,https://www.ssga.com/library-content/products/fund-data/etfs/us/holdings-daily-us-en-kie.xlsx
KIE,WTM,1.812397,WHITE MOUNTAINS INSURANCE GP,https://www.ssga.com/library-content/products/fund-data/etfs/us/holdings-daily-us-en-kie.xlsx
KIE,AON,1.808788,AON PLC CLASS A,https://www.ssga.com/library-content/products/fund-data/etfs/us/holdings-daily-us-en-kie.xlsx
KIE,PRI,1.797437,PRIMERICA INC,https://www.ssga.com/library-content/products/fund-data/etfs/us/holdings-daily-us-en-kie.xlsx
KIE,SPNT,1.779892,SIRIUSPOINT LTD,https://www.ssga.com/library-content/products/fund-data/etfs/us/holdings-daily-us-en-kie.xlsx
KIE,CINF,1.768198,CINCINNATI FINANCIAL CORP,https://www.ssga.com/library-content/products/fund-data/etfs/us/holdings-daily-us-en-kie.xlsx
KIE,CB,1.759794,CHUBB LTD,https://www.ssga.com/library-content/products/fund-data/etfs/us/holdings-daily-us-en-kie.xlsx
KIE,AIG,1.757529,AMERICAN INTERNATIONAL GROUP,https://www.ssga.com/library-content/products/fund-data/etfs/us/holdings-daily-us-en-kie.xlsx
KIE,UNM,1.756805,UNUM GROUP,https://www.ssga.com/library-content/products/fund-data/etfs/us/holdings-daily-us-en-kie.xlsx
KIE,PFG,1.746818,PRINCIPAL FINANCIAL GROUP,https://www.ssga.com/library-content/products/fund-data/etfs/us/holdings-daily-us-en-kie.xlsx
KIE,L,1.73845,LOEWS CORP,https://www.ssga.com/library-content/products/fund-data/etfs/us/holdings-daily-us-en-kie.xlsx
KIE,MCY,1.737367,MERCURY GENERAL CORP,https://www.ssga.com/library-content/products/fund-data/etfs/us/holdings-daily-us-en-kie.xlsx
KIE,SIGI,1.731957,SELECTIVE INSURANCE GROUP,https://www.ssga.com/library-content/products/fund-data/etfs/us/holdings-daily-us-en-kie.xlsx
KIE,WRB,1.719576,WR BERKLEY CORP,https://www.ssga.com/library-content/products/fund-data/etfs/us/holdings-daily-us-en-kie.xlsx
KIE,MKL,1.710767,MARKEL GROUP INC,https://www.ssga.com/library-content/products/fund-data/etfs/us/holdings-daily-us-en-kie.xlsx
KIE,FNF,1.710416,FIDELITY NATIONAL FINANCIAL,https://www.ssga.com/library-content/products/fund-data/etfs/us/holdings-daily-us-en-kie.xlsx
KIE,AXS,1.706077,AXIS CAPITAL HOLDINGS LTD,https://www.ssga.com/library-content/products/fund-data/etfs/us/holdings-daily-us-en-kie.xlsx
KIE,AFL,1.701766,AFLAC INC,https://www.ssga.com/library-content/products/fund-data/etfs/us/holdings-daily-us-en-kie.xlsx
KIE,AGO,1.700647,ASSURED GUARANTY LTD,https://www.ssga.com/library-content/products/fund-data/etfs/us/holdings-daily-us-en-kie.xlsx
KIE,STC,1.668153,STEWART INFORMATION SERVICES,https://www.ssga.com/library-content/products/fund-data/etfs/us/holdings-daily-us-en-kie.xlsx
KIE,LMND,1.621706,LEMONADE INC,https://www.ssga.com/library-content/products/fund-data/etfs/us/holdings-daily-us-en-kie.xlsx
KIE,BHF,1.439448,BRIGHTHOUSE FINANCIAL INC,https://www.ssga.com/library-content/products/fund-data/etfs/us/holdings-daily-us-en-kie.xlsx
KIE,-,0.049659,SSI US GOV MONEY MARKET CLASS,https://www.ssga.com/library-content/products/fund-data/etfs/us/holdings-daily-us-en-kie.xlsx
KRE,CFR,1.446983,CULLEN/FROST BANKERS INC,https://www.ssga.com/library-content/products/fund-data/etfs/us/holdings-daily-us-en-kre.xlsx
KRE,SSB,1.426654,SOUTHSTATE BANK CORP,https://www.ssga.com/library-content/products/fund-data/etfs/us/holdings-daily-us-en-kre.xlsx
KRE,UMBF,1.425813,UMB FINANCIAL CORP,https://www.ssga.com/library-content/products/fund-data/etfs/us/holdings-daily-us-en-kre.xlsx
KRE,BPOP,1.414753,POPULAR INC,https://www.ssga.com/library-content/products/fund-data/etfs/us/holdings-daily-us-en-kre.xlsx
KRE,PNFP,1.412805,PINNACLE FINANCIAL PARTNERS,https://www.ssga.com/library-content/products/fund-data/etfs/us/holdings-daily-us-en-kre.xlsx
KRE,ASB,1.405947,ASSOCIATED BANC CORP,https://www.ssga.com/library-content/products/fund-data/etfs/us/holdings-daily-us-en-kre.xlsx
KRE,CFG,1.396596,CITIZENS FINANCIAL GROUP,https://www.ssga.com/library-content/products/fund-data/etfs/us/holdings-daily-us-en-kre.xlsx
KRE,HOMB,1.396154,HOME BANCSHARES INC,https://www.ssga.com/library-content/products/fund-data/etfs/us/holdings-daily-us-en-kre.xlsx
KRE,CBSH,1.384394,COMMERCE BANCSHARES INC,https://www.ssga.com/library-content/products/fund-data/etfs/us/holdings-daily-us-en-kre.xlsx
KRE,RF,1.381077,REGIONS FINANCIAL CORP,https://www.ssga.com/library-content/products/fund-data/etfs/us/holdings-daily-us-en-kre.xlsx
KRE,ONB,1.380419,OLD NATIONAL BANCORP,https://www.ssga.com/library-content/products/fund-data/etfs/us/holdings-daily-us-en-kre.xlsx
KRE,UBSI,1.380207,UNITED BANKSHARES INC,https://www.ssga.com/library-content/products/fund-data/etfs/us/holdings-daily-us-en-kre.xlsx
KRE,MTB,1.379236,M + T BANK CORP,https://www.ssga.com/library-content/products/fund-data/etfs/us/holdings-daily-us-en-kre.xlsx
KRE,HWC,1.379103,HANCOCK WHITNEY CORP,https://www.ssga.com/library-content/products/fund-data/etfs/us/holdings-daily-us-en-kre.xlsx
KRE,BOKF,1.359505,BOK FINANCIAL CORPORATION,https://www.ssga.com/library-content/products/fund-data/etfs/us/holdings-daily-us-en-kre.xlsx
KRE,FULT,1.356113,FULTON FINANCIAL CORP,https://www.ssga.com/library-content/products/fund-data/etfs/us/holdings-daily-us-en-kre.xlsx
KRE,AUB,1.352618,ATLANTIC UNION BANKSHARES CO,https://www.ssga.com/library-content/products/fund-data/etfs/us/holdings-daily-us-en-kre.xlsx
KRE,ZION,1.340136,ZIONS BANCORP NA,https://www.ssga.com/library-content/products/fund-data/etfs/us/holdings-daily-us-en-kre.xlsx
KRE,EBC,1.333353,EASTERN BANKSHARES INC,https://www.ssga.com/library-content/products/fund-data/etfs/us/holdings-daily-us-en-kre.xlsx
KRE,FIBK,1.330819,FIRST INTERSTATE BANCSYS A,https://www.ssga.com/library-content/products/fund-data/etfs/us/holdings-daily-us-en-kre.xlsx
KRE,PB,1.323302,PROSPERITY BANCSHARES INC,https://www.ssga.com/library-content/products/fund-data/etfs/us/holdings-daily-us-en-kre.xlsx
KRE,FNB,1.322963,FNB CORP,https://www.ssga.com/library-content/products/fund-data/etfs/us/holdings-daily-us-en-kre.xlsx
KRE,TFC,1.318927,TRUIST FINANCIAL CORP,https://www.ssga.com/library-content/products/fund-data/etfs/us/holdings-daily-us-en-kre.xlsx
KRE,EWBC,1.315,EAST WEST BANCORP INC,https://www.ssga.com/library-content/products/fund-data/etfs/us/holdings-daily-us-en-kre.xlsx
KRE,HBAN,1.307579,HUNTINGTON BANCSHARES INC,https://www.ssga.com/library-content/products/fund-data/etfs/us/holdings-daily-us-en-kre.xlsx
KRE,FHN,1.297692,FIRST HORIZON CORP,https://www.ssga.com/library-content/products/fund-data/etfs/us/holdings-daily-us-en-kre.xlsx
KRE,COLB,1.290713,COLUMBIA BANKING SYSTEM INC,https://www.ssga.com/library-content/products/fund-data/etfs/us/holdings-daily-us-en-kre.xlsx
KRE,WTFC,1.287146,WINTRUST FINANCIAL CORP,https://www.ssga.com/library-content/products/fund-data/etfs/us/holdings-daily-us-en-kre.xlsx
KRE,ABCB,1.286794,AMERIS BANCORP,https://www.ssga.com/library-content/products/fund-data/etfs/us/holdings-daily-us-en-kre.xlsx
KRE,TCBI,1.281341,TEXAS CAPITAL BANCSHARES INC,https://www.ssga.com/library-content/products/fund-data/etfs/us/holdings-daily-us-en-kre.xlsx
KRE,VLY,1.279371,VALLEY NATIONAL BANCORP,https://www.ssga.com/library-content/products/fund-data/etfs/us/holdings-daily-us-en-kre.xlsx
KRE,GBCI,1.273905,GLACIER BANCORP INC,https://www.ssga.com/library-content/products/fund-data/etfs/us/holdings-daily-us-en-kre.xlsx
KRE,OZK,1.259607,BANK OZK,https://www.ssga.com/library-content/products/fund-data/etfs/us/holdings-daily-us-en-kre.xlsx
KRE,WAL,1.252915,WESTERN ALLIANCE BANCORP,https://www.ssga.com/library-content/products/fund-data/etfs/us/holdings-daily-us-en-kre.xlsx
KRE,BANC,1.231853,BANC OF CALIFORNIA INC,https://www.ssga.com/library-content/products/fund-data/etfs/us/holdings-daily-us-en-kre.xlsx
KRE,AX,1.217432,AXOS FINANCIAL INC,https://www.ssga.com/library-content/products/fund-data/etfs/us/holdings-daily-us-en-kre.xlsx
KRE,FLG,1.208811,FLAGSTAR BANK NA,https://www.ssga.com/library-content/products/fund-data/etfs/us/holdings-daily-us-en-kre.xlsx
KRE,FHB,1.198238,FIRST HAWAIIAN INC,https://www.ssga.com/library-content/products/fund-data/etfs/us/holdings-daily-us-en-kre.xlsx
KRE,BKU,1.183932,BANKUNITED INC,https://www.ssga.com/library-content/products/fund-data/etfs/us/holdings-daily-us-en-kre.xlsx
KRE,FBP,1.149999,FIRST BANCORP PUERTO RICO,https://www.ssga.com/library-content/products/fund-data/etfs/us/holdings-daily-us-en-kre.xlsx
KRE,CVBF,1.117634,CVB FINANCIAL CORP,https://www.ssga.com/library-content/products/fund-data/etfs/us/holdings-daily-us-en-kre.xlsx
KRE,TBBK,1.049399,BANCORP INC/THE,https://www.ssga.com/library-content/products/fund-data/etfs/us/holdings-daily-us-en-kre.xlsx
KRE,BOH,1.030125,BANK OF HAWAII CORP,https://www.ssga.com/library-content/products/fund-data/etfs/us/holdings-daily-us-en-kre.xlsx
KRE,NIC,0.991572,NICOLET BANKSHARES INC,https://www.ssga.com/library-content/products/fund-data/etfs/us/holdings-daily-us-en-kre.xlsx
KRE,WSFS,0.984662,WSFS FINANCIAL CORP,https://www.ssga.com/library-content/products/fund-data/etfs/us/holdings-daily-us-en-kre.xlsx
KRE,UCB,0.939477,UNITED COMMUNITY BANKS/GA,https://www.ssga.com/library-content/products/fund-data/etfs/us/holdings-daily-us-en-kre.xlsx
KRE,CUBI,0.925962,CUSTOMERS BANCORP INC,https://www.ssga.com/library-content/products/fund-data/etfs/us/holdings-daily-us-en-kre.xlsx
KRE,RNST,0.895113,RENASANT CORP,https://www.ssga.com/library-content/products/fund-data/etfs/us/holdings-daily-us-en-kre.xlsx
KRE,INDB,0.891988,INDEPENDENT BANK CORP/MA,https://www.ssga.com/library-content/products/fund-data/etfs/us/holdings-daily-us-en-kre.xlsx
KRE,SBCF,0.873426,SEACOAST BANKING CORP/FL,https://www.ssga.com/library-content/products/fund-data/etfs/us/holdings-daily-us-en-kre.xlsx
KRE,SFNC,0.830183,SIMMONS FIRST NATL CORP CL A,https://www.ssga.com/library-content/products/fund-data/etfs/us/holdings-daily-us-en-kre.xlsx
KRE,WSBC,0.823505,WESBANCO INC,https://www.ssga.com/library-content/products/fund-data/etfs/us/holdings-daily-us-en-kre.xlsx
KRE,FFIN,0.819571,FIRST FINL BANKSHARES INC,https://www.ssga.com/library-content/products/fund-data/etfs/us/holdings-daily-us-en-kre.xlsx
KRE,BBT,0.809124,BEACON FINANCIAL CORP,https://www.ssga.com/library-content/products/fund-data/etfs/us/holdings-daily-us-en-kre.xlsx
KRE,FFBC,0.805108,FIRST FINANCIAL BANCORP,https://www.ssga.com/library-content/products/fund-data/etfs/us/holdings-daily-us-en-kre.xlsx
KRE,SFBS,0.773314,SERVISFIRST BANCSHARES INC,https://www.ssga.com/library-content/products/fund-data/etfs/us/holdings-daily-us-en-kre.xlsx
KRE,CATY,0.771045,CATHAY GENERAL BANCORP,https://www.ssga.com/library-content/products/fund-data/etfs/us/holdings-daily-us-en-kre.xlsx
KRE,PFS,0.755514,PROVIDENT FINANCIAL SERVICES,https://www.ssga.com/library-content/products/fund-data/etfs/us/holdings-daily-us-en-kre.xlsx
KRE,IBOC,0.745339,INTERNATIONAL BANCSHARES CRP,https://www.ssga.com/library-content/products/fund-data/etfs/us/holdings-daily-us-en-kre.xlsx
KRE,WAFD,0.710934,WAFD INC,https://www.ssga.com/library-content/products/fund-data/etfs/us/holdings-daily-us-en-kre.xlsx
KRE,TOWN,0.658169,TOWNE BANK,https://www.ssga.com/library-content/products/fund-data/etfs/us/holdings-daily-us-en-kre.xlsx
KRE,BANR,0.606708,BANNER CORPORATION,https://www.ssga.com/library-content/products/fund-data/etfs/us/holdings-daily-us-en-kre.xlsx
KRE,FBK,0.594326,FB FINANCIAL CORP,https://www.ssga.com/library-content/products/fund-data/etfs/us/holdings-daily-us-en-kre.xlsx
KRE,CBC,0.590306,CENTRAL BANCOMPANY,https://www.ssga.com/library-content/products/fund-data/etfs/us/holdings-daily-us-en-kre.xlsx
KRE,TRMK,0.582553,TRUSTMARK CORP,https://www.ssga.com/library-content/products/fund-data/etfs/us/holdings-daily-us-en-kre.xlsx
KRE,BUSE,0.570052,FIRST BUSEY CORP,https://www.ssga.com/library-content/products/fund-data/etfs/us/holdings-daily-us-en-kre.xlsx
KRE,TFIN,0.555469,TRIUMPH FINANCIAL INC,https://www.ssga.com/library-content/products/fund-data/etfs/us/holdings-daily-us-en-kre.xlsx
KRE,PRK,0.55039,PARK NATIONAL CORP,https://www.ssga.com/library-content/products/fund-data/etfs/us/holdings-daily-us-en-kre.xlsx
KRE,NWBI,0.548573,NORTHWEST BANCSHARES INC,https://www.ssga.com/library-content/products/fund-data/etfs/us/holdings-daily-us-en-kre.xlsx
KRE,EFSC,0.528862,ENTERPRISE FINANCIAL SERVICE,https://www.ssga.com/library-content/products/fund-data/etfs/us/holdings-daily-us-en-kre.xlsx
KRE,CHCO,0.523338,CITY HOLDING CO,https://www.ssga.com/library-content/products/fund-data/etfs/us/holdings-daily-us-en-kre.xlsx
KRE,FRME,0.520475,FIRST MERCHANTS CORP,https://www.ssga.com/library-content/products/fund-data/etfs/us/holdings-daily-us-en-kre.xlsx
KRE,NBHC,0.515318,NATIONAL BANK HOLD CL A,https://www.ssga.com/library-content/products/fund-data/etfs/us/holdings-daily-us-en-kre.xlsx
KRE,FCF,0.507334,FIRST COMMONWEALTH FINL CORP,https://www.ssga.com/library-content/products/fund-data/etfs/us/holdings-daily-us-en-kre.xlsx
KRE,CBU,0.487783,COMMUNITY FINANCIAL SYSTEM I,https://www.ssga.com/library-content/products/fund-data/etfs/us/holdings-daily-us-en-kre.xlsx
KRE,BANF,0.485387,BANCFIRST CORP,https://www.ssga.com/library-content/products/fund-data/etfs/us/holdings-daily-us-en-kre.xlsx
KRE,BFC,0.474887,BANK FIRST CORP,https://www.ssga.com/library-content/products/fund-data/etfs/us/holdings-daily-us-en-kre.xlsx
KRE,NBN,0.455196,NORTHEAST BANK,https://www.ssga.com/library-content/products/fund-data/etfs/us/holdings-daily-us-en-kre.xlsx
KRE,SYBT,0.450223,STOCK YARDS BANCORP INC,https://www.ssga.com/library-content/products/fund-data/etfs/us/holdings-daily-us-en-kre.xlsx
KRE,OFG,0.445015,OFG BANCORP,https://www.ssga.com/library-content/products/fund-data/etfs/us/holdings-daily-us-en-kre.xlsx
KRE,OCFC,0.439669,OCEANFIRST FINANCIAL CORP,https://www.ssga.com/library-content/products/fund-data/etfs/us/holdings-daily-us-en-kre.xlsx
KRE,FBNC,0.43676,FIRST BANCORP/NC,https://www.ssga.com/library-content/products/fund-data/etfs/us/holdings-daily-us-en-kre.xlsx
KRE,TFSL,0.435326,TFS FINANCIAL CORP,https://www.ssga.com/library-content/products/fund-data/etfs/us/holdings-daily-us-en-kre.xlsx
KRE,NBTB,0.432452,N B T BANCORP INC,https://www.ssga.com/library-content/products/fund-data/etfs/us/holdings-daily-us-en-kre.xlsx
KRE,HTH,0.4258,HILLTOP HOLDINGS INC,https://www.ssga.com/library-content/products/fund-data/etfs/us/holdings-daily-us-en-kre.xlsx
KRE,ESQ,0.395733,ESQUIRE FINANCIAL HOLDINGS I,https://www.ssga.com/library-content/products/fund-data/etfs/us/holdings-daily-us-en-kre.xlsx
KRE,STBA,0.390323,S + T BANCORP INC,https://www.ssga.com/library-content/products/fund-data/etfs/us/holdings-daily-us-en-kre.xlsx
KRE,HOPE,0.388064,HOPE BANCORP INC,https://www.ssga.com/library-content/products/fund-data/etfs/us/holdings-daily-us-en-kre.xlsx
KRE,MCB,0.386448,METROPOLITAN BANK HOLDING CO,https://www.ssga.com/library-content/products/fund-data/etfs/us/holdings-daily-us-en-kre.xlsx
KRE,SRCE,0.379447,1ST SOURCE CORP,https://www.ssga.com/library-content/products/fund-data/etfs/us/holdings-daily-us-en-kre.xlsx
KRE,PFBC,0.367176,PREFERRED BANK/LOS ANGELES,https://www.ssga.com/library-content/products/fund-data/etfs/us/holdings-daily-us-en-kre.xlsx
KRE,WABC,0.358072,WESTAMERICA BANCORPORATION,https://www.ssga.com/library-content/products/fund-data/etfs/us/holdings-daily-us-en-kre.xlsx
KRE,DCOM,0.343237,DIME COMMERCIAL BANCSHARES I,https://www.ssga.com/library-content/products/fund-data/etfs/us/holdings-daily-us-en-kre.xlsx
KRE,QCRH,0.325238,QCR HOLDINGS INC,https://www.ssga.com/library-content/products/fund-data/etfs/us/holdings-daily-us-en-kre.xlsx
KRE,LKFN,0.321227,LAKELAND FINANCIAL CORP,https://www.ssga.com/library-content/products/fund-data/etfs/us/holdings-daily-us-en-kre.xlsx
KRE,HIFS,0.315174,HINGHAM INSTITUTION FOR SVGS,https://www.ssga.com/library-content/products/fund-data/etfs/us/holdings-daily-us-en-kre.xlsx
KRE,OSBC,0.312978,OLD SECOND BANCORP INC,https://www.ssga.com/library-content/products/fund-data/etfs/us/holdings-daily-us-en-kre.xlsx
KRE,CNOB,0.311244,CONNECTONE BANCORP INC,https://www.ssga.com/library-content/products/fund-data/etfs/us/holdings-daily-us-en-kre.xlsx
KRE,LOB,0.30806,LIVE OAK BANCSHARES INC,https://www.ssga.com/library-content/products/fund-data/etfs/us/holdings-daily-us-en-kre.xlsx
KRE,OBK,0.301103,ORIGIN BANCORP INC,https://www.ssga.com/library-content/products/fund-data/etfs/us/holdings-daily-us-en-kre.xlsx
KRE,BHRB,0.280524,BURKE + HERBERT FINANCIAL SE,https://www.ssga.com/library-content/products/fund-data/etfs/us/holdings-daily-us-en-kre.xlsx
KRE,PEBO,0.278059,PEOPLES BANCORP INC,https://www.ssga.com/library-content/products/fund-data/etfs/us/holdings-daily-us-en-kre.xlsx
KRE,FSUN,0.274699,FIRSTSUN CAPITAL BANCORP,https://www.ssga.com/library-content/products/fund-data/etfs/us/holdings-daily-us-en-kre.xlsx
KRE,CCB,0.266994,COASTAL FINANCIAL CORP/WA,https://www.ssga.com/library-content/products/fund-data/etfs/us/holdings-daily-us-en-kre.xlsx
KRE,CARE,0.258721,CARTER BANKSHARES INC,https://www.ssga.com/library-content/products/fund-data/etfs/us/holdings-daily-us-en-kre.xlsx
KRE,CFFN,0.248194,CAPITOL FEDERAL FINANCIAL IN,https://www.ssga.com/library-content/products/fund-data/etfs/us/holdings-daily-us-en-kre.xlsx
KRE,HFWA,0.24237,HERITAGE FINANCIAL CORP,https://www.ssga.com/library-content/products/fund-data/etfs/us/holdings-daily-us-en-kre.xlsx
KRE,EGBN,0.241789,EAGLE BANCORP INC,https://www.ssga.com/library-content/products/fund-data/etfs/us/holdings-daily-us-en-kre.xlsx
KRE,HBCP,0.241545,HOME BANCORP INC,https://www.ssga.com/library-content/products/fund-data/etfs/us/holdings-daily-us-en-kre.xlsx
KRE,AMTB,0.237819,AMERANT BANCORP INC,https://www.ssga.com/library-content/products/fund-data/etfs/us/holdings-daily-us-en-kre.xlsx
KRE,MCHB,0.237417,MECHANICS BANCORP A,https://www.ssga.com/library-content/products/fund-data/etfs/us/holdings-daily-us-en-kre.xlsx
KRE,SFST,0.237143,SOUTHERN FIRST BANCSHARES,https://www.ssga.com/library-content/products/fund-data/etfs/us/holdings-daily-us-en-kre.xlsx
KRE,WASH,0.236741,WASHINGTON TRUST BANCORP,https://www.ssga.com/library-content/products/fund-data/etfs/us/holdings-daily-us-en-kre.xlsx
KRE,CLBK,0.236436,COLUMBIA FINANCIAL INC,https://www.ssga.com/library-content/products/fund-data/etfs/us/holdings-daily-us-en-kre.xlsx
KRE,HAFC,0.2361,HANMI FINANCIAL CORPORATION,https://www.ssga.com/library-content/products/fund-data/etfs/us/holdings-daily-us-en-kre.xlsx
KRE,TCBK,0.233578,TRICO BANCSHARES,https://www.ssga.com/library-content/products/fund-data/etfs/us/holdings-daily-us-en-kre.xlsx
KRE,RRBI,0.229343,RED RIVER BANCSHARES INC,https://www.ssga.com/library-content/products/fund-data/etfs/us/holdings-daily-us-en-kre.xlsx
KRE,UVSP,0.224586,UNIVEST FINANCIAL CORP,https://www.ssga.com/library-content/products/fund-data/etfs/us/holdings-daily-us-en-kre.xlsx
KRE,MBWM,0.221332,MERCANTILE BANK CORP,https://www.ssga.com/library-content/products/fund-data/etfs/us/holdings-daily-us-en-kre.xlsx
KRE,NBBK,0.219521,NB BANCORP INC,https://www.ssga.com/library-content/products/fund-data/etfs/us/holdings-daily-us-en-kre.xlsx
KRE,CTBI,0.216926,COMMUNITY TRUST BANCORP INC,https://www.ssga.com/library-content/products/fund-data/etfs/us/holdings-daily-us-en-kre.xlsx
KRE,RBCAA,0.215119,REPUBLIC BANCORP INC CLASS A,https://www.ssga.com/library-content/products/fund-data/etfs/us/holdings-daily-us-en-kre.xlsx
KRE,BY,0.213187,BYLINE BANCORP INC,https://www.ssga.com/library-content/products/fund-data/etfs/us/holdings-daily-us-en-kre.xlsx
KRE,GSBC,0.213018,GREAT SOUTHERN BANCORP INC,https://www.ssga.com/library-content/products/fund-data/etfs/us/holdings-daily-us-en-kre.xlsx
KRE,AMAL,0.208562,AMALGAMATED FINANCIAL CORP,https://www.ssga.com/library-content/products/fund-data/etfs/us/holdings-daily-us-en-kre.xlsx
KRE,HBNC,0.203186,HORIZON BANCORP INC/IN,https://www.ssga.com/library-content/products/fund-data/etfs/us/holdings-daily-us-en-kre.xlsx
KRE,IBCP,0.20199,INDEPENDENT BANK CORP   MICH,https://www.ssga.com/library-content/products/fund-data/etfs/us/holdings-daily-us-en-kre.xlsx
KRE,TRST,0.190048,TRUSTCO BANK CORP NY,https://www.ssga.com/library-content/products/fund-data/etfs/us/holdings-daily-us-en-kre.xlsx
KRE,THFF,0.189059,FIRST FINANCIAL CORP,https://www.ssga.com/library-content/products/fund-data/etfs/us/holdings-daily-us-en-kre.xlsx
KRE,SMBC,0.188297,SOUTHERN MISSOURI BANCORP,https://www.ssga.com/library-content/products/fund-data/etfs/us/holdings-daily-us-en-kre.xlsx
KRE,MPB,0.183646,MID PENN BANCORP INC,https://www.ssga.com/library-content/products/fund-data/etfs/us/holdings-daily-us-en-kre.xlsx
KRE,FMNB,0.18277,FARMERS NATL BANC CORP,https://www.ssga.com/library-content/products/fund-data/etfs/us/holdings-daily-us-en-kre.xlsx
KRE,TMP,0.180505,TOMPKINS FINANCIAL CORP,https://www.ssga.com/library-content/products/fund-data/etfs/us/holdings-daily-us-en-kre.xlsx
KRE,CAC,0.179809,CAMDEN NATIONAL CORP,https://www.ssga.com/library-content/products/fund-data/etfs/us/holdings-daily-us-en-kre.xlsx
KRE,BFST,0.179325,BUSINESS FIRST BANCSHARES,https://www.ssga.com/library-content/products/fund-data/etfs/us/holdings-daily-us-en-kre.xlsx
KRE,ORRF,0.173625,ORRSTOWN FINL SERVICES INC,https://www.ssga.com/library-content/products/fund-data/etfs/us/holdings-daily-us-en-kre.xlsx
KRE,EQBK,0.167389,EQUITY BANCSHARES INC   CL A,https://www.ssga.com/library-content/products/fund-data/etfs/us/holdings-daily-us-en-kre.xlsx
KRE,CPF,0.164642,CENTRAL PACIFIC FINANCIAL CO,https://www.ssga.com/library-content/products/fund-data/etfs/us/holdings-daily-us-en-kre.xlsx
KRE,CWBC,0.162254,COMMUNITY WEST BANCSHARES,https://www.ssga.com/library-content/products/fund-data/etfs/us/holdings-daily-us-en-kre.xlsx
KRE,SPFI,0.15766,SOUTH PLAINS FINANCIAL INC,https://www.ssga.com/library-content/products/fund-data/etfs/us/holdings-daily-us-en-kre.xlsx
KRE,SHBI,0.156735,SHORE BANCSHARES INC,https://www.ssga.com/library-content/products/fund-data/etfs/us/holdings-daily-us-en-kre.xlsx
KRE,PGC,0.155368,PEAPACK GLADSTONE FINL CORP,https://www.ssga.com/library-content/products/fund-data/etfs/us/holdings-daily-us-en-kre.xlsx
KRE,CCBG,0.147647,CAPITAL CITY BANK GROUP INC,https://www.ssga.com/library-content/products/fund-data/etfs/us/holdings-daily-us-en-kre.xlsx
KRE,CCNE,0.145532,CNB FINANCIAL CORP/PA,https://www.ssga.com/library-content/products/fund-data/etfs/us/holdings-daily-us-en-kre.xlsx
KRE,FISI,0.138531,FINANCIAL INSTITUTIONS INC,https://www.ssga.com/library-content/products/fund-data/etfs/us/holdings-daily-us-en-kre.xlsx
KRE,BHB,0.134186,BAR HARBOR BANKSHARES,https://www.ssga.com/library-content/products/fund-data/etfs/us/holdings-daily-us-en-kre.xlsx
KRE,MSBI,0.12331,MIDLAND STATES BANCORP INC,https://www.ssga.com/library-content/products/fund-data/etfs/us/holdings-daily-us-en-kre.xlsx
KRE,BCAL,0.121678,CALIFORNIA BANCORP,https://www.ssga.com/library-content/products/fund-data/etfs/us/holdings-daily-us-en-kre.xlsx
KRE,TCBX,0.120274,THIRD COAST BANCSHARES INC,https://www.ssga.com/library-content/products/fund-data/etfs/us/holdings-daily-us-en-kre.xlsx
KRE,NRIM,0.106987,NORTHRIM BANCORP INC,https://www.ssga.com/library-content/products/fund-data/etfs/us/holdings-daily-us-en-kre.xlsx
KRE,SMBK,0.106627,SMARTFINANCIAL INC,https://www.ssga.com/library-content/products/fund-data/etfs/us/holdings-daily-us-en-kre.xlsx
KRE,AROW,0.105972,ARROW FINANCIAL CORP,https://www.ssga.com/library-content/products/fund-data/etfs/us/holdings-daily-us-en-kre.xlsx
KRE,HTB,0.10334,HOMETRUST BANCSHARES INC,https://www.ssga.com/library-content/products/fund-data/etfs/us/holdings-daily-us-en-kre.xlsx
KRE,SBSI,0.099368,SOUTHSIDE BANCSHARES INC,https://www.ssga.com/library-content/products/fund-data/etfs/us/holdings-daily-us-en-kre.xlsx
KRE,KRNY,0.096528,KEARNY FINANCIAL CORP/MD,https://www.ssga.com/library-content/products/fund-data/etfs/us/holdings-daily-us-en-kre.xlsx
KRE,COFS,0.077807,CHOICEONE FINANCIAL SVCS INC,https://www.ssga.com/library-content/products/fund-data/etfs/us/holdings-daily-us-en-kre.xlsx
KRE,CIVB,0.068168,CIVISTA BANCSHARES INC,https://www.ssga.com/library-content/products/fund-data/etfs/us/holdings-daily-us-en-kre.xlsx
KRE,-,0.067964,SSI US GOV MONEY MARKET CLASS,https://www.ssga.com/library-content/products/fund-data/etfs/us/holdings-daily-us-en-kre.xlsx
SOXX,NVDA,9.33,NVIDIA,https://www.ishares.com/us/products/239705/ishares-phlx-semiconductor-etf/latest-holdings.csv
SOXX,MU,8.7,MICRON TECHNOLOGY,https://www.ishares.com/us/products/239705/ishares-phlx-semiconductor-etf/latest-holdings.csv
SOXX,AMD,8.17,ADVANCED MICRO DEVICES,https://www.ishares.com/us/products/239705/ishares-phlx-semiconductor-etf/latest-holdings.csv
SOXX,AVGO,7.48,BROADCOM INC,https://www.ishares.com/us/products/239705/ishares-phlx-semiconductor-etf/latest-holdings.csv
SOXX,INTC,5.11,INTEL CORPORATION,https://www.ishares.com/us/products/239705/ishares-phlx-semiconductor-etf/latest-holdings.csv
SOXX,MRVL,4.79,MARVELL TECHNOLOGY,https://www.ishares.com/us/products/239705/ishares-phlx-semiconductor-etf/latest-holdings.csv
SOXX,TSM,4.7,TAIWAN SEMICONDUCTOR MANUFACTURING,https://www.ishares.com/us/products/239705/ishares-phlx-semiconductor-etf/latest-holdings.csv
SOXX,AMAT,4.65,APPLIED MATERIAL INC,https://www.ishares.com/us/products/239705/ishares-phlx-semiconductor-etf/latest-holdings.csv
SOXX,LRCX,4.3,LAM RESEARCH,https://www.ishares.com/us/products/239705/ishares-phlx-semiconductor-etf/latest-holdings.csv
SOXX,KLAC,4.14,KLA,https://www.ishares.com/us/products/239705/ishares-phlx-semiconductor-etf/latest-holdings.csv
SOXX,ADI,3.96,ANALOG DEVICES,https://www.ishares.com/us/products/239705/ishares-phlx-semiconductor-etf/latest-holdings.csv
SOXX,TXN,3.83,TEXAS INSTRUMENT INC,https://www.ishares.com/us/products/239705/ishares-phlx-semiconductor-etf/latest-holdings.csv
SOXX,MPWR,3.35,MONOLITHIC POWER SYSTEMS INC,https://www.ishares.com/us/products/239705/ishares-phlx-semiconductor-etf/latest-holdings.csv
SOXX,NXPI,3.15,NXP SEMICONDUCTORS NV,https://www.ishares.com/us/products/239705/ishares-phlx-semiconductor-etf/latest-holdings.csv
SOXX,TER,3.11,TERADYNE,https://www.ishares.com/us/products/239705/ishares-phlx-semiconductor-etf/latest-holdings.csv
SOXX,QCOM,2.96,QUALCOMM,https://www.ishares.com/us/products/239705/ishares-phlx-semiconductor-etf/latest-holdings.csv
SOXX,ASML,2.48,ASML HOLDING ADR REPRESENTING,https://www.ishares.com/us/products/239705/ishares-phlx-semiconductor-etf/latest-holdings.csv
SOXX,ALAB,2.28,ASTERA LABS,https://www.ishares.com/us/products/239705/ishares-phlx-semiconductor-etf/latest-holdings.csv
SOXX,MCHP,2.18,MICROCHIP TECHNOLOGY INC,https://www.ishares.com/us/products/239705/ishares-phlx-semiconductor-etf/latest-holdings.csv
SOXX,CRDO,2.17,CREDO TECHNOLOGY GROUP HOLDING LTD,https://www.ishares.com/us/products/239705/ishares-phlx-semiconductor-etf/latest-holdings.csv
SOXX,ON,1.59,ON SEMICONDUCTOR CORP,https://www.ishares.com/us/products/239705/ishares-phlx-semiconductor-etf/latest-holdings.csv
SOXX,ASX,1.28,ASE TECHNOLOGY HOLDING ADR REPRESE,https://www.ishares.com/us/products/239705/ishares-phlx-semiconductor-etf/latest-holdings.csv
SOXX,ENTG,1.15,ENTEGRIS INC,https://www.ishares.com/us/products/239705/ishares-phlx-semiconductor-etf/latest-holdings.csv
SOXX,MTSI,1.03,MACOM TECHNOLOGY SOLUTIONS,https://www.ishares.com/us/products/239705/ishares-phlx-semiconductor-etf/latest-holdings.csv
SOXX,UMC,0.93,UNITED MICRO ELECTRONICS ADR REP,https://www.ishares.com/us/products/239705/ishares-phlx-semiconductor-etf/latest-holdings.csv
SOXX,ARM,0.67,ARM HOLDINGS AMERICAN DEPOSITARY S,https://www.ishares.com/us/products/239705/ishares-phlx-semiconductor-etf/latest-holdings.csv
SOXX,STM,0.66,STMICROELECTRONICS ADR,https://www.ishares.com/us/products/239705/ishares-phlx-semiconductor-etf/latest-holdings.csv
SOXX,NVMI,0.62,NOVA,https://www.ishares.com/us/products/239705/ishares-phlx-semiconductor-etf/latest-holdings.csv
SOXX,SWKS,0.56,SKYWORKS SOLUTIONS,https://www.ishares.com/us/products/239705/ishares-phlx-semiconductor-etf/latest-holdings.csv
SOXX,RMBS,0.52,RAMBUS,https://www.ishares.com/us/products/239705/ishares-phlx-semiconductor-etf/latest-holdings.csv
WOOD,SUZB3,7.85,SUZANO SA,https://www.ishares.com/us/products/239752/ishares-global-timber-forestry-etf/latest-holdings.csv
WOOD,WY,7.27,WEYERHAEUSER REIT,https://www.ishares.com/us/products/239752/ishares-global-timber-forestry-etf/latest-holdings.csv
WOOD,MNDI,6.95,MONDI PLC,https://www.ishares.com/us/products/239752/ishares-global-timber-forestry-etf/latest-holdings.csv
WOOD,SW,6.12,SMURFIT WESTROCK PLC,https://www.ishares.com/us/products/239752/ishares-global-timber-forestry-etf/latest-holdings.csv
WOOD,UPM,5.65,UPM-KYMMENE,https://www.ishares.com/us/products/239752/ishares-global-timber-forestry-etf/latest-holdings.csv
WOOD,2689,4.74,NINE DRAGONS PAPER HOLDINGS LTD,https://www.ishares.com/us/products/239752/ishares-global-timber-forestry-etf/latest-holdings.csv
WOOD,SCA B,4.68,SVENSKA CELLULOSA B,https://www.ishares.com/us/products/239752/ishares-global-timber-forestry-etf/latest-holdings.csv
WOOD,3861,4.64,OJI HOLDINGS,https://www.ishares.com/us/products/239752/ishares-global-timber-forestry-etf/latest-holdings.csv
WOOD,KLBN11,4.57,KLABIN UNITS SA,https://www.ishares.com/us/products/239752/ishares-global-timber-forestry-etf/latest-holdings.csv
WOOD,IP,4.49,INTERNATIONAL PAPER,https://www.ishares.com/us/products/239752/ishares-global-timber-forestry-etf/latest-holdings.csv
WOOD,STERV,4.46,STORA ENSO CLASS R,https://www.ishares.com/us/products/239752/ishares-global-timber-forestry-etf/latest-holdings.csv
WOOD,WFG,4.17,WEST FRASER TIMBER,https://www.ishares.com/us/products/239752/ishares-global-timber-forestry-etf/latest-holdings.csv
WOOD,HOLM B,4.06,HOLMEN CLASS B,https://www.ishares.com/us/products/239752/ishares-global-timber-forestry-etf/latest-holdings.csv
WOOD,SLVM,3.83,SYLVAMO CORP,https://www.ishares.com/us/products/239752/ishares-global-timber-forestry-etf/latest-holdings.csv
WOOD,1911,3.74,SUMITOMO FORESTRY,https://www.ishares.com/us/products/239752/ishares-global-timber-forestry-etf/latest-holdings.csv
WOOD,RYN,3.63,RAYONIER REIT,https://www.ishares.com/us/products/239752/ishares-global-timber-forestry-etf/latest-holdings.csv
WOOD,3863,3.52,NIPPON PAPER INDUSTRIES,https://www.ishares.com/us/products/239752/ishares-global-timber-forestry-etf/latest-holdings.csv
WOOD,SCGP.R,2.73,SCG PACKAGING PCL NON-VOTING DR,https://www.ishares.com/us/products/239752/ishares-global-timber-forestry-etf/latest-holdings.csv
WOOD,INKP,2.3,INDAH KIAT PULP & PAPER,https://www.ishares.com/us/products/239752/ishares-global-timber-forestry-etf/latest-holdings.csv
WOOD,BILL,2.01,BILLERUD KORSNAS,https://www.ishares.com/us/products/239752/ishares-global-timber-forestry-etf/latest-holdings.csv
WOOD,CMPC,1.96,EMPRESAS CMPC SA,https://www.ishares.com/us/products/239752/ishares-global-timber-forestry-etf/latest-holdings.csv
WOOD,002078,1.77,SHANDONG SUNPAPER LTD A,https://www.ishares.com/us/products/239752/ishares-global-timber-forestry-etf/latest-holdings.csv
WOOD,SAP,1.73,SAPPI LTD,https://www.ishares.com/us/products/239752/ishares-global-timber-forestry-etf/latest-holdings.csv
WOOD,NVG,1.48,THE NAVIGATOR COMPANY SA,https://www.ishares.com/us/products/239752/ishares-global-timber-forestry-etf/latest-holdings.csv
WOOD,DXCO3,1.07,DEXCO SA,https://www.ishares.com/us/products/239752/ishares-global-timber-forestry-etf/latest-holdings.csv
XAR,AXON,3.749105,AXON ENTERPRISE INC,https://www.ssga.com/library-content/products/fund-data/etfs/us/holdings-daily-us-en-xar.xlsx
XAR,VSEC,3.481162,VSE CORP,https://www.ssga.com/library-content/products/fund-data/etfs/us/holdings-daily-us-en-xar.xlsx
XAR,RTX,3.333444,RTX CORP,https://www.ssga.com/library-content/products/fund-data/etfs/us/holdings-daily-us-en-xar.xlsx
XAR,ATI,3.210631,ATI INC,https://www.ssga.com/library-content/products/fund-data/etfs/us/holdings-daily-us-en-xar.xlsx
XAR,ACHR,3.18058,ARCHER AVIATION INC A,https://www.ssga.com/library-content/products/fund-data/etfs/us/holdings-daily-us-en-xar.xlsx
XAR,GD,3.106651,GENERAL DYNAMICS CORP,https://www.ssga.com/library-content/products/fund-data/etfs/us/holdings-daily-us-en-xar.xlsx
XAR,GE,3.002589,GENERAL ELECTRIC,https://www.ssga.com/library-content/products/fund-data/etfs/us/holdings-daily-us-en-xar.xlsx
XAR,LMT,2.999986,LOCKHEED MARTIN CORP,https://www.ssga.com/library-content/products/fund-data/etfs/us/holdings-daily-us-en-xar.xlsx
XAR,HWM,2.965355,HOWMET AEROSPACE INC,https://www.ssga.com/library-content/products/fund-data/etfs/us/holdings-daily-us-en-xar.xlsx
XAR,HEI,2.929616,HEICO CORP,https://www.ssga.com/library-content/products/fund-data/etfs/us/holdings-daily-us-en-xar.xlsx
XAR,HXL,2.894049,HEXCEL CORP,https://www.ssga.com/library-content/products/fund-data/etfs/us/holdings-daily-us-en-xar.xlsx
XAR,HII,2.842421,HUNTINGTON INGALLS INDUSTRIE,https://www.ssga.com/library-content/products/fund-data/etfs/us/holdings-daily-us-en-xar.xlsx
XAR,SARO,2.820446,STANDARDAERO INC,https://www.ssga.com/library-content/products/fund-data/etfs/us/holdings-daily-us-en-xar.xlsx
XAR,BA,2.804336,BOEING CO/THE,https://www.ssga.com/library-content/products/fund-data/etfs/us/holdings-daily-us-en-xar.xlsx
XAR,NOC,2.798329,NORTHROP GRUMMAN CORP,https://www.ssga.com/library-content/products/fund-data/etfs/us/holdings-daily-us-en-xar.xlsx
XAR,KRMN,2.775112,KARMAN HOLDINGS INC,https://www.ssga.com/library-content/products/fund-data/etfs/us/holdings-daily-us-en-xar.xlsx
XAR,MOG.A,2.73877,MOOG INC CLASS A,https://www.ssga.com/library-content/products/fund-data/etfs/us/holdings-daily-us-en-xar.xlsx
XAR,TDG,2.732569,TRANSDIGM GROUP INC,https://www.ssga.com/library-content/products/fund-data/etfs/us/holdings-daily-us-en-xar.xlsx
XAR,AIR,2.667095,AAR CORP,https://www.ssga.com/library-content/products/fund-data/etfs/us/holdings-daily-us-en-xar.xlsx
XAR,KTOS,2.649686,KRATOS DEFENSE + SECURITY,https://www.ssga.com/library-content/products/fund-data/etfs/us/holdings-daily-us-en-xar.xlsx
XAR,WWD,2.599739,WOODWARD INC,https://www.ssga.com/library-content/products/fund-data/etfs/us/holdings-daily-us-en-xar.xlsx
XAR,CRS,2.544397,CARPENTER TECHNOLOGY,https://www.ssga.com/library-content/products/fund-data/etfs/us/holdings-daily-us-en-xar.xlsx
XAR,TXT,2.539831,TEXTRON INC,https://www.ssga.com/library-content/products/fund-data/etfs/us/holdings-daily-us-en-xar.xlsx
XAR,LHX,2.42296,L3HARRIS TECHNOLOGIES INC,https://www.ssga.com/library-content/products/fund-data/etfs/us/holdings-daily-us-en-xar.xlsx
XAR,FTAI,2.412534,FTAI AVIATION LTD,https://www.ssga.com/library-content/products/fund-data/etfs/us/holdings-daily-us-en-xar.xlsx
XAR,AVAV,2.389688,AEROVIRONMENT INC,https://www.ssga.com/library-content/products/fund-data/etfs/us/holdings-daily-us-en-xar.xlsx
XAR,BWXT,2.333162,BWX TECHNOLOGIES INC,https://www.ssga.com/library-content/products/fund-data/etfs/us/holdings-daily-us-en-xar.xlsx
XAR,CW,2.31689,CURTISS WRIGHT CORP,https://www.ssga.com/library-content/products/fund-data/etfs/us/holdings-daily-us-en-xar.xlsx
XAR,ATRO,2.100165,ASTRONICS CORP,https://www.ssga.com/library-content/products/fund-data/etfs/us/holdings-daily-us-en-xar.xlsx
XAR,LOAR,1.954712,LOAR HOLDINGS INC,https://www.ssga.com/library-content/products/fund-data/etfs/us/holdings-daily-us-en-xar.xlsx
XAR,DRS,1.942449,LEONARDO DRS INC,https://www.ssga.com/library-content/products/fund-data/etfs/us/holdings-daily-us-en-xar.xlsx
XAR,MRCY,1.765559,MERCURY SYSTEMS INC,https://www.ssga.com/library-content/products/fund-data/etfs/us/holdings-daily-us-en-xar.xlsx
XAR,RKLB,1.712191,ROCKET LAB CORP,https://www.ssga.com/library-content/products/fund-data/etfs/us/holdings-daily-us-en-xar.xlsx
XAR,LUNR,1.618023,INTUITIVE MACHINES INC,https://www.ssga.com/library-content/products/fund-data/etfs/us/holdings-daily-us-en-xar.xlsx
XAR,RDW,1.542625,REDWIRE CORP,https://www.ssga.com/library-content/products/fund-data/etfs/us/holdings-daily-us-en-xar.xlsx
XAR,DCO,1.468416,DUCOMMUN INC,https://www.ssga.com/library-content/products/fund-data/etfs/us/holdings-daily-us-en-xar.xlsx
XAR,VVX,1.183218,V2X INC,https://www.ssga.com/library-content/products/fund-data/etfs/us/holdings-daily-us-en-xar.xlsx
XAR,RCAT,1.150087,RED CAT HOLDINGS INC,https://www.ssga.com/library-content/products/fund-data/etfs/us/holdings-daily-us-en-xar.xlsx
XAR,FLY,0.749001,FIREFLY AEROSPACE INC,https://www.ssga.com/library-content/products/fund-data/etfs/us/holdings-daily-us-en-xar.xlsx
XAR,CDRE,0.63466,CADRE HOLDINGS INC,https://www.ssga.com/library-content/products/fund-data/etfs/us/holdings-daily-us-en-xar.xlsx
XAR,NPK,0.611909,NATIONAL PRESTO INDS INC,https://www.ssga.com/library-content/products/fund-data/etfs/us/holdings-daily-us-en-xar.xlsx
XAR,BETA,0.564274,BETA TECHNOLOGIES INC  CL A,https://www.ssga.com/library-content/products/fund-data/etfs/us/holdings-daily-us-en-xar.xlsx
XAR,SATL,0.444346,SATELLOGIC INC A,https://www.ssga.com/library-content/products/fund-data/etfs/us/holdings-daily-us-en-xar.xlsx
XAR,VOYG,0.407348,VOYAGER TECHNOLOGIES INC A,https://www.ssga.com/library-content/products/fund-data/etfs/us/holdings-daily-us-en-xar.xlsx
XAR,PKE,0.362192,PARK AEROSPACE CORP,https://www.ssga.com/library-content/products/fund-data/etfs/us/holdings-daily-us-en-xar.xlsx
XAR,SPCE,0.299463,VIRGIN GALACTIC HOLDINGS INC,https://www.ssga.com/library-content/products/fund-data/etfs/us/holdings-daily-us-en-xar.xlsx
XAR,YSS,0.156446,YORK SPACE SYSTEMS INC,https://www.ssga.com/library-content/products/fund-data/etfs/us/holdings-daily-us-en-xar.xlsx
XAR,-,0.07266,SSI US GOV MONEY MARKET CLASS,https://www.ssga.com/library-content/products/fund-data/etfs/us/holdings-daily-us-en-xar.xlsx
XBI,MRNA,2.763482,MODERNA INC,https://www.ssga.com/library-content/products/fund-data/etfs/us/holdings-daily-us-en-xbi.xlsx
XBI,TWST,1.921365,TWIST BIOSCIENCE CORP,https://www.ssga.com/library-content/products/fund-data/etfs/us/holdings-daily-us-en-xbi.xlsx
XBI,APGE,1.502796,APOGEE THERAPEUTICS INC,https://www.ssga.com/library-content/products/fund-data/etfs/us/holdings-daily-us-en-xbi.xlsx
XBI,KYMR,1.391029,KYMERA THERAPEUTICS INC,https://www.ssga.com/library-content/products/fund-data/etfs/us/holdings-daily-us-en-xbi.xlsx
XBI,NTRA,1.388056,NATERA INC,https://www.ssga.com/library-content/products/fund-data/etfs/us/holdings-daily-us-en-xbi.xlsx
XBI,HALO,1.376406,HALOZYME THERAPEUTICS INC,https://www.ssga.com/library-content/products/fund-data/etfs/us/holdings-daily-us-en-xbi.xlsx
XBI,RVMD,1.327796,REVOLUTION MEDICINES INC,https://www.ssga.com/library-content/products/fund-data/etfs/us/holdings-daily-us-en-xbi.xlsx
XBI,PRAX,1.319271,PRAXIS PRECISION MEDICINES I,https://www.ssga.com/library-content/products/fund-data/etfs/us/holdings-daily-us-en-xbi.xlsx
XBI,ORKA,1.310981,ORUKA THERAPEUTICS INC,https://www.ssga.com/library-content/products/fund-data/etfs/us/holdings-daily-us-en-xbi.xlsx
XBI,TVTX,1.294107,TRAVERE THERAPEUTICS INC,https://www.ssga.com/library-content/products/fund-data/etfs/us/holdings-daily-us-en-xbi.xlsx
XBI,DNTH,1.275823,DIANTHUS THERAPEUTICS INC,https://www.ssga.com/library-content/products/fund-data/etfs/us/holdings-daily-us-en-xbi.xlsx
XBI,PTGX,1.256908,PROTAGONIST THERAPEUTICS INC,https://www.ssga.com/library-content/products/fund-data/etfs/us/holdings-daily-us-en-xbi.xlsx
XBI,CGON,1.24674,CG ONCOLOGY INC,https://www.ssga.com/library-content/products/fund-data/etfs/us/holdings-daily-us-en-xbi.xlsx
XBI,ERAS,1.242101,ERASCA INC,https://www.ssga.com/library-content/products/fund-data/etfs/us/holdings-daily-us-en-xbi.xlsx
XBI,REGN,1.215617,REGENERON PHARMACEUTICALS,https://www.ssga.com/library-content/products/fund-data/etfs/us/holdings-daily-us-en-xbi.xlsx
XBI,PCVX,1.21343,VAXCYTE INC,https://www.ssga.com/library-content/products/fund-data/etfs/us/holdings-daily-us-en-xbi.xlsx
XBI,SRRK,1.207493,SCHOLAR ROCK HOLDING CORP,https://www.ssga.com/library-content/products/fund-data/etfs/us/holdings-daily-us-en-xbi.xlsx
XBI,INSM,1.188283,INSMED INC,https://www.ssga.com/library-content/products/fund-data/etfs/us/holdings-daily-us-en-xbi.xlsx
XBI,AMGN,1.179486,AMGEN INC,https://www.ssga.com/library-content/products/fund-data/etfs/us/holdings-daily-us-en-xbi.xlsx
XBI,RYTM,1.151659,RHYTHM PHARMACEUTICALS INC,https://www.ssga.com/library-content/products/fund-data/etfs/us/holdings-daily-us-en-xbi.xlsx
XBI,VRTX,1.144328,VERTEX PHARMACEUTICALS INC,https://www.ssga.com/library-content/products/fund-data/etfs/us/holdings-daily-us-en-xbi.xlsx
XBI,ROIV,1.125348,ROIVANT SCIENCES LTD,https://www.ssga.com/library-content/products/fund-data/etfs/us/holdings-daily-us-en-xbi.xlsx
XBI,SYRE,1.108536,SPYRE THERAPEUTICS INC,https://www.ssga.com/library-content/products/fund-data/etfs/us/holdings-daily-us-en-xbi.xlsx
XBI,ARWR,1.10581,ARROWHEAD PHARMACEUTICALS IN,https://www.ssga.com/library-content/products/fund-data/etfs/us/holdings-daily-us-en-xbi.xlsx
XBI,GILD,1.10372,GILEAD SCIENCES INC,https://www.ssga.com/library-content/products/fund-data/etfs/us/holdings-daily-us-en-xbi.xlsx
XBI,RLAY,1.094714,RELAY THERAPEUTICS INC,https://www.ssga.com/library-content/products/fund-data/etfs/us/holdings-daily-us-en-xbi.xlsx
XBI,INCY,1.087068,INCYTE CORP,https://www.ssga.com/library-content/products/fund-data/etfs/us/holdings-daily-us-en-xbi.xlsx
XBI,QURE,1.080132,UNIQURE NV,https://www.ssga.com/library-content/products/fund-data/etfs/us/holdings-daily-us-en-xbi.xlsx
XBI,IOVA,1.075886,IOVANCE BIOTHERAPEUTICS INC,https://www.ssga.com/library-content/products/fund-data/etfs/us/holdings-daily-us-en-xbi.xlsx
XBI,CRSP,1.075434,CRISPR THERAPEUTICS AG,https://www.ssga.com/library-content/products/fund-data/etfs/us/holdings-daily-us-en-xbi.xlsx
XBI,ACAD,1.071002,ACADIA PHARMACEUTICALS INC,https://www.ssga.com/library-content/products/fund-data/etfs/us/holdings-daily-us-en-xbi.xlsx
XBI,VKTX,1.067501,VIKING THERAPEUTICS INC,https://www.ssga.com/library-content/products/fund-data/etfs/us/holdings-daily-us-en-xbi.xlsx
XBI,TGTX,1.06561,TG THERAPEUTICS INC,https://www.ssga.com/library-content/products/fund-data/etfs/us/holdings-daily-us-en-xbi.xlsx
XBI,BMRN,1.060437,BIOMARIN PHARMACEUTICAL INC,https://www.ssga.com/library-content/products/fund-data/etfs/us/holdings-daily-us-en-xbi.xlsx
XBI,SLS,1.057487,SELLAS LIFE SCIENCES GROUP I,https://www.ssga.com/library-content/products/fund-data/etfs/us/holdings-daily-us-en-xbi.xlsx
XBI,GRAL,1.055067,GRAIL INC,https://www.ssga.com/library-content/products/fund-data/etfs/us/holdings-daily-us-en-xbi.xlsx
XBI,BBIO,1.046748,BRIDGEBIO PHARMA INC,https://www.ssga.com/library-content/products/fund-data/etfs/us/holdings-daily-us-en-xbi.xlsx
XBI,ABBV,1.045247,ABBVIE INC,https://www.ssga.com/library-content/products/fund-data/etfs/us/holdings-daily-us-en-xbi.xlsx
XBI,MDGL,1.042096,MADRIGAL PHARMACEUTICALS INC,https://www.ssga.com/library-content/products/fund-data/etfs/us/holdings-daily-us-en-xbi.xlsx
XBI,KRYS,1.036389,KRYSTAL BIOTECH INC,https://www.ssga.com/library-content/products/fund-data/etfs/us/holdings-daily-us-en-xbi.xlsx
XBI,BIIB,1.036218,BIOGEN INC,https://www.ssga.com/library-content/products/fund-data/etfs/us/holdings-daily-us-en-xbi.xlsx
XBI,COGT,1.017682,COGENT BIOSCIENCES INC,https://www.ssga.com/library-content/products/fund-data/etfs/us/holdings-daily-us-en-xbi.xlsx
XBI,ALKS,0.99615,ALKERMES PLC,https://www.ssga.com/library-content/products/fund-data/etfs/us/holdings-daily-us-en-xbi.xlsx
XBI,CYTK,0.990095,CYTOKINETICS INC,https://www.ssga.com/library-content/products/fund-data/etfs/us/holdings-daily-us-en-xbi.xlsx
XBI,IMVT,0.982052,IMMUNOVANT INC,https://www.ssga.com/library-content/products/fund-data/etfs/us/holdings-daily-us-en-xbi.xlsx
XBI,DYN,0.962929,DYNE THERAPEUTICS INC,https://www.ssga.com/library-content/products/fund-data/etfs/us/holdings-daily-us-en-xbi.xlsx
XBI,MIRM,0.955107,MIRUM PHARMACEUTICALS INC,https://www.ssga.com/library-content/products/fund-data/etfs/us/holdings-daily-us-en-xbi.xlsx
XBI,EXEL,0.953009,EXELIXIS INC,https://www.ssga.com/library-content/products/fund-data/etfs/us/holdings-daily-us-en-xbi.xlsx
XBI,SMMT,0.946705,SUMMIT THERAPEUTICS INC,https://www.ssga.com/library-content/products/fund-data/etfs/us/holdings-daily-us-en-xbi.xlsx
XBI,IBRX,0.929721,IMMUNITYBIO INC,https://www.ssga.com/library-content/products/fund-data/etfs/us/holdings-daily-us-en-xbi.xlsx
XBI,CELC,0.922422,CELCUITY INC,https://www.ssga.com/library-content/products/fund-data/etfs/us/holdings-daily-us-en-xbi.xlsx
XBI,BEAM,0.915049,BEAM THERAPEUTICS INC,https://www.ssga.com/library-content/products/fund-data/etfs/us/holdings-daily-us-en-xbi.xlsx
XBI,NBIX,0.881461,NEUROCRINE BIOSCIENCES INC,https://www.ssga.com/library-content/products/fund-data/etfs/us/holdings-daily-us-en-xbi.xlsx
XBI,PTCT,0.879397,PTC THERAPEUTICS INC,https://www.ssga.com/library-content/products/fund-data/etfs/us/holdings-daily-us-en-xbi.xlsx
XBI,UTHR,0.87208,UNITED THERAPEUTICS CORP,https://www.ssga.com/library-content/products/fund-data/etfs/us/holdings-daily-us-en-xbi.xlsx
XBI,BCRX,0.869626,BIOCRYST PHARMACEUTICALS INC,https://www.ssga.com/library-content/products/fund-data/etfs/us/holdings-daily-us-en-xbi.xlsx
XBI,RARE,0.867972,ULTRAGENYX PHARMACEUTICAL IN,https://www.ssga.com/library-content/products/fund-data/etfs/us/holdings-daily-us-en-xbi.xlsx
XBI,SRPT,0.859966,SAREPTA THERAPEUTICS INC,https://www.ssga.com/library-content/products/fund-data/etfs/us/holdings-daily-us-en-xbi.xlsx
XBI,IDYA,0.858735,IDEAYA BIOSCIENCES INC,https://www.ssga.com/library-content/products/fund-data/etfs/us/holdings-daily-us-en-xbi.xlsx
XBI,VERA,0.837452,VERA THERAPEUTICS INC,https://www.ssga.com/library-content/products/fund-data/etfs/us/holdings-daily-us-en-xbi.xlsx
XBI,VRDN,0.836804,VIRIDIAN THERAPEUTICS INC,https://www.ssga.com/library-content/products/fund-data/etfs/us/holdings-daily-us-en-xbi.xlsx
XBI,DNLI,0.770898,DENALI THERAPEUTICS INC,https://www.ssga.com/library-content/products/fund-data/etfs/us/holdings-daily-us-en-xbi.xlsx
XBI,IONS,0.766268,IONIS PHARMACEUTICALS INC,https://www.ssga.com/library-content/products/fund-data/etfs/us/holdings-daily-us-en-xbi.xlsx
XBI,IMNM,0.76446,IMMUNOME INC,https://www.ssga.com/library-content/products/fund-data/etfs/us/holdings-daily-us-en-xbi.xlsx
XBI,ALNY,0.74922,ALNYLAM PHARMACEUTICALS INC,https://www.ssga.com/library-content/products/fund-data/etfs/us/holdings-daily-us-en-xbi.xlsx
XBI,CLDX,0.732417,CELLDEX THERAPEUTICS INC,https://www.ssga.com/library-content/products/fund-data/etfs/us/holdings-daily-us-en-xbi.xlsx
XBI,IRON,0.708884,DISC MEDICINE INC,https://www.ssga.com/library-content/products/fund-data/etfs/us/holdings-daily-us-en-xbi.xlsx
XBI,RCUS,0.698487,ARCUS BIOSCIENCES INC,https://www.ssga.com/library-content/products/fund-data/etfs/us/holdings-daily-us-en-xbi.xlsx
XBI,NTLA,0.684732,INTELLIA THERAPEUTICS INC,https://www.ssga.com/library-content/products/fund-data/etfs/us/holdings-daily-us-en-xbi.xlsx
XBI,RXRX,0.683285,RECURSION PHARMACEUTICALS A,https://www.ssga.com/library-content/products/fund-data/etfs/us/holdings-daily-us-en-xbi.xlsx
XBI,PURR,0.681013,HYPERLIQUID STRATEGIES,https://www.ssga.com/library-content/products/fund-data/etfs/us/holdings-daily-us-en-xbi.xlsx
XBI,ADMA,0.672594,ADMA BIOLOGICS INC,https://www.ssga.com/library-content/products/fund-data/etfs/us/holdings-daily-us-en-xbi.xlsx
XBI,MLYS,0.667331,MINERALYS THERAPEUTICS INC,https://www.ssga.com/library-content/products/fund-data/etfs/us/holdings-daily-us-en-xbi.xlsx
XBI,NVAX,0.644295,NOVAVAX INC,https://www.ssga.com/library-content/products/fund-data/etfs/us/holdings-daily-us-en-xbi.xlsx
XBI,ARQT,0.640409,ARCUTIS BIOTHERAPEUTICS INC,https://www.ssga.com/library-content/products/fund-data/etfs/us/holdings-daily-us-en-xbi.xlsx
XBI,SNDX,0.637022,SYNDAX PHARMACEUTICALS INC,https://www.ssga.com/library-content/products/fund-data/etfs/us/holdings-daily-us-en-xbi.xlsx
XBI,TNGX,0.623617,TANGO THERAPEUTICS INC,https://www.ssga.com/library-content/products/fund-data/etfs/us/holdings-daily-us-en-xbi.xlsx
XBI,AGIO,0.617443,AGIOS PHARMACEUTICALS INC,https://www.ssga.com/library-content/products/fund-data/etfs/us/holdings-daily-us-en-xbi.xlsx
XBI,VCYT,0.599374,VERACYTE INC,https://www.ssga.com/library-content/products/fund-data/etfs/us/holdings-daily-us-en-xbi.xlsx
XBI,NRIX,0.597343,NURIX THERAPEUTICS INC,https://www.ssga.com/library-content/products/fund-data/etfs/us/holdings-daily-us-en-xbi.xlsx
XBI,PVLA,0.5681,PALVELLA THERAPEUTICS INC,https://www.ssga.com/library-content/products/fund-data/etfs/us/holdings-daily-us-en-xbi.xlsx
XBI,BHVN,0.541367,BIOHAVEN LTD,https://www.ssga.com/library-content/products/fund-data/etfs/us/holdings-daily-us-en-xbi.xlsx
XBI,CDNA,0.527553,CAREDX INC,https://www.ssga.com/library-content/products/fund-data/etfs/us/holdings-daily-us-en-xbi.xlsx
XBI,KOD,0.52267,KODIAK SCIENCES INC,https://www.ssga.com/library-content/products/fund-data/etfs/us/holdings-daily-us-en-xbi.xlsx
XBI,VIR,0.496353,VIR BIOTECHNOLOGY INC,https://www.ssga.com/library-content/products/fund-data/etfs/us/holdings-daily-us-en-xbi.xlsx
XBI,CGEM,0.478154,CULLINAN THERAPEUTICS INC,https://www.ssga.com/library-content/products/fund-data/etfs/us/holdings-daily-us-en-xbi.xlsx
XBI,XNCR,0.46848,XENCOR INC,https://www.ssga.com/library-content/products/fund-data/etfs/us/holdings-daily-us-en-xbi.xlsx
XBI,STOK,0.461138,STOKE THERAPEUTICS INC,https://www.ssga.com/library-content/products/fund-data/etfs/us/holdings-daily-us-en-xbi.xlsx
XBI,INBX,0.458681,INHIBRX BIOSCIENCES INC,https://www.ssga.com/library-content/products/fund-data/etfs/us/holdings-daily-us-en-xbi.xlsx
XBI,PGEN,0.456358,PRECIGEN INC,https://www.ssga.com/library-content/products/fund-data/etfs/us/holdings-daily-us-en-xbi.xlsx
XBI,VCEL,0.4532,VERICEL CORP,https://www.ssga.com/library-content/products/fund-data/etfs/us/holdings-daily-us-en-xbi.xlsx
XBI,ABSI,0.417426,ABSCI CORP,https://www.ssga.com/library-content/products/fund-data/etfs/us/holdings-daily-us-en-xbi.xlsx
XBI,ANAB,0.410206,ANAPTYSBIO INC,https://www.ssga.com/library-content/products/fund-data/etfs/us/holdings-daily-us-en-xbi.xlsx
XBI,ORIC,0.400638,ORIC PHARMACEUTICALS INC,https://www.ssga.com/library-content/products/fund-data/etfs/us/holdings-daily-us-en-xbi.xlsx
XBI,REPL,0.394534,REPLIMUNE GROUP INC,https://www.ssga.com/library-content/products/fund-data/etfs/us/holdings-daily-us-en-xbi.xlsx
XBI,ZBIO,0.391057,ZENAS BIOPHARMA INC,https://www.ssga.com/library-content/products/fund-data/etfs/us/holdings-daily-us-en-xbi.xlsx
XBI,CRVS,0.384705,CORVUS PHARMACEUTICALS INC,https://www.ssga.com/library-content/products/fund-data/etfs/us/holdings-daily-us-en-xbi.xlsx
XBI,VOR,0.368645,VOR BIOPHARMA INC,https://www.ssga.com/library-content/products/fund-data/etfs/us/holdings-daily-us-en-xbi.xlsx
XBI,AVTX,0.368407,AVALO THERAPEUTICS INC,https://www.ssga.com/library-content/products/fund-data/etfs/us/holdings-daily-us-en-xbi.xlsx
XBI,TRAX,0.360899,FIRST TRACKS BIOTHERAPEUTICS,https://www.ssga.com/library-content/products/fund-data/etfs/us/holdings-daily-us-en-xbi.xlsx
XBI,KURA,0.360816,KURA ONCOLOGY INC,https://www.ssga.com/library-content/products/fund-data/etfs/us/holdings-daily-us-en-xbi.xlsx
XBI,JANX,0.322231,JANUX THERAPEUTICS INC,https://www.ssga.com/library-content/products/fund-data/etfs/us/holdings-daily-us-en-xbi.xlsx
XBI,TYRA,0.321853,TYRA BIOSCIENCES INC,https://www.ssga.com/library-content/products/fund-data/etfs/us/holdings-daily-us-en-xbi.xlsx
XBI,MNKD,0.311804,MANNKIND CORP,https://www.ssga.com/library-content/products/fund-data/etfs/us/holdings-daily-us-en-xbi.xlsx
XBI,GERN,0.305296,GERON CORP,https://www.ssga.com/library-content/products/fund-data/etfs/us/holdings-daily-us-en-xbi.xlsx
XBI,TSHA,0.297612,TAYSHA GENE THERAPIES INC,https://www.ssga.com/library-content/products/fund-data/etfs/us/holdings-daily-us-en-xbi.xlsx
XBI,JBIO,0.296204,JADE BIOSCIENCES INC,https://www.ssga.com/library-content/products/fund-data/etfs/us/holdings-daily-us-en-xbi.xlsx
XBI,ANNX,0.287117,ANNEXON INC,https://www.ssga.com/library-content/products/fund-data/etfs/us/holdings-daily-us-en-xbi.xlsx
XBI,RIGL,0.280088,RIGEL PHARMACEUTICALS INC,https://www.ssga.com/library-content/products/fund-data/etfs/us/holdings-daily-us-en-xbi.xlsx
XBI,IMMX,0.271823,IMMIX BIOPHARMA INC,https://www.ssga.com/library-content/products/fund-data/etfs/us/holdings-daily-us-en-xbi.xlsx
XBI,GLUE,0.262098,MONTE ROSA THERAPEUTICS INC,https://www.ssga.com/library-content/products/fund-data/etfs/us/holdings-daily-us-en-xbi.xlsx
XBI,ARDX,0.261874,ARDELYX INC,https://www.ssga.com/library-content/products/fund-data/etfs/us/holdings-daily-us-en-xbi.xlsx
XBI,OLMA,0.258577,OLEMA PHARMACEUTICALS INC,https://www.ssga.com/library-content/products/fund-data/etfs/us/holdings-daily-us-en-xbi.xlsx
XBI,SANA,0.257763,SANA BIOTECHNOLOGY INC,https://www.ssga.com/library-content/products/fund-data/etfs/us/holdings-daily-us-en-xbi.xlsx
XBI,AVBP,0.245236,ARRIVENT BIOPHARMA INC,https://www.ssga.com/library-content/products/fund-data/etfs/us/holdings-daily-us-en-xbi.xlsx
XBI,CADL,0.24514,CANDEL THERAPEUTICS INC,https://www.ssga.com/library-content/products/fund-data/etfs/us/holdings-daily-us-en-xbi.xlsx
XBI,BCAX,0.238096,BICARA THERAPEUTICS INC,https://www.ssga.com/library-content/products/fund-data/etfs/us/holdings-daily-us-en-xbi.xlsx
XBI,CTMX,0.236915,CYTOMX THERAPEUTICS INC,https://www.ssga.com/library-content/products/fund-data/etfs/us/holdings-daily-us-en-xbi.xlsx
XBI,SLDB,0.233804,SOLID BIOSCIENCES INC,https://www.ssga.com/library-content/products/fund-data/etfs/us/holdings-daily-us-en-xbi.xlsx
XBI,ALT,0.233356,ALTIMMUNE INC,https://www.ssga.com/library-content/products/fund-data/etfs/us/holdings-daily-us-en-xbi.xlsx
XBI,ALLO,0.227315,ALLOGENE THERAPEUTICS INC,https://www.ssga.com/library-content/products/fund-data/etfs/us/holdings-daily-us-en-xbi.xlsx
XBI,VSTM,0.226759,VERASTEM INC,https://www.ssga.com/library-content/products/fund-data/etfs/us/holdings-daily-us-en-xbi.xlsx
XBI,FDMT,0.218701,4D MOLECULAR THERAPEUTICS IN,https://www.ssga.com/library-content/products/fund-data/etfs/us/holdings-daily-us-en-xbi.xlsx
XBI,IRWD,0.210504,IRONWOOD PHARMACEUTICALS INC,https://www.ssga.com/library-content/products/fund-data/etfs/us/holdings-daily-us-en-xbi.xlsx
XBI,CAPR,0.193024,CAPRICOR THERAPEUTICS INC,https://www.ssga.com/library-content/products/fund-data/etfs/us/holdings-daily-us-en-xbi.xlsx
XBI,DMRA,0.192124,DAMORA THERAPEUTICS INC,https://www.ssga.com/library-content/products/fund-data/etfs/us/holdings-daily-us-en-xbi.xlsx
XBI,RGNX,0.175358,REGENXBIO INC,https://www.ssga.com/library-content/products/fund-data/etfs/us/holdings-daily-us-en-xbi.xlsx
XBI,PRME,0.174847,PRIME MEDICINE INC,https://www.ssga.com/library-content/products/fund-data/etfs/us/holdings-daily-us-en-xbi.xlsx
XBI,ABUS,0.1727,ARBUTUS BIOPHARMA CORP,https://www.ssga.com/library-content/products/fund-data/etfs/us/holdings-daily-us-en-xbi.xlsx
XBI,OCGN,0.171094,OCUGEN INC,https://www.ssga.com/library-content/products/fund-data/etfs/us/holdings-daily-us-en-xbi.xlsx
XBI,SVRA,0.1558,SAVARA INC,https://www.ssga.com/library-content/products/fund-data/etfs/us/holdings-daily-us-en-xbi.xlsx
XBI,CMPX,0.152131,COMPASS THERAPEUTICS INC,https://www.ssga.com/library-content/products/fund-data/etfs/us/holdings-daily-us-en-xbi.xlsx
XBI,CABA,0.151978,CABALETTA BIO INC,https://www.ssga.com/library-content/products/fund-data/etfs/us/holdings-daily-us-en-xbi.xlsx
XBI,OVID,0.127683,OVID THERAPEUTICS INC,https://www.ssga.com/library-content/products/fund-data/etfs/us/holdings-daily-us-en-xbi.xlsx
XBI,PRTA,0.125658,PROTHENA CORP PLC,https://www.ssga.com/library-content/products/fund-data/etfs/us/holdings-daily-us-en-xbi.xlsx
XBI,SPRY,0.12484,ARS PHARMACEUTICALS INC,https://www.ssga.com/library-content/products/fund-data/etfs/us/holdings-daily-us-en-xbi.xlsx
XBI,MDXG,0.123311,MIMEDX GROUP INC,https://www.ssga.com/library-content/products/fund-data/etfs/us/holdings-daily-us-en-xbi.xlsx
XBI,CATX,0.116327,PERSPECTIVE THERAPEUTICS INC,https://www.ssga.com/library-content/products/fund-data/etfs/us/holdings-daily-us-en-xbi.xlsx
XBI,VNDA,0.112351,VANDA PHARMACEUTICALS INC,https://www.ssga.com/library-content/products/fund-data/etfs/us/holdings-daily-us-en-xbi.xlsx
XBI,LXEO,0.109427,LEXEO THERAPEUTICS INC,https://www.ssga.com/library-content/products/fund-data/etfs/us/holdings-daily-us-en-xbi.xlsx
XBI,ACHV,0.101322,ACHIEVE LIFE SCIENCES INC,https://www.ssga.com/library-content/products/fund-data/etfs/us/holdings-daily-us-en-xbi.xlsx
XBI,SGMT,0.096113,SAGIMET BIOSCIENCES INC A,https://www.ssga.com/library-content/products/fund-data/etfs/us/holdings-daily-us-en-xbi.xlsx
XBI,EBS,0.093454,EMERGENT BIOSOLUTIONS INC,https://www.ssga.com/library-content/products/fund-data/etfs/us/holdings-daily-us-en-xbi.xlsx
XBI,MYGN,0.088309,MYRIAD GENETICS INC,https://www.ssga.com/library-content/products/fund-data/etfs/us/holdings-daily-us-en-xbi.xlsx
XBI,BBOT,0.065867,BRIDGEBIO ONCOLOGY THERAPEUT,https://www.ssga.com/library-content/products/fund-data/etfs/us/holdings-daily-us-en-xbi.xlsx
XBI,-,0.065865,CONTRA METSERA INC,https://www.ssga.com/library-content/products/fund-data/etfs/us/holdings-daily-us-en-xbi.xlsx
XBI,MPLT,0.058207,MAPLIGHT THERAPEUTICS INC,https://www.ssga.com/library-content/products/fund-data/etfs/us/holdings-daily-us-en-xbi.xlsx
XBI,SION,0.035231,SIONNA THERAPEUTICS INC,https://www.ssga.com/library-content/products/fund-data/etfs/us/holdings-daily-us-en-xbi.xlsx
XES,OII,4.823384,OCEANEERING INTL INC,https://www.ssga.com/library-content/products/fund-data/etfs/us/holdings-daily-us-en-xes.xlsx
XES,TDW,4.725575,TIDEWATER INC,https://www.ssga.com/library-content/products/fund-data/etfs/us/holdings-daily-us-en-xes.xlsx
XES,WHD,4.483702,CACTUS INC   A,https://www.ssga.com/library-content/products/fund-data/etfs/us/holdings-daily-us-en-xes.xlsx
XES,FTI,4.062454,TECHNIPFMC PLC,https://www.ssga.com/library-content/products/fund-data/etfs/us/holdings-daily-us-en-xes.xlsx
XES,HP,4.049607,HELMERICH + PAYNE,https://www.ssga.com/library-content/products/fund-data/etfs/us/holdings-daily-us-en-xes.xlsx
XES,SDRL,3.980256,SEADRILL LIMITED,https://www.ssga.com/library-content/products/fund-data/etfs/us/holdings-daily-us-en-xes.xlsx
XES,WTTR,3.926164,SELECT WATER SOLUTIONS INC,https://www.ssga.com/library-content/products/fund-data/etfs/us/holdings-daily-us-en-xes.xlsx
XES,PTEN,3.874762,PATTERSON UTI ENERGY INC,https://www.ssga.com/library-content/products/fund-data/etfs/us/holdings-daily-us-en-xes.xlsx
XES,SLB,3.869794,SLB LTD,https://www.ssga.com/library-content/products/fund-data/etfs/us/holdings-daily-us-en-xes.xlsx
XES,NOV,3.730957,NOV INC,https://www.ssga.com/library-content/products/fund-data/etfs/us/holdings-daily-us-en-xes.xlsx
XES,BKR,3.710692,BAKER HUGHES CO,https://www.ssga.com/library-content/products/fund-data/etfs/us/holdings-daily-us-en-xes.xlsx
XES,NE,3.705674,NOBLE CORP PLC,https://www.ssga.com/library-content/products/fund-data/etfs/us/holdings-daily-us-en-xes.xlsx
XES,VAL,3.633725,VALARIS LTD,https://www.ssga.com/library-content/products/fund-data/etfs/us/holdings-daily-us-en-xes.xlsx
XES,RIG,3.616038,TRANSOCEAN LTD,https://www.ssga.com/library-content/products/fund-data/etfs/us/holdings-daily-us-en-xes.xlsx
XES,WFRD,3.585638,WEATHERFORD INTERNATIONAL PL,https://www.ssga.com/library-content/products/fund-data/etfs/us/holdings-daily-us-en-xes.xlsx
XES,HAL,3.412159,HALLIBURTON CO,https://www.ssga.com/library-content/products/fund-data/etfs/us/holdings-daily-us-en-xes.xlsx
XES,AROC,3.279773,ARCHROCK INC,https://www.ssga.com/library-content/products/fund-data/etfs/us/holdings-daily-us-en-xes.xlsx
XES,KGS,3.249896,KODIAK GAS SERVICES INC,https://www.ssga.com/library-content/products/fund-data/etfs/us/holdings-daily-us-en-xes.xlsx
XES,NBR,2.798866,NABORS INDUSTRIES LTD,https://www.ssga.com/library-content/products/fund-data/etfs/us/holdings-daily-us-en-xes.xlsx
XES,XPRO,2.788245,EXPRO LTD,https://www.ssga.com/library-content/products/fund-data/etfs/us/holdings-daily-us-en-xes.xlsx
XES,SEI,2.739405,SOLARIS ENERGY INFRASTRUCTUR,https://www.ssga.com/library-content/products/fund-data/etfs/us/holdings-daily-us-en-xes.xlsx
XES,HLX,2.721757,HELIX ENERGY SOLUTIONS GROUP,https://www.ssga.com/library-content/products/fund-data/etfs/us/holdings-daily-us-en-xes.xlsx
XES,LBRT,2.524526,LIBERTY ENERGY INC,https://www.ssga.com/library-content/products/fund-data/etfs/us/holdings-daily-us-en-xes.xlsx
XES,PUMP,2.498288,PROPETRO HOLDING CORP,https://www.ssga.com/library-content/products/fund-data/etfs/us/holdings-daily-us-en-xes.xlsx
XES,AESI,2.233975,ATLAS ENERGY SOLUTIONS INC,https://www.ssga.com/library-content/products/fund-data/etfs/us/holdings-daily-us-en-xes.xlsx
XES,FET,2.02091,FORUM ENERGY TECHNOLOGIES IN,https://www.ssga.com/library-content/products/fund-data/etfs/us/holdings-daily-us-en-xes.xlsx
XES,INVX,1.813922,INNOVEX INTERNATIONAL INC,https://www.ssga.com/library-content/products/fund-data/etfs/us/holdings-daily-us-en-xes.xlsx
XES,FLOC,1.641187,FLOWCO HOLDINGS INC CL A,https://www.ssga.com/library-content/products/fund-data/etfs/us/holdings-daily-us-en-xes.xlsx
XES,VTOL,1.345821,BRISTOW GROUP INC,https://www.ssga.com/library-content/products/fund-data/etfs/us/holdings-daily-us-en-xes.xlsx
XES,TTI,1.312438,TETRA TECHNOLOGIES INC,https://www.ssga.com/library-content/products/fund-data/etfs/us/holdings-daily-us-en-xes.xlsx
XES,RES,1.212403,RPC INC,https://www.ssga.com/library-content/products/fund-data/etfs/us/holdings-daily-us-en-xes.xlsx
XES,OIS,1.118524,OIL STATES INTERNATIONAL INC,https://www.ssga.com/library-content/products/fund-data/etfs/us/holdings-daily-us-en-xes.xlsx
XES,CLB,0.87289,CORE LABORATORIES INC,https://www.ssga.com/library-content/products/fund-data/etfs/us/holdings-daily-us-en-xes.xlsx
XES,NGS,0.4628,NATURAL GAS SERVICES GROUP,https://www.ssga.com/library-content/products/fund-data/etfs/us/holdings-daily-us-en-xes.xlsx
XES,-,0.132089,SSI US GOV MONEY MARKET CLASS,https://www.ssga.com/library-content/products/fund-data/etfs/us/holdings-daily-us-en-xes.xlsx
XHB,IBP,4.393635,INSTALLED BUILDING PRODUCTS,https://www.ssga.com/library-content/products/fund-data/etfs/us/holdings-daily-us-en-xhb.xlsx
XHB,OC,4.352867,OWENS CORNING,https://www.ssga.com/library-content/products/fund-data/etfs/us/holdings-daily-us-en-xhb.xlsx
XHB,ALLE,4.26097,ALLEGION PLC,https://www.ssga.com/library-content/products/fund-data/etfs/us/holdings-daily-us-en-xhb.xlsx
XHB,SKY,4.028378,CHAMPION HOMES INC,https://www.ssga.com/library-content/products/fund-data/etfs/us/holdings-daily-us-en-xhb.xlsx
XHB,WSM,3.976811,WILLIAMS SONOMA INC,https://www.ssga.com/library-content/products/fund-data/etfs/us/holdings-daily-us-en-xhb.xlsx
XHB,CSL,3.806446,CARLISLE COS INC,https://www.ssga.com/library-content/products/fund-data/etfs/us/holdings-daily-us-en-xhb.xlsx
XHB,PHM,3.797897,PULTEGROUP INC,https://www.ssga.com/library-content/products/fund-data/etfs/us/holdings-daily-us-en-xhb.xlsx
XHB,WMS,3.703118,ADVANCED DRAINAGE SYSTEMS IN,https://www.ssga.com/library-content/products/fund-data/etfs/us/holdings-daily-us-en-xhb.xlsx
XHB,TOL,3.685169,TOLL BROTHERS INC,https://www.ssga.com/library-content/products/fund-data/etfs/us/holdings-daily-us-en-xhb.xlsx
XHB,KBH,3.681898,KB HOME,https://www.ssga.com/library-content/products/fund-data/etfs/us/holdings-daily-us-en-xhb.xlsx
XHB,HD,3.624415,HOME DEPOT INC,https://www.ssga.com/library-content/products/fund-data/etfs/us/holdings-daily-us-en-xhb.xlsx
XHB,MAS,3.618292,MASCO CORP,https://www.ssga.com/library-content/products/fund-data/etfs/us/holdings-daily-us-en-xhb.xlsx
XHB,NVR,3.550354,NVR INC,https://www.ssga.com/library-content/products/fund-data/etfs/us/holdings-daily-us-en-xhb.xlsx
XHB,MTH,3.525493,MERITAGE HOMES CORP,https://www.ssga.com/library-content/products/fund-data/etfs/us/holdings-daily-us-en-xhb.xlsx
XHB,CVCO,3.523843,CAVCO INDUSTRIES INC,https://www.ssga.com/library-content/products/fund-data/etfs/us/holdings-daily-us-en-xhb.xlsx
XHB,DHI,3.516893,DR HORTON INC,https://www.ssga.com/library-content/products/fund-data/etfs/us/holdings-daily-us-en-xhb.xlsx
XHB,JCI,3.506416,JOHNSON CONTROLS INTERNATION,https://www.ssga.com/library-content/products/fund-data/etfs/us/holdings-daily-us-en-xhb.xlsx
XHB,TT,3.499279,TRANE TECHNOLOGIES PLC,https://www.ssga.com/library-content/products/fund-data/etfs/us/holdings-daily-us-en-xhb.xlsx
XHB,LOW,3.368844,LOWE S COS INC,https://www.ssga.com/library-content/products/fund-data/etfs/us/holdings-daily-us-en-xhb.xlsx
XHB,LEN,3.363539,LENNAR CORP A,https://www.ssga.com/library-content/products/fund-data/etfs/us/holdings-daily-us-en-xhb.xlsx
XHB,SGI,3.292026,SOMNIGROUP INTERNATIONAL INC,https://www.ssga.com/library-content/products/fund-data/etfs/us/holdings-daily-us-en-xhb.xlsx
XHB,BLDR,3.176971,BUILDERS FIRSTSOURCE INC,https://www.ssga.com/library-content/products/fund-data/etfs/us/holdings-daily-us-en-xhb.xlsx
XHB,CARR,3.02788,CARRIER GLOBAL CORP,https://www.ssga.com/library-content/products/fund-data/etfs/us/holdings-daily-us-en-xhb.xlsx
XHB,LII,2.727944,LENNOX INTERNATIONAL INC,https://www.ssga.com/library-content/products/fund-data/etfs/us/holdings-daily-us-en-xhb.xlsx
XHB,MOD,2.408615,MODINE MANUFACTURING CO,https://www.ssga.com/library-content/products/fund-data/etfs/us/holdings-daily-us-en-xhb.xlsx
XHB,MHO,2.395408,M/I HOMES INC,https://www.ssga.com/library-content/products/fund-data/etfs/us/holdings-daily-us-en-xhb.xlsx
XHB,AAON,2.192839,AAON INC,https://www.ssga.com/library-content/products/fund-data/etfs/us/holdings-daily-us-en-xhb.xlsx
XHB,CCS,1.480254,CENTURY COMMUNITIES INC,https://www.ssga.com/library-content/products/fund-data/etfs/us/holdings-daily-us-en-xhb.xlsx
XHB,LGIH,1.266564,LGI HOMES INC,https://www.ssga.com/library-content/products/fund-data/etfs/us/holdings-daily-us-en-xhb.xlsx
XHB,GRBK,1.078127,GREEN BRICK PARTNERS INC,https://www.ssga.com/library-content/products/fund-data/etfs/us/holdings-daily-us-en-xhb.xlsx
XHB,BZH,0.897097,BEAZER HOMES USA INC,https://www.ssga.com/library-content/products/fund-data/etfs/us/holdings-daily-us-en-xhb.xlsx
XHB,HOV,0.702956,HOVNANIAN ENTERPRISES A,https://www.ssga.com/library-content/products/fund-data/etfs/us/holdings-daily-us-en-xhb.xlsx
XHB,DFH,0.519281,DREAM FINDERS HOMES INC   A,https://www.ssga.com/library-content/products/fund-data/etfs/us/holdings-daily-us-en-xhb.xlsx
XHB,-,0.049449,SSI US GOV MONEY MARKET CLASS,https://www.ssga.com/library-content/products/fund-data/etfs/us/holdings-daily-us-en-xhb.xlsx
XME,HL,5.495755,HECLA MINING CO,https://www.ssga.com/library-content/products/fund-data/etfs/us/holdings-daily-us-en-xme.xlsx
XME,NEM,5.226696,NEWMONT CORP,https://www.ssga.com/library-content/products/fund-data/etfs/us/holdings-daily-us-en-xme.xlsx
XME,CDE,5.195128,COEUR MINING INC,https://www.ssga.com/library-content/products/fund-data/etfs/us/holdings-daily-us-en-xme.xlsx
XME,RGLD,5.053315,ROYAL GOLD INC,https://www.ssga.com/library-content/products/fund-data/etfs/us/holdings-daily-us-en-xme.xlsx
XME,UEC,4.987342,URANIUM ENERGY CORP,https://www.ssga.com/library-content/products/fund-data/etfs/us/holdings-daily-us-en-xme.xlsx
XME,FCX,4.665792,FREEPORT MCMORAN INC,https://www.ssga.com/library-content/products/fund-data/etfs/us/holdings-daily-us-en-xme.xlsx
XME,LEU,4.335666,CENTRUS ENERGY CORP CLASS A,https://www.ssga.com/library-content/products/fund-data/etfs/us/holdings-daily-us-en-xme.xlsx
XME,HCC,4.259875,WARRIOR MET COAL INC,https://www.ssga.com/library-content/products/fund-data/etfs/us/holdings-daily-us-en-xme.xlsx
XME,CNR,4.186419,CORE NATURAL RESOURCES INC,https://www.ssga.com/library-content/products/fund-data/etfs/us/holdings-daily-us-en-xme.xlsx
XME,MP,3.978721,MP MATERIALS CORP,https://www.ssga.com/library-content/products/fund-data/etfs/us/holdings-daily-us-en-xme.xlsx
XME,BTU,3.7939,PEABODY ENERGY CORP,https://www.ssga.com/library-content/products/fund-data/etfs/us/holdings-daily-us-en-xme.xlsx
XME,NUE,3.789127,NUCOR CORP,https://www.ssga.com/library-content/products/fund-data/etfs/us/holdings-daily-us-en-xme.xlsx
XME,RS,3.72429,RELIANCE INC,https://www.ssga.com/library-content/products/fund-data/etfs/us/holdings-daily-us-en-xme.xlsx
XME,CLF,3.54759,CLEVELAND CLIFFS INC,https://www.ssga.com/library-content/products/fund-data/etfs/us/holdings-daily-us-en-xme.xlsx
XME,CMC,3.482889,COMMERCIAL METALS CO,https://www.ssga.com/library-content/products/fund-data/etfs/us/holdings-daily-us-en-xme.xlsx
XME,USAR,3.352687,USA RARE EARTH INC,https://www.ssga.com/library-content/products/fund-data/etfs/us/holdings-daily-us-en-xme.xlsx
XME,STLD,3.313322,STEEL DYNAMICS INC,https://www.ssga.com/library-content/products/fund-data/etfs/us/holdings-daily-us-en-xme.xlsx
XME,MTRN,3.037281,MATERION CORP,https://www.ssga.com/library-content/products/fund-data/etfs/us/holdings-daily-us-en-xme.xlsx
XME,CENX,2.989829,CENTURY ALUMINUM COMPANY,https://www.ssga.com/library-content/products/fund-data/etfs/us/holdings-daily-us-en-xme.xlsx
XME,AA,2.908489,ALCOA CORP,https://www.ssga.com/library-content/products/fund-data/etfs/us/holdings-daily-us-en-xme.xlsx
XME,AMR,2.587259,ALPHA METALLURGICAL RESOURCE,https://www.ssga.com/library-content/products/fund-data/etfs/us/holdings-daily-us-en-xme.xlsx
XME,HYMC,2.454972,HYCROFT MINING HOLDING CO A,https://www.ssga.com/library-content/products/fund-data/etfs/us/holdings-daily-us-en-xme.xlsx
XME,KALU,2.118171,KAISER ALUMINUM CORP,https://www.ssga.com/library-content/products/fund-data/etfs/us/holdings-daily-us-en-xme.xlsx
XME,IE,1.822867,IVANHOE ELECTRIC INC / US,https://www.ssga.com/library-content/products/fund-data/etfs/us/holdings-daily-us-en-xme.xlsx
XME,MUX,1.356499,MCEWEN INC,https://www.ssga.com/library-content/products/fund-data/etfs/us/holdings-daily-us-en-xme.xlsx
XME,SXC,0.856762,SUNCOKE ENERGY INC,https://www.ssga.com/library-content/products/fund-data/etfs/us/holdings-daily-us-en-xme.xlsx
XME,UAMY,0.836159,UNITED STATES ANTIMONY CORP,https://www.ssga.com/library-content/products/fund-data/etfs/us/holdings-daily-us-en-xme.xlsx
XME,CMP,0.802672,COMPASS MINERALS INTERNATION,https://www.ssga.com/library-content/products/fund-data/etfs/us/holdings-daily-us-en-xme.xlsx
XME,CTGO,0.711894,CONTANGO SILVER + GOLD INC,https://www.ssga.com/library-content/products/fund-data/etfs/us/holdings-daily-us-en-xme.xlsx
XME,DC,0.653097,DAKOTA GOLD CORP,https://www.ssga.com/library-content/products/fund-data/etfs/us/holdings-daily-us-en-xme.xlsx
XME,IDR,0.605671,IDAHO STRATEGIC RESOURCES IN,https://www.ssga.com/library-content/products/fund-data/etfs/us/holdings-daily-us-en-xme.xlsx
XME,METC,0.588916,RAMACO RESOURCES INC A,https://www.ssga.com/library-content/products/fund-data/etfs/us/holdings-daily-us-en-xme.xlsx
XME,URG,0.587463,UR ENERGY INC,https://www.ssga.com/library-content/products/fund-data/etfs/us/holdings-daily-us-en-xme.xlsx
XME,RYZ,0.580991,RYERSON HOLDING CORP,https://www.ssga.com/library-content/products/fund-data/etfs/us/holdings-daily-us-en-xme.xlsx
XME,WS,0.54502,WORTHINGTON STEEL INC,https://www.ssga.com/library-content/products/fund-data/etfs/us/holdings-daily-us-en-xme.xlsx
XME,ABAT,0.430351,AMERICAN BATTERY TECHNOLOGY,https://www.ssga.com/library-content/products/fund-data/etfs/us/holdings-daily-us-en-xme.xlsx
XME,MTUS,0.388047,METALLUS INC,https://www.ssga.com/library-content/products/fund-data/etfs/us/holdings-daily-us-en-xme.xlsx
XME,LTBR,0.34135,LIGHTBRIDGE CORP,https://www.ssga.com/library-content/products/fund-data/etfs/us/holdings-daily-us-en-xme.xlsx
XME,ALOY,0.338478,REALLOYS INC,https://www.ssga.com/library-content/products/fund-data/etfs/us/holdings-daily-us-en-xme.xlsx
XME,-,0.061664,SSI US GOV MONEY MARKET CLASS,https://www.ssga.com/library-content/products/fund-data/etfs/us/holdings-daily-us-en-xme.xlsx
XOP,PBF,3.779655,PBF ENERGY INC CLASS A,https://www.ssga.com/library-content/products/fund-data/etfs/us/holdings-daily-us-en-xop.xlsx
XOP,DK,3.309737,DELEK US HOLDINGS INC,https://www.ssga.com/library-content/products/fund-data/etfs/us/holdings-daily-us-en-xop.xlsx
XOP,DINO,3.180857,HF SINCLAIR CORP,https://www.ssga.com/library-content/products/fund-data/etfs/us/holdings-daily-us-en-xop.xlsx
XOP,MPC,3.16232,MARATHON PETROLEUM CORP,https://www.ssga.com/library-content/products/fund-data/etfs/us/holdings-daily-us-en-xop.xlsx
XOP,PARR,3.088397,PAR PACIFIC HOLDINGS INC,https://www.ssga.com/library-content/products/fund-data/etfs/us/holdings-daily-us-en-xop.xlsx
XOP,VLO,3.083386,VALERO ENERGY CORP,https://www.ssga.com/library-content/products/fund-data/etfs/us/holdings-daily-us-en-xop.xlsx
XOP,PSX,3.031219,PHILLIPS 66,https://www.ssga.com/library-content/products/fund-data/etfs/us/holdings-daily-us-en-xop.xlsx
XOP,CRGY,2.610017,CRESCENT ENERGY INC A,https://www.ssga.com/library-content/products/fund-data/etfs/us/holdings-daily-us-en-xop.xlsx
XOP,PR,2.59709,PERMIAN RESOURCES CORP CL A,https://www.ssga.com/library-content/products/fund-data/etfs/us/holdings-daily-us-en-xop.xlsx
XOP,APA,2.526997,APA CORP,https://www.ssga.com/library-content/products/fund-data/etfs/us/holdings-daily-us-en-xop.xlsx
XOP,SM,2.517815,SM ENERGY CO,https://www.ssga.com/library-content/products/fund-data/etfs/us/holdings-daily-us-en-xop.xlsx
XOP,OVV,2.516417,OVINTIV INC,https://www.ssga.com/library-content/products/fund-data/etfs/us/holdings-daily-us-en-xop.xlsx
XOP,EXE,2.501954,EXPAND ENERGY CORP,https://www.ssga.com/library-content/products/fund-data/etfs/us/holdings-daily-us-en-xop.xlsx
XOP,CLMT,2.464015,CALUMET INC,https://www.ssga.com/library-content/products/fund-data/etfs/us/holdings-daily-us-en-xop.xlsx
XOP,CNX,2.461218,CNX RESOURCES CORP,https://www.ssga.com/library-content/products/fund-data/etfs/us/holdings-daily-us-en-xop.xlsx
XOP,COP,2.453729,CONOCOPHILLIPS,https://www.ssga.com/library-content/products/fund-data/etfs/us/holdings-daily-us-en-xop.xlsx
XOP,AR,2.435252,ANTERO RESOURCES CORP,https://www.ssga.com/library-content/products/fund-data/etfs/us/holdings-daily-us-en-xop.xlsx
XOP,VG,2.408427,VENTURE GLOBAL INC CL A,https://www.ssga.com/library-content/products/fund-data/etfs/us/holdings-daily-us-en-xop.xlsx
XOP,CVX,2.400745,CHEVRON CORP,https://www.ssga.com/library-content/products/fund-data/etfs/us/holdings-daily-us-en-xop.xlsx
XOP,RRC,2.391046,RANGE RESOURCES CORP,https://www.ssga.com/library-content/products/fund-data/etfs/us/holdings-daily-us-en-xop.xlsx
XOP,CHRD,2.383744,CHORD ENERGY CORP,https://www.ssga.com/library-content/products/fund-data/etfs/us/holdings-daily-us-en-xop.xlsx
XOP,XOM,2.348427,EXXONMOBIL HOLDINGS CORP,https://www.ssga.com/library-content/products/fund-data/etfs/us/holdings-daily-us-en-xop.xlsx
XOP,EQT,2.341357,EQT CORP,https://www.ssga.com/library-content/products/fund-data/etfs/us/holdings-daily-us-en-xop.xlsx
XOP,OXY,2.33626,OCCIDENTAL PETROLEUM CORP,https://www.ssga.com/library-content/products/fund-data/etfs/us/holdings-daily-us-en-xop.xlsx
XOP,MTDR,2.31807,MATADOR RESOURCES CO,https://www.ssga.com/library-content/products/fund-data/etfs/us/holdings-daily-us-en-xop.xlsx
XOP,EOG,2.306605,EOG RESOURCES INC,https://www.ssga.com/library-content/products/fund-data/etfs/us/holdings-daily-us-en-xop.xlsx
XOP,DVN,2.29357,DEVON ENERGY CORP,https://www.ssga.com/library-content/products/fund-data/etfs/us/holdings-daily-us-en-xop.xlsx
XOP,FANG,2.269962,DIAMONDBACK ENERGY INC,https://www.ssga.com/library-content/products/fund-data/etfs/us/holdings-daily-us-en-xop.xlsx
XOP,VNOM,2.227077,VIPER ENERGY INC CL A,https://www.ssga.com/library-content/products/fund-data/etfs/us/holdings-daily-us-en-xop.xlsx
XOP,NOG,2.211559,NORTHERN OIL AND GAS INC,https://www.ssga.com/library-content/products/fund-data/etfs/us/holdings-daily-us-en-xop.xlsx
XOP,TPL,2.192068,TEXAS PACIFIC LAND CORP,https://www.ssga.com/library-content/products/fund-data/etfs/us/holdings-daily-us-en-xop.xlsx
XOP,MGY,2.13065,MAGNOLIA OIL + GAS CORP   A,https://www.ssga.com/library-content/products/fund-data/etfs/us/holdings-daily-us-en-xop.xlsx
XOP,GPOR,2.096118,GULFPORT ENERGY CORP,https://www.ssga.com/library-content/products/fund-data/etfs/us/holdings-daily-us-en-xop.xlsx
XOP,MUR,2.018724,MURPHY OIL CORP,https://www.ssga.com/library-content/products/fund-data/etfs/us/holdings-daily-us-en-xop.xlsx
XOP,CRC,2.002657,CALIFORNIA RESOURCES CORP,https://www.ssga.com/library-content/products/fund-data/etfs/us/holdings-daily-us-en-xop.xlsx
XOP,TALO,1.583506,TALOS ENERGY INC,https://www.ssga.com/library-content/products/fund-data/etfs/us/holdings-daily-us-en-xop.xlsx
XOP,KOS,1.240231,KOSMOS ENERGY LTD,https://www.ssga.com/library-content/products/fund-data/etfs/us/holdings-daily-us-en-xop.xlsx
XOP,WKC,1.112318,WORLD KINECT CORP,https://www.ssga.com/library-content/products/fund-data/etfs/us/holdings-daily-us-en-xop.xlsx
XOP,CVI,1.082894,CVR ENERGY INC,https://www.ssga.com/library-content/products/fund-data/etfs/us/holdings-daily-us-en-xop.xlsx
XOP,CRK,0.91087,COMSTOCK RESOURCES INC,https://www.ssga.com/library-content/products/fund-data/etfs/us/holdings-daily-us-en-xop.xlsx
XOP,GPRE,0.868132,GREEN PLAINS INC,https://www.ssga.com/library-content/products/fund-data/etfs/us/holdings-daily-us-en-xop.xlsx
XOP,BKV,0.747111,BKV CORPORATION,https://www.ssga.com/library-content/products/fund-data/etfs/us/holdings-daily-us-en-xop.xlsx
XOP,DEC,0.66959,DIVERSIFIED ENERGY CO,https://www.ssga.com/library-content/products/fund-data/etfs/us/holdings-daily-us-en-xop.xlsx
XOP,SOC,0.585724,SABLE OFFSHORE CORP,https://www.ssga.com/library-content/products/fund-data/etfs/us/holdings-daily-us-en-xop.xlsx
XOP,EGY,0.455337,VAALCO ENERGY INC,https://www.ssga.com/library-content/products/fund-data/etfs/us/holdings-daily-us-en-xop.xlsx
XOP,VTS,0.407148,VITESSE ENERGY INC,https://www.ssga.com/library-content/products/fund-data/etfs/us/holdings-daily-us-en-xop.xlsx
XOP,REX,0.404006,REX AMERICAN RESOURCES CORP,https://www.ssga.com/library-content/products/fund-data/etfs/us/holdings-daily-us-en-xop.xlsx
XOP,GEVO,0.399179,GEVO INC,https://www.ssga.com/library-content/products/fund-data/etfs/us/holdings-daily-us-en-xop.xlsx
XOP,NUAI,0.356568,NEW ERA ENERGY + DIGITAL INC,https://www.ssga.com/library-content/products/fund-data/etfs/us/holdings-daily-us-en-xop.xlsx
XOP,SD,0.30699,SANDRIDGE ENERGY INC,https://www.ssga.com/library-content/products/fund-data/etfs/us/holdings-daily-us-en-xop.xlsx
XOP,CLNE,0.122984,CLEAN ENERGY FUELS CORP,https://www.ssga.com/library-content/products/fund-data/etfs/us/holdings-daily-us-en-xop.xlsx
XOP,-,0.110483,SSI US GOV MONEY MARKET CLASS,https://www.ssga.com/library-content/products/fund-data/etfs/us/holdings-daily-us-en-xop.xlsx
XOP,IXPU6,0.011986,XAE ENERGY        SEP26,https://www.ssga.com/library-content/products/fund-data/etfs/us/holdings-daily-us-en-xop.xlsx
XRT,ANF,2.373966,ABERCROMBIE + FITCH CO CL A,https://www.ssga.com/library-content/products/fund-data/etfs/us/holdings-daily-us-en-xrt.xlsx
XRT,HZO,2.184784,MARINEMAX INC,https://www.ssga.com/library-content/products/fund-data/etfs/us/holdings-daily-us-en-xrt.xlsx
XRT,GO,1.797745,GROCERY OUTLET HOLDING CORP,https://www.ssga.com/library-content/products/fund-data/etfs/us/holdings-daily-us-en-xrt.xlsx
XRT,KMX,1.747758,CARMAX INC,https://www.ssga.com/library-content/products/fund-data/etfs/us/holdings-daily-us-en-xrt.xlsx
XRT,TGT,1.740809,TARGET CORP,https://www.ssga.com/library-content/products/fund-data/etfs/us/holdings-daily-us-en-xrt.xlsx
XRT,SBH,1.72702,SALLY BEAUTY HOLDINGS INC,https://www.ssga.com/library-content/products/fund-data/etfs/us/holdings-daily-us-en-xrt.xlsx
XRT,FIVE,1.685851,FIVE BELOW,https://www.ssga.com/library-content/products/fund-data/etfs/us/holdings-daily-us-en-xrt.xlsx
XRT,CART,1.674018,MAPLEBEAR INC,https://www.ssga.com/library-content/products/fund-data/etfs/us/holdings-daily-us-en-xrt.xlsx
XRT,PAG,1.662398,PENSKE AUTOMOTIVE GROUP INC,https://www.ssga.com/library-content/products/fund-data/etfs/us/holdings-daily-us-en-xrt.xlsx
XRT,ETSY,1.659991,ETSY INC,https://www.ssga.com/library-content/products/fund-data/etfs/us/holdings-daily-us-en-xrt.xlsx
XRT,LAD,1.659299,LITHIA MOTORS INC,https://www.ssga.com/library-content/products/fund-data/etfs/us/holdings-daily-us-en-xrt.xlsx
XRT,REAL,1.635858,REALREAL INC/THE,https://www.ssga.com/library-content/products/fund-data/etfs/us/holdings-daily-us-en-xrt.xlsx
XRT,VSXY,1.615167,VICTORIA S SECRET + CO,https://www.ssga.com/library-content/products/fund-data/etfs/us/holdings-daily-us-en-xrt.xlsx
XRT,CHWY,1.589094,CHEWY INC   CLASS A,https://www.ssga.com/library-content/products/fund-data/etfs/us/holdings-daily-us-en-xrt.xlsx
XRT,DLTR,1.587047,DOLLAR TREE INC,https://www.ssga.com/library-content/products/fund-data/etfs/us/holdings-daily-us-en-xrt.xlsx
XRT,TSCO,1.54013,TRACTOR SUPPLY COMPANY,https://www.ssga.com/library-content/products/fund-data/etfs/us/holdings-daily-us-en-xrt.xlsx
XRT,RVLV,1.536724,REVOLVE GROUP INC,https://www.ssga.com/library-content/products/fund-data/etfs/us/holdings-daily-us-en-xrt.xlsx
XRT,AMZN,1.52732,AMAZON.COM INC,https://www.ssga.com/library-content/products/fund-data/etfs/us/holdings-daily-us-en-xrt.xlsx
XRT,DG,1.525788,DOLLAR GENERAL CORP,https://www.ssga.com/library-content/products/fund-data/etfs/us/holdings-daily-us-en-xrt.xlsx
XRT,URBN,1.522641,URBAN OUTFITTERS INC,https://www.ssga.com/library-content/products/fund-data/etfs/us/holdings-daily-us-en-xrt.xlsx
XRT,GAP,1.518924,GAP INC/THE,https://www.ssga.com/library-content/products/fund-data/etfs/us/holdings-daily-us-en-xrt.xlsx
XRT,KSS,1.50518,KOHLS CORP,https://www.ssga.com/library-content/products/fund-data/etfs/us/holdings-daily-us-en-xrt.xlsx
XRT,CVNA,1.502708,CARVANA CO,https://www.ssga.com/library-content/products/fund-data/etfs/us/holdings-daily-us-en-xrt.xlsx
XRT,ULTA,1.500244,ULTA BEAUTY INC,https://www.ssga.com/library-content/products/fund-data/etfs/us/holdings-daily-us-en-xrt.xlsx
XRT,CPNG,1.491308,COUPANG INC,https://www.ssga.com/library-content/products/fund-data/etfs/us/holdings-daily-us-en-xrt.xlsx
XRT,BBY,1.487366,BEST BUY CO INC,https://www.ssga.com/library-content/products/fund-data/etfs/us/holdings-daily-us-en-xrt.xlsx
XRT,ABG,1.457542,ASBURY AUTOMOTIVE GROUP,https://www.ssga.com/library-content/products/fund-data/etfs/us/holdings-daily-us-en-xrt.xlsx
XRT,GRPN,1.45697,GROUPON INC,https://www.ssga.com/library-content/products/fund-data/etfs/us/holdings-daily-us-en-xrt.xlsx
XRT,DDS,1.454127,DILLARDS INC CL A,https://www.ssga.com/library-content/products/fund-data/etfs/us/holdings-daily-us-en-xrt.xlsx
XRT,UPBD,1.451054,UPBOUND GROUP INC,https://www.ssga.com/library-content/products/fund-data/etfs/us/holdings-daily-us-en-xrt.xlsx
XRT,BBWI,1.447741,BATH + BODY WORKS INC,https://www.ssga.com/library-content/products/fund-data/etfs/us/holdings-daily-us-en-xrt.xlsx
XRT,AN,1.413392,AUTONATION INC,https://www.ssga.com/library-content/products/fund-data/etfs/us/holdings-daily-us-en-xrt.xlsx
XRT,WRBY,1.363742,WARBY PARKER INC CLASS A,https://www.ssga.com/library-content/products/fund-data/etfs/us/holdings-daily-us-en-xrt.xlsx
XRT,EBAY,1.355108,EBAY INC,https://www.ssga.com/library-content/products/fund-data/etfs/us/holdings-daily-us-en-xrt.xlsx
XRT,EYE,1.34942,NATIONAL VISION HOLDINGS INC,https://www.ssga.com/library-content/products/fund-data/etfs/us/holdings-daily-us-en-xrt.xlsx
XRT,ROST,1.345377,ROSS STORES INC,https://www.ssga.com/library-content/products/fund-data/etfs/us/holdings-daily-us-en-xrt.xlsx
XRT,BKE,1.33705,BUCKLE INC/THE,https://www.ssga.com/library-content/products/fund-data/etfs/us/holdings-daily-us-en-xrt.xlsx
XRT,BJ,1.336674,BJ S WHOLESALE CLUB HOLDINGS,https://www.ssga.com/library-content/products/fund-data/etfs/us/holdings-daily-us-en-xrt.xlsx
XRT,ORLY,1.335406,O REILLY AUTOMOTIVE INC,https://www.ssga.com/library-content/products/fund-data/etfs/us/holdings-daily-us-en-xrt.xlsx
XRT,PSMT,1.323308,PRICESMART INC,https://www.ssga.com/library-content/products/fund-data/etfs/us/holdings-daily-us-en-xrt.xlsx
XRT,SIG,1.31403,SIGNET JEWELERS LTD,https://www.ssga.com/library-content/products/fund-data/etfs/us/holdings-daily-us-en-xrt.xlsx
XRT,AEO,1.3136,AMERICAN EAGLE OUTFITTERS,https://www.ssga.com/library-content/products/fund-data/etfs/us/holdings-daily-us-en-xrt.xlsx
XRT,COST,1.311255,COSTCO WHOLESALE CORP,https://www.ssga.com/library-content/products/fund-data/etfs/us/holdings-daily-us-en-xrt.xlsx
XRT,AZO,1.298937,AUTOZONE INC,https://www.ssga.com/library-content/products/fund-data/etfs/us/holdings-daily-us-en-xrt.xlsx
XRT,M,1.297204,MACY S INC,https://www.ssga.com/library-content/products/fund-data/etfs/us/holdings-daily-us-en-xrt.xlsx
XRT,SAH,1.292361,SONIC AUTOMOTIVE INC CLASS A,https://www.ssga.com/library-content/products/fund-data/etfs/us/holdings-daily-us-en-xrt.xlsx
XRT,SFM,1.280574,SPROUTS FARMERS MARKET INC,https://www.ssga.com/library-content/products/fund-data/etfs/us/holdings-daily-us-en-xrt.xlsx
XRT,BOOT,1.279257,BOOT BARN HOLDINGS INC,https://www.ssga.com/library-content/products/fund-data/etfs/us/holdings-daily-us-en-xrt.xlsx
XRT,OLLI,1.262541,OLLIE S BARGAIN OUTLET HOLDI,https://www.ssga.com/library-content/products/fund-data/etfs/us/holdings-daily-us-en-xrt.xlsx
XRT,KR,1.221993,KROGER CO,https://www.ssga.com/library-content/products/fund-data/etfs/us/holdings-daily-us-en-xrt.xlsx
XRT,VVV,1.206794,VALVOLINE INC,https://www.ssga.com/library-content/products/fund-data/etfs/us/holdings-daily-us-en-xrt.xlsx
XRT,IMKTA,1.197474,INGLES MARKETS INC CLASS A,https://www.ssga.com/library-content/products/fund-data/etfs/us/holdings-daily-us-en-xrt.xlsx
XRT,ASO,1.190492,ACADEMY SPORTS + OUTDOORS IN,https://www.ssga.com/library-content/products/fund-data/etfs/us/holdings-daily-us-en-xrt.xlsx
XRT,WMK,1.18425,WEIS MARKETS INC,https://www.ssga.com/library-content/products/fund-data/etfs/us/holdings-daily-us-en-xrt.xlsx
XRT,WINA,1.181701,WINMARK CORP,https://www.ssga.com/library-content/products/fund-data/etfs/us/holdings-daily-us-en-xrt.xlsx
XRT,WMT,1.166818,WALMART INC,https://www.ssga.com/library-content/products/fund-data/etfs/us/holdings-daily-us-en-xrt.xlsx
XRT,BURL,1.139015,BURLINGTON STORES INC,https://www.ssga.com/library-content/products/fund-data/etfs/us/holdings-daily-us-en-xrt.xlsx
XRT,CASY,1.127261,CASEY S GENERAL STORES INC,https://www.ssga.com/library-content/products/fund-data/etfs/us/holdings-daily-us-en-xrt.xlsx
XRT,MUSA,1.122239,MURPHY USA INC,https://www.ssga.com/library-content/products/fund-data/etfs/us/holdings-daily-us-en-xrt.xlsx
XRT,ACI,1.119312,ALBERTSONS COS INC   CLASS A,https://www.ssga.com/library-content/products/fund-data/etfs/us/holdings-daily-us-en-xrt.xlsx
XRT,GPI,1.104858,GROUP 1 AUTOMOTIVE INC,https://www.ssga.com/library-content/products/fund-data/etfs/us/holdings-daily-us-en-xrt.xlsx
XRT,TJX,1.100115,TJX COMPANIES INC,https://www.ssga.com/library-content/products/fund-data/etfs/us/holdings-daily-us-en-xrt.xlsx
XRT,GME,1.087887,GAMESTOP CORP CLASS A,https://www.ssga.com/library-content/products/fund-data/etfs/us/holdings-daily-us-en-xrt.xlsx
XRT,MNRO,0.990939,MONRO INC,https://www.ssga.com/library-content/products/fund-data/etfs/us/holdings-daily-us-en-xrt.xlsx
XRT,AAP,0.986584,ADVANCE AUTO PARTS INC,https://www.ssga.com/library-content/products/fund-data/etfs/us/holdings-daily-us-en-xrt.xlsx
XRT,CAL,0.965255,CALERES INC,https://www.ssga.com/library-content/products/fund-data/etfs/us/holdings-daily-us-en-xrt.xlsx
XRT,CWH,0.926455,CAMPING WORLD HOLDINGS INC A,https://www.ssga.com/library-content/products/fund-data/etfs/us/holdings-daily-us-en-xrt.xlsx
XRT,PTRN,0.92243,PATTERN GROUP INC CL A,https://www.ssga.com/library-content/products/fund-data/etfs/us/holdings-daily-us-en-xrt.xlsx
XRT,DKS,0.857718,DICK S SPORTING GOODS INC,https://www.ssga.com/library-content/products/fund-data/etfs/us/holdings-daily-us-en-xrt.xlsx
XRT,BBW,0.8393,BUILD A BEAR WORKSHOP INC,https://www.ssga.com/library-content/products/fund-data/etfs/us/holdings-daily-us-en-xrt.xlsx
XRT,SFIX,0.820884,STITCH FIX INC CLASS A,https://www.ssga.com/library-content/products/fund-data/etfs/us/holdings-daily-us-en-xrt.xlsx
XRT,SVV,0.807985,SAVERS VALUE VILLAGE INC,https://www.ssga.com/library-content/products/fund-data/etfs/us/holdings-daily-us-en-xrt.xlsx
XRT,TDUP,0.586889,THREDUP INC   CLASS A,https://www.ssga.com/library-content/products/fund-data/etfs/us/holdings-daily-us-en-xrt.xlsx
XRT,EVGO,0.503053,EVGO INC,https://www.ssga.com/library-content/products/fund-data/etfs/us/holdings-daily-us-en-xrt.xlsx
XRT,ARKO,0.435528,ARKO CORP,https://www.ssga.com/library-content/products/fund-data/etfs/us/holdings-daily-us-en-xrt.xlsx
XRT,-,0.050007,SSI US GOV MONEY MARKET CLASS,https://www.ssga.com/library-content/products/fund-data/etfs/us/holdings-daily-us-en-xrt.xlsx
XSD,PI,3.849091,IMPINJ INC,https://www.ssga.com/library-content/products/fund-data/etfs/us/holdings-daily-us-en-xsd.xlsx
XSD,AMBA,3.131826,AMBARELLA INC,https://www.ssga.com/library-content/products/fund-data/etfs/us/holdings-daily-us-en-xsd.xlsx
XSD,NVDA,3.015575,NVIDIA CORP,https://www.ssga.com/library-content/products/fund-data/etfs/us/holdings-daily-us-en-xsd.xlsx
XSD,MU,2.897493,MICRON TECHNOLOGY INC,https://www.ssga.com/library-content/products/fund-data/etfs/us/holdings-daily-us-en-xsd.xlsx
XSD,AMD,2.852218,ADVANCED MICRO DEVICES,https://www.ssga.com/library-content/products/fund-data/etfs/us/holdings-daily-us-en-xsd.xlsx
XSD,SLAB,2.78103,SILICON LABORATORIES INC,https://www.ssga.com/library-content/products/fund-data/etfs/us/holdings-daily-us-en-xsd.xlsx
XSD,QRVO,2.76436,QORVO INC,https://www.ssga.com/library-content/products/fund-data/etfs/us/holdings-daily-us-en-xsd.xlsx
XSD,AVGO,2.746432,BROADCOM INC,https://www.ssga.com/library-content/products/fund-data/etfs/us/holdings-daily-us-en-xsd.xlsx
XSD,CRDO,2.715051,CREDO TECHNOLOGY GROUP HOLDI,https://www.ssga.com/library-content/products/fund-data/etfs/us/holdings-daily-us-en-xsd.xlsx
XSD,OLED,2.632914,UNIVERSAL DISPLAY CORP,https://www.ssga.com/library-content/products/fund-data/etfs/us/holdings-daily-us-en-xsd.xlsx
XSD,SWKS,2.594835,SKYWORKS SOLUTIONS INC,https://www.ssga.com/library-content/products/fund-data/etfs/us/holdings-daily-us-en-xsd.xlsx
XSD,ADI,2.554247,ANALOG DEVICES INC,https://www.ssga.com/library-content/products/fund-data/etfs/us/holdings-daily-us-en-xsd.xlsx
XSD,TXN,2.543013,TEXAS INSTRUMENTS INC,https://www.ssga.com/library-content/products/fund-data/etfs/us/holdings-daily-us-en-xsd.xlsx
XSD,DIOD,2.428777,DIODES INC,https://www.ssga.com/library-content/products/fund-data/etfs/us/holdings-daily-us-en-xsd.xlsx
XSD,ALAB,2.424133,ASTERA LABS INC,https://www.ssga.com/library-content/products/fund-data/etfs/us/holdings-daily-us-en-xsd.xlsx
XSD,LSCC,2.394428,LATTICE SEMICONDUCTOR CORP,https://www.ssga.com/library-content/products/fund-data/etfs/us/holdings-daily-us-en-xsd.xlsx
XSD,QCOM,2.380704,QUALCOMM INC,https://www.ssga.com/library-content/products/fund-data/etfs/us/holdings-daily-us-en-xsd.xlsx
XSD,MXL,2.37844,MAXLINEAR INC,https://www.ssga.com/library-content/products/fund-data/etfs/us/holdings-daily-us-en-xsd.xlsx
XSD,MRVL,2.375378,MARVELL TECHNOLOGY INC,https://www.ssga.com/library-content/products/fund-data/etfs/us/holdings-daily-us-en-xsd.xlsx
XSD,MPWR,2.364187,MONOLITHIC POWER SYSTEMS INC,https://www.ssga.com/library-content/products/fund-data/etfs/us/holdings-daily-us-en-xsd.xlsx
XSD,SMTC,2.356968,SEMTECH CORP,https://www.ssga.com/library-content/products/fund-data/etfs/us/holdings-daily-us-en-xsd.xlsx
XSD,PENG,2.345446,PENGUIN SOLUTIONS INC,https://www.ssga.com/library-content/products/fund-data/etfs/us/holdings-daily-us-en-xsd.xlsx
XSD,SITM,2.328287,SITIME CORP,https://www.ssga.com/library-content/products/fund-data/etfs/us/holdings-daily-us-en-xsd.xlsx
XSD,INTC,2.317163,INTEL CORP,https://www.ssga.com/library-content/products/fund-data/etfs/us/holdings-daily-us-en-xsd.xlsx
XSD,MCHP,2.299981,MICROCHIP TECHNOLOGY INC,https://www.ssga.com/library-content/products/fund-data/etfs/us/holdings-daily-us-en-xsd.xlsx
XSD,FSLR,2.273922,FIRST SOLAR INC,https://www.ssga.com/library-content/products/fund-data/etfs/us/holdings-daily-us-en-xsd.xlsx
XSD,ALGM,2.226363,ALLEGRO MICROSYSTEMS INC,https://www.ssga.com/library-content/products/fund-data/etfs/us/holdings-daily-us-en-xsd.xlsx
XSD,RGTI,2.222678,RIGETTI COMPUTING INC,https://www.ssga.com/library-content/products/fund-data/etfs/us/holdings-daily-us-en-xsd.xlsx
XSD,NXPI,2.170481,NXP SEMICONDUCTORS NV,https://www.ssga.com/library-content/products/fund-data/etfs/us/holdings-daily-us-en-xsd.xlsx
XSD,CBRS,2.092123,CEREBRAS SYSTEMS INC   A,https://www.ssga.com/library-content/products/fund-data/etfs/us/holdings-daily-us-en-xsd.xlsx
XSD,MTSI,2.075417,MACOM TECHNOLOGY SOLUTIONS H,https://www.ssga.com/library-content/products/fund-data/etfs/us/holdings-daily-us-en-xsd.xlsx
XSD,SYNA,2.04609,SYNAPTICS INC,https://www.ssga.com/library-content/products/fund-data/etfs/us/holdings-daily-us-en-xsd.xlsx
XSD,POWI,1.905347,POWER INTEGRATIONS INC,https://www.ssga.com/library-content/products/fund-data/etfs/us/holdings-daily-us-en-xsd.xlsx
XSD,CRUS,1.905083,CIRRUS LOGIC INC,https://www.ssga.com/library-content/products/fund-data/etfs/us/holdings-daily-us-en-xsd.xlsx
XSD,ON,1.827198,ON SEMICONDUCTOR,https://www.ssga.com/library-content/products/fund-data/etfs/us/holdings-daily-us-en-xsd.xlsx
XSD,INDI,1.76522,INDIE SEMICONDUCTOR INC A,https://www.ssga.com/library-content/products/fund-data/etfs/us/holdings-daily-us-en-xsd.xlsx
XSD,RMBS,1.721288,RAMBUS INC,https://www.ssga.com/library-content/products/fund-data/etfs/us/holdings-daily-us-en-xsd.xlsx
XSD,TE,1.717877,T1 ENERGY INC,https://www.ssga.com/library-content/products/fund-data/etfs/us/holdings-daily-us-en-xsd.xlsx
XSD,WOLF,1.650508,WOLFSPEED INC,https://www.ssga.com/library-content/products/fund-data/etfs/us/holdings-daily-us-en-xsd.xlsx
XSD,NVTS,1.55384,NAVITAS SEMICONDUCTOR CORP,https://www.ssga.com/library-content/products/fund-data/etfs/us/holdings-daily-us-en-xsd.xlsx
XSD,KOPN,1.518927,KOPIN CORP,https://www.ssga.com/library-content/products/fund-data/etfs/us/holdings-daily-us-en-xsd.xlsx
XSD,AOSL,1.28177,ALPHA + OMEGA SEMICONDUCTOR,https://www.ssga.com/library-content/products/fund-data/etfs/us/holdings-daily-us-en-xsd.xlsx
XSD,AMBQ,0.765083,AMBIQ MICRO INC,https://www.ssga.com/library-content/products/fund-data/etfs/us/holdings-daily-us-en-xsd.xlsx
XSD,CEVA,0.720792,CEVA INC,https://www.ssga.com/library-content/products/fund-data/etfs/us/holdings-daily-us-en-xsd.xlsx
XSD,MRAM,0.558572,EVERSPIN TECHNOLOGIES INC,https://www.ssga.com/library-content/products/fund-data/etfs/us/holdings-daily-us-en-xsd.xlsx
XSD,NVEC,0.5069,NVE CORP,https://www.ssga.com/library-content/products/fund-data/etfs/us/holdings-daily-us-en-xsd.xlsx
XSD,-,0.019801,SSI US GOV MONEY MARKET CLASS,https://www.ssga.com/library-content/products/fund-data/etfs/us/holdings-daily-us-en-xsd.xlsx
XSD,IONQ,2e-06,IONQ INC,https://www.ssga.com/library-content/products/fund-data/etfs/us/holdings-daily-us-en-xsd.xlsx
