etf,holding_rank,holding_weight_pct,symbol,name,group,group_sector,group_phase,group_rank,group_score,group_pioneer_score,group_breadth_score,stock_rank_within_group,role,strength,rs189,rs63,rs21,acceleration,slow_acceleration,breakout_status
IGV,1,10.29,PLTR,Palantir Technologies Inc. Class A,Comp Sftwr - Enterprise,Technology Services,EMERGING,1,72.4,84.1,54.9,26,PIONEER,68.9,51.1,76.1,98.5,22.4,24.9,BREAKOUT_WATCH
IGV,2,9.72,PANW,"Palo Alto Networks, Inc.",Computer Sftwr-Security,Technology Services,EMERGING,9,70.2,78.1,58.4,3,LEADER,86.2,95.4,88.6,83.9,-4.7,-6.8,NONE
IGV,3,9.18,MSFT,Microsoft Corporation,Comp Sftwr - Enterprise,Technology Services,EMERGING,1,72.4,84.1,54.9,31,FOLLOWER,59.7,42.0,65.1,75.4,10.4,23.1,NONE
IGV,4,7.37,CRWD,"CrowdStrike Holdings, Inc. Class A",Computer Sftwr-Security,Technology Services,EMERGING,9,70.2,78.1,58.4,1,PIONEER,90.8,92.6,79.1,89.5,10.4,-13.4,BREAKOUT_NOW
IGV,5,6.6,CRM,"Salesforce, Inc.",Comp Sftwr - Enterprise,Technology Services,EMERGING,1,72.4,84.1,54.9,14,PIONEER,78.2,52.6,85.0,96.7,11.7,32.5,NONE
IGV,6,5.33,ORCL,Oracle Corporation,Computer Sftwr-Database,Technology Services,EMERGING,4,73.0,80.2,62.2,13,FOLLOWER,24.1,10.4,4.0,83.7,79.6,-6.4,NONE
IGV,7,4.82,NOW,"ServiceNow, Inc.",Comp Sftwr - Enterprise,Technology Services,EMERGING,1,72.4,84.1,54.9,39,FOLLOWER,50.3,24.5,62.3,95.0,32.7,37.9,BREAKOUT_RECENT
IGV,8,3.74,ADBE,Adobe Inc.,Computer Sftwr-Design,Technology Services,LOSING,50,58.1,66.4,45.7,2,FOLLOWER,46.7,24.5,57.8,86.0,28.2,33.3,BREAKOUT_WATCH
IGV,9,3.36,FTNT,"Fortinet, Inc.",Computer Sftwr-Security,Technology Services,EMERGING,9,70.2,78.1,58.4,5,LEADER,82.1,96.0,76.4,66.6,-9.8,-19.5,NONE
IGV,10,3.14,INTU,Intuit Inc.,Comp Sftwr - Financial,Technology Services,LOSING,77,51.4,56.9,43.2,17,FOLLOWER,35.0,4.4,47.5,82.0,34.5,43.1,NONE
IGV,11,2.95,CDNS,"Cadence Design Systems, Inc.",Computer Sftwr-Design,Technology Services,LOSING,50,58.1,66.4,45.7,10,FOLLOWER,32.2,48.6,13.2,42.9,29.7,-35.4,NONE
IGV,12,2.66,SNPS,"Synopsys, Inc.",Computer Sftwr-Design,Technology Services,LOSING,50,58.1,66.4,45.7,6,FOLLOWER,41.2,44.5,21.5,81.1,59.6,-23.0,NONE
IGV,13,2.48,DDOG,"Datadog, Inc. Class A",Comp Sftwr - Enterprise,Technology Services,EMERGING,1,72.4,84.1,54.9,50,FOLLOWER,41.6,82.4,16.4,9.4,-7.0,-66.0,NONE
IGV,14,2.41,APP,AppLovin Corp. Class A,Comp Sftwr - Specialty Enterprise,Technology Services,LOSING,40,55.6,69.4,34.8,27,FOLLOWER,5.9,3.6,1.7,3.0,1.3,-1.9,NONE
IGV,15,1.73,ADSK,"Autodesk, Inc.",Computer Sftwr-Design,Technology Services,LOSING,50,58.1,66.4,45.7,5,FOLLOWER,41.8,17.8,52.1,77.2,25.1,34.3,NONE
IGV,16,1.39,MSTR,Strategy Inc Class A,Finance - Crypto/Blockchain,Technology Services,LOSING,57,49.6,65.4,25.9,11,FOLLOWER,32.9,11.6,20.6,97.3,76.7,9.0,NONE
IGV,17,1.35,ROP,"Roper Technologies, Inc.",Diversified Operations,Producer Manufacturing,LOSING,101,43.8,50.0,34.6,3,FOLLOWER,53.5,28.5,85.5,73.2,-12.4,57.0,BREAKOUT_WATCH
IGV,18,1.27,WDAY,"Workday, Inc. Class A",Comp Sftwr - Enterprise,Technology Services,EMERGING,1,72.4,84.1,54.9,33,FOLLOWER,55.8,23.9,87.3,90.9,3.6,63.4,NONE
IGV,19,1.21,TTWO,"Take-Two Interactive Software, Inc.",Computer Sftwr-Gaming,Technology Services,LOSING,111,40.1,47.0,29.8,5,FOLLOWER,26.2,22.0,32.8,12.5,-20.3,10.8,NONE
IGV,20,0.98,TEAM,Atlassian Corp Class A,Comp Sftwr - Enterprise,Technology Services,EMERGING,1,72.4,84.1,54.9,3,LEADER,91.4,70.7,98.0,99.5,1.5,27.3,BREAKOUT_WATCH
IGV,21,0.84,FICO,Fair Isaac Corporation,Comp Sftwr - Financial,Technology Services,LOSING,77,51.4,56.9,43.2,21,FOLLOWER,22.6,6.4,21.5,56.7,35.2,15.1,NONE
IGV,22,0.81,ZM,"Zoom Communications, Inc. Class A",Computer Sftwr-Enterprse,Technology Services,LOSING,47,61.8,66.8,54.4,3,FOLLOWER,40.5,53.9,17.7,50.3,32.6,-36.3,NONE
IGV,23,0.61,ZS,"Zscaler, Inc.",Computer Sftwr-Security,Technology Services,EMERGING,9,70.2,78.1,58.4,16,FOLLOWER,50.7,11.0,82.8,91.9,9.1,71.8,BREAKOUT_WATCH
IGV,24,0.58,NTNX,"Nutanix, Inc. Class A",Comp Sftwr - Enterprise,Technology Services,EMERGING,1,72.4,84.1,54.9,17,FOLLOWER,75.4,78.5,84.4,85.3,0.9,5.9,NONE
IGV,25,0.57,PTC,PTC Inc.,Computer Sftwr-Design,Technology Services,LOSING,50,58.1,66.4,45.7,3,FOLLOWER,45.1,21.5,59.0,81.8,22.8,37.5,NONE
IGV,26,0.55,GWRE,"Guidewire Software, Inc.",Comp Sftwr - Financial,Technology Services,LOSING,77,51.4,56.9,43.2,7,FOLLOWER,57.1,28.5,81.1,95.6,14.4,52.6,BREAKOUT_WATCH
IGV,27,0.54,GEN,Gen Digital Inc.,Computer Sftwr-Security,Technology Services,EMERGING,9,70.2,78.1,58.4,10,FOLLOWER,70.9,59.6,68.8,81.7,12.8,9.3,BREAKOUT_WATCH
IGV,28,0.51,DT,"Dynatrace, Inc.",Comp Sftwr - Enterprise,Technology Services,EMERGING,1,72.4,84.1,54.9,13,PIONEER,78.3,63.2,84.5,91.0,6.5,21.2,BREAKOUT_WATCH
IGV,29,0.5,TYL,"Tyler Technologies, Inc.",Comp Sftwr - Specialty Enterprise,Technology Services,LOSING,40,55.6,69.4,34.8,9,FOLLOWER,49.4,13.8,70.3,88.7,18.5,56.5,NONE
IGV,30,0.48,IOT,"Samsara, Inc. Class A",Comp Sftwr - Enterprise,Technology Services,EMERGING,1,72.4,84.1,54.9,32,FOLLOWER,57.2,47.0,55.9,76.1,20.2,8.9,NONE
IGV,31,0.47,RBRK,"Rubrik, Inc. Class A",Computer Sftwr-Security,Technology Services,EMERGING,9,70.2,78.1,58.4,11,FOLLOWER,70.3,74.5,63.2,93.3,30.1,-11.3,NONE
IGV,32,0.47,U,"Unity Software, Inc.",Computer Sftwr-Design,Technology Services,LOSING,50,58.1,66.4,45.7,1,FOLLOWER,63.9,32.4,90.6,94.8,4.2,58.2,NONE
IGV,33,0.46,BMNR,BitMine Immersion Technologies Inc,Financial Svcs-Specialty,Finance,LOSING,75,54.0,57.3,49.0,15,FOLLOWER,55.5,13.8,92.0,98.1,6.1,78.2,NONE
IGV,34,0.44,TRMB,Trimble Inc.,Computer Sftwr-Design,Technology Services,LOSING,50,58.1,66.4,45.7,8,FOLLOWER,37.7,10.5,49.8,67.7,17.9,39.3,NONE
IGV,35,0.42,HUBS,"HubSpot, Inc.",Comp Sftwr - Enterprise,Technology Services,EMERGING,1,72.4,84.1,54.9,56,FOLLOWER,32.6,9.8,38.1,77.0,38.9,28.3,BREAKOUT_WATCH
IGV,36,0.42,MANH,"Manhattan Associates, Inc.",Comp Sftwr - Enterprise,Technology Services,EMERGING,1,72.4,84.1,54.9,12,LEADER,79.3,66.1,93.3,85.8,-7.5,27.2,NONE
IGV,37,0.41,DOCU,"DocuSign, Inc.",Comp Sftwr - Enterprise,Technology Services,EMERGING,1,72.4,84.1,54.9,34,FOLLOWER,54.8,29.0,76.6,89.4,12.8,47.6,BREAKOUT_NOW
IGV,38,0.28,ESTC,Elastic NV,Computer Sftwr-Database,Technology Services,EMERGING,4,73.0,80.2,62.2,2,LEADER,88.9,77.0,94.4,98.3,3.9,17.4,NONE
IGV,39,0.27,IDCC,"InterDigital, Inc.",Elec-Misc Products,Electronic Technology,LOSING,129,38.4,42.5,32.3,2,FOLLOWER,59.8,26.2,90.2,76.6,-13.6,64.0,NONE
IGV,40,0.25,PATH,"UiPath, Inc. Class A",Comp Sftwr - Enterprise,Technology Services,EMERGING,1,72.4,84.1,54.9,7,LEADER,85.3,75.2,94.3,98.0,3.7,19.1,BREAKOUT_NOW
IGV,41,0.25,HUT,Hut 8 Corp.,Finance - Crypto/Blockchain,Technology Services,LOSING,57,49.6,65.4,25.9,10,FOLLOWER,35.1,92.8,3.7,1.4,-2.4,-89.1,NONE
IGV,42,0.23,S,"SentinelOne, Inc. Class A",Computer Sftwr-Security,Technology Services,EMERGING,9,70.2,78.1,58.4,8,LEADER,78.5,76.3,86.0,84.9,-1.1,9.7,NONE
IGV,43,0.23,PCOR,Procore Technologies Inc,Comp Sftwr - Specialty Enterprise,Technology Services,LOSING,40,55.6,69.4,34.8,10,FOLLOWER,46.6,17.2,71.6,83.2,11.6,54.4,NONE
IGV,44,0.22,AUR,"Aurora Innovation, Inc. Class A",Auto/Truck Equipment Parts & Tires,Producer Manufacturing,LOSING,94,41.1,51.4,25.5,18,FOLLOWER,33.1,76.7,8.9,8.3,-0.6,-67.8,NONE
IGV,45,0.22,DSGX,Descartes Systems Group Inc.,Comp Sftwr - Specialty Enterprise,Technology Services,LOSING,40,55.6,69.4,34.8,11,FOLLOWER,45.1,31.1,43.7,70.9,27.2,12.5,NONE
IGV,46,0.21,GTLB,"Gitlab, Inc. Class A",Computer-Tech Services,Technology Services,LOSING,26,62.4,77.8,39.3,6,FOLLOWER,75.6,54.2,93.1,95.6,2.5,39.0,BREAKOUT_RECENT
IGV,47,0.21,QLYS,"Qualys, Inc.",Computer Sftwr-Security,Technology Services,EMERGING,9,70.2,78.1,58.4,6,LEADER,81.6,70.9,97.8,93.3,-4.4,26.8,NONE
IGV,48,0.2,ZETA,Zeta Global Holdings Corp. Class A,Computer Sftwr-Database,Technology Services,EMERGING,4,73.0,80.2,62.2,1,PIONEER,92.5,90.1,84.5,97.5,13.0,-5.5,BREAKOUT_RECENT
IGV,49,0.2,QBTS,D-Wave Quantum Inc.,Comp Sftwr - Enterprise,Technology Services,EMERGING,1,72.4,84.1,54.9,65,FOLLOWER,12.0,12.1,3.5,23.6,20.0,-8.6,NONE
IGV,50,0.19,RIOT,"Riot Platforms, Inc.",Finance - Crypto/Blockchain,Technology Services,LOSING,57,49.6,65.4,25.9,12,FOLLOWER,30.3,66.3,6.2,20.7,14.5,-60.2,NONE
IGV,51,0.19,WULF,TeraWulf Inc.,Financial Svcs-Specialty,Finance,LOSING,75,54.0,57.3,49.0,35,FOLLOWER,16.9,36.7,3.6,6.8,3.2,-33.1,NONE
IGV,52,0.19,OTEX,Open Text Corporation,Computer Sftwr-Database,Technology Services,EMERGING,4,73.0,80.2,62.2,12,FOLLOWER,24.6,11.7,37.5,37.3,-0.2,25.9,NONE
IGV,53,0.19,SNAP,"Snap, Inc. Class A",Internet-Content,Technology Services,LOSING,116,38.4,45.5,27.6,15,FOLLOWER,32.9,10.1,29.1,87.5,58.3,19.0,NONE
IGV,54,0.18,TTAN,"ServiceTitan, Inc. Class A",Comp Sftwr - Specialty Enterprise,Technology Services,LOSING,40,55.6,69.4,34.8,2,FOLLOWER,63.8,48.5,87.8,87.3,-0.5,39.3,NONE
IGV,55,0.18,CVLT,"Commvault Systems, Inc.",Computer Sftwr-Database,Technology Services,EMERGING,4,73.0,80.2,62.2,9,FOLLOWER,59.8,50.0,69.2,85.8,16.7,19.1,NONE
IGV,56,0.18,APPF,AppFolio Inc Class A,Comp Sftwr - Specialty Enterprise,Technology Services,LOSING,40,55.6,69.4,34.8,4,FOLLOWER,63.2,38.2,90.5,93.9,3.4,52.2,BREAKOUT_WATCH
IGV,57,0.17,CRCL,"Circle Internet Group, Inc. Class A",Financial Svcs-Specialty,Finance,LOSING,75,54.0,57.3,49.0,16,FOLLOWER,55.2,71.1,23.7,98.6,74.9,-47.4,BREAKOUT_WATCH
IGV,58,0.17,BSY,"Bentley Systems, Incorporated Class B",Computer Sftwr-Design,Technology Services,LOSING,50,58.1,66.4,45.7,7,FOLLOWER,38.3,21.6,52.8,61.6,8.8,31.2,NONE
IGV,59,0.17,ACIW,"ACI Worldwide, Inc.",Comp Sftwr - Financial,Technology Services,LOSING,77,51.4,56.9,43.2,8,FOLLOWER,57.0,52.7,79.5,17.6,-61.9,26.8,NONE
IGV,60,0.17,DBX,"Dropbox, Inc. Class A",Computer Sftwr-Database,Technology Services,EMERGING,4,73.0,80.2,62.2,6,FOLLOWER,71.8,58.2,83.6,72.4,-11.2,25.4,NONE
IGV,61,0.16,CORZ,Core Scientific Inc,Finance - Crypto/Blockchain,Technology Services,LOSING,57,49.6,65.4,25.9,25,FOLLOWER,15.6,34.5,3.0,2.9,-0.1,-31.5,NONE
IGV,62,0.16,RNG,"RingCentral, Inc. Class A",Comp Sftwr - Enterprise,Technology Services,EMERGING,1,72.4,84.1,54.9,2,LEADER,92.5,97.5,94.2,92.2,-2.0,-3.2,BREAKOUT_WATCH
IGV,63,0.16,VRNS,"Varonis Systems, Inc.",Computer Sftwr-Database,Technology Services,EMERGING,4,73.0,80.2,62.2,7,FOLLOWER,68.6,73.8,83.1,76.0,-7.1,9.3,NONE
IGV,64,0.16,BOX,"Box, Inc. Class A",Computer Sftwr-Database,Technology Services,EMERGING,4,73.0,80.2,62.2,3,LEADER,80.0,60.2,86.2,81.7,-4.5,26.0,BREAKOUT_WATCH
IGV,65,0.15,CIFR,Cipher Digital Inc.,Finance - Crypto/Blockchain,Technology Services,LOSING,57,49.6,65.4,25.9,28,FOLLOWER,8.1,14.2,5.2,0.9,-4.3,-9.0,NONE
IGV,66,0.14,BB,BlackBerry Limited,Computer Sftwr-Security,Technology Services,EMERGING,9,70.2,78.1,58.4,18,FOLLOWER,45.9,94.8,14.8,26.4,11.6,-80.0,NONE
IGV,67,0.14,BILL,"BILL Holdings, Inc.",Comp Sftwr - Financial,Technology Services,LOSING,77,51.4,56.9,43.2,3,FOLLOWER,65.1,32.7,86.7,74.7,-12.0,54.0,NONE
IGV,68,0.13,TENB,"Tenable Holdings, Inc.",Computer Sftwr-Security,Technology Services,EMERGING,9,70.2,78.1,58.4,4,LEADER,84.3,80.4,90.2,85.9,-4.3,9.8,NONE
IGV,69,0.13,WK,Workiva Inc. Class A,Computer Sftwr-Database,Technology Services,EMERGING,4,73.0,80.2,62.2,8,FOLLOWER,60.3,18.5,96.0,95.2,-0.8,77.5,BREAKOUT_RECENT
IGV,70,0.13,MARA,"MARA Holdings, Inc.",Finance - Crypto/Blockchain,Technology Services,LOSING,57,49.6,65.4,25.9,21,FOLLOWER,19.0,29.8,8.1,23.7,15.6,-21.8,NONE
IGV,71,0.13,QTWO,"Q2 Holdings, Inc.",Comp Sftwr - Financial,Technology Services,LOSING,77,51.4,56.9,43.2,10,FOLLOWER,52.1,22.6,85.6,69.9,-15.7,63.0,NONE
IGV,72,0.13,YOU,"Clear Secure, Inc. Class A",Security/Sfty,Electronic Technology,LOSING,65,51.5,62.3,35.3,14,FOLLOWER,33.8,65.6,10.2,3.5,-6.7,-55.4,NONE
IGV,73,0.13,CCC,CCC Intelligent Solutions Holdings Inc,Comp Sftwr - Specialty Enterprise,Technology Services,LOSING,40,55.6,69.4,34.8,5,FOLLOWER,61.6,36.5,94.9,90.5,-4.4,58.4,NONE
IGV,74,0.12,DLB,"Dolby Laboratories, Inc. Class A",Elec-Misc Products,Electronic Technology,LOSING,129,38.4,42.5,32.3,7,FOLLOWER,47.7,26.5,65.1,65.9,0.8,38.6,NONE
IGV,75,0.11,LIF,"Life360, Inc.",Computer Sftwr-Security,Technology Services,EMERGING,9,70.2,78.1,58.4,24,FOLLOWER,15.6,3.9,21.1,3.1,-18.0,17.2,NONE
IGV,76,0.11,BRZE,"Braze, Inc. Class A",Comp Sftwr - Enterprise,Technology Services,EMERGING,1,72.4,84.1,54.9,19,PIONEER,74.6,60.0,82.2,96.0,13.8,22.2,NONE
IGV,77,0.1,PEGA,Pegasystems Inc.,Comp Sftwr - Financial,Technology Services,LOSING,77,51.4,56.9,43.2,16,FOLLOWER,36.3,8.0,33.8,89.3,55.5,25.7,BREAKOUT_RECENT
IGV,78,0.1,SPSC,"SPS Commerce, Inc.",Comp Sftwr - Specialty Enterprise,Technology Services,LOSING,40,55.6,69.4,34.8,3,FOLLOWER,63.7,40.1,94.4,85.5,-8.9,54.3,BREAKOUT_WATCH
IGV,79,0.09,CLSK,"Cleanspark, Inc.",Finance - Crypto/Blockchain,Technology Services,LOSING,57,49.6,65.4,25.9,26,FOLLOWER,10.3,18.3,4.5,5.8,1.3,-13.8,NONE
IGV,80,0.09,AGYS,"Agilysys, Inc.",Computer-Tech Services,Technology Services,LOSING,26,62.4,77.8,39.3,16,FOLLOWER,56.8,25.0,86.4,77.6,-8.7,61.4,NONE
IGV,81,0.09,FRSH,"Freshworks, Inc. Class A",Comp Sftwr - Enterprise,Technology Services,EMERGING,1,72.4,84.1,54.9,15,LEADER,78.1,55.6,90.3,90.5,0.2,34.7,BREAKOUT_WATCH
IGV,82,0.09,ALRM,"Alarm.com Holdings, Inc.",Security/Sfty,Electronic Technology,LOSING,65,51.5,62.3,35.3,3,FOLLOWER,69.9,49.8,87.5,65.5,-21.9,37.7,BREAKOUT_WATCH
IGV,83,0.09,KVYO,"Klaviyo, Inc. Class A",Comp Sftwr - Enterprise,Technology Services,EMERGING,1,72.4,84.1,54.9,44,FOLLOWER,44.2,9.8,68.6,84.2,15.6,58.8,BREAKOUT_RECENT
IGV,84,0.09,SOUN,"SoundHound AI, Inc Class A",Computer-Tech Services,Technology Services,LOSING,26,62.4,77.8,39.3,39,FOLLOWER,25.0,5.6,10.4,85.9,75.5,4.8,NONE
IGV,85,0.09,ADEA,Adeia Inc.,Internet-Content,Technology Services,LOSING,116,38.4,45.5,27.6,11,FOLLOWER,45.7,95.4,20.0,22.7,2.7,-75.4,NONE
IGV,86,0.09,TDC,Teradata Corporation,Computer Sftwr-Database,Technology Services,EMERGING,4,73.0,80.2,62.2,14,FOLLOWER,23.8,38.1,11.0,19.2,8.2,-27.1,NONE
IGV,87,0.08,FIVN,"Five9, Inc.",Comp Sftwr - Enterprise,Technology Services,EMERGING,1,72.4,84.1,54.9,4,LEADER,88.5,91.2,91.2,92.3,1.1,-0.1,NONE
IGV,88,0.08,RAMP,"LiveRamp Holdings, Inc.",Computer-Tech Services,Technology Services,LOSING,26,62.4,77.8,39.3,13,FOLLOWER,58.2,70.0,40.1,42.7,2.5,-29.9,BREAKOUT_WATCH
IGV,89,0.07,INTA,"Intapp, Inc.",Comp Sftwr - Financial,Technology Services,LOSING,77,51.4,56.9,43.2,2,FOLLOWER,72.1,36.3,97.9,94.8,-3.2,61.6,NONE
IGV,90,0.07,NCNO,nCino Inc,Comp Sftwr - Financial,Technology Services,LOSING,77,51.4,56.9,43.2,5,FOLLOWER,58.3,23.9,91.0,90.5,-0.5,67.1,NONE
IGV,91,0.06,PRGS,Progress Software Corporation,Comp Sftwr - Enterprise,Technology Services,EMERGING,1,72.4,84.1,54.9,18,FOLLOWER,74.7,51.0,90.7,82.5,-8.2,39.7,BREAKOUT_NOW
IGV,92,0.06,AVPT,"AvePoint, Inc. Class A",Computer Sftwr-Database,Technology Services,EMERGING,4,73.0,80.2,62.2,10,FOLLOWER,58.3,45.4,82.7,69.8,-12.8,37.3,NONE
IGV,93,0.06,ATEN,"A10 Networks, Inc.",Internet-Network Sltns,Technology Services,LOSING,152,29.7,35.9,20.4,4,FOLLOWER,35.0,83.0,12.4,7.2,-5.2,-70.6,NONE
IGV,94,0.05,APPN,Appian Corporation Class A,Comp Sftwr - Enterprise,Technology Services,EMERGING,1,72.4,84.1,54.9,23,FOLLOWER,73.0,41.3,96.6,99.0,2.5,55.3,BREAKOUT_WATCH
IGV,95,0.05,BLKB,"Blackbaud, Inc.",Comp Sftwr - Specialty Enterprise,Technology Services,LOSING,40,55.6,69.4,34.8,7,FOLLOWER,53.1,17.0,95.2,79.9,-15.3,78.2,NONE
IGV,96,0.05,ALKT,Alkami Technology Inc,Comp Sftwr - Financial,Technology Services,LOSING,77,51.4,56.9,43.2,11,FOLLOWER,49.0,30.2,59.6,79.9,20.3,29.4,NONE
IGV,97,0.05,BL,"BlackLine, Inc.",Comp Sftwr - Financial,Technology Services,LOSING,77,51.4,56.9,43.2,15,FOLLOWER,36.4,4.7,56.1,67.3,11.2,51.4,NONE
IGV,98,0.05,NN,NextNav Inc.,Consumer Prod-Electronic,Consumer Durables,LOSING,121,39.9,43.3,34.9,2,FOLLOWER,42.7,52.5,11.6,89.6,78.0,-40.9,NONE
IGV,99,0.04,AI,"C3.ai, Inc. Class A",Comp Sftwr - Enterprise,Technology Services,EMERGING,1,72.4,84.1,54.9,55,FOLLOWER,33.2,11.9,24.9,87.0,62.1,13.0,BREAKOUT_NOW
IGV,100,0.04,LSPD,Lightspeed Commerce Inc,Comp Sftwr - Enterprise,Technology Services,EMERGING,1,72.4,84.1,54.9,47,FOLLOWER,43.2,27.1,57.2,63.0,5.8,30.1,NONE
IGV,101,0.04,VYX,NCR Voyix Corporation,Computer-Tech Services,Technology Services,LOSING,26,62.4,77.8,39.3,26,FOLLOWER,40.2,16.2,68.2,53.3,-14.8,51.9,NONE
IGV,102,0.03,PD,"PagerDuty, Inc.",Comp Sftwr - Enterprise,Technology Services,EMERGING,1,72.4,84.1,54.9,22,FOLLOWER,73.9,61.1,91.3,95.2,3.8,30.2,BREAKOUT_WATCH
IGV,103,0.03,VERX,"Vertex, Inc. Class A",Comp Sftwr - Financial,Technology Services,LOSING,77,51.4,56.9,43.2,18,FOLLOWER,31.1,9.9,28.9,76.2,47.3,19.0,NONE
IGV,104,0.03,ASAN,"Asana, Inc. Class A",Comp Sftwr - Enterprise,Technology Services,EMERGING,1,72.4,84.1,54.9,42,FOLLOWER,48.4,15.2,70.7,91.0,20.3,55.5,NONE
IGV,105,0.03,CXM,"Sprinklr, Inc. Class A",Comp Sftwr - Enterprise,Technology Services,EMERGING,1,72.4,84.1,54.9,16,FOLLOWER,75.9,52.8,92.9,93.6,0.8,40.0,BREAKOUT_RECENT
IGV,106,0.02,AIP,"Arteris, Inc.",Elec-Semicondctor Fablss,Electronic Technology,LOSING,45,49.9,67.6,23.2,22,FOLLOWER,34.6,86.3,4.2,1.4,-2.8,-82.0,NONE
OIH,1,,SLB,SLB Limited,Oil&Gas-Field Services,Industrial Services,LOSING,63,55.8,64.4,43.0,4,LEADER,83.8,90.4,65.0,89.7,24.7,-25.4,NONE
OIH,2,,BKR,Baker Hughes Company Class A,Oil&Gas-Machinery/Equip,Industrial Services,LOSING,76,53.8,56.9,49.1,7,FOLLOWER,60.6,69.1,45.3,66.3,21.0,-23.8,NONE
OIH,3,,FTI,TechnipFMC plc,Oil&Gas-Machinery/Equip,Industrial Services,LOSING,76,53.8,56.9,49.1,3,LEADER,77.8,90.8,73.1,74.8,1.7,-17.7,NONE
OIH,4,,HAL,Halliburton Company,Oil&Gas-Field Services,Industrial Services,LOSING,63,55.8,64.4,43.0,9,FOLLOWER,60.9,80.4,27.8,82.9,55.1,-52.6,BREAKOUT_NOW
OIH,5,,TS,Tenaris S.A. Sponsored ADR,Steel-Specialty Alloys,Non-Energy Minerals,LOSING,142,34.4,38.4,28.5,3,FOLLOWER,45.7,79.1,21.4,33.2,11.8,-57.6,NONE
OIH,6,,RIG,Transocean Ltd.,Oil&Gas-Drilling,Industrial Services,LOSING,33,66.0,71.3,58.1,8,FOLLOWER,50.5,73.7,26.2,75.0,48.8,-47.5,NONE
OIH,7,,WFRD,Weatherford International plc,Oil&Gas-Machinery/Equip,Industrial Services,LOSING,76,53.8,56.9,49.1,8,FOLLOWER,59.3,74.4,30.3,79.0,48.7,-44.1,BREAKOUT_NOW
OIH,8,,NE,Noble Corporation PLC Class A,Oil&Gas-Drilling,Industrial Services,LOSING,33,66.0,71.3,58.1,6,FOLLOWER,59.2,85.4,35.5,72.4,36.9,-49.9,NONE
OIH,9,,NOV,NOV Inc.,Oil&Gas-Machinery/Equip,Industrial Services,LOSING,76,53.8,56.9,49.1,4,FOLLOWER,71.8,79.6,58.0,76.0,18.0,-21.6,NONE
OIH,10,,OII,"Oceaneering International, Inc.",Oil&Gas-Field Services,Industrial Services,LOSING,63,55.8,64.4,43.0,2,LEADER,86.8,95.9,93.2,68.2,-25.0,-2.7,NONE
OIH,11,,PTEN,"Patterson-UTI Energy, Inc.",Oil&Gas-Drilling,Industrial Services,LOSING,33,66.0,71.3,58.1,1,LEADER,82.8,97.0,63.7,89.1,25.4,-33.3,BREAKOUT_NOW
OIH,12,,WHD,"Cactus, Inc. Class A",Oil&Gas-Machinery/Equip,Industrial Services,LOSING,76,53.8,56.9,49.1,2,LEADER,85.4,89.5,83.3,73.3,-10.0,-6.2,NONE
OIH,13,,VAL,Valaris Ltd.,Oil&Gas-Drilling,Industrial Services,LOSING,33,66.0,71.3,58.1,7,FOLLOWER,54.3,84.8,25.4,74.6,49.2,-59.3,NONE
OIH,14,,HP,"Helmerich & Payne, Inc.",Oil&Gas-Drilling,Industrial Services,LOSING,33,66.0,71.3,58.1,2,LEADER,80.4,86.8,67.8,92.7,24.9,-19.0,NONE
OIH,15,,SEI,"Solaris Energy Infrastructure, Inc. Class A",Electrical-Power/Equipmt,Producer Manufacturing,LOSING,140,30.9,38.6,19.3,15,FOLLOWER,28.6,47.3,8.5,38.9,30.4,-38.8,NONE
OIH,16,,TDW,Tidewater Inc,Oil&Gas-Field Services,Industrial Services,LOSING,63,55.8,64.4,43.0,3,LEADER,85.9,91.2,87.0,91.6,4.6,-4.3,NONE
OIH,17,,LBRT,"Liberty Energy, Inc. Class A",Oil&Gas-Field Services,Industrial Services,LOSING,63,55.8,64.4,43.0,19,FOLLOWER,36.0,51.1,6.3,66.0,59.7,-44.8,NONE
OIH,18,,WTTR,"Select Water Solutions, Inc. Class A",Utility-Water Supply,Utilities,LOSING,64,59.6,62.9,54.7,1,FOLLOWER,74.4,94.5,56.9,67.0,10.1,-37.7,NONE
OIH,19,,NBR,Nabors Industries Ltd.,Oil&Gas-Drilling,Industrial Services,LOSING,33,66.0,71.3,58.1,3,FOLLOWER,66.0,93.1,45.2,75.3,30.1,-47.9,NONE
OIH,20,,HLX,"Helix Energy Solutions Group, Inc.",Oil&Gas-Field Services,Industrial Services,LOSING,63,55.8,64.4,43.0,6,FOLLOWER,73.7,85.3,59.8,73.1,13.2,-25.5,NONE
OIH,21,,PUMP,ProPetro Holding Corp.,Oil&Gas-Field Services,Industrial Services,LOSING,63,55.8,64.4,43.0,18,FOLLOWER,38.8,60.3,8.5,57.4,48.9,-51.8,NONE
OIH,22,,INVX,"Innovex International, Inc.",Oil&Gas-Machinery/Equip,Industrial Services,LOSING,76,53.8,56.9,49.1,6,FOLLOWER,70.5,75.1,71.8,75.1,3.3,-3.3,NONE
OIH,23,,XPRO,Expro Ltd,Oil&Gas-Field Services,Industrial Services,LOSING,63,55.8,64.4,43.0,5,LEADER,77.0,71.1,81.5,82.0,0.4,10.4,NONE
OIH,24,,RES,"RPC, Inc.",Oil&Gas-Field Services,Industrial Services,LOSING,63,55.8,64.4,43.0,12,FOLLOWER,53.4,65.4,32.5,86.3,53.8,-32.8,BREAKOUT_WATCH
OIH,25,,CLB,Core Laboratories Inc.,Oil&Gas-Field Services,Industrial Services,LOSING,63,55.8,64.4,43.0,20,FOLLOWER,32.9,15.8,22.0,86.0,64.0,6.2,NONE
XES,1,4.823384,OII,"Oceaneering International, Inc.",Oil&Gas-Field Services,Industrial Services,LOSING,63,55.8,64.4,43.0,2,LEADER,86.8,95.9,93.2,68.2,-25.0,-2.7,NONE
XES,2,4.725575,TDW,Tidewater Inc,Oil&Gas-Field Services,Industrial Services,LOSING,63,55.8,64.4,43.0,3,LEADER,85.9,91.2,87.0,91.6,4.6,-4.3,NONE
XES,3,4.483702,WHD,"Cactus, Inc. Class A",Oil&Gas-Machinery/Equip,Industrial Services,LOSING,76,53.8,56.9,49.1,2,LEADER,85.4,89.5,83.3,73.3,-10.0,-6.2,NONE
XES,4,4.062454,FTI,TechnipFMC plc,Oil&Gas-Machinery/Equip,Industrial Services,LOSING,76,53.8,56.9,49.1,3,LEADER,77.8,90.8,73.1,74.8,1.7,-17.7,NONE
XES,5,4.049607,HP,"Helmerich & Payne, Inc.",Oil&Gas-Drilling,Industrial Services,LOSING,33,66.0,71.3,58.1,2,LEADER,80.4,86.8,67.8,92.7,24.9,-19.0,NONE
XES,6,3.980256,SDRL,Seadrill Limited,Oil&Gas-Drilling,Industrial Services,LOSING,33,66.0,71.3,58.1,4,FOLLOWER,64.8,87.0,47.1,73.7,26.6,-39.9,BREAKOUT_WATCH
XES,7,3.926164,WTTR,"Select Water Solutions, Inc. Class A",Utility-Water Supply,Utilities,LOSING,64,59.6,62.9,54.7,1,FOLLOWER,74.4,94.5,56.9,67.0,10.1,-37.7,NONE
XES,8,3.874762,PTEN,"Patterson-UTI Energy, Inc.",Oil&Gas-Drilling,Industrial Services,LOSING,33,66.0,71.3,58.1,1,LEADER,82.8,97.0,63.7,89.1,25.4,-33.3,BREAKOUT_NOW
XES,9,3.869794,SLB,SLB Limited,Oil&Gas-Field Services,Industrial Services,LOSING,63,55.8,64.4,43.0,4,LEADER,83.8,90.4,65.0,89.7,24.7,-25.4,NONE
XES,10,3.730957,NOV,NOV Inc.,Oil&Gas-Machinery/Equip,Industrial Services,LOSING,76,53.8,56.9,49.1,4,FOLLOWER,71.8,79.6,58.0,76.0,18.0,-21.6,NONE
XES,11,3.710692,BKR,Baker Hughes Company Class A,Oil&Gas-Machinery/Equip,Industrial Services,LOSING,76,53.8,56.9,49.1,7,FOLLOWER,60.6,69.1,45.3,66.3,21.0,-23.8,NONE
XES,12,3.705674,NE,Noble Corporation PLC Class A,Oil&Gas-Drilling,Industrial Services,LOSING,33,66.0,71.3,58.1,6,FOLLOWER,59.2,85.4,35.5,72.4,36.9,-49.9,NONE
XES,13,3.633725,VAL,Valaris Ltd.,Oil&Gas-Drilling,Industrial Services,LOSING,33,66.0,71.3,58.1,7,FOLLOWER,54.3,84.8,25.4,74.6,49.2,-59.3,NONE
XES,14,3.616038,RIG,Transocean Ltd.,Oil&Gas-Drilling,Industrial Services,LOSING,33,66.0,71.3,58.1,8,FOLLOWER,50.5,73.7,26.2,75.0,48.8,-47.5,NONE
XES,15,3.585638,WFRD,Weatherford International plc,Oil&Gas-Machinery/Equip,Industrial Services,LOSING,76,53.8,56.9,49.1,8,FOLLOWER,59.3,74.4,30.3,79.0,48.7,-44.1,BREAKOUT_NOW
XES,16,3.412159,HAL,Halliburton Company,Oil&Gas-Field Services,Industrial Services,LOSING,63,55.8,64.4,43.0,9,FOLLOWER,60.9,80.4,27.8,82.9,55.1,-52.6,BREAKOUT_NOW
XES,17,3.279773,AROC,Archrock Inc.,Oil&Gas-Machinery/Equip,Industrial Services,LOSING,76,53.8,56.9,49.1,11,FOLLOWER,38.8,72.7,31.9,9.8,-22.1,-40.7,NONE
XES,18,3.249896,KGS,"Kodiak Gas Services, Inc.",Oil&Gas-Field Services,Industrial Services,LOSING,63,55.8,64.4,43.0,16,FOLLOWER,48.2,90.6,23.4,51.4,28.0,-67.2,NONE
XES,19,2.798866,NBR,Nabors Industries Ltd.,Oil&Gas-Drilling,Industrial Services,LOSING,33,66.0,71.3,58.1,3,FOLLOWER,66.0,93.1,45.2,75.3,30.1,-47.9,NONE
XES,20,2.788245,XPRO,Expro Ltd,Oil&Gas-Field Services,Industrial Services,LOSING,63,55.8,64.4,43.0,5,LEADER,77.0,71.1,81.5,82.0,0.4,10.4,NONE
XES,21,2.739405,SEI,"Solaris Energy Infrastructure, Inc. Class A",Electrical-Power/Equipmt,Producer Manufacturing,LOSING,140,30.9,38.6,19.3,15,FOLLOWER,28.6,47.3,8.5,38.9,30.4,-38.8,NONE
XES,22,2.721757,HLX,"Helix Energy Solutions Group, Inc.",Oil&Gas-Field Services,Industrial Services,LOSING,63,55.8,64.4,43.0,6,FOLLOWER,73.7,85.3,59.8,73.1,13.2,-25.5,NONE
XES,23,2.524526,LBRT,"Liberty Energy, Inc. Class A",Oil&Gas-Field Services,Industrial Services,LOSING,63,55.8,64.4,43.0,19,FOLLOWER,36.0,51.1,6.3,66.0,59.7,-44.8,NONE
XES,24,2.498288,PUMP,ProPetro Holding Corp.,Oil&Gas-Field Services,Industrial Services,LOSING,63,55.8,64.4,43.0,18,FOLLOWER,38.8,60.3,8.5,57.4,48.9,-51.8,NONE
XES,25,2.233975,AESI,Atlas Energy Solutions Inc.,Oil&Gas-Field Services,Industrial Services,LOSING,63,55.8,64.4,43.0,13,FOLLOWER,53.0,85.7,9.8,89.9,80.0,-75.8,NONE
XES,26,2.02091,FET,"Forum Energy Technologies, Inc.",Oil&Gas-Machinery/Equip,Industrial Services,LOSING,76,53.8,56.9,49.1,1,LEADER,91.9,97.8,97.5,94.2,-3.3,-0.3,NONE
XES,27,1.813922,INVX,"Innovex International, Inc.",Oil&Gas-Machinery/Equip,Industrial Services,LOSING,76,53.8,56.9,49.1,6,FOLLOWER,70.5,75.1,71.8,75.1,3.3,-3.3,NONE
XES,28,1.641187,FLOC,Flowco Holdings Inc Class A,Oil&Gas-Machinery/Equip,Industrial Services,LOSING,76,53.8,56.9,49.1,10,FOLLOWER,52.9,72.6,32.4,73.3,40.9,-40.2,NONE
XES,29,1.345821,VTOL,Bristow Group Inc,Oil&Gas-Field Services,Industrial Services,LOSING,63,55.8,64.4,43.0,7,FOLLOWER,64.1,62.4,62.6,48.2,-14.4,0.2,NONE
XES,30,1.312438,TTI,"TETRA Technologies, Inc.",Oil&Gas-Field Services,Industrial Services,LOSING,63,55.8,64.4,43.0,25,FOLLOWER,15.8,20.1,6.0,10.9,4.9,-14.1,NONE
XES,31,1.212403,RES,"RPC, Inc.",Oil&Gas-Field Services,Industrial Services,LOSING,63,55.8,64.4,43.0,12,FOLLOWER,53.4,65.4,32.5,86.3,53.8,-32.8,BREAKOUT_WATCH
XES,32,1.118524,OIS,"Oil States International, Inc.",Oil&Gas-Field Services,Industrial Services,LOSING,63,55.8,64.4,43.0,10,FOLLOWER,60.9,79.0,53.4,74.0,20.5,-25.6,NONE
XES,33,0.87289,CLB,Core Laboratories Inc.,Oil&Gas-Field Services,Industrial Services,LOSING,63,55.8,64.4,43.0,20,FOLLOWER,32.9,15.8,22.0,86.0,64.0,6.2,NONE
XES,34,0.4628,NGS,"Natural Gas Services Group, Inc.",Oil&Gas-Machinery/Equip,Industrial Services,LOSING,76,53.8,56.9,49.1,13,FOLLOWER,32.3,52.8,21.8,28.5,6.7,-31.0,NONE
AIQ,1,4.12,PLTR,Palantir Technologies Inc. Class A,Comp Sftwr - Enterprise,Technology Services,EMERGING,1,72.4,84.1,54.9,26,PIONEER,68.9,51.1,76.1,98.5,22.4,24.9,BREAKOUT_WATCH
AIQ,2,3.62,MSFT,Microsoft Corporation,Comp Sftwr - Enterprise,Technology Services,EMERGING,1,72.4,84.1,54.9,31,FOLLOWER,59.7,42.0,65.1,75.4,10.4,23.1,NONE
AIQ,3,3.39,ORCL,Oracle Corporation,Computer Sftwr-Database,Technology Services,EMERGING,4,73.0,80.2,62.2,13,FOLLOWER,24.1,10.4,4.0,83.7,79.6,-6.4,NONE
AIQ,4,3.31,SPCX,Space Exploration Technologies Corp,Specialty Telecommunications,Communications,LOSING,139,37.0,39.3,33.6,1,FOLLOWER,59.6,,,94.7,,,NONE
AIQ,5,3.21,NFLX,"Netflix, Inc.",Leisure-Movies & Related,Technology Services,LOSING,110,44.6,48.7,38.3,8,FOLLOWER,32.2,11.8,28.4,81.0,52.6,16.6,NONE
AIQ,6,3.14,TSLA,"Tesla, Inc.",Auto Manufacturers,Consumer Durables,LOSING,70,46.0,59.9,25.1,8,FOLLOWER,34.8,18.2,20.2,87.3,67.1,2.0,NONE
AIQ,7,3.03,AMZN,"Amazon.com, Inc.",Retail-Internet,Retail Trade,LOSING,96,41.5,51.0,27.3,8,FOLLOWER,48.0,52.1,37.6,25.6,-12.1,-14.5,NONE
AIQ,8,2.91,GOOGL,Alphabet Inc. Class A,Internet-Content,Technology Services,LOSING,116,38.4,45.5,27.6,14,FOLLOWER,36.9,43.3,22.8,24.2,1.4,-20.5,NONE
AIQ,9,2.88,NVDA,NVIDIA Corporation,Elec-Semicondctor Fablss,Electronic Technology,LOSING,45,49.9,67.6,23.2,2,FOLLOWER,64.7,62.3,35.8,76.7,40.9,-26.5,NONE
AIQ,12,2.73,TSM,"Taiwan Semiconductor Manufacturing Co., Ltd. Sponsored ADR",Elec-Semiconductor Mfg,Electronic Technology,LOSING,112,39.4,46.8,28.4,3,FOLLOWER,59.3,80.0,30.4,58.8,28.4,-49.6,NONE
AIQ,13,2.69,AAPL,Apple Inc.,Telecom-Consumer Prods,Electronic Technology,MATURE,23,56.4,52.8,61.7,3,FOLLOWER,55.8,53.9,51.0,58.5,7.6,-2.9,NONE
AIQ,14,2.67,CSCO,"Cisco Systems, Inc.",Computer-Networking,Electronic Technology,LOSING,83,42.3,55.1,22.9,5,FOLLOWER,46.5,81.3,24.1,24.1,0.0,-57.2,NONE
AIQ,15,2.64,MU,"Micron Technology, Inc.",Computer-Hardware/Perip,Electronic Technology,EMERGING,3,65.5,81.8,41.1,7,FOLLOWER,69.0,99.5,25.7,85.7,60.0,-73.8,NONE
AIQ,16,2.58,META,Meta Platforms Inc Class A,Internet-Content,Technology Services,LOSING,116,38.4,45.5,27.6,16,FOLLOWER,31.2,22.5,30.1,58.9,28.8,7.7,NONE
AIQ,17,2.57,AVGO,Broadcom Inc.,Elec-Semicondctor Fablss,Electronic Technology,LOSING,45,49.9,67.6,23.2,27,FOLLOWER,23.3,26.1,12.3,23.6,11.3,-13.8,NONE
AIQ,19,2.44,INTC,Intel Corporation,Elec-Semiconductor Mfg,Electronic Technology,LOSING,112,39.4,46.8,28.4,13,FOLLOWER,47.4,97.3,13.3,41.0,27.7,-84.1,NONE
AIQ,20,2.38,AMD,"Advanced Micro Devices, Inc.",Elec-Semicondctor Fablss,Electronic Technology,LOSING,45,49.9,67.6,23.2,8,FOLLOWER,53.5,96.5,25.2,39.4,14.2,-71.3,NONE
AIQ,21,2.16,BABA,Alibaba Group Holding Limited Sponsored ADR,Retail-Internet,Retail Trade,LOSING,96,41.5,51.0,27.3,25,FOLLOWER,18.1,10.2,24.6,18.5,-6.1,14.4,NONE
AIQ,22,2.15,SAP,SAP SE Sponsored ADR,Comp Sftwr - Enterprise,Technology Services,EMERGING,1,72.4,84.1,54.9,37,FOLLOWER,51.3,26.1,69.5,88.8,19.3,43.4,BREAKOUT_WATCH
AIQ,24,1.74,IBM,International Business Machines Corporation,Computer-Tech Services,Technology Services,LOSING,26,62.4,77.8,39.3,40,FOLLOWER,23.6,13.2,8.3,65.9,57.6,-4.8,NONE
AIQ,25,1.67,CRM,"Salesforce, Inc.",Comp Sftwr - Enterprise,Technology Services,EMERGING,1,72.4,84.1,54.9,14,PIONEER,78.2,52.6,85.0,96.7,11.7,32.5,NONE
AIQ,26,1.47,STX,Seagate Technology Holdings PLC,Computer-Hardware/Perip,Electronic Technology,EMERGING,3,65.5,81.8,41.1,14,FOLLOWER,50.1,98.6,22.2,29.6,7.4,-76.4,NONE
AIQ,27,1.47,MRVL,"Marvell Technology, Inc.",Elec-Semicondctor Fablss,Electronic Technology,LOSING,45,49.9,67.6,23.2,3,FOLLOWER,62.0,97.2,32.2,80.6,48.4,-65.1,NONE
AIQ,28,1.42,SHOP,"Shopify, Inc. Class A",Comp Sftwr - Enterprise,Technology Services,EMERGING,1,72.4,84.1,54.9,36,FOLLOWER,54.2,24.9,80.0,92.3,12.3,55.1,NONE
AIQ,29,1.42,QCOM,QUALCOMM Incorporated,Elec-Semicondctor Fablss,Electronic Technology,LOSING,45,49.9,67.6,23.2,17,FOLLOWER,37.6,41.5,8.7,84.4,75.7,-32.8,NONE
AIQ,30,1.22,UBER,"Uber Technologies, Inc.",Leisure-Services,Consumer Services,LOSING,99,43.0,50.8,31.1,17,FOLLOWER,44.4,20.2,48.8,71.4,22.6,28.6,NONE
AIQ,31,1.21,NOW,"ServiceNow, Inc.",Comp Sftwr - Enterprise,Technology Services,EMERGING,1,72.4,84.1,54.9,39,FOLLOWER,50.3,24.5,62.3,95.0,32.7,37.9,BREAKOUT_RECENT
AIQ,32,0.92,ADBE,Adobe Inc.,Computer Sftwr-Design,Technology Services,LOSING,50,58.1,66.4,45.7,2,FOLLOWER,46.7,24.5,57.8,86.0,28.2,33.3,BREAKOUT_WATCH
AIQ,33,0.92,ACN,Accenture Plc Class A,Computer-Tech Services,Technology Services,LOSING,26,62.4,77.8,39.3,32,FOLLOWER,34.2,13.1,34.4,83.0,48.6,21.3,BREAKOUT_WATCH
AIQ,34,0.91,SNOW,"Snowflake, Inc.",Comp Sftwr - Enterprise,Technology Services,EMERGING,1,72.4,84.1,54.9,11,LEADER,79.6,72.6,79.5,80.9,1.4,6.8,NONE
AIQ,36,0.76,APP,AppLovin Corp. Class A,Comp Sftwr - Specialty Enterprise,Technology Services,LOSING,40,55.6,69.4,34.8,27,FOLLOWER,5.9,3.6,1.7,3.0,1.3,-1.9,NONE
AIQ,37,0.74,CDNS,"Cadence Design Systems, Inc.",Computer Sftwr-Design,Technology Services,LOSING,50,58.1,66.4,45.7,10,FOLLOWER,32.2,48.6,13.2,42.9,29.7,-35.4,NONE
AIQ,39,0.66,SNPS,"Synopsys, Inc.",Computer Sftwr-Design,Technology Services,LOSING,50,58.1,66.4,45.7,6,FOLLOWER,41.2,44.5,21.5,81.1,59.6,-23.0,NONE
AIQ,40,0.62,DDOG,"Datadog, Inc. Class A",Comp Sftwr - Enterprise,Technology Services,EMERGING,1,72.4,84.1,54.9,50,FOLLOWER,41.6,82.4,16.4,9.4,-7.0,-66.0,NONE
AIQ,41,0.54,HPE,Hewlett Packard Enterprise Co.,Computer-Tech Services,Technology Services,LOSING,26,62.4,77.8,39.3,5,LEADER,81.7,97.4,67.3,74.6,7.3,-30.1,NONE
AIQ,42,0.5,PATH,"UiPath, Inc. Class A",Comp Sftwr - Enterprise,Technology Services,EMERGING,1,72.4,84.1,54.9,7,LEADER,85.3,75.2,94.3,98.0,3.7,19.1,BREAKOUT_NOW
AIQ,43,0.49,WIX,Wix.com Ltd.,Computer Sftwr-Enterprse,Technology Services,LOSING,47,61.8,66.8,54.4,1,FOLLOWER,60.2,24.4,94.0,99.0,5.0,69.6,BREAKOUT_WATCH
AIQ,46,0.46,NOK,Nokia Oyj Sponsored ADR,Telecom-Infrastructure,Electronic Technology,LOSING,73,45.8,58.2,27.1,2,FOLLOWER,51.3,89.1,4.6,78.0,73.4,-84.5,NONE
AIQ,47,0.45,NXPI,NXP Semiconductors NV,Elec-Semiconductor Mfg,Electronic Technology,LOSING,112,39.4,46.8,28.4,21,FOLLOWER,37.6,57.1,7.9,35.8,27.8,-49.2,NONE
AIQ,49,0.42,WDAY,"Workday, Inc. Class A",Comp Sftwr - Enterprise,Technology Services,EMERGING,1,72.4,84.1,54.9,33,FOLLOWER,55.8,23.9,87.3,90.9,3.6,63.4,NONE
AIQ,51,0.38,PEGA,Pegasystems Inc.,Comp Sftwr - Financial,Technology Services,LOSING,77,51.4,56.9,43.2,16,FOLLOWER,36.3,8.0,33.8,89.3,55.5,25.7,BREAKOUT_RECENT
AIQ,52,0.37,ZBRA,Zebra Technologies Corporation Class A,Elec-Misc Products,Electronic Technology,LOSING,129,38.4,42.5,32.3,1,LEADER,86.5,78.0,94.1,88.9,-5.2,16.1,NONE
AIQ,53,0.37,TRI,Thomson Reuters Corporation,Comml Svcs-Market Rsrch,Technology Services,EMERGING,2,70.5,82.1,53.1,6,FOLLOWER,45.3,15.6,74.5,76.9,2.4,58.9,NONE
AIQ,54,0.36,ZS,"Zscaler, Inc.",Computer Sftwr-Security,Technology Services,EMERGING,9,70.2,78.1,58.4,16,FOLLOWER,50.7,11.0,82.8,91.9,9.1,71.8,BREAKOUT_WATCH
AIQ,55,0.36,DT,"Dynatrace, Inc.",Comp Sftwr - Enterprise,Technology Services,EMERGING,1,72.4,84.1,54.9,13,PIONEER,78.3,63.2,84.5,91.0,6.5,21.2,BREAKOUT_WATCH
AIQ,56,0.36,GLOB,Globant SA,Computer-Tech Services,Technology Services,LOSING,26,62.4,77.8,39.3,36,FOLLOWER,27.9,6.7,24.3,78.5,54.2,17.7,NONE
AIQ,57,0.36,AI,"C3.ai, Inc. Class A",Comp Sftwr - Enterprise,Technology Services,EMERGING,1,72.4,84.1,54.9,55,FOLLOWER,33.2,11.9,24.9,87.0,62.1,13.0,BREAKOUT_NOW
AIQ,58,0.35,CCC,CCC Intelligent Solutions Holdings Inc,Comp Sftwr - Specialty Enterprise,Technology Services,LOSING,40,55.6,69.4,34.8,5,FOLLOWER,61.6,36.5,94.9,90.5,-4.4,58.4,NONE
AIQ,59,0.34,TWLO,"Twilio, Inc. Class A",Comp Sftwr - Enterprise,Technology Services,EMERGING,1,72.4,84.1,54.9,25,FOLLOWER,71.0,92.8,51.0,88.3,37.3,-41.8,NONE
AIQ,60,0.34,OKTA,"Okta, Inc. Class A",Computer Sftwr-Security,Technology Services,EMERGING,9,70.2,78.1,58.4,2,LEADER,88.0,96.2,85.7,90.2,4.5,-10.5,BREAKOUT_WATCH
AIQ,61,0.34,SNAP,"Snap, Inc. Class A",Internet-Content,Technology Services,LOSING,116,38.4,45.5,27.6,15,FOLLOWER,32.9,10.1,29.1,87.5,58.3,19.0,NONE
AIQ,62,0.34,G,Genpact Limited,Comml Svcs-Outsourcing,Commercial Services,LOSING,53,58.4,65.7,47.4,14,FOLLOWER,43.9,18.7,66.1,72.2,6.1,47.4,BREAKOUT_WATCH
AIQ,66,0.33,DXC,DXC Technology Co.,Computer-Tech Services,Technology Services,LOSING,26,62.4,77.8,39.3,28,FOLLOWER,39.2,18.2,63.4,49.4,-14.0,45.2,NONE
AIQ,67,0.32,SMCI,"Super Micro Computer, Inc.",Computer-Hardware/Perip,Electronic Technology,EMERGING,3,65.5,81.8,41.1,17,FOLLOWER,42.4,52.4,11.5,94.3,82.7,-40.9,NONE
AIQ,71,0.31,SOUN,"SoundHound AI, Inc Class A",Computer-Tech Services,Technology Services,LOSING,26,62.4,77.8,39.3,39,FOLLOWER,25.0,5.6,10.4,85.9,75.5,4.8,NONE
AIQ,73,0.31,GEHC,GE Healthcare Technologies Inc.,Medical-Systems,Health Technology,EMERGING,7,67.4,80.0,48.6,17,FOLLOWER,46.5,20.4,71.9,64.4,-7.5,51.5,NONE
AIQ,74,0.31,EFX,Equifax Inc.,Financial Svcs-Specialty,Finance,LOSING,75,54.0,57.3,49.0,26,FOLLOWER,44.2,21.4,63.0,76.5,13.5,41.5,NONE
AIQ,76,0.3,CRWV,"CoreWeave, Inc. Class A",Internet-Network Sltns,Technology Services,LOSING,152,29.7,35.9,20.4,3,FOLLOWER,39.9,53.6,6.5,87.4,80.9,-47.1,NONE
AIQ,79,0.29,ERIC,Telefonaktiebolaget LM Ericsson Sponsored ADR Class B,Telecom-Infrastructure,Electronic Technology,LOSING,73,45.8,58.2,27.1,8,FOLLOWER,33.5,44.4,9.2,59.0,49.8,-35.2,NONE
AIQ,80,0.28,TDC,Teradata Corporation,Computer Sftwr-Database,Technology Services,EMERGING,4,73.0,80.2,62.2,14,FOLLOWER,23.8,38.1,11.0,19.2,8.2,-27.1,NONE
AIQ,81,0.28,QUBT,Quantum Computing Inc.,Computer-Tech Services,Technology Services,LOSING,26,62.4,77.8,39.3,46,FOLLOWER,18.1,9.6,5.9,54.5,48.6,-3.7,NONE
AIQ,82,0.27,CLS,Celestica Inc.,Elec-Contract Mfg,Electronic Technology,LOSING,158,29.9,34.0,23.7,9,FOLLOWER,15.2,21.9,7.2,12.3,5.2,-14.8,NONE
AIQ,84,0.27,AMBA,"Ambarella, Inc.",Elec-Semicondctor Fablss,Electronic Technology,LOSING,45,49.9,67.6,23.2,29,FOLLOWER,19.1,26.3,24.4,3.7,-20.8,-1.9,NONE
AIQ,85,0.26,PONY,Pony AI Inc. Sponsored ADR,Auto/Truck Equipment Parts & Tires,Producer Manufacturing,LOSING,94,41.1,51.4,25.5,35,FOLLOWER,8.5,3.3,5.6,11.8,6.3,2.2,NONE
AIQ,86,0.24,BIDU,"Baidu, Inc. Sponsored ADR Class A",Internet-Content,Technology Services,LOSING,116,38.4,45.5,27.6,29,FOLLOWER,11.5,14.9,7.8,7.0,-0.8,-7.1,NONE
AIQ,87,0.18,HUT,Hut 8 Corp.,Finance - Crypto/Blockchain,Technology Services,LOSING,57,49.6,65.4,25.9,10,FOLLOWER,35.1,92.8,3.7,1.4,-2.4,-89.1,NONE
BOTZ,3,9.62,NVDA,NVIDIA Corporation,Elec-Semicondctor Fablss,Electronic Technology,LOSING,45,49.9,67.6,23.2,2,FOLLOWER,64.7,62.3,35.8,76.7,40.9,-26.5,NONE
BOTZ,6,6.06,ISRG,"Intuitive Surgical, Inc.",Medical-Systems,Health Technology,EMERGING,7,67.4,80.0,48.6,22,FOLLOWER,26.2,7.1,24.1,69.4,45.3,17.1,NONE
BOTZ,11,2.26,CGNX,Cognex Corporation,Elec-Scientific/Msrng,Electronic Technology,LOSING,124,36.4,42.9,26.8,4,FOLLOWER,45.3,86.7,28.5,19.1,-9.4,-58.2,NONE
BOTZ,12,2.25,GOOGL,Alphabet Inc. Class A,Internet-Content,Technology Services,LOSING,116,38.4,45.5,27.6,14,FOLLOWER,36.9,43.3,22.8,24.2,1.4,-20.5,NONE
BOTZ,13,2.07,AUR,"Aurora Innovation, Inc. Class A",Auto/Truck Equipment Parts & Tires,Producer Manufacturing,LOSING,94,41.1,51.4,25.5,18,FOLLOWER,33.1,76.7,8.9,8.3,-0.6,-67.8,NONE
BOTZ,15,1.92,PATH,"UiPath, Inc. Class A",Comp Sftwr - Enterprise,Technology Services,EMERGING,1,72.4,84.1,54.9,7,LEADER,85.3,75.2,94.3,98.0,3.7,19.1,BREAKOUT_NOW
BOTZ,16,1.81,TSLA,"Tesla, Inc.",Auto Manufacturers,Consumer Durables,LOSING,70,46.0,59.9,25.1,8,FOLLOWER,34.8,18.2,20.2,87.3,67.1,2.0,NONE
BOTZ,20,1.66,AVAV,"AeroVironment, Inc.",Aerospace/Defense,Electronic Technology,LOSING,86,42.3,54.8,23.6,56,FOLLOWER,14.2,3.5,8.1,41.3,33.3,4.6,NONE
BOTZ,21,1.61,BIDU,"Baidu, Inc. Sponsored ADR Class A",Internet-Content,Technology Services,LOSING,116,38.4,45.5,27.6,29,FOLLOWER,11.5,14.9,7.8,7.0,-0.8,-7.1,NONE
BOTZ,23,1.36,JBTM,JBT Marel Corporation,Machinery-Gen Industrial,Producer Manufacturing,LOSING,98,42.5,50.9,29.9,40,FOLLOWER,15.0,15.5,22.4,5.8,-16.6,6.9,NONE
BOTZ,25,1.17,XPEV,"XPeng, Inc. ADR Sponsored Class A",Auto Manufacturers,Consumer Durables,LOSING,70,46.0,59.9,25.1,16,FOLLOWER,6.4,3.7,5.7,8.5,2.8,2.0,NONE
BOTZ,27,1.12,SYM,"Symbotic, Inc. Class A",Machinery-Gen Industrial,Producer Manufacturing,LOSING,98,42.5,50.9,29.9,42,FOLLOWER,11.7,2.0,13.4,15.7,2.3,11.4,NONE
BOTZ,38,0.56,PONY,Pony AI Inc. Sponsored ADR,Auto/Truck Equipment Parts & Tires,Producer Manufacturing,LOSING,94,41.1,51.4,25.5,35,FOLLOWER,8.5,3.3,5.6,11.8,6.3,2.2,NONE
BOTZ,39,0.48,OUST,"Ouster, Inc.",Elec-Misc Products,Electronic Technology,LOSING,129,38.4,42.5,32.3,8,FOLLOWER,35.3,84.6,9.9,9.3,-0.6,-74.7,NONE
BOTZ,40,0.47,HSAI,Hesai Group Sponsored ADR,Auto/Truck Equipment Parts & Tires,Producer Manufacturing,LOSING,94,41.1,51.4,25.5,32,FOLLOWER,17.7,18.1,12.2,24.6,12.3,-5.8,NONE
BOTZ,42,0.42,WRD,WeRide Inc. Sponsored ADR Class A,Leisure-Services,Consumer Services,LOSING,99,43.0,50.8,31.1,34,FOLLOWER,15.9,9.6,8.4,39.8,31.4,-1.1,NONE
BOTZ,43,0.41,APPN,Appian Corporation Class A,Comp Sftwr - Enterprise,Technology Services,EMERGING,1,72.4,84.1,54.9,23,FOLLOWER,73.0,41.3,96.6,99.0,2.5,55.3,BREAKOUT_WATCH
BOTZ,44,0.36,OMCL,"Omnicell, Inc.",Medical-Systems,Health Technology,EMERGING,7,67.4,80.0,48.6,21,FOLLOWER,27.4,28.6,13.1,41.8,28.7,-15.5,NONE
BOTZ,47,0.27,PRCT,PROCEPT BioRobotics Corp.,Medical-Systems,Health Technology,EMERGING,7,67.4,80.0,48.6,25,FOLLOWER,24.4,7.5,9.4,82.4,73.0,2.0,NONE
BOTZ,56,0.09,CRNC,Cerence Inc.,Comp Sftwr - Specialty Enterprise,Technology Services,LOSING,40,55.6,69.4,34.8,19,FOLLOWER,16.7,14.1,5.8,40.2,34.4,-8.3,NONE
BOTZ,57,0.08,SERV,Serve Robotics Inc,Machinery-Mtl Hdlg/Autmn,Technology Services,LOSING,105,44.1,49.4,36.0,7,FOLLOWER,15.3,2.5,1.8,55.6,53.8,-0.7,NONE
BOTZ,58,0.08,RR,Richtech Robotics Inc. Class B,Machinery-Mtl Hdlg/Autmn,Technology Services,LOSING,105,44.1,49.4,36.0,6,FOLLOWER,26.1,3.8,4.0,94.5,90.4,0.3,NONE
BOTZ,60,0.05,EH,EHang Holdings Ltd. Sponsored ADR Class A,Aerospace/Defense,Electronic Technology,LOSING,86,42.3,54.8,23.6,62,FOLLOWER,4.8,0.8,1.1,8.8,7.7,0.3,NONE
SMH,1,,NVDA,NVIDIA Corporation,Elec-Semicondctor Fablss,Electronic Technology,LOSING,45,49.9,67.6,23.2,2,FOLLOWER,64.7,62.3,35.8,76.7,40.9,-26.5,NONE
SMH,2,,TSM,"Taiwan Semiconductor Manufacturing Co., Ltd. Sponsored ADR",Elec-Semiconductor Mfg,Electronic Technology,LOSING,112,39.4,46.8,28.4,3,FOLLOWER,59.3,80.0,30.4,58.8,28.4,-49.6,NONE
SMH,3,,AVGO,Broadcom Inc.,Elec-Semicondctor Fablss,Electronic Technology,LOSING,45,49.9,67.6,23.2,27,FOLLOWER,23.3,26.1,12.3,23.6,11.3,-13.8,NONE
SMH,4,,MU,"Micron Technology, Inc.",Computer-Hardware/Perip,Electronic Technology,EMERGING,3,65.5,81.8,41.1,7,FOLLOWER,69.0,99.5,25.7,85.7,60.0,-73.8,NONE
SMH,5,,AMD,"Advanced Micro Devices, Inc.",Elec-Semicondctor Fablss,Electronic Technology,LOSING,45,49.9,67.6,23.2,8,FOLLOWER,53.5,96.5,25.2,39.4,14.2,-71.3,NONE
SMH,6,,ASML,ASML Holding NV Sponsored ADR,Elec-Semiconductor Equip,Electronic Technology,LOSING,95,40.3,51.2,23.9,3,FOLLOWER,63.7,87.8,52.4,62.7,10.3,-35.4,NONE
SMH,7,,LRCX,Lam Research Corporation,Elec-Semiconductor Equip,Electronic Technology,LOSING,95,40.3,51.2,23.9,5,FOLLOWER,55.5,94.0,29.7,59.1,29.4,-64.3,NONE
SMH,8,,AMAT,"Applied Materials, Inc.",Elec-Semiconductor Equip,Electronic Technology,LOSING,95,40.3,51.2,23.9,7,FOLLOWER,54.1,92.5,39.5,12.4,-27.2,-53.0,NONE
SMH,9,,ADI,"Analog Devices, Inc.",Elec-Semiconductor Mfg,Electronic Technology,LOSING,112,39.4,46.8,28.4,15,FOLLOWER,45.6,78.4,22.6,38.2,15.6,-55.8,NONE
SMH,10,,TXN,Texas Instruments Incorporated,Elec-Semiconductor Mfg,Electronic Technology,LOSING,112,39.4,46.8,28.4,12,FOLLOWER,48.6,86.8,21.6,21.9,0.3,-65.2,NONE
SMH,11,,MRVL,"Marvell Technology, Inc.",Elec-Semicondctor Fablss,Electronic Technology,LOSING,45,49.9,67.6,23.2,3,FOLLOWER,62.0,97.2,32.2,80.6,48.4,-65.1,NONE
SMH,12,,QCOM,QUALCOMM Incorporated,Elec-Semicondctor Fablss,Electronic Technology,LOSING,45,49.9,67.6,23.2,17,FOLLOWER,37.6,41.5,8.7,84.4,75.7,-32.8,NONE
SMH,13,,INTC,Intel Corporation,Elec-Semiconductor Mfg,Electronic Technology,LOSING,112,39.4,46.8,28.4,13,FOLLOWER,47.4,97.3,13.3,41.0,27.7,-84.1,NONE
SMH,14,,KLAC,KLA Corporation,Elec-Semiconductor Equip,Electronic Technology,LOSING,95,40.3,51.2,23.9,15,FOLLOWER,43.2,83.7,23.1,27.4,4.2,-60.6,NONE
SMH,15,,CDNS,"Cadence Design Systems, Inc.",Computer Sftwr-Design,Technology Services,LOSING,50,58.1,66.4,45.7,10,FOLLOWER,32.2,48.6,13.2,42.9,29.7,-35.4,NONE
SMH,16,,SNPS,"Synopsys, Inc.",Computer Sftwr-Design,Technology Services,LOSING,50,58.1,66.4,45.7,6,FOLLOWER,41.2,44.5,21.5,81.1,59.6,-23.0,NONE
SMH,17,,MPWR,"Monolithic Power Systems, Inc.",Elec-Semicondctor Fablss,Electronic Technology,LOSING,45,49.9,67.6,23.2,16,FOLLOWER,40.0,75.6,13.6,9.9,-3.7,-61.9,NONE
SMH,18,,TER,"Teradyne, Inc.",Elec-Semiconductor Equip,Electronic Technology,LOSING,95,40.3,51.2,23.9,6,FOLLOWER,55.1,94.1,29.0,23.7,-5.3,-65.1,NONE
SMH,19,,NXPI,NXP Semiconductors NV,Elec-Semiconductor Mfg,Electronic Technology,LOSING,112,39.4,46.8,28.4,21,FOLLOWER,37.6,57.1,7.9,35.8,27.8,-49.2,NONE
SMH,20,,STM,STMicroelectronics NV Sponsored ADR RegS,Elec-Semiconductor Mfg,Electronic Technology,LOSING,112,39.4,46.8,28.4,11,FOLLOWER,48.6,96.7,8.1,25.8,17.6,-88.6,NONE
SMH,21,,ARM,ARM Holdings PLC Sponsored ADR,Elec-Semicondctor Fablss,Electronic Technology,LOSING,45,49.9,67.6,23.2,11,FOLLOWER,44.8,92.2,3.7,51.8,48.1,-88.6,NONE
SMH,22,,ALAB,"Astera Labs, Inc.",Elec-Semicondctor Fablss,Electronic Technology,LOSING,45,49.9,67.6,23.2,10,FOLLOWER,48.0,93.8,25.8,24.7,-1.1,-68.0,NONE
SMH,23,,MCHP,Microchip Technology Incorporated,Elec-Semiconductor Mfg,Electronic Technology,LOSING,112,39.4,46.8,28.4,18,FOLLOWER,42.8,78.6,12.4,42.1,29.6,-66.2,NONE
SMH,24,,ON,ON Semiconductor Corporation,Elec-Semiconductor Mfg,Electronic Technology,LOSING,112,39.4,46.8,28.4,20,FOLLOWER,37.8,82.2,4.4,12.9,8.6,-77.8,NONE
SMH,25,,SWKS,"Skyworks Solutions, Inc.",Elec-Semiconductor Mfg,Electronic Technology,LOSING,112,39.4,46.8,28.4,19,FOLLOWER,40.3,41.3,20.6,71.6,51.0,-20.7,NONE
HYDR,1,13.69,BE,Bloom Energy Corporation Class A,Energy-Alternative/Other,Producer Manufacturing,LOSING,89,41.4,52.9,24.3,2,FOLLOWER,46.8,95.2,9.0,46.2,37.1,-86.1,NONE
HYDR,3,10.36,PLUG,Plug Power Inc.,Energy-Alternative/Other,Producer Manufacturing,LOSING,89,41.4,52.9,24.3,20,FOLLOWER,31.7,46.5,2.4,64.7,62.3,-44.2,NONE
HYDR,6,5.54,FCEL,"FuelCell Energy, Inc.",Energy-Alternative/Other,Producer Manufacturing,LOSING,89,41.4,52.9,24.3,8,FOLLOWER,40.7,98.0,12.6,3.4,-9.2,-85.4,NONE
HYDR,9,3.53,BLDP,Ballard Power Systems Inc.,Energy-Alternative/Other,Producer Manufacturing,LOSING,89,41.4,52.9,24.3,35,FOLLOWER,9.2,15.6,0.5,7.5,7.1,-15.1,NONE
HYDR,11,3.16,APD,"Air Products and Chemicals, Inc.",Chemicals-Specialty,Process Industries,LOSING,71,51.1,59.8,38.0,8,FOLLOWER,67.6,61.6,67.7,64.9,-2.7,6.1,BREAKOUT_WATCH
HYDR,17,2.45,CMI,Cummins Inc.,Trucks & Parts-Hvy Duty,Producer Manufacturing,LOSING,144,36.2,37.9,33.6,5,FOLLOWER,29.7,54.2,19.5,10.5,-9.0,-34.7,NONE
HYDR,21,1.01,HY,"Hyster-Yale, Inc. Class A",Machinery-Gen Industrial,Producer Manufacturing,LOSING,98,42.5,50.9,29.9,17,FOLLOWER,45.8,61.7,33.7,53.1,19.4,-28.0,NONE
XOP,1,3.779655,PBF,"PBF Energy, Inc. Class A",Oil&Gas-Refining/Mktg,Energy Minerals,EMERGING,8,75.0,79.7,67.8,8,LEADER,85.0,96.5,98.6,53.5,-45.1,2.1,NONE
XOP,2,3.309737,DK,Delek US Holdings Inc,Oil&Gas-Refining/Mktg,Energy Minerals,EMERGING,8,75.0,79.7,67.8,4,LEADER,90.9,94.0,97.6,76.7,-21.0,3.6,BREAKOUT_RECENT
XOP,3,3.180857,DINO,HF Sinclair Corporation,Oil&Gas-Refining/Mktg,Energy Minerals,EMERGING,8,75.0,79.7,67.8,6,LEADER,90.3,94.6,94.7,79.2,-15.5,0.0,BREAKOUT_RECENT
XOP,4,3.16232,MPC,Marathon Petroleum Corporation,Oil&Gas-Refining/Mktg,Energy Minerals,EMERGING,8,75.0,79.7,67.8,2,LEADER,91.9,94.4,94.9,87.4,-7.5,0.5,BREAKOUT_RECENT
XOP,5,3.088397,PARR,Par Pacific Holdings Inc,Oil&Gas-Refining/Mktg,Energy Minerals,EMERGING,8,75.0,79.7,67.8,13,FOLLOWER,71.6,91.5,93.8,17.5,-76.3,2.2,NONE
XOP,6,3.083386,VLO,Valero Energy Corporation,Oil&Gas-Refining/Mktg,Energy Minerals,EMERGING,8,75.0,79.7,67.8,1,LEADER,94.2,95.6,94.3,83.5,-10.8,-1.2,BREAKOUT_NOW
XOP,7,3.031219,PSX,Phillips 66,Oil&Gas-Refining/Mktg,Energy Minerals,EMERGING,8,75.0,79.7,67.8,5,LEADER,90.5,92.9,93.1,86.2,-7.0,0.2,BREAKOUT_WATCH
XOP,8,2.610017,CRGY,Crescent Energy Company Class A,Oil&Gas-Explorers/Producers,Energy Minerals,MATURE,20,63.3,66.4,58.7,5,LEADER,85.0,84.1,73.1,89.1,16.0,-11.0,NONE
XOP,9,2.59709,PR,Permian Resources Corporation Class A,Oil&Gas-Explorers/Producers,Energy Minerals,MATURE,20,63.3,66.4,58.7,3,LEADER,86.5,89.0,81.0,75.3,-5.8,-8.0,NONE
XOP,10,2.526997,APA,APA Corporation,Oil&Gas-Explorers/Producers,Energy Minerals,MATURE,20,63.3,66.4,58.7,2,LEADER,86.7,91.7,74.8,84.5,9.8,-17.0,NONE
XOP,11,2.517815,SM,SM Energy Company,Oil&Gas-Explorers/Producers,Energy Minerals,MATURE,20,63.3,66.4,58.7,1,LEADER,87.7,95.1,73.6,82.9,9.3,-21.5,NONE
XOP,12,2.516417,OVV,Ovintiv Inc,Oil&Gas-Explorers/Producers,Energy Minerals,MATURE,20,63.3,66.4,58.7,8,LEADER,81.5,88.4,71.5,65.5,-6.0,-16.9,NONE
XOP,13,2.501954,EXE,Expand Energy Corporation,Oil&Gas-Explorers/Producers,Energy Minerals,MATURE,20,63.3,66.4,58.7,48,FOLLOWER,39.0,16.5,58.6,65.1,6.5,42.1,BREAKOUT_WATCH
XOP,14,2.464015,CLMT,"Calumet, Inc.",Oil&Gas-Refining/Mktg,Energy Minerals,EMERGING,8,75.0,79.7,67.8,7,LEADER,88.6,97.7,93.4,80.2,-13.1,-4.3,NONE
XOP,15,2.461218,CNX,CNX Resources Corporation,Oil&Gas-Explorers/Producers,Energy Minerals,MATURE,20,63.3,66.4,58.7,45,FOLLOWER,43.2,27.4,61.9,54.6,-7.3,34.5,NONE
XOP,16,2.453729,COP,ConocoPhillips,Oil&Gas-Explorers/Producers,Energy Minerals,MATURE,20,63.3,66.4,58.7,4,LEADER,85.1,85.1,75.2,77.7,2.4,-9.9,NONE
XOP,17,2.435252,AR,Antero Resources Corporation,Oil&Gas-Explorers/Producers,Energy Minerals,MATURE,20,63.3,66.4,58.7,40,FOLLOWER,50.9,47.3,53.2,69.0,15.7,6.0,NONE
XOP,18,2.408427,VG,"Venture Global, Inc. Class A",Oil&Gas-Integrated,Energy Minerals,LOSING,39,64.3,70.0,55.7,2,LEADER,80.5,95.4,75.5,75.6,0.1,-19.9,BREAKOUT_WATCH
XOP,19,2.400745,CVX,Chevron Corporation,Oil&Gas-Integrated,Energy Minerals,LOSING,39,64.3,70.0,55.7,4,LEADER,76.6,78.4,68.2,66.9,-1.2,-10.2,BREAKOUT_WATCH
XOP,20,2.391046,RRC,Range Resources Corporation,Oil&Gas-Explorers/Producers,Energy Minerals,MATURE,20,63.3,66.4,58.7,43,FOLLOWER,49.2,45.8,52.1,59.2,7.2,6.3,NONE
XOP,21,2.383744,CHRD,Chord Energy Corporation,Oil&Gas-Explorers/Producers,Energy Minerals,MATURE,20,63.3,66.4,58.7,10,LEADER,78.4,87.8,59.5,67.1,7.7,-28.4,NONE
XOP,22,2.348427,XOM,Exxonmobil Holdings Corporation,Oil&Gas-Integrated,Energy Minerals,LOSING,39,64.3,70.0,55.7,6,FOLLOWER,71.0,79.3,61.5,62.9,1.4,-17.9,NONE
XOP,23,2.341357,EQT,EQT Corporation,Oil&Gas-Integrated,Energy Minerals,LOSING,39,64.3,70.0,55.7,19,FOLLOWER,33.3,25.0,35.5,56.1,20.5,10.6,NONE
XOP,24,2.33626,OXY,Occidental Petroleum Corporation,Oil&Gas-Explorers/Producers,Energy Minerals,MATURE,20,63.3,66.4,58.7,23,FOLLOWER,69.4,81.5,49.0,66.3,17.4,-32.5,NONE
XOP,25,2.31807,MTDR,Matador Resources Company,Oil&Gas-Explorers/Producers,Energy Minerals,MATURE,20,63.3,66.4,58.7,18,FOLLOWER,71.9,78.8,52.3,86.3,33.9,-26.4,NONE
XOP,26,2.306605,EOG,"EOG Resources, Inc.",Oil&Gas-Explorers/Producers,Energy Minerals,MATURE,20,63.3,66.4,58.7,24,FOLLOWER,66.1,77.4,57.9,33.3,-24.6,-19.5,NONE
XOP,27,2.29357,DVN,Devon Energy Corporation,Oil&Gas-Explorers/Producers,Energy Minerals,MATURE,20,63.3,66.4,58.7,20,FOLLOWER,71.4,74.0,54.8,71.4,16.5,-19.1,NONE
XOP,28,2.269962,FANG,"Diamondback Energy, Inc.",Oil&Gas-Explorers/Producers,Energy Minerals,MATURE,20,63.3,66.4,58.7,29,FOLLOWER,63.9,74.6,45.2,41.4,-3.8,-29.4,NONE
XOP,29,2.227077,VNOM,"Viper Energy, Inc.",Oil&Gas-Explorers/Producers,Energy Minerals,MATURE,20,63.3,66.4,58.7,35,FOLLOWER,59.1,69.0,38.4,56.2,17.8,-30.6,BREAKOUT_WATCH
XOP,30,2.211559,NOG,"Northern Oil and Gas, Inc.",Oil&Gas-Explorers/Producers,Energy Minerals,MATURE,20,63.3,66.4,58.7,17,FOLLOWER,72.5,65.0,80.4,90.8,10.4,15.4,NONE
XOP,31,2.192068,TPL,Texas Pacific Land Corporation,Oil&Gas-Royalty Trust,Miscellaneous,LOSING,51,62.1,66.1,56.0,4,FOLLOWER,44.0,70.2,46.6,17.7,-28.9,-23.6,NONE
XOP,32,2.13065,MGY,Magnolia Oil & Gas Corp. Class A,Oil&Gas-Explorers/Producers,Energy Minerals,MATURE,20,63.3,66.4,58.7,38,FOLLOWER,53.4,58.9,34.2,65.6,31.4,-24.7,NONE
XOP,33,2.096118,GPOR,Gulfport Energy Corp,Oil&Gas-Explorers/Producers,Energy Minerals,MATURE,20,63.3,66.4,58.7,46,FOLLOWER,40.7,15.0,57.1,78.5,21.3,42.1,BREAKOUT_NOW
XOP,34,2.018724,MUR,Murphy Oil Corporation,Oil&Gas-Explorers/Producers,Energy Minerals,MATURE,20,63.3,66.4,58.7,44,FOLLOWER,44.8,58.8,36.0,16.8,-19.2,-22.8,NONE
XOP,35,2.002657,CRC,California Resources Corp,Oil&Gas-Explorers/Producers,Energy Minerals,MATURE,20,63.3,66.4,58.7,47,FOLLOWER,40.3,55.0,17.1,50.9,33.9,-38.0,NONE
XOP,36,1.583506,TALO,"Talos Energy, Inc.",Oil&Gas-Explorers/Producers,Energy Minerals,MATURE,20,63.3,66.4,58.7,11,LEADER,77.7,84.0,76.0,82.2,6.2,-8.0,NONE
XOP,37,1.240231,KOS,Kosmos Energy Ltd.,Oil&Gas-Explorers/Producers,Energy Minerals,MATURE,20,63.3,66.4,58.7,31,FOLLOWER,63.2,97.8,35.4,68.6,33.2,-62.4,NONE
XOP,38,1.112318,WKC,World Kinect Corporation,Oil&Gas-Refining/Mktg,Energy Minerals,EMERGING,8,75.0,79.7,67.8,14,FOLLOWER,68.7,84.8,84.8,11.2,-73.6,0.0,NONE
XOP,39,1.082894,CVI,"CVR Energy, Inc.",Oil&Gas-Refining/Mktg,Energy Minerals,EMERGING,8,75.0,79.7,67.8,11,FOLLOWER,76.4,62.0,82.0,87.0,5.0,20.0,BREAKOUT_WATCH
XOP,40,0.91087,CRK,"Comstock Resources, Inc.",Oil&Gas-Explorers/Producers,Energy Minerals,MATURE,20,63.3,66.4,58.7,49,FOLLOWER,36.9,4.1,59.4,74.2,14.8,55.3,NONE
XOP,41,0.868132,GPRE,Green Plains Inc.,Energy-Alternative/Other,Producer Manufacturing,LOSING,89,41.4,52.9,24.3,11,FOLLOWER,37.8,80.1,21.7,7.0,-14.7,-58.4,NONE
XOP,42,0.747111,BKV,BKV Corporation,Oil&Gas-Explorers/Producers,Energy Minerals,MATURE,20,63.3,66.4,58.7,53,FOLLOWER,25.6,23.6,23.6,39.0,15.5,-0.1,NONE
XOP,43,0.66959,DEC,Diversified Energy Company,Oil&Gas-Explorers/Producers,Energy Minerals,MATURE,20,63.3,66.4,58.7,41,FOLLOWER,50.5,47.2,46.9,80.5,33.6,-0.4,BREAKOUT_NOW
XOP,44,0.585724,SOC,Sable Offshore Corp.,Oil&Gas-Integrated,Energy Minerals,LOSING,39,64.3,70.0,55.7,20,FOLLOWER,24.4,57.0,0.5,14.2,13.7,-56.5,NONE
XOP,45,0.455337,EGY,"VAALCO Energy, Inc.",Oil&Gas-Explorers/Producers,Energy Minerals,MATURE,20,63.3,66.4,58.7,14,FOLLOWER,74.8,91.8,65.0,80.3,15.3,-26.8,NONE
XOP,46,0.407148,VTS,"Vitesse Energy, Inc.",Finance-Investment Mgmt,Finance,LOSING,28,64.7,74.1,50.5,59,FOLLOWER,40.0,21.5,45.0,79.5,34.5,23.5,BREAKOUT_NOW
XOP,47,0.404006,REX,REX American Resources Corporation,Energy-Alternative/Other,Producer Manufacturing,LOSING,89,41.4,52.9,24.3,19,FOLLOWER,33.6,64.0,14.5,24.8,10.3,-49.5,NONE
XOP,48,0.399179,GEVO,"Gevo, Inc.",Chemicals-Specialty,Process Industries,LOSING,71,51.1,59.8,38.0,31,FOLLOWER,30.0,13.4,22.7,79.6,56.9,9.3,NONE
XOP,49,0.356568,NUAI,"New Era Energy & Digital, Inc.",Oil&Gas-Explorers/Producers,Energy Minerals,MATURE,20,63.3,66.4,58.7,52,FOLLOWER,27.1,26.0,15.4,55.4,40.0,-10.6,NONE
XOP,50,0.30699,SD,"SandRidge Energy, Inc.",Oil&Gas-Explorers/Producers,Energy Minerals,MATURE,20,63.3,66.4,58.7,50,FOLLOWER,36.5,40.9,27.0,57.6,30.6,-13.9,NONE
XOP,51,0.122984,CLNE,Clean Energy Fuels Corp.,Energy-Alternative/Other,Producer Manufacturing,LOSING,89,41.4,52.9,24.3,34,FOLLOWER,9.3,10.5,10.4,4.3,-6.1,-0.1,NONE
MOO,2,,CTVA,Corteva Inc,Agricultural Operations,Process Industries,LOSING,34,61.4,71.3,46.6,2,FOLLOWER,66.1,67.3,62.4,71.5,9.1,-4.9,BREAKOUT_NOW
MOO,3,,DE,Deere & Company,Machinery-Constr/Mining/Farming,Producer Manufacturing,LOSING,27,66.1,76.0,51.2,2,LEADER,84.0,77.8,82.9,77.3,-5.6,5.2,BREAKOUT_WATCH
MOO,4,,NTR,Nutrien Ltd.,Chemicals-Agricultural,Process Industries,EMERGING,15,62.1,72.9,45.8,3,FOLLOWER,67.4,72.9,63.5,75.4,12.0,-9.4,BREAKOUT_WATCH
MOO,6,,ADM,Archer-Daniels-Midland Company,Food - Foodstuffs,Consumer Non-Durables,LOSING,150,36.9,36.6,37.5,2,FOLLOWER,64.3,75.0,36.8,60.3,23.5,-38.2,NONE
MOO,7,,CF,"CF Industries Holdings, Inc.",Chemicals-Agricultural,Process Industries,EMERGING,15,62.1,72.9,45.8,1,LEADER,78.7,89.6,75.2,63.4,-11.8,-14.4,NONE
MOO,9,,TSN,"Tyson Foods, Inc. Class A",Food - Foodstuffs,Consumer Non-Durables,LOSING,150,36.9,36.6,37.5,11,FOLLOWER,29.5,30.7,24.9,23.6,-1.3,-5.8,NONE
MOO,10,,BG,Bunge Global SA,Agricultural Operations,Process Industries,LOSING,34,61.4,71.3,46.6,3,FOLLOWER,57.2,62.4,22.2,76.9,54.8,-40.2,NONE
MOO,12,,DAR,Darling Ingredients Inc,Agricultural Operations,Process Industries,LOSING,34,61.4,71.3,46.6,1,LEADER,77.5,92.1,63.8,75.2,11.5,-28.4,NONE
MOO,13,,CNH,CNH Industrial NV,Machinery-Constr/Mining/Farming,Producer Manufacturing,LOSING,27,66.1,76.0,51.2,4,LEADER,76.2,66.4,81.9,84.3,2.5,15.4,NONE
MOO,16,,TTC,Toro Company,Building - Tools,Consumer Durables,LOSING,138,43.8,39.4,50.5,2,FOLLOWER,71.6,77.9,62.8,68.9,6.2,-15.1,NONE
MOO,18,,MOS,Mosaic Company,Chemicals-Agricultural,Process Industries,EMERGING,15,62.1,72.9,45.8,6,FOLLOWER,47.2,37.2,50.6,74.5,24.0,13.4,NONE
MOO,19,,AGCO,AGCO Corporation,Machinery-Constr/Mining/Farming,Producer Manufacturing,LOSING,27,66.1,76.0,51.2,7,FOLLOWER,58.0,51.7,55.7,85.2,29.4,4.0,BREAKOUT_RECENT
MOO,21,,ELAN,"Elanco Animal Health, Inc.",Medical-Products,Health Technology,LOSING,52,61.4,65.7,55.0,58,FOLLOWER,37.4,38.1,44.0,12.8,-31.2,5.9,NONE
MOO,27,,CALM,"Cal-Maine Foods, Inc.",Agricultural Operations,Process Industries,LOSING,34,61.4,71.3,46.6,11,FOLLOWER,32.0,29.1,53.8,11.6,-42.3,24.7,NONE
MOO,28,,ICL,ICL Group Ltd.,Chemicals-Agricultural,Process Industries,EMERGING,15,62.1,72.9,45.8,7,FOLLOWER,41.1,42.6,21.0,81.0,60.0,-21.6,NONE
MOO,34,,NEOG,Neogen Corp,Medical-Products,Health Technology,LOSING,52,61.4,65.7,55.0,18,FOLLOWER,74.7,93.6,89.9,27.1,-62.8,-3.7,NONE
MOO,41,,PPC,Pilgrim's Pride Corporation,Food - Foodstuffs,Consumer Non-Durables,LOSING,150,36.9,36.6,37.5,6,FOLLOWER,43.7,16.1,62.5,83.5,21.0,46.4,NONE
MOO,45,,FMC,FMC Corporation,Chemicals-Agricultural,Process Industries,EMERGING,15,62.1,72.9,45.8,10,FOLLOWER,29.3,16.6,18.2,71.7,53.5,1.6,BREAKOUT_WATCH
SOXX,1,9.33,NVDA,NVIDIA Corporation,Elec-Semicondctor Fablss,Electronic Technology,LOSING,45,49.9,67.6,23.2,2,FOLLOWER,64.7,62.3,35.8,76.7,40.9,-26.5,NONE
SOXX,2,8.7,MU,"Micron Technology, Inc.",Computer-Hardware/Perip,Electronic Technology,EMERGING,3,65.5,81.8,41.1,7,FOLLOWER,69.0,99.5,25.7,85.7,60.0,-73.8,NONE
SOXX,3,8.17,AMD,"Advanced Micro Devices, Inc.",Elec-Semicondctor Fablss,Electronic Technology,LOSING,45,49.9,67.6,23.2,8,FOLLOWER,53.5,96.5,25.2,39.4,14.2,-71.3,NONE
SOXX,4,7.48,AVGO,Broadcom Inc.,Elec-Semicondctor Fablss,Electronic Technology,LOSING,45,49.9,67.6,23.2,27,FOLLOWER,23.3,26.1,12.3,23.6,11.3,-13.8,NONE
SOXX,5,5.11,INTC,Intel Corporation,Elec-Semiconductor Mfg,Electronic Technology,LOSING,112,39.4,46.8,28.4,13,FOLLOWER,47.4,97.3,13.3,41.0,27.7,-84.1,NONE
SOXX,6,4.79,MRVL,"Marvell Technology, Inc.",Elec-Semicondctor Fablss,Electronic Technology,LOSING,45,49.9,67.6,23.2,3,FOLLOWER,62.0,97.2,32.2,80.6,48.4,-65.1,NONE
SOXX,7,4.7,TSM,"Taiwan Semiconductor Manufacturing Co., Ltd. Sponsored ADR",Elec-Semiconductor Mfg,Electronic Technology,LOSING,112,39.4,46.8,28.4,3,FOLLOWER,59.3,80.0,30.4,58.8,28.4,-49.6,NONE
SOXX,8,4.65,AMAT,"Applied Materials, Inc.",Elec-Semiconductor Equip,Electronic Technology,LOSING,95,40.3,51.2,23.9,7,FOLLOWER,54.1,92.5,39.5,12.4,-27.2,-53.0,NONE
SOXX,9,4.3,LRCX,Lam Research Corporation,Elec-Semiconductor Equip,Electronic Technology,LOSING,95,40.3,51.2,23.9,5,FOLLOWER,55.5,94.0,29.7,59.1,29.4,-64.3,NONE
SOXX,10,4.14,KLAC,KLA Corporation,Elec-Semiconductor Equip,Electronic Technology,LOSING,95,40.3,51.2,23.9,15,FOLLOWER,43.2,83.7,23.1,27.4,4.2,-60.6,NONE
SOXX,11,3.96,ADI,"Analog Devices, Inc.",Elec-Semiconductor Mfg,Electronic Technology,LOSING,112,39.4,46.8,28.4,15,FOLLOWER,45.6,78.4,22.6,38.2,15.6,-55.8,NONE
SOXX,12,3.83,TXN,Texas Instruments Incorporated,Elec-Semiconductor Mfg,Electronic Technology,LOSING,112,39.4,46.8,28.4,12,FOLLOWER,48.6,86.8,21.6,21.9,0.3,-65.2,NONE
SOXX,13,3.35,MPWR,"Monolithic Power Systems, Inc.",Elec-Semicondctor Fablss,Electronic Technology,LOSING,45,49.9,67.6,23.2,16,FOLLOWER,40.0,75.6,13.6,9.9,-3.7,-61.9,NONE
SOXX,14,3.15,NXPI,NXP Semiconductors NV,Elec-Semiconductor Mfg,Electronic Technology,LOSING,112,39.4,46.8,28.4,21,FOLLOWER,37.6,57.1,7.9,35.8,27.8,-49.2,NONE
SOXX,15,3.11,TER,"Teradyne, Inc.",Elec-Semiconductor Equip,Electronic Technology,LOSING,95,40.3,51.2,23.9,6,FOLLOWER,55.1,94.1,29.0,23.7,-5.3,-65.1,NONE
SOXX,16,2.96,QCOM,QUALCOMM Incorporated,Elec-Semicondctor Fablss,Electronic Technology,LOSING,45,49.9,67.6,23.2,17,FOLLOWER,37.6,41.5,8.7,84.4,75.7,-32.8,NONE
SOXX,17,2.48,ASML,ASML Holding NV Sponsored ADR,Elec-Semiconductor Equip,Electronic Technology,LOSING,95,40.3,51.2,23.9,3,FOLLOWER,63.7,87.8,52.4,62.7,10.3,-35.4,NONE
SOXX,18,2.28,ALAB,"Astera Labs, Inc.",Elec-Semicondctor Fablss,Electronic Technology,LOSING,45,49.9,67.6,23.2,10,FOLLOWER,48.0,93.8,25.8,24.7,-1.1,-68.0,NONE
SOXX,19,2.18,MCHP,Microchip Technology Incorporated,Elec-Semiconductor Mfg,Electronic Technology,LOSING,112,39.4,46.8,28.4,18,FOLLOWER,42.8,78.6,12.4,42.1,29.6,-66.2,NONE
SOXX,20,2.17,CRDO,Credo Technology Group Holding Ltd.,Elec-Semicondctor Fablss,Electronic Technology,LOSING,45,49.9,67.6,23.2,6,FOLLOWER,57.3,75.7,39.1,75.2,36.1,-36.7,NONE
SOXX,21,1.59,ON,ON Semiconductor Corporation,Elec-Semiconductor Mfg,Electronic Technology,LOSING,112,39.4,46.8,28.4,20,FOLLOWER,37.8,82.2,4.4,12.9,8.6,-77.8,NONE
SOXX,22,1.28,ASX,"ASE Technology Holding Co., Ltd. Sponsored ADR",Elec-Semiconductor Mfg,Electronic Technology,LOSING,112,39.4,46.8,28.4,1,FOLLOWER,67.3,97.6,34.5,65.2,30.7,-63.1,NONE
SOXX,23,1.15,ENTG,"Entegris, Inc.",Elec-Semiconductor Equip,Electronic Technology,LOSING,95,40.3,51.2,23.9,2,FOLLOWER,66.8,92.0,38.3,82.0,43.7,-53.7,NONE
SOXX,24,1.03,MTSI,"MACOM Technology Solutions Holdings, Inc.",Elec-Semiconductor Mfg,Electronic Technology,LOSING,112,39.4,46.8,28.4,6,FOLLOWER,52.5,85.7,8.7,64.9,56.2,-77.0,NONE
SOXX,25,0.93,UMC,United Microelectronics Corp. Sponsored ADR,Elec-Semiconductor Mfg,Electronic Technology,LOSING,112,39.4,46.8,28.4,2,FOLLOWER,62.2,98.0,20.1,63.7,43.6,-77.9,NONE
SOXX,26,0.67,ARM,ARM Holdings PLC Sponsored ADR,Elec-Semicondctor Fablss,Electronic Technology,LOSING,45,49.9,67.6,23.2,11,FOLLOWER,44.8,92.2,3.7,51.8,48.1,-88.6,NONE
SOXX,27,0.66,STM,STMicroelectronics NV Sponsored ADR RegS,Elec-Semiconductor Mfg,Electronic Technology,LOSING,112,39.4,46.8,28.4,11,FOLLOWER,48.6,96.7,8.1,25.8,17.6,-88.6,NONE
SOXX,28,0.62,NVMI,Nova Ltd.,Elec-Semiconductor Equip,Electronic Technology,LOSING,95,40.3,51.2,23.9,23,FOLLOWER,25.4,52.0,7.8,10.1,2.2,-44.2,NONE
SOXX,29,0.56,SWKS,"Skyworks Solutions, Inc.",Elec-Semiconductor Mfg,Electronic Technology,LOSING,112,39.4,46.8,28.4,19,FOLLOWER,40.3,41.3,20.6,71.6,51.0,-20.7,NONE
SOXX,30,0.52,RMBS,Rambus Inc.,Elec-Semicondctor Fablss,Electronic Technology,LOSING,45,49.9,67.6,23.2,30,FOLLOWER,18.6,23.4,3.5,24.1,20.6,-19.9,NONE
DRIV,1,3.88,MSFT,Microsoft Corporation,Comp Sftwr - Enterprise,Technology Services,EMERGING,1,72.4,84.1,54.9,31,FOLLOWER,59.7,42.0,65.1,75.4,10.4,23.1,NONE
DRIV,2,3.13,NVDA,NVIDIA Corporation,Elec-Semicondctor Fablss,Electronic Technology,LOSING,45,49.9,67.6,23.2,2,FOLLOWER,64.7,62.3,35.8,76.7,40.9,-26.5,NONE
DRIV,3,2.82,TSLA,"Tesla, Inc.",Auto Manufacturers,Consumer Durables,LOSING,70,46.0,59.9,25.1,8,FOLLOWER,34.8,18.2,20.2,87.3,67.1,2.0,NONE
DRIV,4,2.77,GOOGL,Alphabet Inc. Class A,Internet-Content,Technology Services,LOSING,116,38.4,45.5,27.6,14,FOLLOWER,36.9,43.3,22.8,24.2,1.4,-20.5,NONE
DRIV,5,2.63,INTC,Intel Corporation,Elec-Semiconductor Mfg,Electronic Technology,LOSING,112,39.4,46.8,28.4,13,FOLLOWER,47.4,97.3,13.3,41.0,27.7,-84.1,NONE
DRIV,7,2.45,QCOM,QUALCOMM Incorporated,Elec-Semicondctor Fablss,Electronic Technology,LOSING,45,49.9,67.6,23.2,17,FOLLOWER,37.6,41.5,8.7,84.4,75.7,-32.8,NONE
DRIV,9,1.79,GM,General Motors Company,Auto Manufacturers,Consumer Durables,LOSING,70,46.0,59.9,25.1,4,FOLLOWER,54.8,58.8,53.1,31.4,-21.7,-5.7,NONE
DRIV,12,1.57,WAB,Westinghouse Air Brake Technologies Corporation,Transportation-Equip Mfg,Producer Manufacturing,LOSING,90,41.2,52.5,24.2,3,FOLLOWER,63.6,75.9,68.0,37.4,-30.6,-7.9,NONE
DRIV,13,1.49,F,Ford Motor Company,Auto Manufacturers,Consumer Durables,LOSING,70,46.0,59.9,25.1,10,FOLLOWER,28.8,46.9,15.6,26.9,11.3,-31.3,NONE
DRIV,14,1.45,NBIS,Nebius Group N.V. Class A,Internet-Network Sltns,Technology Services,LOSING,152,29.7,35.9,20.4,2,FOLLOWER,52.7,96.4,10.6,73.2,62.6,-85.8,NONE
DRIV,17,1.41,COHR,Coherent Corp.,Electronic-Parts,Electronic Technology,LOSING,128,36.4,42.6,27.1,3,FOLLOWER,55.6,92.0,9.8,67.1,57.2,-82.1,NONE
DRIV,21,1.37,BE,Bloom Energy Corporation Class A,Energy-Alternative/Other,Producer Manufacturing,LOSING,89,41.4,52.9,24.3,2,FOLLOWER,46.8,95.2,9.0,46.2,37.1,-86.1,NONE
DRIV,22,1.36,ATI,ATI Inc,Aerospace/Defense,Electronic Technology,LOSING,86,42.3,54.8,23.6,2,LEADER,82.2,95.0,72.8,74.4,1.6,-22.3,NONE
DRIV,23,1.34,SWKS,"Skyworks Solutions, Inc.",Elec-Semiconductor Mfg,Electronic Technology,LOSING,112,39.4,46.8,28.4,19,FOLLOWER,40.3,41.3,20.6,71.6,51.0,-20.7,NONE
DRIV,25,1.31,NXPI,NXP Semiconductors NV,Elec-Semiconductor Mfg,Electronic Technology,LOSING,112,39.4,46.8,28.4,21,FOLLOWER,37.6,57.1,7.9,35.8,27.8,-49.2,NONE
DRIV,26,1.3,ALB,Albemarle Corporation,Chemicals-Specialty,Process Industries,LOSING,71,51.1,59.8,38.0,25,FOLLOWER,38.4,44.4,11.2,83.6,72.4,-33.2,NONE
DRIV,28,1.29,SQM,Sociedad Quimica y Minera de Chile S.A. Sponsored ADR Pfd Series B,Chemicals-Agricultural,Process Industries,EMERGING,15,62.1,72.9,45.8,5,FOLLOWER,52.6,65.9,29.2,87.0,57.8,-36.7,NONE
DRIV,29,1.29,DCH,Dauch Corporation,Auto/Truck Equipment Parts & Tires,Producer Manufacturing,LOSING,94,41.1,51.4,25.5,10,FOLLOWER,39.3,28.5,35.6,77.8,42.2,7.2,NONE
DRIV,31,1.26,ITT,"ITT, Inc.",Machinery-Gen Industrial,Producer Manufacturing,LOSING,98,42.5,50.9,29.9,15,FOLLOWER,49.7,46.9,55.5,56.9,1.3,8.7,NONE
DRIV,38,1.17,THRM,Gentherm Incorporated,Auto/Truck Equipment Parts & Tires,Producer Manufacturing,LOSING,94,41.1,51.4,25.5,6,FOLLOWER,45.2,48.0,65.1,30.0,-35.1,17.1,NONE
DRIV,42,1.13,BIDU,"Baidu, Inc. Sponsored ADR Class A",Internet-Content,Technology Services,LOSING,116,38.4,45.5,27.6,29,FOLLOWER,11.5,14.9,7.8,7.0,-0.8,-7.1,NONE
DRIV,44,1.11,AMBA,"Ambarella, Inc.",Elec-Semicondctor Fablss,Electronic Technology,LOSING,45,49.9,67.6,23.2,29,FOLLOWER,19.1,26.3,24.4,3.7,-20.8,-1.9,NONE
DRIV,45,1.1,SITM,SiTime Corporation,Elec-Semicondctor Fablss,Electronic Technology,LOSING,45,49.9,67.6,23.2,7,FOLLOWER,54.2,94.2,15.8,67.0,51.1,-78.3,NONE
DRIV,48,1.09,HY,"Hyster-Yale, Inc. Class A",Machinery-Gen Industrial,Producer Manufacturing,LOSING,98,42.5,50.9,29.9,17,FOLLOWER,45.8,61.7,33.7,53.1,19.4,-28.0,NONE
DRIV,49,1.09,ON,ON Semiconductor Corporation,Elec-Semiconductor Mfg,Electronic Technology,LOSING,112,39.4,46.8,28.4,20,FOLLOWER,37.8,82.2,4.4,12.9,8.6,-77.8,NONE
DRIV,51,1.08,PLUG,Plug Power Inc.,Energy-Alternative/Other,Producer Manufacturing,LOSING,89,41.4,52.9,24.3,20,FOLLOWER,31.7,46.5,2.4,64.7,62.3,-44.2,NONE
DRIV,52,1.06,VC,Visteon Corporation,Auto/Truck Equipment Parts & Tires,Producer Manufacturing,LOSING,94,41.1,51.4,25.5,25,FOLLOWER,27.2,32.8,17.2,32.9,15.7,-15.6,NONE
DRIV,55,1.04,ENS,EnerSys,Electrical-Power/Equipmt,Producer Manufacturing,LOSING,140,30.9,38.6,19.3,6,FOLLOWER,44.7,68.7,12.5,39.2,26.8,-56.2,NONE
DRIV,57,1.03,CBT,Cabot Corporation,Chemicals-Specialty,Process Industries,LOSING,71,51.1,59.8,38.0,23,FOLLOWER,44.4,72.1,31.0,21.7,-9.3,-41.1,NONE
DRIV,59,1.01,INDI,"indie Semiconductor, Inc. Class A",Elec-Semicondctor Fablss,Electronic Technology,LOSING,45,49.9,67.6,23.2,18,FOLLOWER,37.2,43.6,9.6,83.9,74.3,-34.0,NONE
DRIV,61,0.99,MBLY,"Mobileye Global, Inc. Class A",Elec-Semicondctor Fablss,Electronic Technology,LOSING,45,49.9,67.6,23.2,26,FOLLOWER,24.3,10.9,11.9,71.2,59.3,1.0,NONE
DRIV,62,0.99,NIO,NIO Inc. Sponsored ADR Class A,Auto Manufacturers,Consumer Durables,LOSING,70,46.0,59.9,25.1,13,FOLLOWER,11.9,12.6,7.4,7.7,0.3,-5.2,NONE
DRIV,64,0.97,QS,QuantumScape Corporation Class A,Auto/Truck Equipment Parts & Tires,Producer Manufacturing,LOSING,94,41.1,51.4,25.5,30,FOLLOWER,19.3,2.2,4.3,70.4,66.1,2.1,NONE
DRIV,66,0.96,XPEV,"XPeng, Inc. ADR Sponsored Class A",Auto Manufacturers,Consumer Durables,LOSING,70,46.0,59.9,25.1,16,FOLLOWER,6.4,3.7,5.7,8.5,2.8,2.0,NONE
DRIV,67,0.96,AMPX,Amprius Technologies Inc,Energy-Alternative/Other,Producer Manufacturing,LOSING,89,41.4,52.9,24.3,26,FOLLOWER,22.5,23.4,1.0,59.2,58.1,-22.4,NONE
DRIV,69,0.92,AEVA,"Aeva Technologies, Inc.",Auto/Truck Equipment Parts & Tires,Producer Manufacturing,LOSING,94,41.1,51.4,25.5,19,FOLLOWER,33.0,81.9,2.8,10.4,7.6,-79.0,NONE
DRIV,70,0.89,LCID,"Lucid Group, Inc.",Auto Manufacturers,Consumer Durables,LOSING,70,46.0,59.9,25.1,19,FOLLOWER,5.5,1.1,8.2,0.7,-7.5,7.1,NONE
DRIV,73,0.87,BB,BlackBerry Limited,Computer Sftwr-Security,Technology Services,EMERGING,9,70.2,78.1,58.4,18,FOLLOWER,45.9,94.8,14.8,26.4,11.6,-80.0,NONE
DRIV,74,0.82,ALGM,"Allegro MicroSystems, Inc.",Elec-Semicondctor Fablss,Electronic Technology,LOSING,45,49.9,67.6,23.2,19,FOLLOWER,35.5,77.5,10.1,8.5,-1.6,-67.5,NONE
XSD,1,3.849091,PI,"Impinj, Inc.",Elec-Semicondctor Fablss,Electronic Technology,LOSING,45,49.9,67.6,23.2,4,FOLLOWER,58.2,34.8,83.9,83.9,0.0,49.2,NONE
XSD,2,3.131826,AMBA,"Ambarella, Inc.",Elec-Semicondctor Fablss,Electronic Technology,LOSING,45,49.9,67.6,23.2,29,FOLLOWER,19.1,26.3,24.4,3.7,-20.8,-1.9,NONE
XSD,3,3.015575,NVDA,NVIDIA Corporation,Elec-Semicondctor Fablss,Electronic Technology,LOSING,45,49.9,67.6,23.2,2,FOLLOWER,64.7,62.3,35.8,76.7,40.9,-26.5,NONE
XSD,4,2.897493,MU,"Micron Technology, Inc.",Computer-Hardware/Perip,Electronic Technology,EMERGING,3,65.5,81.8,41.1,7,FOLLOWER,69.0,99.5,25.7,85.7,60.0,-73.8,NONE
XSD,5,2.852218,AMD,"Advanced Micro Devices, Inc.",Elec-Semicondctor Fablss,Electronic Technology,LOSING,45,49.9,67.6,23.2,8,FOLLOWER,53.5,96.5,25.2,39.4,14.2,-71.3,NONE
XSD,6,2.78103,SLAB,Silicon Laboratories Inc.,Elec-Semicondctor Fablss,Electronic Technology,LOSING,45,49.9,67.6,23.2,1,FOLLOWER,67.4,90.8,40.8,50.7,9.9,-50.0,BREAKOUT_WATCH
XSD,7,2.76436,QRVO,"Qorvo, Inc.",Elec-Semiconductor Mfg,Electronic Technology,LOSING,112,39.4,46.8,28.4,7,FOLLOWER,52.2,50.9,31.4,68.0,36.7,-19.5,NONE
XSD,8,2.746432,AVGO,Broadcom Inc.,Elec-Semicondctor Fablss,Electronic Technology,LOSING,45,49.9,67.6,23.2,27,FOLLOWER,23.3,26.1,12.3,23.6,11.3,-13.8,NONE
XSD,9,2.715051,CRDO,Credo Technology Group Holding Ltd.,Elec-Semicondctor Fablss,Electronic Technology,LOSING,45,49.9,67.6,23.2,6,FOLLOWER,57.3,75.7,39.1,75.2,36.1,-36.7,NONE
XSD,10,2.632914,OLED,Universal Display Corporation,Elec-Misc Products,Electronic Technology,LOSING,129,38.4,42.5,32.3,13,FOLLOWER,26.4,9.4,19.1,61.8,42.8,9.6,NONE
XSD,11,2.594835,SWKS,"Skyworks Solutions, Inc.",Elec-Semiconductor Mfg,Electronic Technology,LOSING,112,39.4,46.8,28.4,19,FOLLOWER,40.3,41.3,20.6,71.6,51.0,-20.7,NONE
XSD,12,2.554247,ADI,"Analog Devices, Inc.",Elec-Semiconductor Mfg,Electronic Technology,LOSING,112,39.4,46.8,28.4,15,FOLLOWER,45.6,78.4,22.6,38.2,15.6,-55.8,NONE
XSD,13,2.543013,TXN,Texas Instruments Incorporated,Elec-Semiconductor Mfg,Electronic Technology,LOSING,112,39.4,46.8,28.4,12,FOLLOWER,48.6,86.8,21.6,21.9,0.3,-65.2,NONE
XSD,14,2.428777,DIOD,Diodes Incorporated,Elec-Semiconductor Mfg,Electronic Technology,LOSING,112,39.4,46.8,28.4,4,FOLLOWER,59.0,94.4,21.2,77.2,56.0,-73.2,NONE
XSD,15,2.424133,ALAB,"Astera Labs, Inc.",Elec-Semicondctor Fablss,Electronic Technology,LOSING,45,49.9,67.6,23.2,10,FOLLOWER,48.0,93.8,25.8,24.7,-1.1,-68.0,NONE
XSD,16,2.394428,LSCC,Lattice Semiconductor Corporation,Elec-Semicondctor Fablss,Electronic Technology,LOSING,45,49.9,67.6,23.2,12,FOLLOWER,44.6,88.2,11.7,17.4,5.7,-76.5,NONE
XSD,17,2.380704,QCOM,QUALCOMM Incorporated,Elec-Semicondctor Fablss,Electronic Technology,LOSING,45,49.9,67.6,23.2,17,FOLLOWER,37.6,41.5,8.7,84.4,75.7,-32.8,NONE
XSD,18,2.37844,MXL,"MaxLinear, Inc.",Elec-Semicondctor Fablss,Electronic Technology,LOSING,45,49.9,67.6,23.2,15,FOLLOWER,40.9,99.4,7.0,11.1,4.2,-92.4,NONE
XSD,19,2.375378,MRVL,"Marvell Technology, Inc.",Elec-Semicondctor Fablss,Electronic Technology,LOSING,45,49.9,67.6,23.2,3,FOLLOWER,62.0,97.2,32.2,80.6,48.4,-65.1,NONE
XSD,20,2.364187,MPWR,"Monolithic Power Systems, Inc.",Elec-Semicondctor Fablss,Electronic Technology,LOSING,45,49.9,67.6,23.2,16,FOLLOWER,40.0,75.6,13.6,9.9,-3.7,-61.9,NONE
XSD,21,2.356968,SMTC,Semtech Corporation,Elec-Semicondctor Fablss,Electronic Technology,LOSING,45,49.9,67.6,23.2,5,FOLLOWER,57.8,92.1,20.8,80.6,59.8,-71.3,NONE
XSD,22,2.345446,PENG,Penguin Solutions Incorporation,Computer-Hardware/Perip,Electronic Technology,EMERGING,3,65.5,81.8,41.1,16,FOLLOWER,46.6,97.3,13.6,18.4,4.8,-83.7,NONE
XSD,23,2.328287,SITM,SiTime Corporation,Elec-Semicondctor Fablss,Electronic Technology,LOSING,45,49.9,67.6,23.2,7,FOLLOWER,54.2,94.2,15.8,67.0,51.1,-78.3,NONE
XSD,24,2.317163,INTC,Intel Corporation,Elec-Semiconductor Mfg,Electronic Technology,LOSING,112,39.4,46.8,28.4,13,FOLLOWER,47.4,97.3,13.3,41.0,27.7,-84.1,NONE
XSD,25,2.299981,MCHP,Microchip Technology Incorporated,Elec-Semiconductor Mfg,Electronic Technology,LOSING,112,39.4,46.8,28.4,18,FOLLOWER,42.8,78.6,12.4,42.1,29.6,-66.2,NONE
XSD,26,2.273922,FSLR,"First Solar, Inc.",Energy-Solar,Electronic Technology,LOSING,172,19.9,23.8,14.2,4,FOLLOWER,13.6,10.7,6.0,25.7,19.7,-4.7,NONE
XSD,27,2.226363,ALGM,"Allegro MicroSystems, Inc.",Elec-Semicondctor Fablss,Electronic Technology,LOSING,45,49.9,67.6,23.2,19,FOLLOWER,35.5,77.5,10.1,8.5,-1.6,-67.5,NONE
XSD,28,2.222678,RGTI,"Rigetti Computing, Inc.",Computer-Tech Services,Technology Services,LOSING,26,62.4,77.8,39.3,45,FOLLOWER,18.3,5.7,4.3,64.5,60.3,-1.5,NONE
XSD,29,2.170481,NXPI,NXP Semiconductors NV,Elec-Semiconductor Mfg,Electronic Technology,LOSING,112,39.4,46.8,28.4,21,FOLLOWER,37.6,57.1,7.9,35.8,27.8,-49.2,NONE
XSD,30,2.092123,CBRS,"Cerebras Systems, Inc. Class A",Packaged Software,Technology Services,LOSING,104,38.8,49.7,22.5,5,FOLLOWER,15.9,,17.4,17.0,-0.4,,NONE
XSD,31,2.075417,MTSI,"MACOM Technology Solutions Holdings, Inc.",Elec-Semiconductor Mfg,Electronic Technology,LOSING,112,39.4,46.8,28.4,6,FOLLOWER,52.5,85.7,8.7,64.9,56.2,-77.0,NONE
XSD,32,2.04609,SYNA,Synaptics Incorporated,Elec-Semicondctor Fablss,Electronic Technology,LOSING,45,49.9,67.6,23.2,23,FOLLOWER,34.2,79.2,7.7,11.9,4.3,-71.5,NONE
XSD,33,1.905347,POWI,"Power Integrations, Inc.",Elec-Semicondctor Fablss,Electronic Technology,LOSING,45,49.9,67.6,23.2,20,FOLLOWER,35.0,84.9,4.8,6.2,1.5,-80.1,NONE
XSD,34,1.905083,CRUS,"Cirrus Logic, Inc.",Elec-Semicondctor Fablss,Electronic Technology,LOSING,45,49.9,67.6,23.2,32,FOLLOWER,15.9,23.5,5.5,6.0,0.5,-17.9,NONE
XSD,35,1.827198,ON,ON Semiconductor Corporation,Elec-Semiconductor Mfg,Electronic Technology,LOSING,112,39.4,46.8,28.4,20,FOLLOWER,37.8,82.2,4.4,12.9,8.6,-77.8,NONE
XSD,36,1.76522,INDI,"indie Semiconductor, Inc. Class A",Elec-Semicondctor Fablss,Electronic Technology,LOSING,45,49.9,67.6,23.2,18,FOLLOWER,37.2,43.6,9.6,83.9,74.3,-34.0,NONE
XSD,37,1.721288,RMBS,Rambus Inc.,Elec-Semicondctor Fablss,Electronic Technology,LOSING,45,49.9,67.6,23.2,30,FOLLOWER,18.6,23.4,3.5,24.1,20.6,-19.9,NONE
XSD,38,1.717877,TE,T1 Energy Inc.,Energy-Alternative/Other,Producer Manufacturing,LOSING,89,41.4,52.9,24.3,15,FOLLOWER,35.7,55.5,0.8,69.5,68.8,-54.7,NONE
XSD,39,1.650508,WOLF,Wolfspeed Inc,Elec-Semiconductor Mfg,Electronic Technology,LOSING,112,39.4,46.8,28.4,17,FOLLOWER,44.8,72.8,1.9,84.9,83.1,-70.9,NONE
XSD,40,1.55384,NVTS,Navitas Semiconductor Corporation,Elec-Semicondctor Fablss,Electronic Technology,LOSING,45,49.9,67.6,23.2,13,FOLLOWER,43.0,76.6,1.1,69.6,68.4,-75.5,NONE
XSD,41,1.518927,KOPN,Kopin Corporation,Elec-Semiconductor Equip,Electronic Technology,LOSING,95,40.3,51.2,23.9,4,FOLLOWER,55.8,93.0,10.1,92.4,82.3,-82.9,NONE
XSD,42,1.28177,AOSL,Alpha and Omega Semiconductor Limited,Elec-Semicondctor Fablss,Electronic Technology,LOSING,45,49.9,67.6,23.2,25,FOLLOWER,25.0,61.4,2.8,2.6,-0.1,-58.6,NONE
XSD,43,0.765083,AMBQ,"Ambiq Micro, Inc.",Elec-Semicondctor Fablss,Electronic Technology,LOSING,45,49.9,67.6,23.2,14,FOLLOWER,42.8,97.3,8.9,14.9,6.0,-88.4,NONE
XSD,44,0.720792,CEVA,"CEVA, Inc.",Elec-Semicondctor Fablss,Electronic Technology,LOSING,45,49.9,67.6,23.2,24,FOLLOWER,29.3,70.7,4.1,4.7,0.6,-66.6,NONE
XSD,45,0.558572,MRAM,"Everspin Technologies, Inc.",Elec-Semiconductor Mfg,Electronic Technology,LOSING,112,39.4,46.8,28.4,9,FOLLOWER,50.6,95.5,2.2,79.2,77.0,-93.3,NONE
XSD,46,0.5069,NVEC,NVE Corporation,Electronic-Parts,Electronic Technology,LOSING,128,36.4,42.6,27.1,9,FOLLOWER,45.8,88.5,39.0,7.9,-31.1,-49.4,NONE
XSD,47,2e-06,IONQ,"IonQ, Inc.",Computer-Hardware/Perip,Electronic Technology,EMERGING,3,65.5,81.8,41.1,19,FOLLOWER,26.0,16.4,2.9,72.1,69.2,-13.4,NONE
SLX,1,,BHP,BHP Group Ltd Sponsored American Depositary Receipt Repr 2 Shs,Mining-Metal Ores,Non-Energy Minerals,LOSING,48,54.8,66.8,36.9,5,FOLLOWER,71.7,91.0,49.5,78.3,28.8,-41.5,NONE
SLX,2,,RIO,Rio Tinto plc Sponsored ADR,Mining-Metal Ores,Non-Energy Minerals,LOSING,48,54.8,66.8,36.9,10,FOLLOWER,61.0,82.1,31.4,72.7,41.3,-50.7,NONE
SLX,3,,VALE,Vale S.A. Sponsored ADR,Mining-Metal Ores,Non-Energy Minerals,LOSING,48,54.8,66.8,36.9,14,FOLLOWER,50.8,70.1,29.8,59.8,30.0,-40.3,NONE
SLX,4,,NUE,Nucor Corporation,Steel-Producers,Non-Energy Minerals,LOSING,100,46.5,50.2,40.9,3,FOLLOWER,55.5,86.2,37.7,31.0,-6.7,-48.4,NONE
SLX,5,,MT,ArcelorMittal SA ADR,Steel-Producers,Non-Energy Minerals,LOSING,100,46.5,50.2,40.9,2,FOLLOWER,73.8,91.0,57.0,69.2,12.2,-34.0,NONE
SLX,7,,STLD,"Steel Dynamics, Inc.",Steel-Producers,Non-Energy Minerals,LOSING,100,46.5,50.2,40.9,7,FOLLOWER,40.2,77.8,21.3,16.7,-4.6,-56.5,NONE
SLX,9,,PKX,POSCO Holdings Inc. Sponsored ADR,Steel-Producers,Non-Energy Minerals,LOSING,100,46.5,50.2,40.9,6,FOLLOWER,42.9,50.1,18.8,84.3,65.5,-31.3,BREAKOUT_WATCH
SLX,10,,RS,"Reliance, Inc.",Metal Products - Distributors/Fabrication,Producer Manufacturing,LOSING,80,45.4,55.6,30.2,8,FOLLOWER,51.1,76.1,41.5,22.6,-18.9,-34.6,NONE
SLX,12,,TS,Tenaris S.A. Sponsored ADR,Steel-Specialty Alloys,Non-Energy Minerals,LOSING,142,34.4,38.4,28.5,3,FOLLOWER,45.7,79.1,21.4,33.2,11.8,-57.6,NONE
SLX,18,,GGB,Gerdau S.A. Pfd Sponsored ADR Repr 1 Pfd Sh,Steel-Producers,Non-Energy Minerals,LOSING,100,46.5,50.2,40.9,4,FOLLOWER,49.8,71.0,47.9,20.0,-27.9,-23.0,NONE
SLX,20,,CLF,Cleveland-Cliffs Inc,Steel-Producers,Non-Energy Minerals,LOSING,100,46.5,50.2,40.9,9,FOLLOWER,24.5,23.3,15.9,46.4,30.4,-7.4,NONE
SLX,21,,CMC,Commercial Metals Company,Metal Products - Distributors/Fabrication,Producer Manufacturing,LOSING,80,45.4,55.6,30.2,17,FOLLOWER,32.4,43.7,21.6,36.4,14.9,-22.2,NONE
SLX,24,,TX,Ternium S.A. Sponsored ADR,Steel-Producers,Non-Energy Minerals,LOSING,100,46.5,50.2,40.9,1,FOLLOWER,74.0,84.7,67.7,78.6,10.9,-17.0,NONE
SLX,36,,WS,"Worthington Steel, Inc.",Steel-Specialty Alloys,Non-Energy Minerals,LOSING,142,34.4,38.4,28.5,6,FOLLOWER,25.7,39.0,12.8,25.7,12.9,-26.2,NONE
SLX,39,,SID,Companhia Siderurgica Nacional Sponsored ADR,Steel-Producers,Non-Energy Minerals,LOSING,100,46.5,50.2,40.9,10,FOLLOWER,21.3,6.6,11.4,65.2,53.8,4.8,NONE
XME,1,5.495755,HL,Hecla Mining Company,Mining-Gold/Silver/Gems,Non-Energy Minerals,LOSING,36,64.9,70.5,56.4,21,FOLLOWER,66.7,64.0,71.0,96.9,25.8,7.0,NONE
XME,2,5.226696,NEM,Newmont Corporation,Mining-Gold/Silver/Gems,Non-Energy Minerals,LOSING,36,64.9,70.5,56.4,7,PIONEER,80.8,77.4,77.0,95.5,18.5,-0.4,NONE
XME,3,5.195128,CDE,"Coeur Mining, Inc.",Mining-Gold/Silver/Gems,Non-Energy Minerals,LOSING,36,64.9,70.5,56.4,27,FOLLOWER,63.6,68.0,59.5,96.6,37.1,-8.5,NONE
XME,4,5.053315,RGLD,"Royal Gold, Inc.",Mining-Gold/Silver/Gems,Non-Energy Minerals,LOSING,36,64.9,70.5,56.4,14,PIONEER,73.6,70.4,82.1,94.5,12.4,11.7,NONE
XME,5,4.987342,UEC,Uranium Energy Corp.,Mining-Metal Ores,Non-Energy Minerals,LOSING,48,54.8,66.8,36.9,23,FOLLOWER,41.1,35.3,22.4,92.8,70.4,-12.9,NONE
XME,6,4.665792,FCX,"Freeport-McMoRan, Inc.",Mining-Metal Ores,Non-Energy Minerals,LOSING,48,54.8,66.8,36.9,2,LEADER,81.0,92.1,70.9,89.5,18.6,-21.2,NONE
XME,7,4.335666,LEU,Centrus Energy Corp. Class A,Energy-Alternative/Other,Producer Manufacturing,LOSING,89,41.4,52.9,24.3,31,FOLLOWER,18.3,7.7,23.3,30.4,7.1,15.6,NONE
XME,8,4.259875,HCC,"Warrior Met Coal, Inc.",Energy-Coal,Energy Minerals,EMERGING,11,67.8,77.2,53.8,3,FOLLOWER,71.3,75.7,47.4,95.9,48.5,-28.3,NONE
XME,9,4.186419,CNR,"Core Natural Resources, Inc.",Energy-Coal,Energy Minerals,EMERGING,11,67.8,77.2,53.8,4,FOLLOWER,69.9,70.6,64.3,93.1,28.8,-6.3,BREAKOUT_WATCH
XME,10,3.978721,MP,MP Materials Corp Class A,Mining-Metal Ores,Non-Energy Minerals,LOSING,48,54.8,66.8,36.9,30,FOLLOWER,32.7,23.0,11.1,94.6,83.5,-11.9,NONE
XME,11,3.7939,BTU,Peabody Energy Corporation,Energy-Coal,Energy Minerals,EMERGING,11,67.8,77.2,53.8,7,FOLLOWER,54.8,49.2,48.6,96.7,48.1,-0.6,BREAKOUT_WATCH
XME,12,3.789127,NUE,Nucor Corporation,Steel-Producers,Non-Energy Minerals,LOSING,100,46.5,50.2,40.9,3,FOLLOWER,55.5,86.2,37.7,31.0,-6.7,-48.4,NONE
XME,13,3.72429,RS,"Reliance, Inc.",Metal Products - Distributors/Fabrication,Producer Manufacturing,LOSING,80,45.4,55.6,30.2,8,FOLLOWER,51.1,76.1,41.5,22.6,-18.9,-34.6,NONE
XME,14,3.54759,CLF,Cleveland-Cliffs Inc,Steel-Producers,Non-Energy Minerals,LOSING,100,46.5,50.2,40.9,9,FOLLOWER,24.5,23.3,15.9,46.4,30.4,-7.4,NONE
XME,15,3.482889,CMC,Commercial Metals Company,Metal Products - Distributors/Fabrication,Producer Manufacturing,LOSING,80,45.4,55.6,30.2,17,FOLLOWER,32.4,43.7,21.6,36.4,14.9,-22.2,NONE
XME,16,3.352687,USAR,"USA Rare Earth, Inc. Class A",Mining-Metal Ores,Non-Energy Minerals,LOSING,48,54.8,66.8,36.9,17,FOLLOWER,48.3,79.5,4.1,88.3,84.1,-75.3,NONE
XME,17,3.313322,STLD,"Steel Dynamics, Inc.",Steel-Producers,Non-Energy Minerals,LOSING,100,46.5,50.2,40.9,7,FOLLOWER,40.2,77.8,21.3,16.7,-4.6,-56.5,NONE
XME,18,3.037281,MTRN,Materion Corporation,Metal Products - Distributors/Fabrication,Producer Manufacturing,LOSING,80,45.4,55.6,30.2,3,FOLLOWER,71.0,94.2,55.6,79.5,23.8,-38.6,NONE
XME,19,2.989829,CENX,Century Aluminum Company,Metal Products - Distributors/Fabrication,Producer Manufacturing,LOSING,80,45.4,55.6,30.2,6,FOLLOWER,52.7,86.4,7.6,57.0,49.5,-78.8,NONE
XME,20,2.908489,AA,Alcoa Corporation,Mining-Metal Ores,Non-Energy Minerals,LOSING,48,54.8,66.8,36.9,25,FOLLOWER,40.2,60.4,5.1,77.5,72.4,-55.3,NONE
XME,21,2.587259,AMR,"Alpha Metallurgical Resources, Inc.",Energy-Coal,Energy Minerals,EMERGING,11,67.8,77.2,53.8,2,LEADER,76.7,81.2,63.3,99.4,36.1,-17.9,BREAKOUT_NOW
XME,22,2.454972,HYMC,Hycroft Mining Holding Corporation Class A,Mining-Gold/Silver/Gems,Non-Energy Minerals,LOSING,36,64.9,70.5,56.4,40,FOLLOWER,55.9,96.7,7.5,88.6,81.1,-89.2,NONE
XME,23,2.118171,KALU,Kaiser Aluminum Corporation,Metal Products - Distributors/Fabrication,Producer Manufacturing,LOSING,80,45.4,55.6,30.2,5,FOLLOWER,53.8,89.5,18.1,41.9,23.8,-71.4,NONE
XME,24,1.822867,IE,Ivanhoe Electric Inc.,Mining-Metal Ores,Non-Energy Minerals,LOSING,48,54.8,66.8,36.9,34,FOLLOWER,30.4,17.5,12.5,89.4,76.9,-5.0,NONE
XME,25,1.356499,MUX,McEwen Inc.,Mining-Gold/Silver/Gems,Non-Energy Minerals,LOSING,36,64.9,70.5,56.4,55,FOLLOWER,45.6,51.7,25.7,85.8,60.0,-25.9,NONE
XME,26,0.856762,SXC,"SunCoke Energy, Inc.",Energy-Coal,Energy Minerals,EMERGING,11,67.8,77.2,53.8,1,LEADER,80.7,88.9,67.0,91.1,24.1,-22.0,BREAKOUT_WATCH
XME,27,0.836159,UAMY,United States Antimony Corporation,Mining-Metal Ores,Non-Energy Minerals,LOSING,48,54.8,66.8,36.9,44,FOLLOWER,15.0,16.6,2.0,27.3,25.3,-14.6,NONE
XME,28,0.802672,CMP,"Compass Minerals International, Inc.",Chemicals-Basic,Process Industries,LOSING,137,32.5,39.5,21.9,5,FOLLOWER,30.8,73.5,8.6,6.1,-2.4,-64.9,NONE
XME,29,0.711894,CTGO,Contango Silver & Gold Inc.,Mining-Gold/Silver/Gems,Non-Energy Minerals,LOSING,36,64.9,70.5,56.4,66,FOLLOWER,38.4,17.0,37.2,92.5,55.4,20.2,NONE
XME,30,0.653097,DC,Dakota Gold Corp,Mining-Gold/Silver/Gems,Non-Energy Minerals,LOSING,36,64.9,70.5,56.4,29,FOLLOWER,63.4,73.8,46.7,95.3,48.6,-27.2,NONE
XME,31,0.605671,IDR,Idaho Strategic Resources Inc,Mining-Gold/Silver/Gems,Non-Energy Minerals,LOSING,36,64.9,70.5,56.4,71,FOLLOWER,31.5,20.5,16.8,84.8,68.1,-3.8,NONE
XME,32,0.588916,METC,"Ramaco Resources, Inc. Class A",Energy-Coal,Energy Minerals,EMERGING,11,67.8,77.2,53.8,9,FOLLOWER,37.1,22.9,17.4,98.7,81.3,-5.5,BREAKOUT_NOW
XME,33,0.587463,URG,Ur-Energy Inc.,Mining-Metal Ores,Non-Energy Minerals,LOSING,48,54.8,66.8,36.9,22,FOLLOWER,41.6,50.4,14.3,85.5,71.2,-36.1,NONE
XME,34,0.580991,RYZ,Ryerson Holding Corporation,Metal Products - Distributors/Fabrication,Producer Manufacturing,LOSING,80,45.4,55.6,30.2,19,FOLLOWER,29.0,49.7,23.5,12.2,-11.4,-26.2,NONE
XME,35,0.54502,WS,"Worthington Steel, Inc.",Steel-Specialty Alloys,Non-Energy Minerals,LOSING,142,34.4,38.4,28.5,6,FOLLOWER,25.7,39.0,12.8,25.7,12.9,-26.2,NONE
XME,36,0.430351,ABAT,American Battery Technology Co.,Mining-Metal Ores,Non-Energy Minerals,LOSING,48,54.8,66.8,36.9,37,FOLLOWER,28.8,11.3,9.0,93.7,84.7,-2.3,BREAKOUT_WATCH
XME,37,0.388047,MTUS,Metallus Inc.,Steel-Specialty Alloys,Non-Energy Minerals,LOSING,142,34.4,38.4,28.5,4,FOLLOWER,42.5,54.8,38.4,31.0,-7.4,-16.3,NONE
XME,38,0.34135,LTBR,Lightbridge Corporation,Energy-Alternative/Other,Producer Manufacturing,LOSING,89,41.4,52.9,24.3,36,FOLLOWER,7.9,2.9,5.4,14.3,8.9,2.5,NONE
XME,39,0.338478,ALOY,REalloys Inc.,Mining-Metal Ores,Non-Energy Minerals,LOSING,48,54.8,66.8,36.9,11,FOLLOWER,57.7,87.4,28.1,87.0,59.0,-59.4,NONE
IAI,1,,GS,"Goldman Sachs Group, Inc.",Banks-Money Center,Finance,LOSING,58,58.5,65.1,48.7,20,FOLLOWER,53.3,67.0,34.6,50.8,16.2,-32.4,NONE
IAI,2,,MS,Morgan Stanley,Banks-Money Center,Finance,LOSING,58,58.5,65.1,48.7,12,FOLLOWER,62.7,68.5,46.5,53.6,7.1,-21.9,NONE
IAI,3,,SCHW,Charles Schwab Corp,Finance-Invest Bnk/Bkrs,Finance,LOSING,31,63.9,73.7,49.2,10,FOLLOWER,69.9,60.5,86.0,64.2,-21.9,25.5,NONE
IAI,4,,HOOD,"Robinhood Markets, Inc. Class A",Finance-Invest Bnk/Bkrs,Finance,LOSING,31,63.9,73.7,49.2,14,FOLLOWER,52.7,14.8,75.3,89.6,14.3,60.5,NONE
IAI,5,,ICE,"Intercontinental Exchange, Inc.",Financial Svcs-Specialty,Finance,LOSING,75,54.0,57.3,49.0,13,FOLLOWER,56.4,40.4,66.9,66.1,-0.8,26.5,NONE
IAI,6,,MCO,Moody's Corporation,Financial Svcs-Specialty,Finance,LOSING,75,54.0,57.3,49.0,10,FOLLOWER,57.7,41.1,62.4,67.1,4.8,21.3,NONE
IAI,7,,CME,CME Group Inc. Class A,Financial Svcs-Specialty,Finance,LOSING,75,54.0,57.3,49.0,11,FOLLOWER,57.7,41.9,67.0,69.3,2.3,25.1,BREAKOUT_WATCH
IAI,8,,SPGI,"S&P Global, Inc.",Financial Svcs-Specialty,Finance,LOSING,75,54.0,57.3,49.0,25,FOLLOWER,45.8,26.0,59.8,68.0,8.2,33.8,NONE
IAI,9,,NDAQ,"Nasdaq, Inc.",Financial Svcs-Specialty,Finance,LOSING,75,54.0,57.3,49.0,8,FOLLOWER,59.3,48.7,57.4,64.3,6.9,8.7,NONE
IAI,10,,IBKR,"Interactive Brokers Group, Inc. Class A",Finance-Invest Bnk/Bkrs,Finance,LOSING,31,63.9,73.7,49.2,4,LEADER,76.8,83.8,63.9,77.5,13.6,-19.9,BREAKOUT_WATCH
IAI,11,,MSCI,MSCI Inc. Class A,Financial Svcs-Specialty,Finance,LOSING,75,54.0,57.3,49.0,32,FOLLOWER,34.9,37.9,20.9,44.9,24.0,-16.9,NONE
IAI,12,,COIN,"Coinbase Global, Inc. Class A",Finance - Crypto/Blockchain,Technology Services,LOSING,57,49.6,65.4,25.9,8,FOLLOWER,40.4,9.3,49.7,93.3,43.7,40.4,NONE
IAI,14,,RJF,"Raymond James Financial, Inc.",Finance-Invest Bnk/Bkrs,Finance,LOSING,31,63.9,73.7,49.2,8,FOLLOWER,71.0,55.1,84.3,52.9,-31.4,29.2,NONE
IAI,15,,LPLA,LPL Financial Holdings Inc.,Finance-Invest Bnk/Bkrs,Finance,LOSING,31,63.9,73.7,49.2,11,FOLLOWER,66.3,41.7,92.1,64.5,-27.7,50.4,NONE
IAI,16,,TW,"Tradeweb Markets, Inc. Class A",Financial Svcs-Specialty,Finance,LOSING,75,54.0,57.3,49.0,21,FOLLOWER,49.1,33.9,59.4,70.6,11.2,25.5,NONE
IAI,17,,SF,Stifel Financial Corp,Finance-Invest Bnk/Bkrs,Finance,LOSING,31,63.9,73.7,49.2,15,FOLLOWER,50.0,35.4,77.0,33.0,-44.0,41.6,NONE
IAI,18,,EVR,Evercore Inc. Class A,Finance-Invest Bnk/Bkrs,Finance,LOSING,31,63.9,73.7,49.2,29,FOLLOWER,17.4,23.2,14.2,11.0,-3.2,-9.0,NONE
IAI,19,,FDS,FactSet Research Systems Inc.,Comml Svcs-Market Rsrch,Technology Services,EMERGING,2,70.5,82.1,53.1,3,PIONEER,65.6,54.5,76.5,88.4,11.9,22.0,BREAKOUT_NOW
IAI,20,,JEF,Jefferies Financial Group Inc.,Finance-Invest Bnk/Bkrs,Finance,LOSING,31,63.9,73.7,49.2,21,FOLLOWER,34.6,26.6,38.1,31.4,-6.8,11.6,NONE
IAI,21,,SNEX,StoneX Group Inc.,Finance-Invest Bnk/Bkrs,Finance,LOSING,31,63.9,73.7,49.2,19,FOLLOWER,40.0,89.8,20.8,10.7,-10.1,-69.0,NONE
IAI,22,,HLI,"Houlihan Lokey, Inc. Class A",Finance-Invest Bnk/Bkrs,Finance,LOSING,31,63.9,73.7,49.2,25,FOLLOWER,29.5,12.2,29.5,68.5,39.0,17.3,BREAKOUT_WATCH
IAI,23,,MKTX,MarketAxess Holdings Inc.,Financial Svcs-Specialty,Finance,LOSING,75,54.0,57.3,49.0,17,FOLLOWER,52.5,34.2,87.9,50.6,-37.3,53.7,BREAKOUT_WATCH
IAI,24,,VIRT,"Virtu Financial, Inc. Class A",Financial Svcs-Specialty,Finance,LOSING,75,54.0,57.3,49.0,3,LEADER,84.6,93.3,88.7,79.1,-9.6,-4.6,NONE
IAI,25,,PIPR,Piper Sandler Companies,Finance-Invest Bnk/Bkrs,Finance,LOSING,31,63.9,73.7,49.2,22,FOLLOWER,33.1,24.1,33.9,41.2,7.3,9.8,NONE
IAI,26,,MC,Moelis & Co. Class A,Finance-Invest Bnk/Bkrs,Finance,LOSING,31,63.9,73.7,49.2,18,FOLLOWER,47.3,46.7,37.4,57.8,20.5,-9.4,NONE
IAI,27,,LAZ,Lazard Inc,Finance-Invest Bnk/Bkrs,Finance,LOSING,31,63.9,73.7,49.2,26,FOLLOWER,28.9,20.4,22.4,60.4,38.0,2.1,NONE
IAI,28,,MORN,"Morningstar, Inc.",Financial Svcs-Specialty,Finance,LOSING,75,54.0,57.3,49.0,14,FOLLOWER,56.1,39.5,68.8,82.1,13.4,29.2,BREAKOUT_WATCH
IAI,29,,PJT,"PJT Partners, Inc. Class A",Finance-Invest Bnk/Bkrs,Finance,LOSING,31,63.9,73.7,49.2,13,FOLLOWER,61.6,45.3,75.6,70.7,-4.8,30.3,BREAKOUT_WATCH
IAI,30,,BGC,"BGC Group, Inc. Class A",Finance-Invest Bnk/Bkrs,Finance,LOSING,31,63.9,73.7,49.2,7,FOLLOWER,71.4,77.7,74.8,63.6,-11.3,-2.9,BREAKOUT_WATCH
IAI,31,,MBGL,Mobility Global Inc,Internet Software/Services,Technology Services,LOSING,173,23.6,22.9,24.5,1,FOLLOWER,44.6,,,43.8,,,NONE
IAI,32,,MIAX,"Miami International Holdings, Inc.",Finance-Invest Bnk/Bkrs,Finance,LOSING,31,63.9,73.7,49.2,28,FOLLOWER,23.7,25.7,26.2,13.8,-12.5,0.5,NONE
IAI,33,,DFIN,"Donnelley Financial Solutions, Inc.",Financial Svcs-Specialty,Finance,LOSING,75,54.0,57.3,49.0,18,FOLLOWER,52.4,32.6,79.8,56.4,-23.4,47.2,NONE
IAI,34,,PWP,Perella Weinberg Partners Class A,Finance-Invest Bnk/Bkrs,Finance,LOSING,31,63.9,73.7,49.2,23,FOLLOWER,30.3,25.3,39.1,21.9,-17.2,13.8,NONE
IAI,35,,OPY,Oppenheimer Holdings Inc. Class A,Finance-Invest Bnk/Bkrs,Finance,LOSING,31,63.9,73.7,49.2,2,LEADER,83.5,91.5,86.6,78.9,-7.7,-4.8,NONE
URA,5,5.51,OKLO,Oklo Inc. Class A,Energy-Alternative/Other,Producer Manufacturing,LOSING,89,41.4,52.9,24.3,32,FOLLOWER,17.1,2.0,4.2,63.7,59.5,2.1,NONE
URA,6,5.3,UEC,Uranium Energy Corp.,Mining-Metal Ores,Non-Energy Minerals,LOSING,48,54.8,66.8,36.9,23,FOLLOWER,41.1,35.3,22.4,92.8,70.4,-12.9,NONE
URA,10,2.96,XE,"X-Energy, Inc. Class A",Energy-Alternative/Other,Producer Manufacturing,LOSING,89,41.4,52.9,24.3,17,FOLLOWER,34.9,,7.0,81.3,74.3,,NONE
URA,11,2.9,LEU,Centrus Energy Corp. Class A,Energy-Alternative/Other,Producer Manufacturing,LOSING,89,41.4,52.9,24.3,31,FOLLOWER,18.3,7.7,23.3,30.4,7.1,15.6,NONE
URA,12,2.89,SMR,NuScale Power Corporation Class A,Energy-Alternative/Other,Producer Manufacturing,LOSING,89,41.4,52.9,24.3,27,FOLLOWER,21.2,2.6,7.7,77.0,69.2,5.2,NONE
URA,29,0.73,NNE,Nano Nuclear Energy Inc.,Energy-Alternative/Other,Producer Manufacturing,LOSING,89,41.4,52.9,24.3,25,FOLLOWER,22.5,5.2,4.5,83.8,79.3,-0.7,NONE
URA,31,0.49,UROY,Uranium Royalty Corporation,Oil&Gas-Royalty Trust,Miscellaneous,LOSING,51,62.1,66.1,56.0,2,FOLLOWER,64.5,55.8,80.8,91.4,10.6,25.0,NONE
URA,32,0.48,URG,Ur-Energy Inc.,Mining-Metal Ores,Non-Energy Minerals,LOSING,48,54.8,66.8,36.9,22,FOLLOWER,41.6,50.4,14.3,85.5,71.2,-36.1,NONE
URA,35,0.32,IMSR,Terrestrial Energy Inc.,Energy-Alternative/Other,Producer Manufacturing,LOSING,89,41.4,52.9,24.3,29,FOLLOWER,19.0,4.2,2.3,66.4,64.1,-1.9,NONE
URA,37,0.24,LTBR,Lightbridge Corporation,Energy-Alternative/Other,Producer Manufacturing,LOSING,89,41.4,52.9,24.3,36,FOLLOWER,7.9,2.9,5.4,14.3,8.9,2.5,NONE
URA,43,0.11,NKLR,Terra Innovatum Global N.V.,Energy-Alternative/Other,Producer Manufacturing,LOSING,89,41.4,52.9,24.3,4,FOLLOWER,42.9,63.7,15.8,64.7,48.9,-48.0,NONE
URA,44,0.1,NUCL,Eagle Nuclear Energy Corp.,Mining-Metal Ores,Non-Energy Minerals,LOSING,48,54.8,66.8,36.9,29,FOLLOWER,34.6,,6.1,90.7,84.6,,NONE
NLR,1,,CEG,Constellation Energy Corporation,Energy-Alternative/Other,Producer Manufacturing,LOSING,89,41.4,52.9,24.3,9,FOLLOWER,39.5,12.1,51.1,64.5,13.4,39.0,NONE
NLR,2,,CCJ,Cameco Corporation,Mining-Metal Ores,Non-Energy Minerals,LOSING,48,54.8,66.8,36.9,20,FOLLOWER,42.9,50.0,19.1,82.9,63.8,-30.9,NONE
NLR,3,,PEG,Public Service Enterprise Group Inc,Utilities,Utilities,LOSING,61,49.8,64.6,27.7,57,FOLLOWER,30.0,22.1,32.1,25.5,-6.6,10.0,NONE
NLR,5,,UEC,Uranium Energy Corp.,Mining-Metal Ores,Non-Energy Minerals,LOSING,48,54.8,66.8,36.9,23,FOLLOWER,41.1,35.3,22.4,92.8,70.4,-12.9,NONE
NLR,7,,NXE,NexGen Energy Ltd.,Mining-Metal Ores,Non-Energy Minerals,LOSING,48,54.8,66.8,36.9,18,FOLLOWER,47.8,61.1,24.7,83.0,58.3,-36.4,NONE
NLR,8,,BWXT,"BWX Technologies, Inc.",Aerospace/Defense,Electronic Technology,LOSING,86,42.3,54.8,23.6,55,FOLLOWER,14.9,17.9,12.8,12.4,-0.3,-5.1,NONE
NLR,9,,LEU,Centrus Energy Corp. Class A,Energy-Alternative/Other,Producer Manufacturing,LOSING,89,41.4,52.9,24.3,31,FOLLOWER,18.3,7.7,23.3,30.4,7.1,15.6,NONE
NLR,10,,DNN,Denison Mines Corp.,Mining-Metal Ores,Non-Energy Minerals,LOSING,48,54.8,66.8,36.9,12,FOLLOWER,56.3,71.8,36.4,89.2,52.8,-35.4,NONE
NLR,11,,UUUU,Energy Fuels Inc.,Mining-Metal Ores,Non-Energy Minerals,LOSING,48,54.8,66.8,36.9,26,FOLLOWER,38.9,38.4,14.8,93.4,78.7,-23.7,NONE
NLR,14,,SMR,NuScale Power Corporation Class A,Energy-Alternative/Other,Producer Manufacturing,LOSING,89,41.4,52.9,24.3,27,FOLLOWER,21.2,2.6,7.7,77.0,69.2,5.2,NONE
NLR,15,,OKLO,Oklo Inc. Class A,Energy-Alternative/Other,Producer Manufacturing,LOSING,89,41.4,52.9,24.3,32,FOLLOWER,17.1,2.0,4.2,63.7,59.5,2.1,NONE
NLR,19,,XE,"X-Energy, Inc. Class A",Energy-Alternative/Other,Producer Manufacturing,LOSING,89,41.4,52.9,24.3,17,FOLLOWER,34.9,,7.0,81.3,74.3,,NONE
NLR,22,,NNE,Nano Nuclear Energy Inc.,Energy-Alternative/Other,Producer Manufacturing,LOSING,89,41.4,52.9,24.3,25,FOLLOWER,22.5,5.2,4.5,83.8,79.3,-0.7,NONE
NLR,24,,URG,Ur-Energy Inc.,Mining-Metal Ores,Non-Energy Minerals,LOSING,48,54.8,66.8,36.9,22,FOLLOWER,41.6,50.4,14.3,85.5,71.2,-36.1,NONE
NLR,25,,EU,enCore Energy Corp.,Mining-Metal Ores,Non-Energy Minerals,LOSING,48,54.8,66.8,36.9,41,FOLLOWER,23.4,2.2,9.5,83.4,73.9,7.3,NONE
DTCR,1,12.75,DLR,"Digital Realty Trust, Inc.",REITs,Finance,LOSING,68,49.8,61.0,33.0,40,FOLLOWER,53.7,58.8,43.6,37.7,-6.0,-15.2,NONE
DTCR,2,12.6,AMT,American Tower Corporation,REITs,Finance,LOSING,68,49.8,61.0,33.0,78,FOLLOWER,44.4,33.3,28.8,53.5,24.7,-4.6,NONE
DTCR,3,12.38,EQIX,"Equinix, Inc.",REITs,Finance,LOSING,68,49.8,61.0,33.0,17,FOLLOWER,62.4,78.2,39.3,60.3,21.0,-38.9,NONE
DTCR,4,8.69,CCI,Crown Castle Inc.,REITs,Finance,LOSING,68,49.8,61.0,33.0,136,FOLLOWER,23.4,19.0,15.5,43.2,27.7,-3.5,NONE
DTCR,6,4.6,SBAC,SBA Communications Corp. Class A,REITs,Finance,LOSING,68,49.8,61.0,33.0,111,FOLLOWER,38.4,32.5,27.0,66.6,39.5,-5.5,BREAKOUT_WATCH
DTCR,8,4.33,GDS,GDS Holdings Ltd. Sponsored ADR Class A,Internet-Network Sltns,Technology Services,LOSING,152,29.7,35.9,20.4,5,FOLLOWER,24.2,25.7,22.0,32.1,10.2,-3.7,NONE
DTCR,9,3.97,APLD,Applied Digital Corporation,Computer-Tech Services,Technology Services,LOSING,26,62.4,77.8,39.3,44,FOLLOWER,18.6,36.4,2.1,17.2,15.1,-34.3,NONE
DTCR,10,3.53,UNIT,Uniti Group Inc.,REITs,Finance,LOSING,68,49.8,61.0,33.0,53,FOLLOWER,50.2,85.7,21.4,56.3,34.9,-64.4,NONE
DTCR,11,2.79,SMCI,"Super Micro Computer, Inc.",Computer-Hardware/Perip,Electronic Technology,EMERGING,3,65.5,81.8,41.1,17,FOLLOWER,42.4,52.4,11.5,94.3,82.7,-40.9,NONE
DTCR,12,2.55,VNET,"VNET Group, Inc. Sponsored ADR",Internet-Network Sltns,Technology Services,LOSING,152,29.7,35.9,20.4,8,FOLLOWER,7.6,7.9,3.1,5.8,2.7,-4.8,NONE
DTCR,14,2.22,HPE,Hewlett Packard Enterprise Co.,Computer-Tech Services,Technology Services,LOSING,26,62.4,77.8,39.3,5,LEADER,81.7,97.4,67.3,74.6,7.3,-30.1,NONE
DTCR,15,2.14,MU,"Micron Technology, Inc.",Computer-Hardware/Perip,Electronic Technology,EMERGING,3,65.5,81.8,41.1,7,FOLLOWER,69.0,99.5,25.7,85.7,60.0,-73.8,NONE
DTCR,16,2.09,NVDA,NVIDIA Corporation,Elec-Semicondctor Fablss,Electronic Technology,LOSING,45,49.9,67.6,23.2,2,FOLLOWER,64.7,62.3,35.8,76.7,40.9,-26.5,NONE
DTCR,17,2.07,MRVL,"Marvell Technology, Inc.",Elec-Semicondctor Fablss,Electronic Technology,LOSING,45,49.9,67.6,23.2,3,FOLLOWER,62.0,97.2,32.2,80.6,48.4,-65.1,NONE
DTCR,19,1.89,AVGO,Broadcom Inc.,Elec-Semicondctor Fablss,Electronic Technology,LOSING,45,49.9,67.6,23.2,27,FOLLOWER,23.3,26.1,12.3,23.6,11.3,-13.8,NONE
DTCR,20,1.79,AMD,"Advanced Micro Devices, Inc.",Elec-Semicondctor Fablss,Electronic Technology,LOSING,45,49.9,67.6,23.2,8,FOLLOWER,53.5,96.5,25.2,39.4,14.2,-71.3,NONE
DTCR,22,1.75,INTC,Intel Corporation,Elec-Semiconductor Mfg,Electronic Technology,LOSING,112,39.4,46.8,28.4,13,FOLLOWER,47.4,97.3,13.3,41.0,27.7,-84.1,NONE
DTCR,23,1.72,MCHP,Microchip Technology Incorporated,Elec-Semiconductor Mfg,Electronic Technology,LOSING,112,39.4,46.8,28.4,18,FOLLOWER,42.8,78.6,12.4,42.1,29.6,-66.2,NONE
DTCR,25,0.28,WYFI,"WhiteFiber, Inc.",Internet-Network Sltns,Technology Services,LOSING,152,29.7,35.9,20.4,6,FOLLOWER,13.7,27.8,3.8,3.5,-0.4,-24.0,NONE
ICLN,1,7.89,FSLR,"First Solar, Inc.",Energy-Solar,Electronic Technology,LOSING,172,19.9,23.8,14.2,4,FOLLOWER,13.6,10.7,6.0,25.7,19.7,-4.7,NONE
ICLN,3,7.17,BE,Bloom Energy Corporation Class A,Energy-Alternative/Other,Producer Manufacturing,LOSING,89,41.4,52.9,24.3,2,FOLLOWER,46.8,95.2,9.0,46.2,37.1,-86.1,NONE
ICLN,4,6.74,NXT,Nextpower Inc. Class A,Energy-Solar,Electronic Technology,LOSING,172,19.9,23.8,14.2,3,FOLLOWER,14.3,22.4,2.9,14.1,11.2,-19.5,NONE
ICLN,5,4.6,ENPH,"Enphase Energy, Inc.",Energy-Solar,Electronic Technology,LOSING,172,19.9,23.8,14.2,1,FOLLOWER,33.8,70.4,3.1,30.9,27.8,-67.3,NONE
ICLN,9,2.87,PLUG,Plug Power Inc.,Energy-Alternative/Other,Producer Manufacturing,LOSING,89,41.4,52.9,24.3,20,FOLLOWER,31.7,46.5,2.4,64.7,62.3,-44.2,NONE
ICLN,11,2.07,ENLT,Enlight Renewable Energy Ltd,Energy-Alternative/Other,Producer Manufacturing,LOSING,89,41.4,52.9,24.3,3,FOLLOWER,43.5,94.6,8.6,16.6,8.0,-86.0,NONE
ICLN,13,1.94,CWEN,"Clearway Energy, Inc. Class C",Energy-Alternative/Other,Producer Manufacturing,LOSING,89,41.4,52.9,24.3,23,FOLLOWER,23.3,23.1,10.9,44.9,33.9,-12.1,NONE
ICLN,14,1.79,SEDG,"SolarEdge Technologies, Inc.",Energy-Solar,Electronic Technology,LOSING,172,19.9,23.8,14.2,5,FOLLOWER,10.0,22.7,0.7,2.7,2.0,-21.9,NONE
ICLN,21,1.12,SHLS,"Shoals Technologies Group, Inc. Class A",Energy-Solar,Electronic Technology,LOSING,172,19.9,23.8,14.2,6,FOLLOWER,9.3,17.1,3.0,3.1,0.1,-14.2,NONE
ICLN,25,0.96,GPRE,Green Plains Inc.,Energy-Alternative/Other,Producer Manufacturing,LOSING,89,41.4,52.9,24.3,11,FOLLOWER,37.8,80.1,21.7,7.0,-14.7,-58.4,NONE
ICLN,26,0.94,TE,T1 Energy Inc.,Energy-Alternative/Other,Producer Manufacturing,LOSING,89,41.4,52.9,24.3,15,FOLLOWER,35.7,55.5,0.8,69.5,68.8,-54.7,NONE
ICLN,39,0.61,ARRY,Array Technologies Inc,Energy-Solar,Electronic Technology,LOSING,172,19.9,23.8,14.2,9,FOLLOWER,5.9,5.1,1.5,6.0,4.5,-3.6,NONE
ICLN,42,0.57,CSIQ,Canadian Solar Inc.,Energy-Solar,Electronic Technology,LOSING,172,19.9,23.8,14.2,7,FOLLOWER,7.7,2.0,6.3,4.2,-2.1,4.3,NONE
ICLN,44,0.51,BEPC,Brookfield Renewable Holdings Corporation Class A,Energy-Alternative/Other,Producer Manufacturing,LOSING,89,41.4,52.9,24.3,30,FOLLOWER,18.5,14.4,14.7,33.9,19.2,0.3,NONE
ICLN,53,0.39,JKS,"JinkoSolar Holding Co., Ltd. Sponsored ADR",Energy-Solar,Electronic Technology,LOSING,172,19.9,23.8,14.2,8,FOLLOWER,7.1,3.4,4.6,4.8,0.2,1.2,NONE
ICLN,58,0.35,REX,REX American Resources Corporation,Energy-Alternative/Other,Producer Manufacturing,LOSING,89,41.4,52.9,24.3,19,FOLLOWER,33.6,64.0,14.5,24.8,10.3,-49.5,NONE
ICLN,72,0.26,RNW,ReNew Energy Global plc Class A,Energy-Alternative/Other,Producer Manufacturing,LOSING,89,41.4,52.9,24.3,5,FOLLOWER,42.3,21.3,52.4,75.3,22.9,31.1,BREAKOUT_WATCH
SHLD,1,10.8,PLTR,Palantir Technologies Inc. Class A,Comp Sftwr - Enterprise,Technology Services,EMERGING,1,72.4,84.1,54.9,26,PIONEER,68.9,51.1,76.1,98.5,22.4,24.9,BREAKOUT_WATCH
SHLD,2,9.31,RTX,RTX Corporation,Aerospace/Defense,Electronic Technology,LOSING,86,42.3,54.8,23.6,7,FOLLOWER,59.6,60.9,81.2,30.2,-51.0,20.3,NONE
SHLD,3,8.59,GD,General Dynamics Corporation,Aerospace/Defense,Electronic Technology,LOSING,86,42.3,54.8,23.6,12,FOLLOWER,52.3,48.7,64.4,30.3,-34.1,15.8,NONE
SHLD,4,8.29,LMT,Lockheed Martin Corporation,Aerospace/Defense,Electronic Technology,LOSING,86,42.3,54.8,23.6,11,FOLLOWER,52.9,65.5,61.8,27.9,-33.8,-3.7,NONE
SHLD,5,7.71,NOC,Northrop Grumman Corp.,Aerospace/Defense,Electronic Technology,LOSING,86,42.3,54.8,23.6,31,FOLLOWER,34.4,29.4,40.8,44.1,3.3,11.5,NONE
SHLD,9,3.8,LHX,L3Harris Technologies Inc,Aerospace/Defense,Electronic Technology,LOSING,86,42.3,54.8,23.6,39,FOLLOWER,28.9,30.1,17.4,27.4,10.0,-12.8,NONE
SHLD,14,2.56,LDOS,"Leidos Holdings, Inc.",Computer-Tech Services,Technology Services,LOSING,26,62.4,77.8,39.3,21,FOLLOWER,44.4,10.8,64.8,89.8,25.0,54.0,NONE
SHLD,16,2.03,BWXT,"BWX Technologies, Inc.",Aerospace/Defense,Electronic Technology,LOSING,86,42.3,54.8,23.6,55,FOLLOWER,14.9,17.9,12.8,12.4,-0.3,-5.1,NONE
SHLD,17,1.67,HII,"Huntington Ingalls Industries, Inc.",Aerospace/Defense,Electronic Technology,LOSING,86,42.3,54.8,23.6,42,FOLLOWER,26.3,26.7,36.2,11.0,-25.2,9.4,NONE
SHLD,19,1.38,KTOS,"Kratos Defense & Security Solutions, Inc.",Aerospace/Defense,Electronic Technology,LOSING,86,42.3,54.8,23.6,41,FOLLOWER,26.7,7.6,12.2,75.5,63.3,4.6,NONE
SHLD,25,0.82,AVAV,"AeroVironment, Inc.",Aerospace/Defense,Electronic Technology,LOSING,86,42.3,54.8,23.6,56,FOLLOWER,14.2,3.5,8.1,41.3,33.3,4.6,NONE
SHLD,26,0.8,PL,Planet Labs PBC Class A,Telecom/Cable Services,Communications,LOSING,56,54.7,65.4,38.7,11,FOLLOWER,40.4,89.9,0.8,30.7,29.9,-89.1,NONE
SHLD,27,0.76,MRCY,"Mercury Systems, Inc.",Aerospace/Defense,Electronic Technology,LOSING,86,42.3,54.8,23.6,38,FOLLOWER,29.7,64.9,10.8,11.6,0.8,-54.1,NONE
SHLD,28,0.75,PSN,Parsons Corporation,Comp Sftwr - Specialty Enterprise,Technology Services,LOSING,40,55.6,69.4,34.8,17,FOLLOWER,29.9,4.6,12.2,76.7,64.6,7.6,NONE
SHLD,30,0.58,AMTM,"Amentum Holdings, Inc.",Computer-Tech Services,Technology Services,LOSING,26,62.4,77.8,39.3,50,FOLLOWER,11.1,8.1,14.4,11.7,-2.6,6.3,NONE
SHLD,32,0.56,KRMN,Karman Holdings Inc.,Aerospace/Defense,Electronic Technology,LOSING,86,42.3,54.8,23.6,59,FOLLOWER,10.6,5.8,10.3,7.2,-3.1,4.4,NONE
SHLD,33,0.47,OSIS,"OSI Systems, Inc.",Aerospace/Defense,Electronic Technology,LOSING,86,42.3,54.8,23.6,50,FOLLOWER,22.1,12.0,33.9,20.0,-13.9,21.9,NONE
SHLD,38,0.25,VOYG,"Voyager Technologies, Inc. Class A",Aerospace/Defense,Electronic Technology,LOSING,86,42.3,54.8,23.6,10,FOLLOWER,53.5,84.3,7.4,96.1,88.7,-76.9,NONE
SHLD,39,0.22,BBAI,"BigBear.ai Holdings, Inc.",Comp Sftwr - Enterprise,Technology Services,EMERGING,1,72.4,84.1,54.9,62,FOLLOWER,21.2,3.2,3.4,79.7,76.3,0.2,NONE
SHLD,42,0.17,RCAT,Red Cat Holdings Inc,Comp Sftwr - Specialty Enterprise,Technology Services,LOSING,40,55.6,69.4,34.8,15,FOLLOWER,39.5,57.0,3.2,82.6,79.4,-53.8,NONE
SHLD,46,0.14,YSS,"York Space Systems, Inc.",Aerospace/Defense,Electronic Technology,LOSING,86,42.3,54.8,23.6,64,FOLLOWER,2.6,,0.3,0.6,0.3,,NONE
SHLD,47,0.1,BKSY,BlackSky Technology Inc Class A,Telecom/Cable Services,Communications,LOSING,56,54.7,65.4,38.7,12,FOLLOWER,36.1,69.4,2.3,46.0,43.7,-67.1,NONE
LIT,2,22.08,RIO,Rio Tinto plc Sponsored ADR,Mining-Metal Ores,Non-Energy Minerals,LOSING,48,54.8,66.8,36.9,10,FOLLOWER,61.0,82.1,31.4,72.7,41.3,-50.7,NONE
LIT,7,4.74,ALB,Albemarle Corporation,Chemicals-Specialty,Process Industries,LOSING,71,51.1,59.8,38.0,25,FOLLOWER,38.4,44.4,11.2,83.6,72.4,-33.2,NONE
LIT,8,4.06,TSLA,"Tesla, Inc.",Auto Manufacturers,Consumer Durables,LOSING,70,46.0,59.9,25.1,8,FOLLOWER,34.8,18.2,20.2,87.3,67.1,2.0,NONE
LIT,12,3.36,SQM,Sociedad Quimica y Minera de Chile S.A. Sponsored ADR Pfd Series B,Chemicals-Agricultural,Process Industries,EMERGING,15,62.1,72.9,45.8,5,FOLLOWER,52.6,65.9,29.2,87.0,57.8,-36.7,NONE
LIT,19,2.0,ENS,EnerSys,Electrical-Power/Equipmt,Producer Manufacturing,LOSING,140,30.9,38.6,19.3,6,FOLLOWER,44.7,68.7,12.5,39.2,26.8,-56.2,NONE
LIT,33,0.26,LCID,"Lucid Group, Inc.",Auto Manufacturers,Consumer Durables,LOSING,70,46.0,59.9,25.1,19,FOLLOWER,5.5,1.1,8.2,0.7,-7.5,7.1,NONE
LIT,35,0.21,SGML,Sigma Lithium Corporation,Mining-Metal Ores,Non-Energy Minerals,LOSING,48,54.8,66.8,36.9,19,FOLLOWER,44.6,58.8,10.3,93.0,82.7,-48.5,NONE
WOOD,2,7.27,WY,Weyerhaeuser Company,Finance-Property REIT,Finance,LOSING,177,20.2,19.4,21.5,3,FOLLOWER,36.6,45.1,37.6,18.6,-19.0,-7.5,NONE
WOOD,4,6.12,SW,Smurfit Westrock PLC,Containers/Packaging,Process Industries,LOSING,107,49.7,49.2,50.4,4,FOLLOWER,69.8,73.6,74.0,59.4,-14.6,0.4,NONE
WOOD,10,4.49,IP,International Paper Company,Paper & Paper Products,Process Industries,LOSING,154,38.2,35.7,42.0,5,FOLLOWER,40.5,33.5,72.4,20.2,-52.2,38.9,NONE
WOOD,14,3.83,SLVM,Sylvamo Corporation,Containers/Packaging,Process Industries,LOSING,107,49.7,49.2,50.4,16,FOLLOWER,19.6,12.6,25.9,27.1,1.2,13.3,NONE
WOOD,16,3.63,RYN,Rayonier Inc.,REITs,Finance,LOSING,68,49.8,61.0,33.0,126,FOLLOWER,33.4,30.1,43.9,20.6,-23.2,13.8,NONE
WOOD,20,2.01,BILL,"BILL Holdings, Inc.",Comp Sftwr - Financial,Technology Services,LOSING,77,51.4,56.9,43.2,3,FOLLOWER,65.1,32.7,86.7,74.7,-12.0,54.0,NONE
WOOD,23,1.73,SAP,SAP SE Sponsored ADR,Comp Sftwr - Enterprise,Technology Services,EMERGING,1,72.4,84.1,54.9,37,FOLLOWER,51.3,26.1,69.5,88.8,19.3,43.4,BREAKOUT_WATCH
XBI,1,2.763482,MRNA,"Moderna, Inc.",Medical - Revenue Biotech,Health Technology,LOSING,43,59.9,68.6,46.8,4,LEADER,86.5,99.7,99.8,99.8,-0.0,0.1,NONE
XBI,2,1.921365,TWST,Twist Bioscience Corp.,Medical - Revenue Biotech,Health Technology,LOSING,43,59.9,68.6,46.8,1,LEADER,91.6,99.5,99.3,98.5,-0.8,-0.2,NONE
XBI,3,1.502796,APGE,"Apogee Therapeutics, Inc.",Medical - Development Biotech,Health Technology,LOSING,38,63.3,70.0,53.3,25,LEADER,85.4,93.7,98.2,50.8,-47.5,4.5,BREAKOUT_NOW
XBI,4,1.391029,KYMR,"Kymera Therapeutics, Inc.",Medical - Development Biotech,Health Technology,LOSING,38,63.3,70.0,53.3,24,LEADER,85.4,91.0,96.0,83.8,-12.2,5.0,NONE
XBI,5,1.388056,NTRA,"Natera, Inc.",Medical-Services,Health Services,EMERGING,12,67.7,76.6,54.5,6,LEADER,81.6,74.0,95.3,88.8,-6.5,21.4,NONE
XBI,6,1.376406,HALO,"Halozyme Therapeutics, Inc.",Medical - Profitable Biotech,Health Technology,LOSING,44,62.1,68.5,52.4,1,LEADER,86.4,81.1,96.8,93.6,-3.2,15.7,NONE
XBI,7,1.327796,RVMD,"Revolution Medicines, Inc.",Medical - Development Biotech,Health Technology,LOSING,38,63.3,70.0,53.3,30,LEADER,84.2,97.7,87.3,76.1,-11.2,-10.4,NONE
XBI,8,1.319271,PRAX,"Praxis Precision Medicines, Inc.",Medical - Development Biotech,Health Technology,LOSING,38,63.3,70.0,53.3,72,FOLLOWER,71.6,92.9,52.9,82.3,29.4,-39.9,NONE
XBI,9,1.310981,ORKA,"Oruka Therapeutics, Inc.",Medical - Development Biotech,Health Technology,LOSING,38,63.3,70.0,53.3,66,FOLLOWER,72.5,98.5,98.1,26.9,-71.2,-0.4,NONE
XBI,10,1.294107,TVTX,"Travere Therapeutics, Inc.",Medical - Revenue Biotech,Health Technology,LOSING,43,59.9,68.6,46.8,2,LEADER,90.0,92.4,95.3,87.7,-7.7,3.0,NONE
XBI,11,1.275823,DNTH,"Dianthus Therapeutics, Inc.",Medical - Development Biotech,Health Technology,LOSING,38,63.3,70.0,53.3,71,FOLLOWER,71.7,97.2,79.1,39.1,-40.0,-18.1,NONE
XBI,12,1.256908,PTGX,"Protagonist Therapeutics, Inc.",Medical - Pharmaceuticals,Health Technology,LOSING,29,63.8,74.1,48.3,4,LEADER,82.9,87.9,96.7,72.6,-24.1,8.8,NONE
XBI,13,1.24674,CGON,"CG Oncology, Inc.",Medical - Development Biotech,Health Technology,LOSING,38,63.3,70.0,53.3,44,LEADER,80.1,89.3,88.4,66.7,-21.7,-1.0,NONE
XBI,14,1.242101,ERAS,"Erasca, Inc.",Medical - Development Biotech,Health Technology,LOSING,38,63.3,70.0,53.3,67,FOLLOWER,72.3,99.7,89.8,38.0,-51.8,-9.9,NONE
XBI,15,1.215617,REGN,"Regeneron Pharmaceuticals, Inc.",Medical - Profitable Biotech,Health Technology,LOSING,44,62.1,68.5,52.4,20,FOLLOWER,64.0,37.3,91.6,64.7,-26.8,54.2,NONE
XBI,16,1.21343,PCVX,"Vaxcyte, Inc.",Medical - Development Biotech,Health Technology,LOSING,38,63.3,70.0,53.3,62,FOLLOWER,74.7,61.9,86.1,80.0,-6.1,24.2,NONE
XBI,17,1.207493,SRRK,Scholar Rock Holding Corp.,Medical - Development Biotech,Health Technology,LOSING,38,63.3,70.0,53.3,60,FOLLOWER,75.7,71.2,81.7,88.7,7.0,10.4,NONE
XBI,18,1.188283,INSM,Insmed Incorporated,Medical - Revenue Biotech,Health Technology,LOSING,43,59.9,68.6,46.8,31,FOLLOWER,45.4,5.4,74.3,91.2,16.9,68.9,NONE
XBI,19,1.179486,AMGN,Amgen Inc.,Medical - Profitable Biotech,Health Technology,LOSING,44,62.1,68.5,52.4,6,LEADER,77.1,66.7,90.9,79.8,-11.0,24.1,NONE
XBI,20,1.151659,RYTM,"Rhythm Pharmaceuticals, Inc.",Medical - Revenue Biotech,Health Technology,LOSING,43,59.9,68.6,46.8,22,FOLLOWER,56.7,32.1,82.6,70.1,-12.5,50.6,NONE
XBI,21,1.144328,VRTX,Vertex Pharmaceuticals Incorporated,Medical - Profitable Biotech,Health Technology,LOSING,44,62.1,68.5,52.4,7,LEADER,77.0,65.5,86.1,82.7,-3.4,20.6,NONE
XBI,22,1.125348,ROIV,Roivant Sciences Ltd.,Medical - Development Biotech,Health Technology,LOSING,38,63.3,70.0,53.3,55,FOLLOWER,76.8,88.7,80.4,56.7,-23.8,-8.2,NONE
XBI,23,1.108536,SYRE,"Spyre Therapeutics, Inc",Medical - Development Biotech,Health Technology,LOSING,38,63.3,70.0,53.3,88,FOLLOWER,67.7,98.5,88.3,13.1,-75.2,-10.2,NONE
XBI,24,1.10581,ARWR,"Arrowhead Pharmaceuticals, Inc.",Medical - Revenue Biotech,Health Technology,LOSING,43,59.9,68.6,46.8,21,FOLLOWER,59.3,79.1,63.5,32.5,-31.1,-15.6,NONE
XBI,25,1.10372,GILD,"Gilead Sciences, Inc.",Medical - Profitable Biotech,Health Technology,LOSING,44,62.1,68.5,52.4,19,FOLLOWER,66.5,56.7,69.1,80.0,10.9,12.5,NONE
XBI,26,1.094714,RLAY,"Relay Therapeutics, Inc.",Medical - Development Biotech,Health Technology,LOSING,38,63.3,70.0,53.3,64,FOLLOWER,74.0,96.9,89.5,34.0,-55.5,-7.4,NONE
XBI,27,1.087068,INCY,Incyte Corporation,Medical - Profitable Biotech,Health Technology,LOSING,44,62.1,68.5,52.4,11,FOLLOWER,73.3,56.4,89.5,59.9,-29.6,33.1,NONE
XBI,28,1.080132,QURE,uniQure N.V.,Medical - Development Biotech,Health Technology,LOSING,38,63.3,70.0,53.3,43,LEADER,80.7,91.2,98.5,78.9,-19.6,7.3,NONE
XBI,29,1.075886,IOVA,Iovance Biotherapeutics Inc,Medical - Revenue Biotech,Health Technology,LOSING,43,59.9,68.6,46.8,3,LEADER,89.8,99.0,99.3,99.6,0.3,0.4,NONE
XBI,30,1.075434,CRSP,CRISPR Therapeutics AG,Medical - Development Biotech,Health Technology,LOSING,38,63.3,70.0,53.3,132,FOLLOWER,52.0,44.0,54.1,87.8,33.6,10.1,NONE
XBI,31,1.071002,ACAD,ACADIA Pharmaceuticals Inc.,Medical - Profitable Biotech,Health Technology,LOSING,44,62.1,68.5,52.4,12,FOLLOWER,73.2,56.3,92.0,79.0,-13.0,35.7,NONE
XBI,32,1.067501,VKTX,"Viking Therapeutics, Inc.",Medical - Development Biotech,Health Technology,LOSING,38,63.3,70.0,53.3,176,FOLLOWER,38.9,22.2,53.5,60.6,7.1,31.3,NONE
XBI,33,1.06561,TGTX,"TG Therapeutics, Inc.",Medical - Profitable Biotech,Health Technology,LOSING,44,62.1,68.5,52.4,4,LEADER,79.2,87.5,94.9,63.2,-31.7,7.5,NONE
XBI,34,1.060437,BMRN,BioMarin Pharmaceutical Inc.,Medical - Revenue Biotech,Health Technology,LOSING,43,59.9,68.6,46.8,10,FOLLOWER,73.4,57.2,79.8,73.8,-6.0,22.6,NONE
XBI,35,1.057487,SLS,"SELLAS Life Sciences Group, Inc.",Medical - Development Biotech,Health Technology,LOSING,38,63.3,70.0,53.3,14,LEADER,87.1,99.9,95.3,95.1,-0.2,-4.6,NONE
XBI,36,1.055067,GRAL,GRAIL Inc,Medical-Services,Health Services,EMERGING,12,67.7,76.6,54.5,24,FOLLOWER,48.5,9.7,85.0,84.7,-0.3,75.3,NONE
XBI,37,1.046748,BBIO,"BridgeBio Pharma, Inc.",Medical - Revenue Biotech,Health Technology,LOSING,43,59.9,68.6,46.8,30,FOLLOWER,47.1,44.0,77.9,25.4,-52.5,33.9,NONE
XBI,38,1.045247,ABBV,"AbbVie, Inc.",Medical - Pharmaceuticals,Health Technology,LOSING,29,63.8,74.1,48.3,13,FOLLOWER,67.2,54.8,83.1,56.8,-26.3,28.3,NONE
XBI,39,1.042096,MDGL,"Madrigal Pharmaceuticals, Inc.",Medical - Revenue Biotech,Health Technology,LOSING,43,59.9,68.6,46.8,28,FOLLOWER,51.1,21.6,69.0,84.5,15.5,47.3,NONE
XBI,40,1.036389,KRYS,"Krystal Biotech, Inc.",Medical - Profitable Biotech,Health Technology,LOSING,44,62.1,68.5,52.4,5,LEADER,77.7,88.0,82.5,66.0,-16.4,-5.6,BREAKOUT_WATCH
XBI,41,1.036218,BIIB,Biogen Inc.,Medical - Profitable Biotech,Health Technology,LOSING,44,62.1,68.5,52.4,17,FOLLOWER,66.8,58.7,69.8,69.6,-0.2,11.2,NONE
XBI,42,1.017682,COGT,"Cogent Biosciences, Inc.",Medical - Development Biotech,Health Technology,LOSING,38,63.3,70.0,53.3,214,FOLLOWER,23.5,18.5,40.9,11.5,-29.4,22.4,NONE
XBI,43,0.99615,ALKS,Alkermes Public Limited Company,Medical - Profitable Biotech,Health Technology,LOSING,44,62.1,68.5,52.4,24,FOLLOWER,59.7,86.1,66.8,26.6,-40.1,-19.4,NONE
XBI,44,0.990095,CYTK,"Cytokinetics, Incorporated",Medical - Development Biotech,Health Technology,LOSING,38,63.3,70.0,53.3,197,FOLLOWER,30.4,40.8,31.7,15.3,-16.4,-9.1,NONE
XBI,45,0.982052,IMVT,Immunovant Inc,Medical - Development Biotech,Health Technology,LOSING,38,63.3,70.0,53.3,48,LEADER,78.6,90.6,86.2,67.1,-19.1,-4.4,NONE
XBI,46,0.962929,DYN,Dyne Therapeutics Inc,Medical - Development Biotech,Health Technology,LOSING,38,63.3,70.0,53.3,82,FOLLOWER,69.4,59.8,92.8,52.0,-40.8,33.0,NONE
XBI,47,0.955107,MIRM,"Mirum Pharmaceuticals, Inc.",Medical - Revenue Biotech,Health Technology,LOSING,43,59.9,68.6,46.8,32,FOLLOWER,44.1,73.2,46.8,16.6,-30.2,-26.3,NONE
XBI,48,0.953009,EXEL,"Exelixis, Inc.",Medical - Profitable Biotech,Health Technology,LOSING,44,62.1,68.5,52.4,22,FOLLOWER,62.3,63.2,61.8,59.7,-2.1,-1.4,NONE
XBI,49,0.946705,SMMT,Summit Therapeutics Inc,Medical - Development Biotech,Health Technology,LOSING,38,63.3,70.0,53.3,207,FOLLOWER,25.3,11.9,17.8,64.1,46.3,5.9,NONE
XBI,50,0.929721,IBRX,ImmunityBio Inc,Medical - Development Biotech,Health Technology,LOSING,38,63.3,70.0,53.3,73,FOLLOWER,71.4,99.2,64.2,77.9,13.7,-35.0,NONE
XBI,51,0.922422,CELC,Celcuity Inc.,Medical - Development Biotech,Health Technology,LOSING,38,63.3,70.0,53.3,208,FOLLOWER,24.7,20.6,7.9,60.0,52.0,-12.6,NONE
XBI,52,0.915049,BEAM,"Beam Therapeutics, Inc.",Medical - Development Biotech,Health Technology,LOSING,38,63.3,70.0,53.3,149,FOLLOWER,47.8,57.3,28.6,84.1,55.5,-28.7,NONE
XBI,53,0.881461,NBIX,"Neurocrine Biosciences, Inc.",Medical - Profitable Biotech,Health Technology,LOSING,44,62.1,68.5,52.4,38,FOLLOWER,31.0,35.8,30.6,16.2,-14.4,-5.2,NONE
XBI,54,0.879397,PTCT,"PTC Therapeutics, Inc.",Medical - Revenue Biotech,Health Technology,LOSING,43,59.9,68.6,46.8,45,FOLLOWER,27.6,14.1,28.2,57.1,28.9,14.1,NONE
XBI,55,0.87208,UTHR,United Therapeutics Corporation,Medical - Profitable Biotech,Health Technology,LOSING,44,62.1,68.5,52.4,33,FOLLOWER,36.2,41.2,27.2,38.3,11.1,-14.0,NONE
XBI,56,0.869626,BCRX,"BioCryst Pharmaceuticals, Inc.",Medical - Profitable Biotech,Health Technology,LOSING,44,62.1,68.5,52.4,16,FOLLOWER,67.2,74.7,70.8,72.3,1.5,-3.9,NONE
XBI,57,0.867972,RARE,"Ultragenyx Pharmaceutical, Inc.",Medical - Revenue Biotech,Health Technology,LOSING,43,59.9,68.6,46.8,40,FOLLOWER,36.6,11.0,64.9,52.9,-12.1,54.0,NONE
XBI,58,0.859966,SRPT,"Sarepta Therapeutics, Inc.",Medical - Revenue Biotech,Health Technology,LOSING,43,59.9,68.6,46.8,19,PIONEER,60.1,34.1,81.0,97.1,16.0,47.0,NONE
XBI,59,0.858735,IDYA,"IDEAYA Biosciences, Inc.",Medical - Revenue Biotech,Health Technology,LOSING,43,59.9,68.6,46.8,12,FOLLOWER,72.2,50.4,93.3,80.7,-12.6,42.9,NONE
XBI,60,0.837452,VERA,"Vera Therapeutics, Inc. Class A",Medical - Development Biotech,Health Technology,LOSING,38,63.3,70.0,53.3,172,FOLLOWER,41.1,37.4,40.4,68.4,28.0,3.0,NONE
XBI,61,0.836804,VRDN,"Viridian Therapeutics, Inc.",Medical - Development Biotech,Health Technology,LOSING,38,63.3,70.0,53.3,131,FOLLOWER,52.1,10.2,92.8,90.4,-2.4,82.6,NONE
XBI,62,0.770898,DNLI,Denali Therapeutics Inc.,Medical - Development Biotech,Health Technology,LOSING,38,63.3,70.0,53.3,101,FOLLOWER,62.5,62.1,76.9,60.4,-16.5,14.8,NONE
XBI,63,0.766268,IONS,"Ionis Pharmaceuticals, Inc.",Medical - Revenue Biotech,Health Technology,LOSING,43,59.9,68.6,46.8,46,FOLLOWER,27.3,10.2,12.1,85.7,73.6,1.9,NONE
XBI,64,0.76446,IMNM,"Immunome, Inc.",Medical - Development Biotech,Health Technology,LOSING,38,63.3,70.0,53.3,39,LEADER,81.5,81.2,91.2,89.0,-2.3,10.0,NONE
XBI,65,0.74922,ALNY,"Alnylam Pharmaceuticals, Inc",Medical - Revenue Biotech,Health Technology,LOSING,43,59.9,68.6,46.8,48,FOLLOWER,25.5,3.8,13.0,86.2,73.2,9.2,NONE
XBI,66,0.732417,CLDX,"Celldex Therapeutics, Inc.",Medical - Development Biotech,Health Technology,LOSING,38,63.3,70.0,53.3,63,FOLLOWER,74.3,81.7,91.0,62.8,-28.3,9.3,NONE
XBI,67,0.708884,IRON,"Disc Medicine, Inc.",Medical - Development Biotech,Health Technology,LOSING,38,63.3,70.0,53.3,171,FOLLOWER,41.4,16.5,63.0,56.6,-6.4,46.5,NONE
XBI,68,0.698487,RCUS,"Arcus Biosciences, Inc.",Medical - Revenue Biotech,Health Technology,LOSING,43,59.9,68.6,46.8,17,FOLLOWER,61.7,54.0,72.6,62.0,-10.6,18.6,NONE
XBI,69,0.684732,NTLA,"Intellia Therapeutics, Inc.",Medical - Development Biotech,Health Technology,LOSING,38,63.3,70.0,53.3,117,FOLLOWER,56.4,82.3,25.8,88.2,62.5,-56.5,NONE
XBI,70,0.683285,RXRX,"Recursion Pharmaceuticals, Inc. Class A",Medical - Development Biotech,Health Technology,LOSING,38,63.3,70.0,53.3,199,FOLLOWER,30.2,12.3,22.0,81.6,59.6,9.7,NONE
XBI,71,0.681013,PURR,"Hyperliquid Strategies, Inc",Finance - Crypto/Blockchain,Technology Services,LOSING,57,49.6,65.4,25.9,1,FOLLOWER,75.6,,69.8,99.6,29.8,,NONE
XBI,72,0.672594,ADMA,"ADMA Biologics, Inc.",Medical - Profitable Biotech,Health Technology,LOSING,44,62.1,68.5,52.4,30,FOLLOWER,43.4,2.7,80.1,78.1,-2.0,77.4,NONE
XBI,73,0.667331,MLYS,"Mineralys Therapeutics, Inc.",Medical - Development Biotech,Health Technology,LOSING,38,63.3,70.0,53.3,221,FOLLOWER,19.6,5.2,13.8,49.8,36.0,8.7,NONE
XBI,74,0.644295,NVAX,"Novavax, Inc.",Medical - Profitable Biotech,Health Technology,LOSING,44,62.1,68.5,52.4,25,FOLLOWER,54.7,73.5,21.4,92.9,71.5,-52.1,NONE
XBI,75,0.640409,ARQT,Arcutis Biotherapeutics Inc,Medical - Revenue Biotech,Health Technology,LOSING,43,59.9,68.6,46.8,44,FOLLOWER,28.9,12.5,67.6,10.3,-57.3,55.1,NONE
XBI,76,0.637022,SNDX,Syndax Pharmaceuticals Inc,Medical - Revenue Biotech,Health Technology,LOSING,43,59.9,68.6,46.8,38,FOLLOWER,38.4,30.0,48.2,53.0,4.7,18.2,NONE
XBI,77,0.623617,TNGX,"Tango Therapeutics, Inc.",Medical - Development Biotech,Health Technology,LOSING,38,63.3,70.0,53.3,154,FOLLOWER,46.9,96.0,36.5,5.4,-31.1,-59.5,NONE
XBI,78,0.617443,AGIO,"Agios Pharmaceuticals, Inc.",Medical - Development Biotech,Health Technology,LOSING,38,63.3,70.0,53.3,99,FOLLOWER,63.1,55.8,82.0,79.7,-2.3,26.2,NONE
XBI,79,0.599374,VCYT,"Veracyte, Inc.",Medical-Services,Health Services,EMERGING,12,67.7,76.6,54.5,33,FOLLOWER,20.8,22.4,21.9,18.4,-3.4,-0.6,NONE
XBI,80,0.597343,NRIX,"Nurix Therapeutics, Inc.",Medical - Development Biotech,Health Technology,LOSING,38,63.3,70.0,53.3,38,LEADER,81.7,82.5,95.6,78.2,-17.4,13.1,NONE
XBI,81,0.5681,PVLA,"Palvella Therapeutics, Inc.",Medical - Development Biotech,Health Technology,LOSING,38,63.3,70.0,53.3,35,LEADER,82.8,84.2,92.5,76.2,-16.2,8.3,NONE
XBI,82,0.541367,BHVN,Biohaven Ltd.,Medical - Development Biotech,Health Technology,LOSING,38,63.3,70.0,53.3,50,LEADER,77.8,87.1,91.7,81.2,-10.5,4.6,NONE
XBI,83,0.527553,CDNA,"CareDx, Inc.",Medical-Services,Health Services,EMERGING,12,67.7,76.6,54.5,1,LEADER,96.0,98.1,99.5,83.4,-16.2,1.4,NONE
XBI,84,0.52267,KOD,"Kodiak Sciences, Inc.",Medical - Development Biotech,Health Technology,LOSING,38,63.3,70.0,53.3,141,FOLLOWER,50.6,88.8,44.9,11.4,-33.5,-43.9,NONE
XBI,85,0.496353,VIR,"Vir Biotechnology, Inc.",Medical - Development Biotech,Health Technology,LOSING,38,63.3,70.0,53.3,19,LEADER,86.2,90.3,83.1,92.5,9.4,-7.2,NONE
XBI,86,0.478154,CGEM,"Cullinan Therapeutics, Inc.",Medical - Development Biotech,Health Technology,LOSING,38,63.3,70.0,53.3,11,LEADER,89.5,93.2,92.7,95.2,2.5,-0.5,NONE
XBI,87,0.46848,XNCR,"Xencor, Inc.",Medical-Biomed/Biotech,Health Technology,LOSING,67,57.4,61.5,51.2,1,LEADER,86.9,85.6,99.7,95.6,-4.0,14.0,NONE
XBI,88,0.461138,STOK,"Stoke Therapeutics, Inc.",Medical - Revenue Biotech,Health Technology,LOSING,43,59.9,68.6,46.8,33,FOLLOWER,43.9,33.6,48.4,72.4,24.0,14.8,NONE
XBI,89,0.458681,INBX,"Inhibrx Biosciences, Inc.",Medical - Development Biotech,Health Technology,LOSING,38,63.3,70.0,53.3,45,PIONEER,79.9,83.5,88.9,98.6,9.7,5.4,NONE
XBI,90,0.456358,PGEN,Precigen Inc,Medical - Development Biotech,Health Technology,LOSING,38,63.3,70.0,53.3,32,LEADER,83.9,92.8,98.0,77.4,-20.6,5.3,NONE
XBI,91,0.4532,VCEL,Vericel Corporation,Medical - Profitable Biotech,Health Technology,LOSING,44,62.1,68.5,52.4,31,FOLLOWER,41.2,32.1,83.4,7.8,-75.6,51.2,NONE
XBI,92,0.417426,ABSI,Absci Corporation,Medical - Pharmaceuticals,Health Technology,LOSING,29,63.8,74.1,48.3,3,FOLLOWER,83.9,98.4,93.3,85.3,-8.1,-5.0,NONE
XBI,93,0.410206,ANAB,"AnaptysBio, Inc.",Medical - Revenue Biotech,Health Technology,LOSING,43,59.9,68.6,46.8,14,FOLLOWER,67.0,95.0,58.9,70.0,11.1,-36.1,NONE
XBI,94,0.400638,ORIC,"Oric Pharmaceuticals, Inc.",Medical - Development Biotech,Health Technology,LOSING,38,63.3,70.0,53.3,85,FOLLOWER,68.5,47.8,94.8,86.5,-8.4,47.1,NONE
XBI,95,0.394534,REPL,"Replimune Group, Inc.",Medical - Development Biotech,Health Technology,LOSING,38,63.3,70.0,53.3,16,LEADER,86.7,83.8,98.2,96.0,-2.2,14.4,NONE
XBI,96,0.391057,ZBIO,"Zenas BioPharma, Inc.",Medical-Biomed/Biotech,Health Technology,LOSING,67,57.4,61.5,51.2,9,FOLLOWER,48.6,13.7,98.7,58.9,-39.8,85.0,NONE
XBI,97,0.384705,CRVS,"Corvus Pharmaceuticals, Inc.",Medical - Development Biotech,Health Technology,LOSING,38,63.3,70.0,53.3,83,FOLLOWER,68.9,84.9,76.6,67.5,-9.1,-8.3,NONE
XBI,98,0.368645,VOR,"Vor Biopharma, Inc.",Medical - Development Biotech,Health Technology,LOSING,38,63.3,70.0,53.3,47,LEADER,79.5,98.2,96.5,68.5,-28.0,-1.7,NONE
XBI,99,0.368407,AVTX,Avalo Therapeutics Inc,Medical - Development Biotech,Health Technology,LOSING,38,63.3,70.0,53.3,114,FOLLOWER,57.9,41.0,84.5,67.8,-16.7,43.5,NONE
XBI,100,0.360899,TRAX,First Tracks Biotherapeutics Inc,Medical - Development Biotech,Health Technology,LOSING,38,63.3,70.0,53.3,109,FOLLOWER,60.0,,99.7,23.3,-76.4,,NONE
XBI,101,0.360816,KURA,"Kura Oncology, Inc.",Medical - Development Biotech,Health Technology,LOSING,38,63.3,70.0,53.3,78,FOLLOWER,70.7,42.5,93.8,96.8,3.0,51.4,NONE
XBI,102,0.322231,JANX,"Janux Therapeutics, Inc.",Medical - Development Biotech,Health Technology,LOSING,38,63.3,70.0,53.3,144,FOLLOWER,48.7,3.3,88.0,88.7,0.7,84.7,NONE
XBI,103,0.321853,TYRA,"Tyra Bioscience, Inc",Medical - Development Biotech,Health Technology,LOSING,38,63.3,70.0,53.3,209,FOLLOWER,24.6,52.5,13.7,2.8,-10.9,-38.9,NONE
XBI,104,0.311804,MNKD,MannKind Corporation,Medical - Profitable Biotech,Health Technology,LOSING,44,62.1,68.5,52.4,32,FOLLOWER,39.3,10.9,71.7,58.1,-13.6,60.8,NONE
XBI,105,0.305296,GERN,Geron Corporation,Medical - Revenue Biotech,Health Technology,LOSING,43,59.9,68.6,46.8,15,FOLLOWER,67.0,64.7,85.0,84.4,-0.5,20.3,NONE
XBI,106,0.297612,TSHA,"Taysha Gene Therapies, Inc.",Medical - Development Biotech,Health Technology,LOSING,38,63.3,70.0,53.3,183,FOLLOWER,37.0,56.9,30.0,31.4,1.3,-26.8,NONE
XBI,107,0.296204,JBIO,"Jade Biosciences, Inc.",Medical - Development Biotech,Health Technology,LOSING,38,63.3,70.0,53.3,76,FOLLOWER,70.9,90.3,74.3,72.7,-1.7,-15.9,NONE
XBI,108,0.287117,ANNX,"Annexon, Inc.",Medical - Development Biotech,Health Technology,LOSING,38,63.3,70.0,53.3,190,FOLLOWER,33.2,53.7,20.3,30.8,10.4,-33.4,NONE
XBI,109,0.280088,RIGL,"Rigel Pharmaceuticals, Inc.",Medical - Profitable Biotech,Health Technology,LOSING,44,62.1,68.5,52.4,23,FOLLOWER,62.1,22.5,96.5,92.2,-4.3,74.0,NONE
XBI,110,0.271823,IMMX,"Immix Biopharma, Inc.",Medical - Development Biotech,Health Technology,LOSING,38,63.3,70.0,53.3,4,LEADER,91.9,98.8,96.2,99.3,3.1,-2.7,NONE
XBI,111,0.262098,GLUE,"Monte Rosa Therapeutics, Inc.",Medical - Revenue Biotech,Health Technology,LOSING,43,59.9,68.6,46.8,51,FOLLOWER,12.2,19.0,7.5,5.6,-1.8,-11.6,NONE
XBI,112,0.261874,ARDX,"Ardelyx, Inc.",Medical - Revenue Biotech,Health Technology,LOSING,43,59.9,68.6,46.8,53,FOLLOWER,6.3,6.3,5.7,2.3,-3.4,-0.6,NONE
XBI,113,0.258577,OLMA,"Olema Pharmaceuticals, Inc.",Medical - Development Biotech,Health Technology,LOSING,38,63.3,70.0,53.3,229,FOLLOWER,9.7,1.2,13.5,13.6,0.1,12.3,NONE
XBI,114,0.257763,SANA,"Sana Biotechnology, Inc.",Medical - Development Biotech,Health Technology,LOSING,38,63.3,70.0,53.3,118,FOLLOWER,56.0,29.0,82.5,91.2,8.7,53.5,NONE
XBI,115,0.245236,AVBP,"ArriVent BioPharma, Inc.",Medical - Development Biotech,Health Technology,LOSING,38,63.3,70.0,53.3,142,FOLLOWER,49.1,69.8,34.8,50.9,16.1,-35.0,NONE
XBI,116,0.24514,CADL,"Candel Therapeutics, Inc.",Medical - Development Biotech,Health Technology,LOSING,38,63.3,70.0,53.3,10,LEADER,90.6,98.2,96.3,94.2,-2.2,-1.9,NONE
XBI,117,0.238096,BCAX,Bicara Therapeutics Inc.,Medical - Development Biotech,Health Technology,LOSING,38,63.3,70.0,53.3,161,FOLLOWER,44.9,61.4,68.7,6.5,-62.2,7.3,NONE
XBI,118,0.236915,CTMX,"CytomX Therapeutics, Inc.",Medical - Development Biotech,Health Technology,LOSING,38,63.3,70.0,53.3,193,FOLLOWER,32.5,13.6,33.8,73.3,39.5,20.2,NONE
XBI,119,0.233804,SLDB,Solid Biosciences Inc.,Medical - Development Biotech,Health Technology,LOSING,38,63.3,70.0,53.3,42,LEADER,81.0,91.6,91.6,87.8,-3.7,-0.0,NONE
XBI,120,0.233356,ALT,"Altimmune, Inc.",Medical - Development Biotech,Health Technology,LOSING,38,63.3,70.0,53.3,187,FOLLOWER,34.4,5.5,50.5,75.9,25.4,45.0,NONE
XBI,121,0.227315,ALLO,"Allogene Therapeutics, Inc.",Medical - Development Biotech,Health Technology,LOSING,38,63.3,70.0,53.3,137,FOLLOWER,51.1,77.9,26.3,68.7,42.5,-51.6,NONE
XBI,122,0.226759,VSTM,"Verastem, Inc.",Medical - Development Biotech,Health Technology,LOSING,38,63.3,70.0,53.3,126,FOLLOWER,53.4,7.8,98.4,91.8,-6.6,90.6,NONE
XBI,123,0.218701,FDMT,"4D Molecular Therapeutics, Inc.",Medical - Development Biotech,Health Technology,LOSING,38,63.3,70.0,53.3,56,LEADER,76.7,67.8,94.9,96.4,1.5,27.1,NONE
XBI,124,0.210504,IRWD,"Ironwood Pharmaceuticals, Inc. Class A",Medical - Revenue Biotech,Health Technology,LOSING,43,59.9,68.6,46.8,25,FOLLOWER,53.9,47.9,84.6,48.4,-36.2,36.7,NONE
XBI,125,0.193024,CAPR,"Capricor Therapeutics, Inc.",Medical - Development Biotech,Health Technology,LOSING,38,63.3,70.0,53.3,122,FOLLOWER,54.2,93.5,0.4,99.9,99.5,-93.2,NONE
XBI,126,0.192124,DMRA,"Damora Therapeutics, Inc.",Medical - Development Biotech,Health Technology,LOSING,38,63.3,70.0,53.3,106,FOLLOWER,61.3,87.4,71.3,31.8,-39.5,-16.1,NONE
XBI,127,0.175358,RGNX,"REGENXBIO, Inc.",Medical - Revenue Biotech,Health Technology,LOSING,43,59.9,68.6,46.8,34,FOLLOWER,41.2,9.6,91.5,35.8,-55.7,81.9,NONE
XBI,128,0.174847,PRME,"Prime Medicine, Inc.",Medical - Development Biotech,Health Technology,LOSING,38,63.3,70.0,53.3,150,FOLLOWER,47.6,29.4,55.1,90.8,35.7,25.7,NONE
XBI,129,0.1727,ABUS,Arbutus Biopharma Corporation,Medical - Development Biotech,Health Technology,LOSING,38,63.3,70.0,53.3,90,FOLLOWER,67.0,54.7,71.3,86.1,14.8,16.6,NONE
XBI,130,0.171094,OCGN,Ocugen Inc,Medical - Development Biotech,Health Technology,LOSING,38,63.3,70.0,53.3,159,FOLLOWER,45.6,51.5,33.2,72.6,39.4,-18.3,NONE
XBI,131,0.1558,SVRA,"Savara, Inc.",Medical - Development Biotech,Health Technology,LOSING,38,63.3,70.0,53.3,177,FOLLOWER,38.8,34.4,53.2,38.8,-14.4,18.9,NONE
XBI,132,0.152131,CMPX,"Compass Therapeutics, Inc.",Medical - Development Biotech,Health Technology,LOSING,38,63.3,70.0,53.3,174,FOLLOWER,40.5,1.7,59.7,92.0,32.4,57.9,NONE
XBI,133,0.151978,CABA,"Cabaletta Bio, Inc.",Medical - Development Biotech,Health Technology,LOSING,38,63.3,70.0,53.3,146,FOLLOWER,48.5,70.7,15.6,85.0,69.4,-55.1,NONE
XBI,134,0.127683,OVID,Ovid Therapeutics Inc.,Medical - Development Biotech,Health Technology,LOSING,38,63.3,70.0,53.3,81,FOLLOWER,69.5,87.8,52.4,88.8,36.4,-35.4,NONE
XBI,135,0.125658,PRTA,Prothena Corp. Plc,Medical - Development Biotech,Health Technology,LOSING,38,63.3,70.0,53.3,182,FOLLOWER,37.3,21.4,34.0,83.9,49.8,12.6,NONE
XBI,136,0.12484,SPRY,"ARS Pharmaceuticals, Inc.",Medical - Development Biotech,Health Technology,LOSING,38,63.3,70.0,53.3,211,FOLLOWER,24.2,6.1,4.9,86.0,81.2,-1.2,NONE
XBI,137,0.123311,MDXG,"MiMedx Group, Inc.",Medical-Products,Health Technology,LOSING,52,61.4,65.7,55.0,51,FOLLOWER,47.4,7.2,88.3,76.6,-11.7,81.1,NONE
XBI,138,0.116327,CATX,"Perspective Therapeutics, Inc.",Medical - Pharmaceuticals,Health Technology,LOSING,29,63.8,74.1,48.3,22,FOLLOWER,49.4,78.3,17.3,73.6,56.2,-61.0,NONE
XBI,139,0.112351,VNDA,Vanda Pharmaceuticals Inc.,Medical - Revenue Biotech,Health Technology,LOSING,43,59.9,68.6,46.8,42,FOLLOWER,33.3,36.5,15.7,67.5,51.8,-20.8,NONE
XBI,140,0.109427,LXEO,"Lexeo Therapeutics, Inc.",Medical - Development Biotech,Health Technology,LOSING,38,63.3,70.0,53.3,196,FOLLOWER,31.1,2.8,36.7,84.0,47.3,33.9,NONE
XBI,141,0.101322,ACHV,"Achieve Life Sciences, Inc.",Medical - Development Biotech,Health Technology,LOSING,38,63.3,70.0,53.3,21,LEADER,86.0,87.9,95.8,91.3,-4.5,7.9,NONE
XBI,142,0.096113,SGMT,Sagimet Biosciences Inc. Class A,Medical - Development Biotech,Health Technology,LOSING,38,63.3,70.0,53.3,34,LEADER,83.6,80.3,94.4,97.8,3.4,14.1,NONE
XBI,143,0.093454,EBS,Emergent BioSolutions Inc.,Medical - Profitable Biotech,Health Technology,LOSING,44,62.1,68.5,52.4,41,FOLLOWER,6.8,4.0,7.7,5.8,-1.8,3.7,NONE
XBI,144,0.088309,MYGN,"Myriad Genetics, Inc.",Medical - Research,Health Technology,EMERGING,10,71.4,78.0,61.5,22,FOLLOWER,21.9,1.4,8.8,80.3,71.5,7.4,NONE
XBI,145,0.065867,BBOT,"BridgeBio Oncology Therapeutics, Inc.",Medical - Development Biotech,Health Technology,LOSING,38,63.3,70.0,53.3,180,FOLLOWER,37.8,9.8,49.3,74.1,24.7,39.5,NONE
XBI,146,0.058207,MPLT,"MapLight Therapeutics, Inc.",Medical - Development Biotech,Health Technology,LOSING,38,63.3,70.0,53.3,216,FOLLOWER,22.5,33.4,0.9,42.8,41.9,-32.5,NONE
XBI,147,0.035231,SION,"Sionna Therapeutics, Inc.",Medical - Development Biotech,Health Technology,LOSING,38,63.3,70.0,53.3,234,FOLLOWER,1.2,0.1,0.1,0.0,-0.0,-0.1,NONE
GNOM,1,7.5,MRNA,"Moderna, Inc.",Medical - Revenue Biotech,Health Technology,LOSING,43,59.9,68.6,46.8,4,LEADER,86.5,99.7,99.8,99.8,-0.0,0.1,NONE
GNOM,2,6.34,TWST,Twist Bioscience Corp.,Medical - Revenue Biotech,Health Technology,LOSING,43,59.9,68.6,46.8,1,LEADER,91.6,99.5,99.3,98.5,-0.8,-0.2,NONE
GNOM,3,5.48,TXG,10x Genomics Inc Class A,Medical-Products,Health Technology,LOSING,52,61.4,65.7,55.0,1,LEADER,92.1,98.9,99.4,94.6,-4.9,0.5,NONE
GNOM,4,5.28,GH,"Guardant Health, Inc.",Medical-Services,Health Services,EMERGING,12,67.7,76.6,54.5,12,FOLLOWER,68.1,81.5,84.9,36.4,-48.5,3.4,NONE
GNOM,5,4.87,ILMN,"Illumina, Inc.",Medical - Research,Health Technology,EMERGING,10,71.4,78.0,61.5,6,LEADER,76.8,88.2,90.2,62.8,-27.4,2.0,NONE
GNOM,6,4.61,NTRA,"Natera, Inc.",Medical-Services,Health Services,EMERGING,12,67.7,76.6,54.5,6,LEADER,81.6,74.0,95.3,88.8,-6.5,21.4,NONE
GNOM,8,3.7,VRTX,Vertex Pharmaceuticals Incorporated,Medical - Profitable Biotech,Health Technology,LOSING,44,62.1,68.5,52.4,7,LEADER,77.0,65.5,86.1,82.7,-3.4,20.6,NONE
GNOM,9,3.67,TECH,Bio-Techne Corporation,Medical - Research,Health Technology,EMERGING,10,71.4,78.0,61.5,10,FOLLOWER,67.7,51.0,94.3,48.1,-46.2,43.2,BREAKOUT_WATCH
GNOM,10,3.58,BMRN,BioMarin Pharmaceutical Inc.,Medical - Revenue Biotech,Health Technology,LOSING,43,59.9,68.6,46.8,10,FOLLOWER,73.4,57.2,79.8,73.8,-6.0,22.6,NONE
GNOM,11,3.31,ARWR,"Arrowhead Pharmaceuticals, Inc.",Medical - Revenue Biotech,Health Technology,LOSING,43,59.9,68.6,46.8,21,FOLLOWER,59.3,79.1,63.5,32.5,-31.1,-15.6,NONE
GNOM,12,3.22,QGEN,QIAGEN NV,Medical-Products,Health Technology,LOSING,52,61.4,65.7,55.0,48,FOLLOWER,48.7,22.7,82.6,63.9,-18.7,59.9,NONE
GNOM,13,3.09,PRAX,"Praxis Precision Medicines, Inc.",Medical - Development Biotech,Health Technology,LOSING,38,63.3,70.0,53.3,72,FOLLOWER,71.6,92.9,52.9,82.3,29.4,-39.9,NONE
GNOM,14,3.0,CRSP,CRISPR Therapeutics AG,Medical - Development Biotech,Health Technology,LOSING,38,63.3,70.0,53.3,132,FOLLOWER,52.0,44.0,54.1,87.8,33.6,10.1,NONE
GNOM,15,2.78,BNTX,BioNTech SE Sponsored ADR,Medical - Revenue Biotech,Health Technology,LOSING,43,59.9,68.6,46.8,29,FOLLOWER,50.1,32.2,65.8,79.7,13.8,33.6,NONE
GNOM,16,2.61,VCYT,"Veracyte, Inc.",Medical-Services,Health Services,EMERGING,12,67.7,76.6,54.5,33,FOLLOWER,20.8,22.4,21.9,18.4,-3.4,-0.6,NONE
GNOM,17,2.38,CAI,"Caris Life Sciences, Inc.",Medical-Research Eqp/Svc,Health Technology,LOSING,153,37.2,35.8,39.4,1,FOLLOWER,64.4,35.7,96.6,99.1,2.5,60.9,NONE
GNOM,18,2.38,LEGN,Legend Biotech Corp. Sponsored ADR,Medical - Revenue Biotech,Health Technology,LOSING,43,59.9,68.6,46.8,47,FOLLOWER,27.1,11.4,13.0,79.5,66.5,1.6,NONE
GNOM,19,2.12,BEAM,"Beam Therapeutics, Inc.",Medical - Development Biotech,Health Technology,LOSING,38,63.3,70.0,53.3,149,FOLLOWER,47.8,57.3,28.6,84.1,55.5,-28.7,NONE
GNOM,20,2.09,QURE,uniQure N.V.,Medical - Development Biotech,Health Technology,LOSING,38,63.3,70.0,53.3,43,LEADER,80.7,91.2,98.5,78.9,-19.6,7.3,NONE
GNOM,21,1.85,LLY,Eli Lilly and Company,Medical - Pharmaceuticals,Health Technology,LOSING,29,63.8,74.1,48.3,21,FOLLOWER,49.9,42.1,58.2,51.2,-7.0,16.1,NONE
GNOM,22,1.82,RARE,"Ultragenyx Pharmaceutical, Inc.",Medical - Revenue Biotech,Health Technology,LOSING,43,59.9,68.6,46.8,40,FOLLOWER,36.6,11.0,64.9,52.9,-12.1,54.0,NONE
GNOM,23,1.78,CDNA,"CareDx, Inc.",Medical-Services,Health Services,EMERGING,12,67.7,76.6,54.5,1,LEADER,96.0,98.1,99.5,83.4,-16.2,1.4,NONE
GNOM,24,1.69,WGS,GeneDx Holdings Corp. Class A,Medical-Services,Health Services,EMERGING,12,67.7,76.6,54.5,22,FOLLOWER,51.9,3.0,97.7,94.1,-3.7,94.7,NONE
GNOM,25,1.64,GILD,"Gilead Sciences, Inc.",Medical - Profitable Biotech,Health Technology,LOSING,44,62.1,68.5,52.4,19,FOLLOWER,66.5,56.7,69.1,80.0,10.9,12.5,NONE
GNOM,26,1.63,SRPT,"Sarepta Therapeutics, Inc.",Medical - Revenue Biotech,Health Technology,LOSING,43,59.9,68.6,46.8,19,PIONEER,60.1,34.1,81.0,97.1,16.0,47.0,NONE
GNOM,27,1.39,BLLN,"BillionToOne, Inc. Class A",Medical - Research,Health Technology,EMERGING,10,71.4,78.0,61.5,23,FOLLOWER,16.2,9.2,37.7,0.7,-37.0,28.5,NONE
GNOM,29,1.13,STOK,"Stoke Therapeutics, Inc.",Medical - Revenue Biotech,Health Technology,LOSING,43,59.9,68.6,46.8,33,FOLLOWER,43.9,33.6,48.4,72.4,24.0,14.8,NONE
GNOM,30,1.11,NTLA,"Intellia Therapeutics, Inc.",Medical - Development Biotech,Health Technology,LOSING,38,63.3,70.0,53.3,117,FOLLOWER,56.4,82.3,25.8,88.2,62.5,-56.5,NONE
GNOM,31,1.05,DHR,Danaher Corporation,Medical - Research,Health Technology,EMERGING,10,71.4,78.0,61.5,16,FOLLOWER,55.8,26.5,80.3,75.9,-4.4,53.8,NONE
GNOM,32,1.04,BMY,Bristol-Myers Squibb Company,Medical - Pharmaceuticals,Health Technology,LOSING,29,63.8,74.1,48.3,7,LEADER,79.3,77.5,84.7,57.2,-27.5,7.2,NONE
GNOM,33,0.98,VIR,"Vir Biotechnology, Inc.",Medical - Development Biotech,Health Technology,LOSING,38,63.3,70.0,53.3,19,LEADER,86.2,90.3,83.1,92.5,9.4,-7.2,NONE
GNOM,34,0.89,PSNL,"Personalis, Inc.",Medical-Services,Health Services,EMERGING,12,67.7,76.6,54.5,4,LEADER,84.1,85.5,95.7,94.6,-1.1,10.2,NONE
GNOM,35,0.62,MRVI,"Maravai Lifesciences Holdings, Inc. Class A",Medical - Revenue Biotech,Health Technology,LOSING,43,59.9,68.6,46.8,7,LEADER,83.1,95.7,97.4,85.3,-12.1,1.7,NONE
GNOM,36,0.59,WVE,Wave Life Sciences Inc,Medical-Biomed/Biotech,Health Technology,LOSING,67,57.4,61.5,51.2,13,FOLLOWER,10.3,6.5,10.7,10.0,-0.7,4.2,NONE
GNOM,37,0.34,RGNX,"REGENXBIO, Inc.",Medical - Revenue Biotech,Health Technology,LOSING,43,59.9,68.6,46.8,34,FOLLOWER,41.2,9.6,91.5,35.8,-55.7,81.9,NONE
GNOM,38,0.33,A,"Agilent Technologies, Inc.",Medical - Research,Health Technology,EMERGING,10,71.4,78.0,61.5,13,FOLLOWER,60.7,33.8,70.7,78.1,7.4,36.9,NONE
GNOM,39,0.33,BRKR,Bruker Corporation,Medical-Systems,Health Technology,EMERGING,7,67.4,80.0,48.6,19,FOLLOWER,43.9,58.3,37.5,16.1,-21.4,-20.8,NONE
GNOM,40,0.31,BNTC,Benitec Biopharma Inc,Medical - Development Biotech,Health Technology,LOSING,38,63.3,70.0,53.3,162,FOLLOWER,43.8,25.8,69.3,62.2,-7.1,43.5,NONE
GNOM,41,0.3,RCKT,"Rocket Pharmaceuticals, Inc.",Medical - Development Biotech,Health Technology,LOSING,38,63.3,70.0,53.3,95,FOLLOWER,64.2,51.8,85.0,88.4,3.4,33.2,NONE
GNOM,42,0.3,FLGT,"Fulgent Genetics, Inc.",Medical - Research,Health Technology,EMERGING,10,71.4,78.0,61.5,21,FOLLOWER,41.6,6.6,58.3,86.1,27.7,51.8,NONE
GNOM,43,0.28,PACB,"Pacific Biosciences of California, Inc.",Medical-Systems,Health Technology,EMERGING,7,67.4,80.0,48.6,27,FOLLOWER,15.2,4.2,17.0,31.5,14.5,12.8,NONE
GNOM,44,0.28,MLAB,"Mesa Laboratories, Inc.",Medical-Systems,Health Technology,EMERGING,7,67.4,80.0,48.6,3,PIONEER,85.7,86.5,83.5,92.7,9.2,-3.0,BREAKOUT_WATCH
GNOM,45,0.26,PRME,"Prime Medicine, Inc.",Medical - Development Biotech,Health Technology,LOSING,38,63.3,70.0,53.3,150,FOLLOWER,47.6,29.4,55.1,90.8,35.7,25.7,NONE
GNOM,46,0.26,DGX,Quest Diagnostics Incorporated,Medical-Services,Health Services,EMERGING,12,67.7,76.6,54.5,9,FOLLOWER,75.9,67.7,87.3,60.1,-27.2,19.6,NONE
GNOM,47,0.23,EDIT,"Editas Medicine, Inc.",Medical - Development Biotech,Health Technology,LOSING,38,63.3,70.0,53.3,140,FOLLOWER,50.6,67.0,24.4,87.7,63.3,-42.6,NONE
GNOM,48,0.22,MYGN,"Myriad Genetics, Inc.",Medical - Research,Health Technology,EMERGING,10,71.4,78.0,61.5,22,FOLLOWER,21.9,1.4,8.8,80.3,71.5,7.4,NONE
KBE,1,1.184571,JXN,Jackson Financial Incorporation Class A,Insurance,Finance,EMERGING,13,64.7,76.3,47.2,3,LEADER,79.9,77.2,89.5,74.7,-14.7,12.2,NONE
KBE,2,1.139089,NMIH,"NMI Holdings, Inc.",Finance-Mrtg&Rel Svc,Finance,LOSING,115,41.0,45.7,33.8,2,FOLLOWER,66.1,56.1,86.9,45.2,-41.7,30.7,NONE
KBE,3,1.134504,MTG,MGIC Investment Corporation,Insurance,Finance,EMERGING,13,64.7,76.3,47.2,25,FOLLOWER,65.6,47.7,84.7,58.4,-26.4,37.1,NONE
KBE,4,1.129687,CRBG,"Corebridge Financial, Inc.",Insurance,Finance,EMERGING,13,64.7,76.3,47.2,28,FOLLOWER,64.4,49.7,85.3,63.1,-22.2,35.6,NONE
KBE,5,1.127822,EQH,"Equitable Holdings, Inc.",Finance-Investment Mgmt,Finance,LOSING,28,64.7,74.1,50.5,10,FOLLOWER,72.2,46.8,86.4,67.4,-19.0,39.6,NONE
KBE,6,1.125776,TBBK,Bancorp Inc,Banks-Regional,Finance,LOSING,108,46.2,49.1,41.8,191,FOLLOWER,44.8,35.2,80.8,30.5,-50.2,45.6,NONE
KBE,7,1.116531,NIC,"Nicolet Bankshares, Inc.",Banks-Regional,Finance,LOSING,108,46.2,49.1,41.8,24,FOLLOWER,68.7,73.1,85.6,40.2,-45.4,12.5,NONE
KBE,8,1.09752,ESNT,Essent Group Ltd.,Finance-Mrtg&Rel Svc,Finance,LOSING,115,41.0,45.7,33.8,4,FOLLOWER,63.9,46.6,81.5,59.3,-22.2,34.9,NONE
KBE,9,1.094853,BNY,Bank of New York Mellon Corp,Investment Banks/Brokers,Finance,LOSING,125,44.1,42.8,46.2,1,FOLLOWER,75.4,81.1,71.6,60.2,-11.4,-9.5,NONE
KBE,10,1.08922,JPM,JPMorgan Chase & Co.,Banks-Money Center,Finance,LOSING,58,58.5,65.1,48.7,7,FOLLOWER,71.2,57.1,82.5,52.8,-29.7,25.4,NONE
KBE,11,1.083223,VOYA,"Voya Financial, Inc.",Insurance,Finance,EMERGING,13,64.7,76.3,47.2,8,LEADER,77.4,80.8,86.8,57.7,-29.1,6.0,NONE
KBE,12,1.075893,BAC,Bank of America Corp,Banks-Money Center,Finance,LOSING,58,58.5,65.1,48.7,10,FOLLOWER,66.6,58.4,82.7,44.1,-38.6,24.3,NONE
KBE,13,1.065169,FBP,First Bancorp,Banks-Regional,Finance,LOSING,108,46.2,49.1,41.8,31,FOLLOWER,67.3,79.0,79.4,31.2,-48.2,0.4,NONE
KBE,14,1.063975,WSBC,"WesBanco, Inc.",Banks-Southeast,Finance,LOSING,156,38.7,35.5,43.5,1,FOLLOWER,61.9,67.1,80.9,29.3,-51.6,13.9,NONE
KBE,15,1.05866,NTRS,Northern Trust Corporation,Banks-Super Regional,Finance,LOSING,143,37.2,38.2,35.8,1,FOLLOWER,73.4,79.6,65.8,55.5,-10.4,-13.7,NONE
KBE,16,1.057688,PRK,Park National Corporation,Banks-Regional,Finance,LOSING,108,46.2,49.1,41.8,109,FOLLOWER,58.3,67.9,75.9,21.2,-54.7,8.0,NONE
KBE,17,1.047991,SBCF,Seacoast Banking Corporation of Florida,Banks-Regional,Finance,LOSING,108,46.2,49.1,41.8,139,FOLLOWER,54.5,46.9,74.4,34.7,-39.7,27.5,NONE
KBE,18,1.046862,CFR,"Cullen/Frost Bankers, Inc.",Banks-Regional,Finance,LOSING,108,46.2,49.1,41.8,34,FOLLOWER,66.9,72.2,83.8,32.5,-51.3,11.6,NONE
KBE,19,1.045182,AX,"Axos Financial, Inc.",Banks-Savings & Loan,Finance,LOSING,134,41.6,40.4,43.4,7,FOLLOWER,55.2,57.6,68.6,24.8,-43.8,11.0,NONE
KBE,20,1.035383,USB,U.S. Bancorp,Banks-Super Regional,Finance,LOSING,143,37.2,38.2,35.8,3,FOLLOWER,64.7,68.8,76.0,34.5,-41.5,7.2,NONE
KBE,21,1.033932,RKT,"Rocket Companies, Inc. Class A",Finance-Mrtg&Rel Svc,Finance,LOSING,115,41.0,45.7,33.8,10,FOLLOWER,34.3,7.9,28.7,62.3,33.6,20.8,NONE
KBE,22,1.032257,SSB,SouthState Bank Corporation,Banks-Regional,Finance,LOSING,108,46.2,49.1,41.8,82,FOLLOWER,60.6,58.6,72.7,48.1,-24.5,14.1,NONE
KBE,23,1.031668,UMBF,UMB Financial Corporation,Banks-Regional,Finance,LOSING,108,46.2,49.1,41.8,110,FOLLOWER,58.2,67.2,66.1,31.7,-34.4,-1.1,NONE
KBE,24,1.025795,EBC,"Eastern Bankshares, Inc.",Banks-Regional,Finance,LOSING,108,46.2,49.1,41.8,122,FOLLOWER,56.1,57.4,71.9,25.5,-46.4,14.5,NONE
KBE,25,1.023597,BPOP,"Popular, Inc.",Banks-Regional,Finance,LOSING,108,46.2,49.1,41.8,54,FOLLOWER,65.3,82.2,72.2,27.0,-45.2,-10.0,NONE
KBE,26,1.02228,PNFP,"Pinnacle Financial Partners, Inc.",Banks-Regional,Finance,LOSING,108,46.2,49.1,41.8,186,FOLLOWER,46.1,48.3,53.9,24.8,-29.1,5.6,NONE
KBE,27,1.017246,ASB,Associated Banc-Corp,Banks-Regional,Finance,LOSING,108,46.2,49.1,41.8,84,FOLLOWER,60.0,59.1,69.4,40.6,-28.8,10.3,NONE
KBE,28,1.015129,SFBS,ServisFirst Bancshares Inc,Banks-Regional,Finance,LOSING,108,46.2,49.1,41.8,117,FOLLOWER,57.2,62.2,69.6,27.7,-41.9,7.4,NONE
KBE,29,1.010429,CFG,"Citizens Financial Group, Inc.",Banks-Super Regional,Finance,LOSING,143,37.2,38.2,35.8,4,FOLLOWER,60.9,69.6,72.6,27.5,-45.1,3.0,NONE
KBE,30,1.010123,HOMB,"Home BancShares, Inc.",Banks-Regional,Finance,LOSING,108,46.2,49.1,41.8,166,FOLLOWER,51.0,44.1,69.5,25.2,-44.4,25.5,NONE
KBE,31,1.009267,FBK,FB Financial Corporation,Banks-Regional,Finance,LOSING,108,46.2,49.1,41.8,188,FOLLOWER,45.5,38.8,64.6,22.0,-42.6,25.8,NONE
KBE,32,1.006717,BUSE,First Busey Corporation,Banks-Regional,Finance,LOSING,108,46.2,49.1,41.8,74,FOLLOWER,61.3,69.8,68.5,33.6,-34.9,-1.3,NONE
KBE,33,1.005797,TOWN,TowneBank,Banks-Regional,Finance,LOSING,108,46.2,49.1,41.8,128,FOLLOWER,55.4,54.5,67.5,34.4,-33.2,13.0,NONE
KBE,34,1.001638,CBSH,"Commerce Bancshares, Inc.",Banks-Regional,Finance,LOSING,108,46.2,49.1,41.8,120,FOLLOWER,56.2,53.9,70.0,32.7,-37.3,16.1,NONE
KBE,35,1.001131,CVBF,CVB Financial Corp.,Banks-Regional,Finance,LOSING,108,46.2,49.1,41.8,104,FOLLOWER,58.4,54.0,66.9,40.4,-26.5,13.0,NONE
KBE,36,0.999228,RF,Regions Financial Corporation,Banks-Super Regional,Finance,LOSING,143,37.2,38.2,35.8,8,FOLLOWER,54.5,60.6,63.0,28.8,-34.2,2.4,NONE
KBE,37,0.998761,ONB,Old National Bancorp,Banks-Regional,Finance,LOSING,108,46.2,49.1,41.8,143,FOLLOWER,54.3,59.1,64.7,27.1,-37.5,5.5,NONE
KBE,38,0.99864,UBSI,"United Bankshares, Inc.",Banks-Regional,Finance,LOSING,108,46.2,49.1,41.8,86,FOLLOWER,60.0,68.1,67.3,32.1,-35.2,-0.9,NONE
KBE,39,0.99821,BANR,Banner Corporation,Banks-Regional,Finance,LOSING,108,46.2,49.1,41.8,114,FOLLOWER,57.7,51.2,69.1,47.2,-21.9,17.9,NONE
KBE,40,0.997803,HWC,Hancock Whitney Corporation,Banks-Regional,Finance,LOSING,108,46.2,49.1,41.8,111,FOLLOWER,58.2,64.7,67.1,29.5,-37.6,2.4,NONE
KBE,41,0.997743,MTB,M&T Bank Corporation,Banks-Super Regional,Finance,LOSING,143,37.2,38.2,35.8,6,FOLLOWER,56.8,65.2,65.4,23.2,-42.2,0.2,NONE
KBE,42,0.996161,BBT,Beacon Financial Corporation,Banks-Regional,Finance,LOSING,108,46.2,49.1,41.8,87,FOLLOWER,59.8,64.7,63.9,42.4,-21.5,-0.8,NONE
KBE,43,0.995798,WFC,Wells Fargo & Company,Banks-Money Center,Finance,LOSING,58,58.5,65.1,48.7,15,FOLLOWER,56.9,38.1,69.5,49.2,-20.3,31.3,NONE
KBE,44,0.99575,WSFS,WSFS Financial Corporation,Finance-Savings & Loan,Finance,LOSING,149,39.4,37.0,43.1,2,FOLLOWER,61.6,76.2,65.0,30.0,-35.1,-11.2,NONE
KBE,45,0.992019,NWBI,"Northwest Bancshares, Inc.",Banks-Regional,Finance,LOSING,108,46.2,49.1,41.8,60,FOLLOWER,64.6,71.9,65.9,37.2,-28.7,-6.0,NONE
KBE,46,0.987481,AUB,Atlantic Union Bankshares Corporation,Banks-Regional,Finance,LOSING,108,46.2,49.1,41.8,134,FOLLOWER,54.9,61.5,64.9,26.5,-38.4,3.3,NONE
KBE,47,0.98712,RDN,Radian Group Inc.,Finance-Mrtg&Rel Svc,Finance,LOSING,115,41.0,45.7,33.8,8,FOLLOWER,42.2,39.3,59.7,16.8,-42.9,20.4,NONE
KBE,48,0.983643,BOKF,BOK Financial Corporation,Banks-Regional,Finance,LOSING,108,46.2,49.1,41.8,135,FOLLOWER,54.8,61.2,63.4,29.5,-33.9,2.1,NONE
KBE,49,0.981155,FULT,Fulton Financial Corporation,Banks-Regional,Finance,LOSING,108,46.2,49.1,41.8,97,FOLLOWER,58.9,71.5,66.0,28.3,-37.7,-5.5,NONE
KBE,50,0.980364,PNC,"PNC Financial Services Group, Inc.",Banks-Super Regional,Finance,LOSING,143,37.2,38.2,35.8,5,FOLLOWER,57.8,67.2,68.0,26.6,-41.4,0.8,NONE
KBE,51,0.979477,FFBC,First Financial Bancorp.,Banks-Regional,Finance,LOSING,108,46.2,49.1,41.8,115,FOLLOWER,57.3,73.0,61.9,28.5,-33.4,-11.1,NONE
KBE,52,0.979252,CATY,Cathay General Bancorp,Banks-Regional,Finance,LOSING,108,46.2,49.1,41.8,93,FOLLOWER,59.3,67.4,62.5,33.2,-29.2,-4.9,NONE
KBE,53,0.977006,FCNCA,"First Citizens BancShares, Inc. Class A",Banks-Super Regional,Finance,LOSING,143,37.2,38.2,35.8,2,FOLLOWER,65.5,54.5,67.7,40.3,-27.4,13.2,NONE
KBE,54,0.975376,FITB,Fifth Third Bancorp,Banks-Super Regional,Finance,LOSING,143,37.2,38.2,35.8,7,FOLLOWER,55.6,66.5,67.4,23.8,-43.6,0.9,NONE
KBE,55,0.975113,UCB,"United Community Banks, Inc.",Banks-Regional,Finance,LOSING,108,46.2,49.1,41.8,149,FOLLOWER,53.8,54.8,61.6,36.9,-24.7,6.8,NONE
KBE,56,0.974691,CUBI,"Customers Bancorp, Inc.",Banks-Regional,Finance,LOSING,108,46.2,49.1,41.8,160,FOLLOWER,52.2,52.1,59.0,41.5,-17.5,6.8,NONE
KBE,57,0.973322,SFNC,Simmons First National Corporation Class A,Banks-Regional,Finance,LOSING,108,46.2,49.1,41.8,140,FOLLOWER,54.4,64.5,61.0,25.9,-35.1,-3.5,NONE
KBE,59,0.969576,APO,Apollo Global Management Inc,Finance-Investment Mgmt,Finance,LOSING,28,64.7,74.1,50.5,33,FOLLOWER,55.0,43.1,58.1,75.0,16.9,15.0,NONE
KBE,60,0.963441,TRMK,Trustmark Corporation,Banks-Regional,Finance,LOSING,108,46.2,49.1,41.8,146,FOLLOWER,54.1,59.2,56.3,29.8,-26.6,-2.9,NONE
KBE,61,0.962891,FIBK,"First Interstate BancSystem, Inc.",Banks-Regional,Finance,LOSING,108,46.2,49.1,41.8,159,FOLLOWER,52.4,56.3,58.9,35.7,-23.2,2.6,NONE
KBE,62,0.959188,FRME,First Merchants Corporation,Banks-Regional,Finance,LOSING,108,46.2,49.1,41.8,174,FOLLOWER,49.3,54.4,55.6,27.5,-28.1,1.2,NONE
KBE,63,0.957459,PFS,"Provident Financial Services, Inc.",Banks-Regional,Finance,LOSING,108,46.2,49.1,41.8,138,FOLLOWER,54.5,64.8,60.8,25.9,-34.9,-4.0,NONE
KBE,64,0.957336,PB,"Prosperity Bancshares, Inc.(R)",Banks-Regional,Finance,LOSING,108,46.2,49.1,41.8,178,FOLLOWER,48.2,43.9,58.2,25.3,-32.9,14.4,NONE
KBE,65,0.957173,FNB,F.N.B. Corporation,Banks-Regional,Finance,LOSING,108,46.2,49.1,41.8,175,FOLLOWER,49.3,50.5,57.4,28.6,-28.8,6.9,NONE
KBE,66,0.954259,TFC,Truist Financial Corporation,Banks-Super Regional,Finance,LOSING,143,37.2,38.2,35.8,9,FOLLOWER,50.2,48.5,57.8,29.0,-28.8,9.2,NONE
KBE,67,0.951497,EWBC,"East West Bancorp, Inc.",Banks-Regional,Finance,LOSING,108,46.2,49.1,41.8,137,FOLLOWER,54.6,61.0,55.4,33.0,-22.3,-5.6,NONE
KBE,68,0.950029,INDB,Independent Bank Corp.,Banks-Regional,Finance,LOSING,108,46.2,49.1,41.8,176,FOLLOWER,48.9,53.4,54.7,30.2,-24.5,1.3,NONE
KBE,69,0.949641,EFSC,Enterprise Financial Services Corp,Banks-Regional,Finance,LOSING,108,46.2,49.1,41.8,170,FOLLOWER,50.2,56.7,57.1,24.5,-32.6,0.4,NONE
KBE,70,0.946681,FFIN,First Financial Bankshares Inc,Banks-Regional,Finance,LOSING,108,46.2,49.1,41.8,196,FOLLOWER,43.2,46.0,51.8,21.8,-30.0,5.9,NONE
KBE,71,0.94605,HBAN,Huntington Bancshares Incorporated,Banks-Super Regional,Finance,LOSING,143,37.2,38.2,35.8,11,FOLLOWER,45.3,42.4,56.8,35.4,-21.4,14.4,NONE
KBE,72,0.938911,FHN,First Horizon Corporation,Banks-Regional,Finance,LOSING,108,46.2,49.1,41.8,187,FOLLOWER,46.0,50.1,51.2,22.6,-28.6,1.1,NONE
KBE,73,0.93858,KEY,KeyCorp,Banks-Super Regional,Finance,LOSING,143,37.2,38.2,35.8,10,FOLLOWER,49.7,60.8,52.7,25.6,-27.1,-8.0,NONE
KBE,74,0.93819,C,Citigroup Inc.,Banks-Money Center,Finance,LOSING,58,58.5,65.1,48.7,18,FOLLOWER,55.9,69.8,48.6,43.8,-4.8,-21.2,NONE
KBE,75,0.933815,COLB,"Columbia Banking System, Inc.",Banks-Regional,Finance,LOSING,108,46.2,49.1,41.8,192,FOLLOWER,43.9,47.7,50.7,26.7,-24.0,2.9,NONE
KBE,76,0.931357,WTFC,Wintrust Financial Corporation,Banks-Midwest,Finance,LOSING,170,27.9,24.1,33.7,2,FOLLOWER,43.7,51.6,48.9,21.9,-27.0,-2.7,NONE
KBE,77,0.931029,ABCB,Ameris Bancorp,Banks-Regional,Finance,LOSING,108,46.2,49.1,41.8,190,FOLLOWER,44.9,50.5,46.1,29.0,-17.0,-4.4,NONE
KBE,78,0.929725,WAFD,"WaFd, Inc.",Banks-Regional,Finance,LOSING,108,46.2,49.1,41.8,180,FOLLOWER,48.0,52.2,49.4,35.6,-13.8,-2.8,NONE
KBE,79,0.927008,TCBI,"Texas Capital Bancshares, Inc.",Banks-Regional,Finance,LOSING,108,46.2,49.1,41.8,199,FOLLOWER,41.3,45.3,37.0,37.0,-0.1,-8.3,NONE
KBE,80,0.925988,TFIN,"Triumph Financial, Inc.",Banks-Regional,Finance,LOSING,108,46.2,49.1,41.8,193,FOLLOWER,43.8,69.2,37.9,19.8,-18.1,-31.2,NONE
KBE,81,0.925618,VLY,Valley National Bancorp,Banks-Regional,Finance,LOSING,108,46.2,49.1,41.8,179,FOLLOWER,48.1,63.0,46.6,24.9,-21.7,-16.4,NONE
KBE,82,0.92227,RNST,Renasant Corporation,Banks-Regional,Finance,LOSING,108,46.2,49.1,41.8,182,FOLLOWER,47.7,56.9,51.4,20.0,-31.4,-5.5,NONE
KBE,83,0.92172,GBCI,"Glacier Bancorp, Inc.",Banks-Regional,Finance,LOSING,108,46.2,49.1,41.8,204,FOLLOWER,38.2,49.0,40.9,20.2,-20.7,-8.2,NONE
KBE,84,0.921129,BOH,Bank of Hawaii Corp,Banks-Regional,Finance,LOSING,108,46.2,49.1,41.8,185,FOLLOWER,46.4,58.4,49.3,26.6,-22.7,-9.1,NONE
KBE,85,0.916048,CBU,"Community Financial System, Inc.",Banks-Regional,Finance,LOSING,108,46.2,49.1,41.8,197,FOLLOWER,43.0,50.7,42.4,30.1,-12.3,-8.3,NONE
KBE,86,0.912681,BANF,BancFirst Corporation,Banks-Regional,Finance,LOSING,108,46.2,49.1,41.8,213,FOLLOWER,33.1,32.5,44.5,30.0,-14.6,12.1,NONE
KBE,87,0.911319,OZK,Bank OZK,Banks-Regional,Finance,LOSING,108,46.2,49.1,41.8,184,FOLLOWER,46.6,47.6,51.8,25.7,-26.1,4.2,NONE
KBE,88,0.907913,BKU,"BankUnited, Inc.",Banks-Regional,Finance,LOSING,108,46.2,49.1,41.8,194,FOLLOWER,43.7,44.8,39.6,34.6,-5.0,-5.1,NONE
KBE,89,0.906489,WAL,Western Alliance Bancorp,Banks-Regional,Finance,LOSING,108,46.2,49.1,41.8,211,FOLLOWER,34.6,31.0,39.5,33.8,-5.7,8.6,NONE
KBE,90,0.891264,BANC,"Banc of California, Inc.",Banks-Regional,Finance,LOSING,108,46.2,49.1,41.8,210,FOLLOWER,36.2,38.8,37.8,31.9,-5.9,-1.0,NONE
KBE,91,0.886818,IBOC,International Bancshares Corporation,Banks-Regional,Finance,LOSING,108,46.2,49.1,41.8,205,FOLLOWER,37.9,44.9,38.8,16.8,-22.0,-6.1,NONE
KBE,92,0.882341,SYBT,"Stock Yards Bancorp, Inc.",Banks-Regional,Finance,LOSING,108,46.2,49.1,41.8,147,FOLLOWER,54.1,61.2,69.3,17.9,-51.4,8.1,NONE
KBE,93,0.874599,FLG,"Flagstar Bank, National Association",Banks-Savings & Loan,Finance,LOSING,134,41.6,40.4,43.4,8,FOLLOWER,35.1,47.4,32.5,19.3,-13.2,-14.9,NONE
KBE,94,0.872032,OFG,OFG Bancorp,Banks-Regional,Finance,LOSING,108,46.2,49.1,41.8,45,FOLLOWER,66.0,71.7,77.9,37.7,-40.2,6.2,NONE
KBE,95,0.866947,FHB,"First Hawaiian, Inc.",Banks-Regional,Finance,LOSING,108,46.2,49.1,41.8,214,FOLLOWER,32.4,41.5,33.4,17.8,-15.6,-8.1,NONE
KBE,96,0.862796,PFSI,"PennyMac Financial Services, Inc.",Finance-Mrtg&Rel Svc,Finance,LOSING,115,41.0,45.7,33.8,14,FOLLOWER,17.0,3.9,21.0,32.3,11.4,17.1,NONE
KBE,97,0.85588,FBNC,First Bancorp,Banks-Regional,Finance,LOSING,108,46.2,49.1,41.8,66,FOLLOWER,63.1,64.4,64.2,51.6,-12.6,-0.3,NONE
KBE,98,0.847553,NBTB,NBT Bancorp Inc.,Banks-Regional,Finance,LOSING,108,46.2,49.1,41.8,65,FOLLOWER,63.7,64.6,70.5,34.2,-36.2,5.8,NONE
KBE,99,0.83443,HTH,Hilltop Holdings Inc.,Banks-Regional,Finance,LOSING,108,46.2,49.1,41.8,164,FOLLOWER,51.3,50.3,48.4,31.0,-17.4,-1.9,NONE
KBE,100,0.762368,WD,"Walker & Dunlop, Inc.",Finance-Mrtg&Rel Svc,Finance,LOSING,115,41.0,45.7,33.8,15,FOLLOWER,10.8,6.9,16.1,4.7,-11.4,9.3,NONE
KBE,101,0.62962,LKFN,Lakeland Financial Corporation,Banks-Regional,Finance,LOSING,108,46.2,49.1,41.8,209,FOLLOWER,36.3,39.4,41.5,21.1,-20.4,2.1,NONE
KRE,1,1.446983,CFR,"Cullen/Frost Bankers, Inc.",Banks-Regional,Finance,LOSING,108,46.2,49.1,41.8,34,FOLLOWER,66.9,72.2,83.8,32.5,-51.3,11.6,NONE
KRE,2,1.426654,SSB,SouthState Bank Corporation,Banks-Regional,Finance,LOSING,108,46.2,49.1,41.8,82,FOLLOWER,60.6,58.6,72.7,48.1,-24.5,14.1,NONE
KRE,3,1.425813,UMBF,UMB Financial Corporation,Banks-Regional,Finance,LOSING,108,46.2,49.1,41.8,110,FOLLOWER,58.2,67.2,66.1,31.7,-34.4,-1.1,NONE
KRE,4,1.414753,BPOP,"Popular, Inc.",Banks-Regional,Finance,LOSING,108,46.2,49.1,41.8,54,FOLLOWER,65.3,82.2,72.2,27.0,-45.2,-10.0,NONE
KRE,5,1.412805,PNFP,"Pinnacle Financial Partners, Inc.",Banks-Regional,Finance,LOSING,108,46.2,49.1,41.8,186,FOLLOWER,46.1,48.3,53.9,24.8,-29.1,5.6,NONE
KRE,6,1.405947,ASB,Associated Banc-Corp,Banks-Regional,Finance,LOSING,108,46.2,49.1,41.8,84,FOLLOWER,60.0,59.1,69.4,40.6,-28.8,10.3,NONE
KRE,7,1.396596,CFG,"Citizens Financial Group, Inc.",Banks-Super Regional,Finance,LOSING,143,37.2,38.2,35.8,4,FOLLOWER,60.9,69.6,72.6,27.5,-45.1,3.0,NONE
KRE,8,1.396154,HOMB,"Home BancShares, Inc.",Banks-Regional,Finance,LOSING,108,46.2,49.1,41.8,166,FOLLOWER,51.0,44.1,69.5,25.2,-44.4,25.5,NONE
KRE,9,1.384394,CBSH,"Commerce Bancshares, Inc.",Banks-Regional,Finance,LOSING,108,46.2,49.1,41.8,120,FOLLOWER,56.2,53.9,70.0,32.7,-37.3,16.1,NONE
KRE,10,1.381077,RF,Regions Financial Corporation,Banks-Super Regional,Finance,LOSING,143,37.2,38.2,35.8,8,FOLLOWER,54.5,60.6,63.0,28.8,-34.2,2.4,NONE
KRE,11,1.380419,ONB,Old National Bancorp,Banks-Regional,Finance,LOSING,108,46.2,49.1,41.8,143,FOLLOWER,54.3,59.1,64.7,27.1,-37.5,5.5,NONE
KRE,12,1.380207,UBSI,"United Bankshares, Inc.",Banks-Regional,Finance,LOSING,108,46.2,49.1,41.8,86,FOLLOWER,60.0,68.1,67.3,32.1,-35.2,-0.9,NONE
KRE,13,1.379236,MTB,M&T Bank Corporation,Banks-Super Regional,Finance,LOSING,143,37.2,38.2,35.8,6,FOLLOWER,56.8,65.2,65.4,23.2,-42.2,0.2,NONE
KRE,14,1.379103,HWC,Hancock Whitney Corporation,Banks-Regional,Finance,LOSING,108,46.2,49.1,41.8,111,FOLLOWER,58.2,64.7,67.1,29.5,-37.6,2.4,NONE
KRE,15,1.359505,BOKF,BOK Financial Corporation,Banks-Regional,Finance,LOSING,108,46.2,49.1,41.8,135,FOLLOWER,54.8,61.2,63.4,29.5,-33.9,2.1,NONE
KRE,16,1.356113,FULT,Fulton Financial Corporation,Banks-Regional,Finance,LOSING,108,46.2,49.1,41.8,97,FOLLOWER,58.9,71.5,66.0,28.3,-37.7,-5.5,NONE
KRE,17,1.352618,AUB,Atlantic Union Bankshares Corporation,Banks-Regional,Finance,LOSING,108,46.2,49.1,41.8,134,FOLLOWER,54.9,61.5,64.9,26.5,-38.4,3.3,NONE
KRE,19,1.333353,EBC,"Eastern Bankshares, Inc.",Banks-Regional,Finance,LOSING,108,46.2,49.1,41.8,122,FOLLOWER,56.1,57.4,71.9,25.5,-46.4,14.5,NONE
KRE,20,1.330819,FIBK,"First Interstate BancSystem, Inc.",Banks-Regional,Finance,LOSING,108,46.2,49.1,41.8,159,FOLLOWER,52.4,56.3,58.9,35.7,-23.2,2.6,NONE
KRE,21,1.323302,PB,"Prosperity Bancshares, Inc.(R)",Banks-Regional,Finance,LOSING,108,46.2,49.1,41.8,178,FOLLOWER,48.2,43.9,58.2,25.3,-32.9,14.4,NONE
KRE,22,1.322963,FNB,F.N.B. Corporation,Banks-Regional,Finance,LOSING,108,46.2,49.1,41.8,175,FOLLOWER,49.3,50.5,57.4,28.6,-28.8,6.9,NONE
KRE,23,1.318927,TFC,Truist Financial Corporation,Banks-Super Regional,Finance,LOSING,143,37.2,38.2,35.8,9,FOLLOWER,50.2,48.5,57.8,29.0,-28.8,9.2,NONE
KRE,24,1.315,EWBC,"East West Bancorp, Inc.",Banks-Regional,Finance,LOSING,108,46.2,49.1,41.8,137,FOLLOWER,54.6,61.0,55.4,33.0,-22.3,-5.6,NONE
KRE,25,1.307579,HBAN,Huntington Bancshares Incorporated,Banks-Super Regional,Finance,LOSING,143,37.2,38.2,35.8,11,FOLLOWER,45.3,42.4,56.8,35.4,-21.4,14.4,NONE
KRE,26,1.297692,FHN,First Horizon Corporation,Banks-Regional,Finance,LOSING,108,46.2,49.1,41.8,187,FOLLOWER,46.0,50.1,51.2,22.6,-28.6,1.1,NONE
KRE,27,1.290713,COLB,"Columbia Banking System, Inc.",Banks-Regional,Finance,LOSING,108,46.2,49.1,41.8,192,FOLLOWER,43.9,47.7,50.7,26.7,-24.0,2.9,NONE
KRE,28,1.287146,WTFC,Wintrust Financial Corporation,Banks-Midwest,Finance,LOSING,170,27.9,24.1,33.7,2,FOLLOWER,43.7,51.6,48.9,21.9,-27.0,-2.7,NONE
KRE,29,1.286794,ABCB,Ameris Bancorp,Banks-Regional,Finance,LOSING,108,46.2,49.1,41.8,190,FOLLOWER,44.9,50.5,46.1,29.0,-17.0,-4.4,NONE
KRE,30,1.281341,TCBI,"Texas Capital Bancshares, Inc.",Banks-Regional,Finance,LOSING,108,46.2,49.1,41.8,199,FOLLOWER,41.3,45.3,37.0,37.0,-0.1,-8.3,NONE
KRE,31,1.279371,VLY,Valley National Bancorp,Banks-Regional,Finance,LOSING,108,46.2,49.1,41.8,179,FOLLOWER,48.1,63.0,46.6,24.9,-21.7,-16.4,NONE
KRE,32,1.273905,GBCI,"Glacier Bancorp, Inc.",Banks-Regional,Finance,LOSING,108,46.2,49.1,41.8,204,FOLLOWER,38.2,49.0,40.9,20.2,-20.7,-8.2,NONE
KRE,33,1.259607,OZK,Bank OZK,Banks-Regional,Finance,LOSING,108,46.2,49.1,41.8,184,FOLLOWER,46.6,47.6,51.8,25.7,-26.1,4.2,NONE
KRE,34,1.252915,WAL,Western Alliance Bancorp,Banks-Regional,Finance,LOSING,108,46.2,49.1,41.8,211,FOLLOWER,34.6,31.0,39.5,33.8,-5.7,8.6,NONE
KRE,35,1.231853,BANC,"Banc of California, Inc.",Banks-Regional,Finance,LOSING,108,46.2,49.1,41.8,210,FOLLOWER,36.2,38.8,37.8,31.9,-5.9,-1.0,NONE
KRE,36,1.217432,AX,"Axos Financial, Inc.",Banks-Savings & Loan,Finance,LOSING,134,41.6,40.4,43.4,7,FOLLOWER,55.2,57.6,68.6,24.8,-43.8,11.0,NONE
KRE,37,1.208811,FLG,"Flagstar Bank, National Association",Banks-Savings & Loan,Finance,LOSING,134,41.6,40.4,43.4,8,FOLLOWER,35.1,47.4,32.5,19.3,-13.2,-14.9,NONE
KRE,38,1.198238,FHB,"First Hawaiian, Inc.",Banks-Regional,Finance,LOSING,108,46.2,49.1,41.8,214,FOLLOWER,32.4,41.5,33.4,17.8,-15.6,-8.1,NONE
KRE,39,1.183932,BKU,"BankUnited, Inc.",Banks-Regional,Finance,LOSING,108,46.2,49.1,41.8,194,FOLLOWER,43.7,44.8,39.6,34.6,-5.0,-5.1,NONE
KRE,40,1.149999,FBP,First Bancorp,Banks-Regional,Finance,LOSING,108,46.2,49.1,41.8,31,FOLLOWER,67.3,79.0,79.4,31.2,-48.2,0.4,NONE
KRE,41,1.117634,CVBF,CVB Financial Corp.,Banks-Regional,Finance,LOSING,108,46.2,49.1,41.8,104,FOLLOWER,58.4,54.0,66.9,40.4,-26.5,13.0,NONE
KRE,42,1.049399,TBBK,Bancorp Inc,Banks-Regional,Finance,LOSING,108,46.2,49.1,41.8,191,FOLLOWER,44.8,35.2,80.8,30.5,-50.2,45.6,NONE
KRE,43,1.030125,BOH,Bank of Hawaii Corp,Banks-Regional,Finance,LOSING,108,46.2,49.1,41.8,185,FOLLOWER,46.4,58.4,49.3,26.6,-22.7,-9.1,NONE
KRE,44,0.991572,NIC,"Nicolet Bankshares, Inc.",Banks-Regional,Finance,LOSING,108,46.2,49.1,41.8,24,FOLLOWER,68.7,73.1,85.6,40.2,-45.4,12.5,NONE
KRE,45,0.984662,WSFS,WSFS Financial Corporation,Finance-Savings & Loan,Finance,LOSING,149,39.4,37.0,43.1,2,FOLLOWER,61.6,76.2,65.0,30.0,-35.1,-11.2,NONE
KRE,46,0.939477,UCB,"United Community Banks, Inc.",Banks-Regional,Finance,LOSING,108,46.2,49.1,41.8,149,FOLLOWER,53.8,54.8,61.6,36.9,-24.7,6.8,NONE
KRE,47,0.925962,CUBI,"Customers Bancorp, Inc.",Banks-Regional,Finance,LOSING,108,46.2,49.1,41.8,160,FOLLOWER,52.2,52.1,59.0,41.5,-17.5,6.8,NONE
KRE,48,0.895113,RNST,Renasant Corporation,Banks-Regional,Finance,LOSING,108,46.2,49.1,41.8,182,FOLLOWER,47.7,56.9,51.4,20.0,-31.4,-5.5,NONE
KRE,49,0.891988,INDB,Independent Bank Corp.,Banks-Regional,Finance,LOSING,108,46.2,49.1,41.8,176,FOLLOWER,48.9,53.4,54.7,30.2,-24.5,1.3,NONE
KRE,50,0.873426,SBCF,Seacoast Banking Corporation of Florida,Banks-Regional,Finance,LOSING,108,46.2,49.1,41.8,139,FOLLOWER,54.5,46.9,74.4,34.7,-39.7,27.5,NONE
KRE,51,0.830183,SFNC,Simmons First National Corporation Class A,Banks-Regional,Finance,LOSING,108,46.2,49.1,41.8,140,FOLLOWER,54.4,64.5,61.0,25.9,-35.1,-3.5,NONE
KRE,52,0.823505,WSBC,"WesBanco, Inc.",Banks-Southeast,Finance,LOSING,156,38.7,35.5,43.5,1,FOLLOWER,61.9,67.1,80.9,29.3,-51.6,13.9,NONE
KRE,53,0.819571,FFIN,First Financial Bankshares Inc,Banks-Regional,Finance,LOSING,108,46.2,49.1,41.8,196,FOLLOWER,43.2,46.0,51.8,21.8,-30.0,5.9,NONE
KRE,54,0.809124,BBT,Beacon Financial Corporation,Banks-Regional,Finance,LOSING,108,46.2,49.1,41.8,87,FOLLOWER,59.8,64.7,63.9,42.4,-21.5,-0.8,NONE
KRE,55,0.805108,FFBC,First Financial Bancorp.,Banks-Regional,Finance,LOSING,108,46.2,49.1,41.8,115,FOLLOWER,57.3,73.0,61.9,28.5,-33.4,-11.1,NONE
KRE,56,0.773314,SFBS,ServisFirst Bancshares Inc,Banks-Regional,Finance,LOSING,108,46.2,49.1,41.8,117,FOLLOWER,57.2,62.2,69.6,27.7,-41.9,7.4,NONE
KRE,57,0.771045,CATY,Cathay General Bancorp,Banks-Regional,Finance,LOSING,108,46.2,49.1,41.8,93,FOLLOWER,59.3,67.4,62.5,33.2,-29.2,-4.9,NONE
KRE,58,0.755514,PFS,"Provident Financial Services, Inc.",Banks-Regional,Finance,LOSING,108,46.2,49.1,41.8,138,FOLLOWER,54.5,64.8,60.8,25.9,-34.9,-4.0,NONE
KRE,59,0.745339,IBOC,International Bancshares Corporation,Banks-Regional,Finance,LOSING,108,46.2,49.1,41.8,205,FOLLOWER,37.9,44.9,38.8,16.8,-22.0,-6.1,NONE
KRE,60,0.710934,WAFD,"WaFd, Inc.",Banks-Regional,Finance,LOSING,108,46.2,49.1,41.8,180,FOLLOWER,48.0,52.2,49.4,35.6,-13.8,-2.8,NONE
KRE,61,0.658169,TOWN,TowneBank,Banks-Regional,Finance,LOSING,108,46.2,49.1,41.8,128,FOLLOWER,55.4,54.5,67.5,34.4,-33.2,13.0,NONE
KRE,62,0.606708,BANR,Banner Corporation,Banks-Regional,Finance,LOSING,108,46.2,49.1,41.8,114,FOLLOWER,57.7,51.2,69.1,47.2,-21.9,17.9,NONE
KRE,63,0.594326,FBK,FB Financial Corporation,Banks-Regional,Finance,LOSING,108,46.2,49.1,41.8,188,FOLLOWER,45.5,38.8,64.6,22.0,-42.6,25.8,NONE
KRE,64,0.590306,CBC,"Central Bancompany, Inc.",Banks-Regional,Finance,LOSING,108,46.2,49.1,41.8,44,FOLLOWER,66.2,76.2,75.6,36.8,-38.8,-0.6,NONE
KRE,65,0.582553,TRMK,Trustmark Corporation,Banks-Regional,Finance,LOSING,108,46.2,49.1,41.8,146,FOLLOWER,54.1,59.2,56.3,29.8,-26.6,-2.9,NONE
KRE,66,0.570052,BUSE,First Busey Corporation,Banks-Regional,Finance,LOSING,108,46.2,49.1,41.8,74,FOLLOWER,61.3,69.8,68.5,33.6,-34.9,-1.3,NONE
KRE,67,0.555469,TFIN,"Triumph Financial, Inc.",Banks-Regional,Finance,LOSING,108,46.2,49.1,41.8,193,FOLLOWER,43.8,69.2,37.9,19.8,-18.1,-31.2,NONE
KRE,68,0.55039,PRK,Park National Corporation,Banks-Regional,Finance,LOSING,108,46.2,49.1,41.8,109,FOLLOWER,58.3,67.9,75.9,21.2,-54.7,8.0,NONE
KRE,69,0.548573,NWBI,"Northwest Bancshares, Inc.",Banks-Regional,Finance,LOSING,108,46.2,49.1,41.8,60,FOLLOWER,64.6,71.9,65.9,37.2,-28.7,-6.0,NONE
KRE,70,0.528862,EFSC,Enterprise Financial Services Corp,Banks-Regional,Finance,LOSING,108,46.2,49.1,41.8,170,FOLLOWER,50.2,56.7,57.1,24.5,-32.6,0.4,NONE
KRE,71,0.523338,CHCO,City Holding Company,Banks-Regional,Finance,LOSING,108,46.2,49.1,41.8,68,FOLLOWER,62.9,59.3,76.7,38.0,-38.8,17.4,NONE
KRE,72,0.520475,FRME,First Merchants Corporation,Banks-Regional,Finance,LOSING,108,46.2,49.1,41.8,174,FOLLOWER,49.3,54.4,55.6,27.5,-28.1,1.2,NONE
KRE,73,0.515318,NBHC,National Bank Holdings Corporation Class A,Banks-Regional,Finance,LOSING,108,46.2,49.1,41.8,195,FOLLOWER,43.6,51.9,43.8,28.1,-15.7,-8.1,NONE
KRE,74,0.507334,FCF,First Commonwealth Financial Corporation,Banks-Regional,Finance,LOSING,108,46.2,49.1,41.8,101,FOLLOWER,58.7,68.6,67.8,29.8,-38.0,-0.8,NONE
KRE,75,0.487783,CBU,"Community Financial System, Inc.",Banks-Regional,Finance,LOSING,108,46.2,49.1,41.8,197,FOLLOWER,43.0,50.7,42.4,30.1,-12.3,-8.3,NONE
KRE,76,0.485387,BANF,BancFirst Corporation,Banks-Regional,Finance,LOSING,108,46.2,49.1,41.8,213,FOLLOWER,33.1,32.5,44.5,30.0,-14.6,12.1,NONE
KRE,77,0.474887,BFC,Bank First Corp,Banks-Regional,Finance,LOSING,108,46.2,49.1,41.8,92,FOLLOWER,59.4,61.1,64.1,38.5,-25.6,3.0,NONE
KRE,78,0.455196,NBN,Northeast Bank,Banks-Regional,Finance,LOSING,108,46.2,49.1,41.8,79,FOLLOWER,61.0,79.4,51.4,54.5,3.1,-28.0,NONE
KRE,79,0.450223,SYBT,"Stock Yards Bancorp, Inc.",Banks-Regional,Finance,LOSING,108,46.2,49.1,41.8,147,FOLLOWER,54.1,61.2,69.3,17.9,-51.4,8.1,NONE
KRE,80,0.445015,OFG,OFG Bancorp,Banks-Regional,Finance,LOSING,108,46.2,49.1,41.8,45,FOLLOWER,66.0,71.7,77.9,37.7,-40.2,6.2,NONE
KRE,81,0.439669,OCFC,OceanFirst Financial Corp.,Banks-Regional,Finance,LOSING,108,46.2,49.1,41.8,158,FOLLOWER,52.6,39.0,52.5,38.3,-14.2,13.4,NONE
KRE,82,0.43676,FBNC,First Bancorp,Banks-Regional,Finance,LOSING,108,46.2,49.1,41.8,66,FOLLOWER,63.1,64.4,64.2,51.6,-12.6,-0.3,NONE
KRE,83,0.435326,TFSL,TFS Financial Corporation,Banks-Savings & Loan,Finance,LOSING,134,41.6,40.4,43.4,5,FOLLOWER,60.4,67.9,71.4,22.9,-48.5,3.5,NONE
KRE,84,0.432452,NBTB,NBT Bancorp Inc.,Banks-Regional,Finance,LOSING,108,46.2,49.1,41.8,65,FOLLOWER,63.7,64.6,70.5,34.2,-36.2,5.8,NONE
KRE,85,0.4258,HTH,Hilltop Holdings Inc.,Banks-Regional,Finance,LOSING,108,46.2,49.1,41.8,164,FOLLOWER,51.3,50.3,48.4,31.0,-17.4,-1.9,NONE
KRE,86,0.395733,ESQ,"Esquire Financial Holdings, Inc.",Banks-Super Regional,Finance,LOSING,143,37.2,38.2,35.8,12,FOLLOWER,38.1,46.7,50.2,7.6,-42.6,3.6,NONE
KRE,87,0.390323,STBA,"S&T Bancorp, Inc.",Banks-Regional,Finance,LOSING,108,46.2,49.1,41.8,89,FOLLOWER,59.6,67.7,69.2,25.3,-43.9,1.5,NONE
KRE,88,0.388064,HOPE,"Hope Bancorp, Inc.",Banks-Regional,Finance,LOSING,108,46.2,49.1,41.8,51,FOLLOWER,65.6,72.3,70.6,41.8,-28.8,-1.8,NONE
KRE,89,0.386448,MCB,Metropolitan Bank Holding Corp.,Banks-Regional,Finance,LOSING,108,46.2,49.1,41.8,168,FOLLOWER,50.3,61.7,49.5,36.3,-13.2,-12.1,NONE
KRE,90,0.379447,SRCE,1st Source Corporation,Banks-Regional,Finance,LOSING,108,46.2,49.1,41.8,39,FOLLOWER,66.4,75.8,79.0,26.5,-52.5,3.2,NONE
KRE,91,0.367176,PFBC,Preferred Bank,Banks-Regional,Finance,LOSING,108,46.2,49.1,41.8,167,FOLLOWER,50.8,48.6,62.9,36.0,-26.9,14.3,NONE
KRE,92,0.358072,WABC,Westamerica Bancorporation,Banks-Regional,Finance,LOSING,108,46.2,49.1,41.8,152,FOLLOWER,53.5,62.8,56.2,32.2,-24.0,-6.7,NONE
KRE,93,0.343237,DCOM,"Dime Commercial Bancshares, Inc.",Banks-Regional,Finance,LOSING,108,46.2,49.1,41.8,48,FOLLOWER,65.7,79.9,64.7,40.5,-24.2,-15.2,NONE
KRE,94,0.325238,QCRH,"QCR Holdings, Inc.",Banks-Regional,Finance,LOSING,108,46.2,49.1,41.8,130,FOLLOWER,55.2,61.3,65.0,29.1,-35.9,3.6,NONE
KRE,95,0.321227,LKFN,Lakeland Financial Corporation,Banks-Regional,Finance,LOSING,108,46.2,49.1,41.8,209,FOLLOWER,36.3,39.4,41.5,21.1,-20.4,2.1,NONE
KRE,96,0.315174,HIFS,Hingham Institution for Savings,Banks-Regional,Finance,LOSING,108,46.2,49.1,41.8,201,FOLLOWER,41.1,32.4,48.3,53.2,4.9,15.9,NONE
KRE,97,0.312978,OSBC,"Old Second Bancorp, Inc.",Banks-Regional,Finance,LOSING,108,46.2,49.1,41.8,26,FOLLOWER,68.2,72.5,80.9,40.8,-40.1,8.4,NONE
KRE,98,0.311244,CNOB,"ConnectOne Bancorp, Inc.",Banks-Regional,Finance,LOSING,108,46.2,49.1,41.8,127,FOLLOWER,55.4,65.2,57.3,27.0,-30.2,-7.9,NONE
KRE,99,0.30806,LOB,"Live Oak Bancshares, Inc.",Banks-Regional,Finance,LOSING,108,46.2,49.1,41.8,183,FOLLOWER,47.2,62.5,54.9,15.4,-39.5,-7.6,NONE
KRE,100,0.301103,OBK,"Origin Bancorp, Inc.",Banks-Regional,Finance,LOSING,108,46.2,49.1,41.8,38,FOLLOWER,66.5,81.4,72.2,33.5,-38.6,-9.2,NONE
KRE,101,0.280524,BHRB,Burke Herbert Financial Services Corp,Banks-Regional,Finance,LOSING,108,46.2,49.1,41.8,118,FOLLOWER,56.9,51.2,72.8,36.0,-36.8,21.6,NONE
KRE,102,0.278059,PEBO,Peoples Bancorp Inc.,Banks-Regional,Finance,LOSING,108,46.2,49.1,41.8,56,FOLLOWER,65.0,74.8,75.4,25.0,-50.4,0.5,NONE
KRE,103,0.274699,FSUN,FirstSun Capital Bancorp,Banks-Regional,Finance,LOSING,108,46.2,49.1,41.8,57,FOLLOWER,64.9,57.5,74.7,61.1,-13.6,17.2,NONE
KRE,104,0.266994,CCB,Coastal Financial Corporation,Banks-Regional,Finance,LOSING,108,46.2,49.1,41.8,215,FOLLOWER,21.4,1.4,5.7,83.8,78.1,4.4,NONE
KRE,105,0.258721,CARE,"Carter Bankshares, Inc.",Banks-Regional,Finance,LOSING,108,46.2,49.1,41.8,75,FOLLOWER,61.3,90.3,75.2,12.8,-62.5,-15.1,NONE
KRE,106,0.248194,CFFN,"Capitol Federal Financial, Inc.",Banks-Savings & Loan,Finance,LOSING,134,41.6,40.4,43.4,4,FOLLOWER,63.0,73.4,70.6,37.0,-33.5,-2.9,NONE
KRE,107,0.24237,HFWA,Heritage Financial Corporation,Banks-Regional,Finance,LOSING,108,46.2,49.1,41.8,161,FOLLOWER,52.0,60.6,56.6,30.5,-26.2,-4.0,NONE
KRE,108,0.241789,EGBN,"Eagle Bancorp, Inc.",Banks-Regional,Finance,LOSING,108,46.2,49.1,41.8,107,FOLLOWER,58.3,80.1,48.4,37.2,-11.2,-31.7,NONE
KRE,109,0.241545,HBCP,"Home Bancorp, Inc.",Banks-Regional,Finance,LOSING,108,46.2,49.1,41.8,153,FOLLOWER,53.4,64.1,59.1,28.4,-30.7,-5.0,NONE
KRE,110,0.237819,AMTB,Amerant Bancorp Inc. Class A,Banks-Regional,Finance,LOSING,108,46.2,49.1,41.8,13,FOLLOWER,72.1,84.7,90.4,32.2,-58.2,5.8,NONE
KRE,111,0.237417,MCHB,Mechanics Bancorp. Class A,Banks-Regional,Finance,LOSING,108,46.2,49.1,41.8,163,FOLLOWER,51.7,53.0,66.4,24.1,-42.4,13.4,NONE
KRE,112,0.237143,SFST,"Southern First Bancshares, Inc.",Banks-Regional,Finance,LOSING,108,46.2,49.1,41.8,133,FOLLOWER,54.9,60.1,58.5,37.0,-21.5,-1.6,NONE
KRE,113,0.236741,WASH,"Washington Trust Bancorp, Inc.",Banks-Regional,Finance,LOSING,108,46.2,49.1,41.8,4,FOLLOWER,75.0,79.8,85.4,47.4,-38.0,5.6,NONE
KRE,114,0.236436,CLBK,Columbia Financial Inc,Banks-Regional,Finance,LOSING,108,46.2,49.1,41.8,1,LEADER,87.5,87.2,89.6,72.2,-17.4,2.4,NONE
KRE,115,0.2361,HAFC,Hanmi Financial Corporation,Banks-Regional,Finance,LOSING,108,46.2,49.1,41.8,165,FOLLOWER,51.2,53.7,53.9,36.1,-17.8,0.3,NONE
KRE,116,0.233578,TCBK,TriCo Bancshares,Banks-Regional,Finance,LOSING,108,46.2,49.1,41.8,189,FOLLOWER,45.0,51.5,60.8,17.1,-43.7,9.3,NONE
KRE,117,0.229343,RRBI,"Red River Bancshares, Inc.",Banks-Regional,Finance,LOSING,108,46.2,49.1,41.8,40,FOLLOWER,66.3,79.3,65.7,42.2,-23.5,-13.6,NONE
KRE,118,0.224586,UVSP,Univest Financial Corporation,Banks-Regional,Finance,LOSING,108,46.2,49.1,41.8,141,FOLLOWER,54.4,71.7,57.6,21.2,-36.4,-14.0,NONE
KRE,119,0.221332,MBWM,Mercantile Bank Corporation,Banks-Regional,Finance,LOSING,108,46.2,49.1,41.8,42,FOLLOWER,66.3,71.2,75.8,42.1,-33.7,4.6,NONE
KRE,120,0.219521,NBBK,"NB Bancorp, Inc.",Banks-Regional,Finance,LOSING,108,46.2,49.1,41.8,121,FOLLOWER,56.1,53.2,72.0,32.5,-39.5,18.9,NONE
KRE,121,0.216926,CTBI,"Community Trust Bancorp, Inc.",Banks-Regional,Finance,LOSING,108,46.2,49.1,41.8,46,FOLLOWER,66.0,77.3,76.3,31.1,-45.2,-0.9,NONE
KRE,122,0.215119,RBCAA,"Republic Bancorp, Inc. Class A",Banks-Regional,Finance,LOSING,108,46.2,49.1,41.8,73,FOLLOWER,61.4,75.9,78.9,20.1,-58.7,3.0,NONE
KRE,123,0.213187,BY,"Byline Bancorp, Inc.",Banks-Regional,Finance,LOSING,108,46.2,49.1,41.8,58,FOLLOWER,64.9,74.4,76.1,30.5,-45.6,1.8,NONE
KRE,124,0.213018,GSBC,"Great Southern Bancorp, Inc.",Banks-Regional,Finance,LOSING,108,46.2,49.1,41.8,77,FOLLOWER,61.1,71.9,65.9,33.2,-32.7,-6.0,NONE
KRE,125,0.208562,AMAL,Amalgamated Financial Corp,Banks-Regional,Finance,LOSING,108,46.2,49.1,41.8,15,FOLLOWER,70.8,88.1,78.5,34.3,-44.3,-9.5,NONE
KRE,126,0.203186,HBNC,"Horizon Bancorp, Inc.",Banks-Regional,Finance,LOSING,108,46.2,49.1,41.8,151,FOLLOWER,53.6,55.3,58.3,23.1,-35.2,3.0,NONE
KRE,127,0.20199,IBCP,Independent Bank Corporation,Banks-Regional,Finance,LOSING,108,46.2,49.1,41.8,162,FOLLOWER,52.0,53.3,62.2,27.8,-34.4,8.9,NONE
KRE,128,0.190048,TRST,TrustCo Bank Corp NY,Banks-Savings & Loan,Finance,LOSING,134,41.6,40.4,43.4,3,FOLLOWER,65.8,75.5,68.6,42.5,-26.1,-6.9,NONE
KRE,129,0.189059,THFF,First Financial Corporation,Banks-Regional,Finance,LOSING,108,46.2,49.1,41.8,64,FOLLOWER,63.8,74.2,75.2,31.6,-43.5,0.9,NONE
KRE,130,0.188297,SMBC,"Southern Missouri Bancorp, Inc.",Banks-Regional,Finance,LOSING,108,46.2,49.1,41.8,126,FOLLOWER,55.8,70.8,61.2,24.6,-36.6,-9.6,NONE
KRE,131,0.183646,MPB,"Mid Penn Bancorp, Inc.",Banks-Regional,Finance,LOSING,108,46.2,49.1,41.8,102,FOLLOWER,58.7,65.9,72.7,25.2,-47.4,6.7,NONE
KRE,132,0.18277,FMNB,Farmers National Banc Corp.,Banks-Regional,Finance,LOSING,108,46.2,49.1,41.8,99,FOLLOWER,58.8,58.6,69.6,37.5,-32.1,11.0,NONE
KRE,133,0.180505,TMP,Tompkins Financial Corporation,Banks-Regional,Finance,LOSING,108,46.2,49.1,41.8,43,FOLLOWER,66.2,78.7,74.2,35.5,-38.7,-4.5,NONE
KRE,134,0.179809,CAC,Camden National Corporation,Banks-Regional,Finance,LOSING,108,46.2,49.1,41.8,36,FOLLOWER,66.6,79.2,76.5,33.8,-42.7,-2.7,NONE
KRE,135,0.179325,BFST,"Business First Bancshares, Inc.",Financial Svcs-Specialty,Finance,LOSING,75,54.0,57.3,49.0,9,FOLLOWER,57.9,59.7,67.2,35.4,-31.9,7.6,NONE
KRE,136,0.173625,ORRF,"Orrstown Financial Services, Inc.",Banks-Regional,Finance,LOSING,108,46.2,49.1,41.8,90,FOLLOWER,59.5,58.5,73.3,36.8,-36.4,14.8,NONE
KRE,137,0.167389,EQBK,"Equity Bancshares, Inc. Class A",Banks-Regional,Finance,LOSING,108,46.2,49.1,41.8,154,FOLLOWER,53.2,54.4,61.6,32.8,-28.7,7.2,NONE
KRE,138,0.164642,CPF,Central Pacific Financial Corp.,Banks-Regional,Finance,LOSING,108,46.2,49.1,41.8,131,FOLLOWER,55.1,66.6,66.2,24.0,-42.1,-0.4,NONE
KRE,139,0.162254,CWBC,Community West Bancshares,Banks-Regional,Finance,LOSING,108,46.2,49.1,41.8,98,FOLLOWER,58.9,55.4,62.5,62.6,0.0,7.2,NONE
KRE,140,0.15766,SPFI,South Plains Financial Inc,Banks-Regional,Finance,LOSING,108,46.2,49.1,41.8,144,FOLLOWER,54.2,56.1,62.4,31.9,-30.5,6.3,NONE
KRE,141,0.156735,SHBI,"Shore Bancshares, Inc.",Banks-Regional,Finance,LOSING,108,46.2,49.1,41.8,112,FOLLOWER,58.2,71.2,71.2,19.5,-51.7,0.0,NONE
KRE,142,0.155368,PGC,Peapack-Gladstone Financial Corporation,Banks-Regional,Finance,LOSING,108,46.2,49.1,41.8,83,FOLLOWER,60.3,88.7,52.6,31.7,-20.9,-36.1,NONE
KRE,143,0.147647,CCBG,"Capital City Bank Group, Inc.",Banks-Regional,Finance,LOSING,108,46.2,49.1,41.8,100,FOLLOWER,58.8,61.3,70.8,32.3,-38.5,9.5,NONE
KRE,144,0.145532,CCNE,CNB Financial Corporation,Banks-Regional,Finance,LOSING,108,46.2,49.1,41.8,91,FOLLOWER,59.5,71.3,68.7,28.1,-40.6,-2.6,NONE
KRE,145,0.138531,FISI,"Financial Institutions, Inc.",Banks-Regional,Finance,LOSING,108,46.2,49.1,41.8,63,FOLLOWER,63.8,74.3,73.2,34.5,-38.8,-1.1,NONE
KRE,146,0.134186,BHB,"Bar Harbor Bankshares, Inc.",Banks-Regional,Finance,LOSING,108,46.2,49.1,41.8,55,FOLLOWER,65.0,73.4,70.7,43.0,-27.8,-2.6,NONE
KRE,147,0.12331,MSBI,"Midland States Bancorp, Inc.",Banks-Regional,Finance,LOSING,108,46.2,49.1,41.8,5,FOLLOWER,74.3,95.8,82.3,37.2,-45.1,-13.6,NONE
KRE,148,0.121678,BCAL,California BanCorp,Banks-Regional,Finance,LOSING,108,46.2,49.1,41.8,105,FOLLOWER,58.4,50.1,70.5,44.0,-26.5,20.4,NONE
KRE,149,0.120274,TCBX,Third Coast Bancshares Inc,Banks-Regional,Finance,LOSING,108,46.2,49.1,41.8,61,FOLLOWER,64.2,56.0,78.3,55.0,-23.3,22.3,NONE
KRE,150,0.106987,NRIM,"Northrim BanCorp, Inc.",Banks-Regional,Finance,LOSING,108,46.2,49.1,41.8,198,FOLLOWER,41.9,40.7,58.2,28.5,-29.7,17.5,NONE
KRE,151,0.106627,SMBK,"SmartFinancial, Inc.",Banks-Regional,Finance,LOSING,108,46.2,49.1,41.8,35,FOLLOWER,66.9,76.8,85.8,28.6,-57.2,9.0,NONE
KRE,152,0.105972,AROW,Arrow Financial Corporation,Banks-Regional,Finance,LOSING,108,46.2,49.1,41.8,172,FOLLOWER,49.9,66.2,52.9,24.9,-28.0,-13.3,NONE
KRE,153,0.10334,HTB,"HomeTrust Bancshares, Inc.",Banks-Regional,Finance,LOSING,108,46.2,49.1,41.8,203,FOLLOWER,39.6,52.6,41.5,13.4,-28.1,-11.2,NONE
KRE,154,0.099368,SBSI,"Southside Bancshares, Inc.",Banks-Regional,Finance,LOSING,108,46.2,49.1,41.8,202,FOLLOWER,41.1,49.4,34.9,36.5,1.7,-14.5,NONE
KRE,155,0.096528,KRNY,Kearny Financial Corp.,Banks-Savings & Loan,Finance,LOSING,134,41.6,40.4,43.4,2,LEADER,77.8,82.0,84.9,62.7,-22.2,2.9,NONE
KRE,156,0.077807,COFS,"ChoiceOne Financial Services, Inc.",Banks-Regional,Finance,LOSING,108,46.2,49.1,41.8,156,FOLLOWER,52.9,50.2,60.6,34.0,-26.6,10.4,NONE
KRE,157,0.068168,CIVB,"Civista Bancshares, Inc.",Banks-Regional,Finance,LOSING,108,46.2,49.1,41.8,171,FOLLOWER,50.1,60.5,56.4,18.8,-37.6,-4.1,NONE
IHI,1,18.81,ABT,Abbott Laboratories,Medical-Products,Health Technology,LOSING,52,61.4,65.7,55.0,47,FOLLOWER,50.7,19.3,88.2,63.4,-24.9,69.0,NONE
IHI,2,12.67,ISRG,"Intuitive Surgical, Inc.",Medical-Systems,Health Technology,EMERGING,7,67.4,80.0,48.6,22,FOLLOWER,26.2,7.1,24.1,69.4,45.3,17.1,NONE
IHI,3,10.96,SYK,Stryker Corporation,Medical-Products,Health Technology,LOSING,52,61.4,65.7,55.0,55,FOLLOWER,38.8,19.4,61.4,41.8,-19.6,42.0,NONE
IHI,4,5.19,BDX,"Becton, Dickinson and Company",Medical-Products,Health Technology,LOSING,52,61.4,65.7,55.0,15,LEADER,78.6,65.3,90.3,81.9,-8.4,25.0,NONE
IHI,5,4.86,DXCM,"DexCom, Inc.",Medical-Products,Health Technology,LOSING,52,61.4,65.7,55.0,13,LEADER,79.0,80.7,83.5,74.8,-8.7,2.8,NONE
IHI,6,4.84,RMD,ResMed Inc.,Medical-Products,Health Technology,LOSING,52,61.4,65.7,55.0,36,FOLLOWER,58.8,27.3,89.7,82.7,-7.0,62.4,BREAKOUT_WATCH
IHI,7,4.6,MDT,Medtronic Plc,Medical-Products,Health Technology,LOSING,52,61.4,65.7,55.0,41,FOLLOWER,54.9,20.3,85.4,68.3,-17.1,65.1,NONE
IHI,8,4.53,GEHC,GE Healthcare Technologies Inc.,Medical-Systems,Health Technology,EMERGING,7,67.4,80.0,48.6,17,FOLLOWER,46.5,20.4,71.9,64.4,-7.5,51.5,NONE
IHI,9,4.25,EW,Edwards Lifesciences Corporation,Medical-Products,Health Technology,LOSING,52,61.4,65.7,55.0,44,FOLLOWER,53.1,41.3,49.4,66.2,16.8,8.1,NONE
IHI,10,4.04,IDXX,"IDEXX Laboratories, Inc.",Medical-Systems,Health Technology,EMERGING,7,67.4,80.0,48.6,23,FOLLOWER,25.9,10.4,35.3,42.5,7.3,24.8,NONE
IHI,11,3.92,BSX,Boston Scientific Corporation,Medical-Products,Health Technology,LOSING,52,61.4,65.7,55.0,63,FOLLOWER,30.0,2.5,41.6,60.9,19.3,39.1,NONE
IHI,12,3.18,STE,STERIS plc,Medical-Systems,Health Technology,EMERGING,7,67.4,80.0,48.6,18,FOLLOWER,45.8,19.5,65.4,55.6,-9.8,45.9,NONE
IHI,13,2.71,ZBH,"Zimmer Biomet Holdings, Inc.",Medical-Products,Health Technology,LOSING,52,61.4,65.7,55.0,32,FOLLOWER,61.7,39.6,82.8,69.0,-13.7,43.2,NONE
IHI,14,1.87,BAX,Baxter International Inc.,Medical-Products,Health Technology,LOSING,52,61.4,65.7,55.0,21,FOLLOWER,69.3,75.5,94.1,41.9,-52.2,18.6,NONE
IHI,15,1.76,PEN,"Penumbra, Inc.",Medical-Products,Health Technology,LOSING,52,61.4,65.7,55.0,49,FOLLOWER,48.6,46.8,45.3,49.9,4.6,-1.4,NONE
IHI,16,1.47,GKOS,Glaukos Corp,Medical-Products,Health Technology,LOSING,52,61.4,65.7,55.0,9,LEADER,84.0,90.0,98.5,71.8,-26.7,8.5,NONE
IHI,17,1.4,PODD,Insulet Corporation,Medical-Products,Health Technology,LOSING,52,61.4,65.7,55.0,69,FOLLOWER,20.1,2.0,40.1,11.5,-28.6,38.1,NONE
IHI,18,1.31,GMED,Globus Medical Inc Class A,Medical-Products,Health Technology,LOSING,52,61.4,65.7,55.0,57,FOLLOWER,37.8,21.1,47.5,60.6,13.1,26.4,NONE
IHI,19,0.86,TFX,Teleflex Incorporated,Medical-Products,Health Technology,LOSING,52,61.4,65.7,55.0,27,FOLLOWER,66.8,63.8,67.5,62.8,-4.7,3.8,NONE
IHI,20,0.61,NVST,Envista Holdings Corp.,Medical-Systems,Health Technology,EMERGING,7,67.4,80.0,48.6,10,FOLLOWER,64.1,68.6,76.3,41.6,-34.7,7.7,NONE
IHI,21,0.61,LIVN,LivaNova Plc,Medical-Products,Health Technology,LOSING,52,61.4,65.7,55.0,33,FOLLOWER,61.7,64.5,60.7,42.6,-18.0,-3.8,NONE
IHI,22,0.59,ITGR,Integer Holdings Corporation,Medical-Products,Health Technology,LOSING,52,61.4,65.7,55.0,12,LEADER,82.6,90.9,93.4,60.8,-32.6,2.5,BREAKOUT_WATCH
IHI,23,0.55,IRTC,"iRhythm Holdings, Inc.",Medical-Services,Health Services,EMERGING,12,67.7,76.6,54.5,31,FOLLOWER,34.2,6.3,62.4,54.2,-8.2,56.1,NONE
IHI,24,0.42,TMDX,"TransMedics Group, Inc.",Medical-Products,Health Technology,LOSING,52,61.4,65.7,55.0,50,FOLLOWER,47.4,4.8,87.4,78.0,-9.5,82.6,NONE
IHI,25,0.38,AXGN,"Axogen, Inc.",Medical-Products,Health Technology,LOSING,52,61.4,65.7,55.0,6,LEADER,87.4,91.4,90.8,88.8,-2.0,-0.7,NONE
IHI,26,0.34,ATRC,"AtriCure, Inc.",Medical-Systems,Health Technology,EMERGING,7,67.4,80.0,48.6,4,LEADER,84.5,73.2,98.8,93.0,-5.9,25.6,NONE
IHI,27,0.26,NVCR,NovoCure Ltd.,Medical-Products,Health Technology,LOSING,52,61.4,65.7,55.0,29,FOLLOWER,64.6,76.1,57.2,87.9,30.7,-18.9,NONE
IHI,28,0.25,BFLY,"Butterfly Network, Inc. Class A",Medical-Systems,Health Technology,EMERGING,7,67.4,80.0,48.6,5,LEADER,81.5,97.5,98.3,78.1,-20.2,0.8,NONE
IHI,29,0.24,LMAT,"LeMaitre Vascular, Inc.",Medical-Products,Health Technology,LOSING,52,61.4,65.7,55.0,71,FOLLOWER,18.5,29.9,19.6,3.2,-16.4,-10.3,NONE
IHI,30,0.22,INSP,"Inspire Medical Systems, Inc.",Medical-Products,Health Technology,LOSING,52,61.4,65.7,55.0,46,FOLLOWER,51.3,2.8,96.5,92.2,-4.2,93.7,NONE
IHI,31,0.21,CNMD,CONMED Corporation,Medical-Products,Health Technology,LOSING,52,61.4,65.7,55.0,22,FOLLOWER,69.1,52.9,94.5,71.7,-22.8,41.6,NONE
IHI,32,0.21,OMCL,"Omnicell, Inc.",Medical-Systems,Health Technology,EMERGING,7,67.4,80.0,48.6,21,FOLLOWER,27.4,28.6,13.1,41.8,28.7,-15.5,NONE
IHI,33,0.2,TNDM,"Tandem Diabetes Care, Inc.",Medical-Products,Health Technology,LOSING,52,61.4,65.7,55.0,40,FOLLOWER,56.1,43.1,74.8,80.6,5.8,31.7,NONE
IHI,34,0.2,ENOV,Enovis Corporation,Medical-Products,Health Technology,LOSING,52,61.4,65.7,55.0,65,FOLLOWER,29.1,14.3,71.1,5.6,-65.5,56.8,NONE
IHI,35,0.16,PRCT,PROCEPT BioRobotics Corp.,Medical-Systems,Health Technology,EMERGING,7,67.4,80.0,48.6,25,FOLLOWER,24.4,7.5,9.4,82.4,73.0,2.0,NONE
IHI,36,0.16,AORT,"Artivion, Inc.",Medical-Products,Health Technology,LOSING,52,61.4,65.7,55.0,54,FOLLOWER,41.1,4.7,89.3,49.9,-39.4,84.6,NONE
IHI,37,0.16,IART,Integra LifeSciences Holdings Corporation,Medical-Products,Health Technology,LOSING,52,61.4,65.7,55.0,39,FOLLOWER,56.4,68.3,60.3,54.6,-5.7,-8.0,NONE
IHI,38,0.15,ATEC,"Alphatec Holdings, Inc.",Medical-Products,Health Technology,LOSING,52,61.4,65.7,55.0,59,FOLLOWER,36.3,1.3,87.2,37.6,-49.6,86.0,NONE
IHI,39,0.14,QDEL,QuidelOrtho Corporation,Medical-Products,Health Technology,LOSING,52,61.4,65.7,55.0,68,FOLLOWER,22.8,3.2,62.0,7.2,-54.8,58.8,NONE
IHI,40,0.11,BBNX,"Beta Bionics, Inc.",Medical-Products,Health Technology,LOSING,52,61.4,65.7,55.0,43,FOLLOWER,53.2,6.7,96.8,98.7,2.0,90.1,NONE
IHI,41,0.11,VREX,Varex Imaging Corporation,Medical-Systems,Health Technology,EMERGING,7,67.4,80.0,48.6,2,LEADER,94.0,86.5,98.9,99.2,0.3,12.3,BREAKOUT_WATCH
IHI,42,0.11,SIBN,"SI-BONE, Inc.",Medical-Systems,Health Technology,EMERGING,7,67.4,80.0,48.6,13,FOLLOWER,58.1,30.6,93.0,70.4,-22.6,62.3,NONE
IHI,43,0.1,IRMD,IRadimed Corp.,Medical-Systems,Health Technology,EMERGING,7,67.4,80.0,48.6,24,FOLLOWER,25.2,26.7,27.9,24.2,-3.7,1.2,NONE
IHI,44,0.09,ANGO,"AngioDynamics, Inc.",Medical-Systems,Health Technology,EMERGING,7,67.4,80.0,48.6,6,LEADER,80.1,70.6,95.5,74.6,-21.0,24.9,BREAKOUT_WATCH
IHI,45,0.05,OFIX,"Orthofix Medical, Inc.",Medical-Products,Health Technology,LOSING,52,61.4,65.7,55.0,72,FOLLOWER,18.2,4.8,45.3,3.3,-42.0,40.5,NONE
KIE,1,2.711638,BWIN,"Baldwin Insurance Group, Inc. Class A",Insurance,Finance,EMERGING,13,64.7,76.3,47.2,13,FOLLOWER,73.6,49.7,96.3,78.5,-17.8,46.6,NONE
KIE,2,2.230842,WTW,Willis Towers Watson Public Limited Company,Insurance-Brokers,Finance,MATURE,24,51.5,46.2,59.3,2,FOLLOWER,63.4,43.5,91.3,51.0,-40.3,47.8,NONE
KIE,3,2.166416,RYAN,"Ryan Specialty Holdings, Inc. Class A",Insurance,Finance,EMERGING,13,64.7,76.3,47.2,77,FOLLOWER,39.0,10.3,89.1,26.2,-62.9,78.8,NONE
KIE,4,2.088552,TRV,"Travelers Companies, Inc.",Insurance,Finance,EMERGING,13,64.7,76.3,47.2,21,FOLLOWER,66.2,65.2,88.6,34.6,-54.0,23.4,NONE
KIE,5,2.083875,BRO,"Brown & Brown, Inc.",Insurance,Finance,EMERGING,13,64.7,76.3,47.2,65,FOLLOWER,49.3,22.2,88.5,58.8,-29.7,66.2,NONE
KIE,6,2.08046,AJG,Arthur J. Gallagher & Co.,Insurance,Finance,EMERGING,13,64.7,76.3,47.2,39,FOLLOWER,60.2,43.6,89.0,65.4,-23.5,45.4,NONE
KIE,7,2.077356,KNSL,"Kinsale Capital Group, Inc.",Insurance,Finance,EMERGING,13,64.7,76.3,47.2,60,FOLLOWER,51.8,31.5,85.1,65.0,-20.1,53.6,NONE
KIE,8,2.046846,LNC,Lincoln National Corp,Insurance,Finance,EMERGING,13,64.7,76.3,47.2,58,FOLLOWER,52.0,43.8,86.3,18.6,-67.8,42.5,NONE
KIE,9,2.046648,RGA,"Reinsurance Group of America, Incorporated",Insurance,Finance,EMERGING,13,64.7,76.3,47.2,7,LEADER,77.5,70.0,86.2,63.1,-23.1,16.2,NONE
KIE,10,2.038897,SKWD,"Skyward Specialty Insurance Group, Inc.",Insurance,Finance,EMERGING,13,64.7,76.3,47.2,41,FOLLOWER,58.8,56.9,90.1,26.1,-64.0,33.2,NONE
KIE,11,2.035523,RLI,RLI Corp.,Insurance,Finance,EMERGING,13,64.7,76.3,47.2,22,FOLLOWER,65.9,45.2,87.4,62.2,-25.2,42.2,NONE
KIE,12,1.988034,ALL,Allstate Corporation,Insurance,Finance,EMERGING,13,64.7,76.3,47.2,27,FOLLOWER,64.7,62.6,87.0,35.8,-51.2,24.4,NONE
KIE,13,1.98711,PLMR,"Palomar Holdings, Inc.",Insurance,Finance,EMERGING,13,64.7,76.3,47.2,42,FOLLOWER,58.5,44.5,85.9,41.9,-44.0,41.4,NONE
KIE,14,1.975184,THG,"Hanover Insurance Group, Inc.",Insurance,Finance,EMERGING,13,64.7,76.3,47.2,33,FOLLOWER,63.4,63.3,84.4,31.8,-52.7,21.2,NONE
KIE,15,1.97292,MRSH,"Marsh & McLennan Companies, Inc.",Insurance,Finance,EMERGING,13,64.7,76.3,47.2,50,FOLLOWER,56.7,42.5,78.2,44.8,-33.4,35.6,NONE
KIE,16,1.949923,PRU,"Prudential Financial, Inc.",Insurance,Finance,EMERGING,13,64.7,76.3,47.2,44,FOLLOWER,58.3,52.0,79.6,33.1,-46.5,27.6,NONE
KIE,17,1.932633,KMPR,Kemper Corp,Insurance,Finance,EMERGING,13,64.7,76.3,47.2,75,FOLLOWER,41.3,9.2,72.3,48.4,-23.9,63.1,NONE
KIE,18,1.928006,FAF,First American Financial Corporation,Insurance,Finance,EMERGING,13,64.7,76.3,47.2,43,FOLLOWER,58.3,54.3,74.6,38.2,-36.4,20.3,NONE
KIE,19,1.920844,ERIE,Erie Indemnity Company Class A,Insurance,Finance,EMERGING,13,64.7,76.3,47.2,63,FOLLOWER,50.9,20.3,83.2,66.7,-16.5,63.0,NONE
KIE,20,1.919647,EG,"Everest Group, Ltd.",Insurance,Finance,EMERGING,13,64.7,76.3,47.2,31,FOLLOWER,63.7,61.3,76.2,45.2,-30.9,14.9,NONE
KIE,21,1.918351,MET,"MetLife, Inc.",Insurance,Finance,EMERGING,13,64.7,76.3,47.2,20,FOLLOWER,67.4,66.8,77.7,42.7,-35.0,10.9,NONE
KIE,22,1.913376,RNR,RenaissanceRe Holdings Ltd.,Insurance,Finance,EMERGING,13,64.7,76.3,47.2,16,FOLLOWER,69.8,65.4,79.2,57.7,-21.5,13.7,NONE
KIE,23,1.911733,GNW,"Genworth Financial, Inc.",Insurance,Finance,EMERGING,13,64.7,76.3,47.2,30,FOLLOWER,63.8,53.3,77.6,52.4,-25.2,24.3,NONE
KIE,24,1.908428,CNO,"CNO Financial Group, Inc.",Insurance,Finance,EMERGING,13,64.7,76.3,47.2,15,FOLLOWER,72.3,73.5,81.3,42.0,-39.3,7.9,NONE
KIE,25,1.892692,AIZ,"Assurant, Inc.",Insurance,Finance,EMERGING,13,64.7,76.3,47.2,34,FOLLOWER,63.3,64.5,72.6,53.0,-19.6,8.1,NONE
KIE,26,1.874059,ORI,Old Republic International Corporation,Insurance,Finance,EMERGING,13,64.7,76.3,47.2,64,FOLLOWER,50.8,30.3,74.1,28.9,-45.2,43.8,NONE
KIE,27,1.873192,OSCR,"Oscar Health, Inc. Class A",Insurance,Finance,EMERGING,13,64.7,76.3,47.2,18,FOLLOWER,69.1,88.3,90.4,26.8,-63.6,2.1,NONE
KIE,28,1.85727,AFG,"American Financial Group, Inc.",Insurance,Finance,EMERGING,13,64.7,76.3,47.2,51,FOLLOWER,56.4,44.3,68.0,49.7,-18.3,23.8,NONE
KIE,29,1.8515,ACGL,Arch Capital Group Ltd.,Insurance,Finance,EMERGING,13,64.7,76.3,47.2,62,FOLLOWER,51.2,40.5,65.3,33.7,-31.6,24.8,NONE
KIE,30,1.834981,HIG,"Hartford Insurance Group, Inc.",Insurance,Finance,EMERGING,13,64.7,76.3,47.2,67,FOLLOWER,47.3,35.3,61.6,29.9,-31.7,26.2,NONE
KIE,31,1.832045,PGR,Progressive Corporation,Insurance,Finance,EMERGING,13,64.7,76.3,47.2,54,FOLLOWER,53.5,35.3,70.9,60.2,-10.7,35.6,NONE
KIE,32,1.819213,GL,Globe Life Inc.,Insurance,Finance,EMERGING,13,64.7,76.3,47.2,49,FOLLOWER,57.3,68.2,71.9,22.2,-49.8,3.7,NONE
KIE,33,1.812397,WTM,White Mountains Insurance Group Ltd,Insurance-Prop/Cas/Titl,Finance,LOSING,159,37.6,33.2,44.1,2,FOLLOWER,45.0,39.9,47.4,46.0,-1.4,7.4,NONE
KIE,34,1.808788,AON,Aon Plc Class A,Insurance,Finance,EMERGING,13,64.7,76.3,47.2,80,FOLLOWER,29.8,23.8,41.0,10.6,-30.5,17.2,NONE
KIE,35,1.797437,PRI,"Primerica, Inc.",Insurance,Finance,EMERGING,13,64.7,76.3,47.2,69,FOLLOWER,45.1,51.6,61.1,12.3,-48.9,9.5,NONE
KIE,36,1.779892,SPNT,SiriusPoint Ltd,Insurance,Finance,EMERGING,13,64.7,76.3,47.2,37,FOLLOWER,61.6,55.0,75.5,57.1,-18.4,20.5,BREAKOUT_WATCH
KIE,37,1.768198,CINF,Cincinnati Financial Corporation,Insurance,Finance,EMERGING,13,64.7,76.3,47.2,72,FOLLOWER,43.5,37.8,62.3,25.4,-36.9,24.5,NONE
KIE,38,1.759794,CB,Chubb Limited,Insurance,Finance,EMERGING,13,64.7,76.3,47.2,56,FOLLOWER,52.6,53.8,63.7,28.8,-34.9,10.0,NONE
KIE,39,1.757529,AIG,"American International Group, Inc.",Insurance,Finance,EMERGING,13,64.7,76.3,47.2,73,FOLLOWER,42.6,37.2,53.1,31.6,-21.5,15.9,NONE
KIE,40,1.756805,UNM,Unum Group,Insurance,Finance,EMERGING,13,64.7,76.3,47.2,9,FOLLOWER,75.8,63.8,69.2,72.9,3.7,5.4,BREAKOUT_WATCH
KIE,41,1.746818,PFG,"Principal Financial Group, Inc.",Insurance,Finance,EMERGING,13,64.7,76.3,47.2,38,FOLLOWER,60.9,72.8,58.3,30.4,-27.8,-14.6,NONE
KIE,42,1.73845,L,Loews Corporation,Insurance,Finance,EMERGING,13,64.7,76.3,47.2,76,FOLLOWER,41.0,33.9,52.5,18.6,-33.9,18.6,NONE
KIE,43,1.737367,MCY,Mercury General Corporation,Insurance,Finance,EMERGING,13,64.7,76.3,47.2,71,FOLLOWER,44.5,48.2,51.5,23.9,-27.6,3.2,NONE
KIE,44,1.731957,SIGI,"Selective Insurance Group, Inc.",Insurance,Finance,EMERGING,13,64.7,76.3,47.2,57,FOLLOWER,52.2,56.4,57.0,29.6,-27.4,0.6,NONE
KIE,45,1.719576,WRB,W. R. Berkley Corporation,Insurance-Prop/Cas/Titl,Finance,LOSING,159,37.6,33.2,44.1,3,FOLLOWER,34.4,21.1,55.8,18.1,-37.7,34.7,NONE
KIE,46,1.710767,MKL,Markel Group Inc.,Insurance,Finance,EMERGING,13,64.7,76.3,47.2,81,FOLLOWER,28.6,18.4,42.0,26.1,-15.9,23.6,NONE
KIE,47,1.710416,FNF,"Fidelity National Financial, Inc. - FNF Group",Insurance,Finance,EMERGING,13,64.7,76.3,47.2,85,FOLLOWER,25.1,16.0,44.8,11.7,-33.1,28.8,NONE
KIE,48,1.706077,AXS,Axis Capital Holdings Limited,Insurance,Finance,EMERGING,13,64.7,76.3,47.2,79,FOLLOWER,33.2,30.6,50.6,19.7,-30.9,20.1,NONE
KIE,49,1.701766,AFL,Aflac Incorporated,Insurance,Finance,EMERGING,13,64.7,76.3,47.2,74,FOLLOWER,42.3,43.5,51.7,14.3,-37.4,8.2,NONE
KIE,50,1.700647,AGO,Assured Guaranty Ltd.,Insurance,Finance,EMERGING,13,64.7,76.3,47.2,82,FOLLOWER,27.2,16.6,45.7,12.9,-32.8,29.1,NONE
KIE,51,1.668153,STC,Stewart Information Services Corporation,Insurance,Finance,EMERGING,13,64.7,76.3,47.2,70,FOLLOWER,44.8,24.3,61.0,54.4,-6.6,36.7,NONE
KIE,52,1.621706,LMND,Lemonade Inc,Insurance,Finance,EMERGING,13,64.7,76.3,47.2,84,FOLLOWER,26.0,7.7,20.9,72.5,51.6,13.2,NONE
KIE,53,1.439448,BHF,"Brighthouse Financial, Inc.",Insurance,Finance,EMERGING,13,64.7,76.3,47.2,89,FOLLOWER,16.6,14.2,15.5,6.8,-8.6,1.2,NONE
COPX,6,4.98,SCCO,Southern Copper Corporation,Mining-Metal Ores,Non-Energy Minerals,LOSING,48,54.8,66.8,36.9,4,LEADER,77.7,88.8,62.8,80.7,17.9,-26.0,NONE
COPX,7,4.87,FCX,"Freeport-McMoRan, Inc.",Mining-Metal Ores,Non-Energy Minerals,LOSING,48,54.8,66.8,36.9,2,LEADER,81.0,92.1,70.9,89.5,18.6,-21.2,NONE
COPX,24,1.58,TGB,Trekor Metals Limited,Mining-Metal Ores,Non-Energy Minerals,LOSING,48,54.8,66.8,36.9,1,PIONEER,81.5,91.8,73.3,95.1,21.8,-18.5,NONE
COPX,30,0.65,IE,Ivanhoe Electric Inc.,Mining-Metal Ores,Non-Energy Minerals,LOSING,48,54.8,66.8,36.9,34,FOLLOWER,30.4,17.5,12.5,89.4,76.9,-5.0,NONE
IYT,1,17.98,UNP,Union Pacific Corporation,Transportation-Rail,Transportation,LOSING,131,46.0,41.4,52.9,1,FOLLOWER,71.0,72.4,73.7,61.0,-12.7,1.3,NONE
IYT,2,15.8,UBER,"Uber Technologies, Inc.",Leisure-Services,Consumer Services,LOSING,99,43.0,50.8,31.1,17,FOLLOWER,44.4,20.2,48.8,71.4,22.6,28.6,NONE
IYT,3,9.38,CSX,CSX Corporation,Transportation-Rail,Transportation,LOSING,131,46.0,41.4,52.9,2,FOLLOWER,67.4,80.3,65.1,48.8,-16.3,-15.2,NONE
IYT,4,5.6,UPS,"United Parcel Service, Inc. Class B",Transport-Air Freight,Transportation,LOSING,118,43.8,44.6,42.5,2,FOLLOWER,48.3,53.2,33.2,54.5,21.3,-20.0,NONE
IYT,5,4.89,NSC,Norfolk Southern Corporation,Transportation-Rail,Transportation,LOSING,131,46.0,41.4,52.9,3,FOLLOWER,65.5,59.3,70.0,58.3,-11.7,10.7,NONE
IYT,6,4.54,DAL,"Delta Air Lines, Inc.",Transportation-Airline,Transportation,LOSING,180,16.7,18.4,14.2,1,FOLLOWER,36.6,61.9,31.1,10.2,-20.9,-30.8,NONE
IYT,7,4.51,UAL,"United Airlines Holdings, Inc.",Transportation-Airline,Transportation,LOSING,180,16.7,18.4,14.2,6,FOLLOWER,29.3,43.3,32.4,10.0,-22.4,-10.9,NONE
IYT,8,4.49,FDX,FedEx Corporation,Transport-Air Freight,Transportation,LOSING,118,43.8,44.6,42.5,1,FOLLOWER,63.1,82.2,33.2,69.1,35.9,-49.0,NONE
IYT,9,3.65,ODFL,"Old Dominion Freight Line, Inc.",Transportation-Truck,Transportation,LOSING,119,38.4,44.4,29.4,12,FOLLOWER,44.7,82.0,18.9,20.9,2.0,-63.1,NONE
IYT,10,3.13,EXPD,"Expeditors International of Washington, Inc.",Transportation-Logistics,Transportation,LOSING,66,50.2,61.7,33.0,1,LEADER,82.4,69.3,79.8,80.8,1.0,10.4,BREAKOUT_WATCH
IYT,11,2.78,XPO,"XPO, Inc.",Transportation-Logistics,Transportation,LOSING,66,50.2,61.7,33.0,5,FOLLOWER,48.3,74.9,19.1,28.7,9.7,-55.8,NONE
IYT,12,2.44,JBHT,"J.B. Hunt Transport Services, Inc.",Transportation-Truck,Transportation,LOSING,119,38.4,44.4,29.4,5,FOLLOWER,52.8,84.6,29.7,35.1,5.4,-54.9,NONE
IYT,13,2.43,LUV,Southwest Airlines Co.,Transportation-Airline,Transportation,LOSING,180,16.7,18.4,14.2,7,FOLLOWER,27.9,49.9,23.1,6.9,-16.2,-26.7,NONE
IYT,14,2.22,CHRW,"C.H. Robinson Worldwide, Inc.",Transportation-Logistics,Transportation,LOSING,66,50.2,61.7,33.0,7,FOLLOWER,31.2,27.2,14.6,53.2,38.5,-12.6,NONE
IYT,16,1.37,KNX,Knight-Swift Transportation Holdings Inc. Class A,Transportation-Truck,Transportation,LOSING,119,38.4,44.4,29.4,6,FOLLOWER,51.7,83.3,19.7,38.1,18.4,-63.6,NONE
IYT,17,1.19,R,"Ryder System, Inc.",Comml Svcs-Leasing,Finance,LOSING,148,32.5,37.1,25.6,6,FOLLOWER,49.2,79.5,32.6,25.9,-6.7,-46.9,NONE
IYT,18,1.18,SAIA,"Saia, Inc.",Transportation-Truck,Transportation,LOSING,119,38.4,44.4,29.4,13,FOLLOWER,43.3,66.5,8.4,56.7,48.4,-58.1,NONE
IYT,19,1.13,AAL,American Airlines Group Inc.,Transportation-Airline,Transportation,LOSING,180,16.7,18.4,14.2,8,FOLLOWER,22.9,29.1,27.1,8.9,-18.2,-2.0,NONE
IYT,20,0.93,KEX,Kirby Corporation,Transportation-Ship,Transportation,LEADING,17,72.1,74.8,68.1,30,FOLLOWER,56.1,64.9,38.3,72.7,34.5,-26.7,BREAKOUT_WATCH
IYT,21,0.85,MATX,"Matson, Inc.",Transportation-Ship,Transportation,LEADING,17,72.1,74.8,68.1,4,LEADER,86.2,95.5,81.4,78.4,-3.0,-14.1,BREAKOUT_WATCH
IYT,22,0.84,LYFT,"Lyft, Inc. Class A",Leisure-Services,Consumer Services,LOSING,99,43.0,50.8,31.1,18,FOLLOWER,44.0,16.4,72.0,69.2,-2.8,55.6,NONE
IYT,23,0.77,LSTR,"Landstar System, Inc.",Transportation-Truck,Transportation,LOSING,119,38.4,44.4,29.4,10,FOLLOWER,46.5,78.0,15.7,61.4,45.6,-62.2,NONE
IYT,25,0.69,GXO,GXO Logistics Inc,Transportation-Logistics,Transportation,LOSING,66,50.2,61.7,33.0,8,FOLLOWER,25.0,26.9,30.2,23.8,-6.4,3.3,NONE
IYT,26,0.59,ALK,"Alaska Air Group, Inc.",Transportation-Airline,Transportation,LOSING,180,16.7,18.4,14.2,9,FOLLOWER,22.0,30.2,26.0,8.2,-17.7,-4.2,NONE
IYT,27,0.54,JOBY,"Joby Aviation, Inc.",Aerospace/Defense,Electronic Technology,LOSING,86,42.3,54.8,23.6,60,FOLLOWER,9.4,2.5,3.1,25.6,22.5,0.6,NONE
IYT,28,0.49,SKYW,"SkyWest, Inc",Transportation-Airline,Transportation,LOSING,180,16.7,18.4,14.2,2,FOLLOWER,36.5,25.9,75.4,9.5,-65.9,49.6,NONE
IYT,29,0.45,RXO,"RXO, Inc.",Transportation-Truck,Transportation,LOSING,119,38.4,44.4,29.4,7,FOLLOWER,49.5,87.6,11.2,64.9,53.7,-76.4,NONE
IYT,30,0.38,ARCB,ArcBest Corporation,Transportation-Truck,Transportation,LOSING,119,38.4,44.4,29.4,3,FOLLOWER,56.8,96.2,35.0,25.6,-9.4,-61.2,NONE
IYT,31,0.3,HUBG,"Hub Group, Inc. Class A",Transportation-Logistics,Transportation,LOSING,66,50.2,61.7,33.0,9,FOLLOWER,24.8,40.2,24.5,6.9,-17.6,-15.7,NONE
IYT,32,0.29,CAR,"Avis Budget Group, Inc.",Leisure-Services,Consumer Services,LOSING,99,43.0,50.8,31.1,19,FOLLOWER,41.7,48.0,18.3,71.0,52.7,-29.7,NONE
IYT,33,0.29,WERN,"Werner Enterprises, Inc.",Transportation-Truck,Transportation,LOSING,119,38.4,44.4,29.4,4,FOLLOWER,53.3,85.1,25.5,64.3,38.9,-59.6,NONE
IYT,34,0.22,ALGT,Allegiant Travel Company,Transportation-Airline,Transportation,LOSING,180,16.7,18.4,14.2,12,FOLLOWER,18.3,31.1,16.2,2.6,-13.6,-14.9,NONE
IYT,35,0.21,SNDR,"Schneider National, Inc. Class B",Transportation-Logistics,Transportation,LOSING,66,50.2,61.7,33.0,4,FOLLOWER,55.4,84.8,29.7,28.9,-0.8,-55.2,NONE
IYT,36,0.18,JBLU,JetBlue Airways Corporation,Transportation-Airline,Transportation,LOSING,180,16.7,18.4,14.2,10,FOLLOWER,21.8,36.2,21.6,2.3,-19.3,-14.6,NONE
IYT,37,0.12,GNK,Genco Shipping & Trading Ltd,Transportation-Ship,Transportation,LEADING,17,72.1,74.8,68.1,19,FOLLOWER,71.7,82.0,68.2,67.6,-0.6,-13.8,NONE
IYT,38,0.1,MRTN,"Marten Transport, Ltd.",Transportation-Truck,Transportation,LOSING,119,38.4,44.4,29.4,14,FOLLOWER,42.1,78.9,13.8,33.4,19.6,-65.1,NONE
IYT,39,0.07,HTLD,"Heartland Express, Inc.",Transportation-Truck,Transportation,LOSING,119,38.4,44.4,29.4,11,FOLLOWER,45.7,85.8,11.7,52.3,40.5,-74.0,NONE
IYT,40,0.07,CVLG,"Covenant Logistics Group, Inc. Class A",Transportation-Truck,Transportation,LOSING,119,38.4,44.4,29.4,9,FOLLOWER,46.9,91.5,17.2,42.4,25.2,-74.3,NONE
IYT,41,0.06,ULCC,"Frontier Group Holdings, Inc.",Transportation-Airline,Transportation,LOSING,180,16.7,18.4,14.2,3,FOLLOWER,35.6,67.8,31.4,5.7,-25.7,-36.4,NONE
IYT,42,0.05,FIP,FTAI Infrastructure Incorporation,Transportation-Equip Mfg,Producer Manufacturing,LOSING,90,41.2,52.5,24.2,8,FOLLOWER,15.1,18.6,10.0,20.4,10.4,-8.7,NONE
IYT,43,0.03,HTZ,Hertz Global Holdings Inc,Leisure-Services,Consumer Services,LOSING,99,43.0,50.8,31.1,27,FOLLOWER,22.7,1.7,0.9,97.4,96.5,-0.8,NONE
ITA,1,21.58,GE,GE Aerospace,Aerospace/Defense,Electronic Technology,LOSING,86,42.3,54.8,23.6,21,FOLLOWER,43.2,52.5,51.0,18.4,-32.6,-1.5,NONE
ITA,2,17.24,RTX,RTX Corporation,Aerospace/Defense,Electronic Technology,LOSING,86,42.3,54.8,23.6,7,FOLLOWER,59.6,60.9,81.2,30.2,-51.0,20.3,NONE
ITA,3,9.07,BA,Boeing Company,Aerospace/Defense,Electronic Technology,LOSING,86,42.3,54.8,23.6,33,FOLLOWER,33.6,49.5,25.7,27.5,1.8,-23.8,NONE
ITA,4,4.83,GD,General Dynamics Corporation,Aerospace/Defense,Electronic Technology,LOSING,86,42.3,54.8,23.6,12,FOLLOWER,52.3,48.7,64.4,30.3,-34.1,15.8,NONE
ITA,5,4.74,LMT,Lockheed Martin Corporation,Aerospace/Defense,Electronic Technology,LOSING,86,42.3,54.8,23.6,11,FOLLOWER,52.9,65.5,61.8,27.9,-33.8,-3.7,NONE
ITA,6,4.41,NOC,Northrop Grumman Corp.,Aerospace/Defense,Electronic Technology,LOSING,86,42.3,54.8,23.6,31,FOLLOWER,34.4,29.4,40.8,44.1,3.3,11.5,NONE
ITA,7,4.35,HWM,Howmet Aerospace Inc.,Aerospace/Defense,Electronic Technology,LOSING,86,42.3,54.8,23.6,28,FOLLOWER,36.2,59.6,31.0,7.8,-23.2,-28.6,NONE
ITA,8,4.29,TDG,TransDigm Group Incorporated,Aerospace/Defense,Electronic Technology,LOSING,86,42.3,54.8,23.6,47,FOLLOWER,23.1,18.4,28.8,18.7,-10.1,10.5,NONE
ITA,9,3.7,LHX,L3Harris Technologies Inc,Aerospace/Defense,Electronic Technology,LOSING,86,42.3,54.8,23.6,39,FOLLOWER,28.9,30.1,17.4,27.4,10.0,-12.8,NONE
ITA,10,3.4,AXON,Axon Enterprise Inc,Security/Sfty,Electronic Technology,LOSING,65,51.5,62.3,35.3,5,FOLLOWER,56.6,43.2,80.1,71.0,-9.0,36.8,NONE
ITA,11,2.43,RKLB,Rocket Lab Corporation,Aerospace/Defense,Electronic Technology,LOSING,86,42.3,54.8,23.6,23,FOLLOWER,39.2,84.1,2.0,37.4,35.5,-82.1,NONE
ITA,12,2.08,ATI,ATI Inc,Aerospace/Defense,Electronic Technology,LOSING,86,42.3,54.8,23.6,2,LEADER,82.2,95.0,72.8,74.4,1.6,-22.3,NONE
ITA,13,1.76,CRS,Carpenter Technology Corporation,Steel-Specialty Alloys,Non-Energy Minerals,LOSING,142,34.4,38.4,28.5,1,FOLLOWER,46.5,82.4,34.6,14.9,-19.7,-47.8,NONE
ITA,14,1.6,CW,Curtiss-Wright Corporation,Aerospace/Defense,Electronic Technology,LOSING,86,42.3,54.8,23.6,49,FOLLOWER,22.1,39.9,12.7,3.7,-9.1,-27.1,NONE
ITA,15,1.51,WWD,"Woodward, Inc.",Aerospace/Defense,Electronic Technology,LOSING,86,42.3,54.8,23.6,25,FOLLOWER,38.6,53.6,37.8,21.0,-16.8,-15.8,NONE
ITA,16,1.45,FTAI,FTAI Aviation Ltd.,Aerospace/Defense,Electronic Technology,LOSING,86,42.3,54.8,23.6,40,FOLLOWER,27.5,51.1,10.1,16.5,6.5,-41.0,NONE
ITA,18,1.04,TXT,Textron Inc.,Aerospace/Defense,Electronic Technology,LOSING,86,42.3,54.8,23.6,45,FOLLOWER,24.1,30.0,22.1,21.6,-0.5,-7.9,NONE
ITA,19,1.04,BWXT,"BWX Technologies, Inc.",Aerospace/Defense,Electronic Technology,LOSING,86,42.3,54.8,23.6,55,FOLLOWER,14.9,17.9,12.8,12.4,-0.3,-5.1,NONE
ITA,20,0.99,HEI,HEICO Corporation,Aerospace/Defense,Electronic Technology,LOSING,86,42.3,54.8,23.6,27,FOLLOWER,36.3,41.9,37.5,17.6,-20.0,-4.4,NONE
ITA,21,0.86,HII,"Huntington Ingalls Industries, Inc.",Aerospace/Defense,Electronic Technology,LOSING,86,42.3,54.8,23.6,42,FOLLOWER,26.3,26.7,36.2,11.0,-25.2,9.4,NONE
ITA,23,0.71,KTOS,"Kratos Defense & Security Solutions, Inc.",Aerospace/Defense,Electronic Technology,LOSING,86,42.3,54.8,23.6,41,FOLLOWER,26.7,7.6,12.2,75.5,63.3,4.6,NONE
ITA,24,0.52,HXL,Hexcel Corporation,Aerospace/Defense,Electronic Technology,LOSING,86,42.3,54.8,23.6,20,FOLLOWER,44.2,62.8,53.5,12.1,-41.4,-9.3,NONE
ITA,25,0.44,VSEC,VSE Corporation,Comml Svcs-Consulting,Commercial Services,LOSING,37,63.6,70.5,53.2,5,FOLLOWER,66.1,55.2,75.8,71.0,-4.8,20.6,NONE
ITA,26,0.38,AIR,AAR CORP.,Aerospace/Defense,Electronic Technology,LOSING,86,42.3,54.8,23.6,6,FOLLOWER,60.1,85.2,78.4,16.2,-62.2,-6.7,NONE
ITA,27,0.36,AVAV,"AeroVironment, Inc.",Aerospace/Defense,Electronic Technology,LOSING,86,42.3,54.8,23.6,56,FOLLOWER,14.2,3.5,8.1,41.3,33.3,4.6,NONE
ITA,28,0.35,SARO,"StandardAero, Inc.",Aerospace/Defense,Electronic Technology,LOSING,86,42.3,54.8,23.6,51,FOLLOWER,20.1,27.9,21.7,5.0,-16.7,-6.2,NONE
ITA,29,0.34,MRCY,"Mercury Systems, Inc.",Aerospace/Defense,Electronic Technology,LOSING,86,42.3,54.8,23.6,38,FOLLOWER,29.7,64.9,10.8,11.6,0.8,-54.1,NONE
ITA,30,0.28,KRMN,Karman Holdings Inc.,Aerospace/Defense,Electronic Technology,LOSING,86,42.3,54.8,23.6,59,FOLLOWER,10.6,5.8,10.3,7.2,-3.1,4.4,NONE
ITA,31,0.27,ACHR,Archer Aviation Inc Class A,Aerospace/Defense,Electronic Technology,LOSING,86,42.3,54.8,23.6,37,FOLLOWER,30.0,12.4,15.3,91.8,76.5,3.0,NONE
ITA,32,0.22,DRS,"Leonardo DRS, Inc.",Aerospace/Defense,Electronic Technology,LOSING,86,42.3,54.8,23.6,36,FOLLOWER,30.3,52.3,11.4,4.5,-6.9,-40.8,NONE
ITA,33,0.21,ATRO,Astronics Corporation,Aerospace/Defense,Electronic Technology,LOSING,86,42.3,54.8,23.6,3,FOLLOWER,70.3,89.8,61.5,67.9,6.4,-28.3,NONE
ITA,34,0.19,LOAR,Loar Holdings Inc.,Aerospace/Defense,Electronic Technology,LOSING,86,42.3,54.8,23.6,14,FOLLOWER,51.2,39.4,68.7,58.0,-10.7,29.3,NONE
ITA,35,0.18,DCO,Ducommun Incorporated,Aerospace/Defense,Electronic Technology,LOSING,86,42.3,54.8,23.6,4,FOLLOWER,65.9,93.1,75.1,26.0,-49.1,-18.0,NONE
ITA,36,0.14,LUNR,"Intuitive Machines, Inc. Class A",Aerospace/Defense,Electronic Technology,LOSING,86,42.3,54.8,23.6,16,FOLLOWER,50.9,88.4,0.6,91.8,91.1,-87.8,NONE
ITA,37,0.12,VVX,V2X Inc,Aerospace/Defense,Electronic Technology,LOSING,86,42.3,54.8,23.6,24,FOLLOWER,38.7,78.1,25.1,6.7,-18.4,-53.1,NONE
ITA,38,0.09,RDW,Redwire Corp,Aerospace/Defense,Electronic Technology,LOSING,86,42.3,54.8,23.6,9,FOLLOWER,53.8,94.7,1.9,91.6,89.8,-92.8,NONE
ITA,39,0.08,RCAT,Red Cat Holdings Inc,Comp Sftwr - Specialty Enterprise,Technology Services,LOSING,40,55.6,69.4,34.8,15,FOLLOWER,39.5,57.0,3.2,82.6,79.4,-53.8,NONE
ITA,40,0.07,CDRE,"Cadre Holdings, Inc.",Security/Sfty,Electronic Technology,LOSING,65,51.5,62.3,35.3,16,FOLLOWER,24.2,8.5,33.3,27.7,-5.6,24.8,NONE
ITA,41,0.06,NPK,"National Presto Industries, Inc.",Aerospace/Defense,Electronic Technology,LOSING,86,42.3,54.8,23.6,1,LEADER,91.0,87.5,79.9,91.9,12.0,-7.6,NONE
ITA,42,0.05,FLY,"Firefly Aerospace, Inc.",Aerospace/Defense,Electronic Technology,LOSING,86,42.3,54.8,23.6,29,FOLLOWER,36.0,60.8,1.2,62.1,60.9,-59.6,NONE
ITA,43,0.05,BETA,"BETA Technologies, Inc. Class A",Aerospace/Defense,Electronic Technology,LOSING,86,42.3,54.8,23.6,22,FOLLOWER,40.6,10.9,67.4,68.4,1.0,56.4,NONE
ITA,44,0.05,RGR,"Sturm, Ruger & Company, Inc.",Security/Sfty,Electronic Technology,LOSING,65,51.5,62.3,35.3,7,FOLLOWER,48.4,66.8,35.0,58.7,23.7,-31.9,NONE
ITA,45,0.04,SWBI,"Smith & Wesson Brands, Inc.",Security/Sfty,Electronic Technology,LOSING,65,51.5,62.3,35.3,11,FOLLOWER,37.8,82.7,15.6,8.6,-7.1,-67.0,NONE
ITA,46,0.03,VOYG,"Voyager Technologies, Inc. Class A",Aerospace/Defense,Electronic Technology,LOSING,86,42.3,54.8,23.6,10,FOLLOWER,53.5,84.3,7.4,96.1,88.7,-76.9,NONE
ITA,47,0.02,SPCE,Virgin Galactic Holdings Inc,Aerospace/Defense,Electronic Technology,LOSING,86,42.3,54.8,23.6,46,FOLLOWER,23.9,13.3,0.6,83.1,82.6,-12.7,NONE
ITA,48,0.01,YSS,"York Space Systems, Inc.",Aerospace/Defense,Electronic Technology,LOSING,86,42.3,54.8,23.6,64,FOLLOWER,2.6,,0.3,0.6,0.3,,NONE
PAVE,1,0.74,GGG,Graco Inc.,Machinery-Gen Industrial,Producer Manufacturing,LOSING,98,42.5,50.9,29.9,24,FOLLOWER,39.9,27.5,54.1,33.6,-20.4,26.6,NONE
PAVE,2,0.7,CR,Crane Company,Machinery-Gen Industrial,Producer Manufacturing,LOSING,98,42.5,50.9,29.9,13,FOLLOWER,52.4,51.5,70.0,27.7,-42.3,18.5,NONE
PAVE,3,0.62,RRX,Regal Rexnord Corporation,Electrical-Power/Equipmt,Producer Manufacturing,LOSING,140,30.9,38.6,19.3,17,FOLLOWER,23.1,47.1,10.8,2.5,-8.3,-36.2,NONE
PAVE,4,0.61,WMS,"Advanced Drainage Systems, Inc.",Bldg-Constr Prds/Misc,Producer Manufacturing,LOSING,168,24.2,24.6,23.7,2,FOLLOWER,29.7,20.6,39.2,35.7,-3.4,18.6,NONE
PAVE,5,0.59,AYI,Acuity Inc.,Building - Construction Products,Producer Manufacturing,LOSING,46,53.0,67.2,31.6,17,FOLLOWER,43.7,22.8,60.7,52.2,-8.5,37.9,NONE
PAVE,6,0.58,SPXC,"SPX Technologies, Inc.",Machinery-Gen Industrial,Producer Manufacturing,LOSING,98,42.5,50.9,29.9,37,FOLLOWER,19.0,23.1,21.2,10.9,-10.3,-1.9,NONE
PAVE,7,0.57,PNR,Pentair plc,Machinery-Gen Industrial,Producer Manufacturing,LOSING,98,42.5,50.9,29.9,41,FOLLOWER,14.9,4.3,16.7,16.3,-0.4,12.4,NONE
PAVE,8,0.57,WLK,Westlake Corporation,Chemicals-Basic,Process Industries,LOSING,137,32.5,39.5,21.9,2,FOLLOWER,41.7,57.7,18.8,70.8,52.0,-39.0,NONE
PAVE,9,0.55,TTEK,"Tetra Tech, Inc.",Pollution Control,Industrial Services,LOSING,74,51.7,57.8,42.7,3,FOLLOWER,60.7,41.5,89.2,75.0,-14.2,47.7,NONE
PAVE,10,0.54,VMI,"Valmont Industries, Inc.",Metal Products - Distributors/Fabrication,Producer Manufacturing,LOSING,80,45.4,55.6,30.2,16,FOLLOWER,34.9,54.6,20.8,33.4,12.6,-33.8,NONE
PAVE,11,0.52,DY,"Dycom Industries, Inc.",Telecom-Infrastructure,Electronic Technology,LOSING,73,45.8,58.2,27.1,9,FOLLOWER,14.5,14.9,3.6,1.3,-2.2,-11.4,NONE
PAVE,12,0.51,ACM,AECOM,Bldg-Heavy Construction,Industrial Services,LOSING,114,37.3,46.2,24.1,21,FOLLOWER,18.5,6.7,27.3,18.1,-9.1,20.5,NONE
PAVE,13,0.49,FPS,"Forgent Power Solutions, Inc. Class A",Electrical-Power/Equipmt,Producer Manufacturing,LOSING,140,30.9,38.6,19.3,20,FOLLOWER,9.4,,2.2,15.1,12.8,,NONE
PAVE,14,0.47,ZWS,Zurn Elkay Water Solutions Corporation,Machinery-Gen Industrial,Producer Manufacturing,LOSING,98,42.5,50.9,29.9,27,FOLLOWER,37.7,33.6,48.7,22.5,-26.2,15.1,NONE
PAVE,15,0.44,CMC,Commercial Metals Company,Metal Products - Distributors/Fabrication,Producer Manufacturing,LOSING,80,45.4,55.6,30.2,17,FOLLOWER,32.4,43.7,21.6,36.4,14.9,-22.2,NONE
PAVE,16,0.43,TEX,Terex Corporation,Machinery-Constr/Mining/Farming,Producer Manufacturing,LOSING,27,66.1,76.0,51.2,6,FOLLOWER,61.7,77.4,63.8,53.3,-10.5,-13.6,NONE
PAVE,17,0.42,BLDR,"Builders FirstSource, Inc.",Building - Construction Products,Producer Manufacturing,LOSING,46,53.0,67.2,31.6,34,FOLLOWER,22.1,5.3,19.2,44.1,24.9,14.0,NONE
PAVE,18,0.42,ACA,"Arcosa, Inc.",Building - Construction Products,Producer Manufacturing,LOSING,46,53.0,67.2,31.6,5,FOLLOWER,70.0,74.7,77.2,44.9,-32.3,2.4,BREAKOUT_WATCH
PAVE,19,0.4,ATKR,Atkore Inc,Building - Construction Products,Producer Manufacturing,LOSING,46,53.0,67.2,31.6,1,PIONEER,85.9,79.0,74.0,93.4,19.4,-4.9,BREAKOUT_WATCH
PAVE,20,0.39,CLF,Cleveland-Cliffs Inc,Steel-Producers,Non-Energy Minerals,LOSING,100,46.5,50.2,40.9,9,FOLLOWER,24.5,23.3,15.9,46.4,30.4,-7.4,NONE
PAVE,21,0.39,PLPC,Preformed Line Products Company,Telecom - Equipment,Electronic Technology,LOSING,103,41.7,49.7,29.7,2,FOLLOWER,67.7,94.3,57.3,79.9,22.6,-37.0,NONE
PAVE,22,0.39,POWL,"Powell Industries, Inc.",Electrical-Power/Equipmt,Producer Manufacturing,LOSING,140,30.9,38.6,19.3,10,FOLLOWER,37.5,89.4,4.6,7.2,2.6,-84.8,NONE
PAVE,23,0.37,EXPO,"Exponent, Inc.",Comml Svcs-Consulting,Commercial Services,LOSING,37,63.6,70.5,53.2,12,FOLLOWER,55.1,32.4,79.3,68.5,-10.8,46.9,BREAKOUT_WATCH
PAVE,24,0.36,CMCO,Columbus McKinnon Corporation,Machinery-Mtl Hdlg/Autmn,Technology Services,LOSING,105,44.1,49.4,36.0,4,FOLLOWER,44.2,45.4,72.2,16.4,-55.8,26.8,NONE
PAVE,25,0.35,EXP,Eagle Materials Inc.,Bldg-Cement/Concrt/Ag,Non-Energy Minerals,LOSING,87,42.1,54.6,23.5,8,FOLLOWER,19.5,19.9,19.4,22.3,2.9,-0.4,NONE
PAVE,26,0.35,AGX,"Argan, Inc.",Bldg-Heavy Construction,Industrial Services,LOSING,114,37.3,46.2,24.1,17,FOLLOWER,27.8,50.6,5.6,1.7,-3.9,-45.1,NONE
PAVE,27,0.35,DNOW,DNOW Inc.,Oil&Gas-Machinery/Equip,Industrial Services,LOSING,76,53.8,56.9,49.1,5,FOLLOWER,71.7,55.0,85.8,81.8,-4.0,30.8,NONE
PAVE,28,0.35,USLM,"United States Lime & Minerals, Inc.",Bldg-Cement/Concrt/Ag,Non-Energy Minerals,LOSING,87,42.1,54.6,23.5,2,FOLLOWER,46.7,30.8,56.5,70.6,14.1,25.8,NONE
PAVE,29,0.35,ECG,"Everus Construction Group, Inc.",Bldg-Heavy Construction,Industrial Services,LOSING,114,37.3,46.2,24.1,14,FOLLOWER,32.8,66.3,11.4,15.0,3.6,-54.9,NONE
PAVE,30,0.35,BMI,"Badger Meter, Inc.",Machinery-Gen Industrial,Producer Manufacturing,LOSING,98,42.5,50.9,29.9,25,FOLLOWER,39.4,12.4,66.2,52.7,-13.5,53.7,NONE
PAVE,31,0.34,TITN,Titan Machinery Inc.,Retail/Whlsle-Bldg Prds,Distribution Services,LOSING,122,38.6,43.2,31.7,4,FOLLOWER,49.2,47.8,26.7,89.6,62.9,-21.1,NONE
PAVE,32,0.34,DXPE,"DXP Enterprises, Inc.",Machinery-Gen Industrial,Producer Manufacturing,LOSING,98,42.5,50.9,29.9,1,LEADER,86.4,94.7,90.0,88.3,-1.7,-4.7,NONE
PAVE,33,0.34,CSW,"CSW Industrials, Inc.",Bldg-A/C & Heating Prds,Producer Manufacturing,LOSING,165,30.9,26.9,36.8,1,FOLLOWER,58.2,53.0,75.0,30.4,-44.7,22.0,NONE
PAVE,34,0.34,CALX,"Calix, Inc.",Computer-Networking,Electronic Technology,LOSING,83,42.3,55.1,22.9,8,FOLLOWER,28.7,8.2,29.5,68.4,39.0,21.3,NONE
PAVE,35,0.32,ROAD,"Construction Partners, Inc. Class A",Bldg-Heavy Construction,Industrial Services,LOSING,114,37.3,46.2,24.1,13,FOLLOWER,32.9,31.1,25.6,58.8,33.2,-5.4,NONE
PAVE,36,0.32,WNC,Wabash National Corporation,Transportation-Equip Mfg,Producer Manufacturing,LOSING,90,41.2,52.5,24.2,1,LEADER,84.2,86.6,98.7,71.1,-27.6,12.1,BREAKOUT_WATCH
PAVE,37,0.32,ROCK,"Gibraltar Industries, Inc.",Metal Products - Distributors/Fabrication,Producer Manufacturing,LOSING,80,45.4,55.6,30.2,9,FOLLOWER,49.5,21.2,80.7,68.9,-11.8,59.5,NONE
PAVE,38,0.32,TPC,Tutor Perini Corporation,Bldg-Heavy Construction,Industrial Services,LOSING,114,37.3,46.2,24.1,2,FOLLOWER,68.6,71.0,80.9,67.3,-13.6,9.8,NONE
PAVE,39,0.31,CENX,Century Aluminum Company,Metal Products - Distributors/Fabrication,Producer Manufacturing,LOSING,80,45.4,55.6,30.2,6,FOLLOWER,52.7,86.4,7.6,57.0,49.5,-78.8,NONE
PAVE,40,0.31,GVA,Granite Construction Incorporated,Bldg-Heavy Construction,Industrial Services,LOSING,114,37.3,46.2,24.1,12,FOLLOWER,34.8,52.3,20.1,43.0,22.9,-32.2,NONE
PAVE,41,0.31,LPX,Louisiana-Pacific Corporation,Building - Construction Products,Producer Manufacturing,LOSING,46,53.0,67.2,31.6,29,FOLLOWER,29.6,19.4,29.6,34.5,4.9,10.2,NONE
PAVE,42,0.3,MWA,"Mueller Water Products, Inc. Class A",Building - Construction Products,Producer Manufacturing,LOSING,46,53.0,67.2,31.6,28,FOLLOWER,31.4,33.8,35.1,26.5,-8.6,1.3,NONE
PAVE,43,0.3,MTX,Minerals Technologies Inc.,Chemicals-Specialty,Process Industries,LOSING,71,51.1,59.8,38.0,26,FOLLOWER,36.7,60.0,26.4,18.3,-8.1,-33.6,NONE
PAVE,44,0.3,HRI,"Herc Holdings, Inc.",Comml Svcs-Leasing,Finance,LOSING,148,32.5,37.1,25.6,3,FOLLOWER,57.4,51.4,78.2,54.0,-24.1,26.8,NONE
PAVE,45,0.3,GRC,Gorman-Rupp Company,Machinery-Gen Industrial,Producer Manufacturing,LOSING,98,42.5,50.9,29.9,16,FOLLOWER,49.4,87.6,48.7,18.0,-30.7,-38.9,NONE
PAVE,46,0.3,MTUS,Metallus Inc.,Steel-Specialty Alloys,Non-Energy Minerals,LOSING,142,34.4,38.4,28.5,4,FOLLOWER,42.5,54.8,38.4,31.0,-7.4,-16.3,NONE
PAVE,47,0.3,MDU,"MDU Resources Group, Inc.",Utilities,Utilities,LOSING,61,49.8,64.6,27.7,43,FOLLOWER,37.0,28.9,32.7,43.6,10.9,3.8,NONE
PAVE,48,0.29,IIIN,"Insteel Industries, Inc.",Metal Products - Distributors/Fabrication,Producer Manufacturing,LOSING,80,45.4,55.6,30.2,13,FOLLOWER,39.6,31.7,64.0,36.6,-27.4,32.3,NONE
PAVE,49,0.28,TTAM,Titan America SA,Building - Construction Products,Producer Manufacturing,LOSING,46,53.0,67.2,31.6,30,FOLLOWER,24.9,25.4,26.6,28.2,1.6,1.2,NONE
PAVE,50,0.28,GBX,"Greenbrier Companies, Inc.",Transportation-Equip Mfg,Producer Manufacturing,LOSING,90,41.2,52.5,24.2,5,FOLLOWER,29.2,38.9,35.8,14.6,-21.2,-3.1,NONE
PAVE,51,0.27,MWH,SOLV Energy Inc Class A,Bldg-Heavy Construction,Industrial Services,LOSING,114,37.3,46.2,24.1,23,FOLLOWER,11.0,,8.4,11.3,2.9,,NONE
PAVE,52,0.27,MYRG,MYR Group Inc.,Bldg-Heavy Construction,Industrial Services,LOSING,114,37.3,46.2,24.1,16,FOLLOWER,32.2,71.0,5.3,8.7,3.4,-65.7,NONE
PAVE,53,0.27,CTOS,Custom Truck One Source Inc,Comml Svcs-Leasing,Finance,LOSING,148,32.5,37.1,25.6,10,FOLLOWER,41.8,78.8,33.6,12.8,-20.8,-45.2,NONE
PAVE,54,0.27,RYZ,Ryerson Holding Corporation,Metal Products - Distributors/Fabrication,Producer Manufacturing,LOSING,80,45.4,55.6,30.2,19,FOLLOWER,29.0,49.7,23.5,12.2,-11.4,-26.2,NONE
PAVE,55,0.26,NWPX,NWPX Infrastructure Inc.,Metal Products - Distributors/Fabrication,Producer Manufacturing,LOSING,80,45.4,55.6,30.2,10,FOLLOWER,48.2,93.1,26.1,10.5,-15.6,-67.0,NONE
PAVE,56,0.26,KNF,Knife River Corporation,Bldg-Cement/Concrt/Ag,Non-Energy Minerals,LOSING,87,42.1,54.6,23.5,10,FOLLOWER,13.1,17.1,11.8,7.0,-4.9,-5.3,NONE
PAVE,57,0.25,PRIM,Primoris Services Corporation,Bldg-Heavy Construction,Industrial Services,LOSING,114,37.3,46.2,24.1,26,FOLLOWER,6.1,4.3,3.8,6.6,2.9,-0.5,NONE
PAVE,58,0.25,TRN,"Trinity Industries, Inc.",Transportation-Equip Mfg,Producer Manufacturing,LOSING,90,41.2,52.5,24.2,4,FOLLOWER,32.6,50.7,23.8,15.9,-7.9,-27.0,NONE
PAVE,59,0.24,LGN,Legence Corp. Class A,Bldg-Heavy Construction,Industrial Services,LOSING,114,37.3,46.2,24.1,19,FOLLOWER,24.2,56.8,4.5,5.2,0.7,-52.3,NONE
PAVE,60,0.24,ASTE,"Astec Industries, Inc.",Machinery-Constr/Mining/Farming,Producer Manufacturing,LOSING,27,66.1,76.0,51.2,13,FOLLOWER,20.4,30.5,16.8,5.5,-11.2,-13.8,NONE
PAVE,61,0.23,CTRI,"Centuri Holdings, Inc.",Utilities,Utilities,LOSING,61,49.8,64.6,27.7,71,FOLLOWER,13.8,26.5,6.3,1.5,-4.8,-20.2,NONE
PAVE,62,3.38,DE,Deere & Company,Machinery-Constr/Mining/Farming,Producer Manufacturing,LOSING,27,66.1,76.0,51.2,2,LEADER,84.0,77.8,82.9,77.3,-5.6,5.2,BREAKOUT_WATCH
PAVE,63,3.36,FAST,Fastenal Company,Retail - Specialty,Retail Trade,LOSING,135,37.6,39.8,34.3,2,FOLLOWER,64.7,63.9,69.9,60.9,-9.0,6.0,NONE
PAVE,64,3.32,EMR,Emerson Electric Co.,Elec-Scientific/Msrng,Electronic Technology,LOSING,124,36.4,42.9,26.8,1,FOLLOWER,59.0,57.0,60.4,56.4,-4.0,3.3,NONE
PAVE,65,3.26,NUE,Nucor Corporation,Steel-Producers,Non-Energy Minerals,LOSING,100,46.5,50.2,40.9,3,FOLLOWER,55.5,86.2,37.7,31.0,-6.7,-48.4,NONE
PAVE,66,3.13,PH,Parker-Hannifin Corporation,Machinery-Gen Industrial,Producer Manufacturing,LOSING,98,42.5,50.9,29.9,7,FOLLOWER,60.2,53.8,80.6,48.9,-31.7,26.8,NONE
PAVE,67,3.11,UNP,Union Pacific Corporation,Transportation-Rail,Transportation,LOSING,131,46.0,41.4,52.9,1,FOLLOWER,71.0,72.4,73.7,61.0,-12.7,1.3,NONE
PAVE,68,3.1,NSC,Norfolk Southern Corporation,Transportation-Rail,Transportation,LOSING,131,46.0,41.4,52.9,3,FOLLOWER,65.5,59.3,70.0,58.3,-11.7,10.7,NONE
PAVE,69,3.05,ETN,Eaton Corp. Plc,Electrical-Power/Equipmt,Producer Manufacturing,LOSING,140,30.9,38.6,19.3,7,FOLLOWER,43.7,58.2,41.7,31.1,-10.7,-16.5,NONE
PAVE,70,3.03,CRH,CRH public limited company,Bldg-Cement/Concrt/Ag,Non-Energy Minerals,LOSING,87,42.1,54.6,23.5,6,FOLLOWER,22.8,13.7,20.4,42.9,22.5,6.8,NONE
PAVE,71,3.01,CSX,CSX Corporation,Transportation-Rail,Transportation,LOSING,131,46.0,41.4,52.9,2,FOLLOWER,67.4,80.3,65.1,48.8,-16.3,-15.2,NONE
PAVE,72,2.93,PWR,"Quanta Services, Inc.",Bldg-Heavy Construction,Industrial Services,LOSING,114,37.3,46.2,24.1,8,FOLLOWER,41.7,71.4,20.0,13.4,-6.6,-51.4,NONE
PAVE,73,2.92,TT,Trane Technologies plc,Building - Construction Products,Producer Manufacturing,LOSING,46,53.0,67.2,31.6,21,FOLLOWER,39.9,43.4,37.3,34.2,-3.0,-6.1,NONE
PAVE,74,2.9,ROK,"Rockwell Automation, Inc.",Electrical-Power/Equipmt,Producer Manufacturing,LOSING,140,30.9,38.6,19.3,14,FOLLOWER,31.5,46.3,26.5,9.8,-16.7,-19.8,NONE
PAVE,75,2.87,URI,"United Rentals, Inc.",Comml Svcs-Leasing,Finance,LOSING,148,32.5,37.1,25.6,5,FOLLOWER,55.2,67.5,52.2,28.1,-24.2,-15.3,NONE
PAVE,76,2.75,SRE,Sempra,Utilities,Utilities,LOSING,61,49.8,64.6,27.7,60,FOLLOWER,28.7,20.9,28.5,15.9,-12.5,7.6,NONE
PAVE,77,2.69,HWM,Howmet Aerospace Inc.,Aerospace/Defense,Electronic Technology,LOSING,86,42.3,54.8,23.6,28,FOLLOWER,36.2,59.6,31.0,7.8,-23.2,-28.6,NONE
PAVE,78,2.06,VMC,Vulcan Materials Company,Bldg-Cement/Concrt/Ag,Non-Energy Minerals,LOSING,87,42.1,54.6,23.5,4,FOLLOWER,31.7,24.2,31.1,49.5,18.4,6.8,NONE
PAVE,79,1.98,STLD,"Steel Dynamics, Inc.",Steel-Producers,Non-Energy Minerals,LOSING,100,46.5,50.2,40.9,7,FOLLOWER,40.2,77.8,21.3,16.7,-4.6,-56.5,NONE
PAVE,80,1.93,EME,"EMCOR Group, Inc.",Bldg-Heavy Construction,Industrial Services,LOSING,114,37.3,46.2,24.1,9,FOLLOWER,37.5,60.2,20.1,15.6,-4.5,-40.0,NONE
PAVE,81,1.83,MLM,"Martin Marietta Materials, Inc.",Bldg-Cement/Concrt/Ag,Non-Energy Minerals,LOSING,87,42.1,54.6,23.5,5,FOLLOWER,23.8,16.2,23.4,39.1,15.6,7.3,NONE
PAVE,82,1.64,ATI,ATI Inc,Aerospace/Defense,Electronic Technology,LOSING,86,42.3,54.8,23.6,2,LEADER,82.2,95.0,72.8,74.4,1.6,-22.3,NONE
PAVE,83,1.43,AMRZ,Amrize Ltd,Bldg-Constr Prds/Misc,Producer Manufacturing,LOSING,168,24.2,24.6,23.7,3,FOLLOWER,15.0,19.9,13.0,10.9,-2.1,-6.9,NONE
PAVE,84,1.41,HUBB,Hubbell Incorporated,Electrical-Power/Equipmt,Producer Manufacturing,LOSING,140,30.9,38.6,19.3,12,FOLLOWER,34.2,44.1,35.1,27.6,-7.6,-9.0,NONE
PAVE,85,1.4,CRS,Carpenter Technology Corporation,Steel-Specialty Alloys,Non-Energy Minerals,LOSING,142,34.4,38.4,28.5,1,FOLLOWER,46.5,82.4,34.6,14.9,-19.7,-47.8,NONE
PAVE,86,1.19,WWD,"Woodward, Inc.",Aerospace/Defense,Electronic Technology,LOSING,86,42.3,54.8,23.6,25,FOLLOWER,38.6,53.6,37.8,21.0,-16.8,-15.8,NONE
PAVE,87,1.15,RS,"Reliance, Inc.",Metal Products - Distributors/Fabrication,Producer Manufacturing,LOSING,80,45.4,55.6,30.2,8,FOLLOWER,51.1,76.1,41.5,22.6,-18.9,-34.6,NONE
PAVE,88,1.12,MTZ,"MasTec, Inc.",Bldg-Heavy Construction,Industrial Services,LOSING,114,37.3,46.2,24.1,18,FOLLOWER,25.2,53.0,5.8,13.8,8.0,-47.2,NONE
PAVE,89,1.06,FTV,Fortive Corp.,Machinery-Gen Industrial,Producer Manufacturing,LOSING,98,42.5,50.9,29.9,12,FOLLOWER,52.4,49.1,40.0,41.6,1.6,-9.1,NONE
PAVE,90,1.04,J,Jacobs Solutions Inc.,Bldg-Heavy Construction,Industrial Services,LOSING,114,37.3,46.2,24.1,3,FOLLOWER,66.3,49.1,83.2,77.7,-5.5,34.1,NONE
PAVE,91,1.0,IEX,IDEX Corporation,Machinery-Gen Industrial,Producer Manufacturing,LOSING,98,42.5,50.9,29.9,6,FOLLOWER,62.1,72.3,65.3,40.9,-24.4,-7.0,NONE
PAVE,92,0.98,WCC,"WESCO International, Inc.",Electronic-Parts,Electronic Technology,LOSING,128,36.4,42.6,27.1,7,FOLLOWER,47.0,68.7,30.9,40.3,9.5,-37.8,NONE
PAVE,93,0.92,RBC,RBC Bearings Incorporated,Metal Products - Distributors/Fabrication,Producer Manufacturing,LOSING,80,45.4,55.6,30.2,18,FOLLOWER,29.5,50.0,18.6,11.1,-7.5,-31.4,NONE
PAVE,94,0.91,LECO,"Lincoln Electric Holdings, Inc.",Machinery-Gen Industrial,Producer Manufacturing,LOSING,98,42.5,50.9,29.9,5,FOLLOWER,62.8,58.5,68.1,71.6,3.5,9.6,NONE
PAVE,95,0.85,STRL,"Sterling Infrastructure, Inc.",Bldg-Heavy Construction,Industrial Services,LOSING,114,37.3,46.2,24.1,10,FOLLOWER,36.5,76.2,2.6,3.0,0.3,-73.5,NONE
PAVE,96,0.83,CSL,Carlisle Companies Incorporated,Diversified Operations,Producer Manufacturing,LOSING,101,43.8,50.0,34.6,6,FOLLOWER,46.8,48.7,49.0,29.1,-19.9,0.3,NONE
PAVE,97,0.82,TRMB,Trimble Inc.,Computer Sftwr-Design,Technology Services,LOSING,50,58.1,66.4,45.7,8,FOLLOWER,37.7,10.5,49.8,67.7,17.9,39.3,NONE
PAVE,98,0.81,MLI,"Mueller Industries, Inc.",Metal Products - Distributors/Fabrication,Producer Manufacturing,LOSING,80,45.4,55.6,30.2,12,FOLLOWER,40.0,53.1,36.9,20.2,-16.7,-16.2,NONE
PAVE,99,0.78,RPM,RPM International Inc.,Building - Construction Products,Producer Manufacturing,LOSING,46,53.0,67.2,31.6,25,FOLLOWER,35.6,32.1,39.0,31.9,-7.1,6.9,NONE
PAVE,100,0.78,AA,Alcoa Corporation,Mining-Metal Ores,Non-Energy Minerals,LOSING,48,54.8,66.8,36.9,25,FOLLOWER,40.2,60.4,5.1,77.5,72.4,-55.3,NONE
SIL,1,23.27,WPM,Wheaton Precious Metals Corp,Mining-Gold/Silver/Gems,Non-Energy Minerals,LOSING,36,64.9,70.5,56.4,9,PIONEER,79.8,78.5,78.1,96.4,18.3,-0.5,NONE
SIL,2,11.36,PAAS,Pan American Silver Corp.,Mining-Gold/Silver/Gems,Non-Energy Minerals,LOSING,36,64.9,70.5,56.4,45,FOLLOWER,51.4,62.8,27.5,89.4,61.9,-35.3,NONE
SIL,3,11.09,CDE,"Coeur Mining, Inc.",Mining-Gold/Silver/Gems,Non-Energy Minerals,LOSING,36,64.9,70.5,56.4,27,FOLLOWER,63.6,68.0,59.5,96.6,37.1,-8.5,NONE
SIL,4,4.9,HL,Hecla Mining Company,Mining-Gold/Silver/Gems,Non-Energy Minerals,LOSING,36,64.9,70.5,56.4,21,FOLLOWER,66.7,64.0,71.0,96.9,25.8,7.0,NONE
SIL,7,4.25,SSRM,SSR Mining Inc,Mining-Gold/Silver/Gems,Non-Energy Minerals,LOSING,36,64.9,70.5,56.4,3,PIONEER,87.3,88.8,87.8,98.1,10.3,-1.0,NONE
SIL,10,3.56,BVN,Compania de Minas Buenaventura SAA Sponsored ADR,Mining-Gold/Silver/Gems,Non-Energy Minerals,LOSING,36,64.9,70.5,56.4,30,FOLLOWER,61.8,80.5,34.2,81.5,47.3,-46.3,NONE
SIL,15,1.78,EXK,Endeavour Silver Corp.,Mining-Gold/Silver/Gems,Non-Energy Minerals,LOSING,36,64.9,70.5,56.4,28,FOLLOWER,63.5,63.8,63.7,97.2,33.6,-0.2,NONE
SIL,24,0.59,HYMC,Hycroft Mining Holding Corporation Class A,Mining-Gold/Silver/Gems,Non-Energy Minerals,LOSING,36,64.9,70.5,56.4,40,FOLLOWER,55.9,96.7,7.5,88.6,81.1,-89.2,NONE
SIL,25,0.58,MUX,McEwen Inc.,Mining-Gold/Silver/Gems,Non-Energy Minerals,LOSING,36,64.9,70.5,56.4,55,FOLLOWER,45.6,51.7,25.7,85.8,60.0,-25.9,NONE
REMX,2,,ALB,Albemarle Corporation,Chemicals-Specialty,Process Industries,LOSING,71,51.1,59.8,38.0,25,FOLLOWER,38.4,44.4,11.2,83.6,72.4,-33.2,NONE
REMX,3,,MP,MP Materials Corp Class A,Mining-Metal Ores,Non-Energy Minerals,LOSING,48,54.8,66.8,36.9,30,FOLLOWER,32.7,23.0,11.1,94.6,83.5,-11.9,NONE
REMX,6,,ALM,Almonty Industries Inc.,Mining-Metal Ores,Non-Energy Minerals,LOSING,48,54.8,66.8,36.9,8,FOLLOWER,64.1,98.1,26.8,99.1,72.2,-71.3,NONE
REMX,7,,SQM,Sociedad Quimica y Minera de Chile S.A. Sponsored ADR Pfd Series B,Chemicals-Agricultural,Process Industries,EMERGING,15,62.1,72.9,45.8,5,FOLLOWER,52.6,65.9,29.2,87.0,57.8,-36.7,NONE
REMX,18,,ELVR,Elevra Lithium Limited Unsponsored ADR,Mining-Metal Ores,Non-Energy Minerals,LOSING,48,54.8,66.8,36.9,15,FOLLOWER,50.4,89.7,6.1,80.5,74.4,-83.5,NONE
REMX,19,,LAC,Lithium Americas Corp,Mining-Metal Ores,Non-Energy Minerals,LOSING,48,54.8,66.8,36.9,42,FOLLOWER,19.3,5.0,2.7,71.7,69.0,-2.2,NONE
REMX,20,,LAR,Lithium Argentina AG,Mining-Metal Ores,Non-Energy Minerals,LOSING,48,54.8,66.8,36.9,21,FOLLOWER,42.6,63.5,5.3,80.8,75.5,-58.2,NONE
REMX,21,,SGML,Sigma Lithium Corporation,Mining-Metal Ores,Non-Energy Minerals,LOSING,48,54.8,66.8,36.9,19,FOLLOWER,44.6,58.8,10.3,93.0,82.7,-48.5,NONE
REMX,23,,TROX,Tronox Holdings Plc,Chemicals-Specialty,Process Industries,LOSING,71,51.1,59.8,38.0,28,FOLLOWER,32.9,74.2,5.8,14.2,8.3,-68.3,NONE
REMX,25,,SLI,Standard Lithium Ltd.,Mining-Metal Ores,Non-Energy Minerals,LOSING,48,54.8,66.8,36.9,38,FOLLOWER,28.2,6.8,5.3,94.2,88.9,-1.5,NONE
REMX,26,,UAMY,United States Antimony Corporation,Mining-Metal Ores,Non-Energy Minerals,LOSING,48,54.8,66.8,36.9,44,FOLLOWER,15.0,16.6,2.0,27.3,25.3,-14.6,NONE
REMX,28,,IPX,Iperionx Ltd. Sponsored ADR,Mining-Metal Ores,Non-Energy Minerals,LOSING,48,54.8,66.8,36.9,43,FOLLOWER,19.1,7.8,1.4,66.1,64.8,-6.4,NONE
PPH,1,,LLY,Eli Lilly and Company,Medical - Pharmaceuticals,Health Technology,LOSING,29,63.8,74.1,48.3,21,FOLLOWER,49.9,42.1,58.2,51.2,-7.0,16.1,NONE
PPH,2,,MRK,"Merck & Co., Inc.",Medical - Pharmaceuticals,Health Technology,LOSING,29,63.8,74.1,48.3,5,LEADER,80.9,80.0,89.8,81.7,-8.0,9.7,NONE
PPH,3,,NVS,Novartis AG Sponsored ADR,Medical - Pharmaceuticals,Health Technology,LOSING,29,63.8,74.1,48.3,19,FOLLOWER,52.8,59.8,52.6,32.8,-19.8,-7.2,NONE
PPH,4,,PFE,Pfizer Inc.,Medical - Pharmaceuticals,Health Technology,LOSING,29,63.8,74.1,48.3,10,FOLLOWER,71.5,56.2,70.4,82.3,11.9,14.2,BREAKOUT_WATCH
PPH,5,,BMY,Bristol-Myers Squibb Company,Medical - Pharmaceuticals,Health Technology,LOSING,29,63.8,74.1,48.3,7,LEADER,79.3,77.5,84.7,57.2,-27.5,7.2,NONE
PPH,6,,NVO,Novo Nordisk A/S Sponsored ADR Class B,Medical - Pharmaceuticals,Health Technology,LOSING,29,63.8,74.1,48.3,27,FOLLOWER,34.7,30.8,52.1,33.5,-18.6,21.3,NONE
PPH,7,,MCK,McKesson Corporation,Medical-Distribution,Distribution Services,LOSING,132,44.0,41.4,48.0,2,FOLLOWER,56.7,34.1,82.3,61.0,-21.3,48.2,NONE
PPH,8,,ABBV,"AbbVie, Inc.",Medical - Pharmaceuticals,Health Technology,LOSING,29,63.8,74.1,48.3,13,FOLLOWER,67.2,54.8,83.1,56.8,-26.3,28.3,NONE
PPH,9,,JNJ,Johnson & Johnson,Medical - Pharmaceuticals,Health Technology,LOSING,29,63.8,74.1,48.3,8,FOLLOWER,74.0,69.5,81.3,62.9,-18.3,11.8,NONE
PPH,10,,GSK,GSK plc Sponsored ADR,Medical - Pharmaceuticals,Health Technology,LOSING,29,63.8,74.1,48.3,26,FOLLOWER,41.4,44.6,49.2,36.1,-13.1,4.5,NONE
PPH,11,,SNY,Sanofi SA Sponsored ADR,Medical - Pharmaceuticals,Health Technology,LOSING,29,63.8,74.1,48.3,25,FOLLOWER,44.8,26.0,50.3,59.5,9.1,24.4,NONE
PPH,12,,COR,"Cencora, Inc.",Medical-Distribution,Distribution Services,LOSING,132,44.0,41.4,48.0,3,FOLLOWER,50.8,20.3,84.2,62.8,-21.4,63.9,NONE
PPH,13,,AZN,AstraZeneca PLC,Medical - Profitable Biotech,Health Technology,LOSING,44,62.1,68.5,52.4,40,FOLLOWER,20.7,19.6,22.8,25.3,2.5,3.2,NONE
PPH,14,,HLN,Haleon PLC Sponsored ADR,Medical - Pharmaceuticals,Health Technology,LOSING,29,63.8,74.1,48.3,18,FOLLOWER,56.1,41.5,73.0,57.2,-15.8,31.4,NONE
PPH,15,,TEVA,Teva Pharmaceutical Industries Limited Sponsored ADR,Medical - Pharmaceuticals,Health Technology,LOSING,29,63.8,74.1,48.3,15,FOLLOWER,63.3,74.9,52.0,59.5,7.5,-23.0,NONE
PPH,16,,TAK,Takeda Pharmaceutical Co. Ltd. Sponsored ADR,Medical - Pharmaceuticals,Health Technology,LOSING,29,63.8,74.1,48.3,12,FOLLOWER,68.5,63.4,79.6,65.7,-13.9,16.2,NONE
PPH,18,,VTRS,"Viatris, Inc.",Medical - Pharmaceuticals,Health Technology,LOSING,29,63.8,74.1,48.3,17,FOLLOWER,58.6,86.3,54.3,22.1,-32.1,-32.1,NONE
PPH,19,,JAZZ,Jazz Pharmaceuticals Public Limited Company,Medical - Pharmaceuticals,Health Technology,LOSING,29,63.8,74.1,48.3,16,FOLLOWER,62.8,78.3,59.9,40.6,-19.2,-18.4,NONE
PPH,20,,CORT,Corcept Therapeutics Incorporated.,Medical - Profitable Biotech,Health Technology,LOSING,44,62.1,68.5,52.4,13,FOLLOWER,71.1,78.6,97.4,39.9,-57.5,18.9,NONE
PPH,21,,AXSM,"Axsome Therapeutics, Inc.",Medical - Revenue Biotech,Health Technology,LOSING,43,59.9,68.6,46.8,41,FOLLOWER,34.2,71.0,17.2,13.5,-3.7,-53.8,NONE
PPH,22,,ELAN,"Elanco Animal Health, Inc.",Medical-Products,Health Technology,LOSING,52,61.4,65.7,55.0,58,FOLLOWER,37.4,38.1,44.0,12.8,-31.2,5.9,NONE
PPH,23,,OGN,Organon & Co.,Medical - Pharmaceuticals,Health Technology,LOSING,29,63.8,74.1,48.3,11,FOLLOWER,71.0,91.6,50.0,54.8,4.8,-41.6,BREAKOUT_WATCH
PPH,24,,BHC,Bausch Health Companies Inc.,Medical - Pharmaceuticals,Health Technology,LOSING,29,63.8,74.1,48.3,23,FOLLOWER,46.2,36.6,81.7,16.5,-65.3,45.2,NONE
PPH,25,,PRGO,Perrigo Co. Plc,Medical - Pharmaceuticals,Health Technology,LOSING,29,63.8,74.1,48.3,9,FOLLOWER,71.6,56.6,93.4,98.2,4.8,36.8,BREAKOUT_NOW
XRT,1,2.373966,ANF,Abercrombie & Fitch Co. Class A,Retail-Apparel/Shoes/Acc,Retail Trade,LOSING,91,43.7,52.2,30.9,1,LEADER,87.4,82.9,99.0,97.7,-1.3,16.1,NONE
XRT,2,2.184784,HZO,"MarineMax, Inc.",Retail-Leisure Products,Retail Trade,LOSING,123,35.5,43.0,24.3,1,LEADER,99.5,96.3,95.9,98.5,2.6,-0.4,BREAKOUT_WATCH
XRT,3,1.797745,GO,Grocery Outlet Holding Corp.,Retail-Super/Mini Mkts,Retail Trade,LOSING,155,32.0,35.7,26.4,1,FOLLOWER,67.5,46.4,95.0,93.9,-1.1,48.6,NONE
XRT,4,1.747758,KMX,"CarMax, Inc.",Retail/Whlsle-Automobile,Retail Trade,LOSING,130,40.4,41.8,38.3,1,LEADER,80.9,86.9,92.8,70.5,-22.3,5.8,NONE
XRT,5,1.740809,TGT,Target Corporation,Retail - General,Retail Trade,LOSING,97,48.1,50.9,43.8,1,LEADER,92.1,92.5,90.7,79.7,-11.0,-1.8,NONE
XRT,6,1.72702,SBH,"Sally Beauty Holdings, Inc.",Retail - Specialty,Retail Trade,LOSING,135,37.6,39.8,34.3,3,FOLLOWER,62.1,33.2,88.9,75.6,-13.3,55.7,NONE
XRT,7,1.685851,FIVE,"Five Below, Inc.",Retail - General,Retail Trade,LOSING,97,48.1,50.9,43.8,3,LEADER,76.3,81.6,62.6,82.1,19.5,-19.0,NONE
XRT,8,1.674018,CART,Maplebear Inc.,Retail-Internet,Retail Trade,LOSING,96,41.5,51.0,27.3,1,FOLLOWER,72.1,59.4,81.4,81.5,0.1,22.0,NONE
XRT,9,1.662398,PAG,"Penske Automotive Group, Inc.",Retail/Whlsle-Automobile,Retail Trade,LOSING,130,40.4,41.8,38.3,2,LEADER,77.1,74.8,89.1,47.1,-42.1,14.3,NONE
XRT,10,1.659991,ETSY,"Etsy, Inc.",Retail-Internet,Retail Trade,LOSING,96,41.5,51.0,27.3,4,FOLLOWER,68.8,82.8,78.8,42.5,-36.3,-4.0,NONE
XRT,11,1.659299,LAD,"Lithia Motors, Inc.",Retail/Whlsle-Automobile,Retail Trade,LOSING,130,40.4,41.8,38.3,4,FOLLOWER,54.7,55.7,87.2,25.1,-62.2,31.5,NONE
XRT,12,1.635858,REAL,"RealReal, Inc.",Retail-Internet,Retail Trade,LOSING,96,41.5,51.0,27.3,21,FOLLOWER,23.0,9.1,55.0,6.1,-48.9,46.0,NONE
XRT,13,1.615167,VSXY,Victoria's Secret & Company,Apparel/Footwear Retail,Retail Trade,LOSING,169,30.4,24.3,39.5,1,FOLLOWER,72.9,96.0,97.1,28.0,-69.1,1.0,NONE
XRT,14,1.589094,CHWY,"Chewy, Inc. Class A",Retail-Internet,Retail Trade,LOSING,96,41.5,51.0,27.3,12,FOLLOWER,39.1,8.5,57.7,65.9,8.2,49.2,NONE
XRT,15,1.587047,DLTR,"Dollar Tree, Inc.",Retail - General,Retail Trade,LOSING,97,48.1,50.9,43.8,4,FOLLOWER,58.6,54.9,71.8,42.3,-29.6,17.0,NONE
XRT,16,1.54013,TSCO,Tractor Supply Company,Retail - Specialty,Retail Trade,LOSING,135,37.6,39.8,34.3,10,FOLLOWER,41.5,6.9,65.6,82.8,17.2,58.6,NONE
XRT,17,1.536724,RVLV,"Revolve Group, Inc Class A",Retail-Apparel/Shoes/Acc,Retail Trade,LOSING,91,43.7,52.2,30.9,8,FOLLOWER,36.8,21.8,72.9,9.5,-63.4,51.2,NONE
XRT,18,1.52732,AMZN,"Amazon.com, Inc.",Retail-Internet,Retail Trade,LOSING,96,41.5,51.0,27.3,8,FOLLOWER,48.0,52.1,37.6,25.6,-12.1,-14.5,NONE
XRT,19,1.525788,DG,Dollar General Corporation,Retail - General,Retail Trade,LOSING,97,48.1,50.9,43.8,5,FOLLOWER,56.2,57.9,75.9,43.2,-32.8,18.1,NONE
XRT,20,1.522641,URBN,"Urban Outfitters, Inc.",Retail-Apparel/Shoes/Acc,Retail Trade,LOSING,91,43.7,52.2,30.9,5,FOLLOWER,61.6,40.7,70.2,74.0,3.8,29.5,NONE
XRT,21,1.518924,GAP,"Gap, Inc.",Retail-Apparel/Shoes/Acc,Retail Trade,LOSING,91,43.7,52.2,30.9,7,FOLLOWER,46.5,15.4,59.2,78.2,19.0,43.8,NONE
XRT,22,1.50518,KSS,Kohl's Corporation,Retail - General,Retail Trade,LOSING,97,48.1,50.9,43.8,10,FOLLOWER,36.0,11.5,82.4,18.0,-64.4,70.9,NONE
XRT,23,1.502708,CVNA,Carvana Co. Class A,Retail/Whlsle-Automobile,Retail Trade,LOSING,130,40.4,41.8,38.3,5,FOLLOWER,51.5,38.6,50.8,86.9,36.2,12.2,NONE
XRT,24,1.500244,ULTA,Ulta Beauty Inc.,Retail - Specialty,Retail Trade,LOSING,135,37.6,39.8,34.3,7,FOLLOWER,47.9,34.0,58.7,64.5,5.8,24.7,NONE
XRT,25,1.491308,CPNG,"Coupang, Inc. Class A",Retail-Internet,Retail Trade,LOSING,96,41.5,51.0,27.3,23,FOLLOWER,21.9,4.4,32.4,36.7,4.3,28.1,NONE
XRT,26,1.487366,BBY,"Best Buy Co., Inc.",Retail - Home Furnishings/Electronics,Retail Trade,LOSING,102,45.3,49.8,38.7,6,FOLLOWER,44.3,39.3,61.1,17.6,-43.5,21.8,NONE
XRT,27,1.457542,ABG,"Asbury Automotive Group, Inc.",Retail/Whlsle-Automobile,Retail Trade,LOSING,130,40.4,41.8,38.3,10,FOLLOWER,35.1,22.0,71.0,14.1,-56.9,49.0,NONE
XRT,28,1.45697,GRPN,"Groupon, Inc.",Retail-Internet,Retail Trade,LOSING,96,41.5,51.0,27.3,14,FOLLOWER,33.5,51.9,45.8,1.0,-44.8,-6.1,NONE
XRT,29,1.454127,DDS,"Dillard's, Inc. Class A",Retail - General,Retail Trade,LOSING,97,48.1,50.9,43.8,6,FOLLOWER,53.6,30.5,56.9,68.8,11.8,26.5,NONE
XRT,30,1.451054,UPBD,"Upbound Group, Inc.",Comml Svcs-Leasing,Finance,LOSING,148,32.5,37.1,25.6,13,FOLLOWER,33.3,44.1,35.0,21.4,-13.6,-9.1,NONE
XRT,31,1.447741,BBWI,"Bath & Body Works, Inc.",Retail - Specialty,Retail Trade,LOSING,135,37.6,39.8,34.3,9,FOLLOWER,42.8,53.4,55.1,29.2,-25.9,1.7,NONE
XRT,32,1.413392,AN,"AutoNation, Inc.",Retail/Whlsle-Automobile,Retail Trade,LOSING,130,40.4,41.8,38.3,9,FOLLOWER,37.5,28.0,56.9,22.2,-34.7,28.9,NONE
XRT,33,1.363742,WRBY,"Warby Parker, Inc. Class A",Retail-Specialty,Retail Trade,LOSING,181,19.1,16.9,22.3,1,FOLLOWER,45.9,64.5,43.2,15.7,-27.5,-21.3,NONE
XRT,34,1.355108,EBAY,eBay Inc.,Retail-Internet,Retail Trade,LOSING,96,41.5,51.0,27.3,11,FOLLOWER,41.3,66.5,27.9,13.7,-14.3,-38.6,NONE
XRT,35,1.34942,EYE,"National Vision Holdings, Inc.",Retail - Specialty,Retail Trade,LOSING,135,37.6,39.8,34.3,13,FOLLOWER,21.8,5.1,56.4,2.5,-53.9,51.4,NONE
XRT,36,1.345377,ROST,"Ross Stores, Inc.",Retail-Apparel/Shoes/Acc,Retail Trade,LOSING,91,43.7,52.2,30.9,6,FOLLOWER,54.9,68.8,48.1,13.4,-34.6,-20.8,NONE
XRT,37,1.33705,BKE,"Buckle, Inc.",Retail-Apparel/Shoes/Acc,Retail Trade,LOSING,91,43.7,52.2,30.9,15,FOLLOWER,24.8,14.0,35.5,32.4,-3.1,21.5,NONE
XRT,38,1.336674,BJ,"BJ's Wholesale Club Holdings, Inc.",Retail - General,Retail Trade,LOSING,97,48.1,50.9,43.8,9,FOLLOWER,36.3,33.4,49.5,16.9,-32.6,16.1,NONE
XRT,39,1.335406,ORLY,"O'Reilly Automotive, Inc.",Retail/Whlsle-Auto Parts,Retail Trade,LOSING,164,25.0,27.1,21.9,3,FOLLOWER,34.0,19.3,48.6,41.6,-7.0,29.3,NONE
XRT,40,1.323308,PSMT,"PriceSmart, Inc.",Retail - General,Retail Trade,LOSING,97,48.1,50.9,43.8,7,FOLLOWER,44.6,76.1,38.1,9.0,-29.1,-37.9,NONE
XRT,41,1.31403,SIG,Signet Jewelers Limited,Retail - Specialty,Retail Trade,LOSING,135,37.6,39.8,34.3,14,FOLLOWER,20.8,13.9,33.7,9.6,-24.1,19.8,NONE
XRT,42,1.3136,AEO,"American Eagle Outfitters, Inc.",Retail-Apparel/Shoes/Acc,Retail Trade,LOSING,91,43.7,52.2,30.9,10,FOLLOWER,30.0,16.1,51.6,29.9,-21.7,35.5,NONE
XRT,43,1.311255,COST,Costco Wholesale Corporation,Retail - General,Retail Trade,LOSING,97,48.1,50.9,43.8,8,FOLLOWER,40.5,41.2,38.8,40.7,1.9,-2.4,NONE
XRT,44,1.298937,AZO,"AutoZone, Inc.",Retail/Whlsle-Auto Parts,Retail Trade,LOSING,164,25.0,27.1,21.9,4,FOLLOWER,28.9,11.2,36.8,40.8,4.0,25.6,NONE
XRT,45,1.297204,M,"Macy's, Inc.",Retail - General,Retail Trade,LOSING,97,48.1,50.9,43.8,11,FOLLOWER,31.2,34.2,46.1,9.4,-36.7,11.9,NONE
XRT,46,1.292361,SAH,"Sonic Automotive, Inc. Class A",Retail/Whlsle-Automobile,Retail Trade,LOSING,130,40.4,41.8,38.3,11,FOLLOWER,34.6,66.6,28.2,7.1,-21.1,-38.4,NONE
XRT,47,1.280574,SFM,"Sprouts Farmers Market, Inc.",Retail-Super/Mini Mkts,Retail Trade,LOSING,155,32.0,35.7,26.4,7,FOLLOWER,34.2,31.8,49.2,20.7,-28.6,17.5,NONE
XRT,48,1.279257,BOOT,"Boot Barn Holdings, Inc.",Retail-Apparel/Shoes/Acc,Retail Trade,LOSING,91,43.7,52.2,30.9,16,FOLLOWER,23.3,12.7,20.4,52.4,32.0,7.8,NONE
XRT,49,1.262541,OLLI,Ollie's Bargain Outlet Holdings Inc,Retail - General,Retail Trade,LOSING,97,48.1,50.9,43.8,12,FOLLOWER,26.9,5.5,26.6,58.5,32.0,21.0,NONE
XRT,50,1.221993,KR,Kroger Co.,Retail-Super/Mini Mkts,Retail Trade,LOSING,155,32.0,35.7,26.4,9,FOLLOWER,28.1,19.2,28.0,47.1,19.1,8.9,NONE
XRT,51,1.206794,VVV,"Valvoline, Inc.",Retail/Whlsle-Auto Parts,Retail Trade,LOSING,164,25.0,27.1,21.9,5,FOLLOWER,25.0,37.4,31.0,4.9,-26.1,-6.5,NONE
XRT,52,1.197474,IMKTA,"Ingles Markets, Incorporated Class A",Retail-Super/Mini Mkts,Retail Trade,LOSING,155,32.0,35.7,26.4,8,FOLLOWER,31.8,43.6,25.1,13.1,-12.0,-18.5,NONE
XRT,53,1.190492,ASO,"Academy Sports and Outdoors, Inc.",Retail-Leisure Products,Retail Trade,LOSING,123,35.5,43.0,24.3,7,FOLLOWER,18.4,21.6,13.3,12.6,-0.7,-8.2,NONE
XRT,54,1.18425,WMK,"Weis Markets, Inc.",Retail-Super/Mini Mkts,Retail Trade,LOSING,155,32.0,35.7,26.4,6,FOLLOWER,34.4,48.0,31.2,15.9,-15.4,-16.8,NONE
XRT,55,1.181701,WINA,Winmark Corporation,Retail-Leisure Products,Retail Trade,LOSING,123,35.5,43.0,24.3,6,FOLLOWER,23.3,13.7,19.0,44.8,25.8,5.3,NONE
XRT,57,1.139015,BURL,"Burlington Stores, Inc.",Retail-Apparel/Shoes/Acc,Retail Trade,LOSING,91,43.7,52.2,30.9,13,FOLLOWER,26.2,33.1,14.0,1.0,-13.0,-19.1,NONE
XRT,58,1.127261,CASY,"Casey's General Stores, Inc.",Retail-Super/Mini Mkts,Retail Trade,LOSING,155,32.0,35.7,26.4,3,FOLLOWER,48.3,71.4,43.5,7.5,-36.1,-27.9,NONE
XRT,59,1.122239,MUSA,"Murphy USA, Inc.",Retail-Super/Mini Mkts,Retail Trade,LOSING,155,32.0,35.7,26.4,5,FOLLOWER,43.1,73.3,39.1,6.2,-32.9,-34.2,NONE
XRT,60,1.119312,ACI,"Albertsons Companies, Inc. Class A",Retail-Super/Mini Mkts,Retail Trade,LOSING,155,32.0,35.7,26.4,10,FOLLOWER,24.3,9.0,12.8,69.4,56.5,3.9,NONE
XRT,61,1.104858,GPI,"Group 1 Automotive, Inc.",Retail/Whlsle-Automobile,Retail Trade,LOSING,130,40.4,41.8,38.3,15,FOLLOWER,14.8,7.6,17.6,20.3,2.7,10.0,NONE
XRT,62,1.100115,TJX,TJX Companies Inc,Retail-Apparel/Shoes/Acc,Retail Trade,LOSING,91,43.7,52.2,30.9,18,FOLLOWER,18.0,20.1,19.4,6.6,-12.8,-0.8,NONE
XRT,63,1.087887,GME,GameStop Corp. Class A,Retail - Specialty,Retail Trade,LOSING,135,37.6,39.8,34.3,15,FOLLOWER,15.5,17.3,17.0,6.0,-11.0,-0.3,NONE
XRT,64,0.990939,MNRO,"Monro, Inc.",Retail/Whlsle-Auto Parts,Retail Trade,LOSING,164,25.0,27.1,21.9,6,FOLLOWER,22.2,8.9,13.9,62.4,48.4,5.0,NONE
XRT,65,0.986584,AAP,"Advance Auto Parts, Inc.",Retail/Whlsle-Auto Parts,Retail Trade,LOSING,164,25.0,27.1,21.9,8,FOLLOWER,10.8,15.7,7.5,2.1,-5.4,-8.1,NONE
XRT,66,0.965255,CAL,"Caleres, Inc.",Retail-Apparel/Shoes/Acc,Retail Trade,LOSING,91,43.7,52.2,30.9,12,FOLLOWER,27.4,41.7,17.3,22.7,5.5,-24.5,NONE
XRT,67,0.926455,CWH,"Camping World Holdings, Inc. Class A",Retail/Whlsle-Automobile,Retail Trade,LOSING,130,40.4,41.8,38.3,14,FOLLOWER,22.3,4.5,16.8,63.2,46.4,12.3,NONE
XRT,68,0.92243,PTRN,"Pattern Group, Inc. Class A",Comp Sftwr - Enterprise,Technology Services,EMERGING,1,72.4,84.1,54.9,43,FOLLOWER,47.6,77.8,55.4,11.8,-43.7,-22.4,NONE
XRT,69,0.857718,DKS,"Dick's Sporting Goods, Inc.",Retail-Leisure Products,Retail Trade,LOSING,123,35.5,43.0,24.3,9,FOLLOWER,6.6,7.3,4.7,0.9,-3.8,-2.6,NONE
XRT,70,0.8393,BBW,"Build-A-Bear Workshop, Inc.",Retail-Leisure Products,Retail Trade,LOSING,123,35.5,43.0,24.3,8,FOLLOWER,14.8,5.1,14.8,10.3,-4.5,9.7,NONE
XRT,71,0.820884,SFIX,"Stitch Fix, Inc. Class A",Retail-Internet,Retail Trade,LOSING,96,41.5,51.0,27.3,29,FOLLOWER,13.4,11.0,19.3,3.0,-16.3,8.2,NONE
XRT,72,0.807985,SVV,Savers Value Village Inc.,Retail - Specialty,Retail Trade,LOSING,135,37.6,39.8,34.3,6,FOLLOWER,52.2,52.9,73.4,50.6,-22.9,20.6,NONE
XRT,73,0.586889,TDUP,"thredUP, Inc. Class A",Retail-Internet,Retail Trade,LOSING,96,41.5,51.0,27.3,31,FOLLOWER,3.3,1.1,3.4,0.1,-3.3,2.3,NONE
XRT,74,0.503053,EVGO,"EVgo, Inc. Class A",Electrical-Power/Equipmt,Producer Manufacturing,LOSING,140,30.9,38.6,19.3,22,FOLLOWER,5.3,1.4,2.5,6.2,3.7,1.1,NONE
XRT,75,0.435528,ARKO,ARKO Corp,Retail-Super/Mini Mkts,Retail Trade,LOSING,155,32.0,35.7,26.4,12,FOLLOWER,14.1,30.4,3.6,0.3,-3.3,-26.7,NONE
XHB,1,4.393635,IBP,"Installed Building Products, Inc.",Bldg-Heavy Construction,Industrial Services,LOSING,114,37.3,46.2,24.1,7,FOLLOWER,53.6,22.5,82.5,74.3,-8.2,60.0,NONE
XHB,2,4.352867,OC,Owens Corning,Building - Construction Products,Producer Manufacturing,LOSING,46,53.0,67.2,31.6,9,FOLLOWER,63.2,65.8,71.0,42.1,-28.9,5.2,NONE
XHB,3,4.26097,ALLE,Allegion Public Limited Company,Security/Sfty,Electronic Technology,LOSING,65,51.5,62.3,35.3,6,FOLLOWER,50.9,26.9,81.4,38.4,-43.0,54.5,NONE
XHB,4,4.028378,SKY,"Champion Homes, Inc.",Auto Manufacturers,Consumer Durables,LOSING,70,46.0,59.9,25.1,2,FOLLOWER,63.0,40.0,86.7,79.6,-7.1,46.7,NONE
XHB,6,3.806446,CSL,Carlisle Companies Incorporated,Diversified Operations,Producer Manufacturing,LOSING,101,43.8,50.0,34.6,6,FOLLOWER,46.8,48.7,49.0,29.1,-19.9,0.3,NONE
XHB,7,3.797897,PHM,"PulteGroup, Inc.",Bldg-Resident/Comml,Consumer Durables,LOSING,106,44.0,49.3,36.1,7,FOLLOWER,49.3,33.1,59.5,43.8,-15.7,26.4,NONE
XHB,8,3.703118,WMS,"Advanced Drainage Systems, Inc.",Bldg-Constr Prds/Misc,Producer Manufacturing,LOSING,168,24.2,24.6,23.7,2,FOLLOWER,29.7,20.6,39.2,35.7,-3.4,18.6,NONE
XHB,9,3.685169,TOL,"Toll Brothers, Inc.",Bldg-Resident/Comml,Consumer Durables,LOSING,106,44.0,49.3,36.1,8,FOLLOWER,41.1,38.2,51.7,37.0,-14.6,13.5,NONE
XHB,10,3.681898,KBH,KB Home,Bldg-Resident/Comml,Consumer Durables,LOSING,106,44.0,49.3,36.1,14,FOLLOWER,30.5,15.9,53.3,32.7,-20.6,37.4,NONE
XHB,11,3.624415,HD,"Home Depot, Inc.",Retail/Whlsle-Bldg Prds,Distribution Services,LOSING,122,38.6,43.2,31.7,5,FOLLOWER,40.8,26.6,56.6,39.0,-17.7,30.0,NONE
XHB,12,3.618292,MAS,Masco Corporation,Building - Construction Products,Producer Manufacturing,LOSING,46,53.0,67.2,31.6,13,FOLLOWER,54.9,52.3,54.0,53.7,-0.3,1.7,NONE
XHB,13,3.550354,NVR,"NVR, Inc.",Bldg-Resident/Comml,Consumer Durables,LOSING,106,44.0,49.3,36.1,13,FOLLOWER,37.3,15.9,50.2,58.8,8.6,34.2,NONE
XHB,14,3.525493,MTH,Meritage Homes Corporation,Bldg-Resident/Comml,Consumer Durables,LOSING,106,44.0,49.3,36.1,11,FOLLOWER,38.5,28.4,47.0,39.6,-7.4,18.6,NONE
XHB,15,3.523843,CVCO,"Cavco Industries, Inc.",Bldg-Resident/Comml,Consumer Durables,LOSING,106,44.0,49.3,36.1,10,FOLLOWER,38.7,24.2,53.0,57.0,3.9,28.8,NONE
XHB,16,3.516893,DHI,"D.R. Horton, Inc.",Bldg-Resident/Comml,Consumer Durables,LOSING,106,44.0,49.3,36.1,12,FOLLOWER,37.9,25.3,36.1,53.4,17.3,10.9,NONE
XHB,17,3.506416,JCI,Johnson Controls International plc,Diversified Operations,Producer Manufacturing,LOSING,101,43.8,50.0,34.6,7,FOLLOWER,46.3,59.2,50.9,20.9,-29.9,-8.4,NONE
XHB,18,3.499279,TT,Trane Technologies plc,Building - Construction Products,Producer Manufacturing,LOSING,46,53.0,67.2,31.6,21,FOLLOWER,39.9,43.4,37.3,34.2,-3.0,-6.1,NONE
XHB,19,3.368844,LOW,"Lowe's Companies, Inc.",Retail/Whlsle-Bldg Prds,Distribution Services,LOSING,122,38.6,43.2,31.7,7,FOLLOWER,28.8,18.0,37.1,37.9,0.9,19.0,NONE
XHB,20,3.363539,LEN,Lennar Corporation Class A,Bldg-Resident/Comml,Consumer Durables,LOSING,106,44.0,49.3,36.1,16,FOLLOWER,26.6,6.9,27.5,56.5,29.0,20.7,NONE
XHB,21,3.292026,SGI,Somnigroup International Inc.,Hsehold/Office Furniture,Producer Manufacturing,MATURE,18,66.5,67.4,65.2,6,FOLLOWER,23.5,9.7,28.4,41.5,13.1,18.8,NONE
XHB,22,3.176971,BLDR,"Builders FirstSource, Inc.",Building - Construction Products,Producer Manufacturing,LOSING,46,53.0,67.2,31.6,34,FOLLOWER,22.1,5.3,19.2,44.1,24.9,14.0,NONE
XHB,23,3.02788,CARR,Carrier Global Corp.,Building - Construction Products,Producer Manufacturing,LOSING,46,53.0,67.2,31.6,27,FOLLOWER,33.1,45.8,22.1,20.7,-1.3,-23.8,NONE
XHB,24,2.727944,LII,Lennox International Inc.,Building - Construction Products,Producer Manufacturing,LOSING,46,53.0,67.2,31.6,38,FOLLOWER,13.8,13.1,10.2,15.4,5.1,-2.8,NONE
XHB,25,2.408615,MOD,Modine Manufacturing Company,Building - Construction Products,Producer Manufacturing,LOSING,46,53.0,67.2,31.6,31,FOLLOWER,23.1,50.9,4.5,9.8,5.3,-46.4,NONE
XHB,26,2.395408,MHO,"M/I Homes, Inc.",Bldg-Resident/Comml,Consumer Durables,LOSING,106,44.0,49.3,36.1,4,FOLLOWER,56.2,43.8,60.6,55.4,-5.2,16.8,NONE
XHB,27,2.192839,AAON,"AAON, Inc.",Building - Construction Products,Producer Manufacturing,LOSING,46,53.0,67.2,31.6,39,FOLLOWER,12.0,14.7,2.4,6.5,4.0,-12.3,NONE
XHB,28,1.480254,CCS,"Century Communities, Inc.",Bldg-Resident/Comml,Consumer Durables,LOSING,106,44.0,49.3,36.1,3,FOLLOWER,63.2,41.9,87.7,52.2,-35.5,45.9,NONE
XHB,29,1.266564,LGIH,"LGI Homes, Inc.",Bldg-Resident/Comml,Consumer Durables,LOSING,106,44.0,49.3,36.1,6,FOLLOWER,50.9,43.1,73.0,58.0,-15.0,29.8,NONE
XHB,30,1.078127,GRBK,"Green Brick Partners, Inc.",Bldg-Resident/Comml,Consumer Durables,LOSING,106,44.0,49.3,36.1,5,FOLLOWER,55.4,42.8,55.2,56.4,1.2,12.4,NONE
XHB,31,0.897097,BZH,"Beazer Homes USA, Inc.",Bldg-Resident/Comml,Consumer Durables,LOSING,106,44.0,49.3,36.1,2,LEADER,76.3,79.8,89.4,60.9,-28.5,9.6,NONE
XHB,32,0.702956,HOV,"Hovnanian Enterprises, Inc. Class A",Bldg-Resident/Comml,Consumer Durables,LOSING,106,44.0,49.3,36.1,9,FOLLOWER,40.6,25.5,64.5,45.5,-19.1,39.0,NONE
XHB,33,0.519281,DFH,"Dream Finders Homes, Inc. Class A",Bldg-Resident/Comml,Consumer Durables,LOSING,106,44.0,49.3,36.1,15,FOLLOWER,29.7,9.2,22.3,76.5,54.2,13.0,NONE
XAR,1,3.749105,AXON,Axon Enterprise Inc,Security/Sfty,Electronic Technology,LOSING,65,51.5,62.3,35.3,5,FOLLOWER,56.6,43.2,80.1,71.0,-9.0,36.8,NONE
XAR,2,3.481162,VSEC,VSE Corporation,Comml Svcs-Consulting,Commercial Services,LOSING,37,63.6,70.5,53.2,5,FOLLOWER,66.1,55.2,75.8,71.0,-4.8,20.6,NONE
XAR,3,3.333444,RTX,RTX Corporation,Aerospace/Defense,Electronic Technology,LOSING,86,42.3,54.8,23.6,7,FOLLOWER,59.6,60.9,81.2,30.2,-51.0,20.3,NONE
XAR,4,3.210631,ATI,ATI Inc,Aerospace/Defense,Electronic Technology,LOSING,86,42.3,54.8,23.6,2,LEADER,82.2,95.0,72.8,74.4,1.6,-22.3,NONE
XAR,5,3.18058,ACHR,Archer Aviation Inc Class A,Aerospace/Defense,Electronic Technology,LOSING,86,42.3,54.8,23.6,37,FOLLOWER,30.0,12.4,15.3,91.8,76.5,3.0,NONE
XAR,6,3.106651,GD,General Dynamics Corporation,Aerospace/Defense,Electronic Technology,LOSING,86,42.3,54.8,23.6,12,FOLLOWER,52.3,48.7,64.4,30.3,-34.1,15.8,NONE
XAR,7,3.002589,GE,GE Aerospace,Aerospace/Defense,Electronic Technology,LOSING,86,42.3,54.8,23.6,21,FOLLOWER,43.2,52.5,51.0,18.4,-32.6,-1.5,NONE
XAR,8,2.999986,LMT,Lockheed Martin Corporation,Aerospace/Defense,Electronic Technology,LOSING,86,42.3,54.8,23.6,11,FOLLOWER,52.9,65.5,61.8,27.9,-33.8,-3.7,NONE
XAR,9,2.965355,HWM,Howmet Aerospace Inc.,Aerospace/Defense,Electronic Technology,LOSING,86,42.3,54.8,23.6,28,FOLLOWER,36.2,59.6,31.0,7.8,-23.2,-28.6,NONE
XAR,10,2.929616,HEI,HEICO Corporation,Aerospace/Defense,Electronic Technology,LOSING,86,42.3,54.8,23.6,27,FOLLOWER,36.3,41.9,37.5,17.6,-20.0,-4.4,NONE
XAR,11,2.894049,HXL,Hexcel Corporation,Aerospace/Defense,Electronic Technology,LOSING,86,42.3,54.8,23.6,20,FOLLOWER,44.2,62.8,53.5,12.1,-41.4,-9.3,NONE
XAR,12,2.842421,HII,"Huntington Ingalls Industries, Inc.",Aerospace/Defense,Electronic Technology,LOSING,86,42.3,54.8,23.6,42,FOLLOWER,26.3,26.7,36.2,11.0,-25.2,9.4,NONE
XAR,13,2.820446,SARO,"StandardAero, Inc.",Aerospace/Defense,Electronic Technology,LOSING,86,42.3,54.8,23.6,51,FOLLOWER,20.1,27.9,21.7,5.0,-16.7,-6.2,NONE
XAR,14,2.804336,BA,Boeing Company,Aerospace/Defense,Electronic Technology,LOSING,86,42.3,54.8,23.6,33,FOLLOWER,33.6,49.5,25.7,27.5,1.8,-23.8,NONE
XAR,15,2.798329,NOC,Northrop Grumman Corp.,Aerospace/Defense,Electronic Technology,LOSING,86,42.3,54.8,23.6,31,FOLLOWER,34.4,29.4,40.8,44.1,3.3,11.5,NONE
XAR,16,2.775112,KRMN,Karman Holdings Inc.,Aerospace/Defense,Electronic Technology,LOSING,86,42.3,54.8,23.6,59,FOLLOWER,10.6,5.8,10.3,7.2,-3.1,4.4,NONE
XAR,17,2.73877,MOG.A,Moog Inc. Class A,Aerospace/Defense,Electronic Technology,LOSING,86,42.3,54.8,23.6,13,FOLLOWER,51.4,87.7,42.0,24.5,-17.5,-45.7,NONE
XAR,18,2.732569,TDG,TransDigm Group Incorporated,Aerospace/Defense,Electronic Technology,LOSING,86,42.3,54.8,23.6,47,FOLLOWER,23.1,18.4,28.8,18.7,-10.1,10.5,NONE
XAR,19,2.667095,AIR,AAR CORP.,Aerospace/Defense,Electronic Technology,LOSING,86,42.3,54.8,23.6,6,FOLLOWER,60.1,85.2,78.4,16.2,-62.2,-6.7,NONE
XAR,20,2.649686,KTOS,"Kratos Defense & Security Solutions, Inc.",Aerospace/Defense,Electronic Technology,LOSING,86,42.3,54.8,23.6,41,FOLLOWER,26.7,7.6,12.2,75.5,63.3,4.6,NONE
XAR,21,2.599739,WWD,"Woodward, Inc.",Aerospace/Defense,Electronic Technology,LOSING,86,42.3,54.8,23.6,25,FOLLOWER,38.6,53.6,37.8,21.0,-16.8,-15.8,NONE
XAR,22,2.544397,CRS,Carpenter Technology Corporation,Steel-Specialty Alloys,Non-Energy Minerals,LOSING,142,34.4,38.4,28.5,1,FOLLOWER,46.5,82.4,34.6,14.9,-19.7,-47.8,NONE
XAR,23,2.539831,TXT,Textron Inc.,Aerospace/Defense,Electronic Technology,LOSING,86,42.3,54.8,23.6,45,FOLLOWER,24.1,30.0,22.1,21.6,-0.5,-7.9,NONE
XAR,24,2.42296,LHX,L3Harris Technologies Inc,Aerospace/Defense,Electronic Technology,LOSING,86,42.3,54.8,23.6,39,FOLLOWER,28.9,30.1,17.4,27.4,10.0,-12.8,NONE
XAR,25,2.412534,FTAI,FTAI Aviation Ltd.,Aerospace/Defense,Electronic Technology,LOSING,86,42.3,54.8,23.6,40,FOLLOWER,27.5,51.1,10.1,16.5,6.5,-41.0,NONE
XAR,26,2.389688,AVAV,"AeroVironment, Inc.",Aerospace/Defense,Electronic Technology,LOSING,86,42.3,54.8,23.6,56,FOLLOWER,14.2,3.5,8.1,41.3,33.3,4.6,NONE
XAR,27,2.333162,BWXT,"BWX Technologies, Inc.",Aerospace/Defense,Electronic Technology,LOSING,86,42.3,54.8,23.6,55,FOLLOWER,14.9,17.9,12.8,12.4,-0.3,-5.1,NONE
XAR,28,2.31689,CW,Curtiss-Wright Corporation,Aerospace/Defense,Electronic Technology,LOSING,86,42.3,54.8,23.6,49,FOLLOWER,22.1,39.9,12.7,3.7,-9.1,-27.1,NONE
XAR,29,2.100165,ATRO,Astronics Corporation,Aerospace/Defense,Electronic Technology,LOSING,86,42.3,54.8,23.6,3,FOLLOWER,70.3,89.8,61.5,67.9,6.4,-28.3,NONE
XAR,30,1.954712,LOAR,Loar Holdings Inc.,Aerospace/Defense,Electronic Technology,LOSING,86,42.3,54.8,23.6,14,FOLLOWER,51.2,39.4,68.7,58.0,-10.7,29.3,NONE
XAR,31,1.942449,DRS,"Leonardo DRS, Inc.",Aerospace/Defense,Electronic Technology,LOSING,86,42.3,54.8,23.6,36,FOLLOWER,30.3,52.3,11.4,4.5,-6.9,-40.8,NONE
XAR,32,1.765559,MRCY,"Mercury Systems, Inc.",Aerospace/Defense,Electronic Technology,LOSING,86,42.3,54.8,23.6,38,FOLLOWER,29.7,64.9,10.8,11.6,0.8,-54.1,NONE
XAR,33,1.712191,RKLB,Rocket Lab Corporation,Aerospace/Defense,Electronic Technology,LOSING,86,42.3,54.8,23.6,23,FOLLOWER,39.2,84.1,2.0,37.4,35.5,-82.1,NONE
XAR,34,1.618023,LUNR,"Intuitive Machines, Inc. Class A",Aerospace/Defense,Electronic Technology,LOSING,86,42.3,54.8,23.6,16,FOLLOWER,50.9,88.4,0.6,91.8,91.1,-87.8,NONE
XAR,35,1.542625,RDW,Redwire Corp,Aerospace/Defense,Electronic Technology,LOSING,86,42.3,54.8,23.6,9,FOLLOWER,53.8,94.7,1.9,91.6,89.8,-92.8,NONE
XAR,36,1.468416,DCO,Ducommun Incorporated,Aerospace/Defense,Electronic Technology,LOSING,86,42.3,54.8,23.6,4,FOLLOWER,65.9,93.1,75.1,26.0,-49.1,-18.0,NONE
XAR,37,1.183218,VVX,V2X Inc,Aerospace/Defense,Electronic Technology,LOSING,86,42.3,54.8,23.6,24,FOLLOWER,38.7,78.1,25.1,6.7,-18.4,-53.1,NONE
XAR,38,1.150087,RCAT,Red Cat Holdings Inc,Comp Sftwr - Specialty Enterprise,Technology Services,LOSING,40,55.6,69.4,34.8,15,FOLLOWER,39.5,57.0,3.2,82.6,79.4,-53.8,NONE
XAR,39,0.749001,FLY,"Firefly Aerospace, Inc.",Aerospace/Defense,Electronic Technology,LOSING,86,42.3,54.8,23.6,29,FOLLOWER,36.0,60.8,1.2,62.1,60.9,-59.6,NONE
XAR,40,0.63466,CDRE,"Cadre Holdings, Inc.",Security/Sfty,Electronic Technology,LOSING,65,51.5,62.3,35.3,16,FOLLOWER,24.2,8.5,33.3,27.7,-5.6,24.8,NONE
XAR,41,0.611909,NPK,"National Presto Industries, Inc.",Aerospace/Defense,Electronic Technology,LOSING,86,42.3,54.8,23.6,1,LEADER,91.0,87.5,79.9,91.9,12.0,-7.6,NONE
XAR,42,0.564274,BETA,"BETA Technologies, Inc. Class A",Aerospace/Defense,Electronic Technology,LOSING,86,42.3,54.8,23.6,22,FOLLOWER,40.6,10.9,67.4,68.4,1.0,56.4,NONE
XAR,43,0.444346,SATL,Satellogic Inc. Class A,Aerospace/Defense,Electronic Technology,LOSING,86,42.3,54.8,23.6,8,FOLLOWER,55.9,98.4,2.8,95.8,93.1,-95.7,NONE
XAR,44,0.407348,VOYG,"Voyager Technologies, Inc. Class A",Aerospace/Defense,Electronic Technology,LOSING,86,42.3,54.8,23.6,10,FOLLOWER,53.5,84.3,7.4,96.1,88.7,-76.9,NONE
XAR,45,0.362192,PKE,Park Aerospace Corp.,Aerospace/Defense,Electronic Technology,LOSING,86,42.3,54.8,23.6,18,FOLLOWER,50.3,89.6,34.6,27.0,-7.6,-55.0,NONE
XAR,46,0.299463,SPCE,Virgin Galactic Holdings Inc,Aerospace/Defense,Electronic Technology,LOSING,86,42.3,54.8,23.6,46,FOLLOWER,23.9,13.3,0.6,83.1,82.6,-12.7,NONE
XAR,47,0.156446,YSS,"York Space Systems, Inc.",Aerospace/Defense,Electronic Technology,LOSING,86,42.3,54.8,23.6,64,FOLLOWER,2.6,,0.3,0.6,0.3,,NONE
GDX,1,,NEM,Newmont Corporation,Mining-Gold/Silver/Gems,Non-Energy Minerals,LOSING,36,64.9,70.5,56.4,7,PIONEER,80.8,77.4,77.0,95.5,18.5,-0.4,NONE
GDX,2,,AEM,Agnico Eagle Mines Limited,Mining-Gold/Silver/Gems,Non-Energy Minerals,LOSING,36,64.9,70.5,56.4,22,FOLLOWER,66.5,57.8,74.6,96.7,22.1,16.8,NONE
GDX,3,,B,Barrick Mining Corporation,Mining-Gold/Silver/Gems,Non-Energy Minerals,LOSING,36,64.9,70.5,56.4,35,FOLLOWER,57.9,50.2,56.7,90.5,33.8,6.5,NONE
GDX,4,,WPM,Wheaton Precious Metals Corp,Mining-Gold/Silver/Gems,Non-Energy Minerals,LOSING,36,64.9,70.5,56.4,9,PIONEER,79.8,78.5,78.1,96.4,18.3,-0.5,NONE
GDX,5,,AU,Anglogold Ashanti PLC,Mining-Gold/Silver/Gems,Non-Energy Minerals,LOSING,36,64.9,70.5,56.4,10,PIONEER,78.4,71.6,84.4,97.3,12.9,12.8,NONE
GDX,6,,FNV,Franco-Nevada Corporation,Mining-Gold/Silver/Gems,Non-Energy Minerals,LOSING,36,64.9,70.5,56.4,16,FOLLOWER,72.9,66.9,75.3,91.2,15.9,8.5,NONE
GDX,7,,KGC,Kinross Gold Corporation,Mining-Gold/Silver/Gems,Non-Energy Minerals,LOSING,36,64.9,70.5,56.4,36,FOLLOWER,57.3,50.9,54.6,94.9,40.3,3.7,NONE
GDX,8,,GFI,Gold Fields Limited Sponsored ADR,Mining-Gold/Silver/Gems,Non-Energy Minerals,LOSING,36,64.9,70.5,56.4,25,FOLLOWER,64.9,48.3,83.8,97.4,13.6,35.5,NONE
GDX,9,,PAAS,Pan American Silver Corp.,Mining-Gold/Silver/Gems,Non-Energy Minerals,LOSING,36,64.9,70.5,56.4,45,FOLLOWER,51.4,62.8,27.5,89.4,61.9,-35.3,NONE
GDX,11,,CDE,"Coeur Mining, Inc.",Mining-Gold/Silver/Gems,Non-Energy Minerals,LOSING,36,64.9,70.5,56.4,27,FOLLOWER,63.6,68.0,59.5,96.6,37.1,-8.5,NONE
GDX,12,,RGLD,"Royal Gold, Inc.",Mining-Gold/Silver/Gems,Non-Energy Minerals,LOSING,36,64.9,70.5,56.4,14,PIONEER,73.6,70.4,82.1,94.5,12.4,11.7,NONE
GDX,13,,AGI,Alamos Gold Inc.,Mining-Gold/Silver/Gems,Non-Energy Minerals,LOSING,36,64.9,70.5,56.4,63,FOLLOWER,42.2,33.3,25.8,94.4,68.6,-7.5,NONE
GDX,14,,EQX,Equinox Gold Corp.,Mining-Gold/Silver/Gems,Non-Energy Minerals,LOSING,36,64.9,70.5,56.4,54,FOLLOWER,47.0,28.2,49.9,97.7,47.8,21.6,NONE
GDX,16,,EGO,Eldorado Gold Corporation,Mining-Gold/Silver/Gems,Non-Energy Minerals,LOSING,36,64.9,70.5,56.4,5,LEADER,82.1,81.1,92.1,98.3,6.3,10.9,NONE
GDX,18,,HL,Hecla Mining Company,Mining-Gold/Silver/Gems,Non-Energy Minerals,LOSING,36,64.9,70.5,56.4,21,FOLLOWER,66.7,64.0,71.0,96.9,25.8,7.0,NONE
GDX,19,,IAG,IAMGOLD Corporation,Mining-Gold/Silver/Gems,Non-Energy Minerals,LOSING,36,64.9,70.5,56.4,15,PIONEER,73.0,72.7,78.6,97.7,19.1,5.9,NONE
GDX,21,,AG,First Majestic Silver Corp.,Mining-Gold/Silver/Gems,Non-Energy Minerals,LOSING,36,64.9,70.5,56.4,31,FOLLOWER,61.2,84.2,36.6,96.1,59.5,-47.6,NONE
GDX,24,,HMY,Harmony Gold Mining Co. Ltd. Sponsored ADR,Mining-Gold/Silver/Gems,Non-Energy Minerals,LOSING,36,64.9,70.5,56.4,39,FOLLOWER,56.9,40.2,67.5,91.9,24.4,27.3,NONE
GDX,28,,BTG,B2Gold Corp.,Mining-Gold/Silver/Gems,Non-Energy Minerals,LOSING,36,64.9,70.5,56.4,18,PIONEER,72.6,63.3,79.2,97.9,18.7,16.0,NONE
GDX,29,,OGC,OceanaGold Corporation,Mining-Gold/Silver/Gems,Non-Energy Minerals,LOSING,36,64.9,70.5,56.4,41,FOLLOWER,55.0,57.3,50.0,90.3,40.3,-7.3,NONE
GDX,31,,SSRM,SSR Mining Inc,Mining-Gold/Silver/Gems,Non-Energy Minerals,LOSING,36,64.9,70.5,56.4,3,PIONEER,87.3,88.8,87.8,98.1,10.3,-1.0,NONE
GDX,32,,BVN,Compania de Minas Buenaventura SAA Sponsored ADR,Mining-Gold/Silver/Gems,Non-Energy Minerals,LOSING,36,64.9,70.5,56.4,30,FOLLOWER,61.8,80.5,34.2,81.5,47.3,-46.3,NONE
GDX,35,,OR,OR Royalties Inc.,Mining-Gold/Silver/Gems,Non-Energy Minerals,LOSING,36,64.9,70.5,56.4,44,FOLLOWER,53.0,46.1,49.7,91.7,42.0,3.6,NONE
GDX,41,,ARIS,Aris Mining Corp,Mining-Gold/Silver/Gems,Non-Energy Minerals,LOSING,36,64.9,70.5,56.4,17,FOLLOWER,72.6,78.9,67.8,98.4,30.5,-11.1,NONE
GDX,46,,CGAU,Centerra Gold Inc.,Mining-Gold/Silver/Gems,Non-Energy Minerals,LOSING,36,64.9,70.5,56.4,2,LEADER,88.5,91.6,91.9,95.2,3.2,0.4,NONE
GDX,50,,AUGO,Aura Minerals Inc,Mining-Gold/Silver/Gems,Non-Energy Minerals,LOSING,36,64.9,70.5,56.4,8,LEADER,80.2,96.5,77.3,98.6,21.3,-19.2,NONE
GDX,52,,FSM,Fortuna Mining Corp.,Mining-Gold/Silver/Gems,Non-Energy Minerals,LOSING,36,64.9,70.5,56.4,13,PIONEER,74.6,63.4,84.0,97.5,13.5,20.6,NONE
GDX,53,,SKE,Skeena Resources Limited,Mining-Gold/Silver/Gems,Non-Energy Minerals,LOSING,36,64.9,70.5,56.4,19,FOLLOWER,71.7,89.0,60.2,90.7,30.6,-28.9,NONE
GDX,56,,EXK,Endeavour Silver Corp.,Mining-Gold/Silver/Gems,Non-Energy Minerals,LOSING,36,64.9,70.5,56.4,28,FOLLOWER,63.5,63.8,63.7,97.2,33.6,-0.2,NONE
GDX,57,,SA,Seabridge Gold Inc,Mining-Gold/Silver/Gems,Non-Energy Minerals,LOSING,36,64.9,70.5,56.4,48,FOLLOWER,49.8,58.2,30.2,90.9,60.7,-28.0,NONE
GDX,59,,SVM,Silvercorp Metals Inc.,Mining-Gold/Silver/Gems,Non-Energy Minerals,LOSING,36,64.9,70.5,56.4,26,FOLLOWER,63.8,90.7,32.7,94.8,62.2,-58.0,NONE
