sector_etf,provider_symbol,symbol,weight_pct,name,source_url,provider
AIQ,PLTR,PLTR,4.12,PALANTIR TECHNOLOGIES INC-A,https://assets.globalxetfs.com/funds/holdings/aiq_full-holdings_20260831.csv,GLOBALX
AIQ,MSFT,MSFT,3.62,MICROSOFT CORP,https://assets.globalxetfs.com/funds/holdings/aiq_full-holdings_20260831.csv,GLOBALX
AIQ,ORCL,ORCL,3.39,ORACLE CORP,https://assets.globalxetfs.com/funds/holdings/aiq_full-holdings_20260831.csv,GLOBALX
AIQ,SPCX,SPCX,3.31,SPACE EXPLORATION TECHN-CL A,https://assets.globalxetfs.com/funds/holdings/aiq_full-holdings_20260831.csv,GLOBALX
AIQ,NFLX,NFLX,3.21,NETFLIX INC,https://assets.globalxetfs.com/funds/holdings/aiq_full-holdings_20260831.csv,GLOBALX
AIQ,TSLA,TSLA,3.14,TESLA INC,https://assets.globalxetfs.com/funds/holdings/aiq_full-holdings_20260831.csv,GLOBALX
AIQ,AMZN,AMZN,3.03,AMAZON.COM INC,https://assets.globalxetfs.com/funds/holdings/aiq_full-holdings_20260831.csv,GLOBALX
AIQ,GOOGL,GOOGL,2.91,ALPHABET INC-CL A,https://assets.globalxetfs.com/funds/holdings/aiq_full-holdings_20260831.csv,GLOBALX
AIQ,NVDA,NVDA,2.88,NVIDIA CORP,https://assets.globalxetfs.com/funds/holdings/aiq_full-holdings_20260831.csv,GLOBALX
AIQ,005930 KS,005930 KS,2.81,SAMSUNG ELECTRONICS CO LTD,https://assets.globalxetfs.com/funds/holdings/aiq_full-holdings_20260831.csv,GLOBALX
AIQ,700 HK,700 HK,2.78,TENCENT HOLDINGS LTD,https://assets.globalxetfs.com/funds/holdings/aiq_full-holdings_20260831.csv,GLOBALX
AIQ,TSM,TSM,2.73,TAIWAN SEMICONDUCTOR-SP ADR,https://assets.globalxetfs.com/funds/holdings/aiq_full-holdings_20260831.csv,GLOBALX
AIQ,AAPL,AAPL,2.69,APPLE INC,https://assets.globalxetfs.com/funds/holdings/aiq_full-holdings_20260831.csv,GLOBALX
AIQ,CSCO,CSCO,2.67,CISCO SYSTEMS INC,https://assets.globalxetfs.com/funds/holdings/aiq_full-holdings_20260831.csv,GLOBALX
AIQ,MU,MU,2.64,MICRON TECHNOLOGY INC,https://assets.globalxetfs.com/funds/holdings/aiq_full-holdings_20260831.csv,GLOBALX
AIQ,META,META,2.58,META PLATFORMS INC,https://assets.globalxetfs.com/funds/holdings/aiq_full-holdings_20260831.csv,GLOBALX
AIQ,AVGO,AVGO,2.57,BROADCOM INC,https://assets.globalxetfs.com/funds/holdings/aiq_full-holdings_20260831.csv,GLOBALX
AIQ,000660 KS,000660 KS,2.55,SK HYNIX INC,https://assets.globalxetfs.com/funds/holdings/aiq_full-holdings_20260831.csv,GLOBALX
AIQ,INTC,INTC,2.44,INTEL CORP,https://assets.globalxetfs.com/funds/holdings/aiq_full-holdings_20260831.csv,GLOBALX
AIQ,AMD,AMD,2.38,ADVANCED MICRO DEVICES,https://assets.globalxetfs.com/funds/holdings/aiq_full-holdings_20260831.csv,GLOBALX
AIQ,BABA,BABA,2.16,ALIBABA GROUP HOLDING-SP ADR,https://assets.globalxetfs.com/funds/holdings/aiq_full-holdings_20260831.csv,GLOBALX
AIQ,SAP,SAP,2.15,SAP SE-SPONSORED ADR,https://assets.globalxetfs.com/funds/holdings/aiq_full-holdings_20260831.csv,GLOBALX
AIQ,SIE GR,SIE GR,2.06,SIEMENS AG-REG,https://assets.globalxetfs.com/funds/holdings/aiq_full-holdings_20260831.csv,GLOBALX
AIQ,IBM,IBM,1.74,INTL BUSINESS MACHINES CORP,https://assets.globalxetfs.com/funds/holdings/aiq_full-holdings_20260831.csv,GLOBALX
AIQ,CRM,CRM,1.67,SALESFORCE INC,https://assets.globalxetfs.com/funds/holdings/aiq_full-holdings_20260831.csv,GLOBALX
AIQ,STX,STX,1.47,SEAGATE TECHNOLOGY HOLDINGS,https://assets.globalxetfs.com/funds/holdings/aiq_full-holdings_20260831.csv,GLOBALX
AIQ,MRVL,MRVL,1.47,MARVELL TECHNOLOGY INC,https://assets.globalxetfs.com/funds/holdings/aiq_full-holdings_20260831.csv,GLOBALX
AIQ,SHOP,SHOP,1.42,SHOPIFY INC - CLASS A,https://assets.globalxetfs.com/funds/holdings/aiq_full-holdings_20260831.csv,GLOBALX
AIQ,QCOM,QCOM,1.42,QUALCOMM INC,https://assets.globalxetfs.com/funds/holdings/aiq_full-holdings_20260831.csv,GLOBALX
AIQ,UBER,UBER,1.22,UBER TECHNOLOGIES INC,https://assets.globalxetfs.com/funds/holdings/aiq_full-holdings_20260831.csv,GLOBALX
AIQ,NOW,NOW,1.21,SERVICENOW INC,https://assets.globalxetfs.com/funds/holdings/aiq_full-holdings_20260831.csv,GLOBALX
AIQ,ADBE,ADBE,0.92,ADOBE INC,https://assets.globalxetfs.com/funds/holdings/aiq_full-holdings_20260831.csv,GLOBALX
AIQ,ACN,ACN,0.92,ACCENTURE PLC-CL A,https://assets.globalxetfs.com/funds/holdings/aiq_full-holdings_20260831.csv,GLOBALX
AIQ,SNOW,SNOW,0.91,SNOWFLAKE INC,https://assets.globalxetfs.com/funds/holdings/aiq_full-holdings_20260831.csv,GLOBALX
AIQ,2317 TT,2317 TT,0.88,HON HAI PRECISION INDUSTRY,https://assets.globalxetfs.com/funds/holdings/aiq_full-holdings_20260831.csv,GLOBALX
AIQ,APP,APP,0.76,APPLOVIN CORP-CLASS A,https://assets.globalxetfs.com/funds/holdings/aiq_full-holdings_20260831.csv,GLOBALX
AIQ,CDNS,CDNS,0.74,CADENCE DESIGN SYS INC,https://assets.globalxetfs.com/funds/holdings/aiq_full-holdings_20260831.csv,GLOBALX
AIQ,IFX GR,IFX GR,0.68,INFINEON TECHNOLOGIES AG,https://assets.globalxetfs.com/funds/holdings/aiq_full-holdings_20260831.csv,GLOBALX
AIQ,SNPS,SNPS,0.66,SYNOPSYS INC,https://assets.globalxetfs.com/funds/holdings/aiq_full-holdings_20260831.csv,GLOBALX
AIQ,DDOG,DDOG,0.62,DATADOG INC - CLASS A,https://assets.globalxetfs.com/funds/holdings/aiq_full-holdings_20260831.csv,GLOBALX
AIQ,HPE,HPE,0.54,HEWLETT PACKARD ENTERPRISE,https://assets.globalxetfs.com/funds/holdings/aiq_full-holdings_20260831.csv,GLOBALX
AIQ,PATH,PATH,0.5,UIPATH INC - CLASS A,https://assets.globalxetfs.com/funds/holdings/aiq_full-holdings_20260831.csv,GLOBALX
AIQ,WIX,WIX,0.49,WIX.COM LTD,https://assets.globalxetfs.com/funds/holdings/aiq_full-holdings_20260831.csv,GLOBALX
AIQ,5803 JP,5803 JP,0.48,FUJIKURA LTD,https://assets.globalxetfs.com/funds/holdings/aiq_full-holdings_20260831.csv,GLOBALX
AIQ,100 HK,100 HK,0.47,MINIMAX GROUP INC,https://assets.globalxetfs.com/funds/holdings/aiq_full-holdings_20260831.csv,GLOBALX
AIQ,NOK,NOK,0.46,NOKIA CORP-SPON ADR,https://assets.globalxetfs.com/funds/holdings/aiq_full-holdings_20260831.csv,GLOBALX
AIQ,NXPI,NXPI,0.45,NXP SEMICONDUCTORS NV,https://assets.globalxetfs.com/funds/holdings/aiq_full-holdings_20260831.csv,GLOBALX
AIQ,3690 HK,3690 HK,0.44,MEITUAN-CLASS B,https://assets.globalxetfs.com/funds/holdings/aiq_full-holdings_20260831.csv,GLOBALX
AIQ,WDAY,WDAY,0.42,WORKDAY INC-CLASS A,https://assets.globalxetfs.com/funds/holdings/aiq_full-holdings_20260831.csv,GLOBALX
AIQ,3443 TT,3443 TT,0.39,GLOBAL UNICHIP CORP,https://assets.globalxetfs.com/funds/holdings/aiq_full-holdings_20260831.csv,GLOBALX
AIQ,PEGA,PEGA,0.38,PEGASYSTEMS INC,https://assets.globalxetfs.com/funds/holdings/aiq_full-holdings_20260831.csv,GLOBALX
AIQ,ZBRA,ZBRA,0.37,ZEBRA TECHNOLOGIES CORP-CL A,https://assets.globalxetfs.com/funds/holdings/aiq_full-holdings_20260831.csv,GLOBALX
AIQ,TRI,TRI,0.37,THOMSON REUTERS CORP,https://assets.globalxetfs.com/funds/holdings/aiq_full-holdings_20260831.csv,GLOBALX
AIQ,ZS,ZS,0.36,ZSCALER INC,https://assets.globalxetfs.com/funds/holdings/aiq_full-holdings_20260831.csv,GLOBALX
AIQ,DT,DT,0.36,DYNATRACE INC,https://assets.globalxetfs.com/funds/holdings/aiq_full-holdings_20260831.csv,GLOBALX
AIQ,GLOB,GLOB,0.36,GLOBANT SA,https://assets.globalxetfs.com/funds/holdings/aiq_full-holdings_20260831.csv,GLOBALX
AIQ,AI,AI,0.36,C3.AI INC-A,https://assets.globalxetfs.com/funds/holdings/aiq_full-holdings_20260831.csv,GLOBALX
AIQ,CCC,CCC,0.35,CCC INTELLIGENT SOLUTIONS HO,https://assets.globalxetfs.com/funds/holdings/aiq_full-holdings_20260831.csv,GLOBALX
AIQ,TWLO,TWLO,0.34,TWILIO INC - A,https://assets.globalxetfs.com/funds/holdings/aiq_full-holdings_20260831.csv,GLOBALX
AIQ,OKTA,OKTA,0.34,OKTA INC,https://assets.globalxetfs.com/funds/holdings/aiq_full-holdings_20260831.csv,GLOBALX
AIQ,SNAP,SNAP,0.34,SNAP INC - A,https://assets.globalxetfs.com/funds/holdings/aiq_full-holdings_20260831.csv,GLOBALX
AIQ,G,G,0.34,GENPACT LTD,https://assets.globalxetfs.com/funds/holdings/aiq_full-holdings_20260831.csv,GLOBALX
AIQ,6702 JP,6702 JP,0.33,FUJITSU LIMITED,https://assets.globalxetfs.com/funds/holdings/aiq_full-holdings_20260831.csv,GLOBALX
AIQ,TEMN SW,TEMN SW,0.33,TEMENOS AG - REG,https://assets.globalxetfs.com/funds/holdings/aiq_full-holdings_20260831.csv,GLOBALX
AIQ,6701 JP,6701 JP,0.33,NEC CORP,https://assets.globalxetfs.com/funds/holdings/aiq_full-holdings_20260831.csv,GLOBALX
AIQ,DXC,DXC,0.33,DXC TECHNOLOGY CO,https://assets.globalxetfs.com/funds/holdings/aiq_full-holdings_20260831.csv,GLOBALX
AIQ,SMCI,SMCI,0.32,SUPER MICRO COMPUTER INC,https://assets.globalxetfs.com/funds/holdings/aiq_full-holdings_20260831.csv,GLOBALX
AIQ,WKL NA,WKL NA,0.32,WOLTERS KLUWER,https://assets.globalxetfs.com/funds/holdings/aiq_full-holdings_20260831.csv,GLOBALX
AIQ,EXPN LN,EXPN LN,0.32,EXPERIAN PLC,https://assets.globalxetfs.com/funds/holdings/aiq_full-holdings_20260831.csv,GLOBALX
AIQ,TIETO FH,TIETO FH,0.32,TIETO OYJ,https://assets.globalxetfs.com/funds/holdings/aiq_full-holdings_20260831.csv,GLOBALX
AIQ,SOUN,SOUN,0.31,SOUNDHOUND AI INC-A,https://assets.globalxetfs.com/funds/holdings/aiq_full-holdings_20260831.csv,GLOBALX
AIQ,2395 TT,2395 TT,0.31,ADVANTECH CO LTD,https://assets.globalxetfs.com/funds/holdings/aiq_full-holdings_20260831.csv,GLOBALX
AIQ,GEHC,GEHC,0.31,GE HEALTHCARE TECHNOLOGY,https://assets.globalxetfs.com/funds/holdings/aiq_full-holdings_20260831.csv,GLOBALX
AIQ,EFX,EFX,0.31,EQUIFAX INC,https://assets.globalxetfs.com/funds/holdings/aiq_full-holdings_20260831.csv,GLOBALX
AIQ,AMP IM,AMP IM,0.31,AMPLIFON SPA,https://assets.globalxetfs.com/funds/holdings/aiq_full-holdings_20260831.csv,GLOBALX
AIQ,CRWV,CRWV,0.3,COREWEAVE INC-CL A,https://assets.globalxetfs.com/funds/holdings/aiq_full-holdings_20260831.csv,GLOBALX
AIQ,2513 HK,2513 HK,0.3,Z AI CO LTD,https://assets.globalxetfs.com/funds/holdings/aiq_full-holdings_20260831.csv,GLOBALX
AIQ,6954 JP,6954 JP,0.29,FANUC CORP,https://assets.globalxetfs.com/funds/holdings/aiq_full-holdings_20260831.csv,GLOBALX
AIQ,ERIC,ERIC,0.29,ERICSSON (LM) TEL-SP ADR,https://assets.globalxetfs.com/funds/holdings/aiq_full-holdings_20260831.csv,GLOBALX
AIQ,TDC,TDC,0.28,TERADATA CORP,https://assets.globalxetfs.com/funds/holdings/aiq_full-holdings_20260831.csv,GLOBALX
AIQ,QUBT,QUBT,0.28,QUANTUM COMPUTING INC,https://assets.globalxetfs.com/funds/holdings/aiq_full-holdings_20260831.csv,GLOBALX
AIQ,CLS,CLS,0.27,CELESTICA INC,https://assets.globalxetfs.com/funds/holdings/aiq_full-holdings_20260831.csv,GLOBALX
AIQ,4755 JP,4755 JP,0.27,RAKUTEN GROUP INC,https://assets.globalxetfs.com/funds/holdings/aiq_full-holdings_20260831.csv,GLOBALX
AIQ,AMBA,AMBA,0.27,AMBARELLA INC,https://assets.globalxetfs.com/funds/holdings/aiq_full-holdings_20260831.csv,GLOBALX
AIQ,PONY,PONY,0.26,PONY AI INC,https://assets.globalxetfs.com/funds/holdings/aiq_full-holdings_20260831.csv,GLOBALX
AIQ,BIDU,BIDU,0.24,BAIDU INC - SPON ADR,https://assets.globalxetfs.com/funds/holdings/aiq_full-holdings_20260831.csv,GLOBALX
AIQ,HUT,HUT,0.18,HUT 8 CORP,https://assets.globalxetfs.com/funds/holdings/aiq_full-holdings_20260831.csv,GLOBALX
AIQ,2718 HK,2718 HK,0.11,MININGLAMP TECHNOLOG-CLASS A,https://assets.globalxetfs.com/funds/holdings/aiq_full-holdings_20260831.csv,GLOBALX
BOTZ,2431 HK,2431 HK,0.03,MINIEYE TECHNOLOGY CO LTD-H,https://assets.globalxetfs.com/funds/holdings/botz_full-holdings_20260831.csv,GLOBALX
BOTZ,6861 JP,6861 JP,10.75,KEYENCE CORP,https://assets.globalxetfs.com/funds/holdings/botz_full-holdings_20260831.csv,GLOBALX
BOTZ,NVDA,NVDA,9.62,NVIDIA CORP,https://assets.globalxetfs.com/funds/holdings/botz_full-holdings_20260831.csv,GLOBALX
BOTZ,ABBN SW,ABBN SW,9.17,ABB LTD-REG,https://assets.globalxetfs.com/funds/holdings/botz_full-holdings_20260831.csv,GLOBALX
BOTZ,6954 JP,6954 JP,7.63,FANUC CORP,https://assets.globalxetfs.com/funds/holdings/botz_full-holdings_20260831.csv,GLOBALX
BOTZ,ISRG,ISRG,6.06,INTUITIVE SURGICAL INC,https://assets.globalxetfs.com/funds/holdings/botz_full-holdings_20260831.csv,GLOBALX
BOTZ,6273 JP,6273 JP,4.55,SMC CORP,https://assets.globalxetfs.com/funds/holdings/botz_full-holdings_20260831.csv,GLOBALX
BOTZ,300124 C2,300124 C2,4.06,SHENZHEN INOVANCE TECHNOLO-A,https://assets.globalxetfs.com/funds/holdings/botz_full-holdings_20260831.csv,GLOBALX
BOTZ,6383 JP,6383 JP,3.09,DAIFUKU CO LTD,https://assets.globalxetfs.com/funds/holdings/botz_full-holdings_20260831.csv,GLOBALX
BOTZ,300757 C2,300757 C2,2.72,ROBOTECHNIK INTELLIGENT TE-A,https://assets.globalxetfs.com/funds/holdings/botz_full-holdings_20260831.csv,GLOBALX
BOTZ,CGNX,CGNX,2.26,COGNEX CORP,https://assets.globalxetfs.com/funds/holdings/botz_full-holdings_20260831.csv,GLOBALX
BOTZ,GOOGL,GOOGL,2.25,ALPHABET INC-CL A,https://assets.globalxetfs.com/funds/holdings/botz_full-holdings_20260831.csv,GLOBALX
BOTZ,AUR,AUR,2.07,AURORA INNOVATION INC,https://assets.globalxetfs.com/funds/holdings/botz_full-holdings_20260831.csv,GLOBALX
BOTZ,6645 JP,6645 JP,1.93,OMRON CORP,https://assets.globalxetfs.com/funds/holdings/botz_full-holdings_20260831.csv,GLOBALX
BOTZ,PATH,PATH,1.92,UIPATH INC - CLASS A,https://assets.globalxetfs.com/funds/holdings/botz_full-holdings_20260831.csv,GLOBALX
BOTZ,TSLA,TSLA,1.81,TESLA INC,https://assets.globalxetfs.com/funds/holdings/botz_full-holdings_20260831.csv,GLOBALX
BOTZ,6506 JP,6506 JP,1.79,YASKAWA ELECTRIC CORP,https://assets.globalxetfs.com/funds/holdings/botz_full-holdings_20260831.csv,GLOBALX
BOTZ,1810 HK,1810 HK,1.71,XIAOMI CORP-CLASS B,https://assets.globalxetfs.com/funds/holdings/botz_full-holdings_20260831.csv,GLOBALX
BOTZ,9660 HK,9660 HK,1.69,HORIZON ROBOTICS INC,https://assets.globalxetfs.com/funds/holdings/botz_full-holdings_20260831.csv,GLOBALX
BOTZ,AVAV,AVAV,1.66,AEROVIRONMENT INC,https://assets.globalxetfs.com/funds/holdings/botz_full-holdings_20260831.csv,GLOBALX
BOTZ,BIDU,BIDU,1.61,BAIDU INC - SPON ADR,https://assets.globalxetfs.com/funds/holdings/botz_full-holdings_20260831.csv,GLOBALX
BOTZ,277810 KS,277810 KS,1.45,RAINBOW ROBOTICS,https://assets.globalxetfs.com/funds/holdings/botz_full-holdings_20260831.csv,GLOBALX
BOTZ,JBTM,JBTM,1.36,JBT MAREL CORP,https://assets.globalxetfs.com/funds/holdings/botz_full-holdings_20260831.csv,GLOBALX
BOTZ,AUTO NO,AUTO NO,1.34,AUTOSTORE HOLDINGS LTD,https://assets.globalxetfs.com/funds/holdings/botz_full-holdings_20260831.csv,GLOBALX
BOTZ,XPEV,XPEV,1.17,XPENG INC - ADR,https://assets.globalxetfs.com/funds/holdings/botz_full-holdings_20260831.csv,GLOBALX
BOTZ,RSW LN,RSW LN,1.13,RENISHAW PLC,https://assets.globalxetfs.com/funds/holdings/botz_full-holdings_20260831.csv,GLOBALX
BOTZ,SYM,SYM,1.12,SYMBOTIC INC,https://assets.globalxetfs.com/funds/holdings/botz_full-holdings_20260831.csv,GLOBALX
BOTZ,9880 HK,9880 HK,1.05,UBTECH ROBOTICS CORP LTD-H,https://assets.globalxetfs.com/funds/holdings/botz_full-holdings_20260831.csv,GLOBALX
BOTZ,688169 C1,688169 C1,0.94,BEIJING ROBOROCK TECHNOLOG-A,https://assets.globalxetfs.com/funds/holdings/botz_full-holdings_20260831.csv,GLOBALX
BOTZ,HIAB FH,HIAB FH,0.91,HIAB OYJ,https://assets.globalxetfs.com/funds/holdings/botz_full-holdings_20260831.csv,GLOBALX
BOTZ,002747 C2,002747 C2,0.79,ESTUN AUTOMATION CO LTD-A,https://assets.globalxetfs.com/funds/holdings/botz_full-holdings_20260831.csv,GLOBALX
BOTZ,688297 C1,688297 C1,0.75,AVIC CHENGDU UAS CO LTD-A,https://assets.globalxetfs.com/funds/holdings/botz_full-holdings_20260831.csv,GLOBALX
BOTZ,454910 KS,454910 KS,0.75,DOOSAN ROBOTICS INC,https://assets.globalxetfs.com/funds/holdings/botz_full-holdings_20260831.csv,GLOBALX
BOTZ,TECN SW,TECN SW,0.7,TECAN GROUP AG-REG,https://assets.globalxetfs.com/funds/holdings/botz_full-holdings_20260831.csv,GLOBALX
BOTZ,300024 C2,300024 C2,0.65,SIASUN ROBOT & AUTOMATION-A,https://assets.globalxetfs.com/funds/holdings/botz_full-holdings_20260831.csv,GLOBALX
BOTZ,2252 HK,2252 HK,0.62,SHANGHAI MICROPORT MEDBOT-H,https://assets.globalxetfs.com/funds/holdings/botz_full-holdings_20260831.csv,GLOBALX
BOTZ,108490 KS,108490 KS,0.61,ROBOTIS CO LTD,https://assets.globalxetfs.com/funds/holdings/botz_full-holdings_20260831.csv,GLOBALX
BOTZ,PONY,PONY,0.56,PONY AI INC,https://assets.globalxetfs.com/funds/holdings/botz_full-holdings_20260831.csv,GLOBALX
BOTZ,OUST,OUST,0.48,OUSTER INC,https://assets.globalxetfs.com/funds/holdings/botz_full-holdings_20260831.csv,GLOBALX
BOTZ,HSAI,HSAI,0.47,HESAI GROUP,https://assets.globalxetfs.com/funds/holdings/botz_full-holdings_20260831.csv,GLOBALX
BOTZ,ATS CN,ATS CN,0.42,ATS CORP,https://assets.globalxetfs.com/funds/holdings/botz_full-holdings_20260831.csv,GLOBALX
BOTZ,WRD,WRD,0.42,WERIDE INC-ADR,https://assets.globalxetfs.com/funds/holdings/botz_full-holdings_20260831.csv,GLOBALX
BOTZ,APPN,APPN,0.41,APPIAN CORP-A,https://assets.globalxetfs.com/funds/holdings/botz_full-holdings_20260831.csv,GLOBALX
BOTZ,OMCL,OMCL,0.36,OMNICELL INC,https://assets.globalxetfs.com/funds/holdings/botz_full-holdings_20260831.csv,GLOBALX
BOTZ,EXA FP,EXA FP,0.33,EXAIL TECHNOLOGIES,https://assets.globalxetfs.com/funds/holdings/botz_full-holdings_20260831.csv,GLOBALX
BOTZ,6600 HK,6600 HK,0.33,ONEROBOTICS SHENZHEN CO -H,https://assets.globalxetfs.com/funds/holdings/botz_full-holdings_20260831.csv,GLOBALX
BOTZ,PRCT,PRCT,0.27,PROCEPT BIOROBOTICS CORP,https://assets.globalxetfs.com/funds/holdings/botz_full-holdings_20260831.csv,GLOBALX
BOTZ,2432 HK,2432 HK,0.27,SHENZHEN DOBOT CORP LTD-H,https://assets.globalxetfs.com/funds/holdings/botz_full-holdings_20260831.csv,GLOBALX
BOTZ,NQU6 Index,NQU6 INDEX,0.26,NASDAQ 100 E-MINI SEP26,https://assets.globalxetfs.com/funds/holdings/botz_full-holdings_20260831.csv,GLOBALX
BOTZ,2498 HK,2498 HK,0.25,ROBOSENSE TECHNOLOGY CO LTD,https://assets.globalxetfs.com/funds/holdings/botz_full-holdings_20260831.csv,GLOBALX
BOTZ,688165 C1,688165 C1,0.24,EFORT INTELLIGENT ROBOT CO-A,https://assets.globalxetfs.com/funds/holdings/botz_full-holdings_20260831.csv,GLOBALX
BOTZ,6258 JP,6258 JP,0.16,HIRATA CORP,https://assets.globalxetfs.com/funds/holdings/botz_full-holdings_20260831.csv,GLOBALX
BOTZ,6104 JP,6104 JP,0.16,"SHIBAURA MACHINE CO., LTD",https://assets.globalxetfs.com/funds/holdings/botz_full-holdings_20260831.csv,GLOBALX
BOTZ,388720 KS,388720 KS,0.13,YUIL ROBOTICS CO LTD,https://assets.globalxetfs.com/funds/holdings/botz_full-holdings_20260831.csv,GLOBALX
BOTZ,090360 KS,090360 KS,0.12,ROBOSTAR CO LTD,https://assets.globalxetfs.com/funds/holdings/botz_full-holdings_20260831.csv,GLOBALX
BOTZ,CRNC,CRNC,0.09,CERENCE INC,https://assets.globalxetfs.com/funds/holdings/botz_full-holdings_20260831.csv,GLOBALX
BOTZ,SERV,SERV,0.08,SERVE ROBOTICS INC,https://assets.globalxetfs.com/funds/holdings/botz_full-holdings_20260831.csv,GLOBALX
BOTZ,RR,RR,0.08,RICHTECH ROBOTICS INC-CL B,https://assets.globalxetfs.com/funds/holdings/botz_full-holdings_20260831.csv,GLOBALX
BOTZ,2121 HK,2121 HK,0.06,AINNOVATION TECHNOLOGY GRO-H,https://assets.globalxetfs.com/funds/holdings/botz_full-holdings_20260831.csv,GLOBALX
BOTZ,EH,EH,0.05,EHANG HOLDINGS LTD-SPS ADR,https://assets.globalxetfs.com/funds/holdings/botz_full-holdings_20260831.csv,GLOBALX
BOTZ,455900 KS,455900 KS,0.05,ANGEL ROBOTICS CO LTD,https://assets.globalxetfs.com/funds/holdings/botz_full-holdings_20260831.csv,GLOBALX
COPX,BVR AU,BVR AU,0.01,BELLAVISTA RESOURCES LTD,https://assets.globalxetfs.com/funds/holdings/copx_full-holdings_20260831.csv,GLOBALX
COPX,HBM CN,HBM CN,5.62,HUDBAY MINERALS INC,https://assets.globalxetfs.com/funds/holdings/copx_full-holdings_20260831.csv,GLOBALX
COPX,BHP AU,BHP AU,5.2,BHP GROUP LTD,https://assets.globalxetfs.com/funds/holdings/copx_full-holdings_20260831.csv,GLOBALX
COPX,TECK/B CN,TECK/B CN,5.18,TECK RESOURCES LTD-CLS B,https://assets.globalxetfs.com/funds/holdings/copx_full-holdings_20260831.csv,GLOBALX
COPX,FM CN,FM CN,5.13,FIRST QUANTUM MINERALS LTD,https://assets.globalxetfs.com/funds/holdings/copx_full-holdings_20260831.csv,GLOBALX
COPX,SCCO,SCCO,4.98,SOUTHERN COPPER CORP,https://assets.globalxetfs.com/funds/holdings/copx_full-holdings_20260831.csv,GLOBALX
COPX,FCX,FCX,4.87,FREEPORT-MCMORAN INC,https://assets.globalxetfs.com/funds/holdings/copx_full-holdings_20260831.csv,GLOBALX
COPX,ANTO LN,ANTO LN,4.72,ANTOFAGASTA PLC,https://assets.globalxetfs.com/funds/holdings/copx_full-holdings_20260831.csv,GLOBALX
COPX,KGH PW,KGH PW,4.7,KGHM POLSKA MIEDZ SA,https://assets.globalxetfs.com/funds/holdings/copx_full-holdings_20260831.csv,GLOBALX
COPX,GLEN LN,GLEN LN,4.69,GLENCORE PLC,https://assets.globalxetfs.com/funds/holdings/copx_full-holdings_20260831.csv,GLOBALX
COPX,5713 JP,5713 JP,4.42,SUMITOMO METAL MINING CO LTD,https://assets.globalxetfs.com/funds/holdings/copx_full-holdings_20260831.csv,GLOBALX
COPX,BOL SS,BOL SS,4.35,BOLIDEN AB,https://assets.globalxetfs.com/funds/holdings/copx_full-holdings_20260831.csv,GLOBALX
COPX,2899 HK,2899 HK,4.24,ZIJIN MINING GROUP CO LTD-H,https://assets.globalxetfs.com/funds/holdings/copx_full-holdings_20260831.csv,GLOBALX
COPX,LUN CN,LUN CN,3.93,LUNDIN MINING CORP,https://assets.globalxetfs.com/funds/holdings/copx_full-holdings_20260831.csv,GLOBALX
COPX,2099 HK,2099 HK,3.79,CHINA GOLD INTERNATIONAL RES,https://assets.globalxetfs.com/funds/holdings/copx_full-holdings_20260831.csv,GLOBALX
COPX,CS CN,CS CN,3.71,CAPSTONE COPPER CORP,https://assets.globalxetfs.com/funds/holdings/copx_full-holdings_20260831.csv,GLOBALX
COPX,SFR AU,SFR AU,3.71,SANDFIRE RESOURCES LTD,https://assets.globalxetfs.com/funds/holdings/copx_full-holdings_20260831.csv,GLOBALX
COPX,IVN CN,IVN CN,3.33,IVANHOE MINES LTD-CL A,https://assets.globalxetfs.com/funds/holdings/copx_full-holdings_20260831.csv,GLOBALX
COPX,NDA GR,NDA GR,2.54,AURUBIS AG,https://assets.globalxetfs.com/funds/holdings/copx_full-holdings_20260831.csv,GLOBALX
COPX,358 HK,358 HK,2.35,JIANGXI COPPER CO LTD-H,https://assets.globalxetfs.com/funds/holdings/copx_full-holdings_20260831.csv,GLOBALX
COPX,1208 HK,1208 HK,2.27,MMG LTD,https://assets.globalxetfs.com/funds/holdings/copx_full-holdings_20260831.csv,GLOBALX
COPX,5711 JP,5711 JP,2.14,MITSUBISHI MATERIALS CORP,https://assets.globalxetfs.com/funds/holdings/copx_full-holdings_20260831.csv,GLOBALX
COPX,ERO CN,ERO CN,1.78,ERO COPPER CORP,https://assets.globalxetfs.com/funds/holdings/copx_full-holdings_20260831.csv,GLOBALX
COPX,TGB,TGB,1.58,TREKOR METALS LTD,https://assets.globalxetfs.com/funds/holdings/copx_full-holdings_20260831.csv,GLOBALX
COPX,1258 HK,1258 HK,1.33,CHINA NONFERROUS MINING CORP,https://assets.globalxetfs.com/funds/holdings/copx_full-holdings_20260831.csv,GLOBALX
COPX,NGEX CN,NGEX CN,1.33,NGEX MINERALS LTD,https://assets.globalxetfs.com/funds/holdings/copx_full-holdings_20260831.csv,GLOBALX
COPX,3939 HK,3939 HK,1.11,WANGUO GOLD GROUP LTD,https://assets.globalxetfs.com/funds/holdings/copx_full-holdings_20260831.csv,GLOBALX
COPX,ALS CN,ALS CN,1.05,ALTIUS MINERALS CORPORATION,https://assets.globalxetfs.com/funds/holdings/copx_full-holdings_20260831.csv,GLOBALX
COPX,ATYM LN,ATYM LN,0.87,ATALAYA MINING COPPER SA,https://assets.globalxetfs.com/funds/holdings/copx_full-holdings_20260831.csv,GLOBALX
COPX,IE,IE,0.65,IVANHOE ELECTRIC INC / US,https://assets.globalxetfs.com/funds/holdings/copx_full-holdings_20260831.csv,GLOBALX
COPX,AMAK AB,AMAK AB,0.56,AL MASANE AL KOBRA MINING CO,https://assets.globalxetfs.com/funds/holdings/copx_full-holdings_20260831.csv,GLOBALX
COPX,1515 JP,1515 JP,0.49,NITTETSU MINING CO LTD,https://assets.globalxetfs.com/funds/holdings/copx_full-holdings_20260831.csv,GLOBALX
COPX,DVP AU,DVP AU,0.48,DEVELOP GLOBAL LTD,https://assets.globalxetfs.com/funds/holdings/copx_full-holdings_20260831.csv,GLOBALX
COPX,FFM AU,FFM AU,0.47,FIREFLY METALS LTD,https://assets.globalxetfs.com/funds/holdings/copx_full-holdings_20260831.csv,GLOBALX
COPX,NDM CN,NDM CN,0.45,NORTHERN DYNASTY MINERALS,https://assets.globalxetfs.com/funds/holdings/copx_full-holdings_20260831.csv,GLOBALX
COPX,FDY CN,FDY CN,0.42,FARADAY COPPER CORP,https://assets.globalxetfs.com/funds/holdings/copx_full-holdings_20260831.csv,GLOBALX
COPX,ARG CN,ARG CN,0.4,AMERIGO RESOURCES LTD,https://assets.globalxetfs.com/funds/holdings/copx_full-holdings_20260831.csv,GLOBALX
COPX,SLS CN,SLS CN,0.39,SOLARIS RESOURCES INC,https://assets.globalxetfs.com/funds/holdings/copx_full-holdings_20260831.csv,GLOBALX
COPX,OM CN,OM CN,0.36,OSISKO METALS INC,https://assets.globalxetfs.com/funds/holdings/copx_full-holdings_20260831.csv,GLOBALX
COPX,CNL CN,CNL CN,0.34,COLLECTIVE MINING LTD,https://assets.globalxetfs.com/funds/holdings/copx_full-holdings_20260831.csv,GLOBALX
DRIV,MSFT,MSFT,3.88,MICROSOFT CORP,https://assets.globalxetfs.com/funds/holdings/driv_full-holdings_20260831.csv,GLOBALX
DRIV,NVDA,NVDA,3.13,NVIDIA CORP,https://assets.globalxetfs.com/funds/holdings/driv_full-holdings_20260831.csv,GLOBALX
DRIV,TSLA,TSLA,2.82,TESLA INC,https://assets.globalxetfs.com/funds/holdings/driv_full-holdings_20260831.csv,GLOBALX
DRIV,GOOGL,GOOGL,2.77,ALPHABET INC-CL A,https://assets.globalxetfs.com/funds/holdings/driv_full-holdings_20260831.csv,GLOBALX
DRIV,INTC,INTC,2.63,INTEL CORP,https://assets.globalxetfs.com/funds/holdings/driv_full-holdings_20260831.csv,GLOBALX
DRIV,7203 JP,7203 JP,2.57,TOYOTA MOTOR CORP,https://assets.globalxetfs.com/funds/holdings/driv_full-holdings_20260831.csv,GLOBALX
DRIV,QCOM,QCOM,2.45,QUALCOMM INC,https://assets.globalxetfs.com/funds/holdings/driv_full-holdings_20260831.csv,GLOBALX
DRIV,RIO LN,RIO LN,1.9,RIO TINTO PLC,https://assets.globalxetfs.com/funds/holdings/driv_full-holdings_20260831.csv,GLOBALX
DRIV,GM,GM,1.79,GENERAL MOTORS CO,https://assets.globalxetfs.com/funds/holdings/driv_full-holdings_20260831.csv,GLOBALX
DRIV,006400 KS,006400 KS,1.69,SAMSUNG SDI CO LTD,https://assets.globalxetfs.com/funds/holdings/driv_full-holdings_20260831.csv,GLOBALX
DRIV,IFX GR,IFX GR,1.59,INFINEON TECHNOLOGIES AG,https://assets.globalxetfs.com/funds/holdings/driv_full-holdings_20260831.csv,GLOBALX
DRIV,WAB,WAB,1.57,WABTEC CORP,https://assets.globalxetfs.com/funds/holdings/driv_full-holdings_20260831.csv,GLOBALX
DRIV,F,F,1.49,FORD MOTOR CO,https://assets.globalxetfs.com/funds/holdings/driv_full-holdings_20260831.csv,GLOBALX
DRIV,NBIS,NBIS,1.45,NEBIUS GROUP NV,https://assets.globalxetfs.com/funds/holdings/driv_full-holdings_20260831.csv,GLOBALX
DRIV,1316 HK,1316 HK,1.44,NEXTEER AUTOMOTIVE GROUP LTD,https://assets.globalxetfs.com/funds/holdings/driv_full-holdings_20260831.csv,GLOBALX
DRIV,373220 KS,373220 KS,1.43,LG ENERGY SOLUTION,https://assets.globalxetfs.com/funds/holdings/driv_full-holdings_20260831.csv,GLOBALX
DRIV,COHR,COHR,1.41,COHERENT CORP,https://assets.globalxetfs.com/funds/holdings/driv_full-holdings_20260831.csv,GLOBALX
DRIV,1211 HK,1211 HK,1.41,BYD CO LTD-H,https://assets.globalxetfs.com/funds/holdings/driv_full-holdings_20260831.csv,GLOBALX
DRIV,IGO AU,IGO AU,1.4,IGO LTD,https://assets.globalxetfs.com/funds/holdings/driv_full-holdings_20260831.csv,GLOBALX
DRIV,PLS AU,PLS AU,1.38,PLS GROUP LTD,https://assets.globalxetfs.com/funds/holdings/driv_full-holdings_20260831.csv,GLOBALX
DRIV,BE,BE,1.37,BLOOM ENERGY CORP- A,https://assets.globalxetfs.com/funds/holdings/driv_full-holdings_20260831.csv,GLOBALX
DRIV,ATI,ATI,1.36,ATI INC,https://assets.globalxetfs.com/funds/holdings/driv_full-holdings_20260831.csv,GLOBALX
DRIV,SWKS,SWKS,1.34,SKYWORKS SOLUTIONS INC,https://assets.globalxetfs.com/funds/holdings/driv_full-holdings_20260831.csv,GLOBALX
DRIV,204320 KS,204320 KS,1.33,HL MANDO CORPORATION,https://assets.globalxetfs.com/funds/holdings/driv_full-holdings_20260831.csv,GLOBALX
DRIV,NXPI,NXPI,1.31,NXP SEMICONDUCTORS NV,https://assets.globalxetfs.com/funds/holdings/driv_full-holdings_20260831.csv,GLOBALX
DRIV,ALB,ALB,1.3,ALBEMARLE CORP,https://assets.globalxetfs.com/funds/holdings/driv_full-holdings_20260831.csv,GLOBALX
DRIV,VOW3 GR,VOW3 GR,1.29,VOLKSWAGEN AG,https://assets.globalxetfs.com/funds/holdings/driv_full-holdings_20260831.csv,GLOBALX
DRIV,SQM,SQM,1.29,QUIMICA Y MINERA CHIL-SP ADR,https://assets.globalxetfs.com/funds/holdings/driv_full-holdings_20260831.csv,GLOBALX
DRIV,DCH,DCH,1.29,DAUCH CORPORATION,https://assets.globalxetfs.com/funds/holdings/driv_full-holdings_20260831.csv,GLOBALX
DRIV,RNO FP,RNO FP,1.27,RENAULT SA,https://assets.globalxetfs.com/funds/holdings/driv_full-holdings_20260831.csv,GLOBALX
DRIV,ITT,ITT,1.26,ITT INC,https://assets.globalxetfs.com/funds/holdings/driv_full-holdings_20260831.csv,GLOBALX
DRIV,9696 HK,9696 HK,1.25,TIANQI LITHIUM CORP-H,https://assets.globalxetfs.com/funds/holdings/driv_full-holdings_20260831.csv,GLOBALX
DRIV,5301 JP,5301 JP,1.22,TOKAI CARBON CO LTD,https://assets.globalxetfs.com/funds/holdings/driv_full-holdings_20260831.csv,GLOBALX
DRIV,6902 JP,6902 JP,1.22,DENSO CORP,https://assets.globalxetfs.com/funds/holdings/driv_full-holdings_20260831.csv,GLOBALX
DRIV,6781 TT,6781 TT,1.21,ADVANCED ENERGY SOLUTION HOL,https://assets.globalxetfs.com/funds/holdings/driv_full-holdings_20260831.csv,GLOBALX
DRIV,011790 KS,011790 KS,1.19,SKC CO LTD,https://assets.globalxetfs.com/funds/holdings/driv_full-holdings_20260831.csv,GLOBALX
DRIV,7201 JP,7201 JP,1.18,NISSAN MOTOR CO LTD,https://assets.globalxetfs.com/funds/holdings/driv_full-holdings_20260831.csv,GLOBALX
DRIV,THRM,THRM,1.17,GENTHERM INC,https://assets.globalxetfs.com/funds/holdings/driv_full-holdings_20260831.csv,GLOBALX
DRIV,ERA FP,ERA FP,1.15,ERAMET,https://assets.globalxetfs.com/funds/holdings/driv_full-holdings_20260831.csv,GLOBALX
DRIV,175 HK,175 HK,1.15,GEELY AUTOMOBILE HOLDINGS LT,https://assets.globalxetfs.com/funds/holdings/driv_full-holdings_20260831.csv,GLOBALX
DRIV,1772 HK,1772 HK,1.14,GANFENG LITHIUM GROUP CO L-H,https://assets.globalxetfs.com/funds/holdings/driv_full-holdings_20260831.csv,GLOBALX
DRIV,BIDU,BIDU,1.13,BAIDU INC - SPON ADR,https://assets.globalxetfs.com/funds/holdings/driv_full-holdings_20260831.csv,GLOBALX
DRIV,2015 HK,2015 HK,1.12,LI AUTO INC-CLASS A,https://assets.globalxetfs.com/funds/holdings/driv_full-holdings_20260831.csv,GLOBALX
DRIV,AMBA,AMBA,1.11,AMBARELLA INC,https://assets.globalxetfs.com/funds/holdings/driv_full-holdings_20260831.csv,GLOBALX
DRIV,SITM,SITM,1.1,SITIME CORP,https://assets.globalxetfs.com/funds/holdings/driv_full-holdings_20260831.csv,GLOBALX
DRIV,STLAM IM,STLAM IM,1.1,STELLANTIS NV,https://assets.globalxetfs.com/funds/holdings/driv_full-holdings_20260831.csv,GLOBALX
DRIV,LAC CN,LAC CN,1.1,LITHIUM AMERICAS CORP,https://assets.globalxetfs.com/funds/holdings/driv_full-holdings_20260831.csv,GLOBALX
DRIV,HY,HY,1.09,HYSTER-YALE INC,https://assets.globalxetfs.com/funds/holdings/driv_full-holdings_20260831.csv,GLOBALX
DRIV,ON,ON,1.09,ON SEMICONDUCTOR,https://assets.globalxetfs.com/funds/holdings/driv_full-holdings_20260831.csv,GLOBALX
DRIV,FRVIA FP,FRVIA FP,1.09,FORVIA,https://assets.globalxetfs.com/funds/holdings/driv_full-holdings_20260831.csv,GLOBALX
DRIV,PLUG,PLUG,1.08,PLUG POWER INC,https://assets.globalxetfs.com/funds/holdings/driv_full-holdings_20260831.csv,GLOBALX
DRIV,VC,VC,1.06,VISTEON CORP,https://assets.globalxetfs.com/funds/holdings/driv_full-holdings_20260831.csv,GLOBALX
DRIV,STMPA FP,STMPA FP,1.05,STMICROELECTRONICS NV,https://assets.globalxetfs.com/funds/holdings/driv_full-holdings_20260831.csv,GLOBALX
DRIV,LAR CN,LAR CN,1.04,LITHIUM ARGENTINA AG,https://assets.globalxetfs.com/funds/holdings/driv_full-holdings_20260831.csv,GLOBALX
DRIV,ENS,ENS,1.04,ENERSYS,https://assets.globalxetfs.com/funds/holdings/driv_full-holdings_20260831.csv,GLOBALX
DRIV,666 HK,666 HK,1.04,REPT BATTERO ENERGY CO LTD-H,https://assets.globalxetfs.com/funds/holdings/driv_full-holdings_20260831.csv,GLOBALX
DRIV,CBT,CBT,1.03,CABOT CORP,https://assets.globalxetfs.com/funds/holdings/driv_full-holdings_20260831.csv,GLOBALX
DRIV,6285 TT,6285 TT,1.02,WNC CORP,https://assets.globalxetfs.com/funds/holdings/driv_full-holdings_20260831.csv,GLOBALX
DRIV,INDI,INDI,1.01,INDIE SEMICONDUCTOR INC-A,https://assets.globalxetfs.com/funds/holdings/driv_full-holdings_20260831.csv,GLOBALX
DRIV,6674 JP,6674 JP,0.99,GS YUASA CORP,https://assets.globalxetfs.com/funds/holdings/driv_full-holdings_20260831.csv,GLOBALX
DRIV,MBLY,MBLY,0.99,MOBILEYE GLOBAL INC-A,https://assets.globalxetfs.com/funds/holdings/driv_full-holdings_20260831.csv,GLOBALX
DRIV,NIO,NIO,0.99,NIO INC - ADR,https://assets.globalxetfs.com/funds/holdings/driv_full-holdings_20260831.csv,GLOBALX
DRIV,9927 HK,9927 HK,0.98,SERES GROUP CO LTD-H,https://assets.globalxetfs.com/funds/holdings/driv_full-holdings_20260831.csv,GLOBALX
DRIV,QS,QS,0.97,QUANTUMSCAPE CORP,https://assets.globalxetfs.com/funds/holdings/driv_full-holdings_20260831.csv,GLOBALX
DRIV,LTR AU,LTR AU,0.96,LIONTOWN LTD,https://assets.globalxetfs.com/funds/holdings/driv_full-holdings_20260831.csv,GLOBALX
DRIV,XPEV,XPEV,0.96,XPENG INC - ADR,https://assets.globalxetfs.com/funds/holdings/driv_full-holdings_20260831.csv,GLOBALX
DRIV,AMPX,AMPX,0.96,AMPRIUS TECHNOLOGIES INC,https://assets.globalxetfs.com/funds/holdings/driv_full-holdings_20260831.csv,GLOBALX
DRIV,2533 HK,2533 HK,0.95,BLACK SESAME INTERNATIONAL H,https://assets.globalxetfs.com/funds/holdings/driv_full-holdings_20260831.csv,GLOBALX
DRIV,AEVA,AEVA,0.92,AEVA TECHNOLOGIES INC,https://assets.globalxetfs.com/funds/holdings/driv_full-holdings_20260831.csv,GLOBALX
DRIV,LCID,LCID,0.89,LUCID GROUP INC,https://assets.globalxetfs.com/funds/holdings/driv_full-holdings_20260831.csv,GLOBALX
DRIV,6526 JP,6526 JP,0.87,SOCIONEXT INC,https://assets.globalxetfs.com/funds/holdings/driv_full-holdings_20260831.csv,GLOBALX
DRIV,2498 HK,2498 HK,0.87,ROBOSENSE TECHNOLOGY CO LTD,https://assets.globalxetfs.com/funds/holdings/driv_full-holdings_20260831.csv,GLOBALX
DRIV,BB,BB,0.87,BLACKBERRY LTD,https://assets.globalxetfs.com/funds/holdings/driv_full-holdings_20260831.csv,GLOBALX
DRIV,ALGM,ALGM,0.82,ALLEGRO MICROSYSTEMS INC,https://assets.globalxetfs.com/funds/holdings/driv_full-holdings_20260831.csv,GLOBALX
DTCR,DLR,DLR,12.75,DIGITAL REALTY TRUST INC,https://assets.globalxetfs.com/funds/holdings/dtcr_full-holdings_20260831.csv,GLOBALX
DTCR,AMT,AMT,12.6,AMERICAN TOWER CORP,https://assets.globalxetfs.com/funds/holdings/dtcr_full-holdings_20260831.csv,GLOBALX
DTCR,EQIX,EQIX,12.38,EQUINIX INC,https://assets.globalxetfs.com/funds/holdings/dtcr_full-holdings_20260831.csv,GLOBALX
DTCR,CCI,CCI,8.69,CROWN CASTLE INC,https://assets.globalxetfs.com/funds/holdings/dtcr_full-holdings_20260831.csv,GLOBALX
DTCR,NXT AU,NXT AU,4.64,NEXTDC LTD,https://assets.globalxetfs.com/funds/holdings/dtcr_full-holdings_20260831.csv,GLOBALX
DTCR,SBAC,SBAC,4.6,SBA COMMUNICATIONS CORP,https://assets.globalxetfs.com/funds/holdings/dtcr_full-holdings_20260831.csv,GLOBALX
DTCR,KDCREIT SP,KDCREIT SP,4.38,KEPPEL DC REIT,https://assets.globalxetfs.com/funds/holdings/dtcr_full-holdings_20260831.csv,GLOBALX
DTCR,GDS,GDS,4.33,GDS HOLDINGS LTD - ADR,https://assets.globalxetfs.com/funds/holdings/dtcr_full-holdings_20260831.csv,GLOBALX
DTCR,APLD,APLD,3.97,APPLIED DIGITAL CORP,https://assets.globalxetfs.com/funds/holdings/dtcr_full-holdings_20260831.csv,GLOBALX
DTCR,UNIT,UNIT,3.53,UNITI GROUP INC,https://assets.globalxetfs.com/funds/holdings/dtcr_full-holdings_20260831.csv,GLOBALX
DTCR,SMCI,SMCI,2.79,SUPER MICRO COMPUTER INC,https://assets.globalxetfs.com/funds/holdings/dtcr_full-holdings_20260831.csv,GLOBALX
DTCR,VNET,VNET,2.55,VNET GROUP INCORPORATION,https://assets.globalxetfs.com/funds/holdings/dtcr_full-holdings_20260831.csv,GLOBALX
DTCR,788 HK,788 HK,2.25,CHINA TOWER CORP LTD-H,https://assets.globalxetfs.com/funds/holdings/dtcr_full-holdings_20260831.csv,GLOBALX
DTCR,HPE,HPE,2.22,HEWLETT PACKARD ENTERPRISE,https://assets.globalxetfs.com/funds/holdings/dtcr_full-holdings_20260831.csv,GLOBALX
DTCR,MU,MU,2.14,MICRON TECHNOLOGY INC,https://assets.globalxetfs.com/funds/holdings/dtcr_full-holdings_20260831.csv,GLOBALX
DTCR,NVDA,NVDA,2.09,NVIDIA CORP,https://assets.globalxetfs.com/funds/holdings/dtcr_full-holdings_20260831.csv,GLOBALX
DTCR,MRVL,MRVL,2.07,MARVELL TECHNOLOGY INC,https://assets.globalxetfs.com/funds/holdings/dtcr_full-holdings_20260831.csv,GLOBALX
DTCR,2330 TT,2330 TT,2.02,TAIWAN SEMICONDUCTOR MANUFAC,https://assets.globalxetfs.com/funds/holdings/dtcr_full-holdings_20260831.csv,GLOBALX
DTCR,AVGO,AVGO,1.89,BROADCOM INC,https://assets.globalxetfs.com/funds/holdings/dtcr_full-holdings_20260831.csv,GLOBALX
DTCR,AMD,AMD,1.79,ADVANCED MICRO DEVICES,https://assets.globalxetfs.com/funds/holdings/dtcr_full-holdings_20260831.csv,GLOBALX
DTCR,000660 KS,000660 KS,1.76,SK HYNIX INC,https://assets.globalxetfs.com/funds/holdings/dtcr_full-holdings_20260831.csv,GLOBALX
DTCR,INTC,INTC,1.75,INTEL CORP,https://assets.globalxetfs.com/funds/holdings/dtcr_full-holdings_20260831.csv,GLOBALX
DTCR,MCHP,MCHP,1.72,MICROCHIP TECHNOLOGY INC,https://assets.globalxetfs.com/funds/holdings/dtcr_full-holdings_20260831.csv,GLOBALX
DTCR,1686 HK,1686 HK,0.58,SUNEVISION HOLDINGS,https://assets.globalxetfs.com/funds/holdings/dtcr_full-holdings_20260831.csv,GLOBALX
DTCR,WYFI,WYFI,0.28,WHITEFIBER INC,https://assets.globalxetfs.com/funds/holdings/dtcr_full-holdings_20260831.csv,GLOBALX
GNOM,MRNA,MRNA,7.5,MODERNA INC,https://assets.globalxetfs.com/funds/holdings/gnom_full-holdings_20260831.csv,GLOBALX
GNOM,TWST,TWST,6.34,TWIST BIOSCIENCE CORP,https://assets.globalxetfs.com/funds/holdings/gnom_full-holdings_20260831.csv,GLOBALX
GNOM,TXG,TXG,5.48,10X GENOMICS INC-CLASS A,https://assets.globalxetfs.com/funds/holdings/gnom_full-holdings_20260831.csv,GLOBALX
GNOM,GH,GH,5.28,GUARDANT HEALTH INC,https://assets.globalxetfs.com/funds/holdings/gnom_full-holdings_20260831.csv,GLOBALX
GNOM,ILMN,ILMN,4.87,ILLUMINA INC,https://assets.globalxetfs.com/funds/holdings/gnom_full-holdings_20260831.csv,GLOBALX
GNOM,NTRA,NTRA,4.61,NATERA INC,https://assets.globalxetfs.com/funds/holdings/gnom_full-holdings_20260831.csv,GLOBALX
GNOM,1548 HK,1548 HK,3.81,GENSCRIPT BIOTECH CORP,https://assets.globalxetfs.com/funds/holdings/gnom_full-holdings_20260831.csv,GLOBALX
GNOM,VRTX,VRTX,3.7,VERTEX PHARMACEUTICALS INC,https://assets.globalxetfs.com/funds/holdings/gnom_full-holdings_20260831.csv,GLOBALX
GNOM,TECH,TECH,3.67,BIO-TECHNE CORP,https://assets.globalxetfs.com/funds/holdings/gnom_full-holdings_20260831.csv,GLOBALX
GNOM,BMRN,BMRN,3.58,BIOMARIN PHARMACEUTICAL INC,https://assets.globalxetfs.com/funds/holdings/gnom_full-holdings_20260831.csv,GLOBALX
GNOM,ARWR,ARWR,3.31,ARROWHEAD PHARMACEUTICALS IN,https://assets.globalxetfs.com/funds/holdings/gnom_full-holdings_20260831.csv,GLOBALX
GNOM,QGEN,QGEN,3.22,QIAGEN N.V.,https://assets.globalxetfs.com/funds/holdings/gnom_full-holdings_20260831.csv,GLOBALX
GNOM,PRAX,PRAX,3.09,PRAXIS PRECISION MEDICINES I,https://assets.globalxetfs.com/funds/holdings/gnom_full-holdings_20260831.csv,GLOBALX
GNOM,CRSP,CRSP,3.0,CRISPR THERAPEUTICS AG,https://assets.globalxetfs.com/funds/holdings/gnom_full-holdings_20260831.csv,GLOBALX
GNOM,BNTX,BNTX,2.78,BIONTECH SE-ADR,https://assets.globalxetfs.com/funds/holdings/gnom_full-holdings_20260831.csv,GLOBALX
GNOM,VCYT,VCYT,2.61,VERACYTE INC,https://assets.globalxetfs.com/funds/holdings/gnom_full-holdings_20260831.csv,GLOBALX
GNOM,CAI,CAI,2.38,CARIS LIFE SCIENCES INC,https://assets.globalxetfs.com/funds/holdings/gnom_full-holdings_20260831.csv,GLOBALX
GNOM,LEGN,LEGN,2.38,LEGEND BIOTECH CORP-ADR,https://assets.globalxetfs.com/funds/holdings/gnom_full-holdings_20260831.csv,GLOBALX
GNOM,BEAM,BEAM,2.12,BEAM THERAPEUTICS INC,https://assets.globalxetfs.com/funds/holdings/gnom_full-holdings_20260831.csv,GLOBALX
GNOM,QURE,QURE,2.09,UNIQURE NV,https://assets.globalxetfs.com/funds/holdings/gnom_full-holdings_20260831.csv,GLOBALX
GNOM,LLY,LLY,1.85,ELI LILLY & CO,https://assets.globalxetfs.com/funds/holdings/gnom_full-holdings_20260831.csv,GLOBALX
GNOM,RARE,RARE,1.82,ULTRAGENYX PHARMACEUTICAL IN,https://assets.globalxetfs.com/funds/holdings/gnom_full-holdings_20260831.csv,GLOBALX
GNOM,CDNA,CDNA,1.78,CAREDX INC,https://assets.globalxetfs.com/funds/holdings/gnom_full-holdings_20260831.csv,GLOBALX
GNOM,WGS,WGS,1.69,GENEDX HOLDINGS CORP,https://assets.globalxetfs.com/funds/holdings/gnom_full-holdings_20260831.csv,GLOBALX
GNOM,GILD,GILD,1.64,GILEAD SCIENCES INC,https://assets.globalxetfs.com/funds/holdings/gnom_full-holdings_20260831.csv,GLOBALX
GNOM,SRPT,SRPT,1.63,SAREPTA THERAPEUTICS INC,https://assets.globalxetfs.com/funds/holdings/gnom_full-holdings_20260831.csv,GLOBALX
GNOM,BLLN,BLLN,1.39,BILLIONTOONE INC CL A,https://assets.globalxetfs.com/funds/holdings/gnom_full-holdings_20260831.csv,GLOBALX
GNOM,AZN LN,AZN LN,1.23,ASTRAZENECA PLC,https://assets.globalxetfs.com/funds/holdings/gnom_full-holdings_20260831.csv,GLOBALX
GNOM,STOK,STOK,1.13,STOKE THERAPEUTICS INC,https://assets.globalxetfs.com/funds/holdings/gnom_full-holdings_20260831.csv,GLOBALX
GNOM,NTLA,NTLA,1.11,INTELLIA THERAPEUTICS INC,https://assets.globalxetfs.com/funds/holdings/gnom_full-holdings_20260831.csv,GLOBALX
GNOM,DHR,DHR,1.05,DANAHER CORP,https://assets.globalxetfs.com/funds/holdings/gnom_full-holdings_20260831.csv,GLOBALX
GNOM,BMY,BMY,1.04,BRISTOL-MYERS SQUIBB CO,https://assets.globalxetfs.com/funds/holdings/gnom_full-holdings_20260831.csv,GLOBALX
GNOM,VIR,VIR,0.98,VIR BIOTECHNOLOGY INC,https://assets.globalxetfs.com/funds/holdings/gnom_full-holdings_20260831.csv,GLOBALX
GNOM,PSNL,PSNL,0.89,PERSONALIS INC,https://assets.globalxetfs.com/funds/holdings/gnom_full-holdings_20260831.csv,GLOBALX
GNOM,MRVI,MRVI,0.62,MARAVAI LIFESCIENCES HLDGS-A,https://assets.globalxetfs.com/funds/holdings/gnom_full-holdings_20260831.csv,GLOBALX
GNOM,WVE,WVE,0.59,WAVE LIFE SCIENCES INC,https://assets.globalxetfs.com/funds/holdings/gnom_full-holdings_20260831.csv,GLOBALX
GNOM,RGNX,RGNX,0.34,REGENXBIO INC,https://assets.globalxetfs.com/funds/holdings/gnom_full-holdings_20260831.csv,GLOBALX
GNOM,A,A,0.33,AGILENT TECHNOLOGIES INC,https://assets.globalxetfs.com/funds/holdings/gnom_full-holdings_20260831.csv,GLOBALX
GNOM,BRKR,BRKR,0.33,BRUKER CORP,https://assets.globalxetfs.com/funds/holdings/gnom_full-holdings_20260831.csv,GLOBALX
GNOM,BNTC,BNTC,0.31,BENITEC BIOPHARMA INC,https://assets.globalxetfs.com/funds/holdings/gnom_full-holdings_20260831.csv,GLOBALX
GNOM,RCKT,RCKT,0.3,ROCKET PHARMACEUTICALS INC,https://assets.globalxetfs.com/funds/holdings/gnom_full-holdings_20260831.csv,GLOBALX
GNOM,FLGT,FLGT,0.3,FULGENT GENETICS INC,https://assets.globalxetfs.com/funds/holdings/gnom_full-holdings_20260831.csv,GLOBALX
GNOM,PACB,PACB,0.28,PACIFIC BIOSCIENCES OF CALIF,https://assets.globalxetfs.com/funds/holdings/gnom_full-holdings_20260831.csv,GLOBALX
GNOM,MLAB,MLAB,0.28,MESA LABORATORIES INC,https://assets.globalxetfs.com/funds/holdings/gnom_full-holdings_20260831.csv,GLOBALX
GNOM,PRME,PRME,0.26,PRIME MEDICINE INC,https://assets.globalxetfs.com/funds/holdings/gnom_full-holdings_20260831.csv,GLOBALX
GNOM,DGX,DGX,0.26,QUEST DIAGNOSTICS INC,https://assets.globalxetfs.com/funds/holdings/gnom_full-holdings_20260831.csv,GLOBALX
GNOM,EDIT,EDIT,0.23,EDITAS MEDICINE INC,https://assets.globalxetfs.com/funds/holdings/gnom_full-holdings_20260831.csv,GLOBALX
GNOM,MYGN,MYGN,0.22,MYRIAD GENETICS INC,https://assets.globalxetfs.com/funds/holdings/gnom_full-holdings_20260831.csv,GLOBALX
GNOM,LAB,LAB,0.16,STANDARD BIOTOOLS INC,https://assets.globalxetfs.com/funds/holdings/gnom_full-holdings_20260831.csv,GLOBALX
GNOM,CRBU,CRBU,0.15,CARIBOU BIOSCIENCES INC,https://assets.globalxetfs.com/funds/holdings/gnom_full-holdings_20260831.csv,GLOBALX
HYDR,BE,BE,13.69,BLOOM ENERGY CORP- A,https://assets.globalxetfs.com/funds/holdings/hydr_full-holdings_20260831.csv,GLOBALX
HYDR,336260 KS,336260 KS,10.73,DOOSAN FUEL CELL CO LTD,https://assets.globalxetfs.com/funds/holdings/hydr_full-holdings_20260831.csv,GLOBALX
HYDR,PLUG,PLUG,10.36,PLUG POWER INC,https://assets.globalxetfs.com/funds/holdings/hydr_full-holdings_20260831.csv,GLOBALX
HYDR,CWR LN,CWR LN,7.46,CERES POWER HOLDINGS PLC,https://assets.globalxetfs.com/funds/holdings/hydr_full-holdings_20260831.csv,GLOBALX
HYDR,F3C GR,F3C GR,6.81,SFC ENERGY AG-BR,https://assets.globalxetfs.com/funds/holdings/hydr_full-holdings_20260831.csv,GLOBALX
HYDR,FCEL,FCEL,5.54,FUELCELL ENERGY INC,https://assets.globalxetfs.com/funds/holdings/hydr_full-holdings_20260831.csv,GLOBALX
HYDR,ITM LN,ITM LN,4.51,ITM POWER PLC,https://assets.globalxetfs.com/funds/holdings/hydr_full-holdings_20260831.csv,GLOBALX
HYDR,NEL NO,NEL NO,4.36,NEL ASA,https://assets.globalxetfs.com/funds/holdings/hydr_full-holdings_20260831.csv,GLOBALX
HYDR,BLDP,BLDP,3.53,BALLARD POWER SYSTEMS INC,https://assets.globalxetfs.com/funds/holdings/hydr_full-holdings_20260831.csv,GLOBALX
HYDR,HPOW LN,HPOW LN,3.37,H-POWER PLC,https://assets.globalxetfs.com/funds/holdings/hydr_full-holdings_20260831.csv,GLOBALX
HYDR,APD,APD,3.16,AIR PRODUCTS & CHEMICALS INC,https://assets.globalxetfs.com/funds/holdings/hydr_full-holdings_20260831.csv,GLOBALX
HYDR,7203 JP,7203 JP,3.07,TOYOTA MOTOR CORP,https://assets.globalxetfs.com/funds/holdings/hydr_full-holdings_20260831.csv,GLOBALX
HYDR,126340 KS,126340 KS,3.02,VINA TECH CO LTD,https://assets.globalxetfs.com/funds/holdings/hydr_full-holdings_20260831.csv,GLOBALX
HYDR,PCELL SS,PCELL SS,2.79,POWERCELL SWEDEN AB,https://assets.globalxetfs.com/funds/holdings/hydr_full-holdings_20260831.csv,GLOBALX
HYDR,271940 KS,271940 KS,2.69,ILJIN HYSOLUS CO LTD,https://assets.globalxetfs.com/funds/holdings/hydr_full-holdings_20260831.csv,GLOBALX
HYDR,JMAT LN,JMAT LN,2.49,JOHNSON MATTHEY PLC,https://assets.globalxetfs.com/funds/holdings/hydr_full-holdings_20260831.csv,GLOBALX
HYDR,CMI,CMI,2.45,CUMMINS INC,https://assets.globalxetfs.com/funds/holdings/hydr_full-holdings_20260831.csv,GLOBALX
HYDR,2582 HK,2582 HK,2.16,JIANGSU GUOFU HYDROGEN ENE-H,https://assets.globalxetfs.com/funds/holdings/hydr_full-holdings_20260831.csv,GLOBALX
HYDR,2402 HK,2402 HK,1.8,BEIJING SINOHYTEC CO LTD-H,https://assets.globalxetfs.com/funds/holdings/hydr_full-holdings_20260831.csv,GLOBALX
HYDR,382900 KS,382900 KS,1.53,BUMHAN FUEL CELL CO LTD,https://assets.globalxetfs.com/funds/holdings/hydr_full-holdings_20260831.csv,GLOBALX
HYDR,HY,HY,1.01,HYSTER-YALE INC,https://assets.globalxetfs.com/funds/holdings/hydr_full-holdings_20260831.csv,GLOBALX
HYDR,059090 KS,059090 KS,1.01,MICO LTD,https://assets.globalxetfs.com/funds/holdings/hydr_full-holdings_20260831.csv,GLOBALX
HYDR,2570 HK,2570 HK,0.91,SHANGHAI REFIRE GROUP LTD-H,https://assets.globalxetfs.com/funds/holdings/hydr_full-holdings_20260831.csv,GLOBALX
HYDR,NANO SP,NANO SP,0.61,NANOFILM TECHNOLOGIES INTERN,https://assets.globalxetfs.com/funds/holdings/hydr_full-holdings_20260831.csv,GLOBALX
HYDR,288620 KS,288620 KS,0.35,S-PRISM CO LTD,https://assets.globalxetfs.com/funds/holdings/hydr_full-holdings_20260831.csv,GLOBALX
LIT,2324825D AU,2324825D AU,0.0,ESG MINERALS LTD,https://assets.globalxetfs.com/funds/holdings/lit_full-holdings_20260831.csv,GLOBALX
LIT,RIO,RIO,22.08,RIO TINTO PLC-SPON ADR,https://assets.globalxetfs.com/funds/holdings/lit_full-holdings_20260831.csv,GLOBALX
LIT,6752 JP,6752 JP,6.43,PANASONIC HOLDINGS CORPORATION,https://assets.globalxetfs.com/funds/holdings/lit_full-holdings_20260831.csv,GLOBALX
LIT,002371 C2,002371 C2,6.43,NAURA TECHNOLOGY GROUP CO-A,https://assets.globalxetfs.com/funds/holdings/lit_full-holdings_20260831.csv,GLOBALX
LIT,006400 KS,006400 KS,5.58,SAMSUNG SDI CO LTD,https://assets.globalxetfs.com/funds/holdings/lit_full-holdings_20260831.csv,GLOBALX
LIT,6762 JP,6762 JP,5.19,TDK CORP,https://assets.globalxetfs.com/funds/holdings/lit_full-holdings_20260831.csv,GLOBALX
LIT,ALB,ALB,4.74,ALBEMARLE CORP,https://assets.globalxetfs.com/funds/holdings/lit_full-holdings_20260831.csv,GLOBALX
LIT,TSLA,TSLA,4.06,TESLA INC,https://assets.globalxetfs.com/funds/holdings/lit_full-holdings_20260831.csv,GLOBALX
LIT,373220 KS,373220 KS,3.89,LG ENERGY SOLUTION,https://assets.globalxetfs.com/funds/holdings/lit_full-holdings_20260831.csv,GLOBALX
LIT,300750 C2,300750 C2,3.49,CONTEMPORARY AMPEREX TECHN-A,https://assets.globalxetfs.com/funds/holdings/lit_full-holdings_20260831.csv,GLOBALX
LIT,PLS AU,PLS AU,3.39,PLS GROUP LTD,https://assets.globalxetfs.com/funds/holdings/lit_full-holdings_20260831.csv,GLOBALX
LIT,SQM,SQM,3.36,QUIMICA Y MINERA CHIL-SP ADR,https://assets.globalxetfs.com/funds/holdings/lit_full-holdings_20260831.csv,GLOBALX
LIT,1211 HK,1211 HK,3.3,BYD CO LTD-H,https://assets.globalxetfs.com/funds/holdings/lit_full-holdings_20260831.csv,GLOBALX
LIT,300014 C2,300014 C2,3.14,EVE ENERGY CO LTD-A,https://assets.globalxetfs.com/funds/holdings/lit_full-holdings_20260831.csv,GLOBALX
LIT,002460 C2,002460 C2,2.55,GANFENG LITHIUM GROUP CO L-A,https://assets.globalxetfs.com/funds/holdings/lit_full-holdings_20260831.csv,GLOBALX
LIT,MIN AU,MIN AU,2.35,MINERAL RESOURCES LTD,https://assets.globalxetfs.com/funds/holdings/lit_full-holdings_20260831.csv,GLOBALX
LIT,002466 C2,002466 C2,2.14,TIANQI LITHIUM CORP-A,https://assets.globalxetfs.com/funds/holdings/lit_full-holdings_20260831.csv,GLOBALX
LIT,002709 C2,002709 C2,2.03,GUANGZHOU TINCI MATERIALS -A,https://assets.globalxetfs.com/funds/holdings/lit_full-holdings_20260831.csv,GLOBALX
LIT,ENS,ENS,2.0,ENERSYS,https://assets.globalxetfs.com/funds/holdings/lit_full-holdings_20260831.csv,GLOBALX
LIT,300450 C2,300450 C2,1.55,WUXI LEAD INTELLIGENT EQUI-A,https://assets.globalxetfs.com/funds/holdings/lit_full-holdings_20260831.csv,GLOBALX
LIT,002738 C2,002738 C2,1.42,SINOMINE RESOURCE GROUP CO-A,https://assets.globalxetfs.com/funds/holdings/lit_full-holdings_20260831.csv,GLOBALX
LIT,247540 KS,247540 KS,1.4,ECOPRO BM CO LTD,https://assets.globalxetfs.com/funds/holdings/lit_full-holdings_20260831.csv,GLOBALX
LIT,002812 C2,002812 C2,1.27,YUNNAN ENERGY NEW MATERIAL-A,https://assets.globalxetfs.com/funds/holdings/lit_full-holdings_20260831.csv,GLOBALX
LIT,IGO AU,IGO AU,1.25,IGO LTD,https://assets.globalxetfs.com/funds/holdings/lit_full-holdings_20260831.csv,GLOBALX
LIT,300207 C2,300207 C2,1.02,SUNWODA ELECTRONIC CO LTD-A,https://assets.globalxetfs.com/funds/holdings/lit_full-holdings_20260831.csv,GLOBALX
LIT,603659 C1,603659 C1,0.99,SHANGHAI PUTAILAI NEW ENERGY,https://assets.globalxetfs.com/funds/holdings/lit_full-holdings_20260831.csv,GLOBALX
LIT,066970 KS,066970 KS,0.91,L&F CO LTD,https://assets.globalxetfs.com/funds/holdings/lit_full-holdings_20260831.csv,GLOBALX
LIT,002176 C2,002176 C2,0.56,JIANGXI SPECIAL ELECTRIC -A,https://assets.globalxetfs.com/funds/holdings/lit_full-holdings_20260831.csv,GLOBALX
LIT,LTR AU,LTR AU,0.54,LIONTOWN LTD,https://assets.globalxetfs.com/funds/holdings/lit_full-holdings_20260831.csv,GLOBALX
LIT,AMG NA,AMG NA,0.39,AMG CRITICAL MATERIALS N.V.,https://assets.globalxetfs.com/funds/holdings/lit_full-holdings_20260831.csv,GLOBALX
LIT,LAC CN,LAC CN,0.3,LITHIUM AMERICAS CORP,https://assets.globalxetfs.com/funds/holdings/lit_full-holdings_20260831.csv,GLOBALX
LIT,LAR CN,LAR CN,0.28,LITHIUM ARGENTINA AG,https://assets.globalxetfs.com/funds/holdings/lit_full-holdings_20260831.csv,GLOBALX
LIT,LCID,LCID,0.26,LUCID GROUP INC,https://assets.globalxetfs.com/funds/holdings/lit_full-holdings_20260831.csv,GLOBALX
LIT,ELV AU,ELV AU,0.26,ELEVRA LITHIUM LTD,https://assets.globalxetfs.com/funds/holdings/lit_full-holdings_20260831.csv,GLOBALX
LIT,SGML,SGML,0.21,SIGMA LITHIUM CORP,https://assets.globalxetfs.com/funds/holdings/lit_full-holdings_20260831.csv,GLOBALX
LIT,VUL AU,VUL AU,0.18,VULCAN ENERGY RESOURCES LTD,https://assets.globalxetfs.com/funds/holdings/lit_full-holdings_20260831.csv,GLOBALX
LIT,SLI CN,SLI CN,0.18,STANDARD LITHIUM LTD,https://assets.globalxetfs.com/funds/holdings/lit_full-holdings_20260831.csv,GLOBALX
LIT,PMET CN,PMET CN,0.16,PMET RESOURCES INC,https://assets.globalxetfs.com/funds/holdings/lit_full-holdings_20260831.csv,GLOBALX
LIT,ERA FP,ERA FP,0.13,ERAMET,https://assets.globalxetfs.com/funds/holdings/lit_full-holdings_20260831.csv,GLOBALX
LIT,EUR AU,EUR AU,0.11,EUROPEAN LITHIUM LTD,https://assets.globalxetfs.com/funds/holdings/lit_full-holdings_20260831.csv,GLOBALX
LIT,INR AU,INR AU,0.06,IONEER LTD,https://assets.globalxetfs.com/funds/holdings/lit_full-holdings_20260831.csv,GLOBALX
PAVE,GGG,GGG,0.74,GRACO INC,https://assets.globalxetfs.com/funds/holdings/pave_full-holdings_20260831.csv,GLOBALX
PAVE,CR,CR,0.7,CRANE CO,https://assets.globalxetfs.com/funds/holdings/pave_full-holdings_20260831.csv,GLOBALX
PAVE,RRX,RRX,0.62,REGAL REXNORD CORP,https://assets.globalxetfs.com/funds/holdings/pave_full-holdings_20260831.csv,GLOBALX
PAVE,WMS,WMS,0.61,ADVANCED DRAINAGE SYSTEMS IN,https://assets.globalxetfs.com/funds/holdings/pave_full-holdings_20260831.csv,GLOBALX
PAVE,AYI,AYI,0.59,ACUITY INC,https://assets.globalxetfs.com/funds/holdings/pave_full-holdings_20260831.csv,GLOBALX
PAVE,SPXC,SPXC,0.58,SPX TECHNOLOGIES INC,https://assets.globalxetfs.com/funds/holdings/pave_full-holdings_20260831.csv,GLOBALX
PAVE,PNR,PNR,0.57,PENTAIR PLC,https://assets.globalxetfs.com/funds/holdings/pave_full-holdings_20260831.csv,GLOBALX
PAVE,WLK,WLK,0.57,WESTLAKE CORPORATION,https://assets.globalxetfs.com/funds/holdings/pave_full-holdings_20260831.csv,GLOBALX
PAVE,TTEK,TTEK,0.55,TETRA TECH INC,https://assets.globalxetfs.com/funds/holdings/pave_full-holdings_20260831.csv,GLOBALX
PAVE,VMI,VMI,0.54,VALMONT INDUSTRIES,https://assets.globalxetfs.com/funds/holdings/pave_full-holdings_20260831.csv,GLOBALX
PAVE,DY,DY,0.52,DYCOM INDUSTRIES INC,https://assets.globalxetfs.com/funds/holdings/pave_full-holdings_20260831.csv,GLOBALX
PAVE,ACM,ACM,0.51,AECOM,https://assets.globalxetfs.com/funds/holdings/pave_full-holdings_20260831.csv,GLOBALX
PAVE,FPS,FPS,0.49,FORGENT POWER SOLUTIONS-CL A,https://assets.globalxetfs.com/funds/holdings/pave_full-holdings_20260831.csv,GLOBALX
PAVE,ZWS,ZWS,0.47,ZURN ELKAY WATER SOLUTIONS CORPORATION,https://assets.globalxetfs.com/funds/holdings/pave_full-holdings_20260831.csv,GLOBALX
PAVE,CMC,CMC,0.44,COMMERCIAL METALS CO,https://assets.globalxetfs.com/funds/holdings/pave_full-holdings_20260831.csv,GLOBALX
PAVE,TEX,TEX,0.43,TEREX CORP,https://assets.globalxetfs.com/funds/holdings/pave_full-holdings_20260831.csv,GLOBALX
PAVE,BLDR,BLDR,0.42,BUILDERS FIRSTSOURCE INC,https://assets.globalxetfs.com/funds/holdings/pave_full-holdings_20260831.csv,GLOBALX
PAVE,ACA,ACA,0.42,ARCOSA INC,https://assets.globalxetfs.com/funds/holdings/pave_full-holdings_20260831.csv,GLOBALX
PAVE,ATKR,ATKR,0.4,ATKORE INC,https://assets.globalxetfs.com/funds/holdings/pave_full-holdings_20260831.csv,GLOBALX
PAVE,CLF,CLF,0.39,CLEVELAND-CLIFFS INC,https://assets.globalxetfs.com/funds/holdings/pave_full-holdings_20260831.csv,GLOBALX
PAVE,PLPC,PLPC,0.39,PREFORMED LINE PRODUCTS CO,https://assets.globalxetfs.com/funds/holdings/pave_full-holdings_20260831.csv,GLOBALX
PAVE,POWL,POWL,0.39,POWELL INDUSTRIES INC,https://assets.globalxetfs.com/funds/holdings/pave_full-holdings_20260831.csv,GLOBALX
PAVE,EXPO,EXPO,0.37,EXPONENT INC,https://assets.globalxetfs.com/funds/holdings/pave_full-holdings_20260831.csv,GLOBALX
PAVE,CMCO,CMCO,0.36,COLUMBUS MCKINNON CORP/NY,https://assets.globalxetfs.com/funds/holdings/pave_full-holdings_20260831.csv,GLOBALX
PAVE,EXP,EXP,0.35,EAGLE MATERIALS INC,https://assets.globalxetfs.com/funds/holdings/pave_full-holdings_20260831.csv,GLOBALX
PAVE,AGX,AGX,0.35,ARGAN INC,https://assets.globalxetfs.com/funds/holdings/pave_full-holdings_20260831.csv,GLOBALX
PAVE,DNOW,DNOW,0.35,DNOW INC,https://assets.globalxetfs.com/funds/holdings/pave_full-holdings_20260831.csv,GLOBALX
PAVE,USLM,USLM,0.35,UNITED STATES LIME & MINERAL,https://assets.globalxetfs.com/funds/holdings/pave_full-holdings_20260831.csv,GLOBALX
PAVE,ECG,ECG,0.35,EVERUS CONSTRUCTION GROUP,https://assets.globalxetfs.com/funds/holdings/pave_full-holdings_20260831.csv,GLOBALX
PAVE,BMI,BMI,0.35,BADGER METER INC,https://assets.globalxetfs.com/funds/holdings/pave_full-holdings_20260831.csv,GLOBALX
PAVE,TITN,TITN,0.34,TITAN MACHINERY INC,https://assets.globalxetfs.com/funds/holdings/pave_full-holdings_20260831.csv,GLOBALX
PAVE,DXPE,DXPE,0.34,DXP ENTERPRISES INC,https://assets.globalxetfs.com/funds/holdings/pave_full-holdings_20260831.csv,GLOBALX
PAVE,CSW,CSW,0.34,CSW INDUSTRIALS INC,https://assets.globalxetfs.com/funds/holdings/pave_full-holdings_20260831.csv,GLOBALX
PAVE,CALX,CALX,0.34,CALIX INC,https://assets.globalxetfs.com/funds/holdings/pave_full-holdings_20260831.csv,GLOBALX
PAVE,ROAD,ROAD,0.32,CONSTRUCTION PARTNERS INC-A,https://assets.globalxetfs.com/funds/holdings/pave_full-holdings_20260831.csv,GLOBALX
PAVE,WNC,WNC,0.32,WABASH NATIONAL CORP,https://assets.globalxetfs.com/funds/holdings/pave_full-holdings_20260831.csv,GLOBALX
PAVE,ROCK,ROCK,0.32,GIBRALTAR INDUSTRIES INC,https://assets.globalxetfs.com/funds/holdings/pave_full-holdings_20260831.csv,GLOBALX
PAVE,TPC,TPC,0.32,TUTOR PERINI CORP,https://assets.globalxetfs.com/funds/holdings/pave_full-holdings_20260831.csv,GLOBALX
PAVE,CENX,CENX,0.31,CENTURY ALUMINUM COMPANY,https://assets.globalxetfs.com/funds/holdings/pave_full-holdings_20260831.csv,GLOBALX
PAVE,GVA,GVA,0.31,GRANITE CONSTRUCTION INC,https://assets.globalxetfs.com/funds/holdings/pave_full-holdings_20260831.csv,GLOBALX
PAVE,LPX,LPX,0.31,LOUISIANA-PACIFIC CORP,https://assets.globalxetfs.com/funds/holdings/pave_full-holdings_20260831.csv,GLOBALX
PAVE,MWA,MWA,0.3,MUELLER WATER PRODUCTS INC-A,https://assets.globalxetfs.com/funds/holdings/pave_full-holdings_20260831.csv,GLOBALX
PAVE,MTX,MTX,0.3,MINERALS TECHNOLOGIES INC,https://assets.globalxetfs.com/funds/holdings/pave_full-holdings_20260831.csv,GLOBALX
PAVE,HRI,HRI,0.3,HERC HOLDINGS INC,https://assets.globalxetfs.com/funds/holdings/pave_full-holdings_20260831.csv,GLOBALX
PAVE,GRC,GRC,0.3,GORMAN-RUPP CO,https://assets.globalxetfs.com/funds/holdings/pave_full-holdings_20260831.csv,GLOBALX
PAVE,MTUS,MTUS,0.3,METALLUS INC,https://assets.globalxetfs.com/funds/holdings/pave_full-holdings_20260831.csv,GLOBALX
PAVE,MDU,MDU,0.3,MDU RESOURCES GROUP INC,https://assets.globalxetfs.com/funds/holdings/pave_full-holdings_20260831.csv,GLOBALX
PAVE,IIIN,IIIN,0.29,INSTEEL INDUSTRIES INC,https://assets.globalxetfs.com/funds/holdings/pave_full-holdings_20260831.csv,GLOBALX
PAVE,TTAM,TTAM,0.28,TITAN AMERICA SA,https://assets.globalxetfs.com/funds/holdings/pave_full-holdings_20260831.csv,GLOBALX
PAVE,GBX,GBX,0.28,GREENBRIER COMPANIES INC,https://assets.globalxetfs.com/funds/holdings/pave_full-holdings_20260831.csv,GLOBALX
PAVE,MWH,MWH,0.27,SOLV ENERGY INC-CL A,https://assets.globalxetfs.com/funds/holdings/pave_full-holdings_20260831.csv,GLOBALX
PAVE,MYRG,MYRG,0.27,MYR GROUP INC/DELAWARE,https://assets.globalxetfs.com/funds/holdings/pave_full-holdings_20260831.csv,GLOBALX
PAVE,CTOS,CTOS,0.27,CUSTOM TRUCK ONE SOURCE INC,https://assets.globalxetfs.com/funds/holdings/pave_full-holdings_20260831.csv,GLOBALX
PAVE,RYZ,RYZ,0.27,RYERSON HOLDING CORP,https://assets.globalxetfs.com/funds/holdings/pave_full-holdings_20260831.csv,GLOBALX
PAVE,NWPX,NWPX,0.26,NWPX INFRASTRUCTURE INC,https://assets.globalxetfs.com/funds/holdings/pave_full-holdings_20260831.csv,GLOBALX
PAVE,KNF,KNF,0.26,KNIFE RIVER CORP,https://assets.globalxetfs.com/funds/holdings/pave_full-holdings_20260831.csv,GLOBALX
PAVE,PRIM,PRIM,0.25,PRIMORIS SERVICES CORP,https://assets.globalxetfs.com/funds/holdings/pave_full-holdings_20260831.csv,GLOBALX
PAVE,TRN,TRN,0.25,TRINITY INDUSTRIES INC,https://assets.globalxetfs.com/funds/holdings/pave_full-holdings_20260831.csv,GLOBALX
PAVE,LGN,LGN,0.24,LEGENCE CORP-CL A,https://assets.globalxetfs.com/funds/holdings/pave_full-holdings_20260831.csv,GLOBALX
PAVE,ASTE,ASTE,0.24,ASTEC INDUSTRIES INC,https://assets.globalxetfs.com/funds/holdings/pave_full-holdings_20260831.csv,GLOBALX
PAVE,CTRI,CTRI,0.23,CENTURI HOLDINGS INC,https://assets.globalxetfs.com/funds/holdings/pave_full-holdings_20260831.csv,GLOBALX
PAVE,DE,DE,3.38,DEERE & CO,https://assets.globalxetfs.com/funds/holdings/pave_full-holdings_20260831.csv,GLOBALX
PAVE,FAST,FAST,3.36,FASTENAL CO,https://assets.globalxetfs.com/funds/holdings/pave_full-holdings_20260831.csv,GLOBALX
PAVE,EMR,EMR,3.32,EMERSON ELECTRIC CO,https://assets.globalxetfs.com/funds/holdings/pave_full-holdings_20260831.csv,GLOBALX
PAVE,NUE,NUE,3.26,NUCOR CORP,https://assets.globalxetfs.com/funds/holdings/pave_full-holdings_20260831.csv,GLOBALX
PAVE,PH,PH,3.13,PARKER HANNIFIN CORP,https://assets.globalxetfs.com/funds/holdings/pave_full-holdings_20260831.csv,GLOBALX
PAVE,UNP,UNP,3.11,UNION PACIFIC CORP,https://assets.globalxetfs.com/funds/holdings/pave_full-holdings_20260831.csv,GLOBALX
PAVE,NSC,NSC,3.1,NORFOLK SOUTHERN CORP,https://assets.globalxetfs.com/funds/holdings/pave_full-holdings_20260831.csv,GLOBALX
PAVE,ETN,ETN,3.05,EATON CORP PLC,https://assets.globalxetfs.com/funds/holdings/pave_full-holdings_20260831.csv,GLOBALX
PAVE,CRH,CRH,3.03,CRH PLC,https://assets.globalxetfs.com/funds/holdings/pave_full-holdings_20260831.csv,GLOBALX
PAVE,CSX,CSX,3.01,CSX CORP,https://assets.globalxetfs.com/funds/holdings/pave_full-holdings_20260831.csv,GLOBALX
PAVE,PWR,PWR,2.93,QUANTA SERVICES INC,https://assets.globalxetfs.com/funds/holdings/pave_full-holdings_20260831.csv,GLOBALX
PAVE,TT,TT,2.92,TRANE TECHNOLOGIES PLC,https://assets.globalxetfs.com/funds/holdings/pave_full-holdings_20260831.csv,GLOBALX
PAVE,ROK,ROK,2.9,ROCKWELL AUTOMATION INC,https://assets.globalxetfs.com/funds/holdings/pave_full-holdings_20260831.csv,GLOBALX
PAVE,URI,URI,2.87,UNITED RENTALS INC,https://assets.globalxetfs.com/funds/holdings/pave_full-holdings_20260831.csv,GLOBALX
PAVE,SRE,SRE,2.75,SEMPRA,https://assets.globalxetfs.com/funds/holdings/pave_full-holdings_20260831.csv,GLOBALX
PAVE,HWM,HWM,2.69,HOWMET AEROSPACE INC,https://assets.globalxetfs.com/funds/holdings/pave_full-holdings_20260831.csv,GLOBALX
PAVE,VMC,VMC,2.06,VULCAN MATERIALS CO,https://assets.globalxetfs.com/funds/holdings/pave_full-holdings_20260831.csv,GLOBALX
PAVE,STLD,STLD,1.98,STEEL DYNAMICS INC,https://assets.globalxetfs.com/funds/holdings/pave_full-holdings_20260831.csv,GLOBALX
PAVE,EME,EME,1.93,EMCOR GROUP INC,https://assets.globalxetfs.com/funds/holdings/pave_full-holdings_20260831.csv,GLOBALX
PAVE,MLM,MLM,1.83,MARTIN MARIETTA MATERIALS,https://assets.globalxetfs.com/funds/holdings/pave_full-holdings_20260831.csv,GLOBALX
PAVE,ATI,ATI,1.64,ATI INC,https://assets.globalxetfs.com/funds/holdings/pave_full-holdings_20260831.csv,GLOBALX
PAVE,AMRZ,AMRZ,1.43,AMRIZE LTD,https://assets.globalxetfs.com/funds/holdings/pave_full-holdings_20260831.csv,GLOBALX
PAVE,HUBB,HUBB,1.41,HUBBELL INC,https://assets.globalxetfs.com/funds/holdings/pave_full-holdings_20260831.csv,GLOBALX
PAVE,CRS,CRS,1.4,CARPENTER TECHNOLOGY,https://assets.globalxetfs.com/funds/holdings/pave_full-holdings_20260831.csv,GLOBALX
PAVE,WWD,WWD,1.19,WOODWARD INC,https://assets.globalxetfs.com/funds/holdings/pave_full-holdings_20260831.csv,GLOBALX
PAVE,RS,RS,1.15,RELIANCE INC,https://assets.globalxetfs.com/funds/holdings/pave_full-holdings_20260831.csv,GLOBALX
PAVE,MTZ,MTZ,1.12,MASTEC INC,https://assets.globalxetfs.com/funds/holdings/pave_full-holdings_20260831.csv,GLOBALX
PAVE,FTV,FTV,1.06,FORTIVE CORP,https://assets.globalxetfs.com/funds/holdings/pave_full-holdings_20260831.csv,GLOBALX
PAVE,J,J,1.04,JACOBS SOLUTIONS INC,https://assets.globalxetfs.com/funds/holdings/pave_full-holdings_20260831.csv,GLOBALX
PAVE,IEX,IEX,1.0,IDEX CORP,https://assets.globalxetfs.com/funds/holdings/pave_full-holdings_20260831.csv,GLOBALX
PAVE,WCC,WCC,0.98,WESCO INTERNATIONAL INC,https://assets.globalxetfs.com/funds/holdings/pave_full-holdings_20260831.csv,GLOBALX
PAVE,RBC,RBC,0.92,RBC BEARINGS INC,https://assets.globalxetfs.com/funds/holdings/pave_full-holdings_20260831.csv,GLOBALX
PAVE,LECO,LECO,0.91,LINCOLN ELECTRIC HOLDINGS,https://assets.globalxetfs.com/funds/holdings/pave_full-holdings_20260831.csv,GLOBALX
PAVE,STRL,STRL,0.85,STERLING INFRASTRUCTURE INC,https://assets.globalxetfs.com/funds/holdings/pave_full-holdings_20260831.csv,GLOBALX
PAVE,CSL,CSL,0.83,CARLISLE COS INC,https://assets.globalxetfs.com/funds/holdings/pave_full-holdings_20260831.csv,GLOBALX
PAVE,TRMB,TRMB,0.82,TRIMBLE INC,https://assets.globalxetfs.com/funds/holdings/pave_full-holdings_20260831.csv,GLOBALX
PAVE,MLI,MLI,0.81,MUELLER INDUSTRIES INC,https://assets.globalxetfs.com/funds/holdings/pave_full-holdings_20260831.csv,GLOBALX
PAVE,RPM,RPM,0.78,RPM INTERNATIONAL INC,https://assets.globalxetfs.com/funds/holdings/pave_full-holdings_20260831.csv,GLOBALX
PAVE,AA,AA,0.78,ALCOA CORP,https://assets.globalxetfs.com/funds/holdings/pave_full-holdings_20260831.csv,GLOBALX
SHLD,PLTR,PLTR,10.8,PALANTIR TECHNOLOGIES INC-A,https://assets.globalxetfs.com/funds/holdings/shld_full-holdings_20260831.csv,GLOBALX
SHLD,RTX,RTX,9.31,RTX CORPORATION,https://assets.globalxetfs.com/funds/holdings/shld_full-holdings_20260831.csv,GLOBALX
SHLD,GD,GD,8.59,GENERAL DYNAMICS CORP,https://assets.globalxetfs.com/funds/holdings/shld_full-holdings_20260831.csv,GLOBALX
SHLD,LMT,LMT,8.29,LOCKHEED MARTIN CORP,https://assets.globalxetfs.com/funds/holdings/shld_full-holdings_20260831.csv,GLOBALX
SHLD,NOC,NOC,7.71,NORTHROP GRUMMAN CORP,https://assets.globalxetfs.com/funds/holdings/shld_full-holdings_20260831.csv,GLOBALX
SHLD,BA/ LN,BA/ LN,4.62,BAE SYSTEMS PLC,https://assets.globalxetfs.com/funds/holdings/shld_full-holdings_20260831.csv,GLOBALX
SHLD,RHM GR,RHM GR,4.04,RHEINMETALL AG,https://assets.globalxetfs.com/funds/holdings/shld_full-holdings_20260831.csv,GLOBALX
SHLD,012450 KS,012450 KS,3.81,HANWHA AEROSPACE CO LTD,https://assets.globalxetfs.com/funds/holdings/shld_full-holdings_20260831.csv,GLOBALX
SHLD,LHX,LHX,3.8,L3HARRIS TECHNOLOGIES INC,https://assets.globalxetfs.com/funds/holdings/shld_full-holdings_20260831.csv,GLOBALX
SHLD,HO FP,HO FP,3.72,THALES SA,https://assets.globalxetfs.com/funds/holdings/shld_full-holdings_20260831.csv,GLOBALX
SHLD,SAABB SS,SAABB SS,3.58,SAAB AB-B,https://assets.globalxetfs.com/funds/holdings/shld_full-holdings_20260831.csv,GLOBALX
SHLD,LDO IM,LDO IM,3.54,LEONARDO SPA,https://assets.globalxetfs.com/funds/holdings/shld_full-holdings_20260831.csv,GLOBALX
SHLD,ESLT IT,ESLT IT,2.84,ELBIT SYSTEMS LTD,https://assets.globalxetfs.com/funds/holdings/shld_full-holdings_20260831.csv,GLOBALX
SHLD,LDOS,LDOS,2.56,LEIDOS HOLDINGS INC,https://assets.globalxetfs.com/funds/holdings/shld_full-holdings_20260831.csv,GLOBALX
SHLD,KOG NO,KOG NO,2.05,KONGSBERG GRUPPEN ASA,https://assets.globalxetfs.com/funds/holdings/shld_full-holdings_20260831.csv,GLOBALX
SHLD,BWXT,BWXT,2.03,BWX TECHNOLOGIES INC,https://assets.globalxetfs.com/funds/holdings/shld_full-holdings_20260831.csv,GLOBALX
SHLD,HII,HII,1.67,HUNTINGTON INGALLS INDUSTRIE,https://assets.globalxetfs.com/funds/holdings/shld_full-holdings_20260831.csv,GLOBALX
SHLD,MOG/A,MOG/A,1.52,MOOG INC-CLASS A,https://assets.globalxetfs.com/funds/holdings/shld_full-holdings_20260831.csv,GLOBALX
SHLD,KTOS,KTOS,1.38,KRATOS DEFENSE & SECURITY,https://assets.globalxetfs.com/funds/holdings/shld_full-holdings_20260831.csv,GLOBALX
SHLD,BAB LN,BAB LN,0.97,BABCOCK INTL GROUP PLC,https://assets.globalxetfs.com/funds/holdings/shld_full-holdings_20260831.csv,GLOBALX
SHLD,047810 KS,047810 KS,0.92,KOREA AEROSPACE INDUSTRIES,https://assets.globalxetfs.com/funds/holdings/shld_full-holdings_20260831.csv,GLOBALX
SHLD,079550 KS,079550 KS,0.91,LIG DEFENSE&AEROSPACE CO LTD,https://assets.globalxetfs.com/funds/holdings/shld_full-holdings_20260831.csv,GLOBALX
SHLD,HAG GR,HAG GR,0.89,HENSOLDT AG,https://assets.globalxetfs.com/funds/holdings/shld_full-holdings_20260831.csv,GLOBALX
SHLD,AM FP,AM FP,0.83,DASSAULT AVIATION SA,https://assets.globalxetfs.com/funds/holdings/shld_full-holdings_20260831.csv,GLOBALX
SHLD,AVAV,AVAV,0.82,AEROVIRONMENT INC,https://assets.globalxetfs.com/funds/holdings/shld_full-holdings_20260831.csv,GLOBALX
SHLD,PL,PL,0.8,PLANET LABS PBC,https://assets.globalxetfs.com/funds/holdings/shld_full-holdings_20260831.csv,GLOBALX
SHLD,MRCY,MRCY,0.76,MERCURY SYSTEMS INC,https://assets.globalxetfs.com/funds/holdings/shld_full-holdings_20260831.csv,GLOBALX
SHLD,PSN,PSN,0.75,PARSONS CORP,https://assets.globalxetfs.com/funds/holdings/shld_full-holdings_20260831.csv,GLOBALX
SHLD,ASELS TI,ASELS TI,0.65,ASELSAN ELEKTRONIK SANAYI,https://assets.globalxetfs.com/funds/holdings/shld_full-holdings_20260831.csv,GLOBALX
SHLD,AMTM,AMTM,0.58,AMENTUM HOLDINGS INC,https://assets.globalxetfs.com/funds/holdings/shld_full-holdings_20260831.csv,GLOBALX
SHLD,272210 KS,272210 KS,0.58,HANWHA SYSTEMS CO LTD,https://assets.globalxetfs.com/funds/holdings/shld_full-holdings_20260831.csv,GLOBALX
SHLD,KRMN,KRMN,0.56,KARMAN HOLDINGS INC,https://assets.globalxetfs.com/funds/holdings/shld_full-holdings_20260831.csv,GLOBALX
SHLD,OSIS,OSIS,0.47,OSI SYSTEMS INC,https://assets.globalxetfs.com/funds/holdings/shld_full-holdings_20260831.csv,GLOBALX
SHLD,CSG NA,CSG NA,0.47,CSG NV,https://assets.globalxetfs.com/funds/holdings/shld_full-holdings_20260831.csv,GLOBALX
SHLD,QQ/ LN,QQ/ LN,0.37,QINETIQ GROUP PLC,https://assets.globalxetfs.com/funds/holdings/shld_full-holdings_20260831.csv,GLOBALX
SHLD,TKMS GR,TKMS GR,0.37,TKMS AG& CO KGAA,https://assets.globalxetfs.com/funds/holdings/shld_full-holdings_20260831.csv,GLOBALX
SHLD,CHG LN,CHG LN,0.28,CHEMRING GROUP PLC,https://assets.globalxetfs.com/funds/holdings/shld_full-holdings_20260831.csv,GLOBALX
SHLD,VOYG,VOYG,0.25,VOYAGER TECHNOLOGIES INC-A,https://assets.globalxetfs.com/funds/holdings/shld_full-holdings_20260831.csv,GLOBALX
SHLD,BBAI,BBAI,0.22,BIGBEAR.AI HOLDINGS INC,https://assets.globalxetfs.com/funds/holdings/shld_full-holdings_20260831.csv,GLOBALX
SHLD,EXA FP,EXA FP,0.19,EXAIL TECHNOLOGIES,https://assets.globalxetfs.com/funds/holdings/shld_full-holdings_20260831.csv,GLOBALX
SHLD,BITTI FH,BITTI FH,0.19,BITTIUM OYJ,https://assets.globalxetfs.com/funds/holdings/shld_full-holdings_20260831.csv,GLOBALX
SHLD,RCAT,RCAT,0.17,RED CAT HOLDINGS INC,https://assets.globalxetfs.com/funds/holdings/shld_full-holdings_20260831.csv,GLOBALX
SHLD,EOS AU,EOS AU,0.16,ELECTRO OPTIC SYSTEMS HOLDIN,https://assets.globalxetfs.com/funds/holdings/shld_full-holdings_20260831.csv,GLOBALX
SHLD,PNG CN,PNG CN,0.16,KRAKEN ROBOTICS INC,https://assets.globalxetfs.com/funds/holdings/shld_full-holdings_20260831.csv,GLOBALX
SHLD,DRO AU,DRO AU,0.16,DRONESHIELD LTD,https://assets.globalxetfs.com/funds/holdings/shld_full-holdings_20260831.csv,GLOBALX
SHLD,YSS,YSS,0.14,YORK SPACE SYSTEMS INC,https://assets.globalxetfs.com/funds/holdings/shld_full-holdings_20260831.csv,GLOBALX
SHLD,BKSY,BKSY,0.1,BLACKSKY TECHNOLOGY INC,https://assets.globalxetfs.com/funds/holdings/shld_full-holdings_20260831.csv,GLOBALX
SHLD,ELS AU,ELS AU,0.1,ELSIGHT LTD,https://assets.globalxetfs.com/funds/holdings/shld_full-holdings_20260831.csv,GLOBALX
SHLD,ASB AU,ASB AU,0.1,AUSTAL LTD,https://assets.globalxetfs.com/funds/holdings/shld_full-holdings_20260831.csv,GLOBALX
SHLD,ARYT IT,ARYT IT,0.05,ARYT INDUSTRIES LTD,https://assets.globalxetfs.com/funds/holdings/shld_full-holdings_20260831.csv,GLOBALX
SIL,WPM,WPM,23.27,WHEATON PRECIOUS METALS CORP,https://assets.globalxetfs.com/funds/holdings/sil_full-holdings_20260831.csv,GLOBALX
SIL,PAAS,PAAS,11.36,PAN AMERICAN SILVER CORP,https://assets.globalxetfs.com/funds/holdings/sil_full-holdings_20260831.csv,GLOBALX
SIL,CDE,CDE,11.09,COEUR MINING INC,https://assets.globalxetfs.com/funds/holdings/sil_full-holdings_20260831.csv,GLOBALX
SIL,HL,HL,4.9,HECLA MINING CO,https://assets.globalxetfs.com/funds/holdings/sil_full-holdings_20260831.csv,GLOBALX
SIL,AG CN,AG CN,4.62,FIRST MAJESTIC SILVER CORP,https://assets.globalxetfs.com/funds/holdings/sil_full-holdings_20260831.csv,GLOBALX
SIL,PE&OLES* MM,PE&OLES* MM,4.52,INDUSTRIAS PENOLES SAB DE CV,https://assets.globalxetfs.com/funds/holdings/sil_full-holdings_20260831.csv,GLOBALX
SIL,SSRM,SSRM,4.25,SSR MINING INC,https://assets.globalxetfs.com/funds/holdings/sil_full-holdings_20260831.csv,GLOBALX
SIL,FRES LN,FRES LN,4.17,FRESNILLO PLC,https://assets.globalxetfs.com/funds/holdings/sil_full-holdings_20260831.csv,GLOBALX
SIL,OR CN,OR CN,3.88,OR ROYALTIES INC,https://assets.globalxetfs.com/funds/holdings/sil_full-holdings_20260831.csv,GLOBALX
SIL,BVN,BVN,3.56,CIA DE MINAS BUENAVENTUR-ADR,https://assets.globalxetfs.com/funds/holdings/sil_full-holdings_20260831.csv,GLOBALX
SIL,DSV CN,DSV CN,3.22,DISCOVERY MINING LTD,https://assets.globalxetfs.com/funds/holdings/sil_full-holdings_20260831.csv,GLOBALX
SIL,010130 KS,010130 KS,2.43,KOREA ZINC CO LTD,https://assets.globalxetfs.com/funds/holdings/sil_full-holdings_20260831.csv,GLOBALX
SIL,AYA CN,AYA CN,2.15,AYA GOLD & SILVER INC,https://assets.globalxetfs.com/funds/holdings/sil_full-holdings_20260831.csv,GLOBALX
SIL,FVI CN,FVI CN,2.07,FORTUNA MINING CORP,https://assets.globalxetfs.com/funds/holdings/sil_full-holdings_20260831.csv,GLOBALX
SIL,EXK,EXK,1.78,ENDEAVOUR SILVER CORP,https://assets.globalxetfs.com/funds/holdings/sil_full-holdings_20260831.csv,GLOBALX
SIL,HOC LN,HOC LN,1.57,HOCHSCHILD MINING PLC,https://assets.globalxetfs.com/funds/holdings/sil_full-holdings_20260831.csv,GLOBALX
SIL,SVM CN,SVM CN,1.48,SILVERCORP METALS INC,https://assets.globalxetfs.com/funds/holdings/sil_full-holdings_20260831.csv,GLOBALX
SIL,TFPM CN,TFPM CN,1.32,TRIPLE FLAG PRECIOUS MET,https://assets.globalxetfs.com/funds/holdings/sil_full-holdings_20260831.csv,GLOBALX
SIL,ABRA CN,ABRA CN,0.9,ABRASILVER RESOURCE CORP,https://assets.globalxetfs.com/funds/holdings/sil_full-holdings_20260831.csv,GLOBALX
SIL,VZLA CN,VZLA CN,0.75,VIZSLA SILVER CORP,https://assets.globalxetfs.com/funds/holdings/sil_full-holdings_20260831.csv,GLOBALX
SIL,GGD CN,GGD CN,0.71,GOGOLD RESOURCES INC,https://assets.globalxetfs.com/funds/holdings/sil_full-holdings_20260831.csv,GLOBALX
SIL,USA CN,USA CN,0.66,AMERICAS GOLD AND SILVER CORP,https://assets.globalxetfs.com/funds/holdings/sil_full-holdings_20260831.csv,GLOBALX
SIL,ASM CN,ASM CN,0.65,AVINO SILVER & GOLD MINES,https://assets.globalxetfs.com/funds/holdings/sil_full-holdings_20260831.csv,GLOBALX
SIL,HYMC,HYMC,0.59,HYCROFT MINING HOLDING CO-A,https://assets.globalxetfs.com/funds/holdings/sil_full-holdings_20260831.csv,GLOBALX
SIL,MUX,MUX,0.58,MCEWEN INC,https://assets.globalxetfs.com/funds/holdings/sil_full-holdings_20260831.csv,GLOBALX
SIL,KCN AU,KCN AU,0.54,KINGSGATE CONSOLIDATED LTD,https://assets.globalxetfs.com/funds/holdings/sil_full-holdings_20260831.csv,GLOBALX
SIL,SCZ CN,SCZ CN,0.45,SANTACRUZ SILVER MINING LTD,https://assets.globalxetfs.com/funds/holdings/sil_full-holdings_20260831.csv,GLOBALX
SIL,HSLV CN,HSLV CN,0.43,HIGHLANDER SILVER CORP,https://assets.globalxetfs.com/funds/holdings/sil_full-holdings_20260831.csv,GLOBALX
SIL,NUAG CN,NUAG CN,0.38,NEW PACIFIC METALS CORP,https://assets.globalxetfs.com/funds/holdings/sil_full-holdings_20260831.csv,GLOBALX
SIL,ITR CN,ITR CN,0.3,INTEGRA RESOURCES CORP,https://assets.globalxetfs.com/funds/holdings/sil_full-holdings_20260831.csv,GLOBALX
SIL,SLVR CN,SLVR CN,0.23,SILVER TIGER METALS INC,https://assets.globalxetfs.com/funds/holdings/sil_full-holdings_20260831.csv,GLOBALX
SIL,ASL AU,ASL AU,0.2,ANDEAN SILVER LTD,https://assets.globalxetfs.com/funds/holdings/sil_full-holdings_20260831.csv,GLOBALX
SIL,USL AU,USL AU,0.17,UNICO SILVER LTD,https://assets.globalxetfs.com/funds/holdings/sil_full-holdings_20260831.csv,GLOBALX
SIL,APM CN,APM CN,0.16,ANDEAN PRECIOUS METALS CORP,https://assets.globalxetfs.com/funds/holdings/sil_full-holdings_20260831.csv,GLOBALX
SIL,BRC CN,BRC CN,0.15,BLACKROCK SILVER CORP,https://assets.globalxetfs.com/funds/holdings/sil_full-holdings_20260831.csv,GLOBALX
SIL,GSVR CN,GSVR CN,0.14,GUANAJUATO SILVER CO LTD,https://assets.globalxetfs.com/funds/holdings/sil_full-holdings_20260831.csv,GLOBALX
SIL,SVL AU,SVL AU,0.14,SILVER MINES LTD,https://assets.globalxetfs.com/funds/holdings/sil_full-holdings_20260831.csv,GLOBALX
SIL,SOSI SS,SOSI SS,0.08,SOTKAMO SILVER AB,https://assets.globalxetfs.com/funds/holdings/sil_full-holdings_20260831.csv,GLOBALX
SIL,AAG CN,AAG CN,0.08,AFTERMATH SILVER LTD,https://assets.globalxetfs.com/funds/holdings/sil_full-holdings_20260831.csv,GLOBALX
URA,ASN AU,ASN AU,0.04,ANSON RESOURCES LTD,https://assets.globalxetfs.com/funds/holdings/ura_full-holdings_20260831.csv,GLOBALX
URA,CCO CN,CCO CN,21.96,CAMECO CORP,https://assets.globalxetfs.com/funds/holdings/ura_full-holdings_20260831.csv,GLOBALX
URA,U-U CN,U-U CN,6.42,SPROTT PHYSICAL URANIUM TR,https://assets.globalxetfs.com/funds/holdings/ura_full-holdings_20260831.csv,GLOBALX
URA,NXE CN,NXE CN,6.01,NEXGEN ENERGY LTD,https://assets.globalxetfs.com/funds/holdings/ura_full-holdings_20260831.csv,GLOBALX
URA,OKLO,OKLO,5.51,OKLO INC,https://assets.globalxetfs.com/funds/holdings/ura_full-holdings_20260831.csv,GLOBALX
URA,UEC,UEC,5.3,URANIUM ENERGY CORP,https://assets.globalxetfs.com/funds/holdings/ura_full-holdings_20260831.csv,GLOBALX
URA,KAP LI,KAP LI,4.48,NAC KAZATOMPROM JSC-GDR REGS,https://assets.globalxetfs.com/funds/holdings/ura_full-holdings_20260831.csv,GLOBALX
URA,PDN AU,PDN AU,3.42,PALADIN ENERGY LTD,https://assets.globalxetfs.com/funds/holdings/ura_full-holdings_20260831.csv,GLOBALX
URA,EFR CN,EFR CN,3.37,ENERGY FUELS INC,https://assets.globalxetfs.com/funds/holdings/ura_full-holdings_20260831.csv,GLOBALX
URA,XE,XE,2.96,X-ENERGY INC,https://assets.globalxetfs.com/funds/holdings/ura_full-holdings_20260831.csv,GLOBALX
URA,LEU,LEU,2.9,CENTRUS ENERGY CORP-CLASS A,https://assets.globalxetfs.com/funds/holdings/ura_full-holdings_20260831.csv,GLOBALX
URA,SMR,SMR,2.89,NUSCALE POWER CORP,https://assets.globalxetfs.com/funds/holdings/ura_full-holdings_20260831.csv,GLOBALX
URA,DML CN,DML CN,2.85,DENISON MINES CORP,https://assets.globalxetfs.com/funds/holdings/ura_full-holdings_20260831.csv,GLOBALX
URA,SSW SJ,SSW SJ,2.53,SIBANYE STILLWATER LTD,https://assets.globalxetfs.com/funds/holdings/ura_full-holdings_20260831.csv,GLOBALX
URA,000720 KS,000720 KS,2.28,HYUNDAI ENGINEERING & CONST,https://assets.globalxetfs.com/funds/holdings/ura_full-holdings_20260831.csv,GLOBALX
URA,047040 KS,047040 KS,2.2,DAEWOO ENGINEERING & CONSTR,https://assets.globalxetfs.com/funds/holdings/ura_full-holdings_20260831.csv,GLOBALX
URA,034020 KS,034020 KS,2.17,DOOSAN ENERBILITY CO LTD,https://assets.globalxetfs.com/funds/holdings/ura_full-holdings_20260831.csv,GLOBALX
URA,BHP AU,BHP AU,2.0,BHP GROUP LTD,https://assets.globalxetfs.com/funds/holdings/ura_full-holdings_20260831.csv,GLOBALX
URA,028260 KS,028260 KS,1.99,SAMSUNG C&T CORP,https://assets.globalxetfs.com/funds/holdings/ura_full-holdings_20260831.csv,GLOBALX
URA,8001 JP,8001 JP,1.91,ITOCHU CORP,https://assets.globalxetfs.com/funds/holdings/ura_full-holdings_20260831.csv,GLOBALX
URA,YCA LN,YCA LN,1.86,YELLOW CAKE PLC,https://assets.globalxetfs.com/funds/holdings/ura_full-holdings_20260831.csv,GLOBALX
URA,7011 JP,7011 JP,1.82,MITSUBISHI HEAVY INDUSTRIES,https://assets.globalxetfs.com/funds/holdings/ura_full-holdings_20260831.csv,GLOBALX
URA,006360 KS,006360 KS,1.62,GS ENGINEERING & CONSTRUCT,https://assets.globalxetfs.com/funds/holdings/ura_full-holdings_20260831.csv,GLOBALX
URA,052690 KS,052690 KS,1.47,KEPCO ENGINEERING & CONSTRUC,https://assets.globalxetfs.com/funds/holdings/ura_full-holdings_20260831.csv,GLOBALX
URA,ARE CN,ARE CN,1.38,AECON GROUP INC,https://assets.globalxetfs.com/funds/holdings/ura_full-holdings_20260831.csv,GLOBALX
URA,1164 HK,1164 HK,1.02,CGN MINING CO LTD,https://assets.globalxetfs.com/funds/holdings/ura_full-holdings_20260831.csv,GLOBALX
URA,DYL AU,DYL AU,0.99,DEEP YELLOW LTD,https://assets.globalxetfs.com/funds/holdings/ura_full-holdings_20260831.csv,GLOBALX
URA,SLX AU,SLX AU,0.78,SILEX SYSTEMS LTD,https://assets.globalxetfs.com/funds/holdings/ura_full-holdings_20260831.csv,GLOBALX
URA,NNE,NNE,0.73,NANO NUCLEAR ENERGY INC,https://assets.globalxetfs.com/funds/holdings/ura_full-holdings_20260831.csv,GLOBALX
URA,BMN AU,BMN AU,0.56,BANNERMAN ENERGY LTD,https://assets.globalxetfs.com/funds/holdings/ura_full-holdings_20260831.csv,GLOBALX
URA,UROY,UROY,0.49,URANIUM ROYALTY CORP,https://assets.globalxetfs.com/funds/holdings/ura_full-holdings_20260831.csv,GLOBALX
URA,URG,URG,0.48,UR-ENERGY INC,https://assets.globalxetfs.com/funds/holdings/ura_full-holdings_20260831.csv,GLOBALX
URA,ISO CN,ISO CN,0.47,ISOENERGY LTD,https://assets.globalxetfs.com/funds/holdings/ura_full-holdings_20260831.csv,GLOBALX
URA,BOE AU,BOE AU,0.37,BOSS ENERGY LTD,https://assets.globalxetfs.com/funds/holdings/ura_full-holdings_20260831.csv,GLOBALX
URA,IMSR,IMSR,0.32,TERRESTRIAL ENERGY INC,https://assets.globalxetfs.com/funds/holdings/ura_full-holdings_20260831.csv,GLOBALX
URA,SASK CN,SASK CN,0.31,ATHA ENERGY CORP,https://assets.globalxetfs.com/funds/holdings/ura_full-holdings_20260831.csv,GLOBALX
URA,LTBR,LTBR,0.24,LIGHTBRIDGE CORP,https://assets.globalxetfs.com/funds/holdings/ura_full-holdings_20260831.csv,GLOBALX
URA,EU CN,EU CN,0.22,ENCORE ENERGY CORP,https://assets.globalxetfs.com/funds/holdings/ura_full-holdings_20260831.csv,GLOBALX
URA,GLO CN,GLO CN,0.18,GLOBAL ATOMIC CORP,https://assets.globalxetfs.com/funds/holdings/ura_full-holdings_20260831.csv,GLOBALX
URA,MGA CN,MGA CN,0.14,MEGA URANIUM LTD,https://assets.globalxetfs.com/funds/holdings/ura_full-holdings_20260831.csv,GLOBALX
URA,BKY SM,BKY SM,0.14,BERKELEY ENERGIA LTD,https://assets.globalxetfs.com/funds/holdings/ura_full-holdings_20260831.csv,GLOBALX
URA,AGE AU,AGE AU,0.12,ALLIGATOR ENERGY LTD,https://assets.globalxetfs.com/funds/holdings/ura_full-holdings_20260831.csv,GLOBALX
URA,NKLR,NKLR,0.11,TERRA INNOVATUM GLOBAL NV,https://assets.globalxetfs.com/funds/holdings/ura_full-holdings_20260831.csv,GLOBALX
URA,NUCL,NUCL,0.1,EAGLE NUCLEAR ENERGY CORP,https://assets.globalxetfs.com/funds/holdings/ura_full-holdings_20260831.csv,GLOBALX
URA,AEU AU,AEU AU,0.1,ATOMIC EAGLE LTD,https://assets.globalxetfs.com/funds/holdings/ura_full-holdings_20260831.csv,GLOBALX
URA,LAM CN,LAM CN,0.09,LARAMIDE RESOURCES,https://assets.globalxetfs.com/funds/holdings/ura_full-holdings_20260831.csv,GLOBALX
URA,LOT AU,LOT AU,0.08,LOTUS RESOURCES LTD,https://assets.globalxetfs.com/funds/holdings/ura_full-holdings_20260831.csv,GLOBALX
URA,EL8 AU,EL8 AU,0.07,ELEVATE URANIUM LTD,https://assets.globalxetfs.com/funds/holdings/ura_full-holdings_20260831.csv,GLOBALX
URA,PEN AU,PEN AU,0.07,PENINSULA ENERGY LTD,https://assets.globalxetfs.com/funds/holdings/ura_full-holdings_20260831.csv,GLOBALX
URA,LI CN,LI CN,0.07,AMERICAN LITHIUM CORP,https://assets.globalxetfs.com/funds/holdings/ura_full-holdings_20260831.csv,GLOBALX
URA,AEE AU,AEE AU,0.07,AURA ENERGY LTD,https://assets.globalxetfs.com/funds/holdings/ura_full-holdings_20260831.csv,GLOBALX
URA,CXU AU,CXU AU,0.07,CAULDRON ENERGY LTD,https://assets.globalxetfs.com/funds/holdings/ura_full-holdings_20260831.csv,GLOBALX
URA,ARN CN,ARN CN,0.07,ASARIAN ENERGY LTD,https://assets.globalxetfs.com/funds/holdings/ura_full-holdings_20260831.csv,GLOBALX
URA,FUU CN,FUU CN,0.06,F3 URANIUM CORP,https://assets.globalxetfs.com/funds/holdings/ura_full-holdings_20260831.csv,GLOBALX
URA,SYH CN,SYH CN,0.06,SKYHARBOUR RESOURCES LTD,https://assets.globalxetfs.com/funds/holdings/ura_full-holdings_20260831.csv,GLOBALX
URA,CVV CN,CVV CN,0.05,CANALASKA URANIUM LTD,https://assets.globalxetfs.com/funds/holdings/ura_full-holdings_20260831.csv,GLOBALX
URA,AEC CN,AEC CN,0.05,ANFIELD ENERGY INC,https://assets.globalxetfs.com/funds/holdings/ura_full-holdings_20260831.csv,GLOBALX
GDX,NEM,NEM,,Newmont Corp,https://www.vaneck.com/us/en/investments/gold-miners-etf-gdx/downloads/holdings/,VANECK
GDX,AEM,AEM,,Agnico Eagle Mines Ltd,https://www.vaneck.com/us/en/investments/gold-miners-etf-gdx/downloads/holdings/,VANECK
GDX,B,B,,Barrick Mining Corp,https://www.vaneck.com/us/en/investments/gold-miners-etf-gdx/downloads/holdings/,VANECK
GDX,WPM,WPM,,Wheaton Precious Metals Corp,https://www.vaneck.com/us/en/investments/gold-miners-etf-gdx/downloads/holdings/,VANECK
GDX,AU,AU,,Anglogold Ashanti Plc,https://www.vaneck.com/us/en/investments/gold-miners-etf-gdx/downloads/holdings/,VANECK
GDX,FNV,FNV,,Franco-Nevada Corp,https://www.vaneck.com/us/en/investments/gold-miners-etf-gdx/downloads/holdings/,VANECK
GDX,KGC,KGC,,Kinross Gold Corp,https://www.vaneck.com/us/en/investments/gold-miners-etf-gdx/downloads/holdings/,VANECK
GDX,GFI,GFI,,Gold Fields Ltd,https://www.vaneck.com/us/en/investments/gold-miners-etf-gdx/downloads/holdings/,VANECK
GDX,PAAS,PAAS,,Pan American Silver Corp,https://www.vaneck.com/us/en/investments/gold-miners-etf-gdx/downloads/holdings/,VANECK
GDX,NST AU,NST AU,,Northern Star Resources Ltd,https://www.vaneck.com/us/en/investments/gold-miners-etf-gdx/downloads/holdings/,VANECK
GDX,CDE,CDE,,Coeur Mining Inc,https://www.vaneck.com/us/en/investments/gold-miners-etf-gdx/downloads/holdings/,VANECK
GDX,RGLD,RGLD,,Royal Gold Inc,https://www.vaneck.com/us/en/investments/gold-miners-etf-gdx/downloads/holdings/,VANECK
GDX,AGI,AGI,,Alamos Gold Inc,https://www.vaneck.com/us/en/investments/gold-miners-etf-gdx/downloads/holdings/,VANECK
GDX,EQX,EQX,,Equinox Gold Corp,https://www.vaneck.com/us/en/investments/gold-miners-etf-gdx/downloads/holdings/,VANECK
GDX,EVN AU,EVN AU,,Evolution Mining Ltd,https://www.vaneck.com/us/en/investments/gold-miners-etf-gdx/downloads/holdings/,VANECK
GDX,EGO,EGO,,Eldorado Gold Corp,https://www.vaneck.com/us/en/investments/gold-miners-etf-gdx/downloads/holdings/,VANECK
GDX,PE&OLES* MF,PE&OLES* MF,,Industrias Penoles Sab De Cv,https://www.vaneck.com/us/en/investments/gold-miners-etf-gdx/downloads/holdings/,VANECK
GDX,HL,HL,,Hecla Mining Co,https://www.vaneck.com/us/en/investments/gold-miners-etf-gdx/downloads/holdings/,VANECK
GDX,IAG,IAG,,Iamgold Corp,https://www.vaneck.com/us/en/investments/gold-miners-etf-gdx/downloads/holdings/,VANECK
GDX,EDV LN,EDV LN,,Endeavour Mining Plc,https://www.vaneck.com/us/en/investments/gold-miners-etf-gdx/downloads/holdings/,VANECK
GDX,AG,AG,,First Majestic Silver Corp,https://www.vaneck.com/us/en/investments/gold-miners-etf-gdx/downloads/holdings/,VANECK
GDX,GMIN CN,GMIN CN,,G Mining Ventures Corp,https://www.vaneck.com/us/en/investments/gold-miners-etf-gdx/downloads/holdings/,VANECK
GDX,FRES LN,FRES LN,,Fresnillo Plc,https://www.vaneck.com/us/en/investments/gold-miners-etf-gdx/downloads/holdings/,VANECK
GDX,HMY,HMY,,Harmony Gold Mining Co Ltd,https://www.vaneck.com/us/en/investments/gold-miners-etf-gdx/downloads/holdings/,VANECK
GDX,2259 HK,2259 HK,,Zijin Gold International Co Ltd,https://www.vaneck.com/us/en/investments/gold-miners-etf-gdx/downloads/holdings/,VANECK
GDX,LUG CN,LUG CN,,Lundin Gold Inc,https://www.vaneck.com/us/en/investments/gold-miners-etf-gdx/downloads/holdings/,VANECK
GDX,DPM CN,DPM CN,,Dundee Precious Metals Inc,https://www.vaneck.com/us/en/investments/gold-miners-etf-gdx/downloads/holdings/,VANECK
GDX,BTG,BTG,,B2gold Corp,https://www.vaneck.com/us/en/investments/gold-miners-etf-gdx/downloads/holdings/,VANECK
GDX,OGC,OGC,,Oceanagold Corp,https://www.vaneck.com/us/en/investments/gold-miners-etf-gdx/downloads/holdings/,VANECK
GDX,DSV CN,DSV CN,,Discovery Silver Corp,https://www.vaneck.com/us/en/investments/gold-miners-etf-gdx/downloads/holdings/,VANECK
GDX,SSRM,SSRM,,Ssr Mining Inc,https://www.vaneck.com/us/en/investments/gold-miners-etf-gdx/downloads/holdings/,VANECK
GDX,BVN,BVN,,Cia De Minas Buenaventura Saa,https://www.vaneck.com/us/en/investments/gold-miners-etf-gdx/downloads/holdings/,VANECK
GDX,1818 HK,1818 HK,,Zhaojin Mining Industry Co Ltd,https://www.vaneck.com/us/en/investments/gold-miners-etf-gdx/downloads/holdings/,VANECK
GDX,PRU AU,PRU AU,,Perseus Mining Ltd,https://www.vaneck.com/us/en/investments/gold-miners-etf-gdx/downloads/holdings/,VANECK
GDX,OR,OR,,Or Royalties Inc,https://www.vaneck.com/us/en/investments/gold-miners-etf-gdx/downloads/holdings/,VANECK
GDX,GMD AU,GMD AU,,Genesis Minerals Ltd,https://www.vaneck.com/us/en/investments/gold-miners-etf-gdx/downloads/holdings/,VANECK
GDX,ARTG CN,ARTG CN,,Artemis Gold Inc,https://www.vaneck.com/us/en/investments/gold-miners-etf-gdx/downloads/holdings/,VANECK
GDX,KNT CN,KNT CN,,K92 Mining Inc,https://www.vaneck.com/us/en/investments/gold-miners-etf-gdx/downloads/holdings/,VANECK
GDX,RMS AU,RMS AU,,Ramelius Resources Ltd,https://www.vaneck.com/us/en/investments/gold-miners-etf-gdx/downloads/holdings/,VANECK
GDX,MAU CN,MAU CN,,Montage Gold Corp,https://www.vaneck.com/us/en/investments/gold-miners-etf-gdx/downloads/holdings/,VANECK
GDX,ARIS,ARIS,,Aris Mining Corp,https://www.vaneck.com/us/en/investments/gold-miners-etf-gdx/downloads/holdings/,VANECK
GDX,GGP AU,GGP AU,,Greatland Resources Ltd,https://www.vaneck.com/us/en/investments/gold-miners-etf-gdx/downloads/holdings/,VANECK
GDX,VAU AU,VAU AU,,Vault Minerals Ltd,https://www.vaneck.com/us/en/investments/gold-miners-etf-gdx/downloads/holdings/,VANECK
GDX,AMMN IJ,AMMN IJ,,Amman Mineral Internasional Pt,https://www.vaneck.com/us/en/investments/gold-miners-etf-gdx/downloads/holdings/,VANECK
GDX,CMM AU,CMM AU,,Capricorn Metals Ltd,https://www.vaneck.com/us/en/investments/gold-miners-etf-gdx/downloads/holdings/,VANECK
GDX,CGAU,CGAU,,Centerra Gold Inc,https://www.vaneck.com/us/en/investments/gold-miners-etf-gdx/downloads/holdings/,VANECK
GDX,AYA CN,AYA CN,,Aya Gold & Silver Inc,https://www.vaneck.com/us/en/investments/gold-miners-etf-gdx/downloads/holdings/,VANECK
GDX,TXG CN,TXG CN,,Torex Gold Resources Inc,https://www.vaneck.com/us/en/investments/gold-miners-etf-gdx/downloads/holdings/,VANECK
GDX,RRL AU,RRL AU,,Regis Resources Ltd,https://www.vaneck.com/us/en/investments/gold-miners-etf-gdx/downloads/holdings/,VANECK
GDX,AUGO,AUGO,,Aura Minerals Inc,https://www.vaneck.com/us/en/investments/gold-miners-etf-gdx/downloads/holdings/,VANECK
GDX,WDO CN,WDO CN,,Wesdome Gold Mines Ltd/Canada,https://www.vaneck.com/us/en/investments/gold-miners-etf-gdx/downloads/holdings/,VANECK
GDX,FSM,FSM,,Fortuna Silver Mines Inc,https://www.vaneck.com/us/en/investments/gold-miners-etf-gdx/downloads/holdings/,VANECK
GDX,SKE,SKE,,Skeena Resources Ltd,https://www.vaneck.com/us/en/investments/gold-miners-etf-gdx/downloads/holdings/,VANECK
GDX,BRMS IJ,BRMS IJ,,Bumi Resources Minerals Tbk Pt,https://www.vaneck.com/us/en/investments/gold-miners-etf-gdx/downloads/holdings/,VANECK
GDX,WGX AU,WGX AU,,Westgold Resources Ltd,https://www.vaneck.com/us/en/investments/gold-miners-etf-gdx/downloads/holdings/,VANECK
GDX,EXK,EXK,,Endeavour Silver Corp,https://www.vaneck.com/us/en/investments/gold-miners-etf-gdx/downloads/holdings/,VANECK
GDX,SA,SA,,Seabridge Gold Inc,https://www.vaneck.com/us/en/investments/gold-miners-etf-gdx/downloads/holdings/,VANECK
GDX,HOC LN,HOC LN,,Hochschild Mining Plc,https://www.vaneck.com/us/en/investments/gold-miners-etf-gdx/downloads/holdings/,VANECK
GDX,SVM,SVM,,Silvercorp Metals Inc,https://www.vaneck.com/us/en/investments/gold-miners-etf-gdx/downloads/holdings/,VANECK
GDX,-USD CASH-,-USD CASH-,,,https://www.vaneck.com/us/en/investments/gold-miners-etf-gdx/downloads/holdings/,VANECK
GDX,-IDR CASH-,-IDR CASH-,,,https://www.vaneck.com/us/en/investments/gold-miners-etf-gdx/downloads/holdings/,VANECK
GDX,-HKD CASH-,-HKD CASH-,,,https://www.vaneck.com/us/en/investments/gold-miners-etf-gdx/downloads/holdings/,VANECK
GDX,-GBP CASH-,-GBP CASH-,,,https://www.vaneck.com/us/en/investments/gold-miners-etf-gdx/downloads/holdings/,VANECK
GDX,-EUR CASH-,-EUR CASH-,,,https://www.vaneck.com/us/en/investments/gold-miners-etf-gdx/downloads/holdings/,VANECK
MOO,BAYN GR,BAYN GR,,Bayer Ag,https://www.vaneck.com/us/en/investments/agribusiness-etf-moo/downloads/holdings/,VANECK
MOO,CTVA,CTVA,,Corteva Inc,https://www.vaneck.com/us/en/investments/agribusiness-etf-moo/downloads/holdings/,VANECK
MOO,DE,DE,,Deere & Co,https://www.vaneck.com/us/en/investments/agribusiness-etf-moo/downloads/holdings/,VANECK
MOO,NTR,NTR,,Nutrien Ltd,https://www.vaneck.com/us/en/investments/agribusiness-etf-moo/downloads/holdings/,VANECK
MOO,ZTS,ZTS,,Zoetis Inc,https://www.vaneck.com/us/en/investments/agribusiness-etf-moo/downloads/holdings/,VANECK
MOO,ADM,ADM,,Archer-Daniels-Midland Co,https://www.vaneck.com/us/en/investments/agribusiness-etf-moo/downloads/holdings/,VANECK
MOO,CF,CF,,Cf Industries Holdings Inc,https://www.vaneck.com/us/en/investments/agribusiness-etf-moo/downloads/holdings/,VANECK
MOO,6326 JP,6326 JP,,Kubota Corp,https://www.vaneck.com/us/en/investments/agribusiness-etf-moo/downloads/holdings/,VANECK
MOO,TSN,TSN,,Tyson Foods Inc,https://www.vaneck.com/us/en/investments/agribusiness-etf-moo/downloads/holdings/,VANECK
MOO,BG,BG,,Bunge Global Sa,https://www.vaneck.com/us/en/investments/agribusiness-etf-moo/downloads/holdings/,VANECK
MOO,MOWI NO,MOWI NO,,Mowi Asa,https://www.vaneck.com/us/en/investments/agribusiness-etf-moo/downloads/holdings/,VANECK
MOO,DAR,DAR,,Darling Ingredients Inc,https://www.vaneck.com/us/en/investments/agribusiness-etf-moo/downloads/holdings/,VANECK
MOO,CNH,CNH,,Cnh Industrial Nv,https://www.vaneck.com/us/en/investments/agribusiness-etf-moo/downloads/holdings/,VANECK
MOO,WIL SP,WIL SP,,Wilmar International Ltd,https://www.vaneck.com/us/en/investments/agribusiness-etf-moo/downloads/holdings/,VANECK
MOO,YAR NO,YAR NO,,Yara International Asa,https://www.vaneck.com/us/en/investments/agribusiness-etf-moo/downloads/holdings/,VANECK
MOO,TTC,TTC,,Toro Co/The,https://www.vaneck.com/us/en/investments/agribusiness-etf-moo/downloads/holdings/,VANECK
MOO,2319 HK,2319 HK,,China Mengniu Dairy Co Ltd,https://www.vaneck.com/us/en/investments/agribusiness-etf-moo/downloads/holdings/,VANECK
MOO,MOS,MOS,,Mosaic Co/The,https://www.vaneck.com/us/en/investments/agribusiness-etf-moo/downloads/holdings/,VANECK
MOO,AGCO,AGCO,,Agco Corp,https://www.vaneck.com/us/en/investments/agribusiness-etf-moo/downloads/holdings/,VANECK
MOO,SALM NO,SALM NO,,Salmar Asa,https://www.vaneck.com/us/en/investments/agribusiness-etf-moo/downloads/holdings/,VANECK
MOO,ELAN,ELAN,,Elanco Animal Health Inc,https://www.vaneck.com/us/en/investments/agribusiness-etf-moo/downloads/holdings/,VANECK
MOO,CPF-R TB,CPF-R TB,,Charoen Pokphand Foods Pcl,https://www.vaneck.com/us/en/investments/agribusiness-etf-moo/downloads/holdings/,VANECK
MOO,RAIL3 BZ,RAIL3 BZ,,Rumo Sa,https://www.vaneck.com/us/en/investments/agribusiness-etf-moo/downloads/holdings/,VANECK
MOO,SDG MK,SDG MK,,Sime Darby Plantation Bhd,https://www.vaneck.com/us/en/investments/agribusiness-etf-moo/downloads/holdings/,VANECK
MOO,SDF GR,SDF GR,,K+s Ag,https://www.vaneck.com/us/en/investments/agribusiness-etf-moo/downloads/holdings/,VANECK
MOO,DNL AU,DNL AU,,Dyno Nobel Ltd,https://www.vaneck.com/us/en/investments/agribusiness-etf-moo/downloads/holdings/,VANECK
MOO,CALM,CALM,,Cal-Maine Foods Inc,https://www.vaneck.com/us/en/investments/agribusiness-etf-moo/downloads/holdings/,VANECK
MOO,ICL,ICL,,Icl Group Ltd,https://www.vaneck.com/us/en/investments/agribusiness-etf-moo/downloads/holdings/,VANECK
MOO,2282 JP,2282 JP,,Nh Foods Ltd,https://www.vaneck.com/us/en/investments/agribusiness-etf-moo/downloads/holdings/,VANECK
MOO,BUCN SW,BUCN SW,,Bucher Industries Ag,https://www.vaneck.com/us/en/investments/agribusiness-etf-moo/downloads/holdings/,VANECK
MOO,TWE AU,TWE AU,,Treasury Wine Estates Ltd,https://www.vaneck.com/us/en/investments/agribusiness-etf-moo/downloads/holdings/,VANECK
MOO,BAKKA NO,BAKKA NO,,Bakkafrost P/F,https://www.vaneck.com/us/en/investments/agribusiness-etf-moo/downloads/holdings/,VANECK
MOO,KLK MK,KLK MK,,Kuala Lumpur Kepong Bhd,https://www.vaneck.com/us/en/investments/agribusiness-etf-moo/downloads/holdings/,VANECK
MOO,NEOG,NEOG,,Neogen Corp,https://www.vaneck.com/us/en/investments/agribusiness-etf-moo/downloads/holdings/,VANECK
MOO,1332 JP,1332 JP,,Nippon Suisan Kaisha Ltd,https://www.vaneck.com/us/en/investments/agribusiness-etf-moo/downloads/holdings/,VANECK
MOO,IOI MK,IOI MK,,Ioi Corp Bhd,https://www.vaneck.com/us/en/investments/agribusiness-etf-moo/downloads/holdings/,VANECK
MOO,GGR SP,GGR SP,,Golden Agri-Resources Ltd,https://www.vaneck.com/us/en/investments/agribusiness-etf-moo/downloads/holdings/,VANECK
MOO,GNS LN,GNS LN,,Genus Plc,https://www.vaneck.com/us/en/investments/agribusiness-etf-moo/downloads/holdings/,VANECK
MOO,SCHO DC,SCHO DC,,Schouw & Co A/S,https://www.vaneck.com/us/en/investments/agribusiness-etf-moo/downloads/holdings/,VANECK
MOO,LSG NO,LSG NO,,Leroy Seafood Group Asa,https://www.vaneck.com/us/en/investments/agribusiness-etf-moo/downloads/holdings/,VANECK
MOO,PPC,PPC,,Pilgrim's Pride Corp,https://www.vaneck.com/us/en/investments/agribusiness-etf-moo/downloads/holdings/,VANECK
MOO,CPIN IJ,CPIN IJ,,Charoen Pokphand Indonesia Tbk Pt,https://www.vaneck.com/us/en/investments/agribusiness-etf-moo/downloads/holdings/,VANECK
MOO,PEP MK,PEP MK,,Ppb Group Bhd,https://www.vaneck.com/us/en/investments/agribusiness-etf-moo/downloads/holdings/,VANECK
MOO,1722 TT,1722 TT,,Taiwan Fertilizer Co Ltd,https://www.vaneck.com/us/en/investments/agribusiness-etf-moo/downloads/holdings/,VANECK
MOO,FMC,FMC,,Fmc Corp,https://www.vaneck.com/us/en/investments/agribusiness-etf-moo/downloads/holdings/,VANECK
MOO,1333 JP,1333 JP,,Maruha Nichiro Corp,https://www.vaneck.com/us/en/investments/agribusiness-etf-moo/downloads/holdings/,VANECK
MOO,PHOR RM,PHOR RM,,Phosagro Pjsc,https://www.vaneck.com/us/en/investments/agribusiness-etf-moo/downloads/holdings/,VANECK
MOO,.PHOR1 RU,.PHOR1 RU,,Private,https://www.vaneck.com/us/en/investments/agribusiness-etf-moo/downloads/holdings/,VANECK
MOO,.PHOR2 RU,.PHOR2 RU,,Private,https://www.vaneck.com/us/en/investments/agribusiness-etf-moo/downloads/holdings/,VANECK
MOO,-USD CASH-,-USD CASH-,,,https://www.vaneck.com/us/en/investments/agribusiness-etf-moo/downloads/holdings/,VANECK
MOO,-SGD CASH-,-SGD CASH-,,,https://www.vaneck.com/us/en/investments/agribusiness-etf-moo/downloads/holdings/,VANECK
MOO,-JPY CASH-,-JPY CASH-,,,https://www.vaneck.com/us/en/investments/agribusiness-etf-moo/downloads/holdings/,VANECK
MOO,-EUR CASH-,-EUR CASH-,,,https://www.vaneck.com/us/en/investments/agribusiness-etf-moo/downloads/holdings/,VANECK
MOO,-BRL CASH-,-BRL CASH-,,,https://www.vaneck.com/us/en/investments/agribusiness-etf-moo/downloads/holdings/,VANECK
MOO,-AUD CASH-,-AUD CASH-,,,https://www.vaneck.com/us/en/investments/agribusiness-etf-moo/downloads/holdings/,VANECK
NLR,CEG,CEG,,Constellation Energy Corp,https://www.vaneck.com/us/en/investments/uranium-nuclear-energy-etf-nlr/downloads/holdings/,VANECK
NLR,CCJ,CCJ,,Cameco Corp,https://www.vaneck.com/us/en/investments/uranium-nuclear-energy-etf-nlr/downloads/holdings/,VANECK
NLR,PEG,PEG,,Public Service Enterprise Group Inc,https://www.vaneck.com/us/en/investments/uranium-nuclear-energy-etf-nlr/downloads/holdings/,VANECK
NLR,FORTUM FH,FORTUM FH,,Fortum Oyj,https://www.vaneck.com/us/en/investments/uranium-nuclear-energy-etf-nlr/downloads/holdings/,VANECK
NLR,UEC,UEC,,Uranium Energy Corp,https://www.vaneck.com/us/en/investments/uranium-nuclear-energy-etf-nlr/downloads/holdings/,VANECK
NLR,PDN AU,PDN AU,,Paladin Energy Ltd,https://www.vaneck.com/us/en/investments/uranium-nuclear-energy-etf-nlr/downloads/holdings/,VANECK
NLR,NXE,NXE,,Nexgen Energy Ltd,https://www.vaneck.com/us/en/investments/uranium-nuclear-energy-etf-nlr/downloads/holdings/,VANECK
NLR,BWXT,BWXT,,Bwx Technologies Inc,https://www.vaneck.com/us/en/investments/uranium-nuclear-energy-etf-nlr/downloads/holdings/,VANECK
NLR,LEU,LEU,,Centrus Energy Corp,https://www.vaneck.com/us/en/investments/uranium-nuclear-energy-etf-nlr/downloads/holdings/,VANECK
NLR,DNN,DNN,,Denison Mines Corp,https://www.vaneck.com/us/en/investments/uranium-nuclear-energy-etf-nlr/downloads/holdings/,VANECK
NLR,UUUU,UUUU,,Energy Fuels Inc/Canada,https://www.vaneck.com/us/en/investments/uranium-nuclear-energy-etf-nlr/downloads/holdings/,VANECK
NLR,KAP LI,KAP LI,,Nac Kazatomprom Jsc,https://www.vaneck.com/us/en/investments/uranium-nuclear-energy-etf-nlr/downloads/holdings/,VANECK
NLR,1816 HK,1816 HK,,Cgn Power Co Ltd,https://www.vaneck.com/us/en/investments/uranium-nuclear-energy-etf-nlr/downloads/holdings/,VANECK
NLR,SMR,SMR,,Nuscale Power Corp,https://www.vaneck.com/us/en/investments/uranium-nuclear-energy-etf-nlr/downloads/holdings/,VANECK
NLR,OKLO,OKLO,,Oklo Inc,https://www.vaneck.com/us/en/investments/uranium-nuclear-energy-etf-nlr/downloads/holdings/,VANECK
NLR,YCA LN,YCA LN,,Yellow Cake Plc,https://www.vaneck.com/us/en/investments/uranium-nuclear-energy-etf-nlr/downloads/holdings/,VANECK
NLR,052690 KS,052690 KS,,Kepco Engineering & Construction Co Inc,https://www.vaneck.com/us/en/investments/uranium-nuclear-energy-etf-nlr/downloads/holdings/,VANECK
NLR,1164 HK,1164 HK,,Cgn Mining Co Ltd,https://www.vaneck.com/us/en/investments/uranium-nuclear-energy-etf-nlr/downloads/holdings/,VANECK
NLR,XE,XE,,X-Energy Inc,https://www.vaneck.com/us/en/investments/uranium-nuclear-energy-etf-nlr/downloads/holdings/,VANECK
NLR,SLX AU,SLX AU,,Silex Systems Ltd,https://www.vaneck.com/us/en/investments/uranium-nuclear-energy-etf-nlr/downloads/holdings/,VANECK
NLR,DYL AU,DYL AU,,Deep Yellow Ltd,https://www.vaneck.com/us/en/investments/uranium-nuclear-energy-etf-nlr/downloads/holdings/,VANECK
NLR,NNE,NNE,,Nano Nuclear Energy Inc,https://www.vaneck.com/us/en/investments/uranium-nuclear-energy-etf-nlr/downloads/holdings/,VANECK
NLR,ISO CN,ISO CN,,Isoenergy Ltd,https://www.vaneck.com/us/en/investments/uranium-nuclear-energy-etf-nlr/downloads/holdings/,VANECK
NLR,URG,URG,,Ur-Energy Inc,https://www.vaneck.com/us/en/investments/uranium-nuclear-energy-etf-nlr/downloads/holdings/,VANECK
NLR,EU,EU,,Encore Energy Corp,https://www.vaneck.com/us/en/investments/uranium-nuclear-energy-etf-nlr/downloads/holdings/,VANECK
NLR,-EUR CASH-,-EUR CASH-,,,https://www.vaneck.com/us/en/investments/uranium-nuclear-energy-etf-nlr/downloads/holdings/,VANECK
NLR,-USD CASH-,-USD CASH-,,,https://www.vaneck.com/us/en/investments/uranium-nuclear-energy-etf-nlr/downloads/holdings/,VANECK
OIH,SLB,SLB,,Schlumberger Nv,https://www.vaneck.com/us/en/investments/oil-services-etf-oih/downloads/holdings/,VANECK
OIH,BKR,BKR,,Baker Hughes Co,https://www.vaneck.com/us/en/investments/oil-services-etf-oih/downloads/holdings/,VANECK
OIH,FTI,FTI,,Technipfmc Plc,https://www.vaneck.com/us/en/investments/oil-services-etf-oih/downloads/holdings/,VANECK
OIH,HAL,HAL,,Halliburton Co,https://www.vaneck.com/us/en/investments/oil-services-etf-oih/downloads/holdings/,VANECK
OIH,TS,TS,,Tenaris Sa,https://www.vaneck.com/us/en/investments/oil-services-etf-oih/downloads/holdings/,VANECK
OIH,RIG,RIG,,Transocean Ltd,https://www.vaneck.com/us/en/investments/oil-services-etf-oih/downloads/holdings/,VANECK
OIH,WFRD,WFRD,,Weatherford International Plc,https://www.vaneck.com/us/en/investments/oil-services-etf-oih/downloads/holdings/,VANECK
OIH,NE,NE,,Noble Corp Plc,https://www.vaneck.com/us/en/investments/oil-services-etf-oih/downloads/holdings/,VANECK
OIH,NOV,NOV,,Nov Inc,https://www.vaneck.com/us/en/investments/oil-services-etf-oih/downloads/holdings/,VANECK
OIH,OII,OII,,Oceaneering International Inc,https://www.vaneck.com/us/en/investments/oil-services-etf-oih/downloads/holdings/,VANECK
OIH,PTEN,PTEN,,Patterson-Uti Energy Inc,https://www.vaneck.com/us/en/investments/oil-services-etf-oih/downloads/holdings/,VANECK
OIH,WHD,WHD,,Cactus Inc,https://www.vaneck.com/us/en/investments/oil-services-etf-oih/downloads/holdings/,VANECK
OIH,VAL,VAL,,Valaris Ltd,https://www.vaneck.com/us/en/investments/oil-services-etf-oih/downloads/holdings/,VANECK
OIH,HP,HP,,Helmerich & Payne Inc,https://www.vaneck.com/us/en/investments/oil-services-etf-oih/downloads/holdings/,VANECK
OIH,SEI,SEI,,Solaris Energy Infrastructure Inc,https://www.vaneck.com/us/en/investments/oil-services-etf-oih/downloads/holdings/,VANECK
OIH,TDW,TDW,,Tidewater Inc,https://www.vaneck.com/us/en/investments/oil-services-etf-oih/downloads/holdings/,VANECK
OIH,LBRT,LBRT,,Liberty Energy Inc,https://www.vaneck.com/us/en/investments/oil-services-etf-oih/downloads/holdings/,VANECK
OIH,WTTR,WTTR,,Select Energy Services Inc,https://www.vaneck.com/us/en/investments/oil-services-etf-oih/downloads/holdings/,VANECK
OIH,NBR,NBR,,Nabors Industries Ltd,https://www.vaneck.com/us/en/investments/oil-services-etf-oih/downloads/holdings/,VANECK
OIH,HLX,HLX,,Helix Energy Solutions Group Inc,https://www.vaneck.com/us/en/investments/oil-services-etf-oih/downloads/holdings/,VANECK
OIH,PUMP,PUMP,,Propetro Holding Corp,https://www.vaneck.com/us/en/investments/oil-services-etf-oih/downloads/holdings/,VANECK
OIH,INVX,INVX,,Dril-Quip Inc,https://www.vaneck.com/us/en/investments/oil-services-etf-oih/downloads/holdings/,VANECK
OIH,XPRO,XPRO,,Expro Group Holdings Nv,https://www.vaneck.com/us/en/investments/oil-services-etf-oih/downloads/holdings/,VANECK
OIH,RES,RES,,Rpc Inc,https://www.vaneck.com/us/en/investments/oil-services-etf-oih/downloads/holdings/,VANECK
OIH,CLB,CLB,,Core Laboratories Inc,https://www.vaneck.com/us/en/investments/oil-services-etf-oih/downloads/holdings/,VANECK
OIH,-USD CASH-,-USD CASH-,,,https://www.vaneck.com/us/en/investments/oil-services-etf-oih/downloads/holdings/,VANECK
PPH,LLY,LLY,,Eli Lilly & Co,https://www.vaneck.com/us/en/investments/pharmaceutical-etf-pph/downloads/holdings/,VANECK
PPH,MRK,MRK,,Merck & Co Inc,https://www.vaneck.com/us/en/investments/pharmaceutical-etf-pph/downloads/holdings/,VANECK
PPH,NVS,NVS,,Novartis Ag,https://www.vaneck.com/us/en/investments/pharmaceutical-etf-pph/downloads/holdings/,VANECK
PPH,PFE,PFE,,Pfizer Inc,https://www.vaneck.com/us/en/investments/pharmaceutical-etf-pph/downloads/holdings/,VANECK
PPH,BMY,BMY,,Bristol-Myers Squibb Co,https://www.vaneck.com/us/en/investments/pharmaceutical-etf-pph/downloads/holdings/,VANECK
PPH,NVO,NVO,,Novo Nordisk A/S,https://www.vaneck.com/us/en/investments/pharmaceutical-etf-pph/downloads/holdings/,VANECK
PPH,MCK,MCK,,Mckesson Corp,https://www.vaneck.com/us/en/investments/pharmaceutical-etf-pph/downloads/holdings/,VANECK
PPH,ABBV,ABBV,,Abbvie Inc,https://www.vaneck.com/us/en/investments/pharmaceutical-etf-pph/downloads/holdings/,VANECK
PPH,JNJ,JNJ,,Johnson & Johnson,https://www.vaneck.com/us/en/investments/pharmaceutical-etf-pph/downloads/holdings/,VANECK
PPH,GSK,GSK,,Gsk Plc,https://www.vaneck.com/us/en/investments/pharmaceutical-etf-pph/downloads/holdings/,VANECK
PPH,SNY,SNY,,Sanofi Sa/France,https://www.vaneck.com/us/en/investments/pharmaceutical-etf-pph/downloads/holdings/,VANECK
PPH,COR,COR,,Cencora Inc,https://www.vaneck.com/us/en/investments/pharmaceutical-etf-pph/downloads/holdings/,VANECK
PPH,AZN,AZN,,Astrazeneca Plc,https://www.vaneck.com/us/en/investments/pharmaceutical-etf-pph/downloads/holdings/,VANECK
PPH,HLN,HLN,,Haleon Plc,https://www.vaneck.com/us/en/investments/pharmaceutical-etf-pph/downloads/holdings/,VANECK
PPH,TEVA,TEVA,,Teva Pharmaceutical Industries Ltd,https://www.vaneck.com/us/en/investments/pharmaceutical-etf-pph/downloads/holdings/,VANECK
PPH,TAK,TAK,,Takeda Pharmaceutical Co Ltd,https://www.vaneck.com/us/en/investments/pharmaceutical-etf-pph/downloads/holdings/,VANECK
PPH,ZTS,ZTS,,Zoetis Inc,https://www.vaneck.com/us/en/investments/pharmaceutical-etf-pph/downloads/holdings/,VANECK
PPH,VTRS,VTRS,,Viatris Inc,https://www.vaneck.com/us/en/investments/pharmaceutical-etf-pph/downloads/holdings/,VANECK
PPH,JAZZ,JAZZ,,Jazz Pharmaceuticals Plc,https://www.vaneck.com/us/en/investments/pharmaceutical-etf-pph/downloads/holdings/,VANECK
PPH,CORT,CORT,,Corcept Therapeutics Inc,https://www.vaneck.com/us/en/investments/pharmaceutical-etf-pph/downloads/holdings/,VANECK
PPH,AXSM,AXSM,,Axsome Therapeutics Inc,https://www.vaneck.com/us/en/investments/pharmaceutical-etf-pph/downloads/holdings/,VANECK
PPH,ELAN,ELAN,,Elanco Animal Health Inc,https://www.vaneck.com/us/en/investments/pharmaceutical-etf-pph/downloads/holdings/,VANECK
PPH,OGN,OGN,,Organon & Co,https://www.vaneck.com/us/en/investments/pharmaceutical-etf-pph/downloads/holdings/,VANECK
PPH,BHC,BHC,,Bausch Health Cos Inc,https://www.vaneck.com/us/en/investments/pharmaceutical-etf-pph/downloads/holdings/,VANECK
PPH,PRGO,PRGO,,Perrigo Co Plc,https://www.vaneck.com/us/en/investments/pharmaceutical-etf-pph/downloads/holdings/,VANECK
PPH,-USD CASH-,-USD CASH-,,,https://www.vaneck.com/us/en/investments/pharmaceutical-etf-pph/downloads/holdings/,VANECK
REMX,PLS AU,PLS AU,,Pilbara Minerals Ltd,https://www.vaneck.com/us/en/investments/rare-earth-strategic-metals-etf-remx/downloads/holdings/,VANECK
REMX,ALB,ALB,,Albemarle Corp,https://www.vaneck.com/us/en/investments/rare-earth-strategic-metals-etf-remx/downloads/holdings/,VANECK
REMX,MP,MP,,Mp Materials Corp,https://www.vaneck.com/us/en/investments/rare-earth-strategic-metals-etf-remx/downloads/holdings/,VANECK
REMX,LYC AU,LYC AU,,Lynas Rare Earths Ltd,https://www.vaneck.com/us/en/investments/rare-earth-strategic-metals-etf-remx/downloads/holdings/,VANECK
REMX,600111 C1,600111 C1,,China Northern Rare Earth Group High-Te,https://www.vaneck.com/us/en/investments/rare-earth-strategic-metals-etf-remx/downloads/holdings/,VANECK
REMX,ALM,ALM,,Almonty Industries Inc,https://www.vaneck.com/us/en/investments/rare-earth-strategic-metals-etf-remx/downloads/holdings/,VANECK
REMX,SQM,SQM,,Sociedad Quimica Y Minera De Chile Sa,https://www.vaneck.com/us/en/investments/rare-earth-strategic-metals-etf-remx/downloads/holdings/,VANECK
REMX,601958 C1,601958 C1,,Jinduicheng Molybdenum Co Ltd,https://www.vaneck.com/us/en/investments/rare-earth-strategic-metals-etf-remx/downloads/holdings/,VANECK
REMX,600549 C1,600549 C1,,Xiamen Tungsten Co Ltd,https://www.vaneck.com/us/en/investments/rare-earth-strategic-metals-etf-remx/downloads/holdings/,VANECK
REMX,7610 TT,7610 TT,,Lianyou Metals Co Ltd,https://www.vaneck.com/us/en/investments/rare-earth-strategic-metals-etf-remx/downloads/holdings/,VANECK
REMX,ILU AU,ILU AU,,Iluka Resources Ltd,https://www.vaneck.com/us/en/investments/rare-earth-strategic-metals-etf-remx/downloads/holdings/,VANECK
REMX,600392 C1,600392 C1,,Shenghe Resources Holding Co Ltd,https://www.vaneck.com/us/en/investments/rare-earth-strategic-metals-etf-remx/downloads/holdings/,VANECK
REMX,1772 HK,1772 HK,,Ganfeng Lithium Group Co Ltd,https://www.vaneck.com/us/en/investments/rare-earth-strategic-metals-etf-remx/downloads/holdings/,VANECK
REMX,LTR AU,LTR AU,,Liontown Resources Ltd,https://www.vaneck.com/us/en/investments/rare-earth-strategic-metals-etf-remx/downloads/holdings/,VANECK
REMX,AMG NA,AMG NA,,Amg Critical Materials Nv,https://www.vaneck.com/us/en/investments/rare-earth-strategic-metals-etf-remx/downloads/holdings/,VANECK
REMX,603067 C1,603067 C1,,Hubei Zhenhua Chemical Co Ltd,https://www.vaneck.com/us/en/investments/rare-earth-strategic-metals-etf-remx/downloads/holdings/,VANECK
REMX,603663 C1,603663 C1,,Sanxiang Advanced Materials Co Ltd,https://www.vaneck.com/us/en/investments/rare-earth-strategic-metals-etf-remx/downloads/holdings/,VANECK
REMX,ELVR,ELVR,,Elevra Lithium Ltd,https://www.vaneck.com/us/en/investments/rare-earth-strategic-metals-etf-remx/downloads/holdings/,VANECK
REMX,LAC,LAC,,Lithium Americas Corp,https://www.vaneck.com/us/en/investments/rare-earth-strategic-metals-etf-remx/downloads/holdings/,VANECK
REMX,LAR,LAR,,Lithium Americas Argentina Corp,https://www.vaneck.com/us/en/investments/rare-earth-strategic-metals-etf-remx/downloads/holdings/,VANECK
REMX,SGML,SGML,,Sigma Lithium Corp,https://www.vaneck.com/us/en/investments/rare-earth-strategic-metals-etf-remx/downloads/holdings/,VANECK
REMX,VUL AU,VUL AU,,Vulcan Energy Resources Ltd,https://www.vaneck.com/us/en/investments/rare-earth-strategic-metals-etf-remx/downloads/holdings/,VANECK
REMX,TROX,TROX,,Tronox Holdings Plc,https://www.vaneck.com/us/en/investments/rare-earth-strategic-metals-etf-remx/downloads/holdings/,VANECK
REMX,600456 C1,600456 C1,,Baoji Titanium Industry Co Ltd,https://www.vaneck.com/us/en/investments/rare-earth-strategic-metals-etf-remx/downloads/holdings/,VANECK
REMX,SLI,SLI,,Standard Lithium Ltd,https://www.vaneck.com/us/en/investments/rare-earth-strategic-metals-etf-remx/downloads/holdings/,VANECK
REMX,UAMY,UAMY,,United States Antimony Corp,https://www.vaneck.com/us/en/investments/rare-earth-strategic-metals-etf-remx/downloads/holdings/,VANECK
REMX,ERA FP,ERA FP,,Eramet Sa,https://www.vaneck.com/us/en/investments/rare-earth-strategic-metals-etf-remx/downloads/holdings/,VANECK
REMX,IPX,IPX,,Iperionx Ltd,https://www.vaneck.com/us/en/investments/rare-earth-strategic-metals-etf-remx/downloads/holdings/,VANECK
REMX,3858 HK,3858 HK,,Jiaxin International Resources Investme,https://www.vaneck.com/us/en/investments/rare-earth-strategic-metals-etf-remx/downloads/holdings/,VANECK
REMX,AVZ AU,AVZ AU,,Avz Minerals Ltd,https://www.vaneck.com/us/en/investments/rare-earth-strategic-metals-etf-remx/downloads/holdings/,VANECK
REMX,-TWD CASH-,-TWD CASH-,,,https://www.vaneck.com/us/en/investments/rare-earth-strategic-metals-etf-remx/downloads/holdings/,VANECK
REMX,-USD CASH-,-USD CASH-,,,https://www.vaneck.com/us/en/investments/rare-earth-strategic-metals-etf-remx/downloads/holdings/,VANECK
REMX,-HKD CASH-,-HKD CASH-,,,https://www.vaneck.com/us/en/investments/rare-earth-strategic-metals-etf-remx/downloads/holdings/,VANECK
REMX,-AUD CASH-,-AUD CASH-,,,https://www.vaneck.com/us/en/investments/rare-earth-strategic-metals-etf-remx/downloads/holdings/,VANECK
REMX,-CNY CASH-,-CNY CASH-,,,https://www.vaneck.com/us/en/investments/rare-earth-strategic-metals-etf-remx/downloads/holdings/,VANECK
SLX,BHP,BHP,,Bhp Group Ltd,https://www.vaneck.com/us/en/investments/steel-etf-slx/downloads/holdings/,VANECK
SLX,RIO,RIO,,Rio Tinto Plc,https://www.vaneck.com/us/en/investments/steel-etf-slx/downloads/holdings/,VANECK
SLX,VALE,VALE,,Vale Sa,https://www.vaneck.com/us/en/investments/steel-etf-slx/downloads/holdings/,VANECK
SLX,NUE,NUE,,Nucor Corp,https://www.vaneck.com/us/en/investments/steel-etf-slx/downloads/holdings/,VANECK
SLX,MT,MT,,Arcelormittal Sa,https://www.vaneck.com/us/en/investments/steel-etf-slx/downloads/holdings/,VANECK
SLX,5401 JP,5401 JP,,Nippon Steel Corp,https://www.vaneck.com/us/en/investments/steel-etf-slx/downloads/holdings/,VANECK
SLX,STLD,STLD,,Steel Dynamics Inc,https://www.vaneck.com/us/en/investments/steel-etf-slx/downloads/holdings/,VANECK
SLX,RIO AU,RIO AU,,Rio Tinto Ltd,https://www.vaneck.com/us/en/investments/steel-etf-slx/downloads/holdings/,VANECK
SLX,PKX,PKX,,Posco Holdings Inc,https://www.vaneck.com/us/en/investments/steel-etf-slx/downloads/holdings/,VANECK
SLX,RS,RS,,Reliance Steel & Aluminum Co,https://www.vaneck.com/us/en/investments/steel-etf-slx/downloads/holdings/,VANECK
SLX,FMG AU,FMG AU,,Fortescue Metals Group Ltd,https://www.vaneck.com/us/en/investments/steel-etf-slx/downloads/holdings/,VANECK
SLX,TS,TS,,Tenaris Sa,https://www.vaneck.com/us/en/investments/steel-etf-slx/downloads/holdings/,VANECK
SLX,2002 TT,2002 TT,,China Steel Corp,https://www.vaneck.com/us/en/investments/steel-etf-slx/downloads/holdings/,VANECK
SLX,SSABB SS,SSABB SS,,Ssab Ab,https://www.vaneck.com/us/en/investments/steel-etf-slx/downloads/holdings/,VANECK
SLX,5411 JP,5411 JP,,Jfe Holdings Inc,https://www.vaneck.com/us/en/investments/steel-etf-slx/downloads/holdings/,VANECK
SLX,BSL AU,BSL AU,,Bluescope Steel Ltd,https://www.vaneck.com/us/en/investments/steel-etf-slx/downloads/holdings/,VANECK
SLX,VOE AV,VOE AV,,Voestalpine Ag,https://www.vaneck.com/us/en/investments/steel-etf-slx/downloads/holdings/,VANECK
SLX,GGB,GGB,,Gerdau Sa,https://www.vaneck.com/us/en/investments/steel-etf-slx/downloads/holdings/,VANECK
SLX,MIN AU,MIN AU,,Mineral Resources Ltd,https://www.vaneck.com/us/en/investments/steel-etf-slx/downloads/holdings/,VANECK
SLX,CLF,CLF,,Cleveland-Cliffs Inc,https://www.vaneck.com/us/en/investments/steel-etf-slx/downloads/holdings/,VANECK
SLX,CMC,CMC,,Commercial Metals Co,https://www.vaneck.com/us/en/investments/steel-etf-slx/downloads/holdings/,VANECK
SLX,ACX SM,ACX SM,,Acerinox Sa,https://www.vaneck.com/us/en/investments/steel-etf-slx/downloads/holdings/,VANECK
SLX,2027 TT,2027 TT,,Ta Chen Stainless Pipe,https://www.vaneck.com/us/en/investments/steel-etf-slx/downloads/holdings/,VANECK
SLX,TX,TX,,Ternium Sa,https://www.vaneck.com/us/en/investments/steel-etf-slx/downloads/holdings/,VANECK
SLX,EREGL TI,EREGL TI,,Eregli Demir Ve Celik Fabrikalari Tas,https://www.vaneck.com/us/en/investments/steel-etf-slx/downloads/holdings/,VANECK
SLX,RUS CN,RUS CN,,Russel Metals Inc,https://www.vaneck.com/us/en/investments/steel-etf-slx/downloads/holdings/,VANECK
SLX,OUT1V FH,OUT1V FH,,Outokumpu Oyj,https://www.vaneck.com/us/en/investments/steel-etf-slx/downloads/holdings/,VANECK
SLX,5444 JP,5444 JP,,Yamato Kogyo Co Ltd,https://www.vaneck.com/us/en/investments/steel-etf-slx/downloads/holdings/,VANECK
SLX,APAM NA,APAM NA,,Aperam Sa,https://www.vaneck.com/us/en/investments/steel-etf-slx/downloads/holdings/,VANECK
SLX,SGM AU,SGM AU,,Sims Ltd,https://www.vaneck.com/us/en/investments/steel-etf-slx/downloads/holdings/,VANECK
SLX,5463 JP,5463 JP,,Maruichi Steel Tube Ltd,https://www.vaneck.com/us/en/investments/steel-etf-slx/downloads/holdings/,VANECK
SLX,004020 KS,004020 KS,,Hyundai Steel Co,https://www.vaneck.com/us/en/investments/steel-etf-slx/downloads/holdings/,VANECK
SLX,8078 JP,8078 JP,,Hanwa Co Ltd,https://www.vaneck.com/us/en/investments/steel-etf-slx/downloads/holdings/,VANECK
SLX,LIF CN,LIF CN,,Labrador Iron Ore Royalty Corp,https://www.vaneck.com/us/en/investments/steel-etf-slx/downloads/holdings/,VANECK
SLX,2015 TT,2015 TT,,Feng Hsin Steel Co Ltd,https://www.vaneck.com/us/en/investments/steel-etf-slx/downloads/holdings/,VANECK
SLX,WS,WS,,Worthington Steel Inc,https://www.vaneck.com/us/en/investments/steel-etf-slx/downloads/holdings/,VANECK
SLX,VSVS LN,VSVS LN,,Vesuvius Plc,https://www.vaneck.com/us/en/investments/steel-etf-slx/downloads/holdings/,VANECK
SLX,KIO SJ,KIO SJ,,Kumba Iron Ore Ltd,https://www.vaneck.com/us/en/investments/steel-etf-slx/downloads/holdings/,VANECK
SLX,SID,SID,,Cia Siderurgica Nacional Sa,https://www.vaneck.com/us/en/investments/steel-etf-slx/downloads/holdings/,VANECK
SLX,-USD CASH-,-USD CASH-,,,https://www.vaneck.com/us/en/investments/steel-etf-slx/downloads/holdings/,VANECK
SLX,-KRW CASH-,-KRW CASH-,,,https://www.vaneck.com/us/en/investments/steel-etf-slx/downloads/holdings/,VANECK
SLX,-EUR CASH-,-EUR CASH-,,,https://www.vaneck.com/us/en/investments/steel-etf-slx/downloads/holdings/,VANECK
SMH,NVDA,NVDA,,Nvidia Corp,https://www.vaneck.com/us/en/investments/semiconductor-etf-smh/downloads/holdings/,VANECK
SMH,TSM,TSM,,Taiwan Semiconductor Manufacturing Co L,https://www.vaneck.com/us/en/investments/semiconductor-etf-smh/downloads/holdings/,VANECK
SMH,AVGO,AVGO,,Broadcom Inc,https://www.vaneck.com/us/en/investments/semiconductor-etf-smh/downloads/holdings/,VANECK
SMH,MU,MU,,Micron Technology Inc,https://www.vaneck.com/us/en/investments/semiconductor-etf-smh/downloads/holdings/,VANECK
SMH,AMD,AMD,,Advanced Micro Devices Inc,https://www.vaneck.com/us/en/investments/semiconductor-etf-smh/downloads/holdings/,VANECK
SMH,ASML,ASML,,Asml Holding Nv,https://www.vaneck.com/us/en/investments/semiconductor-etf-smh/downloads/holdings/,VANECK
SMH,LRCX,LRCX,,Lam Research Corp,https://www.vaneck.com/us/en/investments/semiconductor-etf-smh/downloads/holdings/,VANECK
SMH,AMAT,AMAT,,Applied Materials Inc,https://www.vaneck.com/us/en/investments/semiconductor-etf-smh/downloads/holdings/,VANECK
SMH,ADI,ADI,,Analog Devices Inc,https://www.vaneck.com/us/en/investments/semiconductor-etf-smh/downloads/holdings/,VANECK
SMH,TXN,TXN,,Texas Instruments Inc,https://www.vaneck.com/us/en/investments/semiconductor-etf-smh/downloads/holdings/,VANECK
SMH,MRVL,MRVL,,Marvell Technology Inc,https://www.vaneck.com/us/en/investments/semiconductor-etf-smh/downloads/holdings/,VANECK
SMH,QCOM,QCOM,,Qualcomm Inc,https://www.vaneck.com/us/en/investments/semiconductor-etf-smh/downloads/holdings/,VANECK
SMH,INTC,INTC,,Intel Corp,https://www.vaneck.com/us/en/investments/semiconductor-etf-smh/downloads/holdings/,VANECK
SMH,KLAC,KLAC,,Kla Corp,https://www.vaneck.com/us/en/investments/semiconductor-etf-smh/downloads/holdings/,VANECK
SMH,CDNS,CDNS,,Cadence Design Systems Inc,https://www.vaneck.com/us/en/investments/semiconductor-etf-smh/downloads/holdings/,VANECK
SMH,SNPS,SNPS,,Synopsys Inc,https://www.vaneck.com/us/en/investments/semiconductor-etf-smh/downloads/holdings/,VANECK
SMH,MPWR,MPWR,,Monolithic Power Systems Inc,https://www.vaneck.com/us/en/investments/semiconductor-etf-smh/downloads/holdings/,VANECK
SMH,TER,TER,,Teradyne Inc,https://www.vaneck.com/us/en/investments/semiconductor-etf-smh/downloads/holdings/,VANECK
SMH,NXPI,NXPI,,Nxp Semiconductors Nv,https://www.vaneck.com/us/en/investments/semiconductor-etf-smh/downloads/holdings/,VANECK
SMH,STM,STM,,Stmicroelectronics Nv,https://www.vaneck.com/us/en/investments/semiconductor-etf-smh/downloads/holdings/,VANECK
SMH,ARM,ARM,,Arm Holdings Plc,https://www.vaneck.com/us/en/investments/semiconductor-etf-smh/downloads/holdings/,VANECK
SMH,ALAB,ALAB,,Astera Labs Inc,https://www.vaneck.com/us/en/investments/semiconductor-etf-smh/downloads/holdings/,VANECK
SMH,MCHP,MCHP,,Microchip Technology Inc,https://www.vaneck.com/us/en/investments/semiconductor-etf-smh/downloads/holdings/,VANECK
SMH,ON,ON,,On Semiconductor Corp,https://www.vaneck.com/us/en/investments/semiconductor-etf-smh/downloads/holdings/,VANECK
SMH,SWKS,SWKS,,Skyworks Solutions Inc,https://www.vaneck.com/us/en/investments/semiconductor-etf-smh/downloads/holdings/,VANECK
SMH,-USD CASH-,-USD CASH-,,,https://www.vaneck.com/us/en/investments/semiconductor-etf-smh/downloads/holdings/,VANECK
